stock_code,signal_date,close,return_1d,return_5d,return_20d,ma5,ma20,volume_ratio_20d,volatility_20d,breakout_score,signal_label,price_source,source_file
119610,2026-10-02,17140.0,0.1015,0.1903,0.2438,15534.0,14558.5,2.5983,0.0314,5,strong_price_momentum,kis,data/raw/price_119610_20260604_20261002.csv
011930,2026-10-02,19910.0,0.0607,0.1712,0.214,18324.0,16853.0,2.1522,0.0245,5,strong_price_momentum,kis,data/raw/price_011930_20260604_20261002.csv
036830,2026-10-02,48500.0,0.0998,0.1687,0.1332,43250.0,42100.0,2.1993,0.037,5,strong_price_momentum,unknown,data/raw/price_036830_20260902_20261002.csv
176750,2026-10-02,7310.0,0.0488,0.1659,0.1771,6974.0,6328.5,1.5076,0.0412,5,strong_price_momentum,kis,data/raw/price_176750_20260604_20261002.csv
253590,2026-10-02,15750.0,0.0825,0.1513,0.3636,14088.0,12455.0,2.1927,0.0396,5,strong_price_momentum,kis,data/raw/price_253590_20260604_20261002.csv
073490,2026-10-02,35300.0,0.0413,0.1049,0.2048,33160.0,31042.5,2.0958,0.0252,5,strong_price_momentum,kis,data/raw/price_073490_20260604_20261002.csv
161000,2026-10-02,10840.0,0.0638,0.0983,0.0534,10324.0,10287.0,2.1639,0.0256,5,strong_price_momentum,kis,data/raw/price_161000_20260604_20261002.csv
026960,2026-10-02,27550.0,0.0637,0.0868,0.0804,26110.0,25685.0,2.512,0.0185,5,strong_price_momentum,kis,data/raw/price_026960_20260604_20261002.csv
078350,2026-10-02,37000.0,0.0278,0.3382,0.8887,32080.0,23724.0,0.6764,0.0786,4,strong_price_momentum,kis,data/raw/price_078350_20260604_20261002.csv
178320,2026-10-02,42100.0,0.046,0.3095,0.2605,38720.0,35580.0,0.9402,0.0434,4,strong_price_momentum,kis,data/raw/price_178320_20260604_20261002.csv
251370,2026-10-02,9340.0,0.0355,0.2257,0.2901,8660.0,7555.5,1.0881,0.032,4,strong_price_momentum,kis,data/raw/price_251370_20260604_20261002.csv
232140,2026-10-02,17170.0,0.0731,0.2049,0.4249,15184.0,12997.5,0.8412,0.0541,4,strong_price_momentum,kis,data/raw/price_232140_20260604_20261002.csv
003160,2026-10-02,43300.0,0.0188,0.1782,0.415,39180.0,33552.5,0.967,0.0496,4,strong_price_momentum,unknown,data/raw/price_003160_20260902_20261002.csv
036810,2026-10-02,36550.0,0.0428,0.1696,0.3339,33080.0,28465.0,1.288,0.0467,4,strong_price_momentum,unknown,data/raw/price_036810_20260902_20261002.csv
141000,2026-10-02,10910.0,0.0322,0.1582,0.23,10218.0,9350.0,0.9548,0.0227,4,strong_price_momentum,kis,data/raw/price_141000_20260604_20261002.csv
015590,2026-10-02,2430.0,0.0083,0.1517,0.7724,2271.0,1994.3,0.5048,0.0421,4,strong_price_momentum,kis,data/raw/price_015590_20260604_20261002.csv
010060,2026-10-02,235500.0,0.0656,0.1432,-0.0228,225000.0,214375.0,0.8241,0.0487,4,strong_price_momentum,kis,data/raw/price_010060_20260604_20261002.csv
451220,2026-10-02,9480.0,0.0205,0.1394,0.114,8868.0,8303.5,1.0608,0.0261,4,strong_price_momentum,kis,data/raw/price_451220_20260604_20261002.csv
402490,2026-10-02,8130.0,0.0125,0.1387,0.2683,7654.0,6871.5,0.7542,0.0373,4,strong_price_momentum,kis,data/raw/price_402490_20260604_20261002.csv
0126Z0,2026-10-02,374500.0,0.0094,0.1314,0.0288,353100.0,344025.0,0.3463,0.0226,4,strong_price_momentum,unknown,data/raw/price_0126Z0_20260902_20261002.csv
121600,2026-10-02,58600.0,0.0281,0.1291,0.2562,56240.0,51297.5,0.6512,0.0321,4,strong_price_momentum,kis,data/raw/price_121600_20260604_20261002.csv
187870,2026-10-02,13410.0,0.0151,0.1231,0.2845,12408.0,10900.0,0.7404,0.0335,4,strong_price_momentum,kis,data/raw/price_187870_20260604_20261002.csv
036710,2026-10-02,5030.0,0.0339,0.1215,0.2622,4751.0,4200.25,0.9883,0.0381,4,strong_price_momentum,kis,data/raw/price_036710_20260604_20261002.csv
306620,2026-10-02,2245.0,0.037,0.1169,0.2295,2103.4,1937.15,0.5791,0.0328,4,strong_price_momentum,kis,data/raw/price_306620_20260604_20261002.csv
222080,2026-10-02,8290.0,0.0298,0.1113,0.0894,7856.0,7654.5,1.1115,0.0222,4,strong_price_momentum,kis,data/raw/price_222080_20260604_20261002.csv
137400,2026-10-02,31900.0,0.0257,0.1096,0.1252,30070.0,29490.0,1.1422,0.0236,4,strong_price_momentum,kis,data/raw/price_137400_20260604_20261002.csv
095270,2026-10-02,4700.0,0.033,0.1059,0.1779,4448.0,4219.75,0.9052,0.023,4,strong_price_momentum,kis,data/raw/price_095270_20260604_20261002.csv
417500,2026-10-02,4380.0,0.0081,0.1047,0.2426,4155.0,3951.0,0.6741,0.044,4,strong_price_momentum,kis,data/raw/price_417500_20260604_20261002.csv
077360,2026-10-02,14470.0,0.027,0.1012,0.4543,13790.0,11573.0,0.4584,0.04,4,strong_price_momentum,kis,data/raw/price_077360_20260604_20261002.csv
061970,2026-10-02,4840.0,-0.001,0.1,0.2555,4624.0,4189.5,0.3639,0.0266,4,strong_price_momentum,kis,data/raw/price_061970_20260604_20261002.csv
006120,2026-10-02,66300.0,0.0,0.0995,0.2077,65280.0,58755.0,0.2873,0.0265,4,strong_price_momentum,kis,data/raw/price_006120_20260604_20261002.csv
045100,2026-10-02,35200.0,-0.0071,0.0949,0.1812,33460.0,31132.5,0.7311,0.0339,4,strong_price_momentum,kis,data/raw/price_045100_20260604_20261002.csv
348340,2026-10-02,22050.0,0.0576,0.0943,0.3603,20650.0,19015.5,0.9812,0.0339,4,strong_price_momentum,unknown,data/raw/price_348340_20260902_20261002.csv
166090,2026-10-02,63900.0,0.0063,0.0886,0.2754,60840.0,55267.5,0.3307,0.0306,4,strong_price_momentum,kis,data/raw/price_166090_20260604_20261002.csv
142210,2026-10-02,6710.0,0.0045,0.0875,0.1277,6502.0,6113.0,0.6086,0.0167,4,strong_price_momentum,kis,data/raw/price_142210_20260604_20261002.csv
212710,2026-10-02,7660.0,0.0241,0.0865,0.0493,7314.0,7003.5,1.2494,0.026,4,strong_price_momentum,kis,data/raw/price_212710_20260604_20261002.csv
059270,2026-10-02,5550.0,0.0054,0.084,0.0335,5382.0,5218.5,0.2756,0.0271,4,strong_price_momentum,kis,data/raw/price_059270_20260604_20261002.csv
127710,2026-10-02,1425.0,0.0099,0.082,0.4222,1397.8,1183.9,0.1048,0.0478,4,strong_price_momentum,kis,data/raw/price_127710_20260604_20261002.csv
038620,2026-10-02,2135.0,0.0143,0.0745,0.0887,2050.0,1962.1,0.3889,0.017,4,strong_price_momentum,kis,data/raw/price_038620_20260604_20261002.csv
122640,2026-10-02,34300.0,-0.0058,0.0719,0.2704,33310.0,30487.5,0.3127,0.0368,4,strong_price_momentum,kis,data/raw/price_122640_20260604_20261002.csv
049950,2026-10-02,11300.0,-0.0018,0.0701,0.0928,11008.0,10622.5,0.7703,0.0175,4,strong_price_momentum,kis,data/raw/price_049950_20260604_20261002.csv
065510,2026-10-02,7050.0,0.01,0.0666,0.0159,6822.0,6803.5,1.1785,0.0153,4,strong_price_momentum,kis,data/raw/price_065510_20260604_20261002.csv
282720,2026-10-02,7740.0,0.0252,0.0588,0.0559,7558.0,7472.5,0.5361,0.0193,4,strong_price_momentum,kis,data/raw/price_282720_20260604_20261002.csv
059090,2026-10-02,23850.0,0.0085,0.0576,0.3119,22860.0,20569.0,0.3061,0.0454,4,strong_price_momentum,kis,data/raw/price_059090_20260604_20261002.csv
445090,2026-10-02,22900.0,0.0088,0.0529,0.1566,22180.0,21091.5,0.7864,0.019,4,strong_price_momentum,kis,data/raw/price_445090_20260604_20261002.csv
200230,2026-10-02,2295.0,0.0022,0.0503,0.0338,2223.0,2194.25,0.1218,0.0166,4,strong_price_momentum,kis,data/raw/price_200230_20260604_20261002.csv
464080,2026-10-02,10490.0,0.0058,0.0501,0.087,10314.0,9988.5,0.5019,0.0288,4,strong_price_momentum,kis,data/raw/price_464080_20260604_20261002.csv
045300,2026-10-02,2845.0,0.0252,0.0479,0.0557,2748.0,2697.75,0.4689,0.0111,4,strong_price_momentum,kis,data/raw/price_045300_20260604_20261002.csv
004150,2026-10-02,3605.0,0.0,0.0434,0.0619,3594.0,3533.0,0.5338,0.0159,4,strong_price_momentum,kis,data/raw/price_004150_20260604_20261002.csv
096870,2026-10-02,2465.0,0.0357,0.0423,0.0956,2366.0,2344.75,0.9528,0.0307,4,strong_price_momentum,kis,data/raw/price_096870_20260604_20261002.csv
282880,2026-10-02,11170.0,0.0164,0.0371,0.1125,10838.0,10527.0,0.6655,0.0208,4,strong_price_momentum,kis,data/raw/price_282880_20260604_20261002.csv
215380,2026-10-02,2365.0,0.035,0.035,0.1051,2279.0,2187.0,1.0667,0.0283,4,strong_price_momentum,kis,data/raw/price_215380_20260604_20261002.csv
009290,2026-10-02,6600.0,0.003,0.0329,0.0493,6496.0,6384.5,0.7768,0.0195,4,strong_price_momentum,kis,data/raw/price_009290_20260604_20261002.csv
189300,2026-10-02,71800.0,0.0482,0.0301,0.1397,68180.0,65965.0,0.943,0.0271,4,strong_price_momentum,kis,data/raw/price_189300_20260604_20261002.csv
000640,2026-10-02,94900.0,-0.0052,0.0248,0.0237,94100.0,92970.0,0.4859,0.0153,4,strong_price_momentum,kis,data/raw/price_000640_20260604_20261002.csv
023410,2026-10-02,3285.0,0.0077,0.0218,0.0346,3246.0,3245.75,0.6166,0.0096,4,strong_price_momentum,kis,data/raw/price_023410_20260604_20261002.csv
261200,2026-10-02,2655.0,0.0172,0.0212,0.0351,2614.0,2578.5,0.5684,0.0165,4,strong_price_momentum,kis,data/raw/price_261200_20260604_20261002.csv
001340,2026-10-02,5210.0,0.0117,0.0176,0.0441,5088.0,5012.75,1.1299,0.019,4,strong_price_momentum,kis,data/raw/price_001340_20260604_20261002.csv
291230,2026-10-02,2610.0,0.0,0.0156,0.0276,2601.0,2555.5,0.2706,0.0036,4,strong_price_momentum,kis,data/raw/price_291230_20260604_20261002.csv
016610,2026-10-02,10440.0,0.0058,0.0146,0.0653,10346.0,10189.0,0.0816,0.0057,4,strong_price_momentum,kis,data/raw/price_016610_20260604_20261002.csv
339770,2026-10-02,3865.0,0.0039,0.0144,0.0065,3839.0,3821.5,0.2284,0.0043,4,strong_price_momentum,kis,data/raw/price_339770_20260604_20261002.csv
015360,2026-10-02,14760.0,0.0048,0.013,0.0505,14704.0,14510.5,0.3951,0.0102,4,strong_price_momentum,kis,data/raw/price_015360_20260604_20261002.csv
033290,2026-10-02,1530.0,0.0059,0.0112,0.0159,1522.4,1521.65,0.2202,0.0044,4,strong_price_momentum,kis,data/raw/price_033290_20260604_20261002.csv
067080,2026-10-02,11560.0,-0.0034,0.0096,0.0635,11556.0,11152.5,0.2739,0.0228,4,strong_price_momentum,kis,data/raw/price_067080_20260604_20261002.csv
145270,2026-10-02,800.0,0.0013,0.005,0.0013,796.0,789.4,0.052,0.0082,4,strong_price_momentum,kis,data/raw/price_145270_20260604_20261002.csv
023450,2026-10-02,32050.0,-0.0047,0.0016,0.0191,32110.0,31850.0,0.6442,0.0063,4,strong_price_momentum,kis,data/raw/price_023450_20260604_20261002.csv
023760,2026-10-02,1409.0,0.005,0.0007,-0.0007,1414.0,1411.35,0.2448,0.007,4,strong_price_momentum,kis,data/raw/price_023760_20260604_20261002.csv
109670,2026-10-02,18490.0,0.0165,0.8677,3.2071,16602.0,8909.0,2.3419,0.1227,3,price_momentum,kis,data/raw/price_109670_20260604_20261002.csv
136150,2026-10-02,13220.0,0.2184,0.6083,0.8234,9752.0,8414.5,15.1458,0.0861,3,price_momentum,kis,data/raw/price_136150_20260604_20261002.csv
263600,2026-10-02,5410.0,0.2268,0.6077,0.4863,3995.0,3643.5,16.7486,0.0845,3,price_momentum,kis,data/raw/price_263600_20260604_20261002.csv
174900,2026-10-02,28000.0,0.0409,0.4286,0.2556,23662.0,21205.0,1.5601,0.0628,3,price_momentum,kis,data/raw/price_174900_20260604_20261002.csv
073570,2026-10-02,2905.0,0.137,0.348,0.7458,2558.0,2052.15,4.8935,0.039,3,price_momentum,kis,data/raw/price_073570_20260604_20261002.csv
248070,2026-10-02,16710.0,0.083,0.2854,0.2765,14328.0,13163.0,4.7955,0.0398,3,price_momentum,kis,data/raw/price_248070_20260604_20261002.csv
085670,2026-10-02,3735.0,0.0873,0.2029,0.2576,3490.0,3102.0,3.095,0.0382,3,price_momentum,kis,data/raw/price_085670_20260604_20261002.csv
011790,2026-10-02,106900.0,0.02,0.1957,0.2787,98920.0,90580.0,2.048,0.0284,3,price_momentum,kis,data/raw/price_011790_20260604_20261002.csv
043260,2026-10-02,31050.0,0.0895,0.1851,0.8727,26920.0,21672.5,1.6223,0.0829,3,price_momentum,kis,data/raw/price_043260_20260604_20261002.csv
000250,2026-10-02,197200.0,-0.011,0.1837,0.2403,179520.0,165665.0,1.587,0.0412,3,price_momentum,unknown,data/raw/price_000250_20260902_20261002.csv
464490,2026-10-02,5250.0,0.0458,0.1811,0.078,4817.0,4734.5,1.6486,0.0303,3,price_momentum,kis,data/raw/price_464490_20260604_20261002.csv
039560,2026-10-02,2935.0,0.1332,0.167,0.2436,2611.0,2482.75,7.2617,0.0433,3,price_momentum,kis,data/raw/price_039560_20260604_20261002.csv
383310,2026-10-02,25100.0,0.002,0.1594,0.1009,23360.0,22767.5,2.005,0.038,3,price_momentum,kis,data/raw/price_383310_20260604_20261002.csv
138080,2026-10-02,32400.0,0.0836,0.1289,0.507,29280.0,25690.0,2.2703,0.0462,3,price_momentum,unknown,data/raw/price_138080_20260902_20261002.csv
368770,2026-10-02,14590.0,0.0673,0.107,0.2364,13344.0,12726.5,2.0476,0.0364,3,price_momentum,kis,data/raw/price_368770_20260604_20261002.csv
469750,2026-10-02,5460.0,0.1019,0.1019,0.1053,5056.0,4972.25,18.0966,0.0231,3,price_momentum,kis,data/raw/price_469750_20260604_20261002.csv
214430,2026-10-02,74800.0,-0.1074,0.0904,0.2874,72080.0,63965.0,1.7244,0.0633,3,price_momentum,unknown,data/raw/price_214430_20260902_20261002.csv
023150,2026-10-02,4370.0,-0.0353,0.075,0.0698,4211.0,4162.75,2.6656,0.0306,3,price_momentum,unknown,data/raw/price_023150_20260902_20261002.csv
145720,2026-10-02,38900.0,0.0485,0.0628,0.0599,37270.0,37422.5,1.3477,0.0187,3,price_momentum,kis,data/raw/price_145720_20260604_20261002.csv
403550,2026-10-02,11240.0,0.035,0.0604,-0.0071,10850.0,10867.5,0.7899,0.0148,3,price_momentum,kis,data/raw/price_403550_20260604_20261002.csv
264450,2026-10-02,11730.0,0.0253,0.0344,0.1333,11438.0,10656.5,1.612,0.0225,3,price_momentum,kis,data/raw/price_264450_20260604_20261002.csv
102460,2026-10-02,10080.0,-0.0069,0.0,0.0131,10056.0,10031.5,0.5987,0.007,3,price_momentum,kis,data/raw/price_102460_20260604_20261002.csv
017650,2026-10-02,10800.0,0.0,0.0,-0.0037,10800.0,10779.0,0.0,0.0051,3,price_momentum,kis,data/raw/price_017650_20260604_20261002.csv
482520,2026-10-02,2065.0,0.0,0.0,0.0024,2065.0,2063.0,0.0,0.0012,3,price_momentum,kis,data/raw/price_482520_20260604_20261002.csv
489480,2026-10-02,2200.0,0.0,0.0,0.028,2200.0,2194.0,0.0,0.0057,3,price_momentum,kis,data/raw/price_489480_20260604_20261002.csv
049830,2026-10-02,6460.0,0.0062,-0.0015,0.011,6398.0,6383.5,0.0323,0.0082,3,price_momentum,kis,data/raw/price_049830_20260604_20261002.csv
223220,2026-10-02,136.0,0.1148,0.5111,-0.0556,115.4,105.1,0.0483,0.1023,2,price_momentum,kis,data/raw/price_223220_20260604_20261002.csv
338220,2026-10-02,8020.0,-0.0302,0.4399,0.5393,7882.0,5705.5,0.33,0.0871,2,price_momentum,kis,data/raw/price_338220_20260604_20261002.csv
206400,2026-10-02,932.0,0.0242,0.4186,0.268,878.4,737.35,0.402,0.0604,2,price_momentum,kis,data/raw/price_206400_20260604_20261002.csv
067630,2026-10-02,3630.0,-0.0229,0.3855,0.3647,3662.0,2844.75,0.4046,0.0801,2,price_momentum,kis,data/raw/price_067630_20260604_20261002.csv
351320,2026-10-02,4995.0,0.0742,0.3629,0.6595,4272.0,4087.25,0.5562,0.0863,2,price_momentum,kis,data/raw/price_351320_20260604_20261002.csv
047920,2026-10-02,10060.0,-0.0978,0.3595,0.365,10926.0,7992.0,1.3007,0.1094,2,price_momentum,kis,data/raw/price_047920_20260604_20261002.csv
028300,2026-10-02,40000.0,-0.0136,0.3093,0.1994,40360.0,33872.5,0.3674,0.0764,2,price_momentum,kis,data/raw/price_028300_20260604_20261002.csv
267320,2026-10-02,2835.0,0.0053,0.3005,0.2975,2653.0,2317.5,0.6378,0.0437,2,price_momentum,kis,data/raw/price_267320_20260604_20261002.csv
950250,2026-10-02,4095.0,0.0,0.2959,0.7766,4011.0,3311.5,0.3432,0.1128,2,price_momentum,kis,data/raw/price_950250_20260604_20261002.csv
033790,2026-10-02,9640.0,0.0699,0.2684,0.228,8820.0,8261.5,0.7757,0.077,2,price_momentum,kis,data/raw/price_033790_20260604_20261002.csv
002360,2026-10-02,3310.0,-0.0856,0.2682,1.0533,3313.0,2139.65,0.8402,0.0998,2,price_momentum,kis,data/raw/price_002360_20260604_20261002.csv
490470,2026-10-02,20650.0,0.0123,0.2676,0.3943,18914.0,16139.0,0.6909,0.0548,2,price_momentum,unknown,data/raw/price_490470_20260902_20261002.csv
079950,2026-10-02,1473.0,-0.016,0.2655,0.1775,1414.4,1379.5,0.156,0.0634,2,price_momentum,kis,data/raw/price_079950_20260604_20261002.csv
226340,2026-10-02,5770.0,-0.0237,0.2571,-0.051,5418.0,5319.75,0.315,0.0601,2,price_momentum,kis,data/raw/price_226340_20260604_20261002.csv
025560,2026-10-02,8150.0,-0.0298,0.25,0.2835,7886.0,6542.0,0.6167,0.0373,2,price_momentum,kis,data/raw/price_025560_20260604_20261002.csv
123010,2026-10-02,4195.0,-0.0594,0.2485,0.9243,3953.0,3105.25,1.4625,0.0544,2,price_momentum,kis,data/raw/price_123010_20260604_20261002.csv
383930,2026-10-02,2020.0,-0.0194,0.2485,0.2809,1973.2,1708.6,0.551,0.0563,2,price_momentum,kis,data/raw/price_383930_20260604_20261002.csv
200350,2026-10-02,3175.0,0.0873,0.2475,0.2907,2950.0,2636.75,0.717,0.0844,2,price_momentum,kis,data/raw/price_200350_20260604_20261002.csv
092870,2026-10-02,53200.0,0.0019,0.2386,0.7134,50060.0,36802.5,0.5387,0.0585,2,price_momentum,kis,data/raw/price_092870_20260604_20261002.csv
009830,2026-10-02,35500.0,0.0365,0.2158,0.1716,33900.0,30295.0,1.0956,0.0419,2,price_momentum,kis,data/raw/price_009830_20260604_20261002.csv
002710,2026-10-02,13600.0,-0.0251,0.2154,0.2535,12894.0,11871.0,0.3798,0.0691,2,price_momentum,kis,data/raw/price_002710_20260604_20261002.csv
004710,2026-10-02,11960.0,0.011,0.2081,0.5778,11340.0,9682.0,0.533,0.0447,2,price_momentum,kis,data/raw/price_004710_20260604_20261002.csv
012030,2026-10-02,2000.0,-0.0099,0.182,0.3615,1873.2,1675.2,0.5254,0.0411,2,price_momentum,kis,data/raw/price_012030_20260604_20261002.csv
115450,2026-10-02,2335.0,-0.0489,0.1751,0.1253,2494.0,2133.9,0.5909,0.0737,2,price_momentum,kis,data/raw/price_115450_20260604_20261002.csv
002680,2026-10-02,3325.0,-0.0221,0.1749,0.2715,3267.0,2850.75,0.059,0.054,2,price_momentum,kis,data/raw/price_002680_20260604_20261002.csv
163730,2026-10-02,14700.0,0.0152,0.1741,0.5361,14270.0,10934.0,0.4781,0.0468,2,price_momentum,unknown,data/raw/price_163730_20260902_20261002.csv
225190,2026-10-02,4815.0,0.1303,0.173,0.173,4096.0,4102.75,5.9,0.0672,2,price_momentum,kis,data/raw/price_225190_20260604_20261002.csv
290650,2026-10-02,55200.0,-0.0195,0.1695,0.0554,51280.0,48545.0,0.5261,0.0464,2,price_momentum,kis,data/raw/price_290650_20260604_20261002.csv
950260,2026-10-02,28400.0,-0.019,0.1639,0.6464,26600.0,19778.5,0.1282,0.0665,2,price_momentum,kis,data/raw/price_950260_20260604_20261002.csv
250030,2026-10-02,28000.0,-0.0018,0.1594,0.3965,27400.0,23337.0,0.5691,0.0455,2,price_momentum,kis,data/raw/price_250030_20260604_20261002.csv
327260,2026-10-02,54500.0,0.1032,0.1583,0.5417,49610.0,44302.5,1.4028,0.059,2,price_momentum,kis,data/raw/price_327260_20260604_20261002.csv
014680,2026-10-02,272000.0,-0.0251,0.1501,0.4035,258700.0,220330.0,0.3252,0.0296,2,price_momentum,kis,data/raw/price_014680_20260604_20261002.csv
278650,2026-10-02,2875.0,-0.0589,0.15,0.188,3175.0,2622.0,0.3645,0.0821,2,price_momentum,kis,data/raw/price_278650_20260604_20261002.csv
220100,2026-10-02,7120.0,0.0071,0.1429,0.0721,6928.0,6617.45,0.2488,0.0383,2,price_momentum,kis,data/raw/price_220100_20260604_20261002.csv
060230,2026-10-02,1407.0,0.0453,0.1411,0.1754,1284.6,1234.2,0.5137,0.0506,2,price_momentum,kis,data/raw/price_060230_20260604_20261002.csv
081180,2026-10-02,6800.0,0.0303,0.1409,0.3863,6514.0,5823.0,0.5221,0.0453,2,price_momentum,kis,data/raw/price_081180_20260604_20261002.csv
003030,2026-10-02,115000.0,0.0351,0.1386,0.1477,112480.0,107205.0,0.513,0.0324,2,price_momentum,kis,data/raw/price_003030_20260604_20261002.csv
0009K0,2026-10-02,24350.0,-0.0432,0.1379,0.0496,23200.0,22787.5,0.6884,0.0435,2,price_momentum,kis,data/raw/price_0009K0_20260604_20261002.csv
317770,2026-10-02,3000.0,0.0169,0.1364,0.2605,2744.0,2559.0,1.1956,0.0443,2,price_momentum,kis,data/raw/price_317770_20260604_20261002.csv
089030,2026-10-02,55800.0,-0.0262,0.1353,0.1785,53090.0,48297.5,0.6864,0.0402,2,price_momentum,kis,data/raw/price_089030_20260604_20261002.csv
101360,2026-10-02,8720.0,0.0393,0.1339,0.0792,8142.0,7957.5,1.0983,0.0343,2,price_momentum,kis,data/raw/price_101360_20260604_20261002.csv
460470,2026-10-02,2940.0,0.0226,0.1308,0.0352,2878.0,2774.25,0.1989,0.0313,2,price_momentum,kis,data/raw/price_460470_20260604_20261002.csv
256940,2026-10-02,6860.0,0.0044,0.1301,0.2383,6410.0,5972.5,0.7575,0.0325,2,price_momentum,kis,data/raw/price_256940_20260604_20261002.csv
424870,2026-10-02,3480.0,0.019,0.1299,0.2147,3451.0,3162.0,0.6288,0.0847,2,price_momentum,kis,data/raw/price_424870_20260604_20261002.csv
042700,2026-10-02,275000.0,0.0242,0.1294,0.2881,257300.0,240075.0,0.5339,0.0394,2,price_momentum,kis,data/raw/price_042700_20260604_20261002.csv
003580,2026-10-02,1784.0,-0.0429,0.127,0.0958,1938.6,1711.5,0.3562,0.0753,2,price_momentum,kis,data/raw/price_003580_20260604_20261002.csv
348370,2026-10-02,22700.0,0.0534,0.1238,0.1695,21140.0,20940.0,1.0129,0.0372,2,price_momentum,kis,data/raw/price_348370_20260604_20261002.csv
432720,2026-10-02,12070.0,0.0134,0.1228,0.415,11282.0,10059.0,0.683,0.0421,2,price_momentum,unknown,data/raw/price_432720_20260902_20261002.csv
226950,2026-10-02,115200.0,-0.0145,0.1217,0.1497,108360.0,104535.0,0.3814,0.0549,2,price_momentum,kis,data/raw/price_226950_20260604_20261002.csv
498390,2026-10-02,2780.0,0.0183,0.1214,0.1214,2644.8,2520.45,1.2689,0.0146,2,price_momentum,kis,data/raw/price_498390_20260604_20261002.csv
032580,2026-10-02,7870.0,0.0315,0.1211,0.7127,7620.0,5894.25,0.4803,0.052,2,price_momentum,kis,data/raw/price_032580_20260604_20261002.csv
303360,2026-10-02,6000.0,-0.005,0.1194,0.1385,5784.0,5362.5,0.3605,0.0256,2,price_momentum,kis,data/raw/price_303360_20260604_20261002.csv
064290,2026-10-02,61200.0,0.0552,0.1168,0.8107,56780.0,49030.0,0.633,0.0626,2,price_momentum,kis,data/raw/price_064290_20260604_20261002.csv
171090,2026-10-02,76300.0,0.0481,0.1122,0.0807,72020.0,69290.0,1.1318,0.0334,2,price_momentum,kis,data/raw/price_171090_20260604_20261002.csv
200710,2026-10-02,29650.0,0.0119,0.1084,0.2698,28260.0,25477.5,1.065,0.0303,2,price_momentum,kis,data/raw/price_200710_20260604_20261002.csv
112610,2026-10-02,55500.0,0.0165,0.1078,0.2184,52860.0,51060.0,0.6575,0.0291,2,price_momentum,kis,data/raw/price_112610_20260604_20261002.csv
306200,2026-10-02,153000.0,0.0317,0.1071,0.1047,149640.0,147250.0,0.6544,0.0301,2,price_momentum,kis,data/raw/price_306200_20260604_20261002.csv
217190,2026-10-02,8290.0,0.0048,0.1024,0.3264,8014.0,7010.0,0.474,0.0338,2,price_momentum,kis,data/raw/price_217190_20260604_20261002.csv
302430,2026-10-02,7890.0,0.0038,0.102,0.0648,7634.0,7603.5,0.0779,0.0503,2,price_momentum,kis,data/raw/price_302430_20260604_20261002.csv
420770,2026-10-02,135500.0,0.0089,0.1007,0.3245,130360.0,110245.0,0.2638,0.0466,2,price_momentum,kis,data/raw/price_420770_20260604_20261002.csv
001360,2026-10-02,1438.0,-0.0178,0.1002,0.0804,1359.4,1348.7,1.4096,0.0332,2,price_momentum,kis,data/raw/price_001360_20260604_20261002.csv
480370,2026-10-02,1949.0,-0.0117,0.0999,0.3725,1859.2,1772.4,0.1507,0.0702,2,price_momentum,unknown,data/raw/price_480370_20260902_20261002.csv
429270,2026-10-02,3555.0,0.0099,0.0989,0.0099,3342.0,3265.5,0.3114,0.0451,2,price_momentum,kis,data/raw/price_429270_20260604_20261002.csv
086520,2026-10-02,88000.0,0.0341,0.0986,0.0732,82880.0,82590.0,1.3242,0.0291,2,price_momentum,kis,data/raw/price_086520_20260604_20261002.csv
0013V0,2026-10-02,5360.0,-0.0074,0.0984,0.0572,5144.0,5115.75,0.6235,0.025,2,price_momentum,kis,data/raw/price_0013V0_20260604_20261002.csv
227950,2026-10-02,1325.0,0.0441,0.0969,0.0384,1244.8,1275.7,3.0734,0.027,2,price_momentum,kis,data/raw/price_227950_20260604_20261002.csv
217730,2026-10-02,2250.0,-0.011,0.0922,-0.0066,2179.0,2162.75,0.6284,0.0246,2,price_momentum,kis,data/raw/price_217730_20260604_20261002.csv
378340,2026-10-02,12790.0,0.0265,0.0913,0.1512,12294.0,11938.5,0.869,0.0261,2,price_momentum,kis,data/raw/price_378340_20260604_20261002.csv
217330,2026-10-02,3285.0,0.0046,0.0896,0.0806,3153.0,3068.0,0.9765,0.0183,2,price_momentum,unknown,data/raw/price_217330_20260902_20261002.csv
247540,2026-10-02,114400.0,-0.0026,0.0895,0.0762,111120.0,107940.0,0.5,0.0401,2,price_momentum,kis,data/raw/price_247540_20260604_20261002.csv
474650,2026-10-02,29500.0,0.0387,0.0886,0.2996,27610.0,26685.0,0.8707,0.0512,2,price_momentum,kis,data/raw/price_474650_20260604_20261002.csv
079550,2026-10-02,752000.0,0.0387,0.0867,0.1481,705800.0,690700.0,0.4584,0.0309,2,price_momentum,kis,data/raw/price_079550_20260604_20261002.csv
004440,2026-10-02,5450.0,0.0,0.0857,0.0624,5432.0,5233.5,0.1019,0.0291,2,price_momentum,kis,data/raw/price_004440_20260604_20261002.csv
328130,2026-10-02,10650.0,-0.0405,0.0856,0.2326,11222.0,9452.0,0.3084,0.0699,2,price_momentum,kis,data/raw/price_328130_20260604_20261002.csv
272210,2026-10-02,80200.0,0.0165,0.0853,0.1988,75680.0,73435.0,0.6157,0.0431,2,price_momentum,kis,data/raw/price_272210_20260604_20261002.csv
126880,2026-10-02,2760.0,-0.0054,0.0845,0.1018,2673.0,2557.0,0.5433,0.0199,2,price_momentum,kis,data/raw/price_126880_20260604_20261002.csv
115180,2026-10-02,24500.0,-0.0061,0.0841,0.1951,23040.0,22482.5,0.1728,0.0641,2,price_momentum,kis,data/raw/price_115180_20260604_20261002.csv
082270,2026-10-02,11260.0,0.009,0.0837,0.0693,10622.0,10399.0,0.6562,0.0249,2,price_momentum,unknown,data/raw/price_082270_20260902_20261002.csv
086890,2026-10-02,3820.0,-0.0155,0.0837,0.07,3838.0,3586.0,0.3059,0.0246,2,price_momentum,kis,data/raw/price_086890_20260604_20261002.csv
078860,2026-10-02,2925.0,-0.0051,0.0833,0.125,2910.0,2784.0,0.0693,0.0909,2,price_momentum,kis,data/raw/price_078860_20260604_20261002.csv
187660,2026-10-02,7170.0,-0.0491,0.0814,0.5063,7348.0,6977.5,0.2831,0.0986,2,price_momentum,kis,data/raw/price_187660_20260604_20261002.csv
079190,2026-10-02,1437.0,0.1369,0.0813,0.2958,1316.6,1338.5,2.7127,0.0876,2,price_momentum,kis,data/raw/price_079190_20260604_20261002.csv
009620,2026-10-02,5470.0,-0.0454,0.081,0.2575,5590.0,4763.75,0.2374,0.0289,2,price_momentum,kis,data/raw/price_009620_20260604_20261002.csv
065450,2026-10-02,3145.0,0.0228,0.0808,0.2027,3062.0,2882.0,0.4846,0.0152,2,price_momentum,kis,data/raw/price_065450_20260604_20261002.csv
048870,2026-10-02,1595.0,0.0038,0.0806,-0.0056,1597.8,1552.85,0.096,0.0232,2,price_momentum,kis,data/raw/price_048870_20260604_20261002.csv
024850,2026-10-02,16340.0,-0.0097,0.0793,0.0414,16972.0,15830.0,0.1901,0.0964,2,price_momentum,kis,data/raw/price_024850_20260604_20261002.csv
450080,2026-10-02,37700.0,0.0203,0.0787,0.0741,35920.0,35757.5,1.3296,0.0292,2,price_momentum,kis,data/raw/price_450080_20260604_20261002.csv
126600,2026-10-02,3235.0,0.0254,0.0783,0.0748,3065.0,3033.25,0.5735,0.0248,2,price_momentum,kis,data/raw/price_126600_20260604_20261002.csv
126340,2026-10-02,93600.0,-0.0011,0.0783,0.5891,89580.0,75405.0,0.3401,0.0555,2,price_momentum,kis,data/raw/price_126340_20260604_20261002.csv
222420,2026-10-02,980.0,-0.0091,0.0769,0.1529,936.6,925.75,0.2745,0.0415,2,price_momentum,kis,data/raw/price_222420_20260604_20261002.csv
069640,2026-10-02,1424.0,-0.0226,0.0755,-0.0213,1395.4,1382.05,0.5574,0.0301,2,price_momentum,kis,data/raw/price_069640_20260604_20261002.csv
119830,2026-10-02,6700.0,-0.0318,0.0754,0.0045,6562.0,6200.5,0.5045,0.0362,2,price_momentum,kis,data/raw/price_119830_20260604_20261002.csv
277880,2026-10-02,3720.0,0.0234,0.0751,0.0333,3579.0,3562.25,0.5918,0.0151,2,price_momentum,kis,data/raw/price_277880_20260604_20261002.csv
187420,2026-10-02,1921.0,-0.0244,0.075,0.0,2048.2,1884.15,0.3001,0.0776,2,price_momentum,kis,data/raw/price_187420_20260604_20261002.csv
114190,2026-10-02,8900.0,0.0206,0.0697,0.0483,8486.0,8701.5,1.5355,0.0228,2,price_momentum,kis,data/raw/price_114190_20260604_20261002.csv
005880,2026-10-02,2125.0,0.0119,0.0695,0.0572,2080.0,2069.85,0.4356,0.017,2,price_momentum,unknown,data/raw/price_005880_20260902_20261002.csv
001260,2026-10-02,8180.0,0.0149,0.0665,0.0187,8060.0,7788.0,0.2344,0.018,2,price_momentum,kis,data/raw/price_001260_20260604_20261002.csv
235980,2026-10-02,2990.0,-0.0164,0.066,0.0603,2926.0,2819.0,0.2772,0.0301,2,price_momentum,kis,data/raw/price_235980_20260604_20261002.csv
215480,2026-10-02,2130.0,0.0095,0.065,0.0934,2050.2,2029.6,0.5489,0.0261,2,price_momentum,kis,data/raw/price_215480_20260604_20261002.csv
030000,2026-10-02,18790.0,0.0027,0.0628,-0.0048,18392.0,18356.5,0.168,0.0194,2,price_momentum,kis,data/raw/price_030000_20260604_20261002.csv
440110,2026-10-02,86700.0,-0.0334,0.0625,0.3806,84520.0,71985.0,0.5222,0.0714,2,price_momentum,kis,data/raw/price_440110_20260604_20261002.csv
347700,2026-10-02,24750.0,0.0784,0.0622,0.2817,22650.0,21462.0,1.3563,0.0522,2,price_momentum,kis,data/raw/price_347700_20260604_20261002.csv
038880,2026-10-02,3350.0,0.0015,0.0618,0.1111,3294.0,3245.5,0.353,0.0435,2,price_momentum,kis,data/raw/price_038880_20260604_20261002.csv
086820,2026-10-02,6780.0,-0.016,0.061,0.0883,6760.0,6506.0,0.4468,0.0243,2,price_momentum,kis,data/raw/price_086820_20260604_20261002.csv
215600,2026-10-02,2375.0,-0.0021,0.0603,-0.0365,2345.0,2297.5,0.2586,0.0191,2,price_momentum,kis,data/raw/price_215600_20260604_20261002.csv
148780,2026-10-02,3980.0,0.0311,0.0599,0.1071,3877.0,3838.75,0.2309,0.0242,2,price_momentum,kis,data/raw/price_148780_20260604_20261002.csv
092040,2026-10-02,991.0,0.001,0.0599,0.0269,975.6,942.45,0.1658,0.0404,2,price_momentum,kis,data/raw/price_092040_20260604_20261002.csv
064960,2026-10-02,27025.0,0.0141,0.0598,0.0516,26865.0,26361.25,0.288,0.0244,2,price_momentum,kis,data/raw/price_064960_20260604_20261002.csv
478340,2026-10-02,15030.0,0.0614,0.0592,0.5559,14218.0,12173.5,0.6991,0.0736,2,price_momentum,kis,data/raw/price_478340_20260604_20261002.csv
272110,2026-10-02,32075.0,-0.0146,0.0586,0.3227,30865.0,27373.75,0.6338,0.0326,2,price_momentum,kis,data/raw/price_272110_20260604_20261002.csv
214330,2026-10-02,6950.0,-0.0114,0.053,0.1526,6890.0,6573.5,0.059,0.0534,2,price_momentum,kis,data/raw/price_214330_20260604_20261002.csv
091340,2026-10-02,2650.0,-0.0075,0.0495,0.1088,2652.0,2533.25,0.2541,0.0232,2,price_momentum,unknown,data/raw/price_091340_20260902_20261002.csv
172670,2026-10-02,14450.0,0.0169,0.0494,0.5115,13512.0,12071.0,1.0579,0.0401,2,price_momentum,kis,data/raw/price_172670_20260604_20261002.csv
475400,2026-10-02,19180.0,0.0132,0.0492,0.121,18576.0,18309.5,0.4431,0.0419,2,price_momentum,kis,data/raw/price_475400_20260604_20261002.csv
049480,2026-10-02,1974.0,0.0097,0.0489,0.0734,1930.0,1898.3,0.1691,0.0203,2,price_momentum,kis,data/raw/price_049480_20260604_20261002.csv
431190,2026-10-02,4515.0,-0.0217,0.0488,0.4311,4362.0,3694.75,0.0575,0.0656,2,price_momentum,unknown,data/raw/price_431190_20260902_20261002.csv
042370,2026-10-02,11160.0,0.0145,0.0479,0.4038,10874.0,9710.0,0.3183,0.0726,2,price_momentum,kis,data/raw/price_042370_20260604_20261002.csv
117730,2026-10-02,15030.0,0.0,0.0459,0.1835,14798.0,13465.0,0.6128,0.0357,2,price_momentum,kis,data/raw/price_117730_20260604_20261002.csv
468530,2026-10-02,49400.0,-0.037,0.0455,0.6091,51980.0,37385.0,0.6284,0.0711,2,price_momentum,kis,data/raw/price_468530_20260604_20261002.csv
196300,2026-10-02,4490.0,-0.0207,0.0442,0.054,4763.0,4357.0,0.1818,0.0821,2,price_momentum,kis,data/raw/price_196300_20260604_20261002.csv
234300,2026-10-02,3240.0,0.0,0.0418,0.0062,3213.0,3184.5,0.0343,0.0352,2,price_momentum,kis,data/raw/price_234300_20260604_20261002.csv
092790,2026-10-02,13940.0,-0.0043,0.0403,0.0994,13852.0,13804.0,0.132,0.0371,2,price_momentum,kis,data/raw/price_092790_20260604_20261002.csv
106240,2026-10-02,1350.0,0.0037,0.0401,0.2054,1318.8,1208.3,0.1094,0.0319,2,price_momentum,kis,data/raw/price_106240_20260604_20261002.csv
418420,2026-10-02,4290.0,0.0082,0.0387,-0.0058,4294.0,4097.5,0.4875,0.0284,2,price_momentum,kis,data/raw/price_418420_20260604_20261002.csv
389260,2026-10-02,13320.0,0.006,0.0382,0.0488,13130.0,13067.0,0.7151,0.0185,2,price_momentum,kis,data/raw/price_389260_20260604_20261002.csv
018310,2026-10-02,15020.0,-0.0112,0.038,0.0964,14854.0,14460.5,0.197,0.0151,2,price_momentum,kis,data/raw/price_018310_20260604_20261002.csv
476060,2026-10-02,15690.0,-0.0144,0.037,-0.0661,15654.0,15482.0,0.3372,0.0277,2,price_momentum,kis,data/raw/price_476060_20260604_20261002.csv
009160,2026-10-02,4915.0,-0.0101,0.0369,-0.0363,4870.0,4803.5,0.2481,0.0157,2,price_momentum,kis,data/raw/price_009160_20260604_20261002.csv
048410,2026-10-02,7100.0,0.0071,0.0365,0.1678,6938.0,6731.0,0.5582,0.0421,2,price_momentum,kis,data/raw/price_048410_20260604_20261002.csv
406820,2026-10-02,2455.0,-0.0239,0.0359,0.2714,2467.0,2209.1,0.0982,0.0769,2,price_momentum,unknown,data/raw/price_406820_20260902_20261002.csv
009460,2026-10-02,2750.0,0.0036,0.0358,-0.0018,2741.0,2684.5,0.4206,0.0134,2,price_momentum,kis,data/raw/price_009460_20260604_20261002.csv
378800,2026-10-02,2640.0,0.0414,0.0353,0.071,2549.0,2549.75,2.8835,0.0132,2,price_momentum,kis,data/raw/price_378800_20260604_20261002.csv
020120,2026-10-02,8230.0,-0.0214,0.0352,0.1774,8292.0,8069.5,0.315,0.0837,2,price_momentum,kis,data/raw/price_020120_20260604_20261002.csv
009070,2026-10-02,4145.0,0.0147,0.035,0.0311,4049.0,4047.75,0.6455,0.0173,2,price_momentum,kis,data/raw/price_009070_20260604_20261002.csv
294630,2026-10-02,3120.0,0.0146,0.0348,0.1143,3048.0,3047.25,0.2451,0.0278,2,price_momentum,kis,data/raw/price_294630_20260604_20261002.csv
000500,2026-10-02,329500.0,0.0362,0.0345,0.6393,315500.0,275525.0,0.3775,0.0755,2,price_momentum,kis,data/raw/price_000500_20260604_20261002.csv
488900,2026-10-02,11090.0,0.0174,0.0336,0.2309,10750.0,10396.5,0.4913,0.0419,2,price_momentum,kis,data/raw/price_488900_20260604_20261002.csv
900300,2026-10-02,3025.0,0.1635,0.0324,-0.2549,2793.0,3156.25,6.6977,0.0517,2,price_momentum,kis,data/raw/price_900300_20260604_20261002.csv
039200,2026-10-02,36950.0,-0.0276,0.0321,0.0096,36300.0,35777.5,0.3878,0.0301,2,price_momentum,kis,data/raw/price_039200_20260604_20261002.csv
010950,2026-10-02,161500.0,0.0674,0.0319,0.0702,159400.0,154625.0,0.4498,0.0409,2,price_momentum,unknown,data/raw/price_010950_20260902_20261002.csv
250060,2026-10-02,3135.0,-0.0157,0.0312,0.07,3110.0,3048.5,0.5291,0.026,2,price_momentum,kis,data/raw/price_250060_20260604_20261002.csv
008930,2026-10-02,53700.0,0.019,0.0307,0.1234,52760.0,52340.0,0.1842,0.0376,2,price_momentum,kis,data/raw/price_008930_20260604_20261002.csv
219550,2026-10-02,1192.0,-0.005,0.0303,-0.0285,1193.2,1187.35,0.2084,0.0268,2,price_momentum,kis,data/raw/price_219550_20260604_20261002.csv
029460,2026-10-02,44650.0,-0.0078,0.03,0.1939,44720.0,41252.5,0.5505,0.034,2,price_momentum,kis,data/raw/price_029460_20260604_20261002.csv
038290,2026-10-02,12450.0,-0.0181,0.0298,0.0073,12402.0,12078.5,0.8084,0.0152,2,price_momentum,kis,data/raw/price_038290_20260604_20261002.csv
019570,2026-10-02,2820.0,0.0053,0.0292,-0.0157,2849.0,2830.0,0.1053,0.0262,2,price_momentum,kis,data/raw/price_019570_20260604_20261002.csv
389500,2026-10-02,44250.0,0.0486,0.0291,0.2625,42230.0,40417.5,0.6467,0.0353,2,price_momentum,kis,data/raw/price_389500_20260604_20261002.csv
144510,2026-10-02,14450.0,-0.019,0.0285,0.0547,14388.0,14380.5,0.3696,0.0316,2,price_momentum,kis,data/raw/price_144510_20260604_20261002.csv
229640,2026-10-02,65800.0,0.0411,0.0281,0.4853,63160.0,54885.0,0.5845,0.0524,2,price_momentum,kis,data/raw/price_229640_20260604_20261002.csv
046970,2026-10-02,8130.0,0.0972,0.0278,0.6424,7590.0,6893.25,1.0573,0.0813,2,price_momentum,kis,data/raw/price_046970_20260604_20261002.csv
382150,2026-10-02,3730.0,-0.0053,0.0275,0.0522,3786.0,3511.0,0.1145,0.0405,2,price_momentum,kis,data/raw/price_382150_20260604_20261002.csv
009150,2026-10-02,1547000.0,-0.009,0.0265,0.105,1529600.0,1430000.0,0.2381,0.0323,2,price_momentum,kis,data/raw/price_009150_20260604_20261002.csv
011200,2026-10-02,21325.0,0.0083,0.0252,0.0252,21115.0,21001.25,0.3388,0.0161,2,price_momentum,kis,data/raw/price_011200_20260604_20261002.csv
088790,2026-10-02,2500.0,-0.006,0.0246,0.0373,2511.0,2382.5,0.0431,0.022,2,price_momentum,kis,data/raw/price_088790_20260604_20261002.csv
069730,2026-10-02,5490.0,0.0,0.0243,-0.0266,5454.0,5389.5,0.4495,0.0117,2,price_momentum,kis,data/raw/price_069730_20260604_20261002.csv
138040,2026-10-02,128600.0,0.011,0.0239,-0.0092,129640.0,129355.0,0.1899,0.0296,2,price_momentum,kis,data/raw/price_138040_20260604_20261002.csv
199800,2026-10-02,34550.0,-0.0482,0.0237,0.0029,35550.0,33820.0,0.4905,0.0424,2,price_momentum,kis,data/raw/price_199800_20260604_20261002.csv
399720,2026-10-02,48300.0,-0.0021,0.0222,0.1667,46810.0,43515.0,0.5877,0.0362,2,price_momentum,unknown,data/raw/price_399720_20260902_20261002.csv
039020,2026-10-02,2610.0,-0.0019,0.0215,-0.0188,2623.0,2596.0,0.4459,0.0145,2,price_momentum,kis,data/raw/price_039020_20260604_20261002.csv
038870,2026-10-02,2135.0,0.0118,0.0215,0.1591,2151.0,2004.65,0.0855,0.03,2,price_momentum,kis,data/raw/price_038870_20260604_20261002.csv
460940,2026-10-02,5260.0,0.0077,0.0214,0.0478,5144.0,5086.75,0.3547,0.0265,2,price_momentum,kis,data/raw/price_460940_20260604_20261002.csv
018470,2026-10-02,5240.0,0.0116,0.0214,0.0771,5214.0,5000.5,0.2652,0.0169,2,price_momentum,kis,data/raw/price_018470_20260604_20261002.csv
014530,2026-10-02,3340.0,0.0045,0.0214,0.0341,3347.0,3332.5,0.0282,0.014,2,price_momentum,kis,data/raw/price_014530_20260604_20261002.csv
005940,2026-10-02,26550.0,0.0019,0.0212,0.0192,26270.0,26200.0,0.2836,0.0121,2,price_momentum,kis,data/raw/price_005940_20260604_20261002.csv
237690,2026-10-02,93200.0,-0.0251,0.0208,-0.0791,93380.0,92485.0,0.3239,0.0274,2,price_momentum,kis,data/raw/price_237690_20260604_20261002.csv
277070,2026-10-02,3470.0,0.0,0.0206,0.0515,3396.0,3222.5,0.04,0.0326,2,price_momentum,kis,data/raw/price_277070_20260604_20261002.csv
052400,2026-10-02,37650.0,-0.0157,0.0203,0.0013,38040.0,37255.0,0.2848,0.0303,2,price_momentum,kis,data/raw/price_052400_20260604_20261002.csv
016380,2026-10-02,5660.0,0.0018,0.0198,0.0404,5642.0,5621.5,0.7233,0.0124,2,price_momentum,kis,data/raw/price_016380_20260604_20261002.csv
030530,2026-10-02,28850.0,0.0304,0.0194,0.6542,27420.0,24808.5,0.3997,0.0763,2,price_momentum,kis,data/raw/price_030530_20260604_20261002.csv
090080,2026-10-02,1019.0,-0.0078,0.019,0.0451,1025.8,1001.3,0.0894,0.0104,2,price_momentum,kis,data/raw/price_090080_20260604_20261002.csv
078130,2026-10-02,3555.0,0.0028,0.0186,-0.0014,3512.0,3485.25,0.2998,0.0145,2,price_momentum,kis,data/raw/price_078130_20260604_20261002.csv
451760,2026-10-02,8450.0,0.006,0.0181,0.2176,8286.0,7711.5,0.5305,0.0338,2,price_momentum,kis,data/raw/price_451760_20260604_20261002.csv
321370,2026-10-02,1833.0,0.0663,0.0178,0.6588,1752.2,1458.9,0.3431,0.0729,2,price_momentum,kis,data/raw/price_321370_20260604_20261002.csv
088390,2026-10-02,8240.0,0.0,0.0173,0.0098,8162.0,8078.0,0.641,0.0077,2,price_momentum,kis,data/raw/price_088390_20260604_20261002.csv
391710,2026-10-02,1258.0,-0.0063,0.017,0.0743,1264.2,1228.15,0.1318,0.0677,2,price_momentum,kis,data/raw/price_391710_20260604_20261002.csv
070590,2026-10-02,2155.0,0.0023,0.0165,0.1378,2143.0,2093.45,0.0091,0.0252,2,price_momentum,kis,data/raw/price_070590_20260604_20261002.csv
033530,2026-10-02,6810.0,0.0089,0.0164,-0.0029,6766.0,6762.5,0.4484,0.0128,2,price_momentum,kis,data/raw/price_033530_20260604_20261002.csv
032800,2026-10-02,1487.0,-0.0027,0.0164,0.015,1484.2,1479.55,0.3821,0.0088,2,price_momentum,kis,data/raw/price_032800_20260604_20261002.csv
226590,2026-10-02,14980.0,0.0013,0.0163,0.2189,14566.0,13422.5,0.5703,0.0355,2,price_momentum,kis,data/raw/price_226590_20260604_20261002.csv
014790,2026-10-02,2490.0,-0.004,0.0163,-0.0349,2517.0,2508.75,0.2597,0.0168,2,price_momentum,kis,data/raw/price_014790_20260604_20261002.csv
021240,2026-10-02,101400.0,0.0211,0.016,0.0274,100640.0,100230.0,0.2147,0.0264,2,price_momentum,kis,data/raw/price_021240_20260604_20261002.csv
186230,2026-10-02,3245.0,0.0204,0.0141,-0.0807,3190.0,3303.5,1.5197,0.0118,2,price_momentum,kis,data/raw/price_186230_20260604_20261002.csv
206560,2026-10-02,937.0,0.0308,0.0141,0.0388,944.6,931.55,0.7892,0.0286,2,price_momentum,kis,data/raw/price_206560_20260604_20261002.csv
356890,2026-10-02,2575.0,0.0341,0.0118,0.1147,2546.0,2489.25,0.0559,0.0331,2,price_momentum,kis,data/raw/price_356890_20260604_20261002.csv
099750,2026-10-02,7300.0,0.0014,0.0097,0.1283,7292.0,7027.0,0.1208,0.0371,2,price_momentum,kis,data/raw/price_099750_20260604_20261002.csv
033780,2026-10-02,175900.0,0.0069,0.0092,0.0086,175880.0,173155.0,0.2038,0.0109,2,price_momentum,kis,data/raw/price_033780_20260604_20261002.csv
487570,2026-10-02,49900.0,-0.0119,0.0091,0.0363,51180.0,49192.5,0.3199,0.0203,2,price_momentum,kis,data/raw/price_487570_20260604_20261002.csv
053580,2026-10-02,6980.0,-0.0029,0.0087,-0.0057,7042.0,7029.5,0.6308,0.0157,2,price_momentum,kis,data/raw/price_053580_20260604_20261002.csv
032680,2026-10-02,1007.0,0.001,0.008,0.0851,1009.8,941.7,0.0559,0.0322,2,price_momentum,kis,data/raw/price_032680_20260604_20261002.csv
226330,2026-10-02,1299.0,-0.0054,0.0078,-0.0364,1313.0,1284.15,0.0948,0.0454,2,price_momentum,kis,data/raw/price_226330_20260604_20261002.csv
001040,2026-10-02,131000.0,-0.0046,0.0077,0.0054,133780.0,131110.0,0.1066,0.0194,2,price_momentum,kis,data/raw/price_001040_20260604_20261002.csv
033310,2026-10-02,1469.0,0.0,0.0075,-0.0054,1477.8,1454.8,0.2049,0.0182,2,price_momentum,kis,data/raw/price_033310_20260604_20261002.csv
040910,2026-10-02,4160.0,0.0122,0.0073,-0.0776,4114.0,4214.25,1.5326,0.0115,2,price_momentum,kis,data/raw/price_040910_20260604_20261002.csv
475580,2026-10-02,7510.0,0.0162,0.0067,0.0489,7410.0,7369.0,0.1286,0.0255,2,price_momentum,kis,data/raw/price_475580_20260604_20261002.csv
089860,2026-10-02,49950.0,-0.0206,0.006,-0.0109,50200.0,49572.5,0.7049,0.0115,2,price_momentum,kis,data/raw/price_089860_20260604_20261002.csv
011300,2026-10-02,2875.0,0.0052,0.0052,0.1431,2873.0,2563.5,0.2067,0.0504,2,price_momentum,kis,data/raw/price_011300_20260604_20261002.csv
011420,2026-10-02,1440.0,-0.0069,0.0049,-0.0237,1443.6,1440.85,0.5271,0.0163,2,price_momentum,kis,data/raw/price_011420_20260604_20261002.csv
010120,2026-10-02,208000.0,0.0097,0.0048,0.0629,205800.0,203980.0,0.282,0.0256,2,price_momentum,unknown,data/raw/price_010120_20260902_20261002.csv
376270,2026-10-02,34350.0,0.0425,0.0044,-0.0901,33100.0,34777.5,1.5247,0.0199,2,price_momentum,kis,data/raw/price_376270_20260604_20261002.csv
004410,2026-10-02,1216.0,0.0,0.0025,-0.0425,1214.4,1206.8,0.2791,0.0159,2,price_momentum,kis,data/raw/price_004410_20260604_20261002.csv
459510,2026-10-02,15720.0,0.0064,0.0019,0.1237,15560.0,15492.5,0.1602,0.0521,2,price_momentum,kis,data/raw/price_459510_20260604_20261002.csv
203650,2026-10-02,2795.0,0.0276,0.0018,0.3735,2758.0,2536.6,0.2305,0.0603,2,price_momentum,kis,data/raw/price_203650_20260604_20261002.csv
131100,2026-10-02,3125.0,0.0776,0.0016,0.414,2894.0,2516.75,0.6213,0.075,2,price_momentum,kis,data/raw/price_131100_20260604_20261002.csv
024830,2026-10-02,8320.0,0.0134,0.0012,-0.0303,8336.0,8433.5,1.7584,0.0112,2,price_momentum,kis,data/raw/price_024830_20260604_20261002.csv
041960,2026-10-02,9860.0,0.0041,0.001,0.1359,9820.0,9676.5,0.1878,0.0302,2,price_momentum,kis,data/raw/price_041960_20260604_20261002.csv
148250,2026-10-02,2000.0,-0.0148,0.0005,0.1274,2020.0,1977.9,0.098,0.0266,2,price_momentum,kis,data/raw/price_148250_20260604_20261002.csv
000300,2026-10-02,4200.0,0.0,0.0,0.0,4200.0,4200.0,0.0,0.0,2,price_momentum,kis,data/raw/price_000300_20260604_20261002.csv
001470,2026-10-02,5820.0,0.0,0.0,0.0,5820.0,5820.0,0.0,0.0,2,price_momentum,kis,data/raw/price_001470_20260604_20261002.csv
011000,2026-10-02,2670.0,0.0,0.0,0.0,2670.0,2670.0,0.0,0.0,2,price_momentum,kis,data/raw/price_011000_20260604_20261002.csv
011810,2026-10-02,3530.0,0.0,0.0,0.0,3530.0,3530.0,0.0,0.0,2,price_momentum,kis,data/raw/price_011810_20260604_20261002.csv
017040,2026-10-02,932.0,0.0,0.0,0.0,932.0,932.0,0.0,0.0,2,price_momentum,kis,data/raw/price_017040_20260604_20261002.csv
019490,2026-10-02,541.0,0.0,0.0,0.0,541.0,541.0,0.0,0.0,2,price_momentum,kis,data/raw/price_019490_20260604_20261002.csv
023440,2026-10-02,521.0,0.0,0.0,0.0,521.0,521.0,0.0,0.0,2,price_momentum,kis,data/raw/price_023440_20260604_20261002.csv
031860,2026-10-02,6930.0,0.0,0.0,0.0,6930.0,6930.0,0.0,0.0,2,price_momentum,kis,data/raw/price_031860_20260604_20261002.csv
043100,2026-10-02,520.0,0.0,0.0,0.0,520.0,520.0,0.0,0.0,2,price_momentum,kis,data/raw/price_043100_20260604_20261002.csv
052770,2026-10-02,312.0,0.0,0.0,0.0,312.0,312.0,0.0,0.0,2,price_momentum,kis,data/raw/price_052770_20260604_20261002.csv
065420,2026-10-02,940.0,0.0,0.0,0.0,940.0,940.0,0.0,0.0,2,price_momentum,kis,data/raw/price_065420_20260604_20261002.csv
066410,2026-10-02,1153.0,0.0,0.0,0.0,1153.0,1153.0,0.0,0.0,2,price_momentum,kis,data/raw/price_066410_20260604_20261002.csv
066790,2026-10-02,2205.0,0.0,0.0,0.0,2205.0,2205.0,0.0,0.0,2,price_momentum,kis,data/raw/price_066790_20260604_20261002.csv
068240,2026-10-02,2530.0,0.0,0.0,0.0,2530.0,2530.0,0.0,0.0,2,price_momentum,kis,data/raw/price_068240_20260604_20261002.csv
068940,2026-10-02,778.0,0.0,0.0,0.0,778.0,778.0,0.0,0.0,2,price_momentum,kis,data/raw/price_068940_20260604_20261002.csv
069460,2026-10-02,2660.0,0.0,0.0,0.0,2660.0,2660.0,0.0,0.0,2,price_momentum,kis,data/raw/price_069460_20260604_20261002.csv
073190,2026-10-02,1622.0,0.0,0.0,0.0,1622.0,1622.0,0.0,0.0,2,price_momentum,kis,data/raw/price_073190_20260604_20261002.csv
073640,2026-10-02,654.0,0.0,0.0,0.0,654.0,654.0,0.0,0.0,2,price_momentum,kis,data/raw/price_073640_20260604_20261002.csv
074610,2026-10-02,5110.0,0.0,0.0,0.0,5110.0,5110.0,0.0,0.0,2,price_momentum,kis,data/raw/price_074610_20260604_20261002.csv
079970,2026-10-02,596.0,0.0,0.0,0.0,596.0,596.0,0.0,0.0,2,price_momentum,kis,data/raw/price_079970_20260604_20261002.csv
087260,2026-10-02,247.0,0.0,0.0,0.0,247.0,247.0,0.0,0.0,2,price_momentum,kis,data/raw/price_087260_20260604_20261002.csv
145210,2026-10-02,2240.0,0.0,0.0,0.0,2240.0,2240.0,0.0,0.0,2,price_momentum,kis,data/raw/price_145210_20260604_20261002.csv
183490,2026-10-02,990.0,0.0,0.0,0.0,990.0,990.0,0.0,0.0,2,price_momentum,kis,data/raw/price_183490_20260604_20261002.csv
203400,2026-10-02,676.0,0.0,0.0,0.0,676.0,676.0,0.0,0.0,2,price_momentum,kis,data/raw/price_203400_20260604_20261002.csv
276040,2026-10-02,327.0,0.0,0.0,0.0,327.0,327.0,0.0,0.0,2,price_momentum,kis,data/raw/price_276040_20260604_20261002.csv
288330,2026-10-02,416.0,0.0,0.0,0.0,416.0,416.0,0.0,0.0,2,price_momentum,kis,data/raw/price_288330_20260604_20261002.csv
294090,2026-10-02,1490.0,0.0,0.0,0.0,1490.0,1490.0,0.0,0.0,2,price_momentum,kis,data/raw/price_294090_20260604_20261002.csv
313760,2026-10-02,468.0,0.0,0.0,0.0,468.0,468.0,0.0,0.0,2,price_momentum,kis,data/raw/price_313760_20260604_20261002.csv
348950,2026-10-02,1182.0,0.0,0.0,0.0,1182.0,1182.0,0.0,0.0,2,price_momentum,kis,data/raw/price_348950_20260604_20261002.csv
377460,2026-10-02,4080.0,0.0,0.0,0.0,4080.0,4080.0,0.0,0.0,2,price_momentum,kis,data/raw/price_377460_20260604_20261002.csv
380540,2026-10-02,8450.0,0.0,0.0,0.0,8450.0,8450.0,0.0,0.0,2,price_momentum,kis,data/raw/price_380540_20260604_20261002.csv
900120,2026-10-02,1040.0,0.0,0.0,0.0,1040.0,1040.0,0.0,0.0,2,price_momentum,kis,data/raw/price_900120_20260604_20261002.csv
094280,2026-10-02,11950.0,0.0042,-0.0075,-0.0091,11944.0,11999.0,0.0594,0.0038,2,price_momentum,kis,data/raw/price_094280_20260604_20261002.csv
397030,2026-10-02,17710.0,-0.1685,-0.0221,0.0345,19320.0,18058.0,3.8519,0.0504,2,price_momentum,kis,data/raw/price_397030_20260604_20261002.csv
084180,2026-09-30,210.0,-0.0411,0.2963,-0.65,212.8,287.85,0.9793,0.1731,1,neutral,kis,data/raw/price_084180_20260604_20261002.csv
475460,2026-10-02,2855.0,0.0458,0.1397,0.1338,2681.0,2709.95,0.1679,0.0344,1,neutral,kis,data/raw/price_475460_20260604_20261002.csv
101000,2026-10-02,1440.0,-0.04,0.0901,0.8557,1516.6,1548.55,0.0352,0.139,1,neutral,unknown,data/raw/price_101000_20260902_20261002.csv
493330,2026-10-02,12290.0,0.0124,0.0895,-0.1101,12190.0,12661.0,0.3486,0.0384,1,neutral,kis,data/raw/price_493330_20260604_20261002.csv
028670,2026-10-02,6100.0,0.0392,0.0873,0.1071,5822.0,5879.0,0.4834,0.0266,1,neutral,unknown,data/raw/price_028670_20260902_20261002.csv
215570,2026-10-02,600.0,0.0,0.083,-0.1416,599.8,621.55,0.0002,0.0656,1,neutral,kis,data/raw/price_215570_20260604_20261002.csv
257370,2026-10-02,1933.0,-0.0113,0.0799,0.0471,1869.6,1884.8,0.6568,0.035,1,neutral,kis,data/raw/price_257370_20260604_20261002.csv
179530,2026-10-02,1891.0,0.0465,0.0781,-0.257,1792.8,2039.05,0.7555,0.0386,1,neutral,kis,data/raw/price_179530_20260604_20261002.csv
300080,2026-10-02,9160.0,0.0,0.0776,0.0517,9008.0,9027.5,0.1206,0.037,1,neutral,kis,data/raw/price_300080_20260604_20261002.csv
044380,2026-10-02,436.0,0.0,0.0765,-0.5967,436.0,597.75,0.0,0.0629,1,neutral,kis,data/raw/price_044380_20260604_20261002.csv
297890,2026-10-02,1654.0,0.0055,0.0754,-0.0125,1610.0,1633.05,0.4786,0.0152,1,neutral,kis,data/raw/price_297890_20260604_20261002.csv
373200,2026-10-02,1849.0,0.033,0.07,0.075,1743.8,1831.9,0.3485,0.0537,1,neutral,unknown,data/raw/price_373200_20260902_20261002.csv
038680,2026-10-02,3840.0,0.0172,0.0696,-0.0179,3722.0,3773.25,0.5435,0.0191,1,neutral,kis,data/raw/price_038680_20260604_20261002.csv
004380,2026-10-02,7860.0,0.0248,0.0665,-0.0175,7598.0,7707.5,0.5181,0.0166,1,neutral,kis,data/raw/price_004380_20260604_20261002.csv
007460,2026-10-02,2140.0,0.083,0.0647,0.0388,2003.6,2021.9,0.9691,0.0277,1,neutral,kis,data/raw/price_007460_20260604_20261002.csv
002880,2026-10-02,3665.0,0.0266,0.0608,-0.0266,3513.0,3557.0,0.2693,0.0224,1,neutral,kis,data/raw/price_002880_20260604_20261002.csv
084110,2026-10-02,22550.0,-0.0174,0.0587,-0.0796,22150.0,22425.0,0.2097,0.0225,1,neutral,kis,data/raw/price_084110_20260604_20261002.csv
100090,2026-10-02,12020.0,0.0042,0.0581,0.0017,11784.0,12242.0,0.1921,0.0315,1,neutral,kis,data/raw/price_100090_20260604_20261002.csv
001740,2026-10-02,6420.0,-0.0047,0.0577,0.0288,6280.0,6299.5,0.7442,0.0156,1,neutral,kis,data/raw/price_001740_20260604_20261002.csv
032300,2026-10-02,7650.0,0.02,0.0566,-0.028,7392.0,7510.0,0.2917,0.0166,1,neutral,kis,data/raw/price_032300_20260604_20261002.csv
389020,2026-10-02,17090.0,0.0602,0.0556,-0.1977,16204.0,18279.0,1.2825,0.0639,1,neutral,kis,data/raw/price_389020_20260604_20261002.csv
317690,2026-10-02,2310.0,0.0022,0.0548,-0.0294,2257.0,2302.5,0.33,0.0248,1,neutral,kis,data/raw/price_317690_20260604_20261002.csv
334970,2026-10-02,1437.0,0.007,0.0535,-0.1784,1393.0,1504.9,0.2015,0.035,1,neutral,kis,data/raw/price_334970_20260604_20261002.csv
900100,2026-10-02,1096.0,0.0,0.0528,-0.4534,1096.0,1626.6,0.0,0.1286,1,neutral,kis,data/raw/price_900100_20260604_20261002.csv
006730,2026-10-02,11140.0,0.0258,0.0509,-0.0245,10902.0,11037.5,0.6224,0.0262,1,neutral,kis,data/raw/price_006730_20260604_20261002.csv
007570,2026-10-02,8110.0,0.0,0.0505,-0.0414,8040.0,8072.0,0.2828,0.0133,1,neutral,kis,data/raw/price_007570_20260604_20261002.csv
950220,2026-10-02,1981.0,0.0046,0.0504,-0.1516,1952.0,2086.95,0.1753,0.0423,1,neutral,kis,data/raw/price_950220_20260604_20261002.csv
014710,2026-10-02,9660.0,-0.0213,0.05,-0.08,9752.0,10098.0,0.5819,0.0256,1,neutral,kis,data/raw/price_014710_20260604_20261002.csv
091590,2026-10-02,6180.0,0.0115,0.0439,-0.2304,6180.0,6605.0,0.1051,0.0315,1,neutral,kis,data/raw/price_091590_20260604_20261002.csv
453450,2026-10-02,13110.0,0.01,0.0438,0.0008,12784.0,12801.0,0.4998,0.0191,1,neutral,kis,data/raw/price_453450_20260604_20261002.csv
097230,2026-10-02,15290.0,0.0187,0.043,-0.0396,14890.0,15389.0,0.6003,0.0185,1,neutral,kis,data/raw/price_097230_20260604_20261002.csv
019210,2026-10-02,12640.0,-0.0071,0.0412,-0.0156,12616.0,13046.5,0.6472,0.0339,1,neutral,kis,data/raw/price_019210_20260604_20261002.csv
066980,2026-10-02,1524.0,-0.0007,0.041,-0.0091,1492.2,1498.7,0.5572,0.0184,1,neutral,kis,data/raw/price_066980_20260604_20261002.csv
114450,2026-10-02,2290.0,0.0044,0.0409,0.0133,2251.0,2253.25,0.375,0.0168,1,neutral,kis,data/raw/price_114450_20260604_20261002.csv
108230,2026-10-02,3275.0,-0.0015,0.0397,0.0514,3237.0,3241.0,0.175,0.0246,1,neutral,kis,data/raw/price_108230_20260604_20261002.csv
004090,2026-10-02,11970.0,0.0266,0.0382,0.064,11710.0,11776.0,0.1373,0.028,1,neutral,kis,data/raw/price_004090_20260604_20261002.csv
022100,2026-10-02,20750.0,0.0122,0.038,-0.0072,20244.0,21058.0,0.0949,0.0178,1,neutral,kis,data/raw/price_022100_20260604_20261002.csv
107640,2026-10-02,41750.0,0.0012,0.0373,0.0543,41040.0,41185.0,0.3988,0.0254,1,neutral,kis,data/raw/price_107640_20260604_20261002.csv
011560,2026-10-02,25200.0,-0.0289,0.037,0.0265,24220.0,24310.0,0.7016,0.0376,1,neutral,kis,data/raw/price_011560_20260604_20261002.csv
900290,2026-10-02,3510.0,-0.0344,0.0369,-0.1643,3417.0,3616.25,0.7222,0.0401,1,neutral,kis,data/raw/price_900290_20260604_20261002.csv
032790,2026-10-02,1270.0,-0.0031,0.0367,0.0967,1277.4,1311.75,0.0943,0.07,1,neutral,unknown,data/raw/price_032790_20260902_20261002.csv
079810,2026-10-02,3680.0,0.0194,0.0366,-0.0303,3595.0,3734.0,0.713,0.0237,1,neutral,kis,data/raw/price_079810_20260604_20261002.csv
196170,2026-10-02,259000.0,-0.0226,0.036,-0.1323,256900.0,264050.0,0.2999,0.0211,1,neutral,kis,data/raw/price_196170_20260604_20261002.csv
443250,2026-10-02,5180.0,0.0039,0.036,-0.1038,5105.0,5408.75,0.2066,0.022,1,neutral,kis,data/raw/price_443250_20260604_20261002.csv
120110,2026-10-02,56100.0,0.0181,0.0351,-0.0036,55440.0,55630.0,0.2698,0.0286,1,neutral,kis,data/raw/price_120110_20260604_20261002.csv
900110,2026-10-02,5620.0,0.0293,0.035,-0.0647,5482.0,5788.95,0.226,0.0159,1,neutral,kis,data/raw/price_900110_20260604_20261002.csv
298000,2026-10-02,53400.0,0.0019,0.0349,-0.0464,53380.0,54500.0,0.2591,0.0162,1,neutral,kis,data/raw/price_298000_20260604_20261002.csv
012450,2026-10-02,1056000.0,0.0213,0.0343,0.0302,1028600.0,1054050.0,0.326,0.0269,1,neutral,kis,data/raw/price_012450_20260604_20261002.csv
263800,2026-10-02,4705.0,0.0195,0.0341,0.0118,4579.0,4689.25,0.4285,0.0182,1,neutral,kis,data/raw/price_263800_20260604_20261002.csv
407400,2026-10-02,1950.0,0.0104,0.0339,-0.0972,1925.0,2005.6,0.3524,0.0154,1,neutral,kis,data/raw/price_407400_20260604_20261002.csv
309930,2026-10-02,884.0,0.0549,0.0327,-0.0254,843.8,886.5,1.0219,0.041,1,neutral,kis,data/raw/price_309930_20260604_20261002.csv
373220,2026-10-02,363500.0,0.0097,0.0327,0.046,358600.0,359750.0,0.2517,0.0262,1,neutral,unknown,data/raw/price_373220_20260902_20261002.csv
094820,2026-10-02,12180.0,0.0158,0.0322,0.0953,11870.0,11994.0,0.4539,0.0267,1,neutral,kis,data/raw/price_094820_20260604_20261002.csv
047810,2026-10-02,131600.0,0.0354,0.0322,0.0734,128380.0,128900.0,0.4221,0.0215,1,neutral,kis,data/raw/price_047810_20260604_20261002.csv
448730,2026-10-02,5010.0,-0.004,0.0319,-0.0653,4983.0,5145.25,0.1225,0.0211,1,neutral,kis,data/raw/price_448730_20260604_20261002.csv
484870,2026-10-02,18160.0,0.0589,0.0318,0.026,17802.0,17842.5,0.484,0.0326,1,neutral,kis,data/raw/price_484870_20260604_20261002.csv
064260,2026-10-02,4505.0,0.0078,0.0309,-0.099,4425.0,4692.0,0.3926,0.0321,1,neutral,kis,data/raw/price_064260_20260604_20261002.csv
121440,2026-10-02,7760.0,0.0131,0.0305,0.0197,7696.0,7767.5,0.2472,0.0425,1,neutral,kis,data/raw/price_121440_20260604_20261002.csv
004140,2026-10-02,1799.0,0.0033,0.0304,0.0067,1782.8,1788.85,0.2099,0.0094,1,neutral,kis,data/raw/price_004140_20260604_20261002.csv
290670,2026-10-02,5460.0,0.0302,0.0302,-0.0586,5324.0,5631.0,0.7697,0.0231,1,neutral,kis,data/raw/price_290670_20260604_20261002.csv
109860,2026-10-02,7540.0,-0.0092,0.0301,0.0259,7452.0,7480.0,0.3549,0.0227,1,neutral,kis,data/raw/price_109860_20260604_20261002.csv
003670,2026-10-02,185100.0,0.0131,0.0289,0.0517,181440.0,183645.0,0.4563,0.033,1,neutral,kis,data/raw/price_003670_20260604_20261002.csv
047050,2026-10-02,56900.0,0.0289,0.0289,0.0695,56080.0,56190.0,0.0931,0.0313,1,neutral,kis,data/raw/price_047050_20260604_20261002.csv
003620,2026-10-02,2540.0,0.0079,0.0283,-0.0231,2514.0,2597.25,0.2894,0.0176,1,neutral,kis,data/raw/price_003620_20260604_20261002.csv
004870,2026-10-02,989.0,-0.005,0.0281,-0.1393,987.2,1055.0,0.1955,0.0442,1,neutral,kis,data/raw/price_004870_20260604_20261002.csv
243070,2026-10-02,19350.0,0.0026,0.0276,-0.0742,19164.0,19929.5,0.2106,0.0118,1,neutral,kis,data/raw/price_243070_20260604_20261002.csv
009730,2026-10-02,2015.0,-0.0147,0.027,0.0121,2035.8,2060.85,0.3724,0.0845,1,neutral,kis,data/raw/price_009730_20260604_20261002.csv
005250,2026-10-02,9690.0,-0.0051,0.0265,-0.0162,9608.0,9676.0,0.2182,0.0115,1,neutral,kis,data/raw/price_005250_20260604_20261002.csv
213420,2026-10-02,29750.0,-0.0149,0.0259,-0.093,29490.0,30402.5,0.1915,0.0339,1,neutral,kis,data/raw/price_213420_20260604_20261002.csv
068270,2026-10-02,181900.0,-0.0093,0.0254,-0.0236,180080.0,180880.0,0.3997,0.0123,1,neutral,kis,data/raw/price_068270_20260604_20261002.csv
064400,2026-10-02,71100.0,0.0057,0.0245,-0.0456,70020.0,71215.0,0.3761,0.0208,1,neutral,kis,data/raw/price_064400_20260604_20261002.csv
025950,2026-10-02,10120.0,0.002,0.0243,0.0,9960.0,10047.0,0.6969,0.0134,1,neutral,kis,data/raw/price_025950_20260604_20261002.csv
038500,2026-10-02,6790.0,0.0015,0.0241,-0.0699,6662.0,6883.5,0.3932,0.0174,1,neutral,kis,data/raw/price_038500_20260604_20261002.csv
141080,2026-10-02,82700.0,-0.0406,0.0235,-0.0892,81600.0,84615.0,0.6975,0.0274,1,neutral,kis,data/raw/price_141080_20260604_20261002.csv
003520,2026-10-02,1045.0,-0.0114,0.0225,-0.0695,1037.2,1054.95,0.2676,0.0129,1,neutral,kis,data/raw/price_003520_20260604_20261002.csv
082740,2026-10-02,48650.0,0.0031,0.0221,0.0896,48070.0,48420.0,0.2634,0.0384,1,neutral,kis,data/raw/price_082740_20260604_20261002.csv
006490,2026-10-02,1385.0,-0.0267,0.0221,-0.0219,1379.8,1650.75,0.1527,0.1314,1,neutral,unknown,data/raw/price_006490_20260902_20261002.csv
086710,2026-10-02,6940.0,0.0131,0.0221,-0.088,6852.0,6888.0,0.0944,0.0137,1,neutral,kis,data/raw/price_086710_20260604_20261002.csv
142760,2026-10-02,477.0,-0.0104,0.0214,-0.2975,481.0,501.9,0.0329,0.0692,1,neutral,unknown,data/raw/price_142760_20260902_20261002.csv
002210,2026-10-02,1292.0,-0.0039,0.0213,-0.0882,1276.0,1357.45,0.1635,0.0177,1,neutral,kis,data/raw/price_002210_20260604_20261002.csv
214420,2026-10-02,5090.0,0.0,0.0211,-0.0378,5034.0,5113.25,0.4122,0.0132,1,neutral,kis,data/raw/price_214420_20260604_20261002.csv
122830,2026-10-02,1265.0,0.0185,0.021,-0.0373,1247.2,1279.3,0.0395,0.0175,1,neutral,kis,data/raw/price_122830_20260604_20261002.csv
103140,2026-10-02,78300.0,0.0051,0.0209,0.0142,77920.0,78005.0,0.2834,0.0171,1,neutral,kis,data/raw/price_103140_20260604_20261002.csv
090710,2026-10-02,6460.0,0.0157,0.0205,0.0521,6216.0,6252.0,0.7114,0.0255,1,neutral,kis,data/raw/price_090710_20260604_20261002.csv
006840,2026-10-02,6970.0,-0.0029,0.0205,-0.0768,6862.0,7237.5,0.4361,0.0259,1,neutral,kis,data/raw/price_006840_20260604_20261002.csv
046940,2026-10-02,2760.0,0.0018,0.0203,-0.0548,2731.0,2809.5,0.2033,0.0119,1,neutral,kis,data/raw/price_046940_20260604_20261002.csv
006370,2026-10-02,3015.0,-0.0115,0.0203,-0.1884,2971.0,3218.75,0.1544,0.0276,1,neutral,kis,data/raw/price_006370_20260604_20261002.csv
095190,2026-10-02,1867.0,0.0103,0.0202,0.0219,1846.4,1853.3,0.1009,0.0155,1,neutral,kis,data/raw/price_095190_20260604_20261002.csv
002720,2026-10-02,3300.0,0.0092,0.0201,-0.0337,3257.0,3292.75,0.2833,0.0085,1,neutral,kis,data/raw/price_002720_20260604_20261002.csv
004830,2026-10-02,3315.0,0.0091,0.02,0.0015,3270.0,3285.5,0.3607,0.0103,1,neutral,kis,data/raw/price_004830_20260604_20261002.csv
058820,2026-10-02,562.0,0.0,0.02,-0.0344,557.2,582.3,0.0,0.0251,1,neutral,kis,data/raw/price_058820_20260604_20261002.csv
251270,2026-10-02,35000.0,0.0029,0.0189,-0.0541,34870.0,35075.0,0.0595,0.0147,1,neutral,kis,data/raw/price_251270_20260604_20261002.csv
950210,2026-10-02,6080.0,-0.0114,0.0184,-0.0952,6060.0,6133.0,0.2463,0.0177,1,neutral,kis,data/raw/price_950210_20260604_20261002.csv
007280,2026-10-02,2270.0,0.0067,0.0179,-0.0522,2255.0,2317.75,0.2953,0.0169,1,neutral,kis,data/raw/price_007280_20260604_20261002.csv
003960,2026-10-02,27075.0,0.0009,0.0179,-0.1181,27145.0,28196.25,0.2701,0.0164,1,neutral,kis,data/raw/price_003960_20260604_20261002.csv
011370,2026-10-02,3740.0,0.0081,0.0177,-0.0248,3694.0,3777.25,0.5233,0.0111,1,neutral,kis,data/raw/price_011370_20260604_20261002.csv
205500,2026-10-02,1804.0,-0.0131,0.0169,-0.0243,1777.8,1825.65,0.1934,0.022,1,neutral,kis,data/raw/price_205500_20260604_20261002.csv
001530,2026-10-02,25500.0,-0.0078,0.0159,-0.0909,25630.0,26520.0,0.1925,0.0251,1,neutral,kis,data/raw/price_001530_20260604_20261002.csv
115480,2026-10-02,2280.0,-0.0065,0.0156,-0.042,2275.0,2320.75,0.1288,0.022,1,neutral,kis,data/raw/price_115480_20260604_20261002.csv
003850,2026-10-02,8400.0,-0.0071,0.0145,-0.0519,8352.0,8620.5,0.1921,0.0244,1,neutral,kis,data/raw/price_003850_20260604_20261002.csv
317400,2026-10-02,9920.0,0.028,0.0143,-0.0227,9746.0,10296.0,0.287,0.0511,1,neutral,kis,data/raw/price_317400_20260604_20261002.csv
069620,2026-10-02,107700.0,-0.0173,0.0141,-0.1322,107840.0,110770.0,0.2854,0.0216,1,neutral,kis,data/raw/price_069620_20260604_20261002.csv
358570,2026-10-02,9010.0,-0.0343,0.0135,0.1123,8622.0,8666.0,0.6094,0.06,1,neutral,unknown,data/raw/price_358570_20260902_20261002.csv
302550,2026-10-02,2650.0,0.0134,0.0134,-0.0149,2634.0,2650.25,0.1296,0.0144,1,neutral,kis,data/raw/price_302550_20260604_20261002.csv
017670,2026-10-02,88200.0,0.022,0.0126,-0.035,86900.0,88960.0,0.4827,0.0174,1,neutral,kis,data/raw/price_017670_20260604_20261002.csv
332290,2026-10-02,4425.0,0.0023,0.0126,-0.0134,4372.0,4420.0,0.1497,0.0094,1,neutral,kis,data/raw/price_332290_20260604_20261002.csv
363280,2026-10-02,2045.0,0.0074,0.0124,0.0397,2020.0,2060.8,0.0521,0.0123,1,neutral,kis,data/raw/price_363280_20260604_20261002.csv
207940,2026-10-02,1379000.0,-0.0268,0.0122,-0.0742,1386383.8,1403744.65,0.271,0.0132,1,neutral,unknown,data/raw/price_207940_20260902_20261002.csv
053950,2026-10-02,1995.0,-0.0075,0.0122,-0.0973,2016.8,2102.45,0.0259,0.0576,1,neutral,kis,data/raw/price_053950_20260604_20261002.csv
012160,2026-10-02,2160.0,0.041,0.0117,-0.1343,2076.0,2187.0,0.3025,0.0265,1,neutral,kis,data/raw/price_012160_20260604_20261002.csv
004890,2026-10-02,35000.0,0.0,0.0116,-0.0291,34780.0,35357.5,0.0415,0.0081,1,neutral,kis,data/raw/price_004890_20260604_20261002.csv
950160,2026-10-02,15980.0,-0.0292,0.0114,-0.1073,15852.0,16323.0,0.4134,0.0358,1,neutral,kis,data/raw/price_950160_20260604_20261002.csv
066590,2026-10-02,2320.0,0.0288,0.0109,-0.0607,2294.0,2354.0,0.4564,0.0159,1,neutral,unknown,data/raw/price_066590_20260902_20261002.csv
053060,2026-10-02,1224.0,0.0008,0.0107,-0.0309,1224.4,1240.05,0.3634,0.0074,1,neutral,kis,data/raw/price_053060_20260604_20261002.csv
210980,2026-10-02,3370.0,-0.0344,0.0105,-0.2014,3485.0,3714.0,0.1201,0.0409,1,neutral,kis,data/raw/price_210980_20260604_20261002.csv
006220,2026-10-02,9670.0,0.0126,0.0104,-0.0349,9614.0,9865.0,0.2647,0.0145,1,neutral,kis,data/raw/price_006220_20260604_20261002.csv
047040,2026-10-02,17620.0,-0.0079,0.0103,0.0823,17834.0,18431.5,0.226,0.0457,1,neutral,kis,data/raw/price_047040_20260604_20261002.csv
012170,2026-10-02,2965.0,0.0207,0.0102,-0.0497,2918.0,2957.5,0.2688,0.0411,1,neutral,kis,data/raw/price_012170_20260604_20261002.csv
013520,2026-10-02,2560.0,0.022,0.0099,-0.0303,2517.0,2527.75,0.8475,0.0168,1,neutral,kis,data/raw/price_013520_20260604_20261002.csv
003100,2026-10-02,20600.0,0.0,0.0098,0.0049,20520.0,20565.0,0.2794,0.0078,1,neutral,kis,data/raw/price_003100_20260604_20261002.csv
126720,2026-10-02,21550.0,0.0047,0.0094,0.0286,21410.0,21640.0,0.3859,0.0155,1,neutral,kis,data/raw/price_126720_20260604_20261002.csv
001210,2026-10-02,9930.0,0.0508,0.0091,-0.2534,9664.0,10962.0,0.9054,0.0419,1,neutral,kis,data/raw/price_001210_20260604_20261002.csv
003380,2026-10-02,11130.0,0.0174,0.0091,0.0402,10974.0,11105.5,0.3046,0.0159,1,neutral,kis,data/raw/price_003380_20260604_20261002.csv
014970,2026-10-02,4420.0,0.0138,0.0091,0.0091,4352.0,4453.75,0.0305,0.016,1,neutral,kis,data/raw/price_014970_20260604_20261002.csv
130660,2026-10-02,12400.0,0.0057,0.009,0.0455,12288.0,12728.0,0.1032,0.0277,1,neutral,kis,data/raw/price_130660_20260604_20261002.csv
181710,2026-10-02,56600.0,0.0053,0.0089,-0.1676,55700.0,58330.0,0.2528,0.0465,1,neutral,unknown,data/raw/price_181710_20260902_20261002.csv
036190,2026-10-02,34050.0,-0.0073,0.0089,0.0104,34130.0,34217.5,0.1504,0.0151,1,neutral,kis,data/raw/price_036190_20260604_20261002.csv
036460,2026-10-02,35900.0,0.0184,0.0084,-0.0297,35390.0,35925.0,0.5236,0.0208,1,neutral,kis,data/raw/price_036460_20260604_20261002.csv
010960,2026-10-02,3085.0,0.0082,0.0082,-0.0222,3070.0,3081.75,0.1663,0.009,1,neutral,kis,data/raw/price_010960_20260604_20261002.csv
058110,2026-10-02,1509.0,0.04,0.008,-0.0832,1476.2,1529.1,0.9011,0.0217,1,neutral,kis,data/raw/price_058110_20260604_20261002.csv
096350,2026-10-02,1905.0,0.0133,0.0079,0.0297,1874.6,1923.6,0.1553,0.0183,1,neutral,kis,data/raw/price_096350_20260604_20261002.csv
207490,2026-10-02,6400.0,0.0,0.0079,-0.0303,6390.0,6467.5,0.0,0.0117,1,neutral,unknown,data/raw/price_207490_20260902_20261002.csv
026150,2026-10-02,3925.0,0.0,0.0077,0.0315,3920.0,3929.25,0.2784,0.0207,1,neutral,kis,data/raw/price_026150_20260604_20261002.csv
267850,2026-10-02,9240.0,-0.0054,0.0076,-0.0032,9196.0,9203.5,0.1095,0.0073,1,neutral,kis,data/raw/price_267850_20260604_20261002.csv
004960,2026-10-02,10940.0,-0.0144,0.0074,-0.0545,10912.0,11558.5,0.4011,0.0234,1,neutral,kis,data/raw/price_004960_20260604_20261002.csv
006740,2026-10-02,4845.0,0.001,0.0073,-0.0683,4800.0,5000.0,0.1658,0.01,1,neutral,kis,data/raw/price_006740_20260604_20261002.csv
002810,2026-10-02,21100.0,-0.0254,0.0072,-0.0538,21520.0,21635.0,0.2964,0.0151,1,neutral,kis,data/raw/price_002810_20260604_20261002.csv
017810,2026-10-02,8780.0,0.0139,0.0069,-0.0864,8714.0,9044.0,0.2177,0.0127,1,neutral,kis,data/raw/price_017810_20260604_20261002.csv
307950,2026-10-02,380000.0,0.0,0.0066,-0.0143,375100.0,379150.0,0.3902,0.0252,1,neutral,kis,data/raw/price_307950_20260604_20261002.csv
175140,2026-10-02,2325.0,0.0109,0.0065,-0.0953,2305.0,2387.75,0.2442,0.0286,1,neutral,kis,data/raw/price_175140_20260604_20261002.csv
061250,2026-10-02,6390.0,-0.0062,0.0063,-0.2714,6438.0,7470.0,0.1869,0.0711,1,neutral,kis,data/raw/price_061250_20260604_20261002.csv
373170,2026-10-02,1817.0,-0.0033,0.0061,-0.1778,1796.0,1937.05,0.0147,0.0357,1,neutral,kis,data/raw/price_373170_20260604_20261002.csv
001390,2026-10-02,4240.0,0.0,0.0059,-0.0407,4238.0,4363.0,0.2219,0.0112,1,neutral,kis,data/raw/price_001390_20260604_20261002.csv
003920,2026-10-02,42350.0,0.0,0.0059,-0.0375,42210.0,42787.5,0.2158,0.0083,1,neutral,kis,data/raw/price_003920_20260604_20261002.csv
006400,2026-10-02,524000.0,0.0135,0.0058,-0.026,520000.0,536200.0,0.3959,0.0267,1,neutral,kis,data/raw/price_006400_20260604_20261002.csv
091810,2026-10-02,2600.0,0.0078,0.0058,-0.0631,2605.0,2670.25,0.2227,0.0123,1,neutral,kis,data/raw/price_091810_20260604_20261002.csv
031820,2026-10-02,5680.0,0.0,0.0053,-0.0274,5678.0,5693.5,0.0696,0.0125,1,neutral,kis,data/raw/price_031820_20260604_20261002.csv
279600,2026-10-02,3960.0,0.0038,0.0051,0.0025,3885.0,3896.5,0.8047,0.0162,1,neutral,kis,data/raw/price_279600_20260604_20261002.csv
058730,2026-10-02,3215.0,0.0223,0.0047,-0.184,3178.0,3320.0,0.1246,0.0226,1,neutral,kis,data/raw/price_058730_20260604_20261002.csv
013700,2026-10-02,1578.0,0.0019,0.0045,-0.0879,1586.0,1637.2,0.2028,0.0221,1,neutral,kis,data/raw/price_013700_20260604_20261002.csv
029480,2026-10-02,1390.0,0.0058,0.0036,-0.0354,1386.2,1429.65,0.1804,0.0209,1,neutral,kis,data/raw/price_029480_20260604_20261002.csv
054800,2026-10-02,14730.0,-0.0061,0.0034,-0.0373,14804.0,14970.0,0.3334,0.0099,1,neutral,kis,data/raw/price_054800_20260604_20261002.csv
101970,2026-10-02,9580.0,0.0191,0.0031,-0.0477,9448.0,9824.0,0.2155,0.0289,1,neutral,kis,data/raw/price_101970_20260604_20261002.csv
352700,2026-10-02,1451.0,-0.0034,0.0028,0.0021,1454.2,1463.15,0.2838,0.007,1,neutral,kis,data/raw/price_352700_20260604_20261002.csv
278470,2026-10-02,369500.0,0.0096,0.0027,-0.1181,366500.0,369725.0,0.4213,0.0199,1,neutral,kis,data/raw/price_278470_20260604_20261002.csv
085620,2026-10-02,19370.0,-0.0062,0.0026,-0.0528,19298.0,19596.5,0.2282,0.0228,1,neutral,kis,data/raw/price_085620_20260604_20261002.csv
253450,2026-10-02,20400.0,-0.0073,0.0025,-0.0445,20490.0,21022.5,0.3188,0.0162,1,neutral,kis,data/raw/price_253450_20260604_20261002.csv
019170,2026-10-02,9270.0,-0.0117,0.0022,-0.1069,9186.0,9571.0,0.2477,0.0236,1,neutral,kis,data/raw/price_019170_20260604_20261002.csv
009410,2026-10-02,1621.0,-0.0104,0.0019,-0.0223,1618.0,1659.75,0.3078,0.0128,1,neutral,kis,data/raw/price_009410_20260604_20261002.csv
000950,2026-10-02,29550.0,-0.0034,0.0017,-0.0809,29790.0,30925.0,0.6837,0.0276,1,neutral,kis,data/raw/price_000950_20260604_20261002.csv
045660,2026-10-02,8590.0,0.0012,0.0012,-0.0714,8534.0,8869.5,0.2909,0.0117,1,neutral,kis,data/raw/price_045660_20260604_20261002.csv
004780,2026-10-02,4175.0,-0.006,0.0012,0.006,4175.0,4219.5,0.2382,0.0119,1,neutral,kis,data/raw/price_004780_20260604_20261002.csv
006090,2026-10-02,8930.0,-0.0122,0.0,-0.0122,8938.0,8914.5,0.3593,0.0124,1,neutral,kis,data/raw/price_006090_20260604_20261002.csv
307180,2026-10-02,5780.0,-0.0203,0.0,0.034,5770.0,5637.5,0.33,0.0322,1,neutral,kis,data/raw/price_307180_20260604_20261002.csv
001420,2026-10-02,2950.0,0.0,0.0,0.0208,2970.0,2937.5,0.1976,0.0147,1,neutral,kis,data/raw/price_001420_20260604_20261002.csv
056090,2026-10-02,1190.0,0.0,0.0,0.0008,1190.0,1184.8,0.0,0.0125,1,neutral,kis,data/raw/price_056090_20260604_20261002.csv
057540,2026-10-02,602.0,0.0,0.0,0.0256,602.0,593.2,0.0,0.0135,1,neutral,kis,data/raw/price_057540_20260604_20261002.csv
229000,2026-10-02,1957.0,0.0,0.0,0.0578,1957.0,1944.0,0.0,0.0268,1,neutral,kis,data/raw/price_229000_20260604_20261002.csv
069920,2026-10-02,1253.0,0.2071,-0.0008,-0.0979,1148.6,1193.55,2.0001,0.0843,1,neutral,kis,data/raw/price_069920_20260604_20261002.csv
308430,2026-10-02,14680.0,0.0259,-0.0014,0.1725,14542.0,13486.5,0.5449,0.033,1,neutral,kis,data/raw/price_308430_20260604_20261002.csv
028100,2026-10-02,19670.0,-0.0051,-0.0015,0.1279,19692.0,18842.5,0.0346,0.0205,1,neutral,kis,data/raw/price_028100_20260604_20261002.csv
083470,2026-10-02,917.0,0.0066,-0.0022,0.0133,899.6,890.3,0.5709,0.0267,1,neutral,kis,data/raw/price_083470_20260604_20261002.csv
095570,2026-10-02,4275.0,0.0071,-0.0023,-0.0012,4279.0,4204.75,0.2561,0.0095,1,neutral,kis,data/raw/price_095570_20260604_20261002.csv
095660,2026-10-02,17870.0,-0.0127,-0.0033,0.0056,17932.0,17827.0,0.3088,0.0181,1,neutral,kis,data/raw/price_095660_20260604_20261002.csv
115530,2026-10-02,2820.0,-0.007,-0.0035,-0.1229,2954.0,2885.5,0.2311,0.0562,1,neutral,kis,data/raw/price_115530_20260604_20261002.csv
277410,2026-10-02,5590.0,0.0018,-0.0036,-0.0158,5558.0,5544.0,0.125,0.0137,1,neutral,kis,data/raw/price_277410_20260604_20261002.csv
007980,2026-10-02,1782.0,0.0039,-0.0045,0.0247,1791.2,1740.05,0.1729,0.0137,1,neutral,kis,data/raw/price_007980_20260604_20261002.csv
024900,2026-10-02,2210.0,-0.0112,-0.0045,0.3015,2197.0,1920.55,0.1361,0.0475,1,neutral,kis,data/raw/price_024900_20260604_20261002.csv
096770,2026-10-02,148500.0,0.0638,-0.0047,0.1293,148200.0,142950.0,0.535,0.0497,1,neutral,kis,data/raw/price_096770_20260604_20261002.csv
005960,2026-10-02,8260.0,0.0036,-0.0048,0.1315,8276.0,8155.5,0.1341,0.024,1,neutral,kis,data/raw/price_005960_20260604_20261002.csv
101680,2026-10-02,2960.0,0.0034,-0.005,0.0332,2995.0,2911.75,0.2983,0.0198,1,neutral,kis,data/raw/price_101680_20260604_20261002.csv
361610,2026-10-02,17080.0,0.0524,-0.0052,0.0776,17148.0,16599.5,0.5278,0.0478,1,neutral,kis,data/raw/price_361610_20260604_20261002.csv
002460,2026-10-02,10970.0,0.0009,-0.0054,0.0073,11040.0,10913.0,0.3694,0.0092,1,neutral,kis,data/raw/price_002460_20260604_20261002.csv
012750,2026-10-02,82800.0,-0.0048,-0.006,0.0324,83080.0,82365.0,0.2023,0.0164,1,neutral,kis,data/raw/price_012750_20260604_20261002.csv
028080,2026-10-02,5170.0,0.0,-0.0077,0.0382,5170.0,5141.75,0.0,0.0155,1,neutral,kis,data/raw/price_028080_20260604_20261002.csv
389680,2026-10-02,2980.0,-0.0017,-0.0083,0.6583,3035.0,2571.0,0.244,0.0577,1,neutral,kis,data/raw/price_389680_20260604_20261002.csv
383800,2026-10-02,8060.0,0.0025,-0.0086,-0.0025,8102.0,8090.0,0.2612,0.0095,1,neutral,kis,data/raw/price_383800_20260604_20261002.csv
333050,2026-10-02,5720.0,-0.0017,-0.0087,0.1372,5684.0,5503.75,0.0968,0.0165,1,neutral,kis,data/raw/price_333050_20260604_20261002.csv
082210,2026-10-02,1761.0,0.0017,-0.009,0.0286,1742.4,1724.85,0.1999,0.0188,1,neutral,kis,data/raw/price_082210_20260604_20261002.csv
071200,2026-10-02,11700.0,0.0052,-0.0102,0.2554,11856.0,11064.5,0.0428,0.0802,1,neutral,kis,data/raw/price_071200_20260604_20261002.csv
0004V0,2026-10-02,6180.0,0.0032,-0.0112,0.1705,6056.0,5918.0,0.3961,0.0455,1,neutral,kis,data/raw/price_0004V0_20260604_20261002.csv
016740,2026-10-02,3970.0,-0.0112,-0.0124,0.0686,3988.0,3940.5,0.0099,0.0201,1,neutral,kis,data/raw/price_016740_20260604_20261002.csv
093640,2026-10-02,4700.0,0.0129,-0.0136,0.0943,4664.0,4628.75,0.2861,0.0192,1,neutral,kis,data/raw/price_093640_20260604_20261002.csv
290720,2026-10-02,3005.0,-0.0148,-0.0148,0.06,2964.0,2838.0,0.3347,0.0324,1,neutral,kis,data/raw/price_290720_20260604_20261002.csv
199290,2026-10-02,394.0,-0.0125,-0.015,0.0103,390.4,381.15,0.194,0.0965,1,neutral,kis,data/raw/price_199290_20260604_20261002.csv
070960,2026-10-02,1998.0,-0.0035,-0.0158,-0.0324,2023.6,1986.45,0.1103,0.0176,1,neutral,kis,data/raw/price_070960_20260604_20261002.csv
009810,2026-10-02,1905.0,0.0204,-0.016,-0.0026,1913.0,1901.45,0.2793,0.0168,1,neutral,kis,data/raw/price_009810_20260604_20261002.csv
017000,2026-10-02,2280.0,-0.0087,-0.0172,-0.046,2308.0,2367.25,2.1235,0.009,1,neutral,kis,data/raw/price_017000_20260604_20261002.csv
009240,2026-10-02,39100.0,0.0026,-0.0176,0.0358,39610.0,39065.0,0.2875,0.013,1,neutral,kis,data/raw/price_009240_20260604_20261002.csv
004080,2026-10-02,14390.0,-0.0042,-0.0177,0.0213,14482.0,14264.5,0.2016,0.0088,1,neutral,kis,data/raw/price_004080_20260604_20261002.csv
247660,2026-10-02,4040.0,0.01,-0.0182,0.0359,4059.0,3994.25,0.0598,0.0521,1,neutral,kis,data/raw/price_247660_20260604_20261002.csv
005690,2026-10-02,12300.0,-0.023,-0.0191,0.1659,12278.0,11570.5,0.3361,0.0311,1,neutral,kis,data/raw/price_005690_20260604_20261002.csv
377480,2026-10-02,10150.0,0.0,-0.0193,0.0442,10136.0,10021.0,0.1911,0.0164,1,neutral,kis,data/raw/price_377480_20260604_20261002.csv
320000,2026-10-02,10420.0,0.0048,-0.0198,-0.0086,10406.0,10358.5,0.2909,0.0271,1,neutral,kis,data/raw/price_320000_20260604_20261002.csv
438700,2026-10-02,1807.0,-0.0006,-0.0201,0.0279,1803.8,1786.6,0.2637,0.0176,1,neutral,kis,data/raw/price_438700_20260604_20261002.csv
002840,2026-10-02,133800.0,-0.0022,-0.0205,0.0421,136060.0,134010.0,0.2379,0.0141,1,neutral,kis,data/raw/price_002840_20260604_20261002.csv
002420,2026-10-02,6050.0,0.0,-0.021,0.0577,6080.0,5867.0,0.1462,0.0248,1,neutral,kis,data/raw/price_002420_20260604_20261002.csv
020560,2026-10-02,8170.0,-0.0308,-0.0227,0.0624,8364.0,8046.0,0.126,0.0264,1,neutral,kis,data/raw/price_020560_20260604_20261002.csv
037370,2026-10-02,4285.0,0.013,-0.0261,0.1708,4231.0,4066.0,0.0853,0.031,1,neutral,kis,data/raw/price_037370_20260604_20261002.csv
286750,2026-10-02,2605.0,0.0296,-0.0262,-0.1002,2634.0,2590.5,0.1099,0.0408,1,neutral,kis,data/raw/price_286750_20260604_20261002.csv
060370,2026-10-02,32750.0,0.0015,-0.0267,0.072,32640.0,32230.0,0.3919,0.0248,1,neutral,kis,data/raw/price_060370_20260604_20261002.csv
123750,2026-10-02,1750.0,-0.0011,-0.0267,0.0222,1777.2,1767.45,0.2526,0.0187,1,neutral,kis,data/raw/price_123750_20260604_20261002.csv
035620,2026-10-02,679.0,-0.0396,-0.03,-0.0202,721.2,679.75,0.7087,0.0378,1,neutral,kis,data/raw/price_035620_20260604_20261002.csv
003490,2026-10-02,30500.0,-0.0224,-0.0317,0.0554,31360.0,30180.0,0.286,0.0262,1,neutral,kis,data/raw/price_003490_20260604_20261002.csv
054220,2026-10-02,1674.0,-0.0036,-0.0318,0.0758,1686.0,1674.1,0.074,0.0289,1,neutral,kis,data/raw/price_054220_20260604_20261002.csv
290560,2026-10-02,1287.0,0.0,-0.0338,0.011,1259.4,1259.2,0.1706,0.0356,1,neutral,kis,data/raw/price_290560_20260604_20261002.csv
261780,2026-10-02,3395.0,-0.0202,-0.0341,0.3773,3551.0,3512.25,0.1419,0.0671,1,neutral,kis,data/raw/price_261780_20260604_20261002.csv
005930,2026-10-02,275750.0,-0.0009,-0.0342,0.1008,272550.0,265312.5,0.2822,0.0284,1,neutral,kis,data/raw/price_005930_20260604_20261002.csv
489460,2026-10-02,11550.0,0.0026,-0.0343,0.0043,11574.0,11370.5,0.2151,0.0294,1,neutral,kis,data/raw/price_489460_20260604_20261002.csv
009320,2026-10-02,965.0,0.0021,-0.036,-0.0031,966.8,960.55,0.2888,0.0175,1,neutral,kis,data/raw/price_009320_20260604_20261002.csv
007610,2026-10-02,4340.0,-0.0103,-0.0366,0.0877,4359.0,4196.0,0.2191,0.0705,1,neutral,unknown,data/raw/price_007610_20260902_20261002.csv
083790,2026-10-02,929.0,-0.0169,-0.0373,0.1033,963.8,955.0,0.3583,0.0289,1,neutral,kis,data/raw/price_083790_20260604_20261002.csv
115160,2026-10-02,5460.0,-0.0421,-0.0387,0.013,5532.0,5530.5,0.1157,0.0299,1,neutral,unknown,data/raw/price_115160_20260902_20261002.csv
128940,2026-10-02,499000.0,0.003,-0.0404,0.0527,501300.0,492225.0,0.1907,0.0258,1,neutral,kis,data/raw/price_128940_20260604_20261002.csv
062970,2026-10-02,2950.0,0.0261,-0.0422,0.5413,2937.0,2629.95,0.1211,0.0994,1,neutral,kis,data/raw/price_062970_20260604_20261002.csv
182360,2026-10-02,6300.0,-0.0293,-0.0426,0.125,6562.0,6285.0,0.1891,0.0294,1,neutral,kis,data/raw/price_182360_20260604_20261002.csv
012210,2026-10-02,11840.0,-0.005,-0.0482,0.4334,11966.0,11417.5,0.0674,0.1034,1,neutral,kis,data/raw/price_012210_20260604_20261002.csv
357120,2026-10-02,4080.0,-0.0037,-0.049,-0.0216,4189.0,4138.25,0.2014,0.0127,1,neutral,kis,data/raw/price_357120_20260604_20261002.csv
047400,2026-10-02,908.0,-0.012,-0.0502,-0.0278,927.8,921.7,0.0978,0.0346,1,neutral,kis,data/raw/price_047400_20260604_20261002.csv
109070,2026-10-02,7360.0,0.0027,-0.0503,-0.0503,7122.0,7593.0,2.0334,0.0263,1,neutral,kis,data/raw/price_109070_20260604_20261002.csv
065650,2026-10-02,1340.0,-0.0074,-0.0543,-0.2811,1400.0,1493.95,2.4457,0.0413,1,price_weakness,kis,data/raw/price_065650_20260604_20261002.csv
034730,2026-10-02,572000.0,-0.0256,-0.0638,0.0495,582200.0,578550.0,0.273,0.0329,1,neutral,kis,data/raw/price_034730_20260604_20261002.csv
210120,2026-10-02,1772.0,-0.0156,-0.0639,-0.0051,1816.2,1757.05,0.084,0.0848,1,neutral,kis,data/raw/price_210120_20260604_20261002.csv
051630,2026-10-02,1521.0,-0.0091,-0.064,0.0734,1682.8,1520.2,0.2288,0.0842,1,neutral,kis,data/raw/price_051630_20260604_20261002.csv
204270,2026-10-02,22275.0,0.0148,-0.0641,0.1855,22495.0,22110.25,0.4749,0.0406,1,neutral,kis,data/raw/price_204270_20260604_20261002.csv
178780,2026-10-02,2385.0,0.0021,-0.0647,0.0214,2421.0,2475.5,2.279,0.0221,1,price_weakness,kis,data/raw/price_178780_20260604_20261002.csv
056730,2026-10-02,1211.0,0.0176,-0.0663,-0.0122,1219.0,1269.75,1.6631,0.0288,1,neutral,kis,data/raw/price_056730_20260604_20261002.csv
355390,2026-10-02,1448.0,0.0204,-0.0706,0.0871,1505.0,1384.35,0.134,0.0665,1,neutral,kis,data/raw/price_355390_20260604_20261002.csv
032350,2026-10-02,10900.0,-0.0723,-0.0708,-0.186,11520.0,11884.5,3.3177,0.023,1,price_weakness,kis,data/raw/price_032350_20260604_20261002.csv
119850,2026-10-02,52100.0,-0.0458,-0.0713,0.2449,54940.0,50760.0,0.3349,0.0421,1,neutral,kis,data/raw/price_119850_20260604_20261002.csv
027040,2026-10-02,1758.0,-0.0085,-0.0723,-0.0456,1807.2,1777.9,0.1476,0.0311,1,neutral,kis,data/raw/price_027040_20260604_20261002.csv
049470,2026-10-02,2720.0,0.0018,-0.0826,0.1057,2707.0,2506.75,0.1878,0.0848,1,neutral,kis,data/raw/price_049470_20260604_20261002.csv
161890,2026-10-02,134800.0,-0.0799,-0.083,-0.1303,145140.0,145010.0,1.3207,0.0256,1,price_weakness,kis,data/raw/price_161890_20260604_20261002.csv
299660,2026-10-02,2400.0,-0.0041,-0.084,-0.0123,2449.0,2400.75,0.1005,0.0772,1,neutral,kis,data/raw/price_299660_20260604_20261002.csv
084680,2026-10-02,2435.0,-0.0846,-0.0846,-0.1732,2615.0,2645.75,3.9728,0.0259,1,price_weakness,kis,data/raw/price_084680_20260604_20261002.csv
201490,2026-10-02,3390.0,-0.0102,-0.085,0.3865,3469.0,3311.5,0.0486,0.0989,1,neutral,kis,data/raw/price_201490_20260604_20261002.csv
322780,2026-10-02,1638.0,-0.0203,-0.09,-0.1231,1694.4,1806.45,1.9295,0.0255,1,neutral,kis,data/raw/price_322780_20260604_20261002.csv
457600,2026-10-02,3940.0,0.0678,-0.0932,-0.2797,3906.0,4457.0,1.7535,0.0382,1,neutral,kis,data/raw/price_457600_20260604_20261002.csv
092600,2026-10-02,2670.0,0.0133,-0.0934,0.3153,2839.0,2508.75,0.1651,0.1431,1,neutral,kis,data/raw/price_092600_20260604_20261002.csv
035760,2026-10-02,34700.0,-0.0294,-0.1045,0.0793,37040.0,36142.5,0.4639,0.0297,1,neutral,kis,data/raw/price_035760_20260604_20261002.csv
368970,2026-10-02,2425.0,-0.0583,-0.1261,-0.0546,2589.0,2616.75,2.9361,0.0304,1,price_weakness,kis,data/raw/price_368970_20260604_20261002.csv
089230,2026-10-02,1861.0,-0.0257,-0.1304,-0.0988,1977.2,1948.8,0.3213,0.0351,1,neutral,kis,data/raw/price_089230_20260604_20261002.csv
154040,2026-10-02,9120.0,0.0364,-0.1355,-0.1355,8916.0,10141.5,1.7643,0.0379,1,neutral,kis,data/raw/price_154040_20260604_20261002.csv
208640,2026-10-02,687.0,-0.1043,-0.1423,0.0315,791.4,758.95,0.3681,0.0764,1,neutral,kis,data/raw/price_208640_20260604_20261002.csv
007110,2026-10-02,2560.0,-0.0857,-0.1509,-0.1509,2881.0,2981.5,8.3775,0.0243,1,price_weakness,kis,data/raw/price_007110_20260604_20261002.csv
010580,2026-10-02,2290.0,0.0044,-0.1718,0.3176,2405.0,2400.35,0.0237,0.0965,1,neutral,kis,data/raw/price_010580_20260604_20261002.csv
026910,2026-10-02,2050.0,0.0677,-0.1929,-0.4151,2226.0,3018.5,1.6079,0.0791,1,neutral,kis,data/raw/price_026910_20260604_20261002.csv
0007J0,2026-10-02,9930.0,-0.0788,-0.3007,0.2412,11916.0,10437.0,0.308,0.0819,1,neutral,kis,data/raw/price_0007J0_20260604_20261002.csv
060900,2026-10-02,1618.0,-0.0306,-0.403,-0.5691,1937.0,2964.25,4.5255,0.0548,1,price_weakness,unknown,data/raw/price_060900_20260902_20261002.csv
043090,2026-08-07,103.0,-0.5095,-0.6255,-0.9096,226.2,822.7,3.5952,0.2232,1,neutral,kis,data/raw/price_043090_20260604_20261002.csv
046070,2026-09-18,140.0,-0.451,-0.6903,-0.9864,236.0,21188.1,2.6663,1.6078,1,price_weakness,kis,data/raw/price_046070_20260604_20261002.csv
005110,2026-10-02,100.0,-0.9203,-0.9203,-0.9203,1023.2,1196.3,20.0,0.2058,1,neutral,kis,data/raw/price_005110_20260604_20261002.csv
341170,2026-10-02,20.0,0.1765,-0.9597,-0.9597,305.0,448.25,7.2717,0.2216,1,neutral,kis,data/raw/price_341170_20260604_20261002.csv
185750,2026-10-02,64900.0,-0.0046,0.0,-0.0635,64820.0,66005.0,0.3308,0.0103,0,neutral,kis,data/raw/price_185750_20260604_20261002.csv
033270,2026-10-02,17630.0,-0.0051,0.0,-0.0345,17674.0,18002.0,0.2675,0.0079,0,neutral,kis,data/raw/price_033270_20260604_20261002.csv
005810,2026-10-02,36750.0,-0.0054,0.0,-0.0054,36800.0,37177.5,0.215,0.0108,0,neutral,kis,data/raw/price_005810_20260604_20261002.csv
010400,2026-10-02,4165.0,-0.0246,0.0,-0.0806,4229.0,4234.5,0.2109,0.0223,0,neutral,unknown,data/raw/price_010400_20260902_20261002.csv
036630,2026-10-02,7770.0,0.0264,0.0,-0.0761,7740.0,8466.5,0.1915,0.0466,0,neutral,kis,data/raw/price_036630_20260604_20261002.csv
006060,2026-10-02,2210.0,0.0091,0.0,-0.1071,2211.0,2331.75,0.1732,0.0116,0,neutral,kis,data/raw/price_006060_20260604_20261002.csv
290120,2026-10-02,2140.0,-0.0115,0.0,-0.051,2168.0,2175.0,0.1468,0.0118,0,neutral,kis,data/raw/price_290120_20260604_20261002.csv
064800,2026-10-02,2070.0,-0.0048,0.0,-0.2376,2028.4,2319.35,0.0946,0.0343,0,neutral,kis,data/raw/price_064800_20260604_20261002.csv
016090,2026-10-02,1402.0,0.0,0.0,-0.0443,1401.8,1411.3,0.021,0.0056,0,neutral,kis,data/raw/price_016090_20260604_20261002.csv
001570,2026-10-02,9900.0,0.0,0.0,0.0,9900.0,9900.0,0.0,0.0,0,neutral,unknown,data/raw/price_001570_20260902_20261002.csv
032080,2026-10-02,1010.0,0.0,0.0,-0.0605,1010.0,1026.45,0.0,0.0145,0,neutral,kis,data/raw/price_032080_20260604_20261002.csv
033340,2026-10-02,460.0,0.0,0.0,-0.264,460.0,492.0,0.0,0.0657,0,neutral,kis,data/raw/price_033340_20260604_20261002.csv
038060,2026-10-02,689.0,0.0,0.0,-0.1827,689.0,729.1,0.0,0.0263,0,neutral,kis,data/raw/price_038060_20260604_20261002.csv
050110,2026-10-02,1079.0,0.0,0.0,-0.0037,1079.0,1086.1,0.0,0.016,0,neutral,kis,data/raw/price_050110_20260604_20261002.csv
131400,2026-10-02,766.0,0.0,0.0,-0.0078,766.0,776.2,0.0,0.0253,0,neutral,kis,data/raw/price_131400_20260604_20261002.csv
254120,2026-10-02,910.0,0.0,0.0,-0.1383,910.0,974.4,0.0,0.0157,0,neutral,kis,data/raw/price_254120_20260604_20261002.csv
305090,2026-10-02,538.0,0.0,0.0,-0.2995,538.0,538.0,0.0,0.067,0,neutral,kis,data/raw/price_305090_20260604_20261002.csv
340440,2026-10-02,756.0,0.0,0.0,-0.0118,756.0,758.9,0.0,0.0073,0,neutral,kis,data/raw/price_340440_20260604_20261002.csv
368600,2026-10-02,956.0,0.0,0.0,-0.1123,956.0,975.9,0.0,0.0366,0,neutral,kis,data/raw/price_368600_20260604_20261002.csv
393970,2026-10-02,2825.0,0.0,0.0,0.0,2825.0,2825.0,0.0,0.0,0,neutral,unknown,data/raw/price_393970_20260902_20261002.csv
011330,2026-10-02,4075.0,0.0187,-0.0012,-0.0654,4016.0,4210.75,0.2478,0.0254,0,neutral,kis,data/raw/price_011330_20260604_20261002.csv
000480,2026-10-02,4275.0,-0.0023,-0.0012,-0.0625,4285.0,4378.75,0.1519,0.0066,0,neutral,kis,data/raw/price_000480_20260604_20261002.csv
012280,2026-10-02,3555.0,0.0201,-0.0014,-0.1168,3483.0,3689.75,0.5483,0.0134,0,neutral,kis,data/raw/price_012280_20260604_20261002.csv
011780,2026-10-02,116700.0,0.0078,-0.0017,-0.0825,116480.0,121800.0,0.1799,0.0235,0,neutral,kis,data/raw/price_011780_20260604_20261002.csv
049120,2026-10-02,2825.0,-0.0105,-0.0018,-0.0568,2816.0,2944.0,0.2623,0.0305,0,neutral,kis,data/raw/price_049120_20260604_20261002.csv
019680,2026-10-02,1632.0,-0.0018,-0.0024,-0.184,1632.4,1753.15,0.6168,0.0204,0,neutral,kis,data/raw/price_019680_20260604_20261002.csv
096240,2026-10-02,8420.0,-0.0071,-0.0024,-0.0209,8434.0,8548.5,0.4083,0.0113,0,neutral,kis,data/raw/price_096240_20260604_20261002.csv
064350,2026-10-02,115600.0,0.0276,-0.0026,-0.0594,113540.0,120520.0,0.6228,0.0168,0,neutral,kis,data/raw/price_064350_20260604_20261002.csv
027410,2026-10-02,3700.0,0.0014,-0.0027,-0.0415,3715.0,3774.75,0.3079,0.0083,0,neutral,kis,data/raw/price_027410_20260604_20261002.csv
107590,2026-10-02,60000.0,-0.0083,-0.0033,-0.0683,60680.0,61510.0,0.5026,0.0088,0,neutral,kis,data/raw/price_107590_20260604_20261002.csv
004970,2026-10-02,8950.0,-0.011,-0.0033,-0.0345,9008.0,9137.0,0.3297,0.008,0,neutral,kis,data/raw/price_004970_20260604_20261002.csv
005820,2026-10-02,14650.0,0.0,-0.0034,-0.0462,14590.0,14621.0,0.0653,0.0129,0,neutral,kis,data/raw/price_005820_20260604_20261002.csv
013360,2026-10-02,1377.0,0.0073,-0.0036,-0.0758,1367.0,1411.8,0.2755,0.0163,0,neutral,kis,data/raw/price_013360_20260604_20261002.csv
290270,2026-10-02,2790.0,-0.0018,-0.0036,-0.0141,2769.0,2839.75,0.1563,0.0193,0,neutral,kis,data/raw/price_290270_20260604_20261002.csv
001060,2026-10-02,26750.0,-0.0147,-0.0037,-0.036,26750.0,27050.0,0.3579,0.0137,0,neutral,kis,data/raw/price_001060_20260604_20261002.csv
000050,2026-10-02,7960.0,0.0114,-0.0038,-0.0293,7928.0,8087.0,0.1551,0.0053,0,neutral,unknown,data/raw/price_000050_20260902_20261002.csv
008040,2026-10-02,7450.0,-0.021,-0.004,-0.0412,7588.0,7913.0,0.2716,0.0413,0,neutral,kis,data/raw/price_008040_20260604_20261002.csv
030610,2026-10-02,9960.0,-0.001,-0.004,-0.004,9948.0,10113.0,0.079,0.0103,0,neutral,kis,data/raw/price_030610_20260604_20261002.csv
036530,2026-10-02,45300.0,-0.0055,-0.0044,-0.0022,46390.0,46522.5,0.2111,0.0259,0,neutral,kis,data/raw/price_036530_20260604_20261002.csv
252500,2026-10-02,2280.0,0.0022,-0.0044,0.0044,2269.0,2275.5,0.0297,0.013,0,neutral,kis,data/raw/price_252500_20260604_20261002.csv
326030,2026-10-02,75500.0,-0.0156,-0.0053,-0.1251,75540.0,79410.0,0.2968,0.0159,0,neutral,kis,data/raw/price_326030_20260604_20261002.csv
000100,2026-10-02,73700.0,-0.0147,-0.0054,-0.0935,73800.0,77190.0,0.2711,0.0131,0,neutral,kis,data/raw/price_000100_20260604_20261002.csv
003070,2026-10-02,9120.0,-0.0162,-0.0055,-0.0684,9168.0,9231.5,0.3663,0.0137,0,neutral,kis,data/raw/price_003070_20260604_20261002.csv
259960,2026-10-02,196900.0,-0.014,-0.0056,-0.109,198440.0,206085.0,0.4567,0.0166,0,neutral,kis,data/raw/price_259960_20260604_20261002.csv
104460,2026-10-02,6700.0,0.0106,-0.0059,-0.1287,6690.0,6943.5,0.2288,0.0183,0,neutral,kis,data/raw/price_104460_20260604_20261002.csv
068290,2026-10-02,6080.0,-0.0016,-0.0065,-0.041,6110.0,6201.5,0.7029,0.0085,0,neutral,kis,data/raw/price_068290_20260604_20261002.csv
024720,2026-10-02,9180.0,-0.0129,-0.0065,-0.082,9254.0,9458.5,0.5917,0.0097,0,neutral,kis,data/raw/price_024720_20260604_20261002.csv
159910,2026-10-02,3000.0,-0.0446,-0.0066,-0.0566,3015.0,3106.5,0.5008,0.0201,0,neutral,kis,data/raw/price_159910_20260604_20261002.csv
035890,2026-10-02,2265.0,0.039,-0.0066,0.0295,2209.0,2302.5,0.4956,0.0203,0,neutral,kis,data/raw/price_035890_20260604_20261002.csv
001630,2026-10-02,37200.0,-0.0067,-0.0067,-0.0486,37370.0,38172.5,0.4138,0.0045,0,neutral,kis,data/raw/price_001630_20260604_20261002.csv
090370,2026-10-02,1176.0,-0.0051,-0.0068,0.0138,1179.0,1200.95,0.1235,0.0149,0,neutral,kis,data/raw/price_090370_20260604_20261002.csv
003300,2026-10-02,17390.0,0.0023,-0.0069,-0.0755,17528.0,17913.5,0.0765,0.0112,0,neutral,kis,data/raw/price_003300_20260604_20261002.csv
053620,2026-10-02,6730.0,0.0,-0.0074,-0.0386,6760.0,6841.5,0.1447,0.0054,0,neutral,kis,data/raw/price_053620_20260604_20261002.csv
196450,2026-10-02,3850.0,-0.0052,-0.0077,-0.0253,3869.0,3901.75,0.0562,0.0113,0,neutral,kis,data/raw/price_196450_20260604_20261002.csv
228670,2026-10-02,4315.0,-0.0069,-0.008,-0.1038,4359.0,4510.75,0.734,0.017,0,neutral,kis,data/raw/price_228670_20260604_20261002.csv
006340,2026-10-02,13380.0,0.0214,-0.0082,0.0511,13134.0,13175.5,0.4632,0.0273,0,neutral,kis,data/raw/price_006340_20260604_20261002.csv
009420,2026-10-02,46200.0,-0.0474,-0.0086,-0.16,45090.0,49087.5,0.7194,0.0342,0,neutral,kis,data/raw/price_009420_20260604_20261002.csv
051980,2026-10-02,10260.0,-0.0087,-0.0087,0.0118,10332.0,10344.0,1.4767,0.0198,0,neutral,kis,data/raw/price_051980_20260604_20261002.csv
002150,2026-10-02,4985.0,0.002,-0.0089,-0.0432,5016.0,5164.0,0.0698,0.0112,0,neutral,kis,data/raw/price_002150_20260604_20261002.csv
071970,2026-10-02,48550.0,0.0073,-0.0092,-0.0082,48330.0,50232.5,0.2547,0.0285,0,neutral,kis,data/raw/price_071970_20260604_20261002.csv
195990,2026-10-02,1128.0,-0.0062,-0.0105,-0.1448,1133.2,1192.8,0.3527,0.0111,0,neutral,kis,data/raw/price_195990_20260604_20261002.csv
002070,2026-10-02,3745.0,-0.0183,-0.0106,-0.2066,3807.0,4612.75,0.0374,0.0618,0,neutral,kis,data/raw/price_002070_20260604_20261002.csv
227610,2026-10-02,1006.0,0.0121,-0.0108,-0.0745,1001.4,1041.05,0.5135,0.0096,0,neutral,kis,data/raw/price_227610_20260604_20261002.csv
103840,2026-10-02,1564.0,-0.0101,-0.0114,-0.0629,1576.2,1611.75,0.3981,0.0082,0,neutral,kis,data/raw/price_103840_20260604_20261002.csv
083650,2026-10-02,59200.0,-0.0182,-0.0117,-0.0067,59620.0,63025.0,0.2647,0.0426,0,neutral,kis,data/raw/price_083650_20260604_20261002.csv
177830,2026-10-02,2115.0,0.0024,-0.0117,-0.0844,2111.0,2171.5,0.0951,0.0099,0,neutral,kis,data/raw/price_177830_20260604_20261002.csv
033920,2026-10-02,7350.0,-0.0027,-0.0121,-0.0553,7426.0,7569.5,0.5306,0.0094,0,neutral,kis,data/raw/price_033920_20260604_20261002.csv
109740,2026-10-02,4025.0,0.0063,-0.0123,-0.0541,4014.0,4157.25,0.2665,0.0259,0,neutral,kis,data/raw/price_109740_20260604_20261002.csv
123890,2026-10-02,2395.0,-0.0083,-0.0124,-0.0806,2425.0,2488.0,0.3994,0.0101,0,neutral,kis,data/raw/price_123890_20260604_20261002.csv
377450,2026-10-02,14070.0,-0.0028,-0.0126,-0.1625,14454.0,15558.0,0.0612,0.0488,0,neutral,kis,data/raw/price_377450_20260604_20261002.csv
025770,2026-10-02,7760.0,0.0,-0.0127,-0.019,7762.0,7962.0,0.3057,0.011,0,neutral,kis,data/raw/price_025770_20260604_20261002.csv
381970,2026-10-02,6240.0,0.0032,-0.0127,0.0016,6322.0,6394.5,0.0315,0.0149,0,neutral,kis,data/raw/price_381970_20260604_20261002.csv
263750,2026-10-02,33450.0,-0.003,-0.0133,0.0914,33200.0,34185.0,0.1406,0.0341,0,neutral,kis,data/raw/price_263750_20260604_20261002.csv
134790,2026-10-02,18630.0,-0.008,-0.0138,-0.0629,18618.0,19053.0,0.0962,0.0074,0,neutral,kis,data/raw/price_134790_20260604_20261002.csv
089140,2026-10-02,2075.0,-0.0166,-0.0143,-0.0212,2087.0,2095.5,0.2273,0.0156,0,neutral,kis,data/raw/price_089140_20260604_20261002.csv
003550,2026-10-02,110300.0,0.0046,-0.0143,-0.0692,111260.0,114590.0,0.1193,0.0237,0,neutral,kis,data/raw/price_003550_20260604_20261002.csv
105840,2026-10-02,13570.0,-0.0037,-0.0145,0.0668,13510.0,14196.0,0.3745,0.0396,0,neutral,kis,data/raw/price_105840_20260604_20261002.csv
002020,2026-10-02,23550.0,-0.0248,-0.0146,-0.0618,23740.0,24662.5,0.6321,0.0178,0,neutral,kis,data/raw/price_002020_20260604_20261002.csv
192820,2026-10-02,268000.0,-0.0394,-0.0147,-0.0613,272500.0,272625.0,0.7356,0.0234,0,neutral,kis,data/raw/price_192820_20260604_20261002.csv
083640,2026-10-02,5300.0,0.0038,-0.0149,-0.0257,5298.0,5403.0,0.1754,0.029,0,neutral,kis,data/raw/price_083640_20260604_20261002.csv
330730,2026-10-02,4600.0,0.0,-0.015,-0.0397,4609.0,4664.75,0.1535,0.0188,0,neutral,kis,data/raw/price_330730_20260604_20261002.csv
000760,2026-10-02,12200.0,-0.0169,-0.0153,-0.1153,12122.0,13093.5,0.3612,0.0242,0,neutral,kis,data/raw/price_000760_20260604_20261002.csv
010140,2026-10-02,19940.0,0.0112,-0.0153,0.0,19758.0,20782.0,0.3151,0.0333,0,neutral,kis,data/raw/price_010140_20260604_20261002.csv
006650,2026-10-02,89400.0,0.0079,-0.0154,-0.0283,89480.0,96960.0,0.4119,0.0433,0,neutral,kis,data/raw/price_006650_20260604_20261002.csv
037440,2026-10-02,4165.0,-0.0012,-0.0154,0.0159,4156.0,4213.25,0.0631,0.0167,0,neutral,kis,data/raw/price_037440_20260604_20261002.csv
018260,2026-10-02,217000.0,-0.0269,-0.0159,-0.0687,218900.0,223400.0,0.434,0.0241,0,neutral,kis,data/raw/price_018260_20260604_20261002.csv
377300,2026-10-02,40000.0,-0.0012,-0.016,-0.1061,40230.0,43152.5,0.162,0.0339,0,neutral,kis,data/raw/price_377300_20260604_20261002.csv
020710,2026-10-02,3600.0,0.0,-0.0164,-0.0083,3623.0,3696.0,0.0588,0.0156,0,neutral,kis,data/raw/price_020710_20260604_20261002.csv
199150,2026-10-02,1670.0,-0.003,-0.0171,-0.1608,1688.2,1728.95,0.1042,0.0531,0,neutral,kis,data/raw/price_199150_20260604_20261002.csv
204840,2026-10-02,4245.0,-0.0035,-0.0174,-0.1594,4271.0,4691.25,0.0795,0.0423,0,neutral,kis,data/raw/price_204840_20260604_20261002.csv
337840,2026-10-02,6170.0,0.0,-0.0175,0.0148,6212.0,6219.5,0.3302,0.0137,0,neutral,kis,data/raw/price_337840_20260604_20261002.csv
008870,2026-10-02,39100.0,-0.0139,-0.0176,-0.0322,39670.0,40105.0,0.5734,0.0126,0,neutral,kis,data/raw/price_008870_20260604_20261002.csv
030210,2026-10-02,3835.0,-0.0013,-0.0179,-0.0052,3877.0,3909.0,0.1772,0.0154,0,neutral,kis,data/raw/price_030210_20260604_20261002.csv
455180,2026-10-02,1246.0,-0.0048,-0.0181,-0.0582,1254.8,1278.0,1.0366,0.0328,0,neutral,kis,data/raw/price_455180_20260604_20261002.csv
273060,2026-10-02,3800.0,-0.0013,-0.0181,-0.1204,3816.0,3970.0,0.0209,0.0169,0,neutral,kis,data/raw/price_273060_20260604_20261002.csv
043910,2026-10-02,3160.0,-0.0063,-0.0186,-0.0997,3180.0,3315.75,0.0784,0.0104,0,neutral,kis,data/raw/price_043910_20260604_20261002.csv
075180,2026-10-02,2895.0,0.0,-0.0186,-0.017,2909.0,2944.75,0.0751,0.0094,0,neutral,kis,data/raw/price_075180_20260604_20261002.csv
006570,2026-10-02,1886.0,-0.0223,-0.0187,0.0,1907.0,1933.45,0.5471,0.0182,0,neutral,kis,data/raw/price_006570_20260604_20261002.csv
098070,2026-10-02,23450.0,-0.0105,-0.0188,0.0263,23610.0,24597.5,0.1993,0.0393,0,neutral,kis,data/raw/price_098070_20260604_20261002.csv
402030,2026-10-02,12830.0,0.0031,-0.0191,-0.0503,12742.0,13117.0,0.4918,0.0213,0,neutral,kis,data/raw/price_402030_20260604_20261002.csv
023530,2026-10-02,101900.0,0.0059,-0.0192,-0.0323,101840.0,109655.0,0.1994,0.0332,0,neutral,kis,data/raw/price_023530_20260604_20261002.csv
003470,2026-10-02,4325.0,-0.0103,-0.0193,-0.0749,4363.0,4578.5,0.4167,0.0128,0,neutral,kis,data/raw/price_003470_20260604_20261002.csv
009540,2026-10-02,326000.0,0.0015,-0.0195,-0.0106,326100.0,341300.0,0.3457,0.0274,0,neutral,kis,data/raw/price_009540_20260604_20261002.csv
069260,2026-10-02,15880.0,0.0038,-0.0198,-0.0173,16034.0,16276.0,0.2137,0.0123,0,neutral,kis,data/raw/price_069260_20260604_20261002.csv
042660,2026-10-02,78000.0,-0.0064,-0.0201,-0.0488,78780.0,82945.0,0.3239,0.0211,0,neutral,kis,data/raw/price_042660_20260604_20261002.csv
018700,2026-10-02,1300.0,0.0,-0.0203,-0.0627,1291.4,1346.3,1.2406,0.0168,0,neutral,kis,data/raw/price_018700_20260604_20261002.csv
100840,2026-10-02,35950.0,-0.0151,-0.0204,0.1467,36610.0,36742.5,0.1767,0.0451,0,neutral,kis,data/raw/price_100840_20260604_20261002.csv
413630,2026-10-02,4185.0,0.0109,-0.0211,0.0072,4134.0,4212.5,0.1092,0.0396,0,neutral,kis,data/raw/price_413630_20260604_20261002.csv
333620,2026-10-02,5030.0,-0.0079,-0.0214,-0.0401,5074.0,5189.0,0.073,0.0146,0,neutral,unknown,data/raw/price_333620_20260902_20261002.csv
005710,2026-10-02,10500.0,0.0,-0.0223,-0.015,10638.0,10648.5,0.3222,0.0163,0,neutral,kis,data/raw/price_005710_20260604_20261002.csv
105550,2026-10-02,1619.0,0.0081,-0.0223,-0.174,1611.0,1725.1,0.2064,0.0175,0,neutral,kis,data/raw/price_105550_20260604_20261002.csv
008770,2026-10-02,39250.0,0.0013,-0.0224,-0.0688,39680.0,40827.5,0.292,0.0102,0,neutral,kis,data/raw/price_008770_20260604_20261002.csv
000180,2026-10-02,4800.0,-0.0031,-0.0224,-0.068,4849.0,5024.5,0.2863,0.0068,0,neutral,kis,data/raw/price_000180_20260604_20261002.csv
066910,2026-10-02,1740.0,-0.0279,-0.0225,-0.1278,1767.4,1846.25,0.378,0.0161,0,neutral,kis,data/raw/price_066910_20260604_20261002.csv
123860,2026-10-02,13050.0,-0.0038,-0.0225,-0.0225,13116.0,13409.0,0.1332,0.0097,0,neutral,kis,data/raw/price_123860_20260604_20261002.csv
021320,2026-10-02,5660.0,-0.0053,-0.0225,0.0347,5726.0,5785.0,0.0548,0.0231,0,neutral,kis,data/raw/price_021320_20260604_20261002.csv
074430,2026-10-02,1043.0,-0.0038,-0.0225,-0.1161,1053.2,1066.35,0.0257,0.0225,0,neutral,kis,data/raw/price_074430_20260604_20261002.csv
084870,2026-10-02,2170.0,-0.0091,-0.0225,-0.0503,2187.0,2213.0,0.0066,0.021,0,neutral,kis,data/raw/price_084870_20260604_20261002.csv
008470,2026-10-02,1654.0,-0.0006,-0.023,-0.0184,1661.8,1679.1,0.3632,0.0067,0,neutral,kis,data/raw/price_008470_20260604_20261002.csv
060980,2026-10-02,38100.0,0.0,-0.0231,-0.0391,38630.0,39500.0,0.2519,0.012,0,neutral,kis,data/raw/price_060980_20260604_20261002.csv
005830,2026-10-02,180300.0,-0.0153,-0.0233,-0.0555,186180.0,189000.0,0.1686,0.0256,0,neutral,kis,data/raw/price_005830_20260604_20261002.csv
032820,2026-10-02,12650.0,0.0088,-0.0239,0.1911,12478.0,12809.0,0.1558,0.0575,0,neutral,kis,data/raw/price_032820_20260604_20261002.csv
175250,2026-10-02,1660.0,-0.0292,-0.0241,-0.4216,1663.8,1762.75,0.1073,0.0698,0,neutral,kis,data/raw/price_175250_20260604_20261002.csv
065710,2026-10-02,43650.0,0.0046,-0.0246,-0.0289,44170.0,45117.5,0.2579,0.0104,0,neutral,kis,data/raw/price_065710_20260604_20261002.csv
012200,2026-10-02,3155.0,0.0112,-0.0247,-0.1075,3099.0,3484.75,0.4328,0.0453,0,neutral,kis,data/raw/price_012200_20260604_20261002.csv
067370,2026-10-02,5500.0,0.0018,-0.0248,-0.1143,5462.0,5872.5,0.0528,0.0223,0,neutral,kis,data/raw/price_067370_20260604_20261002.csv
054930,2026-10-02,17610.0,0.0092,-0.0249,-0.0476,17598.0,18152.5,0.078,0.018,0,neutral,kis,data/raw/price_054930_20260604_20261002.csv
003540,2026-10-02,25400.0,0.002,-0.025,-0.0379,25570.0,26400.0,0.1036,0.0122,0,neutral,kis,data/raw/price_003540_20260604_20261002.csv
137080,2026-10-02,6100.0,-0.0016,-0.0256,-0.0256,6102.0,6244.5,0.5513,0.0173,0,neutral,kis,data/raw/price_137080_20260604_20261002.csv
310210,2026-10-02,143500.0,-0.0541,-0.0258,-0.1534,139820.0,144785.0,0.3944,0.0665,0,neutral,kis,data/raw/price_310210_20260604_20261002.csv
066430,2026-10-02,2055.0,0.0,-0.0261,-0.0072,2063.0,2071.5,0.2088,0.0188,0,neutral,kis,data/raw/price_066430_20260604_20261002.csv
006800,2026-10-02,31400.0,-0.0233,-0.0264,-0.0485,31490.0,32777.5,0.3385,0.0208,0,neutral,kis,data/raw/price_006800_20260604_20261002.csv
034020,2026-10-02,80500.0,-0.0219,-0.0266,0.0509,81260.0,84945.0,0.2301,0.0348,0,neutral,unknown,data/raw/price_034020_20260902_20261002.csv
004990,2026-10-02,23750.0,0.0021,-0.0266,-0.0084,24020.0,24602.5,0.1332,0.0144,0,neutral,kis,data/raw/price_004990_20260604_20261002.csv
296640,2026-10-02,6080.0,0.0116,-0.0272,-0.0241,6140.0,6150.5,0.6392,0.0107,0,neutral,kis,data/raw/price_296640_20260604_20261002.csv
244920,2026-10-02,12250.0,-0.0016,-0.0278,-0.0649,12500.0,13243.5,0.3067,0.022,0,neutral,kis,data/raw/price_244920_20260604_20261002.csv
010780,2026-10-02,14630.0,-0.0201,-0.0279,-0.0628,14782.0,15305.5,0.2658,0.0153,0,neutral,unknown,data/raw/price_010780_20260902_20261002.csv
053690,2026-10-02,20800.0,-0.0235,-0.028,0.0122,21130.0,22265.0,0.2577,0.0327,0,neutral,kis,data/raw/price_053690_20260604_20261002.csv
340360,2026-10-02,897.0,-0.0239,-0.0282,-0.0705,917.2,948.25,0.1376,0.032,0,neutral,unknown,data/raw/price_340360_20260902_20261002.csv
046390,2026-10-02,2055.0,0.0024,-0.0284,-0.012,2072.0,2088.95,0.5164,0.0184,0,neutral,kis,data/raw/price_046390_20260604_20261002.csv
255220,2026-10-02,1162.0,0.0122,-0.0284,0.072,1140.2,1160.8,0.2967,0.0343,0,neutral,kis,data/raw/price_255220_20260604_20261002.csv
122450,2026-10-02,2500.0,-0.0196,-0.0291,-0.0975,2525.0,2623.5,0.5901,0.0165,0,neutral,kis,data/raw/price_122450_20260604_20261002.csv
050090,2026-10-02,696.0,0.0,-0.0293,-0.01,636.8,791.55,0.0,0.1028,0,neutral,kis,data/raw/price_050090_20260604_20261002.csv
048470,2026-10-02,2765.0,-0.016,-0.0298,-0.0399,2811.0,2816.75,0.2663,0.0214,0,neutral,kis,data/raw/price_048470_20260604_20261002.csv
005800,2026-10-02,13550.0,0.0022,-0.0301,0.0074,13604.0,13635.5,0.2586,0.0146,0,neutral,unknown,data/raw/price_005800_20260902_20261002.csv
003060,2026-10-02,1589.0,0.0265,-0.0305,-0.0878,1536.4,1636.95,0.2549,0.0309,0,neutral,kis,data/raw/price_003060_20260604_20261002.csv
025980,2026-10-02,5060.0,0.0,-0.0307,-0.0471,4933.0,5184.25,0.1787,0.0395,0,neutral,kis,data/raw/price_025980_20260604_20261002.csv
090470,2026-10-02,4100.0,-0.0073,-0.0307,-0.1717,4087.0,4303.25,0.0636,0.0285,0,neutral,kis,data/raw/price_090470_20260604_20261002.csv
080420,2026-10-02,1558.0,0.0039,-0.0311,-0.0529,1577.2,1631.6,0.0347,0.0146,0,neutral,kis,data/raw/price_080420_20260604_20261002.csv
275630,2026-10-02,3715.0,-0.0262,-0.0313,-0.1027,3810.0,4093.5,0.0817,0.0418,0,neutral,unknown,data/raw/price_275630_20260902_20261002.csv
045390,2026-10-02,3070.0,0.0115,-0.0315,-0.1857,3007.0,3303.0,0.2324,0.0283,0,neutral,kis,data/raw/price_045390_20260604_20261002.csv
336260,2026-10-02,45700.0,0.0201,-0.0318,0.1809,45260.0,47797.5,0.2018,0.0578,0,neutral,kis,data/raw/price_336260_20260604_20261002.csv
052690,2026-10-02,126200.0,0.0032,-0.0322,0.1928,124380.0,131440.0,0.1474,0.062,0,neutral,kis,data/raw/price_052690_20260604_20261002.csv
023350,2026-10-02,3750.0,-0.0027,-0.0323,-0.0554,3777.0,3979.25,0.2279,0.0177,0,neutral,kis,data/raw/price_023350_20260604_20261002.csv
0099X0,2026-10-02,2225.0,0.0045,-0.0326,-0.0326,2222.0,2280.5,0.8423,0.0116,0,neutral,kis,data/raw/price_0099X0_20260604_20261002.csv
010130,2026-10-02,1079500.0,0.0098,-0.0327,-0.1123,1076900.0,1146425.0,0.2597,0.0132,0,neutral,kis,data/raw/price_010130_20260604_20261002.csv
007160,2026-10-02,47400.0,0.0032,-0.0327,-0.0558,47640.0,49305.0,0.2176,0.0123,0,neutral,unknown,data/raw/price_007160_20260902_20261002.csv
006980,2026-10-02,16840.0,0.0006,-0.0327,0.0665,17136.0,17257.0,0.0426,0.0358,0,neutral,kis,data/raw/price_006980_20260604_20261002.csv
091970,2026-10-02,3520.0,0.0043,-0.033,-0.0997,3534.0,3766.5,0.367,0.0144,0,neutral,kis,data/raw/price_091970_20260604_20261002.csv
002920,2026-10-02,1782.0,-0.0017,-0.0331,-0.0138,1784.4,1822.35,0.5428,0.0099,0,neutral,kis,data/raw/price_002920_20260604_20261002.csv
282330,2026-10-02,128500.0,0.0047,-0.0331,-0.1428,130460.0,140220.0,0.4201,0.0164,0,neutral,kis,data/raw/price_282330_20260604_20261002.csv
340570,2026-10-02,27450.0,-0.0036,-0.0335,-0.0819,27640.0,27932.5,0.5085,0.0158,0,neutral,kis,data/raw/price_340570_20260604_20261002.csv
027740,2026-10-02,1144.0,0.0035,-0.0338,-0.2394,1141.8,1348.75,0.0951,0.0265,0,neutral,kis,data/raw/price_027740_20260604_20261002.csv
329180,2026-10-02,426000.0,-0.0127,-0.034,0.0095,432400.0,448625.0,0.3436,0.0312,0,neutral,kis,data/raw/price_329180_20260604_20261002.csv
046120,2026-10-02,5390.0,0.0019,-0.0341,0.2506,5300.0,5476.75,0.1552,0.0777,0,neutral,kis,data/raw/price_046120_20260604_20261002.csv
419540,2026-10-02,2970.0,0.0,-0.0341,-0.1041,3018.0,3170.5,0.1078,0.0168,0,neutral,kis,data/raw/price_419540_20260604_20261002.csv
003200,2026-10-02,10720.0,0.0094,-0.0342,0.0142,10794.0,10993.0,0.1066,0.0504,0,neutral,kis,data/raw/price_003200_20260604_20261002.csv
153460,2026-10-02,5330.0,0.0076,-0.0344,-0.0966,5344.0,5665.0,0.1897,0.0172,0,neutral,kis,data/raw/price_153460_20260604_20261002.csv
267250,2026-10-02,198300.0,0.0041,-0.035,-0.0535,201760.0,222090.0,0.3613,0.044,0,neutral,kis,data/raw/price_267250_20260604_20261002.csv
002780,2026-10-02,6500.0,0.0,-0.0356,-0.1688,6564.0,6987.5,0.1821,0.0218,0,neutral,kis,data/raw/price_002780_20260604_20261002.csv
900270,2026-10-02,2665.0,0.0309,-0.0362,-0.2912,2641.0,2981.25,0.2233,0.0578,0,neutral,kis,data/raw/price_900270_20260604_20261002.csv
071050,2026-10-02,179600.0,0.0006,-0.0365,-0.0313,179400.0,186620.0,0.3863,0.0121,0,neutral,kis,data/raw/price_071050_20260604_20261002.csv
298040,2026-10-02,2789000.0,-0.0117,-0.0369,0.0087,2793600.0,2834400.0,0.3101,0.0306,0,neutral,kis,data/raw/price_298040_20260604_20261002.csv
023590,2026-10-02,37750.0,-0.0195,-0.037,-0.0208,38260.0,39012.5,0.3309,0.0202,0,neutral,kis,data/raw/price_023590_20260604_20261002.csv
001230,2026-10-02,2030.0,0.0025,-0.0379,0.0216,2053.0,2077.15,0.1193,0.0208,0,neutral,kis,data/raw/price_001230_20260604_20261002.csv
003090,2026-10-02,15280.0,-0.0199,-0.0384,-0.1244,15506.0,16134.0,0.4514,0.0166,0,neutral,kis,data/raw/price_003090_20260604_20261002.csv
369370,2026-10-02,2975.0,-0.0083,-0.0388,-0.1927,3019.0,3303.75,0.1667,0.0149,0,neutral,kis,data/raw/price_369370_20260604_20261002.csv
004800,2026-10-02,157800.0,0.0141,-0.039,-0.0125,157320.0,160580.0,0.2698,0.0259,0,neutral,kis,data/raw/price_004800_20260604_20261002.csv
028050,2026-10-02,47600.0,0.0032,-0.0403,0.0892,48120.0,49500.0,0.2663,0.0249,0,neutral,unknown,data/raw/price_028050_20260902_20261002.csv
000210,2026-10-02,48450.0,-0.0031,-0.0406,-0.0537,49840.0,52800.0,0.2062,0.0282,0,neutral,kis,data/raw/price_000210_20260604_20261002.csv
241840,2026-10-02,2205.0,0.0023,-0.0413,-0.1127,2217.0,2324.0,0.5008,0.0171,0,neutral,kis,data/raw/price_241840_20260604_20261002.csv
038530,2026-10-02,3895.0,-0.0164,-0.043,-0.2202,3831.0,4578.75,0.3684,0.0469,0,neutral,kis,data/raw/price_038530_20260604_20261002.csv
079160,2026-10-02,4955.0,-0.0129,-0.0434,-0.0633,5081.0,5283.25,0.4133,0.0178,0,neutral,kis,data/raw/price_079160_20260604_20261002.csv
006360,2026-10-02,33050.0,0.003,-0.0448,0.0248,33900.0,35617.5,0.5043,0.0328,0,neutral,kis,data/raw/price_006360_20260604_20261002.csv
033540,2026-10-02,2655.0,0.0038,-0.045,-0.1955,2739.0,2881.75,0.328,0.0212,0,neutral,kis,data/raw/price_033540_20260604_20261002.csv
101400,2026-10-02,1595.0,-0.0215,-0.0461,-0.1837,1622.0,1683.85,0.023,0.0302,0,neutral,kis,data/raw/price_101400_20260604_20261002.csv
042940,2026-10-02,5340.0,0.0038,-0.0464,-0.0769,5344.0,5574.85,0.3274,0.0144,0,neutral,kis,data/raw/price_042940_20260604_20261002.csv
013720,2026-10-02,2160.0,-0.0485,-0.0464,-0.0568,2199.0,2270.5,0.0803,0.0373,0,neutral,unknown,data/raw/price_013720_20260902_20261002.csv
013580,2026-10-02,21400.0,-0.0023,-0.0468,0.0071,21830.0,22400.0,0.275,0.0151,0,neutral,kis,data/raw/price_013580_20260604_20261002.csv
296160,2026-10-02,2325.0,-0.0021,-0.0471,-0.0936,2380.0,2512.25,0.3004,0.0257,0,neutral,kis,data/raw/price_296160_20260604_20261002.csv
055550,2026-10-02,104100.0,0.0029,-0.0476,-0.0579,107160.0,110970.0,0.2752,0.0237,0,neutral,kis,data/raw/price_055550_20260604_20261002.csv
307870,2026-10-02,1216.0,-0.0082,-0.0493,-0.0919,1220.2,1259.25,0.1367,0.0311,0,neutral,kis,data/raw/price_307870_20260604_20261002.csv
079940,2026-10-02,39300.0,0.0116,-0.0496,-0.1198,39690.0,40797.5,0.0394,0.0305,0,neutral,kis,data/raw/price_079940_20260604_20261002.csv
078930,2026-10-02,105200.0,0.0294,-0.0497,-0.1233,107420.0,114750.0,0.4978,0.0243,0,neutral,kis,data/raw/price_078930_20260604_20261002.csv
000720,2026-10-02,114700.0,-0.0213,-0.0528,0.0187,118200.0,124845.0,0.4135,0.0374,0,price_weakness,kis,data/raw/price_000720_20260604_20261002.csv
223310,2026-10-02,2840.0,0.0035,-0.0533,-0.1013,2895.0,3080.0,0.0691,0.0435,0,neutral,kis,data/raw/price_223310_20260604_20261002.csv
004770,2026-10-02,1896.0,-0.0463,-0.0544,0.0166,1983.6,2073.8,0.2945,0.0488,0,price_weakness,kis,data/raw/price_004770_20260604_20261002.csv
475230,2026-10-02,9620.0,0.0021,-0.055,-0.0361,9716.0,10174.0,0.3881,0.0444,0,neutral,kis,data/raw/price_475230_20260604_20261002.csv
268280,2026-10-02,126200.0,-0.0047,-0.0554,-0.0285,129360.0,132670.0,0.3891,0.0173,0,price_weakness,kis,data/raw/price_268280_20260604_20261002.csv
191410,2026-10-02,1674.0,0.0321,-0.0558,-0.0842,1611.8,1787.25,0.3048,0.0681,0,neutral,kis,data/raw/price_191410_20260604_20261002.csv
002990,2026-10-02,12310.0,-0.0008,-0.056,-0.2801,12516.0,13997.5,0.1777,0.0245,0,price_weakness,unknown,data/raw/price_002990_20260902_20261002.csv
366030,2026-10-02,4420.0,-0.0056,-0.0566,-0.1025,4485.0,4540.5,0.1134,0.032,0,neutral,kis,data/raw/price_366030_20260604_20261002.csv
189330,2026-10-02,10600.0,0.0,-0.0569,-0.0056,10532.0,11182.5,0.2025,0.0435,0,neutral,kis,data/raw/price_189330_20260604_20261002.csv
224060,2026-10-02,4145.0,-0.0405,-0.0569,0.1083,4663.0,5875.5,0.1812,0.1808,0,neutral,unknown,data/raw/price_224060_20260902_20261002.csv
000430,2026-10-02,4570.0,-0.0193,-0.0577,0.0842,4629.0,4720.5,0.2678,0.0243,0,neutral,kis,data/raw/price_000430_20260604_20261002.csv
297570,2026-10-02,3855.0,0.0092,-0.0586,-0.1128,3980.0,4136.5,0.3705,0.0264,0,neutral,kis,data/raw/price_297570_20260604_20261002.csv
002790,2026-10-02,24800.0,-0.0425,-0.0588,-0.0606,26010.0,26167.5,0.6409,0.0189,0,price_weakness,kis,data/raw/price_002790_20260604_20261002.csv
294870,2026-10-02,22300.0,-0.0155,-0.0591,-0.0219,23020.0,23560.0,0.1403,0.0165,0,price_weakness,kis,data/raw/price_294870_20260604_20261002.csv
061040,2026-10-02,7120.0,-0.0166,-0.0594,-0.0247,7242.0,7346.5,0.2133,0.0185,0,price_weakness,kis,data/raw/price_061040_20260604_20261002.csv
267260,2026-10-02,669000.0,-0.0074,-0.0617,-0.0591,678000.0,714300.0,0.321,0.0247,0,price_weakness,unknown,data/raw/price_267260_20260902_20261002.csv
030720,2026-10-02,4710.0,-0.0084,-0.0655,-0.1483,4741.0,5113.75,0.2442,0.0238,0,neutral,kis,data/raw/price_030720_20260604_20261002.csv
012630,2026-10-02,23750.0,-0.0404,-0.0668,0.0795,24970.0,25520.0,0.6105,0.0354,0,neutral,kis,data/raw/price_012630_20260604_20261002.csv
375500,2026-10-02,75300.0,-0.0092,-0.0692,0.0757,77940.0,81375.0,0.2462,0.0311,0,neutral,kis,data/raw/price_375500_20260604_20261002.csv
131760,2026-10-02,1210.0,0.0272,-0.0707,-0.3308,1213.2,1278.25,0.177,0.0632,0,neutral,kis,data/raw/price_131760_20260604_20261002.csv
078590,2026-10-02,2725.0,0.0206,-0.0731,-0.1138,2730.0,2926.75,0.3388,0.0204,0,price_weakness,kis,data/raw/price_078590_20260604_20261002.csv
028260,2026-10-02,341500.0,-0.0101,-0.0733,-0.0845,344400.0,360775.0,0.2076,0.0249,0,price_weakness,unknown,data/raw/price_028260_20260902_20261002.csv
127120,2026-10-02,29450.0,-0.0297,-0.0739,-0.0407,30430.0,31605.0,0.3686,0.0453,0,price_weakness,kis,data/raw/price_127120_20260604_20261002.csv
236810,2026-10-02,1572.0,-0.0314,-0.0753,-0.0379,1655.8,1709.15,0.5679,0.0239,0,price_weakness,kis,data/raw/price_236810_20260604_20261002.csv
352940,2026-10-02,1997.0,-0.004,-0.0755,-0.0235,2038.4,2086.3,0.0429,0.0358,0,neutral,kis,data/raw/price_352940_20260604_20261002.csv
071950,2026-10-02,1645.0,0.0037,-0.0758,-0.0648,1746.0,1841.7,0.2133,0.06,0,neutral,kis,data/raw/price_071950_20260604_20261002.csv
090430,2026-10-02,131400.0,-0.0317,-0.0779,-0.0766,138180.0,141270.0,0.5425,0.0164,0,price_weakness,kis,data/raw/price_090430_20260604_20261002.csv
083660,2026-10-02,1422.0,-0.0173,-0.0796,-0.1382,1417.2,1513.85,0.7257,0.0338,0,neutral,kis,data/raw/price_083660_20260604_20261002.csv
006260,2026-10-02,295000.0,-0.0117,-0.0853,-0.0051,306700.0,311950.0,0.3882,0.035,0,price_weakness,unknown,data/raw/price_006260_20260902_20261002.csv
192410,2026-10-02,3375.0,-0.0533,-0.0878,-0.3356,3488.0,4212.0,0.5573,0.0336,0,price_weakness,kis,data/raw/price_192410_20260604_20261002.csv
357880,2026-10-02,1766.0,-0.0178,-0.0883,0.0068,1821.8,1822.8,0.4877,0.0328,0,price_weakness,kis,data/raw/price_357880_20260604_20261002.csv
267270,2026-10-02,117800.0,-0.0151,-0.0918,-0.0553,122940.0,134450.0,0.5893,0.034,0,price_weakness,kis,data/raw/price_267270_20260604_20261002.csv
224110,2026-10-02,7750.0,-0.0312,-0.0925,-0.0957,8094.0,8546.0,1.4992,0.0145,0,price_weakness,kis,data/raw/price_224110_20260604_20261002.csv
331920,2026-10-02,10290.0,0.0049,-0.0934,-0.2829,10418.0,12148.5,0.392,0.0293,0,price_weakness,kis,data/raw/price_331920_20260604_20261002.csv
043610,2026-10-02,1055.0,0.0,-0.0936,-0.0998,1095.8,1163.35,0.0,0.0129,0,price_weakness,kis,data/raw/price_043610_20260604_20261002.csv
076080,2026-10-02,1024.0,0.023,-0.0938,-0.0527,1048.6,1107.5,0.3596,0.0226,0,price_weakness,kis,data/raw/price_076080_20260604_20261002.csv
051900,2026-10-02,265000.0,-0.0239,-0.094,-0.1077,275400.0,290275.0,0.4584,0.0171,0,price_weakness,kis,data/raw/price_051900_20260604_20261002.csv
340810,2026-10-02,3450.0,-0.024,-0.1016,-0.1154,3638.0,3973.0,0.2869,0.0529,0,price_weakness,kis,data/raw/price_340810_20260604_20261002.csv
118000,2026-10-02,1196.0,-0.0324,-0.1021,-0.0884,1233.6,1295.7,0.2429,0.0262,0,price_weakness,unknown,data/raw/price_118000_20260902_20261002.csv
487400,2026-10-02,6610.0,0.0076,-0.1092,-0.0958,6694.0,7187.0,0.1383,0.0443,0,price_weakness,kis,data/raw/price_487400_20260604_20261002.csv
465770,2026-10-02,2270.0,0.0089,-0.1098,-0.4217,2330.0,3016.5,0.0553,0.0251,0,neutral,kis,data/raw/price_465770_20260604_20261002.csv
276730,2026-10-02,848.0,0.0266,-0.1111,-0.3855,871.8,1050.95,0.2173,0.0398,0,neutral,kis,data/raw/price_276730_20260604_20261002.csv
065770,2026-10-02,795.0,-0.0364,-0.1167,-0.3473,840.6,992.6,1.0909,0.0381,0,price_weakness,kis,data/raw/price_065770_20260604_20261002.csv
040350,2026-10-02,3285.0,-0.0076,-0.1205,-0.317,3333.0,3933.0,0.2623,0.0527,0,price_weakness,kis,data/raw/price_040350_20260604_20261002.csv
216400,2026-10-02,1270.0,0.0845,-0.1235,-0.3135,1317.6,1376.75,0.0182,0.0928,0,neutral,kis,data/raw/price_216400_20260604_20261002.csv
288980,2026-10-02,215.0,-0.0315,-0.126,-0.2833,212.2,268.1,0.1906,0.0645,0,neutral,kis,data/raw/price_288980_20260604_20261002.csv
018000,2026-10-02,1124.0,0.0027,-0.1287,-0.1115,1146.8,1216.45,0.2358,0.0266,0,price_weakness,kis,data/raw/price_018000_20260604_20261002.csv
241710,2026-10-02,110900.0,-0.039,-0.1288,-0.2044,119100.0,126520.0,0.9389,0.0414,0,price_weakness,kis,data/raw/price_241710_20260604_20261002.csv
206950,2026-10-02,1493.0,0.1485,-0.1469,-0.1464,1485.0,1669.3,0.1798,0.1175,0,neutral,kis,data/raw/price_206950_20260604_20261002.csv
216080,2026-10-02,6060.0,0.0134,-0.1572,-0.0194,6408.0,6709.5,0.2544,0.0446,0,price_weakness,kis,data/raw/price_216080_20260604_20261002.csv
072770,2026-10-02,647.0,-0.0197,-0.1597,-0.3088,697.2,800.6,0.6343,0.0301,0,price_weakness,unknown,data/raw/price_072770_20260902_20261002.csv
011090,2026-10-02,1325.0,-0.0105,-0.2127,0.1134,1437.6,1501.0,0.4431,0.058,0,neutral,kis,data/raw/price_011090_20260604_20261002.csv
199730,2026-10-02,610.0,0.0133,-0.2129,-0.6016,654.6,1017.4,0.2215,0.0748,0,price_weakness,kis,data/raw/price_199730_20260604_20261002.csv
290690,2026-10-02,3120.0,-0.0158,-0.2161,-0.221,3524.0,3925.25,0.8487,0.0358,0,neutral,kis,data/raw/price_290690_20260604_20261002.csv
208860,2026-10-02,9620.0,-0.0123,-0.2617,-0.2617,10018.0,12277.0,0.2792,0.0414,0,price_weakness,kis,data/raw/price_208860_20260604_20261002.csv
002820,2026-10-02,960.0,-0.0072,-0.2852,-0.4343,1085.6,1414.9,0.4755,0.0453,0,neutral,kis,data/raw/price_002820_20260604_20261002.csv
009190,2026-10-02,683.0,-0.0029,-0.2922,-0.4806,753.8,1079.55,0.6607,0.0751,0,neutral,kis,data/raw/price_009190_20260604_20261002.csv
418620,2026-10-02,456.0,-0.0298,-0.3143,-0.0559,554.0,619.7,0.2999,0.1,0,price_weakness,kis,data/raw/price_418620_20260604_20261002.csv
354200,2026-10-02,801.0,-0.0476,-0.3713,-0.5343,940.4,1296.05,0.3643,0.097,0,neutral,kis,data/raw/price_354200_20260604_20261002.csv
058450,2026-10-02,518.0,-0.0425,-0.4012,-0.6851,566.0,1071.4,1.2015,0.0818,0,neutral,kis,data/raw/price_058450_20260604_20261002.csv
270520,2026-10-02,834.0,0.0024,-0.5871,-0.6882,976.4,2396.1,0.5998,0.1086,0,neutral,kis,data/raw/price_270520_20260604_20261002.csv
291810,2026-10-02,409.0,0.0,-0.656,-0.6667,528.8,1334.4,0.0,0.1417,0,price_weakness,kis,data/raw/price_291810_20260604_20261002.csv
