stock_code,signal_date,close,return_1d,return_5d,return_20d,ma5,ma20,volume_ratio_20d,volatility_20d,breakout_score,signal_label,price_source,source_file
141000,2026-09-30,10590.0,0.0929,0.1473,0.1754,9674.0,9180.0,4.0713,0.0252,5,strong_price_momentum,kis,data/raw/price_141000_20260602_20260930.csv
109670,2026-09-30,16730.0,0.0,1.4785,3.3455,13000.0,7491.25,0.0,0.1229,4,strong_price_momentum,kis,data/raw/price_109670_20260602_20260930.csv
002360,2026-09-30,3430.0,0.0394,0.8541,1.1397,2879.0,1957.35,0.3948,0.0963,4,strong_price_momentum,kis,data/raw/price_002360_20260602_20260930.csv
009830,2026-09-30,34300.0,0.0554,0.2338,0.0133,31610.0,30112.5,1.0808,0.052,4,strong_price_momentum,pykrx,data/raw/price_009830_20260602_20260930.csv
073570,2026-09-30,2510.0,0.008,0.2184,0.4817,2324.0,1950.6,0.4034,0.0317,4,strong_price_momentum,unknown,data/raw/price_073570_20260831_20260930.csv
014680,2026-09-30,261000.0,0.0545,0.1945,0.2609,242100.0,213020.0,0.4364,0.0301,4,strong_price_momentum,unknown,data/raw/price_014680_20260831_20260930.csv
006120,2026-09-30,65700.0,0.0282,0.1587,0.2882,62340.0,57520.0,0.5299,0.0278,4,strong_price_momentum,kis,data/raw/price_006120_20260602_20260930.csv
012030,2026-09-30,1884.0,0.0797,0.1544,0.1775,1753.6,1629.2,0.6714,0.0417,4,strong_price_momentum,unknown,data/raw/price_012030_20260831_20260930.csv
059090,2026-09-30,22950.0,0.0528,0.1486,0.186,22340.0,20030.5,0.7417,0.0469,4,strong_price_momentum,kis,data/raw/price_059090_20260602_20260930.csv
003030,2026-09-30,119500.0,0.0874,0.1065,0.1797,109340.0,106380.0,0.9955,0.03,4,strong_price_momentum,unknown,data/raw/price_003030_20260831_20260930.csv
119610,2026-09-30,15380.0,0.0541,0.1065,0.1025,14732.0,14308.5,0.7593,0.0226,4,strong_price_momentum,kis,data/raw/price_119610_20260602_20260930.csv
078350,2026-09-30,31000.0,0.0896,0.0993,0.5049,28490.0,22018.5,0.6536,0.0756,4,strong_price_momentum,kis,data/raw/price_078350_20260602_20260930.csv
182360,2026-09-30,6820.0,0.0029,0.0965,0.182,6670.0,6240.5,0.3211,0.0278,4,strong_price_momentum,kis,data/raw/price_182360_20260602_20260930.csv
397030,2026-09-30,20150.0,0.0781,0.0951,0.1251,18690.0,17862.0,1.4547,0.0312,4,strong_price_momentum,kis,data/raw/price_397030_20260602_20260930.csv
264450,2026-09-30,11620.0,0.0175,0.086,0.089,11300.0,10567.0,0.2073,0.0201,4,strong_price_momentum,unknown,data/raw/price_264450_20260831_20260930.csv
011790,2026-09-30,96200.0,0.0311,0.0821,0.0653,91520.0,88465.0,0.857,0.0283,4,strong_price_momentum,unknown,data/raw/price_011790_20260831_20260930.csv
121600,2026-09-30,56250.0,0.0397,0.0817,0.1029,53850.0,50360.0,0.3809,0.0367,4,strong_price_momentum,kis,data/raw/price_121600_20260602_20260930.csv
487570,2026-09-30,51700.0,0.0058,0.0771,0.0793,50250.0,48892.5,1.0435,0.0111,4,strong_price_momentum,kis,data/raw/price_487570_20260602_20260930.csv
088790,2026-09-30,2570.0,0.0426,0.0664,0.2267,2478.0,2370.0,0.3195,0.034,4,strong_price_momentum,kis,data/raw/price_088790_20260602_20260930.csv
200710,2026-09-30,28000.0,0.0163,0.0646,0.1067,27080.0,24935.0,0.4366,0.0331,4,strong_price_momentum,kis,data/raw/price_200710_20260602_20260930.csv
007980,2026-09-30,1808.0,0.0146,0.0623,0.0409,1783.0,1736.8,0.5459,0.0137,4,strong_price_momentum,kis,data/raw/price_007980_20260602_20260930.csv
464080,2026-09-30,10470.0,0.0038,0.0576,0.0325,10130.0,9948.0,0.4966,0.0293,4,strong_price_momentum,kis,data/raw/price_464080_20260602_20260930.csv
127710,2026-09-30,1420.0,0.0297,0.055,0.38,1331.6,1142.95,0.4642,0.0486,4,strong_price_momentum,kis,data/raw/price_127710_20260602_20260930.csv
001040,2026-09-30,135700.0,-0.008,0.0544,0.0446,133440.0,131250.0,0.1002,0.0203,4,strong_price_momentum,kis,data/raw/price_001040_20260602_20260930.csv
122640,2026-09-30,33950.0,0.0351,0.0527,0.147,32370.0,29882.5,0.5556,0.0403,4,strong_price_momentum,pykrx,data/raw/price_122640_20260602_20260930.csv
166090,2026-09-30,60100.0,0.0033,0.047,0.1602,58440.0,53897.5,0.1966,0.0343,4,strong_price_momentum,unknown,data/raw/price_166090_20260831_20260930.csv
004150,2026-09-30,3610.0,0.007,0.0434,0.0618,3547.0,3515.25,0.1961,0.0154,4,strong_price_momentum,kis,data/raw/price_004150_20260602_20260930.csv
142210,2026-09-30,6440.0,0.0047,0.0421,0.0662,6300.0,6049.5,0.5456,0.0149,4,strong_price_momentum,unknown,data/raw/price_142210_20260831_20260930.csv
049950,2026-09-30,10970.0,0.012,0.032,0.0129,10668.0,10545.5,0.7438,0.0191,4,strong_price_momentum,kis,data/raw/price_049950_20260602_20260930.csv
291230,2026-09-30,2595.0,-0.0019,0.0237,0.0318,2584.0,2547.0,0.0223,0.0041,4,strong_price_momentum,kis,data/raw/price_291230_20260602_20260930.csv
045100,2026-09-30,32600.0,0.0015,0.0235,0.0849,32110.0,30605.0,0.7368,0.0277,4,strong_price_momentum,kis,data/raw/price_045100_20260602_20260930.csv
033780,2026-09-30,177400.0,0.0011,0.0207,-0.0039,176320.0,173150.0,0.2225,0.0114,4,strong_price_momentum,kis,data/raw/price_033780_20260602_20260930.csv
045300,2026-09-30,2750.0,0.0185,0.0204,0.0223,2713.0,2690.0,0.2025,0.0111,4,strong_price_momentum,kis,data/raw/price_045300_20260602_20260930.csv
015360,2026-09-30,14680.0,0.0014,0.0194,0.0411,14618.0,14452.0,0.0775,0.011,4,strong_price_momentum,kis,data/raw/price_015360_20260602_20260930.csv
261200,2026-09-30,2640.0,0.0173,0.0154,0.0602,2598.0,2572.75,0.4008,0.0175,4,strong_price_momentum,kis,data/raw/price_261200_20260602_20260930.csv
038620,2026-09-30,2005.0,0.0025,0.0152,0.0443,1996.0,1947.15,1.4718,0.0148,4,strong_price_momentum,kis,data/raw/price_038620_20260602_20260930.csv
378340,2026-09-30,12410.0,0.0376,0.0089,0.107,12012.0,11827.0,0.4869,0.032,4,strong_price_momentum,kis,data/raw/price_378340_20260602_20260930.csv
145270,2026-09-30,791.0,-0.0038,0.0076,0.0167,793.8,789.05,0.1058,0.0095,4,strong_price_momentum,kis,data/raw/price_145270_20260602_20260930.csv
002840,2026-09-30,137000.0,0.0,0.0059,-0.0094,137080.0,133945.0,0.4444,0.0209,4,strong_price_momentum,kis,data/raw/price_002840_20260602_20260930.csv
023450,2026-09-30,32350.0,0.0031,0.0015,0.027,32140.0,31810.0,0.4744,0.0056,4,strong_price_momentum,kis,data/raw/price_023450_20260602_20260930.csv
023760,2026-09-30,1412.0,-0.0056,0.0007,-0.0042,1413.6,1412.25,0.3322,0.0069,4,strong_price_momentum,kis,data/raw/price_023760_20260602_20260930.csv
047920,2026-09-30,12180.0,0.0125,0.5922,0.7131,9734.0,7709.0,4.9092,0.1062,3,price_momentum,kis,data/raw/price_047920_20260602_20260930.csv
067630,2026-09-30,4145.0,0.1419,0.5495,0.5352,3285.0,2758.25,4.7568,0.0819,3,price_momentum,kis,data/raw/price_067630_20260602_20260930.csv
338220,2026-09-30,8200.0,-0.0144,0.5074,0.4669,6904.0,5455.5,1.5296,0.088,3,price_momentum,unknown,data/raw/price_338220_20260831_20260930.csv
278650,2026-09-30,3490.0,0.0145,0.3449,0.482,3045.0,2580.0,1.7409,0.0768,3,price_momentum,kis,data/raw/price_278650_20260602_20260930.csv
123010,2026-09-30,4080.0,0.0751,0.3377,0.8759,3607.0,2912.25,2.0256,0.0512,3,price_momentum,unknown,data/raw/price_123010_20260831_20260930.csv
003580,2026-09-30,2015.0,-0.0074,0.2689,0.2925,1852.4,1692.1,2.3391,0.0725,3,price_momentum,kis,data/raw/price_003580_20260602_20260930.csv
178320,2026-09-30,39400.0,0.0663,0.2123,0.0103,35180.0,35022.5,1.6548,0.0508,3,price_momentum,kis,data/raw/price_178320_20260602_20260930.csv
490470,2026-09-30,18480.0,-0.0243,0.1839,0.2008,17110.0,15596.5,1.5102,0.0522,3,price_momentum,unknown,data/raw/price_490470_20260831_20260930.csv
950250,2026-09-30,4000.0,-0.0815,0.1445,0.7279,3635.0,3127.0,1.5495,0.1144,3,price_momentum,kis,data/raw/price_950250_20260602_20260930.csv
002710,2026-09-30,12750.0,0.1343,0.1116,0.1165,11740.0,11551.0,3.0142,0.0532,3,price_momentum,kis,data/raw/price_002710_20260602_20260930.csv
303360,2026-09-30,5870.0,0.0173,0.087,0.0993,5508.0,5286.0,2.476,0.0294,3,price_momentum,unknown,data/raw/price_303360_20260831_20260930.csv
498390,2026-09-30,2680.0,-0.0111,0.0806,0.0806,2566.0,2501.5,3.9584,0.021,3,price_momentum,unknown,data/raw/price_498390_20260831_20260930.csv
065450,2026-09-30,3110.0,0.0163,0.078,0.1187,2979.0,2838.5,2.5473,0.0192,3,price_momentum,kis,data/raw/price_065450_20260602_20260930.csv
277070,2026-09-30,3430.0,0.0133,0.0669,0.0285,3377.0,3211.0,1.8309,0.0318,3,price_momentum,kis,data/raw/price_277070_20260602_20260930.csv
017650,2026-09-30,10800.0,0.0,0.0,0.0,10800.0,10782.5,0.0,0.0052,3,price_momentum,kis,data/raw/price_017650_20260602_20260930.csv
482520,2026-09-30,2065.0,0.0,0.0,0.0049,2065.0,2062.25,0.0,0.0013,3,price_momentum,kis,data/raw/price_482520_20260602_20260930.csv
489480,2026-09-30,2200.0,0.0,0.0,0.0,2200.0,2190.0,0.0,0.0075,3,price_momentum,kis,data/raw/price_489480_20260602_20260930.csv
016610,2026-09-30,10300.0,0.001,-0.0029,0.0489,10290.0,10127.5,0.3489,0.0105,3,price_momentum,unknown,data/raw/price_016610_20260831_20260930.csv
206400,2026-09-30,905.0,-0.0109,0.3817,-0.0237,780.4,730.85,1.0946,0.0775,2,price_momentum,kis,data/raw/price_206400_20260602_20260930.csv
468530,2026-09-30,52200.0,-0.0261,0.3232,0.4893,49340.0,35620.0,1.0736,0.076,2,price_momentum,kis,data/raw/price_468530_20260602_20260930.csv
025560,2026-09-30,8130.0,0.0768,0.3177,0.2356,7140.0,6356.0,1.2296,0.0368,2,price_momentum,kis,data/raw/price_025560_20260602_20260930.csv
028300,2026-09-30,41900.0,0.0436,0.3114,0.177,36670.0,33240.0,0.9313,0.0774,2,price_momentum,kis,data/raw/price_028300_20260602_20260930.csv
163730,2026-09-30,14020.0,0.0385,0.2934,0.4062,13278.0,10450.0,0.4041,0.0518,2,price_momentum,kis,data/raw/price_163730_20260602_20260930.csv
115450,2026-09-30,2595.0,0.0176,0.291,0.2241,2338.8,2105.65,1.1827,0.0719,2,price_momentum,kis,data/raw/price_115450_20260602_20260930.csv
440110,2026-09-30,83100.0,-0.006,0.2687,0.2648,80300.0,69530.0,0.3893,0.069,2,price_momentum,kis,data/raw/price_440110_20260602_20260930.csv
092870,2026-09-30,47650.0,-0.0073,0.249,0.9854,44720.0,34362.5,0.432,0.0672,2,price_momentum,kis,data/raw/price_092870_20260602_20260930.csv
002680,2026-09-30,3300.0,0.0427,0.2453,0.2891,2980.0,2763.75,0.3653,0.0491,2,price_momentum,kis,data/raw/price_002680_20260602_20260930.csv
032580,2026-09-30,7900.0,0.0207,0.2061,0.6373,7204.0,5587.0,0.8409,0.0534,2,price_momentum,unknown,data/raw/price_032580_20260831_20260930.csv
085670,2026-09-30,3470.0,0.0206,0.1986,0.1471,3309.0,3046.0,0.3916,0.0344,2,price_momentum,kis,data/raw/price_085670_20260602_20260930.csv
011300,2026-09-30,2865.0,-0.0272,0.1863,0.3023,2856.0,2521.0,0.1446,0.048,2,price_momentum,unknown,data/raw/price_011300_20260831_20260930.csv
250030,2026-09-30,28150.0,-0.0053,0.1828,0.3632,25750.0,22552.0,0.8268,0.0462,2,price_momentum,kis,data/raw/price_250030_20260602_20260930.csv
200350,2026-09-30,2895.0,-0.0136,0.1697,0.1534,2748.0,2580.75,0.1158,0.0825,2,price_momentum,kis,data/raw/price_200350_20260602_20260930.csv
131100,2026-09-30,2795.0,-0.0089,0.1695,0.2073,2799.0,2443.5,0.6785,0.0745,2,price_momentum,kis,data/raw/price_131100_20260602_20260930.csv
383930,2026-09-30,1938.0,0.0259,0.1654,0.2519,1808.2,1661.0,0.6428,0.0547,2,price_momentum,kis,data/raw/price_383930_20260602_20260930.csv
035620,2026-09-30,741.0,0.0014,0.1651,0.0601,717.6,680.65,0.4704,0.0357,2,price_momentum,pykrx,data/raw/price_035620_20260602_20260930.csv
950260,2026-09-30,25000.0,-0.0119,0.1628,0.4172,24500.0,18688.0,0.1567,0.0715,2,price_momentum,kis,data/raw/price_950260_20260602_20260930.csv
187660,2026-09-30,7440.0,-0.0067,0.1625,0.503,7006.0,6713.5,0.1617,0.098,2,price_momentum,kis,data/raw/price_187660_20260602_20260930.csv
251370,2026-09-30,8680.0,0.0333,0.1604,0.0547,8020.0,7393.0,0.9335,0.0382,2,price_momentum,kis,data/raw/price_251370_20260602_20260930.csv
036710,2026-09-30,4555.0,-0.0225,0.159,0.0963,4510.0,4111.5,0.2215,0.0349,2,price_momentum,kis,data/raw/price_036710_20260602_20260930.csv
267320,2026-09-30,2560.0,-0.0303,0.1584,0.1403,2355.0,2247.5,1.4743,0.0471,2,price_momentum,unknown,data/raw/price_267320_20260831_20260930.csv
024850,2026-09-30,16940.0,0.0496,0.1579,0.2178,16440.0,15700.0,0.6372,0.101,2,price_momentum,kis,data/raw/price_024850_20260602_20260930.csv
420770,2026-09-30,128300.0,-0.0054,0.1517,0.1384,125040.0,107115.0,0.2176,0.0449,2,price_momentum,pykrx,data/raw/price_420770_20260602_20260930.csv
187870,2026-09-30,12010.0,0.0213,0.1471,0.112,11646.0,10626.0,0.6104,0.0327,2,price_momentum,kis,data/raw/price_187870_20260602_20260930.csv
009620,2026-09-30,5460.0,-0.0302,0.1399,0.2552,5316.0,4625.75,0.5145,0.0277,2,price_momentum,kis,data/raw/price_009620_20260602_20260930.csv
004710,2026-09-30,11100.0,-0.0116,0.1361,0.6252,10546.0,9209.0,0.4103,0.0516,2,price_momentum,kis,data/raw/price_004710_20260602_20260930.csv
086890,2026-09-30,3995.0,0.0377,0.1333,0.189,3742.0,3555.75,0.729,0.0281,2,price_momentum,kis,data/raw/price_086890_20260602_20260930.csv
176750,2026-09-30,6810.0,-0.0594,0.1331,0.1091,6620.0,6231.5,0.6226,0.0411,2,price_momentum,kis,data/raw/price_176750_20260602_20260930.csv
051630,2026-09-30,1760.0,-0.0028,0.1297,0.2698,1712.4,1507.7,0.0365,0.0767,2,price_momentum,kis,data/raw/price_051630_20260602_20260930.csv
126340,2026-09-30,94100.0,0.1163,0.1269,0.5153,86180.0,72095.0,1.4639,0.0589,2,price_momentum,kis,data/raw/price_126340_20260602_20260930.csv
187420,2026-09-30,2020.0,-0.0025,0.1241,0.051,1985.8,1886.05,0.5883,0.077,2,price_momentum,pykrx,data/raw/price_187420_20260602_20260930.csv
117730,2026-09-30,14940.0,-0.0007,0.1225,0.1387,14314.0,13269.5,0.5253,0.0376,2,price_momentum,kis,data/raw/price_117730_20260602_20260930.csv
101360,2026-09-30,8290.0,0.0995,0.1188,-0.1115,7748.0,7955.0,1.9623,0.0416,2,price_momentum,kis,data/raw/price_101360_20260602_20260930.csv
199800,2026-09-30,36350.0,0.0521,0.115,0.0327,34930.0,33717.5,0.4833,0.041,2,price_momentum,kis,data/raw/price_199800_20260602_20260930.csv
027040,2026-09-30,1864.0,0.0059,0.0997,-0.0402,1830.8,1792.7,0.1881,0.0323,2,price_momentum,kis,data/raw/price_027040_20260602_20260930.csv
024900,2026-09-30,2215.0,0.0068,0.0993,0.306,2179.0,1870.15,0.136,0.0473,2,price_momentum,kis,data/raw/price_024900_20260602_20260930.csv
119850,2026-09-30,57300.0,0.0324,0.0956,0.243,55820.0,49710.0,0.3963,0.0424,2,price_momentum,kis,data/raw/price_119850_20260602_20260930.csv
012210,2026-09-30,12150.0,0.0584,0.0926,0.3807,12406.0,11064.5,0.4557,0.1041,2,price_momentum,kis,data/raw/price_012210_20260602_20260930.csv
020560,2026-09-30,8410.0,0.0096,0.0922,0.1051,8368.0,7980.5,0.3617,0.0247,2,price_momentum,kis,data/raw/price_020560_20260602_20260930.csv
217190,2026-09-30,8015.0,0.0249,0.0905,0.2622,7663.0,6811.25,0.3336,0.0343,2,price_momentum,kis,data/raw/price_217190_20260602_20260930.csv
431190,2026-09-30,4120.0,-0.0024,0.0871,0.4306,4120.0,3536.75,0.0633,0.0646,2,price_momentum,unknown,data/raw/price_431190_20260831_20260930.csv
418420,2026-09-30,4385.0,0.0127,0.0854,0.0894,4257.0,4120.5,0.1827,0.0346,2,price_momentum,pykrx,data/raw/price_418420_20260602_20260930.csv
077360,2026-09-30,13400.0,-0.049,0.085,0.2885,13288.0,11142.5,0.675,0.0415,2,price_momentum,kis,data/raw/price_077360_20260602_20260930.csv
214330,2026-09-30,7030.0,0.0384,0.0849,0.0815,6730.0,6491.0,0.3005,0.0552,2,price_momentum,kis,data/raw/price_214330_20260602_20260930.csv
206560,2026-09-30,958.0,0.0095,0.0849,0.0424,950.2,932.4,0.0792,0.0279,2,price_momentum,kis,data/raw/price_206560_20260602_20260930.csv
003490,2026-09-30,31500.0,-0.0016,0.0843,0.121,31530.0,29970.0,0.3786,0.024,2,price_momentum,unknown,data/raw/price_003490_20260831_20260930.csv
464490,2026-09-30,4785.0,0.0645,0.0838,-0.0562,4557.0,4721.75,4.4831,0.0276,2,price_momentum,kis,data/raw/price_464490_20260602_20260930.csv
011930,2026-09-30,18110.0,0.0354,0.0805,0.0609,17360.0,16596.5,0.7109,0.0211,2,price_momentum,kis,data/raw/price_011930_20260602_20260930.csv
092040,2026-09-30,959.0,-0.0062,0.08,0.001,948.0,942.75,0.1475,0.0423,2,price_momentum,kis,data/raw/price_092040_20260602_20260930.csv
196300,2026-09-30,4625.0,0.0165,0.0793,0.0644,4666.0,4334.75,1.1256,0.0821,2,price_momentum,kis,data/raw/price_196300_20260602_20260930.csv
299660,2026-09-30,2390.0,-0.0021,0.0766,-0.1277,2584.0,2415.5,0.0772,0.0804,2,price_momentum,kis,data/raw/price_299660_20260602_20260930.csv
089030,2026-09-30,51700.0,0.0019,0.0704,0.0423,49810.0,47475.0,0.6237,0.0362,2,price_momentum,unknown,data/raw/price_089030_20260831_20260930.csv
212710,2026-09-30,7200.0,-0.0055,0.0698,-0.0361,7044.0,6998.0,0.2054,0.0239,2,price_momentum,unknown,data/raw/price_212710_20260831_20260930.csv
096770,2026-09-30,150400.0,0.0308,0.0689,0.1984,148940.0,141965.0,0.2001,0.0489,2,price_momentum,kis,data/raw/price_096770_20260602_20260930.csv
009150,2026-09-30,1530000.0,-0.0129,0.0684,0.0494,1512200.0,1418150.0,0.3392,0.0312,2,price_momentum,unknown,data/raw/price_009150_20260831_20260930.csv
361610,2026-09-30,17300.0,0.0279,0.0672,0.0686,17144.0,16531.0,0.1025,0.0439,2,price_momentum,kis,data/raw/price_361610_20260602_20260930.csv
001260,2026-09-30,8050.0,-0.0242,0.0662,0.0387,7868.0,7761.5,0.6261,0.0211,2,price_momentum,kis,data/raw/price_001260_20260602_20260930.csv
235980,2026-09-30,2910.0,0.0,0.0659,0.0449,2844.0,2805.0,0.1833,0.0246,2,price_momentum,kis,data/raw/price_235980_20260602_20260930.csv
070960,2026-09-30,2030.0,-0.0025,0.0656,-0.024,2028.6,1994.55,0.3136,0.018,2,price_momentum,kis,data/raw/price_070960_20260602_20260930.csv
226330,2026-09-30,1315.0,-0.0142,0.0648,-0.0295,1311.2,1283.75,0.1573,0.0539,2,price_momentum,kis,data/raw/price_226330_20260602_20260930.csv
451220,2026-09-30,8660.0,0.02,0.0626,-0.0324,8408.0,8232.5,0.6625,0.0224,2,price_momentum,kis,data/raw/price_451220_20260602_20260930.csv
042700,2026-09-30,253500.0,0.006,0.0607,0.1497,244400.0,234500.0,0.2405,0.0392,2,price_momentum,unknown,data/raw/price_042700_20260831_20260930.csv
215480,2026-09-30,2120.0,0.085,0.06,0.0751,2004.2,2011.7,4.9102,0.0271,2,price_momentum,kis,data/raw/price_215480_20260602_20260930.csv
010950,2026-09-30,163100.0,0.0336,0.0598,0.0866,158600.0,154280.0,0.1936,0.0328,2,price_momentum,kis,data/raw/price_010950_20260602_20260930.csv
138080,2026-09-30,28800.0,0.0249,0.0569,0.2361,28250.0,24750.0,0.3026,0.0453,2,price_momentum,kis,data/raw/price_138080_20260602_20260930.csv
067080,2026-09-30,11560.0,0.0026,0.0547,0.0764,11428.0,11100.5,0.1072,0.0253,2,price_momentum,pykrx,data/raw/price_067080_20260602_20260930.csv
328130,2026-09-30,10980.0,-0.0695,0.0507,0.2079,10752.0,9255.5,0.7558,0.0698,2,price_momentum,kis,data/raw/price_328130_20260602_20260930.csv
086820,2026-09-30,6670.0,0.0121,0.0504,0.0,6578.0,6454.5,0.553,0.026,2,price_momentum,kis,data/raw/price_086820_20260602_20260930.csv
004440,2026-09-30,5470.0,0.0148,0.0479,0.0186,5298.0,5216.5,0.1453,0.031,2,price_momentum,kis,data/raw/price_004440_20260602_20260930.csv
308430,2026-09-30,14160.0,-0.0471,0.0473,0.1203,14446.0,13279.5,1.2711,0.0314,2,price_momentum,unknown,data/raw/price_308430_20260831_20260930.csv
048470,2026-09-30,2885.0,0.051,0.0472,0.0472,2813.0,2826.25,2.0055,0.0229,2,price_momentum,kis,data/raw/price_048470_20260602_20260930.csv
229640,2026-09-30,62700.0,0.0097,0.0467,0.3601,62200.0,53047.5,0.4002,0.0553,2,price_momentum,kis,data/raw/price_229640_20260602_20260930.csv
061970,2026-09-30,4520.0,0.0022,0.0439,0.0623,4436.0,4100.25,0.461,0.0277,2,price_momentum,kis,data/raw/price_061970_20260602_20260930.csv
389680,2026-09-30,2985.0,0.0153,0.0437,0.5482,2985.0,2451.35,0.1014,0.0594,2,price_momentum,kis,data/raw/price_389680_20260602_20260930.csv
008930,2026-09-30,52800.0,0.0173,0.0435,0.1786,51960.0,51597.5,0.1543,0.039,2,price_momentum,unknown,data/raw/price_008930_20260831_20260930.csv
038870,2026-09-30,2160.0,-0.0182,0.0435,0.1797,2158.0,1978.35,0.1153,0.0289,2,price_momentum,kis,data/raw/price_038870_20260602_20260930.csv
038290,2026-09-30,12390.0,0.0032,0.0403,-0.035,12194.0,12083.5,0.1996,0.0132,2,price_momentum,kis,data/raw/price_038290_20260602_20260930.csv
432720,2026-09-30,11140.0,0.0353,0.0401,0.2282,10772.0,9712.5,0.3746,0.0407,2,price_momentum,kis,data/raw/price_432720_20260602_20260930.csv
095570,2026-09-30,4315.0,0.0058,0.0398,-0.0238,4275.0,4214.75,0.2014,0.011,2,price_momentum,kis,data/raw/price_095570_20260602_20260930.csv
355390,2026-09-30,1489.0,-0.0337,0.0398,0.2215,1518.8,1372.35,0.1978,0.067,2,price_momentum,kis,data/raw/price_355390_20260602_20260930.csv
126880,2026-09-30,2650.0,0.0232,0.0392,0.0433,2604.0,2531.0,0.7993,0.0175,2,price_momentum,kis,data/raw/price_126880_20260602_20260930.csv
199290,2026-09-30,400.0,0.1461,0.039,0.0127,391.8,380.5,0.0058,0.0965,2,price_momentum,kis,data/raw/price_199290_20260602_20260930.csv
200230,2026-09-30,2270.0,0.0271,0.0389,-0.0066,2214.0,2198.25,1.0234,0.0137,2,price_momentum,unknown,data/raw/price_200230_20260831_20260930.csv
033310,2026-09-30,1502.0,0.0108,0.038,0.0387,1478.6,1454.8,0.3626,0.0188,2,price_momentum,kis,data/raw/price_033310_20260602_20260930.csv
215380,2026-09-30,2190.0,-0.0135,0.0379,0.0,2228.0,2168.75,0.2377,0.0279,2,price_momentum,kis,data/raw/price_215380_20260602_20260930.csv
090080,2026-09-30,1021.0,-0.0049,0.0365,0.058,1008.4,996.1,0.1867,0.0107,2,price_momentum,kis,data/raw/price_090080_20260602_20260930.csv
095270,2026-09-30,4370.0,0.0139,0.0355,0.083,4267.0,4159.75,0.293,0.022,2,price_momentum,kis,data/raw/price_095270_20260602_20260930.csv
119830,2026-09-30,6410.0,0.0355,0.0355,-0.0016,6264.0,6180.5,0.2351,0.0349,2,price_momentum,kis,data/raw/price_119830_20260602_20260930.csv
064960,2026-09-30,26450.0,-0.0149,0.0352,0.0154,26330.0,26295.0,0.2586,0.0259,2,price_momentum,kis,data/raw/price_064960_20260602_20260930.csv
232140,2026-09-30,14790.0,0.0271,0.035,0.3682,14294.0,12520.5,0.7276,0.054,2,price_momentum,unknown,data/raw/price_232140_20260831_20260930.csv
451760,2026-09-30,8340.0,0.0412,0.0347,0.1599,8246.0,7583.0,0.3824,0.0354,2,price_momentum,kis,data/raw/price_451760_20260602_20260930.csv
001340,2026-09-30,5110.0,0.0261,0.0344,-0.0173,5018.0,5006.25,0.3542,0.021,2,price_momentum,kis,data/raw/price_001340_20260602_20260930.csv
081180,2026-09-30,6460.0,0.0173,0.0319,0.2767,6244.0,5654.75,0.2313,0.0464,2,price_momentum,kis,data/raw/price_081180_20260602_20260930.csv
282720,2026-09-30,7630.0,0.0325,0.0311,0.0026,7462.0,7454.5,0.871,0.0205,2,price_momentum,kis,data/raw/price_282720_20260602_20260930.csv
092790,2026-09-30,14380.0,0.0894,0.0308,0.1404,13790.0,13679.0,0.8749,0.0362,2,price_momentum,kis,data/raw/price_092790_20260602_20260930.csv
286750,2026-09-30,2560.0,-0.0554,0.0302,-0.1248,2637.0,2625.5,0.1007,0.0407,2,price_momentum,kis,data/raw/price_286750_20260602_20260930.csv
327260,2026-09-30,50600.0,0.0369,0.0295,0.3769,48160.0,42690.0,0.7077,0.058,2,price_momentum,kis,data/raw/price_327260_20260602_20260930.csv
406820,2026-09-30,2495.0,0.0142,0.0289,0.2171,2417.0,2158.2,0.2294,0.0825,2,price_momentum,kis,data/raw/price_406820_20260602_20260930.csv
250060,2026-09-30,3120.0,0.0097,0.028,0.0297,3086.0,3040.25,0.2676,0.0261,2,price_momentum,unknown,data/raw/price_250060_20260831_20260930.csv
253590,2026-09-30,13380.0,-0.0022,0.0276,0.2563,13400.0,12054.0,0.3227,0.0353,2,price_momentum,kis,data/raw/price_253590_20260602_20260930.csv
214430,2026-09-30,67800.0,-0.0059,0.0273,0.13,68180.0,62120.0,0.2504,0.0266,2,price_momentum,kis,data/raw/price_214430_20260602_20260930.csv
306620,2026-09-30,2080.0,-0.0095,0.0272,0.0828,2045.4,1905.45,0.3271,0.0289,2,price_momentum,kis,data/raw/price_306620_20260602_20260930.csv
256940,2026-09-30,6060.0,0.0,0.0271,0.0802,6062.0,5837.5,0.1365,0.0228,2,price_momentum,kis,data/raw/price_256940_20260602_20260930.csv
034730,2026-09-30,593000.0,0.0102,0.026,0.0881,590200.0,577600.0,0.3288,0.039,2,price_momentum,unknown,data/raw/price_034730_20260831_20260930.csv
261780,2026-09-30,3570.0,-0.0493,0.0259,0.4337,3591.0,3423.5,0.4004,0.0652,2,price_momentum,kis,data/raw/price_261780_20260602_20260930.csv
112610,2026-09-30,51700.0,0.0258,0.0258,0.0573,51100.0,50237.5,0.4117,0.0286,2,price_momentum,kis,data/raw/price_112610_20260602_20260930.csv
445090,2026-09-30,22000.0,0.0138,0.0256,0.0602,21840.0,20834.0,0.3586,0.0207,2,price_momentum,kis,data/raw/price_445090_20260602_20260930.csv
272110,2026-09-30,30650.0,0.0251,0.0251,0.2771,29960.0,26545.0,0.5945,0.0304,2,price_momentum,kis,data/raw/price_272110_20260602_20260930.csv
064290,2026-09-30,52000.0,-0.0764,0.0236,0.5592,54660.0,46265.0,0.3398,0.0661,2,price_momentum,kis,data/raw/price_064290_20260602_20260930.csv
002880,2026-09-30,3495.0,0.0386,0.0234,-0.0717,3445.0,3571.5,2.1934,0.0206,2,price_momentum,kis,data/raw/price_002880_20260602_20260930.csv
161890,2026-09-30,148900.0,-0.0073,0.0234,-0.07,148080.0,146590.0,0.392,0.0193,2,price_momentum,kis,data/raw/price_161890_20260602_20260930.csv
018470,2026-09-30,5240.0,0.0058,0.0234,0.0771,5192.0,4969.0,0.1538,0.0167,2,price_momentum,kis,data/raw/price_018470_20260602_20260930.csv
203650,2026-09-30,2745.0,0.0148,0.0223,0.2918,2757.0,2467.6,0.1207,0.0613,2,price_momentum,kis,data/raw/price_203650_20260602_20260930.csv
073490,2026-09-30,32600.0,0.0046,0.0219,0.0759,32210.0,30620.0,0.4076,0.0216,2,price_momentum,pykrx,data/raw/price_073490_20260602_20260930.csv
115530,2026-09-30,3110.0,-0.0143,0.0213,0.013,2990.0,2919.5,0.3502,0.0542,2,price_momentum,kis,data/raw/price_115530_20260602_20260930.csv
078130,2026-09-30,3505.0,0.0014,0.0204,-0.0209,3492.0,3489.5,0.3041,0.0133,2,price_momentum,kis,data/raw/price_078130_20260602_20260930.csv
248070,2026-09-30,13020.0,-0.0015,0.0204,-0.0276,13048.0,12864.0,0.162,0.0144,2,price_momentum,kis,data/raw/price_248070_20260602_20260930.csv
089860,2026-09-30,50200.0,0.009,0.0203,0.0602,49790.0,49600.0,0.1887,0.0221,2,price_momentum,kis,data/raw/price_089860_20260602_20260930.csv
070590,2026-09-30,2155.0,-0.0182,0.0189,0.1131,2141.0,2069.15,0.2473,0.0248,2,price_momentum,kis,data/raw/price_070590_20260602_20260930.csv
028100,2026-09-30,19790.0,0.0041,0.0185,0.1232,19582.0,18630.5,0.0656,0.0208,2,price_momentum,kis,data/raw/price_028100_20260602_20260930.csv
002420,2026-09-30,6190.0,0.0198,0.0181,0.0545,6222.0,5919.5,0.1809,0.0484,2,price_momentum,unknown,data/raw/price_002420_20260831_20260930.csv
478340,2026-09-30,14120.0,0.0232,0.018,0.3682,13886.0,11723.5,0.2413,0.0752,2,price_momentum,kis,data/raw/price_478340_20260602_20260930.csv
489460,2026-09-30,11550.0,-0.0017,0.0167,-0.047,11644.0,11401.0,0.0962,0.0308,2,price_momentum,kis,data/raw/price_489460_20260602_20260930.csv
100840,2026-09-30,37350.0,0.0289,0.0163,0.2226,37200.0,36337.5,0.212,0.0484,2,price_momentum,kis,data/raw/price_100840_20260602_20260930.csv
357120,2026-09-30,4155.0,-0.0292,0.0159,-0.0131,4250.0,4145.0,0.21,0.0126,2,price_momentum,kis,data/raw/price_357120_20260602_20260930.csv
032680,2026-09-30,1014.0,-0.0306,0.015,0.0674,1008.8,935.6,0.5313,0.0323,2,price_momentum,kis,data/raw/price_032680_20260602_20260930.csv
417500,2026-09-30,4090.0,0.0149,0.0149,0.1361,4011.0,3869.5,0.7657,0.042,2,price_momentum,kis,data/raw/price_417500_20260602_20260930.csv
136150,2026-09-30,8270.0,0.0338,0.0135,0.0867,8326.0,7951.0,0.253,0.038,2,price_momentum,kis,data/raw/price_136150_20260602_20260930.csv
041960,2026-09-30,9850.0,0.0155,0.0134,0.058,9834.0,9593.5,0.1786,0.0345,2,price_momentum,kis,data/raw/price_041960_20260602_20260930.csv
377480,2026-09-30,10020.0,-0.0089,0.0121,-0.0176,10220.0,10002.5,0.1931,0.0187,2,price_momentum,kis,data/raw/price_377480_20260602_20260930.csv
009810,2026-09-30,1952.0,0.0135,0.0114,0.0274,1933.0,1904.9,0.3101,0.0135,2,price_momentum,kis,data/raw/price_009810_20260602_20260930.csv
018310,2026-09-30,14860.0,0.0109,0.0109,0.0691,14644.0,14323.0,0.169,0.0146,2,price_momentum,kis,data/raw/price_018310_20260602_20260930.csv
039560,2026-09-30,2535.0,0.0242,0.01,0.0389,2513.0,2447.0,0.1948,0.0328,2,price_momentum,kis,data/raw/price_039560_20260602_20260930.csv
296640,2026-09-30,6160.0,-0.0191,0.0098,0.0016,6236.0,6176.5,0.3404,0.0103,2,price_momentum,kis,data/raw/price_296640_20260602_20260930.csv
095660,2026-09-30,17860.0,-0.0111,0.0085,-0.0143,17894.0,17826.5,0.3375,0.0173,2,price_momentum,kis,data/raw/price_095660_20260602_20260930.csv
004410,2026-09-30,1207.0,-0.0107,0.0084,-0.0382,1212.8,1212.05,0.1826,0.0155,2,price_momentum,kis,data/raw/price_004410_20260602_20260930.csv
178780,2026-09-30,2470.0,0.0061,0.0082,0.027,2494.0,2472.25,0.1738,0.0231,2,price_momentum,kis,data/raw/price_178780_20260602_20260930.csv
217330,2026-09-30,3090.0,0.0198,0.0082,-0.0175,3067.0,3052.25,0.1635,0.0222,2,price_momentum,kis,data/raw/price_217330_20260602_20260930.csv
026960,2026-09-30,25600.0,-0.0135,0.0079,-0.0097,25640.0,25582.5,0.2063,0.0103,2,price_momentum,kis,data/raw/price_026960_20260602_20260930.csv
029460,2026-09-30,44950.0,-0.0281,0.0078,0.0963,44360.0,40650.0,0.4429,0.0361,2,price_momentum,kis,data/raw/price_029460_20260602_20260930.csv
035760,2026-09-30,38750.0,-0.0115,0.0078,0.1431,38710.0,36007.5,0.1648,0.0263,2,price_momentum,unknown,data/raw/price_035760_20260831_20260930.csv
014530,2026-09-30,3350.0,-0.0015,0.0075,0.0388,3326.0,3323.0,0.0371,0.0138,2,price_momentum,kis,data/raw/price_014530_20260602_20260930.csv
021240,2026-09-30,100200.0,-0.0128,0.007,0.0341,100580.0,100060.0,0.0982,0.0258,2,price_momentum,kis,data/raw/price_021240_20260602_20260930.csv
009240,2026-09-30,39500.0,-0.0162,0.0064,0.0077,39970.0,38990.0,0.2317,0.0136,2,price_momentum,kis,data/raw/price_009240_20260602_20260930.csv
088390,2026-09-30,8170.0,0.0037,0.0062,0.0501,8096.0,8078.5,0.4542,0.0179,2,price_momentum,kis,data/raw/price_088390_20260602_20260930.csv
356890,2026-09-30,2530.0,0.002,0.006,0.0858,2543.0,2469.0,0.0235,0.0325,2,price_momentum,kis,data/raw/price_356890_20260602_20260930.csv
047400,2026-09-30,918.0,-0.0296,0.0055,-0.0357,948.8,924.45,0.3578,0.0349,2,price_momentum,kis,data/raw/price_047400_20260602_20260930.csv
036530,2026-09-30,46550.0,0.0043,0.0054,0.0153,46570.0,46550.0,0.1999,0.0256,2,price_momentum,kis,data/raw/price_036530_20260602_20260930.csv
052400,2026-09-30,38150.0,-0.0026,0.0053,-0.033,37880.0,37342.5,0.1223,0.0317,2,price_momentum,kis,data/raw/price_052400_20260602_20260930.csv
383800,2026-09-30,8100.0,-0.0037,0.005,-0.0098,8138.0,8104.5,0.2708,0.011,2,price_momentum,kis,data/raw/price_383800_20260602_20260930.csv
348340,2026-09-30,20000.0,-0.0074,0.0045,0.0799,20004.0,18513.5,0.1985,0.0404,2,price_momentum,kis,data/raw/price_348340_20260602_20260930.csv
049830,2026-09-30,6360.0,0.0047,0.0032,0.0016,6400.0,6373.0,0.0131,0.0085,2,price_momentum,kis,data/raw/price_049830_20260602_20260930.csv
049480,2026-09-30,1912.0,-0.0021,0.0031,0.0138,1900.8,1888.6,0.2639,0.0192,2,price_momentum,kis,data/raw/price_049480_20260602_20260930.csv
039200,2026-09-30,35950.0,0.0084,0.0028,0.0257,35770.0,35725.0,0.3808,0.0284,2,price_momentum,kis,data/raw/price_039200_20260602_20260930.csv
005800,2026-09-30,13570.0,0.0052,0.0022,0.0082,13532.0,13512.5,0.0148,0.006,2,price_momentum,kis,data/raw/price_005800_20260602_20260930.csv
424870,2026-09-30,3327.0,-0.0128,0.0021,0.109,3314.4,3107.35,0.2742,0.0854,2,price_momentum,kis,data/raw/price_424870_20260602_20260930.csv
128940,2026-09-30,507000.0,0.01,0.002,0.0294,507000.0,490625.0,0.3352,0.0273,2,price_momentum,unknown,data/raw/price_128940_20260831_20260930.csv
016380,2026-09-30,5650.0,0.0071,0.0018,0.0162,5620.0,5606.0,0.3281,0.0131,2,price_momentum,kis,data/raw/price_016380_20260602_20260930.csv
078860,2026-09-30,2955.0,0.0207,0.0017,0.1453,2957.0,2757.5,0.6165,0.0916,2,price_momentum,kis,data/raw/price_078860_20260602_20260930.csv
106240,2026-09-30,1312.0,0.0061,0.0015,0.1419,1299.0,1186.15,0.2515,0.0323,2,price_momentum,kis,data/raw/price_106240_20260602_20260930.csv
402490,2026-09-30,7580.0,0.0093,0.0013,0.1313,7314.0,6717.5,0.3452,0.0353,2,price_momentum,kis,data/raw/price_402490_20260602_20260930.csv
000300,2026-09-30,4200.0,0.0,0.0,0.0,4200.0,4200.0,0.0,0.0,2,price_momentum,kis,data/raw/price_000300_20260602_20260930.csv
001470,2026-09-30,5820.0,0.0,0.0,15.7723,5820.0,5820.0,0.0,3.5268,2,price_momentum,kis,data/raw/price_001470_20260602_20260930.csv
001570,2026-09-30,9900.0,0.0,0.0,0.0,9900.0,9900.0,0.0,0.0,2,price_momentum,kis,data/raw/price_001570_20260602_20260930.csv
005110,2026-09-30,1254.0,0.0,0.0,0.0,1254.0,1254.0,0.0,0.0,2,price_momentum,kis,data/raw/price_005110_20260602_20260930.csv
011000,2026-09-30,2670.0,0.0,0.0,0.0,2670.0,2670.0,0.0,0.0,2,price_momentum,kis,data/raw/price_011000_20260602_20260930.csv
011810,2026-09-30,3530.0,0.0,0.0,0.0,3530.0,3530.0,0.0,0.0,2,price_momentum,kis,data/raw/price_011810_20260602_20260930.csv
017040,2026-09-30,932.0,0.0,0.0,0.0,932.0,932.0,0.0,0.0,2,price_momentum,kis,data/raw/price_017040_20260602_20260930.csv
019490,2026-09-30,541.0,0.0,0.0,0.0,541.0,541.0,0.0,0.0,2,price_momentum,kis,data/raw/price_019490_20260602_20260930.csv
023440,2026-09-30,521.0,0.0,0.0,0.0,521.0,521.0,0.0,0.0,2,price_momentum,kis,data/raw/price_023440_20260602_20260930.csv
031860,2026-09-30,6930.0,0.0,0.0,0.0,6930.0,6930.0,0.0,0.0,2,price_momentum,kis,data/raw/price_031860_20260602_20260930.csv
043100,2026-09-30,520.0,0.0,0.0,0.0,520.0,520.0,0.0,0.0,2,price_momentum,kis,data/raw/price_043100_20260602_20260930.csv
052770,2026-09-30,312.0,0.0,0.0,0.0,312.0,312.0,0.0,0.0,2,price_momentum,kis,data/raw/price_052770_20260602_20260930.csv
065420,2026-09-30,940.0,0.0,0.0,0.0,940.0,940.0,0.0,0.0,2,price_momentum,kis,data/raw/price_065420_20260602_20260930.csv
066410,2026-09-30,1153.0,0.0,0.0,0.0,1153.0,1153.0,0.0,0.0,2,price_momentum,kis,data/raw/price_066410_20260602_20260930.csv
068240,2026-09-30,2530.0,0.0,0.0,0.0,2530.0,2530.0,0.0,0.0,2,price_momentum,kis,data/raw/price_068240_20260602_20260930.csv
068940,2026-09-30,778.0,0.0,0.0,0.0,778.0,778.0,0.0,0.0,2,price_momentum,kis,data/raw/price_068940_20260602_20260930.csv
069460,2026-09-30,2660.0,0.0,0.0,0.0,2660.0,2660.0,0.0,0.0,2,price_momentum,kis,data/raw/price_069460_20260602_20260930.csv
073190,2026-09-30,1622.0,0.0,0.0,0.0,1622.0,1622.0,0.0,0.0,2,price_momentum,kis,data/raw/price_073190_20260602_20260930.csv
073640,2026-09-30,654.0,0.0,0.0,0.0,654.0,654.0,0.0,0.0,2,price_momentum,kis,data/raw/price_073640_20260602_20260930.csv
074610,2026-09-30,5110.0,0.0,0.0,0.0,5110.0,5110.0,0.0,0.0,2,price_momentum,kis,data/raw/price_074610_20260602_20260930.csv
079970,2026-09-30,596.0,0.0,0.0,0.0,596.0,596.0,0.0,0.0,2,price_momentum,kis,data/raw/price_079970_20260602_20260930.csv
087260,2026-09-30,247.0,0.0,0.0,0.0,247.0,247.0,0.0,0.0,2,price_momentum,kis,data/raw/price_087260_20260602_20260930.csv
145210,2026-09-30,2240.0,0.0,0.0,0.0,2240.0,2240.0,0.0,0.0,2,price_momentum,kis,data/raw/price_145210_20260602_20260930.csv
183490,2026-09-30,990.0,0.0,0.0,0.0,990.0,990.0,0.0,0.0,2,price_momentum,kis,data/raw/price_183490_20260602_20260930.csv
203400,2026-09-30,676.0,0.0,0.0,0.0,676.0,676.0,0.0,0.0,2,price_momentum,kis,data/raw/price_203400_20260602_20260930.csv
276040,2026-09-30,327.0,0.0,0.0,0.0,327.0,327.0,0.0,0.0,2,price_momentum,kis,data/raw/price_276040_20260602_20260930.csv
288330,2026-09-30,416.0,0.0,0.0,0.0,416.0,416.0,0.0,0.0,2,price_momentum,kis,data/raw/price_288330_20260602_20260930.csv
294090,2026-09-30,1490.0,0.0,0.0,0.0,1490.0,1490.0,0.0,0.0,2,price_momentum,kis,data/raw/price_294090_20260602_20260930.csv
313760,2026-09-30,468.0,0.0,0.0,0.0,468.0,468.0,0.0,0.0,2,price_momentum,kis,data/raw/price_313760_20260602_20260930.csv
341170,2026-09-30,496.0,0.0,0.0,0.0,496.0,496.0,0.0,0.0,2,price_momentum,kis,data/raw/price_341170_20260602_20260930.csv
348950,2026-09-30,1182.0,0.0,0.0,0.0,1182.0,1182.0,0.0,0.0,2,price_momentum,kis,data/raw/price_348950_20260602_20260930.csv
377460,2026-09-30,4080.0,0.0,0.0,0.0,4080.0,4080.0,0.0,0.0,2,price_momentum,kis,data/raw/price_377460_20260602_20260930.csv
380540,2026-09-30,8450.0,0.0,0.0,0.0,8450.0,8450.0,0.0,0.0,2,price_momentum,kis,data/raw/price_380540_20260602_20260930.csv
900120,2026-09-30,1040.0,0.0,0.0,0.0,1040.0,1040.0,0.0,0.0,2,price_momentum,kis,data/raw/price_900120_20260602_20260930.csv
033290,2026-09-30,1522.0,0.0046,-0.0007,-0.0026,1519.8,1520.6,0.1393,0.005,2,price_momentum,kis,data/raw/price_033290_20260602_20260930.csv
094280,2026-09-30,11920.0,-0.0017,-0.005,-0.0116,11992.0,12018.5,0.2117,0.0041,2,price_momentum,kis,data/raw/price_094280_20260602_20260930.csv
084180,2026-09-30,220.0,0.0046,0.358,-0.6333,214.8,288.35,0.3039,0.1733,1,neutral,kis,data/raw/price_084180_20260602_20260930.csv
010060,2026-09-30,226500.0,0.0462,0.1859,-0.1838,213100.0,216925.0,0.4165,0.0513,1,neutral,kis,data/raw/price_010060_20260602_20260930.csv
174900,2026-09-30,21950.0,0.0092,0.128,-0.1077,20366.0,20740.0,0.7493,0.0454,1,neutral,kis,data/raw/price_174900_20260602_20260930.csv
290650,2026-09-30,50800.0,0.074,0.1092,-0.0122,47610.0,48135.45,0.7531,0.0397,1,neutral,kis,data/raw/price_290650_20260602_20260930.csv
004870,2026-09-30,1005.0,0.0141,0.1068,-0.1106,985.8,1070.85,0.3542,0.0446,1,neutral,kis,data/raw/price_004870_20260602_20260930.csv
220100,2026-09-30,6790.0,0.0134,0.1023,0.0354,6528.0,6582.3,0.1237,0.0396,1,neutral,kis,data/raw/price_220100_20260602_20260930.csv
223220,2026-09-30,110.0,-0.009,0.1,-0.3491,103.0,107.9,0.1336,0.0994,1,neutral,kis,data/raw/price_223220_20260602_20260930.csv
0126Z0,2026-09-30,354000.0,0.0427,0.0826,-0.0853,337400.0,343225.0,0.6712,0.0202,1,neutral,kis,data/raw/price_0126Z0_20260602_20260930.csv
048870,2026-09-30,1613.0,0.0031,0.0818,-0.02,1549.0,1555.55,0.6649,0.0233,1,neutral,kis,data/raw/price_048870_20260602_20260930.csv
302430,2026-09-30,7790.0,0.0373,0.0789,-0.05,7402.0,7605.5,0.1871,0.0535,1,neutral,unknown,data/raw/price_302430_20260831_20260930.csv
460470,2026-09-30,2865.0,0.0106,0.0771,0.007,2742.0,2767.75,0.0942,0.0307,1,neutral,kis,data/raw/price_460470_20260602_20260930.csv
019570,2026-09-30,2945.0,0.0,0.0768,0.0443,2813.0,2833.25,0.237,0.0236,1,neutral,kis,data/raw/price_019570_20260602_20260930.csv
033790,2026-09-30,8305.0,0.0116,0.0716,0.058,7993.0,8107.25,0.2974,0.076,1,neutral,kis,data/raw/price_033790_20260602_20260930.csv
493330,2026-09-30,12200.0,-0.024,0.0702,-0.0317,11836.0,12815.0,0.1835,0.0426,1,neutral,kis,data/raw/price_493330_20260602_20260930.csv
215600,2026-09-30,2370.0,0.0304,0.07,-0.0796,2290.0,2307.25,0.8922,0.0207,1,neutral,kis,data/raw/price_215600_20260602_20260930.csv
219550,2026-09-30,1192.0,0.0076,0.0681,-0.0253,1171.4,1189.75,0.3026,0.027,1,neutral,kis,data/raw/price_219550_20260602_20260930.csv
226340,2026-09-30,5280.0,0.0353,0.0656,-0.2,4940.0,5372.75,0.3007,0.0566,1,neutral,kis,data/raw/price_226340_20260602_20260930.csv
298000,2026-09-30,55200.0,0.0222,0.0636,-0.0483,53260.0,55020.0,0.2336,0.0198,1,neutral,unknown,data/raw/price_298000_20260831_20260930.csv
074430,2026-09-30,1072.0,0.0085,0.0614,-0.0605,1063.4,1079.65,0.0788,0.0237,1,neutral,kis,data/raw/price_074430_20260602_20260930.csv
030000,2026-09-30,18480.0,0.0336,0.0602,-0.037,17896.0,18370.0,1.2546,0.018,1,neutral,kis,data/raw/price_030000_20260602_20260930.csv
161000,2026-09-30,10400.0,0.0287,0.0601,-0.0563,10116.0,10299.5,0.4818,0.0251,1,neutral,kis,data/raw/price_161000_20260602_20260930.csv
039020,2026-09-30,2630.0,-0.0113,0.0584,-0.0436,2582.0,2603.0,0.6929,0.0152,1,neutral,kis,data/raw/price_039020_20260602_20260930.csv
247540,2026-09-30,109100.0,0.0283,0.0551,-0.0824,107160.0,107518.45,0.2741,0.0426,1,neutral,kis,data/raw/price_247540_20260602_20260930.csv
142760,2026-09-30,495.0,0.0102,0.0532,-0.4542,478.6,536.9,0.0493,0.0968,1,neutral,unknown,data/raw/price_142760_20260831_20260930.csv
373200,2026-09-30,1837.0,0.1354,0.0497,0.0781,1679.6,1813.2,0.7557,0.05,1,neutral,kis,data/raw/price_373200_20260602_20260930.csv
210980,2026-09-30,3505.0,-0.0344,0.0494,0.2478,3469.0,3767.5,0.0486,0.0862,1,neutral,kis,data/raw/price_210980_20260602_20260930.csv
306200,2026-09-30,153500.0,0.0478,0.0421,0.1043,145540.0,145865.0,1.4124,0.0255,1,neutral,unknown,data/raw/price_306200_20260831_20260930.csv
009460,2026-09-30,2690.0,-0.0182,0.0406,-0.0627,2683.0,2684.25,0.0274,0.0156,1,neutral,kis,data/raw/price_009460_20260602_20260930.csv
122830,2026-09-30,1289.0,0.0446,0.0404,0.0574,1252.8,1290.85,0.0003,0.0384,1,neutral,kis,data/raw/price_122830_20260602_20260930.csv
351320,2026-09-30,3885.0,0.0013,0.0388,0.3237,3793.0,3908.25,0.0969,0.0797,1,neutral,kis,data/raw/price_351320_20260602_20260930.csv
476060,2026-09-30,15630.0,0.0196,0.0385,-0.1331,15360.0,15655.0,0.1508,0.0299,1,neutral,kis,data/raw/price_476060_20260602_20260930.csv
307950,2026-09-30,376500.0,0.0148,0.0372,-0.1068,377700.0,381400.0,0.191,0.028,1,neutral,unknown,data/raw/price_307950_20260831_20260930.csv
104460,2026-09-30,6660.0,-0.003,0.0358,-0.1591,6702.0,7054.0,0.3836,0.0182,1,neutral,kis,data/raw/price_104460_20260602_20260930.csv
175140,2026-09-30,2340.0,0.0263,0.0354,-0.1301,2307.0,2418.5,0.2772,0.0296,1,neutral,kis,data/raw/price_175140_20260602_20260930.csv
053580,2026-09-30,7120.0,-0.0014,0.0349,0.0171,7030.0,7038.0,0.3508,0.0153,1,neutral,kis,data/raw/price_053580_20260602_20260930.csv
450080,2026-09-30,35400.0,0.0306,0.0336,-0.0853,35180.0,35680.0,0.7576,0.0305,1,neutral,kis,data/raw/price_450080_20260602_20260930.csv
334970,2026-09-30,1367.0,-0.0109,0.0325,-0.2367,1370.6,1539.15,0.317,0.0315,1,neutral,kis,data/raw/price_334970_20260602_20260930.csv
009730,2026-09-30,2060.0,0.0148,0.031,0.0591,2009.8,2055.55,0.8193,0.0841,1,neutral,kis,data/raw/price_009730_20260602_20260930.csv
300080,2026-09-30,9070.0,0.0157,0.0295,0.0089,8762.0,9001.0,0.2015,0.0381,1,neutral,kis,data/raw/price_300080_20260602_20260930.csv
091810,2026-09-30,2625.0,0.0077,0.0294,-0.1235,2614.0,2693.0,0.1302,0.0175,1,neutral,kis,data/raw/price_091810_20260602_20260930.csv
0009K0,2026-09-30,22250.0,0.0349,0.0277,-0.0918,21740.0,22640.0,0.5299,0.0288,1,neutral,kis,data/raw/price_0009K0_20260602_20260930.csv
002070,2026-09-30,4110.0,0.0816,0.0275,-0.1446,3834.0,4714.25,1.0248,0.0618,1,neutral,kis,data/raw/price_002070_20260602_20260930.csv
302550,2026-09-30,2660.0,-0.0075,0.027,-0.0449,2646.0,2661.25,0.0643,0.0149,1,neutral,unknown,data/raw/price_302550_20260831_20260930.csv
033540,2026-09-30,2780.0,-0.0142,0.0258,-0.155,2781.0,2951.5,0.148,0.0212,1,neutral,kis,data/raw/price_033540_20260602_20260930.csv
213420,2026-09-30,30150.0,0.0255,0.0238,-0.1197,29270.0,30797.5,0.2212,0.0334,1,neutral,kis,data/raw/price_213420_20260602_20260930.csv
049120,2026-09-30,2830.0,0.0198,0.0235,-0.1424,2819.0,2971.0,0.8743,0.0342,1,neutral,kis,data/raw/price_049120_20260602_20260930.csv
008040,2026-09-30,7760.0,-0.0152,0.0224,0.1865,7666.0,7878.5,0.0542,0.0584,1,neutral,kis,data/raw/price_008040_20260602_20260930.csv
950210,2026-09-30,5950.0,-0.0149,0.0223,-0.0846,5976.0,6182.5,0.2725,0.0178,1,neutral,kis,data/raw/price_950210_20260602_20260930.csv
014790,2026-09-30,2520.0,0.002,0.0223,-0.0251,2505.0,2518.25,0.2143,0.0168,1,neutral,kis,data/raw/price_014790_20260602_20260930.csv
086710,2026-09-30,6910.0,0.0132,0.0222,-0.1373,6818.0,6976.5,0.3638,0.0152,1,neutral,kis,data/raw/price_086710_20260602_20260930.csv
217730,2026-09-30,2165.0,0.031,0.0212,-0.096,2103.0,2165.25,0.3524,0.0226,1,neutral,kis,data/raw/price_217730_20260602_20260930.csv
107640,2026-09-30,41400.0,0.0376,0.021,-0.0096,40190.0,41030.0,0.3047,0.0272,1,neutral,kis,data/raw/price_107640_20260602_20260930.csv
237690,2026-09-30,92900.0,-0.0043,0.0209,-0.1169,92240.0,93315.0,0.2074,0.025,1,neutral,kis,data/raw/price_237690_20260602_20260930.csv
007570,2026-09-30,8050.0,0.005,0.0203,-0.0541,7908.0,8115.0,0.1065,0.0136,1,neutral,kis,data/raw/price_007570_20260602_20260930.csv
091590,2026-09-30,6100.0,-0.0469,0.0201,-0.0868,6098.0,6726.5,0.1882,0.0583,1,neutral,kis,data/raw/price_091590_20260602_20260930.csv
348370,2026-09-30,20600.0,0.0173,0.0198,-0.0572,20380.0,20720.5,0.2651,0.0392,1,neutral,kis,data/raw/price_348370_20260602_20260930.csv
001740,2026-09-30,6210.0,0.0016,0.0197,-0.0548,6154.0,6300.0,0.425,0.0189,1,neutral,kis,data/raw/price_001740_20260602_20260930.csv
222080,2026-09-30,7850.0,0.0467,0.0195,-0.0285,7602.0,7614.5,1.3631,0.0231,1,neutral,kis,data/raw/price_222080_20260602_20260930.csv
018700,2026-09-30,1294.0,0.0141,0.0189,-0.0777,1298.6,1354.45,0.0366,0.0174,1,neutral,kis,data/raw/price_018700_20260602_20260930.csv
137400,2026-09-30,29900.0,0.024,0.0187,-0.0148,29200.0,29335.0,0.5103,0.0239,1,neutral,unknown,data/raw/price_137400_20260831_20260930.csv
383310,2026-09-30,22300.0,0.0183,0.0183,-0.1203,22120.0,22617.5,0.2653,0.0269,1,neutral,kis,data/raw/price_383310_20260602_20260930.csv
255220,2026-09-30,1119.0,-0.0158,0.0182,-0.0798,1143.4,1153.55,0.2049,0.0426,1,neutral,kis,data/raw/price_255220_20260602_20260930.csv
332290,2026-09-30,4435.0,0.0302,0.0172,-0.0111,4363.0,4429.25,1.0351,0.0108,1,neutral,kis,data/raw/price_332290_20260602_20260930.csv
950160,2026-09-30,15490.0,0.0286,0.0164,-0.1209,15614.0,16499.5,0.4042,0.0315,1,neutral,kis,data/raw/price_950160_20260602_20260930.csv
109740,2026-09-30,4050.0,-0.0037,0.0163,-0.0357,4067.0,4182.5,0.0746,0.0248,1,neutral,kis,data/raw/price_109740_20260602_20260930.csv
003960,2026-09-30,27150.0,0.0131,0.015,-0.1242,26850.0,28520.0,0.3062,0.0138,1,neutral,unknown,data/raw/price_003960_20260831_20260930.csv
011420,2026-09-30,1431.0,-0.0097,0.0149,-0.0454,1432.6,1445.2,0.229,0.0171,1,neutral,kis,data/raw/price_011420_20260602_20260930.csv
003550,2026-09-30,112900.0,0.0135,0.0144,-0.0544,113340.0,115630.0,0.223,0.0242,1,neutral,kis,data/raw/price_003550_20260602_20260930.csv
290120,2026-09-30,2150.0,-0.0138,0.0142,-0.0611,2161.0,2186.0,0.1163,0.0115,1,neutral,kis,data/raw/price_290120_20260602_20260930.csv
002810,2026-09-30,21550.0,-0.0046,0.0141,-0.0401,21410.0,21720.0,0.0818,0.0141,1,neutral,kis,data/raw/price_002810_20260602_20260930.csv
196170,2026-09-30,258500.0,0.0197,0.0137,-0.1593,252800.0,268025.0,0.2359,0.0187,1,neutral,kis,data/raw/price_196170_20260602_20260930.csv
003850,2026-09-30,8330.0,0.0073,0.0134,-0.0816,8282.0,8672.0,0.0872,0.0245,1,neutral,kis,data/raw/price_003850_20260602_20260930.csv
107590,2026-09-30,61000.0,0.0,0.0133,-0.024,60720.0,61905.0,0.0,0.0106,1,neutral,kis,data/raw/price_107590_20260602_20260930.csv
095190,2026-09-30,1858.0,0.0054,0.0131,-0.0122,1844.6,1854.4,0.1532,0.0164,1,neutral,kis,data/raw/price_095190_20260602_20260930.csv
032800,2026-09-30,1473.0,0.0014,0.0131,-0.0435,1471.0,1480.0,0.0715,0.0129,1,neutral,kis,data/raw/price_032800_20260602_20260930.csv
115480,2026-09-30,2320.0,0.0311,0.0131,-0.0373,2279.0,2332.0,0.0476,0.0235,1,neutral,kis,data/raw/price_115480_20260602_20260930.csv
950220,2026-09-30,1980.0,0.0449,0.0128,-0.2096,1911.6,2136.55,0.3012,0.0484,1,neutral,kis,data/raw/price_950220_20260602_20260930.csv
234300,2026-09-30,3225.0,0.0062,0.0126,0.1727,3160.0,3170.0,0.072,0.0431,1,neutral,kis,data/raw/price_234300_20260602_20260930.csv
005880,2026-09-30,2055.0,0.0098,0.0123,-0.0167,2035.2,2059.3,0.1331,0.0188,1,neutral,kis,data/raw/price_005880_20260602_20260930.csv
100090,2026-09-30,11710.0,0.0147,0.0121,-0.1514,11572.0,12266.5,0.1559,0.0385,1,neutral,kis,data/raw/price_100090_20260602_20260930.csv
059270,2026-09-30,5240.0,0.0077,0.0116,-0.0643,5192.0,5202.0,0.0984,0.026,1,neutral,kis,data/raw/price_059270_20260602_20260930.csv
251270,2026-09-30,34950.0,0.0116,0.0116,-0.0729,34810.0,35397.5,0.0695,0.0191,1,neutral,kis,data/raw/price_251270_20260602_20260930.csv
317690,2026-09-30,2250.0,0.0067,0.0112,-0.0605,2215.0,2317.5,0.973,0.0267,1,neutral,kis,data/raw/price_317690_20260602_20260930.csv
040910,2026-09-30,4135.0,0.0135,0.011,-0.0912,4118.0,4256.0,0.3854,0.0114,1,neutral,kis,data/raw/price_040910_20260602_20260930.csv
003670,2026-09-30,180000.0,0.0262,0.0107,-0.1022,180940.0,183680.0,0.3424,0.0388,1,neutral,kis,data/raw/price_003670_20260602_20260930.csv
453450,2026-09-30,12670.0,0.0169,0.0096,-0.1065,12600.0,12828.5,0.6426,0.0214,1,neutral,kis,data/raw/price_453450_20260602_20260930.csv
257370,2026-09-30,1849.0,0.0215,0.0093,-0.0523,1808.0,1874.9,0.4169,0.0348,1,neutral,kis,data/raw/price_257370_20260602_20260930.csv
114450,2026-09-30,2195.0,-0.0113,0.0092,-0.0135,2214.0,2251.5,0.3082,0.017,1,neutral,kis,data/raw/price_114450_20260602_20260930.csv
004830,2026-09-30,3280.0,0.0171,0.0092,-0.0324,3257.0,3293.25,0.1315,0.0118,1,neutral,kis,data/raw/price_004830_20260602_20260930.csv
003300,2026-09-30,17720.0,0.0062,0.0091,-0.0634,17614.0,18056.0,0.281,0.0111,1,neutral,kis,data/raw/price_003300_20260602_20260930.csv
009160,2026-09-30,4760.0,-0.0104,0.0085,-0.0951,4757.0,4813.25,0.4654,0.0154,1,neutral,kis,data/raw/price_009160_20260602_20260930.csv
032300,2026-09-30,7270.0,0.0014,0.0083,-0.0855,7242.0,7542.5,0.1131,0.0147,1,neutral,kis,data/raw/price_032300_20260602_20260930.csv
058730,2026-09-30,3180.0,0.0127,0.0079,-0.0914,3191.0,3380.0,0.0636,0.0342,1,neutral,kis,data/raw/price_058730_20260602_20260930.csv
003100,2026-09-30,20550.0,0.0049,0.0074,-0.0144,20450.0,20582.5,0.0622,0.0096,1,neutral,kis,data/raw/price_003100_20260602_20260930.csv
061250,2026-09-30,6475.0,0.0165,0.007,-0.2382,6433.0,7704.25,0.0713,0.0718,1,neutral,kis,data/raw/price_061250_20260602_20260930.csv
268280,2026-09-30,131400.0,-0.009,0.0069,-0.0038,132860.0,133280.0,0.1346,0.0168,1,neutral,kis,data/raw/price_268280_20260602_20260930.csv
027410,2026-09-30,3735.0,0.0054,0.0067,-0.0484,3734.0,3795.25,0.315,0.0091,1,neutral,kis,data/raw/price_027410_20260602_20260930.csv
086520,2026-09-30,80400.0,0.0203,0.0063,-0.1194,80260.0,82385.0,0.4577,0.0299,1,neutral,kis,data/raw/price_086520_20260602_20260930.csv
377300,2026-09-30,40150.0,0.0012,0.0063,-0.1356,40600.0,43697.5,0.1057,0.0341,1,neutral,kis,data/raw/price_377300_20260602_20260930.csv
013520,2026-09-30,2495.0,-0.0119,0.006,-0.0725,2498.0,2536.75,0.3637,0.015,1,neutral,unknown,data/raw/price_013520_20260831_20260930.csv
037440,2026-09-30,4175.0,0.0085,0.006,-0.02,4186.0,4213.25,0.2016,0.0177,1,neutral,kis,data/raw/price_037440_20260602_20260930.csv
079950,2026-09-30,1373.0,0.0155,0.0059,0.4097,1314.2,1345.4,0.1414,0.0754,1,neutral,kis,data/raw/price_079950_20260602_20260930.csv
036190,2026-09-30,34200.0,0.0059,0.0059,-0.013,34110.0,34207.5,0.045,0.0161,1,neutral,kis,data/raw/price_036190_20260602_20260930.csv
277880,2026-09-30,3515.0,0.0072,0.0057,-0.0236,3482.0,3564.0,0.1769,0.0191,1,neutral,unknown,data/raw/price_277880_20260831_20260930.csv
103140,2026-09-30,78400.0,0.0064,0.0051,-0.0427,77980.0,78140.0,0.2646,0.0201,1,neutral,kis,data/raw/price_103140_20260602_20260930.csv
084110,2026-09-30,22000.0,0.0023,0.0046,-0.1555,21700.0,22710.0,0.1033,0.0199,1,neutral,kis,data/raw/price_084110_20260602_20260930.csv
033530,2026-09-30,6770.0,-0.0015,0.0045,-0.0342,6742.0,6775.0,0.3862,0.0142,1,neutral,pykrx,data/raw/price_033530_20260602_20260930.csv
267850,2026-09-30,9120.0,-0.0022,0.0044,-0.0172,9154.0,9207.0,0.2202,0.0063,1,neutral,kis,data/raw/price_267850_20260602_20260930.csv
214420,2026-09-30,5030.0,0.007,0.004,-0.1082,5006.0,5148.5,0.3071,0.0159,1,neutral,kis,data/raw/price_214420_20260602_20260930.csv
001530,2026-09-30,25450.0,0.0,0.0039,-0.0812,25530.0,26760.0,0.0549,0.0247,1,neutral,kis,data/raw/price_001530_20260602_20260930.csv
069730,2026-09-30,5420.0,-0.0018,0.0037,-0.0269,5396.0,5402.5,0.5179,0.0118,1,neutral,kis,data/raw/price_069730_20260602_20260930.csv
031820,2026-09-30,5700.0,0.0088,0.0035,-0.0372,5692.0,5717.0,0.1659,0.0127,1,neutral,kis,data/raw/price_031820_20260602_20260930.csv
108230,2026-09-30,3265.0,0.0235,0.0031,-0.0166,3211.0,3232.0,0.158,0.0269,1,neutral,kis,data/raw/price_108230_20260602_20260930.csv
096350,2026-09-30,1889.0,0.025,0.0021,0.0027,1886.8,1923.15,0.171,0.0196,1,neutral,kis,data/raw/price_096350_20260602_20260930.csv
294870,2026-09-30,23550.0,0.0173,0.0021,0.0064,23570.0,23622.5,0.1332,0.0162,1,neutral,kis,data/raw/price_294870_20260602_20260930.csv
028670,2026-09-30,5800.0,0.0175,0.0017,0.0229,5718.0,5834.5,0.1725,0.0266,1,neutral,kis,data/raw/price_028670_20260602_20260930.csv
381970,2026-09-30,6360.0,-0.0016,0.0016,-0.0016,6378.0,6406.5,0.1361,0.0162,1,neutral,kis,data/raw/price_381970_20260602_20260930.csv
389260,2026-09-30,13050.0,0.0164,0.0015,-0.021,12954.0,13037.5,0.418,0.0202,1,neutral,kis,data/raw/price_389260_20260602_20260930.csv
065510,2026-09-30,6670.0,-0.0045,0.0015,-0.0697,6656.0,6808.5,0.0823,0.0124,1,neutral,kis,data/raw/price_065510_20260602_20260930.csv
196450,2026-09-30,3920.0,0.0051,0.0013,-0.0076,3878.0,3911.25,0.6089,0.0111,1,neutral,kis,data/raw/price_196450_20260602_20260930.csv
339770,2026-09-30,3810.0,-0.0052,0.0013,-0.0052,3816.0,3819.25,0.2479,0.0042,1,neutral,kis,data/raw/price_339770_20260602_20260930.csv
297890,2026-09-30,1606.0,0.0158,0.0012,-0.0608,1576.8,1638.05,0.6876,0.0139,1,neutral,kis,data/raw/price_297890_20260602_20260930.csv
004090,2026-09-30,11680.0,0.006,0.0009,0.0419,11634.0,11724.0,0.0381,0.0274,1,neutral,kis,data/raw/price_004090_20260602_20260930.csv
006570,2026-09-30,1908.0,-0.0104,0.0005,0.0069,1923.8,1933.3,0.0535,0.0146,1,neutral,kis,data/raw/price_006570_20260602_20260930.csv
015590,2026-09-30,2230.0,0.0206,0.0,0.539,2152.0,1894.1,0.2059,0.0453,1,neutral,unknown,data/raw/price_015590_20260831_20260930.csv
000640,2026-09-30,92600.0,-0.0201,0.0,-0.017,93340.0,92795.0,0.1605,0.0114,1,neutral,kis,data/raw/price_000640_20260602_20260930.csv
007110,2026-09-30,603.0,0.0,0.0,-0.0066,603.0,602.95,0.0,0.0019,1,neutral,kis,data/raw/price_007110_20260602_20260930.csv
051980,2026-09-30,1035.0,0.0,0.0,0.036,1035.0,1032.45,0.0,0.0197,1,neutral,kis,data/raw/price_051980_20260602_20260930.csv
056090,2026-09-30,1190.0,0.0,0.0,-0.0075,1190.0,1182.75,0.0,0.0175,1,neutral,kis,data/raw/price_056090_20260602_20260930.csv
229000,2026-09-30,1957.0,0.0,0.0,-0.0116,1957.0,1935.8,0.0,0.0292,1,neutral,kis,data/raw/price_229000_20260602_20260930.csv
469750,2026-09-30,991.0,0.0,0.0,0.0487,991.0,989.05,0.0,0.0106,1,neutral,unknown,data/raw/price_469750_20260831_20260930.csv
020120,2026-09-30,8380.0,0.0462,-0.0012,0.1989,8048.0,7952.0,0.8637,0.0848,1,neutral,kis,data/raw/price_020120_20260602_20260930.csv
171090,2026-09-30,69800.0,0.0014,-0.0014,-0.021,69880.0,69015.0,0.4563,0.0315,1,neutral,kis,data/raw/price_171090_20260602_20260930.csv
317770,2026-09-30,2585.0,0.0098,-0.0019,0.0551,2601.0,2501.0,0.3142,0.0361,1,neutral,kis,data/raw/price_317770_20260602_20260930.csv
028080,2026-09-30,5170.0,0.0,-0.0019,0.0361,5184.0,5127.75,0.0,0.0167,1,neutral,kis,data/raw/price_028080_20260602_20260930.csv
009320,2026-09-30,965.0,-0.0052,-0.0021,0.0052,986.8,961.45,0.2129,0.0173,1,neutral,kis,data/raw/price_009320_20260602_20260930.csv
484870,2026-09-30,18180.0,0.0072,-0.0022,-0.0066,17982.0,17922.0,0.396,0.0286,1,neutral,pykrx,data/raw/price_484870_20260602_20260930.csv
115180,2026-09-30,22250.0,0.0325,-0.0022,0.0827,22180.0,22115.0,0.0755,0.0592,1,neutral,unknown,data/raw/price_115180_20260831_20260930.csv
057540,2026-09-30,602.0,0.0,-0.0033,-0.0259,602.0,592.7,0.0,0.016,1,neutral,kis,data/raw/price_057540_20260602_20260930.csv
005930,2026-09-30,273000.0,0.0018,-0.0036,0.05,275500.0,263525.0,0.2318,0.0293,1,neutral,kis,data/raw/price_005930_20260602_20260930.csv
009290,2026-09-30,6370.0,0.0063,-0.0047,-0.0031,6408.0,6359.0,0.2393,0.0193,1,neutral,kis,data/raw/price_009290_20260602_20260930.csv
047050,2026-09-30,57500.0,0.057,-0.0052,0.0708,56160.0,56035.0,0.1179,0.0328,1,neutral,kis,data/raw/price_047050_20260602_20260930.csv
002460,2026-09-30,11030.0,-0.0054,-0.0054,0.0119,11050.0,10903.5,0.0796,0.0089,1,neutral,kis,data/raw/price_002460_20260602_20260930.csv
016740,2026-09-30,3975.0,-0.0038,-0.0062,0.1026,3990.0,3911.25,0.084,0.0206,1,neutral,kis,data/raw/price_016740_20260602_20260930.csv
005690,2026-09-30,12280.0,0.0166,-0.0073,0.1053,12350.0,11406.0,0.1576,0.0317,1,neutral,kis,data/raw/price_005690_20260602_20260930.csv
226590,2026-09-30,14590.0,0.016,-0.0075,0.1579,14478.0,13173.5,0.3301,0.0355,1,neutral,kis,data/raw/price_226590_20260602_20260930.csv
226950,2026-09-30,105300.0,0.0243,-0.0075,0.0184,103480.0,103355.0,0.2666,0.0471,1,neutral,kis,data/raw/price_226950_20260602_20260930.csv
321370,2026-09-30,1680.0,-0.0006,-0.0077,0.3249,1741.8,1391.85,0.137,0.0788,1,neutral,kis,data/raw/price_321370_20260602_20260930.csv
093640,2026-09-30,4760.0,0.0281,-0.0083,0.0416,4730.0,4612.75,0.6663,0.0261,1,neutral,unknown,data/raw/price_093640_20260831_20260930.csv
101680,2026-09-30,2970.0,-0.01,-0.0083,0.0259,2983.0,2895.0,0.1071,0.0209,1,neutral,kis,data/raw/price_101680_20260602_20260930.csv
307180,2026-09-30,5700.0,0.0,-0.0087,0.0142,5740.0,5621.0,0.1964,0.0322,1,neutral,kis,data/raw/price_307180_20260602_20260930.csv
389500,2026-09-30,42000.0,0.0133,-0.0094,0.1067,42460.0,39747.5,0.1437,0.0377,1,neutral,kis,data/raw/price_389500_20260602_20260930.csv
011200,2026-09-30,20900.0,-0.0048,-0.0095,-0.0256,21030.0,20987.5,0.218,0.0167,1,neutral,kis,data/raw/price_011200_20260602_20260930.csv
102460,2026-09-30,9990.0,0.002,-0.0099,0.003,10026.0,10014.5,0.3306,0.0059,1,neutral,kis,data/raw/price_102460_20260602_20260930.csv
475400,2026-09-30,18320.0,-0.0016,-0.0108,0.0011,18278.0,18168.5,0.1262,0.0426,1,neutral,kis,data/raw/price_475400_20260602_20260930.csv
337840,2026-09-30,6200.0,-0.0096,-0.0112,-0.0236,6260.0,6223.0,0.0355,0.0158,1,neutral,kis,data/raw/price_337840_20260602_20260930.csv
062970,2026-09-30,2905.0,-0.0252,-0.0119,0.3768,2988.0,2535.1,0.0787,0.1017,1,neutral,kis,data/raw/price_062970_20260602_20260930.csv
382150,2026-09-30,3685.0,-0.0199,-0.0121,-0.029,3725.0,3500.0,0.1343,0.0436,1,neutral,kis,data/raw/price_382150_20260602_20260930.csv
047810,2026-09-30,128000.0,0.0047,-0.0123,-0.0229,128560.0,128545.0,0.1965,0.0228,1,neutral,kis,data/raw/price_047810_20260602_20260930.csv
459510,2026-09-30,15550.0,-0.0032,-0.0127,0.0478,15576.0,15365.0,0.0683,0.0534,1,neutral,kis,data/raw/price_459510_20260602_20260930.csv
030530,2026-09-30,26550.0,-0.0019,-0.013,0.4137,27040.0,23732.0,0.1065,0.0785,1,neutral,kis,data/raw/price_030530_20260602_20260930.csv
012630,2026-09-30,25550.0,0.0099,-0.0135,0.1305,25610.0,25332.5,0.1321,0.0339,1,neutral,kis,data/raw/price_012630_20260602_20260930.csv
004080,2026-09-30,14490.0,-0.0007,-0.0143,0.0291,14574.0,14231.5,0.0475,0.0086,1,neutral,kis,data/raw/price_004080_20260602_20260930.csv
010120,2026-09-30,206000.0,0.0049,-0.0144,-0.0072,206600.0,203300.0,0.2168,0.0294,1,neutral,kis,data/raw/price_010120_20260602_20260930.csv
282880,2026-09-30,10830.0,0.0207,-0.0146,0.0723,10790.0,10454.0,0.1273,0.0244,1,neutral,kis,data/raw/price_282880_20260602_20260930.csv
096870,2026-09-30,2335.0,0.0065,-0.0148,0.0086,2327.0,2326.75,0.3486,0.0296,1,neutral,kis,data/raw/price_096870_20260602_20260930.csv
001420,2026-09-30,2940.0,-0.0134,-0.0151,0.2783,2965.0,2912.25,0.3554,0.0404,1,neutral,kis,data/raw/price_001420_20260602_20260930.csv
060370,2026-09-30,32100.0,-0.0031,-0.0153,-0.0273,32890.0,32072.5,0.4449,0.0277,1,neutral,kis,data/raw/price_060370_20260602_20260930.csv
460940,2026-09-30,5100.0,0.0,-0.0154,0.0,5104.0,5070.25,0.0833,0.0257,1,neutral,kis,data/raw/price_460940_20260602_20260930.csv
172670,2026-09-30,13190.0,0.0162,-0.0157,0.3098,13246.0,11631.5,0.4664,0.0356,1,neutral,kis,data/raw/price_172670_20260602_20260930.csv
048410,2026-09-30,6970.0,0.0205,-0.0169,0.0593,6858.0,6650.5,0.2815,0.0447,1,neutral,kis,data/raw/price_048410_20260602_20260930.csv
006980,2026-09-30,17350.0,0.0041,-0.0181,0.1016,17460.0,17162.0,0.0385,0.0353,1,neutral,kis,data/raw/price_006980_20260602_20260930.csv
391710,2026-09-30,1266.0,-0.0063,-0.0194,0.0524,1258.2,1219.65,0.0538,0.0679,1,neutral,kis,data/raw/price_391710_20260602_20260930.csv
320000,2026-09-30,10390.0,-0.0317,-0.0198,0.174,10538.0,10438.0,0.1204,0.0744,1,neutral,unknown,data/raw/price_320000_20260831_20260930.csv
138040,2026-09-30,127300.0,-0.0407,-0.02,0.0417,129580.0,129375.0,0.176,0.0304,1,neutral,kis,data/raw/price_138040_20260602_20260930.csv
272210,2026-09-30,74900.0,0.0417,-0.0209,0.0232,74100.0,72350.0,0.6396,0.0448,1,neutral,kis,data/raw/price_272210_20260602_20260930.csv
066430,2026-09-30,2095.0,0.0195,-0.021,-0.0048,2089.0,2077.75,0.1676,0.0205,1,neutral,kis,data/raw/price_066430_20260602_20260930.csv
333050,2026-09-30,5570.0,-0.0089,-0.0211,0.1162,5684.0,5435.75,0.7688,0.0166,1,neutral,kis,data/raw/price_333050_20260602_20260930.csv
189300,2026-09-30,67200.0,0.0015,-0.0218,0.0667,67980.0,65300.0,0.147,0.0249,1,neutral,pykrx,data/raw/price_189300_20260602_20260930.csv
357880,2026-09-30,1839.0,0.0082,-0.0228,-0.027,1883.2,1824.25,0.211,0.0346,1,neutral,kis,data/raw/price_357880_20260602_20260930.csv
042370,2026-09-30,10660.0,0.0221,-0.0229,0.2541,10772.0,9418.5,0.189,0.0744,1,neutral,kis,data/raw/price_042370_20260602_20260930.csv
123750,2026-09-30,1783.0,-0.0165,-0.023,0.0494,1798.8,1764.95,0.5689,0.0177,1,neutral,kis,data/raw/price_123750_20260602_20260930.csv
488900,2026-09-30,10510.0,-0.0028,-0.0232,0.1028,10624.0,10219.5,0.1347,0.0429,1,neutral,kis,data/raw/price_488900_20260602_20260930.csv
012750,2026-09-30,82500.0,-0.0036,-0.0237,0.0098,82860.0,82120.0,0.1483,0.0173,1,neutral,unknown,data/raw/price_012750_20260831_20260930.csv
000500,2026-09-30,310500.0,-0.0127,-0.0251,0.4786,313100.0,263400.0,0.2274,0.0773,1,neutral,kis,data/raw/price_000500_20260602_20260930.csv
368770,2026-09-30,13060.0,0.0148,-0.0254,0.0975,13112.0,12538.5,0.3542,0.0302,1,neutral,unknown,data/raw/price_368770_20260831_20260930.csv
082270,2026-09-30,10320.0,0.0098,-0.0255,-0.0899,10358.0,10342.0,0.2833,0.0268,1,neutral,kis,data/raw/price_082270_20260602_20260930.csv
083790,2026-09-30,949.0,-0.0491,-0.0257,0.0958,971.6,945.8,0.4838,0.0291,1,neutral,kis,data/raw/price_083790_20260602_20260930.csv
352940,2026-09-30,2080.0,0.0097,-0.0258,0.04,2121.0,2092.2,0.0635,0.0356,1,neutral,kis,data/raw/price_352940_20260602_20260930.csv
043260,2026-09-30,26150.0,0.1057,-0.0261,0.54,25580.0,20333.5,1.0241,0.0817,1,neutral,kis,data/raw/price_043260_20260602_20260930.csv
061040,2026-09-30,7330.0,0.0209,-0.0266,0.0096,7412.0,7369.0,0.4182,0.0183,1,neutral,kis,data/raw/price_061040_20260602_20260930.csv
294630,2026-09-30,3075.0,0.0216,-0.0269,0.0924,3047.0,3021.5,0.1545,0.0275,1,neutral,kis,data/raw/price_294630_20260602_20260930.csv
0007J0,2026-09-30,11290.0,-0.16,-0.0276,0.3393,13422.0,10227.5,0.7453,0.0774,1,neutral,kis,data/raw/price_0007J0_20260602_20260930.csv
290720,2026-09-30,2805.0,-0.0175,-0.0277,0.0389,2935.0,2800.75,0.5686,0.0348,1,neutral,kis,data/raw/price_290720_20260602_20260930.csv
049470,2026-09-30,2675.0,0.0348,-0.029,0.0133,2846.0,2487.25,0.1191,0.0859,1,neutral,kis,data/raw/price_049470_20260602_20260930.csv
277410,2026-09-30,5510.0,-0.0018,-0.0299,-0.0316,5564.0,5557.0,0.502,0.0141,1,neutral,kis,data/raw/price_277410_20260602_20260930.csv
006260,2026-09-30,312500.0,-0.0095,-0.031,0.0032,317800.0,312400.0,0.3572,0.036,1,neutral,kis,data/raw/price_006260_20260602_20260930.csv
071950,2026-09-30,1743.0,-0.0931,-0.0317,0.0146,1831.0,1862.35,3.4093,0.0529,1,neutral,kis,data/raw/price_071950_20260602_20260930.csv
474650,2026-09-30,27100.0,0.0112,-0.0321,0.0862,27080.0,26155.0,0.5011,0.0527,1,neutral,kis,data/raw/price_474650_20260602_20260930.csv
378800,2026-09-30,2465.0,-0.0257,-0.0333,-0.0276,2529.0,2538.5,1.5966,0.011,1,neutral,kis,data/raw/price_378800_20260602_20260930.csv
005710,2026-09-30,10550.0,-0.0112,-0.0339,-0.0103,10760.0,10672.5,0.2576,0.0183,1,neutral,kis,data/raw/price_005710_20260602_20260930.csv
083470,2026-09-30,884.0,0.0,-0.0339,-0.1169,896.2,890.05,0.2222,0.0313,1,neutral,kis,data/raw/price_083470_20260602_20260930.csv
054220,2026-09-30,1680.0,-0.0152,-0.0339,0.0653,1702.0,1660.6,0.1846,0.0301,1,neutral,kis,data/raw/price_054220_20260602_20260930.csv
475580,2026-09-30,7360.0,0.0014,-0.0341,-0.0174,7446.0,7356.0,0.0306,0.0265,1,neutral,kis,data/raw/price_475580_20260602_20260930.csv
0099X0,2026-09-30,2220.0,-0.0022,-0.0344,-0.0348,2268.4,2291.8,3.8234,0.0072,1,neutral,unknown,data/raw/price_0099X0_20260831_20260930.csv
148780,2026-09-30,3885.0,0.0183,-0.0348,0.0571,3843.0,3805.25,0.1906,0.0242,1,neutral,kis,data/raw/price_148780_20260602_20260930.csv
298040,2026-09-30,2815000.0,-0.0014,-0.0353,-0.0499,2845800.0,2841400.0,0.2141,0.0308,1,neutral,unknown,data/raw/price_298040_20260831_20260930.csv
002790,2026-09-30,25650.0,-0.0447,-0.0357,-0.0587,26340.0,26302.5,0.587,0.0184,1,neutral,kis,data/raw/price_002790_20260602_20260930.csv
071200,2026-09-30,11610.0,-0.0285,-0.0357,0.1704,11902.0,10832.0,0.2424,0.0815,1,neutral,kis,data/raw/price_071200_20260602_20260930.csv
026150,2026-09-30,3900.0,0.0065,-0.0358,0.0,3928.0,3920.5,0.3064,0.021,1,neutral,kis,data/raw/price_026150_20260602_20260930.csv
021320,2026-09-30,5770.0,-0.0103,-0.0383,0.0378,5916.0,5832.0,0.0351,0.0213,1,neutral,unknown,data/raw/price_021320_20260831_20260930.csv
056730,2026-09-30,1225.0,0.0082,-0.0392,-0.0392,1257.0,1274.25,1.643,0.0287,1,neutral,kis,data/raw/price_056730_20260602_20260930.csv
006340,2026-09-30,13000.0,0.0,-0.0399,-0.0455,13270.0,13152.5,0.3666,0.029,1,neutral,kis,data/raw/price_006340_20260602_20260930.csv
005960,2026-09-30,8300.0,-0.0048,-0.0416,0.1156,8442.0,8106.5,0.1846,0.0217,1,neutral,unknown,data/raw/price_005960_20260831_20260930.csv
480370,2026-09-30,1811.0,0.0197,-0.0443,0.2362,1802.4,1717.1,0.0365,0.0727,1,neutral,kis,data/raw/price_480370_20260602_20260930.csv
438700,2026-09-30,1814.0,0.0072,-0.0448,-0.0552,1826.8,1789.05,0.1125,0.023,1,neutral,kis,data/raw/price_438700_20260602_20260930.csv
099750,2026-09-30,7310.0,-0.0188,-0.0469,0.1009,7262.0,6957.0,0.1699,0.0322,1,neutral,unknown,data/raw/price_099750_20260831_20260930.csv
089230,2026-09-30,2035.0,-0.0025,-0.0513,-0.0579,2067.0,1972.75,0.4777,0.0343,1,neutral,kis,data/raw/price_089230_20260602_20260930.csv
148250,2026-09-30,1996.0,-0.007,-0.0518,0.2163,2012.0,1952.85,0.13,0.0334,1,neutral,kis,data/raw/price_148250_20260602_20260930.csv
001230,2026-09-30,2050.0,0.0,-0.0531,0.0074,2094.0,2076.25,0.0724,0.0211,1,neutral,kis,data/raw/price_001230_20260602_20260930.csv
037370,2026-09-30,4200.0,-0.0024,-0.0541,0.1634,4282.0,4010.75,0.2127,0.0311,1,neutral,kis,data/raw/price_037370_20260602_20260930.csv
368970,2026-09-30,2595.0,-0.0263,-0.0564,0.079,2708.0,2622.5,0.4045,0.0298,1,neutral,kis,data/raw/price_368970_20260602_20260930.csv
079550,2026-09-30,682500.0,0.0066,-0.0586,-0.0166,689900.0,683925.0,0.2219,0.029,1,neutral,kis,data/raw/price_079550_20260602_20260930.csv
046970,2026-09-30,7350.0,0.0124,-0.0601,0.4834,7572.0,6617.25,0.1852,0.0807,1,neutral,kis,data/raw/price_046970_20260602_20260930.csv
082210,2026-09-30,1702.0,0.0006,-0.0617,0.0024,1740.8,1720.5,0.0362,0.0209,1,neutral,kis,data/raw/price_082210_20260602_20260930.csv
247660,2026-09-30,3995.0,-0.0443,-0.0633,0.1997,4097.0,3976.25,0.7364,0.0595,1,neutral,kis,data/raw/price_247660_20260602_20260930.csv
023350,2026-09-30,3780.0,0.0027,-0.069,-0.062,3854.0,4005.25,3.5813,0.0181,1,price_weakness,kis,data/raw/price_023350_20260602_20260930.csv
375500,2026-09-30,79200.0,0.0076,-0.0693,0.1,81180.0,80955.0,0.1821,0.0308,1,neutral,kis,data/raw/price_375500_20260602_20260930.csv
046120,2026-09-30,5150.0,0.0118,-0.0754,0.1123,5414.0,5373.75,0.1355,0.0789,1,neutral,kis,data/raw/price_046120_20260602_20260930.csv
0004V0,2026-09-30,6010.0,0.0101,-0.0754,0.0771,6130.0,5847.5,0.1281,0.0465,1,neutral,kis,data/raw/price_0004V0_20260602_20260930.csv
290560,2026-09-30,1240.0,0.009,-0.0767,-0.0835,1272.4,1265.4,0.1033,0.0428,1,neutral,kis,data/raw/price_290560_20260602_20260930.csv
347700,2026-09-30,21600.0,0.0117,-0.0789,0.0286,22260.0,21068.5,0.1792,0.0557,1,neutral,unknown,data/raw/price_347700_20260831_20260930.csv
032820,2026-09-30,12330.0,0.0115,-0.0799,0.0629,12722.0,12619.5,0.1384,0.0606,1,neutral,kis,data/raw/price_032820_20260602_20260930.csv
000430,2026-09-30,4640.0,-0.0075,-0.083,0.0569,4789.0,4699.75,0.1143,0.024,1,neutral,unknown,data/raw/price_000430_20260831_20260930.csv
007610,2026-09-30,4310.0,-0.0069,-0.0869,0.0668,4386.0,4145.25,0.1268,0.0722,1,neutral,kis,data/raw/price_007610_20260602_20260930.csv
418620,2026-09-30,590.0,-0.0499,-0.0965,0.1456,634.2,623.75,0.0877,0.0897,1,neutral,unknown,data/raw/price_418620_20260831_20260930.csv
079190,2026-09-30,1272.0,-0.0479,-0.0972,0.1357,1318.6,1314.25,0.1757,0.083,1,neutral,kis,data/raw/price_079190_20260602_20260930.csv
011090,2026-09-30,1462.0,-0.024,-0.1058,-0.0253,1585.4,1504.15,0.1409,0.0733,1,neutral,kis,data/raw/price_011090_20260602_20260930.csv
204270,2026-09-30,22400.0,-0.0282,-0.1111,0.12,23450.0,21838.0,0.7052,0.0424,1,neutral,kis,data/raw/price_204270_20260602_20260930.csv
109070,2026-09-30,6860.0,-0.0129,-0.1148,-0.1148,7292.0,7635.5,2.897,0.0181,1,price_weakness,kis,data/raw/price_109070_20260602_20260930.csv
010580,2026-09-30,2440.0,-0.0081,-0.1254,0.4815,2592.0,2341.55,0.0311,0.0886,1,neutral,unknown,data/raw/price_010580_20260831_20260930.csv
322780,2026-09-30,1621.0,-0.0391,-0.1364,-0.1579,1756.2,1825.8,1.5725,0.0265,1,neutral,kis,data/raw/price_322780_20260602_20260930.csv
201490,2026-09-30,3435.0,0.0148,-0.1529,0.3685,3597.0,3219.75,0.0583,0.0992,1,neutral,kis,data/raw/price_201490_20260602_20260930.csv
092600,2026-09-30,2700.0,-0.0357,-0.1562,0.4477,2937.0,2454.5,0.1706,0.1462,1,neutral,unknown,data/raw/price_092600_20260831_20260930.csv
101000,2026-09-30,1650.0,0.0,-0.1624,1.129,1510.0,1489.85,0.0458,0.1332,1,neutral,unknown,data/raw/price_101000_20260831_20260930.csv
290690,2026-09-30,3250.0,0.0943,-0.1688,-0.2112,3630.0,3953.75,2.904,0.0639,1,neutral,unknown,data/raw/price_290690_20260831_20260930.csv
208640,2026-09-30,804.0,-0.0062,-0.1745,0.2163,836.0,752.35,0.1405,0.0703,1,neutral,kis,data/raw/price_208640_20260602_20260930.csv
216080,2026-09-30,5990.0,-0.11,-0.1839,0.2785,6810.0,6658.0,1.2889,0.0698,1,neutral,kis,data/raw/price_216080_20260602_20260930.csv
210120,2026-09-30,1767.0,-0.0485,-0.2233,-0.0763,1860.4,1758.1,0.0574,0.0858,1,neutral,kis,data/raw/price_210120_20260602_20260930.csv
154040,2026-09-30,8090.0,-0.0701,-0.2332,-0.2432,9534.0,10296.0,3.4502,0.0317,1,price_weakness,kis,data/raw/price_154040_20260602_20260930.csv
002820,2026-09-30,1103.0,-0.0839,-0.2398,-0.3395,1258.8,1491.4,1.513,0.0418,1,neutral,kis,data/raw/price_002820_20260602_20260930.csv
043090,2026-08-07,103.0,-0.5095,-0.6255,-0.9096,226.2,822.7,3.5952,0.2232,1,neutral,kis,data/raw/price_043090_20260602_20260930.csv
046070,2026-09-18,140.0,-0.451,-0.6903,-0.9864,236.0,21188.1,2.6663,1.6078,1,price_weakness,kis,data/raw/price_046070_20260602_20260930.csv
270520,2026-09-30,832.0,-0.1604,-0.6964,-0.7542,1534.6,2593.15,12.393,0.1067,1,neutral,kis,data/raw/price_270520_20260602_20260930.csv
192820,2026-09-30,275000.0,-0.009,0.0,-0.0833,273100.0,274300.0,0.4524,0.0194,0,neutral,kis,data/raw/price_192820_20260602_20260930.csv
002150,2026-09-30,5070.0,0.004,0.0,-0.0541,5042.0,5192.0,0.3631,0.0118,0,neutral,kis,data/raw/price_002150_20260602_20260930.csv
317400,2026-09-30,9790.0,0.0177,0.0,-0.1538,9798.0,10365.5,0.283,0.0541,0,neutral,kis,data/raw/price_317400_20260602_20260930.csv
010960,2026-09-30,3080.0,0.0016,0.0,-0.0032,3073.0,3091.25,0.2673,0.0089,0,neutral,unknown,data/raw/price_010960_20260831_20260930.csv
032080,2026-09-30,1010.0,0.0,0.0,-0.0508,1010.0,1033.85,0.0,0.0143,0,neutral,pykrx,data/raw/price_032080_20260602_20260930.csv
033340,2026-09-30,460.0,0.0,0.0,0.1705,460.0,501.3,0.0,0.108,0,neutral,kis,data/raw/price_033340_20260602_20260930.csv
038060,2026-09-30,689.0,0.0,0.0,-0.2007,689.0,744.8,0.0,0.0261,0,neutral,kis,data/raw/price_038060_20260602_20260930.csv
050110,2026-09-30,1079.0,0.0,0.0,-0.0019,1079.0,1086.5,0.0,0.016,0,neutral,kis,data/raw/price_050110_20260602_20260930.csv
066790,2026-09-30,2205.0,0.0,0.0,0.0,2205.0,2205.0,0.0,0.0,0,neutral,unknown,data/raw/price_066790_20260831_20260930.csv
084680,2026-09-30,532.0,0.0,0.0,-0.0256,532.0,535.55,0.0,0.0238,0,neutral,kis,data/raw/price_084680_20260602_20260930.csv
131400,2026-09-30,766.0,0.0,0.0,0.0296,766.0,777.55,0.0,0.0288,0,neutral,kis,data/raw/price_131400_20260602_20260930.csv
305090,2026-09-30,538.0,0.0,0.0,-0.6567,538.0,577.45,0.0,0.1098,0,neutral,unknown,data/raw/price_305090_20260831_20260930.csv
340440,2026-09-30,756.0,0.0,0.0,0.008,756.0,759.1,0.0,0.0085,0,neutral,kis,data/raw/price_340440_20260602_20260930.csv
368600,2026-09-30,956.0,0.0,0.0,0.0505,956.0,982.2,0.0,0.0479,0,neutral,kis,data/raw/price_368600_20260602_20260930.csv
144510,2026-09-30,14220.0,-0.0077,-0.0007,0.0533,14190.0,14296.0,0.3199,0.0289,0,neutral,kis,data/raw/price_144510_20260602_20260930.csv
352700,2026-09-30,1454.0,-0.0007,-0.0007,0.0239,1453.8,1461.75,0.2118,0.0076,0,neutral,kis,data/raw/price_352700_20260602_20260930.csv
016090,2026-09-30,1398.0,-0.0036,-0.0007,-0.0522,1401.0,1417.85,0.012,0.0055,0,neutral,kis,data/raw/price_016090_20260602_20260930.csv
014710,2026-09-30,9870.0,-0.01,-0.001,-0.06,9592.0,10167.5,0.2964,0.0253,0,neutral,kis,data/raw/price_014710_20260602_20260930.csv
001390,2026-09-30,4250.0,0.0095,-0.0012,-0.0503,4234.0,4385.5,0.3612,0.0118,0,neutral,kis,data/raw/price_001390_20260602_20260930.csv
096240,2026-09-30,8410.0,-0.0012,-0.0012,-0.0141,8426.0,8566.5,0.0606,0.0122,0,neutral,kis,data/raw/price_096240_20260602_20260930.csv
030210,2026-09-30,3835.0,-0.0254,-0.0013,0.0039,3898.0,3915.0,0.2863,0.0161,0,neutral,kis,data/raw/price_030210_20260602_20260930.csv
002720,2026-09-30,3250.0,0.0015,-0.0015,-0.0399,3242.0,3308.25,0.1022,0.008,0,neutral,kis,data/raw/price_002720_20260602_20260930.csv
004140,2026-09-30,1799.0,0.0175,-0.0017,-0.0233,1772.2,1790.2,0.7831,0.011,0,neutral,kis,data/raw/price_004140_20260602_20260930.csv
215570,2026-09-30,599.0,-0.0017,-0.0017,-0.1418,590.4,631.35,0.0789,0.0656,0,neutral,kis,data/raw/price_215570_20260602_20260930.csv
443250,2026-09-30,5150.0,0.0019,-0.0019,-0.1227,5073.0,5470.75,0.0774,0.022,0,neutral,kis,data/raw/price_443250_20260602_20260930.csv
207940,2026-09-30,1399000.0,0.0101,-0.0021,-0.0784,1388200.0,1425950.0,0.4473,0.0123,0,neutral,kis,data/raw/price_207940_20260602_20260930.csv
126720,2026-09-30,21450.0,0.0118,-0.0023,0.0023,21440.0,21615.0,0.1151,0.0164,0,neutral,kis,data/raw/price_126720_20260602_20260930.csv
004380,2026-09-30,7480.0,0.0013,-0.0027,-0.0944,7482.0,7740.5,0.3636,0.015,0,neutral,kis,data/raw/price_004380_20260602_20260930.csv
278470,2026-09-30,365000.0,0.0069,-0.0027,-0.2142,365200.0,375475.0,0.3008,0.0242,0,neutral,kis,data/raw/price_278470_20260602_20260930.csv
216400,2026-09-30,1394.0,0.0175,-0.0029,-0.1602,1404.6,1435.9,0.0524,0.0872,0,neutral,kis,data/raw/price_216400_20260602_20260930.csv
068290,2026-09-30,6150.0,0.0,-0.0032,-0.03,6140.0,6235.0,0.0618,0.0104,0,neutral,kis,data/raw/price_068290_20260602_20260930.csv
137080,2026-09-30,6110.0,0.0,-0.0033,-0.0643,6162.0,6275.0,0.2368,0.0183,0,neutral,kis,data/raw/price_137080_20260602_20260930.csv
067370,2026-09-30,5550.0,0.0297,-0.0036,-0.1091,5526.0,5943.5,0.0144,0.0225,0,neutral,kis,data/raw/price_067370_20260602_20260930.csv
005940,2026-09-30,26200.0,-0.0019,-0.0038,-0.0132,26120.0,26185.0,0.301,0.0117,0,neutral,kis,data/raw/price_005940_20260602_20260930.csv
030610,2026-09-30,9960.0,0.0,-0.004,-0.0226,9982.0,10138.5,0.0983,0.0124,0,neutral,kis,data/raw/price_030610_20260602_20260930.csv
123890,2026-09-30,2430.0,0.0021,-0.0041,-0.0795,2438.0,2510.5,0.1426,0.0102,0,neutral,kis,data/raw/price_123890_20260602_20260930.csv
131760,2026-09-30,1197.0,-0.0116,-0.0042,-0.3609,1247.0,1343.1,0.2615,0.0614,0,neutral,kis,data/raw/price_131760_20260602_20260930.csv
053620,2026-09-30,6790.0,0.0015,-0.0044,-0.0188,6786.0,6867.0,0.0676,0.0058,0,neutral,kis,data/raw/price_053620_20260602_20260930.csv
013720,2026-09-30,2185.0,0.0069,-0.0046,-0.0417,2209.0,2251.0,0.2352,0.0194,0,neutral,kis,data/raw/price_013720_20260602_20260930.csv
003380,2026-09-30,10800.0,-0.0037,-0.0046,-0.0009,10936.0,11070.0,0.2226,0.0156,0,neutral,kis,data/raw/price_003380_20260602_20260930.csv
003520,2026-09-30,1028.0,0.001,-0.0048,-0.0927,1025.8,1063.6,0.2178,0.0113,0,neutral,kis,data/raw/price_003520_20260602_20260930.csv
025950,2026-09-30,9900.0,0.0164,-0.005,-0.0508,9898.0,10063.0,0.3601,0.0135,0,neutral,kis,data/raw/price_025950_20260602_20260930.csv
005810,2026-09-30,37150.0,0.0136,-0.0054,-0.0159,37020.0,37270.0,0.1277,0.0129,0,neutral,kis,data/raw/price_005810_20260602_20260930.csv
004890,2026-09-30,34600.0,-0.0043,-0.0057,-0.0281,34660.0,35500.0,0.6034,0.0119,0,neutral,kis,data/raw/price_004890_20260602_20260930.csv
017810,2026-09-30,8760.0,0.0069,-0.0057,-0.1116,8760.0,9155.0,0.2363,0.0135,0,neutral,kis,data/raw/price_017810_20260602_20260930.csv
000480,2026-09-30,4265.0,-0.0047,-0.0058,-0.0564,4283.0,4406.0,0.4198,0.0071,0,neutral,kis,data/raw/price_000480_20260602_20260930.csv
064400,2026-09-30,69100.0,-0.0029,-0.0058,-0.1049,69920.0,71655.0,0.3247,0.0199,0,neutral,kis,data/raw/price_064400_20260602_20260930.csv
023410,2026-09-30,3235.0,0.0062,-0.0061,-0.0107,3230.0,3239.25,0.2033,0.0105,0,neutral,kis,data/raw/price_023410_20260602_20260930.csv
185750,2026-09-30,64200.0,-0.0031,-0.0062,-0.0614,64700.0,66405.0,0.1813,0.0099,0,neutral,kis,data/raw/price_185750_20260602_20260930.csv
032790,2026-09-30,1270.0,-0.0039,-0.0063,0.0763,1253.4,1294.15,0.1148,0.0659,0,neutral,kis,data/raw/price_032790_20260602_20260930.csv
029480,2026-09-30,1393.0,0.0014,-0.0064,-0.067,1406.2,1445.3,0.1887,0.0217,0,neutral,unknown,data/raw/price_029480_20260831_20260930.csv
075180,2026-09-30,2960.0,0.0102,-0.0067,0.0051,2952.0,2953.5,0.9137,0.0094,0,neutral,kis,data/raw/price_075180_20260602_20260930.csv
033920,2026-09-30,7410.0,0.0014,-0.0067,-0.0668,7464.0,7618.0,0.3649,0.0099,0,neutral,kis,data/raw/price_033920_20260602_20260930.csv
103840,2026-09-30,1569.0,-0.0044,-0.007,-0.0765,1578.2,1621.95,0.6344,0.0082,0,neutral,kis,data/raw/price_103840_20260602_20260930.csv
069640,2026-09-30,1388.0,-0.0184,-0.0072,-0.0401,1391.0,1402.95,0.0861,0.0285,0,neutral,unknown,data/raw/price_069640_20260831_20260930.csv
005250,2026-09-30,9550.0,0.0032,-0.0073,-0.0479,9522.0,9697.5,0.1139,0.0102,0,neutral,kis,data/raw/price_005250_20260602_20260930.csv
066980,2026-09-30,1481.0,0.0144,-0.0074,-0.083,1474.8,1502.75,0.2774,0.017,0,neutral,kis,data/raw/price_066980_20260602_20260930.csv
005830,2026-09-30,186800.0,-0.0251,-0.008,0.0315,187960.0,190095.0,0.2229,0.0288,0,neutral,kis,data/raw/price_005830_20260602_20260930.csv
003920,2026-09-30,42150.0,-0.0012,-0.0082,-0.0507,42210.0,42990.0,0.2686,0.0087,0,neutral,kis,data/raw/price_003920_20260602_20260930.csv
004970,2026-09-30,9000.0,0.0056,-0.0088,-0.0426,9006.0,9180.5,0.0452,0.0076,0,neutral,unknown,data/raw/price_004970_20260831_20260930.csv
006060,2026-09-30,2205.0,-0.0023,-0.009,-0.1267,2214.0,2361.75,0.1367,0.0116,0,neutral,kis,data/raw/price_006060_20260602_20260930.csv
001630,2026-09-30,37300.0,0.0013,-0.0093,-0.0497,37400.0,38362.5,0.1406,0.0047,0,neutral,kis,data/raw/price_001630_20260602_20260930.csv
024830,2026-09-30,8320.0,-0.0119,-0.0095,-0.0292,8372.0,8462.5,0.0324,0.0105,0,neutral,kis,data/raw/price_024830_20260602_20260930.csv
019680,2026-09-30,1626.0,0.0062,-0.0097,-0.187,1631.0,1789.15,0.6529,0.0201,0,neutral,kis,data/raw/price_019680_20260602_20260930.csv
330730,2026-09-30,4570.0,-0.0076,-0.0098,-0.0568,4619.0,4686.75,0.1267,0.019,0,neutral,kis,data/raw/price_330730_20260602_20260930.csv
068270,2026-09-30,179600.0,0.0039,-0.0099,-0.0492,178540.0,181415.0,0.3196,0.0093,0,neutral,kis,data/raw/price_068270_20260602_20260930.csv
000950,2026-09-30,29900.0,-0.0132,-0.0099,-0.0912,29920.0,31305.0,0.0167,0.0319,0,neutral,kis,data/raw/price_000950_20260602_20260930.csv
296160,2026-09-30,2450.0,0.0062,-0.0101,-0.1139,2444.0,2543.25,0.1276,0.0271,0,neutral,kis,data/raw/price_296160_20260602_20260930.csv
403550,2026-09-30,10750.0,0.0009,-0.0101,-0.057,10688.0,10900.0,0.1175,0.012,0,neutral,kis,data/raw/price_403550_20260602_20260930.csv
090370,2026-09-30,1174.0,0.0026,-0.0101,0.0634,1180.6,1201.75,0.0572,0.0302,0,neutral,kis,data/raw/price_090370_20260602_20260930.csv
017670,2026-09-30,86100.0,-0.0012,-0.0103,-0.086,86980.0,89560.0,0.2621,0.0178,0,neutral,kis,data/raw/price_017670_20260602_20260930.csv
045660,2026-09-30,8590.0,0.0166,-0.0104,-0.1163,8550.0,8941.0,0.4418,0.0151,0,neutral,kis,data/raw/price_045660_20260602_20260930.csv
005820,2026-09-30,14510.0,-0.0109,-0.0109,-0.0596,14562.0,14699.0,0.3601,0.0132,0,neutral,kis,data/raw/price_005820_20260602_20260930.csv
009410,2026-09-30,1620.0,0.0125,-0.011,-0.0521,1619.8,1664.3,0.4404,0.0126,0,neutral,kis,data/raw/price_009410_20260602_20260930.csv
010400,2026-09-30,4045.0,-0.0012,-0.011,-0.0323,4128.0,4222.5,0.1719,0.0311,0,neutral,kis,data/raw/price_010400_20260602_20260930.csv
008770,2026-09-30,39650.0,-0.0137,-0.0112,-0.1009,40180.0,41267.5,0.6927,0.0165,0,neutral,kis,data/raw/price_008770_20260602_20260930.csv
228670,2026-09-30,4420.0,0.022,-0.0112,-0.0545,4366.0,4563.75,0.3148,0.0206,0,neutral,kis,data/raw/price_228670_20260602_20260930.csv
084870,2026-09-30,2165.0,-0.0159,-0.0114,-0.0587,2199.0,2223.5,0.0871,0.0206,0,neutral,kis,data/raw/price_084870_20260602_20260930.csv
094820,2026-09-30,11910.0,0.033,-0.0116,0.0171,11868.0,11926.0,0.3323,0.0287,0,neutral,kis,data/raw/price_094820_20260602_20260930.csv
377450,2026-09-30,14440.0,0.0021,-0.0116,-0.1358,14518.0,15812.5,0.013,0.048,0,neutral,kis,data/raw/price_377450_20260602_20260930.csv
082740,2026-09-30,49300.0,0.0591,-0.012,0.039,48070.0,48202.5,0.8378,0.042,0,neutral,kis,data/raw/price_082740_20260602_20260930.csv
053060,2026-09-30,1217.0,-0.0106,-0.0122,-0.0318,1221.0,1243.65,0.9528,0.0073,0,neutral,kis,data/raw/price_053060_20260602_20260930.csv
366030,2026-09-30,4455.0,-0.0198,-0.0122,-0.1366,4563.0,4602.75,0.3302,0.0303,0,neutral,kis,data/raw/price_366030_20260602_20260930.csv
013360,2026-09-30,1370.0,0.0141,-0.0123,-0.0867,1372.8,1424.35,0.246,0.0163,0,neutral,kis,data/raw/price_013360_20260602_20260930.csv
402030,2026-09-30,12730.0,0.0095,-0.0124,-0.1004,12880.0,13233.5,0.3821,0.0225,0,neutral,kis,data/raw/price_402030_20260602_20260930.csv
006220,2026-09-30,9550.0,-0.0093,-0.0124,-0.061,9618.0,9914.5,0.1604,0.014,0,neutral,kis,data/raw/price_006220_20260602_20260930.csv
080420,2026-09-30,1575.0,-0.0063,-0.0125,-0.0518,1600.0,1642.05,0.0251,0.0138,0,neutral,kis,data/raw/price_080420_20260602_20260930.csv
032350,2026-09-30,11540.0,-0.0052,-0.0128,-0.131,11628.0,12080.5,0.2481,0.0175,0,neutral,kis,data/raw/price_032350_20260602_20260930.csv
259960,2026-09-30,197400.0,-0.0065,-0.013,-0.1304,199620.0,208980.0,0.5122,0.0178,0,neutral,kis,data/raw/price_259960_20260602_20260930.csv
252500,2026-09-30,2260.0,-0.0022,-0.0131,-0.0942,2269.0,2278.0,0.0582,0.0199,0,neutral,kis,data/raw/price_252500_20260602_20260930.csv
006090,2026-09-30,8920.0,0.0045,-0.0133,-0.0251,8876.0,8927.5,0.1654,0.0131,0,neutral,kis,data/raw/price_006090_20260602_20260930.csv
475460,2026-09-30,2605.0,0.0019,-0.0133,0.1713,2573.0,2669.25,0.0302,0.0401,0,neutral,kis,data/raw/price_475460_20260602_20260930.csv
145720,2026-09-30,36900.0,0.0068,-0.0134,-0.0134,36930.0,37345.0,0.2212,0.0154,0,neutral,kis,data/raw/price_145720_20260602_20260930.csv
064260,2026-09-30,4415.0,0.0091,-0.0134,-0.167,4398.0,4753.5,0.1094,0.0376,0,neutral,unknown,data/raw/price_064260_20260831_20260930.csv
036630,2026-09-30,7780.0,0.0026,-0.0139,-0.0847,7812.0,8539.5,0.0941,0.0462,0,neutral,kis,data/raw/price_036630_20260602_20260930.csv
186230,2026-09-30,3175.0,0.0047,-0.014,-0.0929,3178.0,3334.25,0.161,0.0106,0,neutral,kis,data/raw/price_186230_20260602_20260930.csv
448730,2026-09-30,4930.0,-0.012,-0.014,-0.1036,4899.0,5186.25,0.1017,0.0218,0,neutral,kis,data/raw/price_448730_20260602_20260930.csv
114190,2026-09-30,8370.0,0.0295,-0.0141,-0.0862,8322.0,8698.0,0.4428,0.0238,0,neutral,kis,data/raw/price_114190_20260602_20260930.csv
043910,2026-09-30,3155.0,-0.0094,-0.0141,-0.1519,3190.0,3354.75,0.0437,0.0127,0,neutral,kis,data/raw/price_043910_20260602_20260930.csv
004990,2026-09-30,24050.0,0.0,-0.0143,0.0063,24310.0,24640.0,0.1921,0.0147,0,neutral,kis,data/raw/price_004990_20260602_20260930.csv
046940,2026-09-30,2740.0,0.0167,-0.0144,-0.1002,2726.0,2831.0,0.2011,0.0125,0,neutral,kis,data/raw/price_046940_20260602_20260930.csv
022100,2026-09-30,20050.0,0.0096,-0.0147,-0.0739,20080.0,21132.5,0.0535,0.018,0,neutral,kis,data/raw/price_022100_20260602_20260930.csv
011370,2026-09-30,3665.0,-0.0068,-0.0148,-0.0639,3690.0,3795.5,0.0536,0.0101,0,neutral,unknown,data/raw/price_011370_20260831_20260930.csv
008870,2026-09-30,39050.0,-0.0114,-0.0151,-0.0213,39670.0,40112.5,0.2906,0.0123,0,neutral,kis,data/raw/price_008870_20260602_20260930.csv
455180,2026-09-30,1236.0,-0.0175,-0.0151,-0.1121,1261.0,1285.25,0.1197,0.0341,0,neutral,kis,data/raw/price_455180_20260602_20260930.csv
000210,2026-09-30,51100.0,0.0159,-0.0154,0.0139,51160.0,53115.0,0.1972,0.0281,0,neutral,kis,data/raw/price_000210_20260602_20260930.csv
036460,2026-09-30,35000.0,-0.0141,-0.0155,-0.0654,35480.0,36102.5,0.2487,0.0199,0,neutral,kis,data/raw/price_036460_20260602_20260930.csv
069620,2026-09-30,106600.0,-0.0065,-0.0157,-0.1606,107440.0,112465.0,0.279,0.0198,0,neutral,kis,data/raw/price_069620_20260602_20260930.csv
141080,2026-09-30,80600.0,0.0138,-0.0159,-0.1648,80180.0,85495.0,0.3515,0.0197,0,neutral,kis,data/raw/price_141080_20260602_20260930.csv
290270,2026-09-30,2785.0,0.0109,-0.0159,-0.0296,2781.0,2847.0,0.2198,0.0194,0,neutral,kis,data/raw/price_290270_20260602_20260930.csv
004770,2026-09-30,1983.0,-0.0232,-0.0159,-0.1633,1988.2,2092.05,0.0526,0.0681,0,neutral,kis,data/raw/price_004770_20260602_20260930.csv
109860,2026-09-30,7310.0,0.0014,-0.0162,-0.0108,7334.0,7451.0,0.1901,0.0216,0,neutral,kis,data/raw/price_109860_20260602_20260930.csv
307870,2026-09-30,1202.0,0.0017,-0.0164,0.0075,1225.6,1267.85,0.0742,0.0366,0,neutral,kis,data/raw/price_307870_20260602_20260930.csv
389020,2026-09-30,15910.0,0.0006,-0.0167,-0.2991,16044.0,18796.0,0.1756,0.0617,0,neutral,kis,data/raw/price_389020_20260602_20260930.csv
253450,2026-09-30,20450.0,-0.0097,-0.0168,-0.0871,20460.0,21167.5,0.2135,0.0167,0,neutral,kis,data/raw/price_253450_20260602_20260930.csv
006800,2026-09-30,31400.0,0.008,-0.0172,-0.0951,31890.0,33017.5,0.2805,0.0215,0,neutral,kis,data/raw/price_006800_20260602_20260930.csv
038880,2026-09-30,3375.0,0.0305,-0.0175,0.094,3226.0,3247.75,0.4468,0.0412,0,neutral,unknown,data/raw/price_038880_20260831_20260930.csv
033270,2026-09-30,17620.0,-0.004,-0.0178,-0.009,17644.0,18051.5,0.107,0.0095,0,neutral,kis,data/raw/price_033270_20260602_20260930.csv
000050,2026-09-30,7840.0,-0.0101,-0.0188,-0.0508,7946.0,8109.0,0.5409,0.0066,0,neutral,kis,data/raw/price_000050_20260602_20260930.csv
019210,2026-09-30,12440.0,0.013,-0.0189,-0.1301,12440.0,13092.5,0.3261,0.0368,0,neutral,kis,data/raw/price_019210_20260602_20260930.csv
054800,2026-09-30,14500.0,-0.0123,-0.0189,-0.0523,14652.0,14998.0,0.1137,0.0083,0,neutral,kis,data/raw/price_054800_20260602_20260930.csv
363280,2026-09-30,2020.0,0.005,-0.0194,0.028,2021.0,2054.55,0.0454,0.012,0,neutral,kis,data/raw/price_363280_20260602_20260930.csv
340570,2026-09-30,27700.0,0.0036,-0.0195,-0.1276,27870.0,28215.0,0.2528,0.0178,0,neutral,kis,data/raw/price_340570_20260602_20260930.csv
065710,2026-09-30,44300.0,-0.0112,-0.0199,-0.0328,44810.0,45342.5,0.2171,0.0105,0,neutral,kis,data/raw/price_065710_20260602_20260930.csv
115160,2026-09-30,5410.0,0.0169,-0.0199,0.0131,5458.0,5475.5,0.0962,0.0211,0,neutral,kis,data/raw/price_115160_20260602_20260930.csv
018260,2026-09-30,220000.0,0.0162,-0.02,-0.0833,220400.0,225350.0,0.2701,0.026,0,neutral,kis,data/raw/price_018260_20260602_20260930.csv
024720,2026-09-30,9310.0,0.0054,-0.02,-0.0987,9316.0,9548.5,0.0409,0.0096,0,neutral,kis,data/raw/price_024720_20260602_20260930.csv
008470,2026-09-30,1656.0,-0.0012,-0.0201,-0.0316,1677.4,1683.05,0.3052,0.007,0,neutral,kis,data/raw/price_008470_20260602_20260930.csv
407400,2026-09-30,1930.0,0.011,-0.0203,-0.0875,1903.6,2027.1,0.4935,0.0159,0,neutral,kis,data/raw/price_407400_20260602_20260930.csv
121440,2026-09-30,7630.0,0.0013,-0.0205,-0.0498,7630.0,7758.0,0.1911,0.043,0,neutral,kis,data/raw/price_121440_20260602_20260930.csv
091970,2026-09-30,3525.0,0.0028,-0.0208,-0.1475,3591.0,3815.0,0.1548,0.016,0,neutral,kis,data/raw/price_091970_20260602_20260930.csv
126600,2026-09-30,3000.0,0.0187,-0.0212,0.0118,2988.0,3014.75,0.2048,0.0212,0,neutral,kis,data/raw/price_126600_20260602_20260930.csv
333620,2026-09-30,5040.0,-0.04,-0.0214,-0.0382,5056.0,5193.0,0.6217,0.0186,0,neutral,kis,data/raw/price_333620_20260602_20260930.csv
900100,2026-09-30,1096.0,0.0,-0.0214,-0.3941,1026.0,1734.75,0.0,0.1505,0,neutral,kis,data/raw/price_900100_20260602_20260930.csv
020710,2026-09-30,3625.0,-0.0014,-0.0216,0.0028,3668.0,3703.0,0.0494,0.0157,0,neutral,kis,data/raw/price_020710_20260602_20260930.csv
069260,2026-09-30,15880.0,-0.0149,-0.0222,-0.0335,16150.0,16328.0,0.8298,0.0099,0,neutral,unknown,data/raw/price_069260_20260831_20260930.csv
097230,2026-09-30,14860.0,0.0213,-0.0224,-0.1165,14814.0,15505.5,0.6245,0.019,0,neutral,kis,data/raw/price_097230_20260602_20260930.csv
429270,2026-09-30,3255.0,0.0156,-0.0225,-0.0831,3249.0,3271.25,0.0906,0.0418,0,neutral,kis,data/raw/price_429270_20260602_20260930.csv
001360,2026-09-30,1296.0,0.0047,-0.0226,-0.0211,1301.8,1338.2,0.2395,0.0173,0,neutral,kis,data/raw/price_001360_20260602_20260930.csv
085620,2026-09-30,18910.0,-0.0073,-0.0227,-0.1225,19314.0,19791.0,0.1781,0.0312,0,neutral,kis,data/raw/price_085620_20260602_20260930.csv
083650,2026-09-30,60100.0,0.0344,-0.0228,-0.043,60580.0,63095.0,0.2354,0.0433,0,neutral,kis,data/raw/price_083650_20260602_20260930.csv
177830,2026-09-30,2110.0,0.0048,-0.0231,-0.1059,2131.0,2194.25,0.1113,0.0095,0,neutral,kis,data/raw/price_177830_20260602_20260930.csv
066910,2026-09-30,1771.0,-0.0067,-0.0232,-0.0766,1782.2,1869.4,0.7705,0.0173,0,neutral,kis,data/raw/price_066910_20260602_20260930.csv
006840,2026-09-30,6730.0,0.0,-0.0232,-0.1027,6794.0,7287.0,0.147,0.0248,0,neutral,kis,data/raw/price_006840_20260602_20260930.csv
004780,2026-09-30,4175.0,0.0,-0.0234,0.0072,4186.0,4219.25,0.4102,0.0104,0,neutral,kis,data/raw/price_004780_20260602_20260930.csv
243070,2026-09-30,19030.0,0.0053,-0.0236,-0.1107,18976.0,20116.0,0.1359,0.0127,0,neutral,kis,data/raw/price_243070_20260602_20260930.csv
006730,2026-09-30,10730.0,0.0009,-0.0237,-0.0359,10790.0,11064.5,0.2464,0.0265,0,neutral,kis,data/raw/price_006730_20260602_20260930.csv
046390,2026-09-30,2050.0,-0.0073,-0.0238,-0.0353,2082.0,2088.7,0.1143,0.0171,0,neutral,kis,data/raw/price_046390_20260602_20260930.csv
001060,2026-09-30,26550.0,0.0019,-0.0239,-0.0585,26660.0,27192.5,0.2117,0.0168,0,neutral,kis,data/raw/price_001060_20260602_20260930.csv
003070,2026-09-30,9200.0,0.0055,-0.0244,-0.0631,9186.0,9295.0,0.1902,0.0126,0,neutral,kis,data/raw/price_003070_20260602_20260930.csv
098070,2026-09-30,23750.0,0.0304,-0.0246,-0.0326,24110.0,24572.5,0.3728,0.0404,0,neutral,kis,data/raw/price_098070_20260602_20260930.csv
273060,2026-09-30,3715.0,-0.0376,-0.0249,-0.14,3833.0,4018.5,0.4592,0.0179,0,neutral,kis,data/raw/price_273060_20260602_20260930.csv
003620,2026-09-30,2505.0,0.008,-0.0253,-0.0722,2502.0,2608.5,0.2169,0.0182,0,neutral,kis,data/raw/price_003620_20260602_20260930.csv
123860,2026-09-30,13010.0,-0.0114,-0.0255,-0.0218,13210.0,13432.5,0.258,0.01,0,neutral,kis,data/raw/price_123860_20260602_20260930.csv
101970,2026-09-30,9590.0,0.029,-0.0264,-0.1476,9502.0,9921.0,0.0085,0.0331,0,neutral,kis,data/raw/price_101970_20260602_20260930.csv
042660,2026-09-30,79600.0,0.0127,-0.0269,-0.0955,79880.0,83655.0,0.3853,0.0259,0,neutral,kis,data/raw/price_042660_20260602_20260930.csv
038500,2026-09-30,6510.0,0.0,-0.0269,-0.1643,6610.0,6947.0,0.3622,0.0163,0,neutral,kis,data/raw/price_038500_20260602_20260930.csv
011330,2026-09-30,3955.0,-0.0149,-0.0271,-0.1032,4077.0,4247.5,0.314,0.0245,0,neutral,kis,data/raw/price_011330_20260602_20260930.csv
004800,2026-09-30,158500.0,-0.0019,-0.0276,-0.0498,161020.0,161630.0,0.148,0.0314,0,neutral,kis,data/raw/price_004800_20260602_20260930.csv
000100,2026-09-30,73500.0,0.0068,-0.0278,-0.1219,74080.0,78000.0,0.3685,0.0112,0,neutral,kis,data/raw/price_000100_20260602_20260930.csv
014970,2026-09-30,4300.0,0.0023,-0.0282,-0.0315,4348.0,4457.25,0.05,0.0157,0,neutral,kis,data/raw/price_014970_20260602_20260930.csv
002020,2026-09-30,23650.0,0.0064,-0.0287,-0.0851,23830.0,24867.5,0.2511,0.0185,0,neutral,kis,data/raw/price_002020_20260602_20260930.csv
134790,2026-09-30,18500.0,-0.0027,-0.0289,-0.0623,18708.0,19193.0,0.507,0.011,0,neutral,kis,data/raw/price_134790_20260602_20260930.csv
195990,2026-09-30,1143.0,0.0044,-0.0289,-0.154,1143.0,1213.8,0.1406,0.0104,0,neutral,kis,data/raw/price_195990_20260602_20260930.csv
010140,2026-09-30,20000.0,0.0347,-0.0291,-0.0431,20056.0,20861.0,0.5644,0.0358,0,neutral,kis,data/raw/price_010140_20260602_20260930.csv
326030,2026-09-30,75300.0,0.0053,-0.0296,-0.1375,75840.0,80610.0,0.2749,0.0157,0,neutral,kis,data/raw/price_326030_20260602_20260930.csv
017000,2026-09-30,2295.0,-0.0086,-0.0296,-0.0437,2321.0,2383.25,0.0907,0.0167,0,neutral,unknown,data/raw/price_017000_20260831_20260930.csv
010780,2026-09-30,14690.0,0.0041,-0.0297,-0.0859,14922.0,15375.0,0.1394,0.0205,0,neutral,kis,data/raw/price_010780_20260602_20260930.csv
120110,2026-09-30,55400.0,0.0128,-0.0298,-0.0689,55140.0,55845.0,0.1658,0.03,0,neutral,kis,data/raw/price_120110_20260602_20260930.csv
329180,2026-09-30,437000.0,0.0186,-0.03,-0.0278,440900.0,449675.0,0.2579,0.035,0,neutral,kis,data/raw/price_329180_20260602_20260930.csv
047040,2026-09-30,17740.0,0.0213,-0.0301,-0.0247,18006.0,18317.5,0.5185,0.0496,0,neutral,kis,data/raw/price_047040_20260602_20260930.csv
222420,2026-09-30,902.0,-0.0022,-0.0301,0.0675,908.0,912.1,0.0256,0.0355,0,neutral,kis,data/raw/price_222420_20260602_20260930.csv
089140,2026-09-30,2090.0,0.0195,-0.0302,0.0024,2096.0,2101.75,0.0779,0.019,0,neutral,kis,data/raw/price_089140_20260602_20260930.csv
079940,2026-09-30,39950.0,-0.0025,-0.0303,-0.122,40360.0,41290.0,0.034,0.0297,0,neutral,unknown,data/raw/price_079940_20260831_20260930.csv
236810,2026-09-30,1667.0,-0.0142,-0.0308,0.0171,1694.6,1712.2,0.2445,0.0217,0,neutral,kis,data/raw/price_236810_20260602_20260930.csv
071050,2026-09-30,178700.0,-0.0017,-0.0309,-0.0702,182460.0,187570.0,0.5022,0.0129,0,neutral,kis,data/raw/price_071050_20260602_20260930.csv
000180,2026-09-30,4855.0,-0.0231,-0.0309,-0.0735,4960.0,5077.0,0.0163,0.0081,0,neutral,pykrx,data/raw/price_000180_20260602_20260930.csv
019170,2026-09-30,9060.0,0.0089,-0.031,-0.1297,9166.0,9684.0,0.1394,0.0216,0,neutral,kis,data/raw/price_019170_20260602_20260930.csv
263800,2026-09-30,4515.0,-0.0022,-0.0311,-0.0613,4555.0,4696.25,0.2467,0.0157,0,neutral,kis,data/raw/price_263800_20260602_20260930.csv
002990,2026-09-30,12550.0,-0.0134,-0.0316,-0.2375,12886.0,14398.5,0.1282,0.0248,0,neutral,kis,data/raw/price_002990_20260602_20260930.csv
038680,2026-09-30,3625.0,-0.0014,-0.032,-0.1027,3651.0,3787.5,0.5418,0.0165,0,neutral,kis,data/raw/price_038680_20260602_20260930.csv
003090,2026-09-30,15380.0,-0.0166,-0.0327,-0.1475,15792.0,16368.0,0.4481,0.012,0,neutral,kis,data/raw/price_003090_20260602_20260930.csv
181710,2026-09-30,54400.0,-0.0091,-0.0337,-0.2678,55780.0,59670.0,0.3473,0.0468,0,neutral,kis,data/raw/price_181710_20260602_20260930.csv
002780,2026-09-30,6590.0,0.0076,-0.0337,-0.1573,6678.0,7123.5,0.1543,0.0221,0,neutral,kis,data/raw/price_002780_20260602_20260930.csv
003540,2026-09-30,25500.0,-0.0078,-0.0341,-0.059,25970.0,26537.5,0.2991,0.0124,0,neutral,kis,data/raw/price_003540_20260602_20260930.csv
0013V0,2026-09-30,5020.0,0.008,-0.0346,-0.0118,4969.0,5082.0,0.0675,0.0177,0,neutral,kis,data/raw/price_0013V0_20260602_20260930.csv
241840,2026-09-30,2220.0,0.0045,-0.0348,-0.0883,2262.0,2353.25,0.9615,0.0178,0,neutral,kis,data/raw/price_241840_20260602_20260930.csv
079810,2026-09-30,3595.0,0.0155,-0.0349,-0.0564,3585.0,3765.75,0.3462,0.0262,0,neutral,pykrx,data/raw/price_079810_20260602_20260930.csv
060980,2026-09-30,38550.0,-0.0166,-0.035,-0.0563,39000.0,39702.5,0.5105,0.0126,0,neutral,kis,data/raw/price_060980_20260602_20260930.csv
025770,2026-09-30,7720.0,0.0,-0.035,-0.035,7814.0,7984.5,0.2198,0.0116,0,neutral,kis,data/raw/price_025770_20260602_20260930.csv
023590,2026-09-30,38000.0,-0.0039,-0.0355,-0.0256,38890.0,39125.0,0.4251,0.0193,0,neutral,kis,data/raw/price_023590_20260602_20260930.csv
227950,2026-09-30,1207.0,-0.0033,-0.0359,-0.0993,1212.0,1275.45,0.3899,0.0224,0,neutral,kis,data/raw/price_227950_20260602_20260930.csv
376270,2026-09-30,32700.0,0.0108,-0.0368,-0.1722,33260.0,35267.5,0.2547,0.0181,0,neutral,kis,data/raw/price_376270_20260602_20260930.csv
011780,2026-09-30,115000.0,-0.0103,-0.0369,-0.098,116740.0,123025.0,0.1978,0.0243,0,neutral,kis,data/raw/price_011780_20260602_20260930.csv
263600,2026-09-30,3350.0,-0.0059,-0.0374,-0.0872,3376.0,3516.5,1.0916,0.0162,0,neutral,kis,data/raw/price_263600_20260602_20260930.csv
006400,2026-09-30,513000.0,0.0039,-0.0375,-0.1109,521400.0,539400.0,0.3145,0.0289,0,neutral,kis,data/raw/price_006400_20260602_20260930.csv
090430,2026-09-30,139500.0,-0.0224,-0.0379,-0.0523,141880.0,142400.0,0.5595,0.015,0,neutral,kis,data/raw/price_090430_20260602_20260930.csv
267250,2026-09-30,203000.0,0.0074,-0.0379,-0.0731,205200.0,223750.0,0.2295,0.0447,0,neutral,kis,data/raw/price_267250_20260602_20260930.csv
071970,2026-09-30,49150.0,0.0413,-0.0382,-0.0566,48910.0,50485.0,0.7881,0.0325,0,neutral,kis,data/raw/price_071970_20260602_20260930.csv
009540,2026-09-30,326000.0,0.0077,-0.0383,-0.0646,330700.0,343000.0,0.4044,0.0316,0,neutral,kis,data/raw/price_009540_20260602_20260930.csv
263750,2026-09-30,33400.0,0.023,-0.0388,0.057,33470.0,33950.0,0.4055,0.0349,0,neutral,kis,data/raw/price_263750_20260602_20260930.csv
035890,2026-09-30,2195.0,0.0092,-0.0394,-0.0415,2240.0,2304.0,0.4291,0.0195,0,neutral,kis,data/raw/price_035890_20260602_20260930.csv
009070,2026-09-30,4025.0,0.0164,-0.0394,-0.0086,4031.0,4043.5,0.2282,0.0176,0,neutral,kis,data/raw/price_009070_20260602_20260930.csv
006740,2026-09-30,4755.0,-0.0011,-0.0394,-0.1096,4785.0,5039.25,0.1422,0.0089,0,neutral,kis,data/raw/price_006740_20260602_20260930.csv
003470,2026-09-30,4355.0,-0.0023,-0.0397,-0.0793,4396.0,4616.5,0.331,0.0136,0,neutral,kis,data/raw/price_003470_20260602_20260930.csv
309930,2026-09-30,820.0,-0.0036,-0.0398,-0.0889,843.0,892.45,0.2013,0.0395,0,neutral,kis,data/raw/price_309930_20260602_20260930.csv
279600,2026-09-30,3820.0,-0.0129,-0.0402,-0.023,3869.0,3913.75,0.1335,0.0328,0,neutral,kis,data/raw/price_279600_20260602_20260930.csv
475230,2026-09-30,9830.0,0.0229,-0.041,-0.0761,10010.0,10226.0,0.1642,0.0461,0,neutral,kis,data/raw/price_475230_20260602_20260930.csv
004960,2026-09-30,10740.0,-0.0009,-0.0411,-0.1095,10952.0,11627.0,0.7859,0.0219,0,neutral,kis,data/raw/price_004960_20260602_20260930.csv
002920,2026-09-30,1777.0,-0.0006,-0.0415,0.004,1814.4,1824.85,0.4999,0.0099,0,neutral,kis,data/raw/price_002920_20260602_20260930.csv
079160,2026-09-30,5060.0,-0.0156,-0.0417,-0.0699,5170.0,5326.0,0.3432,0.0207,0,neutral,kis,data/raw/price_079160_20260602_20260930.csv
130660,2026-09-30,12350.0,0.0215,-0.0419,0.0115,12442.0,12704.0,0.0965,0.0289,0,neutral,kis,data/raw/price_130660_20260602_20260930.csv
122450,2026-09-30,2515.0,0.002,-0.0419,-0.072,2544.0,2643.25,0.0638,0.0176,0,neutral,kis,data/raw/price_122450_20260602_20260930.csv
055550,2026-09-30,108300.0,-0.0199,-0.0424,-0.0055,110520.0,111765.0,0.2644,0.0225,0,neutral,kis,data/raw/price_055550_20260602_20260930.csv
159910,2026-09-30,2930.0,-0.0168,-0.0425,-0.0772,3005.0,3116.0,0.2312,0.0126,0,neutral,kis,data/raw/price_159910_20260602_20260930.csv
007280,2026-09-30,2250.0,-0.0044,-0.0426,-0.0323,2258.0,2329.75,0.6198,0.0174,0,neutral,kis,data/raw/price_007280_20260602_20260930.csv
013580,2026-09-30,22150.0,0.0091,-0.0432,0.0278,22380.0,22422.5,0.0787,0.0132,0,neutral,unknown,data/raw/price_013580_20260831_20260930.csv
058820,2026-09-30,552.0,-0.0018,-0.0433,-0.0316,550.4,585.7,0.3525,0.0349,0,neutral,kis,data/raw/price_058820_20260602_20260930.csv
244920,2026-09-30,12430.0,-0.0576,-0.0438,-0.0342,12758.0,13447.5,0.1643,0.0283,0,neutral,unknown,data/raw/price_244920_20260831_20260930.csv
336260,2026-09-30,45950.0,0.0491,-0.0457,0.0177,46200.0,47445.0,0.3715,0.0657,0,neutral,kis,data/raw/price_336260_20260602_20260930.csv
204840,2026-09-30,4255.0,0.0095,-0.046,-0.1154,4315.0,4755.75,0.0902,0.044,0,neutral,kis,data/raw/price_204840_20260602_20260930.csv
064350,2026-09-30,113300.0,0.0089,-0.0463,-0.1681,114860.0,121860.0,0.7588,0.0208,0,neutral,kis,data/raw/price_064350_20260602_20260930.csv
007460,2026-09-30,1944.0,-0.0061,-0.0471,-0.1692,1992.0,2028.0,0.2317,0.0265,0,neutral,kis,data/raw/price_007460_20260602_20260930.csv
060230,2026-09-30,1210.0,-0.0163,-0.0472,0.0228,1212.2,1216.05,0.0875,0.0468,0,neutral,kis,data/raw/price_060230_20260602_20260930.csv
227610,2026-09-30,998.0,-0.007,-0.0477,-0.1826,1007.8,1053.3,0.2457,0.0183,0,neutral,kis,data/raw/price_227610_20260602_20260930.csv
290670,2026-09-30,5290.0,0.0095,-0.0486,0.0352,5316.0,5679.0,0.0428,0.0411,0,neutral,kis,data/raw/price_290670_20260602_20260930.csv
010130,2026-09-30,1068000.0,0.0038,-0.049,-0.1637,1092000.0,1162250.0,0.2656,0.0137,0,neutral,kis,data/raw/price_010130_20260602_20260930.csv
101400,2026-09-30,1588.0,-0.0173,-0.0491,-0.1398,1642.2,1714.5,0.1592,0.032,0,neutral,kis,data/raw/price_101400_20260602_20260930.csv
254120,2026-09-30,910.0,0.0,-0.0491,-0.1284,909.0,993.9,0.0,0.0157,0,neutral,unknown,data/raw/price_254120_20260831_20260930.csv
083640,2026-09-30,5220.0,-0.0206,-0.0492,-0.0404,5340.0,5420.0,0.6498,0.0282,0,neutral,kis,data/raw/price_083640_20260602_20260930.csv
034020,2026-09-30,81100.0,0.0176,-0.0492,-0.017,82200.0,84490.0,0.2572,0.0368,0,neutral,kis,data/raw/price_034020_20260602_20260930.csv
118000,2026-09-30,1230.0,0.0008,-0.0495,-0.0353,1257.8,1295.3,0.3299,0.0263,0,neutral,kis,data/raw/price_118000_20260602_20260930.csv
012450,2026-09-30,1014000.0,0.002,-0.0497,-0.0799,1027600.0,1054050.0,0.26,0.028,0,neutral,kis,data/raw/price_012450_20260602_20260930.csv
002210,2026-09-30,1255.0,0.0032,-0.05,-0.1594,1265.8,1371.9,0.274,0.018,0,neutral,kis,data/raw/price_002210_20260602_20260930.csv
058110,2026-09-30,1468.0,-0.002,-0.0517,-0.1405,1481.8,1547.8,0.1371,0.0196,0,price_weakness,kis,data/raw/price_058110_20260602_20260930.csv
053690,2026-09-30,20900.0,0.0024,-0.0522,-0.0813,21430.0,22267.5,0.1491,0.0357,0,price_weakness,kis,data/raw/price_053690_20260602_20260930.csv
331920,2026-09-30,10290.0,-0.0356,-0.0525,-0.2127,10770.0,12558.0,0.1458,0.0388,0,price_weakness,kis,data/raw/price_331920_20260602_20260930.csv
011560,2026-09-30,23350.0,0.0174,-0.0527,-0.1036,23600.0,24220.0,0.3599,0.0302,0,price_weakness,kis,data/raw/price_011560_20260602_20260930.csv
078930,2026-09-30,107300.0,-0.0129,-0.053,-0.1558,110220.0,116620.0,0.2956,0.0222,0,price_weakness,kis,data/raw/price_078930_20260602_20260930.csv
052690,2026-09-30,122700.0,0.0132,-0.0532,0.0541,127700.0,129660.0,0.1414,0.0643,0,neutral,kis,data/raw/price_052690_20260602_20260930.csv
030720,2026-09-30,4775.0,0.0313,-0.0545,-0.119,4893.0,5194.75,0.6792,0.0251,0,neutral,kis,data/raw/price_030720_20260602_20260930.csv
009420,2026-09-30,44250.0,0.0231,-0.0545,-0.2588,44690.0,49865.0,0.4902,0.0264,0,neutral,kis,data/raw/price_009420_20260602_20260930.csv
012280,2026-09-30,3455.0,0.0014,-0.0547,-0.1695,3517.0,3746.5,0.2848,0.01,0,price_weakness,kis,data/raw/price_012280_20260602_20260930.csv
013700,2026-09-30,1583.0,-0.0031,-0.0549,0.0253,1596.4,1651.35,0.0548,0.0319,0,price_weakness,kis,data/raw/price_013700_20260602_20260930.csv
205500,2026-09-30,1734.0,0.0081,-0.055,-0.0602,1760.8,1827.1,0.4968,0.0191,0,price_weakness,kis,data/raw/price_205500_20260602_20260930.csv
175250,2026-09-30,1608.0,-0.0365,-0.0552,-0.4397,1687.6,1881.65,0.1374,0.0669,0,price_weakness,kis,data/raw/price_175250_20260602_20260930.csv
053950,2026-09-30,1992.0,-0.0025,-0.0559,0.1928,2017.0,2098.1,0.0331,0.0886,0,neutral,kis,data/raw/price_053950_20260602_20260930.csv
223310,2026-09-30,2860.0,-0.0419,-0.0561,-0.2143,2989.0,3131.75,0.0583,0.0481,0,price_weakness,unknown,data/raw/price_223310_20260831_20260930.csv
027740,2026-09-30,1155.0,0.0149,-0.0564,-0.2421,1162.4,1389.25,0.0351,0.0288,0,price_weakness,kis,data/raw/price_027740_20260602_20260930.csv
282330,2026-09-30,130700.0,-0.0143,-0.0577,-0.1157,132700.0,142475.0,0.2158,0.0171,0,price_weakness,kis,data/raw/price_282330_20260602_20260930.csv
000720,2026-09-30,118300.0,0.0111,-0.0581,-0.0406,122460.0,124955.0,0.2321,0.0405,0,neutral,kis,data/raw/price_000720_20260602_20260930.csv
900110,2026-09-30,5330.0,-0.0274,-0.0583,-0.113,5412.0,5828.85,0.4578,0.0149,0,price_weakness,kis,data/raw/price_900110_20260602_20260930.csv
000760,2026-09-30,12000.0,-0.0025,-0.0588,-0.1465,12224.0,13247.5,0.0945,0.0222,0,price_weakness,kis,data/raw/price_000760_20260602_20260930.csv
297570,2026-09-30,3835.0,-0.0424,-0.06,-0.1174,4015.0,4179.75,0.988,0.0263,0,price_weakness,kis,data/raw/price_297570_20260602_20260930.csv
413630,2026-09-30,4115.0,0.016,-0.0605,0.0186,4177.0,4223.75,0.0662,0.0455,0,neutral,kis,data/raw/price_413630_20260602_20260930.csv
419540,2026-09-30,3005.0,-0.0131,-0.0609,-0.129,3072.0,3206.75,0.1248,0.0176,0,neutral,kis,data/raw/price_419540_20260602_20260930.csv
028260,2026-09-30,345000.0,0.0,-0.0612,-0.0837,353900.0,364675.0,0.2369,0.0277,0,price_weakness,kis,data/raw/price_028260_20260602_20260930.csv
090710,2026-09-30,6110.0,0.0099,-0.0614,-0.0672,6208.0,6235.0,0.2828,0.025,0,price_weakness,kis,data/raw/price_090710_20260602_20260930.csv
065650,2026-09-30,1403.0,-0.052,-0.0615,-0.1393,1427.0,1543.9,0.7558,0.0505,0,price_weakness,kis,data/raw/price_065650_20260602_20260930.csv
090470,2026-09-30,4035.0,-0.0025,-0.0616,-0.1033,4143.0,4371.25,0.0729,0.0337,0,price_weakness,kis,data/raw/price_090470_20260602_20260930.csv
105840,2026-09-30,13650.0,0.0263,-0.0619,0.0302,13768.0,14129.5,0.2566,0.0405,0,neutral,kis,data/raw/price_105840_20260602_20260930.csv
012160,2026-09-30,2040.0,0.0074,-0.0621,-0.2016,2090.0,2224.75,0.0979,0.0234,0,price_weakness,kis,data/raw/price_012160_20260602_20260930.csv
369370,2026-09-30,3010.0,-0.005,-0.0638,-0.2016,3083.0,3379.0,0.299,0.0146,0,price_weakness,unknown,data/raw/price_369370_20260831_20260930.csv
006370,2026-09-30,2930.0,0.0069,-0.0639,-0.234,2958.0,3299.0,0.3095,0.0282,0,price_weakness,kis,data/raw/price_006370_20260602_20260930.csv
006360,2026-09-30,34250.0,0.0074,-0.0642,-0.0565,35170.0,35610.0,0.2471,0.038,0,neutral,kis,data/raw/price_006360_20260602_20260930.csv
065770,2026-09-30,851.0,-0.033,-0.0669,-0.2908,877.8,1034.7,0.2448,0.04,0,neutral,kis,data/raw/price_065770_20260602_20260930.csv
003200,2026-09-30,10700.0,-0.0156,-0.0671,-0.0192,10976.0,10999.0,0.1493,0.0507,0,neutral,kis,data/raw/price_003200_20260602_20260930.csv
340360,2026-09-30,919.0,-0.0043,-0.068,0.0066,935.0,953.05,0.2743,0.0333,0,neutral,kis,data/raw/price_340360_20260602_20260930.csv
054930,2026-09-30,17510.0,0.0,-0.0716,-0.0681,17898.0,18260.0,0.115,0.0179,0,price_weakness,kis,data/raw/price_054930_20260602_20260930.csv
206950,2026-09-30,1759.0,0.07,-0.0727,0.1001,1650.8,1718.95,0.0055,0.1101,0,neutral,kis,data/raw/price_206950_20260602_20260930.csv
373170,2026-09-30,1761.0,-0.0062,-0.0732,0.0316,1797.4,1950.7,0.0124,0.0775,0,neutral,kis,data/raw/price_373170_20260602_20260930.csv
076080,2026-09-30,1045.0,-0.0234,-0.0744,-0.0509,1093.4,1116.95,0.7042,0.0223,0,price_weakness,kis,data/raw/price_076080_20260602_20260930.csv
043610,2026-09-30,1094.0,-0.0171,-0.0745,-0.0666,1130.0,1172.95,0.5195,0.0114,0,price_weakness,unknown,data/raw/price_043610_20260831_20260930.csv
025980,2026-09-30,4820.0,0.031,-0.0749,-0.0641,5045.0,5210.25,0.221,0.0388,0,price_weakness,kis,data/raw/price_025980_20260602_20260930.csv
003060,2026-09-30,1482.0,-0.0166,-0.0749,-0.1767,1559.4,1654.7,0.18,0.0272,0,price_weakness,kis,data/raw/price_003060_20260602_20260930.csv
012170,2026-09-30,2960.0,0.0368,-0.075,-0.0528,2903.0,2974.25,1.2815,0.0421,0,neutral,kis,data/raw/price_012170_20260602_20260930.csv
028050,2026-09-30,48050.0,0.0191,-0.076,0.0202,49150.0,49177.5,0.2833,0.0287,0,neutral,kis,data/raw/price_028050_20260602_20260930.csv
189330,2026-09-30,10180.0,-0.0268,-0.0762,-0.1724,10818.0,11238.5,0.2427,0.0463,0,price_weakness,kis,data/raw/price_189330_20260602_20260930.csv
153460,2026-09-30,5290.0,-0.0094,-0.0768,-0.1019,5414.0,5729.0,0.277,0.0168,0,price_weakness,kis,data/raw/price_153460_20260602_20260930.csv
179530,2026-09-30,1711.0,-0.0691,-0.0776,-0.3183,1764.8,2109.45,0.3595,0.0297,0,price_weakness,kis,data/raw/price_179530_20260602_20260930.csv
042940,2026-09-30,5230.0,-0.0076,-0.0792,-0.0959,5462.0,5635.75,0.2391,0.0227,0,price_weakness,kis,data/raw/price_042940_20260602_20260930.csv
241710,2026-09-30,119300.0,-0.0795,-0.0816,-0.2036,125880.0,129510.0,0.535,0.0367,0,neutral,kis,data/raw/price_241710_20260602_20260930.csv
224110,2026-09-30,7930.0,-0.0682,-0.0822,-0.112,8474.0,8705.0,0.5245,0.0229,0,price_weakness,unknown,data/raw/price_224110_20260831_20260930.csv
001210,2026-09-30,9470.0,-0.0187,-0.085,-0.2412,9798.0,11315.0,0.1078,0.0419,0,price_weakness,kis,data/raw/price_001210_20260602_20260930.csv
267270,2026-09-30,124700.0,-0.0008,-0.0878,-0.0645,129140.0,135355.0,0.238,0.0347,0,price_weakness,kis,data/raw/price_267270_20260602_20260930.csv
006650,2026-09-30,88100.0,-0.0045,-0.0889,-0.0842,91300.0,97565.0,0.1877,0.0462,0,price_weakness,kis,data/raw/price_006650_20260602_20260930.csv
105550,2026-09-30,1583.0,-0.0162,-0.0892,-0.2316,1636.0,1760.4,0.1541,0.0175,0,price_weakness,kis,data/raw/price_105550_20260602_20260930.csv
199150,2026-09-30,1699.0,0.0,-0.0895,-0.0551,1683.2,1760.7,0.0537,0.0589,0,neutral,kis,data/raw/price_199150_20260602_20260930.csv
224060,2026-09-30,4760.0,-0.0094,-0.0899,0.23,4706.0,5841.5,0.3259,0.1794,0,neutral,unknown,data/raw/price_224060_20260831_20260930.csv
900290,2026-09-30,3340.0,0.0152,-0.0899,-0.2067,3379.0,3681.0,0.1765,0.031,0,price_weakness,kis,data/raw/price_900290_20260602_20260930.csv
078590,2026-09-30,2702.0,-0.0103,-0.0902,-0.1213,2827.4,2969.1,0.2145,0.0204,0,price_weakness,kis,data/raw/price_078590_20260602_20260930.csv
023530,2026-09-30,99600.0,-0.0235,-0.0904,-0.0639,103760.0,110335.0,0.2811,0.0401,0,price_weakness,kis,data/raw/price_023530_20260602_20260930.csv
051900,2026-09-30,270500.0,-0.0339,-0.0953,-0.1358,286200.0,293675.0,0.5638,0.017,0,price_weakness,kis,data/raw/price_051900_20260602_20260930.csv
069920,2026-09-30,1144.0,-0.0138,-0.0957,-0.0729,1193.8,1218.6,0.8404,0.071,0,neutral,kis,data/raw/price_069920_20260602_20260930.csv
038530,2026-09-30,3725.0,0.0054,-0.0959,-0.2543,3936.0,4686.5,0.9513,0.0433,0,price_weakness,kis,data/raw/price_038530_20260602_20260930.csv
487400,2026-09-30,6490.0,-0.0167,-0.0961,-0.2418,6908.0,7293.5,0.1714,0.0494,0,price_weakness,kis,data/raw/price_487400_20260602_20260930.csv
044380,2026-09-30,436.0,0.0,-0.0992,-0.609,428.0,662.4,0.0,0.0621,0,neutral,kis,data/raw/price_044380_20260602_20260930.csv
127120,2026-09-30,30700.0,0.0337,-0.1063,-0.0697,31430.0,31762.5,0.2491,0.0465,0,neutral,kis,data/raw/price_127120_20260602_20260930.csv
064800,2026-09-30,1986.0,-0.0119,-0.1114,-0.3665,2046.2,2391.05,0.2266,0.0343,0,price_weakness,kis,data/raw/price_064800_20260602_20260930.csv
006490,2026-09-30,1309.0,0.0023,-0.1125,-0.0749,1355.4,1649.1,0.1491,0.1307,0,neutral,kis,data/raw/price_006490_20260602_20260930.csv
276730,2026-09-30,880.0,-0.0638,-0.1138,-0.3553,919.8,1109.0,0.3654,0.0384,0,price_weakness,kis,data/raw/price_276730_20260602_20260930.csv
900300,2026-09-30,2675.0,-0.0446,-0.1142,-0.3661,2865.0,3283.75,0.2799,0.0302,0,price_weakness,kis,data/raw/price_900300_20260602_20260930.csv
465770,2026-09-30,2350.0,-0.0021,-0.1149,-0.2747,2484.0,3141.0,0.0371,0.0781,0,price_weakness,kis,data/raw/price_465770_20260602_20260930.csv
045390,2026-09-30,2940.0,0.0138,-0.1171,-0.0439,3067.0,3362.25,0.1968,0.0479,0,price_weakness,kis,data/raw/price_045390_20260602_20260930.csv
192410,2026-09-30,3455.0,0.0,-0.1186,-0.3291,3597.0,4380.75,0.261,0.0301,0,price_weakness,kis,data/raw/price_192410_20260602_20260930.csv
900270,2026-09-30,2545.0,-0.0378,-0.1239,-0.2346,2691.0,3080.0,0.0504,0.0623,0,price_weakness,kis,data/raw/price_900270_20260602_20260930.csv
018000,2026-09-30,1091.0,-0.043,-0.1244,-0.1013,1196.0,1225.65,0.3729,0.0257,0,price_weakness,unknown,data/raw/price_018000_20260831_20260930.csv
457600,2026-09-30,3915.0,-0.0063,-0.1367,-0.2843,4152.0,4637.75,0.4769,0.0322,0,neutral,unknown,data/raw/price_457600_20260831_20260930.csv
083660,2026-09-30,1385.0,0.0161,-0.1429,-0.1957,1455.2,1538.0,0.3276,0.0333,0,neutral,kis,data/raw/price_083660_20260602_20260930.csv
199730,2026-09-30,666.0,-0.0445,-0.144,-0.5545,723.8,1113.75,0.4002,0.0773,0,neutral,kis,data/raw/price_199730_20260602_20260930.csv
310210,2026-09-30,132100.0,-0.0023,-0.1455,-0.1994,139240.0,146715.0,0.3743,0.0574,0,price_weakness,kis,data/raw/price_310210_20260602_20260930.csv
225190,2026-09-30,3485.0,-0.0632,-0.151,-0.3099,3926.0,4100.0,0.3338,0.0457,0,price_weakness,kis,data/raw/price_225190_20260602_20260930.csv
191410,2026-09-30,1550.0,0.1079,-0.164,-0.1576,1667.8,1803.7,0.7058,0.0651,0,neutral,kis,data/raw/price_191410_20260602_20260930.csv
040350,2026-09-30,3280.0,-0.031,-0.1728,-0.4923,3524.0,4088.25,0.2328,0.0725,0,price_weakness,kis,data/raw/price_040350_20260602_20260930.csv
012200,2026-09-30,3025.0,-0.0114,-0.2133,-0.2018,3260.0,3530.0,0.277,0.0447,0,price_weakness,kis,data/raw/price_012200_20260602_20260930.csv
340810,2026-09-30,3655.0,-0.0305,-0.214,-0.0227,3901.0,4012.25,0.1853,0.0525,0,price_weakness,kis,data/raw/price_340810_20260602_20260930.csv
288980,2026-09-30,205.0,0.0,-0.2205,-0.3788,225.2,278.05,0.1303,0.061,0,neutral,unknown,data/raw/price_288980_20260831_20260930.csv
208860,2026-09-30,9780.0,0.002,-0.2494,-0.2546,11382.0,12618.0,1.2166,0.0414,0,price_weakness,kis,data/raw/price_208860_20260602_20260930.csv
060900,2026-09-30,2270.0,-0.062,-0.2594,-0.3738,2583.0,3194.5,0.6135,0.045,0,price_weakness,kis,data/raw/price_060900_20260602_20260930.csv
026910,2026-09-30,2330.0,0.0219,-0.2918,-0.3528,2516.0,3161.25,0.1255,0.069,0,neutral,unknown,data/raw/price_026910_20260831_20260930.csv
050090,2026-09-30,573.0,0.1552,-0.3306,-0.3063,664.2,793.9,1.2527,0.0923,0,neutral,unknown,data/raw/price_050090_20260831_20260930.csv
058450,2026-09-30,568.0,-0.0105,-0.3799,-0.694,711.0,1187.35,0.4908,0.0821,0,neutral,unknown,data/raw/price_058450_20260831_20260930.csv
009190,2026-09-30,697.0,-0.0197,-0.3837,-0.5112,878.8,1140.25,0.924,0.0604,0,price_weakness,kis,data/raw/price_009190_20260602_20260930.csv
354200,2026-09-30,822.0,-0.1393,-0.4065,-0.5547,1125.0,1387.45,0.843,0.0976,0,price_weakness,kis,data/raw/price_354200_20260602_20260930.csv
291810,2026-09-30,409.0,-0.2997,-0.7015,-0.6854,841.6,1420.2,0.1001,0.1415,0,price_weakness,kis,data/raw/price_291810_20260602_20260930.csv
