stock_code,corp_name,report_nm,event_type,event_date,prediction_direction,event_score,initial_confidence,score_reason,news_count,positive_keyword_count,negative_keyword_count,news_sentiment_score,news_attention_score,top_news_titles,next_trade_date,next_open_return,next_close_return,note,prediction_result
050090,비케이홀딩스,주요사항보고서(유상증자결정),paid_in_capital_increase,20260903,negative,-70,C,Paid-in capital increases can create dilution concerns.,5,6,6,0,5,"9월 3일 주식시장 주요공시 | 9월 4일 개장 전 주요 공시 | [N2 모닝 경제 브리핑-9월 4일] 美 증시, 금리 인상 우려 완화에 3대 지...",2026-09-04,0.1397,0.1199,,failure
050090,비케이홀딩스,주요사항보고서(유상증자결정),paid_in_capital_increase,20260903,negative,-70,C,Paid-in capital increases can create dilution concerns.,5,6,6,0,5,"9월 3일 주식시장 주요공시 | 9월 4일 개장 전 주요 공시 | [N2 모닝 경제 브리핑-9월 4일] 美 증시, 금리 인상 우려 완화에 3대 지...",2026-09-04,0.1397,0.1199,,failure
050090,비케이홀딩스,주요사항보고서(유상증자결정),paid_in_capital_increase,20260903,negative,-70,C,Paid-in capital increases can create dilution concerns.,5,6,6,0,5,"9월 3일 주식시장 주요공시 | 9월 4일 개장 전 주요 공시 | [N2 모닝 경제 브리핑-9월 4일] 美 증시, 금리 인상 우려 완화에 3대 지...",2026-09-04,0.1397,0.1199,,failure
050090,비케이홀딩스,주요사항보고서(유상증자결정),paid_in_capital_increase,20260903,negative,-70,C,Paid-in capital increases can create dilution concerns.,5,6,6,0,5,"9월 3일 주식시장 주요공시 | 9월 4일 개장 전 주요 공시 | [N2 모닝 경제 브리핑-9월 4일] 美 증시, 금리 인상 우려 완화에 3대 지...",2026-09-04,0.1397,0.1199,,failure
179530,애드바이오텍,[기재정정]주요사항보고서(전환사채권발행결정),convertible_bond,20260903,negative,-60,C,Convertible bonds may create future dilution risk.,5,7,7,0,5,"9월 3일 주식시장 주요공시 | [더벨][상폐규제 데드라인] 파이온엑스, 퇴출 위기 속 이화그룹 구원투... | 곡물 공급망 불안감 심화…사조동아원·한탑 주가 '날개'",2026-09-04,-0.006,-0.0398,,success
179530,애드바이오텍,[기재정정]주요사항보고서(전환사채권발행결정),convertible_bond,20260903,negative,-60,C,Convertible bonds may create future dilution risk.,5,7,7,0,5,"9월 3일 주식시장 주요공시 | [더벨][상폐규제 데드라인] 파이온엑스, 퇴출 위기 속 이화그룹 구원투... | 곡물 공급망 불안감 심화…사조동아원·한탑 주가 '날개'",2026-09-04,-0.006,-0.0398,,success
179530,애드바이오텍,[기재정정]주요사항보고서(전환사채권발행결정),convertible_bond,20260903,negative,-60,C,Convertible bonds may create future dilution risk.,5,7,7,0,5,"9월 3일 주식시장 주요공시 | [더벨][상폐규제 데드라인] 파이온엑스, 퇴출 위기 속 이화그룹 구원투... | 곡물 공급망 불안감 심화…사조동아원·한탑 주가 '날개'",2026-09-04,-0.006,-0.0398,,success
179530,애드바이오텍,[기재정정]주요사항보고서(전환사채권발행결정),convertible_bond,20260903,negative,-60,C,Convertible bonds may create future dilution risk.,5,7,7,0,5,"9월 3일 주식시장 주요공시 | [더벨][상폐규제 데드라인] 파이온엑스, 퇴출 위기 속 이화그룹 구원투... | 곡물 공급망 불안감 심화…사조동아원·한탑 주가 '날개'",2026-09-04,-0.006,-0.0398,,success
179530,애드바이오텍,[기재정정]주요사항보고서(전환사채권발행결정),convertible_bond,20260903,negative,-60,C,Convertible bonds may create future dilution risk.,5,7,7,0,5,"9월 3일 주식시장 주요공시 | [더벨][상폐규제 데드라인] 파이온엑스, 퇴출 위기 속 이화그룹 구원투... | 곡물 공급망 불안감 심화…사조동아원·한탑 주가 '날개'",2026-09-04,-0.006,-0.0398,,success
179530,애드바이오텍,[기재정정]주요사항보고서(전환사채권발행결정),convertible_bond,20260903,negative,-60,C,Convertible bonds may create future dilution risk.,5,7,7,0,5,"9월 3일 주식시장 주요공시 | [더벨][상폐규제 데드라인] 파이온엑스, 퇴출 위기 속 이화그룹 구원투... | 곡물 공급망 불안감 심화…사조동아원·한탑 주가 '날개'",2026-09-04,-0.006,-0.0398,,success
179530,애드바이오텍,[기재정정]주요사항보고서(전환사채권발행결정),convertible_bond,20260903,negative,-60,C,Convertible bonds may create future dilution risk.,5,7,7,0,5,"9월 3일 주식시장 주요공시 | [더벨][상폐규제 데드라인] 파이온엑스, 퇴출 위기 속 이화그룹 구원투... | 곡물 공급망 불안감 심화…사조동아원·한탑 주가 '날개'",2026-09-04,-0.006,-0.0398,,success
179530,애드바이오텍,[기재정정]주요사항보고서(전환사채권발행결정),convertible_bond,20260903,negative,-60,C,Convertible bonds may create future dilution risk.,5,7,7,0,5,"9월 3일 주식시장 주요공시 | [더벨][상폐규제 데드라인] 파이온엑스, 퇴출 위기 속 이화그룹 구원투... | 곡물 공급망 불안감 심화…사조동아원·한탑 주가 '날개'",2026-09-04,-0.006,-0.0398,,success
179530,애드바이오텍,[기재정정]주요사항보고서(전환사채권발행결정),convertible_bond,20260903,negative,-60,C,Convertible bonds may create future dilution risk.,5,7,7,0,5,"9월 3일 주식시장 주요공시 | [더벨][상폐규제 데드라인] 파이온엑스, 퇴출 위기 속 이화그룹 구원투... | 곡물 공급망 불안감 심화…사조동아원·한탑 주가 '날개'",2026-09-04,-0.006,-0.0398,,success
179530,애드바이오텍,[기재정정]주요사항보고서(전환사채권발행결정),convertible_bond,20260903,negative,-60,C,Convertible bonds may create future dilution risk.,5,7,7,0,5,"9월 3일 주식시장 주요공시 | [더벨][상폐규제 데드라인] 파이온엑스, 퇴출 위기 속 이화그룹 구원투... | 곡물 공급망 불안감 심화…사조동아원·한탑 주가 '날개'",2026-09-04,-0.006,-0.0398,,success
179530,애드바이오텍,[기재정정]주요사항보고서(전환사채권발행결정),convertible_bond,20260903,negative,-60,C,Convertible bonds may create future dilution risk.,5,7,7,0,5,"9월 3일 주식시장 주요공시 | [더벨][상폐규제 데드라인] 파이온엑스, 퇴출 위기 속 이화그룹 구원투... | 곡물 공급망 불안감 심화…사조동아원·한탑 주가 '날개'",2026-09-04,-0.006,-0.0398,,success
179530,애드바이오텍,[기재정정]주요사항보고서(전환사채권발행결정),convertible_bond,20260903,negative,-60,C,Convertible bonds may create future dilution risk.,5,7,7,0,5,"9월 3일 주식시장 주요공시 | [더벨][상폐규제 데드라인] 파이온엑스, 퇴출 위기 속 이화그룹 구원투... | 곡물 공급망 불안감 심화…사조동아원·한탑 주가 '날개'",2026-09-04,-0.006,-0.0398,,success
179530,애드바이오텍,[기재정정]주요사항보고서(전환사채권발행결정),convertible_bond,20260903,negative,-60,C,Convertible bonds may create future dilution risk.,5,7,7,0,5,"9월 3일 주식시장 주요공시 | [더벨][상폐규제 데드라인] 파이온엑스, 퇴출 위기 속 이화그룹 구원투... | 곡물 공급망 불안감 심화…사조동아원·한탑 주가 '날개'",2026-09-04,-0.006,-0.0398,,success
179530,애드바이오텍,[기재정정]주요사항보고서(전환사채권발행결정),convertible_bond,20260903,negative,-60,C,Convertible bonds may create future dilution risk.,5,7,7,0,5,"9월 3일 주식시장 주요공시 | [더벨][상폐규제 데드라인] 파이온엑스, 퇴출 위기 속 이화그룹 구원투... | 곡물 공급망 불안감 심화…사조동아원·한탑 주가 '날개'",2026-09-04,-0.006,-0.0398,,success
179530,애드바이오텍,[기재정정]주요사항보고서(전환사채권발행결정),convertible_bond,20260903,negative,-60,C,Convertible bonds may create future dilution risk.,5,7,7,0,5,"9월 3일 주식시장 주요공시 | [더벨][상폐규제 데드라인] 파이온엑스, 퇴출 위기 속 이화그룹 구원투... | 곡물 공급망 불안감 심화…사조동아원·한탑 주가 '날개'",2026-09-04,-0.006,-0.0398,,success
179530,애드바이오텍,[기재정정]주요사항보고서(전환사채권발행결정),convertible_bond,20260903,negative,-60,C,Convertible bonds may create future dilution risk.,5,7,7,0,5,"9월 3일 주식시장 주요공시 | [더벨][상폐규제 데드라인] 파이온엑스, 퇴출 위기 속 이화그룹 구원투... | 곡물 공급망 불안감 심화…사조동아원·한탑 주가 '날개'",2026-09-04,-0.006,-0.0398,,success
179530,애드바이오텍,[기재정정]주요사항보고서(전환사채권발행결정),convertible_bond,20260903,negative,-60,C,Convertible bonds may create future dilution risk.,5,7,7,0,5,"9월 3일 주식시장 주요공시 | [더벨][상폐규제 데드라인] 파이온엑스, 퇴출 위기 속 이화그룹 구원투... | 곡물 공급망 불안감 심화…사조동아원·한탑 주가 '날개'",2026-09-04,-0.006,-0.0398,,success
179530,애드바이오텍,[기재정정]주요사항보고서(전환사채권발행결정),convertible_bond,20260903,negative,-60,C,Convertible bonds may create future dilution risk.,5,7,7,0,5,"9월 3일 주식시장 주요공시 | [더벨][상폐규제 데드라인] 파이온엑스, 퇴출 위기 속 이화그룹 구원투... | 곡물 공급망 불안감 심화…사조동아원·한탑 주가 '날개'",2026-09-04,-0.006,-0.0398,,success
179530,애드바이오텍,[기재정정]주요사항보고서(전환사채권발행결정),convertible_bond,20260903,negative,-60,C,Convertible bonds may create future dilution risk.,5,7,7,0,5,"9월 3일 주식시장 주요공시 | [더벨][상폐규제 데드라인] 파이온엑스, 퇴출 위기 속 이화그룹 구원투... | 곡물 공급망 불안감 심화…사조동아원·한탑 주가 '날개'",2026-09-04,-0.006,-0.0398,,success
179530,애드바이오텍,[기재정정]주요사항보고서(전환사채권발행결정),convertible_bond,20260903,negative,-60,C,Convertible bonds may create future dilution risk.,5,7,7,0,5,"9월 3일 주식시장 주요공시 | [더벨][상폐규제 데드라인] 파이온엑스, 퇴출 위기 속 이화그룹 구원투... | 곡물 공급망 불안감 심화…사조동아원·한탑 주가 '날개'",2026-09-04,-0.006,-0.0398,,success
179530,애드바이오텍,[기재정정]주요사항보고서(전환사채권발행결정),convertible_bond,20260903,negative,-60,C,Convertible bonds may create future dilution risk.,5,7,7,0,5,"9월 3일 주식시장 주요공시 | [더벨][상폐규제 데드라인] 파이온엑스, 퇴출 위기 속 이화그룹 구원투... | 곡물 공급망 불안감 심화…사조동아원·한탑 주가 '날개'",2026-09-04,-0.006,-0.0398,,success
179530,애드바이오텍,[기재정정]주요사항보고서(전환사채권발행결정),convertible_bond,20260903,negative,-60,C,Convertible bonds may create future dilution risk.,5,7,7,0,5,"9월 3일 주식시장 주요공시 | [더벨][상폐규제 데드라인] 파이온엑스, 퇴출 위기 속 이화그룹 구원투... | 곡물 공급망 불안감 심화…사조동아원·한탑 주가 '날개'",2026-09-04,-0.006,-0.0398,,success
179530,애드바이오텍,[기재정정]주요사항보고서(전환사채권발행결정),convertible_bond,20260903,negative,-60,C,Convertible bonds may create future dilution risk.,5,7,7,0,5,"9월 3일 주식시장 주요공시 | [더벨][상폐규제 데드라인] 파이온엑스, 퇴출 위기 속 이화그룹 구원투... | 곡물 공급망 불안감 심화…사조동아원·한탑 주가 '날개'",2026-09-04,-0.006,-0.0398,,success
179530,애드바이오텍,[기재정정]주요사항보고서(전환사채권발행결정),convertible_bond,20260903,negative,-60,C,Convertible bonds may create future dilution risk.,5,7,7,0,5,"9월 3일 주식시장 주요공시 | [더벨][상폐규제 데드라인] 파이온엑스, 퇴출 위기 속 이화그룹 구원투... | 곡물 공급망 불안감 심화…사조동아원·한탑 주가 '날개'",2026-09-04,-0.006,-0.0398,,success
179530,애드바이오텍,[기재정정]주요사항보고서(전환사채권발행결정),convertible_bond,20260903,negative,-60,C,Convertible bonds may create future dilution risk.,5,7,7,0,5,"9월 3일 주식시장 주요공시 | [더벨][상폐규제 데드라인] 파이온엑스, 퇴출 위기 속 이화그룹 구원투... | 곡물 공급망 불안감 심화…사조동아원·한탑 주가 '날개'",2026-09-04,-0.006,-0.0398,,success
179530,애드바이오텍,[기재정정]주요사항보고서(전환사채권발행결정),convertible_bond,20260903,negative,-60,C,Convertible bonds may create future dilution risk.,5,7,7,0,5,"9월 3일 주식시장 주요공시 | [더벨][상폐규제 데드라인] 파이온엑스, 퇴출 위기 속 이화그룹 구원투... | 곡물 공급망 불안감 심화…사조동아원·한탑 주가 '날개'",2026-09-04,-0.006,-0.0398,,success
179530,애드바이오텍,[기재정정]주요사항보고서(전환사채권발행결정),convertible_bond,20260903,negative,-60,C,Convertible bonds may create future dilution risk.,5,7,7,0,5,"9월 3일 주식시장 주요공시 | [더벨][상폐규제 데드라인] 파이온엑스, 퇴출 위기 속 이화그룹 구원투... | 곡물 공급망 불안감 심화…사조동아원·한탑 주가 '날개'",2026-09-04,-0.006,-0.0398,,success
179530,애드바이오텍,[기재정정]주요사항보고서(전환사채권발행결정),convertible_bond,20260903,negative,-60,C,Convertible bonds may create future dilution risk.,5,7,7,0,5,"9월 3일 주식시장 주요공시 | [더벨][상폐규제 데드라인] 파이온엑스, 퇴출 위기 속 이화그룹 구원투... | 곡물 공급망 불안감 심화…사조동아원·한탑 주가 '날개'",2026-09-04,-0.006,-0.0398,,success
179530,애드바이오텍,[기재정정]주요사항보고서(전환사채권발행결정),convertible_bond,20260903,negative,-60,C,Convertible bonds may create future dilution risk.,5,7,7,0,5,"9월 3일 주식시장 주요공시 | [더벨][상폐규제 데드라인] 파이온엑스, 퇴출 위기 속 이화그룹 구원투... | 곡물 공급망 불안감 심화…사조동아원·한탑 주가 '날개'",2026-09-04,-0.006,-0.0398,,success
179530,애드바이오텍,[기재정정]주요사항보고서(전환사채권발행결정),convertible_bond,20260903,negative,-60,C,Convertible bonds may create future dilution risk.,5,7,7,0,5,"9월 3일 주식시장 주요공시 | [더벨][상폐규제 데드라인] 파이온엑스, 퇴출 위기 속 이화그룹 구원투... | 곡물 공급망 불안감 심화…사조동아원·한탑 주가 '날개'",2026-09-04,-0.006,-0.0398,,success
179530,애드바이오텍,[기재정정]주요사항보고서(전환사채권발행결정),convertible_bond,20260903,negative,-60,C,Convertible bonds may create future dilution risk.,5,7,7,0,5,"9월 3일 주식시장 주요공시 | [더벨][상폐규제 데드라인] 파이온엑스, 퇴출 위기 속 이화그룹 구원투... | 곡물 공급망 불안감 심화…사조동아원·한탑 주가 '날개'",2026-09-04,-0.006,-0.0398,,success
179530,애드바이오텍,[기재정정]주요사항보고서(전환사채권발행결정),convertible_bond,20260903,negative,-60,C,Convertible bonds may create future dilution risk.,5,7,7,0,5,"9월 3일 주식시장 주요공시 | [더벨][상폐규제 데드라인] 파이온엑스, 퇴출 위기 속 이화그룹 구원투... | 곡물 공급망 불안감 심화…사조동아원·한탑 주가 '날개'",2026-09-04,-0.006,-0.0398,,success
179530,애드바이오텍,[기재정정]주요사항보고서(전환사채권발행결정),convertible_bond,20260903,negative,-60,C,Convertible bonds may create future dilution risk.,5,7,7,0,5,"9월 3일 주식시장 주요공시 | [더벨][상폐규제 데드라인] 파이온엑스, 퇴출 위기 속 이화그룹 구원투... | 곡물 공급망 불안감 심화…사조동아원·한탑 주가 '날개'",2026-09-04,-0.006,-0.0398,,success
179530,애드바이오텍,[기재정정]주요사항보고서(전환사채권발행결정),convertible_bond,20260903,negative,-60,C,Convertible bonds may create future dilution risk.,5,7,7,0,5,"9월 3일 주식시장 주요공시 | [더벨][상폐규제 데드라인] 파이온엑스, 퇴출 위기 속 이화그룹 구원투... | 곡물 공급망 불안감 심화…사조동아원·한탑 주가 '날개'",2026-09-04,-0.006,-0.0398,,success
179530,애드바이오텍,[기재정정]주요사항보고서(전환사채권발행결정),convertible_bond,20260903,negative,-60,C,Convertible bonds may create future dilution risk.,5,7,7,0,5,"9월 3일 주식시장 주요공시 | [더벨][상폐규제 데드라인] 파이온엑스, 퇴출 위기 속 이화그룹 구원투... | 곡물 공급망 불안감 심화…사조동아원·한탑 주가 '날개'",2026-09-04,-0.006,-0.0398,,success
179530,애드바이오텍,[기재정정]주요사항보고서(전환사채권발행결정),convertible_bond,20260903,negative,-60,C,Convertible bonds may create future dilution risk.,5,7,7,0,5,"9월 3일 주식시장 주요공시 | [더벨][상폐규제 데드라인] 파이온엑스, 퇴출 위기 속 이화그룹 구원투... | 곡물 공급망 불안감 심화…사조동아원·한탑 주가 '날개'",2026-09-04,-0.006,-0.0398,,success
179530,애드바이오텍,[기재정정]주요사항보고서(전환사채권발행결정),convertible_bond,20260903,negative,-60,C,Convertible bonds may create future dilution risk.,5,7,7,0,5,"9월 3일 주식시장 주요공시 | [더벨][상폐규제 데드라인] 파이온엑스, 퇴출 위기 속 이화그룹 구원투... | 곡물 공급망 불안감 심화…사조동아원·한탑 주가 '날개'",2026-09-04,-0.006,-0.0398,,success
179530,애드바이오텍,[기재정정]주요사항보고서(전환사채권발행결정),convertible_bond,20260903,negative,-60,C,Convertible bonds may create future dilution risk.,5,7,7,0,5,"9월 3일 주식시장 주요공시 | [더벨][상폐규제 데드라인] 파이온엑스, 퇴출 위기 속 이화그룹 구원투... | 곡물 공급망 불안감 심화…사조동아원·한탑 주가 '날개'",2026-09-04,-0.006,-0.0398,,success
179530,애드바이오텍,[기재정정]주요사항보고서(전환사채권발행결정),convertible_bond,20260903,negative,-60,C,Convertible bonds may create future dilution risk.,5,7,7,0,5,"9월 3일 주식시장 주요공시 | [더벨][상폐규제 데드라인] 파이온엑스, 퇴출 위기 속 이화그룹 구원투... | 곡물 공급망 불안감 심화…사조동아원·한탑 주가 '날개'",2026-09-04,-0.006,-0.0398,,success
179530,애드바이오텍,[기재정정]주요사항보고서(전환사채권발행결정),convertible_bond,20260903,negative,-60,C,Convertible bonds may create future dilution risk.,5,7,7,0,5,"9월 3일 주식시장 주요공시 | [더벨][상폐규제 데드라인] 파이온엑스, 퇴출 위기 속 이화그룹 구원투... | 곡물 공급망 불안감 심화…사조동아원·한탑 주가 '날개'",2026-09-04,-0.006,-0.0398,,success
179530,애드바이오텍,[기재정정]주요사항보고서(전환사채권발행결정),convertible_bond,20260903,negative,-60,C,Convertible bonds may create future dilution risk.,5,7,7,0,5,"9월 3일 주식시장 주요공시 | [더벨][상폐규제 데드라인] 파이온엑스, 퇴출 위기 속 이화그룹 구원투... | 곡물 공급망 불안감 심화…사조동아원·한탑 주가 '날개'",2026-09-04,-0.006,-0.0398,,success
179530,애드바이오텍,[기재정정]주요사항보고서(전환사채권발행결정),convertible_bond,20260903,negative,-60,C,Convertible bonds may create future dilution risk.,5,7,7,0,5,"9월 3일 주식시장 주요공시 | [더벨][상폐규제 데드라인] 파이온엑스, 퇴출 위기 속 이화그룹 구원투... | 곡물 공급망 불안감 심화…사조동아원·한탑 주가 '날개'",2026-09-04,-0.006,-0.0398,,success
179530,애드바이오텍,[기재정정]주요사항보고서(전환사채권발행결정),convertible_bond,20260903,negative,-60,C,Convertible bonds may create future dilution risk.,5,7,7,0,5,"9월 3일 주식시장 주요공시 | [더벨][상폐규제 데드라인] 파이온엑스, 퇴출 위기 속 이화그룹 구원투... | 곡물 공급망 불안감 심화…사조동아원·한탑 주가 '날개'",2026-09-04,-0.006,-0.0398,,success
179530,애드바이오텍,[기재정정]주요사항보고서(전환사채권발행결정),convertible_bond,20260903,negative,-60,C,Convertible bonds may create future dilution risk.,5,7,7,0,5,"9월 3일 주식시장 주요공시 | [더벨][상폐규제 데드라인] 파이온엑스, 퇴출 위기 속 이화그룹 구원투... | 곡물 공급망 불안감 심화…사조동아원·한탑 주가 '날개'",2026-09-04,-0.006,-0.0398,,success
179530,애드바이오텍,[기재정정]주요사항보고서(전환사채권발행결정),convertible_bond,20260903,negative,-60,C,Convertible bonds may create future dilution risk.,5,7,7,0,5,"9월 3일 주식시장 주요공시 | [더벨][상폐규제 데드라인] 파이온엑스, 퇴출 위기 속 이화그룹 구원투... | 곡물 공급망 불안감 심화…사조동아원·한탑 주가 '날개'",2026-09-04,-0.006,-0.0398,,success
179530,애드바이오텍,[기재정정]주요사항보고서(전환사채권발행결정),convertible_bond,20260903,negative,-60,C,Convertible bonds may create future dilution risk.,5,7,7,0,5,"9월 3일 주식시장 주요공시 | [더벨][상폐규제 데드라인] 파이온엑스, 퇴출 위기 속 이화그룹 구원투... | 곡물 공급망 불안감 심화…사조동아원·한탑 주가 '날개'",2026-09-04,-0.006,-0.0398,,success
179530,애드바이오텍,[기재정정]주요사항보고서(전환사채권발행결정),convertible_bond,20260903,negative,-60,C,Convertible bonds may create future dilution risk.,5,7,7,0,5,"9월 3일 주식시장 주요공시 | [더벨][상폐규제 데드라인] 파이온엑스, 퇴출 위기 속 이화그룹 구원투... | 곡물 공급망 불안감 심화…사조동아원·한탑 주가 '날개'",2026-09-04,-0.006,-0.0398,,success
179530,애드바이오텍,[기재정정]주요사항보고서(전환사채권발행결정),convertible_bond,20260903,negative,-60,C,Convertible bonds may create future dilution risk.,5,7,7,0,5,"9월 3일 주식시장 주요공시 | [더벨][상폐규제 데드라인] 파이온엑스, 퇴출 위기 속 이화그룹 구원투... | 곡물 공급망 불안감 심화…사조동아원·한탑 주가 '날개'",2026-09-04,-0.006,-0.0398,,success
179530,애드바이오텍,[기재정정]주요사항보고서(전환사채권발행결정),convertible_bond,20260903,negative,-60,C,Convertible bonds may create future dilution risk.,5,7,7,0,5,"9월 3일 주식시장 주요공시 | [더벨][상폐규제 데드라인] 파이온엑스, 퇴출 위기 속 이화그룹 구원투... | 곡물 공급망 불안감 심화…사조동아원·한탑 주가 '날개'",2026-09-04,-0.006,-0.0398,,success
179530,애드바이오텍,[기재정정]주요사항보고서(전환사채권발행결정),convertible_bond,20260903,negative,-60,C,Convertible bonds may create future dilution risk.,5,7,7,0,5,"9월 3일 주식시장 주요공시 | [더벨][상폐규제 데드라인] 파이온엑스, 퇴출 위기 속 이화그룹 구원투... | 곡물 공급망 불안감 심화…사조동아원·한탑 주가 '날개'",2026-09-04,-0.006,-0.0398,,success
179530,애드바이오텍,[기재정정]주요사항보고서(전환사채권발행결정),convertible_bond,20260903,negative,-60,C,Convertible bonds may create future dilution risk.,5,7,7,0,5,"9월 3일 주식시장 주요공시 | [더벨][상폐규제 데드라인] 파이온엑스, 퇴출 위기 속 이화그룹 구원투... | 곡물 공급망 불안감 심화…사조동아원·한탑 주가 '날개'",2026-09-04,-0.006,-0.0398,,success
179530,애드바이오텍,[기재정정]주요사항보고서(전환사채권발행결정),convertible_bond,20260903,negative,-60,C,Convertible bonds may create future dilution risk.,5,7,7,0,5,"9월 3일 주식시장 주요공시 | [더벨][상폐규제 데드라인] 파이온엑스, 퇴출 위기 속 이화그룹 구원투... | 곡물 공급망 불안감 심화…사조동아원·한탑 주가 '날개'",2026-09-04,-0.006,-0.0398,,success
179530,애드바이오텍,[기재정정]주요사항보고서(전환사채권발행결정),convertible_bond,20260903,negative,-60,C,Convertible bonds may create future dilution risk.,5,7,7,0,5,"9월 3일 주식시장 주요공시 | [더벨][상폐규제 데드라인] 파이온엑스, 퇴출 위기 속 이화그룹 구원투... | 곡물 공급망 불안감 심화…사조동아원·한탑 주가 '날개'",2026-09-04,-0.006,-0.0398,,success
179530,애드바이오텍,[기재정정]주요사항보고서(전환사채권발행결정),convertible_bond,20260903,negative,-60,C,Convertible bonds may create future dilution risk.,5,7,7,0,5,"9월 3일 주식시장 주요공시 | [더벨][상폐규제 데드라인] 파이온엑스, 퇴출 위기 속 이화그룹 구원투... | 곡물 공급망 불안감 심화…사조동아원·한탑 주가 '날개'",2026-09-04,-0.006,-0.0398,,success
179530,애드바이오텍,[기재정정]주요사항보고서(전환사채권발행결정),convertible_bond,20260903,negative,-60,C,Convertible bonds may create future dilution risk.,5,7,7,0,5,"9월 3일 주식시장 주요공시 | [더벨][상폐규제 데드라인] 파이온엑스, 퇴출 위기 속 이화그룹 구원투... | 곡물 공급망 불안감 심화…사조동아원·한탑 주가 '날개'",2026-09-04,-0.006,-0.0398,,success
179530,애드바이오텍,[기재정정]주요사항보고서(전환사채권발행결정),convertible_bond,20260903,negative,-60,C,Convertible bonds may create future dilution risk.,5,7,7,0,5,"9월 3일 주식시장 주요공시 | [더벨][상폐규제 데드라인] 파이온엑스, 퇴출 위기 속 이화그룹 구원투... | 곡물 공급망 불안감 심화…사조동아원·한탑 주가 '날개'",2026-09-04,-0.006,-0.0398,,success
179530,애드바이오텍,[기재정정]주요사항보고서(전환사채권발행결정),convertible_bond,20260903,negative,-60,C,Convertible bonds may create future dilution risk.,5,7,7,0,5,"9월 3일 주식시장 주요공시 | [더벨][상폐규제 데드라인] 파이온엑스, 퇴출 위기 속 이화그룹 구원투... | 곡물 공급망 불안감 심화…사조동아원·한탑 주가 '날개'",2026-09-04,-0.006,-0.0398,,success
179530,애드바이오텍,[기재정정]주요사항보고서(전환사채권발행결정),convertible_bond,20260903,negative,-60,C,Convertible bonds may create future dilution risk.,5,7,7,0,5,"9월 3일 주식시장 주요공시 | [더벨][상폐규제 데드라인] 파이온엑스, 퇴출 위기 속 이화그룹 구원투... | 곡물 공급망 불안감 심화…사조동아원·한탑 주가 '날개'",2026-09-04,-0.006,-0.0398,,success
179530,애드바이오텍,[기재정정]주요사항보고서(전환사채권발행결정),convertible_bond,20260903,negative,-60,C,Convertible bonds may create future dilution risk.,5,7,7,0,5,"9월 3일 주식시장 주요공시 | [더벨][상폐규제 데드라인] 파이온엑스, 퇴출 위기 속 이화그룹 구원투... | 곡물 공급망 불안감 심화…사조동아원·한탑 주가 '날개'",2026-09-04,-0.006,-0.0398,,success
179530,애드바이오텍,[기재정정]주요사항보고서(전환사채권발행결정),convertible_bond,20260903,negative,-60,C,Convertible bonds may create future dilution risk.,5,7,7,0,5,"9월 3일 주식시장 주요공시 | [더벨][상폐규제 데드라인] 파이온엑스, 퇴출 위기 속 이화그룹 구원투... | 곡물 공급망 불안감 심화…사조동아원·한탑 주가 '날개'",2026-09-04,-0.006,-0.0398,,success
179530,애드바이오텍,[기재정정]주요사항보고서(전환사채권발행결정),convertible_bond,20260903,negative,-60,C,Convertible bonds may create future dilution risk.,5,7,7,0,5,"9월 3일 주식시장 주요공시 | [더벨][상폐규제 데드라인] 파이온엑스, 퇴출 위기 속 이화그룹 구원투... | 곡물 공급망 불안감 심화…사조동아원·한탑 주가 '날개'",2026-09-04,-0.006,-0.0398,,success
179530,애드바이오텍,[기재정정]주요사항보고서(전환사채권발행결정),convertible_bond,20260903,negative,-60,C,Convertible bonds may create future dilution risk.,5,7,7,0,5,"9월 3일 주식시장 주요공시 | [더벨][상폐규제 데드라인] 파이온엑스, 퇴출 위기 속 이화그룹 구원투... | 곡물 공급망 불안감 심화…사조동아원·한탑 주가 '날개'",2026-09-04,-0.006,-0.0398,,success
179530,애드바이오텍,[기재정정]주요사항보고서(전환사채권발행결정),convertible_bond,20260903,negative,-60,C,Convertible bonds may create future dilution risk.,5,7,7,0,5,"9월 3일 주식시장 주요공시 | [더벨][상폐규제 데드라인] 파이온엑스, 퇴출 위기 속 이화그룹 구원투... | 곡물 공급망 불안감 심화…사조동아원·한탑 주가 '날개'",2026-09-04,-0.006,-0.0398,,success
179530,애드바이오텍,[기재정정]주요사항보고서(전환사채권발행결정),convertible_bond,20260903,negative,-60,C,Convertible bonds may create future dilution risk.,5,7,7,0,5,"9월 3일 주식시장 주요공시 | [더벨][상폐규제 데드라인] 파이온엑스, 퇴출 위기 속 이화그룹 구원투... | 곡물 공급망 불안감 심화…사조동아원·한탑 주가 '날개'",2026-09-04,-0.006,-0.0398,,success
179530,애드바이오텍,[기재정정]주요사항보고서(전환사채권발행결정),convertible_bond,20260903,negative,-60,C,Convertible bonds may create future dilution risk.,5,7,7,0,5,"9월 3일 주식시장 주요공시 | [더벨][상폐규제 데드라인] 파이온엑스, 퇴출 위기 속 이화그룹 구원투... | 곡물 공급망 불안감 심화…사조동아원·한탑 주가 '날개'",2026-09-04,-0.006,-0.0398,,success
179530,애드바이오텍,[기재정정]주요사항보고서(전환사채권발행결정),convertible_bond,20260903,negative,-60,C,Convertible bonds may create future dilution risk.,5,7,7,0,5,"9월 3일 주식시장 주요공시 | [더벨][상폐규제 데드라인] 파이온엑스, 퇴출 위기 속 이화그룹 구원투... | 곡물 공급망 불안감 심화…사조동아원·한탑 주가 '날개'",2026-09-04,-0.006,-0.0398,,success
179530,애드바이오텍,[기재정정]주요사항보고서(전환사채권발행결정),convertible_bond,20260903,negative,-60,C,Convertible bonds may create future dilution risk.,5,7,7,0,5,"9월 3일 주식시장 주요공시 | [더벨][상폐규제 데드라인] 파이온엑스, 퇴출 위기 속 이화그룹 구원투... | 곡물 공급망 불안감 심화…사조동아원·한탑 주가 '날개'",2026-09-04,-0.006,-0.0398,,success
179530,애드바이오텍,[기재정정]주요사항보고서(전환사채권발행결정),convertible_bond,20260903,negative,-60,C,Convertible bonds may create future dilution risk.,5,7,7,0,5,"9월 3일 주식시장 주요공시 | [더벨][상폐규제 데드라인] 파이온엑스, 퇴출 위기 속 이화그룹 구원투... | 곡물 공급망 불안감 심화…사조동아원·한탑 주가 '날개'",2026-09-04,-0.006,-0.0398,,success
179530,애드바이오텍,[기재정정]주요사항보고서(전환사채권발행결정),convertible_bond,20260903,negative,-60,C,Convertible bonds may create future dilution risk.,5,7,7,0,5,"9월 3일 주식시장 주요공시 | [더벨][상폐규제 데드라인] 파이온엑스, 퇴출 위기 속 이화그룹 구원투... | 곡물 공급망 불안감 심화…사조동아원·한탑 주가 '날개'",2026-09-04,-0.006,-0.0398,,success
179530,애드바이오텍,[기재정정]주요사항보고서(전환사채권발행결정),convertible_bond,20260903,negative,-60,C,Convertible bonds may create future dilution risk.,5,7,7,0,5,"9월 3일 주식시장 주요공시 | [더벨][상폐규제 데드라인] 파이온엑스, 퇴출 위기 속 이화그룹 구원투... | 곡물 공급망 불안감 심화…사조동아원·한탑 주가 '날개'",2026-09-04,-0.006,-0.0398,,success
179530,애드바이오텍,[기재정정]주요사항보고서(전환사채권발행결정),convertible_bond,20260903,negative,-60,C,Convertible bonds may create future dilution risk.,5,7,7,0,5,"9월 3일 주식시장 주요공시 | [더벨][상폐규제 데드라인] 파이온엑스, 퇴출 위기 속 이화그룹 구원투... | 곡물 공급망 불안감 심화…사조동아원·한탑 주가 '날개'",2026-09-04,-0.006,-0.0398,,success
179530,애드바이오텍,[기재정정]주요사항보고서(전환사채권발행결정),convertible_bond,20260903,negative,-60,C,Convertible bonds may create future dilution risk.,5,7,7,0,5,"9월 3일 주식시장 주요공시 | [더벨][상폐규제 데드라인] 파이온엑스, 퇴출 위기 속 이화그룹 구원투... | 곡물 공급망 불안감 심화…사조동아원·한탑 주가 '날개'",2026-09-04,-0.006,-0.0398,,success
226330,신테카바이오,[기재정정]주요사항보고서(유상증자결정),paid_in_capital_increase,20260903,negative,-70,C,Paid-in capital increases can create dilution concerns.,5,4,6,-2,5,"9월 3일 주식시장 주요공시 | 9월 2일 주식시장 주요공시 | [HIT알공] 메딕톡스, 대웅제약 2심 소송서 5001억원 청구",2026-09-04,-0.0105,-0.03,,success
003490,대한항공,소송등의제기ㆍ신청(자율공시:일정금액미만의청구)              ,lawsuit,20260903,negative,-75,C,Lawsuits may increase uncertainty and downside risk.,5,1,4,-3,5,"'환율 하락'에 4분기 수출액 감소 불가피…""연간 이익 영향은 제한적"" | ""마일리지에 포인트까지 이용하세요""…신한카드, 프리미엄 여행 카드 '... | 9월 3일 주식시장 주요공시",2026-09-04,0.012,0.0274,,failure
011090,에넥스,[기재정정]주요사항보고서(유상증자결정),paid_in_capital_increase,20260903,negative,-70,C,Paid-in capital increases can create dilution concerns.,5,2,9,-7,5,"9월 3일 주식시장 주요공시 | [오늘의 증시일정] 에코프로비엠ㆍ원익IPS 등 | [마감 시황] 코스피, 상승 마감…불확실성 확대에도 개인 매수세가 견인",2026-09-04,0.0,0.1258,,failure
101400,엔시트론,최대주주변경              ,major_shareholder_change,20260903,volatile,10,C,Major shareholder changes can increase volatility depending on context.,5,8,2,6,5,"9월 3일 주식시장 주요공시 | 9월 4일 개장 전 주요 공시 | 엔시트론 품는 캑터스PE, 론다코리아와 '반도체 동맹'",2026-09-04,0.0,-0.0308,,success
101400,엔시트론,최대주주변경              ,major_shareholder_change,20260903,volatile,10,C,Major shareholder changes can increase volatility depending on context.,5,8,2,6,5,"9월 3일 주식시장 주요공시 | 9월 4일 개장 전 주요 공시 | 엔시트론 품는 캑터스PE, 론다코리아와 '반도체 동맹'",2026-09-04,0.0,-0.0308,,success
288980,모아데이타,[기재정정]최대주주변경을수반하는주식담보제공계약체결              ,major_shareholder_change,20260903,volatile,10,C,Major shareholder changes can increase volatility depending on context.,5,3,5,-2,5,"9월 3일 주식시장 주요공시 | [주식마감] 트럼프 LNG 프로젝트 언급에 '철강주' 신스틸 상한가... 알트... | ""이러다 상폐될라"" 동전주·시총미달 10개중 7개는 주가 추락",2026-09-04,-0.0093,-0.0124,,failure
229000,젠큐릭스,[첨부정정]주요사항보고서(전환사채권발행결정),convertible_bond,20260903,negative,-60,C,Convertible bonds may create future dilution risk.,5,4,3,1,5,"9월 3일 주식시장 주요공시 | [HIT알공] 페니트리움바이오, 고형암 임상 2a상 FDA 승인 | 9월 2일 개장 전 주요 공시",2026-09-04,-0.0038,0.0194,,failure
229000,젠큐릭스,[첨부정정]주요사항보고서(전환사채권발행결정),convertible_bond,20260903,negative,-60,C,Convertible bonds may create future dilution risk.,5,4,3,1,5,"9월 3일 주식시장 주요공시 | [HIT알공] 페니트리움바이오, 고형암 임상 2a상 FDA 승인 | 9월 2일 개장 전 주요 공시",2026-09-04,-0.0038,0.0194,,failure
229000,젠큐릭스,[첨부정정]주요사항보고서(전환사채권발행결정),convertible_bond,20260903,negative,-60,C,Convertible bonds may create future dilution risk.,5,4,3,1,5,"9월 3일 주식시장 주요공시 | [HIT알공] 페니트리움바이오, 고형암 임상 2a상 FDA 승인 | 9월 2일 개장 전 주요 공시",2026-09-04,-0.0038,0.0194,,failure
229000,젠큐릭스,[첨부정정]주요사항보고서(전환사채권발행결정),convertible_bond,20260903,negative,-60,C,Convertible bonds may create future dilution risk.,5,4,3,1,5,"9월 3일 주식시장 주요공시 | [HIT알공] 페니트리움바이오, 고형암 임상 2a상 FDA 승인 | 9월 2일 개장 전 주요 공시",2026-09-04,-0.0038,0.0194,,failure
229000,젠큐릭스,[첨부정정]주요사항보고서(전환사채권발행결정),convertible_bond,20260903,negative,-60,C,Convertible bonds may create future dilution risk.,5,4,3,1,5,"9월 3일 주식시장 주요공시 | [HIT알공] 페니트리움바이오, 고형암 임상 2a상 FDA 승인 | 9월 2일 개장 전 주요 공시",2026-09-04,-0.0038,0.0194,,failure
229000,젠큐릭스,[첨부정정]주요사항보고서(전환사채권발행결정),convertible_bond,20260903,negative,-60,C,Convertible bonds may create future dilution risk.,5,4,3,1,5,"9월 3일 주식시장 주요공시 | [HIT알공] 페니트리움바이오, 고형암 임상 2a상 FDA 승인 | 9월 2일 개장 전 주요 공시",2026-09-04,-0.0038,0.0194,,failure
229000,젠큐릭스,[첨부정정]주요사항보고서(전환사채권발행결정),convertible_bond,20260903,negative,-60,C,Convertible bonds may create future dilution risk.,5,4,3,1,5,"9월 3일 주식시장 주요공시 | [HIT알공] 페니트리움바이오, 고형암 임상 2a상 FDA 승인 | 9월 2일 개장 전 주요 공시",2026-09-04,-0.0038,0.0194,,failure
229000,젠큐릭스,[첨부정정]주요사항보고서(전환사채권발행결정),convertible_bond,20260903,negative,-60,C,Convertible bonds may create future dilution risk.,5,4,3,1,5,"9월 3일 주식시장 주요공시 | [HIT알공] 페니트리움바이오, 고형암 임상 2a상 FDA 승인 | 9월 2일 개장 전 주요 공시",2026-09-04,-0.0038,0.0194,,failure
229000,젠큐릭스,[첨부정정]주요사항보고서(전환사채권발행결정),convertible_bond,20260903,negative,-60,C,Convertible bonds may create future dilution risk.,5,4,3,1,5,"9월 3일 주식시장 주요공시 | [HIT알공] 페니트리움바이오, 고형암 임상 2a상 FDA 승인 | 9월 2일 개장 전 주요 공시",2026-09-04,-0.0038,0.0194,,failure
229000,젠큐릭스,[첨부정정]주요사항보고서(전환사채권발행결정),convertible_bond,20260903,negative,-60,C,Convertible bonds may create future dilution risk.,5,4,3,1,5,"9월 3일 주식시장 주요공시 | [HIT알공] 페니트리움바이오, 고형암 임상 2a상 FDA 승인 | 9월 2일 개장 전 주요 공시",2026-09-04,-0.0038,0.0194,,failure
229000,젠큐릭스,[첨부정정]주요사항보고서(전환사채권발행결정),convertible_bond,20260903,negative,-60,C,Convertible bonds may create future dilution risk.,5,4,3,1,5,"9월 3일 주식시장 주요공시 | [HIT알공] 페니트리움바이오, 고형암 임상 2a상 FDA 승인 | 9월 2일 개장 전 주요 공시",2026-09-04,-0.0038,0.0194,,failure
229000,젠큐릭스,[첨부정정]주요사항보고서(전환사채권발행결정),convertible_bond,20260903,negative,-60,C,Convertible bonds may create future dilution risk.,5,4,3,1,5,"9월 3일 주식시장 주요공시 | [HIT알공] 페니트리움바이오, 고형암 임상 2a상 FDA 승인 | 9월 2일 개장 전 주요 공시",2026-09-04,-0.0038,0.0194,,failure
229000,젠큐릭스,[첨부정정]주요사항보고서(전환사채권발행결정),convertible_bond,20260903,negative,-60,C,Convertible bonds may create future dilution risk.,5,4,3,1,5,"9월 3일 주식시장 주요공시 | [HIT알공] 페니트리움바이오, 고형암 임상 2a상 FDA 승인 | 9월 2일 개장 전 주요 공시",2026-09-04,-0.0038,0.0194,,failure
229000,젠큐릭스,[첨부정정]주요사항보고서(전환사채권발행결정),convertible_bond,20260903,negative,-60,C,Convertible bonds may create future dilution risk.,5,4,3,1,5,"9월 3일 주식시장 주요공시 | [HIT알공] 페니트리움바이오, 고형암 임상 2a상 FDA 승인 | 9월 2일 개장 전 주요 공시",2026-09-04,-0.0038,0.0194,,failure
229000,젠큐릭스,[첨부정정]주요사항보고서(전환사채권발행결정),convertible_bond,20260903,negative,-60,C,Convertible bonds may create future dilution risk.,5,4,3,1,5,"9월 3일 주식시장 주요공시 | [HIT알공] 페니트리움바이오, 고형암 임상 2a상 FDA 승인 | 9월 2일 개장 전 주요 공시",2026-09-04,-0.0038,0.0194,,failure
229000,젠큐릭스,[첨부정정]주요사항보고서(전환사채권발행결정),convertible_bond,20260903,negative,-60,C,Convertible bonds may create future dilution risk.,5,4,3,1,5,"9월 3일 주식시장 주요공시 | [HIT알공] 페니트리움바이오, 고형암 임상 2a상 FDA 승인 | 9월 2일 개장 전 주요 공시",2026-09-04,-0.0038,0.0194,,failure
229000,젠큐릭스,[첨부정정]주요사항보고서(전환사채권발행결정),convertible_bond,20260903,negative,-60,C,Convertible bonds may create future dilution risk.,5,4,3,1,5,"9월 3일 주식시장 주요공시 | [HIT알공] 페니트리움바이오, 고형암 임상 2a상 FDA 승인 | 9월 2일 개장 전 주요 공시",2026-09-04,-0.0038,0.0194,,failure
229000,젠큐릭스,[첨부정정]주요사항보고서(전환사채권발행결정),convertible_bond,20260903,negative,-60,C,Convertible bonds may create future dilution risk.,5,4,3,1,5,"9월 3일 주식시장 주요공시 | [HIT알공] 페니트리움바이오, 고형암 임상 2a상 FDA 승인 | 9월 2일 개장 전 주요 공시",2026-09-04,-0.0038,0.0194,,failure
229000,젠큐릭스,[첨부정정]주요사항보고서(전환사채권발행결정),convertible_bond,20260903,negative,-60,C,Convertible bonds may create future dilution risk.,5,4,3,1,5,"9월 3일 주식시장 주요공시 | [HIT알공] 페니트리움바이오, 고형암 임상 2a상 FDA 승인 | 9월 2일 개장 전 주요 공시",2026-09-04,-0.0038,0.0194,,failure
229000,젠큐릭스,[첨부정정]주요사항보고서(전환사채권발행결정),convertible_bond,20260903,negative,-60,C,Convertible bonds may create future dilution risk.,5,4,3,1,5,"9월 3일 주식시장 주요공시 | [HIT알공] 페니트리움바이오, 고형암 임상 2a상 FDA 승인 | 9월 2일 개장 전 주요 공시",2026-09-04,-0.0038,0.0194,,failure
229000,젠큐릭스,[첨부정정]주요사항보고서(전환사채권발행결정),convertible_bond,20260903,negative,-60,C,Convertible bonds may create future dilution risk.,5,4,3,1,5,"9월 3일 주식시장 주요공시 | [HIT알공] 페니트리움바이오, 고형암 임상 2a상 FDA 승인 | 9월 2일 개장 전 주요 공시",2026-09-04,-0.0038,0.0194,,failure
229000,젠큐릭스,[첨부정정]주요사항보고서(전환사채권발행결정),convertible_bond,20260903,negative,-60,C,Convertible bonds may create future dilution risk.,5,4,3,1,5,"9월 3일 주식시장 주요공시 | [HIT알공] 페니트리움바이오, 고형암 임상 2a상 FDA 승인 | 9월 2일 개장 전 주요 공시",2026-09-04,-0.0038,0.0194,,failure
229000,젠큐릭스,[첨부정정]주요사항보고서(전환사채권발행결정),convertible_bond,20260903,negative,-60,C,Convertible bonds may create future dilution risk.,5,4,3,1,5,"9월 3일 주식시장 주요공시 | [HIT알공] 페니트리움바이오, 고형암 임상 2a상 FDA 승인 | 9월 2일 개장 전 주요 공시",2026-09-04,-0.0038,0.0194,,failure
229000,젠큐릭스,[첨부정정]주요사항보고서(전환사채권발행결정),convertible_bond,20260903,negative,-60,C,Convertible bonds may create future dilution risk.,5,4,3,1,5,"9월 3일 주식시장 주요공시 | [HIT알공] 페니트리움바이오, 고형암 임상 2a상 FDA 승인 | 9월 2일 개장 전 주요 공시",2026-09-04,-0.0038,0.0194,,failure
229000,젠큐릭스,[첨부정정]주요사항보고서(전환사채권발행결정),convertible_bond,20260903,negative,-60,C,Convertible bonds may create future dilution risk.,5,4,3,1,5,"9월 3일 주식시장 주요공시 | [HIT알공] 페니트리움바이오, 고형암 임상 2a상 FDA 승인 | 9월 2일 개장 전 주요 공시",2026-09-04,-0.0038,0.0194,,failure
229000,젠큐릭스,[첨부정정]주요사항보고서(전환사채권발행결정),convertible_bond,20260903,negative,-60,C,Convertible bonds may create future dilution risk.,5,4,3,1,5,"9월 3일 주식시장 주요공시 | [HIT알공] 페니트리움바이오, 고형암 임상 2a상 FDA 승인 | 9월 2일 개장 전 주요 공시",2026-09-04,-0.0038,0.0194,,failure
229000,젠큐릭스,[첨부정정]주요사항보고서(전환사채권발행결정),convertible_bond,20260903,negative,-60,C,Convertible bonds may create future dilution risk.,5,4,3,1,5,"9월 3일 주식시장 주요공시 | [HIT알공] 페니트리움바이오, 고형암 임상 2a상 FDA 승인 | 9월 2일 개장 전 주요 공시",2026-09-04,-0.0038,0.0194,,failure
229000,젠큐릭스,[첨부정정]주요사항보고서(전환사채권발행결정),convertible_bond,20260903,negative,-60,C,Convertible bonds may create future dilution risk.,5,4,3,1,5,"9월 3일 주식시장 주요공시 | [HIT알공] 페니트리움바이오, 고형암 임상 2a상 FDA 승인 | 9월 2일 개장 전 주요 공시",2026-09-04,-0.0038,0.0194,,failure
229000,젠큐릭스,[첨부정정]주요사항보고서(전환사채권발행결정),convertible_bond,20260903,negative,-60,C,Convertible bonds may create future dilution risk.,5,4,3,1,5,"9월 3일 주식시장 주요공시 | [HIT알공] 페니트리움바이오, 고형암 임상 2a상 FDA 승인 | 9월 2일 개장 전 주요 공시",2026-09-04,-0.0038,0.0194,,failure
229000,젠큐릭스,[첨부정정]주요사항보고서(전환사채권발행결정),convertible_bond,20260903,negative,-60,C,Convertible bonds may create future dilution risk.,5,4,3,1,5,"9월 3일 주식시장 주요공시 | [HIT알공] 페니트리움바이오, 고형암 임상 2a상 FDA 승인 | 9월 2일 개장 전 주요 공시",2026-09-04,-0.0038,0.0194,,failure
229000,젠큐릭스,[첨부정정]주요사항보고서(전환사채권발행결정),convertible_bond,20260903,negative,-60,C,Convertible bonds may create future dilution risk.,5,4,3,1,5,"9월 3일 주식시장 주요공시 | [HIT알공] 페니트리움바이오, 고형암 임상 2a상 FDA 승인 | 9월 2일 개장 전 주요 공시",2026-09-04,-0.0038,0.0194,,failure
229000,젠큐릭스,[첨부정정]주요사항보고서(전환사채권발행결정),convertible_bond,20260903,negative,-60,C,Convertible bonds may create future dilution risk.,5,4,3,1,5,"9월 3일 주식시장 주요공시 | [HIT알공] 페니트리움바이오, 고형암 임상 2a상 FDA 승인 | 9월 2일 개장 전 주요 공시",2026-09-04,-0.0038,0.0194,,failure
009190,대양금속,유상증자또는주식관련사채등의청약결과(자율공시)              ,paid_in_capital_increase,20260903,negative,-70,C,Paid-in capital increases can create dilution concerns.,5,2,3,-1,5,"특수강 강관 수요 호조… 이렘, 스테인리스 파이프 사업 '훈풍' | 비철금속 관련주 장중 혼조…현대비앤지스틸 2%대 상승, 고려아연·대양... | 페로타임즈 손바닥뉴스 9월3일(목)",2026-09-04,0.0,0.0061,,failure
267250,HD현대,최대주주등소유주식변동신고서              ,major_shareholder_change,20260903,volatile,10,C,Major shareholder changes can increase volatility depending on context.,5,4,2,2,5,"노동장관, 삼성·SK·현대차·LG에 ""청년 더 뽑아달라"" | 마키나락스, '어텐션 2026' AI 컨퍼런스 개최 | [미르의 글로벌 레이더] HD현대, 美 프레이저 ‘2년내 10만제곱피트 증...",2026-09-04,0.0023,0.0304,,success
267250,HD현대,최대주주등소유주식변동신고서              ,major_shareholder_change,20260903,volatile,10,C,Major shareholder changes can increase volatility depending on context.,5,4,2,2,5,"노동장관, 삼성·SK·현대차·LG에 ""청년 더 뽑아달라"" | 마키나락스, '어텐션 2026' AI 컨퍼런스 개최 | [미르의 글로벌 레이더] HD현대, 美 프레이저 ‘2년내 10만제곱피트 증...",2026-09-04,0.0023,0.0304,,success
267250,HD현대,최대주주등소유주식변동신고서              ,major_shareholder_change,20260903,volatile,10,C,Major shareholder changes can increase volatility depending on context.,5,4,2,2,5,"노동장관, 삼성·SK·현대차·LG에 ""청년 더 뽑아달라"" | 마키나락스, '어텐션 2026' AI 컨퍼런스 개최 | [미르의 글로벌 레이더] HD현대, 美 프레이저 ‘2년내 10만제곱피트 증...",2026-09-04,0.0023,0.0304,,success
267250,HD현대,최대주주등소유주식변동신고서              ,major_shareholder_change,20260903,volatile,10,C,Major shareholder changes can increase volatility depending on context.,5,4,2,2,5,"노동장관, 삼성·SK·현대차·LG에 ""청년 더 뽑아달라"" | 마키나락스, '어텐션 2026' AI 컨퍼런스 개최 | [미르의 글로벌 레이더] HD현대, 美 프레이저 ‘2년내 10만제곱피트 증...",2026-09-04,0.0023,0.0304,,success
267250,HD현대,최대주주등소유주식변동신고서              ,major_shareholder_change,20260903,volatile,10,C,Major shareholder changes can increase volatility depending on context.,5,4,2,2,5,"노동장관, 삼성·SK·현대차·LG에 ""청년 더 뽑아달라"" | 마키나락스, '어텐션 2026' AI 컨퍼런스 개최 | [미르의 글로벌 레이더] HD현대, 美 프레이저 ‘2년내 10만제곱피트 증...",2026-09-04,0.0023,0.0304,,success
267250,HD현대,최대주주등소유주식변동신고서              ,major_shareholder_change,20260903,volatile,10,C,Major shareholder changes can increase volatility depending on context.,5,4,2,2,5,"노동장관, 삼성·SK·현대차·LG에 ""청년 더 뽑아달라"" | 마키나락스, '어텐션 2026' AI 컨퍼런스 개최 | [미르의 글로벌 레이더] HD현대, 美 프레이저 ‘2년내 10만제곱피트 증...",2026-09-04,0.0023,0.0304,,success
267250,HD현대,최대주주등소유주식변동신고서              ,major_shareholder_change,20260903,volatile,10,C,Major shareholder changes can increase volatility depending on context.,5,4,2,2,5,"노동장관, 삼성·SK·현대차·LG에 ""청년 더 뽑아달라"" | 마키나락스, '어텐션 2026' AI 컨퍼런스 개최 | [미르의 글로벌 레이더] HD현대, 美 프레이저 ‘2년내 10만제곱피트 증...",2026-09-04,0.0023,0.0304,,success
267250,HD현대,최대주주등소유주식변동신고서              ,major_shareholder_change,20260903,volatile,10,C,Major shareholder changes can increase volatility depending on context.,5,4,2,2,5,"노동장관, 삼성·SK·현대차·LG에 ""청년 더 뽑아달라"" | 마키나락스, '어텐션 2026' AI 컨퍼런스 개최 | [미르의 글로벌 레이더] HD현대, 美 프레이저 ‘2년내 10만제곱피트 증...",2026-09-04,0.0023,0.0304,,success
267250,HD현대,최대주주등소유주식변동신고서              ,major_shareholder_change,20260903,volatile,10,C,Major shareholder changes can increase volatility depending on context.,5,4,2,2,5,"노동장관, 삼성·SK·현대차·LG에 ""청년 더 뽑아달라"" | 마키나락스, '어텐션 2026' AI 컨퍼런스 개최 | [미르의 글로벌 레이더] HD현대, 美 프레이저 ‘2년내 10만제곱피트 증...",2026-09-04,0.0023,0.0304,,success
267250,HD현대,최대주주등소유주식변동신고서              ,major_shareholder_change,20260903,volatile,10,C,Major shareholder changes can increase volatility depending on context.,5,4,2,2,5,"노동장관, 삼성·SK·현대차·LG에 ""청년 더 뽑아달라"" | 마키나락스, '어텐션 2026' AI 컨퍼런스 개최 | [미르의 글로벌 레이더] HD현대, 美 프레이저 ‘2년내 10만제곱피트 증...",2026-09-04,0.0023,0.0304,,success
073490,LIG아큐버,단일판매ㆍ공급계약체결              ,supply_contract,20260903,positive,70,C,Supply contract disclosures may indicate future revenue growth.,5,9,4,5,5,"9월 3일 주식시장 주요공시 | [애널픽] 무선통신장비주 주목...""피지컬AI 통신망 투자 본격화"" | [아주증시포커스] 규정강화 후 상폐 1호 '코이즈'…시총 미달·동전주 8...",2026-09-04,0.0175,0.0123,,success
092040,아미코젠,불성실공시법인지정예고              (공시번복 2건),disclosure_violation,20260903,negative,-80,C,Disclosure violations may damage investor trust.,5,5,5,0,5,"9월 3일 주식시장 주요공시 | [N2 모닝 경제 브리핑-9월 4일] 美 증시, 금리 인상 우려 완화에 3대 지... | [HIT알공] 페니트리움바이오, 고형암 임상 2a상 FDA 승인",2026-09-04,-0.0051,0.0081,,failure
092040,아미코젠,불성실공시법인지정예고              (공시번복 2건),disclosure_violation,20260903,negative,-80,C,Disclosure violations may damage investor trust.,5,5,5,0,5,"9월 3일 주식시장 주요공시 | [N2 모닝 경제 브리핑-9월 4일] 美 증시, 금리 인상 우려 완화에 3대 지... | [HIT알공] 페니트리움바이오, 고형암 임상 2a상 FDA 승인",2026-09-04,-0.0051,0.0081,,failure
084180,수성웹툰,[기재정정]불성실공시법인지정예고              (공시번복),disclosure_violation,20260903,negative,-80,C,Disclosure violations may damage investor trust.,5,1,2,-1,5,"[아주증시포커스] 규정강화 후 상폐 1호 '코이즈'…시총 미달·동전주 8... | [아주경제 오늘의 뉴스 종합] [단독] 보험사 가계대출 한도 추가 배정…... | [공시] 더콘텐츠온·인바이츠바이오코아 '거래 정지', CJ ENM·경남제약 ...",2026-09-04,0.0,0.0182,,failure
179530,애드바이오텍,[기재정정]주요사항보고서(자기전환사채매도결정),convertible_bond,20260903,negative,-60,C,Convertible bonds may create future dilution risk.,5,7,7,0,5,"9월 3일 주식시장 주요공시 | [더벨][상폐규제 데드라인] 파이온엑스, 퇴출 위기 속 이화그룹 구원투... | 곡물 공급망 불안감 심화…사조동아원·한탑 주가 '날개'",2026-09-04,-0.006,-0.0398,,success
179530,애드바이오텍,[기재정정]주요사항보고서(자기전환사채매도결정),convertible_bond,20260903,negative,-60,C,Convertible bonds may create future dilution risk.,5,7,7,0,5,"9월 3일 주식시장 주요공시 | [더벨][상폐규제 데드라인] 파이온엑스, 퇴출 위기 속 이화그룹 구원투... | 곡물 공급망 불안감 심화…사조동아원·한탑 주가 '날개'",2026-09-04,-0.006,-0.0398,,success
179530,애드바이오텍,[기재정정]주요사항보고서(자기전환사채매도결정),convertible_bond,20260903,negative,-60,C,Convertible bonds may create future dilution risk.,5,7,7,0,5,"9월 3일 주식시장 주요공시 | [더벨][상폐규제 데드라인] 파이온엑스, 퇴출 위기 속 이화그룹 구원투... | 곡물 공급망 불안감 심화…사조동아원·한탑 주가 '날개'",2026-09-04,-0.006,-0.0398,,success
179530,애드바이오텍,[기재정정]주요사항보고서(자기전환사채매도결정),convertible_bond,20260903,negative,-60,C,Convertible bonds may create future dilution risk.,5,7,7,0,5,"9월 3일 주식시장 주요공시 | [더벨][상폐규제 데드라인] 파이온엑스, 퇴출 위기 속 이화그룹 구원투... | 곡물 공급망 불안감 심화…사조동아원·한탑 주가 '날개'",2026-09-04,-0.006,-0.0398,,success
179530,애드바이오텍,[기재정정]주요사항보고서(자기전환사채매도결정),convertible_bond,20260903,negative,-60,C,Convertible bonds may create future dilution risk.,5,7,7,0,5,"9월 3일 주식시장 주요공시 | [더벨][상폐규제 데드라인] 파이온엑스, 퇴출 위기 속 이화그룹 구원투... | 곡물 공급망 불안감 심화…사조동아원·한탑 주가 '날개'",2026-09-04,-0.006,-0.0398,,success
179530,애드바이오텍,[기재정정]주요사항보고서(자기전환사채매도결정),convertible_bond,20260903,negative,-60,C,Convertible bonds may create future dilution risk.,5,7,7,0,5,"9월 3일 주식시장 주요공시 | [더벨][상폐규제 데드라인] 파이온엑스, 퇴출 위기 속 이화그룹 구원투... | 곡물 공급망 불안감 심화…사조동아원·한탑 주가 '날개'",2026-09-04,-0.006,-0.0398,,success
179530,애드바이오텍,[기재정정]주요사항보고서(자기전환사채매도결정),convertible_bond,20260903,negative,-60,C,Convertible bonds may create future dilution risk.,5,7,7,0,5,"9월 3일 주식시장 주요공시 | [더벨][상폐규제 데드라인] 파이온엑스, 퇴출 위기 속 이화그룹 구원투... | 곡물 공급망 불안감 심화…사조동아원·한탑 주가 '날개'",2026-09-04,-0.006,-0.0398,,success
179530,애드바이오텍,[기재정정]주요사항보고서(자기전환사채매도결정),convertible_bond,20260903,negative,-60,C,Convertible bonds may create future dilution risk.,5,7,7,0,5,"9월 3일 주식시장 주요공시 | [더벨][상폐규제 데드라인] 파이온엑스, 퇴출 위기 속 이화그룹 구원투... | 곡물 공급망 불안감 심화…사조동아원·한탑 주가 '날개'",2026-09-04,-0.006,-0.0398,,success
179530,애드바이오텍,[기재정정]주요사항보고서(자기전환사채매도결정),convertible_bond,20260903,negative,-60,C,Convertible bonds may create future dilution risk.,5,7,7,0,5,"9월 3일 주식시장 주요공시 | [더벨][상폐규제 데드라인] 파이온엑스, 퇴출 위기 속 이화그룹 구원투... | 곡물 공급망 불안감 심화…사조동아원·한탑 주가 '날개'",2026-09-04,-0.006,-0.0398,,success
179530,애드바이오텍,[기재정정]주요사항보고서(자기전환사채매도결정),convertible_bond,20260903,negative,-60,C,Convertible bonds may create future dilution risk.,5,7,7,0,5,"9월 3일 주식시장 주요공시 | [더벨][상폐규제 데드라인] 파이온엑스, 퇴출 위기 속 이화그룹 구원투... | 곡물 공급망 불안감 심화…사조동아원·한탑 주가 '날개'",2026-09-04,-0.006,-0.0398,,success
179530,애드바이오텍,[기재정정]주요사항보고서(자기전환사채매도결정),convertible_bond,20260903,negative,-60,C,Convertible bonds may create future dilution risk.,5,7,7,0,5,"9월 3일 주식시장 주요공시 | [더벨][상폐규제 데드라인] 파이온엑스, 퇴출 위기 속 이화그룹 구원투... | 곡물 공급망 불안감 심화…사조동아원·한탑 주가 '날개'",2026-09-04,-0.006,-0.0398,,success
179530,애드바이오텍,[기재정정]주요사항보고서(자기전환사채매도결정),convertible_bond,20260903,negative,-60,C,Convertible bonds may create future dilution risk.,5,7,7,0,5,"9월 3일 주식시장 주요공시 | [더벨][상폐규제 데드라인] 파이온엑스, 퇴출 위기 속 이화그룹 구원투... | 곡물 공급망 불안감 심화…사조동아원·한탑 주가 '날개'",2026-09-04,-0.006,-0.0398,,success
179530,애드바이오텍,[기재정정]주요사항보고서(자기전환사채매도결정),convertible_bond,20260903,negative,-60,C,Convertible bonds may create future dilution risk.,5,7,7,0,5,"9월 3일 주식시장 주요공시 | [더벨][상폐규제 데드라인] 파이온엑스, 퇴출 위기 속 이화그룹 구원투... | 곡물 공급망 불안감 심화…사조동아원·한탑 주가 '날개'",2026-09-04,-0.006,-0.0398,,success
179530,애드바이오텍,[기재정정]주요사항보고서(자기전환사채매도결정),convertible_bond,20260903,negative,-60,C,Convertible bonds may create future dilution risk.,5,7,7,0,5,"9월 3일 주식시장 주요공시 | [더벨][상폐규제 데드라인] 파이온엑스, 퇴출 위기 속 이화그룹 구원투... | 곡물 공급망 불안감 심화…사조동아원·한탑 주가 '날개'",2026-09-04,-0.006,-0.0398,,success
179530,애드바이오텍,[기재정정]주요사항보고서(자기전환사채매도결정),convertible_bond,20260903,negative,-60,C,Convertible bonds may create future dilution risk.,5,7,7,0,5,"9월 3일 주식시장 주요공시 | [더벨][상폐규제 데드라인] 파이온엑스, 퇴출 위기 속 이화그룹 구원투... | 곡물 공급망 불안감 심화…사조동아원·한탑 주가 '날개'",2026-09-04,-0.006,-0.0398,,success
179530,애드바이오텍,[기재정정]주요사항보고서(자기전환사채매도결정),convertible_bond,20260903,negative,-60,C,Convertible bonds may create future dilution risk.,5,7,7,0,5,"9월 3일 주식시장 주요공시 | [더벨][상폐규제 데드라인] 파이온엑스, 퇴출 위기 속 이화그룹 구원투... | 곡물 공급망 불안감 심화…사조동아원·한탑 주가 '날개'",2026-09-04,-0.006,-0.0398,,success
179530,애드바이오텍,[기재정정]주요사항보고서(자기전환사채매도결정),convertible_bond,20260903,negative,-60,C,Convertible bonds may create future dilution risk.,5,7,7,0,5,"9월 3일 주식시장 주요공시 | [더벨][상폐규제 데드라인] 파이온엑스, 퇴출 위기 속 이화그룹 구원투... | 곡물 공급망 불안감 심화…사조동아원·한탑 주가 '날개'",2026-09-04,-0.006,-0.0398,,success
179530,애드바이오텍,[기재정정]주요사항보고서(자기전환사채매도결정),convertible_bond,20260903,negative,-60,C,Convertible bonds may create future dilution risk.,5,7,7,0,5,"9월 3일 주식시장 주요공시 | [더벨][상폐규제 데드라인] 파이온엑스, 퇴출 위기 속 이화그룹 구원투... | 곡물 공급망 불안감 심화…사조동아원·한탑 주가 '날개'",2026-09-04,-0.006,-0.0398,,success
179530,애드바이오텍,[기재정정]주요사항보고서(자기전환사채매도결정),convertible_bond,20260903,negative,-60,C,Convertible bonds may create future dilution risk.,5,7,7,0,5,"9월 3일 주식시장 주요공시 | [더벨][상폐규제 데드라인] 파이온엑스, 퇴출 위기 속 이화그룹 구원투... | 곡물 공급망 불안감 심화…사조동아원·한탑 주가 '날개'",2026-09-04,-0.006,-0.0398,,success
179530,애드바이오텍,[기재정정]주요사항보고서(자기전환사채매도결정),convertible_bond,20260903,negative,-60,C,Convertible bonds may create future dilution risk.,5,7,7,0,5,"9월 3일 주식시장 주요공시 | [더벨][상폐규제 데드라인] 파이온엑스, 퇴출 위기 속 이화그룹 구원투... | 곡물 공급망 불안감 심화…사조동아원·한탑 주가 '날개'",2026-09-04,-0.006,-0.0398,,success
179530,애드바이오텍,[기재정정]주요사항보고서(자기전환사채매도결정),convertible_bond,20260903,negative,-60,C,Convertible bonds may create future dilution risk.,5,7,7,0,5,"9월 3일 주식시장 주요공시 | [더벨][상폐규제 데드라인] 파이온엑스, 퇴출 위기 속 이화그룹 구원투... | 곡물 공급망 불안감 심화…사조동아원·한탑 주가 '날개'",2026-09-04,-0.006,-0.0398,,success
179530,애드바이오텍,[기재정정]주요사항보고서(자기전환사채매도결정),convertible_bond,20260903,negative,-60,C,Convertible bonds may create future dilution risk.,5,7,7,0,5,"9월 3일 주식시장 주요공시 | [더벨][상폐규제 데드라인] 파이온엑스, 퇴출 위기 속 이화그룹 구원투... | 곡물 공급망 불안감 심화…사조동아원·한탑 주가 '날개'",2026-09-04,-0.006,-0.0398,,success
179530,애드바이오텍,[기재정정]주요사항보고서(자기전환사채매도결정),convertible_bond,20260903,negative,-60,C,Convertible bonds may create future dilution risk.,5,7,7,0,5,"9월 3일 주식시장 주요공시 | [더벨][상폐규제 데드라인] 파이온엑스, 퇴출 위기 속 이화그룹 구원투... | 곡물 공급망 불안감 심화…사조동아원·한탑 주가 '날개'",2026-09-04,-0.006,-0.0398,,success
179530,애드바이오텍,[기재정정]주요사항보고서(자기전환사채매도결정),convertible_bond,20260903,negative,-60,C,Convertible bonds may create future dilution risk.,5,7,7,0,5,"9월 3일 주식시장 주요공시 | [더벨][상폐규제 데드라인] 파이온엑스, 퇴출 위기 속 이화그룹 구원투... | 곡물 공급망 불안감 심화…사조동아원·한탑 주가 '날개'",2026-09-04,-0.006,-0.0398,,success
179530,애드바이오텍,[기재정정]주요사항보고서(자기전환사채매도결정),convertible_bond,20260903,negative,-60,C,Convertible bonds may create future dilution risk.,5,7,7,0,5,"9월 3일 주식시장 주요공시 | [더벨][상폐규제 데드라인] 파이온엑스, 퇴출 위기 속 이화그룹 구원투... | 곡물 공급망 불안감 심화…사조동아원·한탑 주가 '날개'",2026-09-04,-0.006,-0.0398,,success
179530,애드바이오텍,[기재정정]주요사항보고서(자기전환사채매도결정),convertible_bond,20260903,negative,-60,C,Convertible bonds may create future dilution risk.,5,7,7,0,5,"9월 3일 주식시장 주요공시 | [더벨][상폐규제 데드라인] 파이온엑스, 퇴출 위기 속 이화그룹 구원투... | 곡물 공급망 불안감 심화…사조동아원·한탑 주가 '날개'",2026-09-04,-0.006,-0.0398,,success
179530,애드바이오텍,[기재정정]주요사항보고서(자기전환사채매도결정),convertible_bond,20260903,negative,-60,C,Convertible bonds may create future dilution risk.,5,7,7,0,5,"9월 3일 주식시장 주요공시 | [더벨][상폐규제 데드라인] 파이온엑스, 퇴출 위기 속 이화그룹 구원투... | 곡물 공급망 불안감 심화…사조동아원·한탑 주가 '날개'",2026-09-04,-0.006,-0.0398,,success
179530,애드바이오텍,[기재정정]주요사항보고서(자기전환사채매도결정),convertible_bond,20260903,negative,-60,C,Convertible bonds may create future dilution risk.,5,7,7,0,5,"9월 3일 주식시장 주요공시 | [더벨][상폐규제 데드라인] 파이온엑스, 퇴출 위기 속 이화그룹 구원투... | 곡물 공급망 불안감 심화…사조동아원·한탑 주가 '날개'",2026-09-04,-0.006,-0.0398,,success
179530,애드바이오텍,[기재정정]주요사항보고서(자기전환사채매도결정),convertible_bond,20260903,negative,-60,C,Convertible bonds may create future dilution risk.,5,7,7,0,5,"9월 3일 주식시장 주요공시 | [더벨][상폐규제 데드라인] 파이온엑스, 퇴출 위기 속 이화그룹 구원투... | 곡물 공급망 불안감 심화…사조동아원·한탑 주가 '날개'",2026-09-04,-0.006,-0.0398,,success
179530,애드바이오텍,[기재정정]주요사항보고서(자기전환사채매도결정),convertible_bond,20260903,negative,-60,C,Convertible bonds may create future dilution risk.,5,7,7,0,5,"9월 3일 주식시장 주요공시 | [더벨][상폐규제 데드라인] 파이온엑스, 퇴출 위기 속 이화그룹 구원투... | 곡물 공급망 불안감 심화…사조동아원·한탑 주가 '날개'",2026-09-04,-0.006,-0.0398,,success
179530,애드바이오텍,[기재정정]주요사항보고서(자기전환사채매도결정),convertible_bond,20260903,negative,-60,C,Convertible bonds may create future dilution risk.,5,7,7,0,5,"9월 3일 주식시장 주요공시 | [더벨][상폐규제 데드라인] 파이온엑스, 퇴출 위기 속 이화그룹 구원투... | 곡물 공급망 불안감 심화…사조동아원·한탑 주가 '날개'",2026-09-04,-0.006,-0.0398,,success
179530,애드바이오텍,[기재정정]주요사항보고서(자기전환사채매도결정),convertible_bond,20260903,negative,-60,C,Convertible bonds may create future dilution risk.,5,7,7,0,5,"9월 3일 주식시장 주요공시 | [더벨][상폐규제 데드라인] 파이온엑스, 퇴출 위기 속 이화그룹 구원투... | 곡물 공급망 불안감 심화…사조동아원·한탑 주가 '날개'",2026-09-04,-0.006,-0.0398,,success
179530,애드바이오텍,[기재정정]주요사항보고서(자기전환사채매도결정),convertible_bond,20260903,negative,-60,C,Convertible bonds may create future dilution risk.,5,7,7,0,5,"9월 3일 주식시장 주요공시 | [더벨][상폐규제 데드라인] 파이온엑스, 퇴출 위기 속 이화그룹 구원투... | 곡물 공급망 불안감 심화…사조동아원·한탑 주가 '날개'",2026-09-04,-0.006,-0.0398,,success
179530,애드바이오텍,[기재정정]주요사항보고서(자기전환사채매도결정),convertible_bond,20260903,negative,-60,C,Convertible bonds may create future dilution risk.,5,7,7,0,5,"9월 3일 주식시장 주요공시 | [더벨][상폐규제 데드라인] 파이온엑스, 퇴출 위기 속 이화그룹 구원투... | 곡물 공급망 불안감 심화…사조동아원·한탑 주가 '날개'",2026-09-04,-0.006,-0.0398,,success
179530,애드바이오텍,[기재정정]주요사항보고서(자기전환사채매도결정),convertible_bond,20260903,negative,-60,C,Convertible bonds may create future dilution risk.,5,7,7,0,5,"9월 3일 주식시장 주요공시 | [더벨][상폐규제 데드라인] 파이온엑스, 퇴출 위기 속 이화그룹 구원투... | 곡물 공급망 불안감 심화…사조동아원·한탑 주가 '날개'",2026-09-04,-0.006,-0.0398,,success
179530,애드바이오텍,[기재정정]주요사항보고서(자기전환사채매도결정),convertible_bond,20260903,negative,-60,C,Convertible bonds may create future dilution risk.,5,7,7,0,5,"9월 3일 주식시장 주요공시 | [더벨][상폐규제 데드라인] 파이온엑스, 퇴출 위기 속 이화그룹 구원투... | 곡물 공급망 불안감 심화…사조동아원·한탑 주가 '날개'",2026-09-04,-0.006,-0.0398,,success
179530,애드바이오텍,[기재정정]주요사항보고서(자기전환사채매도결정),convertible_bond,20260903,negative,-60,C,Convertible bonds may create future dilution risk.,5,7,7,0,5,"9월 3일 주식시장 주요공시 | [더벨][상폐규제 데드라인] 파이온엑스, 퇴출 위기 속 이화그룹 구원투... | 곡물 공급망 불안감 심화…사조동아원·한탑 주가 '날개'",2026-09-04,-0.006,-0.0398,,success
179530,애드바이오텍,[기재정정]주요사항보고서(자기전환사채매도결정),convertible_bond,20260903,negative,-60,C,Convertible bonds may create future dilution risk.,5,7,7,0,5,"9월 3일 주식시장 주요공시 | [더벨][상폐규제 데드라인] 파이온엑스, 퇴출 위기 속 이화그룹 구원투... | 곡물 공급망 불안감 심화…사조동아원·한탑 주가 '날개'",2026-09-04,-0.006,-0.0398,,success
179530,애드바이오텍,[기재정정]주요사항보고서(자기전환사채매도결정),convertible_bond,20260903,negative,-60,C,Convertible bonds may create future dilution risk.,5,7,7,0,5,"9월 3일 주식시장 주요공시 | [더벨][상폐규제 데드라인] 파이온엑스, 퇴출 위기 속 이화그룹 구원투... | 곡물 공급망 불안감 심화…사조동아원·한탑 주가 '날개'",2026-09-04,-0.006,-0.0398,,success
179530,애드바이오텍,[기재정정]주요사항보고서(자기전환사채매도결정),convertible_bond,20260903,negative,-60,C,Convertible bonds may create future dilution risk.,5,7,7,0,5,"9월 3일 주식시장 주요공시 | [더벨][상폐규제 데드라인] 파이온엑스, 퇴출 위기 속 이화그룹 구원투... | 곡물 공급망 불안감 심화…사조동아원·한탑 주가 '날개'",2026-09-04,-0.006,-0.0398,,success
179530,애드바이오텍,[기재정정]주요사항보고서(자기전환사채매도결정),convertible_bond,20260903,negative,-60,C,Convertible bonds may create future dilution risk.,5,7,7,0,5,"9월 3일 주식시장 주요공시 | [더벨][상폐규제 데드라인] 파이온엑스, 퇴출 위기 속 이화그룹 구원투... | 곡물 공급망 불안감 심화…사조동아원·한탑 주가 '날개'",2026-09-04,-0.006,-0.0398,,success
179530,애드바이오텍,[기재정정]주요사항보고서(자기전환사채매도결정),convertible_bond,20260903,negative,-60,C,Convertible bonds may create future dilution risk.,5,7,7,0,5,"9월 3일 주식시장 주요공시 | [더벨][상폐규제 데드라인] 파이온엑스, 퇴출 위기 속 이화그룹 구원투... | 곡물 공급망 불안감 심화…사조동아원·한탑 주가 '날개'",2026-09-04,-0.006,-0.0398,,success
179530,애드바이오텍,[기재정정]주요사항보고서(자기전환사채매도결정),convertible_bond,20260903,negative,-60,C,Convertible bonds may create future dilution risk.,5,7,7,0,5,"9월 3일 주식시장 주요공시 | [더벨][상폐규제 데드라인] 파이온엑스, 퇴출 위기 속 이화그룹 구원투... | 곡물 공급망 불안감 심화…사조동아원·한탑 주가 '날개'",2026-09-04,-0.006,-0.0398,,success
179530,애드바이오텍,[기재정정]주요사항보고서(자기전환사채매도결정),convertible_bond,20260903,negative,-60,C,Convertible bonds may create future dilution risk.,5,7,7,0,5,"9월 3일 주식시장 주요공시 | [더벨][상폐규제 데드라인] 파이온엑스, 퇴출 위기 속 이화그룹 구원투... | 곡물 공급망 불안감 심화…사조동아원·한탑 주가 '날개'",2026-09-04,-0.006,-0.0398,,success
179530,애드바이오텍,[기재정정]주요사항보고서(자기전환사채매도결정),convertible_bond,20260903,negative,-60,C,Convertible bonds may create future dilution risk.,5,7,7,0,5,"9월 3일 주식시장 주요공시 | [더벨][상폐규제 데드라인] 파이온엑스, 퇴출 위기 속 이화그룹 구원투... | 곡물 공급망 불안감 심화…사조동아원·한탑 주가 '날개'",2026-09-04,-0.006,-0.0398,,success
179530,애드바이오텍,[기재정정]주요사항보고서(자기전환사채매도결정),convertible_bond,20260903,negative,-60,C,Convertible bonds may create future dilution risk.,5,7,7,0,5,"9월 3일 주식시장 주요공시 | [더벨][상폐규제 데드라인] 파이온엑스, 퇴출 위기 속 이화그룹 구원투... | 곡물 공급망 불안감 심화…사조동아원·한탑 주가 '날개'",2026-09-04,-0.006,-0.0398,,success
179530,애드바이오텍,[기재정정]주요사항보고서(자기전환사채매도결정),convertible_bond,20260903,negative,-60,C,Convertible bonds may create future dilution risk.,5,7,7,0,5,"9월 3일 주식시장 주요공시 | [더벨][상폐규제 데드라인] 파이온엑스, 퇴출 위기 속 이화그룹 구원투... | 곡물 공급망 불안감 심화…사조동아원·한탑 주가 '날개'",2026-09-04,-0.006,-0.0398,,success
179530,애드바이오텍,[기재정정]주요사항보고서(자기전환사채매도결정),convertible_bond,20260903,negative,-60,C,Convertible bonds may create future dilution risk.,5,7,7,0,5,"9월 3일 주식시장 주요공시 | [더벨][상폐규제 데드라인] 파이온엑스, 퇴출 위기 속 이화그룹 구원투... | 곡물 공급망 불안감 심화…사조동아원·한탑 주가 '날개'",2026-09-04,-0.006,-0.0398,,success
179530,애드바이오텍,[기재정정]주요사항보고서(자기전환사채매도결정),convertible_bond,20260903,negative,-60,C,Convertible bonds may create future dilution risk.,5,7,7,0,5,"9월 3일 주식시장 주요공시 | [더벨][상폐규제 데드라인] 파이온엑스, 퇴출 위기 속 이화그룹 구원투... | 곡물 공급망 불안감 심화…사조동아원·한탑 주가 '날개'",2026-09-04,-0.006,-0.0398,,success
179530,애드바이오텍,[기재정정]주요사항보고서(자기전환사채매도결정),convertible_bond,20260903,negative,-60,C,Convertible bonds may create future dilution risk.,5,7,7,0,5,"9월 3일 주식시장 주요공시 | [더벨][상폐규제 데드라인] 파이온엑스, 퇴출 위기 속 이화그룹 구원투... | 곡물 공급망 불안감 심화…사조동아원·한탑 주가 '날개'",2026-09-04,-0.006,-0.0398,,success
179530,애드바이오텍,[기재정정]주요사항보고서(자기전환사채매도결정),convertible_bond,20260903,negative,-60,C,Convertible bonds may create future dilution risk.,5,7,7,0,5,"9월 3일 주식시장 주요공시 | [더벨][상폐규제 데드라인] 파이온엑스, 퇴출 위기 속 이화그룹 구원투... | 곡물 공급망 불안감 심화…사조동아원·한탑 주가 '날개'",2026-09-04,-0.006,-0.0398,,success
179530,애드바이오텍,[기재정정]주요사항보고서(자기전환사채매도결정),convertible_bond,20260903,negative,-60,C,Convertible bonds may create future dilution risk.,5,7,7,0,5,"9월 3일 주식시장 주요공시 | [더벨][상폐규제 데드라인] 파이온엑스, 퇴출 위기 속 이화그룹 구원투... | 곡물 공급망 불안감 심화…사조동아원·한탑 주가 '날개'",2026-09-04,-0.006,-0.0398,,success
179530,애드바이오텍,[기재정정]주요사항보고서(자기전환사채매도결정),convertible_bond,20260903,negative,-60,C,Convertible bonds may create future dilution risk.,5,7,7,0,5,"9월 3일 주식시장 주요공시 | [더벨][상폐규제 데드라인] 파이온엑스, 퇴출 위기 속 이화그룹 구원투... | 곡물 공급망 불안감 심화…사조동아원·한탑 주가 '날개'",2026-09-04,-0.006,-0.0398,,success
179530,애드바이오텍,[기재정정]주요사항보고서(자기전환사채매도결정),convertible_bond,20260903,negative,-60,C,Convertible bonds may create future dilution risk.,5,7,7,0,5,"9월 3일 주식시장 주요공시 | [더벨][상폐규제 데드라인] 파이온엑스, 퇴출 위기 속 이화그룹 구원투... | 곡물 공급망 불안감 심화…사조동아원·한탑 주가 '날개'",2026-09-04,-0.006,-0.0398,,success
179530,애드바이오텍,[기재정정]주요사항보고서(자기전환사채매도결정),convertible_bond,20260903,negative,-60,C,Convertible bonds may create future dilution risk.,5,7,7,0,5,"9월 3일 주식시장 주요공시 | [더벨][상폐규제 데드라인] 파이온엑스, 퇴출 위기 속 이화그룹 구원투... | 곡물 공급망 불안감 심화…사조동아원·한탑 주가 '날개'",2026-09-04,-0.006,-0.0398,,success
179530,애드바이오텍,[기재정정]주요사항보고서(자기전환사채매도결정),convertible_bond,20260903,negative,-60,C,Convertible bonds may create future dilution risk.,5,7,7,0,5,"9월 3일 주식시장 주요공시 | [더벨][상폐규제 데드라인] 파이온엑스, 퇴출 위기 속 이화그룹 구원투... | 곡물 공급망 불안감 심화…사조동아원·한탑 주가 '날개'",2026-09-04,-0.006,-0.0398,,success
179530,애드바이오텍,[기재정정]주요사항보고서(자기전환사채매도결정),convertible_bond,20260903,negative,-60,C,Convertible bonds may create future dilution risk.,5,7,7,0,5,"9월 3일 주식시장 주요공시 | [더벨][상폐규제 데드라인] 파이온엑스, 퇴출 위기 속 이화그룹 구원투... | 곡물 공급망 불안감 심화…사조동아원·한탑 주가 '날개'",2026-09-04,-0.006,-0.0398,,success
179530,애드바이오텍,[기재정정]주요사항보고서(자기전환사채매도결정),convertible_bond,20260903,negative,-60,C,Convertible bonds may create future dilution risk.,5,7,7,0,5,"9월 3일 주식시장 주요공시 | [더벨][상폐규제 데드라인] 파이온엑스, 퇴출 위기 속 이화그룹 구원투... | 곡물 공급망 불안감 심화…사조동아원·한탑 주가 '날개'",2026-09-04,-0.006,-0.0398,,success
179530,애드바이오텍,[기재정정]주요사항보고서(자기전환사채매도결정),convertible_bond,20260903,negative,-60,C,Convertible bonds may create future dilution risk.,5,7,7,0,5,"9월 3일 주식시장 주요공시 | [더벨][상폐규제 데드라인] 파이온엑스, 퇴출 위기 속 이화그룹 구원투... | 곡물 공급망 불안감 심화…사조동아원·한탑 주가 '날개'",2026-09-04,-0.006,-0.0398,,success
179530,애드바이오텍,[기재정정]주요사항보고서(자기전환사채매도결정),convertible_bond,20260903,negative,-60,C,Convertible bonds may create future dilution risk.,5,7,7,0,5,"9월 3일 주식시장 주요공시 | [더벨][상폐규제 데드라인] 파이온엑스, 퇴출 위기 속 이화그룹 구원투... | 곡물 공급망 불안감 심화…사조동아원·한탑 주가 '날개'",2026-09-04,-0.006,-0.0398,,success
179530,애드바이오텍,[기재정정]주요사항보고서(자기전환사채매도결정),convertible_bond,20260903,negative,-60,C,Convertible bonds may create future dilution risk.,5,7,7,0,5,"9월 3일 주식시장 주요공시 | [더벨][상폐규제 데드라인] 파이온엑스, 퇴출 위기 속 이화그룹 구원투... | 곡물 공급망 불안감 심화…사조동아원·한탑 주가 '날개'",2026-09-04,-0.006,-0.0398,,success
179530,애드바이오텍,[기재정정]주요사항보고서(자기전환사채매도결정),convertible_bond,20260903,negative,-60,C,Convertible bonds may create future dilution risk.,5,7,7,0,5,"9월 3일 주식시장 주요공시 | [더벨][상폐규제 데드라인] 파이온엑스, 퇴출 위기 속 이화그룹 구원투... | 곡물 공급망 불안감 심화…사조동아원·한탑 주가 '날개'",2026-09-04,-0.006,-0.0398,,success
179530,애드바이오텍,[기재정정]주요사항보고서(자기전환사채매도결정),convertible_bond,20260903,negative,-60,C,Convertible bonds may create future dilution risk.,5,7,7,0,5,"9월 3일 주식시장 주요공시 | [더벨][상폐규제 데드라인] 파이온엑스, 퇴출 위기 속 이화그룹 구원투... | 곡물 공급망 불안감 심화…사조동아원·한탑 주가 '날개'",2026-09-04,-0.006,-0.0398,,success
179530,애드바이오텍,[기재정정]주요사항보고서(자기전환사채매도결정),convertible_bond,20260903,negative,-60,C,Convertible bonds may create future dilution risk.,5,7,7,0,5,"9월 3일 주식시장 주요공시 | [더벨][상폐규제 데드라인] 파이온엑스, 퇴출 위기 속 이화그룹 구원투... | 곡물 공급망 불안감 심화…사조동아원·한탑 주가 '날개'",2026-09-04,-0.006,-0.0398,,success
179530,애드바이오텍,[기재정정]주요사항보고서(자기전환사채매도결정),convertible_bond,20260903,negative,-60,C,Convertible bonds may create future dilution risk.,5,7,7,0,5,"9월 3일 주식시장 주요공시 | [더벨][상폐규제 데드라인] 파이온엑스, 퇴출 위기 속 이화그룹 구원투... | 곡물 공급망 불안감 심화…사조동아원·한탑 주가 '날개'",2026-09-04,-0.006,-0.0398,,success
179530,애드바이오텍,[기재정정]주요사항보고서(자기전환사채매도결정),convertible_bond,20260903,negative,-60,C,Convertible bonds may create future dilution risk.,5,7,7,0,5,"9월 3일 주식시장 주요공시 | [더벨][상폐규제 데드라인] 파이온엑스, 퇴출 위기 속 이화그룹 구원투... | 곡물 공급망 불안감 심화…사조동아원·한탑 주가 '날개'",2026-09-04,-0.006,-0.0398,,success
179530,애드바이오텍,[기재정정]주요사항보고서(자기전환사채매도결정),convertible_bond,20260903,negative,-60,C,Convertible bonds may create future dilution risk.,5,7,7,0,5,"9월 3일 주식시장 주요공시 | [더벨][상폐규제 데드라인] 파이온엑스, 퇴출 위기 속 이화그룹 구원투... | 곡물 공급망 불안감 심화…사조동아원·한탑 주가 '날개'",2026-09-04,-0.006,-0.0398,,success
179530,애드바이오텍,[기재정정]주요사항보고서(자기전환사채매도결정),convertible_bond,20260903,negative,-60,C,Convertible bonds may create future dilution risk.,5,7,7,0,5,"9월 3일 주식시장 주요공시 | [더벨][상폐규제 데드라인] 파이온엑스, 퇴출 위기 속 이화그룹 구원투... | 곡물 공급망 불안감 심화…사조동아원·한탑 주가 '날개'",2026-09-04,-0.006,-0.0398,,success
179530,애드바이오텍,[기재정정]주요사항보고서(자기전환사채매도결정),convertible_bond,20260903,negative,-60,C,Convertible bonds may create future dilution risk.,5,7,7,0,5,"9월 3일 주식시장 주요공시 | [더벨][상폐규제 데드라인] 파이온엑스, 퇴출 위기 속 이화그룹 구원투... | 곡물 공급망 불안감 심화…사조동아원·한탑 주가 '날개'",2026-09-04,-0.006,-0.0398,,success
179530,애드바이오텍,[기재정정]주요사항보고서(자기전환사채매도결정),convertible_bond,20260903,negative,-60,C,Convertible bonds may create future dilution risk.,5,7,7,0,5,"9월 3일 주식시장 주요공시 | [더벨][상폐규제 데드라인] 파이온엑스, 퇴출 위기 속 이화그룹 구원투... | 곡물 공급망 불안감 심화…사조동아원·한탑 주가 '날개'",2026-09-04,-0.006,-0.0398,,success
179530,애드바이오텍,[기재정정]주요사항보고서(자기전환사채매도결정),convertible_bond,20260903,negative,-60,C,Convertible bonds may create future dilution risk.,5,7,7,0,5,"9월 3일 주식시장 주요공시 | [더벨][상폐규제 데드라인] 파이온엑스, 퇴출 위기 속 이화그룹 구원투... | 곡물 공급망 불안감 심화…사조동아원·한탑 주가 '날개'",2026-09-04,-0.006,-0.0398,,success
179530,애드바이오텍,[기재정정]주요사항보고서(자기전환사채매도결정),convertible_bond,20260903,negative,-60,C,Convertible bonds may create future dilution risk.,5,7,7,0,5,"9월 3일 주식시장 주요공시 | [더벨][상폐규제 데드라인] 파이온엑스, 퇴출 위기 속 이화그룹 구원투... | 곡물 공급망 불안감 심화…사조동아원·한탑 주가 '날개'",2026-09-04,-0.006,-0.0398,,success
002880,디와이에이,최대주주등소유주식변동신고서              ,major_shareholder_change,20260903,volatile,10,C,Major shareholder changes can increase volatility depending on context.,5,2,4,-2,5,"한국거래소, 8월 밸류업 신규 참여 9개 기업…대규모 주주환원도 이어져 | [데이터 뉴스룸] 車업체 올 상반기 매출 성적 희비 엇갈려…동생 기아 ... | [공시분석] 유명브랜드 에넥스,비비안까지 시총미달 관리종목 우려 공시",2026-09-04,-1.0,0.0,,failure
002880,디와이에이,최대주주등소유주식변동신고서              ,major_shareholder_change,20260903,volatile,10,C,Major shareholder changes can increase volatility depending on context.,5,2,4,-2,5,"한국거래소, 8월 밸류업 신규 참여 9개 기업…대규모 주주환원도 이어져 | [데이터 뉴스룸] 車업체 올 상반기 매출 성적 희비 엇갈려…동생 기아 ... | [공시분석] 유명브랜드 에넥스,비비안까지 시총미달 관리종목 우려 공시",2026-09-04,-1.0,0.0,,failure
002880,디와이에이,최대주주등소유주식변동신고서              ,major_shareholder_change,20260903,volatile,10,C,Major shareholder changes can increase volatility depending on context.,5,2,4,-2,5,"한국거래소, 8월 밸류업 신규 참여 9개 기업…대규모 주주환원도 이어져 | [데이터 뉴스룸] 車업체 올 상반기 매출 성적 희비 엇갈려…동생 기아 ... | [공시분석] 유명브랜드 에넥스,비비안까지 시총미달 관리종목 우려 공시",2026-09-04,-1.0,0.0,,failure
002880,디와이에이,최대주주등소유주식변동신고서              ,major_shareholder_change,20260903,volatile,10,C,Major shareholder changes can increase volatility depending on context.,5,2,4,-2,5,"한국거래소, 8월 밸류업 신규 참여 9개 기업…대규모 주주환원도 이어져 | [데이터 뉴스룸] 車업체 올 상반기 매출 성적 희비 엇갈려…동생 기아 ... | [공시분석] 유명브랜드 에넥스,비비안까지 시총미달 관리종목 우려 공시",2026-09-04,-1.0,0.0,,failure
002880,디와이에이,최대주주등소유주식변동신고서              ,major_shareholder_change,20260903,volatile,10,C,Major shareholder changes can increase volatility depending on context.,5,2,4,-2,5,"한국거래소, 8월 밸류업 신규 참여 9개 기업…대규모 주주환원도 이어져 | [데이터 뉴스룸] 車업체 올 상반기 매출 성적 희비 엇갈려…동생 기아 ... | [공시분석] 유명브랜드 에넥스,비비안까지 시총미달 관리종목 우려 공시",2026-09-04,-1.0,0.0,,failure
002880,디와이에이,최대주주등소유주식변동신고서              ,major_shareholder_change,20260903,volatile,10,C,Major shareholder changes can increase volatility depending on context.,5,2,4,-2,5,"한국거래소, 8월 밸류업 신규 참여 9개 기업…대규모 주주환원도 이어져 | [데이터 뉴스룸] 車업체 올 상반기 매출 성적 희비 엇갈려…동생 기아 ... | [공시분석] 유명브랜드 에넥스,비비안까지 시총미달 관리종목 우려 공시",2026-09-04,-1.0,0.0,,failure
002880,디와이에이,최대주주등소유주식변동신고서              ,major_shareholder_change,20260903,volatile,10,C,Major shareholder changes can increase volatility depending on context.,5,2,4,-2,5,"한국거래소, 8월 밸류업 신규 참여 9개 기업…대규모 주주환원도 이어져 | [데이터 뉴스룸] 車업체 올 상반기 매출 성적 희비 엇갈려…동생 기아 ... | [공시분석] 유명브랜드 에넥스,비비안까지 시총미달 관리종목 우려 공시",2026-09-04,-1.0,0.0,,failure
002880,디와이에이,최대주주등소유주식변동신고서              ,major_shareholder_change,20260903,volatile,10,C,Major shareholder changes can increase volatility depending on context.,5,2,4,-2,5,"한국거래소, 8월 밸류업 신규 참여 9개 기업…대규모 주주환원도 이어져 | [데이터 뉴스룸] 車업체 올 상반기 매출 성적 희비 엇갈려…동생 기아 ... | [공시분석] 유명브랜드 에넥스,비비안까지 시총미달 관리종목 우려 공시",2026-09-04,-1.0,0.0,,failure
002880,디와이에이,최대주주등소유주식변동신고서              ,major_shareholder_change,20260903,volatile,10,C,Major shareholder changes can increase volatility depending on context.,5,2,4,-2,5,"한국거래소, 8월 밸류업 신규 참여 9개 기업…대규모 주주환원도 이어져 | [데이터 뉴스룸] 車업체 올 상반기 매출 성적 희비 엇갈려…동생 기아 ... | [공시분석] 유명브랜드 에넥스,비비안까지 시총미달 관리종목 우려 공시",2026-09-04,-1.0,0.0,,failure
027040,서울전자통신,[기재정정]주요사항보고서(유상증자결정),paid_in_capital_increase,20260903,negative,-70,C,Paid-in capital increases can create dilution concerns.,5,1,5,-4,5,"9월 3일 주식시장 주요공시 | 9월 2일 주식시장 주요공시 | 패스파인더랩스-중소자영업총연합회 , AI 맞춤형 광고 플랫폼 ‘까까바...",2026-09-04,-0.0616,-0.0477,,success
027040,서울전자통신,[기재정정]주요사항보고서(유상증자결정),paid_in_capital_increase,20260903,negative,-70,C,Paid-in capital increases can create dilution concerns.,5,1,5,-4,5,"9월 3일 주식시장 주요공시 | 9월 2일 주식시장 주요공시 | 패스파인더랩스-중소자영업총연합회 , AI 맞춤형 광고 플랫폼 ‘까까바...",2026-09-04,-0.0616,-0.0477,,success
223220,로지스몬,유상증자최종발행가액확정              (일반소액공모),paid_in_capital_increase,20260903,negative,-70,C,Paid-in capital increases can create dilution concerns.,5,5,1,4,5,"[공시] 한국항공우주 등 22개 종목 '공매도 금지', 셀리드 '투자경고' 등... | [오늘의 증시일정] 현대오토에버·삼성물산, 크래프톤 등 | [공시] 아이씨에이치·케이엔알시스템 '투자경고', SGC에너지 '공매도 금...",2026-09-04,-0.1463,-0.1463,,success
223220,로지스몬,유상증자최종발행가액확정              (일반소액공모),paid_in_capital_increase,20260903,negative,-70,C,Paid-in capital increases can create dilution concerns.,5,5,1,4,5,"[공시] 한국항공우주 등 22개 종목 '공매도 금지', 셀리드 '투자경고' 등... | [오늘의 증시일정] 현대오토에버·삼성물산, 크래프톤 등 | [공시] 아이씨에이치·케이엔알시스템 '투자경고', SGC에너지 '공매도 금...",2026-09-04,-0.1463,-0.1463,,success
223220,로지스몬,유상증자최종발행가액확정              (일반소액공모),paid_in_capital_increase,20260903,negative,-70,C,Paid-in capital increases can create dilution concerns.,5,5,1,4,5,"[공시] 한국항공우주 등 22개 종목 '공매도 금지', 셀리드 '투자경고' 등... | [오늘의 증시일정] 현대오토에버·삼성물산, 크래프톤 등 | [공시] 아이씨에이치·케이엔알시스템 '투자경고', SGC에너지 '공매도 금...",2026-09-04,-0.1463,-0.1463,,success
223220,로지스몬,유상증자최종발행가액확정              (일반소액공모),paid_in_capital_increase,20260903,negative,-70,C,Paid-in capital increases can create dilution concerns.,5,5,1,4,5,"[공시] 한국항공우주 등 22개 종목 '공매도 금지', 셀리드 '투자경고' 등... | [오늘의 증시일정] 현대오토에버·삼성물산, 크래프톤 등 | [공시] 아이씨에이치·케이엔알시스템 '투자경고', SGC에너지 '공매도 금...",2026-09-04,-0.1463,-0.1463,,success
223220,로지스몬,유상증자최종발행가액확정              (일반소액공모),paid_in_capital_increase,20260903,negative,-70,C,Paid-in capital increases can create dilution concerns.,5,5,1,4,5,"[공시] 한국항공우주 등 22개 종목 '공매도 금지', 셀리드 '투자경고' 등... | [오늘의 증시일정] 현대오토에버·삼성물산, 크래프톤 등 | [공시] 아이씨에이치·케이엔알시스템 '투자경고', SGC에너지 '공매도 금...",2026-09-04,-0.1463,-0.1463,,success
223220,로지스몬,유상증자최종발행가액확정              (일반소액공모),paid_in_capital_increase,20260903,negative,-70,C,Paid-in capital increases can create dilution concerns.,5,5,1,4,5,"[공시] 한국항공우주 등 22개 종목 '공매도 금지', 셀리드 '투자경고' 등... | [오늘의 증시일정] 현대오토에버·삼성물산, 크래프톤 등 | [공시] 아이씨에이치·케이엔알시스템 '투자경고', SGC에너지 '공매도 금...",2026-09-04,-0.1463,-0.1463,,success
223220,로지스몬,유상증자최종발행가액확정              (일반소액공모),paid_in_capital_increase,20260903,negative,-70,C,Paid-in capital increases can create dilution concerns.,5,5,1,4,5,"[공시] 한국항공우주 등 22개 종목 '공매도 금지', 셀리드 '투자경고' 등... | [오늘의 증시일정] 현대오토에버·삼성물산, 크래프톤 등 | [공시] 아이씨에이치·케이엔알시스템 '투자경고', SGC에너지 '공매도 금...",2026-09-04,-0.1463,-0.1463,,success
223220,로지스몬,유상증자최종발행가액확정              (일반소액공모),paid_in_capital_increase,20260903,negative,-70,C,Paid-in capital increases can create dilution concerns.,5,5,1,4,5,"[공시] 한국항공우주 등 22개 종목 '공매도 금지', 셀리드 '투자경고' 등... | [오늘의 증시일정] 현대오토에버·삼성물산, 크래프톤 등 | [공시] 아이씨에이치·케이엔알시스템 '투자경고', SGC에너지 '공매도 금...",2026-09-04,-0.1463,-0.1463,,success
223220,로지스몬,유상증자최종발행가액확정              (일반소액공모),paid_in_capital_increase,20260903,negative,-70,C,Paid-in capital increases can create dilution concerns.,5,5,1,4,5,"[공시] 한국항공우주 등 22개 종목 '공매도 금지', 셀리드 '투자경고' 등... | [오늘의 증시일정] 현대오토에버·삼성물산, 크래프톤 등 | [공시] 아이씨에이치·케이엔알시스템 '투자경고', SGC에너지 '공매도 금...",2026-09-04,-0.1463,-0.1463,,success
223220,로지스몬,유상증자최종발행가액확정              (일반소액공모),paid_in_capital_increase,20260903,negative,-70,C,Paid-in capital increases can create dilution concerns.,5,5,1,4,5,"[공시] 한국항공우주 등 22개 종목 '공매도 금지', 셀리드 '투자경고' 등... | [오늘의 증시일정] 현대오토에버·삼성물산, 크래프톤 등 | [공시] 아이씨에이치·케이엔알시스템 '투자경고', SGC에너지 '공매도 금...",2026-09-04,-0.1463,-0.1463,,success
223220,로지스몬,유상증자최종발행가액확정              (일반소액공모),paid_in_capital_increase,20260903,negative,-70,C,Paid-in capital increases can create dilution concerns.,5,5,1,4,5,"[공시] 한국항공우주 등 22개 종목 '공매도 금지', 셀리드 '투자경고' 등... | [오늘의 증시일정] 현대오토에버·삼성물산, 크래프톤 등 | [공시] 아이씨에이치·케이엔알시스템 '투자경고', SGC에너지 '공매도 금...",2026-09-04,-0.1463,-0.1463,,success
223220,로지스몬,유상증자최종발행가액확정              (일반소액공모),paid_in_capital_increase,20260903,negative,-70,C,Paid-in capital increases can create dilution concerns.,5,5,1,4,5,"[공시] 한국항공우주 등 22개 종목 '공매도 금지', 셀리드 '투자경고' 등... | [오늘의 증시일정] 현대오토에버·삼성물산, 크래프톤 등 | [공시] 아이씨에이치·케이엔알시스템 '투자경고', SGC에너지 '공매도 금...",2026-09-04,-0.1463,-0.1463,,success
223220,로지스몬,유상증자최종발행가액확정              (일반소액공모),paid_in_capital_increase,20260903,negative,-70,C,Paid-in capital increases can create dilution concerns.,5,5,1,4,5,"[공시] 한국항공우주 등 22개 종목 '공매도 금지', 셀리드 '투자경고' 등... | [오늘의 증시일정] 현대오토에버·삼성물산, 크래프톤 등 | [공시] 아이씨에이치·케이엔알시스템 '투자경고', SGC에너지 '공매도 금...",2026-09-04,-0.1463,-0.1463,,success
223220,로지스몬,유상증자최종발행가액확정              (일반소액공모),paid_in_capital_increase,20260903,negative,-70,C,Paid-in capital increases can create dilution concerns.,5,5,1,4,5,"[공시] 한국항공우주 등 22개 종목 '공매도 금지', 셀리드 '투자경고' 등... | [오늘의 증시일정] 현대오토에버·삼성물산, 크래프톤 등 | [공시] 아이씨에이치·케이엔알시스템 '투자경고', SGC에너지 '공매도 금...",2026-09-04,-0.1463,-0.1463,,success
223220,로지스몬,유상증자최종발행가액확정              (일반소액공모),paid_in_capital_increase,20260903,negative,-70,C,Paid-in capital increases can create dilution concerns.,5,5,1,4,5,"[공시] 한국항공우주 등 22개 종목 '공매도 금지', 셀리드 '투자경고' 등... | [오늘의 증시일정] 현대오토에버·삼성물산, 크래프톤 등 | [공시] 아이씨에이치·케이엔알시스템 '투자경고', SGC에너지 '공매도 금...",2026-09-04,-0.1463,-0.1463,,success
223220,로지스몬,유상증자최종발행가액확정              (일반소액공모),paid_in_capital_increase,20260903,negative,-70,C,Paid-in capital increases can create dilution concerns.,5,5,1,4,5,"[공시] 한국항공우주 등 22개 종목 '공매도 금지', 셀리드 '투자경고' 등... | [오늘의 증시일정] 현대오토에버·삼성물산, 크래프톤 등 | [공시] 아이씨에이치·케이엔알시스템 '투자경고', SGC에너지 '공매도 금...",2026-09-04,-0.1463,-0.1463,,success
223220,로지스몬,유상증자최종발행가액확정              (일반소액공모),paid_in_capital_increase,20260903,negative,-70,C,Paid-in capital increases can create dilution concerns.,5,5,1,4,5,"[공시] 한국항공우주 등 22개 종목 '공매도 금지', 셀리드 '투자경고' 등... | [오늘의 증시일정] 현대오토에버·삼성물산, 크래프톤 등 | [공시] 아이씨에이치·케이엔알시스템 '투자경고', SGC에너지 '공매도 금...",2026-09-04,-0.1463,-0.1463,,success
223220,로지스몬,유상증자최종발행가액확정              (일반소액공모),paid_in_capital_increase,20260903,negative,-70,C,Paid-in capital increases can create dilution concerns.,5,5,1,4,5,"[공시] 한국항공우주 등 22개 종목 '공매도 금지', 셀리드 '투자경고' 등... | [오늘의 증시일정] 현대오토에버·삼성물산, 크래프톤 등 | [공시] 아이씨에이치·케이엔알시스템 '투자경고', SGC에너지 '공매도 금...",2026-09-04,-0.1463,-0.1463,,success
223220,로지스몬,유상증자최종발행가액확정              (일반소액공모),paid_in_capital_increase,20260903,negative,-70,C,Paid-in capital increases can create dilution concerns.,5,5,1,4,5,"[공시] 한국항공우주 등 22개 종목 '공매도 금지', 셀리드 '투자경고' 등... | [오늘의 증시일정] 현대오토에버·삼성물산, 크래프톤 등 | [공시] 아이씨에이치·케이엔알시스템 '투자경고', SGC에너지 '공매도 금...",2026-09-04,-0.1463,-0.1463,,success
223220,로지스몬,유상증자최종발행가액확정              (일반소액공모),paid_in_capital_increase,20260903,negative,-70,C,Paid-in capital increases can create dilution concerns.,5,5,1,4,5,"[공시] 한국항공우주 등 22개 종목 '공매도 금지', 셀리드 '투자경고' 등... | [오늘의 증시일정] 현대오토에버·삼성물산, 크래프톤 등 | [공시] 아이씨에이치·케이엔알시스템 '투자경고', SGC에너지 '공매도 금...",2026-09-04,-0.1463,-0.1463,,success
223220,로지스몬,유상증자최종발행가액확정              (일반소액공모),paid_in_capital_increase,20260903,negative,-70,C,Paid-in capital increases can create dilution concerns.,5,5,1,4,5,"[공시] 한국항공우주 등 22개 종목 '공매도 금지', 셀리드 '투자경고' 등... | [오늘의 증시일정] 현대오토에버·삼성물산, 크래프톤 등 | [공시] 아이씨에이치·케이엔알시스템 '투자경고', SGC에너지 '공매도 금...",2026-09-04,-0.1463,-0.1463,,success
223220,로지스몬,유상증자최종발행가액확정              (일반소액공모),paid_in_capital_increase,20260903,negative,-70,C,Paid-in capital increases can create dilution concerns.,5,5,1,4,5,"[공시] 한국항공우주 등 22개 종목 '공매도 금지', 셀리드 '투자경고' 등... | [오늘의 증시일정] 현대오토에버·삼성물산, 크래프톤 등 | [공시] 아이씨에이치·케이엔알시스템 '투자경고', SGC에너지 '공매도 금...",2026-09-04,-0.1463,-0.1463,,success
223220,로지스몬,유상증자최종발행가액확정              (일반소액공모),paid_in_capital_increase,20260903,negative,-70,C,Paid-in capital increases can create dilution concerns.,5,5,1,4,5,"[공시] 한국항공우주 등 22개 종목 '공매도 금지', 셀리드 '투자경고' 등... | [오늘의 증시일정] 현대오토에버·삼성물산, 크래프톤 등 | [공시] 아이씨에이치·케이엔알시스템 '투자경고', SGC에너지 '공매도 금...",2026-09-04,-0.1463,-0.1463,,success
223220,로지스몬,유상증자최종발행가액확정              (일반소액공모),paid_in_capital_increase,20260903,negative,-70,C,Paid-in capital increases can create dilution concerns.,5,5,1,4,5,"[공시] 한국항공우주 등 22개 종목 '공매도 금지', 셀리드 '투자경고' 등... | [오늘의 증시일정] 현대오토에버·삼성물산, 크래프톤 등 | [공시] 아이씨에이치·케이엔알시스템 '투자경고', SGC에너지 '공매도 금...",2026-09-04,-0.1463,-0.1463,,success
223220,로지스몬,유상증자최종발행가액확정              (일반소액공모),paid_in_capital_increase,20260903,negative,-70,C,Paid-in capital increases can create dilution concerns.,5,5,1,4,5,"[공시] 한국항공우주 등 22개 종목 '공매도 금지', 셀리드 '투자경고' 등... | [오늘의 증시일정] 현대오토에버·삼성물산, 크래프톤 등 | [공시] 아이씨에이치·케이엔알시스템 '투자경고', SGC에너지 '공매도 금...",2026-09-04,-0.1463,-0.1463,,success
223220,로지스몬,유상증자최종발행가액확정              (일반소액공모),paid_in_capital_increase,20260903,negative,-70,C,Paid-in capital increases can create dilution concerns.,5,5,1,4,5,"[공시] 한국항공우주 등 22개 종목 '공매도 금지', 셀리드 '투자경고' 등... | [오늘의 증시일정] 현대오토에버·삼성물산, 크래프톤 등 | [공시] 아이씨에이치·케이엔알시스템 '투자경고', SGC에너지 '공매도 금...",2026-09-04,-0.1463,-0.1463,,success
223220,로지스몬,유상증자최종발행가액확정              (일반소액공모),paid_in_capital_increase,20260903,negative,-70,C,Paid-in capital increases can create dilution concerns.,5,5,1,4,5,"[공시] 한국항공우주 등 22개 종목 '공매도 금지', 셀리드 '투자경고' 등... | [오늘의 증시일정] 현대오토에버·삼성물산, 크래프톤 등 | [공시] 아이씨에이치·케이엔알시스템 '투자경고', SGC에너지 '공매도 금...",2026-09-04,-0.1463,-0.1463,,success
223220,로지스몬,유상증자최종발행가액확정              (일반소액공모),paid_in_capital_increase,20260903,negative,-70,C,Paid-in capital increases can create dilution concerns.,5,5,1,4,5,"[공시] 한국항공우주 등 22개 종목 '공매도 금지', 셀리드 '투자경고' 등... | [오늘의 증시일정] 현대오토에버·삼성물산, 크래프톤 등 | [공시] 아이씨에이치·케이엔알시스템 '투자경고', SGC에너지 '공매도 금...",2026-09-04,-0.1463,-0.1463,,success
223220,로지스몬,유상증자최종발행가액확정              (일반소액공모),paid_in_capital_increase,20260903,negative,-70,C,Paid-in capital increases can create dilution concerns.,5,5,1,4,5,"[공시] 한국항공우주 등 22개 종목 '공매도 금지', 셀리드 '투자경고' 등... | [오늘의 증시일정] 현대오토에버·삼성물산, 크래프톤 등 | [공시] 아이씨에이치·케이엔알시스템 '투자경고', SGC에너지 '공매도 금...",2026-09-04,-0.1463,-0.1463,,success
223220,로지스몬,유상증자최종발행가액확정              (일반소액공모),paid_in_capital_increase,20260903,negative,-70,C,Paid-in capital increases can create dilution concerns.,5,5,1,4,5,"[공시] 한국항공우주 등 22개 종목 '공매도 금지', 셀리드 '투자경고' 등... | [오늘의 증시일정] 현대오토에버·삼성물산, 크래프톤 등 | [공시] 아이씨에이치·케이엔알시스템 '투자경고', SGC에너지 '공매도 금...",2026-09-04,-0.1463,-0.1463,,success
223220,로지스몬,유상증자최종발행가액확정              (일반소액공모),paid_in_capital_increase,20260903,negative,-70,C,Paid-in capital increases can create dilution concerns.,5,5,1,4,5,"[공시] 한국항공우주 등 22개 종목 '공매도 금지', 셀리드 '투자경고' 등... | [오늘의 증시일정] 현대오토에버·삼성물산, 크래프톤 등 | [공시] 아이씨에이치·케이엔알시스템 '투자경고', SGC에너지 '공매도 금...",2026-09-04,-0.1463,-0.1463,,success
223220,로지스몬,유상증자최종발행가액확정              (일반소액공모),paid_in_capital_increase,20260903,negative,-70,C,Paid-in capital increases can create dilution concerns.,5,5,1,4,5,"[공시] 한국항공우주 등 22개 종목 '공매도 금지', 셀리드 '투자경고' 등... | [오늘의 증시일정] 현대오토에버·삼성물산, 크래프톤 등 | [공시] 아이씨에이치·케이엔알시스템 '투자경고', SGC에너지 '공매도 금...",2026-09-04,-0.1463,-0.1463,,success
223220,로지스몬,유상증자최종발행가액확정              (일반소액공모),paid_in_capital_increase,20260903,negative,-70,C,Paid-in capital increases can create dilution concerns.,5,5,1,4,5,"[공시] 한국항공우주 등 22개 종목 '공매도 금지', 셀리드 '투자경고' 등... | [오늘의 증시일정] 현대오토에버·삼성물산, 크래프톤 등 | [공시] 아이씨에이치·케이엔알시스템 '투자경고', SGC에너지 '공매도 금...",2026-09-04,-0.1463,-0.1463,,success
223220,로지스몬,유상증자최종발행가액확정              (일반소액공모),paid_in_capital_increase,20260903,negative,-70,C,Paid-in capital increases can create dilution concerns.,5,5,1,4,5,"[공시] 한국항공우주 등 22개 종목 '공매도 금지', 셀리드 '투자경고' 등... | [오늘의 증시일정] 현대오토에버·삼성물산, 크래프톤 등 | [공시] 아이씨에이치·케이엔알시스템 '투자경고', SGC에너지 '공매도 금...",2026-09-04,-0.1463,-0.1463,,success
223220,로지스몬,유상증자최종발행가액확정              (일반소액공모),paid_in_capital_increase,20260903,negative,-70,C,Paid-in capital increases can create dilution concerns.,5,5,1,4,5,"[공시] 한국항공우주 등 22개 종목 '공매도 금지', 셀리드 '투자경고' 등... | [오늘의 증시일정] 현대오토에버·삼성물산, 크래프톤 등 | [공시] 아이씨에이치·케이엔알시스템 '투자경고', SGC에너지 '공매도 금...",2026-09-04,-0.1463,-0.1463,,success
223220,로지스몬,유상증자최종발행가액확정              (일반소액공모),paid_in_capital_increase,20260903,negative,-70,C,Paid-in capital increases can create dilution concerns.,5,5,1,4,5,"[공시] 한국항공우주 등 22개 종목 '공매도 금지', 셀리드 '투자경고' 등... | [오늘의 증시일정] 현대오토에버·삼성물산, 크래프톤 등 | [공시] 아이씨에이치·케이엔알시스템 '투자경고', SGC에너지 '공매도 금...",2026-09-04,-0.1463,-0.1463,,success
223220,로지스몬,유상증자최종발행가액확정              (일반소액공모),paid_in_capital_increase,20260903,negative,-70,C,Paid-in capital increases can create dilution concerns.,5,5,1,4,5,"[공시] 한국항공우주 등 22개 종목 '공매도 금지', 셀리드 '투자경고' 등... | [오늘의 증시일정] 현대오토에버·삼성물산, 크래프톤 등 | [공시] 아이씨에이치·케이엔알시스템 '투자경고', SGC에너지 '공매도 금...",2026-09-04,-0.1463,-0.1463,,success
223220,로지스몬,유상증자최종발행가액확정              (일반소액공모),paid_in_capital_increase,20260903,negative,-70,C,Paid-in capital increases can create dilution concerns.,5,5,1,4,5,"[공시] 한국항공우주 등 22개 종목 '공매도 금지', 셀리드 '투자경고' 등... | [오늘의 증시일정] 현대오토에버·삼성물산, 크래프톤 등 | [공시] 아이씨에이치·케이엔알시스템 '투자경고', SGC에너지 '공매도 금...",2026-09-04,-0.1463,-0.1463,,success
223220,로지스몬,유상증자최종발행가액확정              (일반소액공모),paid_in_capital_increase,20260903,negative,-70,C,Paid-in capital increases can create dilution concerns.,5,5,1,4,5,"[공시] 한국항공우주 등 22개 종목 '공매도 금지', 셀리드 '투자경고' 등... | [오늘의 증시일정] 현대오토에버·삼성물산, 크래프톤 등 | [공시] 아이씨에이치·케이엔알시스템 '투자경고', SGC에너지 '공매도 금...",2026-09-04,-0.1463,-0.1463,,success
223220,로지스몬,유상증자최종발행가액확정              (일반소액공모),paid_in_capital_increase,20260903,negative,-70,C,Paid-in capital increases can create dilution concerns.,5,5,1,4,5,"[공시] 한국항공우주 등 22개 종목 '공매도 금지', 셀리드 '투자경고' 등... | [오늘의 증시일정] 현대오토에버·삼성물산, 크래프톤 등 | [공시] 아이씨에이치·케이엔알시스템 '투자경고', SGC에너지 '공매도 금...",2026-09-04,-0.1463,-0.1463,,success
223220,로지스몬,유상증자최종발행가액확정              (일반소액공모),paid_in_capital_increase,20260903,negative,-70,C,Paid-in capital increases can create dilution concerns.,5,5,1,4,5,"[공시] 한국항공우주 등 22개 종목 '공매도 금지', 셀리드 '투자경고' 등... | [오늘의 증시일정] 현대오토에버·삼성물산, 크래프톤 등 | [공시] 아이씨에이치·케이엔알시스템 '투자경고', SGC에너지 '공매도 금...",2026-09-04,-0.1463,-0.1463,,success
223220,로지스몬,유상증자최종발행가액확정              (일반소액공모),paid_in_capital_increase,20260903,negative,-70,C,Paid-in capital increases can create dilution concerns.,5,5,1,4,5,"[공시] 한국항공우주 등 22개 종목 '공매도 금지', 셀리드 '투자경고' 등... | [오늘의 증시일정] 현대오토에버·삼성물산, 크래프톤 등 | [공시] 아이씨에이치·케이엔알시스템 '투자경고', SGC에너지 '공매도 금...",2026-09-04,-0.1463,-0.1463,,success
223220,로지스몬,유상증자최종발행가액확정              (일반소액공모),paid_in_capital_increase,20260903,negative,-70,C,Paid-in capital increases can create dilution concerns.,5,5,1,4,5,"[공시] 한국항공우주 등 22개 종목 '공매도 금지', 셀리드 '투자경고' 등... | [오늘의 증시일정] 현대오토에버·삼성물산, 크래프톤 등 | [공시] 아이씨에이치·케이엔알시스템 '투자경고', SGC에너지 '공매도 금...",2026-09-04,-0.1463,-0.1463,,success
223220,로지스몬,유상증자최종발행가액확정              (일반소액공모),paid_in_capital_increase,20260903,negative,-70,C,Paid-in capital increases can create dilution concerns.,5,5,1,4,5,"[공시] 한국항공우주 등 22개 종목 '공매도 금지', 셀리드 '투자경고' 등... | [오늘의 증시일정] 현대오토에버·삼성물산, 크래프톤 등 | [공시] 아이씨에이치·케이엔알시스템 '투자경고', SGC에너지 '공매도 금...",2026-09-04,-0.1463,-0.1463,,success
223220,로지스몬,유상증자최종발행가액확정              (일반소액공모),paid_in_capital_increase,20260903,negative,-70,C,Paid-in capital increases can create dilution concerns.,5,5,1,4,5,"[공시] 한국항공우주 등 22개 종목 '공매도 금지', 셀리드 '투자경고' 등... | [오늘의 증시일정] 현대오토에버·삼성물산, 크래프톤 등 | [공시] 아이씨에이치·케이엔알시스템 '투자경고', SGC에너지 '공매도 금...",2026-09-04,-0.1463,-0.1463,,success
223220,로지스몬,유상증자최종발행가액확정              (일반소액공모),paid_in_capital_increase,20260903,negative,-70,C,Paid-in capital increases can create dilution concerns.,5,5,1,4,5,"[공시] 한국항공우주 등 22개 종목 '공매도 금지', 셀리드 '투자경고' 등... | [오늘의 증시일정] 현대오토에버·삼성물산, 크래프톤 등 | [공시] 아이씨에이치·케이엔알시스템 '투자경고', SGC에너지 '공매도 금...",2026-09-04,-0.1463,-0.1463,,success
223220,로지스몬,유상증자최종발행가액확정              (일반소액공모),paid_in_capital_increase,20260903,negative,-70,C,Paid-in capital increases can create dilution concerns.,5,5,1,4,5,"[공시] 한국항공우주 등 22개 종목 '공매도 금지', 셀리드 '투자경고' 등... | [오늘의 증시일정] 현대오토에버·삼성물산, 크래프톤 등 | [공시] 아이씨에이치·케이엔알시스템 '투자경고', SGC에너지 '공매도 금...",2026-09-04,-0.1463,-0.1463,,success
223220,로지스몬,유상증자최종발행가액확정              (일반소액공모),paid_in_capital_increase,20260903,negative,-70,C,Paid-in capital increases can create dilution concerns.,5,5,1,4,5,"[공시] 한국항공우주 등 22개 종목 '공매도 금지', 셀리드 '투자경고' 등... | [오늘의 증시일정] 현대오토에버·삼성물산, 크래프톤 등 | [공시] 아이씨에이치·케이엔알시스템 '투자경고', SGC에너지 '공매도 금...",2026-09-04,-0.1463,-0.1463,,success
223220,로지스몬,유상증자최종발행가액확정              (일반소액공모),paid_in_capital_increase,20260903,negative,-70,C,Paid-in capital increases can create dilution concerns.,5,5,1,4,5,"[공시] 한국항공우주 등 22개 종목 '공매도 금지', 셀리드 '투자경고' 등... | [오늘의 증시일정] 현대오토에버·삼성물산, 크래프톤 등 | [공시] 아이씨에이치·케이엔알시스템 '투자경고', SGC에너지 '공매도 금...",2026-09-04,-0.1463,-0.1463,,success
223220,로지스몬,유상증자최종발행가액확정              (일반소액공모),paid_in_capital_increase,20260903,negative,-70,C,Paid-in capital increases can create dilution concerns.,5,5,1,4,5,"[공시] 한국항공우주 등 22개 종목 '공매도 금지', 셀리드 '투자경고' 등... | [오늘의 증시일정] 현대오토에버·삼성물산, 크래프톤 등 | [공시] 아이씨에이치·케이엔알시스템 '투자경고', SGC에너지 '공매도 금...",2026-09-04,-0.1463,-0.1463,,success
223220,로지스몬,유상증자최종발행가액확정              (일반소액공모),paid_in_capital_increase,20260903,negative,-70,C,Paid-in capital increases can create dilution concerns.,5,5,1,4,5,"[공시] 한국항공우주 등 22개 종목 '공매도 금지', 셀리드 '투자경고' 등... | [오늘의 증시일정] 현대오토에버·삼성물산, 크래프톤 등 | [공시] 아이씨에이치·케이엔알시스템 '투자경고', SGC에너지 '공매도 금...",2026-09-04,-0.1463,-0.1463,,success
223220,로지스몬,유상증자최종발행가액확정              (일반소액공모),paid_in_capital_increase,20260903,negative,-70,C,Paid-in capital increases can create dilution concerns.,5,5,1,4,5,"[공시] 한국항공우주 등 22개 종목 '공매도 금지', 셀리드 '투자경고' 등... | [오늘의 증시일정] 현대오토에버·삼성물산, 크래프톤 등 | [공시] 아이씨에이치·케이엔알시스템 '투자경고', SGC에너지 '공매도 금...",2026-09-04,-0.1463,-0.1463,,success
223220,로지스몬,유상증자최종발행가액확정              (일반소액공모),paid_in_capital_increase,20260903,negative,-70,C,Paid-in capital increases can create dilution concerns.,5,5,1,4,5,"[공시] 한국항공우주 등 22개 종목 '공매도 금지', 셀리드 '투자경고' 등... | [오늘의 증시일정] 현대오토에버·삼성물산, 크래프톤 등 | [공시] 아이씨에이치·케이엔알시스템 '투자경고', SGC에너지 '공매도 금...",2026-09-04,-0.1463,-0.1463,,success
223220,로지스몬,유상증자최종발행가액확정              (일반소액공모),paid_in_capital_increase,20260903,negative,-70,C,Paid-in capital increases can create dilution concerns.,5,5,1,4,5,"[공시] 한국항공우주 등 22개 종목 '공매도 금지', 셀리드 '투자경고' 등... | [오늘의 증시일정] 현대오토에버·삼성물산, 크래프톤 등 | [공시] 아이씨에이치·케이엔알시스템 '투자경고', SGC에너지 '공매도 금...",2026-09-04,-0.1463,-0.1463,,success
223220,로지스몬,유상증자최종발행가액확정              (일반소액공모),paid_in_capital_increase,20260903,negative,-70,C,Paid-in capital increases can create dilution concerns.,5,5,1,4,5,"[공시] 한국항공우주 등 22개 종목 '공매도 금지', 셀리드 '투자경고' 등... | [오늘의 증시일정] 현대오토에버·삼성물산, 크래프톤 등 | [공시] 아이씨에이치·케이엔알시스템 '투자경고', SGC에너지 '공매도 금...",2026-09-04,-0.1463,-0.1463,,success
223220,로지스몬,유상증자최종발행가액확정              (일반소액공모),paid_in_capital_increase,20260903,negative,-70,C,Paid-in capital increases can create dilution concerns.,5,5,1,4,5,"[공시] 한국항공우주 등 22개 종목 '공매도 금지', 셀리드 '투자경고' 등... | [오늘의 증시일정] 현대오토에버·삼성물산, 크래프톤 등 | [공시] 아이씨에이치·케이엔알시스템 '투자경고', SGC에너지 '공매도 금...",2026-09-04,-0.1463,-0.1463,,success
223220,로지스몬,유상증자최종발행가액확정              (일반소액공모),paid_in_capital_increase,20260903,negative,-70,C,Paid-in capital increases can create dilution concerns.,5,5,1,4,5,"[공시] 한국항공우주 등 22개 종목 '공매도 금지', 셀리드 '투자경고' 등... | [오늘의 증시일정] 현대오토에버·삼성물산, 크래프톤 등 | [공시] 아이씨에이치·케이엔알시스템 '투자경고', SGC에너지 '공매도 금...",2026-09-04,-0.1463,-0.1463,,success
223220,로지스몬,유상증자최종발행가액확정              (일반소액공모),paid_in_capital_increase,20260903,negative,-70,C,Paid-in capital increases can create dilution concerns.,5,5,1,4,5,"[공시] 한국항공우주 등 22개 종목 '공매도 금지', 셀리드 '투자경고' 등... | [오늘의 증시일정] 현대오토에버·삼성물산, 크래프톤 등 | [공시] 아이씨에이치·케이엔알시스템 '투자경고', SGC에너지 '공매도 금...",2026-09-04,-0.1463,-0.1463,,success
223220,로지스몬,유상증자최종발행가액확정              (일반소액공모),paid_in_capital_increase,20260903,negative,-70,C,Paid-in capital increases can create dilution concerns.,5,5,1,4,5,"[공시] 한국항공우주 등 22개 종목 '공매도 금지', 셀리드 '투자경고' 등... | [오늘의 증시일정] 현대오토에버·삼성물산, 크래프톤 등 | [공시] 아이씨에이치·케이엔알시스템 '투자경고', SGC에너지 '공매도 금...",2026-09-04,-0.1463,-0.1463,,success
223220,로지스몬,유상증자최종발행가액확정              (일반소액공모),paid_in_capital_increase,20260903,negative,-70,C,Paid-in capital increases can create dilution concerns.,5,5,1,4,5,"[공시] 한국항공우주 등 22개 종목 '공매도 금지', 셀리드 '투자경고' 등... | [오늘의 증시일정] 현대오토에버·삼성물산, 크래프톤 등 | [공시] 아이씨에이치·케이엔알시스템 '투자경고', SGC에너지 '공매도 금...",2026-09-04,-0.1463,-0.1463,,success
223220,로지스몬,유상증자최종발행가액확정              (일반소액공모),paid_in_capital_increase,20260903,negative,-70,C,Paid-in capital increases can create dilution concerns.,5,5,1,4,5,"[공시] 한국항공우주 등 22개 종목 '공매도 금지', 셀리드 '투자경고' 등... | [오늘의 증시일정] 현대오토에버·삼성물산, 크래프톤 등 | [공시] 아이씨에이치·케이엔알시스템 '투자경고', SGC에너지 '공매도 금...",2026-09-04,-0.1463,-0.1463,,success
223220,로지스몬,유상증자최종발행가액확정              (일반소액공모),paid_in_capital_increase,20260903,negative,-70,C,Paid-in capital increases can create dilution concerns.,5,5,1,4,5,"[공시] 한국항공우주 등 22개 종목 '공매도 금지', 셀리드 '투자경고' 등... | [오늘의 증시일정] 현대오토에버·삼성물산, 크래프톤 등 | [공시] 아이씨에이치·케이엔알시스템 '투자경고', SGC에너지 '공매도 금...",2026-09-04,-0.1463,-0.1463,,success
223220,로지스몬,유상증자최종발행가액확정              (일반소액공모),paid_in_capital_increase,20260903,negative,-70,C,Paid-in capital increases can create dilution concerns.,5,5,1,4,5,"[공시] 한국항공우주 등 22개 종목 '공매도 금지', 셀리드 '투자경고' 등... | [오늘의 증시일정] 현대오토에버·삼성물산, 크래프톤 등 | [공시] 아이씨에이치·케이엔알시스템 '투자경고', SGC에너지 '공매도 금...",2026-09-04,-0.1463,-0.1463,,success
223220,로지스몬,유상증자최종발행가액확정              (일반소액공모),paid_in_capital_increase,20260903,negative,-70,C,Paid-in capital increases can create dilution concerns.,5,5,1,4,5,"[공시] 한국항공우주 등 22개 종목 '공매도 금지', 셀리드 '투자경고' 등... | [오늘의 증시일정] 현대오토에버·삼성물산, 크래프톤 등 | [공시] 아이씨에이치·케이엔알시스템 '투자경고', SGC에너지 '공매도 금...",2026-09-04,-0.1463,-0.1463,,success
223220,로지스몬,유상증자최종발행가액확정              (일반소액공모),paid_in_capital_increase,20260903,negative,-70,C,Paid-in capital increases can create dilution concerns.,5,5,1,4,5,"[공시] 한국항공우주 등 22개 종목 '공매도 금지', 셀리드 '투자경고' 등... | [오늘의 증시일정] 현대오토에버·삼성물산, 크래프톤 등 | [공시] 아이씨에이치·케이엔알시스템 '투자경고', SGC에너지 '공매도 금...",2026-09-04,-0.1463,-0.1463,,success
223220,로지스몬,유상증자최종발행가액확정              (일반소액공모),paid_in_capital_increase,20260903,negative,-70,C,Paid-in capital increases can create dilution concerns.,5,5,1,4,5,"[공시] 한국항공우주 등 22개 종목 '공매도 금지', 셀리드 '투자경고' 등... | [오늘의 증시일정] 현대오토에버·삼성물산, 크래프톤 등 | [공시] 아이씨에이치·케이엔알시스템 '투자경고', SGC에너지 '공매도 금...",2026-09-04,-0.1463,-0.1463,,success
223220,로지스몬,유상증자최종발행가액확정              (일반소액공모),paid_in_capital_increase,20260903,negative,-70,C,Paid-in capital increases can create dilution concerns.,5,5,1,4,5,"[공시] 한국항공우주 등 22개 종목 '공매도 금지', 셀리드 '투자경고' 등... | [오늘의 증시일정] 현대오토에버·삼성물산, 크래프톤 등 | [공시] 아이씨에이치·케이엔알시스템 '투자경고', SGC에너지 '공매도 금...",2026-09-04,-0.1463,-0.1463,,success
223220,로지스몬,유상증자최종발행가액확정              (일반소액공모),paid_in_capital_increase,20260903,negative,-70,C,Paid-in capital increases can create dilution concerns.,5,5,1,4,5,"[공시] 한국항공우주 등 22개 종목 '공매도 금지', 셀리드 '투자경고' 등... | [오늘의 증시일정] 현대오토에버·삼성물산, 크래프톤 등 | [공시] 아이씨에이치·케이엔알시스템 '투자경고', SGC에너지 '공매도 금...",2026-09-04,-0.1463,-0.1463,,success
223220,로지스몬,유상증자최종발행가액확정              (일반소액공모),paid_in_capital_increase,20260903,negative,-70,C,Paid-in capital increases can create dilution concerns.,5,5,1,4,5,"[공시] 한국항공우주 등 22개 종목 '공매도 금지', 셀리드 '투자경고' 등... | [오늘의 증시일정] 현대오토에버·삼성물산, 크래프톤 등 | [공시] 아이씨에이치·케이엔알시스템 '투자경고', SGC에너지 '공매도 금...",2026-09-04,-0.1463,-0.1463,,success
223220,로지스몬,유상증자최종발행가액확정              (일반소액공모),paid_in_capital_increase,20260903,negative,-70,C,Paid-in capital increases can create dilution concerns.,5,5,1,4,5,"[공시] 한국항공우주 등 22개 종목 '공매도 금지', 셀리드 '투자경고' 등... | [오늘의 증시일정] 현대오토에버·삼성물산, 크래프톤 등 | [공시] 아이씨에이치·케이엔알시스템 '투자경고', SGC에너지 '공매도 금...",2026-09-04,-0.1463,-0.1463,,success
223220,로지스몬,유상증자최종발행가액확정              (일반소액공모),paid_in_capital_increase,20260903,negative,-70,C,Paid-in capital increases can create dilution concerns.,5,5,1,4,5,"[공시] 한국항공우주 등 22개 종목 '공매도 금지', 셀리드 '투자경고' 등... | [오늘의 증시일정] 현대오토에버·삼성물산, 크래프톤 등 | [공시] 아이씨에이치·케이엔알시스템 '투자경고', SGC에너지 '공매도 금...",2026-09-04,-0.1463,-0.1463,,success
223220,로지스몬,유상증자최종발행가액확정              (일반소액공모),paid_in_capital_increase,20260903,negative,-70,C,Paid-in capital increases can create dilution concerns.,5,5,1,4,5,"[공시] 한국항공우주 등 22개 종목 '공매도 금지', 셀리드 '투자경고' 등... | [오늘의 증시일정] 현대오토에버·삼성물산, 크래프톤 등 | [공시] 아이씨에이치·케이엔알시스템 '투자경고', SGC에너지 '공매도 금...",2026-09-04,-0.1463,-0.1463,,success
223220,로지스몬,유상증자최종발행가액확정              (일반소액공모),paid_in_capital_increase,20260903,negative,-70,C,Paid-in capital increases can create dilution concerns.,5,5,1,4,5,"[공시] 한국항공우주 등 22개 종목 '공매도 금지', 셀리드 '투자경고' 등... | [오늘의 증시일정] 현대오토에버·삼성물산, 크래프톤 등 | [공시] 아이씨에이치·케이엔알시스템 '투자경고', SGC에너지 '공매도 금...",2026-09-04,-0.1463,-0.1463,,success
223220,로지스몬,유상증자최종발행가액확정              (일반소액공모),paid_in_capital_increase,20260903,negative,-70,C,Paid-in capital increases can create dilution concerns.,5,5,1,4,5,"[공시] 한국항공우주 등 22개 종목 '공매도 금지', 셀리드 '투자경고' 등... | [오늘의 증시일정] 현대오토에버·삼성물산, 크래프톤 등 | [공시] 아이씨에이치·케이엔알시스템 '투자경고', SGC에너지 '공매도 금...",2026-09-04,-0.1463,-0.1463,,success
223220,로지스몬,유상증자최종발행가액확정              (일반소액공모),paid_in_capital_increase,20260903,negative,-70,C,Paid-in capital increases can create dilution concerns.,5,5,1,4,5,"[공시] 한국항공우주 등 22개 종목 '공매도 금지', 셀리드 '투자경고' 등... | [오늘의 증시일정] 현대오토에버·삼성물산, 크래프톤 등 | [공시] 아이씨에이치·케이엔알시스템 '투자경고', SGC에너지 '공매도 금...",2026-09-04,-0.1463,-0.1463,,success
223220,로지스몬,유상증자최종발행가액확정              (일반소액공모),paid_in_capital_increase,20260903,negative,-70,C,Paid-in capital increases can create dilution concerns.,5,5,1,4,5,"[공시] 한국항공우주 등 22개 종목 '공매도 금지', 셀리드 '투자경고' 등... | [오늘의 증시일정] 현대오토에버·삼성물산, 크래프톤 등 | [공시] 아이씨에이치·케이엔알시스템 '투자경고', SGC에너지 '공매도 금...",2026-09-04,-0.1463,-0.1463,,success
223220,로지스몬,유상증자최종발행가액확정              (일반소액공모),paid_in_capital_increase,20260903,negative,-70,C,Paid-in capital increases can create dilution concerns.,5,5,1,4,5,"[공시] 한국항공우주 등 22개 종목 '공매도 금지', 셀리드 '투자경고' 등... | [오늘의 증시일정] 현대오토에버·삼성물산, 크래프톤 등 | [공시] 아이씨에이치·케이엔알시스템 '투자경고', SGC에너지 '공매도 금...",2026-09-04,-0.1463,-0.1463,,success
223220,로지스몬,유상증자최종발행가액확정              (일반소액공모),paid_in_capital_increase,20260903,negative,-70,C,Paid-in capital increases can create dilution concerns.,5,5,1,4,5,"[공시] 한국항공우주 등 22개 종목 '공매도 금지', 셀리드 '투자경고' 등... | [오늘의 증시일정] 현대오토에버·삼성물산, 크래프톤 등 | [공시] 아이씨에이치·케이엔알시스템 '투자경고', SGC에너지 '공매도 금...",2026-09-04,-0.1463,-0.1463,,success
223220,로지스몬,유상증자최종발행가액확정              (일반소액공모),paid_in_capital_increase,20260903,negative,-70,C,Paid-in capital increases can create dilution concerns.,5,5,1,4,5,"[공시] 한국항공우주 등 22개 종목 '공매도 금지', 셀리드 '투자경고' 등... | [오늘의 증시일정] 현대오토에버·삼성물산, 크래프톤 등 | [공시] 아이씨에이치·케이엔알시스템 '투자경고', SGC에너지 '공매도 금...",2026-09-04,-0.1463,-0.1463,,success
223220,로지스몬,유상증자최종발행가액확정              (일반소액공모),paid_in_capital_increase,20260903,negative,-70,C,Paid-in capital increases can create dilution concerns.,5,5,1,4,5,"[공시] 한국항공우주 등 22개 종목 '공매도 금지', 셀리드 '투자경고' 등... | [오늘의 증시일정] 현대오토에버·삼성물산, 크래프톤 등 | [공시] 아이씨에이치·케이엔알시스템 '투자경고', SGC에너지 '공매도 금...",2026-09-04,-0.1463,-0.1463,,success
223220,로지스몬,[기재정정]주요사항보고서(유상증자결정),paid_in_capital_increase,20260903,negative,-70,C,Paid-in capital increases can create dilution concerns.,5,5,1,4,5,"[공시] 한국항공우주 등 22개 종목 '공매도 금지', 셀리드 '투자경고' 등... | [오늘의 증시일정] 현대오토에버·삼성물산, 크래프톤 등 | [공시] 아이씨에이치·케이엔알시스템 '투자경고', SGC에너지 '공매도 금...",2026-09-04,-0.1463,-0.1463,,success
223220,로지스몬,[기재정정]주요사항보고서(유상증자결정),paid_in_capital_increase,20260903,negative,-70,C,Paid-in capital increases can create dilution concerns.,5,5,1,4,5,"[공시] 한국항공우주 등 22개 종목 '공매도 금지', 셀리드 '투자경고' 등... | [오늘의 증시일정] 현대오토에버·삼성물산, 크래프톤 등 | [공시] 아이씨에이치·케이엔알시스템 '투자경고', SGC에너지 '공매도 금...",2026-09-04,-0.1463,-0.1463,,success
223220,로지스몬,[기재정정]주요사항보고서(유상증자결정),paid_in_capital_increase,20260903,negative,-70,C,Paid-in capital increases can create dilution concerns.,5,5,1,4,5,"[공시] 한국항공우주 등 22개 종목 '공매도 금지', 셀리드 '투자경고' 등... | [오늘의 증시일정] 현대오토에버·삼성물산, 크래프톤 등 | [공시] 아이씨에이치·케이엔알시스템 '투자경고', SGC에너지 '공매도 금...",2026-09-04,-0.1463,-0.1463,,success
223220,로지스몬,[기재정정]주요사항보고서(유상증자결정),paid_in_capital_increase,20260903,negative,-70,C,Paid-in capital increases can create dilution concerns.,5,5,1,4,5,"[공시] 한국항공우주 등 22개 종목 '공매도 금지', 셀리드 '투자경고' 등... | [오늘의 증시일정] 현대오토에버·삼성물산, 크래프톤 등 | [공시] 아이씨에이치·케이엔알시스템 '투자경고', SGC에너지 '공매도 금...",2026-09-04,-0.1463,-0.1463,,success
223220,로지스몬,[기재정정]주요사항보고서(유상증자결정),paid_in_capital_increase,20260903,negative,-70,C,Paid-in capital increases can create dilution concerns.,5,5,1,4,5,"[공시] 한국항공우주 등 22개 종목 '공매도 금지', 셀리드 '투자경고' 등... | [오늘의 증시일정] 현대오토에버·삼성물산, 크래프톤 등 | [공시] 아이씨에이치·케이엔알시스템 '투자경고', SGC에너지 '공매도 금...",2026-09-04,-0.1463,-0.1463,,success
223220,로지스몬,[기재정정]주요사항보고서(유상증자결정),paid_in_capital_increase,20260903,negative,-70,C,Paid-in capital increases can create dilution concerns.,5,5,1,4,5,"[공시] 한국항공우주 등 22개 종목 '공매도 금지', 셀리드 '투자경고' 등... | [오늘의 증시일정] 현대오토에버·삼성물산, 크래프톤 등 | [공시] 아이씨에이치·케이엔알시스템 '투자경고', SGC에너지 '공매도 금...",2026-09-04,-0.1463,-0.1463,,success
223220,로지스몬,[기재정정]주요사항보고서(유상증자결정),paid_in_capital_increase,20260903,negative,-70,C,Paid-in capital increases can create dilution concerns.,5,5,1,4,5,"[공시] 한국항공우주 등 22개 종목 '공매도 금지', 셀리드 '투자경고' 등... | [오늘의 증시일정] 현대오토에버·삼성물산, 크래프톤 등 | [공시] 아이씨에이치·케이엔알시스템 '투자경고', SGC에너지 '공매도 금...",2026-09-04,-0.1463,-0.1463,,success
223220,로지스몬,[기재정정]주요사항보고서(유상증자결정),paid_in_capital_increase,20260903,negative,-70,C,Paid-in capital increases can create dilution concerns.,5,5,1,4,5,"[공시] 한국항공우주 등 22개 종목 '공매도 금지', 셀리드 '투자경고' 등... | [오늘의 증시일정] 현대오토에버·삼성물산, 크래프톤 등 | [공시] 아이씨에이치·케이엔알시스템 '투자경고', SGC에너지 '공매도 금...",2026-09-04,-0.1463,-0.1463,,success
223220,로지스몬,[기재정정]주요사항보고서(유상증자결정),paid_in_capital_increase,20260903,negative,-70,C,Paid-in capital increases can create dilution concerns.,5,5,1,4,5,"[공시] 한국항공우주 등 22개 종목 '공매도 금지', 셀리드 '투자경고' 등... | [오늘의 증시일정] 현대오토에버·삼성물산, 크래프톤 등 | [공시] 아이씨에이치·케이엔알시스템 '투자경고', SGC에너지 '공매도 금...",2026-09-04,-0.1463,-0.1463,,success
223220,로지스몬,[기재정정]주요사항보고서(유상증자결정),paid_in_capital_increase,20260903,negative,-70,C,Paid-in capital increases can create dilution concerns.,5,5,1,4,5,"[공시] 한국항공우주 등 22개 종목 '공매도 금지', 셀리드 '투자경고' 등... | [오늘의 증시일정] 현대오토에버·삼성물산, 크래프톤 등 | [공시] 아이씨에이치·케이엔알시스템 '투자경고', SGC에너지 '공매도 금...",2026-09-04,-0.1463,-0.1463,,success
223220,로지스몬,[기재정정]주요사항보고서(유상증자결정),paid_in_capital_increase,20260903,negative,-70,C,Paid-in capital increases can create dilution concerns.,5,5,1,4,5,"[공시] 한국항공우주 등 22개 종목 '공매도 금지', 셀리드 '투자경고' 등... | [오늘의 증시일정] 현대오토에버·삼성물산, 크래프톤 등 | [공시] 아이씨에이치·케이엔알시스템 '투자경고', SGC에너지 '공매도 금...",2026-09-04,-0.1463,-0.1463,,success
223220,로지스몬,[기재정정]주요사항보고서(유상증자결정),paid_in_capital_increase,20260903,negative,-70,C,Paid-in capital increases can create dilution concerns.,5,5,1,4,5,"[공시] 한국항공우주 등 22개 종목 '공매도 금지', 셀리드 '투자경고' 등... | [오늘의 증시일정] 현대오토에버·삼성물산, 크래프톤 등 | [공시] 아이씨에이치·케이엔알시스템 '투자경고', SGC에너지 '공매도 금...",2026-09-04,-0.1463,-0.1463,,success
223220,로지스몬,[기재정정]주요사항보고서(유상증자결정),paid_in_capital_increase,20260903,negative,-70,C,Paid-in capital increases can create dilution concerns.,5,5,1,4,5,"[공시] 한국항공우주 등 22개 종목 '공매도 금지', 셀리드 '투자경고' 등... | [오늘의 증시일정] 현대오토에버·삼성물산, 크래프톤 등 | [공시] 아이씨에이치·케이엔알시스템 '투자경고', SGC에너지 '공매도 금...",2026-09-04,-0.1463,-0.1463,,success
223220,로지스몬,[기재정정]주요사항보고서(유상증자결정),paid_in_capital_increase,20260903,negative,-70,C,Paid-in capital increases can create dilution concerns.,5,5,1,4,5,"[공시] 한국항공우주 등 22개 종목 '공매도 금지', 셀리드 '투자경고' 등... | [오늘의 증시일정] 현대오토에버·삼성물산, 크래프톤 등 | [공시] 아이씨에이치·케이엔알시스템 '투자경고', SGC에너지 '공매도 금...",2026-09-04,-0.1463,-0.1463,,success
223220,로지스몬,[기재정정]주요사항보고서(유상증자결정),paid_in_capital_increase,20260903,negative,-70,C,Paid-in capital increases can create dilution concerns.,5,5,1,4,5,"[공시] 한국항공우주 등 22개 종목 '공매도 금지', 셀리드 '투자경고' 등... | [오늘의 증시일정] 현대오토에버·삼성물산, 크래프톤 등 | [공시] 아이씨에이치·케이엔알시스템 '투자경고', SGC에너지 '공매도 금...",2026-09-04,-0.1463,-0.1463,,success
223220,로지스몬,[기재정정]주요사항보고서(유상증자결정),paid_in_capital_increase,20260903,negative,-70,C,Paid-in capital increases can create dilution concerns.,5,5,1,4,5,"[공시] 한국항공우주 등 22개 종목 '공매도 금지', 셀리드 '투자경고' 등... | [오늘의 증시일정] 현대오토에버·삼성물산, 크래프톤 등 | [공시] 아이씨에이치·케이엔알시스템 '투자경고', SGC에너지 '공매도 금...",2026-09-04,-0.1463,-0.1463,,success
223220,로지스몬,[기재정정]주요사항보고서(유상증자결정),paid_in_capital_increase,20260903,negative,-70,C,Paid-in capital increases can create dilution concerns.,5,5,1,4,5,"[공시] 한국항공우주 등 22개 종목 '공매도 금지', 셀리드 '투자경고' 등... | [오늘의 증시일정] 현대오토에버·삼성물산, 크래프톤 등 | [공시] 아이씨에이치·케이엔알시스템 '투자경고', SGC에너지 '공매도 금...",2026-09-04,-0.1463,-0.1463,,success
223220,로지스몬,[기재정정]주요사항보고서(유상증자결정),paid_in_capital_increase,20260903,negative,-70,C,Paid-in capital increases can create dilution concerns.,5,5,1,4,5,"[공시] 한국항공우주 등 22개 종목 '공매도 금지', 셀리드 '투자경고' 등... | [오늘의 증시일정] 현대오토에버·삼성물산, 크래프톤 등 | [공시] 아이씨에이치·케이엔알시스템 '투자경고', SGC에너지 '공매도 금...",2026-09-04,-0.1463,-0.1463,,success
223220,로지스몬,[기재정정]주요사항보고서(유상증자결정),paid_in_capital_increase,20260903,negative,-70,C,Paid-in capital increases can create dilution concerns.,5,5,1,4,5,"[공시] 한국항공우주 등 22개 종목 '공매도 금지', 셀리드 '투자경고' 등... | [오늘의 증시일정] 현대오토에버·삼성물산, 크래프톤 등 | [공시] 아이씨에이치·케이엔알시스템 '투자경고', SGC에너지 '공매도 금...",2026-09-04,-0.1463,-0.1463,,success
223220,로지스몬,[기재정정]주요사항보고서(유상증자결정),paid_in_capital_increase,20260903,negative,-70,C,Paid-in capital increases can create dilution concerns.,5,5,1,4,5,"[공시] 한국항공우주 등 22개 종목 '공매도 금지', 셀리드 '투자경고' 등... | [오늘의 증시일정] 현대오토에버·삼성물산, 크래프톤 등 | [공시] 아이씨에이치·케이엔알시스템 '투자경고', SGC에너지 '공매도 금...",2026-09-04,-0.1463,-0.1463,,success
223220,로지스몬,[기재정정]주요사항보고서(유상증자결정),paid_in_capital_increase,20260903,negative,-70,C,Paid-in capital increases can create dilution concerns.,5,5,1,4,5,"[공시] 한국항공우주 등 22개 종목 '공매도 금지', 셀리드 '투자경고' 등... | [오늘의 증시일정] 현대오토에버·삼성물산, 크래프톤 등 | [공시] 아이씨에이치·케이엔알시스템 '투자경고', SGC에너지 '공매도 금...",2026-09-04,-0.1463,-0.1463,,success
223220,로지스몬,[기재정정]주요사항보고서(유상증자결정),paid_in_capital_increase,20260903,negative,-70,C,Paid-in capital increases can create dilution concerns.,5,5,1,4,5,"[공시] 한국항공우주 등 22개 종목 '공매도 금지', 셀리드 '투자경고' 등... | [오늘의 증시일정] 현대오토에버·삼성물산, 크래프톤 등 | [공시] 아이씨에이치·케이엔알시스템 '투자경고', SGC에너지 '공매도 금...",2026-09-04,-0.1463,-0.1463,,success
223220,로지스몬,[기재정정]주요사항보고서(유상증자결정),paid_in_capital_increase,20260903,negative,-70,C,Paid-in capital increases can create dilution concerns.,5,5,1,4,5,"[공시] 한국항공우주 등 22개 종목 '공매도 금지', 셀리드 '투자경고' 등... | [오늘의 증시일정] 현대오토에버·삼성물산, 크래프톤 등 | [공시] 아이씨에이치·케이엔알시스템 '투자경고', SGC에너지 '공매도 금...",2026-09-04,-0.1463,-0.1463,,success
223220,로지스몬,[기재정정]주요사항보고서(유상증자결정),paid_in_capital_increase,20260903,negative,-70,C,Paid-in capital increases can create dilution concerns.,5,5,1,4,5,"[공시] 한국항공우주 등 22개 종목 '공매도 금지', 셀리드 '투자경고' 등... | [오늘의 증시일정] 현대오토에버·삼성물산, 크래프톤 등 | [공시] 아이씨에이치·케이엔알시스템 '투자경고', SGC에너지 '공매도 금...",2026-09-04,-0.1463,-0.1463,,success
223220,로지스몬,[기재정정]주요사항보고서(유상증자결정),paid_in_capital_increase,20260903,negative,-70,C,Paid-in capital increases can create dilution concerns.,5,5,1,4,5,"[공시] 한국항공우주 등 22개 종목 '공매도 금지', 셀리드 '투자경고' 등... | [오늘의 증시일정] 현대오토에버·삼성물산, 크래프톤 등 | [공시] 아이씨에이치·케이엔알시스템 '투자경고', SGC에너지 '공매도 금...",2026-09-04,-0.1463,-0.1463,,success
223220,로지스몬,[기재정정]주요사항보고서(유상증자결정),paid_in_capital_increase,20260903,negative,-70,C,Paid-in capital increases can create dilution concerns.,5,5,1,4,5,"[공시] 한국항공우주 등 22개 종목 '공매도 금지', 셀리드 '투자경고' 등... | [오늘의 증시일정] 현대오토에버·삼성물산, 크래프톤 등 | [공시] 아이씨에이치·케이엔알시스템 '투자경고', SGC에너지 '공매도 금...",2026-09-04,-0.1463,-0.1463,,success
223220,로지스몬,[기재정정]주요사항보고서(유상증자결정),paid_in_capital_increase,20260903,negative,-70,C,Paid-in capital increases can create dilution concerns.,5,5,1,4,5,"[공시] 한국항공우주 등 22개 종목 '공매도 금지', 셀리드 '투자경고' 등... | [오늘의 증시일정] 현대오토에버·삼성물산, 크래프톤 등 | [공시] 아이씨에이치·케이엔알시스템 '투자경고', SGC에너지 '공매도 금...",2026-09-04,-0.1463,-0.1463,,success
223220,로지스몬,[기재정정]주요사항보고서(유상증자결정),paid_in_capital_increase,20260903,negative,-70,C,Paid-in capital increases can create dilution concerns.,5,5,1,4,5,"[공시] 한국항공우주 등 22개 종목 '공매도 금지', 셀리드 '투자경고' 등... | [오늘의 증시일정] 현대오토에버·삼성물산, 크래프톤 등 | [공시] 아이씨에이치·케이엔알시스템 '투자경고', SGC에너지 '공매도 금...",2026-09-04,-0.1463,-0.1463,,success
223220,로지스몬,[기재정정]주요사항보고서(유상증자결정),paid_in_capital_increase,20260903,negative,-70,C,Paid-in capital increases can create dilution concerns.,5,5,1,4,5,"[공시] 한국항공우주 등 22개 종목 '공매도 금지', 셀리드 '투자경고' 등... | [오늘의 증시일정] 현대오토에버·삼성물산, 크래프톤 등 | [공시] 아이씨에이치·케이엔알시스템 '투자경고', SGC에너지 '공매도 금...",2026-09-04,-0.1463,-0.1463,,success
223220,로지스몬,[기재정정]주요사항보고서(유상증자결정),paid_in_capital_increase,20260903,negative,-70,C,Paid-in capital increases can create dilution concerns.,5,5,1,4,5,"[공시] 한국항공우주 등 22개 종목 '공매도 금지', 셀리드 '투자경고' 등... | [오늘의 증시일정] 현대오토에버·삼성물산, 크래프톤 등 | [공시] 아이씨에이치·케이엔알시스템 '투자경고', SGC에너지 '공매도 금...",2026-09-04,-0.1463,-0.1463,,success
223220,로지스몬,[기재정정]주요사항보고서(유상증자결정),paid_in_capital_increase,20260903,negative,-70,C,Paid-in capital increases can create dilution concerns.,5,5,1,4,5,"[공시] 한국항공우주 등 22개 종목 '공매도 금지', 셀리드 '투자경고' 등... | [오늘의 증시일정] 현대오토에버·삼성물산, 크래프톤 등 | [공시] 아이씨에이치·케이엔알시스템 '투자경고', SGC에너지 '공매도 금...",2026-09-04,-0.1463,-0.1463,,success
223220,로지스몬,[기재정정]주요사항보고서(유상증자결정),paid_in_capital_increase,20260903,negative,-70,C,Paid-in capital increases can create dilution concerns.,5,5,1,4,5,"[공시] 한국항공우주 등 22개 종목 '공매도 금지', 셀리드 '투자경고' 등... | [오늘의 증시일정] 현대오토에버·삼성물산, 크래프톤 등 | [공시] 아이씨에이치·케이엔알시스템 '투자경고', SGC에너지 '공매도 금...",2026-09-04,-0.1463,-0.1463,,success
223220,로지스몬,[기재정정]주요사항보고서(유상증자결정),paid_in_capital_increase,20260903,negative,-70,C,Paid-in capital increases can create dilution concerns.,5,5,1,4,5,"[공시] 한국항공우주 등 22개 종목 '공매도 금지', 셀리드 '투자경고' 등... | [오늘의 증시일정] 현대오토에버·삼성물산, 크래프톤 등 | [공시] 아이씨에이치·케이엔알시스템 '투자경고', SGC에너지 '공매도 금...",2026-09-04,-0.1463,-0.1463,,success
223220,로지스몬,[기재정정]주요사항보고서(유상증자결정),paid_in_capital_increase,20260903,negative,-70,C,Paid-in capital increases can create dilution concerns.,5,5,1,4,5,"[공시] 한국항공우주 등 22개 종목 '공매도 금지', 셀리드 '투자경고' 등... | [오늘의 증시일정] 현대오토에버·삼성물산, 크래프톤 등 | [공시] 아이씨에이치·케이엔알시스템 '투자경고', SGC에너지 '공매도 금...",2026-09-04,-0.1463,-0.1463,,success
223220,로지스몬,[기재정정]주요사항보고서(유상증자결정),paid_in_capital_increase,20260903,negative,-70,C,Paid-in capital increases can create dilution concerns.,5,5,1,4,5,"[공시] 한국항공우주 등 22개 종목 '공매도 금지', 셀리드 '투자경고' 등... | [오늘의 증시일정] 현대오토에버·삼성물산, 크래프톤 등 | [공시] 아이씨에이치·케이엔알시스템 '투자경고', SGC에너지 '공매도 금...",2026-09-04,-0.1463,-0.1463,,success
223220,로지스몬,[기재정정]주요사항보고서(유상증자결정),paid_in_capital_increase,20260903,negative,-70,C,Paid-in capital increases can create dilution concerns.,5,5,1,4,5,"[공시] 한국항공우주 등 22개 종목 '공매도 금지', 셀리드 '투자경고' 등... | [오늘의 증시일정] 현대오토에버·삼성물산, 크래프톤 등 | [공시] 아이씨에이치·케이엔알시스템 '투자경고', SGC에너지 '공매도 금...",2026-09-04,-0.1463,-0.1463,,success
223220,로지스몬,[기재정정]주요사항보고서(유상증자결정),paid_in_capital_increase,20260903,negative,-70,C,Paid-in capital increases can create dilution concerns.,5,5,1,4,5,"[공시] 한국항공우주 등 22개 종목 '공매도 금지', 셀리드 '투자경고' 등... | [오늘의 증시일정] 현대오토에버·삼성물산, 크래프톤 등 | [공시] 아이씨에이치·케이엔알시스템 '투자경고', SGC에너지 '공매도 금...",2026-09-04,-0.1463,-0.1463,,success
223220,로지스몬,[기재정정]주요사항보고서(유상증자결정),paid_in_capital_increase,20260903,negative,-70,C,Paid-in capital increases can create dilution concerns.,5,5,1,4,5,"[공시] 한국항공우주 등 22개 종목 '공매도 금지', 셀리드 '투자경고' 등... | [오늘의 증시일정] 현대오토에버·삼성물산, 크래프톤 등 | [공시] 아이씨에이치·케이엔알시스템 '투자경고', SGC에너지 '공매도 금...",2026-09-04,-0.1463,-0.1463,,success
223220,로지스몬,[기재정정]주요사항보고서(유상증자결정),paid_in_capital_increase,20260903,negative,-70,C,Paid-in capital increases can create dilution concerns.,5,5,1,4,5,"[공시] 한국항공우주 등 22개 종목 '공매도 금지', 셀리드 '투자경고' 등... | [오늘의 증시일정] 현대오토에버·삼성물산, 크래프톤 등 | [공시] 아이씨에이치·케이엔알시스템 '투자경고', SGC에너지 '공매도 금...",2026-09-04,-0.1463,-0.1463,,success
223220,로지스몬,[기재정정]주요사항보고서(유상증자결정),paid_in_capital_increase,20260903,negative,-70,C,Paid-in capital increases can create dilution concerns.,5,5,1,4,5,"[공시] 한국항공우주 등 22개 종목 '공매도 금지', 셀리드 '투자경고' 등... | [오늘의 증시일정] 현대오토에버·삼성물산, 크래프톤 등 | [공시] 아이씨에이치·케이엔알시스템 '투자경고', SGC에너지 '공매도 금...",2026-09-04,-0.1463,-0.1463,,success
223220,로지스몬,[기재정정]주요사항보고서(유상증자결정),paid_in_capital_increase,20260903,negative,-70,C,Paid-in capital increases can create dilution concerns.,5,5,1,4,5,"[공시] 한국항공우주 등 22개 종목 '공매도 금지', 셀리드 '투자경고' 등... | [오늘의 증시일정] 현대오토에버·삼성물산, 크래프톤 등 | [공시] 아이씨에이치·케이엔알시스템 '투자경고', SGC에너지 '공매도 금...",2026-09-04,-0.1463,-0.1463,,success
223220,로지스몬,[기재정정]주요사항보고서(유상증자결정),paid_in_capital_increase,20260903,negative,-70,C,Paid-in capital increases can create dilution concerns.,5,5,1,4,5,"[공시] 한국항공우주 등 22개 종목 '공매도 금지', 셀리드 '투자경고' 등... | [오늘의 증시일정] 현대오토에버·삼성물산, 크래프톤 등 | [공시] 아이씨에이치·케이엔알시스템 '투자경고', SGC에너지 '공매도 금...",2026-09-04,-0.1463,-0.1463,,success
223220,로지스몬,[기재정정]주요사항보고서(유상증자결정),paid_in_capital_increase,20260903,negative,-70,C,Paid-in capital increases can create dilution concerns.,5,5,1,4,5,"[공시] 한국항공우주 등 22개 종목 '공매도 금지', 셀리드 '투자경고' 등... | [오늘의 증시일정] 현대오토에버·삼성물산, 크래프톤 등 | [공시] 아이씨에이치·케이엔알시스템 '투자경고', SGC에너지 '공매도 금...",2026-09-04,-0.1463,-0.1463,,success
223220,로지스몬,[기재정정]주요사항보고서(유상증자결정),paid_in_capital_increase,20260903,negative,-70,C,Paid-in capital increases can create dilution concerns.,5,5,1,4,5,"[공시] 한국항공우주 등 22개 종목 '공매도 금지', 셀리드 '투자경고' 등... | [오늘의 증시일정] 현대오토에버·삼성물산, 크래프톤 등 | [공시] 아이씨에이치·케이엔알시스템 '투자경고', SGC에너지 '공매도 금...",2026-09-04,-0.1463,-0.1463,,success
223220,로지스몬,[기재정정]주요사항보고서(유상증자결정),paid_in_capital_increase,20260903,negative,-70,C,Paid-in capital increases can create dilution concerns.,5,5,1,4,5,"[공시] 한국항공우주 등 22개 종목 '공매도 금지', 셀리드 '투자경고' 등... | [오늘의 증시일정] 현대오토에버·삼성물산, 크래프톤 등 | [공시] 아이씨에이치·케이엔알시스템 '투자경고', SGC에너지 '공매도 금...",2026-09-04,-0.1463,-0.1463,,success
223220,로지스몬,[기재정정]주요사항보고서(유상증자결정),paid_in_capital_increase,20260903,negative,-70,C,Paid-in capital increases can create dilution concerns.,5,5,1,4,5,"[공시] 한국항공우주 등 22개 종목 '공매도 금지', 셀리드 '투자경고' 등... | [오늘의 증시일정] 현대오토에버·삼성물산, 크래프톤 등 | [공시] 아이씨에이치·케이엔알시스템 '투자경고', SGC에너지 '공매도 금...",2026-09-04,-0.1463,-0.1463,,success
223220,로지스몬,[기재정정]주요사항보고서(유상증자결정),paid_in_capital_increase,20260903,negative,-70,C,Paid-in capital increases can create dilution concerns.,5,5,1,4,5,"[공시] 한국항공우주 등 22개 종목 '공매도 금지', 셀리드 '투자경고' 등... | [오늘의 증시일정] 현대오토에버·삼성물산, 크래프톤 등 | [공시] 아이씨에이치·케이엔알시스템 '투자경고', SGC에너지 '공매도 금...",2026-09-04,-0.1463,-0.1463,,success
223220,로지스몬,[기재정정]주요사항보고서(유상증자결정),paid_in_capital_increase,20260903,negative,-70,C,Paid-in capital increases can create dilution concerns.,5,5,1,4,5,"[공시] 한국항공우주 등 22개 종목 '공매도 금지', 셀리드 '투자경고' 등... | [오늘의 증시일정] 현대오토에버·삼성물산, 크래프톤 등 | [공시] 아이씨에이치·케이엔알시스템 '투자경고', SGC에너지 '공매도 금...",2026-09-04,-0.1463,-0.1463,,success
223220,로지스몬,[기재정정]주요사항보고서(유상증자결정),paid_in_capital_increase,20260903,negative,-70,C,Paid-in capital increases can create dilution concerns.,5,5,1,4,5,"[공시] 한국항공우주 등 22개 종목 '공매도 금지', 셀리드 '투자경고' 등... | [오늘의 증시일정] 현대오토에버·삼성물산, 크래프톤 등 | [공시] 아이씨에이치·케이엔알시스템 '투자경고', SGC에너지 '공매도 금...",2026-09-04,-0.1463,-0.1463,,success
223220,로지스몬,[기재정정]주요사항보고서(유상증자결정),paid_in_capital_increase,20260903,negative,-70,C,Paid-in capital increases can create dilution concerns.,5,5,1,4,5,"[공시] 한국항공우주 등 22개 종목 '공매도 금지', 셀리드 '투자경고' 등... | [오늘의 증시일정] 현대오토에버·삼성물산, 크래프톤 등 | [공시] 아이씨에이치·케이엔알시스템 '투자경고', SGC에너지 '공매도 금...",2026-09-04,-0.1463,-0.1463,,success
223220,로지스몬,[기재정정]주요사항보고서(유상증자결정),paid_in_capital_increase,20260903,negative,-70,C,Paid-in capital increases can create dilution concerns.,5,5,1,4,5,"[공시] 한국항공우주 등 22개 종목 '공매도 금지', 셀리드 '투자경고' 등... | [오늘의 증시일정] 현대오토에버·삼성물산, 크래프톤 등 | [공시] 아이씨에이치·케이엔알시스템 '투자경고', SGC에너지 '공매도 금...",2026-09-04,-0.1463,-0.1463,,success
223220,로지스몬,[기재정정]주요사항보고서(유상증자결정),paid_in_capital_increase,20260903,negative,-70,C,Paid-in capital increases can create dilution concerns.,5,5,1,4,5,"[공시] 한국항공우주 등 22개 종목 '공매도 금지', 셀리드 '투자경고' 등... | [오늘의 증시일정] 현대오토에버·삼성물산, 크래프톤 등 | [공시] 아이씨에이치·케이엔알시스템 '투자경고', SGC에너지 '공매도 금...",2026-09-04,-0.1463,-0.1463,,success
223220,로지스몬,[기재정정]주요사항보고서(유상증자결정),paid_in_capital_increase,20260903,negative,-70,C,Paid-in capital increases can create dilution concerns.,5,5,1,4,5,"[공시] 한국항공우주 등 22개 종목 '공매도 금지', 셀리드 '투자경고' 등... | [오늘의 증시일정] 현대오토에버·삼성물산, 크래프톤 등 | [공시] 아이씨에이치·케이엔알시스템 '투자경고', SGC에너지 '공매도 금...",2026-09-04,-0.1463,-0.1463,,success
223220,로지스몬,[기재정정]주요사항보고서(유상증자결정),paid_in_capital_increase,20260903,negative,-70,C,Paid-in capital increases can create dilution concerns.,5,5,1,4,5,"[공시] 한국항공우주 등 22개 종목 '공매도 금지', 셀리드 '투자경고' 등... | [오늘의 증시일정] 현대오토에버·삼성물산, 크래프톤 등 | [공시] 아이씨에이치·케이엔알시스템 '투자경고', SGC에너지 '공매도 금...",2026-09-04,-0.1463,-0.1463,,success
223220,로지스몬,[기재정정]주요사항보고서(유상증자결정),paid_in_capital_increase,20260903,negative,-70,C,Paid-in capital increases can create dilution concerns.,5,5,1,4,5,"[공시] 한국항공우주 등 22개 종목 '공매도 금지', 셀리드 '투자경고' 등... | [오늘의 증시일정] 현대오토에버·삼성물산, 크래프톤 등 | [공시] 아이씨에이치·케이엔알시스템 '투자경고', SGC에너지 '공매도 금...",2026-09-04,-0.1463,-0.1463,,success
223220,로지스몬,[기재정정]주요사항보고서(유상증자결정),paid_in_capital_increase,20260903,negative,-70,C,Paid-in capital increases can create dilution concerns.,5,5,1,4,5,"[공시] 한국항공우주 등 22개 종목 '공매도 금지', 셀리드 '투자경고' 등... | [오늘의 증시일정] 현대오토에버·삼성물산, 크래프톤 등 | [공시] 아이씨에이치·케이엔알시스템 '투자경고', SGC에너지 '공매도 금...",2026-09-04,-0.1463,-0.1463,,success
223220,로지스몬,[기재정정]주요사항보고서(유상증자결정),paid_in_capital_increase,20260903,negative,-70,C,Paid-in capital increases can create dilution concerns.,5,5,1,4,5,"[공시] 한국항공우주 등 22개 종목 '공매도 금지', 셀리드 '투자경고' 등... | [오늘의 증시일정] 현대오토에버·삼성물산, 크래프톤 등 | [공시] 아이씨에이치·케이엔알시스템 '투자경고', SGC에너지 '공매도 금...",2026-09-04,-0.1463,-0.1463,,success
223220,로지스몬,[기재정정]주요사항보고서(유상증자결정),paid_in_capital_increase,20260903,negative,-70,C,Paid-in capital increases can create dilution concerns.,5,5,1,4,5,"[공시] 한국항공우주 등 22개 종목 '공매도 금지', 셀리드 '투자경고' 등... | [오늘의 증시일정] 현대오토에버·삼성물산, 크래프톤 등 | [공시] 아이씨에이치·케이엔알시스템 '투자경고', SGC에너지 '공매도 금...",2026-09-04,-0.1463,-0.1463,,success
223220,로지스몬,[기재정정]주요사항보고서(유상증자결정),paid_in_capital_increase,20260903,negative,-70,C,Paid-in capital increases can create dilution concerns.,5,5,1,4,5,"[공시] 한국항공우주 등 22개 종목 '공매도 금지', 셀리드 '투자경고' 등... | [오늘의 증시일정] 현대오토에버·삼성물산, 크래프톤 등 | [공시] 아이씨에이치·케이엔알시스템 '투자경고', SGC에너지 '공매도 금...",2026-09-04,-0.1463,-0.1463,,success
223220,로지스몬,[기재정정]주요사항보고서(유상증자결정),paid_in_capital_increase,20260903,negative,-70,C,Paid-in capital increases can create dilution concerns.,5,5,1,4,5,"[공시] 한국항공우주 등 22개 종목 '공매도 금지', 셀리드 '투자경고' 등... | [오늘의 증시일정] 현대오토에버·삼성물산, 크래프톤 등 | [공시] 아이씨에이치·케이엔알시스템 '투자경고', SGC에너지 '공매도 금...",2026-09-04,-0.1463,-0.1463,,success
223220,로지스몬,[기재정정]주요사항보고서(유상증자결정),paid_in_capital_increase,20260903,negative,-70,C,Paid-in capital increases can create dilution concerns.,5,5,1,4,5,"[공시] 한국항공우주 등 22개 종목 '공매도 금지', 셀리드 '투자경고' 등... | [오늘의 증시일정] 현대오토에버·삼성물산, 크래프톤 등 | [공시] 아이씨에이치·케이엔알시스템 '투자경고', SGC에너지 '공매도 금...",2026-09-04,-0.1463,-0.1463,,success
223220,로지스몬,[기재정정]주요사항보고서(유상증자결정),paid_in_capital_increase,20260903,negative,-70,C,Paid-in capital increases can create dilution concerns.,5,5,1,4,5,"[공시] 한국항공우주 등 22개 종목 '공매도 금지', 셀리드 '투자경고' 등... | [오늘의 증시일정] 현대오토에버·삼성물산, 크래프톤 등 | [공시] 아이씨에이치·케이엔알시스템 '투자경고', SGC에너지 '공매도 금...",2026-09-04,-0.1463,-0.1463,,success
223220,로지스몬,[기재정정]주요사항보고서(유상증자결정),paid_in_capital_increase,20260903,negative,-70,C,Paid-in capital increases can create dilution concerns.,5,5,1,4,5,"[공시] 한국항공우주 등 22개 종목 '공매도 금지', 셀리드 '투자경고' 등... | [오늘의 증시일정] 현대오토에버·삼성물산, 크래프톤 등 | [공시] 아이씨에이치·케이엔알시스템 '투자경고', SGC에너지 '공매도 금...",2026-09-04,-0.1463,-0.1463,,success
223220,로지스몬,[기재정정]주요사항보고서(유상증자결정),paid_in_capital_increase,20260903,negative,-70,C,Paid-in capital increases can create dilution concerns.,5,5,1,4,5,"[공시] 한국항공우주 등 22개 종목 '공매도 금지', 셀리드 '투자경고' 등... | [오늘의 증시일정] 현대오토에버·삼성물산, 크래프톤 등 | [공시] 아이씨에이치·케이엔알시스템 '투자경고', SGC에너지 '공매도 금...",2026-09-04,-0.1463,-0.1463,,success
223220,로지스몬,[기재정정]주요사항보고서(유상증자결정),paid_in_capital_increase,20260903,negative,-70,C,Paid-in capital increases can create dilution concerns.,5,5,1,4,5,"[공시] 한국항공우주 등 22개 종목 '공매도 금지', 셀리드 '투자경고' 등... | [오늘의 증시일정] 현대오토에버·삼성물산, 크래프톤 등 | [공시] 아이씨에이치·케이엔알시스템 '투자경고', SGC에너지 '공매도 금...",2026-09-04,-0.1463,-0.1463,,success
223220,로지스몬,[기재정정]주요사항보고서(유상증자결정),paid_in_capital_increase,20260903,negative,-70,C,Paid-in capital increases can create dilution concerns.,5,5,1,4,5,"[공시] 한국항공우주 등 22개 종목 '공매도 금지', 셀리드 '투자경고' 등... | [오늘의 증시일정] 현대오토에버·삼성물산, 크래프톤 등 | [공시] 아이씨에이치·케이엔알시스템 '투자경고', SGC에너지 '공매도 금...",2026-09-04,-0.1463,-0.1463,,success
223220,로지스몬,[기재정정]주요사항보고서(유상증자결정),paid_in_capital_increase,20260903,negative,-70,C,Paid-in capital increases can create dilution concerns.,5,5,1,4,5,"[공시] 한국항공우주 등 22개 종목 '공매도 금지', 셀리드 '투자경고' 등... | [오늘의 증시일정] 현대오토에버·삼성물산, 크래프톤 등 | [공시] 아이씨에이치·케이엔알시스템 '투자경고', SGC에너지 '공매도 금...",2026-09-04,-0.1463,-0.1463,,success
223220,로지스몬,[기재정정]주요사항보고서(유상증자결정),paid_in_capital_increase,20260903,negative,-70,C,Paid-in capital increases can create dilution concerns.,5,5,1,4,5,"[공시] 한국항공우주 등 22개 종목 '공매도 금지', 셀리드 '투자경고' 등... | [오늘의 증시일정] 현대오토에버·삼성물산, 크래프톤 등 | [공시] 아이씨에이치·케이엔알시스템 '투자경고', SGC에너지 '공매도 금...",2026-09-04,-0.1463,-0.1463,,success
223220,로지스몬,[기재정정]주요사항보고서(유상증자결정),paid_in_capital_increase,20260903,negative,-70,C,Paid-in capital increases can create dilution concerns.,5,5,1,4,5,"[공시] 한국항공우주 등 22개 종목 '공매도 금지', 셀리드 '투자경고' 등... | [오늘의 증시일정] 현대오토에버·삼성물산, 크래프톤 등 | [공시] 아이씨에이치·케이엔알시스템 '투자경고', SGC에너지 '공매도 금...",2026-09-04,-0.1463,-0.1463,,success
223220,로지스몬,[기재정정]주요사항보고서(유상증자결정),paid_in_capital_increase,20260903,negative,-70,C,Paid-in capital increases can create dilution concerns.,5,5,1,4,5,"[공시] 한국항공우주 등 22개 종목 '공매도 금지', 셀리드 '투자경고' 등... | [오늘의 증시일정] 현대오토에버·삼성물산, 크래프톤 등 | [공시] 아이씨에이치·케이엔알시스템 '투자경고', SGC에너지 '공매도 금...",2026-09-04,-0.1463,-0.1463,,success
223220,로지스몬,[기재정정]주요사항보고서(유상증자결정),paid_in_capital_increase,20260903,negative,-70,C,Paid-in capital increases can create dilution concerns.,5,5,1,4,5,"[공시] 한국항공우주 등 22개 종목 '공매도 금지', 셀리드 '투자경고' 등... | [오늘의 증시일정] 현대오토에버·삼성물산, 크래프톤 등 | [공시] 아이씨에이치·케이엔알시스템 '투자경고', SGC에너지 '공매도 금...",2026-09-04,-0.1463,-0.1463,,success
223220,로지스몬,[기재정정]주요사항보고서(유상증자결정),paid_in_capital_increase,20260903,negative,-70,C,Paid-in capital increases can create dilution concerns.,5,5,1,4,5,"[공시] 한국항공우주 등 22개 종목 '공매도 금지', 셀리드 '투자경고' 등... | [오늘의 증시일정] 현대오토에버·삼성물산, 크래프톤 등 | [공시] 아이씨에이치·케이엔알시스템 '투자경고', SGC에너지 '공매도 금...",2026-09-04,-0.1463,-0.1463,,success
223220,로지스몬,[기재정정]주요사항보고서(유상증자결정),paid_in_capital_increase,20260903,negative,-70,C,Paid-in capital increases can create dilution concerns.,5,5,1,4,5,"[공시] 한국항공우주 등 22개 종목 '공매도 금지', 셀리드 '투자경고' 등... | [오늘의 증시일정] 현대오토에버·삼성물산, 크래프톤 등 | [공시] 아이씨에이치·케이엔알시스템 '투자경고', SGC에너지 '공매도 금...",2026-09-04,-0.1463,-0.1463,,success
223220,로지스몬,[기재정정]주요사항보고서(유상증자결정),paid_in_capital_increase,20260903,negative,-70,C,Paid-in capital increases can create dilution concerns.,5,5,1,4,5,"[공시] 한국항공우주 등 22개 종목 '공매도 금지', 셀리드 '투자경고' 등... | [오늘의 증시일정] 현대오토에버·삼성물산, 크래프톤 등 | [공시] 아이씨에이치·케이엔알시스템 '투자경고', SGC에너지 '공매도 금...",2026-09-04,-0.1463,-0.1463,,success
223220,로지스몬,[기재정정]주요사항보고서(유상증자결정),paid_in_capital_increase,20260903,negative,-70,C,Paid-in capital increases can create dilution concerns.,5,5,1,4,5,"[공시] 한국항공우주 등 22개 종목 '공매도 금지', 셀리드 '투자경고' 등... | [오늘의 증시일정] 현대오토에버·삼성물산, 크래프톤 등 | [공시] 아이씨에이치·케이엔알시스템 '투자경고', SGC에너지 '공매도 금...",2026-09-04,-0.1463,-0.1463,,success
223220,로지스몬,[기재정정]주요사항보고서(유상증자결정),paid_in_capital_increase,20260903,negative,-70,C,Paid-in capital increases can create dilution concerns.,5,5,1,4,5,"[공시] 한국항공우주 등 22개 종목 '공매도 금지', 셀리드 '투자경고' 등... | [오늘의 증시일정] 현대오토에버·삼성물산, 크래프톤 등 | [공시] 아이씨에이치·케이엔알시스템 '투자경고', SGC에너지 '공매도 금...",2026-09-04,-0.1463,-0.1463,,success
223220,로지스몬,[기재정정]주요사항보고서(유상증자결정),paid_in_capital_increase,20260903,negative,-70,C,Paid-in capital increases can create dilution concerns.,5,5,1,4,5,"[공시] 한국항공우주 등 22개 종목 '공매도 금지', 셀리드 '투자경고' 등... | [오늘의 증시일정] 현대오토에버·삼성물산, 크래프톤 등 | [공시] 아이씨에이치·케이엔알시스템 '투자경고', SGC에너지 '공매도 금...",2026-09-04,-0.1463,-0.1463,,success
223220,로지스몬,[기재정정]주요사항보고서(유상증자결정),paid_in_capital_increase,20260903,negative,-70,C,Paid-in capital increases can create dilution concerns.,5,5,1,4,5,"[공시] 한국항공우주 등 22개 종목 '공매도 금지', 셀리드 '투자경고' 등... | [오늘의 증시일정] 현대오토에버·삼성물산, 크래프톤 등 | [공시] 아이씨에이치·케이엔알시스템 '투자경고', SGC에너지 '공매도 금...",2026-09-04,-0.1463,-0.1463,,success
223220,로지스몬,[기재정정]주요사항보고서(유상증자결정),paid_in_capital_increase,20260903,negative,-70,C,Paid-in capital increases can create dilution concerns.,5,5,1,4,5,"[공시] 한국항공우주 등 22개 종목 '공매도 금지', 셀리드 '투자경고' 등... | [오늘의 증시일정] 현대오토에버·삼성물산, 크래프톤 등 | [공시] 아이씨에이치·케이엔알시스템 '투자경고', SGC에너지 '공매도 금...",2026-09-04,-0.1463,-0.1463,,success
223220,로지스몬,[기재정정]주요사항보고서(유상증자결정),paid_in_capital_increase,20260903,negative,-70,C,Paid-in capital increases can create dilution concerns.,5,5,1,4,5,"[공시] 한국항공우주 등 22개 종목 '공매도 금지', 셀리드 '투자경고' 등... | [오늘의 증시일정] 현대오토에버·삼성물산, 크래프톤 등 | [공시] 아이씨에이치·케이엔알시스템 '투자경고', SGC에너지 '공매도 금...",2026-09-04,-0.1463,-0.1463,,success
305090,마이크로디지탈,최대주주변경              ,major_shareholder_change,20260903,volatile,10,C,Major shareholder changes can increase volatility depending on context.,5,2,2,0,5,"9월 3일 주식시장 주요공시 | [공시] 더콘텐츠온·인바이츠바이오코아 '거래 정지', CJ ENM·경남제약 ... | [주식마감] 트럼프 LNG 프로젝트 언급에 '철강주' 신스틸 상한가... 알트...",2026-09-04,-1.0,0.0,,failure
305090,마이크로디지탈,최대주주변경              ,major_shareholder_change,20260903,volatile,10,C,Major shareholder changes can increase volatility depending on context.,5,2,2,0,5,"9월 3일 주식시장 주요공시 | [공시] 더콘텐츠온·인바이츠바이오코아 '거래 정지', CJ ENM·경남제약 ... | [주식마감] 트럼프 LNG 프로젝트 언급에 '철강주' 신스틸 상한가... 알트...",2026-09-04,-1.0,0.0,,failure
305090,마이크로디지탈,최대주주변경              ,major_shareholder_change,20260903,volatile,10,C,Major shareholder changes can increase volatility depending on context.,5,2,2,0,5,"9월 3일 주식시장 주요공시 | [공시] 더콘텐츠온·인바이츠바이오코아 '거래 정지', CJ ENM·경남제약 ... | [주식마감] 트럼프 LNG 프로젝트 언급에 '철강주' 신스틸 상한가... 알트...",2026-09-04,-1.0,0.0,,failure
375500,DL이앤씨,최대주주등소유주식변동신고서              ,major_shareholder_change,20260903,volatile,10,C,Major shareholder changes can increase volatility depending on context.,5,1,1,0,5,윤곽 잡히는 목동 재건축 대진표… 경쟁지는 7·14단지로 좁혀져 | 10대 건설사 직원 1259명↓…75%가 기간제 | [기후리더] 탄소다배출 업종 '기후성적표'…삼성重·GS건설 '톱2',2026-09-04,0.0014,0.0097,,failure
375500,DL이앤씨,최대주주등소유주식변동신고서              ,major_shareholder_change,20260903,volatile,10,C,Major shareholder changes can increase volatility depending on context.,5,1,1,0,5,윤곽 잡히는 목동 재건축 대진표… 경쟁지는 7·14단지로 좁혀져 | 10대 건설사 직원 1259명↓…75%가 기간제 | [기후리더] 탄소다배출 업종 '기후성적표'…삼성重·GS건설 '톱2',2026-09-04,0.0014,0.0097,,failure
001210,금호전기,최대주주등소유주식변동신고서              ,major_shareholder_change,20260903,volatile,10,C,Major shareholder changes can increase volatility depending on context.,5,2,5,-3,5,"금호전기 주가, 9월 3일 12,870원 3.23% 하락 마감 | 아리바이오홀딩스, 기존 LED 모듈 넘어 사업 다각화 박차 | [서울데이터랩]코스피 거래상위 종목, 조선·해운·철강 강세…SK오션플...",2026-09-04,-0.0598,-0.0342,,success
001210,금호전기,최대주주등소유주식변동신고서              ,major_shareholder_change,20260903,volatile,10,C,Major shareholder changes can increase volatility depending on context.,5,2,5,-3,5,"금호전기 주가, 9월 3일 12,870원 3.23% 하락 마감 | 아리바이오홀딩스, 기존 LED 모듈 넘어 사업 다각화 박차 | [서울데이터랩]코스피 거래상위 종목, 조선·해운·철강 강세…SK오션플...",2026-09-04,-0.0598,-0.0342,,success
001210,금호전기,최대주주등소유주식변동신고서              ,major_shareholder_change,20260903,volatile,10,C,Major shareholder changes can increase volatility depending on context.,5,2,5,-3,5,"금호전기 주가, 9월 3일 12,870원 3.23% 하락 마감 | 아리바이오홀딩스, 기존 LED 모듈 넘어 사업 다각화 박차 | [서울데이터랩]코스피 거래상위 종목, 조선·해운·철강 강세…SK오션플...",2026-09-04,-0.0598,-0.0342,,success
145720,덴티움,소송등의제기ㆍ신청(경영권분쟁소송)              ,lawsuit,20260903,negative,-75,C,Lawsuits may increase uncertainty and downside risk.,5,2,2,0,5,"9월 3일 주식시장 주요공시 | 얼라인, 덴티움에 회계장부 열람·등 가처분 신청…경영권 분쟁 3차전 | 본업 경쟁력 찾는다… 한미사이언스, 신약 개발 속도 내며 기업가치 제...",2026-09-04,0.0174,0.0081,,failure
267250,HD현대,[기재정정]단일판매ㆍ공급계약체결(자회사의 주요경영사항)              ,supply_contract,20260903,positive,70,C,Supply contract disclosures may indicate future revenue growth.,5,4,2,2,5,"노동장관, 삼성·SK·현대차·LG에 ""청년 더 뽑아달라"" | 마키나락스, '어텐션 2026' AI 컨퍼런스 개최 | [미르의 글로벌 레이더] HD현대, 美 프레이저 ‘2년내 10만제곱피트 증...",2026-09-04,0.0023,0.0304,,success
267250,HD현대,[기재정정]단일판매ㆍ공급계약체결(자회사의 주요경영사항)              ,supply_contract,20260903,positive,70,C,Supply contract disclosures may indicate future revenue growth.,5,4,2,2,5,"노동장관, 삼성·SK·현대차·LG에 ""청년 더 뽑아달라"" | 마키나락스, '어텐션 2026' AI 컨퍼런스 개최 | [미르의 글로벌 레이더] HD현대, 美 프레이저 ‘2년내 10만제곱피트 증...",2026-09-04,0.0023,0.0304,,success
267250,HD현대,[기재정정]단일판매ㆍ공급계약체결(자회사의 주요경영사항)              ,supply_contract,20260903,positive,70,C,Supply contract disclosures may indicate future revenue growth.,5,4,2,2,5,"노동장관, 삼성·SK·현대차·LG에 ""청년 더 뽑아달라"" | 마키나락스, '어텐션 2026' AI 컨퍼런스 개최 | [미르의 글로벌 레이더] HD현대, 美 프레이저 ‘2년내 10만제곱피트 증...",2026-09-04,0.0023,0.0304,,success
267250,HD현대,[기재정정]단일판매ㆍ공급계약체결(자회사의 주요경영사항)              ,supply_contract,20260903,positive,70,C,Supply contract disclosures may indicate future revenue growth.,5,4,2,2,5,"노동장관, 삼성·SK·현대차·LG에 ""청년 더 뽑아달라"" | 마키나락스, '어텐션 2026' AI 컨퍼런스 개최 | [미르의 글로벌 레이더] HD현대, 美 프레이저 ‘2년내 10만제곱피트 증...",2026-09-04,0.0023,0.0304,,success
267250,HD현대,[기재정정]단일판매ㆍ공급계약체결(자회사의 주요경영사항)              ,supply_contract,20260903,positive,70,C,Supply contract disclosures may indicate future revenue growth.,5,4,2,2,5,"노동장관, 삼성·SK·현대차·LG에 ""청년 더 뽑아달라"" | 마키나락스, '어텐션 2026' AI 컨퍼런스 개최 | [미르의 글로벌 레이더] HD현대, 美 프레이저 ‘2년내 10만제곱피트 증...",2026-09-04,0.0023,0.0304,,success
267250,HD현대,[기재정정]단일판매ㆍ공급계약체결(자회사의 주요경영사항)              ,supply_contract,20260903,positive,70,C,Supply contract disclosures may indicate future revenue growth.,5,4,2,2,5,"노동장관, 삼성·SK·현대차·LG에 ""청년 더 뽑아달라"" | 마키나락스, '어텐션 2026' AI 컨퍼런스 개최 | [미르의 글로벌 레이더] HD현대, 美 프레이저 ‘2년내 10만제곱피트 증...",2026-09-04,0.0023,0.0304,,success
267250,HD현대,[기재정정]단일판매ㆍ공급계약체결(자회사의 주요경영사항)              ,supply_contract,20260903,positive,70,C,Supply contract disclosures may indicate future revenue growth.,5,4,2,2,5,"노동장관, 삼성·SK·현대차·LG에 ""청년 더 뽑아달라"" | 마키나락스, '어텐션 2026' AI 컨퍼런스 개최 | [미르의 글로벌 레이더] HD현대, 美 프레이저 ‘2년내 10만제곱피트 증...",2026-09-04,0.0023,0.0304,,success
267250,HD현대,[기재정정]단일판매ㆍ공급계약체결(자회사의 주요경영사항)              ,supply_contract,20260903,positive,70,C,Supply contract disclosures may indicate future revenue growth.,5,4,2,2,5,"노동장관, 삼성·SK·현대차·LG에 ""청년 더 뽑아달라"" | 마키나락스, '어텐션 2026' AI 컨퍼런스 개최 | [미르의 글로벌 레이더] HD현대, 美 프레이저 ‘2년내 10만제곱피트 증...",2026-09-04,0.0023,0.0304,,success
267250,HD현대,[기재정정]단일판매ㆍ공급계약체결(자회사의 주요경영사항)              ,supply_contract,20260903,positive,70,C,Supply contract disclosures may indicate future revenue growth.,5,4,2,2,5,"노동장관, 삼성·SK·현대차·LG에 ""청년 더 뽑아달라"" | 마키나락스, '어텐션 2026' AI 컨퍼런스 개최 | [미르의 글로벌 레이더] HD현대, 美 프레이저 ‘2년내 10만제곱피트 증...",2026-09-04,0.0023,0.0304,,success
267250,HD현대,[기재정정]단일판매ㆍ공급계약체결(자회사의 주요경영사항)              ,supply_contract,20260903,positive,70,C,Supply contract disclosures may indicate future revenue growth.,5,4,2,2,5,"노동장관, 삼성·SK·현대차·LG에 ""청년 더 뽑아달라"" | 마키나락스, '어텐션 2026' AI 컨퍼런스 개최 | [미르의 글로벌 레이더] HD현대, 美 프레이저 ‘2년내 10만제곱피트 증...",2026-09-04,0.0023,0.0304,,success
007460,에이프로젠,주요사항보고서(유상증자결정)(자회사의 주요경영사항)              ,paid_in_capital_increase,20260903,negative,-70,C,Paid-in capital increases can create dilution concerns.,5,3,5,-2,5,"9월 3일 주식시장 주요공시 | [개장 전 주요 공시] 현대건설·형지I&C·BNK금융·에이프로젠바이오 등 | [코스피·코스닥, 한화오션 삼성화재  삼호개발 에이프로젠바이오로직...",2026-09-04,0.1875,0.2404,,failure
007460,에이프로젠,주요사항보고서(유상증자결정)(자회사의 주요경영사항)              ,paid_in_capital_increase,20260903,negative,-70,C,Paid-in capital increases can create dilution concerns.,5,3,5,-2,5,"9월 3일 주식시장 주요공시 | [개장 전 주요 공시] 현대건설·형지I&C·BNK금융·에이프로젠바이오 등 | [코스피·코스닥, 한화오션 삼성화재  삼호개발 에이프로젠바이오로직...",2026-09-04,0.1875,0.2404,,failure
007460,에이프로젠,주요사항보고서(유상증자결정)(자회사의 주요경영사항)              ,paid_in_capital_increase,20260903,negative,-70,C,Paid-in capital increases can create dilution concerns.,5,3,5,-2,5,"9월 3일 주식시장 주요공시 | [개장 전 주요 공시] 현대건설·형지I&C·BNK금융·에이프로젠바이오 등 | [코스피·코스닥, 한화오션 삼성화재  삼호개발 에이프로젠바이오로직...",2026-09-04,0.1875,0.2404,,failure
007460,에이프로젠,주요사항보고서(유상증자결정)(자회사의 주요경영사항)              ,paid_in_capital_increase,20260903,negative,-70,C,Paid-in capital increases can create dilution concerns.,5,3,5,-2,5,"9월 3일 주식시장 주요공시 | [개장 전 주요 공시] 현대건설·형지I&C·BNK금융·에이프로젠바이오 등 | [코스피·코스닥, 한화오션 삼성화재  삼호개발 에이프로젠바이오로직...",2026-09-04,0.1875,0.2404,,failure
003060,에이프로젠바이오로직스,주요사항보고서(유상증자결정),paid_in_capital_increase,20260903,negative,-70,C,Paid-in capital increases can create dilution concerns.,5,3,5,-2,5,"9월 3일 주식시장 주요공시 | [개장 전 주요 공시] 현대건설·형지I&C·BNK금융·에이프로젠바이오 등 | [코스피·코스닥, 한화오션 삼성화재  삼호개발 에이프로젠바이오로직...",2026-09-04,0.2999,0.2999,,failure
267850,아시아나IDT,[기재정정]단일판매ㆍ공급계약체결              ,supply_contract,20260903,positive,70,C,Supply contract disclosures may indicate future revenue growth.,5,3,1,2,5,"9월 3일 주식시장 주요공시 | [더벨][thebell interview] ""독립이사가 질문하자 이사회도 달라졌다"" | 아시아나IDT AI 안전 플랫폼 플랜투두, 박람회서 신기능 공개",2026-09-04,0.0011,0.0043,,success
229000,젠큐릭스,주요사항보고서(전환사채권발행결정),convertible_bond,20260903,negative,-60,C,Convertible bonds may create future dilution risk.,5,4,3,1,5,"9월 3일 주식시장 주요공시 | [HIT알공] 페니트리움바이오, 고형암 임상 2a상 FDA 승인 | 9월 2일 개장 전 주요 공시",2026-09-04,-0.0038,0.0194,,failure
229000,젠큐릭스,주요사항보고서(전환사채권발행결정),convertible_bond,20260903,negative,-60,C,Convertible bonds may create future dilution risk.,5,4,3,1,5,"9월 3일 주식시장 주요공시 | [HIT알공] 페니트리움바이오, 고형암 임상 2a상 FDA 승인 | 9월 2일 개장 전 주요 공시",2026-09-04,-0.0038,0.0194,,failure
229000,젠큐릭스,주요사항보고서(전환사채권발행결정),convertible_bond,20260903,negative,-60,C,Convertible bonds may create future dilution risk.,5,4,3,1,5,"9월 3일 주식시장 주요공시 | [HIT알공] 페니트리움바이오, 고형암 임상 2a상 FDA 승인 | 9월 2일 개장 전 주요 공시",2026-09-04,-0.0038,0.0194,,failure
229000,젠큐릭스,주요사항보고서(전환사채권발행결정),convertible_bond,20260903,negative,-60,C,Convertible bonds may create future dilution risk.,5,4,3,1,5,"9월 3일 주식시장 주요공시 | [HIT알공] 페니트리움바이오, 고형암 임상 2a상 FDA 승인 | 9월 2일 개장 전 주요 공시",2026-09-04,-0.0038,0.0194,,failure
229000,젠큐릭스,주요사항보고서(전환사채권발행결정),convertible_bond,20260903,negative,-60,C,Convertible bonds may create future dilution risk.,5,4,3,1,5,"9월 3일 주식시장 주요공시 | [HIT알공] 페니트리움바이오, 고형암 임상 2a상 FDA 승인 | 9월 2일 개장 전 주요 공시",2026-09-04,-0.0038,0.0194,,failure
229000,젠큐릭스,주요사항보고서(전환사채권발행결정),convertible_bond,20260903,negative,-60,C,Convertible bonds may create future dilution risk.,5,4,3,1,5,"9월 3일 주식시장 주요공시 | [HIT알공] 페니트리움바이오, 고형암 임상 2a상 FDA 승인 | 9월 2일 개장 전 주요 공시",2026-09-04,-0.0038,0.0194,,failure
229000,젠큐릭스,주요사항보고서(전환사채권발행결정),convertible_bond,20260903,negative,-60,C,Convertible bonds may create future dilution risk.,5,4,3,1,5,"9월 3일 주식시장 주요공시 | [HIT알공] 페니트리움바이오, 고형암 임상 2a상 FDA 승인 | 9월 2일 개장 전 주요 공시",2026-09-04,-0.0038,0.0194,,failure
229000,젠큐릭스,주요사항보고서(전환사채권발행결정),convertible_bond,20260903,negative,-60,C,Convertible bonds may create future dilution risk.,5,4,3,1,5,"9월 3일 주식시장 주요공시 | [HIT알공] 페니트리움바이오, 고형암 임상 2a상 FDA 승인 | 9월 2일 개장 전 주요 공시",2026-09-04,-0.0038,0.0194,,failure
229000,젠큐릭스,주요사항보고서(전환사채권발행결정),convertible_bond,20260903,negative,-60,C,Convertible bonds may create future dilution risk.,5,4,3,1,5,"9월 3일 주식시장 주요공시 | [HIT알공] 페니트리움바이오, 고형암 임상 2a상 FDA 승인 | 9월 2일 개장 전 주요 공시",2026-09-04,-0.0038,0.0194,,failure
229000,젠큐릭스,주요사항보고서(전환사채권발행결정),convertible_bond,20260903,negative,-60,C,Convertible bonds may create future dilution risk.,5,4,3,1,5,"9월 3일 주식시장 주요공시 | [HIT알공] 페니트리움바이오, 고형암 임상 2a상 FDA 승인 | 9월 2일 개장 전 주요 공시",2026-09-04,-0.0038,0.0194,,failure
229000,젠큐릭스,주요사항보고서(전환사채권발행결정),convertible_bond,20260903,negative,-60,C,Convertible bonds may create future dilution risk.,5,4,3,1,5,"9월 3일 주식시장 주요공시 | [HIT알공] 페니트리움바이오, 고형암 임상 2a상 FDA 승인 | 9월 2일 개장 전 주요 공시",2026-09-04,-0.0038,0.0194,,failure
229000,젠큐릭스,주요사항보고서(전환사채권발행결정),convertible_bond,20260903,negative,-60,C,Convertible bonds may create future dilution risk.,5,4,3,1,5,"9월 3일 주식시장 주요공시 | [HIT알공] 페니트리움바이오, 고형암 임상 2a상 FDA 승인 | 9월 2일 개장 전 주요 공시",2026-09-04,-0.0038,0.0194,,failure
229000,젠큐릭스,주요사항보고서(전환사채권발행결정),convertible_bond,20260903,negative,-60,C,Convertible bonds may create future dilution risk.,5,4,3,1,5,"9월 3일 주식시장 주요공시 | [HIT알공] 페니트리움바이오, 고형암 임상 2a상 FDA 승인 | 9월 2일 개장 전 주요 공시",2026-09-04,-0.0038,0.0194,,failure
229000,젠큐릭스,주요사항보고서(전환사채권발행결정),convertible_bond,20260903,negative,-60,C,Convertible bonds may create future dilution risk.,5,4,3,1,5,"9월 3일 주식시장 주요공시 | [HIT알공] 페니트리움바이오, 고형암 임상 2a상 FDA 승인 | 9월 2일 개장 전 주요 공시",2026-09-04,-0.0038,0.0194,,failure
229000,젠큐릭스,주요사항보고서(전환사채권발행결정),convertible_bond,20260903,negative,-60,C,Convertible bonds may create future dilution risk.,5,4,3,1,5,"9월 3일 주식시장 주요공시 | [HIT알공] 페니트리움바이오, 고형암 임상 2a상 FDA 승인 | 9월 2일 개장 전 주요 공시",2026-09-04,-0.0038,0.0194,,failure
229000,젠큐릭스,주요사항보고서(전환사채권발행결정),convertible_bond,20260903,negative,-60,C,Convertible bonds may create future dilution risk.,5,4,3,1,5,"9월 3일 주식시장 주요공시 | [HIT알공] 페니트리움바이오, 고형암 임상 2a상 FDA 승인 | 9월 2일 개장 전 주요 공시",2026-09-04,-0.0038,0.0194,,failure
229000,젠큐릭스,주요사항보고서(전환사채권발행결정),convertible_bond,20260903,negative,-60,C,Convertible bonds may create future dilution risk.,5,4,3,1,5,"9월 3일 주식시장 주요공시 | [HIT알공] 페니트리움바이오, 고형암 임상 2a상 FDA 승인 | 9월 2일 개장 전 주요 공시",2026-09-04,-0.0038,0.0194,,failure
229000,젠큐릭스,주요사항보고서(전환사채권발행결정),convertible_bond,20260903,negative,-60,C,Convertible bonds may create future dilution risk.,5,4,3,1,5,"9월 3일 주식시장 주요공시 | [HIT알공] 페니트리움바이오, 고형암 임상 2a상 FDA 승인 | 9월 2일 개장 전 주요 공시",2026-09-04,-0.0038,0.0194,,failure
229000,젠큐릭스,주요사항보고서(전환사채권발행결정),convertible_bond,20260903,negative,-60,C,Convertible bonds may create future dilution risk.,5,4,3,1,5,"9월 3일 주식시장 주요공시 | [HIT알공] 페니트리움바이오, 고형암 임상 2a상 FDA 승인 | 9월 2일 개장 전 주요 공시",2026-09-04,-0.0038,0.0194,,failure
229000,젠큐릭스,주요사항보고서(전환사채권발행결정),convertible_bond,20260903,negative,-60,C,Convertible bonds may create future dilution risk.,5,4,3,1,5,"9월 3일 주식시장 주요공시 | [HIT알공] 페니트리움바이오, 고형암 임상 2a상 FDA 승인 | 9월 2일 개장 전 주요 공시",2026-09-04,-0.0038,0.0194,,failure
229000,젠큐릭스,주요사항보고서(전환사채권발행결정),convertible_bond,20260903,negative,-60,C,Convertible bonds may create future dilution risk.,5,4,3,1,5,"9월 3일 주식시장 주요공시 | [HIT알공] 페니트리움바이오, 고형암 임상 2a상 FDA 승인 | 9월 2일 개장 전 주요 공시",2026-09-04,-0.0038,0.0194,,failure
229000,젠큐릭스,주요사항보고서(전환사채권발행결정),convertible_bond,20260903,negative,-60,C,Convertible bonds may create future dilution risk.,5,4,3,1,5,"9월 3일 주식시장 주요공시 | [HIT알공] 페니트리움바이오, 고형암 임상 2a상 FDA 승인 | 9월 2일 개장 전 주요 공시",2026-09-04,-0.0038,0.0194,,failure
229000,젠큐릭스,주요사항보고서(전환사채권발행결정),convertible_bond,20260903,negative,-60,C,Convertible bonds may create future dilution risk.,5,4,3,1,5,"9월 3일 주식시장 주요공시 | [HIT알공] 페니트리움바이오, 고형암 임상 2a상 FDA 승인 | 9월 2일 개장 전 주요 공시",2026-09-04,-0.0038,0.0194,,failure
229000,젠큐릭스,주요사항보고서(전환사채권발행결정),convertible_bond,20260903,negative,-60,C,Convertible bonds may create future dilution risk.,5,4,3,1,5,"9월 3일 주식시장 주요공시 | [HIT알공] 페니트리움바이오, 고형암 임상 2a상 FDA 승인 | 9월 2일 개장 전 주요 공시",2026-09-04,-0.0038,0.0194,,failure
229000,젠큐릭스,주요사항보고서(전환사채권발행결정),convertible_bond,20260903,negative,-60,C,Convertible bonds may create future dilution risk.,5,4,3,1,5,"9월 3일 주식시장 주요공시 | [HIT알공] 페니트리움바이오, 고형암 임상 2a상 FDA 승인 | 9월 2일 개장 전 주요 공시",2026-09-04,-0.0038,0.0194,,failure
229000,젠큐릭스,주요사항보고서(전환사채권발행결정),convertible_bond,20260903,negative,-60,C,Convertible bonds may create future dilution risk.,5,4,3,1,5,"9월 3일 주식시장 주요공시 | [HIT알공] 페니트리움바이오, 고형암 임상 2a상 FDA 승인 | 9월 2일 개장 전 주요 공시",2026-09-04,-0.0038,0.0194,,failure
229000,젠큐릭스,주요사항보고서(전환사채권발행결정),convertible_bond,20260903,negative,-60,C,Convertible bonds may create future dilution risk.,5,4,3,1,5,"9월 3일 주식시장 주요공시 | [HIT알공] 페니트리움바이오, 고형암 임상 2a상 FDA 승인 | 9월 2일 개장 전 주요 공시",2026-09-04,-0.0038,0.0194,,failure
229000,젠큐릭스,주요사항보고서(전환사채권발행결정),convertible_bond,20260903,negative,-60,C,Convertible bonds may create future dilution risk.,5,4,3,1,5,"9월 3일 주식시장 주요공시 | [HIT알공] 페니트리움바이오, 고형암 임상 2a상 FDA 승인 | 9월 2일 개장 전 주요 공시",2026-09-04,-0.0038,0.0194,,failure
229000,젠큐릭스,주요사항보고서(전환사채권발행결정),convertible_bond,20260903,negative,-60,C,Convertible bonds may create future dilution risk.,5,4,3,1,5,"9월 3일 주식시장 주요공시 | [HIT알공] 페니트리움바이오, 고형암 임상 2a상 FDA 승인 | 9월 2일 개장 전 주요 공시",2026-09-04,-0.0038,0.0194,,failure
229000,젠큐릭스,주요사항보고서(전환사채권발행결정),convertible_bond,20260903,negative,-60,C,Convertible bonds may create future dilution risk.,5,4,3,1,5,"9월 3일 주식시장 주요공시 | [HIT알공] 페니트리움바이오, 고형암 임상 2a상 FDA 승인 | 9월 2일 개장 전 주요 공시",2026-09-04,-0.0038,0.0194,,failure
229000,젠큐릭스,주요사항보고서(전환사채권발행결정),convertible_bond,20260903,negative,-60,C,Convertible bonds may create future dilution risk.,5,4,3,1,5,"9월 3일 주식시장 주요공시 | [HIT알공] 페니트리움바이오, 고형암 임상 2a상 FDA 승인 | 9월 2일 개장 전 주요 공시",2026-09-04,-0.0038,0.0194,,failure
229000,젠큐릭스,주요사항보고서(전환사채권발행결정),convertible_bond,20260903,negative,-60,C,Convertible bonds may create future dilution risk.,5,4,3,1,5,"9월 3일 주식시장 주요공시 | [HIT알공] 페니트리움바이오, 고형암 임상 2a상 FDA 승인 | 9월 2일 개장 전 주요 공시",2026-09-04,-0.0038,0.0194,,failure
003470,유안타증권,최대주주등소유주식변동신고서              ,major_shareholder_change,20260903,volatile,10,C,Major shareholder changes can increase volatility depending on context.,5,8,2,6,5,"AI·6G 투자 시계 빨라진다…통신주 성장 기대감 '쑥'[애널리스트의 시... | [어제장 오늘장] 코스피 30분 급락 후 급반등…커지는 변동성, 오늘은? | ""코스피, 5% 금리 레드라인 넘지 않는다면 반등 여력 충분""",2026-09-04,0.0106,0.0234,,success
003470,유안타증권,최대주주등소유주식변동신고서              ,major_shareholder_change,20260903,volatile,10,C,Major shareholder changes can increase volatility depending on context.,5,8,2,6,5,"AI·6G 투자 시계 빨라진다…통신주 성장 기대감 '쑥'[애널리스트의 시... | [어제장 오늘장] 코스피 30분 급락 후 급반등…커지는 변동성, 오늘은? | ""코스피, 5% 금리 레드라인 넘지 않는다면 반등 여력 충분""",2026-09-04,0.0106,0.0234,,success
009540,HD한국조선해양,[기재정정]단일판매ㆍ공급계약체결(자회사의 주요경영사항)              ,supply_contract,20260903,positive,70,C,Supply contract disclosures may indicate future revenue growth.,5,3,1,2,5,"마키나락스, '어텐션 2026' AI 컨퍼런스 개최 | [미르의 글로벌 레이더] HD현대, 美 프레이저 ‘2년내 10만제곱피트 증... | 9월 3일 주식시장 주요공시",2026-09-04,-0.0015,0.0,,failure
069920,엑시온그룹,[기재정정]주요사항보고서(유상증자결정),paid_in_capital_increase,20260903,negative,-70,C,Paid-in capital increases can create dilution concerns.,5,3,6,-3,5,9월 3일 주식시장 주요공시 | 9월 2일 주식시장 주요공시 | [박정식의 국내 주식시황] 금리·유가 숨 고르기에 반도체 반등…기술적...,2026-09-04,-0.0443,-0.0417,,success
069920,엑시온그룹,[기재정정]주요사항보고서(유상증자결정),paid_in_capital_increase,20260903,negative,-70,C,Paid-in capital increases can create dilution concerns.,5,3,6,-3,5,9월 3일 주식시장 주요공시 | 9월 2일 주식시장 주요공시 | [박정식의 국내 주식시황] 금리·유가 숨 고르기에 반도체 반등…기술적...,2026-09-04,-0.0443,-0.0417,,success
268280,미원에스씨,최대주주등소유주식변동신고서              ,major_shareholder_change,20260903,volatile,10,C,Major shareholder changes can increase volatility depending on context.,5,4,1,3,5,"화학주 차별화 장세…에코앤드림·포스코퓨처엠 상승랠리 뚜렷 | 원자재 가격 안정화 호재…화학 업종 전반 매수 온기 확산 | [공시] 28일, 코스피 상장사 50개 종목 자사주 매수 신청",2026-09-04,0.0045,0.0008,,failure
007460,에이프로젠,주요사항보고서(전환사채권발행결정),convertible_bond,20260903,negative,-60,C,Convertible bonds may create future dilution risk.,5,3,5,-2,5,"9월 3일 주식시장 주요공시 | [개장 전 주요 공시] 현대건설·형지I&C·BNK금융·에이프로젠바이오 등 | [코스피·코스닥, 한화오션 삼성화재  삼호개발 에이프로젠바이오로직...",2026-09-04,0.1875,0.2404,,failure
007460,에이프로젠,주요사항보고서(전환사채권발행결정),convertible_bond,20260903,negative,-60,C,Convertible bonds may create future dilution risk.,5,3,5,-2,5,"9월 3일 주식시장 주요공시 | [개장 전 주요 공시] 현대건설·형지I&C·BNK금융·에이프로젠바이오 등 | [코스피·코스닥, 한화오션 삼성화재  삼호개발 에이프로젠바이오로직...",2026-09-04,0.1875,0.2404,,failure
007460,에이프로젠,주요사항보고서(전환사채권발행결정),convertible_bond,20260903,negative,-60,C,Convertible bonds may create future dilution risk.,5,3,5,-2,5,"9월 3일 주식시장 주요공시 | [개장 전 주요 공시] 현대건설·형지I&C·BNK금융·에이프로젠바이오 등 | [코스피·코스닥, 한화오션 삼성화재  삼호개발 에이프로젠바이오로직...",2026-09-04,0.1875,0.2404,,failure
007460,에이프로젠,주요사항보고서(전환사채권발행결정),convertible_bond,20260903,negative,-60,C,Convertible bonds may create future dilution risk.,5,3,5,-2,5,"9월 3일 주식시장 주요공시 | [개장 전 주요 공시] 현대건설·형지I&C·BNK금융·에이프로젠바이오 등 | [코스피·코스닥, 한화오션 삼성화재  삼호개발 에이프로젠바이오로직...",2026-09-04,0.1875,0.2404,,failure
214420,토니모리,최대주주변경              ,major_shareholder_change,20260903,volatile,10,C,Major shareholder changes can increase volatility depending on context.,5,1,1,0,5,"9월 3일 주식시장 주요공시 | [개장 전 주요 공시] 현대건설·형지I&C·BNK금융·에이프로젠바이오 등 | [공시]토니모리, 오너 2세 배진형 체제 본격 시동",2026-09-04,-0.0094,0.0113,,failure
214420,토니모리,최대주주변경              ,major_shareholder_change,20260903,volatile,10,C,Major shareholder changes can increase volatility depending on context.,5,1,1,0,5,"9월 3일 주식시장 주요공시 | [개장 전 주요 공시] 현대건설·형지I&C·BNK금융·에이프로젠바이오 등 | [공시]토니모리, 오너 2세 배진형 체제 본격 시동",2026-09-04,-0.0094,0.0113,,failure
214420,토니모리,최대주주변경              ,major_shareholder_change,20260903,volatile,10,C,Major shareholder changes can increase volatility depending on context.,5,1,1,0,5,"9월 3일 주식시장 주요공시 | [개장 전 주요 공시] 현대건설·형지I&C·BNK금융·에이프로젠바이오 등 | [공시]토니모리, 오너 2세 배진형 체제 본격 시동",2026-09-04,-0.0094,0.0113,,failure
214420,토니모리,최대주주변경              ,major_shareholder_change,20260903,volatile,10,C,Major shareholder changes can increase volatility depending on context.,5,1,1,0,5,"9월 3일 주식시장 주요공시 | [개장 전 주요 공시] 현대건설·형지I&C·BNK금융·에이프로젠바이오 등 | [공시]토니모리, 오너 2세 배진형 체제 본격 시동",2026-09-04,-0.0094,0.0113,,failure
214420,토니모리,최대주주변경              ,major_shareholder_change,20260903,volatile,10,C,Major shareholder changes can increase volatility depending on context.,5,1,1,0,5,"9월 3일 주식시장 주요공시 | [개장 전 주요 공시] 현대건설·형지I&C·BNK금융·에이프로젠바이오 등 | [공시]토니모리, 오너 2세 배진형 체제 본격 시동",2026-09-04,-0.0094,0.0113,,failure
214420,토니모리,최대주주변경              ,major_shareholder_change,20260903,volatile,10,C,Major shareholder changes can increase volatility depending on context.,5,1,1,0,5,"9월 3일 주식시장 주요공시 | [개장 전 주요 공시] 현대건설·형지I&C·BNK금융·에이프로젠바이오 등 | [공시]토니모리, 오너 2세 배진형 체제 본격 시동",2026-09-04,-0.0094,0.0113,,failure
214420,토니모리,최대주주변경              ,major_shareholder_change,20260903,volatile,10,C,Major shareholder changes can increase volatility depending on context.,5,1,1,0,5,"9월 3일 주식시장 주요공시 | [개장 전 주요 공시] 현대건설·형지I&C·BNK금융·에이프로젠바이오 등 | [공시]토니모리, 오너 2세 배진형 체제 본격 시동",2026-09-04,-0.0094,0.0113,,failure
214420,토니모리,최대주주변경              ,major_shareholder_change,20260903,volatile,10,C,Major shareholder changes can increase volatility depending on context.,5,1,1,0,5,"9월 3일 주식시장 주요공시 | [개장 전 주요 공시] 현대건설·형지I&C·BNK금융·에이프로젠바이오 등 | [공시]토니모리, 오너 2세 배진형 체제 본격 시동",2026-09-04,-0.0094,0.0113,,failure
214420,토니모리,최대주주변경              ,major_shareholder_change,20260903,volatile,10,C,Major shareholder changes can increase volatility depending on context.,5,1,1,0,5,"9월 3일 주식시장 주요공시 | [개장 전 주요 공시] 현대건설·형지I&C·BNK금융·에이프로젠바이오 등 | [공시]토니모리, 오너 2세 배진형 체제 본격 시동",2026-09-04,-0.0094,0.0113,,failure
214420,토니모리,최대주주변경              ,major_shareholder_change,20260903,volatile,10,C,Major shareholder changes can increase volatility depending on context.,5,1,1,0,5,"9월 3일 주식시장 주요공시 | [개장 전 주요 공시] 현대건설·형지I&C·BNK금융·에이프로젠바이오 등 | [공시]토니모리, 오너 2세 배진형 체제 본격 시동",2026-09-04,-0.0094,0.0113,,failure
214420,토니모리,최대주주변경              ,major_shareholder_change,20260903,volatile,10,C,Major shareholder changes can increase volatility depending on context.,5,1,1,0,5,"9월 3일 주식시장 주요공시 | [개장 전 주요 공시] 현대건설·형지I&C·BNK금융·에이프로젠바이오 등 | [공시]토니모리, 오너 2세 배진형 체제 본격 시동",2026-09-04,-0.0094,0.0113,,failure
214420,토니모리,최대주주변경              ,major_shareholder_change,20260903,volatile,10,C,Major shareholder changes can increase volatility depending on context.,5,1,1,0,5,"9월 3일 주식시장 주요공시 | [개장 전 주요 공시] 현대건설·형지I&C·BNK금융·에이프로젠바이오 등 | [공시]토니모리, 오너 2세 배진형 체제 본격 시동",2026-09-04,-0.0094,0.0113,,failure
214420,토니모리,최대주주변경              ,major_shareholder_change,20260903,volatile,10,C,Major shareholder changes can increase volatility depending on context.,5,1,1,0,5,"9월 3일 주식시장 주요공시 | [개장 전 주요 공시] 현대건설·형지I&C·BNK금융·에이프로젠바이오 등 | [공시]토니모리, 오너 2세 배진형 체제 본격 시동",2026-09-04,-0.0094,0.0113,,failure
214420,토니모리,최대주주변경              ,major_shareholder_change,20260903,volatile,10,C,Major shareholder changes can increase volatility depending on context.,5,1,1,0,5,"9월 3일 주식시장 주요공시 | [개장 전 주요 공시] 현대건설·형지I&C·BNK금융·에이프로젠바이오 등 | [공시]토니모리, 오너 2세 배진형 체제 본격 시동",2026-09-04,-0.0094,0.0113,,failure
214420,토니모리,최대주주변경              ,major_shareholder_change,20260903,volatile,10,C,Major shareholder changes can increase volatility depending on context.,5,1,1,0,5,"9월 3일 주식시장 주요공시 | [개장 전 주요 공시] 현대건설·형지I&C·BNK금융·에이프로젠바이오 등 | [공시]토니모리, 오너 2세 배진형 체제 본격 시동",2026-09-04,-0.0094,0.0113,,failure
214420,토니모리,최대주주변경              ,major_shareholder_change,20260903,volatile,10,C,Major shareholder changes can increase volatility depending on context.,5,1,1,0,5,"9월 3일 주식시장 주요공시 | [개장 전 주요 공시] 현대건설·형지I&C·BNK금융·에이프로젠바이오 등 | [공시]토니모리, 오너 2세 배진형 체제 본격 시동",2026-09-04,-0.0094,0.0113,,failure
214420,토니모리,최대주주변경              ,major_shareholder_change,20260903,volatile,10,C,Major shareholder changes can increase volatility depending on context.,5,1,1,0,5,"9월 3일 주식시장 주요공시 | [개장 전 주요 공시] 현대건설·형지I&C·BNK금융·에이프로젠바이오 등 | [공시]토니모리, 오너 2세 배진형 체제 본격 시동",2026-09-04,-0.0094,0.0113,,failure
214420,토니모리,최대주주변경              ,major_shareholder_change,20260903,volatile,10,C,Major shareholder changes can increase volatility depending on context.,5,1,1,0,5,"9월 3일 주식시장 주요공시 | [개장 전 주요 공시] 현대건설·형지I&C·BNK금융·에이프로젠바이오 등 | [공시]토니모리, 오너 2세 배진형 체제 본격 시동",2026-09-04,-0.0094,0.0113,,failure
214420,토니모리,최대주주변경              ,major_shareholder_change,20260903,volatile,10,C,Major shareholder changes can increase volatility depending on context.,5,1,1,0,5,"9월 3일 주식시장 주요공시 | [개장 전 주요 공시] 현대건설·형지I&C·BNK금융·에이프로젠바이오 등 | [공시]토니모리, 오너 2세 배진형 체제 본격 시동",2026-09-04,-0.0094,0.0113,,failure
214420,토니모리,최대주주변경              ,major_shareholder_change,20260903,volatile,10,C,Major shareholder changes can increase volatility depending on context.,5,1,1,0,5,"9월 3일 주식시장 주요공시 | [개장 전 주요 공시] 현대건설·형지I&C·BNK금융·에이프로젠바이오 등 | [공시]토니모리, 오너 2세 배진형 체제 본격 시동",2026-09-04,-0.0094,0.0113,,failure
214420,토니모리,최대주주변경              ,major_shareholder_change,20260903,volatile,10,C,Major shareholder changes can increase volatility depending on context.,5,1,1,0,5,"9월 3일 주식시장 주요공시 | [개장 전 주요 공시] 현대건설·형지I&C·BNK금융·에이프로젠바이오 등 | [공시]토니모리, 오너 2세 배진형 체제 본격 시동",2026-09-04,-0.0094,0.0113,,failure
214420,토니모리,최대주주변경              ,major_shareholder_change,20260903,volatile,10,C,Major shareholder changes can increase volatility depending on context.,5,1,1,0,5,"9월 3일 주식시장 주요공시 | [개장 전 주요 공시] 현대건설·형지I&C·BNK금융·에이프로젠바이오 등 | [공시]토니모리, 오너 2세 배진형 체제 본격 시동",2026-09-04,-0.0094,0.0113,,failure
214420,토니모리,최대주주변경              ,major_shareholder_change,20260903,volatile,10,C,Major shareholder changes can increase volatility depending on context.,5,1,1,0,5,"9월 3일 주식시장 주요공시 | [개장 전 주요 공시] 현대건설·형지I&C·BNK금융·에이프로젠바이오 등 | [공시]토니모리, 오너 2세 배진형 체제 본격 시동",2026-09-04,-0.0094,0.0113,,failure
214420,토니모리,최대주주변경              ,major_shareholder_change,20260903,volatile,10,C,Major shareholder changes can increase volatility depending on context.,5,1,1,0,5,"9월 3일 주식시장 주요공시 | [개장 전 주요 공시] 현대건설·형지I&C·BNK금융·에이프로젠바이오 등 | [공시]토니모리, 오너 2세 배진형 체제 본격 시동",2026-09-04,-0.0094,0.0113,,failure
214420,토니모리,최대주주변경              ,major_shareholder_change,20260903,volatile,10,C,Major shareholder changes can increase volatility depending on context.,5,1,1,0,5,"9월 3일 주식시장 주요공시 | [개장 전 주요 공시] 현대건설·형지I&C·BNK금융·에이프로젠바이오 등 | [공시]토니모리, 오너 2세 배진형 체제 본격 시동",2026-09-04,-0.0094,0.0113,,failure
214420,토니모리,최대주주변경              ,major_shareholder_change,20260903,volatile,10,C,Major shareholder changes can increase volatility depending on context.,5,1,1,0,5,"9월 3일 주식시장 주요공시 | [개장 전 주요 공시] 현대건설·형지I&C·BNK금융·에이프로젠바이오 등 | [공시]토니모리, 오너 2세 배진형 체제 본격 시동",2026-09-04,-0.0094,0.0113,,failure
214420,토니모리,최대주주변경              ,major_shareholder_change,20260903,volatile,10,C,Major shareholder changes can increase volatility depending on context.,5,1,1,0,5,"9월 3일 주식시장 주요공시 | [개장 전 주요 공시] 현대건설·형지I&C·BNK금융·에이프로젠바이오 등 | [공시]토니모리, 오너 2세 배진형 체제 본격 시동",2026-09-04,-0.0094,0.0113,,failure
214420,토니모리,최대주주변경              ,major_shareholder_change,20260903,volatile,10,C,Major shareholder changes can increase volatility depending on context.,5,1,1,0,5,"9월 3일 주식시장 주요공시 | [개장 전 주요 공시] 현대건설·형지I&C·BNK금융·에이프로젠바이오 등 | [공시]토니모리, 오너 2세 배진형 체제 본격 시동",2026-09-04,-0.0094,0.0113,,failure
214420,토니모리,최대주주변경              ,major_shareholder_change,20260903,volatile,10,C,Major shareholder changes can increase volatility depending on context.,5,1,1,0,5,"9월 3일 주식시장 주요공시 | [개장 전 주요 공시] 현대건설·형지I&C·BNK금융·에이프로젠바이오 등 | [공시]토니모리, 오너 2세 배진형 체제 본격 시동",2026-09-04,-0.0094,0.0113,,failure
214420,토니모리,최대주주변경              ,major_shareholder_change,20260903,volatile,10,C,Major shareholder changes can increase volatility depending on context.,5,1,1,0,5,"9월 3일 주식시장 주요공시 | [개장 전 주요 공시] 현대건설·형지I&C·BNK금융·에이프로젠바이오 등 | [공시]토니모리, 오너 2세 배진형 체제 본격 시동",2026-09-04,-0.0094,0.0113,,failure
214420,토니모리,최대주주변경              ,major_shareholder_change,20260903,volatile,10,C,Major shareholder changes can increase volatility depending on context.,5,1,1,0,5,"9월 3일 주식시장 주요공시 | [개장 전 주요 공시] 현대건설·형지I&C·BNK금융·에이프로젠바이오 등 | [공시]토니모리, 오너 2세 배진형 체제 본격 시동",2026-09-04,-0.0094,0.0113,,failure
214420,토니모리,최대주주변경              ,major_shareholder_change,20260903,volatile,10,C,Major shareholder changes can increase volatility depending on context.,5,1,1,0,5,"9월 3일 주식시장 주요공시 | [개장 전 주요 공시] 현대건설·형지I&C·BNK금융·에이프로젠바이오 등 | [공시]토니모리, 오너 2세 배진형 체제 본격 시동",2026-09-04,-0.0094,0.0113,,failure
214420,토니모리,최대주주변경              ,major_shareholder_change,20260903,volatile,10,C,Major shareholder changes can increase volatility depending on context.,5,1,1,0,5,"9월 3일 주식시장 주요공시 | [개장 전 주요 공시] 현대건설·형지I&C·BNK금융·에이프로젠바이오 등 | [공시]토니모리, 오너 2세 배진형 체제 본격 시동",2026-09-04,-0.0094,0.0113,,failure
214420,토니모리,최대주주변경              ,major_shareholder_change,20260903,volatile,10,C,Major shareholder changes can increase volatility depending on context.,5,1,1,0,5,"9월 3일 주식시장 주요공시 | [개장 전 주요 공시] 현대건설·형지I&C·BNK금융·에이프로젠바이오 등 | [공시]토니모리, 오너 2세 배진형 체제 본격 시동",2026-09-04,-0.0094,0.0113,,failure
214420,토니모리,최대주주변경              ,major_shareholder_change,20260903,volatile,10,C,Major shareholder changes can increase volatility depending on context.,5,1,1,0,5,"9월 3일 주식시장 주요공시 | [개장 전 주요 공시] 현대건설·형지I&C·BNK금융·에이프로젠바이오 등 | [공시]토니모리, 오너 2세 배진형 체제 본격 시동",2026-09-04,-0.0094,0.0113,,failure
214420,토니모리,최대주주변경              ,major_shareholder_change,20260903,volatile,10,C,Major shareholder changes can increase volatility depending on context.,5,1,1,0,5,"9월 3일 주식시장 주요공시 | [개장 전 주요 공시] 현대건설·형지I&C·BNK금융·에이프로젠바이오 등 | [공시]토니모리, 오너 2세 배진형 체제 본격 시동",2026-09-04,-0.0094,0.0113,,failure
214420,토니모리,최대주주변경              ,major_shareholder_change,20260903,volatile,10,C,Major shareholder changes can increase volatility depending on context.,5,1,1,0,5,"9월 3일 주식시장 주요공시 | [개장 전 주요 공시] 현대건설·형지I&C·BNK금융·에이프로젠바이오 등 | [공시]토니모리, 오너 2세 배진형 체제 본격 시동",2026-09-04,-0.0094,0.0113,,failure
214420,토니모리,최대주주변경              ,major_shareholder_change,20260903,volatile,10,C,Major shareholder changes can increase volatility depending on context.,5,1,1,0,5,"9월 3일 주식시장 주요공시 | [개장 전 주요 공시] 현대건설·형지I&C·BNK금융·에이프로젠바이오 등 | [공시]토니모리, 오너 2세 배진형 체제 본격 시동",2026-09-04,-0.0094,0.0113,,failure
214420,토니모리,최대주주변경              ,major_shareholder_change,20260903,volatile,10,C,Major shareholder changes can increase volatility depending on context.,5,1,1,0,5,"9월 3일 주식시장 주요공시 | [개장 전 주요 공시] 현대건설·형지I&C·BNK금융·에이프로젠바이오 등 | [공시]토니모리, 오너 2세 배진형 체제 본격 시동",2026-09-04,-0.0094,0.0113,,failure
214420,토니모리,최대주주변경              ,major_shareholder_change,20260903,volatile,10,C,Major shareholder changes can increase volatility depending on context.,5,1,1,0,5,"9월 3일 주식시장 주요공시 | [개장 전 주요 공시] 현대건설·형지I&C·BNK금융·에이프로젠바이오 등 | [공시]토니모리, 오너 2세 배진형 체제 본격 시동",2026-09-04,-0.0094,0.0113,,failure
214420,토니모리,최대주주변경              ,major_shareholder_change,20260903,volatile,10,C,Major shareholder changes can increase volatility depending on context.,5,1,1,0,5,"9월 3일 주식시장 주요공시 | [개장 전 주요 공시] 현대건설·형지I&C·BNK금융·에이프로젠바이오 등 | [공시]토니모리, 오너 2세 배진형 체제 본격 시동",2026-09-04,-0.0094,0.0113,,failure
214420,토니모리,최대주주변경              ,major_shareholder_change,20260903,volatile,10,C,Major shareholder changes can increase volatility depending on context.,5,1,1,0,5,"9월 3일 주식시장 주요공시 | [개장 전 주요 공시] 현대건설·형지I&C·BNK금융·에이프로젠바이오 등 | [공시]토니모리, 오너 2세 배진형 체제 본격 시동",2026-09-04,-0.0094,0.0113,,failure
214420,토니모리,최대주주변경              ,major_shareholder_change,20260903,volatile,10,C,Major shareholder changes can increase volatility depending on context.,5,1,1,0,5,"9월 3일 주식시장 주요공시 | [개장 전 주요 공시] 현대건설·형지I&C·BNK금융·에이프로젠바이오 등 | [공시]토니모리, 오너 2세 배진형 체제 본격 시동",2026-09-04,-0.0094,0.0113,,failure
214420,토니모리,최대주주변경              ,major_shareholder_change,20260903,volatile,10,C,Major shareholder changes can increase volatility depending on context.,5,1,1,0,5,"9월 3일 주식시장 주요공시 | [개장 전 주요 공시] 현대건설·형지I&C·BNK금융·에이프로젠바이오 등 | [공시]토니모리, 오너 2세 배진형 체제 본격 시동",2026-09-04,-0.0094,0.0113,,failure
214420,토니모리,최대주주변경              ,major_shareholder_change,20260903,volatile,10,C,Major shareholder changes can increase volatility depending on context.,5,1,1,0,5,"9월 3일 주식시장 주요공시 | [개장 전 주요 공시] 현대건설·형지I&C·BNK금융·에이프로젠바이오 등 | [공시]토니모리, 오너 2세 배진형 체제 본격 시동",2026-09-04,-0.0094,0.0113,,failure
214420,토니모리,최대주주변경              ,major_shareholder_change,20260903,volatile,10,C,Major shareholder changes can increase volatility depending on context.,5,1,1,0,5,"9월 3일 주식시장 주요공시 | [개장 전 주요 공시] 현대건설·형지I&C·BNK금융·에이프로젠바이오 등 | [공시]토니모리, 오너 2세 배진형 체제 본격 시동",2026-09-04,-0.0094,0.0113,,failure
214420,토니모리,최대주주변경              ,major_shareholder_change,20260903,volatile,10,C,Major shareholder changes can increase volatility depending on context.,5,1,1,0,5,"9월 3일 주식시장 주요공시 | [개장 전 주요 공시] 현대건설·형지I&C·BNK금융·에이프로젠바이오 등 | [공시]토니모리, 오너 2세 배진형 체제 본격 시동",2026-09-04,-0.0094,0.0113,,failure
214420,토니모리,최대주주변경              ,major_shareholder_change,20260903,volatile,10,C,Major shareholder changes can increase volatility depending on context.,5,1,1,0,5,"9월 3일 주식시장 주요공시 | [개장 전 주요 공시] 현대건설·형지I&C·BNK금융·에이프로젠바이오 등 | [공시]토니모리, 오너 2세 배진형 체제 본격 시동",2026-09-04,-0.0094,0.0113,,failure
214420,토니모리,최대주주변경              ,major_shareholder_change,20260903,volatile,10,C,Major shareholder changes can increase volatility depending on context.,5,1,1,0,5,"9월 3일 주식시장 주요공시 | [개장 전 주요 공시] 현대건설·형지I&C·BNK금융·에이프로젠바이오 등 | [공시]토니모리, 오너 2세 배진형 체제 본격 시동",2026-09-04,-0.0094,0.0113,,failure
214420,토니모리,최대주주변경              ,major_shareholder_change,20260903,volatile,10,C,Major shareholder changes can increase volatility depending on context.,5,1,1,0,5,"9월 3일 주식시장 주요공시 | [개장 전 주요 공시] 현대건설·형지I&C·BNK금융·에이프로젠바이오 등 | [공시]토니모리, 오너 2세 배진형 체제 본격 시동",2026-09-04,-0.0094,0.0113,,failure
214420,토니모리,최대주주변경              ,major_shareholder_change,20260903,volatile,10,C,Major shareholder changes can increase volatility depending on context.,5,1,1,0,5,"9월 3일 주식시장 주요공시 | [개장 전 주요 공시] 현대건설·형지I&C·BNK금융·에이프로젠바이오 등 | [공시]토니모리, 오너 2세 배진형 체제 본격 시동",2026-09-04,-0.0094,0.0113,,failure
214420,토니모리,최대주주변경              ,major_shareholder_change,20260903,volatile,10,C,Major shareholder changes can increase volatility depending on context.,5,1,1,0,5,"9월 3일 주식시장 주요공시 | [개장 전 주요 공시] 현대건설·형지I&C·BNK금융·에이프로젠바이오 등 | [공시]토니모리, 오너 2세 배진형 체제 본격 시동",2026-09-04,-0.0094,0.0113,,failure
214420,토니모리,최대주주변경              ,major_shareholder_change,20260903,volatile,10,C,Major shareholder changes can increase volatility depending on context.,5,1,1,0,5,"9월 3일 주식시장 주요공시 | [개장 전 주요 공시] 현대건설·형지I&C·BNK금융·에이프로젠바이오 등 | [공시]토니모리, 오너 2세 배진형 체제 본격 시동",2026-09-04,-0.0094,0.0113,,failure
214420,토니모리,최대주주변경              ,major_shareholder_change,20260903,volatile,10,C,Major shareholder changes can increase volatility depending on context.,5,1,1,0,5,"9월 3일 주식시장 주요공시 | [개장 전 주요 공시] 현대건설·형지I&C·BNK금융·에이프로젠바이오 등 | [공시]토니모리, 오너 2세 배진형 체제 본격 시동",2026-09-04,-0.0094,0.0113,,failure
214420,토니모리,최대주주변경              ,major_shareholder_change,20260903,volatile,10,C,Major shareholder changes can increase volatility depending on context.,5,1,1,0,5,"9월 3일 주식시장 주요공시 | [개장 전 주요 공시] 현대건설·형지I&C·BNK금융·에이프로젠바이오 등 | [공시]토니모리, 오너 2세 배진형 체제 본격 시동",2026-09-04,-0.0094,0.0113,,failure
214420,토니모리,최대주주변경              ,major_shareholder_change,20260903,volatile,10,C,Major shareholder changes can increase volatility depending on context.,5,1,1,0,5,"9월 3일 주식시장 주요공시 | [개장 전 주요 공시] 현대건설·형지I&C·BNK금융·에이프로젠바이오 등 | [공시]토니모리, 오너 2세 배진형 체제 본격 시동",2026-09-04,-0.0094,0.0113,,failure
214420,토니모리,최대주주변경              ,major_shareholder_change,20260903,volatile,10,C,Major shareholder changes can increase volatility depending on context.,5,1,1,0,5,"9월 3일 주식시장 주요공시 | [개장 전 주요 공시] 현대건설·형지I&C·BNK금융·에이프로젠바이오 등 | [공시]토니모리, 오너 2세 배진형 체제 본격 시동",2026-09-04,-0.0094,0.0113,,failure
214420,토니모리,최대주주변경              ,major_shareholder_change,20260903,volatile,10,C,Major shareholder changes can increase volatility depending on context.,5,1,1,0,5,"9월 3일 주식시장 주요공시 | [개장 전 주요 공시] 현대건설·형지I&C·BNK금융·에이프로젠바이오 등 | [공시]토니모리, 오너 2세 배진형 체제 본격 시동",2026-09-04,-0.0094,0.0113,,failure
214420,토니모리,최대주주변경              ,major_shareholder_change,20260903,volatile,10,C,Major shareholder changes can increase volatility depending on context.,5,1,1,0,5,"9월 3일 주식시장 주요공시 | [개장 전 주요 공시] 현대건설·형지I&C·BNK금융·에이프로젠바이오 등 | [공시]토니모리, 오너 2세 배진형 체제 본격 시동",2026-09-04,-0.0094,0.0113,,failure
214420,토니모리,최대주주변경              ,major_shareholder_change,20260903,volatile,10,C,Major shareholder changes can increase volatility depending on context.,5,1,1,0,5,"9월 3일 주식시장 주요공시 | [개장 전 주요 공시] 현대건설·형지I&C·BNK금융·에이프로젠바이오 등 | [공시]토니모리, 오너 2세 배진형 체제 본격 시동",2026-09-04,-0.0094,0.0113,,failure
214420,토니모리,최대주주변경              ,major_shareholder_change,20260903,volatile,10,C,Major shareholder changes can increase volatility depending on context.,5,1,1,0,5,"9월 3일 주식시장 주요공시 | [개장 전 주요 공시] 현대건설·형지I&C·BNK금융·에이프로젠바이오 등 | [공시]토니모리, 오너 2세 배진형 체제 본격 시동",2026-09-04,-0.0094,0.0113,,failure
214420,토니모리,최대주주변경              ,major_shareholder_change,20260903,volatile,10,C,Major shareholder changes can increase volatility depending on context.,5,1,1,0,5,"9월 3일 주식시장 주요공시 | [개장 전 주요 공시] 현대건설·형지I&C·BNK금융·에이프로젠바이오 등 | [공시]토니모리, 오너 2세 배진형 체제 본격 시동",2026-09-04,-0.0094,0.0113,,failure
214420,토니모리,최대주주변경              ,major_shareholder_change,20260903,volatile,10,C,Major shareholder changes can increase volatility depending on context.,5,1,1,0,5,"9월 3일 주식시장 주요공시 | [개장 전 주요 공시] 현대건설·형지I&C·BNK금융·에이프로젠바이오 등 | [공시]토니모리, 오너 2세 배진형 체제 본격 시동",2026-09-04,-0.0094,0.0113,,failure
214420,토니모리,최대주주변경              ,major_shareholder_change,20260903,volatile,10,C,Major shareholder changes can increase volatility depending on context.,5,1,1,0,5,"9월 3일 주식시장 주요공시 | [개장 전 주요 공시] 현대건설·형지I&C·BNK금융·에이프로젠바이오 등 | [공시]토니모리, 오너 2세 배진형 체제 본격 시동",2026-09-04,-0.0094,0.0113,,failure
214420,토니모리,최대주주변경              ,major_shareholder_change,20260903,volatile,10,C,Major shareholder changes can increase volatility depending on context.,5,1,1,0,5,"9월 3일 주식시장 주요공시 | [개장 전 주요 공시] 현대건설·형지I&C·BNK금융·에이프로젠바이오 등 | [공시]토니모리, 오너 2세 배진형 체제 본격 시동",2026-09-04,-0.0094,0.0113,,failure
214420,토니모리,최대주주변경              ,major_shareholder_change,20260903,volatile,10,C,Major shareholder changes can increase volatility depending on context.,5,1,1,0,5,"9월 3일 주식시장 주요공시 | [개장 전 주요 공시] 현대건설·형지I&C·BNK금융·에이프로젠바이오 등 | [공시]토니모리, 오너 2세 배진형 체제 본격 시동",2026-09-04,-0.0094,0.0113,,failure
214420,토니모리,최대주주변경              ,major_shareholder_change,20260903,volatile,10,C,Major shareholder changes can increase volatility depending on context.,5,1,1,0,5,"9월 3일 주식시장 주요공시 | [개장 전 주요 공시] 현대건설·형지I&C·BNK금융·에이프로젠바이오 등 | [공시]토니모리, 오너 2세 배진형 체제 본격 시동",2026-09-04,-0.0094,0.0113,,failure
214420,토니모리,최대주주변경              ,major_shareholder_change,20260903,volatile,10,C,Major shareholder changes can increase volatility depending on context.,5,1,1,0,5,"9월 3일 주식시장 주요공시 | [개장 전 주요 공시] 현대건설·형지I&C·BNK금융·에이프로젠바이오 등 | [공시]토니모리, 오너 2세 배진형 체제 본격 시동",2026-09-04,-0.0094,0.0113,,failure
214420,토니모리,최대주주변경              ,major_shareholder_change,20260903,volatile,10,C,Major shareholder changes can increase volatility depending on context.,5,1,1,0,5,"9월 3일 주식시장 주요공시 | [개장 전 주요 공시] 현대건설·형지I&C·BNK금융·에이프로젠바이오 등 | [공시]토니모리, 오너 2세 배진형 체제 본격 시동",2026-09-04,-0.0094,0.0113,,failure
214420,토니모리,최대주주변경              ,major_shareholder_change,20260903,volatile,10,C,Major shareholder changes can increase volatility depending on context.,5,1,1,0,5,"9월 3일 주식시장 주요공시 | [개장 전 주요 공시] 현대건설·형지I&C·BNK금융·에이프로젠바이오 등 | [공시]토니모리, 오너 2세 배진형 체제 본격 시동",2026-09-04,-0.0094,0.0113,,failure
214420,토니모리,최대주주변경              ,major_shareholder_change,20260903,volatile,10,C,Major shareholder changes can increase volatility depending on context.,5,1,1,0,5,"9월 3일 주식시장 주요공시 | [개장 전 주요 공시] 현대건설·형지I&C·BNK금융·에이프로젠바이오 등 | [공시]토니모리, 오너 2세 배진형 체제 본격 시동",2026-09-04,-0.0094,0.0113,,failure
214420,토니모리,최대주주변경              ,major_shareholder_change,20260903,volatile,10,C,Major shareholder changes can increase volatility depending on context.,5,1,1,0,5,"9월 3일 주식시장 주요공시 | [개장 전 주요 공시] 현대건설·형지I&C·BNK금융·에이프로젠바이오 등 | [공시]토니모리, 오너 2세 배진형 체제 본격 시동",2026-09-04,-0.0094,0.0113,,failure
214420,토니모리,최대주주변경              ,major_shareholder_change,20260903,volatile,10,C,Major shareholder changes can increase volatility depending on context.,5,1,1,0,5,"9월 3일 주식시장 주요공시 | [개장 전 주요 공시] 현대건설·형지I&C·BNK금융·에이프로젠바이오 등 | [공시]토니모리, 오너 2세 배진형 체제 본격 시동",2026-09-04,-0.0094,0.0113,,failure
214420,토니모리,최대주주변경              ,major_shareholder_change,20260903,volatile,10,C,Major shareholder changes can increase volatility depending on context.,5,1,1,0,5,"9월 3일 주식시장 주요공시 | [개장 전 주요 공시] 현대건설·형지I&C·BNK금융·에이프로젠바이오 등 | [공시]토니모리, 오너 2세 배진형 체제 본격 시동",2026-09-04,-0.0094,0.0113,,failure
214420,토니모리,최대주주변경              ,major_shareholder_change,20260903,volatile,10,C,Major shareholder changes can increase volatility depending on context.,5,1,1,0,5,"9월 3일 주식시장 주요공시 | [개장 전 주요 공시] 현대건설·형지I&C·BNK금융·에이프로젠바이오 등 | [공시]토니모리, 오너 2세 배진형 체제 본격 시동",2026-09-04,-0.0094,0.0113,,failure
214420,토니모리,최대주주변경              ,major_shareholder_change,20260903,volatile,10,C,Major shareholder changes can increase volatility depending on context.,5,1,1,0,5,"9월 3일 주식시장 주요공시 | [개장 전 주요 공시] 현대건설·형지I&C·BNK금융·에이프로젠바이오 등 | [공시]토니모리, 오너 2세 배진형 체제 본격 시동",2026-09-04,-0.0094,0.0113,,failure
214420,토니모리,최대주주변경              ,major_shareholder_change,20260903,volatile,10,C,Major shareholder changes can increase volatility depending on context.,5,1,1,0,5,"9월 3일 주식시장 주요공시 | [개장 전 주요 공시] 현대건설·형지I&C·BNK금융·에이프로젠바이오 등 | [공시]토니모리, 오너 2세 배진형 체제 본격 시동",2026-09-04,-0.0094,0.0113,,failure
214420,토니모리,최대주주변경              ,major_shareholder_change,20260903,volatile,10,C,Major shareholder changes can increase volatility depending on context.,5,1,1,0,5,"9월 3일 주식시장 주요공시 | [개장 전 주요 공시] 현대건설·형지I&C·BNK금융·에이프로젠바이오 등 | [공시]토니모리, 오너 2세 배진형 체제 본격 시동",2026-09-04,-0.0094,0.0113,,failure
214420,토니모리,최대주주변경              ,major_shareholder_change,20260903,volatile,10,C,Major shareholder changes can increase volatility depending on context.,5,1,1,0,5,"9월 3일 주식시장 주요공시 | [개장 전 주요 공시] 현대건설·형지I&C·BNK금융·에이프로젠바이오 등 | [공시]토니모리, 오너 2세 배진형 체제 본격 시동",2026-09-04,-0.0094,0.0113,,failure
214420,토니모리,최대주주변경              ,major_shareholder_change,20260903,volatile,10,C,Major shareholder changes can increase volatility depending on context.,5,1,1,0,5,"9월 3일 주식시장 주요공시 | [개장 전 주요 공시] 현대건설·형지I&C·BNK금융·에이프로젠바이오 등 | [공시]토니모리, 오너 2세 배진형 체제 본격 시동",2026-09-04,-0.0094,0.0113,,failure
175250,아이큐어,기타경영사항(자율공시)              (최대주주 보유주식의 자발적 의무보유 시행),major_shareholder_change,20260903,volatile,10,C,Major shareholder changes can increase volatility depending on context.,5,2,8,-6,5,"9월 3일 주식시장 주요공시 | 아이큐어, 최대주주 신주 1886만주 3년 묶는다…증자물량 78% 장기 보호예... | [N2 모닝 경제 브리핑-9월 4일] 美 증시, 금리 인상 우려 완화에 3대 지...",2026-09-04,-0.0142,-0.0261,,success
175250,아이큐어,기타경영사항(자율공시)              (최대주주 보유주식의 자발적 의무보유 시행),major_shareholder_change,20260903,volatile,10,C,Major shareholder changes can increase volatility depending on context.,5,2,8,-6,5,"9월 3일 주식시장 주요공시 | 아이큐어, 최대주주 신주 1886만주 3년 묶는다…증자물량 78% 장기 보호예... | [N2 모닝 경제 브리핑-9월 4일] 美 증시, 금리 인상 우려 완화에 3대 지...",2026-09-04,-0.0142,-0.0261,,success
175250,아이큐어,기타경영사항(자율공시)              (최대주주 보유주식의 자발적 의무보유 시행),major_shareholder_change,20260903,volatile,10,C,Major shareholder changes can increase volatility depending on context.,5,2,8,-6,5,"9월 3일 주식시장 주요공시 | 아이큐어, 최대주주 신주 1886만주 3년 묶는다…증자물량 78% 장기 보호예... | [N2 모닝 경제 브리핑-9월 4일] 美 증시, 금리 인상 우려 완화에 3대 지...",2026-09-04,-0.0142,-0.0261,,success
175250,아이큐어,기타경영사항(자율공시)              (최대주주 보유주식의 자발적 의무보유 시행),major_shareholder_change,20260903,volatile,10,C,Major shareholder changes can increase volatility depending on context.,5,2,8,-6,5,"9월 3일 주식시장 주요공시 | 아이큐어, 최대주주 신주 1886만주 3년 묶는다…증자물량 78% 장기 보호예... | [N2 모닝 경제 브리핑-9월 4일] 美 증시, 금리 인상 우려 완화에 3대 지...",2026-09-04,-0.0142,-0.0261,,success
175250,아이큐어,기타경영사항(자율공시)              (최대주주 보유주식의 자발적 의무보유 시행),major_shareholder_change,20260903,volatile,10,C,Major shareholder changes can increase volatility depending on context.,5,2,8,-6,5,"9월 3일 주식시장 주요공시 | 아이큐어, 최대주주 신주 1886만주 3년 묶는다…증자물량 78% 장기 보호예... | [N2 모닝 경제 브리핑-9월 4일] 美 증시, 금리 인상 우려 완화에 3대 지...",2026-09-04,-0.0142,-0.0261,,success
175250,아이큐어,기타경영사항(자율공시)              (최대주주 보유주식의 자발적 의무보유 시행),major_shareholder_change,20260903,volatile,10,C,Major shareholder changes can increase volatility depending on context.,5,2,8,-6,5,"9월 3일 주식시장 주요공시 | 아이큐어, 최대주주 신주 1886만주 3년 묶는다…증자물량 78% 장기 보호예... | [N2 모닝 경제 브리핑-9월 4일] 美 증시, 금리 인상 우려 완화에 3대 지...",2026-09-04,-0.0142,-0.0261,,success
175250,아이큐어,기타경영사항(자율공시)              (최대주주 보유주식의 자발적 의무보유 시행),major_shareholder_change,20260903,volatile,10,C,Major shareholder changes can increase volatility depending on context.,5,2,8,-6,5,"9월 3일 주식시장 주요공시 | 아이큐어, 최대주주 신주 1886만주 3년 묶는다…증자물량 78% 장기 보호예... | [N2 모닝 경제 브리핑-9월 4일] 美 증시, 금리 인상 우려 완화에 3대 지...",2026-09-04,-0.0142,-0.0261,,success
175250,아이큐어,기타경영사항(자율공시)              (최대주주 보유주식의 자발적 의무보유 시행),major_shareholder_change,20260903,volatile,10,C,Major shareholder changes can increase volatility depending on context.,5,2,8,-6,5,"9월 3일 주식시장 주요공시 | 아이큐어, 최대주주 신주 1886만주 3년 묶는다…증자물량 78% 장기 보호예... | [N2 모닝 경제 브리핑-9월 4일] 美 증시, 금리 인상 우려 완화에 3대 지...",2026-09-04,-0.0142,-0.0261,,success
175250,아이큐어,기타경영사항(자율공시)              (최대주주 보유주식의 자발적 의무보유 시행),major_shareholder_change,20260903,volatile,10,C,Major shareholder changes can increase volatility depending on context.,5,2,8,-6,5,"9월 3일 주식시장 주요공시 | 아이큐어, 최대주주 신주 1886만주 3년 묶는다…증자물량 78% 장기 보호예... | [N2 모닝 경제 브리핑-9월 4일] 美 증시, 금리 인상 우려 완화에 3대 지...",2026-09-04,-0.0142,-0.0261,,success
175250,아이큐어,기타경영사항(자율공시)              (최대주주 보유주식의 자발적 의무보유 시행),major_shareholder_change,20260903,volatile,10,C,Major shareholder changes can increase volatility depending on context.,5,2,8,-6,5,"9월 3일 주식시장 주요공시 | 아이큐어, 최대주주 신주 1886만주 3년 묶는다…증자물량 78% 장기 보호예... | [N2 모닝 경제 브리핑-9월 4일] 美 증시, 금리 인상 우려 완화에 3대 지...",2026-09-04,-0.0142,-0.0261,,success
175250,아이큐어,기타경영사항(자율공시)              (최대주주 보유주식의 자발적 의무보유 시행),major_shareholder_change,20260903,volatile,10,C,Major shareholder changes can increase volatility depending on context.,5,2,8,-6,5,"9월 3일 주식시장 주요공시 | 아이큐어, 최대주주 신주 1886만주 3년 묶는다…증자물량 78% 장기 보호예... | [N2 모닝 경제 브리핑-9월 4일] 美 증시, 금리 인상 우려 완화에 3대 지...",2026-09-04,-0.0142,-0.0261,,success
175250,아이큐어,기타경영사항(자율공시)              (최대주주 보유주식의 자발적 의무보유 시행),major_shareholder_change,20260903,volatile,10,C,Major shareholder changes can increase volatility depending on context.,5,2,8,-6,5,"9월 3일 주식시장 주요공시 | 아이큐어, 최대주주 신주 1886만주 3년 묶는다…증자물량 78% 장기 보호예... | [N2 모닝 경제 브리핑-9월 4일] 美 증시, 금리 인상 우려 완화에 3대 지...",2026-09-04,-0.0142,-0.0261,,success
175250,아이큐어,기타경영사항(자율공시)              (최대주주 보유주식의 자발적 의무보유 시행),major_shareholder_change,20260903,volatile,10,C,Major shareholder changes can increase volatility depending on context.,5,2,8,-6,5,"9월 3일 주식시장 주요공시 | 아이큐어, 최대주주 신주 1886만주 3년 묶는다…증자물량 78% 장기 보호예... | [N2 모닝 경제 브리핑-9월 4일] 美 증시, 금리 인상 우려 완화에 3대 지...",2026-09-04,-0.0142,-0.0261,,success
175250,아이큐어,기타경영사항(자율공시)              (최대주주 보유주식의 자발적 의무보유 시행),major_shareholder_change,20260903,volatile,10,C,Major shareholder changes can increase volatility depending on context.,5,2,8,-6,5,"9월 3일 주식시장 주요공시 | 아이큐어, 최대주주 신주 1886만주 3년 묶는다…증자물량 78% 장기 보호예... | [N2 모닝 경제 브리핑-9월 4일] 美 증시, 금리 인상 우려 완화에 3대 지...",2026-09-04,-0.0142,-0.0261,,success
175250,아이큐어,기타경영사항(자율공시)              (최대주주 보유주식의 자발적 의무보유 시행),major_shareholder_change,20260903,volatile,10,C,Major shareholder changes can increase volatility depending on context.,5,2,8,-6,5,"9월 3일 주식시장 주요공시 | 아이큐어, 최대주주 신주 1886만주 3년 묶는다…증자물량 78% 장기 보호예... | [N2 모닝 경제 브리핑-9월 4일] 美 증시, 금리 인상 우려 완화에 3대 지...",2026-09-04,-0.0142,-0.0261,,success
175250,아이큐어,기타경영사항(자율공시)              (최대주주 보유주식의 자발적 의무보유 시행),major_shareholder_change,20260903,volatile,10,C,Major shareholder changes can increase volatility depending on context.,5,2,8,-6,5,"9월 3일 주식시장 주요공시 | 아이큐어, 최대주주 신주 1886만주 3년 묶는다…증자물량 78% 장기 보호예... | [N2 모닝 경제 브리핑-9월 4일] 美 증시, 금리 인상 우려 완화에 3대 지...",2026-09-04,-0.0142,-0.0261,,success
175250,아이큐어,기타경영사항(자율공시)              (최대주주 보유주식의 자발적 의무보유 시행),major_shareholder_change,20260903,volatile,10,C,Major shareholder changes can increase volatility depending on context.,5,2,8,-6,5,"9월 3일 주식시장 주요공시 | 아이큐어, 최대주주 신주 1886만주 3년 묶는다…증자물량 78% 장기 보호예... | [N2 모닝 경제 브리핑-9월 4일] 美 증시, 금리 인상 우려 완화에 3대 지...",2026-09-04,-0.0142,-0.0261,,success
175250,아이큐어,기타경영사항(자율공시)              (최대주주 보유주식의 자발적 의무보유 시행),major_shareholder_change,20260903,volatile,10,C,Major shareholder changes can increase volatility depending on context.,5,2,8,-6,5,"9월 3일 주식시장 주요공시 | 아이큐어, 최대주주 신주 1886만주 3년 묶는다…증자물량 78% 장기 보호예... | [N2 모닝 경제 브리핑-9월 4일] 美 증시, 금리 인상 우려 완화에 3대 지...",2026-09-04,-0.0142,-0.0261,,success
175250,아이큐어,기타경영사항(자율공시)              (최대주주 보유주식의 자발적 의무보유 시행),major_shareholder_change,20260903,volatile,10,C,Major shareholder changes can increase volatility depending on context.,5,2,8,-6,5,"9월 3일 주식시장 주요공시 | 아이큐어, 최대주주 신주 1886만주 3년 묶는다…증자물량 78% 장기 보호예... | [N2 모닝 경제 브리핑-9월 4일] 美 증시, 금리 인상 우려 완화에 3대 지...",2026-09-04,-0.0142,-0.0261,,success
175250,아이큐어,기타경영사항(자율공시)              (최대주주 보유주식의 자발적 의무보유 시행),major_shareholder_change,20260903,volatile,10,C,Major shareholder changes can increase volatility depending on context.,5,2,8,-6,5,"9월 3일 주식시장 주요공시 | 아이큐어, 최대주주 신주 1886만주 3년 묶는다…증자물량 78% 장기 보호예... | [N2 모닝 경제 브리핑-9월 4일] 美 증시, 금리 인상 우려 완화에 3대 지...",2026-09-04,-0.0142,-0.0261,,success
175250,아이큐어,기타경영사항(자율공시)              (최대주주 보유주식의 자발적 의무보유 시행),major_shareholder_change,20260903,volatile,10,C,Major shareholder changes can increase volatility depending on context.,5,2,8,-6,5,"9월 3일 주식시장 주요공시 | 아이큐어, 최대주주 신주 1886만주 3년 묶는다…증자물량 78% 장기 보호예... | [N2 모닝 경제 브리핑-9월 4일] 美 증시, 금리 인상 우려 완화에 3대 지...",2026-09-04,-0.0142,-0.0261,,success
175250,아이큐어,기타경영사항(자율공시)              (최대주주 보유주식의 자발적 의무보유 시행),major_shareholder_change,20260903,volatile,10,C,Major shareholder changes can increase volatility depending on context.,5,2,8,-6,5,"9월 3일 주식시장 주요공시 | 아이큐어, 최대주주 신주 1886만주 3년 묶는다…증자물량 78% 장기 보호예... | [N2 모닝 경제 브리핑-9월 4일] 美 증시, 금리 인상 우려 완화에 3대 지...",2026-09-04,-0.0142,-0.0261,,success
175250,아이큐어,기타경영사항(자율공시)              (최대주주 보유주식의 자발적 의무보유 시행),major_shareholder_change,20260903,volatile,10,C,Major shareholder changes can increase volatility depending on context.,5,2,8,-6,5,"9월 3일 주식시장 주요공시 | 아이큐어, 최대주주 신주 1886만주 3년 묶는다…증자물량 78% 장기 보호예... | [N2 모닝 경제 브리핑-9월 4일] 美 증시, 금리 인상 우려 완화에 3대 지...",2026-09-04,-0.0142,-0.0261,,success
175250,아이큐어,기타경영사항(자율공시)              (최대주주 보유주식의 자발적 의무보유 시행),major_shareholder_change,20260903,volatile,10,C,Major shareholder changes can increase volatility depending on context.,5,2,8,-6,5,"9월 3일 주식시장 주요공시 | 아이큐어, 최대주주 신주 1886만주 3년 묶는다…증자물량 78% 장기 보호예... | [N2 모닝 경제 브리핑-9월 4일] 美 증시, 금리 인상 우려 완화에 3대 지...",2026-09-04,-0.0142,-0.0261,,success
175250,아이큐어,기타경영사항(자율공시)              (최대주주 보유주식의 자발적 의무보유 시행),major_shareholder_change,20260903,volatile,10,C,Major shareholder changes can increase volatility depending on context.,5,2,8,-6,5,"9월 3일 주식시장 주요공시 | 아이큐어, 최대주주 신주 1886만주 3년 묶는다…증자물량 78% 장기 보호예... | [N2 모닝 경제 브리핑-9월 4일] 美 증시, 금리 인상 우려 완화에 3대 지...",2026-09-04,-0.0142,-0.0261,,success
175250,아이큐어,기타경영사항(자율공시)              (최대주주 보유주식의 자발적 의무보유 시행),major_shareholder_change,20260903,volatile,10,C,Major shareholder changes can increase volatility depending on context.,5,2,8,-6,5,"9월 3일 주식시장 주요공시 | 아이큐어, 최대주주 신주 1886만주 3년 묶는다…증자물량 78% 장기 보호예... | [N2 모닝 경제 브리핑-9월 4일] 美 증시, 금리 인상 우려 완화에 3대 지...",2026-09-04,-0.0142,-0.0261,,success
175250,아이큐어,기타경영사항(자율공시)              (최대주주 보유주식의 자발적 의무보유 시행),major_shareholder_change,20260903,volatile,10,C,Major shareholder changes can increase volatility depending on context.,5,2,8,-6,5,"9월 3일 주식시장 주요공시 | 아이큐어, 최대주주 신주 1886만주 3년 묶는다…증자물량 78% 장기 보호예... | [N2 모닝 경제 브리핑-9월 4일] 美 증시, 금리 인상 우려 완화에 3대 지...",2026-09-04,-0.0142,-0.0261,,success
175250,아이큐어,기타경영사항(자율공시)              (최대주주 보유주식의 자발적 의무보유 시행),major_shareholder_change,20260903,volatile,10,C,Major shareholder changes can increase volatility depending on context.,5,2,8,-6,5,"9월 3일 주식시장 주요공시 | 아이큐어, 최대주주 신주 1886만주 3년 묶는다…증자물량 78% 장기 보호예... | [N2 모닝 경제 브리핑-9월 4일] 美 증시, 금리 인상 우려 완화에 3대 지...",2026-09-04,-0.0142,-0.0261,,success
175250,아이큐어,기타경영사항(자율공시)              (최대주주 보유주식의 자발적 의무보유 시행),major_shareholder_change,20260903,volatile,10,C,Major shareholder changes can increase volatility depending on context.,5,2,8,-6,5,"9월 3일 주식시장 주요공시 | 아이큐어, 최대주주 신주 1886만주 3년 묶는다…증자물량 78% 장기 보호예... | [N2 모닝 경제 브리핑-9월 4일] 美 증시, 금리 인상 우려 완화에 3대 지...",2026-09-04,-0.0142,-0.0261,,success
175250,아이큐어,기타경영사항(자율공시)              (최대주주 보유주식의 자발적 의무보유 시행),major_shareholder_change,20260903,volatile,10,C,Major shareholder changes can increase volatility depending on context.,5,2,8,-6,5,"9월 3일 주식시장 주요공시 | 아이큐어, 최대주주 신주 1886만주 3년 묶는다…증자물량 78% 장기 보호예... | [N2 모닝 경제 브리핑-9월 4일] 美 증시, 금리 인상 우려 완화에 3대 지...",2026-09-04,-0.0142,-0.0261,,success
175250,아이큐어,기타경영사항(자율공시)              (최대주주 보유주식의 자발적 의무보유 시행),major_shareholder_change,20260903,volatile,10,C,Major shareholder changes can increase volatility depending on context.,5,2,8,-6,5,"9월 3일 주식시장 주요공시 | 아이큐어, 최대주주 신주 1886만주 3년 묶는다…증자물량 78% 장기 보호예... | [N2 모닝 경제 브리핑-9월 4일] 美 증시, 금리 인상 우려 완화에 3대 지...",2026-09-04,-0.0142,-0.0261,,success
175250,아이큐어,기타경영사항(자율공시)              (최대주주 보유주식의 자발적 의무보유 시행),major_shareholder_change,20260903,volatile,10,C,Major shareholder changes can increase volatility depending on context.,5,2,8,-6,5,"9월 3일 주식시장 주요공시 | 아이큐어, 최대주주 신주 1886만주 3년 묶는다…증자물량 78% 장기 보호예... | [N2 모닝 경제 브리핑-9월 4일] 美 증시, 금리 인상 우려 완화에 3대 지...",2026-09-04,-0.0142,-0.0261,,success
175250,아이큐어,기타경영사항(자율공시)              (최대주주 보유주식의 자발적 의무보유 시행),major_shareholder_change,20260903,volatile,10,C,Major shareholder changes can increase volatility depending on context.,5,2,8,-6,5,"9월 3일 주식시장 주요공시 | 아이큐어, 최대주주 신주 1886만주 3년 묶는다…증자물량 78% 장기 보호예... | [N2 모닝 경제 브리핑-9월 4일] 美 증시, 금리 인상 우려 완화에 3대 지...",2026-09-04,-0.0142,-0.0261,,success
175250,아이큐어,기타경영사항(자율공시)              (최대주주 보유주식의 자발적 의무보유 시행),major_shareholder_change,20260903,volatile,10,C,Major shareholder changes can increase volatility depending on context.,5,2,8,-6,5,"9월 3일 주식시장 주요공시 | 아이큐어, 최대주주 신주 1886만주 3년 묶는다…증자물량 78% 장기 보호예... | [N2 모닝 경제 브리핑-9월 4일] 美 증시, 금리 인상 우려 완화에 3대 지...",2026-09-04,-0.0142,-0.0261,,success
175250,아이큐어,기타경영사항(자율공시)              (최대주주 보유주식의 자발적 의무보유 시행),major_shareholder_change,20260903,volatile,10,C,Major shareholder changes can increase volatility depending on context.,5,2,8,-6,5,"9월 3일 주식시장 주요공시 | 아이큐어, 최대주주 신주 1886만주 3년 묶는다…증자물량 78% 장기 보호예... | [N2 모닝 경제 브리핑-9월 4일] 美 증시, 금리 인상 우려 완화에 3대 지...",2026-09-04,-0.0142,-0.0261,,success
175250,아이큐어,기타경영사항(자율공시)              (최대주주 보유주식의 자발적 의무보유 시행),major_shareholder_change,20260903,volatile,10,C,Major shareholder changes can increase volatility depending on context.,5,2,8,-6,5,"9월 3일 주식시장 주요공시 | 아이큐어, 최대주주 신주 1886만주 3년 묶는다…증자물량 78% 장기 보호예... | [N2 모닝 경제 브리핑-9월 4일] 美 증시, 금리 인상 우려 완화에 3대 지...",2026-09-04,-0.0142,-0.0261,,success
175250,아이큐어,기타경영사항(자율공시)              (최대주주 보유주식의 자발적 의무보유 시행),major_shareholder_change,20260903,volatile,10,C,Major shareholder changes can increase volatility depending on context.,5,2,8,-6,5,"9월 3일 주식시장 주요공시 | 아이큐어, 최대주주 신주 1886만주 3년 묶는다…증자물량 78% 장기 보호예... | [N2 모닝 경제 브리핑-9월 4일] 美 증시, 금리 인상 우려 완화에 3대 지...",2026-09-04,-0.0142,-0.0261,,success
175250,아이큐어,기타경영사항(자율공시)              (최대주주 보유주식의 자발적 의무보유 시행),major_shareholder_change,20260903,volatile,10,C,Major shareholder changes can increase volatility depending on context.,5,2,8,-6,5,"9월 3일 주식시장 주요공시 | 아이큐어, 최대주주 신주 1886만주 3년 묶는다…증자물량 78% 장기 보호예... | [N2 모닝 경제 브리핑-9월 4일] 美 증시, 금리 인상 우려 완화에 3대 지...",2026-09-04,-0.0142,-0.0261,,success
175250,아이큐어,기타경영사항(자율공시)              (최대주주 보유주식의 자발적 의무보유 시행),major_shareholder_change,20260903,volatile,10,C,Major shareholder changes can increase volatility depending on context.,5,2,8,-6,5,"9월 3일 주식시장 주요공시 | 아이큐어, 최대주주 신주 1886만주 3년 묶는다…증자물량 78% 장기 보호예... | [N2 모닝 경제 브리핑-9월 4일] 美 증시, 금리 인상 우려 완화에 3대 지...",2026-09-04,-0.0142,-0.0261,,success
175250,아이큐어,기타경영사항(자율공시)              (최대주주 보유주식의 자발적 의무보유 시행),major_shareholder_change,20260903,volatile,10,C,Major shareholder changes can increase volatility depending on context.,5,2,8,-6,5,"9월 3일 주식시장 주요공시 | 아이큐어, 최대주주 신주 1886만주 3년 묶는다…증자물량 78% 장기 보호예... | [N2 모닝 경제 브리핑-9월 4일] 美 증시, 금리 인상 우려 완화에 3대 지...",2026-09-04,-0.0142,-0.0261,,success
175250,아이큐어,기타경영사항(자율공시)              (최대주주 보유주식의 자발적 의무보유 시행),major_shareholder_change,20260903,volatile,10,C,Major shareholder changes can increase volatility depending on context.,5,2,8,-6,5,"9월 3일 주식시장 주요공시 | 아이큐어, 최대주주 신주 1886만주 3년 묶는다…증자물량 78% 장기 보호예... | [N2 모닝 경제 브리핑-9월 4일] 美 증시, 금리 인상 우려 완화에 3대 지...",2026-09-04,-0.0142,-0.0261,,success
175250,아이큐어,기타경영사항(자율공시)              (최대주주 보유주식의 자발적 의무보유 시행),major_shareholder_change,20260903,volatile,10,C,Major shareholder changes can increase volatility depending on context.,5,2,8,-6,5,"9월 3일 주식시장 주요공시 | 아이큐어, 최대주주 신주 1886만주 3년 묶는다…증자물량 78% 장기 보호예... | [N2 모닝 경제 브리핑-9월 4일] 美 증시, 금리 인상 우려 완화에 3대 지...",2026-09-04,-0.0142,-0.0261,,success
175250,아이큐어,기타경영사항(자율공시)              (최대주주 보유주식의 자발적 의무보유 시행),major_shareholder_change,20260903,volatile,10,C,Major shareholder changes can increase volatility depending on context.,5,2,8,-6,5,"9월 3일 주식시장 주요공시 | 아이큐어, 최대주주 신주 1886만주 3년 묶는다…증자물량 78% 장기 보호예... | [N2 모닝 경제 브리핑-9월 4일] 美 증시, 금리 인상 우려 완화에 3대 지...",2026-09-04,-0.0142,-0.0261,,success
175250,아이큐어,기타경영사항(자율공시)              (최대주주 보유주식의 자발적 의무보유 시행),major_shareholder_change,20260903,volatile,10,C,Major shareholder changes can increase volatility depending on context.,5,2,8,-6,5,"9월 3일 주식시장 주요공시 | 아이큐어, 최대주주 신주 1886만주 3년 묶는다…증자물량 78% 장기 보호예... | [N2 모닝 경제 브리핑-9월 4일] 美 증시, 금리 인상 우려 완화에 3대 지...",2026-09-04,-0.0142,-0.0261,,success
175250,아이큐어,기타경영사항(자율공시)              (최대주주 보유주식의 자발적 의무보유 시행),major_shareholder_change,20260903,volatile,10,C,Major shareholder changes can increase volatility depending on context.,5,2,8,-6,5,"9월 3일 주식시장 주요공시 | 아이큐어, 최대주주 신주 1886만주 3년 묶는다…증자물량 78% 장기 보호예... | [N2 모닝 경제 브리핑-9월 4일] 美 증시, 금리 인상 우려 완화에 3대 지...",2026-09-04,-0.0142,-0.0261,,success
175250,아이큐어,기타경영사항(자율공시)              (최대주주 보유주식의 자발적 의무보유 시행),major_shareholder_change,20260903,volatile,10,C,Major shareholder changes can increase volatility depending on context.,5,2,8,-6,5,"9월 3일 주식시장 주요공시 | 아이큐어, 최대주주 신주 1886만주 3년 묶는다…증자물량 78% 장기 보호예... | [N2 모닝 경제 브리핑-9월 4일] 美 증시, 금리 인상 우려 완화에 3대 지...",2026-09-04,-0.0142,-0.0261,,success
175250,아이큐어,기타경영사항(자율공시)              (최대주주 보유주식의 자발적 의무보유 시행),major_shareholder_change,20260903,volatile,10,C,Major shareholder changes can increase volatility depending on context.,5,2,8,-6,5,"9월 3일 주식시장 주요공시 | 아이큐어, 최대주주 신주 1886만주 3년 묶는다…증자물량 78% 장기 보호예... | [N2 모닝 경제 브리핑-9월 4일] 美 증시, 금리 인상 우려 완화에 3대 지...",2026-09-04,-0.0142,-0.0261,,success
175250,아이큐어,기타경영사항(자율공시)              (최대주주 보유주식의 자발적 의무보유 시행),major_shareholder_change,20260903,volatile,10,C,Major shareholder changes can increase volatility depending on context.,5,2,8,-6,5,"9월 3일 주식시장 주요공시 | 아이큐어, 최대주주 신주 1886만주 3년 묶는다…증자물량 78% 장기 보호예... | [N2 모닝 경제 브리핑-9월 4일] 美 증시, 금리 인상 우려 완화에 3대 지...",2026-09-04,-0.0142,-0.0261,,success
175250,아이큐어,기타경영사항(자율공시)              (최대주주 보유주식의 자발적 의무보유 시행),major_shareholder_change,20260903,volatile,10,C,Major shareholder changes can increase volatility depending on context.,5,2,8,-6,5,"9월 3일 주식시장 주요공시 | 아이큐어, 최대주주 신주 1886만주 3년 묶는다…증자물량 78% 장기 보호예... | [N2 모닝 경제 브리핑-9월 4일] 美 증시, 금리 인상 우려 완화에 3대 지...",2026-09-04,-0.0142,-0.0261,,success
175250,아이큐어,기타경영사항(자율공시)              (최대주주 보유주식의 자발적 의무보유 시행),major_shareholder_change,20260903,volatile,10,C,Major shareholder changes can increase volatility depending on context.,5,2,8,-6,5,"9월 3일 주식시장 주요공시 | 아이큐어, 최대주주 신주 1886만주 3년 묶는다…증자물량 78% 장기 보호예... | [N2 모닝 경제 브리핑-9월 4일] 美 증시, 금리 인상 우려 완화에 3대 지...",2026-09-04,-0.0142,-0.0261,,success
175250,아이큐어,기타경영사항(자율공시)              (최대주주 보유주식의 자발적 의무보유 시행),major_shareholder_change,20260903,volatile,10,C,Major shareholder changes can increase volatility depending on context.,5,2,8,-6,5,"9월 3일 주식시장 주요공시 | 아이큐어, 최대주주 신주 1886만주 3년 묶는다…증자물량 78% 장기 보호예... | [N2 모닝 경제 브리핑-9월 4일] 美 증시, 금리 인상 우려 완화에 3대 지...",2026-09-04,-0.0142,-0.0261,,success
175250,아이큐어,기타경영사항(자율공시)              (최대주주 보유주식의 자발적 의무보유 시행),major_shareholder_change,20260903,volatile,10,C,Major shareholder changes can increase volatility depending on context.,5,2,8,-6,5,"9월 3일 주식시장 주요공시 | 아이큐어, 최대주주 신주 1886만주 3년 묶는다…증자물량 78% 장기 보호예... | [N2 모닝 경제 브리핑-9월 4일] 美 증시, 금리 인상 우려 완화에 3대 지...",2026-09-04,-0.0142,-0.0261,,success
175250,아이큐어,기타경영사항(자율공시)              (최대주주 보유주식의 자발적 의무보유 시행),major_shareholder_change,20260903,volatile,10,C,Major shareholder changes can increase volatility depending on context.,5,2,8,-6,5,"9월 3일 주식시장 주요공시 | 아이큐어, 최대주주 신주 1886만주 3년 묶는다…증자물량 78% 장기 보호예... | [N2 모닝 경제 브리핑-9월 4일] 美 증시, 금리 인상 우려 완화에 3대 지...",2026-09-04,-0.0142,-0.0261,,success
175250,아이큐어,기타경영사항(자율공시)              (최대주주 보유주식의 자발적 의무보유 시행),major_shareholder_change,20260903,volatile,10,C,Major shareholder changes can increase volatility depending on context.,5,2,8,-6,5,"9월 3일 주식시장 주요공시 | 아이큐어, 최대주주 신주 1886만주 3년 묶는다…증자물량 78% 장기 보호예... | [N2 모닝 경제 브리핑-9월 4일] 美 증시, 금리 인상 우려 완화에 3대 지...",2026-09-04,-0.0142,-0.0261,,success
175250,아이큐어,기타경영사항(자율공시)              (최대주주 보유주식의 자발적 의무보유 시행),major_shareholder_change,20260903,volatile,10,C,Major shareholder changes can increase volatility depending on context.,5,2,8,-6,5,"9월 3일 주식시장 주요공시 | 아이큐어, 최대주주 신주 1886만주 3년 묶는다…증자물량 78% 장기 보호예... | [N2 모닝 경제 브리핑-9월 4일] 美 증시, 금리 인상 우려 완화에 3대 지...",2026-09-04,-0.0142,-0.0261,,success
175250,아이큐어,기타경영사항(자율공시)              (최대주주 보유주식의 자발적 의무보유 시행),major_shareholder_change,20260903,volatile,10,C,Major shareholder changes can increase volatility depending on context.,5,2,8,-6,5,"9월 3일 주식시장 주요공시 | 아이큐어, 최대주주 신주 1886만주 3년 묶는다…증자물량 78% 장기 보호예... | [N2 모닝 경제 브리핑-9월 4일] 美 증시, 금리 인상 우려 완화에 3대 지...",2026-09-04,-0.0142,-0.0261,,success
175250,아이큐어,기타경영사항(자율공시)              (최대주주 보유주식의 자발적 의무보유 시행),major_shareholder_change,20260903,volatile,10,C,Major shareholder changes can increase volatility depending on context.,5,2,8,-6,5,"9월 3일 주식시장 주요공시 | 아이큐어, 최대주주 신주 1886만주 3년 묶는다…증자물량 78% 장기 보호예... | [N2 모닝 경제 브리핑-9월 4일] 美 증시, 금리 인상 우려 완화에 3대 지...",2026-09-04,-0.0142,-0.0261,,success
175250,아이큐어,기타경영사항(자율공시)              (최대주주 보유주식의 자발적 의무보유 시행),major_shareholder_change,20260903,volatile,10,C,Major shareholder changes can increase volatility depending on context.,5,2,8,-6,5,"9월 3일 주식시장 주요공시 | 아이큐어, 최대주주 신주 1886만주 3년 묶는다…증자물량 78% 장기 보호예... | [N2 모닝 경제 브리핑-9월 4일] 美 증시, 금리 인상 우려 완화에 3대 지...",2026-09-04,-0.0142,-0.0261,,success
175250,아이큐어,기타경영사항(자율공시)              (최대주주 보유주식의 자발적 의무보유 시행),major_shareholder_change,20260903,volatile,10,C,Major shareholder changes can increase volatility depending on context.,5,2,8,-6,5,"9월 3일 주식시장 주요공시 | 아이큐어, 최대주주 신주 1886만주 3년 묶는다…증자물량 78% 장기 보호예... | [N2 모닝 경제 브리핑-9월 4일] 美 증시, 금리 인상 우려 완화에 3대 지...",2026-09-04,-0.0142,-0.0261,,success
175250,아이큐어,기타경영사항(자율공시)              (최대주주 보유주식의 자발적 의무보유 시행),major_shareholder_change,20260903,volatile,10,C,Major shareholder changes can increase volatility depending on context.,5,2,8,-6,5,"9월 3일 주식시장 주요공시 | 아이큐어, 최대주주 신주 1886만주 3년 묶는다…증자물량 78% 장기 보호예... | [N2 모닝 경제 브리핑-9월 4일] 美 증시, 금리 인상 우려 완화에 3대 지...",2026-09-04,-0.0142,-0.0261,,success
175250,아이큐어,기타경영사항(자율공시)              (최대주주 보유주식의 자발적 의무보유 시행),major_shareholder_change,20260903,volatile,10,C,Major shareholder changes can increase volatility depending on context.,5,2,8,-6,5,"9월 3일 주식시장 주요공시 | 아이큐어, 최대주주 신주 1886만주 3년 묶는다…증자물량 78% 장기 보호예... | [N2 모닝 경제 브리핑-9월 4일] 美 증시, 금리 인상 우려 완화에 3대 지...",2026-09-04,-0.0142,-0.0261,,success
175250,아이큐어,기타경영사항(자율공시)              (최대주주 보유주식의 자발적 의무보유 시행),major_shareholder_change,20260903,volatile,10,C,Major shareholder changes can increase volatility depending on context.,5,2,8,-6,5,"9월 3일 주식시장 주요공시 | 아이큐어, 최대주주 신주 1886만주 3년 묶는다…증자물량 78% 장기 보호예... | [N2 모닝 경제 브리핑-9월 4일] 美 증시, 금리 인상 우려 완화에 3대 지...",2026-09-04,-0.0142,-0.0261,,success
175250,아이큐어,기타경영사항(자율공시)              (최대주주 보유주식의 자발적 의무보유 시행),major_shareholder_change,20260903,volatile,10,C,Major shareholder changes can increase volatility depending on context.,5,2,8,-6,5,"9월 3일 주식시장 주요공시 | 아이큐어, 최대주주 신주 1886만주 3년 묶는다…증자물량 78% 장기 보호예... | [N2 모닝 경제 브리핑-9월 4일] 美 증시, 금리 인상 우려 완화에 3대 지...",2026-09-04,-0.0142,-0.0261,,success
175250,아이큐어,기타경영사항(자율공시)              (최대주주 보유주식의 자발적 의무보유 시행),major_shareholder_change,20260903,volatile,10,C,Major shareholder changes can increase volatility depending on context.,5,2,8,-6,5,"9월 3일 주식시장 주요공시 | 아이큐어, 최대주주 신주 1886만주 3년 묶는다…증자물량 78% 장기 보호예... | [N2 모닝 경제 브리핑-9월 4일] 美 증시, 금리 인상 우려 완화에 3대 지...",2026-09-04,-0.0142,-0.0261,,success
175250,아이큐어,기타경영사항(자율공시)              (최대주주 보유주식의 자발적 의무보유 시행),major_shareholder_change,20260903,volatile,10,C,Major shareholder changes can increase volatility depending on context.,5,2,8,-6,5,"9월 3일 주식시장 주요공시 | 아이큐어, 최대주주 신주 1886만주 3년 묶는다…증자물량 78% 장기 보호예... | [N2 모닝 경제 브리핑-9월 4일] 美 증시, 금리 인상 우려 완화에 3대 지...",2026-09-04,-0.0142,-0.0261,,success
175250,아이큐어,기타경영사항(자율공시)              (최대주주 보유주식의 자발적 의무보유 시행),major_shareholder_change,20260903,volatile,10,C,Major shareholder changes can increase volatility depending on context.,5,2,8,-6,5,"9월 3일 주식시장 주요공시 | 아이큐어, 최대주주 신주 1886만주 3년 묶는다…증자물량 78% 장기 보호예... | [N2 모닝 경제 브리핑-9월 4일] 美 증시, 금리 인상 우려 완화에 3대 지...",2026-09-04,-0.0142,-0.0261,,success
175250,아이큐어,기타경영사항(자율공시)              (최대주주 보유주식의 자발적 의무보유 시행),major_shareholder_change,20260903,volatile,10,C,Major shareholder changes can increase volatility depending on context.,5,2,8,-6,5,"9월 3일 주식시장 주요공시 | 아이큐어, 최대주주 신주 1886만주 3년 묶는다…증자물량 78% 장기 보호예... | [N2 모닝 경제 브리핑-9월 4일] 美 증시, 금리 인상 우려 완화에 3대 지...",2026-09-04,-0.0142,-0.0261,,success
175250,아이큐어,기타경영사항(자율공시)              (최대주주 보유주식의 자발적 의무보유 시행),major_shareholder_change,20260903,volatile,10,C,Major shareholder changes can increase volatility depending on context.,5,2,8,-6,5,"9월 3일 주식시장 주요공시 | 아이큐어, 최대주주 신주 1886만주 3년 묶는다…증자물량 78% 장기 보호예... | [N2 모닝 경제 브리핑-9월 4일] 美 증시, 금리 인상 우려 완화에 3대 지...",2026-09-04,-0.0142,-0.0261,,success
175250,아이큐어,기타경영사항(자율공시)              (최대주주 보유주식의 자발적 의무보유 시행),major_shareholder_change,20260903,volatile,10,C,Major shareholder changes can increase volatility depending on context.,5,2,8,-6,5,"9월 3일 주식시장 주요공시 | 아이큐어, 최대주주 신주 1886만주 3년 묶는다…증자물량 78% 장기 보호예... | [N2 모닝 경제 브리핑-9월 4일] 美 증시, 금리 인상 우려 완화에 3대 지...",2026-09-04,-0.0142,-0.0261,,success
175250,아이큐어,기타경영사항(자율공시)              (최대주주 보유주식의 자발적 의무보유 시행),major_shareholder_change,20260903,volatile,10,C,Major shareholder changes can increase volatility depending on context.,5,2,8,-6,5,"9월 3일 주식시장 주요공시 | 아이큐어, 최대주주 신주 1886만주 3년 묶는다…증자물량 78% 장기 보호예... | [N2 모닝 경제 브리핑-9월 4일] 美 증시, 금리 인상 우려 완화에 3대 지...",2026-09-04,-0.0142,-0.0261,,success
175250,아이큐어,기타경영사항(자율공시)              (최대주주 보유주식의 자발적 의무보유 시행),major_shareholder_change,20260903,volatile,10,C,Major shareholder changes can increase volatility depending on context.,5,2,8,-6,5,"9월 3일 주식시장 주요공시 | 아이큐어, 최대주주 신주 1886만주 3년 묶는다…증자물량 78% 장기 보호예... | [N2 모닝 경제 브리핑-9월 4일] 美 증시, 금리 인상 우려 완화에 3대 지...",2026-09-04,-0.0142,-0.0261,,success
175250,아이큐어,기타경영사항(자율공시)              (최대주주 보유주식의 자발적 의무보유 시행),major_shareholder_change,20260903,volatile,10,C,Major shareholder changes can increase volatility depending on context.,5,2,8,-6,5,"9월 3일 주식시장 주요공시 | 아이큐어, 최대주주 신주 1886만주 3년 묶는다…증자물량 78% 장기 보호예... | [N2 모닝 경제 브리핑-9월 4일] 美 증시, 금리 인상 우려 완화에 3대 지...",2026-09-04,-0.0142,-0.0261,,success
175250,아이큐어,기타경영사항(자율공시)              (최대주주 보유주식의 자발적 의무보유 시행),major_shareholder_change,20260903,volatile,10,C,Major shareholder changes can increase volatility depending on context.,5,2,8,-6,5,"9월 3일 주식시장 주요공시 | 아이큐어, 최대주주 신주 1886만주 3년 묶는다…증자물량 78% 장기 보호예... | [N2 모닝 경제 브리핑-9월 4일] 美 증시, 금리 인상 우려 완화에 3대 지...",2026-09-04,-0.0142,-0.0261,,success
175250,아이큐어,기타경영사항(자율공시)              (최대주주 보유주식의 자발적 의무보유 시행),major_shareholder_change,20260903,volatile,10,C,Major shareholder changes can increase volatility depending on context.,5,2,8,-6,5,"9월 3일 주식시장 주요공시 | 아이큐어, 최대주주 신주 1886만주 3년 묶는다…증자물량 78% 장기 보호예... | [N2 모닝 경제 브리핑-9월 4일] 美 증시, 금리 인상 우려 완화에 3대 지...",2026-09-04,-0.0142,-0.0261,,success
175250,아이큐어,기타경영사항(자율공시)              (최대주주 보유주식의 자발적 의무보유 시행),major_shareholder_change,20260903,volatile,10,C,Major shareholder changes can increase volatility depending on context.,5,2,8,-6,5,"9월 3일 주식시장 주요공시 | 아이큐어, 최대주주 신주 1886만주 3년 묶는다…증자물량 78% 장기 보호예... | [N2 모닝 경제 브리핑-9월 4일] 美 증시, 금리 인상 우려 완화에 3대 지...",2026-09-04,-0.0142,-0.0261,,success
175250,아이큐어,기타경영사항(자율공시)              (최대주주 보유주식의 자발적 의무보유 시행),major_shareholder_change,20260903,volatile,10,C,Major shareholder changes can increase volatility depending on context.,5,2,8,-6,5,"9월 3일 주식시장 주요공시 | 아이큐어, 최대주주 신주 1886만주 3년 묶는다…증자물량 78% 장기 보호예... | [N2 모닝 경제 브리핑-9월 4일] 美 증시, 금리 인상 우려 완화에 3대 지...",2026-09-04,-0.0142,-0.0261,,success
175250,아이큐어,기타경영사항(자율공시)              (최대주주 보유주식의 자발적 의무보유 시행),major_shareholder_change,20260903,volatile,10,C,Major shareholder changes can increase volatility depending on context.,5,2,8,-6,5,"9월 3일 주식시장 주요공시 | 아이큐어, 최대주주 신주 1886만주 3년 묶는다…증자물량 78% 장기 보호예... | [N2 모닝 경제 브리핑-9월 4일] 美 증시, 금리 인상 우려 완화에 3대 지...",2026-09-04,-0.0142,-0.0261,,success
175250,아이큐어,기타경영사항(자율공시)              (최대주주 보유주식의 자발적 의무보유 시행),major_shareholder_change,20260903,volatile,10,C,Major shareholder changes can increase volatility depending on context.,5,2,8,-6,5,"9월 3일 주식시장 주요공시 | 아이큐어, 최대주주 신주 1886만주 3년 묶는다…증자물량 78% 장기 보호예... | [N2 모닝 경제 브리핑-9월 4일] 美 증시, 금리 인상 우려 완화에 3대 지...",2026-09-04,-0.0142,-0.0261,,success
175250,아이큐어,기타경영사항(자율공시)              (최대주주 보유주식의 자발적 의무보유 시행),major_shareholder_change,20260903,volatile,10,C,Major shareholder changes can increase volatility depending on context.,5,2,8,-6,5,"9월 3일 주식시장 주요공시 | 아이큐어, 최대주주 신주 1886만주 3년 묶는다…증자물량 78% 장기 보호예... | [N2 모닝 경제 브리핑-9월 4일] 美 증시, 금리 인상 우려 완화에 3대 지...",2026-09-04,-0.0142,-0.0261,,success
175250,아이큐어,기타경영사항(자율공시)              (최대주주 보유주식의 자발적 의무보유 시행),major_shareholder_change,20260903,volatile,10,C,Major shareholder changes can increase volatility depending on context.,5,2,8,-6,5,"9월 3일 주식시장 주요공시 | 아이큐어, 최대주주 신주 1886만주 3년 묶는다…증자물량 78% 장기 보호예... | [N2 모닝 경제 브리핑-9월 4일] 美 증시, 금리 인상 우려 완화에 3대 지...",2026-09-04,-0.0142,-0.0261,,success
175250,아이큐어,기타경영사항(자율공시)              (최대주주 보유주식의 자발적 의무보유 시행),major_shareholder_change,20260903,volatile,10,C,Major shareholder changes can increase volatility depending on context.,5,2,8,-6,5,"9월 3일 주식시장 주요공시 | 아이큐어, 최대주주 신주 1886만주 3년 묶는다…증자물량 78% 장기 보호예... | [N2 모닝 경제 브리핑-9월 4일] 美 증시, 금리 인상 우려 완화에 3대 지...",2026-09-04,-0.0142,-0.0261,,success
175250,아이큐어,기타경영사항(자율공시)              (최대주주 보유주식의 자발적 의무보유 시행),major_shareholder_change,20260903,volatile,10,C,Major shareholder changes can increase volatility depending on context.,5,2,8,-6,5,"9월 3일 주식시장 주요공시 | 아이큐어, 최대주주 신주 1886만주 3년 묶는다…증자물량 78% 장기 보호예... | [N2 모닝 경제 브리핑-9월 4일] 美 증시, 금리 인상 우려 완화에 3대 지...",2026-09-04,-0.0142,-0.0261,,success
175250,아이큐어,기타경영사항(자율공시)              (최대주주 보유주식의 자발적 의무보유 시행),major_shareholder_change,20260903,volatile,10,C,Major shareholder changes can increase volatility depending on context.,5,2,8,-6,5,"9월 3일 주식시장 주요공시 | 아이큐어, 최대주주 신주 1886만주 3년 묶는다…증자물량 78% 장기 보호예... | [N2 모닝 경제 브리핑-9월 4일] 美 증시, 금리 인상 우려 완화에 3대 지...",2026-09-04,-0.0142,-0.0261,,success
175250,아이큐어,기타경영사항(자율공시)              (최대주주 보유주식의 자발적 의무보유 시행),major_shareholder_change,20260903,volatile,10,C,Major shareholder changes can increase volatility depending on context.,5,2,8,-6,5,"9월 3일 주식시장 주요공시 | 아이큐어, 최대주주 신주 1886만주 3년 묶는다…증자물량 78% 장기 보호예... | [N2 모닝 경제 브리핑-9월 4일] 美 증시, 금리 인상 우려 완화에 3대 지...",2026-09-04,-0.0142,-0.0261,,success
175250,아이큐어,기타경영사항(자율공시)              (최대주주 보유주식의 자발적 의무보유 시행),major_shareholder_change,20260903,volatile,10,C,Major shareholder changes can increase volatility depending on context.,5,2,8,-6,5,"9월 3일 주식시장 주요공시 | 아이큐어, 최대주주 신주 1886만주 3년 묶는다…증자물량 78% 장기 보호예... | [N2 모닝 경제 브리핑-9월 4일] 美 증시, 금리 인상 우려 완화에 3대 지...",2026-09-04,-0.0142,-0.0261,,success
175250,아이큐어,기타경영사항(자율공시)              (최대주주 보유주식의 자발적 의무보유 시행),major_shareholder_change,20260903,volatile,10,C,Major shareholder changes can increase volatility depending on context.,5,2,8,-6,5,"9월 3일 주식시장 주요공시 | 아이큐어, 최대주주 신주 1886만주 3년 묶는다…증자물량 78% 장기 보호예... | [N2 모닝 경제 브리핑-9월 4일] 美 증시, 금리 인상 우려 완화에 3대 지...",2026-09-04,-0.0142,-0.0261,,success
175250,아이큐어,기타경영사항(자율공시)              (최대주주 보유주식의 자발적 의무보유 시행),major_shareholder_change,20260903,volatile,10,C,Major shareholder changes can increase volatility depending on context.,5,2,8,-6,5,"9월 3일 주식시장 주요공시 | 아이큐어, 최대주주 신주 1886만주 3년 묶는다…증자물량 78% 장기 보호예... | [N2 모닝 경제 브리핑-9월 4일] 美 증시, 금리 인상 우려 완화에 3대 지...",2026-09-04,-0.0142,-0.0261,,success
175250,아이큐어,기타경영사항(자율공시)              (최대주주 보유주식의 자발적 의무보유 시행),major_shareholder_change,20260903,volatile,10,C,Major shareholder changes can increase volatility depending on context.,5,2,8,-6,5,"9월 3일 주식시장 주요공시 | 아이큐어, 최대주주 신주 1886만주 3년 묶는다…증자물량 78% 장기 보호예... | [N2 모닝 경제 브리핑-9월 4일] 美 증시, 금리 인상 우려 완화에 3대 지...",2026-09-04,-0.0142,-0.0261,,success
175250,아이큐어,기타경영사항(자율공시)              (최대주주 보유주식의 자발적 의무보유 시행),major_shareholder_change,20260903,volatile,10,C,Major shareholder changes can increase volatility depending on context.,5,2,8,-6,5,"9월 3일 주식시장 주요공시 | 아이큐어, 최대주주 신주 1886만주 3년 묶는다…증자물량 78% 장기 보호예... | [N2 모닝 경제 브리핑-9월 4일] 美 증시, 금리 인상 우려 완화에 3대 지...",2026-09-04,-0.0142,-0.0261,,success
175250,아이큐어,기타경영사항(자율공시)              (최대주주 보유주식의 자발적 의무보유 시행),major_shareholder_change,20260903,volatile,10,C,Major shareholder changes can increase volatility depending on context.,5,2,8,-6,5,"9월 3일 주식시장 주요공시 | 아이큐어, 최대주주 신주 1886만주 3년 묶는다…증자물량 78% 장기 보호예... | [N2 모닝 경제 브리핑-9월 4일] 美 증시, 금리 인상 우려 완화에 3대 지...",2026-09-04,-0.0142,-0.0261,,success
175250,아이큐어,기타경영사항(자율공시)              (최대주주 보유주식의 자발적 의무보유 시행),major_shareholder_change,20260903,volatile,10,C,Major shareholder changes can increase volatility depending on context.,5,2,8,-6,5,"9월 3일 주식시장 주요공시 | 아이큐어, 최대주주 신주 1886만주 3년 묶는다…증자물량 78% 장기 보호예... | [N2 모닝 경제 브리핑-9월 4일] 美 증시, 금리 인상 우려 완화에 3대 지...",2026-09-04,-0.0142,-0.0261,,success
175250,아이큐어,기타경영사항(자율공시)              (최대주주 보유주식의 자발적 의무보유 시행),major_shareholder_change,20260903,volatile,10,C,Major shareholder changes can increase volatility depending on context.,5,2,8,-6,5,"9월 3일 주식시장 주요공시 | 아이큐어, 최대주주 신주 1886만주 3년 묶는다…증자물량 78% 장기 보호예... | [N2 모닝 경제 브리핑-9월 4일] 美 증시, 금리 인상 우려 완화에 3대 지...",2026-09-04,-0.0142,-0.0261,,success
175250,아이큐어,기타경영사항(자율공시)              (최대주주 보유주식의 자발적 의무보유 시행),major_shareholder_change,20260903,volatile,10,C,Major shareholder changes can increase volatility depending on context.,5,2,8,-6,5,"9월 3일 주식시장 주요공시 | 아이큐어, 최대주주 신주 1886만주 3년 묶는다…증자물량 78% 장기 보호예... | [N2 모닝 경제 브리핑-9월 4일] 美 증시, 금리 인상 우려 완화에 3대 지...",2026-09-04,-0.0142,-0.0261,,success
175250,아이큐어,기타경영사항(자율공시)              (최대주주 보유주식의 자발적 의무보유 시행),major_shareholder_change,20260903,volatile,10,C,Major shareholder changes can increase volatility depending on context.,5,2,8,-6,5,"9월 3일 주식시장 주요공시 | 아이큐어, 최대주주 신주 1886만주 3년 묶는다…증자물량 78% 장기 보호예... | [N2 모닝 경제 브리핑-9월 4일] 美 증시, 금리 인상 우려 완화에 3대 지...",2026-09-04,-0.0142,-0.0261,,success
175250,아이큐어,기타경영사항(자율공시)              (최대주주 보유주식의 자발적 의무보유 시행),major_shareholder_change,20260903,volatile,10,C,Major shareholder changes can increase volatility depending on context.,5,2,8,-6,5,"9월 3일 주식시장 주요공시 | 아이큐어, 최대주주 신주 1886만주 3년 묶는다…증자물량 78% 장기 보호예... | [N2 모닝 경제 브리핑-9월 4일] 美 증시, 금리 인상 우려 완화에 3대 지...",2026-09-04,-0.0142,-0.0261,,success
175250,아이큐어,기타경영사항(자율공시)              (최대주주 보유주식의 자발적 의무보유 시행),major_shareholder_change,20260903,volatile,10,C,Major shareholder changes can increase volatility depending on context.,5,2,8,-6,5,"9월 3일 주식시장 주요공시 | 아이큐어, 최대주주 신주 1886만주 3년 묶는다…증자물량 78% 장기 보호예... | [N2 모닝 경제 브리핑-9월 4일] 美 증시, 금리 인상 우려 완화에 3대 지...",2026-09-04,-0.0142,-0.0261,,success
175250,아이큐어,기타경영사항(자율공시)              (최대주주 보유주식의 자발적 의무보유 시행),major_shareholder_change,20260903,volatile,10,C,Major shareholder changes can increase volatility depending on context.,5,2,8,-6,5,"9월 3일 주식시장 주요공시 | 아이큐어, 최대주주 신주 1886만주 3년 묶는다…증자물량 78% 장기 보호예... | [N2 모닝 경제 브리핑-9월 4일] 美 증시, 금리 인상 우려 완화에 3대 지...",2026-09-04,-0.0142,-0.0261,,success
175250,아이큐어,기타경영사항(자율공시)              (최대주주 보유주식의 자발적 의무보유 시행),major_shareholder_change,20260903,volatile,10,C,Major shareholder changes can increase volatility depending on context.,5,2,8,-6,5,"9월 3일 주식시장 주요공시 | 아이큐어, 최대주주 신주 1886만주 3년 묶는다…증자물량 78% 장기 보호예... | [N2 모닝 경제 브리핑-9월 4일] 美 증시, 금리 인상 우려 완화에 3대 지...",2026-09-04,-0.0142,-0.0261,,success
175250,아이큐어,기타경영사항(자율공시)              (최대주주 보유주식의 자발적 의무보유 시행),major_shareholder_change,20260903,volatile,10,C,Major shareholder changes can increase volatility depending on context.,5,2,8,-6,5,"9월 3일 주식시장 주요공시 | 아이큐어, 최대주주 신주 1886만주 3년 묶는다…증자물량 78% 장기 보호예... | [N2 모닝 경제 브리핑-9월 4일] 美 증시, 금리 인상 우려 완화에 3대 지...",2026-09-04,-0.0142,-0.0261,,success
175250,아이큐어,기타경영사항(자율공시)              (최대주주 보유주식의 자발적 의무보유 시행),major_shareholder_change,20260903,volatile,10,C,Major shareholder changes can increase volatility depending on context.,5,2,8,-6,5,"9월 3일 주식시장 주요공시 | 아이큐어, 최대주주 신주 1886만주 3년 묶는다…증자물량 78% 장기 보호예... | [N2 모닝 경제 브리핑-9월 4일] 美 증시, 금리 인상 우려 완화에 3대 지...",2026-09-04,-0.0142,-0.0261,,success
175250,아이큐어,기타경영사항(자율공시)              (최대주주 보유주식의 자발적 의무보유 시행),major_shareholder_change,20260903,volatile,10,C,Major shareholder changes can increase volatility depending on context.,5,2,8,-6,5,"9월 3일 주식시장 주요공시 | 아이큐어, 최대주주 신주 1886만주 3년 묶는다…증자물량 78% 장기 보호예... | [N2 모닝 경제 브리핑-9월 4일] 美 증시, 금리 인상 우려 완화에 3대 지...",2026-09-04,-0.0142,-0.0261,,success
175250,아이큐어,기타경영사항(자율공시)              (최대주주 보유주식의 자발적 의무보유 시행),major_shareholder_change,20260903,volatile,10,C,Major shareholder changes can increase volatility depending on context.,5,2,8,-6,5,"9월 3일 주식시장 주요공시 | 아이큐어, 최대주주 신주 1886만주 3년 묶는다…증자물량 78% 장기 보호예... | [N2 모닝 경제 브리핑-9월 4일] 美 증시, 금리 인상 우려 완화에 3대 지...",2026-09-04,-0.0142,-0.0261,,success
175250,아이큐어,기타경영사항(자율공시)              (최대주주 보유주식의 자발적 의무보유 시행),major_shareholder_change,20260903,volatile,10,C,Major shareholder changes can increase volatility depending on context.,5,2,8,-6,5,"9월 3일 주식시장 주요공시 | 아이큐어, 최대주주 신주 1886만주 3년 묶는다…증자물량 78% 장기 보호예... | [N2 모닝 경제 브리핑-9월 4일] 美 증시, 금리 인상 우려 완화에 3대 지...",2026-09-04,-0.0142,-0.0261,,success
175250,아이큐어,기타경영사항(자율공시)              (최대주주 보유주식의 자발적 의무보유 시행),major_shareholder_change,20260903,volatile,10,C,Major shareholder changes can increase volatility depending on context.,5,2,8,-6,5,"9월 3일 주식시장 주요공시 | 아이큐어, 최대주주 신주 1886만주 3년 묶는다…증자물량 78% 장기 보호예... | [N2 모닝 경제 브리핑-9월 4일] 美 증시, 금리 인상 우려 완화에 3대 지...",2026-09-04,-0.0142,-0.0261,,success
175250,아이큐어,기타경영사항(자율공시)              (최대주주 보유주식의 자발적 의무보유 시행),major_shareholder_change,20260903,volatile,10,C,Major shareholder changes can increase volatility depending on context.,5,2,8,-6,5,"9월 3일 주식시장 주요공시 | 아이큐어, 최대주주 신주 1886만주 3년 묶는다…증자물량 78% 장기 보호예... | [N2 모닝 경제 브리핑-9월 4일] 美 증시, 금리 인상 우려 완화에 3대 지...",2026-09-04,-0.0142,-0.0261,,success
175250,아이큐어,기타경영사항(자율공시)              (최대주주 보유주식의 자발적 의무보유 시행),major_shareholder_change,20260903,volatile,10,C,Major shareholder changes can increase volatility depending on context.,5,2,8,-6,5,"9월 3일 주식시장 주요공시 | 아이큐어, 최대주주 신주 1886만주 3년 묶는다…증자물량 78% 장기 보호예... | [N2 모닝 경제 브리핑-9월 4일] 美 증시, 금리 인상 우려 완화에 3대 지...",2026-09-04,-0.0142,-0.0261,,success
175250,아이큐어,기타경영사항(자율공시)              (최대주주 보유주식의 자발적 의무보유 시행),major_shareholder_change,20260903,volatile,10,C,Major shareholder changes can increase volatility depending on context.,5,2,8,-6,5,"9월 3일 주식시장 주요공시 | 아이큐어, 최대주주 신주 1886만주 3년 묶는다…증자물량 78% 장기 보호예... | [N2 모닝 경제 브리핑-9월 4일] 美 증시, 금리 인상 우려 완화에 3대 지...",2026-09-04,-0.0142,-0.0261,,success
175250,아이큐어,기타경영사항(자율공시)              (최대주주 보유주식의 자발적 의무보유 시행),major_shareholder_change,20260903,volatile,10,C,Major shareholder changes can increase volatility depending on context.,5,2,8,-6,5,"9월 3일 주식시장 주요공시 | 아이큐어, 최대주주 신주 1886만주 3년 묶는다…증자물량 78% 장기 보호예... | [N2 모닝 경제 브리핑-9월 4일] 美 증시, 금리 인상 우려 완화에 3대 지...",2026-09-04,-0.0142,-0.0261,,success
175250,아이큐어,기타경영사항(자율공시)              (최대주주 보유주식의 자발적 의무보유 시행),major_shareholder_change,20260903,volatile,10,C,Major shareholder changes can increase volatility depending on context.,5,2,8,-6,5,"9월 3일 주식시장 주요공시 | 아이큐어, 최대주주 신주 1886만주 3년 묶는다…증자물량 78% 장기 보호예... | [N2 모닝 경제 브리핑-9월 4일] 美 증시, 금리 인상 우려 완화에 3대 지...",2026-09-04,-0.0142,-0.0261,,success
175250,아이큐어,기타경영사항(자율공시)              (최대주주 보유주식의 자발적 의무보유 시행),major_shareholder_change,20260903,volatile,10,C,Major shareholder changes can increase volatility depending on context.,5,2,8,-6,5,"9월 3일 주식시장 주요공시 | 아이큐어, 최대주주 신주 1886만주 3년 묶는다…증자물량 78% 장기 보호예... | [N2 모닝 경제 브리핑-9월 4일] 美 증시, 금리 인상 우려 완화에 3대 지...",2026-09-04,-0.0142,-0.0261,,success
175250,아이큐어,기타경영사항(자율공시)              (최대주주 보유주식의 자발적 의무보유 시행),major_shareholder_change,20260903,volatile,10,C,Major shareholder changes can increase volatility depending on context.,5,2,8,-6,5,"9월 3일 주식시장 주요공시 | 아이큐어, 최대주주 신주 1886만주 3년 묶는다…증자물량 78% 장기 보호예... | [N2 모닝 경제 브리핑-9월 4일] 美 증시, 금리 인상 우려 완화에 3대 지...",2026-09-04,-0.0142,-0.0261,,success
175250,아이큐어,기타경영사항(자율공시)              (최대주주 보유주식의 자발적 의무보유 시행),major_shareholder_change,20260903,volatile,10,C,Major shareholder changes can increase volatility depending on context.,5,2,8,-6,5,"9월 3일 주식시장 주요공시 | 아이큐어, 최대주주 신주 1886만주 3년 묶는다…증자물량 78% 장기 보호예... | [N2 모닝 경제 브리핑-9월 4일] 美 증시, 금리 인상 우려 완화에 3대 지...",2026-09-04,-0.0142,-0.0261,,success
175250,아이큐어,기타경영사항(자율공시)              (최대주주 보유주식의 자발적 의무보유 시행),major_shareholder_change,20260903,volatile,10,C,Major shareholder changes can increase volatility depending on context.,5,2,8,-6,5,"9월 3일 주식시장 주요공시 | 아이큐어, 최대주주 신주 1886만주 3년 묶는다…증자물량 78% 장기 보호예... | [N2 모닝 경제 브리핑-9월 4일] 美 증시, 금리 인상 우려 완화에 3대 지...",2026-09-04,-0.0142,-0.0261,,success
175250,아이큐어,기타경영사항(자율공시)              (최대주주 보유주식의 자발적 의무보유 시행),major_shareholder_change,20260903,volatile,10,C,Major shareholder changes can increase volatility depending on context.,5,2,8,-6,5,"9월 3일 주식시장 주요공시 | 아이큐어, 최대주주 신주 1886만주 3년 묶는다…증자물량 78% 장기 보호예... | [N2 모닝 경제 브리핑-9월 4일] 美 증시, 금리 인상 우려 완화에 3대 지...",2026-09-04,-0.0142,-0.0261,,success
175250,아이큐어,기타경영사항(자율공시)              (최대주주 보유주식의 자발적 의무보유 시행),major_shareholder_change,20260903,volatile,10,C,Major shareholder changes can increase volatility depending on context.,5,2,8,-6,5,"9월 3일 주식시장 주요공시 | 아이큐어, 최대주주 신주 1886만주 3년 묶는다…증자물량 78% 장기 보호예... | [N2 모닝 경제 브리핑-9월 4일] 美 증시, 금리 인상 우려 완화에 3대 지...",2026-09-04,-0.0142,-0.0261,,success
175250,아이큐어,기타경영사항(자율공시)              (최대주주 보유주식의 자발적 의무보유 시행),major_shareholder_change,20260903,volatile,10,C,Major shareholder changes can increase volatility depending on context.,5,2,8,-6,5,"9월 3일 주식시장 주요공시 | 아이큐어, 최대주주 신주 1886만주 3년 묶는다…증자물량 78% 장기 보호예... | [N2 모닝 경제 브리핑-9월 4일] 美 증시, 금리 인상 우려 완화에 3대 지...",2026-09-04,-0.0142,-0.0261,,success
175250,아이큐어,기타경영사항(자율공시)              (최대주주 보유주식의 자발적 의무보유 시행),major_shareholder_change,20260903,volatile,10,C,Major shareholder changes can increase volatility depending on context.,5,2,8,-6,5,"9월 3일 주식시장 주요공시 | 아이큐어, 최대주주 신주 1886만주 3년 묶는다…증자물량 78% 장기 보호예... | [N2 모닝 경제 브리핑-9월 4일] 美 증시, 금리 인상 우려 완화에 3대 지...",2026-09-04,-0.0142,-0.0261,,success
175250,아이큐어,기타경영사항(자율공시)              (최대주주 보유주식의 자발적 의무보유 시행),major_shareholder_change,20260903,volatile,10,C,Major shareholder changes can increase volatility depending on context.,5,2,8,-6,5,"9월 3일 주식시장 주요공시 | 아이큐어, 최대주주 신주 1886만주 3년 묶는다…증자물량 78% 장기 보호예... | [N2 모닝 경제 브리핑-9월 4일] 美 증시, 금리 인상 우려 완화에 3대 지...",2026-09-04,-0.0142,-0.0261,,success
175250,아이큐어,기타경영사항(자율공시)              (최대주주 보유주식의 자발적 의무보유 시행),major_shareholder_change,20260903,volatile,10,C,Major shareholder changes can increase volatility depending on context.,5,2,8,-6,5,"9월 3일 주식시장 주요공시 | 아이큐어, 최대주주 신주 1886만주 3년 묶는다…증자물량 78% 장기 보호예... | [N2 모닝 경제 브리핑-9월 4일] 美 증시, 금리 인상 우려 완화에 3대 지...",2026-09-04,-0.0142,-0.0261,,success
175250,아이큐어,기타경영사항(자율공시)              (최대주주 보유주식의 자발적 의무보유 시행),major_shareholder_change,20260903,volatile,10,C,Major shareholder changes can increase volatility depending on context.,5,2,8,-6,5,"9월 3일 주식시장 주요공시 | 아이큐어, 최대주주 신주 1886만주 3년 묶는다…증자물량 78% 장기 보호예... | [N2 모닝 경제 브리핑-9월 4일] 美 증시, 금리 인상 우려 완화에 3대 지...",2026-09-04,-0.0142,-0.0261,,success
175250,아이큐어,기타경영사항(자율공시)              (최대주주 보유주식의 자발적 의무보유 시행),major_shareholder_change,20260903,volatile,10,C,Major shareholder changes can increase volatility depending on context.,5,2,8,-6,5,"9월 3일 주식시장 주요공시 | 아이큐어, 최대주주 신주 1886만주 3년 묶는다…증자물량 78% 장기 보호예... | [N2 모닝 경제 브리핑-9월 4일] 美 증시, 금리 인상 우려 완화에 3대 지...",2026-09-04,-0.0142,-0.0261,,success
175250,아이큐어,기타경영사항(자율공시)              (최대주주 보유주식의 자발적 의무보유 시행),major_shareholder_change,20260903,volatile,10,C,Major shareholder changes can increase volatility depending on context.,5,2,8,-6,5,"9월 3일 주식시장 주요공시 | 아이큐어, 최대주주 신주 1886만주 3년 묶는다…증자물량 78% 장기 보호예... | [N2 모닝 경제 브리핑-9월 4일] 美 증시, 금리 인상 우려 완화에 3대 지...",2026-09-04,-0.0142,-0.0261,,success
175250,아이큐어,기타경영사항(자율공시)              (최대주주 보유주식의 자발적 의무보유 시행),major_shareholder_change,20260903,volatile,10,C,Major shareholder changes can increase volatility depending on context.,5,2,8,-6,5,"9월 3일 주식시장 주요공시 | 아이큐어, 최대주주 신주 1886만주 3년 묶는다…증자물량 78% 장기 보호예... | [N2 모닝 경제 브리핑-9월 4일] 美 증시, 금리 인상 우려 완화에 3대 지...",2026-09-04,-0.0142,-0.0261,,success
175250,아이큐어,기타경영사항(자율공시)              (최대주주 보유주식의 자발적 의무보유 시행),major_shareholder_change,20260903,volatile,10,C,Major shareholder changes can increase volatility depending on context.,5,2,8,-6,5,"9월 3일 주식시장 주요공시 | 아이큐어, 최대주주 신주 1886만주 3년 묶는다…증자물량 78% 장기 보호예... | [N2 모닝 경제 브리핑-9월 4일] 美 증시, 금리 인상 우려 완화에 3대 지...",2026-09-04,-0.0142,-0.0261,,success
175250,아이큐어,기타경영사항(자율공시)              (최대주주 보유주식의 자발적 의무보유 시행),major_shareholder_change,20260903,volatile,10,C,Major shareholder changes can increase volatility depending on context.,5,2,8,-6,5,"9월 3일 주식시장 주요공시 | 아이큐어, 최대주주 신주 1886만주 3년 묶는다…증자물량 78% 장기 보호예... | [N2 모닝 경제 브리핑-9월 4일] 美 증시, 금리 인상 우려 완화에 3대 지...",2026-09-04,-0.0142,-0.0261,,success
175250,아이큐어,기타경영사항(자율공시)              (최대주주 보유주식의 자발적 의무보유 시행),major_shareholder_change,20260903,volatile,10,C,Major shareholder changes can increase volatility depending on context.,5,2,8,-6,5,"9월 3일 주식시장 주요공시 | 아이큐어, 최대주주 신주 1886만주 3년 묶는다…증자물량 78% 장기 보호예... | [N2 모닝 경제 브리핑-9월 4일] 美 증시, 금리 인상 우려 완화에 3대 지...",2026-09-04,-0.0142,-0.0261,,success
175250,아이큐어,기타경영사항(자율공시)              (최대주주 보유주식의 자발적 의무보유 시행),major_shareholder_change,20260903,volatile,10,C,Major shareholder changes can increase volatility depending on context.,5,2,8,-6,5,"9월 3일 주식시장 주요공시 | 아이큐어, 최대주주 신주 1886만주 3년 묶는다…증자물량 78% 장기 보호예... | [N2 모닝 경제 브리핑-9월 4일] 美 증시, 금리 인상 우려 완화에 3대 지...",2026-09-04,-0.0142,-0.0261,,success
175250,아이큐어,기타경영사항(자율공시)              (최대주주 보유주식의 자발적 의무보유 시행),major_shareholder_change,20260903,volatile,10,C,Major shareholder changes can increase volatility depending on context.,5,2,8,-6,5,"9월 3일 주식시장 주요공시 | 아이큐어, 최대주주 신주 1886만주 3년 묶는다…증자물량 78% 장기 보호예... | [N2 모닝 경제 브리핑-9월 4일] 美 증시, 금리 인상 우려 완화에 3대 지...",2026-09-04,-0.0142,-0.0261,,success
175250,아이큐어,[기재정정]최대주주변경              ,major_shareholder_change,20260903,volatile,10,C,Major shareholder changes can increase volatility depending on context.,5,2,8,-6,5,"9월 3일 주식시장 주요공시 | 아이큐어, 최대주주 신주 1886만주 3년 묶는다…증자물량 78% 장기 보호예... | [N2 모닝 경제 브리핑-9월 4일] 美 증시, 금리 인상 우려 완화에 3대 지...",2026-09-04,-0.0142,-0.0261,,success
175250,아이큐어,[기재정정]최대주주변경              ,major_shareholder_change,20260903,volatile,10,C,Major shareholder changes can increase volatility depending on context.,5,2,8,-6,5,"9월 3일 주식시장 주요공시 | 아이큐어, 최대주주 신주 1886만주 3년 묶는다…증자물량 78% 장기 보호예... | [N2 모닝 경제 브리핑-9월 4일] 美 증시, 금리 인상 우려 완화에 3대 지...",2026-09-04,-0.0142,-0.0261,,success
175250,아이큐어,[기재정정]최대주주변경              ,major_shareholder_change,20260903,volatile,10,C,Major shareholder changes can increase volatility depending on context.,5,2,8,-6,5,"9월 3일 주식시장 주요공시 | 아이큐어, 최대주주 신주 1886만주 3년 묶는다…증자물량 78% 장기 보호예... | [N2 모닝 경제 브리핑-9월 4일] 美 증시, 금리 인상 우려 완화에 3대 지...",2026-09-04,-0.0142,-0.0261,,success
175250,아이큐어,[기재정정]최대주주변경              ,major_shareholder_change,20260903,volatile,10,C,Major shareholder changes can increase volatility depending on context.,5,2,8,-6,5,"9월 3일 주식시장 주요공시 | 아이큐어, 최대주주 신주 1886만주 3년 묶는다…증자물량 78% 장기 보호예... | [N2 모닝 경제 브리핑-9월 4일] 美 증시, 금리 인상 우려 완화에 3대 지...",2026-09-04,-0.0142,-0.0261,,success
175250,아이큐어,[기재정정]최대주주변경              ,major_shareholder_change,20260903,volatile,10,C,Major shareholder changes can increase volatility depending on context.,5,2,8,-6,5,"9월 3일 주식시장 주요공시 | 아이큐어, 최대주주 신주 1886만주 3년 묶는다…증자물량 78% 장기 보호예... | [N2 모닝 경제 브리핑-9월 4일] 美 증시, 금리 인상 우려 완화에 3대 지...",2026-09-04,-0.0142,-0.0261,,success
175250,아이큐어,[기재정정]최대주주변경              ,major_shareholder_change,20260903,volatile,10,C,Major shareholder changes can increase volatility depending on context.,5,2,8,-6,5,"9월 3일 주식시장 주요공시 | 아이큐어, 최대주주 신주 1886만주 3년 묶는다…증자물량 78% 장기 보호예... | [N2 모닝 경제 브리핑-9월 4일] 美 증시, 금리 인상 우려 완화에 3대 지...",2026-09-04,-0.0142,-0.0261,,success
175250,아이큐어,[기재정정]최대주주변경              ,major_shareholder_change,20260903,volatile,10,C,Major shareholder changes can increase volatility depending on context.,5,2,8,-6,5,"9월 3일 주식시장 주요공시 | 아이큐어, 최대주주 신주 1886만주 3년 묶는다…증자물량 78% 장기 보호예... | [N2 모닝 경제 브리핑-9월 4일] 美 증시, 금리 인상 우려 완화에 3대 지...",2026-09-04,-0.0142,-0.0261,,success
175250,아이큐어,[기재정정]최대주주변경              ,major_shareholder_change,20260903,volatile,10,C,Major shareholder changes can increase volatility depending on context.,5,2,8,-6,5,"9월 3일 주식시장 주요공시 | 아이큐어, 최대주주 신주 1886만주 3년 묶는다…증자물량 78% 장기 보호예... | [N2 모닝 경제 브리핑-9월 4일] 美 증시, 금리 인상 우려 완화에 3대 지...",2026-09-04,-0.0142,-0.0261,,success
175250,아이큐어,[기재정정]최대주주변경              ,major_shareholder_change,20260903,volatile,10,C,Major shareholder changes can increase volatility depending on context.,5,2,8,-6,5,"9월 3일 주식시장 주요공시 | 아이큐어, 최대주주 신주 1886만주 3년 묶는다…증자물량 78% 장기 보호예... | [N2 모닝 경제 브리핑-9월 4일] 美 증시, 금리 인상 우려 완화에 3대 지...",2026-09-04,-0.0142,-0.0261,,success
175250,아이큐어,[기재정정]최대주주변경              ,major_shareholder_change,20260903,volatile,10,C,Major shareholder changes can increase volatility depending on context.,5,2,8,-6,5,"9월 3일 주식시장 주요공시 | 아이큐어, 최대주주 신주 1886만주 3년 묶는다…증자물량 78% 장기 보호예... | [N2 모닝 경제 브리핑-9월 4일] 美 증시, 금리 인상 우려 완화에 3대 지...",2026-09-04,-0.0142,-0.0261,,success
175250,아이큐어,[기재정정]최대주주변경              ,major_shareholder_change,20260903,volatile,10,C,Major shareholder changes can increase volatility depending on context.,5,2,8,-6,5,"9월 3일 주식시장 주요공시 | 아이큐어, 최대주주 신주 1886만주 3년 묶는다…증자물량 78% 장기 보호예... | [N2 모닝 경제 브리핑-9월 4일] 美 증시, 금리 인상 우려 완화에 3대 지...",2026-09-04,-0.0142,-0.0261,,success
175250,아이큐어,[기재정정]최대주주변경              ,major_shareholder_change,20260903,volatile,10,C,Major shareholder changes can increase volatility depending on context.,5,2,8,-6,5,"9월 3일 주식시장 주요공시 | 아이큐어, 최대주주 신주 1886만주 3년 묶는다…증자물량 78% 장기 보호예... | [N2 모닝 경제 브리핑-9월 4일] 美 증시, 금리 인상 우려 완화에 3대 지...",2026-09-04,-0.0142,-0.0261,,success
175250,아이큐어,[기재정정]최대주주변경              ,major_shareholder_change,20260903,volatile,10,C,Major shareholder changes can increase volatility depending on context.,5,2,8,-6,5,"9월 3일 주식시장 주요공시 | 아이큐어, 최대주주 신주 1886만주 3년 묶는다…증자물량 78% 장기 보호예... | [N2 모닝 경제 브리핑-9월 4일] 美 증시, 금리 인상 우려 완화에 3대 지...",2026-09-04,-0.0142,-0.0261,,success
175250,아이큐어,[기재정정]최대주주변경              ,major_shareholder_change,20260903,volatile,10,C,Major shareholder changes can increase volatility depending on context.,5,2,8,-6,5,"9월 3일 주식시장 주요공시 | 아이큐어, 최대주주 신주 1886만주 3년 묶는다…증자물량 78% 장기 보호예... | [N2 모닝 경제 브리핑-9월 4일] 美 증시, 금리 인상 우려 완화에 3대 지...",2026-09-04,-0.0142,-0.0261,,success
175250,아이큐어,[기재정정]최대주주변경              ,major_shareholder_change,20260903,volatile,10,C,Major shareholder changes can increase volatility depending on context.,5,2,8,-6,5,"9월 3일 주식시장 주요공시 | 아이큐어, 최대주주 신주 1886만주 3년 묶는다…증자물량 78% 장기 보호예... | [N2 모닝 경제 브리핑-9월 4일] 美 증시, 금리 인상 우려 완화에 3대 지...",2026-09-04,-0.0142,-0.0261,,success
175250,아이큐어,[기재정정]최대주주변경              ,major_shareholder_change,20260903,volatile,10,C,Major shareholder changes can increase volatility depending on context.,5,2,8,-6,5,"9월 3일 주식시장 주요공시 | 아이큐어, 최대주주 신주 1886만주 3년 묶는다…증자물량 78% 장기 보호예... | [N2 모닝 경제 브리핑-9월 4일] 美 증시, 금리 인상 우려 완화에 3대 지...",2026-09-04,-0.0142,-0.0261,,success
175250,아이큐어,[기재정정]최대주주변경              ,major_shareholder_change,20260903,volatile,10,C,Major shareholder changes can increase volatility depending on context.,5,2,8,-6,5,"9월 3일 주식시장 주요공시 | 아이큐어, 최대주주 신주 1886만주 3년 묶는다…증자물량 78% 장기 보호예... | [N2 모닝 경제 브리핑-9월 4일] 美 증시, 금리 인상 우려 완화에 3대 지...",2026-09-04,-0.0142,-0.0261,,success
175250,아이큐어,[기재정정]최대주주변경              ,major_shareholder_change,20260903,volatile,10,C,Major shareholder changes can increase volatility depending on context.,5,2,8,-6,5,"9월 3일 주식시장 주요공시 | 아이큐어, 최대주주 신주 1886만주 3년 묶는다…증자물량 78% 장기 보호예... | [N2 모닝 경제 브리핑-9월 4일] 美 증시, 금리 인상 우려 완화에 3대 지...",2026-09-04,-0.0142,-0.0261,,success
175250,아이큐어,[기재정정]최대주주변경              ,major_shareholder_change,20260903,volatile,10,C,Major shareholder changes can increase volatility depending on context.,5,2,8,-6,5,"9월 3일 주식시장 주요공시 | 아이큐어, 최대주주 신주 1886만주 3년 묶는다…증자물량 78% 장기 보호예... | [N2 모닝 경제 브리핑-9월 4일] 美 증시, 금리 인상 우려 완화에 3대 지...",2026-09-04,-0.0142,-0.0261,,success
175250,아이큐어,[기재정정]최대주주변경              ,major_shareholder_change,20260903,volatile,10,C,Major shareholder changes can increase volatility depending on context.,5,2,8,-6,5,"9월 3일 주식시장 주요공시 | 아이큐어, 최대주주 신주 1886만주 3년 묶는다…증자물량 78% 장기 보호예... | [N2 모닝 경제 브리핑-9월 4일] 美 증시, 금리 인상 우려 완화에 3대 지...",2026-09-04,-0.0142,-0.0261,,success
175250,아이큐어,[기재정정]최대주주변경              ,major_shareholder_change,20260903,volatile,10,C,Major shareholder changes can increase volatility depending on context.,5,2,8,-6,5,"9월 3일 주식시장 주요공시 | 아이큐어, 최대주주 신주 1886만주 3년 묶는다…증자물량 78% 장기 보호예... | [N2 모닝 경제 브리핑-9월 4일] 美 증시, 금리 인상 우려 완화에 3대 지...",2026-09-04,-0.0142,-0.0261,,success
175250,아이큐어,[기재정정]최대주주변경              ,major_shareholder_change,20260903,volatile,10,C,Major shareholder changes can increase volatility depending on context.,5,2,8,-6,5,"9월 3일 주식시장 주요공시 | 아이큐어, 최대주주 신주 1886만주 3년 묶는다…증자물량 78% 장기 보호예... | [N2 모닝 경제 브리핑-9월 4일] 美 증시, 금리 인상 우려 완화에 3대 지...",2026-09-04,-0.0142,-0.0261,,success
175250,아이큐어,[기재정정]최대주주변경              ,major_shareholder_change,20260903,volatile,10,C,Major shareholder changes can increase volatility depending on context.,5,2,8,-6,5,"9월 3일 주식시장 주요공시 | 아이큐어, 최대주주 신주 1886만주 3년 묶는다…증자물량 78% 장기 보호예... | [N2 모닝 경제 브리핑-9월 4일] 美 증시, 금리 인상 우려 완화에 3대 지...",2026-09-04,-0.0142,-0.0261,,success
175250,아이큐어,[기재정정]최대주주변경              ,major_shareholder_change,20260903,volatile,10,C,Major shareholder changes can increase volatility depending on context.,5,2,8,-6,5,"9월 3일 주식시장 주요공시 | 아이큐어, 최대주주 신주 1886만주 3년 묶는다…증자물량 78% 장기 보호예... | [N2 모닝 경제 브리핑-9월 4일] 美 증시, 금리 인상 우려 완화에 3대 지...",2026-09-04,-0.0142,-0.0261,,success
175250,아이큐어,[기재정정]최대주주변경              ,major_shareholder_change,20260903,volatile,10,C,Major shareholder changes can increase volatility depending on context.,5,2,8,-6,5,"9월 3일 주식시장 주요공시 | 아이큐어, 최대주주 신주 1886만주 3년 묶는다…증자물량 78% 장기 보호예... | [N2 모닝 경제 브리핑-9월 4일] 美 증시, 금리 인상 우려 완화에 3대 지...",2026-09-04,-0.0142,-0.0261,,success
175250,아이큐어,[기재정정]최대주주변경              ,major_shareholder_change,20260903,volatile,10,C,Major shareholder changes can increase volatility depending on context.,5,2,8,-6,5,"9월 3일 주식시장 주요공시 | 아이큐어, 최대주주 신주 1886만주 3년 묶는다…증자물량 78% 장기 보호예... | [N2 모닝 경제 브리핑-9월 4일] 美 증시, 금리 인상 우려 완화에 3대 지...",2026-09-04,-0.0142,-0.0261,,success
175250,아이큐어,[기재정정]최대주주변경              ,major_shareholder_change,20260903,volatile,10,C,Major shareholder changes can increase volatility depending on context.,5,2,8,-6,5,"9월 3일 주식시장 주요공시 | 아이큐어, 최대주주 신주 1886만주 3년 묶는다…증자물량 78% 장기 보호예... | [N2 모닝 경제 브리핑-9월 4일] 美 증시, 금리 인상 우려 완화에 3대 지...",2026-09-04,-0.0142,-0.0261,,success
175250,아이큐어,[기재정정]최대주주변경              ,major_shareholder_change,20260903,volatile,10,C,Major shareholder changes can increase volatility depending on context.,5,2,8,-6,5,"9월 3일 주식시장 주요공시 | 아이큐어, 최대주주 신주 1886만주 3년 묶는다…증자물량 78% 장기 보호예... | [N2 모닝 경제 브리핑-9월 4일] 美 증시, 금리 인상 우려 완화에 3대 지...",2026-09-04,-0.0142,-0.0261,,success
175250,아이큐어,[기재정정]최대주주변경              ,major_shareholder_change,20260903,volatile,10,C,Major shareholder changes can increase volatility depending on context.,5,2,8,-6,5,"9월 3일 주식시장 주요공시 | 아이큐어, 최대주주 신주 1886만주 3년 묶는다…증자물량 78% 장기 보호예... | [N2 모닝 경제 브리핑-9월 4일] 美 증시, 금리 인상 우려 완화에 3대 지...",2026-09-04,-0.0142,-0.0261,,success
175250,아이큐어,[기재정정]최대주주변경              ,major_shareholder_change,20260903,volatile,10,C,Major shareholder changes can increase volatility depending on context.,5,2,8,-6,5,"9월 3일 주식시장 주요공시 | 아이큐어, 최대주주 신주 1886만주 3년 묶는다…증자물량 78% 장기 보호예... | [N2 모닝 경제 브리핑-9월 4일] 美 증시, 금리 인상 우려 완화에 3대 지...",2026-09-04,-0.0142,-0.0261,,success
175250,아이큐어,[기재정정]최대주주변경              ,major_shareholder_change,20260903,volatile,10,C,Major shareholder changes can increase volatility depending on context.,5,2,8,-6,5,"9월 3일 주식시장 주요공시 | 아이큐어, 최대주주 신주 1886만주 3년 묶는다…증자물량 78% 장기 보호예... | [N2 모닝 경제 브리핑-9월 4일] 美 증시, 금리 인상 우려 완화에 3대 지...",2026-09-04,-0.0142,-0.0261,,success
175250,아이큐어,[기재정정]최대주주변경              ,major_shareholder_change,20260903,volatile,10,C,Major shareholder changes can increase volatility depending on context.,5,2,8,-6,5,"9월 3일 주식시장 주요공시 | 아이큐어, 최대주주 신주 1886만주 3년 묶는다…증자물량 78% 장기 보호예... | [N2 모닝 경제 브리핑-9월 4일] 美 증시, 금리 인상 우려 완화에 3대 지...",2026-09-04,-0.0142,-0.0261,,success
175250,아이큐어,[기재정정]최대주주변경              ,major_shareholder_change,20260903,volatile,10,C,Major shareholder changes can increase volatility depending on context.,5,2,8,-6,5,"9월 3일 주식시장 주요공시 | 아이큐어, 최대주주 신주 1886만주 3년 묶는다…증자물량 78% 장기 보호예... | [N2 모닝 경제 브리핑-9월 4일] 美 증시, 금리 인상 우려 완화에 3대 지...",2026-09-04,-0.0142,-0.0261,,success
175250,아이큐어,[기재정정]최대주주변경              ,major_shareholder_change,20260903,volatile,10,C,Major shareholder changes can increase volatility depending on context.,5,2,8,-6,5,"9월 3일 주식시장 주요공시 | 아이큐어, 최대주주 신주 1886만주 3년 묶는다…증자물량 78% 장기 보호예... | [N2 모닝 경제 브리핑-9월 4일] 美 증시, 금리 인상 우려 완화에 3대 지...",2026-09-04,-0.0142,-0.0261,,success
175250,아이큐어,[기재정정]최대주주변경              ,major_shareholder_change,20260903,volatile,10,C,Major shareholder changes can increase volatility depending on context.,5,2,8,-6,5,"9월 3일 주식시장 주요공시 | 아이큐어, 최대주주 신주 1886만주 3년 묶는다…증자물량 78% 장기 보호예... | [N2 모닝 경제 브리핑-9월 4일] 美 증시, 금리 인상 우려 완화에 3대 지...",2026-09-04,-0.0142,-0.0261,,success
175250,아이큐어,[기재정정]최대주주변경              ,major_shareholder_change,20260903,volatile,10,C,Major shareholder changes can increase volatility depending on context.,5,2,8,-6,5,"9월 3일 주식시장 주요공시 | 아이큐어, 최대주주 신주 1886만주 3년 묶는다…증자물량 78% 장기 보호예... | [N2 모닝 경제 브리핑-9월 4일] 美 증시, 금리 인상 우려 완화에 3대 지...",2026-09-04,-0.0142,-0.0261,,success
175250,아이큐어,[기재정정]최대주주변경              ,major_shareholder_change,20260903,volatile,10,C,Major shareholder changes can increase volatility depending on context.,5,2,8,-6,5,"9월 3일 주식시장 주요공시 | 아이큐어, 최대주주 신주 1886만주 3년 묶는다…증자물량 78% 장기 보호예... | [N2 모닝 경제 브리핑-9월 4일] 美 증시, 금리 인상 우려 완화에 3대 지...",2026-09-04,-0.0142,-0.0261,,success
175250,아이큐어,[기재정정]최대주주변경              ,major_shareholder_change,20260903,volatile,10,C,Major shareholder changes can increase volatility depending on context.,5,2,8,-6,5,"9월 3일 주식시장 주요공시 | 아이큐어, 최대주주 신주 1886만주 3년 묶는다…증자물량 78% 장기 보호예... | [N2 모닝 경제 브리핑-9월 4일] 美 증시, 금리 인상 우려 완화에 3대 지...",2026-09-04,-0.0142,-0.0261,,success
175250,아이큐어,[기재정정]최대주주변경              ,major_shareholder_change,20260903,volatile,10,C,Major shareholder changes can increase volatility depending on context.,5,2,8,-6,5,"9월 3일 주식시장 주요공시 | 아이큐어, 최대주주 신주 1886만주 3년 묶는다…증자물량 78% 장기 보호예... | [N2 모닝 경제 브리핑-9월 4일] 美 증시, 금리 인상 우려 완화에 3대 지...",2026-09-04,-0.0142,-0.0261,,success
175250,아이큐어,[기재정정]최대주주변경              ,major_shareholder_change,20260903,volatile,10,C,Major shareholder changes can increase volatility depending on context.,5,2,8,-6,5,"9월 3일 주식시장 주요공시 | 아이큐어, 최대주주 신주 1886만주 3년 묶는다…증자물량 78% 장기 보호예... | [N2 모닝 경제 브리핑-9월 4일] 美 증시, 금리 인상 우려 완화에 3대 지...",2026-09-04,-0.0142,-0.0261,,success
175250,아이큐어,[기재정정]최대주주변경              ,major_shareholder_change,20260903,volatile,10,C,Major shareholder changes can increase volatility depending on context.,5,2,8,-6,5,"9월 3일 주식시장 주요공시 | 아이큐어, 최대주주 신주 1886만주 3년 묶는다…증자물량 78% 장기 보호예... | [N2 모닝 경제 브리핑-9월 4일] 美 증시, 금리 인상 우려 완화에 3대 지...",2026-09-04,-0.0142,-0.0261,,success
175250,아이큐어,[기재정정]최대주주변경              ,major_shareholder_change,20260903,volatile,10,C,Major shareholder changes can increase volatility depending on context.,5,2,8,-6,5,"9월 3일 주식시장 주요공시 | 아이큐어, 최대주주 신주 1886만주 3년 묶는다…증자물량 78% 장기 보호예... | [N2 모닝 경제 브리핑-9월 4일] 美 증시, 금리 인상 우려 완화에 3대 지...",2026-09-04,-0.0142,-0.0261,,success
175250,아이큐어,[기재정정]최대주주변경              ,major_shareholder_change,20260903,volatile,10,C,Major shareholder changes can increase volatility depending on context.,5,2,8,-6,5,"9월 3일 주식시장 주요공시 | 아이큐어, 최대주주 신주 1886만주 3년 묶는다…증자물량 78% 장기 보호예... | [N2 모닝 경제 브리핑-9월 4일] 美 증시, 금리 인상 우려 완화에 3대 지...",2026-09-04,-0.0142,-0.0261,,success
175250,아이큐어,[기재정정]최대주주변경              ,major_shareholder_change,20260903,volatile,10,C,Major shareholder changes can increase volatility depending on context.,5,2,8,-6,5,"9월 3일 주식시장 주요공시 | 아이큐어, 최대주주 신주 1886만주 3년 묶는다…증자물량 78% 장기 보호예... | [N2 모닝 경제 브리핑-9월 4일] 美 증시, 금리 인상 우려 완화에 3대 지...",2026-09-04,-0.0142,-0.0261,,success
175250,아이큐어,[기재정정]최대주주변경              ,major_shareholder_change,20260903,volatile,10,C,Major shareholder changes can increase volatility depending on context.,5,2,8,-6,5,"9월 3일 주식시장 주요공시 | 아이큐어, 최대주주 신주 1886만주 3년 묶는다…증자물량 78% 장기 보호예... | [N2 모닝 경제 브리핑-9월 4일] 美 증시, 금리 인상 우려 완화에 3대 지...",2026-09-04,-0.0142,-0.0261,,success
175250,아이큐어,[기재정정]최대주주변경              ,major_shareholder_change,20260903,volatile,10,C,Major shareholder changes can increase volatility depending on context.,5,2,8,-6,5,"9월 3일 주식시장 주요공시 | 아이큐어, 최대주주 신주 1886만주 3년 묶는다…증자물량 78% 장기 보호예... | [N2 모닝 경제 브리핑-9월 4일] 美 증시, 금리 인상 우려 완화에 3대 지...",2026-09-04,-0.0142,-0.0261,,success
175250,아이큐어,[기재정정]최대주주변경              ,major_shareholder_change,20260903,volatile,10,C,Major shareholder changes can increase volatility depending on context.,5,2,8,-6,5,"9월 3일 주식시장 주요공시 | 아이큐어, 최대주주 신주 1886만주 3년 묶는다…증자물량 78% 장기 보호예... | [N2 모닝 경제 브리핑-9월 4일] 美 증시, 금리 인상 우려 완화에 3대 지...",2026-09-04,-0.0142,-0.0261,,success
175250,아이큐어,[기재정정]최대주주변경              ,major_shareholder_change,20260903,volatile,10,C,Major shareholder changes can increase volatility depending on context.,5,2,8,-6,5,"9월 3일 주식시장 주요공시 | 아이큐어, 최대주주 신주 1886만주 3년 묶는다…증자물량 78% 장기 보호예... | [N2 모닝 경제 브리핑-9월 4일] 美 증시, 금리 인상 우려 완화에 3대 지...",2026-09-04,-0.0142,-0.0261,,success
175250,아이큐어,[기재정정]최대주주변경              ,major_shareholder_change,20260903,volatile,10,C,Major shareholder changes can increase volatility depending on context.,5,2,8,-6,5,"9월 3일 주식시장 주요공시 | 아이큐어, 최대주주 신주 1886만주 3년 묶는다…증자물량 78% 장기 보호예... | [N2 모닝 경제 브리핑-9월 4일] 美 증시, 금리 인상 우려 완화에 3대 지...",2026-09-04,-0.0142,-0.0261,,success
175250,아이큐어,[기재정정]최대주주변경              ,major_shareholder_change,20260903,volatile,10,C,Major shareholder changes can increase volatility depending on context.,5,2,8,-6,5,"9월 3일 주식시장 주요공시 | 아이큐어, 최대주주 신주 1886만주 3년 묶는다…증자물량 78% 장기 보호예... | [N2 모닝 경제 브리핑-9월 4일] 美 증시, 금리 인상 우려 완화에 3대 지...",2026-09-04,-0.0142,-0.0261,,success
175250,아이큐어,[기재정정]최대주주변경              ,major_shareholder_change,20260903,volatile,10,C,Major shareholder changes can increase volatility depending on context.,5,2,8,-6,5,"9월 3일 주식시장 주요공시 | 아이큐어, 최대주주 신주 1886만주 3년 묶는다…증자물량 78% 장기 보호예... | [N2 모닝 경제 브리핑-9월 4일] 美 증시, 금리 인상 우려 완화에 3대 지...",2026-09-04,-0.0142,-0.0261,,success
175250,아이큐어,[기재정정]최대주주변경              ,major_shareholder_change,20260903,volatile,10,C,Major shareholder changes can increase volatility depending on context.,5,2,8,-6,5,"9월 3일 주식시장 주요공시 | 아이큐어, 최대주주 신주 1886만주 3년 묶는다…증자물량 78% 장기 보호예... | [N2 모닝 경제 브리핑-9월 4일] 美 증시, 금리 인상 우려 완화에 3대 지...",2026-09-04,-0.0142,-0.0261,,success
175250,아이큐어,[기재정정]최대주주변경              ,major_shareholder_change,20260903,volatile,10,C,Major shareholder changes can increase volatility depending on context.,5,2,8,-6,5,"9월 3일 주식시장 주요공시 | 아이큐어, 최대주주 신주 1886만주 3년 묶는다…증자물량 78% 장기 보호예... | [N2 모닝 경제 브리핑-9월 4일] 美 증시, 금리 인상 우려 완화에 3대 지...",2026-09-04,-0.0142,-0.0261,,success
175250,아이큐어,[기재정정]최대주주변경              ,major_shareholder_change,20260903,volatile,10,C,Major shareholder changes can increase volatility depending on context.,5,2,8,-6,5,"9월 3일 주식시장 주요공시 | 아이큐어, 최대주주 신주 1886만주 3년 묶는다…증자물량 78% 장기 보호예... | [N2 모닝 경제 브리핑-9월 4일] 美 증시, 금리 인상 우려 완화에 3대 지...",2026-09-04,-0.0142,-0.0261,,success
175250,아이큐어,[기재정정]최대주주변경              ,major_shareholder_change,20260903,volatile,10,C,Major shareholder changes can increase volatility depending on context.,5,2,8,-6,5,"9월 3일 주식시장 주요공시 | 아이큐어, 최대주주 신주 1886만주 3년 묶는다…증자물량 78% 장기 보호예... | [N2 모닝 경제 브리핑-9월 4일] 美 증시, 금리 인상 우려 완화에 3대 지...",2026-09-04,-0.0142,-0.0261,,success
175250,아이큐어,[기재정정]최대주주변경              ,major_shareholder_change,20260903,volatile,10,C,Major shareholder changes can increase volatility depending on context.,5,2,8,-6,5,"9월 3일 주식시장 주요공시 | 아이큐어, 최대주주 신주 1886만주 3년 묶는다…증자물량 78% 장기 보호예... | [N2 모닝 경제 브리핑-9월 4일] 美 증시, 금리 인상 우려 완화에 3대 지...",2026-09-04,-0.0142,-0.0261,,success
175250,아이큐어,[기재정정]최대주주변경              ,major_shareholder_change,20260903,volatile,10,C,Major shareholder changes can increase volatility depending on context.,5,2,8,-6,5,"9월 3일 주식시장 주요공시 | 아이큐어, 최대주주 신주 1886만주 3년 묶는다…증자물량 78% 장기 보호예... | [N2 모닝 경제 브리핑-9월 4일] 美 증시, 금리 인상 우려 완화에 3대 지...",2026-09-04,-0.0142,-0.0261,,success
175250,아이큐어,[기재정정]최대주주변경              ,major_shareholder_change,20260903,volatile,10,C,Major shareholder changes can increase volatility depending on context.,5,2,8,-6,5,"9월 3일 주식시장 주요공시 | 아이큐어, 최대주주 신주 1886만주 3년 묶는다…증자물량 78% 장기 보호예... | [N2 모닝 경제 브리핑-9월 4일] 美 증시, 금리 인상 우려 완화에 3대 지...",2026-09-04,-0.0142,-0.0261,,success
175250,아이큐어,[기재정정]최대주주변경              ,major_shareholder_change,20260903,volatile,10,C,Major shareholder changes can increase volatility depending on context.,5,2,8,-6,5,"9월 3일 주식시장 주요공시 | 아이큐어, 최대주주 신주 1886만주 3년 묶는다…증자물량 78% 장기 보호예... | [N2 모닝 경제 브리핑-9월 4일] 美 증시, 금리 인상 우려 완화에 3대 지...",2026-09-04,-0.0142,-0.0261,,success
175250,아이큐어,[기재정정]최대주주변경              ,major_shareholder_change,20260903,volatile,10,C,Major shareholder changes can increase volatility depending on context.,5,2,8,-6,5,"9월 3일 주식시장 주요공시 | 아이큐어, 최대주주 신주 1886만주 3년 묶는다…증자물량 78% 장기 보호예... | [N2 모닝 경제 브리핑-9월 4일] 美 증시, 금리 인상 우려 완화에 3대 지...",2026-09-04,-0.0142,-0.0261,,success
175250,아이큐어,[기재정정]최대주주변경              ,major_shareholder_change,20260903,volatile,10,C,Major shareholder changes can increase volatility depending on context.,5,2,8,-6,5,"9월 3일 주식시장 주요공시 | 아이큐어, 최대주주 신주 1886만주 3년 묶는다…증자물량 78% 장기 보호예... | [N2 모닝 경제 브리핑-9월 4일] 美 증시, 금리 인상 우려 완화에 3대 지...",2026-09-04,-0.0142,-0.0261,,success
175250,아이큐어,[기재정정]최대주주변경              ,major_shareholder_change,20260903,volatile,10,C,Major shareholder changes can increase volatility depending on context.,5,2,8,-6,5,"9월 3일 주식시장 주요공시 | 아이큐어, 최대주주 신주 1886만주 3년 묶는다…증자물량 78% 장기 보호예... | [N2 모닝 경제 브리핑-9월 4일] 美 증시, 금리 인상 우려 완화에 3대 지...",2026-09-04,-0.0142,-0.0261,,success
175250,아이큐어,[기재정정]최대주주변경              ,major_shareholder_change,20260903,volatile,10,C,Major shareholder changes can increase volatility depending on context.,5,2,8,-6,5,"9월 3일 주식시장 주요공시 | 아이큐어, 최대주주 신주 1886만주 3년 묶는다…증자물량 78% 장기 보호예... | [N2 모닝 경제 브리핑-9월 4일] 美 증시, 금리 인상 우려 완화에 3대 지...",2026-09-04,-0.0142,-0.0261,,success
175250,아이큐어,[기재정정]최대주주변경              ,major_shareholder_change,20260903,volatile,10,C,Major shareholder changes can increase volatility depending on context.,5,2,8,-6,5,"9월 3일 주식시장 주요공시 | 아이큐어, 최대주주 신주 1886만주 3년 묶는다…증자물량 78% 장기 보호예... | [N2 모닝 경제 브리핑-9월 4일] 美 증시, 금리 인상 우려 완화에 3대 지...",2026-09-04,-0.0142,-0.0261,,success
175250,아이큐어,[기재정정]최대주주변경              ,major_shareholder_change,20260903,volatile,10,C,Major shareholder changes can increase volatility depending on context.,5,2,8,-6,5,"9월 3일 주식시장 주요공시 | 아이큐어, 최대주주 신주 1886만주 3년 묶는다…증자물량 78% 장기 보호예... | [N2 모닝 경제 브리핑-9월 4일] 美 증시, 금리 인상 우려 완화에 3대 지...",2026-09-04,-0.0142,-0.0261,,success
175250,아이큐어,[기재정정]최대주주변경              ,major_shareholder_change,20260903,volatile,10,C,Major shareholder changes can increase volatility depending on context.,5,2,8,-6,5,"9월 3일 주식시장 주요공시 | 아이큐어, 최대주주 신주 1886만주 3년 묶는다…증자물량 78% 장기 보호예... | [N2 모닝 경제 브리핑-9월 4일] 美 증시, 금리 인상 우려 완화에 3대 지...",2026-09-04,-0.0142,-0.0261,,success
175250,아이큐어,[기재정정]최대주주변경              ,major_shareholder_change,20260903,volatile,10,C,Major shareholder changes can increase volatility depending on context.,5,2,8,-6,5,"9월 3일 주식시장 주요공시 | 아이큐어, 최대주주 신주 1886만주 3년 묶는다…증자물량 78% 장기 보호예... | [N2 모닝 경제 브리핑-9월 4일] 美 증시, 금리 인상 우려 완화에 3대 지...",2026-09-04,-0.0142,-0.0261,,success
175250,아이큐어,[기재정정]최대주주변경              ,major_shareholder_change,20260903,volatile,10,C,Major shareholder changes can increase volatility depending on context.,5,2,8,-6,5,"9월 3일 주식시장 주요공시 | 아이큐어, 최대주주 신주 1886만주 3년 묶는다…증자물량 78% 장기 보호예... | [N2 모닝 경제 브리핑-9월 4일] 美 증시, 금리 인상 우려 완화에 3대 지...",2026-09-04,-0.0142,-0.0261,,success
175250,아이큐어,[기재정정]최대주주변경              ,major_shareholder_change,20260903,volatile,10,C,Major shareholder changes can increase volatility depending on context.,5,2,8,-6,5,"9월 3일 주식시장 주요공시 | 아이큐어, 최대주주 신주 1886만주 3년 묶는다…증자물량 78% 장기 보호예... | [N2 모닝 경제 브리핑-9월 4일] 美 증시, 금리 인상 우려 완화에 3대 지...",2026-09-04,-0.0142,-0.0261,,success
175250,아이큐어,[기재정정]최대주주변경              ,major_shareholder_change,20260903,volatile,10,C,Major shareholder changes can increase volatility depending on context.,5,2,8,-6,5,"9월 3일 주식시장 주요공시 | 아이큐어, 최대주주 신주 1886만주 3년 묶는다…증자물량 78% 장기 보호예... | [N2 모닝 경제 브리핑-9월 4일] 美 증시, 금리 인상 우려 완화에 3대 지...",2026-09-04,-0.0142,-0.0261,,success
175250,아이큐어,[기재정정]최대주주변경              ,major_shareholder_change,20260903,volatile,10,C,Major shareholder changes can increase volatility depending on context.,5,2,8,-6,5,"9월 3일 주식시장 주요공시 | 아이큐어, 최대주주 신주 1886만주 3년 묶는다…증자물량 78% 장기 보호예... | [N2 모닝 경제 브리핑-9월 4일] 美 증시, 금리 인상 우려 완화에 3대 지...",2026-09-04,-0.0142,-0.0261,,success
175250,아이큐어,[기재정정]최대주주변경              ,major_shareholder_change,20260903,volatile,10,C,Major shareholder changes can increase volatility depending on context.,5,2,8,-6,5,"9월 3일 주식시장 주요공시 | 아이큐어, 최대주주 신주 1886만주 3년 묶는다…증자물량 78% 장기 보호예... | [N2 모닝 경제 브리핑-9월 4일] 美 증시, 금리 인상 우려 완화에 3대 지...",2026-09-04,-0.0142,-0.0261,,success
175250,아이큐어,[기재정정]최대주주변경              ,major_shareholder_change,20260903,volatile,10,C,Major shareholder changes can increase volatility depending on context.,5,2,8,-6,5,"9월 3일 주식시장 주요공시 | 아이큐어, 최대주주 신주 1886만주 3년 묶는다…증자물량 78% 장기 보호예... | [N2 모닝 경제 브리핑-9월 4일] 美 증시, 금리 인상 우려 완화에 3대 지...",2026-09-04,-0.0142,-0.0261,,success
175250,아이큐어,[기재정정]최대주주변경              ,major_shareholder_change,20260903,volatile,10,C,Major shareholder changes can increase volatility depending on context.,5,2,8,-6,5,"9월 3일 주식시장 주요공시 | 아이큐어, 최대주주 신주 1886만주 3년 묶는다…증자물량 78% 장기 보호예... | [N2 모닝 경제 브리핑-9월 4일] 美 증시, 금리 인상 우려 완화에 3대 지...",2026-09-04,-0.0142,-0.0261,,success
175250,아이큐어,[기재정정]최대주주변경              ,major_shareholder_change,20260903,volatile,10,C,Major shareholder changes can increase volatility depending on context.,5,2,8,-6,5,"9월 3일 주식시장 주요공시 | 아이큐어, 최대주주 신주 1886만주 3년 묶는다…증자물량 78% 장기 보호예... | [N2 모닝 경제 브리핑-9월 4일] 美 증시, 금리 인상 우려 완화에 3대 지...",2026-09-04,-0.0142,-0.0261,,success
175250,아이큐어,[기재정정]최대주주변경              ,major_shareholder_change,20260903,volatile,10,C,Major shareholder changes can increase volatility depending on context.,5,2,8,-6,5,"9월 3일 주식시장 주요공시 | 아이큐어, 최대주주 신주 1886만주 3년 묶는다…증자물량 78% 장기 보호예... | [N2 모닝 경제 브리핑-9월 4일] 美 증시, 금리 인상 우려 완화에 3대 지...",2026-09-04,-0.0142,-0.0261,,success
175250,아이큐어,[기재정정]최대주주변경              ,major_shareholder_change,20260903,volatile,10,C,Major shareholder changes can increase volatility depending on context.,5,2,8,-6,5,"9월 3일 주식시장 주요공시 | 아이큐어, 최대주주 신주 1886만주 3년 묶는다…증자물량 78% 장기 보호예... | [N2 모닝 경제 브리핑-9월 4일] 美 증시, 금리 인상 우려 완화에 3대 지...",2026-09-04,-0.0142,-0.0261,,success
175250,아이큐어,[기재정정]최대주주변경              ,major_shareholder_change,20260903,volatile,10,C,Major shareholder changes can increase volatility depending on context.,5,2,8,-6,5,"9월 3일 주식시장 주요공시 | 아이큐어, 최대주주 신주 1886만주 3년 묶는다…증자물량 78% 장기 보호예... | [N2 모닝 경제 브리핑-9월 4일] 美 증시, 금리 인상 우려 완화에 3대 지...",2026-09-04,-0.0142,-0.0261,,success
175250,아이큐어,[기재정정]최대주주변경              ,major_shareholder_change,20260903,volatile,10,C,Major shareholder changes can increase volatility depending on context.,5,2,8,-6,5,"9월 3일 주식시장 주요공시 | 아이큐어, 최대주주 신주 1886만주 3년 묶는다…증자물량 78% 장기 보호예... | [N2 모닝 경제 브리핑-9월 4일] 美 증시, 금리 인상 우려 완화에 3대 지...",2026-09-04,-0.0142,-0.0261,,success
175250,아이큐어,[기재정정]최대주주변경              ,major_shareholder_change,20260903,volatile,10,C,Major shareholder changes can increase volatility depending on context.,5,2,8,-6,5,"9월 3일 주식시장 주요공시 | 아이큐어, 최대주주 신주 1886만주 3년 묶는다…증자물량 78% 장기 보호예... | [N2 모닝 경제 브리핑-9월 4일] 美 증시, 금리 인상 우려 완화에 3대 지...",2026-09-04,-0.0142,-0.0261,,success
175250,아이큐어,[기재정정]최대주주변경              ,major_shareholder_change,20260903,volatile,10,C,Major shareholder changes can increase volatility depending on context.,5,2,8,-6,5,"9월 3일 주식시장 주요공시 | 아이큐어, 최대주주 신주 1886만주 3년 묶는다…증자물량 78% 장기 보호예... | [N2 모닝 경제 브리핑-9월 4일] 美 증시, 금리 인상 우려 완화에 3대 지...",2026-09-04,-0.0142,-0.0261,,success
175250,아이큐어,[기재정정]최대주주변경              ,major_shareholder_change,20260903,volatile,10,C,Major shareholder changes can increase volatility depending on context.,5,2,8,-6,5,"9월 3일 주식시장 주요공시 | 아이큐어, 최대주주 신주 1886만주 3년 묶는다…증자물량 78% 장기 보호예... | [N2 모닝 경제 브리핑-9월 4일] 美 증시, 금리 인상 우려 완화에 3대 지...",2026-09-04,-0.0142,-0.0261,,success
175250,아이큐어,[기재정정]최대주주변경              ,major_shareholder_change,20260903,volatile,10,C,Major shareholder changes can increase volatility depending on context.,5,2,8,-6,5,"9월 3일 주식시장 주요공시 | 아이큐어, 최대주주 신주 1886만주 3년 묶는다…증자물량 78% 장기 보호예... | [N2 모닝 경제 브리핑-9월 4일] 美 증시, 금리 인상 우려 완화에 3대 지...",2026-09-04,-0.0142,-0.0261,,success
175250,아이큐어,[기재정정]최대주주변경              ,major_shareholder_change,20260903,volatile,10,C,Major shareholder changes can increase volatility depending on context.,5,2,8,-6,5,"9월 3일 주식시장 주요공시 | 아이큐어, 최대주주 신주 1886만주 3년 묶는다…증자물량 78% 장기 보호예... | [N2 모닝 경제 브리핑-9월 4일] 美 증시, 금리 인상 우려 완화에 3대 지...",2026-09-04,-0.0142,-0.0261,,success
175250,아이큐어,[기재정정]최대주주변경              ,major_shareholder_change,20260903,volatile,10,C,Major shareholder changes can increase volatility depending on context.,5,2,8,-6,5,"9월 3일 주식시장 주요공시 | 아이큐어, 최대주주 신주 1886만주 3년 묶는다…증자물량 78% 장기 보호예... | [N2 모닝 경제 브리핑-9월 4일] 美 증시, 금리 인상 우려 완화에 3대 지...",2026-09-04,-0.0142,-0.0261,,success
175250,아이큐어,[기재정정]최대주주변경              ,major_shareholder_change,20260903,volatile,10,C,Major shareholder changes can increase volatility depending on context.,5,2,8,-6,5,"9월 3일 주식시장 주요공시 | 아이큐어, 최대주주 신주 1886만주 3년 묶는다…증자물량 78% 장기 보호예... | [N2 모닝 경제 브리핑-9월 4일] 美 증시, 금리 인상 우려 완화에 3대 지...",2026-09-04,-0.0142,-0.0261,,success
175250,아이큐어,[기재정정]최대주주변경              ,major_shareholder_change,20260903,volatile,10,C,Major shareholder changes can increase volatility depending on context.,5,2,8,-6,5,"9월 3일 주식시장 주요공시 | 아이큐어, 최대주주 신주 1886만주 3년 묶는다…증자물량 78% 장기 보호예... | [N2 모닝 경제 브리핑-9월 4일] 美 증시, 금리 인상 우려 완화에 3대 지...",2026-09-04,-0.0142,-0.0261,,success
175250,아이큐어,[기재정정]최대주주변경              ,major_shareholder_change,20260903,volatile,10,C,Major shareholder changes can increase volatility depending on context.,5,2,8,-6,5,"9월 3일 주식시장 주요공시 | 아이큐어, 최대주주 신주 1886만주 3년 묶는다…증자물량 78% 장기 보호예... | [N2 모닝 경제 브리핑-9월 4일] 美 증시, 금리 인상 우려 완화에 3대 지...",2026-09-04,-0.0142,-0.0261,,success
175250,아이큐어,[기재정정]최대주주변경              ,major_shareholder_change,20260903,volatile,10,C,Major shareholder changes can increase volatility depending on context.,5,2,8,-6,5,"9월 3일 주식시장 주요공시 | 아이큐어, 최대주주 신주 1886만주 3년 묶는다…증자물량 78% 장기 보호예... | [N2 모닝 경제 브리핑-9월 4일] 美 증시, 금리 인상 우려 완화에 3대 지...",2026-09-04,-0.0142,-0.0261,,success
175250,아이큐어,[기재정정]최대주주변경              ,major_shareholder_change,20260903,volatile,10,C,Major shareholder changes can increase volatility depending on context.,5,2,8,-6,5,"9월 3일 주식시장 주요공시 | 아이큐어, 최대주주 신주 1886만주 3년 묶는다…증자물량 78% 장기 보호예... | [N2 모닝 경제 브리핑-9월 4일] 美 증시, 금리 인상 우려 완화에 3대 지...",2026-09-04,-0.0142,-0.0261,,success
175250,아이큐어,[기재정정]최대주주변경              ,major_shareholder_change,20260903,volatile,10,C,Major shareholder changes can increase volatility depending on context.,5,2,8,-6,5,"9월 3일 주식시장 주요공시 | 아이큐어, 최대주주 신주 1886만주 3년 묶는다…증자물량 78% 장기 보호예... | [N2 모닝 경제 브리핑-9월 4일] 美 증시, 금리 인상 우려 완화에 3대 지...",2026-09-04,-0.0142,-0.0261,,success
175250,아이큐어,[기재정정]최대주주변경              ,major_shareholder_change,20260903,volatile,10,C,Major shareholder changes can increase volatility depending on context.,5,2,8,-6,5,"9월 3일 주식시장 주요공시 | 아이큐어, 최대주주 신주 1886만주 3년 묶는다…증자물량 78% 장기 보호예... | [N2 모닝 경제 브리핑-9월 4일] 美 증시, 금리 인상 우려 완화에 3대 지...",2026-09-04,-0.0142,-0.0261,,success
175250,아이큐어,[기재정정]최대주주변경              ,major_shareholder_change,20260903,volatile,10,C,Major shareholder changes can increase volatility depending on context.,5,2,8,-6,5,"9월 3일 주식시장 주요공시 | 아이큐어, 최대주주 신주 1886만주 3년 묶는다…증자물량 78% 장기 보호예... | [N2 모닝 경제 브리핑-9월 4일] 美 증시, 금리 인상 우려 완화에 3대 지...",2026-09-04,-0.0142,-0.0261,,success
175250,아이큐어,[기재정정]최대주주변경              ,major_shareholder_change,20260903,volatile,10,C,Major shareholder changes can increase volatility depending on context.,5,2,8,-6,5,"9월 3일 주식시장 주요공시 | 아이큐어, 최대주주 신주 1886만주 3년 묶는다…증자물량 78% 장기 보호예... | [N2 모닝 경제 브리핑-9월 4일] 美 증시, 금리 인상 우려 완화에 3대 지...",2026-09-04,-0.0142,-0.0261,,success
175250,아이큐어,[기재정정]최대주주변경              ,major_shareholder_change,20260903,volatile,10,C,Major shareholder changes can increase volatility depending on context.,5,2,8,-6,5,"9월 3일 주식시장 주요공시 | 아이큐어, 최대주주 신주 1886만주 3년 묶는다…증자물량 78% 장기 보호예... | [N2 모닝 경제 브리핑-9월 4일] 美 증시, 금리 인상 우려 완화에 3대 지...",2026-09-04,-0.0142,-0.0261,,success
175250,아이큐어,[기재정정]최대주주변경              ,major_shareholder_change,20260903,volatile,10,C,Major shareholder changes can increase volatility depending on context.,5,2,8,-6,5,"9월 3일 주식시장 주요공시 | 아이큐어, 최대주주 신주 1886만주 3년 묶는다…증자물량 78% 장기 보호예... | [N2 모닝 경제 브리핑-9월 4일] 美 증시, 금리 인상 우려 완화에 3대 지...",2026-09-04,-0.0142,-0.0261,,success
175250,아이큐어,[기재정정]최대주주변경              ,major_shareholder_change,20260903,volatile,10,C,Major shareholder changes can increase volatility depending on context.,5,2,8,-6,5,"9월 3일 주식시장 주요공시 | 아이큐어, 최대주주 신주 1886만주 3년 묶는다…증자물량 78% 장기 보호예... | [N2 모닝 경제 브리핑-9월 4일] 美 증시, 금리 인상 우려 완화에 3대 지...",2026-09-04,-0.0142,-0.0261,,success
175250,아이큐어,[기재정정]최대주주변경              ,major_shareholder_change,20260903,volatile,10,C,Major shareholder changes can increase volatility depending on context.,5,2,8,-6,5,"9월 3일 주식시장 주요공시 | 아이큐어, 최대주주 신주 1886만주 3년 묶는다…증자물량 78% 장기 보호예... | [N2 모닝 경제 브리핑-9월 4일] 美 증시, 금리 인상 우려 완화에 3대 지...",2026-09-04,-0.0142,-0.0261,,success
175250,아이큐어,[기재정정]최대주주변경              ,major_shareholder_change,20260903,volatile,10,C,Major shareholder changes can increase volatility depending on context.,5,2,8,-6,5,"9월 3일 주식시장 주요공시 | 아이큐어, 최대주주 신주 1886만주 3년 묶는다…증자물량 78% 장기 보호예... | [N2 모닝 경제 브리핑-9월 4일] 美 증시, 금리 인상 우려 완화에 3대 지...",2026-09-04,-0.0142,-0.0261,,success
175250,아이큐어,[기재정정]최대주주변경              ,major_shareholder_change,20260903,volatile,10,C,Major shareholder changes can increase volatility depending on context.,5,2,8,-6,5,"9월 3일 주식시장 주요공시 | 아이큐어, 최대주주 신주 1886만주 3년 묶는다…증자물량 78% 장기 보호예... | [N2 모닝 경제 브리핑-9월 4일] 美 증시, 금리 인상 우려 완화에 3대 지...",2026-09-04,-0.0142,-0.0261,,success
175250,아이큐어,[기재정정]최대주주변경              ,major_shareholder_change,20260903,volatile,10,C,Major shareholder changes can increase volatility depending on context.,5,2,8,-6,5,"9월 3일 주식시장 주요공시 | 아이큐어, 최대주주 신주 1886만주 3년 묶는다…증자물량 78% 장기 보호예... | [N2 모닝 경제 브리핑-9월 4일] 美 증시, 금리 인상 우려 완화에 3대 지...",2026-09-04,-0.0142,-0.0261,,success
175250,아이큐어,[기재정정]최대주주변경              ,major_shareholder_change,20260903,volatile,10,C,Major shareholder changes can increase volatility depending on context.,5,2,8,-6,5,"9월 3일 주식시장 주요공시 | 아이큐어, 최대주주 신주 1886만주 3년 묶는다…증자물량 78% 장기 보호예... | [N2 모닝 경제 브리핑-9월 4일] 美 증시, 금리 인상 우려 완화에 3대 지...",2026-09-04,-0.0142,-0.0261,,success
175250,아이큐어,[기재정정]최대주주변경              ,major_shareholder_change,20260903,volatile,10,C,Major shareholder changes can increase volatility depending on context.,5,2,8,-6,5,"9월 3일 주식시장 주요공시 | 아이큐어, 최대주주 신주 1886만주 3년 묶는다…증자물량 78% 장기 보호예... | [N2 모닝 경제 브리핑-9월 4일] 美 증시, 금리 인상 우려 완화에 3대 지...",2026-09-04,-0.0142,-0.0261,,success
175250,아이큐어,[기재정정]최대주주변경              ,major_shareholder_change,20260903,volatile,10,C,Major shareholder changes can increase volatility depending on context.,5,2,8,-6,5,"9월 3일 주식시장 주요공시 | 아이큐어, 최대주주 신주 1886만주 3년 묶는다…증자물량 78% 장기 보호예... | [N2 모닝 경제 브리핑-9월 4일] 美 증시, 금리 인상 우려 완화에 3대 지...",2026-09-04,-0.0142,-0.0261,,success
175250,아이큐어,[기재정정]최대주주변경              ,major_shareholder_change,20260903,volatile,10,C,Major shareholder changes can increase volatility depending on context.,5,2,8,-6,5,"9월 3일 주식시장 주요공시 | 아이큐어, 최대주주 신주 1886만주 3년 묶는다…증자물량 78% 장기 보호예... | [N2 모닝 경제 브리핑-9월 4일] 美 증시, 금리 인상 우려 완화에 3대 지...",2026-09-04,-0.0142,-0.0261,,success
175250,아이큐어,[기재정정]최대주주변경              ,major_shareholder_change,20260903,volatile,10,C,Major shareholder changes can increase volatility depending on context.,5,2,8,-6,5,"9월 3일 주식시장 주요공시 | 아이큐어, 최대주주 신주 1886만주 3년 묶는다…증자물량 78% 장기 보호예... | [N2 모닝 경제 브리핑-9월 4일] 美 증시, 금리 인상 우려 완화에 3대 지...",2026-09-04,-0.0142,-0.0261,,success
175250,아이큐어,[기재정정]최대주주변경              ,major_shareholder_change,20260903,volatile,10,C,Major shareholder changes can increase volatility depending on context.,5,2,8,-6,5,"9월 3일 주식시장 주요공시 | 아이큐어, 최대주주 신주 1886만주 3년 묶는다…증자물량 78% 장기 보호예... | [N2 모닝 경제 브리핑-9월 4일] 美 증시, 금리 인상 우려 완화에 3대 지...",2026-09-04,-0.0142,-0.0261,,success
175250,아이큐어,[기재정정]최대주주변경              ,major_shareholder_change,20260903,volatile,10,C,Major shareholder changes can increase volatility depending on context.,5,2,8,-6,5,"9월 3일 주식시장 주요공시 | 아이큐어, 최대주주 신주 1886만주 3년 묶는다…증자물량 78% 장기 보호예... | [N2 모닝 경제 브리핑-9월 4일] 美 증시, 금리 인상 우려 완화에 3대 지...",2026-09-04,-0.0142,-0.0261,,success
175250,아이큐어,[기재정정]최대주주변경              ,major_shareholder_change,20260903,volatile,10,C,Major shareholder changes can increase volatility depending on context.,5,2,8,-6,5,"9월 3일 주식시장 주요공시 | 아이큐어, 최대주주 신주 1886만주 3년 묶는다…증자물량 78% 장기 보호예... | [N2 모닝 경제 브리핑-9월 4일] 美 증시, 금리 인상 우려 완화에 3대 지...",2026-09-04,-0.0142,-0.0261,,success
175250,아이큐어,[기재정정]최대주주변경              ,major_shareholder_change,20260903,volatile,10,C,Major shareholder changes can increase volatility depending on context.,5,2,8,-6,5,"9월 3일 주식시장 주요공시 | 아이큐어, 최대주주 신주 1886만주 3년 묶는다…증자물량 78% 장기 보호예... | [N2 모닝 경제 브리핑-9월 4일] 美 증시, 금리 인상 우려 완화에 3대 지...",2026-09-04,-0.0142,-0.0261,,success
175250,아이큐어,[기재정정]최대주주변경              ,major_shareholder_change,20260903,volatile,10,C,Major shareholder changes can increase volatility depending on context.,5,2,8,-6,5,"9월 3일 주식시장 주요공시 | 아이큐어, 최대주주 신주 1886만주 3년 묶는다…증자물량 78% 장기 보호예... | [N2 모닝 경제 브리핑-9월 4일] 美 증시, 금리 인상 우려 완화에 3대 지...",2026-09-04,-0.0142,-0.0261,,success
175250,아이큐어,[기재정정]최대주주변경              ,major_shareholder_change,20260903,volatile,10,C,Major shareholder changes can increase volatility depending on context.,5,2,8,-6,5,"9월 3일 주식시장 주요공시 | 아이큐어, 최대주주 신주 1886만주 3년 묶는다…증자물량 78% 장기 보호예... | [N2 모닝 경제 브리핑-9월 4일] 美 증시, 금리 인상 우려 완화에 3대 지...",2026-09-04,-0.0142,-0.0261,,success
175250,아이큐어,[기재정정]최대주주변경              ,major_shareholder_change,20260903,volatile,10,C,Major shareholder changes can increase volatility depending on context.,5,2,8,-6,5,"9월 3일 주식시장 주요공시 | 아이큐어, 최대주주 신주 1886만주 3년 묶는다…증자물량 78% 장기 보호예... | [N2 모닝 경제 브리핑-9월 4일] 美 증시, 금리 인상 우려 완화에 3대 지...",2026-09-04,-0.0142,-0.0261,,success
175250,아이큐어,[기재정정]최대주주변경              ,major_shareholder_change,20260903,volatile,10,C,Major shareholder changes can increase volatility depending on context.,5,2,8,-6,5,"9월 3일 주식시장 주요공시 | 아이큐어, 최대주주 신주 1886만주 3년 묶는다…증자물량 78% 장기 보호예... | [N2 모닝 경제 브리핑-9월 4일] 美 증시, 금리 인상 우려 완화에 3대 지...",2026-09-04,-0.0142,-0.0261,,success
175250,아이큐어,[기재정정]최대주주변경              ,major_shareholder_change,20260903,volatile,10,C,Major shareholder changes can increase volatility depending on context.,5,2,8,-6,5,"9월 3일 주식시장 주요공시 | 아이큐어, 최대주주 신주 1886만주 3년 묶는다…증자물량 78% 장기 보호예... | [N2 모닝 경제 브리핑-9월 4일] 美 증시, 금리 인상 우려 완화에 3대 지...",2026-09-04,-0.0142,-0.0261,,success
175250,아이큐어,[기재정정]최대주주변경              ,major_shareholder_change,20260903,volatile,10,C,Major shareholder changes can increase volatility depending on context.,5,2,8,-6,5,"9월 3일 주식시장 주요공시 | 아이큐어, 최대주주 신주 1886만주 3년 묶는다…증자물량 78% 장기 보호예... | [N2 모닝 경제 브리핑-9월 4일] 美 증시, 금리 인상 우려 완화에 3대 지...",2026-09-04,-0.0142,-0.0261,,success
175250,아이큐어,[기재정정]최대주주변경              ,major_shareholder_change,20260903,volatile,10,C,Major shareholder changes can increase volatility depending on context.,5,2,8,-6,5,"9월 3일 주식시장 주요공시 | 아이큐어, 최대주주 신주 1886만주 3년 묶는다…증자물량 78% 장기 보호예... | [N2 모닝 경제 브리핑-9월 4일] 美 증시, 금리 인상 우려 완화에 3대 지...",2026-09-04,-0.0142,-0.0261,,success
175250,아이큐어,[기재정정]최대주주변경              ,major_shareholder_change,20260903,volatile,10,C,Major shareholder changes can increase volatility depending on context.,5,2,8,-6,5,"9월 3일 주식시장 주요공시 | 아이큐어, 최대주주 신주 1886만주 3년 묶는다…증자물량 78% 장기 보호예... | [N2 모닝 경제 브리핑-9월 4일] 美 증시, 금리 인상 우려 완화에 3대 지...",2026-09-04,-0.0142,-0.0261,,success
175250,아이큐어,[기재정정]최대주주변경              ,major_shareholder_change,20260903,volatile,10,C,Major shareholder changes can increase volatility depending on context.,5,2,8,-6,5,"9월 3일 주식시장 주요공시 | 아이큐어, 최대주주 신주 1886만주 3년 묶는다…증자물량 78% 장기 보호예... | [N2 모닝 경제 브리핑-9월 4일] 美 증시, 금리 인상 우려 완화에 3대 지...",2026-09-04,-0.0142,-0.0261,,success
175250,아이큐어,[기재정정]최대주주변경              ,major_shareholder_change,20260903,volatile,10,C,Major shareholder changes can increase volatility depending on context.,5,2,8,-6,5,"9월 3일 주식시장 주요공시 | 아이큐어, 최대주주 신주 1886만주 3년 묶는다…증자물량 78% 장기 보호예... | [N2 모닝 경제 브리핑-9월 4일] 美 증시, 금리 인상 우려 완화에 3대 지...",2026-09-04,-0.0142,-0.0261,,success
175250,아이큐어,[기재정정]최대주주변경              ,major_shareholder_change,20260903,volatile,10,C,Major shareholder changes can increase volatility depending on context.,5,2,8,-6,5,"9월 3일 주식시장 주요공시 | 아이큐어, 최대주주 신주 1886만주 3년 묶는다…증자물량 78% 장기 보호예... | [N2 모닝 경제 브리핑-9월 4일] 美 증시, 금리 인상 우려 완화에 3대 지...",2026-09-04,-0.0142,-0.0261,,success
175250,아이큐어,[기재정정]최대주주변경              ,major_shareholder_change,20260903,volatile,10,C,Major shareholder changes can increase volatility depending on context.,5,2,8,-6,5,"9월 3일 주식시장 주요공시 | 아이큐어, 최대주주 신주 1886만주 3년 묶는다…증자물량 78% 장기 보호예... | [N2 모닝 경제 브리핑-9월 4일] 美 증시, 금리 인상 우려 완화에 3대 지...",2026-09-04,-0.0142,-0.0261,,success
175250,아이큐어,[기재정정]최대주주변경              ,major_shareholder_change,20260903,volatile,10,C,Major shareholder changes can increase volatility depending on context.,5,2,8,-6,5,"9월 3일 주식시장 주요공시 | 아이큐어, 최대주주 신주 1886만주 3년 묶는다…증자물량 78% 장기 보호예... | [N2 모닝 경제 브리핑-9월 4일] 美 증시, 금리 인상 우려 완화에 3대 지...",2026-09-04,-0.0142,-0.0261,,success
175250,아이큐어,[기재정정]최대주주변경              ,major_shareholder_change,20260903,volatile,10,C,Major shareholder changes can increase volatility depending on context.,5,2,8,-6,5,"9월 3일 주식시장 주요공시 | 아이큐어, 최대주주 신주 1886만주 3년 묶는다…증자물량 78% 장기 보호예... | [N2 모닝 경제 브리핑-9월 4일] 美 증시, 금리 인상 우려 완화에 3대 지...",2026-09-04,-0.0142,-0.0261,,success
175250,아이큐어,[기재정정]최대주주변경              ,major_shareholder_change,20260903,volatile,10,C,Major shareholder changes can increase volatility depending on context.,5,2,8,-6,5,"9월 3일 주식시장 주요공시 | 아이큐어, 최대주주 신주 1886만주 3년 묶는다…증자물량 78% 장기 보호예... | [N2 모닝 경제 브리핑-9월 4일] 美 증시, 금리 인상 우려 완화에 3대 지...",2026-09-04,-0.0142,-0.0261,,success
175250,아이큐어,[기재정정]최대주주변경              ,major_shareholder_change,20260903,volatile,10,C,Major shareholder changes can increase volatility depending on context.,5,2,8,-6,5,"9월 3일 주식시장 주요공시 | 아이큐어, 최대주주 신주 1886만주 3년 묶는다…증자물량 78% 장기 보호예... | [N2 모닝 경제 브리핑-9월 4일] 美 증시, 금리 인상 우려 완화에 3대 지...",2026-09-04,-0.0142,-0.0261,,success
175250,아이큐어,[기재정정]최대주주변경              ,major_shareholder_change,20260903,volatile,10,C,Major shareholder changes can increase volatility depending on context.,5,2,8,-6,5,"9월 3일 주식시장 주요공시 | 아이큐어, 최대주주 신주 1886만주 3년 묶는다…증자물량 78% 장기 보호예... | [N2 모닝 경제 브리핑-9월 4일] 美 증시, 금리 인상 우려 완화에 3대 지...",2026-09-04,-0.0142,-0.0261,,success
175250,아이큐어,[기재정정]최대주주변경              ,major_shareholder_change,20260903,volatile,10,C,Major shareholder changes can increase volatility depending on context.,5,2,8,-6,5,"9월 3일 주식시장 주요공시 | 아이큐어, 최대주주 신주 1886만주 3년 묶는다…증자물량 78% 장기 보호예... | [N2 모닝 경제 브리핑-9월 4일] 美 증시, 금리 인상 우려 완화에 3대 지...",2026-09-04,-0.0142,-0.0261,,success
175250,아이큐어,[기재정정]주요사항보고서(유상증자결정),paid_in_capital_increase,20260903,negative,-70,C,Paid-in capital increases can create dilution concerns.,5,2,8,-6,5,"9월 3일 주식시장 주요공시 | 아이큐어, 최대주주 신주 1886만주 3년 묶는다…증자물량 78% 장기 보호예... | [N2 모닝 경제 브리핑-9월 4일] 美 증시, 금리 인상 우려 완화에 3대 지...",2026-09-04,-0.0142,-0.0261,,success
175250,아이큐어,[기재정정]주요사항보고서(유상증자결정),paid_in_capital_increase,20260903,negative,-70,C,Paid-in capital increases can create dilution concerns.,5,2,8,-6,5,"9월 3일 주식시장 주요공시 | 아이큐어, 최대주주 신주 1886만주 3년 묶는다…증자물량 78% 장기 보호예... | [N2 모닝 경제 브리핑-9월 4일] 美 증시, 금리 인상 우려 완화에 3대 지...",2026-09-04,-0.0142,-0.0261,,success
175250,아이큐어,[기재정정]주요사항보고서(유상증자결정),paid_in_capital_increase,20260903,negative,-70,C,Paid-in capital increases can create dilution concerns.,5,2,8,-6,5,"9월 3일 주식시장 주요공시 | 아이큐어, 최대주주 신주 1886만주 3년 묶는다…증자물량 78% 장기 보호예... | [N2 모닝 경제 브리핑-9월 4일] 美 증시, 금리 인상 우려 완화에 3대 지...",2026-09-04,-0.0142,-0.0261,,success
175250,아이큐어,[기재정정]주요사항보고서(유상증자결정),paid_in_capital_increase,20260903,negative,-70,C,Paid-in capital increases can create dilution concerns.,5,2,8,-6,5,"9월 3일 주식시장 주요공시 | 아이큐어, 최대주주 신주 1886만주 3년 묶는다…증자물량 78% 장기 보호예... | [N2 모닝 경제 브리핑-9월 4일] 美 증시, 금리 인상 우려 완화에 3대 지...",2026-09-04,-0.0142,-0.0261,,success
175250,아이큐어,[기재정정]주요사항보고서(유상증자결정),paid_in_capital_increase,20260903,negative,-70,C,Paid-in capital increases can create dilution concerns.,5,2,8,-6,5,"9월 3일 주식시장 주요공시 | 아이큐어, 최대주주 신주 1886만주 3년 묶는다…증자물량 78% 장기 보호예... | [N2 모닝 경제 브리핑-9월 4일] 美 증시, 금리 인상 우려 완화에 3대 지...",2026-09-04,-0.0142,-0.0261,,success
175250,아이큐어,[기재정정]주요사항보고서(유상증자결정),paid_in_capital_increase,20260903,negative,-70,C,Paid-in capital increases can create dilution concerns.,5,2,8,-6,5,"9월 3일 주식시장 주요공시 | 아이큐어, 최대주주 신주 1886만주 3년 묶는다…증자물량 78% 장기 보호예... | [N2 모닝 경제 브리핑-9월 4일] 美 증시, 금리 인상 우려 완화에 3대 지...",2026-09-04,-0.0142,-0.0261,,success
175250,아이큐어,[기재정정]주요사항보고서(유상증자결정),paid_in_capital_increase,20260903,negative,-70,C,Paid-in capital increases can create dilution concerns.,5,2,8,-6,5,"9월 3일 주식시장 주요공시 | 아이큐어, 최대주주 신주 1886만주 3년 묶는다…증자물량 78% 장기 보호예... | [N2 모닝 경제 브리핑-9월 4일] 美 증시, 금리 인상 우려 완화에 3대 지...",2026-09-04,-0.0142,-0.0261,,success
175250,아이큐어,[기재정정]주요사항보고서(유상증자결정),paid_in_capital_increase,20260903,negative,-70,C,Paid-in capital increases can create dilution concerns.,5,2,8,-6,5,"9월 3일 주식시장 주요공시 | 아이큐어, 최대주주 신주 1886만주 3년 묶는다…증자물량 78% 장기 보호예... | [N2 모닝 경제 브리핑-9월 4일] 美 증시, 금리 인상 우려 완화에 3대 지...",2026-09-04,-0.0142,-0.0261,,success
175250,아이큐어,[기재정정]주요사항보고서(유상증자결정),paid_in_capital_increase,20260903,negative,-70,C,Paid-in capital increases can create dilution concerns.,5,2,8,-6,5,"9월 3일 주식시장 주요공시 | 아이큐어, 최대주주 신주 1886만주 3년 묶는다…증자물량 78% 장기 보호예... | [N2 모닝 경제 브리핑-9월 4일] 美 증시, 금리 인상 우려 완화에 3대 지...",2026-09-04,-0.0142,-0.0261,,success
175250,아이큐어,[기재정정]주요사항보고서(유상증자결정),paid_in_capital_increase,20260903,negative,-70,C,Paid-in capital increases can create dilution concerns.,5,2,8,-6,5,"9월 3일 주식시장 주요공시 | 아이큐어, 최대주주 신주 1886만주 3년 묶는다…증자물량 78% 장기 보호예... | [N2 모닝 경제 브리핑-9월 4일] 美 증시, 금리 인상 우려 완화에 3대 지...",2026-09-04,-0.0142,-0.0261,,success
175250,아이큐어,[기재정정]주요사항보고서(유상증자결정),paid_in_capital_increase,20260903,negative,-70,C,Paid-in capital increases can create dilution concerns.,5,2,8,-6,5,"9월 3일 주식시장 주요공시 | 아이큐어, 최대주주 신주 1886만주 3년 묶는다…증자물량 78% 장기 보호예... | [N2 모닝 경제 브리핑-9월 4일] 美 증시, 금리 인상 우려 완화에 3대 지...",2026-09-04,-0.0142,-0.0261,,success
175250,아이큐어,[기재정정]주요사항보고서(유상증자결정),paid_in_capital_increase,20260903,negative,-70,C,Paid-in capital increases can create dilution concerns.,5,2,8,-6,5,"9월 3일 주식시장 주요공시 | 아이큐어, 최대주주 신주 1886만주 3년 묶는다…증자물량 78% 장기 보호예... | [N2 모닝 경제 브리핑-9월 4일] 美 증시, 금리 인상 우려 완화에 3대 지...",2026-09-04,-0.0142,-0.0261,,success
175250,아이큐어,[기재정정]주요사항보고서(유상증자결정),paid_in_capital_increase,20260903,negative,-70,C,Paid-in capital increases can create dilution concerns.,5,2,8,-6,5,"9월 3일 주식시장 주요공시 | 아이큐어, 최대주주 신주 1886만주 3년 묶는다…증자물량 78% 장기 보호예... | [N2 모닝 경제 브리핑-9월 4일] 美 증시, 금리 인상 우려 완화에 3대 지...",2026-09-04,-0.0142,-0.0261,,success
175250,아이큐어,[기재정정]주요사항보고서(유상증자결정),paid_in_capital_increase,20260903,negative,-70,C,Paid-in capital increases can create dilution concerns.,5,2,8,-6,5,"9월 3일 주식시장 주요공시 | 아이큐어, 최대주주 신주 1886만주 3년 묶는다…증자물량 78% 장기 보호예... | [N2 모닝 경제 브리핑-9월 4일] 美 증시, 금리 인상 우려 완화에 3대 지...",2026-09-04,-0.0142,-0.0261,,success
175250,아이큐어,[기재정정]주요사항보고서(유상증자결정),paid_in_capital_increase,20260903,negative,-70,C,Paid-in capital increases can create dilution concerns.,5,2,8,-6,5,"9월 3일 주식시장 주요공시 | 아이큐어, 최대주주 신주 1886만주 3년 묶는다…증자물량 78% 장기 보호예... | [N2 모닝 경제 브리핑-9월 4일] 美 증시, 금리 인상 우려 완화에 3대 지...",2026-09-04,-0.0142,-0.0261,,success
175250,아이큐어,[기재정정]주요사항보고서(유상증자결정),paid_in_capital_increase,20260903,negative,-70,C,Paid-in capital increases can create dilution concerns.,5,2,8,-6,5,"9월 3일 주식시장 주요공시 | 아이큐어, 최대주주 신주 1886만주 3년 묶는다…증자물량 78% 장기 보호예... | [N2 모닝 경제 브리핑-9월 4일] 美 증시, 금리 인상 우려 완화에 3대 지...",2026-09-04,-0.0142,-0.0261,,success
175250,아이큐어,[기재정정]주요사항보고서(유상증자결정),paid_in_capital_increase,20260903,negative,-70,C,Paid-in capital increases can create dilution concerns.,5,2,8,-6,5,"9월 3일 주식시장 주요공시 | 아이큐어, 최대주주 신주 1886만주 3년 묶는다…증자물량 78% 장기 보호예... | [N2 모닝 경제 브리핑-9월 4일] 美 증시, 금리 인상 우려 완화에 3대 지...",2026-09-04,-0.0142,-0.0261,,success
175250,아이큐어,[기재정정]주요사항보고서(유상증자결정),paid_in_capital_increase,20260903,negative,-70,C,Paid-in capital increases can create dilution concerns.,5,2,8,-6,5,"9월 3일 주식시장 주요공시 | 아이큐어, 최대주주 신주 1886만주 3년 묶는다…증자물량 78% 장기 보호예... | [N2 모닝 경제 브리핑-9월 4일] 美 증시, 금리 인상 우려 완화에 3대 지...",2026-09-04,-0.0142,-0.0261,,success
175250,아이큐어,[기재정정]주요사항보고서(유상증자결정),paid_in_capital_increase,20260903,negative,-70,C,Paid-in capital increases can create dilution concerns.,5,2,8,-6,5,"9월 3일 주식시장 주요공시 | 아이큐어, 최대주주 신주 1886만주 3년 묶는다…증자물량 78% 장기 보호예... | [N2 모닝 경제 브리핑-9월 4일] 美 증시, 금리 인상 우려 완화에 3대 지...",2026-09-04,-0.0142,-0.0261,,success
175250,아이큐어,[기재정정]주요사항보고서(유상증자결정),paid_in_capital_increase,20260903,negative,-70,C,Paid-in capital increases can create dilution concerns.,5,2,8,-6,5,"9월 3일 주식시장 주요공시 | 아이큐어, 최대주주 신주 1886만주 3년 묶는다…증자물량 78% 장기 보호예... | [N2 모닝 경제 브리핑-9월 4일] 美 증시, 금리 인상 우려 완화에 3대 지...",2026-09-04,-0.0142,-0.0261,,success
175250,아이큐어,[기재정정]주요사항보고서(유상증자결정),paid_in_capital_increase,20260903,negative,-70,C,Paid-in capital increases can create dilution concerns.,5,2,8,-6,5,"9월 3일 주식시장 주요공시 | 아이큐어, 최대주주 신주 1886만주 3년 묶는다…증자물량 78% 장기 보호예... | [N2 모닝 경제 브리핑-9월 4일] 美 증시, 금리 인상 우려 완화에 3대 지...",2026-09-04,-0.0142,-0.0261,,success
175250,아이큐어,[기재정정]주요사항보고서(유상증자결정),paid_in_capital_increase,20260903,negative,-70,C,Paid-in capital increases can create dilution concerns.,5,2,8,-6,5,"9월 3일 주식시장 주요공시 | 아이큐어, 최대주주 신주 1886만주 3년 묶는다…증자물량 78% 장기 보호예... | [N2 모닝 경제 브리핑-9월 4일] 美 증시, 금리 인상 우려 완화에 3대 지...",2026-09-04,-0.0142,-0.0261,,success
175250,아이큐어,[기재정정]주요사항보고서(유상증자결정),paid_in_capital_increase,20260903,negative,-70,C,Paid-in capital increases can create dilution concerns.,5,2,8,-6,5,"9월 3일 주식시장 주요공시 | 아이큐어, 최대주주 신주 1886만주 3년 묶는다…증자물량 78% 장기 보호예... | [N2 모닝 경제 브리핑-9월 4일] 美 증시, 금리 인상 우려 완화에 3대 지...",2026-09-04,-0.0142,-0.0261,,success
175250,아이큐어,[기재정정]주요사항보고서(유상증자결정),paid_in_capital_increase,20260903,negative,-70,C,Paid-in capital increases can create dilution concerns.,5,2,8,-6,5,"9월 3일 주식시장 주요공시 | 아이큐어, 최대주주 신주 1886만주 3년 묶는다…증자물량 78% 장기 보호예... | [N2 모닝 경제 브리핑-9월 4일] 美 증시, 금리 인상 우려 완화에 3대 지...",2026-09-04,-0.0142,-0.0261,,success
175250,아이큐어,[기재정정]주요사항보고서(유상증자결정),paid_in_capital_increase,20260903,negative,-70,C,Paid-in capital increases can create dilution concerns.,5,2,8,-6,5,"9월 3일 주식시장 주요공시 | 아이큐어, 최대주주 신주 1886만주 3년 묶는다…증자물량 78% 장기 보호예... | [N2 모닝 경제 브리핑-9월 4일] 美 증시, 금리 인상 우려 완화에 3대 지...",2026-09-04,-0.0142,-0.0261,,success
175250,아이큐어,[기재정정]주요사항보고서(유상증자결정),paid_in_capital_increase,20260903,negative,-70,C,Paid-in capital increases can create dilution concerns.,5,2,8,-6,5,"9월 3일 주식시장 주요공시 | 아이큐어, 최대주주 신주 1886만주 3년 묶는다…증자물량 78% 장기 보호예... | [N2 모닝 경제 브리핑-9월 4일] 美 증시, 금리 인상 우려 완화에 3대 지...",2026-09-04,-0.0142,-0.0261,,success
175250,아이큐어,[기재정정]주요사항보고서(유상증자결정),paid_in_capital_increase,20260903,negative,-70,C,Paid-in capital increases can create dilution concerns.,5,2,8,-6,5,"9월 3일 주식시장 주요공시 | 아이큐어, 최대주주 신주 1886만주 3년 묶는다…증자물량 78% 장기 보호예... | [N2 모닝 경제 브리핑-9월 4일] 美 증시, 금리 인상 우려 완화에 3대 지...",2026-09-04,-0.0142,-0.0261,,success
175250,아이큐어,[기재정정]주요사항보고서(유상증자결정),paid_in_capital_increase,20260903,negative,-70,C,Paid-in capital increases can create dilution concerns.,5,2,8,-6,5,"9월 3일 주식시장 주요공시 | 아이큐어, 최대주주 신주 1886만주 3년 묶는다…증자물량 78% 장기 보호예... | [N2 모닝 경제 브리핑-9월 4일] 美 증시, 금리 인상 우려 완화에 3대 지...",2026-09-04,-0.0142,-0.0261,,success
175250,아이큐어,[기재정정]주요사항보고서(유상증자결정),paid_in_capital_increase,20260903,negative,-70,C,Paid-in capital increases can create dilution concerns.,5,2,8,-6,5,"9월 3일 주식시장 주요공시 | 아이큐어, 최대주주 신주 1886만주 3년 묶는다…증자물량 78% 장기 보호예... | [N2 모닝 경제 브리핑-9월 4일] 美 증시, 금리 인상 우려 완화에 3대 지...",2026-09-04,-0.0142,-0.0261,,success
175250,아이큐어,[기재정정]주요사항보고서(유상증자결정),paid_in_capital_increase,20260903,negative,-70,C,Paid-in capital increases can create dilution concerns.,5,2,8,-6,5,"9월 3일 주식시장 주요공시 | 아이큐어, 최대주주 신주 1886만주 3년 묶는다…증자물량 78% 장기 보호예... | [N2 모닝 경제 브리핑-9월 4일] 美 증시, 금리 인상 우려 완화에 3대 지...",2026-09-04,-0.0142,-0.0261,,success
175250,아이큐어,[기재정정]주요사항보고서(유상증자결정),paid_in_capital_increase,20260903,negative,-70,C,Paid-in capital increases can create dilution concerns.,5,2,8,-6,5,"9월 3일 주식시장 주요공시 | 아이큐어, 최대주주 신주 1886만주 3년 묶는다…증자물량 78% 장기 보호예... | [N2 모닝 경제 브리핑-9월 4일] 美 증시, 금리 인상 우려 완화에 3대 지...",2026-09-04,-0.0142,-0.0261,,success
175250,아이큐어,[기재정정]주요사항보고서(유상증자결정),paid_in_capital_increase,20260903,negative,-70,C,Paid-in capital increases can create dilution concerns.,5,2,8,-6,5,"9월 3일 주식시장 주요공시 | 아이큐어, 최대주주 신주 1886만주 3년 묶는다…증자물량 78% 장기 보호예... | [N2 모닝 경제 브리핑-9월 4일] 美 증시, 금리 인상 우려 완화에 3대 지...",2026-09-04,-0.0142,-0.0261,,success
175250,아이큐어,[기재정정]주요사항보고서(유상증자결정),paid_in_capital_increase,20260903,negative,-70,C,Paid-in capital increases can create dilution concerns.,5,2,8,-6,5,"9월 3일 주식시장 주요공시 | 아이큐어, 최대주주 신주 1886만주 3년 묶는다…증자물량 78% 장기 보호예... | [N2 모닝 경제 브리핑-9월 4일] 美 증시, 금리 인상 우려 완화에 3대 지...",2026-09-04,-0.0142,-0.0261,,success
175250,아이큐어,[기재정정]주요사항보고서(유상증자결정),paid_in_capital_increase,20260903,negative,-70,C,Paid-in capital increases can create dilution concerns.,5,2,8,-6,5,"9월 3일 주식시장 주요공시 | 아이큐어, 최대주주 신주 1886만주 3년 묶는다…증자물량 78% 장기 보호예... | [N2 모닝 경제 브리핑-9월 4일] 美 증시, 금리 인상 우려 완화에 3대 지...",2026-09-04,-0.0142,-0.0261,,success
175250,아이큐어,[기재정정]주요사항보고서(유상증자결정),paid_in_capital_increase,20260903,negative,-70,C,Paid-in capital increases can create dilution concerns.,5,2,8,-6,5,"9월 3일 주식시장 주요공시 | 아이큐어, 최대주주 신주 1886만주 3년 묶는다…증자물량 78% 장기 보호예... | [N2 모닝 경제 브리핑-9월 4일] 美 증시, 금리 인상 우려 완화에 3대 지...",2026-09-04,-0.0142,-0.0261,,success
175250,아이큐어,[기재정정]주요사항보고서(유상증자결정),paid_in_capital_increase,20260903,negative,-70,C,Paid-in capital increases can create dilution concerns.,5,2,8,-6,5,"9월 3일 주식시장 주요공시 | 아이큐어, 최대주주 신주 1886만주 3년 묶는다…증자물량 78% 장기 보호예... | [N2 모닝 경제 브리핑-9월 4일] 美 증시, 금리 인상 우려 완화에 3대 지...",2026-09-04,-0.0142,-0.0261,,success
175250,아이큐어,[기재정정]주요사항보고서(유상증자결정),paid_in_capital_increase,20260903,negative,-70,C,Paid-in capital increases can create dilution concerns.,5,2,8,-6,5,"9월 3일 주식시장 주요공시 | 아이큐어, 최대주주 신주 1886만주 3년 묶는다…증자물량 78% 장기 보호예... | [N2 모닝 경제 브리핑-9월 4일] 美 증시, 금리 인상 우려 완화에 3대 지...",2026-09-04,-0.0142,-0.0261,,success
175250,아이큐어,[기재정정]주요사항보고서(유상증자결정),paid_in_capital_increase,20260903,negative,-70,C,Paid-in capital increases can create dilution concerns.,5,2,8,-6,5,"9월 3일 주식시장 주요공시 | 아이큐어, 최대주주 신주 1886만주 3년 묶는다…증자물량 78% 장기 보호예... | [N2 모닝 경제 브리핑-9월 4일] 美 증시, 금리 인상 우려 완화에 3대 지...",2026-09-04,-0.0142,-0.0261,,success
175250,아이큐어,[기재정정]주요사항보고서(유상증자결정),paid_in_capital_increase,20260903,negative,-70,C,Paid-in capital increases can create dilution concerns.,5,2,8,-6,5,"9월 3일 주식시장 주요공시 | 아이큐어, 최대주주 신주 1886만주 3년 묶는다…증자물량 78% 장기 보호예... | [N2 모닝 경제 브리핑-9월 4일] 美 증시, 금리 인상 우려 완화에 3대 지...",2026-09-04,-0.0142,-0.0261,,success
175250,아이큐어,[기재정정]주요사항보고서(유상증자결정),paid_in_capital_increase,20260903,negative,-70,C,Paid-in capital increases can create dilution concerns.,5,2,8,-6,5,"9월 3일 주식시장 주요공시 | 아이큐어, 최대주주 신주 1886만주 3년 묶는다…증자물량 78% 장기 보호예... | [N2 모닝 경제 브리핑-9월 4일] 美 증시, 금리 인상 우려 완화에 3대 지...",2026-09-04,-0.0142,-0.0261,,success
175250,아이큐어,[기재정정]주요사항보고서(유상증자결정),paid_in_capital_increase,20260903,negative,-70,C,Paid-in capital increases can create dilution concerns.,5,2,8,-6,5,"9월 3일 주식시장 주요공시 | 아이큐어, 최대주주 신주 1886만주 3년 묶는다…증자물량 78% 장기 보호예... | [N2 모닝 경제 브리핑-9월 4일] 美 증시, 금리 인상 우려 완화에 3대 지...",2026-09-04,-0.0142,-0.0261,,success
175250,아이큐어,[기재정정]주요사항보고서(유상증자결정),paid_in_capital_increase,20260903,negative,-70,C,Paid-in capital increases can create dilution concerns.,5,2,8,-6,5,"9월 3일 주식시장 주요공시 | 아이큐어, 최대주주 신주 1886만주 3년 묶는다…증자물량 78% 장기 보호예... | [N2 모닝 경제 브리핑-9월 4일] 美 증시, 금리 인상 우려 완화에 3대 지...",2026-09-04,-0.0142,-0.0261,,success
175250,아이큐어,[기재정정]주요사항보고서(유상증자결정),paid_in_capital_increase,20260903,negative,-70,C,Paid-in capital increases can create dilution concerns.,5,2,8,-6,5,"9월 3일 주식시장 주요공시 | 아이큐어, 최대주주 신주 1886만주 3년 묶는다…증자물량 78% 장기 보호예... | [N2 모닝 경제 브리핑-9월 4일] 美 증시, 금리 인상 우려 완화에 3대 지...",2026-09-04,-0.0142,-0.0261,,success
175250,아이큐어,[기재정정]주요사항보고서(유상증자결정),paid_in_capital_increase,20260903,negative,-70,C,Paid-in capital increases can create dilution concerns.,5,2,8,-6,5,"9월 3일 주식시장 주요공시 | 아이큐어, 최대주주 신주 1886만주 3년 묶는다…증자물량 78% 장기 보호예... | [N2 모닝 경제 브리핑-9월 4일] 美 증시, 금리 인상 우려 완화에 3대 지...",2026-09-04,-0.0142,-0.0261,,success
175250,아이큐어,[기재정정]주요사항보고서(유상증자결정),paid_in_capital_increase,20260903,negative,-70,C,Paid-in capital increases can create dilution concerns.,5,2,8,-6,5,"9월 3일 주식시장 주요공시 | 아이큐어, 최대주주 신주 1886만주 3년 묶는다…증자물량 78% 장기 보호예... | [N2 모닝 경제 브리핑-9월 4일] 美 증시, 금리 인상 우려 완화에 3대 지...",2026-09-04,-0.0142,-0.0261,,success
175250,아이큐어,[기재정정]주요사항보고서(유상증자결정),paid_in_capital_increase,20260903,negative,-70,C,Paid-in capital increases can create dilution concerns.,5,2,8,-6,5,"9월 3일 주식시장 주요공시 | 아이큐어, 최대주주 신주 1886만주 3년 묶는다…증자물량 78% 장기 보호예... | [N2 모닝 경제 브리핑-9월 4일] 美 증시, 금리 인상 우려 완화에 3대 지...",2026-09-04,-0.0142,-0.0261,,success
175250,아이큐어,[기재정정]주요사항보고서(유상증자결정),paid_in_capital_increase,20260903,negative,-70,C,Paid-in capital increases can create dilution concerns.,5,2,8,-6,5,"9월 3일 주식시장 주요공시 | 아이큐어, 최대주주 신주 1886만주 3년 묶는다…증자물량 78% 장기 보호예... | [N2 모닝 경제 브리핑-9월 4일] 美 증시, 금리 인상 우려 완화에 3대 지...",2026-09-04,-0.0142,-0.0261,,success
175250,아이큐어,[기재정정]주요사항보고서(유상증자결정),paid_in_capital_increase,20260903,negative,-70,C,Paid-in capital increases can create dilution concerns.,5,2,8,-6,5,"9월 3일 주식시장 주요공시 | 아이큐어, 최대주주 신주 1886만주 3년 묶는다…증자물량 78% 장기 보호예... | [N2 모닝 경제 브리핑-9월 4일] 美 증시, 금리 인상 우려 완화에 3대 지...",2026-09-04,-0.0142,-0.0261,,success
175250,아이큐어,[기재정정]주요사항보고서(유상증자결정),paid_in_capital_increase,20260903,negative,-70,C,Paid-in capital increases can create dilution concerns.,5,2,8,-6,5,"9월 3일 주식시장 주요공시 | 아이큐어, 최대주주 신주 1886만주 3년 묶는다…증자물량 78% 장기 보호예... | [N2 모닝 경제 브리핑-9월 4일] 美 증시, 금리 인상 우려 완화에 3대 지...",2026-09-04,-0.0142,-0.0261,,success
175250,아이큐어,[기재정정]주요사항보고서(유상증자결정),paid_in_capital_increase,20260903,negative,-70,C,Paid-in capital increases can create dilution concerns.,5,2,8,-6,5,"9월 3일 주식시장 주요공시 | 아이큐어, 최대주주 신주 1886만주 3년 묶는다…증자물량 78% 장기 보호예... | [N2 모닝 경제 브리핑-9월 4일] 美 증시, 금리 인상 우려 완화에 3대 지...",2026-09-04,-0.0142,-0.0261,,success
175250,아이큐어,[기재정정]주요사항보고서(유상증자결정),paid_in_capital_increase,20260903,negative,-70,C,Paid-in capital increases can create dilution concerns.,5,2,8,-6,5,"9월 3일 주식시장 주요공시 | 아이큐어, 최대주주 신주 1886만주 3년 묶는다…증자물량 78% 장기 보호예... | [N2 모닝 경제 브리핑-9월 4일] 美 증시, 금리 인상 우려 완화에 3대 지...",2026-09-04,-0.0142,-0.0261,,success
175250,아이큐어,[기재정정]주요사항보고서(유상증자결정),paid_in_capital_increase,20260903,negative,-70,C,Paid-in capital increases can create dilution concerns.,5,2,8,-6,5,"9월 3일 주식시장 주요공시 | 아이큐어, 최대주주 신주 1886만주 3년 묶는다…증자물량 78% 장기 보호예... | [N2 모닝 경제 브리핑-9월 4일] 美 증시, 금리 인상 우려 완화에 3대 지...",2026-09-04,-0.0142,-0.0261,,success
175250,아이큐어,[기재정정]주요사항보고서(유상증자결정),paid_in_capital_increase,20260903,negative,-70,C,Paid-in capital increases can create dilution concerns.,5,2,8,-6,5,"9월 3일 주식시장 주요공시 | 아이큐어, 최대주주 신주 1886만주 3년 묶는다…증자물량 78% 장기 보호예... | [N2 모닝 경제 브리핑-9월 4일] 美 증시, 금리 인상 우려 완화에 3대 지...",2026-09-04,-0.0142,-0.0261,,success
175250,아이큐어,[기재정정]주요사항보고서(유상증자결정),paid_in_capital_increase,20260903,negative,-70,C,Paid-in capital increases can create dilution concerns.,5,2,8,-6,5,"9월 3일 주식시장 주요공시 | 아이큐어, 최대주주 신주 1886만주 3년 묶는다…증자물량 78% 장기 보호예... | [N2 모닝 경제 브리핑-9월 4일] 美 증시, 금리 인상 우려 완화에 3대 지...",2026-09-04,-0.0142,-0.0261,,success
175250,아이큐어,[기재정정]주요사항보고서(유상증자결정),paid_in_capital_increase,20260903,negative,-70,C,Paid-in capital increases can create dilution concerns.,5,2,8,-6,5,"9월 3일 주식시장 주요공시 | 아이큐어, 최대주주 신주 1886만주 3년 묶는다…증자물량 78% 장기 보호예... | [N2 모닝 경제 브리핑-9월 4일] 美 증시, 금리 인상 우려 완화에 3대 지...",2026-09-04,-0.0142,-0.0261,,success
175250,아이큐어,[기재정정]주요사항보고서(유상증자결정),paid_in_capital_increase,20260903,negative,-70,C,Paid-in capital increases can create dilution concerns.,5,2,8,-6,5,"9월 3일 주식시장 주요공시 | 아이큐어, 최대주주 신주 1886만주 3년 묶는다…증자물량 78% 장기 보호예... | [N2 모닝 경제 브리핑-9월 4일] 美 증시, 금리 인상 우려 완화에 3대 지...",2026-09-04,-0.0142,-0.0261,,success
175250,아이큐어,[기재정정]주요사항보고서(유상증자결정),paid_in_capital_increase,20260903,negative,-70,C,Paid-in capital increases can create dilution concerns.,5,2,8,-6,5,"9월 3일 주식시장 주요공시 | 아이큐어, 최대주주 신주 1886만주 3년 묶는다…증자물량 78% 장기 보호예... | [N2 모닝 경제 브리핑-9월 4일] 美 증시, 금리 인상 우려 완화에 3대 지...",2026-09-04,-0.0142,-0.0261,,success
175250,아이큐어,[기재정정]주요사항보고서(유상증자결정),paid_in_capital_increase,20260903,negative,-70,C,Paid-in capital increases can create dilution concerns.,5,2,8,-6,5,"9월 3일 주식시장 주요공시 | 아이큐어, 최대주주 신주 1886만주 3년 묶는다…증자물량 78% 장기 보호예... | [N2 모닝 경제 브리핑-9월 4일] 美 증시, 금리 인상 우려 완화에 3대 지...",2026-09-04,-0.0142,-0.0261,,success
175250,아이큐어,[기재정정]주요사항보고서(유상증자결정),paid_in_capital_increase,20260903,negative,-70,C,Paid-in capital increases can create dilution concerns.,5,2,8,-6,5,"9월 3일 주식시장 주요공시 | 아이큐어, 최대주주 신주 1886만주 3년 묶는다…증자물량 78% 장기 보호예... | [N2 모닝 경제 브리핑-9월 4일] 美 증시, 금리 인상 우려 완화에 3대 지...",2026-09-04,-0.0142,-0.0261,,success
175250,아이큐어,[기재정정]주요사항보고서(유상증자결정),paid_in_capital_increase,20260903,negative,-70,C,Paid-in capital increases can create dilution concerns.,5,2,8,-6,5,"9월 3일 주식시장 주요공시 | 아이큐어, 최대주주 신주 1886만주 3년 묶는다…증자물량 78% 장기 보호예... | [N2 모닝 경제 브리핑-9월 4일] 美 증시, 금리 인상 우려 완화에 3대 지...",2026-09-04,-0.0142,-0.0261,,success
175250,아이큐어,[기재정정]주요사항보고서(유상증자결정),paid_in_capital_increase,20260903,negative,-70,C,Paid-in capital increases can create dilution concerns.,5,2,8,-6,5,"9월 3일 주식시장 주요공시 | 아이큐어, 최대주주 신주 1886만주 3년 묶는다…증자물량 78% 장기 보호예... | [N2 모닝 경제 브리핑-9월 4일] 美 증시, 금리 인상 우려 완화에 3대 지...",2026-09-04,-0.0142,-0.0261,,success
175250,아이큐어,[기재정정]주요사항보고서(유상증자결정),paid_in_capital_increase,20260903,negative,-70,C,Paid-in capital increases can create dilution concerns.,5,2,8,-6,5,"9월 3일 주식시장 주요공시 | 아이큐어, 최대주주 신주 1886만주 3년 묶는다…증자물량 78% 장기 보호예... | [N2 모닝 경제 브리핑-9월 4일] 美 증시, 금리 인상 우려 완화에 3대 지...",2026-09-04,-0.0142,-0.0261,,success
175250,아이큐어,[기재정정]주요사항보고서(유상증자결정),paid_in_capital_increase,20260903,negative,-70,C,Paid-in capital increases can create dilution concerns.,5,2,8,-6,5,"9월 3일 주식시장 주요공시 | 아이큐어, 최대주주 신주 1886만주 3년 묶는다…증자물량 78% 장기 보호예... | [N2 모닝 경제 브리핑-9월 4일] 美 증시, 금리 인상 우려 완화에 3대 지...",2026-09-04,-0.0142,-0.0261,,success
175250,아이큐어,[기재정정]주요사항보고서(유상증자결정),paid_in_capital_increase,20260903,negative,-70,C,Paid-in capital increases can create dilution concerns.,5,2,8,-6,5,"9월 3일 주식시장 주요공시 | 아이큐어, 최대주주 신주 1886만주 3년 묶는다…증자물량 78% 장기 보호예... | [N2 모닝 경제 브리핑-9월 4일] 美 증시, 금리 인상 우려 완화에 3대 지...",2026-09-04,-0.0142,-0.0261,,success
175250,아이큐어,[기재정정]주요사항보고서(유상증자결정),paid_in_capital_increase,20260903,negative,-70,C,Paid-in capital increases can create dilution concerns.,5,2,8,-6,5,"9월 3일 주식시장 주요공시 | 아이큐어, 최대주주 신주 1886만주 3년 묶는다…증자물량 78% 장기 보호예... | [N2 모닝 경제 브리핑-9월 4일] 美 증시, 금리 인상 우려 완화에 3대 지...",2026-09-04,-0.0142,-0.0261,,success
175250,아이큐어,[기재정정]주요사항보고서(유상증자결정),paid_in_capital_increase,20260903,negative,-70,C,Paid-in capital increases can create dilution concerns.,5,2,8,-6,5,"9월 3일 주식시장 주요공시 | 아이큐어, 최대주주 신주 1886만주 3년 묶는다…증자물량 78% 장기 보호예... | [N2 모닝 경제 브리핑-9월 4일] 美 증시, 금리 인상 우려 완화에 3대 지...",2026-09-04,-0.0142,-0.0261,,success
175250,아이큐어,[기재정정]주요사항보고서(유상증자결정),paid_in_capital_increase,20260903,negative,-70,C,Paid-in capital increases can create dilution concerns.,5,2,8,-6,5,"9월 3일 주식시장 주요공시 | 아이큐어, 최대주주 신주 1886만주 3년 묶는다…증자물량 78% 장기 보호예... | [N2 모닝 경제 브리핑-9월 4일] 美 증시, 금리 인상 우려 완화에 3대 지...",2026-09-04,-0.0142,-0.0261,,success
175250,아이큐어,[기재정정]주요사항보고서(유상증자결정),paid_in_capital_increase,20260903,negative,-70,C,Paid-in capital increases can create dilution concerns.,5,2,8,-6,5,"9월 3일 주식시장 주요공시 | 아이큐어, 최대주주 신주 1886만주 3년 묶는다…증자물량 78% 장기 보호예... | [N2 모닝 경제 브리핑-9월 4일] 美 증시, 금리 인상 우려 완화에 3대 지...",2026-09-04,-0.0142,-0.0261,,success
175250,아이큐어,[기재정정]주요사항보고서(유상증자결정),paid_in_capital_increase,20260903,negative,-70,C,Paid-in capital increases can create dilution concerns.,5,2,8,-6,5,"9월 3일 주식시장 주요공시 | 아이큐어, 최대주주 신주 1886만주 3년 묶는다…증자물량 78% 장기 보호예... | [N2 모닝 경제 브리핑-9월 4일] 美 증시, 금리 인상 우려 완화에 3대 지...",2026-09-04,-0.0142,-0.0261,,success
175250,아이큐어,[기재정정]주요사항보고서(유상증자결정),paid_in_capital_increase,20260903,negative,-70,C,Paid-in capital increases can create dilution concerns.,5,2,8,-6,5,"9월 3일 주식시장 주요공시 | 아이큐어, 최대주주 신주 1886만주 3년 묶는다…증자물량 78% 장기 보호예... | [N2 모닝 경제 브리핑-9월 4일] 美 증시, 금리 인상 우려 완화에 3대 지...",2026-09-04,-0.0142,-0.0261,,success
175250,아이큐어,[기재정정]주요사항보고서(유상증자결정),paid_in_capital_increase,20260903,negative,-70,C,Paid-in capital increases can create dilution concerns.,5,2,8,-6,5,"9월 3일 주식시장 주요공시 | 아이큐어, 최대주주 신주 1886만주 3년 묶는다…증자물량 78% 장기 보호예... | [N2 모닝 경제 브리핑-9월 4일] 美 증시, 금리 인상 우려 완화에 3대 지...",2026-09-04,-0.0142,-0.0261,,success
175250,아이큐어,[기재정정]주요사항보고서(유상증자결정),paid_in_capital_increase,20260903,negative,-70,C,Paid-in capital increases can create dilution concerns.,5,2,8,-6,5,"9월 3일 주식시장 주요공시 | 아이큐어, 최대주주 신주 1886만주 3년 묶는다…증자물량 78% 장기 보호예... | [N2 모닝 경제 브리핑-9월 4일] 美 증시, 금리 인상 우려 완화에 3대 지...",2026-09-04,-0.0142,-0.0261,,success
175250,아이큐어,[기재정정]주요사항보고서(유상증자결정),paid_in_capital_increase,20260903,negative,-70,C,Paid-in capital increases can create dilution concerns.,5,2,8,-6,5,"9월 3일 주식시장 주요공시 | 아이큐어, 최대주주 신주 1886만주 3년 묶는다…증자물량 78% 장기 보호예... | [N2 모닝 경제 브리핑-9월 4일] 美 증시, 금리 인상 우려 완화에 3대 지...",2026-09-04,-0.0142,-0.0261,,success
175250,아이큐어,[기재정정]주요사항보고서(유상증자결정),paid_in_capital_increase,20260903,negative,-70,C,Paid-in capital increases can create dilution concerns.,5,2,8,-6,5,"9월 3일 주식시장 주요공시 | 아이큐어, 최대주주 신주 1886만주 3년 묶는다…증자물량 78% 장기 보호예... | [N2 모닝 경제 브리핑-9월 4일] 美 증시, 금리 인상 우려 완화에 3대 지...",2026-09-04,-0.0142,-0.0261,,success
175250,아이큐어,[기재정정]주요사항보고서(유상증자결정),paid_in_capital_increase,20260903,negative,-70,C,Paid-in capital increases can create dilution concerns.,5,2,8,-6,5,"9월 3일 주식시장 주요공시 | 아이큐어, 최대주주 신주 1886만주 3년 묶는다…증자물량 78% 장기 보호예... | [N2 모닝 경제 브리핑-9월 4일] 美 증시, 금리 인상 우려 완화에 3대 지...",2026-09-04,-0.0142,-0.0261,,success
175250,아이큐어,[기재정정]주요사항보고서(유상증자결정),paid_in_capital_increase,20260903,negative,-70,C,Paid-in capital increases can create dilution concerns.,5,2,8,-6,5,"9월 3일 주식시장 주요공시 | 아이큐어, 최대주주 신주 1886만주 3년 묶는다…증자물량 78% 장기 보호예... | [N2 모닝 경제 브리핑-9월 4일] 美 증시, 금리 인상 우려 완화에 3대 지...",2026-09-04,-0.0142,-0.0261,,success
175250,아이큐어,[기재정정]주요사항보고서(유상증자결정),paid_in_capital_increase,20260903,negative,-70,C,Paid-in capital increases can create dilution concerns.,5,2,8,-6,5,"9월 3일 주식시장 주요공시 | 아이큐어, 최대주주 신주 1886만주 3년 묶는다…증자물량 78% 장기 보호예... | [N2 모닝 경제 브리핑-9월 4일] 美 증시, 금리 인상 우려 완화에 3대 지...",2026-09-04,-0.0142,-0.0261,,success
175250,아이큐어,[기재정정]주요사항보고서(유상증자결정),paid_in_capital_increase,20260903,negative,-70,C,Paid-in capital increases can create dilution concerns.,5,2,8,-6,5,"9월 3일 주식시장 주요공시 | 아이큐어, 최대주주 신주 1886만주 3년 묶는다…증자물량 78% 장기 보호예... | [N2 모닝 경제 브리핑-9월 4일] 美 증시, 금리 인상 우려 완화에 3대 지...",2026-09-04,-0.0142,-0.0261,,success
175250,아이큐어,[기재정정]주요사항보고서(유상증자결정),paid_in_capital_increase,20260903,negative,-70,C,Paid-in capital increases can create dilution concerns.,5,2,8,-6,5,"9월 3일 주식시장 주요공시 | 아이큐어, 최대주주 신주 1886만주 3년 묶는다…증자물량 78% 장기 보호예... | [N2 모닝 경제 브리핑-9월 4일] 美 증시, 금리 인상 우려 완화에 3대 지...",2026-09-04,-0.0142,-0.0261,,success
175250,아이큐어,[기재정정]주요사항보고서(유상증자결정),paid_in_capital_increase,20260903,negative,-70,C,Paid-in capital increases can create dilution concerns.,5,2,8,-6,5,"9월 3일 주식시장 주요공시 | 아이큐어, 최대주주 신주 1886만주 3년 묶는다…증자물량 78% 장기 보호예... | [N2 모닝 경제 브리핑-9월 4일] 美 증시, 금리 인상 우려 완화에 3대 지...",2026-09-04,-0.0142,-0.0261,,success
175250,아이큐어,[기재정정]주요사항보고서(유상증자결정),paid_in_capital_increase,20260903,negative,-70,C,Paid-in capital increases can create dilution concerns.,5,2,8,-6,5,"9월 3일 주식시장 주요공시 | 아이큐어, 최대주주 신주 1886만주 3년 묶는다…증자물량 78% 장기 보호예... | [N2 모닝 경제 브리핑-9월 4일] 美 증시, 금리 인상 우려 완화에 3대 지...",2026-09-04,-0.0142,-0.0261,,success
175250,아이큐어,[기재정정]주요사항보고서(유상증자결정),paid_in_capital_increase,20260903,negative,-70,C,Paid-in capital increases can create dilution concerns.,5,2,8,-6,5,"9월 3일 주식시장 주요공시 | 아이큐어, 최대주주 신주 1886만주 3년 묶는다…증자물량 78% 장기 보호예... | [N2 모닝 경제 브리핑-9월 4일] 美 증시, 금리 인상 우려 완화에 3대 지...",2026-09-04,-0.0142,-0.0261,,success
175250,아이큐어,[기재정정]주요사항보고서(유상증자결정),paid_in_capital_increase,20260903,negative,-70,C,Paid-in capital increases can create dilution concerns.,5,2,8,-6,5,"9월 3일 주식시장 주요공시 | 아이큐어, 최대주주 신주 1886만주 3년 묶는다…증자물량 78% 장기 보호예... | [N2 모닝 경제 브리핑-9월 4일] 美 증시, 금리 인상 우려 완화에 3대 지...",2026-09-04,-0.0142,-0.0261,,success
175250,아이큐어,[기재정정]주요사항보고서(유상증자결정),paid_in_capital_increase,20260903,negative,-70,C,Paid-in capital increases can create dilution concerns.,5,2,8,-6,5,"9월 3일 주식시장 주요공시 | 아이큐어, 최대주주 신주 1886만주 3년 묶는다…증자물량 78% 장기 보호예... | [N2 모닝 경제 브리핑-9월 4일] 美 증시, 금리 인상 우려 완화에 3대 지...",2026-09-04,-0.0142,-0.0261,,success
175250,아이큐어,[기재정정]주요사항보고서(유상증자결정),paid_in_capital_increase,20260903,negative,-70,C,Paid-in capital increases can create dilution concerns.,5,2,8,-6,5,"9월 3일 주식시장 주요공시 | 아이큐어, 최대주주 신주 1886만주 3년 묶는다…증자물량 78% 장기 보호예... | [N2 모닝 경제 브리핑-9월 4일] 美 증시, 금리 인상 우려 완화에 3대 지...",2026-09-04,-0.0142,-0.0261,,success
175250,아이큐어,[기재정정]주요사항보고서(유상증자결정),paid_in_capital_increase,20260903,negative,-70,C,Paid-in capital increases can create dilution concerns.,5,2,8,-6,5,"9월 3일 주식시장 주요공시 | 아이큐어, 최대주주 신주 1886만주 3년 묶는다…증자물량 78% 장기 보호예... | [N2 모닝 경제 브리핑-9월 4일] 美 증시, 금리 인상 우려 완화에 3대 지...",2026-09-04,-0.0142,-0.0261,,success
175250,아이큐어,[기재정정]주요사항보고서(유상증자결정),paid_in_capital_increase,20260903,negative,-70,C,Paid-in capital increases can create dilution concerns.,5,2,8,-6,5,"9월 3일 주식시장 주요공시 | 아이큐어, 최대주주 신주 1886만주 3년 묶는다…증자물량 78% 장기 보호예... | [N2 모닝 경제 브리핑-9월 4일] 美 증시, 금리 인상 우려 완화에 3대 지...",2026-09-04,-0.0142,-0.0261,,success
175250,아이큐어,[기재정정]주요사항보고서(유상증자결정),paid_in_capital_increase,20260903,negative,-70,C,Paid-in capital increases can create dilution concerns.,5,2,8,-6,5,"9월 3일 주식시장 주요공시 | 아이큐어, 최대주주 신주 1886만주 3년 묶는다…증자물량 78% 장기 보호예... | [N2 모닝 경제 브리핑-9월 4일] 美 증시, 금리 인상 우려 완화에 3대 지...",2026-09-04,-0.0142,-0.0261,,success
175250,아이큐어,[기재정정]주요사항보고서(유상증자결정),paid_in_capital_increase,20260903,negative,-70,C,Paid-in capital increases can create dilution concerns.,5,2,8,-6,5,"9월 3일 주식시장 주요공시 | 아이큐어, 최대주주 신주 1886만주 3년 묶는다…증자물량 78% 장기 보호예... | [N2 모닝 경제 브리핑-9월 4일] 美 증시, 금리 인상 우려 완화에 3대 지...",2026-09-04,-0.0142,-0.0261,,success
175250,아이큐어,[기재정정]주요사항보고서(유상증자결정),paid_in_capital_increase,20260903,negative,-70,C,Paid-in capital increases can create dilution concerns.,5,2,8,-6,5,"9월 3일 주식시장 주요공시 | 아이큐어, 최대주주 신주 1886만주 3년 묶는다…증자물량 78% 장기 보호예... | [N2 모닝 경제 브리핑-9월 4일] 美 증시, 금리 인상 우려 완화에 3대 지...",2026-09-04,-0.0142,-0.0261,,success
175250,아이큐어,[기재정정]주요사항보고서(유상증자결정),paid_in_capital_increase,20260903,negative,-70,C,Paid-in capital increases can create dilution concerns.,5,2,8,-6,5,"9월 3일 주식시장 주요공시 | 아이큐어, 최대주주 신주 1886만주 3년 묶는다…증자물량 78% 장기 보호예... | [N2 모닝 경제 브리핑-9월 4일] 美 증시, 금리 인상 우려 완화에 3대 지...",2026-09-04,-0.0142,-0.0261,,success
175250,아이큐어,[기재정정]주요사항보고서(유상증자결정),paid_in_capital_increase,20260903,negative,-70,C,Paid-in capital increases can create dilution concerns.,5,2,8,-6,5,"9월 3일 주식시장 주요공시 | 아이큐어, 최대주주 신주 1886만주 3년 묶는다…증자물량 78% 장기 보호예... | [N2 모닝 경제 브리핑-9월 4일] 美 증시, 금리 인상 우려 완화에 3대 지...",2026-09-04,-0.0142,-0.0261,,success
175250,아이큐어,[기재정정]주요사항보고서(유상증자결정),paid_in_capital_increase,20260903,negative,-70,C,Paid-in capital increases can create dilution concerns.,5,2,8,-6,5,"9월 3일 주식시장 주요공시 | 아이큐어, 최대주주 신주 1886만주 3년 묶는다…증자물량 78% 장기 보호예... | [N2 모닝 경제 브리핑-9월 4일] 美 증시, 금리 인상 우려 완화에 3대 지...",2026-09-04,-0.0142,-0.0261,,success
175250,아이큐어,[기재정정]주요사항보고서(유상증자결정),paid_in_capital_increase,20260903,negative,-70,C,Paid-in capital increases can create dilution concerns.,5,2,8,-6,5,"9월 3일 주식시장 주요공시 | 아이큐어, 최대주주 신주 1886만주 3년 묶는다…증자물량 78% 장기 보호예... | [N2 모닝 경제 브리핑-9월 4일] 美 증시, 금리 인상 우려 완화에 3대 지...",2026-09-04,-0.0142,-0.0261,,success
175250,아이큐어,[기재정정]주요사항보고서(유상증자결정),paid_in_capital_increase,20260903,negative,-70,C,Paid-in capital increases can create dilution concerns.,5,2,8,-6,5,"9월 3일 주식시장 주요공시 | 아이큐어, 최대주주 신주 1886만주 3년 묶는다…증자물량 78% 장기 보호예... | [N2 모닝 경제 브리핑-9월 4일] 美 증시, 금리 인상 우려 완화에 3대 지...",2026-09-04,-0.0142,-0.0261,,success
175250,아이큐어,[기재정정]주요사항보고서(유상증자결정),paid_in_capital_increase,20260903,negative,-70,C,Paid-in capital increases can create dilution concerns.,5,2,8,-6,5,"9월 3일 주식시장 주요공시 | 아이큐어, 최대주주 신주 1886만주 3년 묶는다…증자물량 78% 장기 보호예... | [N2 모닝 경제 브리핑-9월 4일] 美 증시, 금리 인상 우려 완화에 3대 지...",2026-09-04,-0.0142,-0.0261,,success
175250,아이큐어,[기재정정]주요사항보고서(유상증자결정),paid_in_capital_increase,20260903,negative,-70,C,Paid-in capital increases can create dilution concerns.,5,2,8,-6,5,"9월 3일 주식시장 주요공시 | 아이큐어, 최대주주 신주 1886만주 3년 묶는다…증자물량 78% 장기 보호예... | [N2 모닝 경제 브리핑-9월 4일] 美 증시, 금리 인상 우려 완화에 3대 지...",2026-09-04,-0.0142,-0.0261,,success
175250,아이큐어,[기재정정]주요사항보고서(유상증자결정),paid_in_capital_increase,20260903,negative,-70,C,Paid-in capital increases can create dilution concerns.,5,2,8,-6,5,"9월 3일 주식시장 주요공시 | 아이큐어, 최대주주 신주 1886만주 3년 묶는다…증자물량 78% 장기 보호예... | [N2 모닝 경제 브리핑-9월 4일] 美 증시, 금리 인상 우려 완화에 3대 지...",2026-09-04,-0.0142,-0.0261,,success
175250,아이큐어,[기재정정]주요사항보고서(유상증자결정),paid_in_capital_increase,20260903,negative,-70,C,Paid-in capital increases can create dilution concerns.,5,2,8,-6,5,"9월 3일 주식시장 주요공시 | 아이큐어, 최대주주 신주 1886만주 3년 묶는다…증자물량 78% 장기 보호예... | [N2 모닝 경제 브리핑-9월 4일] 美 증시, 금리 인상 우려 완화에 3대 지...",2026-09-04,-0.0142,-0.0261,,success
175250,아이큐어,[기재정정]주요사항보고서(유상증자결정),paid_in_capital_increase,20260903,negative,-70,C,Paid-in capital increases can create dilution concerns.,5,2,8,-6,5,"9월 3일 주식시장 주요공시 | 아이큐어, 최대주주 신주 1886만주 3년 묶는다…증자물량 78% 장기 보호예... | [N2 모닝 경제 브리핑-9월 4일] 美 증시, 금리 인상 우려 완화에 3대 지...",2026-09-04,-0.0142,-0.0261,,success
175250,아이큐어,[기재정정]주요사항보고서(유상증자결정),paid_in_capital_increase,20260903,negative,-70,C,Paid-in capital increases can create dilution concerns.,5,2,8,-6,5,"9월 3일 주식시장 주요공시 | 아이큐어, 최대주주 신주 1886만주 3년 묶는다…증자물량 78% 장기 보호예... | [N2 모닝 경제 브리핑-9월 4일] 美 증시, 금리 인상 우려 완화에 3대 지...",2026-09-04,-0.0142,-0.0261,,success
175250,아이큐어,[기재정정]주요사항보고서(유상증자결정),paid_in_capital_increase,20260903,negative,-70,C,Paid-in capital increases can create dilution concerns.,5,2,8,-6,5,"9월 3일 주식시장 주요공시 | 아이큐어, 최대주주 신주 1886만주 3년 묶는다…증자물량 78% 장기 보호예... | [N2 모닝 경제 브리핑-9월 4일] 美 증시, 금리 인상 우려 완화에 3대 지...",2026-09-04,-0.0142,-0.0261,,success
175250,아이큐어,[기재정정]주요사항보고서(유상증자결정),paid_in_capital_increase,20260903,negative,-70,C,Paid-in capital increases can create dilution concerns.,5,2,8,-6,5,"9월 3일 주식시장 주요공시 | 아이큐어, 최대주주 신주 1886만주 3년 묶는다…증자물량 78% 장기 보호예... | [N2 모닝 경제 브리핑-9월 4일] 美 증시, 금리 인상 우려 완화에 3대 지...",2026-09-04,-0.0142,-0.0261,,success
175250,아이큐어,[기재정정]주요사항보고서(유상증자결정),paid_in_capital_increase,20260903,negative,-70,C,Paid-in capital increases can create dilution concerns.,5,2,8,-6,5,"9월 3일 주식시장 주요공시 | 아이큐어, 최대주주 신주 1886만주 3년 묶는다…증자물량 78% 장기 보호예... | [N2 모닝 경제 브리핑-9월 4일] 美 증시, 금리 인상 우려 완화에 3대 지...",2026-09-04,-0.0142,-0.0261,,success
175250,아이큐어,[기재정정]주요사항보고서(유상증자결정),paid_in_capital_increase,20260903,negative,-70,C,Paid-in capital increases can create dilution concerns.,5,2,8,-6,5,"9월 3일 주식시장 주요공시 | 아이큐어, 최대주주 신주 1886만주 3년 묶는다…증자물량 78% 장기 보호예... | [N2 모닝 경제 브리핑-9월 4일] 美 증시, 금리 인상 우려 완화에 3대 지...",2026-09-04,-0.0142,-0.0261,,success
175250,아이큐어,[기재정정]주요사항보고서(유상증자결정),paid_in_capital_increase,20260903,negative,-70,C,Paid-in capital increases can create dilution concerns.,5,2,8,-6,5,"9월 3일 주식시장 주요공시 | 아이큐어, 최대주주 신주 1886만주 3년 묶는다…증자물량 78% 장기 보호예... | [N2 모닝 경제 브리핑-9월 4일] 美 증시, 금리 인상 우려 완화에 3대 지...",2026-09-04,-0.0142,-0.0261,,success
175250,아이큐어,[기재정정]주요사항보고서(유상증자결정),paid_in_capital_increase,20260903,negative,-70,C,Paid-in capital increases can create dilution concerns.,5,2,8,-6,5,"9월 3일 주식시장 주요공시 | 아이큐어, 최대주주 신주 1886만주 3년 묶는다…증자물량 78% 장기 보호예... | [N2 모닝 경제 브리핑-9월 4일] 美 증시, 금리 인상 우려 완화에 3대 지...",2026-09-04,-0.0142,-0.0261,,success
175250,아이큐어,[기재정정]주요사항보고서(유상증자결정),paid_in_capital_increase,20260903,negative,-70,C,Paid-in capital increases can create dilution concerns.,5,2,8,-6,5,"9월 3일 주식시장 주요공시 | 아이큐어, 최대주주 신주 1886만주 3년 묶는다…증자물량 78% 장기 보호예... | [N2 모닝 경제 브리핑-9월 4일] 美 증시, 금리 인상 우려 완화에 3대 지...",2026-09-04,-0.0142,-0.0261,,success
175250,아이큐어,[기재정정]주요사항보고서(유상증자결정),paid_in_capital_increase,20260903,negative,-70,C,Paid-in capital increases can create dilution concerns.,5,2,8,-6,5,"9월 3일 주식시장 주요공시 | 아이큐어, 최대주주 신주 1886만주 3년 묶는다…증자물량 78% 장기 보호예... | [N2 모닝 경제 브리핑-9월 4일] 美 증시, 금리 인상 우려 완화에 3대 지...",2026-09-04,-0.0142,-0.0261,,success
175250,아이큐어,[기재정정]주요사항보고서(유상증자결정),paid_in_capital_increase,20260903,negative,-70,C,Paid-in capital increases can create dilution concerns.,5,2,8,-6,5,"9월 3일 주식시장 주요공시 | 아이큐어, 최대주주 신주 1886만주 3년 묶는다…증자물량 78% 장기 보호예... | [N2 모닝 경제 브리핑-9월 4일] 美 증시, 금리 인상 우려 완화에 3대 지...",2026-09-04,-0.0142,-0.0261,,success
175250,아이큐어,[기재정정]주요사항보고서(유상증자결정),paid_in_capital_increase,20260903,negative,-70,C,Paid-in capital increases can create dilution concerns.,5,2,8,-6,5,"9월 3일 주식시장 주요공시 | 아이큐어, 최대주주 신주 1886만주 3년 묶는다…증자물량 78% 장기 보호예... | [N2 모닝 경제 브리핑-9월 4일] 美 증시, 금리 인상 우려 완화에 3대 지...",2026-09-04,-0.0142,-0.0261,,success
175250,아이큐어,[기재정정]주요사항보고서(유상증자결정),paid_in_capital_increase,20260903,negative,-70,C,Paid-in capital increases can create dilution concerns.,5,2,8,-6,5,"9월 3일 주식시장 주요공시 | 아이큐어, 최대주주 신주 1886만주 3년 묶는다…증자물량 78% 장기 보호예... | [N2 모닝 경제 브리핑-9월 4일] 美 증시, 금리 인상 우려 완화에 3대 지...",2026-09-04,-0.0142,-0.0261,,success
175250,아이큐어,[기재정정]주요사항보고서(유상증자결정),paid_in_capital_increase,20260903,negative,-70,C,Paid-in capital increases can create dilution concerns.,5,2,8,-6,5,"9월 3일 주식시장 주요공시 | 아이큐어, 최대주주 신주 1886만주 3년 묶는다…증자물량 78% 장기 보호예... | [N2 모닝 경제 브리핑-9월 4일] 美 증시, 금리 인상 우려 완화에 3대 지...",2026-09-04,-0.0142,-0.0261,,success
175250,아이큐어,[기재정정]주요사항보고서(유상증자결정),paid_in_capital_increase,20260903,negative,-70,C,Paid-in capital increases can create dilution concerns.,5,2,8,-6,5,"9월 3일 주식시장 주요공시 | 아이큐어, 최대주주 신주 1886만주 3년 묶는다…증자물량 78% 장기 보호예... | [N2 모닝 경제 브리핑-9월 4일] 美 증시, 금리 인상 우려 완화에 3대 지...",2026-09-04,-0.0142,-0.0261,,success
175250,아이큐어,[기재정정]주요사항보고서(유상증자결정),paid_in_capital_increase,20260903,negative,-70,C,Paid-in capital increases can create dilution concerns.,5,2,8,-6,5,"9월 3일 주식시장 주요공시 | 아이큐어, 최대주주 신주 1886만주 3년 묶는다…증자물량 78% 장기 보호예... | [N2 모닝 경제 브리핑-9월 4일] 美 증시, 금리 인상 우려 완화에 3대 지...",2026-09-04,-0.0142,-0.0261,,success
175250,아이큐어,[기재정정]주요사항보고서(유상증자결정),paid_in_capital_increase,20260903,negative,-70,C,Paid-in capital increases can create dilution concerns.,5,2,8,-6,5,"9월 3일 주식시장 주요공시 | 아이큐어, 최대주주 신주 1886만주 3년 묶는다…증자물량 78% 장기 보호예... | [N2 모닝 경제 브리핑-9월 4일] 美 증시, 금리 인상 우려 완화에 3대 지...",2026-09-04,-0.0142,-0.0261,,success
175250,아이큐어,[기재정정]주요사항보고서(유상증자결정),paid_in_capital_increase,20260903,negative,-70,C,Paid-in capital increases can create dilution concerns.,5,2,8,-6,5,"9월 3일 주식시장 주요공시 | 아이큐어, 최대주주 신주 1886만주 3년 묶는다…증자물량 78% 장기 보호예... | [N2 모닝 경제 브리핑-9월 4일] 美 증시, 금리 인상 우려 완화에 3대 지...",2026-09-04,-0.0142,-0.0261,,success
175250,아이큐어,[기재정정]주요사항보고서(유상증자결정),paid_in_capital_increase,20260903,negative,-70,C,Paid-in capital increases can create dilution concerns.,5,2,8,-6,5,"9월 3일 주식시장 주요공시 | 아이큐어, 최대주주 신주 1886만주 3년 묶는다…증자물량 78% 장기 보호예... | [N2 모닝 경제 브리핑-9월 4일] 美 증시, 금리 인상 우려 완화에 3대 지...",2026-09-04,-0.0142,-0.0261,,success
175250,아이큐어,[기재정정]주요사항보고서(유상증자결정),paid_in_capital_increase,20260903,negative,-70,C,Paid-in capital increases can create dilution concerns.,5,2,8,-6,5,"9월 3일 주식시장 주요공시 | 아이큐어, 최대주주 신주 1886만주 3년 묶는다…증자물량 78% 장기 보호예... | [N2 모닝 경제 브리핑-9월 4일] 美 증시, 금리 인상 우려 완화에 3대 지...",2026-09-04,-0.0142,-0.0261,,success
175250,아이큐어,[기재정정]주요사항보고서(유상증자결정),paid_in_capital_increase,20260903,negative,-70,C,Paid-in capital increases can create dilution concerns.,5,2,8,-6,5,"9월 3일 주식시장 주요공시 | 아이큐어, 최대주주 신주 1886만주 3년 묶는다…증자물량 78% 장기 보호예... | [N2 모닝 경제 브리핑-9월 4일] 美 증시, 금리 인상 우려 완화에 3대 지...",2026-09-04,-0.0142,-0.0261,,success
175250,아이큐어,[기재정정]주요사항보고서(유상증자결정),paid_in_capital_increase,20260903,negative,-70,C,Paid-in capital increases can create dilution concerns.,5,2,8,-6,5,"9월 3일 주식시장 주요공시 | 아이큐어, 최대주주 신주 1886만주 3년 묶는다…증자물량 78% 장기 보호예... | [N2 모닝 경제 브리핑-9월 4일] 美 증시, 금리 인상 우려 완화에 3대 지...",2026-09-04,-0.0142,-0.0261,,success
175250,아이큐어,[기재정정]주요사항보고서(유상증자결정),paid_in_capital_increase,20260903,negative,-70,C,Paid-in capital increases can create dilution concerns.,5,2,8,-6,5,"9월 3일 주식시장 주요공시 | 아이큐어, 최대주주 신주 1886만주 3년 묶는다…증자물량 78% 장기 보호예... | [N2 모닝 경제 브리핑-9월 4일] 美 증시, 금리 인상 우려 완화에 3대 지...",2026-09-04,-0.0142,-0.0261,,success
175250,아이큐어,[기재정정]주요사항보고서(유상증자결정),paid_in_capital_increase,20260903,negative,-70,C,Paid-in capital increases can create dilution concerns.,5,2,8,-6,5,"9월 3일 주식시장 주요공시 | 아이큐어, 최대주주 신주 1886만주 3년 묶는다…증자물량 78% 장기 보호예... | [N2 모닝 경제 브리핑-9월 4일] 美 증시, 금리 인상 우려 완화에 3대 지...",2026-09-04,-0.0142,-0.0261,,success
175250,아이큐어,[기재정정]주요사항보고서(유상증자결정),paid_in_capital_increase,20260903,negative,-70,C,Paid-in capital increases can create dilution concerns.,5,2,8,-6,5,"9월 3일 주식시장 주요공시 | 아이큐어, 최대주주 신주 1886만주 3년 묶는다…증자물량 78% 장기 보호예... | [N2 모닝 경제 브리핑-9월 4일] 美 증시, 금리 인상 우려 완화에 3대 지...",2026-09-04,-0.0142,-0.0261,,success
175250,아이큐어,[기재정정]주요사항보고서(유상증자결정),paid_in_capital_increase,20260903,negative,-70,C,Paid-in capital increases can create dilution concerns.,5,2,8,-6,5,"9월 3일 주식시장 주요공시 | 아이큐어, 최대주주 신주 1886만주 3년 묶는다…증자물량 78% 장기 보호예... | [N2 모닝 경제 브리핑-9월 4일] 美 증시, 금리 인상 우려 완화에 3대 지...",2026-09-04,-0.0142,-0.0261,,success
175250,아이큐어,[기재정정]주요사항보고서(유상증자결정),paid_in_capital_increase,20260903,negative,-70,C,Paid-in capital increases can create dilution concerns.,5,2,8,-6,5,"9월 3일 주식시장 주요공시 | 아이큐어, 최대주주 신주 1886만주 3년 묶는다…증자물량 78% 장기 보호예... | [N2 모닝 경제 브리핑-9월 4일] 美 증시, 금리 인상 우려 완화에 3대 지...",2026-09-04,-0.0142,-0.0261,,success
175250,아이큐어,[기재정정]주요사항보고서(유상증자결정),paid_in_capital_increase,20260903,negative,-70,C,Paid-in capital increases can create dilution concerns.,5,2,8,-6,5,"9월 3일 주식시장 주요공시 | 아이큐어, 최대주주 신주 1886만주 3년 묶는다…증자물량 78% 장기 보호예... | [N2 모닝 경제 브리핑-9월 4일] 美 증시, 금리 인상 우려 완화에 3대 지...",2026-09-04,-0.0142,-0.0261,,success
175250,아이큐어,[기재정정]주요사항보고서(유상증자결정),paid_in_capital_increase,20260903,negative,-70,C,Paid-in capital increases can create dilution concerns.,5,2,8,-6,5,"9월 3일 주식시장 주요공시 | 아이큐어, 최대주주 신주 1886만주 3년 묶는다…증자물량 78% 장기 보호예... | [N2 모닝 경제 브리핑-9월 4일] 美 증시, 금리 인상 우려 완화에 3대 지...",2026-09-04,-0.0142,-0.0261,,success
175250,아이큐어,[기재정정]증권발행결과(자율공시)              (제3자배정유상증자),paid_in_capital_increase,20260903,negative,-70,C,Paid-in capital increases can create dilution concerns.,5,2,8,-6,5,"9월 3일 주식시장 주요공시 | 아이큐어, 최대주주 신주 1886만주 3년 묶는다…증자물량 78% 장기 보호예... | [N2 모닝 경제 브리핑-9월 4일] 美 증시, 금리 인상 우려 완화에 3대 지...",2026-09-04,-0.0142,-0.0261,,success
175250,아이큐어,[기재정정]증권발행결과(자율공시)              (제3자배정유상증자),paid_in_capital_increase,20260903,negative,-70,C,Paid-in capital increases can create dilution concerns.,5,2,8,-6,5,"9월 3일 주식시장 주요공시 | 아이큐어, 최대주주 신주 1886만주 3년 묶는다…증자물량 78% 장기 보호예... | [N2 모닝 경제 브리핑-9월 4일] 美 증시, 금리 인상 우려 완화에 3대 지...",2026-09-04,-0.0142,-0.0261,,success
175250,아이큐어,[기재정정]증권발행결과(자율공시)              (제3자배정유상증자),paid_in_capital_increase,20260903,negative,-70,C,Paid-in capital increases can create dilution concerns.,5,2,8,-6,5,"9월 3일 주식시장 주요공시 | 아이큐어, 최대주주 신주 1886만주 3년 묶는다…증자물량 78% 장기 보호예... | [N2 모닝 경제 브리핑-9월 4일] 美 증시, 금리 인상 우려 완화에 3대 지...",2026-09-04,-0.0142,-0.0261,,success
175250,아이큐어,[기재정정]증권발행결과(자율공시)              (제3자배정유상증자),paid_in_capital_increase,20260903,negative,-70,C,Paid-in capital increases can create dilution concerns.,5,2,8,-6,5,"9월 3일 주식시장 주요공시 | 아이큐어, 최대주주 신주 1886만주 3년 묶는다…증자물량 78% 장기 보호예... | [N2 모닝 경제 브리핑-9월 4일] 美 증시, 금리 인상 우려 완화에 3대 지...",2026-09-04,-0.0142,-0.0261,,success
175250,아이큐어,[기재정정]증권발행결과(자율공시)              (제3자배정유상증자),paid_in_capital_increase,20260903,negative,-70,C,Paid-in capital increases can create dilution concerns.,5,2,8,-6,5,"9월 3일 주식시장 주요공시 | 아이큐어, 최대주주 신주 1886만주 3년 묶는다…증자물량 78% 장기 보호예... | [N2 모닝 경제 브리핑-9월 4일] 美 증시, 금리 인상 우려 완화에 3대 지...",2026-09-04,-0.0142,-0.0261,,success
175250,아이큐어,[기재정정]증권발행결과(자율공시)              (제3자배정유상증자),paid_in_capital_increase,20260903,negative,-70,C,Paid-in capital increases can create dilution concerns.,5,2,8,-6,5,"9월 3일 주식시장 주요공시 | 아이큐어, 최대주주 신주 1886만주 3년 묶는다…증자물량 78% 장기 보호예... | [N2 모닝 경제 브리핑-9월 4일] 美 증시, 금리 인상 우려 완화에 3대 지...",2026-09-04,-0.0142,-0.0261,,success
175250,아이큐어,[기재정정]증권발행결과(자율공시)              (제3자배정유상증자),paid_in_capital_increase,20260903,negative,-70,C,Paid-in capital increases can create dilution concerns.,5,2,8,-6,5,"9월 3일 주식시장 주요공시 | 아이큐어, 최대주주 신주 1886만주 3년 묶는다…증자물량 78% 장기 보호예... | [N2 모닝 경제 브리핑-9월 4일] 美 증시, 금리 인상 우려 완화에 3대 지...",2026-09-04,-0.0142,-0.0261,,success
175250,아이큐어,[기재정정]증권발행결과(자율공시)              (제3자배정유상증자),paid_in_capital_increase,20260903,negative,-70,C,Paid-in capital increases can create dilution concerns.,5,2,8,-6,5,"9월 3일 주식시장 주요공시 | 아이큐어, 최대주주 신주 1886만주 3년 묶는다…증자물량 78% 장기 보호예... | [N2 모닝 경제 브리핑-9월 4일] 美 증시, 금리 인상 우려 완화에 3대 지...",2026-09-04,-0.0142,-0.0261,,success
175250,아이큐어,[기재정정]증권발행결과(자율공시)              (제3자배정유상증자),paid_in_capital_increase,20260903,negative,-70,C,Paid-in capital increases can create dilution concerns.,5,2,8,-6,5,"9월 3일 주식시장 주요공시 | 아이큐어, 최대주주 신주 1886만주 3년 묶는다…증자물량 78% 장기 보호예... | [N2 모닝 경제 브리핑-9월 4일] 美 증시, 금리 인상 우려 완화에 3대 지...",2026-09-04,-0.0142,-0.0261,,success
175250,아이큐어,[기재정정]증권발행결과(자율공시)              (제3자배정유상증자),paid_in_capital_increase,20260903,negative,-70,C,Paid-in capital increases can create dilution concerns.,5,2,8,-6,5,"9월 3일 주식시장 주요공시 | 아이큐어, 최대주주 신주 1886만주 3년 묶는다…증자물량 78% 장기 보호예... | [N2 모닝 경제 브리핑-9월 4일] 美 증시, 금리 인상 우려 완화에 3대 지...",2026-09-04,-0.0142,-0.0261,,success
175250,아이큐어,[기재정정]증권발행결과(자율공시)              (제3자배정유상증자),paid_in_capital_increase,20260903,negative,-70,C,Paid-in capital increases can create dilution concerns.,5,2,8,-6,5,"9월 3일 주식시장 주요공시 | 아이큐어, 최대주주 신주 1886만주 3년 묶는다…증자물량 78% 장기 보호예... | [N2 모닝 경제 브리핑-9월 4일] 美 증시, 금리 인상 우려 완화에 3대 지...",2026-09-04,-0.0142,-0.0261,,success
175250,아이큐어,[기재정정]증권발행결과(자율공시)              (제3자배정유상증자),paid_in_capital_increase,20260903,negative,-70,C,Paid-in capital increases can create dilution concerns.,5,2,8,-6,5,"9월 3일 주식시장 주요공시 | 아이큐어, 최대주주 신주 1886만주 3년 묶는다…증자물량 78% 장기 보호예... | [N2 모닝 경제 브리핑-9월 4일] 美 증시, 금리 인상 우려 완화에 3대 지...",2026-09-04,-0.0142,-0.0261,,success
175250,아이큐어,[기재정정]증권발행결과(자율공시)              (제3자배정유상증자),paid_in_capital_increase,20260903,negative,-70,C,Paid-in capital increases can create dilution concerns.,5,2,8,-6,5,"9월 3일 주식시장 주요공시 | 아이큐어, 최대주주 신주 1886만주 3년 묶는다…증자물량 78% 장기 보호예... | [N2 모닝 경제 브리핑-9월 4일] 美 증시, 금리 인상 우려 완화에 3대 지...",2026-09-04,-0.0142,-0.0261,,success
175250,아이큐어,[기재정정]증권발행결과(자율공시)              (제3자배정유상증자),paid_in_capital_increase,20260903,negative,-70,C,Paid-in capital increases can create dilution concerns.,5,2,8,-6,5,"9월 3일 주식시장 주요공시 | 아이큐어, 최대주주 신주 1886만주 3년 묶는다…증자물량 78% 장기 보호예... | [N2 모닝 경제 브리핑-9월 4일] 美 증시, 금리 인상 우려 완화에 3대 지...",2026-09-04,-0.0142,-0.0261,,success
175250,아이큐어,[기재정정]증권발행결과(자율공시)              (제3자배정유상증자),paid_in_capital_increase,20260903,negative,-70,C,Paid-in capital increases can create dilution concerns.,5,2,8,-6,5,"9월 3일 주식시장 주요공시 | 아이큐어, 최대주주 신주 1886만주 3년 묶는다…증자물량 78% 장기 보호예... | [N2 모닝 경제 브리핑-9월 4일] 美 증시, 금리 인상 우려 완화에 3대 지...",2026-09-04,-0.0142,-0.0261,,success
175250,아이큐어,[기재정정]증권발행결과(자율공시)              (제3자배정유상증자),paid_in_capital_increase,20260903,negative,-70,C,Paid-in capital increases can create dilution concerns.,5,2,8,-6,5,"9월 3일 주식시장 주요공시 | 아이큐어, 최대주주 신주 1886만주 3년 묶는다…증자물량 78% 장기 보호예... | [N2 모닝 경제 브리핑-9월 4일] 美 증시, 금리 인상 우려 완화에 3대 지...",2026-09-04,-0.0142,-0.0261,,success
175250,아이큐어,[기재정정]증권발행결과(자율공시)              (제3자배정유상증자),paid_in_capital_increase,20260903,negative,-70,C,Paid-in capital increases can create dilution concerns.,5,2,8,-6,5,"9월 3일 주식시장 주요공시 | 아이큐어, 최대주주 신주 1886만주 3년 묶는다…증자물량 78% 장기 보호예... | [N2 모닝 경제 브리핑-9월 4일] 美 증시, 금리 인상 우려 완화에 3대 지...",2026-09-04,-0.0142,-0.0261,,success
175250,아이큐어,[기재정정]증권발행결과(자율공시)              (제3자배정유상증자),paid_in_capital_increase,20260903,negative,-70,C,Paid-in capital increases can create dilution concerns.,5,2,8,-6,5,"9월 3일 주식시장 주요공시 | 아이큐어, 최대주주 신주 1886만주 3년 묶는다…증자물량 78% 장기 보호예... | [N2 모닝 경제 브리핑-9월 4일] 美 증시, 금리 인상 우려 완화에 3대 지...",2026-09-04,-0.0142,-0.0261,,success
175250,아이큐어,[기재정정]증권발행결과(자율공시)              (제3자배정유상증자),paid_in_capital_increase,20260903,negative,-70,C,Paid-in capital increases can create dilution concerns.,5,2,8,-6,5,"9월 3일 주식시장 주요공시 | 아이큐어, 최대주주 신주 1886만주 3년 묶는다…증자물량 78% 장기 보호예... | [N2 모닝 경제 브리핑-9월 4일] 美 증시, 금리 인상 우려 완화에 3대 지...",2026-09-04,-0.0142,-0.0261,,success
175250,아이큐어,[기재정정]증권발행결과(자율공시)              (제3자배정유상증자),paid_in_capital_increase,20260903,negative,-70,C,Paid-in capital increases can create dilution concerns.,5,2,8,-6,5,"9월 3일 주식시장 주요공시 | 아이큐어, 최대주주 신주 1886만주 3년 묶는다…증자물량 78% 장기 보호예... | [N2 모닝 경제 브리핑-9월 4일] 美 증시, 금리 인상 우려 완화에 3대 지...",2026-09-04,-0.0142,-0.0261,,success
175250,아이큐어,[기재정정]증권발행결과(자율공시)              (제3자배정유상증자),paid_in_capital_increase,20260903,negative,-70,C,Paid-in capital increases can create dilution concerns.,5,2,8,-6,5,"9월 3일 주식시장 주요공시 | 아이큐어, 최대주주 신주 1886만주 3년 묶는다…증자물량 78% 장기 보호예... | [N2 모닝 경제 브리핑-9월 4일] 美 증시, 금리 인상 우려 완화에 3대 지...",2026-09-04,-0.0142,-0.0261,,success
175250,아이큐어,[기재정정]증권발행결과(자율공시)              (제3자배정유상증자),paid_in_capital_increase,20260903,negative,-70,C,Paid-in capital increases can create dilution concerns.,5,2,8,-6,5,"9월 3일 주식시장 주요공시 | 아이큐어, 최대주주 신주 1886만주 3년 묶는다…증자물량 78% 장기 보호예... | [N2 모닝 경제 브리핑-9월 4일] 美 증시, 금리 인상 우려 완화에 3대 지...",2026-09-04,-0.0142,-0.0261,,success
175250,아이큐어,[기재정정]증권발행결과(자율공시)              (제3자배정유상증자),paid_in_capital_increase,20260903,negative,-70,C,Paid-in capital increases can create dilution concerns.,5,2,8,-6,5,"9월 3일 주식시장 주요공시 | 아이큐어, 최대주주 신주 1886만주 3년 묶는다…증자물량 78% 장기 보호예... | [N2 모닝 경제 브리핑-9월 4일] 美 증시, 금리 인상 우려 완화에 3대 지...",2026-09-04,-0.0142,-0.0261,,success
175250,아이큐어,[기재정정]증권발행결과(자율공시)              (제3자배정유상증자),paid_in_capital_increase,20260903,negative,-70,C,Paid-in capital increases can create dilution concerns.,5,2,8,-6,5,"9월 3일 주식시장 주요공시 | 아이큐어, 최대주주 신주 1886만주 3년 묶는다…증자물량 78% 장기 보호예... | [N2 모닝 경제 브리핑-9월 4일] 美 증시, 금리 인상 우려 완화에 3대 지...",2026-09-04,-0.0142,-0.0261,,success
175250,아이큐어,[기재정정]증권발행결과(자율공시)              (제3자배정유상증자),paid_in_capital_increase,20260903,negative,-70,C,Paid-in capital increases can create dilution concerns.,5,2,8,-6,5,"9월 3일 주식시장 주요공시 | 아이큐어, 최대주주 신주 1886만주 3년 묶는다…증자물량 78% 장기 보호예... | [N2 모닝 경제 브리핑-9월 4일] 美 증시, 금리 인상 우려 완화에 3대 지...",2026-09-04,-0.0142,-0.0261,,success
175250,아이큐어,[기재정정]증권발행결과(자율공시)              (제3자배정유상증자),paid_in_capital_increase,20260903,negative,-70,C,Paid-in capital increases can create dilution concerns.,5,2,8,-6,5,"9월 3일 주식시장 주요공시 | 아이큐어, 최대주주 신주 1886만주 3년 묶는다…증자물량 78% 장기 보호예... | [N2 모닝 경제 브리핑-9월 4일] 美 증시, 금리 인상 우려 완화에 3대 지...",2026-09-04,-0.0142,-0.0261,,success
175250,아이큐어,[기재정정]증권발행결과(자율공시)              (제3자배정유상증자),paid_in_capital_increase,20260903,negative,-70,C,Paid-in capital increases can create dilution concerns.,5,2,8,-6,5,"9월 3일 주식시장 주요공시 | 아이큐어, 최대주주 신주 1886만주 3년 묶는다…증자물량 78% 장기 보호예... | [N2 모닝 경제 브리핑-9월 4일] 美 증시, 금리 인상 우려 완화에 3대 지...",2026-09-04,-0.0142,-0.0261,,success
175250,아이큐어,[기재정정]증권발행결과(자율공시)              (제3자배정유상증자),paid_in_capital_increase,20260903,negative,-70,C,Paid-in capital increases can create dilution concerns.,5,2,8,-6,5,"9월 3일 주식시장 주요공시 | 아이큐어, 최대주주 신주 1886만주 3년 묶는다…증자물량 78% 장기 보호예... | [N2 모닝 경제 브리핑-9월 4일] 美 증시, 금리 인상 우려 완화에 3대 지...",2026-09-04,-0.0142,-0.0261,,success
175250,아이큐어,[기재정정]증권발행결과(자율공시)              (제3자배정유상증자),paid_in_capital_increase,20260903,negative,-70,C,Paid-in capital increases can create dilution concerns.,5,2,8,-6,5,"9월 3일 주식시장 주요공시 | 아이큐어, 최대주주 신주 1886만주 3년 묶는다…증자물량 78% 장기 보호예... | [N2 모닝 경제 브리핑-9월 4일] 美 증시, 금리 인상 우려 완화에 3대 지...",2026-09-04,-0.0142,-0.0261,,success
175250,아이큐어,[기재정정]증권발행결과(자율공시)              (제3자배정유상증자),paid_in_capital_increase,20260903,negative,-70,C,Paid-in capital increases can create dilution concerns.,5,2,8,-6,5,"9월 3일 주식시장 주요공시 | 아이큐어, 최대주주 신주 1886만주 3년 묶는다…증자물량 78% 장기 보호예... | [N2 모닝 경제 브리핑-9월 4일] 美 증시, 금리 인상 우려 완화에 3대 지...",2026-09-04,-0.0142,-0.0261,,success
175250,아이큐어,[기재정정]증권발행결과(자율공시)              (제3자배정유상증자),paid_in_capital_increase,20260903,negative,-70,C,Paid-in capital increases can create dilution concerns.,5,2,8,-6,5,"9월 3일 주식시장 주요공시 | 아이큐어, 최대주주 신주 1886만주 3년 묶는다…증자물량 78% 장기 보호예... | [N2 모닝 경제 브리핑-9월 4일] 美 증시, 금리 인상 우려 완화에 3대 지...",2026-09-04,-0.0142,-0.0261,,success
175250,아이큐어,[기재정정]증권발행결과(자율공시)              (제3자배정유상증자),paid_in_capital_increase,20260903,negative,-70,C,Paid-in capital increases can create dilution concerns.,5,2,8,-6,5,"9월 3일 주식시장 주요공시 | 아이큐어, 최대주주 신주 1886만주 3년 묶는다…증자물량 78% 장기 보호예... | [N2 모닝 경제 브리핑-9월 4일] 美 증시, 금리 인상 우려 완화에 3대 지...",2026-09-04,-0.0142,-0.0261,,success
175250,아이큐어,[기재정정]증권발행결과(자율공시)              (제3자배정유상증자),paid_in_capital_increase,20260903,negative,-70,C,Paid-in capital increases can create dilution concerns.,5,2,8,-6,5,"9월 3일 주식시장 주요공시 | 아이큐어, 최대주주 신주 1886만주 3년 묶는다…증자물량 78% 장기 보호예... | [N2 모닝 경제 브리핑-9월 4일] 美 증시, 금리 인상 우려 완화에 3대 지...",2026-09-04,-0.0142,-0.0261,,success
175250,아이큐어,[기재정정]증권발행결과(자율공시)              (제3자배정유상증자),paid_in_capital_increase,20260903,negative,-70,C,Paid-in capital increases can create dilution concerns.,5,2,8,-6,5,"9월 3일 주식시장 주요공시 | 아이큐어, 최대주주 신주 1886만주 3년 묶는다…증자물량 78% 장기 보호예... | [N2 모닝 경제 브리핑-9월 4일] 美 증시, 금리 인상 우려 완화에 3대 지...",2026-09-04,-0.0142,-0.0261,,success
175250,아이큐어,[기재정정]증권발행결과(자율공시)              (제3자배정유상증자),paid_in_capital_increase,20260903,negative,-70,C,Paid-in capital increases can create dilution concerns.,5,2,8,-6,5,"9월 3일 주식시장 주요공시 | 아이큐어, 최대주주 신주 1886만주 3년 묶는다…증자물량 78% 장기 보호예... | [N2 모닝 경제 브리핑-9월 4일] 美 증시, 금리 인상 우려 완화에 3대 지...",2026-09-04,-0.0142,-0.0261,,success
175250,아이큐어,[기재정정]증권발행결과(자율공시)              (제3자배정유상증자),paid_in_capital_increase,20260903,negative,-70,C,Paid-in capital increases can create dilution concerns.,5,2,8,-6,5,"9월 3일 주식시장 주요공시 | 아이큐어, 최대주주 신주 1886만주 3년 묶는다…증자물량 78% 장기 보호예... | [N2 모닝 경제 브리핑-9월 4일] 美 증시, 금리 인상 우려 완화에 3대 지...",2026-09-04,-0.0142,-0.0261,,success
175250,아이큐어,[기재정정]증권발행결과(자율공시)              (제3자배정유상증자),paid_in_capital_increase,20260903,negative,-70,C,Paid-in capital increases can create dilution concerns.,5,2,8,-6,5,"9월 3일 주식시장 주요공시 | 아이큐어, 최대주주 신주 1886만주 3년 묶는다…증자물량 78% 장기 보호예... | [N2 모닝 경제 브리핑-9월 4일] 美 증시, 금리 인상 우려 완화에 3대 지...",2026-09-04,-0.0142,-0.0261,,success
175250,아이큐어,[기재정정]증권발행결과(자율공시)              (제3자배정유상증자),paid_in_capital_increase,20260903,negative,-70,C,Paid-in capital increases can create dilution concerns.,5,2,8,-6,5,"9월 3일 주식시장 주요공시 | 아이큐어, 최대주주 신주 1886만주 3년 묶는다…증자물량 78% 장기 보호예... | [N2 모닝 경제 브리핑-9월 4일] 美 증시, 금리 인상 우려 완화에 3대 지...",2026-09-04,-0.0142,-0.0261,,success
175250,아이큐어,[기재정정]증권발행결과(자율공시)              (제3자배정유상증자),paid_in_capital_increase,20260903,negative,-70,C,Paid-in capital increases can create dilution concerns.,5,2,8,-6,5,"9월 3일 주식시장 주요공시 | 아이큐어, 최대주주 신주 1886만주 3년 묶는다…증자물량 78% 장기 보호예... | [N2 모닝 경제 브리핑-9월 4일] 美 증시, 금리 인상 우려 완화에 3대 지...",2026-09-04,-0.0142,-0.0261,,success
175250,아이큐어,[기재정정]증권발행결과(자율공시)              (제3자배정유상증자),paid_in_capital_increase,20260903,negative,-70,C,Paid-in capital increases can create dilution concerns.,5,2,8,-6,5,"9월 3일 주식시장 주요공시 | 아이큐어, 최대주주 신주 1886만주 3년 묶는다…증자물량 78% 장기 보호예... | [N2 모닝 경제 브리핑-9월 4일] 美 증시, 금리 인상 우려 완화에 3대 지...",2026-09-04,-0.0142,-0.0261,,success
175250,아이큐어,[기재정정]증권발행결과(자율공시)              (제3자배정유상증자),paid_in_capital_increase,20260903,negative,-70,C,Paid-in capital increases can create dilution concerns.,5,2,8,-6,5,"9월 3일 주식시장 주요공시 | 아이큐어, 최대주주 신주 1886만주 3년 묶는다…증자물량 78% 장기 보호예... | [N2 모닝 경제 브리핑-9월 4일] 美 증시, 금리 인상 우려 완화에 3대 지...",2026-09-04,-0.0142,-0.0261,,success
175250,아이큐어,[기재정정]증권발행결과(자율공시)              (제3자배정유상증자),paid_in_capital_increase,20260903,negative,-70,C,Paid-in capital increases can create dilution concerns.,5,2,8,-6,5,"9월 3일 주식시장 주요공시 | 아이큐어, 최대주주 신주 1886만주 3년 묶는다…증자물량 78% 장기 보호예... | [N2 모닝 경제 브리핑-9월 4일] 美 증시, 금리 인상 우려 완화에 3대 지...",2026-09-04,-0.0142,-0.0261,,success
175250,아이큐어,[기재정정]증권발행결과(자율공시)              (제3자배정유상증자),paid_in_capital_increase,20260903,negative,-70,C,Paid-in capital increases can create dilution concerns.,5,2,8,-6,5,"9월 3일 주식시장 주요공시 | 아이큐어, 최대주주 신주 1886만주 3년 묶는다…증자물량 78% 장기 보호예... | [N2 모닝 경제 브리핑-9월 4일] 美 증시, 금리 인상 우려 완화에 3대 지...",2026-09-04,-0.0142,-0.0261,,success
175250,아이큐어,[기재정정]증권발행결과(자율공시)              (제3자배정유상증자),paid_in_capital_increase,20260903,negative,-70,C,Paid-in capital increases can create dilution concerns.,5,2,8,-6,5,"9월 3일 주식시장 주요공시 | 아이큐어, 최대주주 신주 1886만주 3년 묶는다…증자물량 78% 장기 보호예... | [N2 모닝 경제 브리핑-9월 4일] 美 증시, 금리 인상 우려 완화에 3대 지...",2026-09-04,-0.0142,-0.0261,,success
175250,아이큐어,[기재정정]증권발행결과(자율공시)              (제3자배정유상증자),paid_in_capital_increase,20260903,negative,-70,C,Paid-in capital increases can create dilution concerns.,5,2,8,-6,5,"9월 3일 주식시장 주요공시 | 아이큐어, 최대주주 신주 1886만주 3년 묶는다…증자물량 78% 장기 보호예... | [N2 모닝 경제 브리핑-9월 4일] 美 증시, 금리 인상 우려 완화에 3대 지...",2026-09-04,-0.0142,-0.0261,,success
175250,아이큐어,[기재정정]증권발행결과(자율공시)              (제3자배정유상증자),paid_in_capital_increase,20260903,negative,-70,C,Paid-in capital increases can create dilution concerns.,5,2,8,-6,5,"9월 3일 주식시장 주요공시 | 아이큐어, 최대주주 신주 1886만주 3년 묶는다…증자물량 78% 장기 보호예... | [N2 모닝 경제 브리핑-9월 4일] 美 증시, 금리 인상 우려 완화에 3대 지...",2026-09-04,-0.0142,-0.0261,,success
175250,아이큐어,[기재정정]증권발행결과(자율공시)              (제3자배정유상증자),paid_in_capital_increase,20260903,negative,-70,C,Paid-in capital increases can create dilution concerns.,5,2,8,-6,5,"9월 3일 주식시장 주요공시 | 아이큐어, 최대주주 신주 1886만주 3년 묶는다…증자물량 78% 장기 보호예... | [N2 모닝 경제 브리핑-9월 4일] 美 증시, 금리 인상 우려 완화에 3대 지...",2026-09-04,-0.0142,-0.0261,,success
175250,아이큐어,[기재정정]증권발행결과(자율공시)              (제3자배정유상증자),paid_in_capital_increase,20260903,negative,-70,C,Paid-in capital increases can create dilution concerns.,5,2,8,-6,5,"9월 3일 주식시장 주요공시 | 아이큐어, 최대주주 신주 1886만주 3년 묶는다…증자물량 78% 장기 보호예... | [N2 모닝 경제 브리핑-9월 4일] 美 증시, 금리 인상 우려 완화에 3대 지...",2026-09-04,-0.0142,-0.0261,,success
175250,아이큐어,[기재정정]증권발행결과(자율공시)              (제3자배정유상증자),paid_in_capital_increase,20260903,negative,-70,C,Paid-in capital increases can create dilution concerns.,5,2,8,-6,5,"9월 3일 주식시장 주요공시 | 아이큐어, 최대주주 신주 1886만주 3년 묶는다…증자물량 78% 장기 보호예... | [N2 모닝 경제 브리핑-9월 4일] 美 증시, 금리 인상 우려 완화에 3대 지...",2026-09-04,-0.0142,-0.0261,,success
175250,아이큐어,[기재정정]증권발행결과(자율공시)              (제3자배정유상증자),paid_in_capital_increase,20260903,negative,-70,C,Paid-in capital increases can create dilution concerns.,5,2,8,-6,5,"9월 3일 주식시장 주요공시 | 아이큐어, 최대주주 신주 1886만주 3년 묶는다…증자물량 78% 장기 보호예... | [N2 모닝 경제 브리핑-9월 4일] 美 증시, 금리 인상 우려 완화에 3대 지...",2026-09-04,-0.0142,-0.0261,,success
175250,아이큐어,[기재정정]증권발행결과(자율공시)              (제3자배정유상증자),paid_in_capital_increase,20260903,negative,-70,C,Paid-in capital increases can create dilution concerns.,5,2,8,-6,5,"9월 3일 주식시장 주요공시 | 아이큐어, 최대주주 신주 1886만주 3년 묶는다…증자물량 78% 장기 보호예... | [N2 모닝 경제 브리핑-9월 4일] 美 증시, 금리 인상 우려 완화에 3대 지...",2026-09-04,-0.0142,-0.0261,,success
175250,아이큐어,[기재정정]증권발행결과(자율공시)              (제3자배정유상증자),paid_in_capital_increase,20260903,negative,-70,C,Paid-in capital increases can create dilution concerns.,5,2,8,-6,5,"9월 3일 주식시장 주요공시 | 아이큐어, 최대주주 신주 1886만주 3년 묶는다…증자물량 78% 장기 보호예... | [N2 모닝 경제 브리핑-9월 4일] 美 증시, 금리 인상 우려 완화에 3대 지...",2026-09-04,-0.0142,-0.0261,,success
175250,아이큐어,[기재정정]증권발행결과(자율공시)              (제3자배정유상증자),paid_in_capital_increase,20260903,negative,-70,C,Paid-in capital increases can create dilution concerns.,5,2,8,-6,5,"9월 3일 주식시장 주요공시 | 아이큐어, 최대주주 신주 1886만주 3년 묶는다…증자물량 78% 장기 보호예... | [N2 모닝 경제 브리핑-9월 4일] 美 증시, 금리 인상 우려 완화에 3대 지...",2026-09-04,-0.0142,-0.0261,,success
175250,아이큐어,[기재정정]증권발행결과(자율공시)              (제3자배정유상증자),paid_in_capital_increase,20260903,negative,-70,C,Paid-in capital increases can create dilution concerns.,5,2,8,-6,5,"9월 3일 주식시장 주요공시 | 아이큐어, 최대주주 신주 1886만주 3년 묶는다…증자물량 78% 장기 보호예... | [N2 모닝 경제 브리핑-9월 4일] 美 증시, 금리 인상 우려 완화에 3대 지...",2026-09-04,-0.0142,-0.0261,,success
175250,아이큐어,[기재정정]증권발행결과(자율공시)              (제3자배정유상증자),paid_in_capital_increase,20260903,negative,-70,C,Paid-in capital increases can create dilution concerns.,5,2,8,-6,5,"9월 3일 주식시장 주요공시 | 아이큐어, 최대주주 신주 1886만주 3년 묶는다…증자물량 78% 장기 보호예... | [N2 모닝 경제 브리핑-9월 4일] 美 증시, 금리 인상 우려 완화에 3대 지...",2026-09-04,-0.0142,-0.0261,,success
175250,아이큐어,[기재정정]증권발행결과(자율공시)              (제3자배정유상증자),paid_in_capital_increase,20260903,negative,-70,C,Paid-in capital increases can create dilution concerns.,5,2,8,-6,5,"9월 3일 주식시장 주요공시 | 아이큐어, 최대주주 신주 1886만주 3년 묶는다…증자물량 78% 장기 보호예... | [N2 모닝 경제 브리핑-9월 4일] 美 증시, 금리 인상 우려 완화에 3대 지...",2026-09-04,-0.0142,-0.0261,,success
175250,아이큐어,[기재정정]증권발행결과(자율공시)              (제3자배정유상증자),paid_in_capital_increase,20260903,negative,-70,C,Paid-in capital increases can create dilution concerns.,5,2,8,-6,5,"9월 3일 주식시장 주요공시 | 아이큐어, 최대주주 신주 1886만주 3년 묶는다…증자물량 78% 장기 보호예... | [N2 모닝 경제 브리핑-9월 4일] 美 증시, 금리 인상 우려 완화에 3대 지...",2026-09-04,-0.0142,-0.0261,,success
175250,아이큐어,[기재정정]증권발행결과(자율공시)              (제3자배정유상증자),paid_in_capital_increase,20260903,negative,-70,C,Paid-in capital increases can create dilution concerns.,5,2,8,-6,5,"9월 3일 주식시장 주요공시 | 아이큐어, 최대주주 신주 1886만주 3년 묶는다…증자물량 78% 장기 보호예... | [N2 모닝 경제 브리핑-9월 4일] 美 증시, 금리 인상 우려 완화에 3대 지...",2026-09-04,-0.0142,-0.0261,,success
175250,아이큐어,[기재정정]증권발행결과(자율공시)              (제3자배정유상증자),paid_in_capital_increase,20260903,negative,-70,C,Paid-in capital increases can create dilution concerns.,5,2,8,-6,5,"9월 3일 주식시장 주요공시 | 아이큐어, 최대주주 신주 1886만주 3년 묶는다…증자물량 78% 장기 보호예... | [N2 모닝 경제 브리핑-9월 4일] 美 증시, 금리 인상 우려 완화에 3대 지...",2026-09-04,-0.0142,-0.0261,,success
175250,아이큐어,[기재정정]증권발행결과(자율공시)              (제3자배정유상증자),paid_in_capital_increase,20260903,negative,-70,C,Paid-in capital increases can create dilution concerns.,5,2,8,-6,5,"9월 3일 주식시장 주요공시 | 아이큐어, 최대주주 신주 1886만주 3년 묶는다…증자물량 78% 장기 보호예... | [N2 모닝 경제 브리핑-9월 4일] 美 증시, 금리 인상 우려 완화에 3대 지...",2026-09-04,-0.0142,-0.0261,,success
175250,아이큐어,[기재정정]증권발행결과(자율공시)              (제3자배정유상증자),paid_in_capital_increase,20260903,negative,-70,C,Paid-in capital increases can create dilution concerns.,5,2,8,-6,5,"9월 3일 주식시장 주요공시 | 아이큐어, 최대주주 신주 1886만주 3년 묶는다…증자물량 78% 장기 보호예... | [N2 모닝 경제 브리핑-9월 4일] 美 증시, 금리 인상 우려 완화에 3대 지...",2026-09-04,-0.0142,-0.0261,,success
175250,아이큐어,[기재정정]증권발행결과(자율공시)              (제3자배정유상증자),paid_in_capital_increase,20260903,negative,-70,C,Paid-in capital increases can create dilution concerns.,5,2,8,-6,5,"9월 3일 주식시장 주요공시 | 아이큐어, 최대주주 신주 1886만주 3년 묶는다…증자물량 78% 장기 보호예... | [N2 모닝 경제 브리핑-9월 4일] 美 증시, 금리 인상 우려 완화에 3대 지...",2026-09-04,-0.0142,-0.0261,,success
175250,아이큐어,[기재정정]증권발행결과(자율공시)              (제3자배정유상증자),paid_in_capital_increase,20260903,negative,-70,C,Paid-in capital increases can create dilution concerns.,5,2,8,-6,5,"9월 3일 주식시장 주요공시 | 아이큐어, 최대주주 신주 1886만주 3년 묶는다…증자물량 78% 장기 보호예... | [N2 모닝 경제 브리핑-9월 4일] 美 증시, 금리 인상 우려 완화에 3대 지...",2026-09-04,-0.0142,-0.0261,,success
175250,아이큐어,[기재정정]증권발행결과(자율공시)              (제3자배정유상증자),paid_in_capital_increase,20260903,negative,-70,C,Paid-in capital increases can create dilution concerns.,5,2,8,-6,5,"9월 3일 주식시장 주요공시 | 아이큐어, 최대주주 신주 1886만주 3년 묶는다…증자물량 78% 장기 보호예... | [N2 모닝 경제 브리핑-9월 4일] 美 증시, 금리 인상 우려 완화에 3대 지...",2026-09-04,-0.0142,-0.0261,,success
175250,아이큐어,[기재정정]증권발행결과(자율공시)              (제3자배정유상증자),paid_in_capital_increase,20260903,negative,-70,C,Paid-in capital increases can create dilution concerns.,5,2,8,-6,5,"9월 3일 주식시장 주요공시 | 아이큐어, 최대주주 신주 1886만주 3년 묶는다…증자물량 78% 장기 보호예... | [N2 모닝 경제 브리핑-9월 4일] 美 증시, 금리 인상 우려 완화에 3대 지...",2026-09-04,-0.0142,-0.0261,,success
175250,아이큐어,[기재정정]증권발행결과(자율공시)              (제3자배정유상증자),paid_in_capital_increase,20260903,negative,-70,C,Paid-in capital increases can create dilution concerns.,5,2,8,-6,5,"9월 3일 주식시장 주요공시 | 아이큐어, 최대주주 신주 1886만주 3년 묶는다…증자물량 78% 장기 보호예... | [N2 모닝 경제 브리핑-9월 4일] 美 증시, 금리 인상 우려 완화에 3대 지...",2026-09-04,-0.0142,-0.0261,,success
175250,아이큐어,[기재정정]증권발행결과(자율공시)              (제3자배정유상증자),paid_in_capital_increase,20260903,negative,-70,C,Paid-in capital increases can create dilution concerns.,5,2,8,-6,5,"9월 3일 주식시장 주요공시 | 아이큐어, 최대주주 신주 1886만주 3년 묶는다…증자물량 78% 장기 보호예... | [N2 모닝 경제 브리핑-9월 4일] 美 증시, 금리 인상 우려 완화에 3대 지...",2026-09-04,-0.0142,-0.0261,,success
175250,아이큐어,[기재정정]증권발행결과(자율공시)              (제3자배정유상증자),paid_in_capital_increase,20260903,negative,-70,C,Paid-in capital increases can create dilution concerns.,5,2,8,-6,5,"9월 3일 주식시장 주요공시 | 아이큐어, 최대주주 신주 1886만주 3년 묶는다…증자물량 78% 장기 보호예... | [N2 모닝 경제 브리핑-9월 4일] 美 증시, 금리 인상 우려 완화에 3대 지...",2026-09-04,-0.0142,-0.0261,,success
175250,아이큐어,[기재정정]증권발행결과(자율공시)              (제3자배정유상증자),paid_in_capital_increase,20260903,negative,-70,C,Paid-in capital increases can create dilution concerns.,5,2,8,-6,5,"9월 3일 주식시장 주요공시 | 아이큐어, 최대주주 신주 1886만주 3년 묶는다…증자물량 78% 장기 보호예... | [N2 모닝 경제 브리핑-9월 4일] 美 증시, 금리 인상 우려 완화에 3대 지...",2026-09-04,-0.0142,-0.0261,,success
175250,아이큐어,[기재정정]증권발행결과(자율공시)              (제3자배정유상증자),paid_in_capital_increase,20260903,negative,-70,C,Paid-in capital increases can create dilution concerns.,5,2,8,-6,5,"9월 3일 주식시장 주요공시 | 아이큐어, 최대주주 신주 1886만주 3년 묶는다…증자물량 78% 장기 보호예... | [N2 모닝 경제 브리핑-9월 4일] 美 증시, 금리 인상 우려 완화에 3대 지...",2026-09-04,-0.0142,-0.0261,,success
175250,아이큐어,[기재정정]증권발행결과(자율공시)              (제3자배정유상증자),paid_in_capital_increase,20260903,negative,-70,C,Paid-in capital increases can create dilution concerns.,5,2,8,-6,5,"9월 3일 주식시장 주요공시 | 아이큐어, 최대주주 신주 1886만주 3년 묶는다…증자물량 78% 장기 보호예... | [N2 모닝 경제 브리핑-9월 4일] 美 증시, 금리 인상 우려 완화에 3대 지...",2026-09-04,-0.0142,-0.0261,,success
175250,아이큐어,[기재정정]증권발행결과(자율공시)              (제3자배정유상증자),paid_in_capital_increase,20260903,negative,-70,C,Paid-in capital increases can create dilution concerns.,5,2,8,-6,5,"9월 3일 주식시장 주요공시 | 아이큐어, 최대주주 신주 1886만주 3년 묶는다…증자물량 78% 장기 보호예... | [N2 모닝 경제 브리핑-9월 4일] 美 증시, 금리 인상 우려 완화에 3대 지...",2026-09-04,-0.0142,-0.0261,,success
175250,아이큐어,[기재정정]증권발행결과(자율공시)              (제3자배정유상증자),paid_in_capital_increase,20260903,negative,-70,C,Paid-in capital increases can create dilution concerns.,5,2,8,-6,5,"9월 3일 주식시장 주요공시 | 아이큐어, 최대주주 신주 1886만주 3년 묶는다…증자물량 78% 장기 보호예... | [N2 모닝 경제 브리핑-9월 4일] 美 증시, 금리 인상 우려 완화에 3대 지...",2026-09-04,-0.0142,-0.0261,,success
175250,아이큐어,[기재정정]증권발행결과(자율공시)              (제3자배정유상증자),paid_in_capital_increase,20260903,negative,-70,C,Paid-in capital increases can create dilution concerns.,5,2,8,-6,5,"9월 3일 주식시장 주요공시 | 아이큐어, 최대주주 신주 1886만주 3년 묶는다…증자물량 78% 장기 보호예... | [N2 모닝 경제 브리핑-9월 4일] 美 증시, 금리 인상 우려 완화에 3대 지...",2026-09-04,-0.0142,-0.0261,,success
175250,아이큐어,[기재정정]증권발행결과(자율공시)              (제3자배정유상증자),paid_in_capital_increase,20260903,negative,-70,C,Paid-in capital increases can create dilution concerns.,5,2,8,-6,5,"9월 3일 주식시장 주요공시 | 아이큐어, 최대주주 신주 1886만주 3년 묶는다…증자물량 78% 장기 보호예... | [N2 모닝 경제 브리핑-9월 4일] 美 증시, 금리 인상 우려 완화에 3대 지...",2026-09-04,-0.0142,-0.0261,,success
175250,아이큐어,[기재정정]증권발행결과(자율공시)              (제3자배정유상증자),paid_in_capital_increase,20260903,negative,-70,C,Paid-in capital increases can create dilution concerns.,5,2,8,-6,5,"9월 3일 주식시장 주요공시 | 아이큐어, 최대주주 신주 1886만주 3년 묶는다…증자물량 78% 장기 보호예... | [N2 모닝 경제 브리핑-9월 4일] 美 증시, 금리 인상 우려 완화에 3대 지...",2026-09-04,-0.0142,-0.0261,,success
175250,아이큐어,[기재정정]증권발행결과(자율공시)              (제3자배정유상증자),paid_in_capital_increase,20260903,negative,-70,C,Paid-in capital increases can create dilution concerns.,5,2,8,-6,5,"9월 3일 주식시장 주요공시 | 아이큐어, 최대주주 신주 1886만주 3년 묶는다…증자물량 78% 장기 보호예... | [N2 모닝 경제 브리핑-9월 4일] 美 증시, 금리 인상 우려 완화에 3대 지...",2026-09-04,-0.0142,-0.0261,,success
175250,아이큐어,[기재정정]증권발행결과(자율공시)              (제3자배정유상증자),paid_in_capital_increase,20260903,negative,-70,C,Paid-in capital increases can create dilution concerns.,5,2,8,-6,5,"9월 3일 주식시장 주요공시 | 아이큐어, 최대주주 신주 1886만주 3년 묶는다…증자물량 78% 장기 보호예... | [N2 모닝 경제 브리핑-9월 4일] 美 증시, 금리 인상 우려 완화에 3대 지...",2026-09-04,-0.0142,-0.0261,,success
175250,아이큐어,[기재정정]증권발행결과(자율공시)              (제3자배정유상증자),paid_in_capital_increase,20260903,negative,-70,C,Paid-in capital increases can create dilution concerns.,5,2,8,-6,5,"9월 3일 주식시장 주요공시 | 아이큐어, 최대주주 신주 1886만주 3년 묶는다…증자물량 78% 장기 보호예... | [N2 모닝 경제 브리핑-9월 4일] 美 증시, 금리 인상 우려 완화에 3대 지...",2026-09-04,-0.0142,-0.0261,,success
175250,아이큐어,[기재정정]증권발행결과(자율공시)              (제3자배정유상증자),paid_in_capital_increase,20260903,negative,-70,C,Paid-in capital increases can create dilution concerns.,5,2,8,-6,5,"9월 3일 주식시장 주요공시 | 아이큐어, 최대주주 신주 1886만주 3년 묶는다…증자물량 78% 장기 보호예... | [N2 모닝 경제 브리핑-9월 4일] 美 증시, 금리 인상 우려 완화에 3대 지...",2026-09-04,-0.0142,-0.0261,,success
175250,아이큐어,[기재정정]증권발행결과(자율공시)              (제3자배정유상증자),paid_in_capital_increase,20260903,negative,-70,C,Paid-in capital increases can create dilution concerns.,5,2,8,-6,5,"9월 3일 주식시장 주요공시 | 아이큐어, 최대주주 신주 1886만주 3년 묶는다…증자물량 78% 장기 보호예... | [N2 모닝 경제 브리핑-9월 4일] 美 증시, 금리 인상 우려 완화에 3대 지...",2026-09-04,-0.0142,-0.0261,,success
175250,아이큐어,[기재정정]증권발행결과(자율공시)              (제3자배정유상증자),paid_in_capital_increase,20260903,negative,-70,C,Paid-in capital increases can create dilution concerns.,5,2,8,-6,5,"9월 3일 주식시장 주요공시 | 아이큐어, 최대주주 신주 1886만주 3년 묶는다…증자물량 78% 장기 보호예... | [N2 모닝 경제 브리핑-9월 4일] 美 증시, 금리 인상 우려 완화에 3대 지...",2026-09-04,-0.0142,-0.0261,,success
175250,아이큐어,[기재정정]증권발행결과(자율공시)              (제3자배정유상증자),paid_in_capital_increase,20260903,negative,-70,C,Paid-in capital increases can create dilution concerns.,5,2,8,-6,5,"9월 3일 주식시장 주요공시 | 아이큐어, 최대주주 신주 1886만주 3년 묶는다…증자물량 78% 장기 보호예... | [N2 모닝 경제 브리핑-9월 4일] 美 증시, 금리 인상 우려 완화에 3대 지...",2026-09-04,-0.0142,-0.0261,,success
175250,아이큐어,[기재정정]증권발행결과(자율공시)              (제3자배정유상증자),paid_in_capital_increase,20260903,negative,-70,C,Paid-in capital increases can create dilution concerns.,5,2,8,-6,5,"9월 3일 주식시장 주요공시 | 아이큐어, 최대주주 신주 1886만주 3년 묶는다…증자물량 78% 장기 보호예... | [N2 모닝 경제 브리핑-9월 4일] 美 증시, 금리 인상 우려 완화에 3대 지...",2026-09-04,-0.0142,-0.0261,,success
175250,아이큐어,[기재정정]증권발행결과(자율공시)              (제3자배정유상증자),paid_in_capital_increase,20260903,negative,-70,C,Paid-in capital increases can create dilution concerns.,5,2,8,-6,5,"9월 3일 주식시장 주요공시 | 아이큐어, 최대주주 신주 1886만주 3년 묶는다…증자물량 78% 장기 보호예... | [N2 모닝 경제 브리핑-9월 4일] 美 증시, 금리 인상 우려 완화에 3대 지...",2026-09-04,-0.0142,-0.0261,,success
175250,아이큐어,[기재정정]증권발행결과(자율공시)              (제3자배정유상증자),paid_in_capital_increase,20260903,negative,-70,C,Paid-in capital increases can create dilution concerns.,5,2,8,-6,5,"9월 3일 주식시장 주요공시 | 아이큐어, 최대주주 신주 1886만주 3년 묶는다…증자물량 78% 장기 보호예... | [N2 모닝 경제 브리핑-9월 4일] 美 증시, 금리 인상 우려 완화에 3대 지...",2026-09-04,-0.0142,-0.0261,,success
175250,아이큐어,[기재정정]증권발행결과(자율공시)              (제3자배정유상증자),paid_in_capital_increase,20260903,negative,-70,C,Paid-in capital increases can create dilution concerns.,5,2,8,-6,5,"9월 3일 주식시장 주요공시 | 아이큐어, 최대주주 신주 1886만주 3년 묶는다…증자물량 78% 장기 보호예... | [N2 모닝 경제 브리핑-9월 4일] 美 증시, 금리 인상 우려 완화에 3대 지...",2026-09-04,-0.0142,-0.0261,,success
175250,아이큐어,[기재정정]증권발행결과(자율공시)              (제3자배정유상증자),paid_in_capital_increase,20260903,negative,-70,C,Paid-in capital increases can create dilution concerns.,5,2,8,-6,5,"9월 3일 주식시장 주요공시 | 아이큐어, 최대주주 신주 1886만주 3년 묶는다…증자물량 78% 장기 보호예... | [N2 모닝 경제 브리핑-9월 4일] 美 증시, 금리 인상 우려 완화에 3대 지...",2026-09-04,-0.0142,-0.0261,,success
175250,아이큐어,[기재정정]증권발행결과(자율공시)              (제3자배정유상증자),paid_in_capital_increase,20260903,negative,-70,C,Paid-in capital increases can create dilution concerns.,5,2,8,-6,5,"9월 3일 주식시장 주요공시 | 아이큐어, 최대주주 신주 1886만주 3년 묶는다…증자물량 78% 장기 보호예... | [N2 모닝 경제 브리핑-9월 4일] 美 증시, 금리 인상 우려 완화에 3대 지...",2026-09-04,-0.0142,-0.0261,,success
175250,아이큐어,[기재정정]증권발행결과(자율공시)              (제3자배정유상증자),paid_in_capital_increase,20260903,negative,-70,C,Paid-in capital increases can create dilution concerns.,5,2,8,-6,5,"9월 3일 주식시장 주요공시 | 아이큐어, 최대주주 신주 1886만주 3년 묶는다…증자물량 78% 장기 보호예... | [N2 모닝 경제 브리핑-9월 4일] 美 증시, 금리 인상 우려 완화에 3대 지...",2026-09-04,-0.0142,-0.0261,,success
175250,아이큐어,[기재정정]증권발행결과(자율공시)              (제3자배정유상증자),paid_in_capital_increase,20260903,negative,-70,C,Paid-in capital increases can create dilution concerns.,5,2,8,-6,5,"9월 3일 주식시장 주요공시 | 아이큐어, 최대주주 신주 1886만주 3년 묶는다…증자물량 78% 장기 보호예... | [N2 모닝 경제 브리핑-9월 4일] 美 증시, 금리 인상 우려 완화에 3대 지...",2026-09-04,-0.0142,-0.0261,,success
175250,아이큐어,[기재정정]증권발행결과(자율공시)              (제3자배정유상증자),paid_in_capital_increase,20260903,negative,-70,C,Paid-in capital increases can create dilution concerns.,5,2,8,-6,5,"9월 3일 주식시장 주요공시 | 아이큐어, 최대주주 신주 1886만주 3년 묶는다…증자물량 78% 장기 보호예... | [N2 모닝 경제 브리핑-9월 4일] 美 증시, 금리 인상 우려 완화에 3대 지...",2026-09-04,-0.0142,-0.0261,,success
175250,아이큐어,[기재정정]증권발행결과(자율공시)              (제3자배정유상증자),paid_in_capital_increase,20260903,negative,-70,C,Paid-in capital increases can create dilution concerns.,5,2,8,-6,5,"9월 3일 주식시장 주요공시 | 아이큐어, 최대주주 신주 1886만주 3년 묶는다…증자물량 78% 장기 보호예... | [N2 모닝 경제 브리핑-9월 4일] 美 증시, 금리 인상 우려 완화에 3대 지...",2026-09-04,-0.0142,-0.0261,,success
175250,아이큐어,[기재정정]증권발행결과(자율공시)              (제3자배정유상증자),paid_in_capital_increase,20260903,negative,-70,C,Paid-in capital increases can create dilution concerns.,5,2,8,-6,5,"9월 3일 주식시장 주요공시 | 아이큐어, 최대주주 신주 1886만주 3년 묶는다…증자물량 78% 장기 보호예... | [N2 모닝 경제 브리핑-9월 4일] 美 증시, 금리 인상 우려 완화에 3대 지...",2026-09-04,-0.0142,-0.0261,,success
175250,아이큐어,[기재정정]증권발행결과(자율공시)              (제3자배정유상증자),paid_in_capital_increase,20260903,negative,-70,C,Paid-in capital increases can create dilution concerns.,5,2,8,-6,5,"9월 3일 주식시장 주요공시 | 아이큐어, 최대주주 신주 1886만주 3년 묶는다…증자물량 78% 장기 보호예... | [N2 모닝 경제 브리핑-9월 4일] 美 증시, 금리 인상 우려 완화에 3대 지...",2026-09-04,-0.0142,-0.0261,,success
175250,아이큐어,[기재정정]증권발행결과(자율공시)              (제3자배정유상증자),paid_in_capital_increase,20260903,negative,-70,C,Paid-in capital increases can create dilution concerns.,5,2,8,-6,5,"9월 3일 주식시장 주요공시 | 아이큐어, 최대주주 신주 1886만주 3년 묶는다…증자물량 78% 장기 보호예... | [N2 모닝 경제 브리핑-9월 4일] 美 증시, 금리 인상 우려 완화에 3대 지...",2026-09-04,-0.0142,-0.0261,,success
175250,아이큐어,[기재정정]증권발행결과(자율공시)              (제3자배정유상증자),paid_in_capital_increase,20260903,negative,-70,C,Paid-in capital increases can create dilution concerns.,5,2,8,-6,5,"9월 3일 주식시장 주요공시 | 아이큐어, 최대주주 신주 1886만주 3년 묶는다…증자물량 78% 장기 보호예... | [N2 모닝 경제 브리핑-9월 4일] 美 증시, 금리 인상 우려 완화에 3대 지...",2026-09-04,-0.0142,-0.0261,,success
175250,아이큐어,[기재정정]증권발행결과(자율공시)              (제3자배정유상증자),paid_in_capital_increase,20260903,negative,-70,C,Paid-in capital increases can create dilution concerns.,5,2,8,-6,5,"9월 3일 주식시장 주요공시 | 아이큐어, 최대주주 신주 1886만주 3년 묶는다…증자물량 78% 장기 보호예... | [N2 모닝 경제 브리핑-9월 4일] 美 증시, 금리 인상 우려 완화에 3대 지...",2026-09-04,-0.0142,-0.0261,,success
175250,아이큐어,[기재정정]증권발행결과(자율공시)              (제3자배정유상증자),paid_in_capital_increase,20260903,negative,-70,C,Paid-in capital increases can create dilution concerns.,5,2,8,-6,5,"9월 3일 주식시장 주요공시 | 아이큐어, 최대주주 신주 1886만주 3년 묶는다…증자물량 78% 장기 보호예... | [N2 모닝 경제 브리핑-9월 4일] 美 증시, 금리 인상 우려 완화에 3대 지...",2026-09-04,-0.0142,-0.0261,,success
175250,아이큐어,[기재정정]증권발행결과(자율공시)              (제3자배정유상증자),paid_in_capital_increase,20260903,negative,-70,C,Paid-in capital increases can create dilution concerns.,5,2,8,-6,5,"9월 3일 주식시장 주요공시 | 아이큐어, 최대주주 신주 1886만주 3년 묶는다…증자물량 78% 장기 보호예... | [N2 모닝 경제 브리핑-9월 4일] 美 증시, 금리 인상 우려 완화에 3대 지...",2026-09-04,-0.0142,-0.0261,,success
175250,아이큐어,[기재정정]증권발행결과(자율공시)              (제3자배정유상증자),paid_in_capital_increase,20260903,negative,-70,C,Paid-in capital increases can create dilution concerns.,5,2,8,-6,5,"9월 3일 주식시장 주요공시 | 아이큐어, 최대주주 신주 1886만주 3년 묶는다…증자물량 78% 장기 보호예... | [N2 모닝 경제 브리핑-9월 4일] 美 증시, 금리 인상 우려 완화에 3대 지...",2026-09-04,-0.0142,-0.0261,,success
175250,아이큐어,[기재정정]증권발행결과(자율공시)              (제3자배정유상증자),paid_in_capital_increase,20260903,negative,-70,C,Paid-in capital increases can create dilution concerns.,5,2,8,-6,5,"9월 3일 주식시장 주요공시 | 아이큐어, 최대주주 신주 1886만주 3년 묶는다…증자물량 78% 장기 보호예... | [N2 모닝 경제 브리핑-9월 4일] 美 증시, 금리 인상 우려 완화에 3대 지...",2026-09-04,-0.0142,-0.0261,,success
175250,아이큐어,[기재정정]증권발행결과(자율공시)              (제3자배정유상증자),paid_in_capital_increase,20260903,negative,-70,C,Paid-in capital increases can create dilution concerns.,5,2,8,-6,5,"9월 3일 주식시장 주요공시 | 아이큐어, 최대주주 신주 1886만주 3년 묶는다…증자물량 78% 장기 보호예... | [N2 모닝 경제 브리핑-9월 4일] 美 증시, 금리 인상 우려 완화에 3대 지...",2026-09-04,-0.0142,-0.0261,,success
175250,아이큐어,[기재정정]증권발행결과(자율공시)              (제3자배정유상증자),paid_in_capital_increase,20260903,negative,-70,C,Paid-in capital increases can create dilution concerns.,5,2,8,-6,5,"9월 3일 주식시장 주요공시 | 아이큐어, 최대주주 신주 1886만주 3년 묶는다…증자물량 78% 장기 보호예... | [N2 모닝 경제 브리핑-9월 4일] 美 증시, 금리 인상 우려 완화에 3대 지...",2026-09-04,-0.0142,-0.0261,,success
175250,아이큐어,[기재정정]증권발행결과(자율공시)              (제3자배정유상증자),paid_in_capital_increase,20260903,negative,-70,C,Paid-in capital increases can create dilution concerns.,5,2,8,-6,5,"9월 3일 주식시장 주요공시 | 아이큐어, 최대주주 신주 1886만주 3년 묶는다…증자물량 78% 장기 보호예... | [N2 모닝 경제 브리핑-9월 4일] 美 증시, 금리 인상 우려 완화에 3대 지...",2026-09-04,-0.0142,-0.0261,,success
175250,아이큐어,[기재정정]증권발행결과(자율공시)              (제3자배정유상증자),paid_in_capital_increase,20260903,negative,-70,C,Paid-in capital increases can create dilution concerns.,5,2,8,-6,5,"9월 3일 주식시장 주요공시 | 아이큐어, 최대주주 신주 1886만주 3년 묶는다…증자물량 78% 장기 보호예... | [N2 모닝 경제 브리핑-9월 4일] 美 증시, 금리 인상 우려 완화에 3대 지...",2026-09-04,-0.0142,-0.0261,,success
175250,아이큐어,[기재정정]증권발행결과(자율공시)              (제3자배정유상증자),paid_in_capital_increase,20260903,negative,-70,C,Paid-in capital increases can create dilution concerns.,5,2,8,-6,5,"9월 3일 주식시장 주요공시 | 아이큐어, 최대주주 신주 1886만주 3년 묶는다…증자물량 78% 장기 보호예... | [N2 모닝 경제 브리핑-9월 4일] 美 증시, 금리 인상 우려 완화에 3대 지...",2026-09-04,-0.0142,-0.0261,,success
175250,아이큐어,[기재정정]증권발행결과(자율공시)              (제3자배정유상증자),paid_in_capital_increase,20260903,negative,-70,C,Paid-in capital increases can create dilution concerns.,5,2,8,-6,5,"9월 3일 주식시장 주요공시 | 아이큐어, 최대주주 신주 1886만주 3년 묶는다…증자물량 78% 장기 보호예... | [N2 모닝 경제 브리핑-9월 4일] 美 증시, 금리 인상 우려 완화에 3대 지...",2026-09-04,-0.0142,-0.0261,,success
175250,아이큐어,[기재정정]증권발행결과(자율공시)              (제3자배정유상증자),paid_in_capital_increase,20260903,negative,-70,C,Paid-in capital increases can create dilution concerns.,5,2,8,-6,5,"9월 3일 주식시장 주요공시 | 아이큐어, 최대주주 신주 1886만주 3년 묶는다…증자물량 78% 장기 보호예... | [N2 모닝 경제 브리핑-9월 4일] 美 증시, 금리 인상 우려 완화에 3대 지...",2026-09-04,-0.0142,-0.0261,,success
175250,아이큐어,[기재정정]증권발행결과(자율공시)              (제3자배정유상증자),paid_in_capital_increase,20260903,negative,-70,C,Paid-in capital increases can create dilution concerns.,5,2,8,-6,5,"9월 3일 주식시장 주요공시 | 아이큐어, 최대주주 신주 1886만주 3년 묶는다…증자물량 78% 장기 보호예... | [N2 모닝 경제 브리핑-9월 4일] 美 증시, 금리 인상 우려 완화에 3대 지...",2026-09-04,-0.0142,-0.0261,,success
175250,아이큐어,[기재정정]증권발행결과(자율공시)              (제3자배정유상증자),paid_in_capital_increase,20260903,negative,-70,C,Paid-in capital increases can create dilution concerns.,5,2,8,-6,5,"9월 3일 주식시장 주요공시 | 아이큐어, 최대주주 신주 1886만주 3년 묶는다…증자물량 78% 장기 보호예... | [N2 모닝 경제 브리핑-9월 4일] 美 증시, 금리 인상 우려 완화에 3대 지...",2026-09-04,-0.0142,-0.0261,,success
175250,아이큐어,[기재정정]증권발행결과(자율공시)              (제3자배정유상증자),paid_in_capital_increase,20260903,negative,-70,C,Paid-in capital increases can create dilution concerns.,5,2,8,-6,5,"9월 3일 주식시장 주요공시 | 아이큐어, 최대주주 신주 1886만주 3년 묶는다…증자물량 78% 장기 보호예... | [N2 모닝 경제 브리핑-9월 4일] 美 증시, 금리 인상 우려 완화에 3대 지...",2026-09-04,-0.0142,-0.0261,,success
175250,아이큐어,[기재정정]증권발행결과(자율공시)              (제3자배정유상증자),paid_in_capital_increase,20260903,negative,-70,C,Paid-in capital increases can create dilution concerns.,5,2,8,-6,5,"9월 3일 주식시장 주요공시 | 아이큐어, 최대주주 신주 1886만주 3년 묶는다…증자물량 78% 장기 보호예... | [N2 모닝 경제 브리핑-9월 4일] 美 증시, 금리 인상 우려 완화에 3대 지...",2026-09-04,-0.0142,-0.0261,,success
175250,아이큐어,[기재정정]증권발행결과(자율공시)              (제3자배정유상증자),paid_in_capital_increase,20260903,negative,-70,C,Paid-in capital increases can create dilution concerns.,5,2,8,-6,5,"9월 3일 주식시장 주요공시 | 아이큐어, 최대주주 신주 1886만주 3년 묶는다…증자물량 78% 장기 보호예... | [N2 모닝 경제 브리핑-9월 4일] 美 증시, 금리 인상 우려 완화에 3대 지...",2026-09-04,-0.0142,-0.0261,,success
175250,아이큐어,[기재정정]증권발행결과(자율공시)              (제3자배정유상증자),paid_in_capital_increase,20260903,negative,-70,C,Paid-in capital increases can create dilution concerns.,5,2,8,-6,5,"9월 3일 주식시장 주요공시 | 아이큐어, 최대주주 신주 1886만주 3년 묶는다…증자물량 78% 장기 보호예... | [N2 모닝 경제 브리핑-9월 4일] 美 증시, 금리 인상 우려 완화에 3대 지...",2026-09-04,-0.0142,-0.0261,,success
175250,아이큐어,[기재정정]증권발행결과(자율공시)              (제3자배정유상증자),paid_in_capital_increase,20260903,negative,-70,C,Paid-in capital increases can create dilution concerns.,5,2,8,-6,5,"9월 3일 주식시장 주요공시 | 아이큐어, 최대주주 신주 1886만주 3년 묶는다…증자물량 78% 장기 보호예... | [N2 모닝 경제 브리핑-9월 4일] 美 증시, 금리 인상 우려 완화에 3대 지...",2026-09-04,-0.0142,-0.0261,,success
175250,아이큐어,[기재정정]증권발행결과(자율공시)              (제3자배정유상증자),paid_in_capital_increase,20260903,negative,-70,C,Paid-in capital increases can create dilution concerns.,5,2,8,-6,5,"9월 3일 주식시장 주요공시 | 아이큐어, 최대주주 신주 1886만주 3년 묶는다…증자물량 78% 장기 보호예... | [N2 모닝 경제 브리핑-9월 4일] 美 증시, 금리 인상 우려 완화에 3대 지...",2026-09-04,-0.0142,-0.0261,,success
175250,아이큐어,[기재정정]증권발행결과(자율공시)              (제3자배정유상증자),paid_in_capital_increase,20260903,negative,-70,C,Paid-in capital increases can create dilution concerns.,5,2,8,-6,5,"9월 3일 주식시장 주요공시 | 아이큐어, 최대주주 신주 1886만주 3년 묶는다…증자물량 78% 장기 보호예... | [N2 모닝 경제 브리핑-9월 4일] 美 증시, 금리 인상 우려 완화에 3대 지...",2026-09-04,-0.0142,-0.0261,,success
175250,아이큐어,[기재정정]증권발행결과(자율공시)              (제3자배정유상증자),paid_in_capital_increase,20260903,negative,-70,C,Paid-in capital increases can create dilution concerns.,5,2,8,-6,5,"9월 3일 주식시장 주요공시 | 아이큐어, 최대주주 신주 1886만주 3년 묶는다…증자물량 78% 장기 보호예... | [N2 모닝 경제 브리핑-9월 4일] 美 증시, 금리 인상 우려 완화에 3대 지...",2026-09-04,-0.0142,-0.0261,,success
175250,아이큐어,[기재정정]증권발행결과(자율공시)              (제3자배정유상증자),paid_in_capital_increase,20260903,negative,-70,C,Paid-in capital increases can create dilution concerns.,5,2,8,-6,5,"9월 3일 주식시장 주요공시 | 아이큐어, 최대주주 신주 1886만주 3년 묶는다…증자물량 78% 장기 보호예... | [N2 모닝 경제 브리핑-9월 4일] 美 증시, 금리 인상 우려 완화에 3대 지...",2026-09-04,-0.0142,-0.0261,,success
175250,아이큐어,[기재정정]증권발행결과(자율공시)              (제3자배정유상증자),paid_in_capital_increase,20260903,negative,-70,C,Paid-in capital increases can create dilution concerns.,5,2,8,-6,5,"9월 3일 주식시장 주요공시 | 아이큐어, 최대주주 신주 1886만주 3년 묶는다…증자물량 78% 장기 보호예... | [N2 모닝 경제 브리핑-9월 4일] 美 증시, 금리 인상 우려 완화에 3대 지...",2026-09-04,-0.0142,-0.0261,,success
175250,아이큐어,[기재정정]증권발행결과(자율공시)              (제3자배정유상증자),paid_in_capital_increase,20260903,negative,-70,C,Paid-in capital increases can create dilution concerns.,5,2,8,-6,5,"9월 3일 주식시장 주요공시 | 아이큐어, 최대주주 신주 1886만주 3년 묶는다…증자물량 78% 장기 보호예... | [N2 모닝 경제 브리핑-9월 4일] 美 증시, 금리 인상 우려 완화에 3대 지...",2026-09-04,-0.0142,-0.0261,,success
175250,아이큐어,[기재정정]증권발행결과(자율공시)              (제3자배정유상증자),paid_in_capital_increase,20260903,negative,-70,C,Paid-in capital increases can create dilution concerns.,5,2,8,-6,5,"9월 3일 주식시장 주요공시 | 아이큐어, 최대주주 신주 1886만주 3년 묶는다…증자물량 78% 장기 보호예... | [N2 모닝 경제 브리핑-9월 4일] 美 증시, 금리 인상 우려 완화에 3대 지...",2026-09-04,-0.0142,-0.0261,,success
175250,아이큐어,[기재정정]증권발행결과(자율공시)              (제3자배정유상증자),paid_in_capital_increase,20260903,negative,-70,C,Paid-in capital increases can create dilution concerns.,5,2,8,-6,5,"9월 3일 주식시장 주요공시 | 아이큐어, 최대주주 신주 1886만주 3년 묶는다…증자물량 78% 장기 보호예... | [N2 모닝 경제 브리핑-9월 4일] 美 증시, 금리 인상 우려 완화에 3대 지...",2026-09-04,-0.0142,-0.0261,,success
175250,아이큐어,[기재정정]증권발행결과(자율공시)              (제3자배정유상증자),paid_in_capital_increase,20260903,negative,-70,C,Paid-in capital increases can create dilution concerns.,5,2,8,-6,5,"9월 3일 주식시장 주요공시 | 아이큐어, 최대주주 신주 1886만주 3년 묶는다…증자물량 78% 장기 보호예... | [N2 모닝 경제 브리핑-9월 4일] 美 증시, 금리 인상 우려 완화에 3대 지...",2026-09-04,-0.0142,-0.0261,,success
175250,아이큐어,[기재정정]증권발행결과(자율공시)              (제3자배정유상증자),paid_in_capital_increase,20260903,negative,-70,C,Paid-in capital increases can create dilution concerns.,5,2,8,-6,5,"9월 3일 주식시장 주요공시 | 아이큐어, 최대주주 신주 1886만주 3년 묶는다…증자물량 78% 장기 보호예... | [N2 모닝 경제 브리핑-9월 4일] 美 증시, 금리 인상 우려 완화에 3대 지...",2026-09-04,-0.0142,-0.0261,,success
175250,아이큐어,[기재정정]증권발행결과(자율공시)              (제3자배정유상증자),paid_in_capital_increase,20260903,negative,-70,C,Paid-in capital increases can create dilution concerns.,5,2,8,-6,5,"9월 3일 주식시장 주요공시 | 아이큐어, 최대주주 신주 1886만주 3년 묶는다…증자물량 78% 장기 보호예... | [N2 모닝 경제 브리핑-9월 4일] 美 증시, 금리 인상 우려 완화에 3대 지...",2026-09-04,-0.0142,-0.0261,,success
175250,아이큐어,[기재정정]증권발행결과(자율공시)              (제3자배정유상증자),paid_in_capital_increase,20260903,negative,-70,C,Paid-in capital increases can create dilution concerns.,5,2,8,-6,5,"9월 3일 주식시장 주요공시 | 아이큐어, 최대주주 신주 1886만주 3년 묶는다…증자물량 78% 장기 보호예... | [N2 모닝 경제 브리핑-9월 4일] 美 증시, 금리 인상 우려 완화에 3대 지...",2026-09-04,-0.0142,-0.0261,,success
291810,핀텔,유상증자최종발행가액확정              (일반공모증자-소액공모),paid_in_capital_increase,20260903,negative,-70,C,Paid-in capital increases can create dilution concerns.,5,3,6,-3,5,"9월 3일 주식시장 주요공시 | 공모자금 딴 데 굴리다 상폐위기 간 핀텔…일반 주주에 또 손 벌렸다 | [공시]관리종목 지정 핀텔, 30억 조달 사활",2026-09-04,0.0152,-0.0065,,success
291810,핀텔,유상증자최종발행가액확정              (일반공모증자-소액공모),paid_in_capital_increase,20260903,negative,-70,C,Paid-in capital increases can create dilution concerns.,5,3,6,-3,5,"9월 3일 주식시장 주요공시 | 공모자금 딴 데 굴리다 상폐위기 간 핀텔…일반 주주에 또 손 벌렸다 | [공시]관리종목 지정 핀텔, 30억 조달 사활",2026-09-04,0.0152,-0.0065,,success
291810,핀텔,유상증자최종발행가액확정              (일반공모증자-소액공모),paid_in_capital_increase,20260903,negative,-70,C,Paid-in capital increases can create dilution concerns.,5,3,6,-3,5,"9월 3일 주식시장 주요공시 | 공모자금 딴 데 굴리다 상폐위기 간 핀텔…일반 주주에 또 손 벌렸다 | [공시]관리종목 지정 핀텔, 30억 조달 사활",2026-09-04,0.0152,-0.0065,,success
291810,핀텔,유상증자최종발행가액확정              (일반공모증자-소액공모),paid_in_capital_increase,20260903,negative,-70,C,Paid-in capital increases can create dilution concerns.,5,3,6,-3,5,"9월 3일 주식시장 주요공시 | 공모자금 딴 데 굴리다 상폐위기 간 핀텔…일반 주주에 또 손 벌렸다 | [공시]관리종목 지정 핀텔, 30억 조달 사활",2026-09-04,0.0152,-0.0065,,success
291810,핀텔,유상증자최종발행가액확정              (일반공모증자-소액공모),paid_in_capital_increase,20260903,negative,-70,C,Paid-in capital increases can create dilution concerns.,5,3,6,-3,5,"9월 3일 주식시장 주요공시 | 공모자금 딴 데 굴리다 상폐위기 간 핀텔…일반 주주에 또 손 벌렸다 | [공시]관리종목 지정 핀텔, 30억 조달 사활",2026-09-04,0.0152,-0.0065,,success
291810,핀텔,유상증자최종발행가액확정              (일반공모증자-소액공모),paid_in_capital_increase,20260903,negative,-70,C,Paid-in capital increases can create dilution concerns.,5,3,6,-3,5,"9월 3일 주식시장 주요공시 | 공모자금 딴 데 굴리다 상폐위기 간 핀텔…일반 주주에 또 손 벌렸다 | [공시]관리종목 지정 핀텔, 30억 조달 사활",2026-09-04,0.0152,-0.0065,,success
291810,핀텔,유상증자최종발행가액확정              (일반공모증자-소액공모),paid_in_capital_increase,20260903,negative,-70,C,Paid-in capital increases can create dilution concerns.,5,3,6,-3,5,"9월 3일 주식시장 주요공시 | 공모자금 딴 데 굴리다 상폐위기 간 핀텔…일반 주주에 또 손 벌렸다 | [공시]관리종목 지정 핀텔, 30억 조달 사활",2026-09-04,0.0152,-0.0065,,success
291810,핀텔,유상증자최종발행가액확정              (일반공모증자-소액공모),paid_in_capital_increase,20260903,negative,-70,C,Paid-in capital increases can create dilution concerns.,5,3,6,-3,5,"9월 3일 주식시장 주요공시 | 공모자금 딴 데 굴리다 상폐위기 간 핀텔…일반 주주에 또 손 벌렸다 | [공시]관리종목 지정 핀텔, 30억 조달 사활",2026-09-04,0.0152,-0.0065,,success
291810,핀텔,유상증자최종발행가액확정              (일반공모증자-소액공모),paid_in_capital_increase,20260903,negative,-70,C,Paid-in capital increases can create dilution concerns.,5,3,6,-3,5,"9월 3일 주식시장 주요공시 | 공모자금 딴 데 굴리다 상폐위기 간 핀텔…일반 주주에 또 손 벌렸다 | [공시]관리종목 지정 핀텔, 30억 조달 사활",2026-09-04,0.0152,-0.0065,,success
291810,핀텔,유상증자최종발행가액확정              (일반공모증자-소액공모),paid_in_capital_increase,20260903,negative,-70,C,Paid-in capital increases can create dilution concerns.,5,3,6,-3,5,"9월 3일 주식시장 주요공시 | 공모자금 딴 데 굴리다 상폐위기 간 핀텔…일반 주주에 또 손 벌렸다 | [공시]관리종목 지정 핀텔, 30억 조달 사활",2026-09-04,0.0152,-0.0065,,success
291810,핀텔,유상증자최종발행가액확정              (일반공모증자-소액공모),paid_in_capital_increase,20260903,negative,-70,C,Paid-in capital increases can create dilution concerns.,5,3,6,-3,5,"9월 3일 주식시장 주요공시 | 공모자금 딴 데 굴리다 상폐위기 간 핀텔…일반 주주에 또 손 벌렸다 | [공시]관리종목 지정 핀텔, 30억 조달 사활",2026-09-04,0.0152,-0.0065,,success
291810,핀텔,유상증자최종발행가액확정              (일반공모증자-소액공모),paid_in_capital_increase,20260903,negative,-70,C,Paid-in capital increases can create dilution concerns.,5,3,6,-3,5,"9월 3일 주식시장 주요공시 | 공모자금 딴 데 굴리다 상폐위기 간 핀텔…일반 주주에 또 손 벌렸다 | [공시]관리종목 지정 핀텔, 30억 조달 사활",2026-09-04,0.0152,-0.0065,,success
291810,핀텔,유상증자최종발행가액확정              (일반공모증자-소액공모),paid_in_capital_increase,20260903,negative,-70,C,Paid-in capital increases can create dilution concerns.,5,3,6,-3,5,"9월 3일 주식시장 주요공시 | 공모자금 딴 데 굴리다 상폐위기 간 핀텔…일반 주주에 또 손 벌렸다 | [공시]관리종목 지정 핀텔, 30억 조달 사활",2026-09-04,0.0152,-0.0065,,success
291810,핀텔,유상증자최종발행가액확정              (일반공모증자-소액공모),paid_in_capital_increase,20260903,negative,-70,C,Paid-in capital increases can create dilution concerns.,5,3,6,-3,5,"9월 3일 주식시장 주요공시 | 공모자금 딴 데 굴리다 상폐위기 간 핀텔…일반 주주에 또 손 벌렸다 | [공시]관리종목 지정 핀텔, 30억 조달 사활",2026-09-04,0.0152,-0.0065,,success
291810,핀텔,유상증자최종발행가액확정              (일반공모증자-소액공모),paid_in_capital_increase,20260903,negative,-70,C,Paid-in capital increases can create dilution concerns.,5,3,6,-3,5,"9월 3일 주식시장 주요공시 | 공모자금 딴 데 굴리다 상폐위기 간 핀텔…일반 주주에 또 손 벌렸다 | [공시]관리종목 지정 핀텔, 30억 조달 사활",2026-09-04,0.0152,-0.0065,,success
291810,핀텔,유상증자최종발행가액확정              (일반공모증자-소액공모),paid_in_capital_increase,20260903,negative,-70,C,Paid-in capital increases can create dilution concerns.,5,3,6,-3,5,"9월 3일 주식시장 주요공시 | 공모자금 딴 데 굴리다 상폐위기 간 핀텔…일반 주주에 또 손 벌렸다 | [공시]관리종목 지정 핀텔, 30억 조달 사활",2026-09-04,0.0152,-0.0065,,success
291810,핀텔,유상증자최종발행가액확정              (일반공모증자-소액공모),paid_in_capital_increase,20260903,negative,-70,C,Paid-in capital increases can create dilution concerns.,5,3,6,-3,5,"9월 3일 주식시장 주요공시 | 공모자금 딴 데 굴리다 상폐위기 간 핀텔…일반 주주에 또 손 벌렸다 | [공시]관리종목 지정 핀텔, 30억 조달 사활",2026-09-04,0.0152,-0.0065,,success
291810,핀텔,유상증자최종발행가액확정              (일반공모증자-소액공모),paid_in_capital_increase,20260903,negative,-70,C,Paid-in capital increases can create dilution concerns.,5,3,6,-3,5,"9월 3일 주식시장 주요공시 | 공모자금 딴 데 굴리다 상폐위기 간 핀텔…일반 주주에 또 손 벌렸다 | [공시]관리종목 지정 핀텔, 30억 조달 사활",2026-09-04,0.0152,-0.0065,,success
291810,핀텔,유상증자최종발행가액확정              (일반공모증자-소액공모),paid_in_capital_increase,20260903,negative,-70,C,Paid-in capital increases can create dilution concerns.,5,3,6,-3,5,"9월 3일 주식시장 주요공시 | 공모자금 딴 데 굴리다 상폐위기 간 핀텔…일반 주주에 또 손 벌렸다 | [공시]관리종목 지정 핀텔, 30억 조달 사활",2026-09-04,0.0152,-0.0065,,success
291810,핀텔,유상증자최종발행가액확정              (일반공모증자-소액공모),paid_in_capital_increase,20260903,negative,-70,C,Paid-in capital increases can create dilution concerns.,5,3,6,-3,5,"9월 3일 주식시장 주요공시 | 공모자금 딴 데 굴리다 상폐위기 간 핀텔…일반 주주에 또 손 벌렸다 | [공시]관리종목 지정 핀텔, 30억 조달 사활",2026-09-04,0.0152,-0.0065,,success
291810,핀텔,유상증자최종발행가액확정              (일반공모증자-소액공모),paid_in_capital_increase,20260903,negative,-70,C,Paid-in capital increases can create dilution concerns.,5,3,6,-3,5,"9월 3일 주식시장 주요공시 | 공모자금 딴 데 굴리다 상폐위기 간 핀텔…일반 주주에 또 손 벌렸다 | [공시]관리종목 지정 핀텔, 30억 조달 사활",2026-09-04,0.0152,-0.0065,,success
291810,핀텔,유상증자최종발행가액확정              (일반공모증자-소액공모),paid_in_capital_increase,20260903,negative,-70,C,Paid-in capital increases can create dilution concerns.,5,3,6,-3,5,"9월 3일 주식시장 주요공시 | 공모자금 딴 데 굴리다 상폐위기 간 핀텔…일반 주주에 또 손 벌렸다 | [공시]관리종목 지정 핀텔, 30억 조달 사활",2026-09-04,0.0152,-0.0065,,success
291810,핀텔,유상증자최종발행가액확정              (일반공모증자-소액공모),paid_in_capital_increase,20260903,negative,-70,C,Paid-in capital increases can create dilution concerns.,5,3,6,-3,5,"9월 3일 주식시장 주요공시 | 공모자금 딴 데 굴리다 상폐위기 간 핀텔…일반 주주에 또 손 벌렸다 | [공시]관리종목 지정 핀텔, 30억 조달 사활",2026-09-04,0.0152,-0.0065,,success
291810,핀텔,유상증자최종발행가액확정              (일반공모증자-소액공모),paid_in_capital_increase,20260903,negative,-70,C,Paid-in capital increases can create dilution concerns.,5,3,6,-3,5,"9월 3일 주식시장 주요공시 | 공모자금 딴 데 굴리다 상폐위기 간 핀텔…일반 주주에 또 손 벌렸다 | [공시]관리종목 지정 핀텔, 30억 조달 사활",2026-09-04,0.0152,-0.0065,,success
291810,핀텔,유상증자최종발행가액확정              (일반공모증자-소액공모),paid_in_capital_increase,20260903,negative,-70,C,Paid-in capital increases can create dilution concerns.,5,3,6,-3,5,"9월 3일 주식시장 주요공시 | 공모자금 딴 데 굴리다 상폐위기 간 핀텔…일반 주주에 또 손 벌렸다 | [공시]관리종목 지정 핀텔, 30억 조달 사활",2026-09-04,0.0152,-0.0065,,success
291810,핀텔,유상증자최종발행가액확정              (일반공모증자-소액공모),paid_in_capital_increase,20260903,negative,-70,C,Paid-in capital increases can create dilution concerns.,5,3,6,-3,5,"9월 3일 주식시장 주요공시 | 공모자금 딴 데 굴리다 상폐위기 간 핀텔…일반 주주에 또 손 벌렸다 | [공시]관리종목 지정 핀텔, 30억 조달 사활",2026-09-04,0.0152,-0.0065,,success
291810,핀텔,유상증자최종발행가액확정              (일반공모증자-소액공모),paid_in_capital_increase,20260903,negative,-70,C,Paid-in capital increases can create dilution concerns.,5,3,6,-3,5,"9월 3일 주식시장 주요공시 | 공모자금 딴 데 굴리다 상폐위기 간 핀텔…일반 주주에 또 손 벌렸다 | [공시]관리종목 지정 핀텔, 30억 조달 사활",2026-09-04,0.0152,-0.0065,,success
291810,핀텔,유상증자최종발행가액확정              (일반공모증자-소액공모),paid_in_capital_increase,20260903,negative,-70,C,Paid-in capital increases can create dilution concerns.,5,3,6,-3,5,"9월 3일 주식시장 주요공시 | 공모자금 딴 데 굴리다 상폐위기 간 핀텔…일반 주주에 또 손 벌렸다 | [공시]관리종목 지정 핀텔, 30억 조달 사활",2026-09-04,0.0152,-0.0065,,success
291810,핀텔,유상증자최종발행가액확정              (일반공모증자-소액공모),paid_in_capital_increase,20260903,negative,-70,C,Paid-in capital increases can create dilution concerns.,5,3,6,-3,5,"9월 3일 주식시장 주요공시 | 공모자금 딴 데 굴리다 상폐위기 간 핀텔…일반 주주에 또 손 벌렸다 | [공시]관리종목 지정 핀텔, 30억 조달 사활",2026-09-04,0.0152,-0.0065,,success
291810,핀텔,유상증자최종발행가액확정              (일반공모증자-소액공모),paid_in_capital_increase,20260903,negative,-70,C,Paid-in capital increases can create dilution concerns.,5,3,6,-3,5,"9월 3일 주식시장 주요공시 | 공모자금 딴 데 굴리다 상폐위기 간 핀텔…일반 주주에 또 손 벌렸다 | [공시]관리종목 지정 핀텔, 30억 조달 사활",2026-09-04,0.0152,-0.0065,,success
291810,핀텔,유상증자최종발행가액확정              (일반공모증자-소액공모),paid_in_capital_increase,20260903,negative,-70,C,Paid-in capital increases can create dilution concerns.,5,3,6,-3,5,"9월 3일 주식시장 주요공시 | 공모자금 딴 데 굴리다 상폐위기 간 핀텔…일반 주주에 또 손 벌렸다 | [공시]관리종목 지정 핀텔, 30억 조달 사활",2026-09-04,0.0152,-0.0065,,success
291810,핀텔,유상증자최종발행가액확정              (일반공모증자-소액공모),paid_in_capital_increase,20260903,negative,-70,C,Paid-in capital increases can create dilution concerns.,5,3,6,-3,5,"9월 3일 주식시장 주요공시 | 공모자금 딴 데 굴리다 상폐위기 간 핀텔…일반 주주에 또 손 벌렸다 | [공시]관리종목 지정 핀텔, 30억 조달 사활",2026-09-04,0.0152,-0.0065,,success
291810,핀텔,유상증자최종발행가액확정              (일반공모증자-소액공모),paid_in_capital_increase,20260903,negative,-70,C,Paid-in capital increases can create dilution concerns.,5,3,6,-3,5,"9월 3일 주식시장 주요공시 | 공모자금 딴 데 굴리다 상폐위기 간 핀텔…일반 주주에 또 손 벌렸다 | [공시]관리종목 지정 핀텔, 30억 조달 사활",2026-09-04,0.0152,-0.0065,,success
291810,핀텔,유상증자최종발행가액확정              (일반공모증자-소액공모),paid_in_capital_increase,20260903,negative,-70,C,Paid-in capital increases can create dilution concerns.,5,3,6,-3,5,"9월 3일 주식시장 주요공시 | 공모자금 딴 데 굴리다 상폐위기 간 핀텔…일반 주주에 또 손 벌렸다 | [공시]관리종목 지정 핀텔, 30억 조달 사활",2026-09-04,0.0152,-0.0065,,success
291810,핀텔,유상증자최종발행가액확정              (일반공모증자-소액공모),paid_in_capital_increase,20260903,negative,-70,C,Paid-in capital increases can create dilution concerns.,5,3,6,-3,5,"9월 3일 주식시장 주요공시 | 공모자금 딴 데 굴리다 상폐위기 간 핀텔…일반 주주에 또 손 벌렸다 | [공시]관리종목 지정 핀텔, 30억 조달 사활",2026-09-04,0.0152,-0.0065,,success
291810,핀텔,유상증자최종발행가액확정              (일반공모증자-소액공모),paid_in_capital_increase,20260903,negative,-70,C,Paid-in capital increases can create dilution concerns.,5,3,6,-3,5,"9월 3일 주식시장 주요공시 | 공모자금 딴 데 굴리다 상폐위기 간 핀텔…일반 주주에 또 손 벌렸다 | [공시]관리종목 지정 핀텔, 30억 조달 사활",2026-09-04,0.0152,-0.0065,,success
291810,핀텔,유상증자최종발행가액확정              (일반공모증자-소액공모),paid_in_capital_increase,20260903,negative,-70,C,Paid-in capital increases can create dilution concerns.,5,3,6,-3,5,"9월 3일 주식시장 주요공시 | 공모자금 딴 데 굴리다 상폐위기 간 핀텔…일반 주주에 또 손 벌렸다 | [공시]관리종목 지정 핀텔, 30억 조달 사활",2026-09-04,0.0152,-0.0065,,success
291810,핀텔,유상증자최종발행가액확정              (일반공모증자-소액공모),paid_in_capital_increase,20260903,negative,-70,C,Paid-in capital increases can create dilution concerns.,5,3,6,-3,5,"9월 3일 주식시장 주요공시 | 공모자금 딴 데 굴리다 상폐위기 간 핀텔…일반 주주에 또 손 벌렸다 | [공시]관리종목 지정 핀텔, 30억 조달 사활",2026-09-04,0.0152,-0.0065,,success
291810,핀텔,유상증자최종발행가액확정              (일반공모증자-소액공모),paid_in_capital_increase,20260903,negative,-70,C,Paid-in capital increases can create dilution concerns.,5,3,6,-3,5,"9월 3일 주식시장 주요공시 | 공모자금 딴 데 굴리다 상폐위기 간 핀텔…일반 주주에 또 손 벌렸다 | [공시]관리종목 지정 핀텔, 30억 조달 사활",2026-09-04,0.0152,-0.0065,,success
291810,핀텔,유상증자최종발행가액확정              (일반공모증자-소액공모),paid_in_capital_increase,20260903,negative,-70,C,Paid-in capital increases can create dilution concerns.,5,3,6,-3,5,"9월 3일 주식시장 주요공시 | 공모자금 딴 데 굴리다 상폐위기 간 핀텔…일반 주주에 또 손 벌렸다 | [공시]관리종목 지정 핀텔, 30억 조달 사활",2026-09-04,0.0152,-0.0065,,success
291810,핀텔,유상증자최종발행가액확정              (일반공모증자-소액공모),paid_in_capital_increase,20260903,negative,-70,C,Paid-in capital increases can create dilution concerns.,5,3,6,-3,5,"9월 3일 주식시장 주요공시 | 공모자금 딴 데 굴리다 상폐위기 간 핀텔…일반 주주에 또 손 벌렸다 | [공시]관리종목 지정 핀텔, 30억 조달 사활",2026-09-04,0.0152,-0.0065,,success
291810,핀텔,유상증자최종발행가액확정              (일반공모증자-소액공모),paid_in_capital_increase,20260903,negative,-70,C,Paid-in capital increases can create dilution concerns.,5,3,6,-3,5,"9월 3일 주식시장 주요공시 | 공모자금 딴 데 굴리다 상폐위기 간 핀텔…일반 주주에 또 손 벌렸다 | [공시]관리종목 지정 핀텔, 30억 조달 사활",2026-09-04,0.0152,-0.0065,,success
291810,핀텔,유상증자최종발행가액확정              (일반공모증자-소액공모),paid_in_capital_increase,20260903,negative,-70,C,Paid-in capital increases can create dilution concerns.,5,3,6,-3,5,"9월 3일 주식시장 주요공시 | 공모자금 딴 데 굴리다 상폐위기 간 핀텔…일반 주주에 또 손 벌렸다 | [공시]관리종목 지정 핀텔, 30억 조달 사활",2026-09-04,0.0152,-0.0065,,success
291810,핀텔,유상증자최종발행가액확정              (일반공모증자-소액공모),paid_in_capital_increase,20260903,negative,-70,C,Paid-in capital increases can create dilution concerns.,5,3,6,-3,5,"9월 3일 주식시장 주요공시 | 공모자금 딴 데 굴리다 상폐위기 간 핀텔…일반 주주에 또 손 벌렸다 | [공시]관리종목 지정 핀텔, 30억 조달 사활",2026-09-04,0.0152,-0.0065,,success
291810,핀텔,유상증자최종발행가액확정              (일반공모증자-소액공모),paid_in_capital_increase,20260903,negative,-70,C,Paid-in capital increases can create dilution concerns.,5,3,6,-3,5,"9월 3일 주식시장 주요공시 | 공모자금 딴 데 굴리다 상폐위기 간 핀텔…일반 주주에 또 손 벌렸다 | [공시]관리종목 지정 핀텔, 30억 조달 사활",2026-09-04,0.0152,-0.0065,,success
291810,핀텔,유상증자최종발행가액확정              (일반공모증자-소액공모),paid_in_capital_increase,20260903,negative,-70,C,Paid-in capital increases can create dilution concerns.,5,3,6,-3,5,"9월 3일 주식시장 주요공시 | 공모자금 딴 데 굴리다 상폐위기 간 핀텔…일반 주주에 또 손 벌렸다 | [공시]관리종목 지정 핀텔, 30억 조달 사활",2026-09-04,0.0152,-0.0065,,success
291810,핀텔,유상증자최종발행가액확정              (일반공모증자-소액공모),paid_in_capital_increase,20260903,negative,-70,C,Paid-in capital increases can create dilution concerns.,5,3,6,-3,5,"9월 3일 주식시장 주요공시 | 공모자금 딴 데 굴리다 상폐위기 간 핀텔…일반 주주에 또 손 벌렸다 | [공시]관리종목 지정 핀텔, 30억 조달 사활",2026-09-04,0.0152,-0.0065,,success
291810,핀텔,유상증자최종발행가액확정              (일반공모증자-소액공모),paid_in_capital_increase,20260903,negative,-70,C,Paid-in capital increases can create dilution concerns.,5,3,6,-3,5,"9월 3일 주식시장 주요공시 | 공모자금 딴 데 굴리다 상폐위기 간 핀텔…일반 주주에 또 손 벌렸다 | [공시]관리종목 지정 핀텔, 30억 조달 사활",2026-09-04,0.0152,-0.0065,,success
002990,금호건설,[기재정정]단일판매ㆍ공급계약체결              ,supply_contract,20260903,positive,70,C,Supply contract disclosures may indicate future revenue growth.,5,3,4,-1,5,"9월 3일 주식시장 주요공시 | '성장에만 눈멀었나'…신호철 카카오페이증권, 민원 829% 폭증에 금감원... | SK하이닉스·삼성전자 거래대금 7.7조…포스코인터내셔널 2조",2026-09-04,0.0,0.017,,success
096240,크레버스,[기재정정]최대주주변경을수반하는주식담보제공계약체결              ,major_shareholder_change,20260903,volatile,10,C,Major shareholder changes can increase volatility depending on context.,5,5,3,2,5,"9월 3일 주식시장 주요공시 | [공시]크레버스 김영화 회장, 장내매수·주식담보계약 | [더벨][Company Watch] 크레버스, 부채비율 개선 위해 세일즈앤리스백 추...",2026-09-04,0.0,-0.0091,,failure
096240,크레버스,[기재정정]최대주주변경을수반하는주식담보제공계약체결              ,major_shareholder_change,20260903,volatile,10,C,Major shareholder changes can increase volatility depending on context.,5,5,3,2,5,"9월 3일 주식시장 주요공시 | [공시]크레버스 김영화 회장, 장내매수·주식담보계약 | [더벨][Company Watch] 크레버스, 부채비율 개선 위해 세일즈앤리스백 추...",2026-09-04,0.0,-0.0091,,failure
096240,크레버스,[기재정정]최대주주변경을수반하는주식담보제공계약체결              ,major_shareholder_change,20260903,volatile,10,C,Major shareholder changes can increase volatility depending on context.,5,5,3,2,5,"9월 3일 주식시장 주요공시 | [공시]크레버스 김영화 회장, 장내매수·주식담보계약 | [더벨][Company Watch] 크레버스, 부채비율 개선 위해 세일즈앤리스백 추...",2026-09-04,0.0,-0.0091,,failure
226340,본느,[기재정정]주요사항보고서(소송등의제기),lawsuit,20260903,negative,-75,C,Lawsuits may increase uncertainty and downside risk.,5,4,4,0,5,"9월 3일 주식시장 주요공시 | [공시]본느, 최대주주 변경 앞두고 22억 피소 | “한 달 새 2배 넘게 뛴 종목만 무려”…8월 급등주, 누가 샀을까",2026-09-04,-0.0456,-0.014,,success
226340,본느,[기재정정]주요사항보고서(소송등의제기),lawsuit,20260903,negative,-75,C,Lawsuits may increase uncertainty and downside risk.,5,4,4,0,5,"9월 3일 주식시장 주요공시 | [공시]본느, 최대주주 변경 앞두고 22억 피소 | “한 달 새 2배 넘게 뛴 종목만 무려”…8월 급등주, 누가 샀을까",2026-09-04,-0.0456,-0.014,,success
226340,본느,[기재정정]주요사항보고서(소송등의제기),lawsuit,20260903,negative,-75,C,Lawsuits may increase uncertainty and downside risk.,5,4,4,0,5,"9월 3일 주식시장 주요공시 | [공시]본느, 최대주주 변경 앞두고 22억 피소 | “한 달 새 2배 넘게 뛴 종목만 무려”…8월 급등주, 누가 샀을까",2026-09-04,-0.0456,-0.014,,success
226340,본느,[기재정정]주요사항보고서(소송등의제기),lawsuit,20260903,negative,-75,C,Lawsuits may increase uncertainty and downside risk.,5,4,4,0,5,"9월 3일 주식시장 주요공시 | [공시]본느, 최대주주 변경 앞두고 22억 피소 | “한 달 새 2배 넘게 뛴 종목만 무려”…8월 급등주, 누가 샀을까",2026-09-04,-0.0456,-0.014,,success
226340,본느,[기재정정]주요사항보고서(소송등의제기),lawsuit,20260903,negative,-75,C,Lawsuits may increase uncertainty and downside risk.,5,4,4,0,5,"9월 3일 주식시장 주요공시 | [공시]본느, 최대주주 변경 앞두고 22억 피소 | “한 달 새 2배 넘게 뛴 종목만 무려”…8월 급등주, 누가 샀을까",2026-09-04,-0.0456,-0.014,,success
226340,본느,[기재정정]주요사항보고서(소송등의제기),lawsuit,20260903,negative,-75,C,Lawsuits may increase uncertainty and downside risk.,5,4,4,0,5,"9월 3일 주식시장 주요공시 | [공시]본느, 최대주주 변경 앞두고 22억 피소 | “한 달 새 2배 넘게 뛴 종목만 무려”…8월 급등주, 누가 샀을까",2026-09-04,-0.0456,-0.014,,success
226340,본느,[기재정정]주요사항보고서(소송등의제기),lawsuit,20260903,negative,-75,C,Lawsuits may increase uncertainty and downside risk.,5,4,4,0,5,"9월 3일 주식시장 주요공시 | [공시]본느, 최대주주 변경 앞두고 22억 피소 | “한 달 새 2배 넘게 뛴 종목만 무려”…8월 급등주, 누가 샀을까",2026-09-04,-0.0456,-0.014,,success
226340,본느,[기재정정]주요사항보고서(소송등의제기),lawsuit,20260903,negative,-75,C,Lawsuits may increase uncertainty and downside risk.,5,4,4,0,5,"9월 3일 주식시장 주요공시 | [공시]본느, 최대주주 변경 앞두고 22억 피소 | “한 달 새 2배 넘게 뛴 종목만 무려”…8월 급등주, 누가 샀을까",2026-09-04,-0.0456,-0.014,,success
226340,본느,[기재정정]주요사항보고서(소송등의제기),lawsuit,20260903,negative,-75,C,Lawsuits may increase uncertainty and downside risk.,5,4,4,0,5,"9월 3일 주식시장 주요공시 | [공시]본느, 최대주주 변경 앞두고 22억 피소 | “한 달 새 2배 넘게 뛴 종목만 무려”…8월 급등주, 누가 샀을까",2026-09-04,-0.0456,-0.014,,success
226340,본느,[기재정정]주요사항보고서(소송등의제기),lawsuit,20260903,negative,-75,C,Lawsuits may increase uncertainty and downside risk.,5,4,4,0,5,"9월 3일 주식시장 주요공시 | [공시]본느, 최대주주 변경 앞두고 22억 피소 | “한 달 새 2배 넘게 뛴 종목만 무려”…8월 급등주, 누가 샀을까",2026-09-04,-0.0456,-0.014,,success
226340,본느,[기재정정]주요사항보고서(소송등의제기),lawsuit,20260903,negative,-75,C,Lawsuits may increase uncertainty and downside risk.,5,4,4,0,5,"9월 3일 주식시장 주요공시 | [공시]본느, 최대주주 변경 앞두고 22억 피소 | “한 달 새 2배 넘게 뛴 종목만 무려”…8월 급등주, 누가 샀을까",2026-09-04,-0.0456,-0.014,,success
226340,본느,[기재정정]주요사항보고서(소송등의제기),lawsuit,20260903,negative,-75,C,Lawsuits may increase uncertainty and downside risk.,5,4,4,0,5,"9월 3일 주식시장 주요공시 | [공시]본느, 최대주주 변경 앞두고 22억 피소 | “한 달 새 2배 넘게 뛴 종목만 무려”…8월 급등주, 누가 샀을까",2026-09-04,-0.0456,-0.014,,success
226340,본느,[기재정정]주요사항보고서(소송등의제기),lawsuit,20260903,negative,-75,C,Lawsuits may increase uncertainty and downside risk.,5,4,4,0,5,"9월 3일 주식시장 주요공시 | [공시]본느, 최대주주 변경 앞두고 22억 피소 | “한 달 새 2배 넘게 뛴 종목만 무려”…8월 급등주, 누가 샀을까",2026-09-04,-0.0456,-0.014,,success
226340,본느,[기재정정]주요사항보고서(소송등의제기),lawsuit,20260903,negative,-75,C,Lawsuits may increase uncertainty and downside risk.,5,4,4,0,5,"9월 3일 주식시장 주요공시 | [공시]본느, 최대주주 변경 앞두고 22억 피소 | “한 달 새 2배 넘게 뛴 종목만 무려”…8월 급등주, 누가 샀을까",2026-09-04,-0.0456,-0.014,,success
226340,본느,[기재정정]주요사항보고서(소송등의제기),lawsuit,20260903,negative,-75,C,Lawsuits may increase uncertainty and downside risk.,5,4,4,0,5,"9월 3일 주식시장 주요공시 | [공시]본느, 최대주주 변경 앞두고 22억 피소 | “한 달 새 2배 넘게 뛴 종목만 무려”…8월 급등주, 누가 샀을까",2026-09-04,-0.0456,-0.014,,success
226340,본느,[기재정정]주요사항보고서(소송등의제기),lawsuit,20260903,negative,-75,C,Lawsuits may increase uncertainty and downside risk.,5,4,4,0,5,"9월 3일 주식시장 주요공시 | [공시]본느, 최대주주 변경 앞두고 22억 피소 | “한 달 새 2배 넘게 뛴 종목만 무려”…8월 급등주, 누가 샀을까",2026-09-04,-0.0456,-0.014,,success
226340,본느,[기재정정]주요사항보고서(소송등의제기),lawsuit,20260903,negative,-75,C,Lawsuits may increase uncertainty and downside risk.,5,4,4,0,5,"9월 3일 주식시장 주요공시 | [공시]본느, 최대주주 변경 앞두고 22억 피소 | “한 달 새 2배 넘게 뛴 종목만 무려”…8월 급등주, 누가 샀을까",2026-09-04,-0.0456,-0.014,,success
226340,본느,[기재정정]주요사항보고서(소송등의제기),lawsuit,20260903,negative,-75,C,Lawsuits may increase uncertainty and downside risk.,5,4,4,0,5,"9월 3일 주식시장 주요공시 | [공시]본느, 최대주주 변경 앞두고 22억 피소 | “한 달 새 2배 넘게 뛴 종목만 무려”…8월 급등주, 누가 샀을까",2026-09-04,-0.0456,-0.014,,success
226340,본느,[기재정정]주요사항보고서(소송등의제기),lawsuit,20260903,negative,-75,C,Lawsuits may increase uncertainty and downside risk.,5,4,4,0,5,"9월 3일 주식시장 주요공시 | [공시]본느, 최대주주 변경 앞두고 22억 피소 | “한 달 새 2배 넘게 뛴 종목만 무려”…8월 급등주, 누가 샀을까",2026-09-04,-0.0456,-0.014,,success
226340,본느,[기재정정]주요사항보고서(소송등의제기),lawsuit,20260903,negative,-75,C,Lawsuits may increase uncertainty and downside risk.,5,4,4,0,5,"9월 3일 주식시장 주요공시 | [공시]본느, 최대주주 변경 앞두고 22억 피소 | “한 달 새 2배 넘게 뛴 종목만 무려”…8월 급등주, 누가 샀을까",2026-09-04,-0.0456,-0.014,,success
226340,본느,[기재정정]주요사항보고서(소송등의제기),lawsuit,20260903,negative,-75,C,Lawsuits may increase uncertainty and downside risk.,5,4,4,0,5,"9월 3일 주식시장 주요공시 | [공시]본느, 최대주주 변경 앞두고 22억 피소 | “한 달 새 2배 넘게 뛴 종목만 무려”…8월 급등주, 누가 샀을까",2026-09-04,-0.0456,-0.014,,success
226340,본느,[기재정정]주요사항보고서(소송등의제기),lawsuit,20260903,negative,-75,C,Lawsuits may increase uncertainty and downside risk.,5,4,4,0,5,"9월 3일 주식시장 주요공시 | [공시]본느, 최대주주 변경 앞두고 22억 피소 | “한 달 새 2배 넘게 뛴 종목만 무려”…8월 급등주, 누가 샀을까",2026-09-04,-0.0456,-0.014,,success
226340,본느,[기재정정]주요사항보고서(소송등의제기),lawsuit,20260903,negative,-75,C,Lawsuits may increase uncertainty and downside risk.,5,4,4,0,5,"9월 3일 주식시장 주요공시 | [공시]본느, 최대주주 변경 앞두고 22억 피소 | “한 달 새 2배 넘게 뛴 종목만 무려”…8월 급등주, 누가 샀을까",2026-09-04,-0.0456,-0.014,,success
226340,본느,[기재정정]주요사항보고서(소송등의제기),lawsuit,20260903,negative,-75,C,Lawsuits may increase uncertainty and downside risk.,5,4,4,0,5,"9월 3일 주식시장 주요공시 | [공시]본느, 최대주주 변경 앞두고 22억 피소 | “한 달 새 2배 넘게 뛴 종목만 무려”…8월 급등주, 누가 샀을까",2026-09-04,-0.0456,-0.014,,success
226340,본느,[기재정정]주요사항보고서(소송등의제기),lawsuit,20260903,negative,-75,C,Lawsuits may increase uncertainty and downside risk.,5,4,4,0,5,"9월 3일 주식시장 주요공시 | [공시]본느, 최대주주 변경 앞두고 22억 피소 | “한 달 새 2배 넘게 뛴 종목만 무려”…8월 급등주, 누가 샀을까",2026-09-04,-0.0456,-0.014,,success
226340,본느,[기재정정]주요사항보고서(소송등의제기),lawsuit,20260903,negative,-75,C,Lawsuits may increase uncertainty and downside risk.,5,4,4,0,5,"9월 3일 주식시장 주요공시 | [공시]본느, 최대주주 변경 앞두고 22억 피소 | “한 달 새 2배 넘게 뛴 종목만 무려”…8월 급등주, 누가 샀을까",2026-09-04,-0.0456,-0.014,,success
226340,본느,[기재정정]주요사항보고서(소송등의제기),lawsuit,20260903,negative,-75,C,Lawsuits may increase uncertainty and downside risk.,5,4,4,0,5,"9월 3일 주식시장 주요공시 | [공시]본느, 최대주주 변경 앞두고 22억 피소 | “한 달 새 2배 넘게 뛴 종목만 무려”…8월 급등주, 누가 샀을까",2026-09-04,-0.0456,-0.014,,success
226340,본느,[기재정정]주요사항보고서(소송등의제기),lawsuit,20260903,negative,-75,C,Lawsuits may increase uncertainty and downside risk.,5,4,4,0,5,"9월 3일 주식시장 주요공시 | [공시]본느, 최대주주 변경 앞두고 22억 피소 | “한 달 새 2배 넘게 뛴 종목만 무려”…8월 급등주, 누가 샀을까",2026-09-04,-0.0456,-0.014,,success
226340,본느,[기재정정]주요사항보고서(소송등의제기),lawsuit,20260903,negative,-75,C,Lawsuits may increase uncertainty and downside risk.,5,4,4,0,5,"9월 3일 주식시장 주요공시 | [공시]본느, 최대주주 변경 앞두고 22억 피소 | “한 달 새 2배 넘게 뛴 종목만 무려”…8월 급등주, 누가 샀을까",2026-09-04,-0.0456,-0.014,,success
226340,본느,[기재정정]주요사항보고서(소송등의제기),lawsuit,20260903,negative,-75,C,Lawsuits may increase uncertainty and downside risk.,5,4,4,0,5,"9월 3일 주식시장 주요공시 | [공시]본느, 최대주주 변경 앞두고 22억 피소 | “한 달 새 2배 넘게 뛴 종목만 무려”…8월 급등주, 누가 샀을까",2026-09-04,-0.0456,-0.014,,success
226340,본느,[기재정정]주요사항보고서(소송등의제기),lawsuit,20260903,negative,-75,C,Lawsuits may increase uncertainty and downside risk.,5,4,4,0,5,"9월 3일 주식시장 주요공시 | [공시]본느, 최대주주 변경 앞두고 22억 피소 | “한 달 새 2배 넘게 뛴 종목만 무려”…8월 급등주, 누가 샀을까",2026-09-04,-0.0456,-0.014,,success
226340,본느,[기재정정]주요사항보고서(소송등의제기),lawsuit,20260903,negative,-75,C,Lawsuits may increase uncertainty and downside risk.,5,4,4,0,5,"9월 3일 주식시장 주요공시 | [공시]본느, 최대주주 변경 앞두고 22억 피소 | “한 달 새 2배 넘게 뛴 종목만 무려”…8월 급등주, 누가 샀을까",2026-09-04,-0.0456,-0.014,,success
226340,본느,[기재정정]주요사항보고서(소송등의제기),lawsuit,20260903,negative,-75,C,Lawsuits may increase uncertainty and downside risk.,5,4,4,0,5,"9월 3일 주식시장 주요공시 | [공시]본느, 최대주주 변경 앞두고 22억 피소 | “한 달 새 2배 넘게 뛴 종목만 무려”…8월 급등주, 누가 샀을까",2026-09-04,-0.0456,-0.014,,success
226340,본느,[기재정정]주요사항보고서(소송등의제기),lawsuit,20260903,negative,-75,C,Lawsuits may increase uncertainty and downside risk.,5,4,4,0,5,"9월 3일 주식시장 주요공시 | [공시]본느, 최대주주 변경 앞두고 22억 피소 | “한 달 새 2배 넘게 뛴 종목만 무려”…8월 급등주, 누가 샀을까",2026-09-04,-0.0456,-0.014,,success
226340,본느,[기재정정]주요사항보고서(소송등의제기),lawsuit,20260903,negative,-75,C,Lawsuits may increase uncertainty and downside risk.,5,4,4,0,5,"9월 3일 주식시장 주요공시 | [공시]본느, 최대주주 변경 앞두고 22억 피소 | “한 달 새 2배 넘게 뛴 종목만 무려”…8월 급등주, 누가 샀을까",2026-09-04,-0.0456,-0.014,,success
226340,본느,[기재정정]주요사항보고서(소송등의제기),lawsuit,20260903,negative,-75,C,Lawsuits may increase uncertainty and downside risk.,5,4,4,0,5,"9월 3일 주식시장 주요공시 | [공시]본느, 최대주주 변경 앞두고 22억 피소 | “한 달 새 2배 넘게 뛴 종목만 무려”…8월 급등주, 누가 샀을까",2026-09-04,-0.0456,-0.014,,success
226340,본느,[기재정정]주요사항보고서(소송등의제기),lawsuit,20260903,negative,-75,C,Lawsuits may increase uncertainty and downside risk.,5,4,4,0,5,"9월 3일 주식시장 주요공시 | [공시]본느, 최대주주 변경 앞두고 22억 피소 | “한 달 새 2배 넘게 뛴 종목만 무려”…8월 급등주, 누가 샀을까",2026-09-04,-0.0456,-0.014,,success
226340,본느,[기재정정]주요사항보고서(소송등의제기),lawsuit,20260903,negative,-75,C,Lawsuits may increase uncertainty and downside risk.,5,4,4,0,5,"9월 3일 주식시장 주요공시 | [공시]본느, 최대주주 변경 앞두고 22억 피소 | “한 달 새 2배 넘게 뛴 종목만 무려”…8월 급등주, 누가 샀을까",2026-09-04,-0.0456,-0.014,,success
226340,본느,[기재정정]주요사항보고서(소송등의제기),lawsuit,20260903,negative,-75,C,Lawsuits may increase uncertainty and downside risk.,5,4,4,0,5,"9월 3일 주식시장 주요공시 | [공시]본느, 최대주주 변경 앞두고 22억 피소 | “한 달 새 2배 넘게 뛴 종목만 무려”…8월 급등주, 누가 샀을까",2026-09-04,-0.0456,-0.014,,success
226340,본느,[기재정정]주요사항보고서(소송등의제기),lawsuit,20260903,negative,-75,C,Lawsuits may increase uncertainty and downside risk.,5,4,4,0,5,"9월 3일 주식시장 주요공시 | [공시]본느, 최대주주 변경 앞두고 22억 피소 | “한 달 새 2배 넘게 뛴 종목만 무려”…8월 급등주, 누가 샀을까",2026-09-04,-0.0456,-0.014,,success
226340,본느,[기재정정]주요사항보고서(소송등의제기),lawsuit,20260903,negative,-75,C,Lawsuits may increase uncertainty and downside risk.,5,4,4,0,5,"9월 3일 주식시장 주요공시 | [공시]본느, 최대주주 변경 앞두고 22억 피소 | “한 달 새 2배 넘게 뛴 종목만 무려”…8월 급등주, 누가 샀을까",2026-09-04,-0.0456,-0.014,,success
226340,본느,[기재정정]주요사항보고서(소송등의제기),lawsuit,20260903,negative,-75,C,Lawsuits may increase uncertainty and downside risk.,5,4,4,0,5,"9월 3일 주식시장 주요공시 | [공시]본느, 최대주주 변경 앞두고 22억 피소 | “한 달 새 2배 넘게 뛴 종목만 무려”…8월 급등주, 누가 샀을까",2026-09-04,-0.0456,-0.014,,success
226340,본느,[기재정정]주요사항보고서(소송등의제기),lawsuit,20260903,negative,-75,C,Lawsuits may increase uncertainty and downside risk.,5,4,4,0,5,"9월 3일 주식시장 주요공시 | [공시]본느, 최대주주 변경 앞두고 22억 피소 | “한 달 새 2배 넘게 뛴 종목만 무려”…8월 급등주, 누가 샀을까",2026-09-04,-0.0456,-0.014,,success
226340,본느,[기재정정]주요사항보고서(소송등의제기),lawsuit,20260903,negative,-75,C,Lawsuits may increase uncertainty and downside risk.,5,4,4,0,5,"9월 3일 주식시장 주요공시 | [공시]본느, 최대주주 변경 앞두고 22억 피소 | “한 달 새 2배 넘게 뛴 종목만 무려”…8월 급등주, 누가 샀을까",2026-09-04,-0.0456,-0.014,,success
226340,본느,[기재정정]주요사항보고서(소송등의제기),lawsuit,20260903,negative,-75,C,Lawsuits may increase uncertainty and downside risk.,5,4,4,0,5,"9월 3일 주식시장 주요공시 | [공시]본느, 최대주주 변경 앞두고 22억 피소 | “한 달 새 2배 넘게 뛴 종목만 무려”…8월 급등주, 누가 샀을까",2026-09-04,-0.0456,-0.014,,success
226340,본느,[기재정정]주요사항보고서(소송등의제기),lawsuit,20260903,negative,-75,C,Lawsuits may increase uncertainty and downside risk.,5,4,4,0,5,"9월 3일 주식시장 주요공시 | [공시]본느, 최대주주 변경 앞두고 22억 피소 | “한 달 새 2배 넘게 뛴 종목만 무려”…8월 급등주, 누가 샀을까",2026-09-04,-0.0456,-0.014,,success
226340,본느,[기재정정]주요사항보고서(소송등의제기),lawsuit,20260903,negative,-75,C,Lawsuits may increase uncertainty and downside risk.,5,4,4,0,5,"9월 3일 주식시장 주요공시 | [공시]본느, 최대주주 변경 앞두고 22억 피소 | “한 달 새 2배 넘게 뛴 종목만 무려”…8월 급등주, 누가 샀을까",2026-09-04,-0.0456,-0.014,,success
226340,본느,[기재정정]주요사항보고서(소송등의제기),lawsuit,20260903,negative,-75,C,Lawsuits may increase uncertainty and downside risk.,5,4,4,0,5,"9월 3일 주식시장 주요공시 | [공시]본느, 최대주주 변경 앞두고 22억 피소 | “한 달 새 2배 넘게 뛴 종목만 무려”…8월 급등주, 누가 샀을까",2026-09-04,-0.0456,-0.014,,success
226340,본느,[기재정정]주요사항보고서(소송등의제기),lawsuit,20260903,negative,-75,C,Lawsuits may increase uncertainty and downside risk.,5,4,4,0,5,"9월 3일 주식시장 주요공시 | [공시]본느, 최대주주 변경 앞두고 22억 피소 | “한 달 새 2배 넘게 뛴 종목만 무려”…8월 급등주, 누가 샀을까",2026-09-04,-0.0456,-0.014,,success
226340,본느,[기재정정]주요사항보고서(소송등의제기),lawsuit,20260903,negative,-75,C,Lawsuits may increase uncertainty and downside risk.,5,4,4,0,5,"9월 3일 주식시장 주요공시 | [공시]본느, 최대주주 변경 앞두고 22억 피소 | “한 달 새 2배 넘게 뛴 종목만 무려”…8월 급등주, 누가 샀을까",2026-09-04,-0.0456,-0.014,,success
226340,본느,[기재정정]주요사항보고서(소송등의제기),lawsuit,20260903,negative,-75,C,Lawsuits may increase uncertainty and downside risk.,5,4,4,0,5,"9월 3일 주식시장 주요공시 | [공시]본느, 최대주주 변경 앞두고 22억 피소 | “한 달 새 2배 넘게 뛴 종목만 무려”…8월 급등주, 누가 샀을까",2026-09-04,-0.0456,-0.014,,success
226340,본느,[기재정정]주요사항보고서(소송등의제기),lawsuit,20260903,negative,-75,C,Lawsuits may increase uncertainty and downside risk.,5,4,4,0,5,"9월 3일 주식시장 주요공시 | [공시]본느, 최대주주 변경 앞두고 22억 피소 | “한 달 새 2배 넘게 뛴 종목만 무려”…8월 급등주, 누가 샀을까",2026-09-04,-0.0456,-0.014,,success
226340,본느,[기재정정]주요사항보고서(소송등의제기),lawsuit,20260903,negative,-75,C,Lawsuits may increase uncertainty and downside risk.,5,4,4,0,5,"9월 3일 주식시장 주요공시 | [공시]본느, 최대주주 변경 앞두고 22억 피소 | “한 달 새 2배 넘게 뛴 종목만 무려”…8월 급등주, 누가 샀을까",2026-09-04,-0.0456,-0.014,,success
226340,본느,[기재정정]주요사항보고서(소송등의제기),lawsuit,20260903,negative,-75,C,Lawsuits may increase uncertainty and downside risk.,5,4,4,0,5,"9월 3일 주식시장 주요공시 | [공시]본느, 최대주주 변경 앞두고 22억 피소 | “한 달 새 2배 넘게 뛴 종목만 무려”…8월 급등주, 누가 샀을까",2026-09-04,-0.0456,-0.014,,success
226340,본느,[기재정정]주요사항보고서(소송등의제기),lawsuit,20260903,negative,-75,C,Lawsuits may increase uncertainty and downside risk.,5,4,4,0,5,"9월 3일 주식시장 주요공시 | [공시]본느, 최대주주 변경 앞두고 22억 피소 | “한 달 새 2배 넘게 뛴 종목만 무려”…8월 급등주, 누가 샀을까",2026-09-04,-0.0456,-0.014,,success
226340,본느,[기재정정]주요사항보고서(소송등의제기),lawsuit,20260903,negative,-75,C,Lawsuits may increase uncertainty and downside risk.,5,4,4,0,5,"9월 3일 주식시장 주요공시 | [공시]본느, 최대주주 변경 앞두고 22억 피소 | “한 달 새 2배 넘게 뛴 종목만 무려”…8월 급등주, 누가 샀을까",2026-09-04,-0.0456,-0.014,,success
226340,본느,[기재정정]주요사항보고서(소송등의제기),lawsuit,20260903,negative,-75,C,Lawsuits may increase uncertainty and downside risk.,5,4,4,0,5,"9월 3일 주식시장 주요공시 | [공시]본느, 최대주주 변경 앞두고 22억 피소 | “한 달 새 2배 넘게 뛴 종목만 무려”…8월 급등주, 누가 샀을까",2026-09-04,-0.0456,-0.014,,success
226340,본느,[기재정정]주요사항보고서(소송등의제기),lawsuit,20260903,negative,-75,C,Lawsuits may increase uncertainty and downside risk.,5,4,4,0,5,"9월 3일 주식시장 주요공시 | [공시]본느, 최대주주 변경 앞두고 22억 피소 | “한 달 새 2배 넘게 뛴 종목만 무려”…8월 급등주, 누가 샀을까",2026-09-04,-0.0456,-0.014,,success
226340,본느,[기재정정]주요사항보고서(소송등의제기),lawsuit,20260903,negative,-75,C,Lawsuits may increase uncertainty and downside risk.,5,4,4,0,5,"9월 3일 주식시장 주요공시 | [공시]본느, 최대주주 변경 앞두고 22억 피소 | “한 달 새 2배 넘게 뛴 종목만 무려”…8월 급등주, 누가 샀을까",2026-09-04,-0.0456,-0.014,,success
226340,본느,[기재정정]주요사항보고서(소송등의제기),lawsuit,20260903,negative,-75,C,Lawsuits may increase uncertainty and downside risk.,5,4,4,0,5,"9월 3일 주식시장 주요공시 | [공시]본느, 최대주주 변경 앞두고 22억 피소 | “한 달 새 2배 넘게 뛴 종목만 무려”…8월 급등주, 누가 샀을까",2026-09-04,-0.0456,-0.014,,success
226340,본느,[기재정정]주요사항보고서(소송등의제기),lawsuit,20260903,negative,-75,C,Lawsuits may increase uncertainty and downside risk.,5,4,4,0,5,"9월 3일 주식시장 주요공시 | [공시]본느, 최대주주 변경 앞두고 22억 피소 | “한 달 새 2배 넘게 뛴 종목만 무려”…8월 급등주, 누가 샀을까",2026-09-04,-0.0456,-0.014,,success
226340,본느,[기재정정]주요사항보고서(소송등의제기),lawsuit,20260903,negative,-75,C,Lawsuits may increase uncertainty and downside risk.,5,4,4,0,5,"9월 3일 주식시장 주요공시 | [공시]본느, 최대주주 변경 앞두고 22억 피소 | “한 달 새 2배 넘게 뛴 종목만 무려”…8월 급등주, 누가 샀을까",2026-09-04,-0.0456,-0.014,,success
226340,본느,[기재정정]주요사항보고서(소송등의제기),lawsuit,20260903,negative,-75,C,Lawsuits may increase uncertainty and downside risk.,5,4,4,0,5,"9월 3일 주식시장 주요공시 | [공시]본느, 최대주주 변경 앞두고 22억 피소 | “한 달 새 2배 넘게 뛴 종목만 무려”…8월 급등주, 누가 샀을까",2026-09-04,-0.0456,-0.014,,success
226340,본느,[기재정정]주요사항보고서(소송등의제기),lawsuit,20260903,negative,-75,C,Lawsuits may increase uncertainty and downside risk.,5,4,4,0,5,"9월 3일 주식시장 주요공시 | [공시]본느, 최대주주 변경 앞두고 22억 피소 | “한 달 새 2배 넘게 뛴 종목만 무려”…8월 급등주, 누가 샀을까",2026-09-04,-0.0456,-0.014,,success
226340,본느,[기재정정]주요사항보고서(소송등의제기),lawsuit,20260903,negative,-75,C,Lawsuits may increase uncertainty and downside risk.,5,4,4,0,5,"9월 3일 주식시장 주요공시 | [공시]본느, 최대주주 변경 앞두고 22억 피소 | “한 달 새 2배 넘게 뛴 종목만 무려”…8월 급등주, 누가 샀을까",2026-09-04,-0.0456,-0.014,,success
226340,본느,[기재정정]주요사항보고서(소송등의제기),lawsuit,20260903,negative,-75,C,Lawsuits may increase uncertainty and downside risk.,5,4,4,0,5,"9월 3일 주식시장 주요공시 | [공시]본느, 최대주주 변경 앞두고 22억 피소 | “한 달 새 2배 넘게 뛴 종목만 무려”…8월 급등주, 누가 샀을까",2026-09-04,-0.0456,-0.014,,success
226340,본느,[기재정정]주요사항보고서(소송등의제기),lawsuit,20260903,negative,-75,C,Lawsuits may increase uncertainty and downside risk.,5,4,4,0,5,"9월 3일 주식시장 주요공시 | [공시]본느, 최대주주 변경 앞두고 22억 피소 | “한 달 새 2배 넘게 뛴 종목만 무려”…8월 급등주, 누가 샀을까",2026-09-04,-0.0456,-0.014,,success
226340,본느,[기재정정]주요사항보고서(소송등의제기),lawsuit,20260903,negative,-75,C,Lawsuits may increase uncertainty and downside risk.,5,4,4,0,5,"9월 3일 주식시장 주요공시 | [공시]본느, 최대주주 변경 앞두고 22억 피소 | “한 달 새 2배 넘게 뛴 종목만 무려”…8월 급등주, 누가 샀을까",2026-09-04,-0.0456,-0.014,,success
226340,본느,[기재정정]주요사항보고서(소송등의제기),lawsuit,20260903,negative,-75,C,Lawsuits may increase uncertainty and downside risk.,5,4,4,0,5,"9월 3일 주식시장 주요공시 | [공시]본느, 최대주주 변경 앞두고 22억 피소 | “한 달 새 2배 넘게 뛴 종목만 무려”…8월 급등주, 누가 샀을까",2026-09-04,-0.0456,-0.014,,success
226340,본느,[기재정정]주요사항보고서(소송등의제기),lawsuit,20260903,negative,-75,C,Lawsuits may increase uncertainty and downside risk.,5,4,4,0,5,"9월 3일 주식시장 주요공시 | [공시]본느, 최대주주 변경 앞두고 22억 피소 | “한 달 새 2배 넘게 뛴 종목만 무려”…8월 급등주, 누가 샀을까",2026-09-04,-0.0456,-0.014,,success
226340,본느,[기재정정]주요사항보고서(소송등의제기),lawsuit,20260903,negative,-75,C,Lawsuits may increase uncertainty and downside risk.,5,4,4,0,5,"9월 3일 주식시장 주요공시 | [공시]본느, 최대주주 변경 앞두고 22억 피소 | “한 달 새 2배 넘게 뛴 종목만 무려”…8월 급등주, 누가 샀을까",2026-09-04,-0.0456,-0.014,,success
226340,본느,[기재정정]주요사항보고서(소송등의제기),lawsuit,20260903,negative,-75,C,Lawsuits may increase uncertainty and downside risk.,5,4,4,0,5,"9월 3일 주식시장 주요공시 | [공시]본느, 최대주주 변경 앞두고 22억 피소 | “한 달 새 2배 넘게 뛴 종목만 무려”…8월 급등주, 누가 샀을까",2026-09-04,-0.0456,-0.014,,success
226340,본느,주요사항보고서(소송등의제기),lawsuit,20260903,negative,-75,C,Lawsuits may increase uncertainty and downside risk.,5,4,4,0,5,"9월 3일 주식시장 주요공시 | [공시]본느, 최대주주 변경 앞두고 22억 피소 | “한 달 새 2배 넘게 뛴 종목만 무려”…8월 급등주, 누가 샀을까",2026-09-04,-0.0456,-0.014,,success
226340,본느,주요사항보고서(소송등의제기),lawsuit,20260903,negative,-75,C,Lawsuits may increase uncertainty and downside risk.,5,4,4,0,5,"9월 3일 주식시장 주요공시 | [공시]본느, 최대주주 변경 앞두고 22억 피소 | “한 달 새 2배 넘게 뛴 종목만 무려”…8월 급등주, 누가 샀을까",2026-09-04,-0.0456,-0.014,,success
226340,본느,주요사항보고서(소송등의제기),lawsuit,20260903,negative,-75,C,Lawsuits may increase uncertainty and downside risk.,5,4,4,0,5,"9월 3일 주식시장 주요공시 | [공시]본느, 최대주주 변경 앞두고 22억 피소 | “한 달 새 2배 넘게 뛴 종목만 무려”…8월 급등주, 누가 샀을까",2026-09-04,-0.0456,-0.014,,success
226340,본느,주요사항보고서(소송등의제기),lawsuit,20260903,negative,-75,C,Lawsuits may increase uncertainty and downside risk.,5,4,4,0,5,"9월 3일 주식시장 주요공시 | [공시]본느, 최대주주 변경 앞두고 22억 피소 | “한 달 새 2배 넘게 뛴 종목만 무려”…8월 급등주, 누가 샀을까",2026-09-04,-0.0456,-0.014,,success
226340,본느,주요사항보고서(소송등의제기),lawsuit,20260903,negative,-75,C,Lawsuits may increase uncertainty and downside risk.,5,4,4,0,5,"9월 3일 주식시장 주요공시 | [공시]본느, 최대주주 변경 앞두고 22억 피소 | “한 달 새 2배 넘게 뛴 종목만 무려”…8월 급등주, 누가 샀을까",2026-09-04,-0.0456,-0.014,,success
226340,본느,주요사항보고서(소송등의제기),lawsuit,20260903,negative,-75,C,Lawsuits may increase uncertainty and downside risk.,5,4,4,0,5,"9월 3일 주식시장 주요공시 | [공시]본느, 최대주주 변경 앞두고 22억 피소 | “한 달 새 2배 넘게 뛴 종목만 무려”…8월 급등주, 누가 샀을까",2026-09-04,-0.0456,-0.014,,success
226340,본느,주요사항보고서(소송등의제기),lawsuit,20260903,negative,-75,C,Lawsuits may increase uncertainty and downside risk.,5,4,4,0,5,"9월 3일 주식시장 주요공시 | [공시]본느, 최대주주 변경 앞두고 22억 피소 | “한 달 새 2배 넘게 뛴 종목만 무려”…8월 급등주, 누가 샀을까",2026-09-04,-0.0456,-0.014,,success
226340,본느,주요사항보고서(소송등의제기),lawsuit,20260903,negative,-75,C,Lawsuits may increase uncertainty and downside risk.,5,4,4,0,5,"9월 3일 주식시장 주요공시 | [공시]본느, 최대주주 변경 앞두고 22억 피소 | “한 달 새 2배 넘게 뛴 종목만 무려”…8월 급등주, 누가 샀을까",2026-09-04,-0.0456,-0.014,,success
226340,본느,주요사항보고서(소송등의제기),lawsuit,20260903,negative,-75,C,Lawsuits may increase uncertainty and downside risk.,5,4,4,0,5,"9월 3일 주식시장 주요공시 | [공시]본느, 최대주주 변경 앞두고 22억 피소 | “한 달 새 2배 넘게 뛴 종목만 무려”…8월 급등주, 누가 샀을까",2026-09-04,-0.0456,-0.014,,success
226340,본느,주요사항보고서(소송등의제기),lawsuit,20260903,negative,-75,C,Lawsuits may increase uncertainty and downside risk.,5,4,4,0,5,"9월 3일 주식시장 주요공시 | [공시]본느, 최대주주 변경 앞두고 22억 피소 | “한 달 새 2배 넘게 뛴 종목만 무려”…8월 급등주, 누가 샀을까",2026-09-04,-0.0456,-0.014,,success
226340,본느,주요사항보고서(소송등의제기),lawsuit,20260903,negative,-75,C,Lawsuits may increase uncertainty and downside risk.,5,4,4,0,5,"9월 3일 주식시장 주요공시 | [공시]본느, 최대주주 변경 앞두고 22억 피소 | “한 달 새 2배 넘게 뛴 종목만 무려”…8월 급등주, 누가 샀을까",2026-09-04,-0.0456,-0.014,,success
226340,본느,주요사항보고서(소송등의제기),lawsuit,20260903,negative,-75,C,Lawsuits may increase uncertainty and downside risk.,5,4,4,0,5,"9월 3일 주식시장 주요공시 | [공시]본느, 최대주주 변경 앞두고 22억 피소 | “한 달 새 2배 넘게 뛴 종목만 무려”…8월 급등주, 누가 샀을까",2026-09-04,-0.0456,-0.014,,success
226340,본느,주요사항보고서(소송등의제기),lawsuit,20260903,negative,-75,C,Lawsuits may increase uncertainty and downside risk.,5,4,4,0,5,"9월 3일 주식시장 주요공시 | [공시]본느, 최대주주 변경 앞두고 22억 피소 | “한 달 새 2배 넘게 뛴 종목만 무려”…8월 급등주, 누가 샀을까",2026-09-04,-0.0456,-0.014,,success
226340,본느,주요사항보고서(소송등의제기),lawsuit,20260903,negative,-75,C,Lawsuits may increase uncertainty and downside risk.,5,4,4,0,5,"9월 3일 주식시장 주요공시 | [공시]본느, 최대주주 변경 앞두고 22억 피소 | “한 달 새 2배 넘게 뛴 종목만 무려”…8월 급등주, 누가 샀을까",2026-09-04,-0.0456,-0.014,,success
226340,본느,주요사항보고서(소송등의제기),lawsuit,20260903,negative,-75,C,Lawsuits may increase uncertainty and downside risk.,5,4,4,0,5,"9월 3일 주식시장 주요공시 | [공시]본느, 최대주주 변경 앞두고 22억 피소 | “한 달 새 2배 넘게 뛴 종목만 무려”…8월 급등주, 누가 샀을까",2026-09-04,-0.0456,-0.014,,success
226340,본느,주요사항보고서(소송등의제기),lawsuit,20260903,negative,-75,C,Lawsuits may increase uncertainty and downside risk.,5,4,4,0,5,"9월 3일 주식시장 주요공시 | [공시]본느, 최대주주 변경 앞두고 22억 피소 | “한 달 새 2배 넘게 뛴 종목만 무려”…8월 급등주, 누가 샀을까",2026-09-04,-0.0456,-0.014,,success
226340,본느,주요사항보고서(소송등의제기),lawsuit,20260903,negative,-75,C,Lawsuits may increase uncertainty and downside risk.,5,4,4,0,5,"9월 3일 주식시장 주요공시 | [공시]본느, 최대주주 변경 앞두고 22억 피소 | “한 달 새 2배 넘게 뛴 종목만 무려”…8월 급등주, 누가 샀을까",2026-09-04,-0.0456,-0.014,,success
226340,본느,주요사항보고서(소송등의제기),lawsuit,20260903,negative,-75,C,Lawsuits may increase uncertainty and downside risk.,5,4,4,0,5,"9월 3일 주식시장 주요공시 | [공시]본느, 최대주주 변경 앞두고 22억 피소 | “한 달 새 2배 넘게 뛴 종목만 무려”…8월 급등주, 누가 샀을까",2026-09-04,-0.0456,-0.014,,success
226340,본느,주요사항보고서(소송등의제기),lawsuit,20260903,negative,-75,C,Lawsuits may increase uncertainty and downside risk.,5,4,4,0,5,"9월 3일 주식시장 주요공시 | [공시]본느, 최대주주 변경 앞두고 22억 피소 | “한 달 새 2배 넘게 뛴 종목만 무려”…8월 급등주, 누가 샀을까",2026-09-04,-0.0456,-0.014,,success
226340,본느,주요사항보고서(소송등의제기),lawsuit,20260903,negative,-75,C,Lawsuits may increase uncertainty and downside risk.,5,4,4,0,5,"9월 3일 주식시장 주요공시 | [공시]본느, 최대주주 변경 앞두고 22억 피소 | “한 달 새 2배 넘게 뛴 종목만 무려”…8월 급등주, 누가 샀을까",2026-09-04,-0.0456,-0.014,,success
226340,본느,주요사항보고서(소송등의제기),lawsuit,20260903,negative,-75,C,Lawsuits may increase uncertainty and downside risk.,5,4,4,0,5,"9월 3일 주식시장 주요공시 | [공시]본느, 최대주주 변경 앞두고 22억 피소 | “한 달 새 2배 넘게 뛴 종목만 무려”…8월 급등주, 누가 샀을까",2026-09-04,-0.0456,-0.014,,success
226340,본느,주요사항보고서(소송등의제기),lawsuit,20260903,negative,-75,C,Lawsuits may increase uncertainty and downside risk.,5,4,4,0,5,"9월 3일 주식시장 주요공시 | [공시]본느, 최대주주 변경 앞두고 22억 피소 | “한 달 새 2배 넘게 뛴 종목만 무려”…8월 급등주, 누가 샀을까",2026-09-04,-0.0456,-0.014,,success
226340,본느,주요사항보고서(소송등의제기),lawsuit,20260903,negative,-75,C,Lawsuits may increase uncertainty and downside risk.,5,4,4,0,5,"9월 3일 주식시장 주요공시 | [공시]본느, 최대주주 변경 앞두고 22억 피소 | “한 달 새 2배 넘게 뛴 종목만 무려”…8월 급등주, 누가 샀을까",2026-09-04,-0.0456,-0.014,,success
226340,본느,주요사항보고서(소송등의제기),lawsuit,20260903,negative,-75,C,Lawsuits may increase uncertainty and downside risk.,5,4,4,0,5,"9월 3일 주식시장 주요공시 | [공시]본느, 최대주주 변경 앞두고 22억 피소 | “한 달 새 2배 넘게 뛴 종목만 무려”…8월 급등주, 누가 샀을까",2026-09-04,-0.0456,-0.014,,success
226340,본느,주요사항보고서(소송등의제기),lawsuit,20260903,negative,-75,C,Lawsuits may increase uncertainty and downside risk.,5,4,4,0,5,"9월 3일 주식시장 주요공시 | [공시]본느, 최대주주 변경 앞두고 22억 피소 | “한 달 새 2배 넘게 뛴 종목만 무려”…8월 급등주, 누가 샀을까",2026-09-04,-0.0456,-0.014,,success
226340,본느,주요사항보고서(소송등의제기),lawsuit,20260903,negative,-75,C,Lawsuits may increase uncertainty and downside risk.,5,4,4,0,5,"9월 3일 주식시장 주요공시 | [공시]본느, 최대주주 변경 앞두고 22억 피소 | “한 달 새 2배 넘게 뛴 종목만 무려”…8월 급등주, 누가 샀을까",2026-09-04,-0.0456,-0.014,,success
226340,본느,주요사항보고서(소송등의제기),lawsuit,20260903,negative,-75,C,Lawsuits may increase uncertainty and downside risk.,5,4,4,0,5,"9월 3일 주식시장 주요공시 | [공시]본느, 최대주주 변경 앞두고 22억 피소 | “한 달 새 2배 넘게 뛴 종목만 무려”…8월 급등주, 누가 샀을까",2026-09-04,-0.0456,-0.014,,success
226340,본느,주요사항보고서(소송등의제기),lawsuit,20260903,negative,-75,C,Lawsuits may increase uncertainty and downside risk.,5,4,4,0,5,"9월 3일 주식시장 주요공시 | [공시]본느, 최대주주 변경 앞두고 22억 피소 | “한 달 새 2배 넘게 뛴 종목만 무려”…8월 급등주, 누가 샀을까",2026-09-04,-0.0456,-0.014,,success
226340,본느,주요사항보고서(소송등의제기),lawsuit,20260903,negative,-75,C,Lawsuits may increase uncertainty and downside risk.,5,4,4,0,5,"9월 3일 주식시장 주요공시 | [공시]본느, 최대주주 변경 앞두고 22억 피소 | “한 달 새 2배 넘게 뛴 종목만 무려”…8월 급등주, 누가 샀을까",2026-09-04,-0.0456,-0.014,,success
226340,본느,주요사항보고서(소송등의제기),lawsuit,20260903,negative,-75,C,Lawsuits may increase uncertainty and downside risk.,5,4,4,0,5,"9월 3일 주식시장 주요공시 | [공시]본느, 최대주주 변경 앞두고 22억 피소 | “한 달 새 2배 넘게 뛴 종목만 무려”…8월 급등주, 누가 샀을까",2026-09-04,-0.0456,-0.014,,success
226340,본느,주요사항보고서(소송등의제기),lawsuit,20260903,negative,-75,C,Lawsuits may increase uncertainty and downside risk.,5,4,4,0,5,"9월 3일 주식시장 주요공시 | [공시]본느, 최대주주 변경 앞두고 22억 피소 | “한 달 새 2배 넘게 뛴 종목만 무려”…8월 급등주, 누가 샀을까",2026-09-04,-0.0456,-0.014,,success
226340,본느,주요사항보고서(소송등의제기),lawsuit,20260903,negative,-75,C,Lawsuits may increase uncertainty and downside risk.,5,4,4,0,5,"9월 3일 주식시장 주요공시 | [공시]본느, 최대주주 변경 앞두고 22억 피소 | “한 달 새 2배 넘게 뛴 종목만 무려”…8월 급등주, 누가 샀을까",2026-09-04,-0.0456,-0.014,,success
226340,본느,주요사항보고서(소송등의제기),lawsuit,20260903,negative,-75,C,Lawsuits may increase uncertainty and downside risk.,5,4,4,0,5,"9월 3일 주식시장 주요공시 | [공시]본느, 최대주주 변경 앞두고 22억 피소 | “한 달 새 2배 넘게 뛴 종목만 무려”…8월 급등주, 누가 샀을까",2026-09-04,-0.0456,-0.014,,success
226340,본느,주요사항보고서(소송등의제기),lawsuit,20260903,negative,-75,C,Lawsuits may increase uncertainty and downside risk.,5,4,4,0,5,"9월 3일 주식시장 주요공시 | [공시]본느, 최대주주 변경 앞두고 22억 피소 | “한 달 새 2배 넘게 뛴 종목만 무려”…8월 급등주, 누가 샀을까",2026-09-04,-0.0456,-0.014,,success
226340,본느,주요사항보고서(소송등의제기),lawsuit,20260903,negative,-75,C,Lawsuits may increase uncertainty and downside risk.,5,4,4,0,5,"9월 3일 주식시장 주요공시 | [공시]본느, 최대주주 변경 앞두고 22억 피소 | “한 달 새 2배 넘게 뛴 종목만 무려”…8월 급등주, 누가 샀을까",2026-09-04,-0.0456,-0.014,,success
226340,본느,주요사항보고서(소송등의제기),lawsuit,20260903,negative,-75,C,Lawsuits may increase uncertainty and downside risk.,5,4,4,0,5,"9월 3일 주식시장 주요공시 | [공시]본느, 최대주주 변경 앞두고 22억 피소 | “한 달 새 2배 넘게 뛴 종목만 무려”…8월 급등주, 누가 샀을까",2026-09-04,-0.0456,-0.014,,success
226340,본느,주요사항보고서(소송등의제기),lawsuit,20260903,negative,-75,C,Lawsuits may increase uncertainty and downside risk.,5,4,4,0,5,"9월 3일 주식시장 주요공시 | [공시]본느, 최대주주 변경 앞두고 22억 피소 | “한 달 새 2배 넘게 뛴 종목만 무려”…8월 급등주, 누가 샀을까",2026-09-04,-0.0456,-0.014,,success
226340,본느,주요사항보고서(소송등의제기),lawsuit,20260903,negative,-75,C,Lawsuits may increase uncertainty and downside risk.,5,4,4,0,5,"9월 3일 주식시장 주요공시 | [공시]본느, 최대주주 변경 앞두고 22억 피소 | “한 달 새 2배 넘게 뛴 종목만 무려”…8월 급등주, 누가 샀을까",2026-09-04,-0.0456,-0.014,,success
226340,본느,주요사항보고서(소송등의제기),lawsuit,20260903,negative,-75,C,Lawsuits may increase uncertainty and downside risk.,5,4,4,0,5,"9월 3일 주식시장 주요공시 | [공시]본느, 최대주주 변경 앞두고 22억 피소 | “한 달 새 2배 넘게 뛴 종목만 무려”…8월 급등주, 누가 샀을까",2026-09-04,-0.0456,-0.014,,success
226340,본느,주요사항보고서(소송등의제기),lawsuit,20260903,negative,-75,C,Lawsuits may increase uncertainty and downside risk.,5,4,4,0,5,"9월 3일 주식시장 주요공시 | [공시]본느, 최대주주 변경 앞두고 22억 피소 | “한 달 새 2배 넘게 뛴 종목만 무려”…8월 급등주, 누가 샀을까",2026-09-04,-0.0456,-0.014,,success
226340,본느,주요사항보고서(소송등의제기),lawsuit,20260903,negative,-75,C,Lawsuits may increase uncertainty and downside risk.,5,4,4,0,5,"9월 3일 주식시장 주요공시 | [공시]본느, 최대주주 변경 앞두고 22억 피소 | “한 달 새 2배 넘게 뛴 종목만 무려”…8월 급등주, 누가 샀을까",2026-09-04,-0.0456,-0.014,,success
226340,본느,주요사항보고서(소송등의제기),lawsuit,20260903,negative,-75,C,Lawsuits may increase uncertainty and downside risk.,5,4,4,0,5,"9월 3일 주식시장 주요공시 | [공시]본느, 최대주주 변경 앞두고 22억 피소 | “한 달 새 2배 넘게 뛴 종목만 무려”…8월 급등주, 누가 샀을까",2026-09-04,-0.0456,-0.014,,success
226340,본느,주요사항보고서(소송등의제기),lawsuit,20260903,negative,-75,C,Lawsuits may increase uncertainty and downside risk.,5,4,4,0,5,"9월 3일 주식시장 주요공시 | [공시]본느, 최대주주 변경 앞두고 22억 피소 | “한 달 새 2배 넘게 뛴 종목만 무려”…8월 급등주, 누가 샀을까",2026-09-04,-0.0456,-0.014,,success
226340,본느,주요사항보고서(소송등의제기),lawsuit,20260903,negative,-75,C,Lawsuits may increase uncertainty and downside risk.,5,4,4,0,5,"9월 3일 주식시장 주요공시 | [공시]본느, 최대주주 변경 앞두고 22억 피소 | “한 달 새 2배 넘게 뛴 종목만 무려”…8월 급등주, 누가 샀을까",2026-09-04,-0.0456,-0.014,,success
226340,본느,주요사항보고서(소송등의제기),lawsuit,20260903,negative,-75,C,Lawsuits may increase uncertainty and downside risk.,5,4,4,0,5,"9월 3일 주식시장 주요공시 | [공시]본느, 최대주주 변경 앞두고 22억 피소 | “한 달 새 2배 넘게 뛴 종목만 무려”…8월 급등주, 누가 샀을까",2026-09-04,-0.0456,-0.014,,success
226340,본느,주요사항보고서(소송등의제기),lawsuit,20260903,negative,-75,C,Lawsuits may increase uncertainty and downside risk.,5,4,4,0,5,"9월 3일 주식시장 주요공시 | [공시]본느, 최대주주 변경 앞두고 22억 피소 | “한 달 새 2배 넘게 뛴 종목만 무려”…8월 급등주, 누가 샀을까",2026-09-04,-0.0456,-0.014,,success
226340,본느,주요사항보고서(소송등의제기),lawsuit,20260903,negative,-75,C,Lawsuits may increase uncertainty and downside risk.,5,4,4,0,5,"9월 3일 주식시장 주요공시 | [공시]본느, 최대주주 변경 앞두고 22억 피소 | “한 달 새 2배 넘게 뛴 종목만 무려”…8월 급등주, 누가 샀을까",2026-09-04,-0.0456,-0.014,,success
226340,본느,주요사항보고서(소송등의제기),lawsuit,20260903,negative,-75,C,Lawsuits may increase uncertainty and downside risk.,5,4,4,0,5,"9월 3일 주식시장 주요공시 | [공시]본느, 최대주주 변경 앞두고 22억 피소 | “한 달 새 2배 넘게 뛴 종목만 무려”…8월 급등주, 누가 샀을까",2026-09-04,-0.0456,-0.014,,success
226340,본느,주요사항보고서(소송등의제기),lawsuit,20260903,negative,-75,C,Lawsuits may increase uncertainty and downside risk.,5,4,4,0,5,"9월 3일 주식시장 주요공시 | [공시]본느, 최대주주 변경 앞두고 22억 피소 | “한 달 새 2배 넘게 뛴 종목만 무려”…8월 급등주, 누가 샀을까",2026-09-04,-0.0456,-0.014,,success
226340,본느,주요사항보고서(소송등의제기),lawsuit,20260903,negative,-75,C,Lawsuits may increase uncertainty and downside risk.,5,4,4,0,5,"9월 3일 주식시장 주요공시 | [공시]본느, 최대주주 변경 앞두고 22억 피소 | “한 달 새 2배 넘게 뛴 종목만 무려”…8월 급등주, 누가 샀을까",2026-09-04,-0.0456,-0.014,,success
226340,본느,주요사항보고서(소송등의제기),lawsuit,20260903,negative,-75,C,Lawsuits may increase uncertainty and downside risk.,5,4,4,0,5,"9월 3일 주식시장 주요공시 | [공시]본느, 최대주주 변경 앞두고 22억 피소 | “한 달 새 2배 넘게 뛴 종목만 무려”…8월 급등주, 누가 샀을까",2026-09-04,-0.0456,-0.014,,success
226340,본느,주요사항보고서(소송등의제기),lawsuit,20260903,negative,-75,C,Lawsuits may increase uncertainty and downside risk.,5,4,4,0,5,"9월 3일 주식시장 주요공시 | [공시]본느, 최대주주 변경 앞두고 22억 피소 | “한 달 새 2배 넘게 뛴 종목만 무려”…8월 급등주, 누가 샀을까",2026-09-04,-0.0456,-0.014,,success
226340,본느,주요사항보고서(소송등의제기),lawsuit,20260903,negative,-75,C,Lawsuits may increase uncertainty and downside risk.,5,4,4,0,5,"9월 3일 주식시장 주요공시 | [공시]본느, 최대주주 변경 앞두고 22억 피소 | “한 달 새 2배 넘게 뛴 종목만 무려”…8월 급등주, 누가 샀을까",2026-09-04,-0.0456,-0.014,,success
226340,본느,주요사항보고서(소송등의제기),lawsuit,20260903,negative,-75,C,Lawsuits may increase uncertainty and downside risk.,5,4,4,0,5,"9월 3일 주식시장 주요공시 | [공시]본느, 최대주주 변경 앞두고 22억 피소 | “한 달 새 2배 넘게 뛴 종목만 무려”…8월 급등주, 누가 샀을까",2026-09-04,-0.0456,-0.014,,success
226340,본느,주요사항보고서(소송등의제기),lawsuit,20260903,negative,-75,C,Lawsuits may increase uncertainty and downside risk.,5,4,4,0,5,"9월 3일 주식시장 주요공시 | [공시]본느, 최대주주 변경 앞두고 22억 피소 | “한 달 새 2배 넘게 뛴 종목만 무려”…8월 급등주, 누가 샀을까",2026-09-04,-0.0456,-0.014,,success
226340,본느,주요사항보고서(소송등의제기),lawsuit,20260903,negative,-75,C,Lawsuits may increase uncertainty and downside risk.,5,4,4,0,5,"9월 3일 주식시장 주요공시 | [공시]본느, 최대주주 변경 앞두고 22억 피소 | “한 달 새 2배 넘게 뛴 종목만 무려”…8월 급등주, 누가 샀을까",2026-09-04,-0.0456,-0.014,,success
226340,본느,주요사항보고서(소송등의제기),lawsuit,20260903,negative,-75,C,Lawsuits may increase uncertainty and downside risk.,5,4,4,0,5,"9월 3일 주식시장 주요공시 | [공시]본느, 최대주주 변경 앞두고 22억 피소 | “한 달 새 2배 넘게 뛴 종목만 무려”…8월 급등주, 누가 샀을까",2026-09-04,-0.0456,-0.014,,success
226340,본느,주요사항보고서(소송등의제기),lawsuit,20260903,negative,-75,C,Lawsuits may increase uncertainty and downside risk.,5,4,4,0,5,"9월 3일 주식시장 주요공시 | [공시]본느, 최대주주 변경 앞두고 22억 피소 | “한 달 새 2배 넘게 뛴 종목만 무려”…8월 급등주, 누가 샀을까",2026-09-04,-0.0456,-0.014,,success
226340,본느,주요사항보고서(소송등의제기),lawsuit,20260903,negative,-75,C,Lawsuits may increase uncertainty and downside risk.,5,4,4,0,5,"9월 3일 주식시장 주요공시 | [공시]본느, 최대주주 변경 앞두고 22억 피소 | “한 달 새 2배 넘게 뛴 종목만 무려”…8월 급등주, 누가 샀을까",2026-09-04,-0.0456,-0.014,,success
226340,본느,주요사항보고서(소송등의제기),lawsuit,20260903,negative,-75,C,Lawsuits may increase uncertainty and downside risk.,5,4,4,0,5,"9월 3일 주식시장 주요공시 | [공시]본느, 최대주주 변경 앞두고 22억 피소 | “한 달 새 2배 넘게 뛴 종목만 무려”…8월 급등주, 누가 샀을까",2026-09-04,-0.0456,-0.014,,success
226340,본느,주요사항보고서(소송등의제기),lawsuit,20260903,negative,-75,C,Lawsuits may increase uncertainty and downside risk.,5,4,4,0,5,"9월 3일 주식시장 주요공시 | [공시]본느, 최대주주 변경 앞두고 22억 피소 | “한 달 새 2배 넘게 뛴 종목만 무려”…8월 급등주, 누가 샀을까",2026-09-04,-0.0456,-0.014,,success
226340,본느,주요사항보고서(소송등의제기),lawsuit,20260903,negative,-75,C,Lawsuits may increase uncertainty and downside risk.,5,4,4,0,5,"9월 3일 주식시장 주요공시 | [공시]본느, 최대주주 변경 앞두고 22억 피소 | “한 달 새 2배 넘게 뛴 종목만 무려”…8월 급등주, 누가 샀을까",2026-09-04,-0.0456,-0.014,,success
226340,본느,주요사항보고서(소송등의제기),lawsuit,20260903,negative,-75,C,Lawsuits may increase uncertainty and downside risk.,5,4,4,0,5,"9월 3일 주식시장 주요공시 | [공시]본느, 최대주주 변경 앞두고 22억 피소 | “한 달 새 2배 넘게 뛴 종목만 무려”…8월 급등주, 누가 샀을까",2026-09-04,-0.0456,-0.014,,success
226340,본느,주요사항보고서(소송등의제기),lawsuit,20260903,negative,-75,C,Lawsuits may increase uncertainty and downside risk.,5,4,4,0,5,"9월 3일 주식시장 주요공시 | [공시]본느, 최대주주 변경 앞두고 22억 피소 | “한 달 새 2배 넘게 뛴 종목만 무려”…8월 급등주, 누가 샀을까",2026-09-04,-0.0456,-0.014,,success
226340,본느,주요사항보고서(소송등의제기),lawsuit,20260903,negative,-75,C,Lawsuits may increase uncertainty and downside risk.,5,4,4,0,5,"9월 3일 주식시장 주요공시 | [공시]본느, 최대주주 변경 앞두고 22억 피소 | “한 달 새 2배 넘게 뛴 종목만 무려”…8월 급등주, 누가 샀을까",2026-09-04,-0.0456,-0.014,,success
226340,본느,주요사항보고서(소송등의제기),lawsuit,20260903,negative,-75,C,Lawsuits may increase uncertainty and downside risk.,5,4,4,0,5,"9월 3일 주식시장 주요공시 | [공시]본느, 최대주주 변경 앞두고 22억 피소 | “한 달 새 2배 넘게 뛴 종목만 무려”…8월 급등주, 누가 샀을까",2026-09-04,-0.0456,-0.014,,success
226340,본느,주요사항보고서(소송등의제기),lawsuit,20260903,negative,-75,C,Lawsuits may increase uncertainty and downside risk.,5,4,4,0,5,"9월 3일 주식시장 주요공시 | [공시]본느, 최대주주 변경 앞두고 22억 피소 | “한 달 새 2배 넘게 뛴 종목만 무려”…8월 급등주, 누가 샀을까",2026-09-04,-0.0456,-0.014,,success
226340,본느,주요사항보고서(소송등의제기),lawsuit,20260903,negative,-75,C,Lawsuits may increase uncertainty and downside risk.,5,4,4,0,5,"9월 3일 주식시장 주요공시 | [공시]본느, 최대주주 변경 앞두고 22억 피소 | “한 달 새 2배 넘게 뛴 종목만 무려”…8월 급등주, 누가 샀을까",2026-09-04,-0.0456,-0.014,,success
226340,본느,주요사항보고서(소송등의제기),lawsuit,20260903,negative,-75,C,Lawsuits may increase uncertainty and downside risk.,5,4,4,0,5,"9월 3일 주식시장 주요공시 | [공시]본느, 최대주주 변경 앞두고 22억 피소 | “한 달 새 2배 넘게 뛴 종목만 무려”…8월 급등주, 누가 샀을까",2026-09-04,-0.0456,-0.014,,success
226340,본느,주요사항보고서(소송등의제기),lawsuit,20260903,negative,-75,C,Lawsuits may increase uncertainty and downside risk.,5,4,4,0,5,"9월 3일 주식시장 주요공시 | [공시]본느, 최대주주 변경 앞두고 22억 피소 | “한 달 새 2배 넘게 뛴 종목만 무려”…8월 급등주, 누가 샀을까",2026-09-04,-0.0456,-0.014,,success
226340,본느,주요사항보고서(소송등의제기),lawsuit,20260903,negative,-75,C,Lawsuits may increase uncertainty and downside risk.,5,4,4,0,5,"9월 3일 주식시장 주요공시 | [공시]본느, 최대주주 변경 앞두고 22억 피소 | “한 달 새 2배 넘게 뛴 종목만 무려”…8월 급등주, 누가 샀을까",2026-09-04,-0.0456,-0.014,,success
226340,본느,주요사항보고서(소송등의제기),lawsuit,20260903,negative,-75,C,Lawsuits may increase uncertainty and downside risk.,5,4,4,0,5,"9월 3일 주식시장 주요공시 | [공시]본느, 최대주주 변경 앞두고 22억 피소 | “한 달 새 2배 넘게 뛴 종목만 무려”…8월 급등주, 누가 샀을까",2026-09-04,-0.0456,-0.014,,success
085620,미래에셋생명,최대주주등소유주식변동신고서              ,major_shareholder_change,20260903,volatile,10,C,Major shareholder changes can increase volatility depending on context.,5,3,0,3,5,"[금융그룹/미래에셋②] 소유구조 정점은 박현주...몸통은 세 갈래 | AI·마이데이터 타고 금리인하 요구↑…카드·보험 수용률↓ | 자본금 뛰어넘는 금융사 계열 출자…보험사, 대기업 지배구조 지렛대",2026-09-04,0.0167,0.0,,failure
002710,TCC스틸,최대주주등소유주식변동신고서              ,major_shareholder_change,20260903,volatile,10,C,Major shareholder changes can increase volatility depending on context.,5,5,4,1,5,"[애프터마켓 리뷰] 수급 공백에 흔들린 증시…삼전닉스 또 하락 | 트럼프 알래스카 한마디에…철강주 불기둥 | “한국, 일본 알래스카 간다” 트럼프 발언에 들썩이는 ‘철강주’",2026-09-04,-0.0427,-0.0556,,success
002710,TCC스틸,최대주주등소유주식변동신고서              ,major_shareholder_change,20260903,volatile,10,C,Major shareholder changes can increase volatility depending on context.,5,5,4,1,5,"[애프터마켓 리뷰] 수급 공백에 흔들린 증시…삼전닉스 또 하락 | 트럼프 알래스카 한마디에…철강주 불기둥 | “한국, 일본 알래스카 간다” 트럼프 발언에 들썩이는 ‘철강주’",2026-09-04,-0.0427,-0.0556,,success
002710,TCC스틸,최대주주등소유주식변동신고서              ,major_shareholder_change,20260903,volatile,10,C,Major shareholder changes can increase volatility depending on context.,5,5,4,1,5,"[애프터마켓 리뷰] 수급 공백에 흔들린 증시…삼전닉스 또 하락 | 트럼프 알래스카 한마디에…철강주 불기둥 | “한국, 일본 알래스카 간다” 트럼프 발언에 들썩이는 ‘철강주’",2026-09-04,-0.0427,-0.0556,,success
002020,코오롱,[기재정정]단일판매ㆍ공급계약체결(자회사의 주요경영사항)              ,supply_contract,20260903,positive,70,C,Supply contract disclosures may indicate future revenue growth.,5,4,4,0,5,"9월 3일 주식시장 주요공시 | [티슈진發 코오롱 재무변동성]②주가 급락한 티슈진, 1385억 CB 내년 현금... | [Weekly New패션] 한낮엔 여름인데, 벌써 나온 경량패딩",2026-09-04,0.002,0.002,,success
214420,토니모리,최대주주등소유주식변동신고서(최대주주변경시)              ,major_shareholder_change,20260903,volatile,10,C,Major shareholder changes can increase volatility depending on context.,5,1,1,0,5,"9월 3일 주식시장 주요공시 | [개장 전 주요 공시] 현대건설·형지I&C·BNK금융·에이프로젠바이오 등 | [공시]토니모리, 오너 2세 배진형 체제 본격 시동",2026-09-04,-0.0094,0.0113,,failure
214420,토니모리,최대주주등소유주식변동신고서(최대주주변경시)              ,major_shareholder_change,20260903,volatile,10,C,Major shareholder changes can increase volatility depending on context.,5,1,1,0,5,"9월 3일 주식시장 주요공시 | [개장 전 주요 공시] 현대건설·형지I&C·BNK금융·에이프로젠바이오 등 | [공시]토니모리, 오너 2세 배진형 체제 본격 시동",2026-09-04,-0.0094,0.0113,,failure
214420,토니모리,최대주주등소유주식변동신고서(최대주주변경시)              ,major_shareholder_change,20260903,volatile,10,C,Major shareholder changes can increase volatility depending on context.,5,1,1,0,5,"9월 3일 주식시장 주요공시 | [개장 전 주요 공시] 현대건설·형지I&C·BNK금융·에이프로젠바이오 등 | [공시]토니모리, 오너 2세 배진형 체제 본격 시동",2026-09-04,-0.0094,0.0113,,failure
214420,토니모리,최대주주등소유주식변동신고서(최대주주변경시)              ,major_shareholder_change,20260903,volatile,10,C,Major shareholder changes can increase volatility depending on context.,5,1,1,0,5,"9월 3일 주식시장 주요공시 | [개장 전 주요 공시] 현대건설·형지I&C·BNK금융·에이프로젠바이오 등 | [공시]토니모리, 오너 2세 배진형 체제 본격 시동",2026-09-04,-0.0094,0.0113,,failure
214420,토니모리,최대주주등소유주식변동신고서(최대주주변경시)              ,major_shareholder_change,20260903,volatile,10,C,Major shareholder changes can increase volatility depending on context.,5,1,1,0,5,"9월 3일 주식시장 주요공시 | [개장 전 주요 공시] 현대건설·형지I&C·BNK금융·에이프로젠바이오 등 | [공시]토니모리, 오너 2세 배진형 체제 본격 시동",2026-09-04,-0.0094,0.0113,,failure
214420,토니모리,최대주주등소유주식변동신고서(최대주주변경시)              ,major_shareholder_change,20260903,volatile,10,C,Major shareholder changes can increase volatility depending on context.,5,1,1,0,5,"9월 3일 주식시장 주요공시 | [개장 전 주요 공시] 현대건설·형지I&C·BNK금융·에이프로젠바이오 등 | [공시]토니모리, 오너 2세 배진형 체제 본격 시동",2026-09-04,-0.0094,0.0113,,failure
214420,토니모리,최대주주등소유주식변동신고서(최대주주변경시)              ,major_shareholder_change,20260903,volatile,10,C,Major shareholder changes can increase volatility depending on context.,5,1,1,0,5,"9월 3일 주식시장 주요공시 | [개장 전 주요 공시] 현대건설·형지I&C·BNK금융·에이프로젠바이오 등 | [공시]토니모리, 오너 2세 배진형 체제 본격 시동",2026-09-04,-0.0094,0.0113,,failure
214420,토니모리,최대주주등소유주식변동신고서(최대주주변경시)              ,major_shareholder_change,20260903,volatile,10,C,Major shareholder changes can increase volatility depending on context.,5,1,1,0,5,"9월 3일 주식시장 주요공시 | [개장 전 주요 공시] 현대건설·형지I&C·BNK금융·에이프로젠바이오 등 | [공시]토니모리, 오너 2세 배진형 체제 본격 시동",2026-09-04,-0.0094,0.0113,,failure
214420,토니모리,최대주주등소유주식변동신고서(최대주주변경시)              ,major_shareholder_change,20260903,volatile,10,C,Major shareholder changes can increase volatility depending on context.,5,1,1,0,5,"9월 3일 주식시장 주요공시 | [개장 전 주요 공시] 현대건설·형지I&C·BNK금융·에이프로젠바이오 등 | [공시]토니모리, 오너 2세 배진형 체제 본격 시동",2026-09-04,-0.0094,0.0113,,failure
214420,토니모리,최대주주등소유주식변동신고서(최대주주변경시)              ,major_shareholder_change,20260903,volatile,10,C,Major shareholder changes can increase volatility depending on context.,5,1,1,0,5,"9월 3일 주식시장 주요공시 | [개장 전 주요 공시] 현대건설·형지I&C·BNK금융·에이프로젠바이오 등 | [공시]토니모리, 오너 2세 배진형 체제 본격 시동",2026-09-04,-0.0094,0.0113,,failure
214420,토니모리,최대주주등소유주식변동신고서(최대주주변경시)              ,major_shareholder_change,20260903,volatile,10,C,Major shareholder changes can increase volatility depending on context.,5,1,1,0,5,"9월 3일 주식시장 주요공시 | [개장 전 주요 공시] 현대건설·형지I&C·BNK금융·에이프로젠바이오 등 | [공시]토니모리, 오너 2세 배진형 체제 본격 시동",2026-09-04,-0.0094,0.0113,,failure
214420,토니모리,최대주주등소유주식변동신고서(최대주주변경시)              ,major_shareholder_change,20260903,volatile,10,C,Major shareholder changes can increase volatility depending on context.,5,1,1,0,5,"9월 3일 주식시장 주요공시 | [개장 전 주요 공시] 현대건설·형지I&C·BNK금융·에이프로젠바이오 등 | [공시]토니모리, 오너 2세 배진형 체제 본격 시동",2026-09-04,-0.0094,0.0113,,failure
214420,토니모리,최대주주등소유주식변동신고서(최대주주변경시)              ,major_shareholder_change,20260903,volatile,10,C,Major shareholder changes can increase volatility depending on context.,5,1,1,0,5,"9월 3일 주식시장 주요공시 | [개장 전 주요 공시] 현대건설·형지I&C·BNK금융·에이프로젠바이오 등 | [공시]토니모리, 오너 2세 배진형 체제 본격 시동",2026-09-04,-0.0094,0.0113,,failure
214420,토니모리,최대주주등소유주식변동신고서(최대주주변경시)              ,major_shareholder_change,20260903,volatile,10,C,Major shareholder changes can increase volatility depending on context.,5,1,1,0,5,"9월 3일 주식시장 주요공시 | [개장 전 주요 공시] 현대건설·형지I&C·BNK금융·에이프로젠바이오 등 | [공시]토니모리, 오너 2세 배진형 체제 본격 시동",2026-09-04,-0.0094,0.0113,,failure
214420,토니모리,최대주주등소유주식변동신고서(최대주주변경시)              ,major_shareholder_change,20260903,volatile,10,C,Major shareholder changes can increase volatility depending on context.,5,1,1,0,5,"9월 3일 주식시장 주요공시 | [개장 전 주요 공시] 현대건설·형지I&C·BNK금융·에이프로젠바이오 등 | [공시]토니모리, 오너 2세 배진형 체제 본격 시동",2026-09-04,-0.0094,0.0113,,failure
214420,토니모리,최대주주등소유주식변동신고서(최대주주변경시)              ,major_shareholder_change,20260903,volatile,10,C,Major shareholder changes can increase volatility depending on context.,5,1,1,0,5,"9월 3일 주식시장 주요공시 | [개장 전 주요 공시] 현대건설·형지I&C·BNK금융·에이프로젠바이오 등 | [공시]토니모리, 오너 2세 배진형 체제 본격 시동",2026-09-04,-0.0094,0.0113,,failure
214420,토니모리,최대주주등소유주식변동신고서(최대주주변경시)              ,major_shareholder_change,20260903,volatile,10,C,Major shareholder changes can increase volatility depending on context.,5,1,1,0,5,"9월 3일 주식시장 주요공시 | [개장 전 주요 공시] 현대건설·형지I&C·BNK금융·에이프로젠바이오 등 | [공시]토니모리, 오너 2세 배진형 체제 본격 시동",2026-09-04,-0.0094,0.0113,,failure
214420,토니모리,최대주주등소유주식변동신고서(최대주주변경시)              ,major_shareholder_change,20260903,volatile,10,C,Major shareholder changes can increase volatility depending on context.,5,1,1,0,5,"9월 3일 주식시장 주요공시 | [개장 전 주요 공시] 현대건설·형지I&C·BNK금융·에이프로젠바이오 등 | [공시]토니모리, 오너 2세 배진형 체제 본격 시동",2026-09-04,-0.0094,0.0113,,failure
214420,토니모리,최대주주등소유주식변동신고서(최대주주변경시)              ,major_shareholder_change,20260903,volatile,10,C,Major shareholder changes can increase volatility depending on context.,5,1,1,0,5,"9월 3일 주식시장 주요공시 | [개장 전 주요 공시] 현대건설·형지I&C·BNK금융·에이프로젠바이오 등 | [공시]토니모리, 오너 2세 배진형 체제 본격 시동",2026-09-04,-0.0094,0.0113,,failure
214420,토니모리,최대주주등소유주식변동신고서(최대주주변경시)              ,major_shareholder_change,20260903,volatile,10,C,Major shareholder changes can increase volatility depending on context.,5,1,1,0,5,"9월 3일 주식시장 주요공시 | [개장 전 주요 공시] 현대건설·형지I&C·BNK금융·에이프로젠바이오 등 | [공시]토니모리, 오너 2세 배진형 체제 본격 시동",2026-09-04,-0.0094,0.0113,,failure
214420,토니모리,최대주주등소유주식변동신고서(최대주주변경시)              ,major_shareholder_change,20260903,volatile,10,C,Major shareholder changes can increase volatility depending on context.,5,1,1,0,5,"9월 3일 주식시장 주요공시 | [개장 전 주요 공시] 현대건설·형지I&C·BNK금융·에이프로젠바이오 등 | [공시]토니모리, 오너 2세 배진형 체제 본격 시동",2026-09-04,-0.0094,0.0113,,failure
214420,토니모리,최대주주등소유주식변동신고서(최대주주변경시)              ,major_shareholder_change,20260903,volatile,10,C,Major shareholder changes can increase volatility depending on context.,5,1,1,0,5,"9월 3일 주식시장 주요공시 | [개장 전 주요 공시] 현대건설·형지I&C·BNK금융·에이프로젠바이오 등 | [공시]토니모리, 오너 2세 배진형 체제 본격 시동",2026-09-04,-0.0094,0.0113,,failure
214420,토니모리,최대주주등소유주식변동신고서(최대주주변경시)              ,major_shareholder_change,20260903,volatile,10,C,Major shareholder changes can increase volatility depending on context.,5,1,1,0,5,"9월 3일 주식시장 주요공시 | [개장 전 주요 공시] 현대건설·형지I&C·BNK금융·에이프로젠바이오 등 | [공시]토니모리, 오너 2세 배진형 체제 본격 시동",2026-09-04,-0.0094,0.0113,,failure
214420,토니모리,최대주주등소유주식변동신고서(최대주주변경시)              ,major_shareholder_change,20260903,volatile,10,C,Major shareholder changes can increase volatility depending on context.,5,1,1,0,5,"9월 3일 주식시장 주요공시 | [개장 전 주요 공시] 현대건설·형지I&C·BNK금융·에이프로젠바이오 등 | [공시]토니모리, 오너 2세 배진형 체제 본격 시동",2026-09-04,-0.0094,0.0113,,failure
214420,토니모리,최대주주등소유주식변동신고서(최대주주변경시)              ,major_shareholder_change,20260903,volatile,10,C,Major shareholder changes can increase volatility depending on context.,5,1,1,0,5,"9월 3일 주식시장 주요공시 | [개장 전 주요 공시] 현대건설·형지I&C·BNK금융·에이프로젠바이오 등 | [공시]토니모리, 오너 2세 배진형 체제 본격 시동",2026-09-04,-0.0094,0.0113,,failure
214420,토니모리,최대주주등소유주식변동신고서(최대주주변경시)              ,major_shareholder_change,20260903,volatile,10,C,Major shareholder changes can increase volatility depending on context.,5,1,1,0,5,"9월 3일 주식시장 주요공시 | [개장 전 주요 공시] 현대건설·형지I&C·BNK금융·에이프로젠바이오 등 | [공시]토니모리, 오너 2세 배진형 체제 본격 시동",2026-09-04,-0.0094,0.0113,,failure
214420,토니모리,최대주주등소유주식변동신고서(최대주주변경시)              ,major_shareholder_change,20260903,volatile,10,C,Major shareholder changes can increase volatility depending on context.,5,1,1,0,5,"9월 3일 주식시장 주요공시 | [개장 전 주요 공시] 현대건설·형지I&C·BNK금융·에이프로젠바이오 등 | [공시]토니모리, 오너 2세 배진형 체제 본격 시동",2026-09-04,-0.0094,0.0113,,failure
214420,토니모리,최대주주등소유주식변동신고서(최대주주변경시)              ,major_shareholder_change,20260903,volatile,10,C,Major shareholder changes can increase volatility depending on context.,5,1,1,0,5,"9월 3일 주식시장 주요공시 | [개장 전 주요 공시] 현대건설·형지I&C·BNK금융·에이프로젠바이오 등 | [공시]토니모리, 오너 2세 배진형 체제 본격 시동",2026-09-04,-0.0094,0.0113,,failure
214420,토니모리,최대주주등소유주식변동신고서(최대주주변경시)              ,major_shareholder_change,20260903,volatile,10,C,Major shareholder changes can increase volatility depending on context.,5,1,1,0,5,"9월 3일 주식시장 주요공시 | [개장 전 주요 공시] 현대건설·형지I&C·BNK금융·에이프로젠바이오 등 | [공시]토니모리, 오너 2세 배진형 체제 본격 시동",2026-09-04,-0.0094,0.0113,,failure
214420,토니모리,최대주주등소유주식변동신고서(최대주주변경시)              ,major_shareholder_change,20260903,volatile,10,C,Major shareholder changes can increase volatility depending on context.,5,1,1,0,5,"9월 3일 주식시장 주요공시 | [개장 전 주요 공시] 현대건설·형지I&C·BNK금융·에이프로젠바이오 등 | [공시]토니모리, 오너 2세 배진형 체제 본격 시동",2026-09-04,-0.0094,0.0113,,failure
214420,토니모리,최대주주등소유주식변동신고서(최대주주변경시)              ,major_shareholder_change,20260903,volatile,10,C,Major shareholder changes can increase volatility depending on context.,5,1,1,0,5,"9월 3일 주식시장 주요공시 | [개장 전 주요 공시] 현대건설·형지I&C·BNK금융·에이프로젠바이오 등 | [공시]토니모리, 오너 2세 배진형 체제 본격 시동",2026-09-04,-0.0094,0.0113,,failure
214420,토니모리,최대주주등소유주식변동신고서(최대주주변경시)              ,major_shareholder_change,20260903,volatile,10,C,Major shareholder changes can increase volatility depending on context.,5,1,1,0,5,"9월 3일 주식시장 주요공시 | [개장 전 주요 공시] 현대건설·형지I&C·BNK금융·에이프로젠바이오 등 | [공시]토니모리, 오너 2세 배진형 체제 본격 시동",2026-09-04,-0.0094,0.0113,,failure
214420,토니모리,최대주주등소유주식변동신고서(최대주주변경시)              ,major_shareholder_change,20260903,volatile,10,C,Major shareholder changes can increase volatility depending on context.,5,1,1,0,5,"9월 3일 주식시장 주요공시 | [개장 전 주요 공시] 현대건설·형지I&C·BNK금융·에이프로젠바이오 등 | [공시]토니모리, 오너 2세 배진형 체제 본격 시동",2026-09-04,-0.0094,0.0113,,failure
214420,토니모리,최대주주등소유주식변동신고서(최대주주변경시)              ,major_shareholder_change,20260903,volatile,10,C,Major shareholder changes can increase volatility depending on context.,5,1,1,0,5,"9월 3일 주식시장 주요공시 | [개장 전 주요 공시] 현대건설·형지I&C·BNK금융·에이프로젠바이오 등 | [공시]토니모리, 오너 2세 배진형 체제 본격 시동",2026-09-04,-0.0094,0.0113,,failure
214420,토니모리,최대주주등소유주식변동신고서(최대주주변경시)              ,major_shareholder_change,20260903,volatile,10,C,Major shareholder changes can increase volatility depending on context.,5,1,1,0,5,"9월 3일 주식시장 주요공시 | [개장 전 주요 공시] 현대건설·형지I&C·BNK금융·에이프로젠바이오 등 | [공시]토니모리, 오너 2세 배진형 체제 본격 시동",2026-09-04,-0.0094,0.0113,,failure
214420,토니모리,최대주주등소유주식변동신고서(최대주주변경시)              ,major_shareholder_change,20260903,volatile,10,C,Major shareholder changes can increase volatility depending on context.,5,1,1,0,5,"9월 3일 주식시장 주요공시 | [개장 전 주요 공시] 현대건설·형지I&C·BNK금융·에이프로젠바이오 등 | [공시]토니모리, 오너 2세 배진형 체제 본격 시동",2026-09-04,-0.0094,0.0113,,failure
214420,토니모리,최대주주등소유주식변동신고서(최대주주변경시)              ,major_shareholder_change,20260903,volatile,10,C,Major shareholder changes can increase volatility depending on context.,5,1,1,0,5,"9월 3일 주식시장 주요공시 | [개장 전 주요 공시] 현대건설·형지I&C·BNK금융·에이프로젠바이오 등 | [공시]토니모리, 오너 2세 배진형 체제 본격 시동",2026-09-04,-0.0094,0.0113,,failure
214420,토니모리,최대주주등소유주식변동신고서(최대주주변경시)              ,major_shareholder_change,20260903,volatile,10,C,Major shareholder changes can increase volatility depending on context.,5,1,1,0,5,"9월 3일 주식시장 주요공시 | [개장 전 주요 공시] 현대건설·형지I&C·BNK금융·에이프로젠바이오 등 | [공시]토니모리, 오너 2세 배진형 체제 본격 시동",2026-09-04,-0.0094,0.0113,,failure
214420,토니모리,최대주주등소유주식변동신고서(최대주주변경시)              ,major_shareholder_change,20260903,volatile,10,C,Major shareholder changes can increase volatility depending on context.,5,1,1,0,5,"9월 3일 주식시장 주요공시 | [개장 전 주요 공시] 현대건설·형지I&C·BNK금융·에이프로젠바이오 등 | [공시]토니모리, 오너 2세 배진형 체제 본격 시동",2026-09-04,-0.0094,0.0113,,failure
214420,토니모리,최대주주등소유주식변동신고서(최대주주변경시)              ,major_shareholder_change,20260903,volatile,10,C,Major shareholder changes can increase volatility depending on context.,5,1,1,0,5,"9월 3일 주식시장 주요공시 | [개장 전 주요 공시] 현대건설·형지I&C·BNK금융·에이프로젠바이오 등 | [공시]토니모리, 오너 2세 배진형 체제 본격 시동",2026-09-04,-0.0094,0.0113,,failure
214420,토니모리,최대주주등소유주식변동신고서(최대주주변경시)              ,major_shareholder_change,20260903,volatile,10,C,Major shareholder changes can increase volatility depending on context.,5,1,1,0,5,"9월 3일 주식시장 주요공시 | [개장 전 주요 공시] 현대건설·형지I&C·BNK금융·에이프로젠바이오 등 | [공시]토니모리, 오너 2세 배진형 체제 본격 시동",2026-09-04,-0.0094,0.0113,,failure
214420,토니모리,최대주주등소유주식변동신고서(최대주주변경시)              ,major_shareholder_change,20260903,volatile,10,C,Major shareholder changes can increase volatility depending on context.,5,1,1,0,5,"9월 3일 주식시장 주요공시 | [개장 전 주요 공시] 현대건설·형지I&C·BNK금융·에이프로젠바이오 등 | [공시]토니모리, 오너 2세 배진형 체제 본격 시동",2026-09-04,-0.0094,0.0113,,failure
214420,토니모리,최대주주등소유주식변동신고서(최대주주변경시)              ,major_shareholder_change,20260903,volatile,10,C,Major shareholder changes can increase volatility depending on context.,5,1,1,0,5,"9월 3일 주식시장 주요공시 | [개장 전 주요 공시] 현대건설·형지I&C·BNK금융·에이프로젠바이오 등 | [공시]토니모리, 오너 2세 배진형 체제 본격 시동",2026-09-04,-0.0094,0.0113,,failure
214420,토니모리,최대주주등소유주식변동신고서(최대주주변경시)              ,major_shareholder_change,20260903,volatile,10,C,Major shareholder changes can increase volatility depending on context.,5,1,1,0,5,"9월 3일 주식시장 주요공시 | [개장 전 주요 공시] 현대건설·형지I&C·BNK금융·에이프로젠바이오 등 | [공시]토니모리, 오너 2세 배진형 체제 본격 시동",2026-09-04,-0.0094,0.0113,,failure
214420,토니모리,최대주주등소유주식변동신고서(최대주주변경시)              ,major_shareholder_change,20260903,volatile,10,C,Major shareholder changes can increase volatility depending on context.,5,1,1,0,5,"9월 3일 주식시장 주요공시 | [개장 전 주요 공시] 현대건설·형지I&C·BNK금융·에이프로젠바이오 등 | [공시]토니모리, 오너 2세 배진형 체제 본격 시동",2026-09-04,-0.0094,0.0113,,failure
214420,토니모리,최대주주등소유주식변동신고서(최대주주변경시)              ,major_shareholder_change,20260903,volatile,10,C,Major shareholder changes can increase volatility depending on context.,5,1,1,0,5,"9월 3일 주식시장 주요공시 | [개장 전 주요 공시] 현대건설·형지I&C·BNK금융·에이프로젠바이오 등 | [공시]토니모리, 오너 2세 배진형 체제 본격 시동",2026-09-04,-0.0094,0.0113,,failure
214420,토니모리,최대주주등소유주식변동신고서(최대주주변경시)              ,major_shareholder_change,20260903,volatile,10,C,Major shareholder changes can increase volatility depending on context.,5,1,1,0,5,"9월 3일 주식시장 주요공시 | [개장 전 주요 공시] 현대건설·형지I&C·BNK금융·에이프로젠바이오 등 | [공시]토니모리, 오너 2세 배진형 체제 본격 시동",2026-09-04,-0.0094,0.0113,,failure
214420,토니모리,최대주주등소유주식변동신고서(최대주주변경시)              ,major_shareholder_change,20260903,volatile,10,C,Major shareholder changes can increase volatility depending on context.,5,1,1,0,5,"9월 3일 주식시장 주요공시 | [개장 전 주요 공시] 현대건설·형지I&C·BNK금융·에이프로젠바이오 등 | [공시]토니모리, 오너 2세 배진형 체제 본격 시동",2026-09-04,-0.0094,0.0113,,failure
214420,토니모리,최대주주등소유주식변동신고서(최대주주변경시)              ,major_shareholder_change,20260903,volatile,10,C,Major shareholder changes can increase volatility depending on context.,5,1,1,0,5,"9월 3일 주식시장 주요공시 | [개장 전 주요 공시] 현대건설·형지I&C·BNK금융·에이프로젠바이오 등 | [공시]토니모리, 오너 2세 배진형 체제 본격 시동",2026-09-04,-0.0094,0.0113,,failure
214420,토니모리,최대주주등소유주식변동신고서(최대주주변경시)              ,major_shareholder_change,20260903,volatile,10,C,Major shareholder changes can increase volatility depending on context.,5,1,1,0,5,"9월 3일 주식시장 주요공시 | [개장 전 주요 공시] 현대건설·형지I&C·BNK금융·에이프로젠바이오 등 | [공시]토니모리, 오너 2세 배진형 체제 본격 시동",2026-09-04,-0.0094,0.0113,,failure
214420,토니모리,최대주주등소유주식변동신고서(최대주주변경시)              ,major_shareholder_change,20260903,volatile,10,C,Major shareholder changes can increase volatility depending on context.,5,1,1,0,5,"9월 3일 주식시장 주요공시 | [개장 전 주요 공시] 현대건설·형지I&C·BNK금융·에이프로젠바이오 등 | [공시]토니모리, 오너 2세 배진형 체제 본격 시동",2026-09-04,-0.0094,0.0113,,failure
214420,토니모리,최대주주등소유주식변동신고서(최대주주변경시)              ,major_shareholder_change,20260903,volatile,10,C,Major shareholder changes can increase volatility depending on context.,5,1,1,0,5,"9월 3일 주식시장 주요공시 | [개장 전 주요 공시] 현대건설·형지I&C·BNK금융·에이프로젠바이오 등 | [공시]토니모리, 오너 2세 배진형 체제 본격 시동",2026-09-04,-0.0094,0.0113,,failure
214420,토니모리,최대주주등소유주식변동신고서(최대주주변경시)              ,major_shareholder_change,20260903,volatile,10,C,Major shareholder changes can increase volatility depending on context.,5,1,1,0,5,"9월 3일 주식시장 주요공시 | [개장 전 주요 공시] 현대건설·형지I&C·BNK금융·에이프로젠바이오 등 | [공시]토니모리, 오너 2세 배진형 체제 본격 시동",2026-09-04,-0.0094,0.0113,,failure
214420,토니모리,최대주주등소유주식변동신고서(최대주주변경시)              ,major_shareholder_change,20260903,volatile,10,C,Major shareholder changes can increase volatility depending on context.,5,1,1,0,5,"9월 3일 주식시장 주요공시 | [개장 전 주요 공시] 현대건설·형지I&C·BNK금융·에이프로젠바이오 등 | [공시]토니모리, 오너 2세 배진형 체제 본격 시동",2026-09-04,-0.0094,0.0113,,failure
214420,토니모리,최대주주등소유주식변동신고서(최대주주변경시)              ,major_shareholder_change,20260903,volatile,10,C,Major shareholder changes can increase volatility depending on context.,5,1,1,0,5,"9월 3일 주식시장 주요공시 | [개장 전 주요 공시] 현대건설·형지I&C·BNK금융·에이프로젠바이오 등 | [공시]토니모리, 오너 2세 배진형 체제 본격 시동",2026-09-04,-0.0094,0.0113,,failure
214420,토니모리,최대주주등소유주식변동신고서(최대주주변경시)              ,major_shareholder_change,20260903,volatile,10,C,Major shareholder changes can increase volatility depending on context.,5,1,1,0,5,"9월 3일 주식시장 주요공시 | [개장 전 주요 공시] 현대건설·형지I&C·BNK금융·에이프로젠바이오 등 | [공시]토니모리, 오너 2세 배진형 체제 본격 시동",2026-09-04,-0.0094,0.0113,,failure
214420,토니모리,최대주주등소유주식변동신고서(최대주주변경시)              ,major_shareholder_change,20260903,volatile,10,C,Major shareholder changes can increase volatility depending on context.,5,1,1,0,5,"9월 3일 주식시장 주요공시 | [개장 전 주요 공시] 현대건설·형지I&C·BNK금융·에이프로젠바이오 등 | [공시]토니모리, 오너 2세 배진형 체제 본격 시동",2026-09-04,-0.0094,0.0113,,failure
214420,토니모리,최대주주등소유주식변동신고서(최대주주변경시)              ,major_shareholder_change,20260903,volatile,10,C,Major shareholder changes can increase volatility depending on context.,5,1,1,0,5,"9월 3일 주식시장 주요공시 | [개장 전 주요 공시] 현대건설·형지I&C·BNK금융·에이프로젠바이오 등 | [공시]토니모리, 오너 2세 배진형 체제 본격 시동",2026-09-04,-0.0094,0.0113,,failure
214420,토니모리,최대주주등소유주식변동신고서(최대주주변경시)              ,major_shareholder_change,20260903,volatile,10,C,Major shareholder changes can increase volatility depending on context.,5,1,1,0,5,"9월 3일 주식시장 주요공시 | [개장 전 주요 공시] 현대건설·형지I&C·BNK금융·에이프로젠바이오 등 | [공시]토니모리, 오너 2세 배진형 체제 본격 시동",2026-09-04,-0.0094,0.0113,,failure
214420,토니모리,최대주주등소유주식변동신고서(최대주주변경시)              ,major_shareholder_change,20260903,volatile,10,C,Major shareholder changes can increase volatility depending on context.,5,1,1,0,5,"9월 3일 주식시장 주요공시 | [개장 전 주요 공시] 현대건설·형지I&C·BNK금융·에이프로젠바이오 등 | [공시]토니모리, 오너 2세 배진형 체제 본격 시동",2026-09-04,-0.0094,0.0113,,failure
214420,토니모리,최대주주등소유주식변동신고서(최대주주변경시)              ,major_shareholder_change,20260903,volatile,10,C,Major shareholder changes can increase volatility depending on context.,5,1,1,0,5,"9월 3일 주식시장 주요공시 | [개장 전 주요 공시] 현대건설·형지I&C·BNK금융·에이프로젠바이오 등 | [공시]토니모리, 오너 2세 배진형 체제 본격 시동",2026-09-04,-0.0094,0.0113,,failure
214420,토니모리,최대주주등소유주식변동신고서(최대주주변경시)              ,major_shareholder_change,20260903,volatile,10,C,Major shareholder changes can increase volatility depending on context.,5,1,1,0,5,"9월 3일 주식시장 주요공시 | [개장 전 주요 공시] 현대건설·형지I&C·BNK금융·에이프로젠바이오 등 | [공시]토니모리, 오너 2세 배진형 체제 본격 시동",2026-09-04,-0.0094,0.0113,,failure
214420,토니모리,최대주주등소유주식변동신고서(최대주주변경시)              ,major_shareholder_change,20260903,volatile,10,C,Major shareholder changes can increase volatility depending on context.,5,1,1,0,5,"9월 3일 주식시장 주요공시 | [개장 전 주요 공시] 현대건설·형지I&C·BNK금융·에이프로젠바이오 등 | [공시]토니모리, 오너 2세 배진형 체제 본격 시동",2026-09-04,-0.0094,0.0113,,failure
214420,토니모리,최대주주등소유주식변동신고서(최대주주변경시)              ,major_shareholder_change,20260903,volatile,10,C,Major shareholder changes can increase volatility depending on context.,5,1,1,0,5,"9월 3일 주식시장 주요공시 | [개장 전 주요 공시] 현대건설·형지I&C·BNK금융·에이프로젠바이오 등 | [공시]토니모리, 오너 2세 배진형 체제 본격 시동",2026-09-04,-0.0094,0.0113,,failure
214420,토니모리,최대주주등소유주식변동신고서(최대주주변경시)              ,major_shareholder_change,20260903,volatile,10,C,Major shareholder changes can increase volatility depending on context.,5,1,1,0,5,"9월 3일 주식시장 주요공시 | [개장 전 주요 공시] 현대건설·형지I&C·BNK금융·에이프로젠바이오 등 | [공시]토니모리, 오너 2세 배진형 체제 본격 시동",2026-09-04,-0.0094,0.0113,,failure
214420,토니모리,최대주주등소유주식변동신고서(최대주주변경시)              ,major_shareholder_change,20260903,volatile,10,C,Major shareholder changes can increase volatility depending on context.,5,1,1,0,5,"9월 3일 주식시장 주요공시 | [개장 전 주요 공시] 현대건설·형지I&C·BNK금융·에이프로젠바이오 등 | [공시]토니모리, 오너 2세 배진형 체제 본격 시동",2026-09-04,-0.0094,0.0113,,failure
214420,토니모리,최대주주등소유주식변동신고서(최대주주변경시)              ,major_shareholder_change,20260903,volatile,10,C,Major shareholder changes can increase volatility depending on context.,5,1,1,0,5,"9월 3일 주식시장 주요공시 | [개장 전 주요 공시] 현대건설·형지I&C·BNK금융·에이프로젠바이오 등 | [공시]토니모리, 오너 2세 배진형 체제 본격 시동",2026-09-04,-0.0094,0.0113,,failure
214420,토니모리,최대주주등소유주식변동신고서(최대주주변경시)              ,major_shareholder_change,20260903,volatile,10,C,Major shareholder changes can increase volatility depending on context.,5,1,1,0,5,"9월 3일 주식시장 주요공시 | [개장 전 주요 공시] 현대건설·형지I&C·BNK금융·에이프로젠바이오 등 | [공시]토니모리, 오너 2세 배진형 체제 본격 시동",2026-09-04,-0.0094,0.0113,,failure
214420,토니모리,최대주주등소유주식변동신고서(최대주주변경시)              ,major_shareholder_change,20260903,volatile,10,C,Major shareholder changes can increase volatility depending on context.,5,1,1,0,5,"9월 3일 주식시장 주요공시 | [개장 전 주요 공시] 현대건설·형지I&C·BNK금융·에이프로젠바이오 등 | [공시]토니모리, 오너 2세 배진형 체제 본격 시동",2026-09-04,-0.0094,0.0113,,failure
214420,토니모리,최대주주등소유주식변동신고서(최대주주변경시)              ,major_shareholder_change,20260903,volatile,10,C,Major shareholder changes can increase volatility depending on context.,5,1,1,0,5,"9월 3일 주식시장 주요공시 | [개장 전 주요 공시] 현대건설·형지I&C·BNK금융·에이프로젠바이오 등 | [공시]토니모리, 오너 2세 배진형 체제 본격 시동",2026-09-04,-0.0094,0.0113,,failure
214420,토니모리,최대주주등소유주식변동신고서(최대주주변경시)              ,major_shareholder_change,20260903,volatile,10,C,Major shareholder changes can increase volatility depending on context.,5,1,1,0,5,"9월 3일 주식시장 주요공시 | [개장 전 주요 공시] 현대건설·형지I&C·BNK금융·에이프로젠바이오 등 | [공시]토니모리, 오너 2세 배진형 체제 본격 시동",2026-09-04,-0.0094,0.0113,,failure
214420,토니모리,최대주주등소유주식변동신고서(최대주주변경시)              ,major_shareholder_change,20260903,volatile,10,C,Major shareholder changes can increase volatility depending on context.,5,1,1,0,5,"9월 3일 주식시장 주요공시 | [개장 전 주요 공시] 현대건설·형지I&C·BNK금융·에이프로젠바이오 등 | [공시]토니모리, 오너 2세 배진형 체제 본격 시동",2026-09-04,-0.0094,0.0113,,failure
214420,토니모리,최대주주등소유주식변동신고서(최대주주변경시)              ,major_shareholder_change,20260903,volatile,10,C,Major shareholder changes can increase volatility depending on context.,5,1,1,0,5,"9월 3일 주식시장 주요공시 | [개장 전 주요 공시] 현대건설·형지I&C·BNK금융·에이프로젠바이오 등 | [공시]토니모리, 오너 2세 배진형 체제 본격 시동",2026-09-04,-0.0094,0.0113,,failure
214420,토니모리,최대주주등소유주식변동신고서(최대주주변경시)              ,major_shareholder_change,20260903,volatile,10,C,Major shareholder changes can increase volatility depending on context.,5,1,1,0,5,"9월 3일 주식시장 주요공시 | [개장 전 주요 공시] 현대건설·형지I&C·BNK금융·에이프로젠바이오 등 | [공시]토니모리, 오너 2세 배진형 체제 본격 시동",2026-09-04,-0.0094,0.0113,,failure
214420,토니모리,최대주주등소유주식변동신고서(최대주주변경시)              ,major_shareholder_change,20260903,volatile,10,C,Major shareholder changes can increase volatility depending on context.,5,1,1,0,5,"9월 3일 주식시장 주요공시 | [개장 전 주요 공시] 현대건설·형지I&C·BNK금융·에이프로젠바이오 등 | [공시]토니모리, 오너 2세 배진형 체제 본격 시동",2026-09-04,-0.0094,0.0113,,failure
214420,토니모리,최대주주등소유주식변동신고서(최대주주변경시)              ,major_shareholder_change,20260903,volatile,10,C,Major shareholder changes can increase volatility depending on context.,5,1,1,0,5,"9월 3일 주식시장 주요공시 | [개장 전 주요 공시] 현대건설·형지I&C·BNK금융·에이프로젠바이오 등 | [공시]토니모리, 오너 2세 배진형 체제 본격 시동",2026-09-04,-0.0094,0.0113,,failure
214420,토니모리,최대주주등소유주식변동신고서(최대주주변경시)              ,major_shareholder_change,20260903,volatile,10,C,Major shareholder changes can increase volatility depending on context.,5,1,1,0,5,"9월 3일 주식시장 주요공시 | [개장 전 주요 공시] 현대건설·형지I&C·BNK금융·에이프로젠바이오 등 | [공시]토니모리, 오너 2세 배진형 체제 본격 시동",2026-09-04,-0.0094,0.0113,,failure
214420,토니모리,최대주주등소유주식변동신고서(최대주주변경시)              ,major_shareholder_change,20260903,volatile,10,C,Major shareholder changes can increase volatility depending on context.,5,1,1,0,5,"9월 3일 주식시장 주요공시 | [개장 전 주요 공시] 현대건설·형지I&C·BNK금융·에이프로젠바이오 등 | [공시]토니모리, 오너 2세 배진형 체제 본격 시동",2026-09-04,-0.0094,0.0113,,failure
214420,토니모리,최대주주등소유주식변동신고서(최대주주변경시)              ,major_shareholder_change,20260903,volatile,10,C,Major shareholder changes can increase volatility depending on context.,5,1,1,0,5,"9월 3일 주식시장 주요공시 | [개장 전 주요 공시] 현대건설·형지I&C·BNK금융·에이프로젠바이오 등 | [공시]토니모리, 오너 2세 배진형 체제 본격 시동",2026-09-04,-0.0094,0.0113,,failure
214420,토니모리,최대주주등소유주식변동신고서(최대주주변경시)              ,major_shareholder_change,20260903,volatile,10,C,Major shareholder changes can increase volatility depending on context.,5,1,1,0,5,"9월 3일 주식시장 주요공시 | [개장 전 주요 공시] 현대건설·형지I&C·BNK금융·에이프로젠바이오 등 | [공시]토니모리, 오너 2세 배진형 체제 본격 시동",2026-09-04,-0.0094,0.0113,,failure
003070,코오롱글로벌,[기재정정]단일판매ㆍ공급계약체결              ,supply_contract,20260903,positive,70,C,Supply contract disclosures may indicate future revenue growth.,5,3,1,2,5,"9월 3일 주식시장 주요공시 | [더벨][노타 밸류업] 모바일서 로봇까지…AI 최적화 영토 넓힌다 | [더벨][CFO 워치] 코오롱생명과학, 지주조달통 CFO로 영입",2026-09-04,0.0265,0.0021,,success
291810,핀텔,[기재정정]주요사항보고서(유상증자결정),paid_in_capital_increase,20260903,negative,-70,C,Paid-in capital increases can create dilution concerns.,5,3,6,-3,5,"9월 3일 주식시장 주요공시 | 공모자금 딴 데 굴리다 상폐위기 간 핀텔…일반 주주에 또 손 벌렸다 | [공시]관리종목 지정 핀텔, 30억 조달 사활",2026-09-04,0.0152,-0.0065,,success
291810,핀텔,[기재정정]주요사항보고서(유상증자결정),paid_in_capital_increase,20260903,negative,-70,C,Paid-in capital increases can create dilution concerns.,5,3,6,-3,5,"9월 3일 주식시장 주요공시 | 공모자금 딴 데 굴리다 상폐위기 간 핀텔…일반 주주에 또 손 벌렸다 | [공시]관리종목 지정 핀텔, 30억 조달 사활",2026-09-04,0.0152,-0.0065,,success
291810,핀텔,[기재정정]주요사항보고서(유상증자결정),paid_in_capital_increase,20260903,negative,-70,C,Paid-in capital increases can create dilution concerns.,5,3,6,-3,5,"9월 3일 주식시장 주요공시 | 공모자금 딴 데 굴리다 상폐위기 간 핀텔…일반 주주에 또 손 벌렸다 | [공시]관리종목 지정 핀텔, 30억 조달 사활",2026-09-04,0.0152,-0.0065,,success
291810,핀텔,[기재정정]주요사항보고서(유상증자결정),paid_in_capital_increase,20260903,negative,-70,C,Paid-in capital increases can create dilution concerns.,5,3,6,-3,5,"9월 3일 주식시장 주요공시 | 공모자금 딴 데 굴리다 상폐위기 간 핀텔…일반 주주에 또 손 벌렸다 | [공시]관리종목 지정 핀텔, 30억 조달 사활",2026-09-04,0.0152,-0.0065,,success
291810,핀텔,[기재정정]주요사항보고서(유상증자결정),paid_in_capital_increase,20260903,negative,-70,C,Paid-in capital increases can create dilution concerns.,5,3,6,-3,5,"9월 3일 주식시장 주요공시 | 공모자금 딴 데 굴리다 상폐위기 간 핀텔…일반 주주에 또 손 벌렸다 | [공시]관리종목 지정 핀텔, 30억 조달 사활",2026-09-04,0.0152,-0.0065,,success
291810,핀텔,[기재정정]주요사항보고서(유상증자결정),paid_in_capital_increase,20260903,negative,-70,C,Paid-in capital increases can create dilution concerns.,5,3,6,-3,5,"9월 3일 주식시장 주요공시 | 공모자금 딴 데 굴리다 상폐위기 간 핀텔…일반 주주에 또 손 벌렸다 | [공시]관리종목 지정 핀텔, 30억 조달 사활",2026-09-04,0.0152,-0.0065,,success
291810,핀텔,[기재정정]주요사항보고서(유상증자결정),paid_in_capital_increase,20260903,negative,-70,C,Paid-in capital increases can create dilution concerns.,5,3,6,-3,5,"9월 3일 주식시장 주요공시 | 공모자금 딴 데 굴리다 상폐위기 간 핀텔…일반 주주에 또 손 벌렸다 | [공시]관리종목 지정 핀텔, 30억 조달 사활",2026-09-04,0.0152,-0.0065,,success
291810,핀텔,[기재정정]주요사항보고서(유상증자결정),paid_in_capital_increase,20260903,negative,-70,C,Paid-in capital increases can create dilution concerns.,5,3,6,-3,5,"9월 3일 주식시장 주요공시 | 공모자금 딴 데 굴리다 상폐위기 간 핀텔…일반 주주에 또 손 벌렸다 | [공시]관리종목 지정 핀텔, 30억 조달 사활",2026-09-04,0.0152,-0.0065,,success
291810,핀텔,[기재정정]주요사항보고서(유상증자결정),paid_in_capital_increase,20260903,negative,-70,C,Paid-in capital increases can create dilution concerns.,5,3,6,-3,5,"9월 3일 주식시장 주요공시 | 공모자금 딴 데 굴리다 상폐위기 간 핀텔…일반 주주에 또 손 벌렸다 | [공시]관리종목 지정 핀텔, 30억 조달 사활",2026-09-04,0.0152,-0.0065,,success
291810,핀텔,[기재정정]주요사항보고서(유상증자결정),paid_in_capital_increase,20260903,negative,-70,C,Paid-in capital increases can create dilution concerns.,5,3,6,-3,5,"9월 3일 주식시장 주요공시 | 공모자금 딴 데 굴리다 상폐위기 간 핀텔…일반 주주에 또 손 벌렸다 | [공시]관리종목 지정 핀텔, 30억 조달 사활",2026-09-04,0.0152,-0.0065,,success
291810,핀텔,[기재정정]주요사항보고서(유상증자결정),paid_in_capital_increase,20260903,negative,-70,C,Paid-in capital increases can create dilution concerns.,5,3,6,-3,5,"9월 3일 주식시장 주요공시 | 공모자금 딴 데 굴리다 상폐위기 간 핀텔…일반 주주에 또 손 벌렸다 | [공시]관리종목 지정 핀텔, 30억 조달 사활",2026-09-04,0.0152,-0.0065,,success
291810,핀텔,[기재정정]주요사항보고서(유상증자결정),paid_in_capital_increase,20260903,negative,-70,C,Paid-in capital increases can create dilution concerns.,5,3,6,-3,5,"9월 3일 주식시장 주요공시 | 공모자금 딴 데 굴리다 상폐위기 간 핀텔…일반 주주에 또 손 벌렸다 | [공시]관리종목 지정 핀텔, 30억 조달 사활",2026-09-04,0.0152,-0.0065,,success
291810,핀텔,[기재정정]주요사항보고서(유상증자결정),paid_in_capital_increase,20260903,negative,-70,C,Paid-in capital increases can create dilution concerns.,5,3,6,-3,5,"9월 3일 주식시장 주요공시 | 공모자금 딴 데 굴리다 상폐위기 간 핀텔…일반 주주에 또 손 벌렸다 | [공시]관리종목 지정 핀텔, 30억 조달 사활",2026-09-04,0.0152,-0.0065,,success
291810,핀텔,[기재정정]주요사항보고서(유상증자결정),paid_in_capital_increase,20260903,negative,-70,C,Paid-in capital increases can create dilution concerns.,5,3,6,-3,5,"9월 3일 주식시장 주요공시 | 공모자금 딴 데 굴리다 상폐위기 간 핀텔…일반 주주에 또 손 벌렸다 | [공시]관리종목 지정 핀텔, 30억 조달 사활",2026-09-04,0.0152,-0.0065,,success
291810,핀텔,[기재정정]주요사항보고서(유상증자결정),paid_in_capital_increase,20260903,negative,-70,C,Paid-in capital increases can create dilution concerns.,5,3,6,-3,5,"9월 3일 주식시장 주요공시 | 공모자금 딴 데 굴리다 상폐위기 간 핀텔…일반 주주에 또 손 벌렸다 | [공시]관리종목 지정 핀텔, 30억 조달 사활",2026-09-04,0.0152,-0.0065,,success
291810,핀텔,[기재정정]주요사항보고서(유상증자결정),paid_in_capital_increase,20260903,negative,-70,C,Paid-in capital increases can create dilution concerns.,5,3,6,-3,5,"9월 3일 주식시장 주요공시 | 공모자금 딴 데 굴리다 상폐위기 간 핀텔…일반 주주에 또 손 벌렸다 | [공시]관리종목 지정 핀텔, 30억 조달 사활",2026-09-04,0.0152,-0.0065,,success
291810,핀텔,[기재정정]주요사항보고서(유상증자결정),paid_in_capital_increase,20260903,negative,-70,C,Paid-in capital increases can create dilution concerns.,5,3,6,-3,5,"9월 3일 주식시장 주요공시 | 공모자금 딴 데 굴리다 상폐위기 간 핀텔…일반 주주에 또 손 벌렸다 | [공시]관리종목 지정 핀텔, 30억 조달 사활",2026-09-04,0.0152,-0.0065,,success
291810,핀텔,[기재정정]주요사항보고서(유상증자결정),paid_in_capital_increase,20260903,negative,-70,C,Paid-in capital increases can create dilution concerns.,5,3,6,-3,5,"9월 3일 주식시장 주요공시 | 공모자금 딴 데 굴리다 상폐위기 간 핀텔…일반 주주에 또 손 벌렸다 | [공시]관리종목 지정 핀텔, 30억 조달 사활",2026-09-04,0.0152,-0.0065,,success
291810,핀텔,[기재정정]주요사항보고서(유상증자결정),paid_in_capital_increase,20260903,negative,-70,C,Paid-in capital increases can create dilution concerns.,5,3,6,-3,5,"9월 3일 주식시장 주요공시 | 공모자금 딴 데 굴리다 상폐위기 간 핀텔…일반 주주에 또 손 벌렸다 | [공시]관리종목 지정 핀텔, 30억 조달 사활",2026-09-04,0.0152,-0.0065,,success
291810,핀텔,[기재정정]주요사항보고서(유상증자결정),paid_in_capital_increase,20260903,negative,-70,C,Paid-in capital increases can create dilution concerns.,5,3,6,-3,5,"9월 3일 주식시장 주요공시 | 공모자금 딴 데 굴리다 상폐위기 간 핀텔…일반 주주에 또 손 벌렸다 | [공시]관리종목 지정 핀텔, 30억 조달 사활",2026-09-04,0.0152,-0.0065,,success
291810,핀텔,[기재정정]주요사항보고서(유상증자결정),paid_in_capital_increase,20260903,negative,-70,C,Paid-in capital increases can create dilution concerns.,5,3,6,-3,5,"9월 3일 주식시장 주요공시 | 공모자금 딴 데 굴리다 상폐위기 간 핀텔…일반 주주에 또 손 벌렸다 | [공시]관리종목 지정 핀텔, 30억 조달 사활",2026-09-04,0.0152,-0.0065,,success
291810,핀텔,[기재정정]주요사항보고서(유상증자결정),paid_in_capital_increase,20260903,negative,-70,C,Paid-in capital increases can create dilution concerns.,5,3,6,-3,5,"9월 3일 주식시장 주요공시 | 공모자금 딴 데 굴리다 상폐위기 간 핀텔…일반 주주에 또 손 벌렸다 | [공시]관리종목 지정 핀텔, 30억 조달 사활",2026-09-04,0.0152,-0.0065,,success
291810,핀텔,[기재정정]주요사항보고서(유상증자결정),paid_in_capital_increase,20260903,negative,-70,C,Paid-in capital increases can create dilution concerns.,5,3,6,-3,5,"9월 3일 주식시장 주요공시 | 공모자금 딴 데 굴리다 상폐위기 간 핀텔…일반 주주에 또 손 벌렸다 | [공시]관리종목 지정 핀텔, 30억 조달 사활",2026-09-04,0.0152,-0.0065,,success
291810,핀텔,[기재정정]주요사항보고서(유상증자결정),paid_in_capital_increase,20260903,negative,-70,C,Paid-in capital increases can create dilution concerns.,5,3,6,-3,5,"9월 3일 주식시장 주요공시 | 공모자금 딴 데 굴리다 상폐위기 간 핀텔…일반 주주에 또 손 벌렸다 | [공시]관리종목 지정 핀텔, 30억 조달 사활",2026-09-04,0.0152,-0.0065,,success
291810,핀텔,[기재정정]주요사항보고서(유상증자결정),paid_in_capital_increase,20260903,negative,-70,C,Paid-in capital increases can create dilution concerns.,5,3,6,-3,5,"9월 3일 주식시장 주요공시 | 공모자금 딴 데 굴리다 상폐위기 간 핀텔…일반 주주에 또 손 벌렸다 | [공시]관리종목 지정 핀텔, 30억 조달 사활",2026-09-04,0.0152,-0.0065,,success
291810,핀텔,[기재정정]주요사항보고서(유상증자결정),paid_in_capital_increase,20260903,negative,-70,C,Paid-in capital increases can create dilution concerns.,5,3,6,-3,5,"9월 3일 주식시장 주요공시 | 공모자금 딴 데 굴리다 상폐위기 간 핀텔…일반 주주에 또 손 벌렸다 | [공시]관리종목 지정 핀텔, 30억 조달 사활",2026-09-04,0.0152,-0.0065,,success
291810,핀텔,[기재정정]주요사항보고서(유상증자결정),paid_in_capital_increase,20260903,negative,-70,C,Paid-in capital increases can create dilution concerns.,5,3,6,-3,5,"9월 3일 주식시장 주요공시 | 공모자금 딴 데 굴리다 상폐위기 간 핀텔…일반 주주에 또 손 벌렸다 | [공시]관리종목 지정 핀텔, 30억 조달 사활",2026-09-04,0.0152,-0.0065,,success
291810,핀텔,[기재정정]주요사항보고서(유상증자결정),paid_in_capital_increase,20260903,negative,-70,C,Paid-in capital increases can create dilution concerns.,5,3,6,-3,5,"9월 3일 주식시장 주요공시 | 공모자금 딴 데 굴리다 상폐위기 간 핀텔…일반 주주에 또 손 벌렸다 | [공시]관리종목 지정 핀텔, 30억 조달 사활",2026-09-04,0.0152,-0.0065,,success
291810,핀텔,[기재정정]주요사항보고서(유상증자결정),paid_in_capital_increase,20260903,negative,-70,C,Paid-in capital increases can create dilution concerns.,5,3,6,-3,5,"9월 3일 주식시장 주요공시 | 공모자금 딴 데 굴리다 상폐위기 간 핀텔…일반 주주에 또 손 벌렸다 | [공시]관리종목 지정 핀텔, 30억 조달 사활",2026-09-04,0.0152,-0.0065,,success
291810,핀텔,[기재정정]주요사항보고서(유상증자결정),paid_in_capital_increase,20260903,negative,-70,C,Paid-in capital increases can create dilution concerns.,5,3,6,-3,5,"9월 3일 주식시장 주요공시 | 공모자금 딴 데 굴리다 상폐위기 간 핀텔…일반 주주에 또 손 벌렸다 | [공시]관리종목 지정 핀텔, 30억 조달 사활",2026-09-04,0.0152,-0.0065,,success
291810,핀텔,[기재정정]주요사항보고서(유상증자결정),paid_in_capital_increase,20260903,negative,-70,C,Paid-in capital increases can create dilution concerns.,5,3,6,-3,5,"9월 3일 주식시장 주요공시 | 공모자금 딴 데 굴리다 상폐위기 간 핀텔…일반 주주에 또 손 벌렸다 | [공시]관리종목 지정 핀텔, 30억 조달 사활",2026-09-04,0.0152,-0.0065,,success
291810,핀텔,[기재정정]주요사항보고서(유상증자결정),paid_in_capital_increase,20260903,negative,-70,C,Paid-in capital increases can create dilution concerns.,5,3,6,-3,5,"9월 3일 주식시장 주요공시 | 공모자금 딴 데 굴리다 상폐위기 간 핀텔…일반 주주에 또 손 벌렸다 | [공시]관리종목 지정 핀텔, 30억 조달 사활",2026-09-04,0.0152,-0.0065,,success
291810,핀텔,[기재정정]주요사항보고서(유상증자결정),paid_in_capital_increase,20260903,negative,-70,C,Paid-in capital increases can create dilution concerns.,5,3,6,-3,5,"9월 3일 주식시장 주요공시 | 공모자금 딴 데 굴리다 상폐위기 간 핀텔…일반 주주에 또 손 벌렸다 | [공시]관리종목 지정 핀텔, 30억 조달 사활",2026-09-04,0.0152,-0.0065,,success
291810,핀텔,[기재정정]주요사항보고서(유상증자결정),paid_in_capital_increase,20260903,negative,-70,C,Paid-in capital increases can create dilution concerns.,5,3,6,-3,5,"9월 3일 주식시장 주요공시 | 공모자금 딴 데 굴리다 상폐위기 간 핀텔…일반 주주에 또 손 벌렸다 | [공시]관리종목 지정 핀텔, 30억 조달 사활",2026-09-04,0.0152,-0.0065,,success
291810,핀텔,[기재정정]주요사항보고서(유상증자결정),paid_in_capital_increase,20260903,negative,-70,C,Paid-in capital increases can create dilution concerns.,5,3,6,-3,5,"9월 3일 주식시장 주요공시 | 공모자금 딴 데 굴리다 상폐위기 간 핀텔…일반 주주에 또 손 벌렸다 | [공시]관리종목 지정 핀텔, 30억 조달 사활",2026-09-04,0.0152,-0.0065,,success
291810,핀텔,[기재정정]주요사항보고서(유상증자결정),paid_in_capital_increase,20260903,negative,-70,C,Paid-in capital increases can create dilution concerns.,5,3,6,-3,5,"9월 3일 주식시장 주요공시 | 공모자금 딴 데 굴리다 상폐위기 간 핀텔…일반 주주에 또 손 벌렸다 | [공시]관리종목 지정 핀텔, 30억 조달 사활",2026-09-04,0.0152,-0.0065,,success
291810,핀텔,[기재정정]주요사항보고서(유상증자결정),paid_in_capital_increase,20260903,negative,-70,C,Paid-in capital increases can create dilution concerns.,5,3,6,-3,5,"9월 3일 주식시장 주요공시 | 공모자금 딴 데 굴리다 상폐위기 간 핀텔…일반 주주에 또 손 벌렸다 | [공시]관리종목 지정 핀텔, 30억 조달 사활",2026-09-04,0.0152,-0.0065,,success
291810,핀텔,[기재정정]주요사항보고서(유상증자결정),paid_in_capital_increase,20260903,negative,-70,C,Paid-in capital increases can create dilution concerns.,5,3,6,-3,5,"9월 3일 주식시장 주요공시 | 공모자금 딴 데 굴리다 상폐위기 간 핀텔…일반 주주에 또 손 벌렸다 | [공시]관리종목 지정 핀텔, 30억 조달 사활",2026-09-04,0.0152,-0.0065,,success
291810,핀텔,[기재정정]주요사항보고서(유상증자결정),paid_in_capital_increase,20260903,negative,-70,C,Paid-in capital increases can create dilution concerns.,5,3,6,-3,5,"9월 3일 주식시장 주요공시 | 공모자금 딴 데 굴리다 상폐위기 간 핀텔…일반 주주에 또 손 벌렸다 | [공시]관리종목 지정 핀텔, 30억 조달 사활",2026-09-04,0.0152,-0.0065,,success
291810,핀텔,[기재정정]주요사항보고서(유상증자결정),paid_in_capital_increase,20260903,negative,-70,C,Paid-in capital increases can create dilution concerns.,5,3,6,-3,5,"9월 3일 주식시장 주요공시 | 공모자금 딴 데 굴리다 상폐위기 간 핀텔…일반 주주에 또 손 벌렸다 | [공시]관리종목 지정 핀텔, 30억 조달 사활",2026-09-04,0.0152,-0.0065,,success
291810,핀텔,[기재정정]주요사항보고서(유상증자결정),paid_in_capital_increase,20260903,negative,-70,C,Paid-in capital increases can create dilution concerns.,5,3,6,-3,5,"9월 3일 주식시장 주요공시 | 공모자금 딴 데 굴리다 상폐위기 간 핀텔…일반 주주에 또 손 벌렸다 | [공시]관리종목 지정 핀텔, 30억 조달 사활",2026-09-04,0.0152,-0.0065,,success
291810,핀텔,[기재정정]주요사항보고서(유상증자결정),paid_in_capital_increase,20260903,negative,-70,C,Paid-in capital increases can create dilution concerns.,5,3,6,-3,5,"9월 3일 주식시장 주요공시 | 공모자금 딴 데 굴리다 상폐위기 간 핀텔…일반 주주에 또 손 벌렸다 | [공시]관리종목 지정 핀텔, 30억 조달 사활",2026-09-04,0.0152,-0.0065,,success
291810,핀텔,[기재정정]주요사항보고서(유상증자결정),paid_in_capital_increase,20260903,negative,-70,C,Paid-in capital increases can create dilution concerns.,5,3,6,-3,5,"9월 3일 주식시장 주요공시 | 공모자금 딴 데 굴리다 상폐위기 간 핀텔…일반 주주에 또 손 벌렸다 | [공시]관리종목 지정 핀텔, 30억 조달 사활",2026-09-04,0.0152,-0.0065,,success
291810,핀텔,[기재정정]주요사항보고서(유상증자결정),paid_in_capital_increase,20260903,negative,-70,C,Paid-in capital increases can create dilution concerns.,5,3,6,-3,5,"9월 3일 주식시장 주요공시 | 공모자금 딴 데 굴리다 상폐위기 간 핀텔…일반 주주에 또 손 벌렸다 | [공시]관리종목 지정 핀텔, 30억 조달 사활",2026-09-04,0.0152,-0.0065,,success
291810,핀텔,[기재정정]주요사항보고서(유상증자결정),paid_in_capital_increase,20260903,negative,-70,C,Paid-in capital increases can create dilution concerns.,5,3,6,-3,5,"9월 3일 주식시장 주요공시 | 공모자금 딴 데 굴리다 상폐위기 간 핀텔…일반 주주에 또 손 벌렸다 | [공시]관리종목 지정 핀텔, 30억 조달 사활",2026-09-04,0.0152,-0.0065,,success
291810,핀텔,[기재정정]주요사항보고서(유상증자결정),paid_in_capital_increase,20260903,negative,-70,C,Paid-in capital increases can create dilution concerns.,5,3,6,-3,5,"9월 3일 주식시장 주요공시 | 공모자금 딴 데 굴리다 상폐위기 간 핀텔…일반 주주에 또 손 벌렸다 | [공시]관리종목 지정 핀텔, 30억 조달 사활",2026-09-04,0.0152,-0.0065,,success
291810,핀텔,[기재정정]주요사항보고서(유상증자결정),paid_in_capital_increase,20260903,negative,-70,C,Paid-in capital increases can create dilution concerns.,5,3,6,-3,5,"9월 3일 주식시장 주요공시 | 공모자금 딴 데 굴리다 상폐위기 간 핀텔…일반 주주에 또 손 벌렸다 | [공시]관리종목 지정 핀텔, 30억 조달 사활",2026-09-04,0.0152,-0.0065,,success
291810,핀텔,[기재정정]주요사항보고서(유상증자결정),paid_in_capital_increase,20260903,negative,-70,C,Paid-in capital increases can create dilution concerns.,5,3,6,-3,5,"9월 3일 주식시장 주요공시 | 공모자금 딴 데 굴리다 상폐위기 간 핀텔…일반 주주에 또 손 벌렸다 | [공시]관리종목 지정 핀텔, 30억 조달 사활",2026-09-04,0.0152,-0.0065,,success
278650,HLB바이오스텝,주요사항보고서(자기전환사채만기전취득결정),convertible_bond,20260903,negative,-60,C,Convertible bonds may create future dilution risk.,5,3,2,1,5,"9월 3일 주식시장 주요공시 | 천종윤·이대훈의 씨젠 웃었다…생명과학서비스 브랜드평판 1위 | [브랜드평판] 씨젠, 생명과학서비스 상장기업 9월 1위.. 제이에스링크,...",2026-09-04,0.0,0.0021,,failure
010960,삼호개발,단일판매ㆍ공급계약체결              ,supply_contract,20260903,positive,70,C,Supply contract disclosures may indicate future revenue growth.,5,9,3,6,5,"9월 3일 주식시장 주요공시 | [코스피·코스닥, 한화오션 삼성화재  삼호개발 에이프로젠바이오로직... | 9월 4일 개장 전 주요 공시",2026-09-04,0.0048,0.0048,,success
035890,서희건설,소송등의판결ㆍ결정(일정금액이상의청구)              ,lawsuit,20260903,negative,-75,C,Lawsuits may increase uncertainty and downside risk.,5,5,5,0,5,"9월 3일 주식시장 주요공시 | 부당 하도급대금 경고받은 현대건설···다른 종합건설 불공정거래는 ... | 서희건설, 본업 부진에도 순익 3.7배…주식 평가익 1300억",2026-09-04,0.0066,0.0022,,failure
900290,GRT,[첨부정정]주요사항보고서(유상증자결정),paid_in_capital_increase,20260903,negative,-70,C,Paid-in capital increases can create dilution concerns.,5,5,0,5,5,"[더벨]일진다이아, 캐나다 법인 설립 '북미 공략 강화' | 중국 유아동 시장 팽창 기대…헝셩그룹, 완구 사업 성장세에 '훈풍' | 질병관리청, 검역 위험도 중심 전환…연 1만척 선박 ’저위험; 신속입항...",2026-09-04,0.0,0.0089,,failure
191410,육일씨엔에쓰,증권발행결과(자율공시)              (제3자배정 유상증자),paid_in_capital_increase,20260903,negative,-70,C,Paid-in capital increases can create dilution concerns.,5,2,6,-4,5,"[공시] 9월 4일, 코스닥 상장사 63개 종목 자사주 매수 신청 | 9월 1일 주식시장 주요공시 | [공시] 셀레믹스·인디에프 '거래정지 예고', KBI메탈 '투자경고' 등...5...",2026-09-04,0.0,0.0005,,failure
191410,육일씨엔에쓰,증권발행결과(자율공시)              (제3자배정 유상증자),paid_in_capital_increase,20260903,negative,-70,C,Paid-in capital increases can create dilution concerns.,5,2,6,-4,5,"[공시] 9월 4일, 코스닥 상장사 63개 종목 자사주 매수 신청 | 9월 1일 주식시장 주요공시 | [공시] 셀레믹스·인디에프 '거래정지 예고', KBI메탈 '투자경고' 등...5...",2026-09-04,0.0,0.0005,,failure
191410,육일씨엔에쓰,증권발행결과(자율공시)              (제3자배정 유상증자),paid_in_capital_increase,20260903,negative,-70,C,Paid-in capital increases can create dilution concerns.,5,2,6,-4,5,"[공시] 9월 4일, 코스닥 상장사 63개 종목 자사주 매수 신청 | 9월 1일 주식시장 주요공시 | [공시] 셀레믹스·인디에프 '거래정지 예고', KBI메탈 '투자경고' 등...5...",2026-09-04,0.0,0.0005,,failure
191410,육일씨엔에쓰,증권발행결과(자율공시)              (제3자배정 유상증자),paid_in_capital_increase,20260903,negative,-70,C,Paid-in capital increases can create dilution concerns.,5,2,6,-4,5,"[공시] 9월 4일, 코스닥 상장사 63개 종목 자사주 매수 신청 | 9월 1일 주식시장 주요공시 | [공시] 셀레믹스·인디에프 '거래정지 예고', KBI메탈 '투자경고' 등...5...",2026-09-04,0.0,0.0005,,failure
191410,육일씨엔에쓰,증권발행결과(자율공시)              (제3자배정 유상증자),paid_in_capital_increase,20260903,negative,-70,C,Paid-in capital increases can create dilution concerns.,5,2,6,-4,5,"[공시] 9월 4일, 코스닥 상장사 63개 종목 자사주 매수 신청 | 9월 1일 주식시장 주요공시 | [공시] 셀레믹스·인디에프 '거래정지 예고', KBI메탈 '투자경고' 등...5...",2026-09-04,0.0,0.0005,,failure
191410,육일씨엔에쓰,증권발행결과(자율공시)              (제3자배정 유상증자),paid_in_capital_increase,20260903,negative,-70,C,Paid-in capital increases can create dilution concerns.,5,2,6,-4,5,"[공시] 9월 4일, 코스닥 상장사 63개 종목 자사주 매수 신청 | 9월 1일 주식시장 주요공시 | [공시] 셀레믹스·인디에프 '거래정지 예고', KBI메탈 '투자경고' 등...5...",2026-09-04,0.0,0.0005,,failure
191410,육일씨엔에쓰,증권발행결과(자율공시)              (제3자배정 유상증자),paid_in_capital_increase,20260903,negative,-70,C,Paid-in capital increases can create dilution concerns.,5,2,6,-4,5,"[공시] 9월 4일, 코스닥 상장사 63개 종목 자사주 매수 신청 | 9월 1일 주식시장 주요공시 | [공시] 셀레믹스·인디에프 '거래정지 예고', KBI메탈 '투자경고' 등...5...",2026-09-04,0.0,0.0005,,failure
191410,육일씨엔에쓰,증권발행결과(자율공시)              (제3자배정 유상증자),paid_in_capital_increase,20260903,negative,-70,C,Paid-in capital increases can create dilution concerns.,5,2,6,-4,5,"[공시] 9월 4일, 코스닥 상장사 63개 종목 자사주 매수 신청 | 9월 1일 주식시장 주요공시 | [공시] 셀레믹스·인디에프 '거래정지 예고', KBI메탈 '투자경고' 등...5...",2026-09-04,0.0,0.0005,,failure
191410,육일씨엔에쓰,증권발행결과(자율공시)              (제3자배정 유상증자),paid_in_capital_increase,20260903,negative,-70,C,Paid-in capital increases can create dilution concerns.,5,2,6,-4,5,"[공시] 9월 4일, 코스닥 상장사 63개 종목 자사주 매수 신청 | 9월 1일 주식시장 주요공시 | [공시] 셀레믹스·인디에프 '거래정지 예고', KBI메탈 '투자경고' 등...5...",2026-09-04,0.0,0.0005,,failure
191410,육일씨엔에쓰,증권발행결과(자율공시)              (제3자배정 유상증자),paid_in_capital_increase,20260903,negative,-70,C,Paid-in capital increases can create dilution concerns.,5,2,6,-4,5,"[공시] 9월 4일, 코스닥 상장사 63개 종목 자사주 매수 신청 | 9월 1일 주식시장 주요공시 | [공시] 셀레믹스·인디에프 '거래정지 예고', KBI메탈 '투자경고' 등...5...",2026-09-04,0.0,0.0005,,failure
191410,육일씨엔에쓰,증권발행결과(자율공시)              (제3자배정 유상증자),paid_in_capital_increase,20260903,negative,-70,C,Paid-in capital increases can create dilution concerns.,5,2,6,-4,5,"[공시] 9월 4일, 코스닥 상장사 63개 종목 자사주 매수 신청 | 9월 1일 주식시장 주요공시 | [공시] 셀레믹스·인디에프 '거래정지 예고', KBI메탈 '투자경고' 등...5...",2026-09-04,0.0,0.0005,,failure
191410,육일씨엔에쓰,증권발행결과(자율공시)              (제3자배정 유상증자),paid_in_capital_increase,20260903,negative,-70,C,Paid-in capital increases can create dilution concerns.,5,2,6,-4,5,"[공시] 9월 4일, 코스닥 상장사 63개 종목 자사주 매수 신청 | 9월 1일 주식시장 주요공시 | [공시] 셀레믹스·인디에프 '거래정지 예고', KBI메탈 '투자경고' 등...5...",2026-09-04,0.0,0.0005,,failure
191410,육일씨엔에쓰,증권발행결과(자율공시)              (제3자배정 유상증자),paid_in_capital_increase,20260903,negative,-70,C,Paid-in capital increases can create dilution concerns.,5,2,6,-4,5,"[공시] 9월 4일, 코스닥 상장사 63개 종목 자사주 매수 신청 | 9월 1일 주식시장 주요공시 | [공시] 셀레믹스·인디에프 '거래정지 예고', KBI메탈 '투자경고' 등...5...",2026-09-04,0.0,0.0005,,failure
191410,육일씨엔에쓰,증권발행결과(자율공시)              (제3자배정 유상증자),paid_in_capital_increase,20260903,negative,-70,C,Paid-in capital increases can create dilution concerns.,5,2,6,-4,5,"[공시] 9월 4일, 코스닥 상장사 63개 종목 자사주 매수 신청 | 9월 1일 주식시장 주요공시 | [공시] 셀레믹스·인디에프 '거래정지 예고', KBI메탈 '투자경고' 등...5...",2026-09-04,0.0,0.0005,,failure
191410,육일씨엔에쓰,증권발행결과(자율공시)              (제3자배정 유상증자),paid_in_capital_increase,20260903,negative,-70,C,Paid-in capital increases can create dilution concerns.,5,2,6,-4,5,"[공시] 9월 4일, 코스닥 상장사 63개 종목 자사주 매수 신청 | 9월 1일 주식시장 주요공시 | [공시] 셀레믹스·인디에프 '거래정지 예고', KBI메탈 '투자경고' 등...5...",2026-09-04,0.0,0.0005,,failure
191410,육일씨엔에쓰,증권발행결과(자율공시)              (제3자배정 유상증자),paid_in_capital_increase,20260903,negative,-70,C,Paid-in capital increases can create dilution concerns.,5,2,6,-4,5,"[공시] 9월 4일, 코스닥 상장사 63개 종목 자사주 매수 신청 | 9월 1일 주식시장 주요공시 | [공시] 셀레믹스·인디에프 '거래정지 예고', KBI메탈 '투자경고' 등...5...",2026-09-04,0.0,0.0005,,failure
191410,육일씨엔에쓰,증권발행결과(자율공시)              (제3자배정 유상증자),paid_in_capital_increase,20260903,negative,-70,C,Paid-in capital increases can create dilution concerns.,5,2,6,-4,5,"[공시] 9월 4일, 코스닥 상장사 63개 종목 자사주 매수 신청 | 9월 1일 주식시장 주요공시 | [공시] 셀레믹스·인디에프 '거래정지 예고', KBI메탈 '투자경고' 등...5...",2026-09-04,0.0,0.0005,,failure
191410,육일씨엔에쓰,증권발행결과(자율공시)              (제3자배정 유상증자),paid_in_capital_increase,20260903,negative,-70,C,Paid-in capital increases can create dilution concerns.,5,2,6,-4,5,"[공시] 9월 4일, 코스닥 상장사 63개 종목 자사주 매수 신청 | 9월 1일 주식시장 주요공시 | [공시] 셀레믹스·인디에프 '거래정지 예고', KBI메탈 '투자경고' 등...5...",2026-09-04,0.0,0.0005,,failure
191410,육일씨엔에쓰,증권발행결과(자율공시)              (제3자배정 유상증자),paid_in_capital_increase,20260903,negative,-70,C,Paid-in capital increases can create dilution concerns.,5,2,6,-4,5,"[공시] 9월 4일, 코스닥 상장사 63개 종목 자사주 매수 신청 | 9월 1일 주식시장 주요공시 | [공시] 셀레믹스·인디에프 '거래정지 예고', KBI메탈 '투자경고' 등...5...",2026-09-04,0.0,0.0005,,failure
191410,육일씨엔에쓰,증권발행결과(자율공시)              (제3자배정 유상증자),paid_in_capital_increase,20260903,negative,-70,C,Paid-in capital increases can create dilution concerns.,5,2,6,-4,5,"[공시] 9월 4일, 코스닥 상장사 63개 종목 자사주 매수 신청 | 9월 1일 주식시장 주요공시 | [공시] 셀레믹스·인디에프 '거래정지 예고', KBI메탈 '투자경고' 등...5...",2026-09-04,0.0,0.0005,,failure
191410,육일씨엔에쓰,증권발행결과(자율공시)              (제3자배정 유상증자),paid_in_capital_increase,20260903,negative,-70,C,Paid-in capital increases can create dilution concerns.,5,2,6,-4,5,"[공시] 9월 4일, 코스닥 상장사 63개 종목 자사주 매수 신청 | 9월 1일 주식시장 주요공시 | [공시] 셀레믹스·인디에프 '거래정지 예고', KBI메탈 '투자경고' 등...5...",2026-09-04,0.0,0.0005,,failure
191410,육일씨엔에쓰,증권발행결과(자율공시)              (제3자배정 유상증자),paid_in_capital_increase,20260903,negative,-70,C,Paid-in capital increases can create dilution concerns.,5,2,6,-4,5,"[공시] 9월 4일, 코스닥 상장사 63개 종목 자사주 매수 신청 | 9월 1일 주식시장 주요공시 | [공시] 셀레믹스·인디에프 '거래정지 예고', KBI메탈 '투자경고' 등...5...",2026-09-04,0.0,0.0005,,failure
191410,육일씨엔에쓰,증권발행결과(자율공시)              (제3자배정 유상증자),paid_in_capital_increase,20260903,negative,-70,C,Paid-in capital increases can create dilution concerns.,5,2,6,-4,5,"[공시] 9월 4일, 코스닥 상장사 63개 종목 자사주 매수 신청 | 9월 1일 주식시장 주요공시 | [공시] 셀레믹스·인디에프 '거래정지 예고', KBI메탈 '투자경고' 등...5...",2026-09-04,0.0,0.0005,,failure
191410,육일씨엔에쓰,증권발행결과(자율공시)              (제3자배정 유상증자),paid_in_capital_increase,20260903,negative,-70,C,Paid-in capital increases can create dilution concerns.,5,2,6,-4,5,"[공시] 9월 4일, 코스닥 상장사 63개 종목 자사주 매수 신청 | 9월 1일 주식시장 주요공시 | [공시] 셀레믹스·인디에프 '거래정지 예고', KBI메탈 '투자경고' 등...5...",2026-09-04,0.0,0.0005,,failure
191410,육일씨엔에쓰,증권발행결과(자율공시)              (제3자배정 유상증자),paid_in_capital_increase,20260903,negative,-70,C,Paid-in capital increases can create dilution concerns.,5,2,6,-4,5,"[공시] 9월 4일, 코스닥 상장사 63개 종목 자사주 매수 신청 | 9월 1일 주식시장 주요공시 | [공시] 셀레믹스·인디에프 '거래정지 예고', KBI메탈 '투자경고' 등...5...",2026-09-04,0.0,0.0005,,failure
191410,육일씨엔에쓰,증권발행결과(자율공시)              (제3자배정 유상증자),paid_in_capital_increase,20260903,negative,-70,C,Paid-in capital increases can create dilution concerns.,5,2,6,-4,5,"[공시] 9월 4일, 코스닥 상장사 63개 종목 자사주 매수 신청 | 9월 1일 주식시장 주요공시 | [공시] 셀레믹스·인디에프 '거래정지 예고', KBI메탈 '투자경고' 등...5...",2026-09-04,0.0,0.0005,,failure
191410,육일씨엔에쓰,증권발행결과(자율공시)              (제3자배정 유상증자),paid_in_capital_increase,20260903,negative,-70,C,Paid-in capital increases can create dilution concerns.,5,2,6,-4,5,"[공시] 9월 4일, 코스닥 상장사 63개 종목 자사주 매수 신청 | 9월 1일 주식시장 주요공시 | [공시] 셀레믹스·인디에프 '거래정지 예고', KBI메탈 '투자경고' 등...5...",2026-09-04,0.0,0.0005,,failure
191410,육일씨엔에쓰,증권발행결과(자율공시)              (제3자배정 유상증자),paid_in_capital_increase,20260903,negative,-70,C,Paid-in capital increases can create dilution concerns.,5,2,6,-4,5,"[공시] 9월 4일, 코스닥 상장사 63개 종목 자사주 매수 신청 | 9월 1일 주식시장 주요공시 | [공시] 셀레믹스·인디에프 '거래정지 예고', KBI메탈 '투자경고' 등...5...",2026-09-04,0.0,0.0005,,failure
191410,육일씨엔에쓰,증권발행결과(자율공시)              (제3자배정 유상증자),paid_in_capital_increase,20260903,negative,-70,C,Paid-in capital increases can create dilution concerns.,5,2,6,-4,5,"[공시] 9월 4일, 코스닥 상장사 63개 종목 자사주 매수 신청 | 9월 1일 주식시장 주요공시 | [공시] 셀레믹스·인디에프 '거래정지 예고', KBI메탈 '투자경고' 등...5...",2026-09-04,0.0,0.0005,,failure
191410,육일씨엔에쓰,증권발행결과(자율공시)              (제3자배정 유상증자),paid_in_capital_increase,20260903,negative,-70,C,Paid-in capital increases can create dilution concerns.,5,2,6,-4,5,"[공시] 9월 4일, 코스닥 상장사 63개 종목 자사주 매수 신청 | 9월 1일 주식시장 주요공시 | [공시] 셀레믹스·인디에프 '거래정지 예고', KBI메탈 '투자경고' 등...5...",2026-09-04,0.0,0.0005,,failure
191410,육일씨엔에쓰,증권발행결과(자율공시)              (제3자배정 유상증자),paid_in_capital_increase,20260903,negative,-70,C,Paid-in capital increases can create dilution concerns.,5,2,6,-4,5,"[공시] 9월 4일, 코스닥 상장사 63개 종목 자사주 매수 신청 | 9월 1일 주식시장 주요공시 | [공시] 셀레믹스·인디에프 '거래정지 예고', KBI메탈 '투자경고' 등...5...",2026-09-04,0.0,0.0005,,failure
191410,육일씨엔에쓰,증권발행결과(자율공시)              (제3자배정 유상증자),paid_in_capital_increase,20260903,negative,-70,C,Paid-in capital increases can create dilution concerns.,5,2,6,-4,5,"[공시] 9월 4일, 코스닥 상장사 63개 종목 자사주 매수 신청 | 9월 1일 주식시장 주요공시 | [공시] 셀레믹스·인디에프 '거래정지 예고', KBI메탈 '투자경고' 등...5...",2026-09-04,0.0,0.0005,,failure
191410,육일씨엔에쓰,증권발행결과(자율공시)              (제3자배정 유상증자),paid_in_capital_increase,20260903,negative,-70,C,Paid-in capital increases can create dilution concerns.,5,2,6,-4,5,"[공시] 9월 4일, 코스닥 상장사 63개 종목 자사주 매수 신청 | 9월 1일 주식시장 주요공시 | [공시] 셀레믹스·인디에프 '거래정지 예고', KBI메탈 '투자경고' 등...5...",2026-09-04,0.0,0.0005,,failure
191410,육일씨엔에쓰,증권발행결과(자율공시)              (제3자배정 유상증자),paid_in_capital_increase,20260903,negative,-70,C,Paid-in capital increases can create dilution concerns.,5,2,6,-4,5,"[공시] 9월 4일, 코스닥 상장사 63개 종목 자사주 매수 신청 | 9월 1일 주식시장 주요공시 | [공시] 셀레믹스·인디에프 '거래정지 예고', KBI메탈 '투자경고' 등...5...",2026-09-04,0.0,0.0005,,failure
191410,육일씨엔에쓰,증권발행결과(자율공시)              (제3자배정 유상증자),paid_in_capital_increase,20260903,negative,-70,C,Paid-in capital increases can create dilution concerns.,5,2,6,-4,5,"[공시] 9월 4일, 코스닥 상장사 63개 종목 자사주 매수 신청 | 9월 1일 주식시장 주요공시 | [공시] 셀레믹스·인디에프 '거래정지 예고', KBI메탈 '투자경고' 등...5...",2026-09-04,0.0,0.0005,,failure
191410,육일씨엔에쓰,증권발행결과(자율공시)              (제3자배정 유상증자),paid_in_capital_increase,20260903,negative,-70,C,Paid-in capital increases can create dilution concerns.,5,2,6,-4,5,"[공시] 9월 4일, 코스닥 상장사 63개 종목 자사주 매수 신청 | 9월 1일 주식시장 주요공시 | [공시] 셀레믹스·인디에프 '거래정지 예고', KBI메탈 '투자경고' 등...5...",2026-09-04,0.0,0.0005,,failure
191410,육일씨엔에쓰,증권발행결과(자율공시)              (제3자배정 유상증자),paid_in_capital_increase,20260903,negative,-70,C,Paid-in capital increases can create dilution concerns.,5,2,6,-4,5,"[공시] 9월 4일, 코스닥 상장사 63개 종목 자사주 매수 신청 | 9월 1일 주식시장 주요공시 | [공시] 셀레믹스·인디에프 '거래정지 예고', KBI메탈 '투자경고' 등...5...",2026-09-04,0.0,0.0005,,failure
191410,육일씨엔에쓰,증권발행결과(자율공시)              (제3자배정 유상증자),paid_in_capital_increase,20260903,negative,-70,C,Paid-in capital increases can create dilution concerns.,5,2,6,-4,5,"[공시] 9월 4일, 코스닥 상장사 63개 종목 자사주 매수 신청 | 9월 1일 주식시장 주요공시 | [공시] 셀레믹스·인디에프 '거래정지 예고', KBI메탈 '투자경고' 등...5...",2026-09-04,0.0,0.0005,,failure
191410,육일씨엔에쓰,증권발행결과(자율공시)              (제3자배정 유상증자),paid_in_capital_increase,20260903,negative,-70,C,Paid-in capital increases can create dilution concerns.,5,2,6,-4,5,"[공시] 9월 4일, 코스닥 상장사 63개 종목 자사주 매수 신청 | 9월 1일 주식시장 주요공시 | [공시] 셀레믹스·인디에프 '거래정지 예고', KBI메탈 '투자경고' 등...5...",2026-09-04,0.0,0.0005,,failure
191410,육일씨엔에쓰,증권발행결과(자율공시)              (제3자배정 유상증자),paid_in_capital_increase,20260903,negative,-70,C,Paid-in capital increases can create dilution concerns.,5,2,6,-4,5,"[공시] 9월 4일, 코스닥 상장사 63개 종목 자사주 매수 신청 | 9월 1일 주식시장 주요공시 | [공시] 셀레믹스·인디에프 '거래정지 예고', KBI메탈 '투자경고' 등...5...",2026-09-04,0.0,0.0005,,failure
191410,육일씨엔에쓰,증권발행결과(자율공시)              (제3자배정 유상증자),paid_in_capital_increase,20260903,negative,-70,C,Paid-in capital increases can create dilution concerns.,5,2,6,-4,5,"[공시] 9월 4일, 코스닥 상장사 63개 종목 자사주 매수 신청 | 9월 1일 주식시장 주요공시 | [공시] 셀레믹스·인디에프 '거래정지 예고', KBI메탈 '투자경고' 등...5...",2026-09-04,0.0,0.0005,,failure
191410,육일씨엔에쓰,증권발행결과(자율공시)              (제3자배정 유상증자),paid_in_capital_increase,20260903,negative,-70,C,Paid-in capital increases can create dilution concerns.,5,2,6,-4,5,"[공시] 9월 4일, 코스닥 상장사 63개 종목 자사주 매수 신청 | 9월 1일 주식시장 주요공시 | [공시] 셀레믹스·인디에프 '거래정지 예고', KBI메탈 '투자경고' 등...5...",2026-09-04,0.0,0.0005,,failure
191410,육일씨엔에쓰,증권발행결과(자율공시)              (제3자배정 유상증자),paid_in_capital_increase,20260903,negative,-70,C,Paid-in capital increases can create dilution concerns.,5,2,6,-4,5,"[공시] 9월 4일, 코스닥 상장사 63개 종목 자사주 매수 신청 | 9월 1일 주식시장 주요공시 | [공시] 셀레믹스·인디에프 '거래정지 예고', KBI메탈 '투자경고' 등...5...",2026-09-04,0.0,0.0005,,failure
191410,육일씨엔에쓰,증권발행결과(자율공시)              (제3자배정 유상증자),paid_in_capital_increase,20260903,negative,-70,C,Paid-in capital increases can create dilution concerns.,5,2,6,-4,5,"[공시] 9월 4일, 코스닥 상장사 63개 종목 자사주 매수 신청 | 9월 1일 주식시장 주요공시 | [공시] 셀레믹스·인디에프 '거래정지 예고', KBI메탈 '투자경고' 등...5...",2026-09-04,0.0,0.0005,,failure
191410,육일씨엔에쓰,증권발행결과(자율공시)              (제3자배정 유상증자),paid_in_capital_increase,20260903,negative,-70,C,Paid-in capital increases can create dilution concerns.,5,2,6,-4,5,"[공시] 9월 4일, 코스닥 상장사 63개 종목 자사주 매수 신청 | 9월 1일 주식시장 주요공시 | [공시] 셀레믹스·인디에프 '거래정지 예고', KBI메탈 '투자경고' 등...5...",2026-09-04,0.0,0.0005,,failure
191410,육일씨엔에쓰,증권발행결과(자율공시)              (제3자배정 유상증자),paid_in_capital_increase,20260903,negative,-70,C,Paid-in capital increases can create dilution concerns.,5,2,6,-4,5,"[공시] 9월 4일, 코스닥 상장사 63개 종목 자사주 매수 신청 | 9월 1일 주식시장 주요공시 | [공시] 셀레믹스·인디에프 '거래정지 예고', KBI메탈 '투자경고' 등...5...",2026-09-04,0.0,0.0005,,failure
191410,육일씨엔에쓰,증권발행결과(자율공시)              (제3자배정 유상증자),paid_in_capital_increase,20260903,negative,-70,C,Paid-in capital increases can create dilution concerns.,5,2,6,-4,5,"[공시] 9월 4일, 코스닥 상장사 63개 종목 자사주 매수 신청 | 9월 1일 주식시장 주요공시 | [공시] 셀레믹스·인디에프 '거래정지 예고', KBI메탈 '투자경고' 등...5...",2026-09-04,0.0,0.0005,,failure
191410,육일씨엔에쓰,증권발행결과(자율공시)              (제3자배정 유상증자),paid_in_capital_increase,20260903,negative,-70,C,Paid-in capital increases can create dilution concerns.,5,2,6,-4,5,"[공시] 9월 4일, 코스닥 상장사 63개 종목 자사주 매수 신청 | 9월 1일 주식시장 주요공시 | [공시] 셀레믹스·인디에프 '거래정지 예고', KBI메탈 '투자경고' 등...5...",2026-09-04,0.0,0.0005,,failure
191410,육일씨엔에쓰,증권발행결과(자율공시)              (제3자배정 유상증자-소액공모),paid_in_capital_increase,20260903,negative,-70,C,Paid-in capital increases can create dilution concerns.,5,2,6,-4,5,"[공시] 9월 4일, 코스닥 상장사 63개 종목 자사주 매수 신청 | 9월 1일 주식시장 주요공시 | [공시] 셀레믹스·인디에프 '거래정지 예고', KBI메탈 '투자경고' 등...5...",2026-09-04,0.0,0.0005,,failure
191410,육일씨엔에쓰,증권발행결과(자율공시)              (제3자배정 유상증자-소액공모),paid_in_capital_increase,20260903,negative,-70,C,Paid-in capital increases can create dilution concerns.,5,2,6,-4,5,"[공시] 9월 4일, 코스닥 상장사 63개 종목 자사주 매수 신청 | 9월 1일 주식시장 주요공시 | [공시] 셀레믹스·인디에프 '거래정지 예고', KBI메탈 '투자경고' 등...5...",2026-09-04,0.0,0.0005,,failure
191410,육일씨엔에쓰,증권발행결과(자율공시)              (제3자배정 유상증자-소액공모),paid_in_capital_increase,20260903,negative,-70,C,Paid-in capital increases can create dilution concerns.,5,2,6,-4,5,"[공시] 9월 4일, 코스닥 상장사 63개 종목 자사주 매수 신청 | 9월 1일 주식시장 주요공시 | [공시] 셀레믹스·인디에프 '거래정지 예고', KBI메탈 '투자경고' 등...5...",2026-09-04,0.0,0.0005,,failure
191410,육일씨엔에쓰,증권발행결과(자율공시)              (제3자배정 유상증자-소액공모),paid_in_capital_increase,20260903,negative,-70,C,Paid-in capital increases can create dilution concerns.,5,2,6,-4,5,"[공시] 9월 4일, 코스닥 상장사 63개 종목 자사주 매수 신청 | 9월 1일 주식시장 주요공시 | [공시] 셀레믹스·인디에프 '거래정지 예고', KBI메탈 '투자경고' 등...5...",2026-09-04,0.0,0.0005,,failure
191410,육일씨엔에쓰,증권발행결과(자율공시)              (제3자배정 유상증자-소액공모),paid_in_capital_increase,20260903,negative,-70,C,Paid-in capital increases can create dilution concerns.,5,2,6,-4,5,"[공시] 9월 4일, 코스닥 상장사 63개 종목 자사주 매수 신청 | 9월 1일 주식시장 주요공시 | [공시] 셀레믹스·인디에프 '거래정지 예고', KBI메탈 '투자경고' 등...5...",2026-09-04,0.0,0.0005,,failure
191410,육일씨엔에쓰,증권발행결과(자율공시)              (제3자배정 유상증자-소액공모),paid_in_capital_increase,20260903,negative,-70,C,Paid-in capital increases can create dilution concerns.,5,2,6,-4,5,"[공시] 9월 4일, 코스닥 상장사 63개 종목 자사주 매수 신청 | 9월 1일 주식시장 주요공시 | [공시] 셀레믹스·인디에프 '거래정지 예고', KBI메탈 '투자경고' 등...5...",2026-09-04,0.0,0.0005,,failure
191410,육일씨엔에쓰,증권발행결과(자율공시)              (제3자배정 유상증자-소액공모),paid_in_capital_increase,20260903,negative,-70,C,Paid-in capital increases can create dilution concerns.,5,2,6,-4,5,"[공시] 9월 4일, 코스닥 상장사 63개 종목 자사주 매수 신청 | 9월 1일 주식시장 주요공시 | [공시] 셀레믹스·인디에프 '거래정지 예고', KBI메탈 '투자경고' 등...5...",2026-09-04,0.0,0.0005,,failure
191410,육일씨엔에쓰,증권발행결과(자율공시)              (제3자배정 유상증자-소액공모),paid_in_capital_increase,20260903,negative,-70,C,Paid-in capital increases can create dilution concerns.,5,2,6,-4,5,"[공시] 9월 4일, 코스닥 상장사 63개 종목 자사주 매수 신청 | 9월 1일 주식시장 주요공시 | [공시] 셀레믹스·인디에프 '거래정지 예고', KBI메탈 '투자경고' 등...5...",2026-09-04,0.0,0.0005,,failure
191410,육일씨엔에쓰,증권발행결과(자율공시)              (제3자배정 유상증자-소액공모),paid_in_capital_increase,20260903,negative,-70,C,Paid-in capital increases can create dilution concerns.,5,2,6,-4,5,"[공시] 9월 4일, 코스닥 상장사 63개 종목 자사주 매수 신청 | 9월 1일 주식시장 주요공시 | [공시] 셀레믹스·인디에프 '거래정지 예고', KBI메탈 '투자경고' 등...5...",2026-09-04,0.0,0.0005,,failure
191410,육일씨엔에쓰,증권발행결과(자율공시)              (제3자배정 유상증자-소액공모),paid_in_capital_increase,20260903,negative,-70,C,Paid-in capital increases can create dilution concerns.,5,2,6,-4,5,"[공시] 9월 4일, 코스닥 상장사 63개 종목 자사주 매수 신청 | 9월 1일 주식시장 주요공시 | [공시] 셀레믹스·인디에프 '거래정지 예고', KBI메탈 '투자경고' 등...5...",2026-09-04,0.0,0.0005,,failure
191410,육일씨엔에쓰,증권발행결과(자율공시)              (제3자배정 유상증자-소액공모),paid_in_capital_increase,20260903,negative,-70,C,Paid-in capital increases can create dilution concerns.,5,2,6,-4,5,"[공시] 9월 4일, 코스닥 상장사 63개 종목 자사주 매수 신청 | 9월 1일 주식시장 주요공시 | [공시] 셀레믹스·인디에프 '거래정지 예고', KBI메탈 '투자경고' 등...5...",2026-09-04,0.0,0.0005,,failure
191410,육일씨엔에쓰,증권발행결과(자율공시)              (제3자배정 유상증자-소액공모),paid_in_capital_increase,20260903,negative,-70,C,Paid-in capital increases can create dilution concerns.,5,2,6,-4,5,"[공시] 9월 4일, 코스닥 상장사 63개 종목 자사주 매수 신청 | 9월 1일 주식시장 주요공시 | [공시] 셀레믹스·인디에프 '거래정지 예고', KBI메탈 '투자경고' 등...5...",2026-09-04,0.0,0.0005,,failure
191410,육일씨엔에쓰,증권발행결과(자율공시)              (제3자배정 유상증자-소액공모),paid_in_capital_increase,20260903,negative,-70,C,Paid-in capital increases can create dilution concerns.,5,2,6,-4,5,"[공시] 9월 4일, 코스닥 상장사 63개 종목 자사주 매수 신청 | 9월 1일 주식시장 주요공시 | [공시] 셀레믹스·인디에프 '거래정지 예고', KBI메탈 '투자경고' 등...5...",2026-09-04,0.0,0.0005,,failure
191410,육일씨엔에쓰,증권발행결과(자율공시)              (제3자배정 유상증자-소액공모),paid_in_capital_increase,20260903,negative,-70,C,Paid-in capital increases can create dilution concerns.,5,2,6,-4,5,"[공시] 9월 4일, 코스닥 상장사 63개 종목 자사주 매수 신청 | 9월 1일 주식시장 주요공시 | [공시] 셀레믹스·인디에프 '거래정지 예고', KBI메탈 '투자경고' 등...5...",2026-09-04,0.0,0.0005,,failure
191410,육일씨엔에쓰,증권발행결과(자율공시)              (제3자배정 유상증자-소액공모),paid_in_capital_increase,20260903,negative,-70,C,Paid-in capital increases can create dilution concerns.,5,2,6,-4,5,"[공시] 9월 4일, 코스닥 상장사 63개 종목 자사주 매수 신청 | 9월 1일 주식시장 주요공시 | [공시] 셀레믹스·인디에프 '거래정지 예고', KBI메탈 '투자경고' 등...5...",2026-09-04,0.0,0.0005,,failure
191410,육일씨엔에쓰,증권발행결과(자율공시)              (제3자배정 유상증자-소액공모),paid_in_capital_increase,20260903,negative,-70,C,Paid-in capital increases can create dilution concerns.,5,2,6,-4,5,"[공시] 9월 4일, 코스닥 상장사 63개 종목 자사주 매수 신청 | 9월 1일 주식시장 주요공시 | [공시] 셀레믹스·인디에프 '거래정지 예고', KBI메탈 '투자경고' 등...5...",2026-09-04,0.0,0.0005,,failure
191410,육일씨엔에쓰,증권발행결과(자율공시)              (제3자배정 유상증자-소액공모),paid_in_capital_increase,20260903,negative,-70,C,Paid-in capital increases can create dilution concerns.,5,2,6,-4,5,"[공시] 9월 4일, 코스닥 상장사 63개 종목 자사주 매수 신청 | 9월 1일 주식시장 주요공시 | [공시] 셀레믹스·인디에프 '거래정지 예고', KBI메탈 '투자경고' 등...5...",2026-09-04,0.0,0.0005,,failure
191410,육일씨엔에쓰,증권발행결과(자율공시)              (제3자배정 유상증자-소액공모),paid_in_capital_increase,20260903,negative,-70,C,Paid-in capital increases can create dilution concerns.,5,2,6,-4,5,"[공시] 9월 4일, 코스닥 상장사 63개 종목 자사주 매수 신청 | 9월 1일 주식시장 주요공시 | [공시] 셀레믹스·인디에프 '거래정지 예고', KBI메탈 '투자경고' 등...5...",2026-09-04,0.0,0.0005,,failure
191410,육일씨엔에쓰,증권발행결과(자율공시)              (제3자배정 유상증자-소액공모),paid_in_capital_increase,20260903,negative,-70,C,Paid-in capital increases can create dilution concerns.,5,2,6,-4,5,"[공시] 9월 4일, 코스닥 상장사 63개 종목 자사주 매수 신청 | 9월 1일 주식시장 주요공시 | [공시] 셀레믹스·인디에프 '거래정지 예고', KBI메탈 '투자경고' 등...5...",2026-09-04,0.0,0.0005,,failure
191410,육일씨엔에쓰,증권발행결과(자율공시)              (제3자배정 유상증자-소액공모),paid_in_capital_increase,20260903,negative,-70,C,Paid-in capital increases can create dilution concerns.,5,2,6,-4,5,"[공시] 9월 4일, 코스닥 상장사 63개 종목 자사주 매수 신청 | 9월 1일 주식시장 주요공시 | [공시] 셀레믹스·인디에프 '거래정지 예고', KBI메탈 '투자경고' 등...5...",2026-09-04,0.0,0.0005,,failure
191410,육일씨엔에쓰,증권발행결과(자율공시)              (제3자배정 유상증자-소액공모),paid_in_capital_increase,20260903,negative,-70,C,Paid-in capital increases can create dilution concerns.,5,2,6,-4,5,"[공시] 9월 4일, 코스닥 상장사 63개 종목 자사주 매수 신청 | 9월 1일 주식시장 주요공시 | [공시] 셀레믹스·인디에프 '거래정지 예고', KBI메탈 '투자경고' 등...5...",2026-09-04,0.0,0.0005,,failure
191410,육일씨엔에쓰,증권발행결과(자율공시)              (제3자배정 유상증자-소액공모),paid_in_capital_increase,20260903,negative,-70,C,Paid-in capital increases can create dilution concerns.,5,2,6,-4,5,"[공시] 9월 4일, 코스닥 상장사 63개 종목 자사주 매수 신청 | 9월 1일 주식시장 주요공시 | [공시] 셀레믹스·인디에프 '거래정지 예고', KBI메탈 '투자경고' 등...5...",2026-09-04,0.0,0.0005,,failure
191410,육일씨엔에쓰,증권발행결과(자율공시)              (제3자배정 유상증자-소액공모),paid_in_capital_increase,20260903,negative,-70,C,Paid-in capital increases can create dilution concerns.,5,2,6,-4,5,"[공시] 9월 4일, 코스닥 상장사 63개 종목 자사주 매수 신청 | 9월 1일 주식시장 주요공시 | [공시] 셀레믹스·인디에프 '거래정지 예고', KBI메탈 '투자경고' 등...5...",2026-09-04,0.0,0.0005,,failure
191410,육일씨엔에쓰,증권발행결과(자율공시)              (제3자배정 유상증자-소액공모),paid_in_capital_increase,20260903,negative,-70,C,Paid-in capital increases can create dilution concerns.,5,2,6,-4,5,"[공시] 9월 4일, 코스닥 상장사 63개 종목 자사주 매수 신청 | 9월 1일 주식시장 주요공시 | [공시] 셀레믹스·인디에프 '거래정지 예고', KBI메탈 '투자경고' 등...5...",2026-09-04,0.0,0.0005,,failure
191410,육일씨엔에쓰,증권발행결과(자율공시)              (제3자배정 유상증자-소액공모),paid_in_capital_increase,20260903,negative,-70,C,Paid-in capital increases can create dilution concerns.,5,2,6,-4,5,"[공시] 9월 4일, 코스닥 상장사 63개 종목 자사주 매수 신청 | 9월 1일 주식시장 주요공시 | [공시] 셀레믹스·인디에프 '거래정지 예고', KBI메탈 '투자경고' 등...5...",2026-09-04,0.0,0.0005,,failure
191410,육일씨엔에쓰,증권발행결과(자율공시)              (제3자배정 유상증자-소액공모),paid_in_capital_increase,20260903,negative,-70,C,Paid-in capital increases can create dilution concerns.,5,2,6,-4,5,"[공시] 9월 4일, 코스닥 상장사 63개 종목 자사주 매수 신청 | 9월 1일 주식시장 주요공시 | [공시] 셀레믹스·인디에프 '거래정지 예고', KBI메탈 '투자경고' 등...5...",2026-09-04,0.0,0.0005,,failure
191410,육일씨엔에쓰,증권발행결과(자율공시)              (제3자배정 유상증자-소액공모),paid_in_capital_increase,20260903,negative,-70,C,Paid-in capital increases can create dilution concerns.,5,2,6,-4,5,"[공시] 9월 4일, 코스닥 상장사 63개 종목 자사주 매수 신청 | 9월 1일 주식시장 주요공시 | [공시] 셀레믹스·인디에프 '거래정지 예고', KBI메탈 '투자경고' 등...5...",2026-09-04,0.0,0.0005,,failure
191410,육일씨엔에쓰,증권발행결과(자율공시)              (제3자배정 유상증자-소액공모),paid_in_capital_increase,20260903,negative,-70,C,Paid-in capital increases can create dilution concerns.,5,2,6,-4,5,"[공시] 9월 4일, 코스닥 상장사 63개 종목 자사주 매수 신청 | 9월 1일 주식시장 주요공시 | [공시] 셀레믹스·인디에프 '거래정지 예고', KBI메탈 '투자경고' 등...5...",2026-09-04,0.0,0.0005,,failure
191410,육일씨엔에쓰,증권발행결과(자율공시)              (제3자배정 유상증자-소액공모),paid_in_capital_increase,20260903,negative,-70,C,Paid-in capital increases can create dilution concerns.,5,2,6,-4,5,"[공시] 9월 4일, 코스닥 상장사 63개 종목 자사주 매수 신청 | 9월 1일 주식시장 주요공시 | [공시] 셀레믹스·인디에프 '거래정지 예고', KBI메탈 '투자경고' 등...5...",2026-09-04,0.0,0.0005,,failure
191410,육일씨엔에쓰,증권발행결과(자율공시)              (제3자배정 유상증자-소액공모),paid_in_capital_increase,20260903,negative,-70,C,Paid-in capital increases can create dilution concerns.,5,2,6,-4,5,"[공시] 9월 4일, 코스닥 상장사 63개 종목 자사주 매수 신청 | 9월 1일 주식시장 주요공시 | [공시] 셀레믹스·인디에프 '거래정지 예고', KBI메탈 '투자경고' 등...5...",2026-09-04,0.0,0.0005,,failure
191410,육일씨엔에쓰,증권발행결과(자율공시)              (제3자배정 유상증자-소액공모),paid_in_capital_increase,20260903,negative,-70,C,Paid-in capital increases can create dilution concerns.,5,2,6,-4,5,"[공시] 9월 4일, 코스닥 상장사 63개 종목 자사주 매수 신청 | 9월 1일 주식시장 주요공시 | [공시] 셀레믹스·인디에프 '거래정지 예고', KBI메탈 '투자경고' 등...5...",2026-09-04,0.0,0.0005,,failure
191410,육일씨엔에쓰,증권발행결과(자율공시)              (제3자배정 유상증자-소액공모),paid_in_capital_increase,20260903,negative,-70,C,Paid-in capital increases can create dilution concerns.,5,2,6,-4,5,"[공시] 9월 4일, 코스닥 상장사 63개 종목 자사주 매수 신청 | 9월 1일 주식시장 주요공시 | [공시] 셀레믹스·인디에프 '거래정지 예고', KBI메탈 '투자경고' 등...5...",2026-09-04,0.0,0.0005,,failure
191410,육일씨엔에쓰,증권발행결과(자율공시)              (제3자배정 유상증자-소액공모),paid_in_capital_increase,20260903,negative,-70,C,Paid-in capital increases can create dilution concerns.,5,2,6,-4,5,"[공시] 9월 4일, 코스닥 상장사 63개 종목 자사주 매수 신청 | 9월 1일 주식시장 주요공시 | [공시] 셀레믹스·인디에프 '거래정지 예고', KBI메탈 '투자경고' 등...5...",2026-09-04,0.0,0.0005,,failure
191410,육일씨엔에쓰,증권발행결과(자율공시)              (제3자배정 유상증자-소액공모),paid_in_capital_increase,20260903,negative,-70,C,Paid-in capital increases can create dilution concerns.,5,2,6,-4,5,"[공시] 9월 4일, 코스닥 상장사 63개 종목 자사주 매수 신청 | 9월 1일 주식시장 주요공시 | [공시] 셀레믹스·인디에프 '거래정지 예고', KBI메탈 '투자경고' 등...5...",2026-09-04,0.0,0.0005,,failure
191410,육일씨엔에쓰,증권발행결과(자율공시)              (제3자배정 유상증자-소액공모),paid_in_capital_increase,20260903,negative,-70,C,Paid-in capital increases can create dilution concerns.,5,2,6,-4,5,"[공시] 9월 4일, 코스닥 상장사 63개 종목 자사주 매수 신청 | 9월 1일 주식시장 주요공시 | [공시] 셀레믹스·인디에프 '거래정지 예고', KBI메탈 '투자경고' 등...5...",2026-09-04,0.0,0.0005,,failure
191410,육일씨엔에쓰,증권발행결과(자율공시)              (제3자배정 유상증자-소액공모),paid_in_capital_increase,20260903,negative,-70,C,Paid-in capital increases can create dilution concerns.,5,2,6,-4,5,"[공시] 9월 4일, 코스닥 상장사 63개 종목 자사주 매수 신청 | 9월 1일 주식시장 주요공시 | [공시] 셀레믹스·인디에프 '거래정지 예고', KBI메탈 '투자경고' 등...5...",2026-09-04,0.0,0.0005,,failure
191410,육일씨엔에쓰,증권발행결과(자율공시)              (제3자배정 유상증자-소액공모),paid_in_capital_increase,20260903,negative,-70,C,Paid-in capital increases can create dilution concerns.,5,2,6,-4,5,"[공시] 9월 4일, 코스닥 상장사 63개 종목 자사주 매수 신청 | 9월 1일 주식시장 주요공시 | [공시] 셀레믹스·인디에프 '거래정지 예고', KBI메탈 '투자경고' 등...5...",2026-09-04,0.0,0.0005,,failure
191410,육일씨엔에쓰,증권발행결과(자율공시)              (제3자배정 유상증자-소액공모),paid_in_capital_increase,20260903,negative,-70,C,Paid-in capital increases can create dilution concerns.,5,2,6,-4,5,"[공시] 9월 4일, 코스닥 상장사 63개 종목 자사주 매수 신청 | 9월 1일 주식시장 주요공시 | [공시] 셀레믹스·인디에프 '거래정지 예고', KBI메탈 '투자경고' 등...5...",2026-09-04,0.0,0.0005,,failure
191410,육일씨엔에쓰,증권발행결과(자율공시)              (제3자배정 유상증자-소액공모),paid_in_capital_increase,20260903,negative,-70,C,Paid-in capital increases can create dilution concerns.,5,2,6,-4,5,"[공시] 9월 4일, 코스닥 상장사 63개 종목 자사주 매수 신청 | 9월 1일 주식시장 주요공시 | [공시] 셀레믹스·인디에프 '거래정지 예고', KBI메탈 '투자경고' 등...5...",2026-09-04,0.0,0.0005,,failure
191410,육일씨엔에쓰,증권발행결과(자율공시)              (제3자배정 유상증자-소액공모),paid_in_capital_increase,20260903,negative,-70,C,Paid-in capital increases can create dilution concerns.,5,2,6,-4,5,"[공시] 9월 4일, 코스닥 상장사 63개 종목 자사주 매수 신청 | 9월 1일 주식시장 주요공시 | [공시] 셀레믹스·인디에프 '거래정지 예고', KBI메탈 '투자경고' 등...5...",2026-09-04,0.0,0.0005,,failure
191410,육일씨엔에쓰,증권발행결과(자율공시)              (제3자배정 유상증자-소액공모),paid_in_capital_increase,20260903,negative,-70,C,Paid-in capital increases can create dilution concerns.,5,2,6,-4,5,"[공시] 9월 4일, 코스닥 상장사 63개 종목 자사주 매수 신청 | 9월 1일 주식시장 주요공시 | [공시] 셀레믹스·인디에프 '거래정지 예고', KBI메탈 '투자경고' 등...5...",2026-09-04,0.0,0.0005,,failure
191410,육일씨엔에쓰,증권발행결과(자율공시)              (제3자배정 유상증자-소액공모),paid_in_capital_increase,20260903,negative,-70,C,Paid-in capital increases can create dilution concerns.,5,2,6,-4,5,"[공시] 9월 4일, 코스닥 상장사 63개 종목 자사주 매수 신청 | 9월 1일 주식시장 주요공시 | [공시] 셀레믹스·인디에프 '거래정지 예고', KBI메탈 '투자경고' 등...5...",2026-09-04,0.0,0.0005,,failure
191410,육일씨엔에쓰,증권발행결과(자율공시)              (제3자배정 유상증자-소액공모),paid_in_capital_increase,20260903,negative,-70,C,Paid-in capital increases can create dilution concerns.,5,2,6,-4,5,"[공시] 9월 4일, 코스닥 상장사 63개 종목 자사주 매수 신청 | 9월 1일 주식시장 주요공시 | [공시] 셀레믹스·인디에프 '거래정지 예고', KBI메탈 '투자경고' 등...5...",2026-09-04,0.0,0.0005,,failure
191410,육일씨엔에쓰,증권발행결과(자율공시)              (제3자배정 유상증자-소액공모),paid_in_capital_increase,20260903,negative,-70,C,Paid-in capital increases can create dilution concerns.,5,2,6,-4,5,"[공시] 9월 4일, 코스닥 상장사 63개 종목 자사주 매수 신청 | 9월 1일 주식시장 주요공시 | [공시] 셀레믹스·인디에프 '거래정지 예고', KBI메탈 '투자경고' 등...5...",2026-09-04,0.0,0.0005,,failure
191410,육일씨엔에쓰,증권발행결과(자율공시)              (제3자배정 유상증자-소액공모),paid_in_capital_increase,20260903,negative,-70,C,Paid-in capital increases can create dilution concerns.,5,2,6,-4,5,"[공시] 9월 4일, 코스닥 상장사 63개 종목 자사주 매수 신청 | 9월 1일 주식시장 주요공시 | [공시] 셀레믹스·인디에프 '거래정지 예고', KBI메탈 '투자경고' 등...5...",2026-09-04,0.0,0.0005,,failure
191410,육일씨엔에쓰,증권발행결과(자율공시)              (제3자배정 유상증자-소액공모),paid_in_capital_increase,20260903,negative,-70,C,Paid-in capital increases can create dilution concerns.,5,2,6,-4,5,"[공시] 9월 4일, 코스닥 상장사 63개 종목 자사주 매수 신청 | 9월 1일 주식시장 주요공시 | [공시] 셀레믹스·인디에프 '거래정지 예고', KBI메탈 '투자경고' 등...5...",2026-09-04,0.0,0.0005,,failure
191410,육일씨엔에쓰,증권발행결과(자율공시)              (제3자배정 유상증자-소액공모),paid_in_capital_increase,20260903,negative,-70,C,Paid-in capital increases can create dilution concerns.,5,2,6,-4,5,"[공시] 9월 4일, 코스닥 상장사 63개 종목 자사주 매수 신청 | 9월 1일 주식시장 주요공시 | [공시] 셀레믹스·인디에프 '거래정지 예고', KBI메탈 '투자경고' 등...5...",2026-09-04,0.0,0.0005,,failure
191410,육일씨엔에쓰,증권발행결과(자율공시)              (제3자배정 유상증자-소액공모),paid_in_capital_increase,20260903,negative,-70,C,Paid-in capital increases can create dilution concerns.,5,2,6,-4,5,"[공시] 9월 4일, 코스닥 상장사 63개 종목 자사주 매수 신청 | 9월 1일 주식시장 주요공시 | [공시] 셀레믹스·인디에프 '거래정지 예고', KBI메탈 '투자경고' 등...5...",2026-09-04,0.0,0.0005,,failure
002460,HS화성,[기재정정]단일판매ㆍ공급계약체결              ,supply_contract,20260903,positive,70,C,Supply contract disclosures may indicate future revenue growth.,5,6,7,-1,5,"9월 3일 주식시장 주요공시 | [더벨][Company Watch] '에크라' 앞세운 HS화성, 서울 상급지 수주 잰걸음 | 건설주 혼조…GS건설·DL이앤씨 2%대 상승, 미국 이란 전쟁 확산 여부 변...",2026-09-04,0.0202,-0.0028,,failure
900100,파이온엑스,주요사항보고서(유상증자결정),paid_in_capital_increase,20260903,negative,-70,C,Paid-in capital increases can create dilution concerns.,5,5,5,0,5,"9월 3일 주식시장 주요공시 | 새 주인 맞는 파이온엑스…100억 실탄 들고 바이오·항공 키운다 | [N2 모닝 경제 브리핑-9월 4일] 美 증시, 금리 인상 우려 완화에 3대 지...",2026-09-04,-0.0936,-0.0872,,success
900100,파이온엑스,주요사항보고서(유상증자결정),paid_in_capital_increase,20260903,negative,-70,C,Paid-in capital increases can create dilution concerns.,5,5,5,0,5,"9월 3일 주식시장 주요공시 | 새 주인 맞는 파이온엑스…100억 실탄 들고 바이오·항공 키운다 | [N2 모닝 경제 브리핑-9월 4일] 美 증시, 금리 인상 우려 완화에 3대 지...",2026-09-04,-0.0936,-0.0872,,success
900100,파이온엑스,주요사항보고서(유상증자결정),paid_in_capital_increase,20260903,negative,-70,C,Paid-in capital increases can create dilution concerns.,5,5,5,0,5,"9월 3일 주식시장 주요공시 | 새 주인 맞는 파이온엑스…100억 실탄 들고 바이오·항공 키운다 | [N2 모닝 경제 브리핑-9월 4일] 美 증시, 금리 인상 우려 완화에 3대 지...",2026-09-04,-0.0936,-0.0872,,success
900100,파이온엑스,주요사항보고서(유상증자결정),paid_in_capital_increase,20260903,negative,-70,C,Paid-in capital increases can create dilution concerns.,5,5,5,0,5,"9월 3일 주식시장 주요공시 | 새 주인 맞는 파이온엑스…100억 실탄 들고 바이오·항공 키운다 | [N2 모닝 경제 브리핑-9월 4일] 美 증시, 금리 인상 우려 완화에 3대 지...",2026-09-04,-0.0936,-0.0872,,success
900100,파이온엑스,주요사항보고서(유상증자결정),paid_in_capital_increase,20260903,negative,-70,C,Paid-in capital increases can create dilution concerns.,5,5,5,0,5,"9월 3일 주식시장 주요공시 | 새 주인 맞는 파이온엑스…100억 실탄 들고 바이오·항공 키운다 | [N2 모닝 경제 브리핑-9월 4일] 美 증시, 금리 인상 우려 완화에 3대 지...",2026-09-04,-0.0936,-0.0872,,success
900100,파이온엑스,주요사항보고서(유상증자결정),paid_in_capital_increase,20260903,negative,-70,C,Paid-in capital increases can create dilution concerns.,5,5,5,0,5,"9월 3일 주식시장 주요공시 | 새 주인 맞는 파이온엑스…100억 실탄 들고 바이오·항공 키운다 | [N2 모닝 경제 브리핑-9월 4일] 美 증시, 금리 인상 우려 완화에 3대 지...",2026-09-04,-0.0936,-0.0872,,success
900100,파이온엑스,주요사항보고서(유상증자결정),paid_in_capital_increase,20260903,negative,-70,C,Paid-in capital increases can create dilution concerns.,5,5,5,0,5,"9월 3일 주식시장 주요공시 | 새 주인 맞는 파이온엑스…100억 실탄 들고 바이오·항공 키운다 | [N2 모닝 경제 브리핑-9월 4일] 美 증시, 금리 인상 우려 완화에 3대 지...",2026-09-04,-0.0936,-0.0872,,success
900100,파이온엑스,주요사항보고서(유상증자결정),paid_in_capital_increase,20260903,negative,-70,C,Paid-in capital increases can create dilution concerns.,5,5,5,0,5,"9월 3일 주식시장 주요공시 | 새 주인 맞는 파이온엑스…100억 실탄 들고 바이오·항공 키운다 | [N2 모닝 경제 브리핑-9월 4일] 美 증시, 금리 인상 우려 완화에 3대 지...",2026-09-04,-0.0936,-0.0872,,success
900100,파이온엑스,주요사항보고서(유상증자결정),paid_in_capital_increase,20260903,negative,-70,C,Paid-in capital increases can create dilution concerns.,5,5,5,0,5,"9월 3일 주식시장 주요공시 | 새 주인 맞는 파이온엑스…100억 실탄 들고 바이오·항공 키운다 | [N2 모닝 경제 브리핑-9월 4일] 美 증시, 금리 인상 우려 완화에 3대 지...",2026-09-04,-0.0936,-0.0872,,success
900100,파이온엑스,주요사항보고서(유상증자결정),paid_in_capital_increase,20260903,negative,-70,C,Paid-in capital increases can create dilution concerns.,5,5,5,0,5,"9월 3일 주식시장 주요공시 | 새 주인 맞는 파이온엑스…100억 실탄 들고 바이오·항공 키운다 | [N2 모닝 경제 브리핑-9월 4일] 美 증시, 금리 인상 우려 완화에 3대 지...",2026-09-04,-0.0936,-0.0872,,success
900100,파이온엑스,주요사항보고서(유상증자결정),paid_in_capital_increase,20260903,negative,-70,C,Paid-in capital increases can create dilution concerns.,5,5,5,0,5,"9월 3일 주식시장 주요공시 | 새 주인 맞는 파이온엑스…100억 실탄 들고 바이오·항공 키운다 | [N2 모닝 경제 브리핑-9월 4일] 美 증시, 금리 인상 우려 완화에 3대 지...",2026-09-04,-0.0936,-0.0872,,success
900100,파이온엑스,주요사항보고서(유상증자결정),paid_in_capital_increase,20260903,negative,-70,C,Paid-in capital increases can create dilution concerns.,5,5,5,0,5,"9월 3일 주식시장 주요공시 | 새 주인 맞는 파이온엑스…100억 실탄 들고 바이오·항공 키운다 | [N2 모닝 경제 브리핑-9월 4일] 美 증시, 금리 인상 우려 완화에 3대 지...",2026-09-04,-0.0936,-0.0872,,success
900100,파이온엑스,주요사항보고서(유상증자결정),paid_in_capital_increase,20260903,negative,-70,C,Paid-in capital increases can create dilution concerns.,5,5,5,0,5,"9월 3일 주식시장 주요공시 | 새 주인 맞는 파이온엑스…100억 실탄 들고 바이오·항공 키운다 | [N2 모닝 경제 브리핑-9월 4일] 美 증시, 금리 인상 우려 완화에 3대 지...",2026-09-04,-0.0936,-0.0872,,success
900100,파이온엑스,주요사항보고서(유상증자결정),paid_in_capital_increase,20260903,negative,-70,C,Paid-in capital increases can create dilution concerns.,5,5,5,0,5,"9월 3일 주식시장 주요공시 | 새 주인 맞는 파이온엑스…100억 실탄 들고 바이오·항공 키운다 | [N2 모닝 경제 브리핑-9월 4일] 美 증시, 금리 인상 우려 완화에 3대 지...",2026-09-04,-0.0936,-0.0872,,success
900100,파이온엑스,주요사항보고서(유상증자결정),paid_in_capital_increase,20260903,negative,-70,C,Paid-in capital increases can create dilution concerns.,5,5,5,0,5,"9월 3일 주식시장 주요공시 | 새 주인 맞는 파이온엑스…100억 실탄 들고 바이오·항공 키운다 | [N2 모닝 경제 브리핑-9월 4일] 美 증시, 금리 인상 우려 완화에 3대 지...",2026-09-04,-0.0936,-0.0872,,success
900100,파이온엑스,주요사항보고서(유상증자결정),paid_in_capital_increase,20260903,negative,-70,C,Paid-in capital increases can create dilution concerns.,5,5,5,0,5,"9월 3일 주식시장 주요공시 | 새 주인 맞는 파이온엑스…100억 실탄 들고 바이오·항공 키운다 | [N2 모닝 경제 브리핑-9월 4일] 美 증시, 금리 인상 우려 완화에 3대 지...",2026-09-04,-0.0936,-0.0872,,success
900100,파이온엑스,주요사항보고서(유상증자결정),paid_in_capital_increase,20260903,negative,-70,C,Paid-in capital increases can create dilution concerns.,5,5,5,0,5,"9월 3일 주식시장 주요공시 | 새 주인 맞는 파이온엑스…100억 실탄 들고 바이오·항공 키운다 | [N2 모닝 경제 브리핑-9월 4일] 美 증시, 금리 인상 우려 완화에 3대 지...",2026-09-04,-0.0936,-0.0872,,success
900100,파이온엑스,주요사항보고서(유상증자결정),paid_in_capital_increase,20260903,negative,-70,C,Paid-in capital increases can create dilution concerns.,5,5,5,0,5,"9월 3일 주식시장 주요공시 | 새 주인 맞는 파이온엑스…100억 실탄 들고 바이오·항공 키운다 | [N2 모닝 경제 브리핑-9월 4일] 美 증시, 금리 인상 우려 완화에 3대 지...",2026-09-04,-0.0936,-0.0872,,success
900100,파이온엑스,주요사항보고서(유상증자결정),paid_in_capital_increase,20260903,negative,-70,C,Paid-in capital increases can create dilution concerns.,5,5,5,0,5,"9월 3일 주식시장 주요공시 | 새 주인 맞는 파이온엑스…100억 실탄 들고 바이오·항공 키운다 | [N2 모닝 경제 브리핑-9월 4일] 美 증시, 금리 인상 우려 완화에 3대 지...",2026-09-04,-0.0936,-0.0872,,success
900100,파이온엑스,주요사항보고서(유상증자결정),paid_in_capital_increase,20260903,negative,-70,C,Paid-in capital increases can create dilution concerns.,5,5,5,0,5,"9월 3일 주식시장 주요공시 | 새 주인 맞는 파이온엑스…100억 실탄 들고 바이오·항공 키운다 | [N2 모닝 경제 브리핑-9월 4일] 美 증시, 금리 인상 우려 완화에 3대 지...",2026-09-04,-0.0936,-0.0872,,success
900100,파이온엑스,주요사항보고서(유상증자결정),paid_in_capital_increase,20260903,negative,-70,C,Paid-in capital increases can create dilution concerns.,5,5,5,0,5,"9월 3일 주식시장 주요공시 | 새 주인 맞는 파이온엑스…100억 실탄 들고 바이오·항공 키운다 | [N2 모닝 경제 브리핑-9월 4일] 美 증시, 금리 인상 우려 완화에 3대 지...",2026-09-04,-0.0936,-0.0872,,success
900100,파이온엑스,주요사항보고서(유상증자결정),paid_in_capital_increase,20260903,negative,-70,C,Paid-in capital increases can create dilution concerns.,5,5,5,0,5,"9월 3일 주식시장 주요공시 | 새 주인 맞는 파이온엑스…100억 실탄 들고 바이오·항공 키운다 | [N2 모닝 경제 브리핑-9월 4일] 美 증시, 금리 인상 우려 완화에 3대 지...",2026-09-04,-0.0936,-0.0872,,success
900100,파이온엑스,주요사항보고서(유상증자결정),paid_in_capital_increase,20260903,negative,-70,C,Paid-in capital increases can create dilution concerns.,5,5,5,0,5,"9월 3일 주식시장 주요공시 | 새 주인 맞는 파이온엑스…100억 실탄 들고 바이오·항공 키운다 | [N2 모닝 경제 브리핑-9월 4일] 美 증시, 금리 인상 우려 완화에 3대 지...",2026-09-04,-0.0936,-0.0872,,success
900100,파이온엑스,주요사항보고서(유상증자결정),paid_in_capital_increase,20260903,negative,-70,C,Paid-in capital increases can create dilution concerns.,5,5,5,0,5,"9월 3일 주식시장 주요공시 | 새 주인 맞는 파이온엑스…100억 실탄 들고 바이오·항공 키운다 | [N2 모닝 경제 브리핑-9월 4일] 美 증시, 금리 인상 우려 완화에 3대 지...",2026-09-04,-0.0936,-0.0872,,success
900100,파이온엑스,주요사항보고서(유상증자결정),paid_in_capital_increase,20260903,negative,-70,C,Paid-in capital increases can create dilution concerns.,5,5,5,0,5,"9월 3일 주식시장 주요공시 | 새 주인 맞는 파이온엑스…100억 실탄 들고 바이오·항공 키운다 | [N2 모닝 경제 브리핑-9월 4일] 美 증시, 금리 인상 우려 완화에 3대 지...",2026-09-04,-0.0936,-0.0872,,success
900100,파이온엑스,주요사항보고서(유상증자결정),paid_in_capital_increase,20260903,negative,-70,C,Paid-in capital increases can create dilution concerns.,5,5,5,0,5,"9월 3일 주식시장 주요공시 | 새 주인 맞는 파이온엑스…100억 실탄 들고 바이오·항공 키운다 | [N2 모닝 경제 브리핑-9월 4일] 美 증시, 금리 인상 우려 완화에 3대 지...",2026-09-04,-0.0936,-0.0872,,success
900100,파이온엑스,주요사항보고서(유상증자결정),paid_in_capital_increase,20260903,negative,-70,C,Paid-in capital increases can create dilution concerns.,5,5,5,0,5,"9월 3일 주식시장 주요공시 | 새 주인 맞는 파이온엑스…100억 실탄 들고 바이오·항공 키운다 | [N2 모닝 경제 브리핑-9월 4일] 美 증시, 금리 인상 우려 완화에 3대 지...",2026-09-04,-0.0936,-0.0872,,success
900100,파이온엑스,주요사항보고서(유상증자결정),paid_in_capital_increase,20260903,negative,-70,C,Paid-in capital increases can create dilution concerns.,5,5,5,0,5,"9월 3일 주식시장 주요공시 | 새 주인 맞는 파이온엑스…100억 실탄 들고 바이오·항공 키운다 | [N2 모닝 경제 브리핑-9월 4일] 美 증시, 금리 인상 우려 완화에 3대 지...",2026-09-04,-0.0936,-0.0872,,success
900100,파이온엑스,주요사항보고서(유상증자결정),paid_in_capital_increase,20260903,negative,-70,C,Paid-in capital increases can create dilution concerns.,5,5,5,0,5,"9월 3일 주식시장 주요공시 | 새 주인 맞는 파이온엑스…100억 실탄 들고 바이오·항공 키운다 | [N2 모닝 경제 브리핑-9월 4일] 美 증시, 금리 인상 우려 완화에 3대 지...",2026-09-04,-0.0936,-0.0872,,success
900100,파이온엑스,주요사항보고서(유상증자결정),paid_in_capital_increase,20260903,negative,-70,C,Paid-in capital increases can create dilution concerns.,5,5,5,0,5,"9월 3일 주식시장 주요공시 | 새 주인 맞는 파이온엑스…100억 실탄 들고 바이오·항공 키운다 | [N2 모닝 경제 브리핑-9월 4일] 美 증시, 금리 인상 우려 완화에 3대 지...",2026-09-04,-0.0936,-0.0872,,success
900100,파이온엑스,주요사항보고서(유상증자결정),paid_in_capital_increase,20260903,negative,-70,C,Paid-in capital increases can create dilution concerns.,5,5,5,0,5,"9월 3일 주식시장 주요공시 | 새 주인 맞는 파이온엑스…100억 실탄 들고 바이오·항공 키운다 | [N2 모닝 경제 브리핑-9월 4일] 美 증시, 금리 인상 우려 완화에 3대 지...",2026-09-04,-0.0936,-0.0872,,success
900100,파이온엑스,주요사항보고서(유상증자결정),paid_in_capital_increase,20260903,negative,-70,C,Paid-in capital increases can create dilution concerns.,5,5,5,0,5,"9월 3일 주식시장 주요공시 | 새 주인 맞는 파이온엑스…100억 실탄 들고 바이오·항공 키운다 | [N2 모닝 경제 브리핑-9월 4일] 美 증시, 금리 인상 우려 완화에 3대 지...",2026-09-04,-0.0936,-0.0872,,success
900100,파이온엑스,[기재정정]주요사항보고서(유상증자결정),paid_in_capital_increase,20260903,negative,-70,C,Paid-in capital increases can create dilution concerns.,5,5,5,0,5,"9월 3일 주식시장 주요공시 | 새 주인 맞는 파이온엑스…100억 실탄 들고 바이오·항공 키운다 | [N2 모닝 경제 브리핑-9월 4일] 美 증시, 금리 인상 우려 완화에 3대 지...",2026-09-04,-0.0936,-0.0872,,success
900100,파이온엑스,[기재정정]주요사항보고서(유상증자결정),paid_in_capital_increase,20260903,negative,-70,C,Paid-in capital increases can create dilution concerns.,5,5,5,0,5,"9월 3일 주식시장 주요공시 | 새 주인 맞는 파이온엑스…100억 실탄 들고 바이오·항공 키운다 | [N2 모닝 경제 브리핑-9월 4일] 美 증시, 금리 인상 우려 완화에 3대 지...",2026-09-04,-0.0936,-0.0872,,success
900100,파이온엑스,[기재정정]주요사항보고서(유상증자결정),paid_in_capital_increase,20260903,negative,-70,C,Paid-in capital increases can create dilution concerns.,5,5,5,0,5,"9월 3일 주식시장 주요공시 | 새 주인 맞는 파이온엑스…100억 실탄 들고 바이오·항공 키운다 | [N2 모닝 경제 브리핑-9월 4일] 美 증시, 금리 인상 우려 완화에 3대 지...",2026-09-04,-0.0936,-0.0872,,success
900100,파이온엑스,[기재정정]주요사항보고서(유상증자결정),paid_in_capital_increase,20260903,negative,-70,C,Paid-in capital increases can create dilution concerns.,5,5,5,0,5,"9월 3일 주식시장 주요공시 | 새 주인 맞는 파이온엑스…100억 실탄 들고 바이오·항공 키운다 | [N2 모닝 경제 브리핑-9월 4일] 美 증시, 금리 인상 우려 완화에 3대 지...",2026-09-04,-0.0936,-0.0872,,success
900100,파이온엑스,[기재정정]주요사항보고서(유상증자결정),paid_in_capital_increase,20260903,negative,-70,C,Paid-in capital increases can create dilution concerns.,5,5,5,0,5,"9월 3일 주식시장 주요공시 | 새 주인 맞는 파이온엑스…100억 실탄 들고 바이오·항공 키운다 | [N2 모닝 경제 브리핑-9월 4일] 美 증시, 금리 인상 우려 완화에 3대 지...",2026-09-04,-0.0936,-0.0872,,success
900100,파이온엑스,[기재정정]주요사항보고서(유상증자결정),paid_in_capital_increase,20260903,negative,-70,C,Paid-in capital increases can create dilution concerns.,5,5,5,0,5,"9월 3일 주식시장 주요공시 | 새 주인 맞는 파이온엑스…100억 실탄 들고 바이오·항공 키운다 | [N2 모닝 경제 브리핑-9월 4일] 美 증시, 금리 인상 우려 완화에 3대 지...",2026-09-04,-0.0936,-0.0872,,success
900100,파이온엑스,[기재정정]주요사항보고서(유상증자결정),paid_in_capital_increase,20260903,negative,-70,C,Paid-in capital increases can create dilution concerns.,5,5,5,0,5,"9월 3일 주식시장 주요공시 | 새 주인 맞는 파이온엑스…100억 실탄 들고 바이오·항공 키운다 | [N2 모닝 경제 브리핑-9월 4일] 美 증시, 금리 인상 우려 완화에 3대 지...",2026-09-04,-0.0936,-0.0872,,success
900100,파이온엑스,[기재정정]주요사항보고서(유상증자결정),paid_in_capital_increase,20260903,negative,-70,C,Paid-in capital increases can create dilution concerns.,5,5,5,0,5,"9월 3일 주식시장 주요공시 | 새 주인 맞는 파이온엑스…100억 실탄 들고 바이오·항공 키운다 | [N2 모닝 경제 브리핑-9월 4일] 美 증시, 금리 인상 우려 완화에 3대 지...",2026-09-04,-0.0936,-0.0872,,success
900100,파이온엑스,[기재정정]주요사항보고서(유상증자결정),paid_in_capital_increase,20260903,negative,-70,C,Paid-in capital increases can create dilution concerns.,5,5,5,0,5,"9월 3일 주식시장 주요공시 | 새 주인 맞는 파이온엑스…100억 실탄 들고 바이오·항공 키운다 | [N2 모닝 경제 브리핑-9월 4일] 美 증시, 금리 인상 우려 완화에 3대 지...",2026-09-04,-0.0936,-0.0872,,success
900100,파이온엑스,[기재정정]주요사항보고서(유상증자결정),paid_in_capital_increase,20260903,negative,-70,C,Paid-in capital increases can create dilution concerns.,5,5,5,0,5,"9월 3일 주식시장 주요공시 | 새 주인 맞는 파이온엑스…100억 실탄 들고 바이오·항공 키운다 | [N2 모닝 경제 브리핑-9월 4일] 美 증시, 금리 인상 우려 완화에 3대 지...",2026-09-04,-0.0936,-0.0872,,success
900100,파이온엑스,[기재정정]주요사항보고서(유상증자결정),paid_in_capital_increase,20260903,negative,-70,C,Paid-in capital increases can create dilution concerns.,5,5,5,0,5,"9월 3일 주식시장 주요공시 | 새 주인 맞는 파이온엑스…100억 실탄 들고 바이오·항공 키운다 | [N2 모닝 경제 브리핑-9월 4일] 美 증시, 금리 인상 우려 완화에 3대 지...",2026-09-04,-0.0936,-0.0872,,success
900100,파이온엑스,[기재정정]주요사항보고서(유상증자결정),paid_in_capital_increase,20260903,negative,-70,C,Paid-in capital increases can create dilution concerns.,5,5,5,0,5,"9월 3일 주식시장 주요공시 | 새 주인 맞는 파이온엑스…100억 실탄 들고 바이오·항공 키운다 | [N2 모닝 경제 브리핑-9월 4일] 美 증시, 금리 인상 우려 완화에 3대 지...",2026-09-04,-0.0936,-0.0872,,success
900100,파이온엑스,[기재정정]주요사항보고서(유상증자결정),paid_in_capital_increase,20260903,negative,-70,C,Paid-in capital increases can create dilution concerns.,5,5,5,0,5,"9월 3일 주식시장 주요공시 | 새 주인 맞는 파이온엑스…100억 실탄 들고 바이오·항공 키운다 | [N2 모닝 경제 브리핑-9월 4일] 美 증시, 금리 인상 우려 완화에 3대 지...",2026-09-04,-0.0936,-0.0872,,success
900100,파이온엑스,[기재정정]주요사항보고서(유상증자결정),paid_in_capital_increase,20260903,negative,-70,C,Paid-in capital increases can create dilution concerns.,5,5,5,0,5,"9월 3일 주식시장 주요공시 | 새 주인 맞는 파이온엑스…100억 실탄 들고 바이오·항공 키운다 | [N2 모닝 경제 브리핑-9월 4일] 美 증시, 금리 인상 우려 완화에 3대 지...",2026-09-04,-0.0936,-0.0872,,success
900100,파이온엑스,[기재정정]주요사항보고서(유상증자결정),paid_in_capital_increase,20260903,negative,-70,C,Paid-in capital increases can create dilution concerns.,5,5,5,0,5,"9월 3일 주식시장 주요공시 | 새 주인 맞는 파이온엑스…100억 실탄 들고 바이오·항공 키운다 | [N2 모닝 경제 브리핑-9월 4일] 美 증시, 금리 인상 우려 완화에 3대 지...",2026-09-04,-0.0936,-0.0872,,success
900100,파이온엑스,[기재정정]주요사항보고서(유상증자결정),paid_in_capital_increase,20260903,negative,-70,C,Paid-in capital increases can create dilution concerns.,5,5,5,0,5,"9월 3일 주식시장 주요공시 | 새 주인 맞는 파이온엑스…100억 실탄 들고 바이오·항공 키운다 | [N2 모닝 경제 브리핑-9월 4일] 美 증시, 금리 인상 우려 완화에 3대 지...",2026-09-04,-0.0936,-0.0872,,success
900100,파이온엑스,[기재정정]주요사항보고서(유상증자결정),paid_in_capital_increase,20260903,negative,-70,C,Paid-in capital increases can create dilution concerns.,5,5,5,0,5,"9월 3일 주식시장 주요공시 | 새 주인 맞는 파이온엑스…100억 실탄 들고 바이오·항공 키운다 | [N2 모닝 경제 브리핑-9월 4일] 美 증시, 금리 인상 우려 완화에 3대 지...",2026-09-04,-0.0936,-0.0872,,success
900100,파이온엑스,[기재정정]주요사항보고서(유상증자결정),paid_in_capital_increase,20260903,negative,-70,C,Paid-in capital increases can create dilution concerns.,5,5,5,0,5,"9월 3일 주식시장 주요공시 | 새 주인 맞는 파이온엑스…100억 실탄 들고 바이오·항공 키운다 | [N2 모닝 경제 브리핑-9월 4일] 美 증시, 금리 인상 우려 완화에 3대 지...",2026-09-04,-0.0936,-0.0872,,success
900100,파이온엑스,[기재정정]주요사항보고서(유상증자결정),paid_in_capital_increase,20260903,negative,-70,C,Paid-in capital increases can create dilution concerns.,5,5,5,0,5,"9월 3일 주식시장 주요공시 | 새 주인 맞는 파이온엑스…100억 실탄 들고 바이오·항공 키운다 | [N2 모닝 경제 브리핑-9월 4일] 美 증시, 금리 인상 우려 완화에 3대 지...",2026-09-04,-0.0936,-0.0872,,success
900100,파이온엑스,[기재정정]주요사항보고서(유상증자결정),paid_in_capital_increase,20260903,negative,-70,C,Paid-in capital increases can create dilution concerns.,5,5,5,0,5,"9월 3일 주식시장 주요공시 | 새 주인 맞는 파이온엑스…100억 실탄 들고 바이오·항공 키운다 | [N2 모닝 경제 브리핑-9월 4일] 美 증시, 금리 인상 우려 완화에 3대 지...",2026-09-04,-0.0936,-0.0872,,success
900100,파이온엑스,[기재정정]주요사항보고서(유상증자결정),paid_in_capital_increase,20260903,negative,-70,C,Paid-in capital increases can create dilution concerns.,5,5,5,0,5,"9월 3일 주식시장 주요공시 | 새 주인 맞는 파이온엑스…100억 실탄 들고 바이오·항공 키운다 | [N2 모닝 경제 브리핑-9월 4일] 美 증시, 금리 인상 우려 완화에 3대 지...",2026-09-04,-0.0936,-0.0872,,success
900100,파이온엑스,[기재정정]주요사항보고서(유상증자결정),paid_in_capital_increase,20260903,negative,-70,C,Paid-in capital increases can create dilution concerns.,5,5,5,0,5,"9월 3일 주식시장 주요공시 | 새 주인 맞는 파이온엑스…100억 실탄 들고 바이오·항공 키운다 | [N2 모닝 경제 브리핑-9월 4일] 美 증시, 금리 인상 우려 완화에 3대 지...",2026-09-04,-0.0936,-0.0872,,success
900100,파이온엑스,[기재정정]주요사항보고서(유상증자결정),paid_in_capital_increase,20260903,negative,-70,C,Paid-in capital increases can create dilution concerns.,5,5,5,0,5,"9월 3일 주식시장 주요공시 | 새 주인 맞는 파이온엑스…100억 실탄 들고 바이오·항공 키운다 | [N2 모닝 경제 브리핑-9월 4일] 美 증시, 금리 인상 우려 완화에 3대 지...",2026-09-04,-0.0936,-0.0872,,success
900100,파이온엑스,[기재정정]주요사항보고서(유상증자결정),paid_in_capital_increase,20260903,negative,-70,C,Paid-in capital increases can create dilution concerns.,5,5,5,0,5,"9월 3일 주식시장 주요공시 | 새 주인 맞는 파이온엑스…100억 실탄 들고 바이오·항공 키운다 | [N2 모닝 경제 브리핑-9월 4일] 美 증시, 금리 인상 우려 완화에 3대 지...",2026-09-04,-0.0936,-0.0872,,success
900100,파이온엑스,[기재정정]주요사항보고서(유상증자결정),paid_in_capital_increase,20260903,negative,-70,C,Paid-in capital increases can create dilution concerns.,5,5,5,0,5,"9월 3일 주식시장 주요공시 | 새 주인 맞는 파이온엑스…100억 실탄 들고 바이오·항공 키운다 | [N2 모닝 경제 브리핑-9월 4일] 美 증시, 금리 인상 우려 완화에 3대 지...",2026-09-04,-0.0936,-0.0872,,success
900100,파이온엑스,[기재정정]주요사항보고서(유상증자결정),paid_in_capital_increase,20260903,negative,-70,C,Paid-in capital increases can create dilution concerns.,5,5,5,0,5,"9월 3일 주식시장 주요공시 | 새 주인 맞는 파이온엑스…100억 실탄 들고 바이오·항공 키운다 | [N2 모닝 경제 브리핑-9월 4일] 美 증시, 금리 인상 우려 완화에 3대 지...",2026-09-04,-0.0936,-0.0872,,success
900100,파이온엑스,[기재정정]주요사항보고서(유상증자결정),paid_in_capital_increase,20260903,negative,-70,C,Paid-in capital increases can create dilution concerns.,5,5,5,0,5,"9월 3일 주식시장 주요공시 | 새 주인 맞는 파이온엑스…100억 실탄 들고 바이오·항공 키운다 | [N2 모닝 경제 브리핑-9월 4일] 美 증시, 금리 인상 우려 완화에 3대 지...",2026-09-04,-0.0936,-0.0872,,success
900100,파이온엑스,[기재정정]주요사항보고서(유상증자결정),paid_in_capital_increase,20260903,negative,-70,C,Paid-in capital increases can create dilution concerns.,5,5,5,0,5,"9월 3일 주식시장 주요공시 | 새 주인 맞는 파이온엑스…100억 실탄 들고 바이오·항공 키운다 | [N2 모닝 경제 브리핑-9월 4일] 美 증시, 금리 인상 우려 완화에 3대 지...",2026-09-04,-0.0936,-0.0872,,success
900100,파이온엑스,[기재정정]주요사항보고서(유상증자결정),paid_in_capital_increase,20260903,negative,-70,C,Paid-in capital increases can create dilution concerns.,5,5,5,0,5,"9월 3일 주식시장 주요공시 | 새 주인 맞는 파이온엑스…100억 실탄 들고 바이오·항공 키운다 | [N2 모닝 경제 브리핑-9월 4일] 美 증시, 금리 인상 우려 완화에 3대 지...",2026-09-04,-0.0936,-0.0872,,success
900100,파이온엑스,[기재정정]주요사항보고서(유상증자결정),paid_in_capital_increase,20260903,negative,-70,C,Paid-in capital increases can create dilution concerns.,5,5,5,0,5,"9월 3일 주식시장 주요공시 | 새 주인 맞는 파이온엑스…100억 실탄 들고 바이오·항공 키운다 | [N2 모닝 경제 브리핑-9월 4일] 美 증시, 금리 인상 우려 완화에 3대 지...",2026-09-04,-0.0936,-0.0872,,success
900100,파이온엑스,[기재정정]주요사항보고서(유상증자결정),paid_in_capital_increase,20260903,negative,-70,C,Paid-in capital increases can create dilution concerns.,5,5,5,0,5,"9월 3일 주식시장 주요공시 | 새 주인 맞는 파이온엑스…100억 실탄 들고 바이오·항공 키운다 | [N2 모닝 경제 브리핑-9월 4일] 美 증시, 금리 인상 우려 완화에 3대 지...",2026-09-04,-0.0936,-0.0872,,success
900100,파이온엑스,[기재정정]주요사항보고서(유상증자결정),paid_in_capital_increase,20260903,negative,-70,C,Paid-in capital increases can create dilution concerns.,5,5,5,0,5,"9월 3일 주식시장 주요공시 | 새 주인 맞는 파이온엑스…100억 실탄 들고 바이오·항공 키운다 | [N2 모닝 경제 브리핑-9월 4일] 美 증시, 금리 인상 우려 완화에 3대 지...",2026-09-04,-0.0936,-0.0872,,success
187660,페니트리움바이오,투자판단관련주요경영사항(임상시험계획승인신청등결정)              (재발성 또는 불응성 진행성 고형암 임상 2a상 임상시험계획 숭인),investment_decision,20260903,volatile,30,C,Investment decisions can be positive or negative depending on scale and funding source.,5,7,2,5,5,"9월 3일 주식시장 주요공시 | 페니트리움바이오, 美 FDA 임상 2a상 승인…'가짜내성' 항암제 검증 나선... | [코스피·코스닥, 한화오션 삼성화재  삼호개발 에이프로젠바이오로직...",2026-09-04,0.0039,-0.0627,,success
340360,다보링크,최대주주변경을수반하는주식담보제공계약해제ㆍ취소등              ,major_shareholder_change,20260903,volatile,10,C,Major shareholder changes can increase volatility depending on context.,5,6,6,0,5,"9월 3일 주식시장 주요공시 | 국내외 통신사 CAPEX 절감 및 인프라 투자 정체… 통신장비 테마 약세 흐... | [풍문레이다] 테라사이언스② 前사주 권회장 "" 회사 살린다더니"" 250억 ...",2026-09-04,-0.0308,-0.0268,,success
340360,다보링크,최대주주변경을수반하는주식담보제공계약해제ㆍ취소등              ,major_shareholder_change,20260903,volatile,10,C,Major shareholder changes can increase volatility depending on context.,5,6,6,0,5,"9월 3일 주식시장 주요공시 | 국내외 통신사 CAPEX 절감 및 인프라 투자 정체… 통신장비 테마 약세 흐... | [풍문레이다] 테라사이언스② 前사주 권회장 "" 회사 살린다더니"" 250억 ...",2026-09-04,-0.0308,-0.0268,,success
340360,다보링크,최대주주변경을수반하는주식담보제공계약해제ㆍ취소등              ,major_shareholder_change,20260903,volatile,10,C,Major shareholder changes can increase volatility depending on context.,5,6,6,0,5,"9월 3일 주식시장 주요공시 | 국내외 통신사 CAPEX 절감 및 인프라 투자 정체… 통신장비 테마 약세 흐... | [풍문레이다] 테라사이언스② 前사주 권회장 "" 회사 살린다더니"" 250억 ...",2026-09-04,-0.0308,-0.0268,,success
413630,씨피시스템,증권발행결과(자율공시)              (제2회차 CB),convertible_bond,20260903,negative,-60,C,Convertible bonds may create future dilution risk.,5,4,4,0,5,"차세대 반도체 공정 잡았다… 레이저쎌, 첨단 패키징 장비 수요 확대 | ""LNG선·친환경 개조 수요 폭발""… 조선기자재 테마, 외인·기관 뭉칫돈... | [주식마감] 호르무즈해협 봉쇄 우려에 '해운주'↑... STX그린로지스 상...",2026-09-04,0.0311,0.046,,failure
011780,금호석유화학,최대주주등소유주식변동신고서              ,major_shareholder_change,20260903,volatile,10,C,Major shareholder changes can increase volatility depending on context.,5,4,1,3,5,"친환경·고부가로 체질 개선 나선 금호석유화학그룹…""R&D 역량 집중"" | [기후리더] 탄소다배출 업종 '기후성적표'…삼성重·GS건설 '톱2' | [리스트] MVP 상위 20선...마이크로컨텍솔, 지니언스 등 - 4일",2026-09-04,-0.0045,0.003,,failure
046070,코다코,[기재정정]주요사항보고서(유상증자결정),paid_in_capital_increase,20260903,negative,-70,C,Paid-in capital increases can create dilution concerns.,5,1,4,-3,5,"9월 3일 주식시장 주요공시 | 오늘의 메모[9월 4일] | [2027 수시]선문대, 취업 연계 3개 학과서 총 80명 선발",2026-09-04,-1.0,0.0,,failure
046070,코다코,[기재정정]주요사항보고서(유상증자결정),paid_in_capital_increase,20260903,negative,-70,C,Paid-in capital increases can create dilution concerns.,5,1,4,-3,5,"9월 3일 주식시장 주요공시 | 오늘의 메모[9월 4일] | [2027 수시]선문대, 취업 연계 3개 학과서 총 80명 선발",2026-09-04,-1.0,0.0,,failure
012170,아센디오,단일판매ㆍ공급계약체결              ,supply_contract,20260903,positive,70,C,Supply contract disclosures may indicate future revenue growth.,5,12,1,11,5,"9월 3일 주식시장 주요공시 | [코스피·코스닥, 한화오션 삼성화재  삼호개발 에이프로젠바이오로직... | [N2 모닝 경제 브리핑-9월 4일] 美 증시, 금리 인상 우려 완화에 3대 지...",2026-09-04,0.0,-0.0252,,failure
277880,티에스아이,단일판매ㆍ공급계약체결(자율공시)              ,supply_contract,20260903,positive,70,C,Supply contract disclosures may indicate future revenue growth.,5,11,1,10,5,"티에스아이, ‘믹싱장비 원천기술국’ 일본서 241억 규모 설비 공급 수... | 9월 3일 주식시장 주요공시 | 티에스아이, 日 DJK와 241억 이차전지 믹싱설비 공급계약",2026-09-04,0.0294,0.0154,,success
006340,대원전선,최대주주등소유주식변동신고서              ,major_shareholder_change,20260903,volatile,10,C,Major shareholder changes can increase volatility depending on context.,5,3,0,3,5,"[금융 HOT 뉴스] KB자산운용, 'AI전력인프라 ETF' 주목 | 한화투자증권, '올 가을 투자의 시작' 비대면 이벤트 실시 外 | [운용 NOW] 미래에셋자산운용·한국투자신탁운용·KB자산운용",2026-09-04,0.0113,0.0338,,success
006340,대원전선,최대주주등소유주식변동신고서              ,major_shareholder_change,20260903,volatile,10,C,Major shareholder changes can increase volatility depending on context.,5,3,0,3,5,"[금융 HOT 뉴스] KB자산운용, 'AI전력인프라 ETF' 주목 | 한화투자증권, '올 가을 투자의 시작' 비대면 이벤트 실시 外 | [운용 NOW] 미래에셋자산운용·한국투자신탁운용·KB자산운용",2026-09-04,0.0113,0.0338,,success
051630,진양화학,최대주주등소유주식변동신고서              ,major_shareholder_change,20260903,volatile,10,C,Major shareholder changes can increase volatility depending on context.,5,3,1,2,5,"기타법인, 외국인·기관 매도세 방어…한화갤러리아·LG전자 매수 ‘눈... | 진양화학, 최대주주 진양홀딩스 지분율 69.33%로 확대 | [공시] 9월 3일, 코스피 상장사 50개 종목 자사주 매수 신청",2026-09-04,-0.0105,-0.0105,,failure
042660,한화오션,단일판매ㆍ공급계약체결              ,supply_contract,20260903,positive,70,C,Supply contract disclosures may indicate future revenue growth.,5,7,1,6,5,"9월 3일 주식시장 주요공시 | ""민관군 힘 합쳐 25조 미 해군 MRO시장 적극 공략해야"" | [K-방산의 민낯②] 비리기업 처벌하면 멈추는 안보…딜레마 빠진 정부",2026-09-04,0.0035,0.0012,,success
042660,한화오션,단일판매ㆍ공급계약체결              ,supply_contract,20260903,positive,70,C,Supply contract disclosures may indicate future revenue growth.,5,7,1,6,5,"9월 3일 주식시장 주요공시 | ""민관군 힘 합쳐 25조 미 해군 MRO시장 적극 공략해야"" | [K-방산의 민낯②] 비리기업 처벌하면 멈추는 안보…딜레마 빠진 정부",2026-09-04,0.0035,0.0012,,success
042660,한화오션,단일판매ㆍ공급계약체결              ,supply_contract,20260903,positive,70,C,Supply contract disclosures may indicate future revenue growth.,5,7,1,6,5,"9월 3일 주식시장 주요공시 | ""민관군 힘 합쳐 25조 미 해군 MRO시장 적극 공략해야"" | [K-방산의 민낯②] 비리기업 처벌하면 멈추는 안보…딜레마 빠진 정부",2026-09-04,0.0035,0.0012,,success
042660,한화오션,단일판매ㆍ공급계약체결              ,supply_contract,20260903,positive,70,C,Supply contract disclosures may indicate future revenue growth.,5,7,1,6,5,"9월 3일 주식시장 주요공시 | ""민관군 힘 합쳐 25조 미 해군 MRO시장 적극 공략해야"" | [K-방산의 민낯②] 비리기업 처벌하면 멈추는 안보…딜레마 빠진 정부",2026-09-04,0.0035,0.0012,,success
042660,한화오션,소송등의제기ㆍ신청(일정금액이상의청구)              ,lawsuit,20260903,negative,-75,C,Lawsuits may increase uncertainty and downside risk.,5,7,1,6,5,"9월 3일 주식시장 주요공시 | ""민관군 힘 합쳐 25조 미 해군 MRO시장 적극 공략해야"" | [K-방산의 민낯②] 비리기업 처벌하면 멈추는 안보…딜레마 빠진 정부",2026-09-04,0.0035,0.0012,,failure
042660,한화오션,소송등의제기ㆍ신청(일정금액이상의청구)              ,lawsuit,20260903,negative,-75,C,Lawsuits may increase uncertainty and downside risk.,5,7,1,6,5,"9월 3일 주식시장 주요공시 | ""민관군 힘 합쳐 25조 미 해군 MRO시장 적극 공략해야"" | [K-방산의 민낯②] 비리기업 처벌하면 멈추는 안보…딜레마 빠진 정부",2026-09-04,0.0035,0.0012,,failure
042660,한화오션,소송등의제기ㆍ신청(일정금액이상의청구)              ,lawsuit,20260903,negative,-75,C,Lawsuits may increase uncertainty and downside risk.,5,7,1,6,5,"9월 3일 주식시장 주요공시 | ""민관군 힘 합쳐 25조 미 해군 MRO시장 적극 공략해야"" | [K-방산의 민낯②] 비리기업 처벌하면 멈추는 안보…딜레마 빠진 정부",2026-09-04,0.0035,0.0012,,failure
042660,한화오션,소송등의제기ㆍ신청(일정금액이상의청구)              ,lawsuit,20260903,negative,-75,C,Lawsuits may increase uncertainty and downside risk.,5,7,1,6,5,"9월 3일 주식시장 주요공시 | ""민관군 힘 합쳐 25조 미 해군 MRO시장 적극 공략해야"" | [K-방산의 민낯②] 비리기업 처벌하면 멈추는 안보…딜레마 빠진 정부",2026-09-04,0.0035,0.0012,,failure
