stock_code,corp_name,report_nm,event_type,event_date,prediction_direction,event_score,initial_confidence,score_reason,news_count,positive_keyword_count,negative_keyword_count,news_sentiment_score,news_attention_score,top_news_titles,next_trade_date,next_open_return,next_close_return,note,prediction_result
294870,IPARK현대산업개발,불성실공시법인지정              ,disclosure_violation,20260907,negative,-80,C,Disclosure violations may damage investor trust.,5,7,2,5,5,"도시개발 따라 집값도 뛰었다…마곡 3.3㎡당 강서 평균보다 29%↑ | IPARK현대산업개발, '2026 기술제안 공모전' 우수기업 4곳 선정…스마트... | 삼성물산, 2.4조 목동13단지 재건축 단독 응찰…수의계약 가능성",2026-09-08,-0.0022,0.0,,failure
294870,IPARK현대산업개발,불성실공시법인지정              ,disclosure_violation,20260907,negative,-80,C,Disclosure violations may damage investor trust.,5,7,2,5,5,"도시개발 따라 집값도 뛰었다…마곡 3.3㎡당 강서 평균보다 29%↑ | IPARK현대산업개발, '2026 기술제안 공모전' 우수기업 4곳 선정…스마트... | 삼성물산, 2.4조 목동13단지 재건축 단독 응찰…수의계약 가능성",2026-09-08,-0.0022,0.0,,failure
012630,HDC,불성실공시법인지정              ,disclosure_violation,20260907,negative,-80,C,Disclosure violations may damage investor trust.,5,4,1,3,5,9월 7일 주식시장 주요공시 | [재계부] '3.6조' 목동13·신월시영 입찰 본격시동…수주 시험대 오른 '... | [더벨][거버넌스 RE-포메이션] 삼양식품 3세 승계 최종 관문 이사회…어...,2026-09-08,0.0043,0.0152,,failure
083790,CG인바이츠,[기재정정]단일판매ㆍ공급계약체결              ,supply_contract,20260907,positive,70,C,Supply contract disclosures may indicate future revenue growth.,5,7,1,6,5,"9월 7일 주식시장 주요공시 | 주력 사업 다각화 속 빛나는 바이오 잠재력… 더코디의 파이프라인 재평... | 유전자 치료제 분석 관련주 엇갈려, 티움바이오 급등 CG인바이츠 젠큐릭...",2026-09-08,0.0151,-0.0076,,failure
056090,시지메드텍,"주권매매거래정지              (주식의 병합, 분할 등 전자등록 변경, 말소)",spin_off,20260907,volatile,30,C,Spin-offs can create volatility depending on market interpretation.,5,3,0,3,5,"의료 분야 관련주 엘앤케이바이오 급등 로킷헬스케어 피앤에스로보틱스... | 시지바이오·시지메드텍, 미국서 척추 내시경 마스터클래스…5개국 32명... | [골든크로스 종목] 피노 로체시스템즈 한화투자증권 동일금속 HD현대에...",2026-09-08,-0.0144,-0.0313,,success
206400,베노티앤알,주요사항보고서(소송등의제기),lawsuit,20260907,negative,-75,C,Lawsuits may increase uncertainty and downside risk.,5,6,2,4,5,"9월 7일 주식시장 주요공시 | [더벨]에이프로젠바이오로직스, 베노티앤알 이어 추가투자 ‘예열’ | [공시] HLB이노베이션·우리기술투자 '공매도 금지', 엑시콘 '투자경고'...",2026-09-08,0.0358,-0.0055,,success
320000,한울반도체,[기재정정]최대주주변경을수반하는주식담보제공계약체결              ,major_shareholder_change,20260907,volatile,10,C,Major shareholder changes can increase volatility depending on context.,5,6,4,2,5,"9월 7일 주식시장 주요공시 | 디스플레이 업황 회복 기대… 넥사다이내믹스, OLED 장비 경쟁력 주목을 | 통신사 및 장비·부품사 총출동… 5G 테마 종목별 온도 차 명확",2026-09-08,0.0,-0.0108,,failure
001260,남광토건,투자판단관련주요경영사항              ,investment_decision,20260907,volatile,30,C,Investment decisions can be positive or negative depending on scale and funding source.,5,2,1,1,5,"'330억 새 주인' 경영 전면으로…삼부토건, 리빌드 체제 본격화 | 9월 7일 주식시장 주요공시 | [개장 전 주요 공시] 더코디·STX그린로지스·남광토건·유진기업 등",2026-09-08,0.0204,-0.0026,,failure
001260,남광토건,투자판단관련주요경영사항              ,investment_decision,20260907,volatile,30,C,Investment decisions can be positive or negative depending on scale and funding source.,5,2,1,1,5,"'330억 새 주인' 경영 전면으로…삼부토건, 리빌드 체제 본격화 | 9월 7일 주식시장 주요공시 | [개장 전 주요 공시] 더코디·STX그린로지스·남광토건·유진기업 등",2026-09-08,0.0204,-0.0026,,failure
001260,남광토건,투자판단관련주요경영사항              ,investment_decision,20260907,volatile,30,C,Investment decisions can be positive or negative depending on scale and funding source.,5,2,1,1,5,"'330억 새 주인' 경영 전면으로…삼부토건, 리빌드 체제 본격화 | 9월 7일 주식시장 주요공시 | [개장 전 주요 공시] 더코디·STX그린로지스·남광토건·유진기업 등",2026-09-08,0.0204,-0.0026,,failure
001260,남광토건,투자판단관련주요경영사항              ,investment_decision,20260907,volatile,30,C,Investment decisions can be positive or negative depending on scale and funding source.,5,2,1,1,5,"'330억 새 주인' 경영 전면으로…삼부토건, 리빌드 체제 본격화 | 9월 7일 주식시장 주요공시 | [개장 전 주요 공시] 더코디·STX그린로지스·남광토건·유진기업 등",2026-09-08,0.0204,-0.0026,,failure
001260,남광토건,투자판단관련주요경영사항              ,investment_decision,20260907,volatile,30,C,Investment decisions can be positive or negative depending on scale and funding source.,5,2,1,1,5,"'330억 새 주인' 경영 전면으로…삼부토건, 리빌드 체제 본격화 | 9월 7일 주식시장 주요공시 | [개장 전 주요 공시] 더코디·STX그린로지스·남광토건·유진기업 등",2026-09-08,0.0204,-0.0026,,failure
001260,남광토건,투자판단관련주요경영사항              ,investment_decision,20260907,volatile,30,C,Investment decisions can be positive or negative depending on scale and funding source.,5,2,1,1,5,"'330억 새 주인' 경영 전면으로…삼부토건, 리빌드 체제 본격화 | 9월 7일 주식시장 주요공시 | [개장 전 주요 공시] 더코디·STX그린로지스·남광토건·유진기업 등",2026-09-08,0.0204,-0.0026,,failure
006490,프리티,최대주주등소유주식변동신고서              ,major_shareholder_change,20260907,volatile,10,C,Major shareholder changes can increase volatility depending on context.,5,2,1,1,5,"리센느, 첫 시상식 어땠을까…'쪼' 논쟁→김치찜 솔직 토크[케이 월드 ... | 아일릿 민주가 알앤비 스타일로 커버한 전설의 명곡 | 리센느 원이, 약속지켰다…무대서 보인 시그니처 포즈에→이선민 '왈칵...",2026-09-08,-1.0,0.0,,failure
078930,GS,최대주주등소유주식변동신고서              ,major_shareholder_change,20260907,volatile,10,C,Major shareholder changes can increase volatility depending on context.,5,0,0,0,5,"GS건설, 부산 ‘연제갤러리자이’ 10월 분양 | GS건설, 연제갤러리자이 내달 분양 예정 | GS25, 추석 명절 간편식 라인업 출시...1인 가구 '혼추족' 공략",2026-09-08,0.0231,0.0088,,failure
023440,제이스코홀딩스,[기재정정]최대주주변경을수반하는주식담보제공계약체결              ,major_shareholder_change,20260907,volatile,10,C,Major shareholder changes can increase volatility depending on context.,5,3,3,0,5,"9월 7일 주식시장 주요공시 | [오늘의 증시일정] 대양금속·강원랜드 등 | 너무 쏟아지는 '상장폐지' 위기 종목…정말, 투자하기 겁난다",2026-09-08,-1.0,0.0,,failure
288980,모아데이타,[기재정정]최대주주변경을수반하는주식담보제공계약체결              ,major_shareholder_change,20260907,volatile,10,C,Major shareholder changes can increase volatility depending on context.,5,7,1,6,5,"9월 7일 주식시장 주요공시 | [공시] 고영·바이오니아·인탑스 '공매도 금지', 넥사다이내믹스·마이... | [주식마감] 'AI 반도체' 기대감에 유리기판 필옵틱스 상한가... 스카이랩...",2026-09-08,0.0621,-0.0266,,success
288980,모아데이타,[기재정정]최대주주변경을수반하는주식담보제공계약체결              ,major_shareholder_change,20260907,volatile,10,C,Major shareholder changes can increase volatility depending on context.,5,7,1,6,5,"9월 7일 주식시장 주요공시 | [공시] 고영·바이오니아·인탑스 '공매도 금지', 넥사다이내믹스·마이... | [주식마감] 'AI 반도체' 기대감에 유리기판 필옵틱스 상한가... 스카이랩...",2026-09-08,0.0621,-0.0266,,success
288980,모아데이타,[기재정정]최대주주변경을수반하는주식담보제공계약체결              ,major_shareholder_change,20260907,volatile,10,C,Major shareholder changes can increase volatility depending on context.,5,7,1,6,5,"9월 7일 주식시장 주요공시 | [공시] 고영·바이오니아·인탑스 '공매도 금지', 넥사다이내믹스·마이... | [주식마감] 'AI 반도체' 기대감에 유리기판 필옵틱스 상한가... 스카이랩...",2026-09-08,0.0621,-0.0266,,success
310210,보로노이,[기재정정]투자판단관련주요경영사항(임상시험계획변경승인)              (VRN110755의 제 1/2상 임상시험),investment_decision,20260907,volatile,30,C,Investment decisions can be positive or negative depending on scale and funding source.,5,4,2,2,5,"[HIT알공] 에이비온, 상장적격성 심사 기간 2주 늘어 | 코스닥 '상승'...필옵틱스·스카이랩스·비에이치아이 '껑충' | '반응률 100%' 자신감…보로노이, VRN11 '1차 치료제' 도전",2026-09-08,-0.0128,-0.0193,,failure
067080,대화제약,단일판매ㆍ공급계약해지              ,supply_contract,20260907,positive,70,C,Supply contract disclosures may indicate future revenue growth.,5,10,1,9,5,"9월 7일 주식시장 주요공시 | 10년 기다렸는데…대화제약, '매출 0원' 동남아 공급계약 결국 해지 | 상장 제약·바이오사 2Q 평균 영업이익 코스피 365억원, 코스닥 65억원",2026-09-08,-0.0054,-0.0145,,failure
223310,사토시홀딩스,기타시장안내              (최대주주의 의무보유 관련),major_shareholder_change,20260907,volatile,10,C,Major shareholder changes can increase volatility depending on context.,5,0,0,0,5,"사토시홀딩스 자회사 파이버랩스, 광통신 CPO 전용 관측 솔루션 공개 | 사토시홀딩스 ""파이버랩스, CPO 장애 감시 솔루션 공개"" | 사토시홀딩스, 차세대 'CPO 광통신 관측 솔루션' 공개… 벤치마크 100% 탐...",2026-09-08,-0.0115,-0.0445,,success
223310,사토시홀딩스,기타시장안내              (최대주주의 의무보유 관련),major_shareholder_change,20260907,volatile,10,C,Major shareholder changes can increase volatility depending on context.,5,0,0,0,5,"사토시홀딩스 자회사 파이버랩스, 광통신 CPO 전용 관측 솔루션 공개 | 사토시홀딩스 ""파이버랩스, CPO 장애 감시 솔루션 공개"" | 사토시홀딩스, 차세대 'CPO 광통신 관측 솔루션' 공개… 벤치마크 100% 탐...",2026-09-08,-0.0115,-0.0445,,success
223310,사토시홀딩스,기타시장안내              (최대주주의 의무보유 관련),major_shareholder_change,20260907,volatile,10,C,Major shareholder changes can increase volatility depending on context.,5,0,0,0,5,"사토시홀딩스 자회사 파이버랩스, 광통신 CPO 전용 관측 솔루션 공개 | 사토시홀딩스 ""파이버랩스, CPO 장애 감시 솔루션 공개"" | 사토시홀딩스, 차세대 'CPO 광통신 관측 솔루션' 공개… 벤치마크 100% 탐...",2026-09-08,-0.0115,-0.0445,,success
223310,사토시홀딩스,기타시장안내              (최대주주의 의무보유 관련),major_shareholder_change,20260907,volatile,10,C,Major shareholder changes can increase volatility depending on context.,5,0,0,0,5,"사토시홀딩스 자회사 파이버랩스, 광통신 CPO 전용 관측 솔루션 공개 | 사토시홀딩스 ""파이버랩스, CPO 장애 감시 솔루션 공개"" | 사토시홀딩스, 차세대 'CPO 광통신 관측 솔루션' 공개… 벤치마크 100% 탐...",2026-09-08,-0.0115,-0.0445,,success
223310,사토시홀딩스,기타시장안내              (최대주주의 의무보유 관련),major_shareholder_change,20260907,volatile,10,C,Major shareholder changes can increase volatility depending on context.,5,0,0,0,5,"사토시홀딩스 자회사 파이버랩스, 광통신 CPO 전용 관측 솔루션 공개 | 사토시홀딩스 ""파이버랩스, CPO 장애 감시 솔루션 공개"" | 사토시홀딩스, 차세대 'CPO 광통신 관측 솔루션' 공개… 벤치마크 100% 탐...",2026-09-08,-0.0115,-0.0445,,success
223310,사토시홀딩스,기타시장안내              (최대주주의 의무보유 관련),major_shareholder_change,20260907,volatile,10,C,Major shareholder changes can increase volatility depending on context.,5,0,0,0,5,"사토시홀딩스 자회사 파이버랩스, 광통신 CPO 전용 관측 솔루션 공개 | 사토시홀딩스 ""파이버랩스, CPO 장애 감시 솔루션 공개"" | 사토시홀딩스, 차세대 'CPO 광통신 관측 솔루션' 공개… 벤치마크 100% 탐...",2026-09-08,-0.0115,-0.0445,,success
223310,사토시홀딩스,기타시장안내              (최대주주의 의무보유 관련),major_shareholder_change,20260907,volatile,10,C,Major shareholder changes can increase volatility depending on context.,5,0,0,0,5,"사토시홀딩스 자회사 파이버랩스, 광통신 CPO 전용 관측 솔루션 공개 | 사토시홀딩스 ""파이버랩스, CPO 장애 감시 솔루션 공개"" | 사토시홀딩스, 차세대 'CPO 광통신 관측 솔루션' 공개… 벤치마크 100% 탐...",2026-09-08,-0.0115,-0.0445,,success
223310,사토시홀딩스,기타시장안내              (최대주주의 의무보유 관련),major_shareholder_change,20260907,volatile,10,C,Major shareholder changes can increase volatility depending on context.,5,0,0,0,5,"사토시홀딩스 자회사 파이버랩스, 광통신 CPO 전용 관측 솔루션 공개 | 사토시홀딩스 ""파이버랩스, CPO 장애 감시 솔루션 공개"" | 사토시홀딩스, 차세대 'CPO 광통신 관측 솔루션' 공개… 벤치마크 100% 탐...",2026-09-08,-0.0115,-0.0445,,success
223310,사토시홀딩스,기타시장안내              (최대주주의 의무보유 관련),major_shareholder_change,20260907,volatile,10,C,Major shareholder changes can increase volatility depending on context.,5,0,0,0,5,"사토시홀딩스 자회사 파이버랩스, 광통신 CPO 전용 관측 솔루션 공개 | 사토시홀딩스 ""파이버랩스, CPO 장애 감시 솔루션 공개"" | 사토시홀딩스, 차세대 'CPO 광통신 관측 솔루션' 공개… 벤치마크 100% 탐...",2026-09-08,-0.0115,-0.0445,,success
223310,사토시홀딩스,기타시장안내              (최대주주의 의무보유 관련),major_shareholder_change,20260907,volatile,10,C,Major shareholder changes can increase volatility depending on context.,5,0,0,0,5,"사토시홀딩스 자회사 파이버랩스, 광통신 CPO 전용 관측 솔루션 공개 | 사토시홀딩스 ""파이버랩스, CPO 장애 감시 솔루션 공개"" | 사토시홀딩스, 차세대 'CPO 광통신 관측 솔루션' 공개… 벤치마크 100% 탐...",2026-09-08,-0.0115,-0.0445,,success
223310,사토시홀딩스,기타시장안내              (최대주주의 의무보유 관련),major_shareholder_change,20260907,volatile,10,C,Major shareholder changes can increase volatility depending on context.,5,0,0,0,5,"사토시홀딩스 자회사 파이버랩스, 광통신 CPO 전용 관측 솔루션 공개 | 사토시홀딩스 ""파이버랩스, CPO 장애 감시 솔루션 공개"" | 사토시홀딩스, 차세대 'CPO 광통신 관측 솔루션' 공개… 벤치마크 100% 탐...",2026-09-08,-0.0115,-0.0445,,success
223310,사토시홀딩스,기타시장안내              (최대주주의 의무보유 관련),major_shareholder_change,20260907,volatile,10,C,Major shareholder changes can increase volatility depending on context.,5,0,0,0,5,"사토시홀딩스 자회사 파이버랩스, 광통신 CPO 전용 관측 솔루션 공개 | 사토시홀딩스 ""파이버랩스, CPO 장애 감시 솔루션 공개"" | 사토시홀딩스, 차세대 'CPO 광통신 관측 솔루션' 공개… 벤치마크 100% 탐...",2026-09-08,-0.0115,-0.0445,,success
223310,사토시홀딩스,기타시장안내              (최대주주의 의무보유 관련),major_shareholder_change,20260907,volatile,10,C,Major shareholder changes can increase volatility depending on context.,5,0,0,0,5,"사토시홀딩스 자회사 파이버랩스, 광통신 CPO 전용 관측 솔루션 공개 | 사토시홀딩스 ""파이버랩스, CPO 장애 감시 솔루션 공개"" | 사토시홀딩스, 차세대 'CPO 광통신 관측 솔루션' 공개… 벤치마크 100% 탐...",2026-09-08,-0.0115,-0.0445,,success
223310,사토시홀딩스,기타시장안내              (최대주주의 의무보유 관련),major_shareholder_change,20260907,volatile,10,C,Major shareholder changes can increase volatility depending on context.,5,0,0,0,5,"사토시홀딩스 자회사 파이버랩스, 광통신 CPO 전용 관측 솔루션 공개 | 사토시홀딩스 ""파이버랩스, CPO 장애 감시 솔루션 공개"" | 사토시홀딩스, 차세대 'CPO 광통신 관측 솔루션' 공개… 벤치마크 100% 탐...",2026-09-08,-0.0115,-0.0445,,success
223310,사토시홀딩스,기타시장안내              (최대주주의 의무보유 관련),major_shareholder_change,20260907,volatile,10,C,Major shareholder changes can increase volatility depending on context.,5,0,0,0,5,"사토시홀딩스 자회사 파이버랩스, 광통신 CPO 전용 관측 솔루션 공개 | 사토시홀딩스 ""파이버랩스, CPO 장애 감시 솔루션 공개"" | 사토시홀딩스, 차세대 'CPO 광통신 관측 솔루션' 공개… 벤치마크 100% 탐...",2026-09-08,-0.0115,-0.0445,,success
223310,사토시홀딩스,기타시장안내              (최대주주의 의무보유 관련),major_shareholder_change,20260907,volatile,10,C,Major shareholder changes can increase volatility depending on context.,5,0,0,0,5,"사토시홀딩스 자회사 파이버랩스, 광통신 CPO 전용 관측 솔루션 공개 | 사토시홀딩스 ""파이버랩스, CPO 장애 감시 솔루션 공개"" | 사토시홀딩스, 차세대 'CPO 광통신 관측 솔루션' 공개… 벤치마크 100% 탐...",2026-09-08,-0.0115,-0.0445,,success
223310,사토시홀딩스,기타시장안내              (최대주주의 의무보유 관련),major_shareholder_change,20260907,volatile,10,C,Major shareholder changes can increase volatility depending on context.,5,0,0,0,5,"사토시홀딩스 자회사 파이버랩스, 광통신 CPO 전용 관측 솔루션 공개 | 사토시홀딩스 ""파이버랩스, CPO 장애 감시 솔루션 공개"" | 사토시홀딩스, 차세대 'CPO 광통신 관측 솔루션' 공개… 벤치마크 100% 탐...",2026-09-08,-0.0115,-0.0445,,success
223310,사토시홀딩스,기타시장안내              (최대주주의 의무보유 관련),major_shareholder_change,20260907,volatile,10,C,Major shareholder changes can increase volatility depending on context.,5,0,0,0,5,"사토시홀딩스 자회사 파이버랩스, 광통신 CPO 전용 관측 솔루션 공개 | 사토시홀딩스 ""파이버랩스, CPO 장애 감시 솔루션 공개"" | 사토시홀딩스, 차세대 'CPO 광통신 관측 솔루션' 공개… 벤치마크 100% 탐...",2026-09-08,-0.0115,-0.0445,,success
223310,사토시홀딩스,기타시장안내              (최대주주의 의무보유 관련),major_shareholder_change,20260907,volatile,10,C,Major shareholder changes can increase volatility depending on context.,5,0,0,0,5,"사토시홀딩스 자회사 파이버랩스, 광통신 CPO 전용 관측 솔루션 공개 | 사토시홀딩스 ""파이버랩스, CPO 장애 감시 솔루션 공개"" | 사토시홀딩스, 차세대 'CPO 광통신 관측 솔루션' 공개… 벤치마크 100% 탐...",2026-09-08,-0.0115,-0.0445,,success
223310,사토시홀딩스,기타시장안내              (최대주주의 의무보유 관련),major_shareholder_change,20260907,volatile,10,C,Major shareholder changes can increase volatility depending on context.,5,0,0,0,5,"사토시홀딩스 자회사 파이버랩스, 광통신 CPO 전용 관측 솔루션 공개 | 사토시홀딩스 ""파이버랩스, CPO 장애 감시 솔루션 공개"" | 사토시홀딩스, 차세대 'CPO 광통신 관측 솔루션' 공개… 벤치마크 100% 탐...",2026-09-08,-0.0115,-0.0445,,success
223310,사토시홀딩스,기타시장안내              (최대주주의 의무보유 관련),major_shareholder_change,20260907,volatile,10,C,Major shareholder changes can increase volatility depending on context.,5,0,0,0,5,"사토시홀딩스 자회사 파이버랩스, 광통신 CPO 전용 관측 솔루션 공개 | 사토시홀딩스 ""파이버랩스, CPO 장애 감시 솔루션 공개"" | 사토시홀딩스, 차세대 'CPO 광통신 관측 솔루션' 공개… 벤치마크 100% 탐...",2026-09-08,-0.0115,-0.0445,,success
223310,사토시홀딩스,기타시장안내              (최대주주의 의무보유 관련),major_shareholder_change,20260907,volatile,10,C,Major shareholder changes can increase volatility depending on context.,5,0,0,0,5,"사토시홀딩스 자회사 파이버랩스, 광통신 CPO 전용 관측 솔루션 공개 | 사토시홀딩스 ""파이버랩스, CPO 장애 감시 솔루션 공개"" | 사토시홀딩스, 차세대 'CPO 광통신 관측 솔루션' 공개… 벤치마크 100% 탐...",2026-09-08,-0.0115,-0.0445,,success
223310,사토시홀딩스,기타시장안내              (최대주주의 의무보유 관련),major_shareholder_change,20260907,volatile,10,C,Major shareholder changes can increase volatility depending on context.,5,0,0,0,5,"사토시홀딩스 자회사 파이버랩스, 광통신 CPO 전용 관측 솔루션 공개 | 사토시홀딩스 ""파이버랩스, CPO 장애 감시 솔루션 공개"" | 사토시홀딩스, 차세대 'CPO 광통신 관측 솔루션' 공개… 벤치마크 100% 탐...",2026-09-08,-0.0115,-0.0445,,success
223310,사토시홀딩스,기타시장안내              (최대주주의 의무보유 관련),major_shareholder_change,20260907,volatile,10,C,Major shareholder changes can increase volatility depending on context.,5,0,0,0,5,"사토시홀딩스 자회사 파이버랩스, 광통신 CPO 전용 관측 솔루션 공개 | 사토시홀딩스 ""파이버랩스, CPO 장애 감시 솔루션 공개"" | 사토시홀딩스, 차세대 'CPO 광통신 관측 솔루션' 공개… 벤치마크 100% 탐...",2026-09-08,-0.0115,-0.0445,,success
223310,사토시홀딩스,기타시장안내              (최대주주의 의무보유 관련),major_shareholder_change,20260907,volatile,10,C,Major shareholder changes can increase volatility depending on context.,5,0,0,0,5,"사토시홀딩스 자회사 파이버랩스, 광통신 CPO 전용 관측 솔루션 공개 | 사토시홀딩스 ""파이버랩스, CPO 장애 감시 솔루션 공개"" | 사토시홀딩스, 차세대 'CPO 광통신 관측 솔루션' 공개… 벤치마크 100% 탐...",2026-09-08,-0.0115,-0.0445,,success
223310,사토시홀딩스,기타시장안내              (최대주주의 의무보유 관련),major_shareholder_change,20260907,volatile,10,C,Major shareholder changes can increase volatility depending on context.,5,0,0,0,5,"사토시홀딩스 자회사 파이버랩스, 광통신 CPO 전용 관측 솔루션 공개 | 사토시홀딩스 ""파이버랩스, CPO 장애 감시 솔루션 공개"" | 사토시홀딩스, 차세대 'CPO 광통신 관측 솔루션' 공개… 벤치마크 100% 탐...",2026-09-08,-0.0115,-0.0445,,success
223310,사토시홀딩스,기타시장안내              (최대주주의 의무보유 관련),major_shareholder_change,20260907,volatile,10,C,Major shareholder changes can increase volatility depending on context.,5,0,0,0,5,"사토시홀딩스 자회사 파이버랩스, 광통신 CPO 전용 관측 솔루션 공개 | 사토시홀딩스 ""파이버랩스, CPO 장애 감시 솔루션 공개"" | 사토시홀딩스, 차세대 'CPO 광통신 관측 솔루션' 공개… 벤치마크 100% 탐...",2026-09-08,-0.0115,-0.0445,,success
223310,사토시홀딩스,기타시장안내              (최대주주의 의무보유 관련),major_shareholder_change,20260907,volatile,10,C,Major shareholder changes can increase volatility depending on context.,5,0,0,0,5,"사토시홀딩스 자회사 파이버랩스, 광통신 CPO 전용 관측 솔루션 공개 | 사토시홀딩스 ""파이버랩스, CPO 장애 감시 솔루션 공개"" | 사토시홀딩스, 차세대 'CPO 광통신 관측 솔루션' 공개… 벤치마크 100% 탐...",2026-09-08,-0.0115,-0.0445,,success
223310,사토시홀딩스,기타시장안내              (최대주주의 의무보유 관련),major_shareholder_change,20260907,volatile,10,C,Major shareholder changes can increase volatility depending on context.,5,0,0,0,5,"사토시홀딩스 자회사 파이버랩스, 광통신 CPO 전용 관측 솔루션 공개 | 사토시홀딩스 ""파이버랩스, CPO 장애 감시 솔루션 공개"" | 사토시홀딩스, 차세대 'CPO 광통신 관측 솔루션' 공개… 벤치마크 100% 탐...",2026-09-08,-0.0115,-0.0445,,success
223310,사토시홀딩스,기타시장안내              (최대주주의 의무보유 관련),major_shareholder_change,20260907,volatile,10,C,Major shareholder changes can increase volatility depending on context.,5,0,0,0,5,"사토시홀딩스 자회사 파이버랩스, 광통신 CPO 전용 관측 솔루션 공개 | 사토시홀딩스 ""파이버랩스, CPO 장애 감시 솔루션 공개"" | 사토시홀딩스, 차세대 'CPO 광통신 관측 솔루션' 공개… 벤치마크 100% 탐...",2026-09-08,-0.0115,-0.0445,,success
223310,사토시홀딩스,기타시장안내              (최대주주의 의무보유 관련),major_shareholder_change,20260907,volatile,10,C,Major shareholder changes can increase volatility depending on context.,5,0,0,0,5,"사토시홀딩스 자회사 파이버랩스, 광통신 CPO 전용 관측 솔루션 공개 | 사토시홀딩스 ""파이버랩스, CPO 장애 감시 솔루션 공개"" | 사토시홀딩스, 차세대 'CPO 광통신 관측 솔루션' 공개… 벤치마크 100% 탐...",2026-09-08,-0.0115,-0.0445,,success
223310,사토시홀딩스,기타시장안내              (최대주주의 의무보유 관련),major_shareholder_change,20260907,volatile,10,C,Major shareholder changes can increase volatility depending on context.,5,0,0,0,5,"사토시홀딩스 자회사 파이버랩스, 광통신 CPO 전용 관측 솔루션 공개 | 사토시홀딩스 ""파이버랩스, CPO 장애 감시 솔루션 공개"" | 사토시홀딩스, 차세대 'CPO 광통신 관측 솔루션' 공개… 벤치마크 100% 탐...",2026-09-08,-0.0115,-0.0445,,success
223310,사토시홀딩스,기타시장안내              (최대주주의 의무보유 관련),major_shareholder_change,20260907,volatile,10,C,Major shareholder changes can increase volatility depending on context.,5,0,0,0,5,"사토시홀딩스 자회사 파이버랩스, 광통신 CPO 전용 관측 솔루션 공개 | 사토시홀딩스 ""파이버랩스, CPO 장애 감시 솔루션 공개"" | 사토시홀딩스, 차세대 'CPO 광통신 관측 솔루션' 공개… 벤치마크 100% 탐...",2026-09-08,-0.0115,-0.0445,,success
223310,사토시홀딩스,기타시장안내              (최대주주의 의무보유 관련),major_shareholder_change,20260907,volatile,10,C,Major shareholder changes can increase volatility depending on context.,5,0,0,0,5,"사토시홀딩스 자회사 파이버랩스, 광통신 CPO 전용 관측 솔루션 공개 | 사토시홀딩스 ""파이버랩스, CPO 장애 감시 솔루션 공개"" | 사토시홀딩스, 차세대 'CPO 광통신 관측 솔루션' 공개… 벤치마크 100% 탐...",2026-09-08,-0.0115,-0.0445,,success
223310,사토시홀딩스,기타시장안내              (최대주주의 의무보유 관련),major_shareholder_change,20260907,volatile,10,C,Major shareholder changes can increase volatility depending on context.,5,0,0,0,5,"사토시홀딩스 자회사 파이버랩스, 광통신 CPO 전용 관측 솔루션 공개 | 사토시홀딩스 ""파이버랩스, CPO 장애 감시 솔루션 공개"" | 사토시홀딩스, 차세대 'CPO 광통신 관측 솔루션' 공개… 벤치마크 100% 탐...",2026-09-08,-0.0115,-0.0445,,success
223310,사토시홀딩스,기타시장안내              (최대주주의 의무보유 관련),major_shareholder_change,20260907,volatile,10,C,Major shareholder changes can increase volatility depending on context.,5,0,0,0,5,"사토시홀딩스 자회사 파이버랩스, 광통신 CPO 전용 관측 솔루션 공개 | 사토시홀딩스 ""파이버랩스, CPO 장애 감시 솔루션 공개"" | 사토시홀딩스, 차세대 'CPO 광통신 관측 솔루션' 공개… 벤치마크 100% 탐...",2026-09-08,-0.0115,-0.0445,,success
223310,사토시홀딩스,기타시장안내              (최대주주의 의무보유 관련),major_shareholder_change,20260907,volatile,10,C,Major shareholder changes can increase volatility depending on context.,5,0,0,0,5,"사토시홀딩스 자회사 파이버랩스, 광통신 CPO 전용 관측 솔루션 공개 | 사토시홀딩스 ""파이버랩스, CPO 장애 감시 솔루션 공개"" | 사토시홀딩스, 차세대 'CPO 광통신 관측 솔루션' 공개… 벤치마크 100% 탐...",2026-09-08,-0.0115,-0.0445,,success
223310,사토시홀딩스,기타시장안내              (최대주주의 의무보유 관련),major_shareholder_change,20260907,volatile,10,C,Major shareholder changes can increase volatility depending on context.,5,0,0,0,5,"사토시홀딩스 자회사 파이버랩스, 광통신 CPO 전용 관측 솔루션 공개 | 사토시홀딩스 ""파이버랩스, CPO 장애 감시 솔루션 공개"" | 사토시홀딩스, 차세대 'CPO 광통신 관측 솔루션' 공개… 벤치마크 100% 탐...",2026-09-08,-0.0115,-0.0445,,success
223310,사토시홀딩스,기타시장안내              (최대주주의 의무보유 관련),major_shareholder_change,20260907,volatile,10,C,Major shareholder changes can increase volatility depending on context.,5,0,0,0,5,"사토시홀딩스 자회사 파이버랩스, 광통신 CPO 전용 관측 솔루션 공개 | 사토시홀딩스 ""파이버랩스, CPO 장애 감시 솔루션 공개"" | 사토시홀딩스, 차세대 'CPO 광통신 관측 솔루션' 공개… 벤치마크 100% 탐...",2026-09-08,-0.0115,-0.0445,,success
223310,사토시홀딩스,기타시장안내              (최대주주의 의무보유 관련),major_shareholder_change,20260907,volatile,10,C,Major shareholder changes can increase volatility depending on context.,5,0,0,0,5,"사토시홀딩스 자회사 파이버랩스, 광통신 CPO 전용 관측 솔루션 공개 | 사토시홀딩스 ""파이버랩스, CPO 장애 감시 솔루션 공개"" | 사토시홀딩스, 차세대 'CPO 광통신 관측 솔루션' 공개… 벤치마크 100% 탐...",2026-09-08,-0.0115,-0.0445,,success
223310,사토시홀딩스,기타시장안내              (최대주주의 의무보유 관련),major_shareholder_change,20260907,volatile,10,C,Major shareholder changes can increase volatility depending on context.,5,0,0,0,5,"사토시홀딩스 자회사 파이버랩스, 광통신 CPO 전용 관측 솔루션 공개 | 사토시홀딩스 ""파이버랩스, CPO 장애 감시 솔루션 공개"" | 사토시홀딩스, 차세대 'CPO 광통신 관측 솔루션' 공개… 벤치마크 100% 탐...",2026-09-08,-0.0115,-0.0445,,success
223310,사토시홀딩스,기타시장안내              (최대주주의 의무보유 관련),major_shareholder_change,20260907,volatile,10,C,Major shareholder changes can increase volatility depending on context.,5,0,0,0,5,"사토시홀딩스 자회사 파이버랩스, 광통신 CPO 전용 관측 솔루션 공개 | 사토시홀딩스 ""파이버랩스, CPO 장애 감시 솔루션 공개"" | 사토시홀딩스, 차세대 'CPO 광통신 관측 솔루션' 공개… 벤치마크 100% 탐...",2026-09-08,-0.0115,-0.0445,,success
223310,사토시홀딩스,기타시장안내              (최대주주의 의무보유 관련),major_shareholder_change,20260907,volatile,10,C,Major shareholder changes can increase volatility depending on context.,5,0,0,0,5,"사토시홀딩스 자회사 파이버랩스, 광통신 CPO 전용 관측 솔루션 공개 | 사토시홀딩스 ""파이버랩스, CPO 장애 감시 솔루션 공개"" | 사토시홀딩스, 차세대 'CPO 광통신 관측 솔루션' 공개… 벤치마크 100% 탐...",2026-09-08,-0.0115,-0.0445,,success
223310,사토시홀딩스,기타시장안내              (최대주주의 의무보유 관련),major_shareholder_change,20260907,volatile,10,C,Major shareholder changes can increase volatility depending on context.,5,0,0,0,5,"사토시홀딩스 자회사 파이버랩스, 광통신 CPO 전용 관측 솔루션 공개 | 사토시홀딩스 ""파이버랩스, CPO 장애 감시 솔루션 공개"" | 사토시홀딩스, 차세대 'CPO 광통신 관측 솔루션' 공개… 벤치마크 100% 탐...",2026-09-08,-0.0115,-0.0445,,success
223310,사토시홀딩스,기타시장안내              (최대주주의 의무보유 관련),major_shareholder_change,20260907,volatile,10,C,Major shareholder changes can increase volatility depending on context.,5,0,0,0,5,"사토시홀딩스 자회사 파이버랩스, 광통신 CPO 전용 관측 솔루션 공개 | 사토시홀딩스 ""파이버랩스, CPO 장애 감시 솔루션 공개"" | 사토시홀딩스, 차세대 'CPO 광통신 관측 솔루션' 공개… 벤치마크 100% 탐...",2026-09-08,-0.0115,-0.0445,,success
223310,사토시홀딩스,기타시장안내              (최대주주의 의무보유 관련),major_shareholder_change,20260907,volatile,10,C,Major shareholder changes can increase volatility depending on context.,5,0,0,0,5,"사토시홀딩스 자회사 파이버랩스, 광통신 CPO 전용 관측 솔루션 공개 | 사토시홀딩스 ""파이버랩스, CPO 장애 감시 솔루션 공개"" | 사토시홀딩스, 차세대 'CPO 광통신 관측 솔루션' 공개… 벤치마크 100% 탐...",2026-09-08,-0.0115,-0.0445,,success
223310,사토시홀딩스,기타시장안내              (최대주주의 의무보유 관련),major_shareholder_change,20260907,volatile,10,C,Major shareholder changes can increase volatility depending on context.,5,0,0,0,5,"사토시홀딩스 자회사 파이버랩스, 광통신 CPO 전용 관측 솔루션 공개 | 사토시홀딩스 ""파이버랩스, CPO 장애 감시 솔루션 공개"" | 사토시홀딩스, 차세대 'CPO 광통신 관측 솔루션' 공개… 벤치마크 100% 탐...",2026-09-08,-0.0115,-0.0445,,success
223310,사토시홀딩스,기타시장안내              (최대주주의 의무보유 관련),major_shareholder_change,20260907,volatile,10,C,Major shareholder changes can increase volatility depending on context.,5,0,0,0,5,"사토시홀딩스 자회사 파이버랩스, 광통신 CPO 전용 관측 솔루션 공개 | 사토시홀딩스 ""파이버랩스, CPO 장애 감시 솔루션 공개"" | 사토시홀딩스, 차세대 'CPO 광통신 관측 솔루션' 공개… 벤치마크 100% 탐...",2026-09-08,-0.0115,-0.0445,,success
223310,사토시홀딩스,기타시장안내              (최대주주의 의무보유 관련),major_shareholder_change,20260907,volatile,10,C,Major shareholder changes can increase volatility depending on context.,5,0,0,0,5,"사토시홀딩스 자회사 파이버랩스, 광통신 CPO 전용 관측 솔루션 공개 | 사토시홀딩스 ""파이버랩스, CPO 장애 감시 솔루션 공개"" | 사토시홀딩스, 차세대 'CPO 광통신 관측 솔루션' 공개… 벤치마크 100% 탐...",2026-09-08,-0.0115,-0.0445,,success
223310,사토시홀딩스,기타시장안내              (최대주주의 의무보유 관련),major_shareholder_change,20260907,volatile,10,C,Major shareholder changes can increase volatility depending on context.,5,0,0,0,5,"사토시홀딩스 자회사 파이버랩스, 광통신 CPO 전용 관측 솔루션 공개 | 사토시홀딩스 ""파이버랩스, CPO 장애 감시 솔루션 공개"" | 사토시홀딩스, 차세대 'CPO 광통신 관측 솔루션' 공개… 벤치마크 100% 탐...",2026-09-08,-0.0115,-0.0445,,success
223310,사토시홀딩스,기타시장안내              (최대주주의 의무보유 관련),major_shareholder_change,20260907,volatile,10,C,Major shareholder changes can increase volatility depending on context.,5,0,0,0,5,"사토시홀딩스 자회사 파이버랩스, 광통신 CPO 전용 관측 솔루션 공개 | 사토시홀딩스 ""파이버랩스, CPO 장애 감시 솔루션 공개"" | 사토시홀딩스, 차세대 'CPO 광통신 관측 솔루션' 공개… 벤치마크 100% 탐...",2026-09-08,-0.0115,-0.0445,,success
223310,사토시홀딩스,기타시장안내              (최대주주의 의무보유 관련),major_shareholder_change,20260907,volatile,10,C,Major shareholder changes can increase volatility depending on context.,5,0,0,0,5,"사토시홀딩스 자회사 파이버랩스, 광통신 CPO 전용 관측 솔루션 공개 | 사토시홀딩스 ""파이버랩스, CPO 장애 감시 솔루션 공개"" | 사토시홀딩스, 차세대 'CPO 광통신 관측 솔루션' 공개… 벤치마크 100% 탐...",2026-09-08,-0.0115,-0.0445,,success
223310,사토시홀딩스,기타시장안내              (최대주주의 의무보유 관련),major_shareholder_change,20260907,volatile,10,C,Major shareholder changes can increase volatility depending on context.,5,0,0,0,5,"사토시홀딩스 자회사 파이버랩스, 광통신 CPO 전용 관측 솔루션 공개 | 사토시홀딩스 ""파이버랩스, CPO 장애 감시 솔루션 공개"" | 사토시홀딩스, 차세대 'CPO 광통신 관측 솔루션' 공개… 벤치마크 100% 탐...",2026-09-08,-0.0115,-0.0445,,success
223310,사토시홀딩스,기타시장안내              (최대주주의 의무보유 관련),major_shareholder_change,20260907,volatile,10,C,Major shareholder changes can increase volatility depending on context.,5,0,0,0,5,"사토시홀딩스 자회사 파이버랩스, 광통신 CPO 전용 관측 솔루션 공개 | 사토시홀딩스 ""파이버랩스, CPO 장애 감시 솔루션 공개"" | 사토시홀딩스, 차세대 'CPO 광통신 관측 솔루션' 공개… 벤치마크 100% 탐...",2026-09-08,-0.0115,-0.0445,,success
223310,사토시홀딩스,기타시장안내              (최대주주의 의무보유 관련),major_shareholder_change,20260907,volatile,10,C,Major shareholder changes can increase volatility depending on context.,5,0,0,0,5,"사토시홀딩스 자회사 파이버랩스, 광통신 CPO 전용 관측 솔루션 공개 | 사토시홀딩스 ""파이버랩스, CPO 장애 감시 솔루션 공개"" | 사토시홀딩스, 차세대 'CPO 광통신 관측 솔루션' 공개… 벤치마크 100% 탐...",2026-09-08,-0.0115,-0.0445,,success
223310,사토시홀딩스,기타시장안내              (최대주주의 의무보유 관련),major_shareholder_change,20260907,volatile,10,C,Major shareholder changes can increase volatility depending on context.,5,0,0,0,5,"사토시홀딩스 자회사 파이버랩스, 광통신 CPO 전용 관측 솔루션 공개 | 사토시홀딩스 ""파이버랩스, CPO 장애 감시 솔루션 공개"" | 사토시홀딩스, 차세대 'CPO 광통신 관측 솔루션' 공개… 벤치마크 100% 탐...",2026-09-08,-0.0115,-0.0445,,success
223310,사토시홀딩스,기타시장안내              (최대주주의 의무보유 관련),major_shareholder_change,20260907,volatile,10,C,Major shareholder changes can increase volatility depending on context.,5,0,0,0,5,"사토시홀딩스 자회사 파이버랩스, 광통신 CPO 전용 관측 솔루션 공개 | 사토시홀딩스 ""파이버랩스, CPO 장애 감시 솔루션 공개"" | 사토시홀딩스, 차세대 'CPO 광통신 관측 솔루션' 공개… 벤치마크 100% 탐...",2026-09-08,-0.0115,-0.0445,,success
223310,사토시홀딩스,기타시장안내              (최대주주의 의무보유 관련),major_shareholder_change,20260907,volatile,10,C,Major shareholder changes can increase volatility depending on context.,5,0,0,0,5,"사토시홀딩스 자회사 파이버랩스, 광통신 CPO 전용 관측 솔루션 공개 | 사토시홀딩스 ""파이버랩스, CPO 장애 감시 솔루션 공개"" | 사토시홀딩스, 차세대 'CPO 광통신 관측 솔루션' 공개… 벤치마크 100% 탐...",2026-09-08,-0.0115,-0.0445,,success
223310,사토시홀딩스,기타시장안내              (최대주주의 의무보유 관련),major_shareholder_change,20260907,volatile,10,C,Major shareholder changes can increase volatility depending on context.,5,0,0,0,5,"사토시홀딩스 자회사 파이버랩스, 광통신 CPO 전용 관측 솔루션 공개 | 사토시홀딩스 ""파이버랩스, CPO 장애 감시 솔루션 공개"" | 사토시홀딩스, 차세대 'CPO 광통신 관측 솔루션' 공개… 벤치마크 100% 탐...",2026-09-08,-0.0115,-0.0445,,success
223310,사토시홀딩스,기타시장안내              (최대주주의 의무보유 관련),major_shareholder_change,20260907,volatile,10,C,Major shareholder changes can increase volatility depending on context.,5,0,0,0,5,"사토시홀딩스 자회사 파이버랩스, 광통신 CPO 전용 관측 솔루션 공개 | 사토시홀딩스 ""파이버랩스, CPO 장애 감시 솔루션 공개"" | 사토시홀딩스, 차세대 'CPO 광통신 관측 솔루션' 공개… 벤치마크 100% 탐...",2026-09-08,-0.0115,-0.0445,,success
223310,사토시홀딩스,기타시장안내              (최대주주의 의무보유 관련),major_shareholder_change,20260907,volatile,10,C,Major shareholder changes can increase volatility depending on context.,5,0,0,0,5,"사토시홀딩스 자회사 파이버랩스, 광통신 CPO 전용 관측 솔루션 공개 | 사토시홀딩스 ""파이버랩스, CPO 장애 감시 솔루션 공개"" | 사토시홀딩스, 차세대 'CPO 광통신 관측 솔루션' 공개… 벤치마크 100% 탐...",2026-09-08,-0.0115,-0.0445,,success
223310,사토시홀딩스,기타시장안내              (최대주주의 의무보유 관련),major_shareholder_change,20260907,volatile,10,C,Major shareholder changes can increase volatility depending on context.,5,0,0,0,5,"사토시홀딩스 자회사 파이버랩스, 광통신 CPO 전용 관측 솔루션 공개 | 사토시홀딩스 ""파이버랩스, CPO 장애 감시 솔루션 공개"" | 사토시홀딩스, 차세대 'CPO 광통신 관측 솔루션' 공개… 벤치마크 100% 탐...",2026-09-08,-0.0115,-0.0445,,success
223310,사토시홀딩스,기타시장안내              (최대주주의 의무보유 관련),major_shareholder_change,20260907,volatile,10,C,Major shareholder changes can increase volatility depending on context.,5,0,0,0,5,"사토시홀딩스 자회사 파이버랩스, 광통신 CPO 전용 관측 솔루션 공개 | 사토시홀딩스 ""파이버랩스, CPO 장애 감시 솔루션 공개"" | 사토시홀딩스, 차세대 'CPO 광통신 관측 솔루션' 공개… 벤치마크 100% 탐...",2026-09-08,-0.0115,-0.0445,,success
223310,사토시홀딩스,기타시장안내              (최대주주의 의무보유 관련),major_shareholder_change,20260907,volatile,10,C,Major shareholder changes can increase volatility depending on context.,5,0,0,0,5,"사토시홀딩스 자회사 파이버랩스, 광통신 CPO 전용 관측 솔루션 공개 | 사토시홀딩스 ""파이버랩스, CPO 장애 감시 솔루션 공개"" | 사토시홀딩스, 차세대 'CPO 광통신 관측 솔루션' 공개… 벤치마크 100% 탐...",2026-09-08,-0.0115,-0.0445,,success
223310,사토시홀딩스,기타시장안내              (최대주주의 의무보유 관련),major_shareholder_change,20260907,volatile,10,C,Major shareholder changes can increase volatility depending on context.,5,0,0,0,5,"사토시홀딩스 자회사 파이버랩스, 광통신 CPO 전용 관측 솔루션 공개 | 사토시홀딩스 ""파이버랩스, CPO 장애 감시 솔루션 공개"" | 사토시홀딩스, 차세대 'CPO 광통신 관측 솔루션' 공개… 벤치마크 100% 탐...",2026-09-08,-0.0115,-0.0445,,success
223310,사토시홀딩스,기타시장안내              (최대주주의 의무보유 관련),major_shareholder_change,20260907,volatile,10,C,Major shareholder changes can increase volatility depending on context.,5,0,0,0,5,"사토시홀딩스 자회사 파이버랩스, 광통신 CPO 전용 관측 솔루션 공개 | 사토시홀딩스 ""파이버랩스, CPO 장애 감시 솔루션 공개"" | 사토시홀딩스, 차세대 'CPO 광통신 관측 솔루션' 공개… 벤치마크 100% 탐...",2026-09-08,-0.0115,-0.0445,,success
223310,사토시홀딩스,기타시장안내              (최대주주의 의무보유 관련),major_shareholder_change,20260907,volatile,10,C,Major shareholder changes can increase volatility depending on context.,5,0,0,0,5,"사토시홀딩스 자회사 파이버랩스, 광통신 CPO 전용 관측 솔루션 공개 | 사토시홀딩스 ""파이버랩스, CPO 장애 감시 솔루션 공개"" | 사토시홀딩스, 차세대 'CPO 광통신 관측 솔루션' 공개… 벤치마크 100% 탐...",2026-09-08,-0.0115,-0.0445,,success
223310,사토시홀딩스,기타시장안내              (최대주주의 의무보유 관련),major_shareholder_change,20260907,volatile,10,C,Major shareholder changes can increase volatility depending on context.,5,0,0,0,5,"사토시홀딩스 자회사 파이버랩스, 광통신 CPO 전용 관측 솔루션 공개 | 사토시홀딩스 ""파이버랩스, CPO 장애 감시 솔루션 공개"" | 사토시홀딩스, 차세대 'CPO 광통신 관측 솔루션' 공개… 벤치마크 100% 탐...",2026-09-08,-0.0115,-0.0445,,success
223310,사토시홀딩스,기타시장안내              (최대주주의 의무보유 관련),major_shareholder_change,20260907,volatile,10,C,Major shareholder changes can increase volatility depending on context.,5,0,0,0,5,"사토시홀딩스 자회사 파이버랩스, 광통신 CPO 전용 관측 솔루션 공개 | 사토시홀딩스 ""파이버랩스, CPO 장애 감시 솔루션 공개"" | 사토시홀딩스, 차세대 'CPO 광통신 관측 솔루션' 공개… 벤치마크 100% 탐...",2026-09-08,-0.0115,-0.0445,,success
223310,사토시홀딩스,기타시장안내              (최대주주의 의무보유 관련),major_shareholder_change,20260907,volatile,10,C,Major shareholder changes can increase volatility depending on context.,5,0,0,0,5,"사토시홀딩스 자회사 파이버랩스, 광통신 CPO 전용 관측 솔루션 공개 | 사토시홀딩스 ""파이버랩스, CPO 장애 감시 솔루션 공개"" | 사토시홀딩스, 차세대 'CPO 광통신 관측 솔루션' 공개… 벤치마크 100% 탐...",2026-09-08,-0.0115,-0.0445,,success
223310,사토시홀딩스,기타시장안내              (최대주주의 의무보유 관련),major_shareholder_change,20260907,volatile,10,C,Major shareholder changes can increase volatility depending on context.,5,0,0,0,5,"사토시홀딩스 자회사 파이버랩스, 광통신 CPO 전용 관측 솔루션 공개 | 사토시홀딩스 ""파이버랩스, CPO 장애 감시 솔루션 공개"" | 사토시홀딩스, 차세대 'CPO 광통신 관측 솔루션' 공개… 벤치마크 100% 탐...",2026-09-08,-0.0115,-0.0445,,success
223310,사토시홀딩스,기타시장안내              (최대주주의 의무보유 관련),major_shareholder_change,20260907,volatile,10,C,Major shareholder changes can increase volatility depending on context.,5,0,0,0,5,"사토시홀딩스 자회사 파이버랩스, 광통신 CPO 전용 관측 솔루션 공개 | 사토시홀딩스 ""파이버랩스, CPO 장애 감시 솔루션 공개"" | 사토시홀딩스, 차세대 'CPO 광통신 관측 솔루션' 공개… 벤치마크 100% 탐...",2026-09-08,-0.0115,-0.0445,,success
223310,사토시홀딩스,최대주주변경              ,major_shareholder_change,20260907,volatile,10,C,Major shareholder changes can increase volatility depending on context.,5,0,0,0,5,"사토시홀딩스 자회사 파이버랩스, 광통신 CPO 전용 관측 솔루션 공개 | 사토시홀딩스 ""파이버랩스, CPO 장애 감시 솔루션 공개"" | 사토시홀딩스, 차세대 'CPO 광통신 관측 솔루션' 공개… 벤치마크 100% 탐...",2026-09-08,-0.0115,-0.0445,,success
223310,사토시홀딩스,최대주주변경              ,major_shareholder_change,20260907,volatile,10,C,Major shareholder changes can increase volatility depending on context.,5,0,0,0,5,"사토시홀딩스 자회사 파이버랩스, 광통신 CPO 전용 관측 솔루션 공개 | 사토시홀딩스 ""파이버랩스, CPO 장애 감시 솔루션 공개"" | 사토시홀딩스, 차세대 'CPO 광통신 관측 솔루션' 공개… 벤치마크 100% 탐...",2026-09-08,-0.0115,-0.0445,,success
223310,사토시홀딩스,최대주주변경              ,major_shareholder_change,20260907,volatile,10,C,Major shareholder changes can increase volatility depending on context.,5,0,0,0,5,"사토시홀딩스 자회사 파이버랩스, 광통신 CPO 전용 관측 솔루션 공개 | 사토시홀딩스 ""파이버랩스, CPO 장애 감시 솔루션 공개"" | 사토시홀딩스, 차세대 'CPO 광통신 관측 솔루션' 공개… 벤치마크 100% 탐...",2026-09-08,-0.0115,-0.0445,,success
223310,사토시홀딩스,최대주주변경              ,major_shareholder_change,20260907,volatile,10,C,Major shareholder changes can increase volatility depending on context.,5,0,0,0,5,"사토시홀딩스 자회사 파이버랩스, 광통신 CPO 전용 관측 솔루션 공개 | 사토시홀딩스 ""파이버랩스, CPO 장애 감시 솔루션 공개"" | 사토시홀딩스, 차세대 'CPO 광통신 관측 솔루션' 공개… 벤치마크 100% 탐...",2026-09-08,-0.0115,-0.0445,,success
223310,사토시홀딩스,최대주주변경              ,major_shareholder_change,20260907,volatile,10,C,Major shareholder changes can increase volatility depending on context.,5,0,0,0,5,"사토시홀딩스 자회사 파이버랩스, 광통신 CPO 전용 관측 솔루션 공개 | 사토시홀딩스 ""파이버랩스, CPO 장애 감시 솔루션 공개"" | 사토시홀딩스, 차세대 'CPO 광통신 관측 솔루션' 공개… 벤치마크 100% 탐...",2026-09-08,-0.0115,-0.0445,,success
223310,사토시홀딩스,최대주주변경              ,major_shareholder_change,20260907,volatile,10,C,Major shareholder changes can increase volatility depending on context.,5,0,0,0,5,"사토시홀딩스 자회사 파이버랩스, 광통신 CPO 전용 관측 솔루션 공개 | 사토시홀딩스 ""파이버랩스, CPO 장애 감시 솔루션 공개"" | 사토시홀딩스, 차세대 'CPO 광통신 관측 솔루션' 공개… 벤치마크 100% 탐...",2026-09-08,-0.0115,-0.0445,,success
223310,사토시홀딩스,최대주주변경              ,major_shareholder_change,20260907,volatile,10,C,Major shareholder changes can increase volatility depending on context.,5,0,0,0,5,"사토시홀딩스 자회사 파이버랩스, 광통신 CPO 전용 관측 솔루션 공개 | 사토시홀딩스 ""파이버랩스, CPO 장애 감시 솔루션 공개"" | 사토시홀딩스, 차세대 'CPO 광통신 관측 솔루션' 공개… 벤치마크 100% 탐...",2026-09-08,-0.0115,-0.0445,,success
223310,사토시홀딩스,최대주주변경              ,major_shareholder_change,20260907,volatile,10,C,Major shareholder changes can increase volatility depending on context.,5,0,0,0,5,"사토시홀딩스 자회사 파이버랩스, 광통신 CPO 전용 관측 솔루션 공개 | 사토시홀딩스 ""파이버랩스, CPO 장애 감시 솔루션 공개"" | 사토시홀딩스, 차세대 'CPO 광통신 관측 솔루션' 공개… 벤치마크 100% 탐...",2026-09-08,-0.0115,-0.0445,,success
223310,사토시홀딩스,최대주주변경              ,major_shareholder_change,20260907,volatile,10,C,Major shareholder changes can increase volatility depending on context.,5,0,0,0,5,"사토시홀딩스 자회사 파이버랩스, 광통신 CPO 전용 관측 솔루션 공개 | 사토시홀딩스 ""파이버랩스, CPO 장애 감시 솔루션 공개"" | 사토시홀딩스, 차세대 'CPO 광통신 관측 솔루션' 공개… 벤치마크 100% 탐...",2026-09-08,-0.0115,-0.0445,,success
223310,사토시홀딩스,최대주주변경              ,major_shareholder_change,20260907,volatile,10,C,Major shareholder changes can increase volatility depending on context.,5,0,0,0,5,"사토시홀딩스 자회사 파이버랩스, 광통신 CPO 전용 관측 솔루션 공개 | 사토시홀딩스 ""파이버랩스, CPO 장애 감시 솔루션 공개"" | 사토시홀딩스, 차세대 'CPO 광통신 관측 솔루션' 공개… 벤치마크 100% 탐...",2026-09-08,-0.0115,-0.0445,,success
223310,사토시홀딩스,최대주주변경              ,major_shareholder_change,20260907,volatile,10,C,Major shareholder changes can increase volatility depending on context.,5,0,0,0,5,"사토시홀딩스 자회사 파이버랩스, 광통신 CPO 전용 관측 솔루션 공개 | 사토시홀딩스 ""파이버랩스, CPO 장애 감시 솔루션 공개"" | 사토시홀딩스, 차세대 'CPO 광통신 관측 솔루션' 공개… 벤치마크 100% 탐...",2026-09-08,-0.0115,-0.0445,,success
223310,사토시홀딩스,최대주주변경              ,major_shareholder_change,20260907,volatile,10,C,Major shareholder changes can increase volatility depending on context.,5,0,0,0,5,"사토시홀딩스 자회사 파이버랩스, 광통신 CPO 전용 관측 솔루션 공개 | 사토시홀딩스 ""파이버랩스, CPO 장애 감시 솔루션 공개"" | 사토시홀딩스, 차세대 'CPO 광통신 관측 솔루션' 공개… 벤치마크 100% 탐...",2026-09-08,-0.0115,-0.0445,,success
223310,사토시홀딩스,최대주주변경              ,major_shareholder_change,20260907,volatile,10,C,Major shareholder changes can increase volatility depending on context.,5,0,0,0,5,"사토시홀딩스 자회사 파이버랩스, 광통신 CPO 전용 관측 솔루션 공개 | 사토시홀딩스 ""파이버랩스, CPO 장애 감시 솔루션 공개"" | 사토시홀딩스, 차세대 'CPO 광통신 관측 솔루션' 공개… 벤치마크 100% 탐...",2026-09-08,-0.0115,-0.0445,,success
223310,사토시홀딩스,최대주주변경              ,major_shareholder_change,20260907,volatile,10,C,Major shareholder changes can increase volatility depending on context.,5,0,0,0,5,"사토시홀딩스 자회사 파이버랩스, 광통신 CPO 전용 관측 솔루션 공개 | 사토시홀딩스 ""파이버랩스, CPO 장애 감시 솔루션 공개"" | 사토시홀딩스, 차세대 'CPO 광통신 관측 솔루션' 공개… 벤치마크 100% 탐...",2026-09-08,-0.0115,-0.0445,,success
223310,사토시홀딩스,최대주주변경              ,major_shareholder_change,20260907,volatile,10,C,Major shareholder changes can increase volatility depending on context.,5,0,0,0,5,"사토시홀딩스 자회사 파이버랩스, 광통신 CPO 전용 관측 솔루션 공개 | 사토시홀딩스 ""파이버랩스, CPO 장애 감시 솔루션 공개"" | 사토시홀딩스, 차세대 'CPO 광통신 관측 솔루션' 공개… 벤치마크 100% 탐...",2026-09-08,-0.0115,-0.0445,,success
223310,사토시홀딩스,최대주주변경              ,major_shareholder_change,20260907,volatile,10,C,Major shareholder changes can increase volatility depending on context.,5,0,0,0,5,"사토시홀딩스 자회사 파이버랩스, 광통신 CPO 전용 관측 솔루션 공개 | 사토시홀딩스 ""파이버랩스, CPO 장애 감시 솔루션 공개"" | 사토시홀딩스, 차세대 'CPO 광통신 관측 솔루션' 공개… 벤치마크 100% 탐...",2026-09-08,-0.0115,-0.0445,,success
223310,사토시홀딩스,최대주주변경              ,major_shareholder_change,20260907,volatile,10,C,Major shareholder changes can increase volatility depending on context.,5,0,0,0,5,"사토시홀딩스 자회사 파이버랩스, 광통신 CPO 전용 관측 솔루션 공개 | 사토시홀딩스 ""파이버랩스, CPO 장애 감시 솔루션 공개"" | 사토시홀딩스, 차세대 'CPO 광통신 관측 솔루션' 공개… 벤치마크 100% 탐...",2026-09-08,-0.0115,-0.0445,,success
223310,사토시홀딩스,최대주주변경              ,major_shareholder_change,20260907,volatile,10,C,Major shareholder changes can increase volatility depending on context.,5,0,0,0,5,"사토시홀딩스 자회사 파이버랩스, 광통신 CPO 전용 관측 솔루션 공개 | 사토시홀딩스 ""파이버랩스, CPO 장애 감시 솔루션 공개"" | 사토시홀딩스, 차세대 'CPO 광통신 관측 솔루션' 공개… 벤치마크 100% 탐...",2026-09-08,-0.0115,-0.0445,,success
223310,사토시홀딩스,최대주주변경              ,major_shareholder_change,20260907,volatile,10,C,Major shareholder changes can increase volatility depending on context.,5,0,0,0,5,"사토시홀딩스 자회사 파이버랩스, 광통신 CPO 전용 관측 솔루션 공개 | 사토시홀딩스 ""파이버랩스, CPO 장애 감시 솔루션 공개"" | 사토시홀딩스, 차세대 'CPO 광통신 관측 솔루션' 공개… 벤치마크 100% 탐...",2026-09-08,-0.0115,-0.0445,,success
223310,사토시홀딩스,최대주주변경              ,major_shareholder_change,20260907,volatile,10,C,Major shareholder changes can increase volatility depending on context.,5,0,0,0,5,"사토시홀딩스 자회사 파이버랩스, 광통신 CPO 전용 관측 솔루션 공개 | 사토시홀딩스 ""파이버랩스, CPO 장애 감시 솔루션 공개"" | 사토시홀딩스, 차세대 'CPO 광통신 관측 솔루션' 공개… 벤치마크 100% 탐...",2026-09-08,-0.0115,-0.0445,,success
223310,사토시홀딩스,최대주주변경              ,major_shareholder_change,20260907,volatile,10,C,Major shareholder changes can increase volatility depending on context.,5,0,0,0,5,"사토시홀딩스 자회사 파이버랩스, 광통신 CPO 전용 관측 솔루션 공개 | 사토시홀딩스 ""파이버랩스, CPO 장애 감시 솔루션 공개"" | 사토시홀딩스, 차세대 'CPO 광통신 관측 솔루션' 공개… 벤치마크 100% 탐...",2026-09-08,-0.0115,-0.0445,,success
223310,사토시홀딩스,최대주주변경              ,major_shareholder_change,20260907,volatile,10,C,Major shareholder changes can increase volatility depending on context.,5,0,0,0,5,"사토시홀딩스 자회사 파이버랩스, 광통신 CPO 전용 관측 솔루션 공개 | 사토시홀딩스 ""파이버랩스, CPO 장애 감시 솔루션 공개"" | 사토시홀딩스, 차세대 'CPO 광통신 관측 솔루션' 공개… 벤치마크 100% 탐...",2026-09-08,-0.0115,-0.0445,,success
223310,사토시홀딩스,최대주주변경              ,major_shareholder_change,20260907,volatile,10,C,Major shareholder changes can increase volatility depending on context.,5,0,0,0,5,"사토시홀딩스 자회사 파이버랩스, 광통신 CPO 전용 관측 솔루션 공개 | 사토시홀딩스 ""파이버랩스, CPO 장애 감시 솔루션 공개"" | 사토시홀딩스, 차세대 'CPO 광통신 관측 솔루션' 공개… 벤치마크 100% 탐...",2026-09-08,-0.0115,-0.0445,,success
223310,사토시홀딩스,최대주주변경              ,major_shareholder_change,20260907,volatile,10,C,Major shareholder changes can increase volatility depending on context.,5,0,0,0,5,"사토시홀딩스 자회사 파이버랩스, 광통신 CPO 전용 관측 솔루션 공개 | 사토시홀딩스 ""파이버랩스, CPO 장애 감시 솔루션 공개"" | 사토시홀딩스, 차세대 'CPO 광통신 관측 솔루션' 공개… 벤치마크 100% 탐...",2026-09-08,-0.0115,-0.0445,,success
223310,사토시홀딩스,최대주주변경              ,major_shareholder_change,20260907,volatile,10,C,Major shareholder changes can increase volatility depending on context.,5,0,0,0,5,"사토시홀딩스 자회사 파이버랩스, 광통신 CPO 전용 관측 솔루션 공개 | 사토시홀딩스 ""파이버랩스, CPO 장애 감시 솔루션 공개"" | 사토시홀딩스, 차세대 'CPO 광통신 관측 솔루션' 공개… 벤치마크 100% 탐...",2026-09-08,-0.0115,-0.0445,,success
223310,사토시홀딩스,최대주주변경              ,major_shareholder_change,20260907,volatile,10,C,Major shareholder changes can increase volatility depending on context.,5,0,0,0,5,"사토시홀딩스 자회사 파이버랩스, 광통신 CPO 전용 관측 솔루션 공개 | 사토시홀딩스 ""파이버랩스, CPO 장애 감시 솔루션 공개"" | 사토시홀딩스, 차세대 'CPO 광통신 관측 솔루션' 공개… 벤치마크 100% 탐...",2026-09-08,-0.0115,-0.0445,,success
223310,사토시홀딩스,최대주주변경              ,major_shareholder_change,20260907,volatile,10,C,Major shareholder changes can increase volatility depending on context.,5,0,0,0,5,"사토시홀딩스 자회사 파이버랩스, 광통신 CPO 전용 관측 솔루션 공개 | 사토시홀딩스 ""파이버랩스, CPO 장애 감시 솔루션 공개"" | 사토시홀딩스, 차세대 'CPO 광통신 관측 솔루션' 공개… 벤치마크 100% 탐...",2026-09-08,-0.0115,-0.0445,,success
223310,사토시홀딩스,최대주주변경              ,major_shareholder_change,20260907,volatile,10,C,Major shareholder changes can increase volatility depending on context.,5,0,0,0,5,"사토시홀딩스 자회사 파이버랩스, 광통신 CPO 전용 관측 솔루션 공개 | 사토시홀딩스 ""파이버랩스, CPO 장애 감시 솔루션 공개"" | 사토시홀딩스, 차세대 'CPO 광통신 관측 솔루션' 공개… 벤치마크 100% 탐...",2026-09-08,-0.0115,-0.0445,,success
223310,사토시홀딩스,최대주주변경              ,major_shareholder_change,20260907,volatile,10,C,Major shareholder changes can increase volatility depending on context.,5,0,0,0,5,"사토시홀딩스 자회사 파이버랩스, 광통신 CPO 전용 관측 솔루션 공개 | 사토시홀딩스 ""파이버랩스, CPO 장애 감시 솔루션 공개"" | 사토시홀딩스, 차세대 'CPO 광통신 관측 솔루션' 공개… 벤치마크 100% 탐...",2026-09-08,-0.0115,-0.0445,,success
223310,사토시홀딩스,최대주주변경              ,major_shareholder_change,20260907,volatile,10,C,Major shareholder changes can increase volatility depending on context.,5,0,0,0,5,"사토시홀딩스 자회사 파이버랩스, 광통신 CPO 전용 관측 솔루션 공개 | 사토시홀딩스 ""파이버랩스, CPO 장애 감시 솔루션 공개"" | 사토시홀딩스, 차세대 'CPO 광통신 관측 솔루션' 공개… 벤치마크 100% 탐...",2026-09-08,-0.0115,-0.0445,,success
223310,사토시홀딩스,최대주주변경              ,major_shareholder_change,20260907,volatile,10,C,Major shareholder changes can increase volatility depending on context.,5,0,0,0,5,"사토시홀딩스 자회사 파이버랩스, 광통신 CPO 전용 관측 솔루션 공개 | 사토시홀딩스 ""파이버랩스, CPO 장애 감시 솔루션 공개"" | 사토시홀딩스, 차세대 'CPO 광통신 관측 솔루션' 공개… 벤치마크 100% 탐...",2026-09-08,-0.0115,-0.0445,,success
223310,사토시홀딩스,최대주주변경              ,major_shareholder_change,20260907,volatile,10,C,Major shareholder changes can increase volatility depending on context.,5,0,0,0,5,"사토시홀딩스 자회사 파이버랩스, 광통신 CPO 전용 관측 솔루션 공개 | 사토시홀딩스 ""파이버랩스, CPO 장애 감시 솔루션 공개"" | 사토시홀딩스, 차세대 'CPO 광통신 관측 솔루션' 공개… 벤치마크 100% 탐...",2026-09-08,-0.0115,-0.0445,,success
223310,사토시홀딩스,최대주주변경              ,major_shareholder_change,20260907,volatile,10,C,Major shareholder changes can increase volatility depending on context.,5,0,0,0,5,"사토시홀딩스 자회사 파이버랩스, 광통신 CPO 전용 관측 솔루션 공개 | 사토시홀딩스 ""파이버랩스, CPO 장애 감시 솔루션 공개"" | 사토시홀딩스, 차세대 'CPO 광통신 관측 솔루션' 공개… 벤치마크 100% 탐...",2026-09-08,-0.0115,-0.0445,,success
223310,사토시홀딩스,최대주주변경              ,major_shareholder_change,20260907,volatile,10,C,Major shareholder changes can increase volatility depending on context.,5,0,0,0,5,"사토시홀딩스 자회사 파이버랩스, 광통신 CPO 전용 관측 솔루션 공개 | 사토시홀딩스 ""파이버랩스, CPO 장애 감시 솔루션 공개"" | 사토시홀딩스, 차세대 'CPO 광통신 관측 솔루션' 공개… 벤치마크 100% 탐...",2026-09-08,-0.0115,-0.0445,,success
223310,사토시홀딩스,최대주주변경              ,major_shareholder_change,20260907,volatile,10,C,Major shareholder changes can increase volatility depending on context.,5,0,0,0,5,"사토시홀딩스 자회사 파이버랩스, 광통신 CPO 전용 관측 솔루션 공개 | 사토시홀딩스 ""파이버랩스, CPO 장애 감시 솔루션 공개"" | 사토시홀딩스, 차세대 'CPO 광통신 관측 솔루션' 공개… 벤치마크 100% 탐...",2026-09-08,-0.0115,-0.0445,,success
223310,사토시홀딩스,최대주주변경              ,major_shareholder_change,20260907,volatile,10,C,Major shareholder changes can increase volatility depending on context.,5,0,0,0,5,"사토시홀딩스 자회사 파이버랩스, 광통신 CPO 전용 관측 솔루션 공개 | 사토시홀딩스 ""파이버랩스, CPO 장애 감시 솔루션 공개"" | 사토시홀딩스, 차세대 'CPO 광통신 관측 솔루션' 공개… 벤치마크 100% 탐...",2026-09-08,-0.0115,-0.0445,,success
223310,사토시홀딩스,최대주주변경              ,major_shareholder_change,20260907,volatile,10,C,Major shareholder changes can increase volatility depending on context.,5,0,0,0,5,"사토시홀딩스 자회사 파이버랩스, 광통신 CPO 전용 관측 솔루션 공개 | 사토시홀딩스 ""파이버랩스, CPO 장애 감시 솔루션 공개"" | 사토시홀딩스, 차세대 'CPO 광통신 관측 솔루션' 공개… 벤치마크 100% 탐...",2026-09-08,-0.0115,-0.0445,,success
223310,사토시홀딩스,최대주주변경              ,major_shareholder_change,20260907,volatile,10,C,Major shareholder changes can increase volatility depending on context.,5,0,0,0,5,"사토시홀딩스 자회사 파이버랩스, 광통신 CPO 전용 관측 솔루션 공개 | 사토시홀딩스 ""파이버랩스, CPO 장애 감시 솔루션 공개"" | 사토시홀딩스, 차세대 'CPO 광통신 관측 솔루션' 공개… 벤치마크 100% 탐...",2026-09-08,-0.0115,-0.0445,,success
223310,사토시홀딩스,최대주주변경              ,major_shareholder_change,20260907,volatile,10,C,Major shareholder changes can increase volatility depending on context.,5,0,0,0,5,"사토시홀딩스 자회사 파이버랩스, 광통신 CPO 전용 관측 솔루션 공개 | 사토시홀딩스 ""파이버랩스, CPO 장애 감시 솔루션 공개"" | 사토시홀딩스, 차세대 'CPO 광통신 관측 솔루션' 공개… 벤치마크 100% 탐...",2026-09-08,-0.0115,-0.0445,,success
223310,사토시홀딩스,최대주주변경              ,major_shareholder_change,20260907,volatile,10,C,Major shareholder changes can increase volatility depending on context.,5,0,0,0,5,"사토시홀딩스 자회사 파이버랩스, 광통신 CPO 전용 관측 솔루션 공개 | 사토시홀딩스 ""파이버랩스, CPO 장애 감시 솔루션 공개"" | 사토시홀딩스, 차세대 'CPO 광통신 관측 솔루션' 공개… 벤치마크 100% 탐...",2026-09-08,-0.0115,-0.0445,,success
223310,사토시홀딩스,최대주주변경              ,major_shareholder_change,20260907,volatile,10,C,Major shareholder changes can increase volatility depending on context.,5,0,0,0,5,"사토시홀딩스 자회사 파이버랩스, 광통신 CPO 전용 관측 솔루션 공개 | 사토시홀딩스 ""파이버랩스, CPO 장애 감시 솔루션 공개"" | 사토시홀딩스, 차세대 'CPO 광통신 관측 솔루션' 공개… 벤치마크 100% 탐...",2026-09-08,-0.0115,-0.0445,,success
223310,사토시홀딩스,최대주주변경              ,major_shareholder_change,20260907,volatile,10,C,Major shareholder changes can increase volatility depending on context.,5,0,0,0,5,"사토시홀딩스 자회사 파이버랩스, 광통신 CPO 전용 관측 솔루션 공개 | 사토시홀딩스 ""파이버랩스, CPO 장애 감시 솔루션 공개"" | 사토시홀딩스, 차세대 'CPO 광통신 관측 솔루션' 공개… 벤치마크 100% 탐...",2026-09-08,-0.0115,-0.0445,,success
223310,사토시홀딩스,최대주주변경              ,major_shareholder_change,20260907,volatile,10,C,Major shareholder changes can increase volatility depending on context.,5,0,0,0,5,"사토시홀딩스 자회사 파이버랩스, 광통신 CPO 전용 관측 솔루션 공개 | 사토시홀딩스 ""파이버랩스, CPO 장애 감시 솔루션 공개"" | 사토시홀딩스, 차세대 'CPO 광통신 관측 솔루션' 공개… 벤치마크 100% 탐...",2026-09-08,-0.0115,-0.0445,,success
223310,사토시홀딩스,최대주주변경              ,major_shareholder_change,20260907,volatile,10,C,Major shareholder changes can increase volatility depending on context.,5,0,0,0,5,"사토시홀딩스 자회사 파이버랩스, 광통신 CPO 전용 관측 솔루션 공개 | 사토시홀딩스 ""파이버랩스, CPO 장애 감시 솔루션 공개"" | 사토시홀딩스, 차세대 'CPO 광통신 관측 솔루션' 공개… 벤치마크 100% 탐...",2026-09-08,-0.0115,-0.0445,,success
223310,사토시홀딩스,최대주주변경              ,major_shareholder_change,20260907,volatile,10,C,Major shareholder changes can increase volatility depending on context.,5,0,0,0,5,"사토시홀딩스 자회사 파이버랩스, 광통신 CPO 전용 관측 솔루션 공개 | 사토시홀딩스 ""파이버랩스, CPO 장애 감시 솔루션 공개"" | 사토시홀딩스, 차세대 'CPO 광통신 관측 솔루션' 공개… 벤치마크 100% 탐...",2026-09-08,-0.0115,-0.0445,,success
223310,사토시홀딩스,최대주주변경              ,major_shareholder_change,20260907,volatile,10,C,Major shareholder changes can increase volatility depending on context.,5,0,0,0,5,"사토시홀딩스 자회사 파이버랩스, 광통신 CPO 전용 관측 솔루션 공개 | 사토시홀딩스 ""파이버랩스, CPO 장애 감시 솔루션 공개"" | 사토시홀딩스, 차세대 'CPO 광통신 관측 솔루션' 공개… 벤치마크 100% 탐...",2026-09-08,-0.0115,-0.0445,,success
223310,사토시홀딩스,최대주주변경              ,major_shareholder_change,20260907,volatile,10,C,Major shareholder changes can increase volatility depending on context.,5,0,0,0,5,"사토시홀딩스 자회사 파이버랩스, 광통신 CPO 전용 관측 솔루션 공개 | 사토시홀딩스 ""파이버랩스, CPO 장애 감시 솔루션 공개"" | 사토시홀딩스, 차세대 'CPO 광통신 관측 솔루션' 공개… 벤치마크 100% 탐...",2026-09-08,-0.0115,-0.0445,,success
223310,사토시홀딩스,최대주주변경              ,major_shareholder_change,20260907,volatile,10,C,Major shareholder changes can increase volatility depending on context.,5,0,0,0,5,"사토시홀딩스 자회사 파이버랩스, 광통신 CPO 전용 관측 솔루션 공개 | 사토시홀딩스 ""파이버랩스, CPO 장애 감시 솔루션 공개"" | 사토시홀딩스, 차세대 'CPO 광통신 관측 솔루션' 공개… 벤치마크 100% 탐...",2026-09-08,-0.0115,-0.0445,,success
223310,사토시홀딩스,최대주주변경              ,major_shareholder_change,20260907,volatile,10,C,Major shareholder changes can increase volatility depending on context.,5,0,0,0,5,"사토시홀딩스 자회사 파이버랩스, 광통신 CPO 전용 관측 솔루션 공개 | 사토시홀딩스 ""파이버랩스, CPO 장애 감시 솔루션 공개"" | 사토시홀딩스, 차세대 'CPO 광통신 관측 솔루션' 공개… 벤치마크 100% 탐...",2026-09-08,-0.0115,-0.0445,,success
223310,사토시홀딩스,최대주주변경              ,major_shareholder_change,20260907,volatile,10,C,Major shareholder changes can increase volatility depending on context.,5,0,0,0,5,"사토시홀딩스 자회사 파이버랩스, 광통신 CPO 전용 관측 솔루션 공개 | 사토시홀딩스 ""파이버랩스, CPO 장애 감시 솔루션 공개"" | 사토시홀딩스, 차세대 'CPO 광통신 관측 솔루션' 공개… 벤치마크 100% 탐...",2026-09-08,-0.0115,-0.0445,,success
223310,사토시홀딩스,최대주주변경              ,major_shareholder_change,20260907,volatile,10,C,Major shareholder changes can increase volatility depending on context.,5,0,0,0,5,"사토시홀딩스 자회사 파이버랩스, 광통신 CPO 전용 관측 솔루션 공개 | 사토시홀딩스 ""파이버랩스, CPO 장애 감시 솔루션 공개"" | 사토시홀딩스, 차세대 'CPO 광통신 관측 솔루션' 공개… 벤치마크 100% 탐...",2026-09-08,-0.0115,-0.0445,,success
223310,사토시홀딩스,최대주주변경              ,major_shareholder_change,20260907,volatile,10,C,Major shareholder changes can increase volatility depending on context.,5,0,0,0,5,"사토시홀딩스 자회사 파이버랩스, 광통신 CPO 전용 관측 솔루션 공개 | 사토시홀딩스 ""파이버랩스, CPO 장애 감시 솔루션 공개"" | 사토시홀딩스, 차세대 'CPO 광통신 관측 솔루션' 공개… 벤치마크 100% 탐...",2026-09-08,-0.0115,-0.0445,,success
223310,사토시홀딩스,최대주주변경              ,major_shareholder_change,20260907,volatile,10,C,Major shareholder changes can increase volatility depending on context.,5,0,0,0,5,"사토시홀딩스 자회사 파이버랩스, 광통신 CPO 전용 관측 솔루션 공개 | 사토시홀딩스 ""파이버랩스, CPO 장애 감시 솔루션 공개"" | 사토시홀딩스, 차세대 'CPO 광통신 관측 솔루션' 공개… 벤치마크 100% 탐...",2026-09-08,-0.0115,-0.0445,,success
223310,사토시홀딩스,최대주주변경              ,major_shareholder_change,20260907,volatile,10,C,Major shareholder changes can increase volatility depending on context.,5,0,0,0,5,"사토시홀딩스 자회사 파이버랩스, 광통신 CPO 전용 관측 솔루션 공개 | 사토시홀딩스 ""파이버랩스, CPO 장애 감시 솔루션 공개"" | 사토시홀딩스, 차세대 'CPO 광통신 관측 솔루션' 공개… 벤치마크 100% 탐...",2026-09-08,-0.0115,-0.0445,,success
223310,사토시홀딩스,최대주주변경              ,major_shareholder_change,20260907,volatile,10,C,Major shareholder changes can increase volatility depending on context.,5,0,0,0,5,"사토시홀딩스 자회사 파이버랩스, 광통신 CPO 전용 관측 솔루션 공개 | 사토시홀딩스 ""파이버랩스, CPO 장애 감시 솔루션 공개"" | 사토시홀딩스, 차세대 'CPO 광통신 관측 솔루션' 공개… 벤치마크 100% 탐...",2026-09-08,-0.0115,-0.0445,,success
223310,사토시홀딩스,최대주주변경              ,major_shareholder_change,20260907,volatile,10,C,Major shareholder changes can increase volatility depending on context.,5,0,0,0,5,"사토시홀딩스 자회사 파이버랩스, 광통신 CPO 전용 관측 솔루션 공개 | 사토시홀딩스 ""파이버랩스, CPO 장애 감시 솔루션 공개"" | 사토시홀딩스, 차세대 'CPO 광통신 관측 솔루션' 공개… 벤치마크 100% 탐...",2026-09-08,-0.0115,-0.0445,,success
223310,사토시홀딩스,최대주주변경              ,major_shareholder_change,20260907,volatile,10,C,Major shareholder changes can increase volatility depending on context.,5,0,0,0,5,"사토시홀딩스 자회사 파이버랩스, 광통신 CPO 전용 관측 솔루션 공개 | 사토시홀딩스 ""파이버랩스, CPO 장애 감시 솔루션 공개"" | 사토시홀딩스, 차세대 'CPO 광통신 관측 솔루션' 공개… 벤치마크 100% 탐...",2026-09-08,-0.0115,-0.0445,,success
223310,사토시홀딩스,최대주주변경              ,major_shareholder_change,20260907,volatile,10,C,Major shareholder changes can increase volatility depending on context.,5,0,0,0,5,"사토시홀딩스 자회사 파이버랩스, 광통신 CPO 전용 관측 솔루션 공개 | 사토시홀딩스 ""파이버랩스, CPO 장애 감시 솔루션 공개"" | 사토시홀딩스, 차세대 'CPO 광통신 관측 솔루션' 공개… 벤치마크 100% 탐...",2026-09-08,-0.0115,-0.0445,,success
223310,사토시홀딩스,최대주주변경              ,major_shareholder_change,20260907,volatile,10,C,Major shareholder changes can increase volatility depending on context.,5,0,0,0,5,"사토시홀딩스 자회사 파이버랩스, 광통신 CPO 전용 관측 솔루션 공개 | 사토시홀딩스 ""파이버랩스, CPO 장애 감시 솔루션 공개"" | 사토시홀딩스, 차세대 'CPO 광통신 관측 솔루션' 공개… 벤치마크 100% 탐...",2026-09-08,-0.0115,-0.0445,,success
223310,사토시홀딩스,최대주주변경              ,major_shareholder_change,20260907,volatile,10,C,Major shareholder changes can increase volatility depending on context.,5,0,0,0,5,"사토시홀딩스 자회사 파이버랩스, 광통신 CPO 전용 관측 솔루션 공개 | 사토시홀딩스 ""파이버랩스, CPO 장애 감시 솔루션 공개"" | 사토시홀딩스, 차세대 'CPO 광통신 관측 솔루션' 공개… 벤치마크 100% 탐...",2026-09-08,-0.0115,-0.0445,,success
223310,사토시홀딩스,최대주주변경              ,major_shareholder_change,20260907,volatile,10,C,Major shareholder changes can increase volatility depending on context.,5,0,0,0,5,"사토시홀딩스 자회사 파이버랩스, 광통신 CPO 전용 관측 솔루션 공개 | 사토시홀딩스 ""파이버랩스, CPO 장애 감시 솔루션 공개"" | 사토시홀딩스, 차세대 'CPO 광통신 관측 솔루션' 공개… 벤치마크 100% 탐...",2026-09-08,-0.0115,-0.0445,,success
223310,사토시홀딩스,최대주주변경              ,major_shareholder_change,20260907,volatile,10,C,Major shareholder changes can increase volatility depending on context.,5,0,0,0,5,"사토시홀딩스 자회사 파이버랩스, 광통신 CPO 전용 관측 솔루션 공개 | 사토시홀딩스 ""파이버랩스, CPO 장애 감시 솔루션 공개"" | 사토시홀딩스, 차세대 'CPO 광통신 관측 솔루션' 공개… 벤치마크 100% 탐...",2026-09-08,-0.0115,-0.0445,,success
223310,사토시홀딩스,최대주주변경              ,major_shareholder_change,20260907,volatile,10,C,Major shareholder changes can increase volatility depending on context.,5,0,0,0,5,"사토시홀딩스 자회사 파이버랩스, 광통신 CPO 전용 관측 솔루션 공개 | 사토시홀딩스 ""파이버랩스, CPO 장애 감시 솔루션 공개"" | 사토시홀딩스, 차세대 'CPO 광통신 관측 솔루션' 공개… 벤치마크 100% 탐...",2026-09-08,-0.0115,-0.0445,,success
223310,사토시홀딩스,최대주주변경              ,major_shareholder_change,20260907,volatile,10,C,Major shareholder changes can increase volatility depending on context.,5,0,0,0,5,"사토시홀딩스 자회사 파이버랩스, 광통신 CPO 전용 관측 솔루션 공개 | 사토시홀딩스 ""파이버랩스, CPO 장애 감시 솔루션 공개"" | 사토시홀딩스, 차세대 'CPO 광통신 관측 솔루션' 공개… 벤치마크 100% 탐...",2026-09-08,-0.0115,-0.0445,,success
223310,사토시홀딩스,최대주주변경              ,major_shareholder_change,20260907,volatile,10,C,Major shareholder changes can increase volatility depending on context.,5,0,0,0,5,"사토시홀딩스 자회사 파이버랩스, 광통신 CPO 전용 관측 솔루션 공개 | 사토시홀딩스 ""파이버랩스, CPO 장애 감시 솔루션 공개"" | 사토시홀딩스, 차세대 'CPO 광통신 관측 솔루션' 공개… 벤치마크 100% 탐...",2026-09-08,-0.0115,-0.0445,,success
223310,사토시홀딩스,최대주주변경              ,major_shareholder_change,20260907,volatile,10,C,Major shareholder changes can increase volatility depending on context.,5,0,0,0,5,"사토시홀딩스 자회사 파이버랩스, 광통신 CPO 전용 관측 솔루션 공개 | 사토시홀딩스 ""파이버랩스, CPO 장애 감시 솔루션 공개"" | 사토시홀딩스, 차세대 'CPO 광통신 관측 솔루션' 공개… 벤치마크 100% 탐...",2026-09-08,-0.0115,-0.0445,,success
223310,사토시홀딩스,최대주주변경              ,major_shareholder_change,20260907,volatile,10,C,Major shareholder changes can increase volatility depending on context.,5,0,0,0,5,"사토시홀딩스 자회사 파이버랩스, 광통신 CPO 전용 관측 솔루션 공개 | 사토시홀딩스 ""파이버랩스, CPO 장애 감시 솔루션 공개"" | 사토시홀딩스, 차세대 'CPO 광통신 관측 솔루션' 공개… 벤치마크 100% 탐...",2026-09-08,-0.0115,-0.0445,,success
223310,사토시홀딩스,최대주주변경              ,major_shareholder_change,20260907,volatile,10,C,Major shareholder changes can increase volatility depending on context.,5,0,0,0,5,"사토시홀딩스 자회사 파이버랩스, 광통신 CPO 전용 관측 솔루션 공개 | 사토시홀딩스 ""파이버랩스, CPO 장애 감시 솔루션 공개"" | 사토시홀딩스, 차세대 'CPO 광통신 관측 솔루션' 공개… 벤치마크 100% 탐...",2026-09-08,-0.0115,-0.0445,,success
223310,사토시홀딩스,최대주주변경              ,major_shareholder_change,20260907,volatile,10,C,Major shareholder changes can increase volatility depending on context.,5,0,0,0,5,"사토시홀딩스 자회사 파이버랩스, 광통신 CPO 전용 관측 솔루션 공개 | 사토시홀딩스 ""파이버랩스, CPO 장애 감시 솔루션 공개"" | 사토시홀딩스, 차세대 'CPO 광통신 관측 솔루션' 공개… 벤치마크 100% 탐...",2026-09-08,-0.0115,-0.0445,,success
223310,사토시홀딩스,최대주주변경              ,major_shareholder_change,20260907,volatile,10,C,Major shareholder changes can increase volatility depending on context.,5,0,0,0,5,"사토시홀딩스 자회사 파이버랩스, 광통신 CPO 전용 관측 솔루션 공개 | 사토시홀딩스 ""파이버랩스, CPO 장애 감시 솔루션 공개"" | 사토시홀딩스, 차세대 'CPO 광통신 관측 솔루션' 공개… 벤치마크 100% 탐...",2026-09-08,-0.0115,-0.0445,,success
223310,사토시홀딩스,최대주주변경              ,major_shareholder_change,20260907,volatile,10,C,Major shareholder changes can increase volatility depending on context.,5,0,0,0,5,"사토시홀딩스 자회사 파이버랩스, 광통신 CPO 전용 관측 솔루션 공개 | 사토시홀딩스 ""파이버랩스, CPO 장애 감시 솔루션 공개"" | 사토시홀딩스, 차세대 'CPO 광통신 관측 솔루션' 공개… 벤치마크 100% 탐...",2026-09-08,-0.0115,-0.0445,,success
223310,사토시홀딩스,최대주주변경              ,major_shareholder_change,20260907,volatile,10,C,Major shareholder changes can increase volatility depending on context.,5,0,0,0,5,"사토시홀딩스 자회사 파이버랩스, 광통신 CPO 전용 관측 솔루션 공개 | 사토시홀딩스 ""파이버랩스, CPO 장애 감시 솔루션 공개"" | 사토시홀딩스, 차세대 'CPO 광통신 관측 솔루션' 공개… 벤치마크 100% 탐...",2026-09-08,-0.0115,-0.0445,,success
223310,사토시홀딩스,증권발행결과(자율공시)              (제3자배정 유상증자),paid_in_capital_increase,20260907,negative,-70,C,Paid-in capital increases can create dilution concerns.,5,0,0,0,5,"사토시홀딩스 자회사 파이버랩스, 광통신 CPO 전용 관측 솔루션 공개 | 사토시홀딩스 ""파이버랩스, CPO 장애 감시 솔루션 공개"" | 사토시홀딩스, 차세대 'CPO 광통신 관측 솔루션' 공개… 벤치마크 100% 탐...",2026-09-08,-0.0115,-0.0445,,success
223310,사토시홀딩스,증권발행결과(자율공시)              (제3자배정 유상증자),paid_in_capital_increase,20260907,negative,-70,C,Paid-in capital increases can create dilution concerns.,5,0,0,0,5,"사토시홀딩스 자회사 파이버랩스, 광통신 CPO 전용 관측 솔루션 공개 | 사토시홀딩스 ""파이버랩스, CPO 장애 감시 솔루션 공개"" | 사토시홀딩스, 차세대 'CPO 광통신 관측 솔루션' 공개… 벤치마크 100% 탐...",2026-09-08,-0.0115,-0.0445,,success
223310,사토시홀딩스,증권발행결과(자율공시)              (제3자배정 유상증자),paid_in_capital_increase,20260907,negative,-70,C,Paid-in capital increases can create dilution concerns.,5,0,0,0,5,"사토시홀딩스 자회사 파이버랩스, 광통신 CPO 전용 관측 솔루션 공개 | 사토시홀딩스 ""파이버랩스, CPO 장애 감시 솔루션 공개"" | 사토시홀딩스, 차세대 'CPO 광통신 관측 솔루션' 공개… 벤치마크 100% 탐...",2026-09-08,-0.0115,-0.0445,,success
223310,사토시홀딩스,증권발행결과(자율공시)              (제3자배정 유상증자),paid_in_capital_increase,20260907,negative,-70,C,Paid-in capital increases can create dilution concerns.,5,0,0,0,5,"사토시홀딩스 자회사 파이버랩스, 광통신 CPO 전용 관측 솔루션 공개 | 사토시홀딩스 ""파이버랩스, CPO 장애 감시 솔루션 공개"" | 사토시홀딩스, 차세대 'CPO 광통신 관측 솔루션' 공개… 벤치마크 100% 탐...",2026-09-08,-0.0115,-0.0445,,success
223310,사토시홀딩스,증권발행결과(자율공시)              (제3자배정 유상증자),paid_in_capital_increase,20260907,negative,-70,C,Paid-in capital increases can create dilution concerns.,5,0,0,0,5,"사토시홀딩스 자회사 파이버랩스, 광통신 CPO 전용 관측 솔루션 공개 | 사토시홀딩스 ""파이버랩스, CPO 장애 감시 솔루션 공개"" | 사토시홀딩스, 차세대 'CPO 광통신 관측 솔루션' 공개… 벤치마크 100% 탐...",2026-09-08,-0.0115,-0.0445,,success
223310,사토시홀딩스,증권발행결과(자율공시)              (제3자배정 유상증자),paid_in_capital_increase,20260907,negative,-70,C,Paid-in capital increases can create dilution concerns.,5,0,0,0,5,"사토시홀딩스 자회사 파이버랩스, 광통신 CPO 전용 관측 솔루션 공개 | 사토시홀딩스 ""파이버랩스, CPO 장애 감시 솔루션 공개"" | 사토시홀딩스, 차세대 'CPO 광통신 관측 솔루션' 공개… 벤치마크 100% 탐...",2026-09-08,-0.0115,-0.0445,,success
223310,사토시홀딩스,증권발행결과(자율공시)              (제3자배정 유상증자),paid_in_capital_increase,20260907,negative,-70,C,Paid-in capital increases can create dilution concerns.,5,0,0,0,5,"사토시홀딩스 자회사 파이버랩스, 광통신 CPO 전용 관측 솔루션 공개 | 사토시홀딩스 ""파이버랩스, CPO 장애 감시 솔루션 공개"" | 사토시홀딩스, 차세대 'CPO 광통신 관측 솔루션' 공개… 벤치마크 100% 탐...",2026-09-08,-0.0115,-0.0445,,success
223310,사토시홀딩스,증권발행결과(자율공시)              (제3자배정 유상증자),paid_in_capital_increase,20260907,negative,-70,C,Paid-in capital increases can create dilution concerns.,5,0,0,0,5,"사토시홀딩스 자회사 파이버랩스, 광통신 CPO 전용 관측 솔루션 공개 | 사토시홀딩스 ""파이버랩스, CPO 장애 감시 솔루션 공개"" | 사토시홀딩스, 차세대 'CPO 광통신 관측 솔루션' 공개… 벤치마크 100% 탐...",2026-09-08,-0.0115,-0.0445,,success
223310,사토시홀딩스,증권발행결과(자율공시)              (제3자배정 유상증자),paid_in_capital_increase,20260907,negative,-70,C,Paid-in capital increases can create dilution concerns.,5,0,0,0,5,"사토시홀딩스 자회사 파이버랩스, 광통신 CPO 전용 관측 솔루션 공개 | 사토시홀딩스 ""파이버랩스, CPO 장애 감시 솔루션 공개"" | 사토시홀딩스, 차세대 'CPO 광통신 관측 솔루션' 공개… 벤치마크 100% 탐...",2026-09-08,-0.0115,-0.0445,,success
290120,DH오토리드,전환사채(해외전환사채포함)발행후만기전사채취득              ,convertible_bond,20260907,negative,-60,C,Convertible bonds may create future dilution risk.,5,1,1,0,5,"9월 7일 주식시장 주요공시 | 현대모비스, 자동차부품 브랜드평판 1위…한국타이어앤테크놀로지·한온... | 로봇·데이터 연결 'AI 공장장' 심는다…中企 피지컬AI 속도전",2026-09-08,0.0,-0.0112,,success
027040,서울전자통신,[기재정정]주요사항보고서(유상증자결정),paid_in_capital_increase,20260907,negative,-70,C,Paid-in capital increases can create dilution concerns.,5,2,7,-5,5,9월 7일 주식시장 주요공시 | 9월 3일 주식시장 주요공시 | 9월 2일 주식시장 주요공시,2026-09-08,0.0017,0.0017,,failure
027040,서울전자통신,[기재정정]주요사항보고서(유상증자결정),paid_in_capital_increase,20260907,negative,-70,C,Paid-in capital increases can create dilution concerns.,5,2,7,-5,5,9월 7일 주식시장 주요공시 | 9월 3일 주식시장 주요공시 | 9월 2일 주식시장 주요공시,2026-09-08,0.0017,0.0017,,failure
004410,서울식품공업,최대주주등소유주식변동신고서              ,major_shareholder_change,20260907,volatile,10,C,Major shareholder changes can increase volatility depending on context.,5,8,0,8,5,"서울식품공업, 상반기 영업이익 흑자전환… 2분기 순이익도 흑자 | 허리띠 졸라맨 '뻥이요' 서울식품공업, 흑자 전환 성과 | 서울식품공업, 상반기 영업이익 흑자전환 성공… 2분기 당기순이익도 흑...",2026-09-08,0.0082,-0.0082,,failure
004410,서울식품공업,최대주주등소유주식변동신고서              ,major_shareholder_change,20260907,volatile,10,C,Major shareholder changes can increase volatility depending on context.,5,8,0,8,5,"서울식품공업, 상반기 영업이익 흑자전환… 2분기 순이익도 흑자 | 허리띠 졸라맨 '뻥이요' 서울식품공업, 흑자 전환 성과 | 서울식품공업, 상반기 영업이익 흑자전환 성공… 2분기 당기순이익도 흑...",2026-09-08,0.0082,-0.0082,,failure
002780,진흥기업,[기재정정]단일판매ㆍ공급계약체결              ,supply_contract,20260907,positive,70,C,Supply contract disclosures may indicate future revenue growth.,5,8,2,6,5,"진흥기업, 904억 규모 대근연립 가로주택정비사업 수주 | 9월 7일 주식시장 주요공시 | [재계부] '3.6조' 목동13·신월시영 입찰 본격시동…수주 시험대 오른 '...",2026-09-08,0.0106,-0.037,,failure
0126Z0,삼성에피스홀딩스,최대주주등소유주식변동신고서              ,major_shareholder_change,20260907,volatile,10,C,Major shareholder changes can increase volatility depending on context.,5,8,2,6,5,"[K바이오 돈의 경로] CFO 3인 체제, 갈린 투자 기준｜삼성바이오② | 상장 제약·바이오사 2Q 평균 영업이익 코스피 365억원, 코스닥 65억원 | 삼성전자 뛰자 삼성생명·삼성E&A도 급등… 그룹주 온도차",2026-09-08,0.0042,0.0042,,failure
003470,유안타증권,최대주주등소유주식변동신고서              ,major_shareholder_change,20260907,volatile,10,C,Major shareholder changes can increase volatility depending on context.,5,5,0,5,5,"유안타증권, MTS '통합검색' 도입…한 번에 종목·뉴스·리포트 찾는다 | [게시판] 유안타증권, MTS 티레이더M에 '통합검색' 서비스 도입 | '33조' 빚투 금리 10% 육박 … 신용 썼다가 '패가망신' [마켓펀치]",2026-09-08,0.0,0.0021,,failure
107590,미원홀딩스,최대주주등소유주식변동신고서              ,major_shareholder_change,20260907,volatile,10,C,Major shareholder changes can increase volatility depending on context.,5,3,1,2,5,"[공시] 9월 8일, 코스피 상장사 43개 종목 자사주 매수 신청 | [Biz&Law] 미원에스씨, 美 상무부 상대로 반덤핑 관세 불복 소송 | 실적 턴어라운드에 밸류업까지… 한전기술, 대한민국 원전 수출의 중심...",2026-09-08,0.0,0.0,,failure
069640,한세엠케이,최대주주등소유주식변동신고서              ,major_shareholder_change,20260907,volatile,10,C,Major shareholder changes can increase volatility depending on context.,5,2,2,0,5,"[공시]한세엠케이, 오너가 연이은 지분 매입 | 패션·섬유주 혼조세…화장품주는 약세 | 한세엠케이, ‘플레이키즈 클럽’ 런칭",2026-09-08,-0.0092,0.0128,,failure
069640,한세엠케이,최대주주등소유주식변동신고서              ,major_shareholder_change,20260907,volatile,10,C,Major shareholder changes can increase volatility depending on context.,5,2,2,0,5,"[공시]한세엠케이, 오너가 연이은 지분 매입 | 패션·섬유주 혼조세…화장품주는 약세 | 한세엠케이, ‘플레이키즈 클럽’ 런칭",2026-09-08,-0.0092,0.0128,,failure
069640,한세엠케이,최대주주등소유주식변동신고서              ,major_shareholder_change,20260907,volatile,10,C,Major shareholder changes can increase volatility depending on context.,5,2,2,0,5,"[공시]한세엠케이, 오너가 연이은 지분 매입 | 패션·섬유주 혼조세…화장품주는 약세 | 한세엠케이, ‘플레이키즈 클럽’ 런칭",2026-09-08,-0.0092,0.0128,,failure
069640,한세엠케이,최대주주등소유주식변동신고서              ,major_shareholder_change,20260907,volatile,10,C,Major shareholder changes can increase volatility depending on context.,5,2,2,0,5,"[공시]한세엠케이, 오너가 연이은 지분 매입 | 패션·섬유주 혼조세…화장품주는 약세 | 한세엠케이, ‘플레이키즈 클럽’ 런칭",2026-09-08,-0.0092,0.0128,,failure
040910,아이씨디,[기재정정]단일판매ㆍ공급계약체결(자율공시)              ,supply_contract,20260907,positive,70,C,Supply contract disclosures may indicate future revenue growth.,5,6,1,5,5,"9월 7일 주식시장 주요공시 | 디스플레이 업황 회복 기대… 넥사다이내믹스, OLED 장비 경쟁력 주목을 | 미래 반도체 핵심은 유리기판… 필옵틱스, 독보적 레이저 가공력으로 부...",2026-09-08,0.0011,0.0,,failure
033310,엠투엔,[기재정정]최대주주변경을수반하는주식담보제공계약체결              ,major_shareholder_change,20260907,volatile,10,C,Major shareholder changes can increase volatility depending on context.,5,6,4,2,5,"9월 7일 주식시장 주요공시 | 전기차株 다시 달린다… 전동화 플랫폼 확대에 부품주 가속페달 | 충북대 등 5개 대학생 20명, 이차전지 현장학습 초급과정 참여",2026-09-08,0.0,-0.0028,,failure
016610,DB증권,최대주주등소유주식변동신고서              ,major_shareholder_change,20260907,volatile,10,C,Major shareholder changes can increase volatility depending on context.,5,15,1,14,5,"DB하이텍, 4%대 강세…""中 수요에 8인치 파운드리 공급 부족"" | DB손보, 질적 성장 전환… 해외사업 수익 기반 확대 | [애널픽] DB하이텍, 中 AIDC·로봇 성장 수혜…목표가 20만원",2026-09-08,0.0,0.004,,failure
016610,DB증권,최대주주등소유주식변동신고서              ,major_shareholder_change,20260907,volatile,10,C,Major shareholder changes can increase volatility depending on context.,5,15,1,14,5,"DB하이텍, 4%대 강세…""中 수요에 8인치 파운드리 공급 부족"" | DB손보, 질적 성장 전환… 해외사업 수익 기반 확대 | [애널픽] DB하이텍, 中 AIDC·로봇 성장 수혜…목표가 20만원",2026-09-08,0.0,0.004,,failure
016610,DB증권,최대주주등소유주식변동신고서              ,major_shareholder_change,20260907,volatile,10,C,Major shareholder changes can increase volatility depending on context.,5,15,1,14,5,"DB하이텍, 4%대 강세…""中 수요에 8인치 파운드리 공급 부족"" | DB손보, 질적 성장 전환… 해외사업 수익 기반 확대 | [애널픽] DB하이텍, 中 AIDC·로봇 성장 수혜…목표가 20만원",2026-09-08,0.0,0.004,,failure
016610,DB증권,최대주주등소유주식변동신고서              ,major_shareholder_change,20260907,volatile,10,C,Major shareholder changes can increase volatility depending on context.,5,15,1,14,5,"DB하이텍, 4%대 강세…""中 수요에 8인치 파운드리 공급 부족"" | DB손보, 질적 성장 전환… 해외사업 수익 기반 확대 | [애널픽] DB하이텍, 中 AIDC·로봇 성장 수혜…목표가 20만원",2026-09-08,0.0,0.004,,failure
016610,DB증권,최대주주등소유주식변동신고서              ,major_shareholder_change,20260907,volatile,10,C,Major shareholder changes can increase volatility depending on context.,5,15,1,14,5,"DB하이텍, 4%대 강세…""中 수요에 8인치 파운드리 공급 부족"" | DB손보, 질적 성장 전환… 해외사업 수익 기반 확대 | [애널픽] DB하이텍, 中 AIDC·로봇 성장 수혜…목표가 20만원",2026-09-08,0.0,0.004,,failure
022100,포스코DX,최대주주등소유주식변동신고서              ,major_shareholder_change,20260907,volatile,10,C,Major shareholder changes can increase volatility depending on context.,5,5,1,4,5,"‘공군 정비 AI 전환 주관사 선정’ 하이퍼이지, 18개월 실증 돌입 | 포스코이앤씨, 스마트홈으로 전력 수요 낮춘다…4개월간 8500kWh 절감 | 포스코이앤씨, '더샵 에너지 절약 챌린지'로 4개월간 8,500kWh 전력 절감",2026-09-08,0.0136,-0.0045,,failure
022100,포스코DX,최대주주등소유주식변동신고서              ,major_shareholder_change,20260907,volatile,10,C,Major shareholder changes can increase volatility depending on context.,5,5,1,4,5,"‘공군 정비 AI 전환 주관사 선정’ 하이퍼이지, 18개월 실증 돌입 | 포스코이앤씨, 스마트홈으로 전력 수요 낮춘다…4개월간 8500kWh 절감 | 포스코이앤씨, '더샵 에너지 절약 챌린지'로 4개월간 8,500kWh 전력 절감",2026-09-08,0.0136,-0.0045,,failure
022100,포스코DX,최대주주등소유주식변동신고서              ,major_shareholder_change,20260907,volatile,10,C,Major shareholder changes can increase volatility depending on context.,5,5,1,4,5,"‘공군 정비 AI 전환 주관사 선정’ 하이퍼이지, 18개월 실증 돌입 | 포스코이앤씨, 스마트홈으로 전력 수요 낮춘다…4개월간 8500kWh 절감 | 포스코이앤씨, '더샵 에너지 절약 챌린지'로 4개월간 8,500kWh 전력 절감",2026-09-08,0.0136,-0.0045,,failure
261200,덴티스,[기재정정]최대주주변경을수반하는주식담보제공계약체결              ,major_shareholder_change,20260907,volatile,10,C,Major shareholder changes can increase volatility depending on context.,5,2,1,1,5,"9월 7일 주식시장 주요공시 | [세미나스페셜] 오스템임플란트 제100회 Faculty Seminar | 덴티스 OF, ‘부분무치악 임플란트 치료계획’ 연수생 모집",2026-09-08,0.0,-0.0154,,failure
261200,덴티스,[기재정정]최대주주변경을수반하는주식담보제공계약체결              ,major_shareholder_change,20260907,volatile,10,C,Major shareholder changes can increase volatility depending on context.,5,2,1,1,5,"9월 7일 주식시장 주요공시 | [세미나스페셜] 오스템임플란트 제100회 Faculty Seminar | 덴티스 OF, ‘부분무치악 임플란트 치료계획’ 연수생 모집",2026-09-08,0.0,-0.0154,,failure
053950,경남제약,[기재정정]주요사항보고서(유상증자결정),paid_in_capital_increase,20260907,negative,-70,C,Paid-in capital increases can create dilution concerns.,5,3,5,-2,5,"9월 7일 주식시장 주요공시 | 유가증권시장 제약지수 하락세 탈출 | [HIT알공] 에이비온, 상장적격성 심사 기간 2주 늘어",2026-09-08,0.03,-0.0092,,success
053950,경남제약,[기재정정]주요사항보고서(유상증자결정),paid_in_capital_increase,20260907,negative,-70,C,Paid-in capital increases can create dilution concerns.,5,3,5,-2,5,"9월 7일 주식시장 주요공시 | 유가증권시장 제약지수 하락세 탈출 | [HIT알공] 에이비온, 상장적격성 심사 기간 2주 늘어",2026-09-08,0.03,-0.0092,,success
053950,경남제약,[기재정정]주요사항보고서(유상증자결정),paid_in_capital_increase,20260907,negative,-70,C,Paid-in capital increases can create dilution concerns.,5,3,5,-2,5,"9월 7일 주식시장 주요공시 | 유가증권시장 제약지수 하락세 탈출 | [HIT알공] 에이비온, 상장적격성 심사 기간 2주 늘어",2026-09-08,0.03,-0.0092,,success
078590,휴림에이텍,[기재정정]주요사항보고서(유상증자결정),paid_in_capital_increase,20260907,negative,-70,C,Paid-in capital increases can create dilution concerns.,5,2,3,-1,5,"9월 7일 주식시장 주요공시 | [Deep Dive]①휴림에이텍, 450억 조달하고 또 295억 유증…돈 어디로 갔나 | 로봇 관련주 엇갈린 흐름…케이엔알시스템 4%대 상승, 클로봇 4%대 하락",2026-09-08,-0.0241,-0.0385,,success
009190,대양금속,유상증자또는주식관련사채등의발행결과(자율공시)              ,paid_in_capital_increase,20260907,negative,-70,C,Paid-in capital increases can create dilution concerns.,5,5,3,2,5,"김승원 '제넨셀 청탁' 파고드니 KH필룩스…배상윤·쌍방울까지 이어진 ... | [더벨][유증&디테일] 에이전트AI, 새주인 첫 행보 '증자 철회' | 페로타임즈 손바닥뉴스 9월4일(금)",2026-09-08,0.0015,0.017,,failure
009190,대양금속,유상증자또는주식관련사채등의발행결과(자율공시)              ,paid_in_capital_increase,20260907,negative,-70,C,Paid-in capital increases can create dilution concerns.,5,5,3,2,5,"김승원 '제넨셀 청탁' 파고드니 KH필룩스…배상윤·쌍방울까지 이어진 ... | [더벨][유증&디테일] 에이전트AI, 새주인 첫 행보 '증자 철회' | 페로타임즈 손바닥뉴스 9월4일(금)",2026-09-08,0.0015,0.017,,failure
354200,엔젠바이오,[기재정정]주요사항보고서(유상증자결정),paid_in_capital_increase,20260907,negative,-70,C,Paid-in capital increases can create dilution concerns.,5,3,5,-2,5,"9월 7일 주식시장 주요공시 | 엔젠바이오 224억 유증 77억으로 축소…성장·운영자금 80% 삭감 | [HIT알공] 에이비온, 상장적격성 심사 기간 2주 늘어",2026-09-08,0.036,-0.05,,success
354200,엔젠바이오,[기재정정]주요사항보고서(유상증자결정),paid_in_capital_increase,20260907,negative,-70,C,Paid-in capital increases can create dilution concerns.,5,3,5,-2,5,"9월 7일 주식시장 주요공시 | 엔젠바이오 224억 유증 77억으로 축소…성장·운영자금 80% 삭감 | [HIT알공] 에이비온, 상장적격성 심사 기간 2주 늘어",2026-09-08,0.036,-0.05,,success
354200,엔젠바이오,[기재정정]주요사항보고서(유상증자결정),paid_in_capital_increase,20260907,negative,-70,C,Paid-in capital increases can create dilution concerns.,5,3,5,-2,5,"9월 7일 주식시장 주요공시 | 엔젠바이오 224억 유증 77억으로 축소…성장·운영자금 80% 삭감 | [HIT알공] 에이비온, 상장적격성 심사 기간 2주 늘어",2026-09-08,0.036,-0.05,,success
354200,엔젠바이오,[기재정정]주요사항보고서(유상증자결정),paid_in_capital_increase,20260907,negative,-70,C,Paid-in capital increases can create dilution concerns.,5,3,5,-2,5,"9월 7일 주식시장 주요공시 | 엔젠바이오 224억 유증 77억으로 축소…성장·운영자금 80% 삭감 | [HIT알공] 에이비온, 상장적격성 심사 기간 2주 늘어",2026-09-08,0.036,-0.05,,success
354200,엔젠바이오,[기재정정]주요사항보고서(유상증자결정),paid_in_capital_increase,20260907,negative,-70,C,Paid-in capital increases can create dilution concerns.,5,3,5,-2,5,"9월 7일 주식시장 주요공시 | 엔젠바이오 224억 유증 77억으로 축소…성장·운영자금 80% 삭감 | [HIT알공] 에이비온, 상장적격성 심사 기간 2주 늘어",2026-09-08,0.036,-0.05,,success
354200,엔젠바이오,[기재정정]주요사항보고서(유상증자결정),paid_in_capital_increase,20260907,negative,-70,C,Paid-in capital increases can create dilution concerns.,5,3,5,-2,5,"9월 7일 주식시장 주요공시 | 엔젠바이오 224억 유증 77억으로 축소…성장·운영자금 80% 삭감 | [HIT알공] 에이비온, 상장적격성 심사 기간 2주 늘어",2026-09-08,0.036,-0.05,,success
354200,엔젠바이오,[기재정정]주요사항보고서(유상증자결정),paid_in_capital_increase,20260907,negative,-70,C,Paid-in capital increases can create dilution concerns.,5,3,5,-2,5,"9월 7일 주식시장 주요공시 | 엔젠바이오 224억 유증 77억으로 축소…성장·운영자금 80% 삭감 | [HIT알공] 에이비온, 상장적격성 심사 기간 2주 늘어",2026-09-08,0.036,-0.05,,success
354200,엔젠바이오,[기재정정]주요사항보고서(유상증자결정),paid_in_capital_increase,20260907,negative,-70,C,Paid-in capital increases can create dilution concerns.,5,3,5,-2,5,"9월 7일 주식시장 주요공시 | 엔젠바이오 224억 유증 77억으로 축소…성장·운영자금 80% 삭감 | [HIT알공] 에이비온, 상장적격성 심사 기간 2주 늘어",2026-09-08,0.036,-0.05,,success
354200,엔젠바이오,[기재정정]주요사항보고서(유상증자결정),paid_in_capital_increase,20260907,negative,-70,C,Paid-in capital increases can create dilution concerns.,5,3,5,-2,5,"9월 7일 주식시장 주요공시 | 엔젠바이오 224억 유증 77억으로 축소…성장·운영자금 80% 삭감 | [HIT알공] 에이비온, 상장적격성 심사 기간 2주 늘어",2026-09-08,0.036,-0.05,,success
354200,엔젠바이오,[기재정정]주요사항보고서(유상증자결정),paid_in_capital_increase,20260907,negative,-70,C,Paid-in capital increases can create dilution concerns.,5,3,5,-2,5,"9월 7일 주식시장 주요공시 | 엔젠바이오 224억 유증 77억으로 축소…성장·운영자금 80% 삭감 | [HIT알공] 에이비온, 상장적격성 심사 기간 2주 늘어",2026-09-08,0.036,-0.05,,success
354200,엔젠바이오,[기재정정]주요사항보고서(유상증자결정),paid_in_capital_increase,20260907,negative,-70,C,Paid-in capital increases can create dilution concerns.,5,3,5,-2,5,"9월 7일 주식시장 주요공시 | 엔젠바이오 224억 유증 77억으로 축소…성장·운영자금 80% 삭감 | [HIT알공] 에이비온, 상장적격성 심사 기간 2주 늘어",2026-09-08,0.036,-0.05,,success
354200,엔젠바이오,[기재정정]주요사항보고서(유상증자결정),paid_in_capital_increase,20260907,negative,-70,C,Paid-in capital increases can create dilution concerns.,5,3,5,-2,5,"9월 7일 주식시장 주요공시 | 엔젠바이오 224억 유증 77억으로 축소…성장·운영자금 80% 삭감 | [HIT알공] 에이비온, 상장적격성 심사 기간 2주 늘어",2026-09-08,0.036,-0.05,,success
354200,엔젠바이오,[기재정정]주요사항보고서(유상증자결정),paid_in_capital_increase,20260907,negative,-70,C,Paid-in capital increases can create dilution concerns.,5,3,5,-2,5,"9월 7일 주식시장 주요공시 | 엔젠바이오 224억 유증 77억으로 축소…성장·운영자금 80% 삭감 | [HIT알공] 에이비온, 상장적격성 심사 기간 2주 늘어",2026-09-08,0.036,-0.05,,success
354200,엔젠바이오,[기재정정]주요사항보고서(유상증자결정),paid_in_capital_increase,20260907,negative,-70,C,Paid-in capital increases can create dilution concerns.,5,3,5,-2,5,"9월 7일 주식시장 주요공시 | 엔젠바이오 224억 유증 77억으로 축소…성장·운영자금 80% 삭감 | [HIT알공] 에이비온, 상장적격성 심사 기간 2주 늘어",2026-09-08,0.036,-0.05,,success
354200,엔젠바이오,[기재정정]주요사항보고서(유상증자결정),paid_in_capital_increase,20260907,negative,-70,C,Paid-in capital increases can create dilution concerns.,5,3,5,-2,5,"9월 7일 주식시장 주요공시 | 엔젠바이오 224억 유증 77억으로 축소…성장·운영자금 80% 삭감 | [HIT알공] 에이비온, 상장적격성 심사 기간 2주 늘어",2026-09-08,0.036,-0.05,,success
354200,엔젠바이오,[기재정정]주요사항보고서(유상증자결정),paid_in_capital_increase,20260907,negative,-70,C,Paid-in capital increases can create dilution concerns.,5,3,5,-2,5,"9월 7일 주식시장 주요공시 | 엔젠바이오 224억 유증 77억으로 축소…성장·운영자금 80% 삭감 | [HIT알공] 에이비온, 상장적격성 심사 기간 2주 늘어",2026-09-08,0.036,-0.05,,success
354200,엔젠바이오,[기재정정]주요사항보고서(유상증자결정),paid_in_capital_increase,20260907,negative,-70,C,Paid-in capital increases can create dilution concerns.,5,3,5,-2,5,"9월 7일 주식시장 주요공시 | 엔젠바이오 224억 유증 77억으로 축소…성장·운영자금 80% 삭감 | [HIT알공] 에이비온, 상장적격성 심사 기간 2주 늘어",2026-09-08,0.036,-0.05,,success
354200,엔젠바이오,[기재정정]주요사항보고서(유상증자결정),paid_in_capital_increase,20260907,negative,-70,C,Paid-in capital increases can create dilution concerns.,5,3,5,-2,5,"9월 7일 주식시장 주요공시 | 엔젠바이오 224억 유증 77억으로 축소…성장·운영자금 80% 삭감 | [HIT알공] 에이비온, 상장적격성 심사 기간 2주 늘어",2026-09-08,0.036,-0.05,,success
354200,엔젠바이오,[기재정정]주요사항보고서(유상증자결정),paid_in_capital_increase,20260907,negative,-70,C,Paid-in capital increases can create dilution concerns.,5,3,5,-2,5,"9월 7일 주식시장 주요공시 | 엔젠바이오 224억 유증 77억으로 축소…성장·운영자금 80% 삭감 | [HIT알공] 에이비온, 상장적격성 심사 기간 2주 늘어",2026-09-08,0.036,-0.05,,success
354200,엔젠바이오,[기재정정]주요사항보고서(유상증자결정),paid_in_capital_increase,20260907,negative,-70,C,Paid-in capital increases can create dilution concerns.,5,3,5,-2,5,"9월 7일 주식시장 주요공시 | 엔젠바이오 224억 유증 77억으로 축소…성장·운영자금 80% 삭감 | [HIT알공] 에이비온, 상장적격성 심사 기간 2주 늘어",2026-09-08,0.036,-0.05,,success
354200,엔젠바이오,[기재정정]주요사항보고서(유상증자결정),paid_in_capital_increase,20260907,negative,-70,C,Paid-in capital increases can create dilution concerns.,5,3,5,-2,5,"9월 7일 주식시장 주요공시 | 엔젠바이오 224억 유증 77억으로 축소…성장·운영자금 80% 삭감 | [HIT알공] 에이비온, 상장적격성 심사 기간 2주 늘어",2026-09-08,0.036,-0.05,,success
354200,엔젠바이오,[기재정정]주요사항보고서(유상증자결정),paid_in_capital_increase,20260907,negative,-70,C,Paid-in capital increases can create dilution concerns.,5,3,5,-2,5,"9월 7일 주식시장 주요공시 | 엔젠바이오 224억 유증 77억으로 축소…성장·운영자금 80% 삭감 | [HIT알공] 에이비온, 상장적격성 심사 기간 2주 늘어",2026-09-08,0.036,-0.05,,success
354200,엔젠바이오,[기재정정]주요사항보고서(유상증자결정),paid_in_capital_increase,20260907,negative,-70,C,Paid-in capital increases can create dilution concerns.,5,3,5,-2,5,"9월 7일 주식시장 주요공시 | 엔젠바이오 224억 유증 77억으로 축소…성장·운영자금 80% 삭감 | [HIT알공] 에이비온, 상장적격성 심사 기간 2주 늘어",2026-09-08,0.036,-0.05,,success
354200,엔젠바이오,[기재정정]주요사항보고서(유상증자결정),paid_in_capital_increase,20260907,negative,-70,C,Paid-in capital increases can create dilution concerns.,5,3,5,-2,5,"9월 7일 주식시장 주요공시 | 엔젠바이오 224억 유증 77억으로 축소…성장·운영자금 80% 삭감 | [HIT알공] 에이비온, 상장적격성 심사 기간 2주 늘어",2026-09-08,0.036,-0.05,,success
354200,엔젠바이오,[기재정정]주요사항보고서(유상증자결정),paid_in_capital_increase,20260907,negative,-70,C,Paid-in capital increases can create dilution concerns.,5,3,5,-2,5,"9월 7일 주식시장 주요공시 | 엔젠바이오 224억 유증 77억으로 축소…성장·운영자금 80% 삭감 | [HIT알공] 에이비온, 상장적격성 심사 기간 2주 늘어",2026-09-08,0.036,-0.05,,success
354200,엔젠바이오,[기재정정]주요사항보고서(유상증자결정),paid_in_capital_increase,20260907,negative,-70,C,Paid-in capital increases can create dilution concerns.,5,3,5,-2,5,"9월 7일 주식시장 주요공시 | 엔젠바이오 224억 유증 77억으로 축소…성장·운영자금 80% 삭감 | [HIT알공] 에이비온, 상장적격성 심사 기간 2주 늘어",2026-09-08,0.036,-0.05,,success
354200,엔젠바이오,[기재정정]주요사항보고서(유상증자결정),paid_in_capital_increase,20260907,negative,-70,C,Paid-in capital increases can create dilution concerns.,5,3,5,-2,5,"9월 7일 주식시장 주요공시 | 엔젠바이오 224억 유증 77억으로 축소…성장·운영자금 80% 삭감 | [HIT알공] 에이비온, 상장적격성 심사 기간 2주 늘어",2026-09-08,0.036,-0.05,,success
354200,엔젠바이오,[기재정정]주요사항보고서(유상증자결정),paid_in_capital_increase,20260907,negative,-70,C,Paid-in capital increases can create dilution concerns.,5,3,5,-2,5,"9월 7일 주식시장 주요공시 | 엔젠바이오 224억 유증 77억으로 축소…성장·운영자금 80% 삭감 | [HIT알공] 에이비온, 상장적격성 심사 기간 2주 늘어",2026-09-08,0.036,-0.05,,success
354200,엔젠바이오,[기재정정]주요사항보고서(유상증자결정),paid_in_capital_increase,20260907,negative,-70,C,Paid-in capital increases can create dilution concerns.,5,3,5,-2,5,"9월 7일 주식시장 주요공시 | 엔젠바이오 224억 유증 77억으로 축소…성장·운영자금 80% 삭감 | [HIT알공] 에이비온, 상장적격성 심사 기간 2주 늘어",2026-09-08,0.036,-0.05,,success
354200,엔젠바이오,[기재정정]주요사항보고서(유상증자결정),paid_in_capital_increase,20260907,negative,-70,C,Paid-in capital increases can create dilution concerns.,5,3,5,-2,5,"9월 7일 주식시장 주요공시 | 엔젠바이오 224억 유증 77억으로 축소…성장·운영자금 80% 삭감 | [HIT알공] 에이비온, 상장적격성 심사 기간 2주 늘어",2026-09-08,0.036,-0.05,,success
354200,엔젠바이오,[기재정정]주요사항보고서(유상증자결정),paid_in_capital_increase,20260907,negative,-70,C,Paid-in capital increases can create dilution concerns.,5,3,5,-2,5,"9월 7일 주식시장 주요공시 | 엔젠바이오 224억 유증 77억으로 축소…성장·운영자금 80% 삭감 | [HIT알공] 에이비온, 상장적격성 심사 기간 2주 늘어",2026-09-08,0.036,-0.05,,success
354200,엔젠바이오,[기재정정]주요사항보고서(유상증자결정),paid_in_capital_increase,20260907,negative,-70,C,Paid-in capital increases can create dilution concerns.,5,3,5,-2,5,"9월 7일 주식시장 주요공시 | 엔젠바이오 224억 유증 77억으로 축소…성장·운영자금 80% 삭감 | [HIT알공] 에이비온, 상장적격성 심사 기간 2주 늘어",2026-09-08,0.036,-0.05,,success
354200,엔젠바이오,[기재정정]주요사항보고서(유상증자결정),paid_in_capital_increase,20260907,negative,-70,C,Paid-in capital increases can create dilution concerns.,5,3,5,-2,5,"9월 7일 주식시장 주요공시 | 엔젠바이오 224억 유증 77억으로 축소…성장·운영자금 80% 삭감 | [HIT알공] 에이비온, 상장적격성 심사 기간 2주 늘어",2026-09-08,0.036,-0.05,,success
354200,엔젠바이오,[기재정정]주요사항보고서(유상증자결정),paid_in_capital_increase,20260907,negative,-70,C,Paid-in capital increases can create dilution concerns.,5,3,5,-2,5,"9월 7일 주식시장 주요공시 | 엔젠바이오 224억 유증 77억으로 축소…성장·운영자금 80% 삭감 | [HIT알공] 에이비온, 상장적격성 심사 기간 2주 늘어",2026-09-08,0.036,-0.05,,success
354200,엔젠바이오,[기재정정]주요사항보고서(유상증자결정),paid_in_capital_increase,20260907,negative,-70,C,Paid-in capital increases can create dilution concerns.,5,3,5,-2,5,"9월 7일 주식시장 주요공시 | 엔젠바이오 224억 유증 77억으로 축소…성장·운영자금 80% 삭감 | [HIT알공] 에이비온, 상장적격성 심사 기간 2주 늘어",2026-09-08,0.036,-0.05,,success
354200,엔젠바이오,[기재정정]주요사항보고서(유상증자결정),paid_in_capital_increase,20260907,negative,-70,C,Paid-in capital increases can create dilution concerns.,5,3,5,-2,5,"9월 7일 주식시장 주요공시 | 엔젠바이오 224억 유증 77억으로 축소…성장·운영자금 80% 삭감 | [HIT알공] 에이비온, 상장적격성 심사 기간 2주 늘어",2026-09-08,0.036,-0.05,,success
354200,엔젠바이오,[기재정정]주요사항보고서(유상증자결정),paid_in_capital_increase,20260907,negative,-70,C,Paid-in capital increases can create dilution concerns.,5,3,5,-2,5,"9월 7일 주식시장 주요공시 | 엔젠바이오 224억 유증 77억으로 축소…성장·운영자금 80% 삭감 | [HIT알공] 에이비온, 상장적격성 심사 기간 2주 늘어",2026-09-08,0.036,-0.05,,success
354200,엔젠바이오,[기재정정]주요사항보고서(유상증자결정),paid_in_capital_increase,20260907,negative,-70,C,Paid-in capital increases can create dilution concerns.,5,3,5,-2,5,"9월 7일 주식시장 주요공시 | 엔젠바이오 224억 유증 77억으로 축소…성장·운영자금 80% 삭감 | [HIT알공] 에이비온, 상장적격성 심사 기간 2주 늘어",2026-09-08,0.036,-0.05,,success
354200,엔젠바이오,[기재정정]주요사항보고서(유상증자결정),paid_in_capital_increase,20260907,negative,-70,C,Paid-in capital increases can create dilution concerns.,5,3,5,-2,5,"9월 7일 주식시장 주요공시 | 엔젠바이오 224억 유증 77억으로 축소…성장·운영자금 80% 삭감 | [HIT알공] 에이비온, 상장적격성 심사 기간 2주 늘어",2026-09-08,0.036,-0.05,,success
354200,엔젠바이오,[기재정정]주요사항보고서(유상증자결정),paid_in_capital_increase,20260907,negative,-70,C,Paid-in capital increases can create dilution concerns.,5,3,5,-2,5,"9월 7일 주식시장 주요공시 | 엔젠바이오 224억 유증 77억으로 축소…성장·운영자금 80% 삭감 | [HIT알공] 에이비온, 상장적격성 심사 기간 2주 늘어",2026-09-08,0.036,-0.05,,success
354200,엔젠바이오,[기재정정]주요사항보고서(유상증자결정),paid_in_capital_increase,20260907,negative,-70,C,Paid-in capital increases can create dilution concerns.,5,3,5,-2,5,"9월 7일 주식시장 주요공시 | 엔젠바이오 224억 유증 77억으로 축소…성장·운영자금 80% 삭감 | [HIT알공] 에이비온, 상장적격성 심사 기간 2주 늘어",2026-09-08,0.036,-0.05,,success
354200,엔젠바이오,[기재정정]주요사항보고서(유상증자결정),paid_in_capital_increase,20260907,negative,-70,C,Paid-in capital increases can create dilution concerns.,5,3,5,-2,5,"9월 7일 주식시장 주요공시 | 엔젠바이오 224억 유증 77억으로 축소…성장·운영자금 80% 삭감 | [HIT알공] 에이비온, 상장적격성 심사 기간 2주 늘어",2026-09-08,0.036,-0.05,,success
354200,엔젠바이오,[기재정정]주요사항보고서(유상증자결정),paid_in_capital_increase,20260907,negative,-70,C,Paid-in capital increases can create dilution concerns.,5,3,5,-2,5,"9월 7일 주식시장 주요공시 | 엔젠바이오 224억 유증 77억으로 축소…성장·운영자금 80% 삭감 | [HIT알공] 에이비온, 상장적격성 심사 기간 2주 늘어",2026-09-08,0.036,-0.05,,success
354200,엔젠바이오,[기재정정]주요사항보고서(유상증자결정),paid_in_capital_increase,20260907,negative,-70,C,Paid-in capital increases can create dilution concerns.,5,3,5,-2,5,"9월 7일 주식시장 주요공시 | 엔젠바이오 224억 유증 77억으로 축소…성장·운영자금 80% 삭감 | [HIT알공] 에이비온, 상장적격성 심사 기간 2주 늘어",2026-09-08,0.036,-0.05,,success
354200,엔젠바이오,[기재정정]주요사항보고서(유상증자결정),paid_in_capital_increase,20260907,negative,-70,C,Paid-in capital increases can create dilution concerns.,5,3,5,-2,5,"9월 7일 주식시장 주요공시 | 엔젠바이오 224억 유증 77억으로 축소…성장·운영자금 80% 삭감 | [HIT알공] 에이비온, 상장적격성 심사 기간 2주 늘어",2026-09-08,0.036,-0.05,,success
354200,엔젠바이오,[기재정정]주요사항보고서(유상증자결정),paid_in_capital_increase,20260907,negative,-70,C,Paid-in capital increases can create dilution concerns.,5,3,5,-2,5,"9월 7일 주식시장 주요공시 | 엔젠바이오 224억 유증 77억으로 축소…성장·운영자금 80% 삭감 | [HIT알공] 에이비온, 상장적격성 심사 기간 2주 늘어",2026-09-08,0.036,-0.05,,success
354200,엔젠바이오,[기재정정]주요사항보고서(유상증자결정),paid_in_capital_increase,20260907,negative,-70,C,Paid-in capital increases can create dilution concerns.,5,3,5,-2,5,"9월 7일 주식시장 주요공시 | 엔젠바이오 224억 유증 77억으로 축소…성장·운영자금 80% 삭감 | [HIT알공] 에이비온, 상장적격성 심사 기간 2주 늘어",2026-09-08,0.036,-0.05,,success
354200,엔젠바이오,[기재정정]주요사항보고서(유상증자결정),paid_in_capital_increase,20260907,negative,-70,C,Paid-in capital increases can create dilution concerns.,5,3,5,-2,5,"9월 7일 주식시장 주요공시 | 엔젠바이오 224억 유증 77억으로 축소…성장·운영자금 80% 삭감 | [HIT알공] 에이비온, 상장적격성 심사 기간 2주 늘어",2026-09-08,0.036,-0.05,,success
354200,엔젠바이오,[기재정정]주요사항보고서(유상증자결정),paid_in_capital_increase,20260907,negative,-70,C,Paid-in capital increases can create dilution concerns.,5,3,5,-2,5,"9월 7일 주식시장 주요공시 | 엔젠바이오 224억 유증 77억으로 축소…성장·운영자금 80% 삭감 | [HIT알공] 에이비온, 상장적격성 심사 기간 2주 늘어",2026-09-08,0.036,-0.05,,success
354200,엔젠바이오,[기재정정]주요사항보고서(유상증자결정),paid_in_capital_increase,20260907,negative,-70,C,Paid-in capital increases can create dilution concerns.,5,3,5,-2,5,"9월 7일 주식시장 주요공시 | 엔젠바이오 224억 유증 77억으로 축소…성장·운영자금 80% 삭감 | [HIT알공] 에이비온, 상장적격성 심사 기간 2주 늘어",2026-09-08,0.036,-0.05,,success
354200,엔젠바이오,[기재정정]주요사항보고서(유상증자결정),paid_in_capital_increase,20260907,negative,-70,C,Paid-in capital increases can create dilution concerns.,5,3,5,-2,5,"9월 7일 주식시장 주요공시 | 엔젠바이오 224억 유증 77억으로 축소…성장·운영자금 80% 삭감 | [HIT알공] 에이비온, 상장적격성 심사 기간 2주 늘어",2026-09-08,0.036,-0.05,,success
354200,엔젠바이오,[기재정정]주요사항보고서(유상증자결정),paid_in_capital_increase,20260907,negative,-70,C,Paid-in capital increases can create dilution concerns.,5,3,5,-2,5,"9월 7일 주식시장 주요공시 | 엔젠바이오 224억 유증 77억으로 축소…성장·운영자금 80% 삭감 | [HIT알공] 에이비온, 상장적격성 심사 기간 2주 늘어",2026-09-08,0.036,-0.05,,success
354200,엔젠바이오,[기재정정]주요사항보고서(유상증자결정),paid_in_capital_increase,20260907,negative,-70,C,Paid-in capital increases can create dilution concerns.,5,3,5,-2,5,"9월 7일 주식시장 주요공시 | 엔젠바이오 224억 유증 77억으로 축소…성장·운영자금 80% 삭감 | [HIT알공] 에이비온, 상장적격성 심사 기간 2주 늘어",2026-09-08,0.036,-0.05,,success
354200,엔젠바이오,[기재정정]주요사항보고서(유상증자결정),paid_in_capital_increase,20260907,negative,-70,C,Paid-in capital increases can create dilution concerns.,5,3,5,-2,5,"9월 7일 주식시장 주요공시 | 엔젠바이오 224억 유증 77억으로 축소…성장·운영자금 80% 삭감 | [HIT알공] 에이비온, 상장적격성 심사 기간 2주 늘어",2026-09-08,0.036,-0.05,,success
354200,엔젠바이오,[기재정정]주요사항보고서(유상증자결정),paid_in_capital_increase,20260907,negative,-70,C,Paid-in capital increases can create dilution concerns.,5,3,5,-2,5,"9월 7일 주식시장 주요공시 | 엔젠바이오 224억 유증 77억으로 축소…성장·운영자금 80% 삭감 | [HIT알공] 에이비온, 상장적격성 심사 기간 2주 늘어",2026-09-08,0.036,-0.05,,success
354200,엔젠바이오,[기재정정]주요사항보고서(유상증자결정),paid_in_capital_increase,20260907,negative,-70,C,Paid-in capital increases can create dilution concerns.,5,3,5,-2,5,"9월 7일 주식시장 주요공시 | 엔젠바이오 224억 유증 77억으로 축소…성장·운영자금 80% 삭감 | [HIT알공] 에이비온, 상장적격성 심사 기간 2주 늘어",2026-09-08,0.036,-0.05,,success
354200,엔젠바이오,[기재정정]주요사항보고서(유상증자결정),paid_in_capital_increase,20260907,negative,-70,C,Paid-in capital increases can create dilution concerns.,5,3,5,-2,5,"9월 7일 주식시장 주요공시 | 엔젠바이오 224억 유증 77억으로 축소…성장·운영자금 80% 삭감 | [HIT알공] 에이비온, 상장적격성 심사 기간 2주 늘어",2026-09-08,0.036,-0.05,,success
354200,엔젠바이오,[기재정정]주요사항보고서(유상증자결정),paid_in_capital_increase,20260907,negative,-70,C,Paid-in capital increases can create dilution concerns.,5,3,5,-2,5,"9월 7일 주식시장 주요공시 | 엔젠바이오 224억 유증 77억으로 축소…성장·운영자금 80% 삭감 | [HIT알공] 에이비온, 상장적격성 심사 기간 2주 늘어",2026-09-08,0.036,-0.05,,success
354200,엔젠바이오,[기재정정]주요사항보고서(유상증자결정),paid_in_capital_increase,20260907,negative,-70,C,Paid-in capital increases can create dilution concerns.,5,3,5,-2,5,"9월 7일 주식시장 주요공시 | 엔젠바이오 224억 유증 77억으로 축소…성장·운영자금 80% 삭감 | [HIT알공] 에이비온, 상장적격성 심사 기간 2주 늘어",2026-09-08,0.036,-0.05,,success
354200,엔젠바이오,[기재정정]주요사항보고서(유상증자결정),paid_in_capital_increase,20260907,negative,-70,C,Paid-in capital increases can create dilution concerns.,5,3,5,-2,5,"9월 7일 주식시장 주요공시 | 엔젠바이오 224억 유증 77억으로 축소…성장·운영자금 80% 삭감 | [HIT알공] 에이비온, 상장적격성 심사 기간 2주 늘어",2026-09-08,0.036,-0.05,,success
354200,엔젠바이오,[기재정정]주요사항보고서(유상증자결정),paid_in_capital_increase,20260907,negative,-70,C,Paid-in capital increases can create dilution concerns.,5,3,5,-2,5,"9월 7일 주식시장 주요공시 | 엔젠바이오 224억 유증 77억으로 축소…성장·운영자금 80% 삭감 | [HIT알공] 에이비온, 상장적격성 심사 기간 2주 늘어",2026-09-08,0.036,-0.05,,success
354200,엔젠바이오,[기재정정]주요사항보고서(유상증자결정),paid_in_capital_increase,20260907,negative,-70,C,Paid-in capital increases can create dilution concerns.,5,3,5,-2,5,"9월 7일 주식시장 주요공시 | 엔젠바이오 224억 유증 77억으로 축소…성장·운영자금 80% 삭감 | [HIT알공] 에이비온, 상장적격성 심사 기간 2주 늘어",2026-09-08,0.036,-0.05,,success
354200,엔젠바이오,[기재정정]주요사항보고서(유상증자결정),paid_in_capital_increase,20260907,negative,-70,C,Paid-in capital increases can create dilution concerns.,5,3,5,-2,5,"9월 7일 주식시장 주요공시 | 엔젠바이오 224억 유증 77억으로 축소…성장·운영자금 80% 삭감 | [HIT알공] 에이비온, 상장적격성 심사 기간 2주 늘어",2026-09-08,0.036,-0.05,,success
354200,엔젠바이오,[기재정정]주요사항보고서(유상증자결정),paid_in_capital_increase,20260907,negative,-70,C,Paid-in capital increases can create dilution concerns.,5,3,5,-2,5,"9월 7일 주식시장 주요공시 | 엔젠바이오 224억 유증 77억으로 축소…성장·운영자금 80% 삭감 | [HIT알공] 에이비온, 상장적격성 심사 기간 2주 늘어",2026-09-08,0.036,-0.05,,success
207940,삼성바이오로직스,최대주주등소유주식변동신고서              ,major_shareholder_change,20260907,volatile,10,C,Major shareholder changes can increase volatility depending on context.,5,3,1,2,5,"코스피, 7000선 회복···이번주 美 PPI·CPI에 시선 집중 | 코스피, 15거래일 만에 7000선 탈환…코스닥도 0.78% 상승 | 코스피, 장 초반 7000선 회복…삼성전자·SK하이닉스가 견인",2026-09-08,0.0061,-0.0055,,failure
354200,엔젠바이오,유상증자최종발행가액확정              ,paid_in_capital_increase,20260907,negative,-70,C,Paid-in capital increases can create dilution concerns.,5,3,5,-2,5,"9월 7일 주식시장 주요공시 | 엔젠바이오 224억 유증 77억으로 축소…성장·운영자금 80% 삭감 | [HIT알공] 에이비온, 상장적격성 심사 기간 2주 늘어",2026-09-08,0.036,-0.05,,success
354200,엔젠바이오,유상증자최종발행가액확정              ,paid_in_capital_increase,20260907,negative,-70,C,Paid-in capital increases can create dilution concerns.,5,3,5,-2,5,"9월 7일 주식시장 주요공시 | 엔젠바이오 224억 유증 77억으로 축소…성장·운영자금 80% 삭감 | [HIT알공] 에이비온, 상장적격성 심사 기간 2주 늘어",2026-09-08,0.036,-0.05,,success
354200,엔젠바이오,유상증자최종발행가액확정              ,paid_in_capital_increase,20260907,negative,-70,C,Paid-in capital increases can create dilution concerns.,5,3,5,-2,5,"9월 7일 주식시장 주요공시 | 엔젠바이오 224억 유증 77억으로 축소…성장·운영자금 80% 삭감 | [HIT알공] 에이비온, 상장적격성 심사 기간 2주 늘어",2026-09-08,0.036,-0.05,,success
354200,엔젠바이오,유상증자최종발행가액확정              ,paid_in_capital_increase,20260907,negative,-70,C,Paid-in capital increases can create dilution concerns.,5,3,5,-2,5,"9월 7일 주식시장 주요공시 | 엔젠바이오 224억 유증 77억으로 축소…성장·운영자금 80% 삭감 | [HIT알공] 에이비온, 상장적격성 심사 기간 2주 늘어",2026-09-08,0.036,-0.05,,success
354200,엔젠바이오,유상증자최종발행가액확정              ,paid_in_capital_increase,20260907,negative,-70,C,Paid-in capital increases can create dilution concerns.,5,3,5,-2,5,"9월 7일 주식시장 주요공시 | 엔젠바이오 224억 유증 77억으로 축소…성장·운영자금 80% 삭감 | [HIT알공] 에이비온, 상장적격성 심사 기간 2주 늘어",2026-09-08,0.036,-0.05,,success
354200,엔젠바이오,유상증자최종발행가액확정              ,paid_in_capital_increase,20260907,negative,-70,C,Paid-in capital increases can create dilution concerns.,5,3,5,-2,5,"9월 7일 주식시장 주요공시 | 엔젠바이오 224억 유증 77억으로 축소…성장·운영자금 80% 삭감 | [HIT알공] 에이비온, 상장적격성 심사 기간 2주 늘어",2026-09-08,0.036,-0.05,,success
354200,엔젠바이오,유상증자최종발행가액확정              ,paid_in_capital_increase,20260907,negative,-70,C,Paid-in capital increases can create dilution concerns.,5,3,5,-2,5,"9월 7일 주식시장 주요공시 | 엔젠바이오 224억 유증 77억으로 축소…성장·운영자금 80% 삭감 | [HIT알공] 에이비온, 상장적격성 심사 기간 2주 늘어",2026-09-08,0.036,-0.05,,success
354200,엔젠바이오,유상증자최종발행가액확정              ,paid_in_capital_increase,20260907,negative,-70,C,Paid-in capital increases can create dilution concerns.,5,3,5,-2,5,"9월 7일 주식시장 주요공시 | 엔젠바이오 224억 유증 77억으로 축소…성장·운영자금 80% 삭감 | [HIT알공] 에이비온, 상장적격성 심사 기간 2주 늘어",2026-09-08,0.036,-0.05,,success
354200,엔젠바이오,유상증자최종발행가액확정              ,paid_in_capital_increase,20260907,negative,-70,C,Paid-in capital increases can create dilution concerns.,5,3,5,-2,5,"9월 7일 주식시장 주요공시 | 엔젠바이오 224억 유증 77억으로 축소…성장·운영자금 80% 삭감 | [HIT알공] 에이비온, 상장적격성 심사 기간 2주 늘어",2026-09-08,0.036,-0.05,,success
354200,엔젠바이오,유상증자최종발행가액확정              ,paid_in_capital_increase,20260907,negative,-70,C,Paid-in capital increases can create dilution concerns.,5,3,5,-2,5,"9월 7일 주식시장 주요공시 | 엔젠바이오 224억 유증 77억으로 축소…성장·운영자금 80% 삭감 | [HIT알공] 에이비온, 상장적격성 심사 기간 2주 늘어",2026-09-08,0.036,-0.05,,success
354200,엔젠바이오,유상증자최종발행가액확정              ,paid_in_capital_increase,20260907,negative,-70,C,Paid-in capital increases can create dilution concerns.,5,3,5,-2,5,"9월 7일 주식시장 주요공시 | 엔젠바이오 224억 유증 77억으로 축소…성장·운영자금 80% 삭감 | [HIT알공] 에이비온, 상장적격성 심사 기간 2주 늘어",2026-09-08,0.036,-0.05,,success
354200,엔젠바이오,유상증자최종발행가액확정              ,paid_in_capital_increase,20260907,negative,-70,C,Paid-in capital increases can create dilution concerns.,5,3,5,-2,5,"9월 7일 주식시장 주요공시 | 엔젠바이오 224억 유증 77억으로 축소…성장·운영자금 80% 삭감 | [HIT알공] 에이비온, 상장적격성 심사 기간 2주 늘어",2026-09-08,0.036,-0.05,,success
354200,엔젠바이오,유상증자최종발행가액확정              ,paid_in_capital_increase,20260907,negative,-70,C,Paid-in capital increases can create dilution concerns.,5,3,5,-2,5,"9월 7일 주식시장 주요공시 | 엔젠바이오 224억 유증 77억으로 축소…성장·운영자금 80% 삭감 | [HIT알공] 에이비온, 상장적격성 심사 기간 2주 늘어",2026-09-08,0.036,-0.05,,success
354200,엔젠바이오,유상증자최종발행가액확정              ,paid_in_capital_increase,20260907,negative,-70,C,Paid-in capital increases can create dilution concerns.,5,3,5,-2,5,"9월 7일 주식시장 주요공시 | 엔젠바이오 224억 유증 77억으로 축소…성장·운영자금 80% 삭감 | [HIT알공] 에이비온, 상장적격성 심사 기간 2주 늘어",2026-09-08,0.036,-0.05,,success
354200,엔젠바이오,유상증자최종발행가액확정              ,paid_in_capital_increase,20260907,negative,-70,C,Paid-in capital increases can create dilution concerns.,5,3,5,-2,5,"9월 7일 주식시장 주요공시 | 엔젠바이오 224억 유증 77억으로 축소…성장·운영자금 80% 삭감 | [HIT알공] 에이비온, 상장적격성 심사 기간 2주 늘어",2026-09-08,0.036,-0.05,,success
354200,엔젠바이오,유상증자최종발행가액확정              ,paid_in_capital_increase,20260907,negative,-70,C,Paid-in capital increases can create dilution concerns.,5,3,5,-2,5,"9월 7일 주식시장 주요공시 | 엔젠바이오 224억 유증 77억으로 축소…성장·운영자금 80% 삭감 | [HIT알공] 에이비온, 상장적격성 심사 기간 2주 늘어",2026-09-08,0.036,-0.05,,success
354200,엔젠바이오,유상증자최종발행가액확정              ,paid_in_capital_increase,20260907,negative,-70,C,Paid-in capital increases can create dilution concerns.,5,3,5,-2,5,"9월 7일 주식시장 주요공시 | 엔젠바이오 224억 유증 77억으로 축소…성장·운영자금 80% 삭감 | [HIT알공] 에이비온, 상장적격성 심사 기간 2주 늘어",2026-09-08,0.036,-0.05,,success
354200,엔젠바이오,유상증자최종발행가액확정              ,paid_in_capital_increase,20260907,negative,-70,C,Paid-in capital increases can create dilution concerns.,5,3,5,-2,5,"9월 7일 주식시장 주요공시 | 엔젠바이오 224억 유증 77억으로 축소…성장·운영자금 80% 삭감 | [HIT알공] 에이비온, 상장적격성 심사 기간 2주 늘어",2026-09-08,0.036,-0.05,,success
354200,엔젠바이오,유상증자최종발행가액확정              ,paid_in_capital_increase,20260907,negative,-70,C,Paid-in capital increases can create dilution concerns.,5,3,5,-2,5,"9월 7일 주식시장 주요공시 | 엔젠바이오 224억 유증 77억으로 축소…성장·운영자금 80% 삭감 | [HIT알공] 에이비온, 상장적격성 심사 기간 2주 늘어",2026-09-08,0.036,-0.05,,success
354200,엔젠바이오,유상증자최종발행가액확정              ,paid_in_capital_increase,20260907,negative,-70,C,Paid-in capital increases can create dilution concerns.,5,3,5,-2,5,"9월 7일 주식시장 주요공시 | 엔젠바이오 224억 유증 77억으로 축소…성장·운영자금 80% 삭감 | [HIT알공] 에이비온, 상장적격성 심사 기간 2주 늘어",2026-09-08,0.036,-0.05,,success
354200,엔젠바이오,유상증자최종발행가액확정              ,paid_in_capital_increase,20260907,negative,-70,C,Paid-in capital increases can create dilution concerns.,5,3,5,-2,5,"9월 7일 주식시장 주요공시 | 엔젠바이오 224억 유증 77억으로 축소…성장·운영자금 80% 삭감 | [HIT알공] 에이비온, 상장적격성 심사 기간 2주 늘어",2026-09-08,0.036,-0.05,,success
354200,엔젠바이오,유상증자최종발행가액확정              ,paid_in_capital_increase,20260907,negative,-70,C,Paid-in capital increases can create dilution concerns.,5,3,5,-2,5,"9월 7일 주식시장 주요공시 | 엔젠바이오 224억 유증 77억으로 축소…성장·운영자금 80% 삭감 | [HIT알공] 에이비온, 상장적격성 심사 기간 2주 늘어",2026-09-08,0.036,-0.05,,success
354200,엔젠바이오,유상증자최종발행가액확정              ,paid_in_capital_increase,20260907,negative,-70,C,Paid-in capital increases can create dilution concerns.,5,3,5,-2,5,"9월 7일 주식시장 주요공시 | 엔젠바이오 224억 유증 77억으로 축소…성장·운영자금 80% 삭감 | [HIT알공] 에이비온, 상장적격성 심사 기간 2주 늘어",2026-09-08,0.036,-0.05,,success
354200,엔젠바이오,유상증자최종발행가액확정              ,paid_in_capital_increase,20260907,negative,-70,C,Paid-in capital increases can create dilution concerns.,5,3,5,-2,5,"9월 7일 주식시장 주요공시 | 엔젠바이오 224억 유증 77억으로 축소…성장·운영자금 80% 삭감 | [HIT알공] 에이비온, 상장적격성 심사 기간 2주 늘어",2026-09-08,0.036,-0.05,,success
354200,엔젠바이오,유상증자최종발행가액확정              ,paid_in_capital_increase,20260907,negative,-70,C,Paid-in capital increases can create dilution concerns.,5,3,5,-2,5,"9월 7일 주식시장 주요공시 | 엔젠바이오 224억 유증 77억으로 축소…성장·운영자금 80% 삭감 | [HIT알공] 에이비온, 상장적격성 심사 기간 2주 늘어",2026-09-08,0.036,-0.05,,success
354200,엔젠바이오,유상증자최종발행가액확정              ,paid_in_capital_increase,20260907,negative,-70,C,Paid-in capital increases can create dilution concerns.,5,3,5,-2,5,"9월 7일 주식시장 주요공시 | 엔젠바이오 224억 유증 77억으로 축소…성장·운영자금 80% 삭감 | [HIT알공] 에이비온, 상장적격성 심사 기간 2주 늘어",2026-09-08,0.036,-0.05,,success
354200,엔젠바이오,유상증자최종발행가액확정              ,paid_in_capital_increase,20260907,negative,-70,C,Paid-in capital increases can create dilution concerns.,5,3,5,-2,5,"9월 7일 주식시장 주요공시 | 엔젠바이오 224억 유증 77억으로 축소…성장·운영자금 80% 삭감 | [HIT알공] 에이비온, 상장적격성 심사 기간 2주 늘어",2026-09-08,0.036,-0.05,,success
354200,엔젠바이오,유상증자최종발행가액확정              ,paid_in_capital_increase,20260907,negative,-70,C,Paid-in capital increases can create dilution concerns.,5,3,5,-2,5,"9월 7일 주식시장 주요공시 | 엔젠바이오 224억 유증 77억으로 축소…성장·운영자금 80% 삭감 | [HIT알공] 에이비온, 상장적격성 심사 기간 2주 늘어",2026-09-08,0.036,-0.05,,success
354200,엔젠바이오,유상증자최종발행가액확정              ,paid_in_capital_increase,20260907,negative,-70,C,Paid-in capital increases can create dilution concerns.,5,3,5,-2,5,"9월 7일 주식시장 주요공시 | 엔젠바이오 224억 유증 77억으로 축소…성장·운영자금 80% 삭감 | [HIT알공] 에이비온, 상장적격성 심사 기간 2주 늘어",2026-09-08,0.036,-0.05,,success
354200,엔젠바이오,유상증자최종발행가액확정              ,paid_in_capital_increase,20260907,negative,-70,C,Paid-in capital increases can create dilution concerns.,5,3,5,-2,5,"9월 7일 주식시장 주요공시 | 엔젠바이오 224억 유증 77억으로 축소…성장·운영자금 80% 삭감 | [HIT알공] 에이비온, 상장적격성 심사 기간 2주 늘어",2026-09-08,0.036,-0.05,,success
354200,엔젠바이오,유상증자최종발행가액확정              ,paid_in_capital_increase,20260907,negative,-70,C,Paid-in capital increases can create dilution concerns.,5,3,5,-2,5,"9월 7일 주식시장 주요공시 | 엔젠바이오 224억 유증 77억으로 축소…성장·운영자금 80% 삭감 | [HIT알공] 에이비온, 상장적격성 심사 기간 2주 늘어",2026-09-08,0.036,-0.05,,success
354200,엔젠바이오,유상증자최종발행가액확정              ,paid_in_capital_increase,20260907,negative,-70,C,Paid-in capital increases can create dilution concerns.,5,3,5,-2,5,"9월 7일 주식시장 주요공시 | 엔젠바이오 224억 유증 77억으로 축소…성장·운영자금 80% 삭감 | [HIT알공] 에이비온, 상장적격성 심사 기간 2주 늘어",2026-09-08,0.036,-0.05,,success
354200,엔젠바이오,유상증자최종발행가액확정              ,paid_in_capital_increase,20260907,negative,-70,C,Paid-in capital increases can create dilution concerns.,5,3,5,-2,5,"9월 7일 주식시장 주요공시 | 엔젠바이오 224억 유증 77억으로 축소…성장·운영자금 80% 삭감 | [HIT알공] 에이비온, 상장적격성 심사 기간 2주 늘어",2026-09-08,0.036,-0.05,,success
354200,엔젠바이오,유상증자최종발행가액확정              ,paid_in_capital_increase,20260907,negative,-70,C,Paid-in capital increases can create dilution concerns.,5,3,5,-2,5,"9월 7일 주식시장 주요공시 | 엔젠바이오 224억 유증 77억으로 축소…성장·운영자금 80% 삭감 | [HIT알공] 에이비온, 상장적격성 심사 기간 2주 늘어",2026-09-08,0.036,-0.05,,success
354200,엔젠바이오,유상증자최종발행가액확정              ,paid_in_capital_increase,20260907,negative,-70,C,Paid-in capital increases can create dilution concerns.,5,3,5,-2,5,"9월 7일 주식시장 주요공시 | 엔젠바이오 224억 유증 77억으로 축소…성장·운영자금 80% 삭감 | [HIT알공] 에이비온, 상장적격성 심사 기간 2주 늘어",2026-09-08,0.036,-0.05,,success
354200,엔젠바이오,유상증자최종발행가액확정              ,paid_in_capital_increase,20260907,negative,-70,C,Paid-in capital increases can create dilution concerns.,5,3,5,-2,5,"9월 7일 주식시장 주요공시 | 엔젠바이오 224억 유증 77억으로 축소…성장·운영자금 80% 삭감 | [HIT알공] 에이비온, 상장적격성 심사 기간 2주 늘어",2026-09-08,0.036,-0.05,,success
354200,엔젠바이오,유상증자최종발행가액확정              ,paid_in_capital_increase,20260907,negative,-70,C,Paid-in capital increases can create dilution concerns.,5,3,5,-2,5,"9월 7일 주식시장 주요공시 | 엔젠바이오 224억 유증 77억으로 축소…성장·운영자금 80% 삭감 | [HIT알공] 에이비온, 상장적격성 심사 기간 2주 늘어",2026-09-08,0.036,-0.05,,success
354200,엔젠바이오,유상증자최종발행가액확정              ,paid_in_capital_increase,20260907,negative,-70,C,Paid-in capital increases can create dilution concerns.,5,3,5,-2,5,"9월 7일 주식시장 주요공시 | 엔젠바이오 224억 유증 77억으로 축소…성장·운영자금 80% 삭감 | [HIT알공] 에이비온, 상장적격성 심사 기간 2주 늘어",2026-09-08,0.036,-0.05,,success
354200,엔젠바이오,유상증자최종발행가액확정              ,paid_in_capital_increase,20260907,negative,-70,C,Paid-in capital increases can create dilution concerns.,5,3,5,-2,5,"9월 7일 주식시장 주요공시 | 엔젠바이오 224억 유증 77억으로 축소…성장·운영자금 80% 삭감 | [HIT알공] 에이비온, 상장적격성 심사 기간 2주 늘어",2026-09-08,0.036,-0.05,,success
354200,엔젠바이오,유상증자최종발행가액확정              ,paid_in_capital_increase,20260907,negative,-70,C,Paid-in capital increases can create dilution concerns.,5,3,5,-2,5,"9월 7일 주식시장 주요공시 | 엔젠바이오 224억 유증 77억으로 축소…성장·운영자금 80% 삭감 | [HIT알공] 에이비온, 상장적격성 심사 기간 2주 늘어",2026-09-08,0.036,-0.05,,success
354200,엔젠바이오,유상증자최종발행가액확정              ,paid_in_capital_increase,20260907,negative,-70,C,Paid-in capital increases can create dilution concerns.,5,3,5,-2,5,"9월 7일 주식시장 주요공시 | 엔젠바이오 224억 유증 77억으로 축소…성장·운영자금 80% 삭감 | [HIT알공] 에이비온, 상장적격성 심사 기간 2주 늘어",2026-09-08,0.036,-0.05,,success
354200,엔젠바이오,유상증자최종발행가액확정              ,paid_in_capital_increase,20260907,negative,-70,C,Paid-in capital increases can create dilution concerns.,5,3,5,-2,5,"9월 7일 주식시장 주요공시 | 엔젠바이오 224억 유증 77억으로 축소…성장·운영자금 80% 삭감 | [HIT알공] 에이비온, 상장적격성 심사 기간 2주 늘어",2026-09-08,0.036,-0.05,,success
354200,엔젠바이오,유상증자최종발행가액확정              ,paid_in_capital_increase,20260907,negative,-70,C,Paid-in capital increases can create dilution concerns.,5,3,5,-2,5,"9월 7일 주식시장 주요공시 | 엔젠바이오 224억 유증 77억으로 축소…성장·운영자금 80% 삭감 | [HIT알공] 에이비온, 상장적격성 심사 기간 2주 늘어",2026-09-08,0.036,-0.05,,success
354200,엔젠바이오,유상증자최종발행가액확정              ,paid_in_capital_increase,20260907,negative,-70,C,Paid-in capital increases can create dilution concerns.,5,3,5,-2,5,"9월 7일 주식시장 주요공시 | 엔젠바이오 224억 유증 77억으로 축소…성장·운영자금 80% 삭감 | [HIT알공] 에이비온, 상장적격성 심사 기간 2주 늘어",2026-09-08,0.036,-0.05,,success
354200,엔젠바이오,유상증자최종발행가액확정              ,paid_in_capital_increase,20260907,negative,-70,C,Paid-in capital increases can create dilution concerns.,5,3,5,-2,5,"9월 7일 주식시장 주요공시 | 엔젠바이오 224억 유증 77억으로 축소…성장·운영자금 80% 삭감 | [HIT알공] 에이비온, 상장적격성 심사 기간 2주 늘어",2026-09-08,0.036,-0.05,,success
354200,엔젠바이오,유상증자최종발행가액확정              ,paid_in_capital_increase,20260907,negative,-70,C,Paid-in capital increases can create dilution concerns.,5,3,5,-2,5,"9월 7일 주식시장 주요공시 | 엔젠바이오 224억 유증 77억으로 축소…성장·운영자금 80% 삭감 | [HIT알공] 에이비온, 상장적격성 심사 기간 2주 늘어",2026-09-08,0.036,-0.05,,success
354200,엔젠바이오,유상증자최종발행가액확정              ,paid_in_capital_increase,20260907,negative,-70,C,Paid-in capital increases can create dilution concerns.,5,3,5,-2,5,"9월 7일 주식시장 주요공시 | 엔젠바이오 224억 유증 77억으로 축소…성장·운영자금 80% 삭감 | [HIT알공] 에이비온, 상장적격성 심사 기간 2주 늘어",2026-09-08,0.036,-0.05,,success
354200,엔젠바이오,유상증자최종발행가액확정              ,paid_in_capital_increase,20260907,negative,-70,C,Paid-in capital increases can create dilution concerns.,5,3,5,-2,5,"9월 7일 주식시장 주요공시 | 엔젠바이오 224억 유증 77억으로 축소…성장·운영자금 80% 삭감 | [HIT알공] 에이비온, 상장적격성 심사 기간 2주 늘어",2026-09-08,0.036,-0.05,,success
354200,엔젠바이오,유상증자최종발행가액확정              ,paid_in_capital_increase,20260907,negative,-70,C,Paid-in capital increases can create dilution concerns.,5,3,5,-2,5,"9월 7일 주식시장 주요공시 | 엔젠바이오 224억 유증 77억으로 축소…성장·운영자금 80% 삭감 | [HIT알공] 에이비온, 상장적격성 심사 기간 2주 늘어",2026-09-08,0.036,-0.05,,success
354200,엔젠바이오,유상증자최종발행가액확정              ,paid_in_capital_increase,20260907,negative,-70,C,Paid-in capital increases can create dilution concerns.,5,3,5,-2,5,"9월 7일 주식시장 주요공시 | 엔젠바이오 224억 유증 77억으로 축소…성장·운영자금 80% 삭감 | [HIT알공] 에이비온, 상장적격성 심사 기간 2주 늘어",2026-09-08,0.036,-0.05,,success
354200,엔젠바이오,유상증자최종발행가액확정              ,paid_in_capital_increase,20260907,negative,-70,C,Paid-in capital increases can create dilution concerns.,5,3,5,-2,5,"9월 7일 주식시장 주요공시 | 엔젠바이오 224억 유증 77억으로 축소…성장·운영자금 80% 삭감 | [HIT알공] 에이비온, 상장적격성 심사 기간 2주 늘어",2026-09-08,0.036,-0.05,,success
354200,엔젠바이오,유상증자최종발행가액확정              ,paid_in_capital_increase,20260907,negative,-70,C,Paid-in capital increases can create dilution concerns.,5,3,5,-2,5,"9월 7일 주식시장 주요공시 | 엔젠바이오 224억 유증 77억으로 축소…성장·운영자금 80% 삭감 | [HIT알공] 에이비온, 상장적격성 심사 기간 2주 늘어",2026-09-08,0.036,-0.05,,success
354200,엔젠바이오,유상증자최종발행가액확정              ,paid_in_capital_increase,20260907,negative,-70,C,Paid-in capital increases can create dilution concerns.,5,3,5,-2,5,"9월 7일 주식시장 주요공시 | 엔젠바이오 224억 유증 77억으로 축소…성장·운영자금 80% 삭감 | [HIT알공] 에이비온, 상장적격성 심사 기간 2주 늘어",2026-09-08,0.036,-0.05,,success
354200,엔젠바이오,유상증자최종발행가액확정              ,paid_in_capital_increase,20260907,negative,-70,C,Paid-in capital increases can create dilution concerns.,5,3,5,-2,5,"9월 7일 주식시장 주요공시 | 엔젠바이오 224억 유증 77억으로 축소…성장·운영자금 80% 삭감 | [HIT알공] 에이비온, 상장적격성 심사 기간 2주 늘어",2026-09-08,0.036,-0.05,,success
354200,엔젠바이오,유상증자최종발행가액확정              ,paid_in_capital_increase,20260907,negative,-70,C,Paid-in capital increases can create dilution concerns.,5,3,5,-2,5,"9월 7일 주식시장 주요공시 | 엔젠바이오 224억 유증 77억으로 축소…성장·운영자금 80% 삭감 | [HIT알공] 에이비온, 상장적격성 심사 기간 2주 늘어",2026-09-08,0.036,-0.05,,success
354200,엔젠바이오,유상증자최종발행가액확정              ,paid_in_capital_increase,20260907,negative,-70,C,Paid-in capital increases can create dilution concerns.,5,3,5,-2,5,"9월 7일 주식시장 주요공시 | 엔젠바이오 224억 유증 77억으로 축소…성장·운영자금 80% 삭감 | [HIT알공] 에이비온, 상장적격성 심사 기간 2주 늘어",2026-09-08,0.036,-0.05,,success
354200,엔젠바이오,유상증자최종발행가액확정              ,paid_in_capital_increase,20260907,negative,-70,C,Paid-in capital increases can create dilution concerns.,5,3,5,-2,5,"9월 7일 주식시장 주요공시 | 엔젠바이오 224억 유증 77억으로 축소…성장·운영자금 80% 삭감 | [HIT알공] 에이비온, 상장적격성 심사 기간 2주 늘어",2026-09-08,0.036,-0.05,,success
354200,엔젠바이오,유상증자최종발행가액확정              ,paid_in_capital_increase,20260907,negative,-70,C,Paid-in capital increases can create dilution concerns.,5,3,5,-2,5,"9월 7일 주식시장 주요공시 | 엔젠바이오 224억 유증 77억으로 축소…성장·운영자금 80% 삭감 | [HIT알공] 에이비온, 상장적격성 심사 기간 2주 늘어",2026-09-08,0.036,-0.05,,success
354200,엔젠바이오,유상증자최종발행가액확정              ,paid_in_capital_increase,20260907,negative,-70,C,Paid-in capital increases can create dilution concerns.,5,3,5,-2,5,"9월 7일 주식시장 주요공시 | 엔젠바이오 224억 유증 77억으로 축소…성장·운영자금 80% 삭감 | [HIT알공] 에이비온, 상장적격성 심사 기간 2주 늘어",2026-09-08,0.036,-0.05,,success
354200,엔젠바이오,유상증자최종발행가액확정              ,paid_in_capital_increase,20260907,negative,-70,C,Paid-in capital increases can create dilution concerns.,5,3,5,-2,5,"9월 7일 주식시장 주요공시 | 엔젠바이오 224억 유증 77억으로 축소…성장·운영자금 80% 삭감 | [HIT알공] 에이비온, 상장적격성 심사 기간 2주 늘어",2026-09-08,0.036,-0.05,,success
354200,엔젠바이오,유상증자최종발행가액확정              ,paid_in_capital_increase,20260907,negative,-70,C,Paid-in capital increases can create dilution concerns.,5,3,5,-2,5,"9월 7일 주식시장 주요공시 | 엔젠바이오 224억 유증 77억으로 축소…성장·운영자금 80% 삭감 | [HIT알공] 에이비온, 상장적격성 심사 기간 2주 늘어",2026-09-08,0.036,-0.05,,success
354200,엔젠바이오,유상증자최종발행가액확정              ,paid_in_capital_increase,20260907,negative,-70,C,Paid-in capital increases can create dilution concerns.,5,3,5,-2,5,"9월 7일 주식시장 주요공시 | 엔젠바이오 224억 유증 77억으로 축소…성장·운영자금 80% 삭감 | [HIT알공] 에이비온, 상장적격성 심사 기간 2주 늘어",2026-09-08,0.036,-0.05,,success
354200,엔젠바이오,유상증자최종발행가액확정              ,paid_in_capital_increase,20260907,negative,-70,C,Paid-in capital increases can create dilution concerns.,5,3,5,-2,5,"9월 7일 주식시장 주요공시 | 엔젠바이오 224억 유증 77억으로 축소…성장·운영자금 80% 삭감 | [HIT알공] 에이비온, 상장적격성 심사 기간 2주 늘어",2026-09-08,0.036,-0.05,,success
354200,엔젠바이오,유상증자최종발행가액확정              ,paid_in_capital_increase,20260907,negative,-70,C,Paid-in capital increases can create dilution concerns.,5,3,5,-2,5,"9월 7일 주식시장 주요공시 | 엔젠바이오 224억 유증 77억으로 축소…성장·운영자금 80% 삭감 | [HIT알공] 에이비온, 상장적격성 심사 기간 2주 늘어",2026-09-08,0.036,-0.05,,success
010580,에스엠벡셀,최대주주등소유주식변동신고서              ,major_shareholder_change,20260907,volatile,10,C,Major shareholder changes can increase volatility depending on context.,5,3,0,3,5,"SM계열사들 SM벡셀 지분 계속 사모으더니 지분율 89% 돌파....진짜 자진상... | 에스엠벡셀, 20조 규모 태국 CP그룹 유통망 뚫었다…동남아 진출 신호탄 | SM벡셀 건전지 첫 수출…태국 유통 채널에 공급",2026-09-08,0.0077,-0.0088,,failure
010580,에스엠벡셀,최대주주등소유주식변동신고서              ,major_shareholder_change,20260907,volatile,10,C,Major shareholder changes can increase volatility depending on context.,5,3,0,3,5,"SM계열사들 SM벡셀 지분 계속 사모으더니 지분율 89% 돌파....진짜 자진상... | 에스엠벡셀, 20조 규모 태국 CP그룹 유통망 뚫었다…동남아 진출 신호탄 | SM벡셀 건전지 첫 수출…태국 유통 채널에 공급",2026-09-08,0.0077,-0.0088,,failure
010580,에스엠벡셀,최대주주등소유주식변동신고서              ,major_shareholder_change,20260907,volatile,10,C,Major shareholder changes can increase volatility depending on context.,5,3,0,3,5,"SM계열사들 SM벡셀 지분 계속 사모으더니 지분율 89% 돌파....진짜 자진상... | 에스엠벡셀, 20조 규모 태국 CP그룹 유통망 뚫었다…동남아 진출 신호탄 | SM벡셀 건전지 첫 수출…태국 유통 채널에 공급",2026-09-08,0.0077,-0.0088,,failure
459510,나우로보틱스,단일판매ㆍ공급계약체결              ,supply_contract,20260907,positive,70,C,Supply contract disclosures may indicate future revenue growth.,5,8,0,8,5,"﻿나우로보틱스, VPK와 약 24억원 규모 하이브리드차 배터리팩 홀더 조... | 9월 7일 주식시장 주요공시 | [코스피·코스닥, 셀트리온 LG전자 나우로보틱스 비나텍파 인디앤씨 제...",2026-09-08,-0.002,-0.0109,,failure
126340,비나텍,단일판매ㆍ공급계약체결              ,supply_contract,20260907,positive,70,C,Supply contract disclosures may indicate future revenue growth.,5,7,0,7,5,"9월 7일 주식시장 주요공시 | [코스피·코스닥, 셀트리온 LG전자 나우로보틱스 비나텍파 인디앤씨 제... | [N2 모닝 경제 브리핑-9월 8일] 美 증시, 노동절 맞아 휴장…주요 공시 ...",2026-09-08,-0.0047,0.0031,,success
067370,선바이오,전환사채(해외전환사채포함)발행후만기전사채취득              ,convertible_bond,20260907,negative,-60,C,Convertible bonds may create future dilution risk.,5,5,1,4,5,"9월 7일 주식시장 주요공시 | 해외 수출길 넓혔다…이수앱지스, 희귀질환 바이오시밀러 모멘텀 부각 | [경력 잇다] 세종365믿음정형외과 원무과(접수,수납) 외 (9월 1주)",2026-09-08,-0.008,-0.0127,,success
091810,트리니티항공,최대주주등소유주식변동신고서              ,major_shareholder_change,20260907,volatile,10,C,Major shareholder changes can increase volatility depending on context.,5,5,2,3,5,"[더벨][Policy Radar] 국토부, 중국 운수권 푼다…LCC업계 펀더멘털 지각... | [9월8일자] 비즈니스포스트 아침의 주요기사 | 김포공항 국제선, 통합 대한항공 비중 40%… 커지는 '쏠림'",2026-09-08,0.0018,0.0018,,failure
091810,트리니티항공,최대주주등소유주식변동신고서              ,major_shareholder_change,20260907,volatile,10,C,Major shareholder changes can increase volatility depending on context.,5,5,2,3,5,"[더벨][Policy Radar] 국토부, 중국 운수권 푼다…LCC업계 펀더멘털 지각... | [9월8일자] 비즈니스포스트 아침의 주요기사 | 김포공항 국제선, 통합 대한항공 비중 40%… 커지는 '쏠림'",2026-09-08,0.0018,0.0018,,failure
091810,트리니티항공,최대주주등소유주식변동신고서              ,major_shareholder_change,20260907,volatile,10,C,Major shareholder changes can increase volatility depending on context.,5,5,2,3,5,"[더벨][Policy Radar] 국토부, 중국 운수권 푼다…LCC업계 펀더멘털 지각... | [9월8일자] 비즈니스포스트 아침의 주요기사 | 김포공항 국제선, 통합 대한항공 비중 40%… 커지는 '쏠림'",2026-09-08,0.0018,0.0018,,failure
033790,피노,증권발행결과(자율공시)              (제3자배정 유상증자),paid_in_capital_increase,20260907,negative,-70,C,Paid-in capital increases can create dilution concerns.,5,10,2,8,5,"원료부터 양극재까지 공급망 잇는다…코스모신소재, 피노에 150억 원 투... | 수억짜리 차 샀더니…""딱 6명 초청"" 프라이빗 와인클래스 열렸다 [현장... | [주식마감] 'AI 반도체' 기대감에 유리기판 필옵틱스 상한가... 스카이랩...",2026-09-08,0.0254,-0.0634,,success
001230,동국홀딩스,최대주주등소유주식변동신고서              ,major_shareholder_change,20260907,volatile,10,C,Major shareholder changes can increase volatility depending on context.,5,3,0,3,5,"상장 제약·바이오사 2Q 평균 영업이익 코스피 365억원, 코스닥 65억원 | [주식마감] 'AI 반도체' 기대감에 유리기판 필옵틱스 상한가... 스카이랩... | 첫돌 하루 앞둔 2025년생 아기, 동국제강 지주사 새 주주 됐다",2026-09-08,-0.0045,-0.012,,failure
001230,동국홀딩스,최대주주등소유주식변동신고서              ,major_shareholder_change,20260907,volatile,10,C,Major shareholder changes can increase volatility depending on context.,5,3,0,3,5,"상장 제약·바이오사 2Q 평균 영업이익 코스피 365억원, 코스닥 65억원 | [주식마감] 'AI 반도체' 기대감에 유리기판 필옵틱스 상한가... 스카이랩... | 첫돌 하루 앞둔 2025년생 아기, 동국제강 지주사 새 주주 됐다",2026-09-08,-0.0045,-0.012,,failure
001230,동국홀딩스,최대주주등소유주식변동신고서              ,major_shareholder_change,20260907,volatile,10,C,Major shareholder changes can increase volatility depending on context.,5,3,0,3,5,"상장 제약·바이오사 2Q 평균 영업이익 코스피 365억원, 코스닥 65억원 | [주식마감] 'AI 반도체' 기대감에 유리기판 필옵틱스 상한가... 스카이랩... | 첫돌 하루 앞둔 2025년생 아기, 동국제강 지주사 새 주주 됐다",2026-09-08,-0.0045,-0.012,,failure
001260,남광토건,[기재정정]단일판매ㆍ공급계약체결              ,supply_contract,20260907,positive,70,C,Supply contract disclosures may indicate future revenue growth.,5,2,1,1,5,"'330억 새 주인' 경영 전면으로…삼부토건, 리빌드 체제 본격화 | 9월 7일 주식시장 주요공시 | [개장 전 주요 공시] 더코디·STX그린로지스·남광토건·유진기업 등",2026-09-08,0.0204,-0.0026,,failure
001260,남광토건,[기재정정]단일판매ㆍ공급계약체결              ,supply_contract,20260907,positive,70,C,Supply contract disclosures may indicate future revenue growth.,5,2,1,1,5,"'330억 새 주인' 경영 전면으로…삼부토건, 리빌드 체제 본격화 | 9월 7일 주식시장 주요공시 | [개장 전 주요 공시] 더코디·STX그린로지스·남광토건·유진기업 등",2026-09-08,0.0204,-0.0026,,failure
001260,남광토건,[기재정정]단일판매ㆍ공급계약체결              ,supply_contract,20260907,positive,70,C,Supply contract disclosures may indicate future revenue growth.,5,2,1,1,5,"'330억 새 주인' 경영 전면으로…삼부토건, 리빌드 체제 본격화 | 9월 7일 주식시장 주요공시 | [개장 전 주요 공시] 더코디·STX그린로지스·남광토건·유진기업 등",2026-09-08,0.0204,-0.0026,,failure
001260,남광토건,[기재정정]단일판매ㆍ공급계약체결              ,supply_contract,20260907,positive,70,C,Supply contract disclosures may indicate future revenue growth.,5,2,1,1,5,"'330억 새 주인' 경영 전면으로…삼부토건, 리빌드 체제 본격화 | 9월 7일 주식시장 주요공시 | [개장 전 주요 공시] 더코디·STX그린로지스·남광토건·유진기업 등",2026-09-08,0.0204,-0.0026,,failure
001260,남광토건,[기재정정]단일판매ㆍ공급계약체결              ,supply_contract,20260907,positive,70,C,Supply contract disclosures may indicate future revenue growth.,5,2,1,1,5,"'330억 새 주인' 경영 전면으로…삼부토건, 리빌드 체제 본격화 | 9월 7일 주식시장 주요공시 | [개장 전 주요 공시] 더코디·STX그린로지스·남광토건·유진기업 등",2026-09-08,0.0204,-0.0026,,failure
001260,남광토건,[기재정정]단일판매ㆍ공급계약체결              ,supply_contract,20260907,positive,70,C,Supply contract disclosures may indicate future revenue growth.,5,2,1,1,5,"'330억 새 주인' 경영 전면으로…삼부토건, 리빌드 체제 본격화 | 9월 7일 주식시장 주요공시 | [개장 전 주요 공시] 더코디·STX그린로지스·남광토건·유진기업 등",2026-09-08,0.0204,-0.0026,,failure
900100,파이온엑스,[기재정정]주요사항보고서(유상증자결정),paid_in_capital_increase,20260907,negative,-70,C,Paid-in capital increases can create dilution concerns.,5,4,6,-2,5,9월 7일 주식시장 주요공시 | 9월 3일 주식시장 주요공시 | 새 주인 맞는 파이온엑스…100억 실탄 들고 바이오·항공 키운다,2026-09-08,-0.0403,-0.0047,,success
009150,삼성전기,최대주주등소유주식변동신고서              ,major_shareholder_change,20260907,volatile,10,C,Major shareholder changes can increase volatility depending on context.,5,2,4,-2,5,"‘아스트라發’ 반도체 훈풍 이어지나…코스피 7000선 회복[마켓시그널... | 코스피, 7000선 올라서자 '숨고르기'… 외국인·기관은 차익실현 | [개장시황] 코스피, 7000선 회복…반도체 숨고르기·2차전지 강세",2026-09-08,0.0014,-0.0172,,failure
217190,제너셈,단일판매ㆍ공급계약체결              ,supply_contract,20260907,positive,70,C,Supply contract disclosures may indicate future revenue growth.,5,8,0,8,5,9월 7일 주식시장 주요공시 | [EBN 데이터센터] AI 연산 수요 기대에 HBM주 질주 | [오늘의 주요공시] 한화에어로스페이스·LG전자·한국카본 등,2026-09-08,0.0016,0.0217,,success
046940,우원개발,[기재정정]단일판매ㆍ공급계약체결              ,supply_contract,20260907,positive,70,C,Supply contract disclosures may indicate future revenue growth.,5,13,5,8,5,"9월 7일 주식시장 주요공시 | 지자체 인프라 발주 기지개…남화토건, 지역 기반 사업 탄탄한 훈풍 | [데이터 뉴스룸] 건설업체 50곳 1년 새 매출 8% 하락에 침울…현대건설...",2026-09-08,0.0086,-0.0034,,failure
226340,본느,[기재정정]최대주주변경을수반하는주식양수도계약체결              ,major_shareholder_change,20260907,volatile,10,C,Major shareholder changes can increase volatility depending on context.,5,5,5,0,5,"9월 7일 주식시장 주요공시 | [EBN 데이터센터] 코스피, 6800선 돌파 상승 출발…외국인·기관 동반 매... | 본느, 구주 매각일까지 반기보고서 제출 어려워… 구미현 잔금 납입도 ...",2026-09-08,0.0105,0.0,,failure
000210,DL,[기재정정]단일판매ㆍ공급계약체결(자회사의 주요경영사항)              ,supply_contract,20260907,positive,70,C,Supply contract disclosures may indicate future revenue growth.,5,9,2,7,5,"서전기전·오르비텍 나란히 상한가 근접…원전株 무더기 폭등랠이 왜? | 조절 불충분 T2DM에 아나글립틴 대안...“식후·TIR 개선” | 삼성물산, 2.4조 목동13단지 재건축 단독 응찰…수의계약 가능성",2026-09-08,0.0074,0.0242,,success
375500,DL이앤씨,[기재정정]단일판매ㆍ공급계약체결              ,supply_contract,20260907,positive,70,C,Supply contract disclosures may indicate future revenue growth.,5,5,0,5,5,"서전기전·오르비텍 나란히 상한가 근접…원전株 무더기 폭등랠이 왜? | 삼성물산, 2.4조 목동13단지 재건축 단독 응찰…수의계약 가능성 | 9월 7일 주식시장 주요공시",2026-09-08,0.0064,0.0064,,success
268280,미원에스씨,최대주주등소유주식변동신고서              ,major_shareholder_change,20260907,volatile,10,C,Major shareholder changes can increase volatility depending on context.,5,2,1,1,5,"[공시] 9월 8일, 코스피 상장사 43개 종목 자사주 매수 신청 | [Biz&Law] 미원에스씨, 美 상무부 상대로 반덤핑 관세 불복 소송 | [공시] 9월 7일, 코스피 상장사 42개 종목 자사주 매수 신청",2026-09-08,0.0,-0.0158,,failure
049120,파인디앤씨,주요사항보고서(유상증자결정),paid_in_capital_increase,20260907,negative,-70,C,Paid-in capital increases can create dilution concerns.,5,8,5,3,5,"[코스피·코스닥, 셀트리온 LG전자 나우로보틱스 비나텍파 인디앤씨 제... | [코스피·코스닥지수] 파인디앤씨, 60억원 유상증자…파인엠텍에 제3자... | [N2 모닝 경제 브리핑-9월 8일] 美 증시, 노동절 맞아 휴장…주요 공시 ...",2026-09-08,0.0,-0.0202,,success
112610,씨에스윈드,단일판매ㆍ공급계약체결              ,supply_contract,20260907,positive,70,C,Supply contract disclosures may indicate future revenue growth.,5,10,0,10,5,"페로타임즈 손바닥뉴스 9월8일(화) | 씨에스윈드, 美 베스타스에 풍력타워 1510억 원 공급 | [N2 모닝 경제 브리핑-9월 8일] 美 증시, 노동절 맞아 휴장…주요 공시 ...",2026-09-08,0.0184,0.0071,,success
112610,씨에스윈드,단일판매ㆍ공급계약체결              ,supply_contract,20260907,positive,70,C,Supply contract disclosures may indicate future revenue growth.,5,10,0,10,5,"페로타임즈 손바닥뉴스 9월8일(화) | 씨에스윈드, 美 베스타스에 풍력타워 1510억 원 공급 | [N2 모닝 경제 브리핑-9월 8일] 美 증시, 노동절 맞아 휴장…주요 공시 ...",2026-09-08,0.0184,0.0071,,success
045100,한양이엔지,단일판매ㆍ공급계약체결              ,supply_contract,20260907,positive,70,C,Supply contract disclosures may indicate future revenue growth.,5,13,1,12,5,"서전기전·오르비텍 나란히 상한가 근접…원전株 무더기 폭등랠이 왜? | 9월 7일 주식시장 주요공시 | [N2 모닝 경제 브리핑-9월 8일] 美 증시, 노동절 맞아 휴장…주요 공시 ...",2026-09-08,-0.0016,0.0,,failure
010400,우진아이엔에스,최대주주등소유주식변동신고서              ,major_shareholder_change,20260907,volatile,10,C,Major shareholder changes can increase volatility depending on context.,5,0,1,-1,5,"우진아이엔에스, 최대주주 등 지분율 52.23%로 축소 | [더벨][지배구조 분석 | 우진아이엔에스] 규제권 진입 목전, 경영승계·... | 한국거래소, 8월 밸류업 신규 참여 9개 기업…대규모 주주환원도 이어져",2026-09-08,0.0,-0.0059,,failure
010400,우진아이엔에스,최대주주등소유주식변동신고서              ,major_shareholder_change,20260907,volatile,10,C,Major shareholder changes can increase volatility depending on context.,5,0,1,-1,5,"우진아이엔에스, 최대주주 등 지분율 52.23%로 축소 | [더벨][지배구조 분석 | 우진아이엔에스] 규제권 진입 목전, 경영승계·... | 한국거래소, 8월 밸류업 신규 참여 9개 기업…대규모 주주환원도 이어져",2026-09-08,0.0,-0.0059,,failure
010130,고려아연,소송등의판결ㆍ결정              ,lawsuit,20260907,negative,-75,C,Lawsuits may increase uncertainty and downside risk.,5,3,2,1,5,"""최윤범家, 엑시트 후 합병""…영풍ㆍMBK ""고려아연 위험액 390억"" | 국민연금, 고려아연 주주총회에 대한 의결권 행사 방향 결정 | [뉴스 앤 데이터] 상법 개정 앞두고 대기업 “이사회 줄이고 감사위원 ...",2026-09-08,0.0253,0.0057,,failure
012200,계양전기,유상증자또는주식관련사채등의청약결과(자율공시)              ,paid_in_capital_increase,20260907,negative,-70,C,Paid-in capital increases can create dilution concerns.,5,4,2,2,5,"현대모비스, 자동차부품 브랜드평판 1위…한국타이어앤테크놀로지·한온... | [브랜드평판] 현대모비스, 자동차부품 상장기업 9월 1위... 한국타이어앤... | [공시]계양전기 유증 실권주 244만주 폭탄 떠안아",2026-09-08,0.0082,0.0027,,failure
220100,퓨쳐켐,[기재정정]유상증자또는주식관련사채등의청약결과(자율공시)              ,paid_in_capital_increase,20260907,negative,-70,C,Paid-in capital increases can create dilution concerns.,5,2,4,-2,5,"퓨쳐켐, 유상증자 청약률 106.6% 초과 달성 | 퓨쳐켐 유상증자 구주주 청약률 106.6%, 전립선암 치료제 임상에 200억 투... | ADC '틈새' 공략…한국이 차세대 항암제 RPT 노리는 이유",2026-09-08,0.0049,0.0012,,failure
084870,티비에이치글로벌,최대주주등소유주식변동신고서              ,major_shareholder_change,20260907,volatile,10,C,Major shareholder changes can increase volatility depending on context.,5,1,0,1,5,"티비에이치글로벌 최대주주 측 지분 51.44%로 상승했다 | 4000주 장내매수, 금강레저 지분 10.82% | 티비에이치글로벌 상무, 6700주 보유 보고",2026-09-08,0.0,-0.0045,,failure
084870,티비에이치글로벌,최대주주등소유주식변동신고서              ,major_shareholder_change,20260907,volatile,10,C,Major shareholder changes can increase volatility depending on context.,5,1,0,1,5,"티비에이치글로벌 최대주주 측 지분 51.44%로 상승했다 | 4000주 장내매수, 금강레저 지분 10.82% | 티비에이치글로벌 상무, 6700주 보유 보고",2026-09-08,0.0,-0.0045,,failure
084870,티비에이치글로벌,최대주주등소유주식변동신고서              ,major_shareholder_change,20260907,volatile,10,C,Major shareholder changes can increase volatility depending on context.,5,1,0,1,5,"티비에이치글로벌 최대주주 측 지분 51.44%로 상승했다 | 4000주 장내매수, 금강레저 지분 10.82% | 티비에이치글로벌 상무, 6700주 보유 보고",2026-09-08,0.0,-0.0045,,failure
084870,티비에이치글로벌,최대주주등소유주식변동신고서              ,major_shareholder_change,20260907,volatile,10,C,Major shareholder changes can increase volatility depending on context.,5,1,0,1,5,"티비에이치글로벌 최대주주 측 지분 51.44%로 상승했다 | 4000주 장내매수, 금강레저 지분 10.82% | 티비에이치글로벌 상무, 6700주 보유 보고",2026-09-08,0.0,-0.0045,,failure
084870,티비에이치글로벌,최대주주등소유주식변동신고서              ,major_shareholder_change,20260907,volatile,10,C,Major shareholder changes can increase volatility depending on context.,5,1,0,1,5,"티비에이치글로벌 최대주주 측 지분 51.44%로 상승했다 | 4000주 장내매수, 금강레저 지분 10.82% | 티비에이치글로벌 상무, 6700주 보유 보고",2026-09-08,0.0,-0.0045,,failure
255220,SG,유상증자또는주식관련사채등의청약결과(자율공시)              ,paid_in_capital_increase,20260907,negative,-70,C,Paid-in capital increases can create dilution concerns.,5,6,0,6,5,"[특징주] 두산에너빌리티, 한미 원전 협력 기대에 이틀째 강세…9만원 ... | 키움證 “한미 원전 협력 가시화⋯두산에너빌리티 수혜 직관적” | 현대모비스, 자동차부품 브랜드평판 1위…한국타이어앤테크놀로지·한온...",2026-09-08,0.0,0.0183,,failure
068270,셀트리온,투자판단관련주요경영사항              (CTP44(다잘렉스 바이오시밀러) 한국 임상 3상 시험계획 변경신청 승인),investment_decision,20260907,volatile,30,C,Investment decisions can be positive or negative depending on scale and funding source.,5,4,0,4,5,"셀트리온, 日 최대 바이오 클러스터와 유망 스타트업 키운다 | 셀트리온, 日 고베 바이오클러스터와 오픈이노베이션…“유망 바이오 기... | 셀트리온, 일본 KBIC와 바이오 스타트업 육성 프로그램 출범",2026-09-08,0.0064,-0.0054,,failure
068270,셀트리온,투자판단관련주요경영사항              (CTP44(다잘렉스 바이오시밀러) 한국 임상 3상 시험계획 변경신청 승인),investment_decision,20260907,volatile,30,C,Investment decisions can be positive or negative depending on scale and funding source.,5,4,0,4,5,"셀트리온, 日 최대 바이오 클러스터와 유망 스타트업 키운다 | 셀트리온, 日 고베 바이오클러스터와 오픈이노베이션…“유망 바이오 기... | 셀트리온, 일본 KBIC와 바이오 스타트업 육성 프로그램 출범",2026-09-08,0.0064,-0.0054,,failure
068270,셀트리온,투자판단관련주요경영사항              (CTP44(다잘렉스 바이오시밀러) 한국 임상 3상 시험계획 변경신청 승인),investment_decision,20260907,volatile,30,C,Investment decisions can be positive or negative depending on scale and funding source.,5,4,0,4,5,"셀트리온, 日 최대 바이오 클러스터와 유망 스타트업 키운다 | 셀트리온, 日 고베 바이오클러스터와 오픈이노베이션…“유망 바이오 기... | 셀트리온, 일본 KBIC와 바이오 스타트업 육성 프로그램 출범",2026-09-08,0.0064,-0.0054,,failure
068270,셀트리온,투자판단관련주요경영사항              (CTP44(다잘렉스 바이오시밀러) 한국 임상 3상 시험계획 변경신청 승인),investment_decision,20260907,volatile,30,C,Investment decisions can be positive or negative depending on scale and funding source.,5,4,0,4,5,"셀트리온, 日 최대 바이오 클러스터와 유망 스타트업 키운다 | 셀트리온, 日 고베 바이오클러스터와 오픈이노베이션…“유망 바이오 기... | 셀트리온, 일본 KBIC와 바이오 스타트업 육성 프로그램 출범",2026-09-08,0.0064,-0.0054,,failure
068270,셀트리온,투자판단관련주요경영사항              (CTP44(다잘렉스 바이오시밀러) 한국 임상 3상 시험계획 변경신청 승인),investment_decision,20260907,volatile,30,C,Investment decisions can be positive or negative depending on scale and funding source.,5,4,0,4,5,"셀트리온, 日 최대 바이오 클러스터와 유망 스타트업 키운다 | 셀트리온, 日 고베 바이오클러스터와 오픈이노베이션…“유망 바이오 기... | 셀트리온, 일본 KBIC와 바이오 스타트업 육성 프로그램 출범",2026-09-08,0.0064,-0.0054,,failure
068270,셀트리온,투자판단관련주요경영사항              (CTP44(다잘렉스 바이오시밀러) 한국 임상 3상 시험계획 변경신청 승인),investment_decision,20260907,volatile,30,C,Investment decisions can be positive or negative depending on scale and funding source.,5,4,0,4,5,"셀트리온, 日 최대 바이오 클러스터와 유망 스타트업 키운다 | 셀트리온, 日 고베 바이오클러스터와 오픈이노베이션…“유망 바이오 기... | 셀트리온, 일본 KBIC와 바이오 스타트업 육성 프로그램 출범",2026-09-08,0.0064,-0.0054,,failure
068270,셀트리온,투자판단관련주요경영사항              (CTP44(다잘렉스 바이오시밀러) 한국 임상 3상 시험계획 변경신청 승인),investment_decision,20260907,volatile,30,C,Investment decisions can be positive or negative depending on scale and funding source.,5,4,0,4,5,"셀트리온, 日 최대 바이오 클러스터와 유망 스타트업 키운다 | 셀트리온, 日 고베 바이오클러스터와 오픈이노베이션…“유망 바이오 기... | 셀트리온, 일본 KBIC와 바이오 스타트업 육성 프로그램 출범",2026-09-08,0.0064,-0.0054,,failure
068270,셀트리온,투자판단관련주요경영사항              (CTP44(다잘렉스 바이오시밀러) 한국 임상 3상 시험계획 변경신청 승인),investment_decision,20260907,volatile,30,C,Investment decisions can be positive or negative depending on scale and funding source.,5,4,0,4,5,"셀트리온, 日 최대 바이오 클러스터와 유망 스타트업 키운다 | 셀트리온, 日 고베 바이오클러스터와 오픈이노베이션…“유망 바이오 기... | 셀트리온, 일본 KBIC와 바이오 스타트업 육성 프로그램 출범",2026-09-08,0.0064,-0.0054,,failure
068270,셀트리온,투자판단관련주요경영사항              (CTP44(다잘렉스 바이오시밀러) 한국 임상 3상 시험계획 변경신청 승인),investment_decision,20260907,volatile,30,C,Investment decisions can be positive or negative depending on scale and funding source.,5,4,0,4,5,"셀트리온, 日 최대 바이오 클러스터와 유망 스타트업 키운다 | 셀트리온, 日 고베 바이오클러스터와 오픈이노베이션…“유망 바이오 기... | 셀트리온, 일본 KBIC와 바이오 스타트업 육성 프로그램 출범",2026-09-08,0.0064,-0.0054,,failure
068270,셀트리온,투자판단관련주요경영사항              (CTP44(다잘렉스 바이오시밀러) 한국 임상 3상 시험계획 변경신청 승인),investment_decision,20260907,volatile,30,C,Investment decisions can be positive or negative depending on scale and funding source.,5,4,0,4,5,"셀트리온, 日 최대 바이오 클러스터와 유망 스타트업 키운다 | 셀트리온, 日 고베 바이오클러스터와 오픈이노베이션…“유망 바이오 기... | 셀트리온, 일본 KBIC와 바이오 스타트업 육성 프로그램 출범",2026-09-08,0.0064,-0.0054,,failure
068270,셀트리온,투자판단관련주요경영사항              (CTP44(다잘렉스 바이오시밀러) 한국 임상 3상 시험계획 변경신청 승인),investment_decision,20260907,volatile,30,C,Investment decisions can be positive or negative depending on scale and funding source.,5,4,0,4,5,"셀트리온, 日 최대 바이오 클러스터와 유망 스타트업 키운다 | 셀트리온, 日 고베 바이오클러스터와 오픈이노베이션…“유망 바이오 기... | 셀트리온, 일본 KBIC와 바이오 스타트업 육성 프로그램 출범",2026-09-08,0.0064,-0.0054,,failure
068270,셀트리온,투자판단관련주요경영사항              (CTP44(다잘렉스 바이오시밀러) 한국 임상 3상 시험계획 변경신청 승인),investment_decision,20260907,volatile,30,C,Investment decisions can be positive or negative depending on scale and funding source.,5,4,0,4,5,"셀트리온, 日 최대 바이오 클러스터와 유망 스타트업 키운다 | 셀트리온, 日 고베 바이오클러스터와 오픈이노베이션…“유망 바이오 기... | 셀트리온, 일본 KBIC와 바이오 스타트업 육성 프로그램 출범",2026-09-08,0.0064,-0.0054,,failure
068270,셀트리온,투자판단관련주요경영사항              (CTP44(다잘렉스 바이오시밀러) 한국 임상 3상 시험계획 변경신청 승인),investment_decision,20260907,volatile,30,C,Investment decisions can be positive or negative depending on scale and funding source.,5,4,0,4,5,"셀트리온, 日 최대 바이오 클러스터와 유망 스타트업 키운다 | 셀트리온, 日 고베 바이오클러스터와 오픈이노베이션…“유망 바이오 기... | 셀트리온, 일본 KBIC와 바이오 스타트업 육성 프로그램 출범",2026-09-08,0.0064,-0.0054,,failure
068270,셀트리온,투자판단관련주요경영사항              (CTP44(다잘렉스 바이오시밀러) 한국 임상 3상 시험계획 변경신청 승인),investment_decision,20260907,volatile,30,C,Investment decisions can be positive or negative depending on scale and funding source.,5,4,0,4,5,"셀트리온, 日 최대 바이오 클러스터와 유망 스타트업 키운다 | 셀트리온, 日 고베 바이오클러스터와 오픈이노베이션…“유망 바이오 기... | 셀트리온, 일본 KBIC와 바이오 스타트업 육성 프로그램 출범",2026-09-08,0.0064,-0.0054,,failure
068270,셀트리온,투자판단관련주요경영사항              (CTP44(다잘렉스 바이오시밀러) 한국 임상 3상 시험계획 변경신청 승인),investment_decision,20260907,volatile,30,C,Investment decisions can be positive or negative depending on scale and funding source.,5,4,0,4,5,"셀트리온, 日 최대 바이오 클러스터와 유망 스타트업 키운다 | 셀트리온, 日 고베 바이오클러스터와 오픈이노베이션…“유망 바이오 기... | 셀트리온, 일본 KBIC와 바이오 스타트업 육성 프로그램 출범",2026-09-08,0.0064,-0.0054,,failure
068270,셀트리온,투자판단관련주요경영사항              (CTP44(다잘렉스 바이오시밀러) 한국 임상 3상 시험계획 변경신청 승인),investment_decision,20260907,volatile,30,C,Investment decisions can be positive or negative depending on scale and funding source.,5,4,0,4,5,"셀트리온, 日 최대 바이오 클러스터와 유망 스타트업 키운다 | 셀트리온, 日 고베 바이오클러스터와 오픈이노베이션…“유망 바이오 기... | 셀트리온, 일본 KBIC와 바이오 스타트업 육성 프로그램 출범",2026-09-08,0.0064,-0.0054,,failure
068270,셀트리온,투자판단관련주요경영사항              (CTP44(다잘렉스 바이오시밀러) 한국 임상 3상 시험계획 변경신청 승인),investment_decision,20260907,volatile,30,C,Investment decisions can be positive or negative depending on scale and funding source.,5,4,0,4,5,"셀트리온, 日 최대 바이오 클러스터와 유망 스타트업 키운다 | 셀트리온, 日 고베 바이오클러스터와 오픈이노베이션…“유망 바이오 기... | 셀트리온, 일본 KBIC와 바이오 스타트업 육성 프로그램 출범",2026-09-08,0.0064,-0.0054,,failure
068270,셀트리온,투자판단관련주요경영사항              (CTP44(다잘렉스 바이오시밀러) 한국 임상 3상 시험계획 변경신청 승인),investment_decision,20260907,volatile,30,C,Investment decisions can be positive or negative depending on scale and funding source.,5,4,0,4,5,"셀트리온, 日 최대 바이오 클러스터와 유망 스타트업 키운다 | 셀트리온, 日 고베 바이오클러스터와 오픈이노베이션…“유망 바이오 기... | 셀트리온, 일본 KBIC와 바이오 스타트업 육성 프로그램 출범",2026-09-08,0.0064,-0.0054,,failure
068270,셀트리온,투자판단관련주요경영사항              (CTP44(다잘렉스 바이오시밀러) 한국 임상 3상 시험계획 변경신청 승인),investment_decision,20260907,volatile,30,C,Investment decisions can be positive or negative depending on scale and funding source.,5,4,0,4,5,"셀트리온, 日 최대 바이오 클러스터와 유망 스타트업 키운다 | 셀트리온, 日 고베 바이오클러스터와 오픈이노베이션…“유망 바이오 기... | 셀트리온, 일본 KBIC와 바이오 스타트업 육성 프로그램 출범",2026-09-08,0.0064,-0.0054,,failure
068270,셀트리온,투자판단관련주요경영사항              (CTP44(다잘렉스 바이오시밀러) 한국 임상 3상 시험계획 변경신청 승인),investment_decision,20260907,volatile,30,C,Investment decisions can be positive or negative depending on scale and funding source.,5,4,0,4,5,"셀트리온, 日 최대 바이오 클러스터와 유망 스타트업 키운다 | 셀트리온, 日 고베 바이오클러스터와 오픈이노베이션…“유망 바이오 기... | 셀트리온, 일본 KBIC와 바이오 스타트업 육성 프로그램 출범",2026-09-08,0.0064,-0.0054,,failure
068270,셀트리온,투자판단관련주요경영사항              (CTP44(다잘렉스 바이오시밀러) 한국 임상 3상 시험계획 변경신청 승인),investment_decision,20260907,volatile,30,C,Investment decisions can be positive or negative depending on scale and funding source.,5,4,0,4,5,"셀트리온, 日 최대 바이오 클러스터와 유망 스타트업 키운다 | 셀트리온, 日 고베 바이오클러스터와 오픈이노베이션…“유망 바이오 기... | 셀트리온, 일본 KBIC와 바이오 스타트업 육성 프로그램 출범",2026-09-08,0.0064,-0.0054,,failure
068270,셀트리온,투자판단관련주요경영사항              (CTP44(다잘렉스 바이오시밀러) 한국 임상 3상 시험계획 변경신청 승인),investment_decision,20260907,volatile,30,C,Investment decisions can be positive or negative depending on scale and funding source.,5,4,0,4,5,"셀트리온, 日 최대 바이오 클러스터와 유망 스타트업 키운다 | 셀트리온, 日 고베 바이오클러스터와 오픈이노베이션…“유망 바이오 기... | 셀트리온, 일본 KBIC와 바이오 스타트업 육성 프로그램 출범",2026-09-08,0.0064,-0.0054,,failure
068270,셀트리온,투자판단관련주요경영사항              (CTP44(다잘렉스 바이오시밀러) 한국 임상 3상 시험계획 변경신청 승인),investment_decision,20260907,volatile,30,C,Investment decisions can be positive or negative depending on scale and funding source.,5,4,0,4,5,"셀트리온, 日 최대 바이오 클러스터와 유망 스타트업 키운다 | 셀트리온, 日 고베 바이오클러스터와 오픈이노베이션…“유망 바이오 기... | 셀트리온, 일본 KBIC와 바이오 스타트업 육성 프로그램 출범",2026-09-08,0.0064,-0.0054,,failure
068270,셀트리온,투자판단관련주요경영사항              (CTP44(다잘렉스 바이오시밀러) 한국 임상 3상 시험계획 변경신청 승인),investment_decision,20260907,volatile,30,C,Investment decisions can be positive or negative depending on scale and funding source.,5,4,0,4,5,"셀트리온, 日 최대 바이오 클러스터와 유망 스타트업 키운다 | 셀트리온, 日 고베 바이오클러스터와 오픈이노베이션…“유망 바이오 기... | 셀트리온, 일본 KBIC와 바이오 스타트업 육성 프로그램 출범",2026-09-08,0.0064,-0.0054,,failure
068270,셀트리온,투자판단관련주요경영사항              (CTP44(다잘렉스 바이오시밀러) 한국 임상 3상 시험계획 변경신청 승인),investment_decision,20260907,volatile,30,C,Investment decisions can be positive or negative depending on scale and funding source.,5,4,0,4,5,"셀트리온, 日 최대 바이오 클러스터와 유망 스타트업 키운다 | 셀트리온, 日 고베 바이오클러스터와 오픈이노베이션…“유망 바이오 기... | 셀트리온, 일본 KBIC와 바이오 스타트업 육성 프로그램 출범",2026-09-08,0.0064,-0.0054,,failure
068270,셀트리온,투자판단관련주요경영사항              (CTP44(다잘렉스 바이오시밀러) 한국 임상 3상 시험계획 변경신청 승인),investment_decision,20260907,volatile,30,C,Investment decisions can be positive or negative depending on scale and funding source.,5,4,0,4,5,"셀트리온, 日 최대 바이오 클러스터와 유망 스타트업 키운다 | 셀트리온, 日 고베 바이오클러스터와 오픈이노베이션…“유망 바이오 기... | 셀트리온, 일본 KBIC와 바이오 스타트업 육성 프로그램 출범",2026-09-08,0.0064,-0.0054,,failure
068270,셀트리온,투자판단관련주요경영사항              (CTP44(다잘렉스 바이오시밀러) 한국 임상 3상 시험계획 변경신청 승인),investment_decision,20260907,volatile,30,C,Investment decisions can be positive or negative depending on scale and funding source.,5,4,0,4,5,"셀트리온, 日 최대 바이오 클러스터와 유망 스타트업 키운다 | 셀트리온, 日 고베 바이오클러스터와 오픈이노베이션…“유망 바이오 기... | 셀트리온, 일본 KBIC와 바이오 스타트업 육성 프로그램 출범",2026-09-08,0.0064,-0.0054,,failure
068270,셀트리온,투자판단관련주요경영사항              (CTP44(다잘렉스 바이오시밀러) 한국 임상 3상 시험계획 변경신청 승인),investment_decision,20260907,volatile,30,C,Investment decisions can be positive or negative depending on scale and funding source.,5,4,0,4,5,"셀트리온, 日 최대 바이오 클러스터와 유망 스타트업 키운다 | 셀트리온, 日 고베 바이오클러스터와 오픈이노베이션…“유망 바이오 기... | 셀트리온, 일본 KBIC와 바이오 스타트업 육성 프로그램 출범",2026-09-08,0.0064,-0.0054,,failure
068270,셀트리온,투자판단관련주요경영사항              (CTP44(다잘렉스 바이오시밀러) 한국 임상 3상 시험계획 변경신청 승인),investment_decision,20260907,volatile,30,C,Investment decisions can be positive or negative depending on scale and funding source.,5,4,0,4,5,"셀트리온, 日 최대 바이오 클러스터와 유망 스타트업 키운다 | 셀트리온, 日 고베 바이오클러스터와 오픈이노베이션…“유망 바이오 기... | 셀트리온, 일본 KBIC와 바이오 스타트업 육성 프로그램 출범",2026-09-08,0.0064,-0.0054,,failure
068270,셀트리온,투자판단관련주요경영사항              (CTP44(다잘렉스 바이오시밀러) 한국 임상 3상 시험계획 변경신청 승인),investment_decision,20260907,volatile,30,C,Investment decisions can be positive or negative depending on scale and funding source.,5,4,0,4,5,"셀트리온, 日 최대 바이오 클러스터와 유망 스타트업 키운다 | 셀트리온, 日 고베 바이오클러스터와 오픈이노베이션…“유망 바이오 기... | 셀트리온, 일본 KBIC와 바이오 스타트업 육성 프로그램 출범",2026-09-08,0.0064,-0.0054,,failure
068270,셀트리온,투자판단관련주요경영사항              (CTP44(다잘렉스 바이오시밀러) 한국 임상 3상 시험계획 변경신청 승인),investment_decision,20260907,volatile,30,C,Investment decisions can be positive or negative depending on scale and funding source.,5,4,0,4,5,"셀트리온, 日 최대 바이오 클러스터와 유망 스타트업 키운다 | 셀트리온, 日 고베 바이오클러스터와 오픈이노베이션…“유망 바이오 기... | 셀트리온, 일본 KBIC와 바이오 스타트업 육성 프로그램 출범",2026-09-08,0.0064,-0.0054,,failure
068270,셀트리온,투자판단관련주요경영사항              (CTP44(다잘렉스 바이오시밀러) 한국 임상 3상 시험계획 변경신청 승인),investment_decision,20260907,volatile,30,C,Investment decisions can be positive or negative depending on scale and funding source.,5,4,0,4,5,"셀트리온, 日 최대 바이오 클러스터와 유망 스타트업 키운다 | 셀트리온, 日 고베 바이오클러스터와 오픈이노베이션…“유망 바이오 기... | 셀트리온, 일본 KBIC와 바이오 스타트업 육성 프로그램 출범",2026-09-08,0.0064,-0.0054,,failure
068270,셀트리온,투자판단관련주요경영사항              (CTP51(키트루다 바이오시밀러) 미국 임상 3상 시험계획 변경신청 승인),investment_decision,20260907,volatile,30,C,Investment decisions can be positive or negative depending on scale and funding source.,5,4,0,4,5,"셀트리온, 日 최대 바이오 클러스터와 유망 스타트업 키운다 | 셀트리온, 日 고베 바이오클러스터와 오픈이노베이션…“유망 바이오 기... | 셀트리온, 일본 KBIC와 바이오 스타트업 육성 프로그램 출범",2026-09-08,0.0064,-0.0054,,failure
068270,셀트리온,투자판단관련주요경영사항              (CTP51(키트루다 바이오시밀러) 미국 임상 3상 시험계획 변경신청 승인),investment_decision,20260907,volatile,30,C,Investment decisions can be positive or negative depending on scale and funding source.,5,4,0,4,5,"셀트리온, 日 최대 바이오 클러스터와 유망 스타트업 키운다 | 셀트리온, 日 고베 바이오클러스터와 오픈이노베이션…“유망 바이오 기... | 셀트리온, 일본 KBIC와 바이오 스타트업 육성 프로그램 출범",2026-09-08,0.0064,-0.0054,,failure
068270,셀트리온,투자판단관련주요경영사항              (CTP51(키트루다 바이오시밀러) 미국 임상 3상 시험계획 변경신청 승인),investment_decision,20260907,volatile,30,C,Investment decisions can be positive or negative depending on scale and funding source.,5,4,0,4,5,"셀트리온, 日 최대 바이오 클러스터와 유망 스타트업 키운다 | 셀트리온, 日 고베 바이오클러스터와 오픈이노베이션…“유망 바이오 기... | 셀트리온, 일본 KBIC와 바이오 스타트업 육성 프로그램 출범",2026-09-08,0.0064,-0.0054,,failure
068270,셀트리온,투자판단관련주요경영사항              (CTP51(키트루다 바이오시밀러) 미국 임상 3상 시험계획 변경신청 승인),investment_decision,20260907,volatile,30,C,Investment decisions can be positive or negative depending on scale and funding source.,5,4,0,4,5,"셀트리온, 日 최대 바이오 클러스터와 유망 스타트업 키운다 | 셀트리온, 日 고베 바이오클러스터와 오픈이노베이션…“유망 바이오 기... | 셀트리온, 일본 KBIC와 바이오 스타트업 육성 프로그램 출범",2026-09-08,0.0064,-0.0054,,failure
068270,셀트리온,투자판단관련주요경영사항              (CTP51(키트루다 바이오시밀러) 미국 임상 3상 시험계획 변경신청 승인),investment_decision,20260907,volatile,30,C,Investment decisions can be positive or negative depending on scale and funding source.,5,4,0,4,5,"셀트리온, 日 최대 바이오 클러스터와 유망 스타트업 키운다 | 셀트리온, 日 고베 바이오클러스터와 오픈이노베이션…“유망 바이오 기... | 셀트리온, 일본 KBIC와 바이오 스타트업 육성 프로그램 출범",2026-09-08,0.0064,-0.0054,,failure
068270,셀트리온,투자판단관련주요경영사항              (CTP51(키트루다 바이오시밀러) 미국 임상 3상 시험계획 변경신청 승인),investment_decision,20260907,volatile,30,C,Investment decisions can be positive or negative depending on scale and funding source.,5,4,0,4,5,"셀트리온, 日 최대 바이오 클러스터와 유망 스타트업 키운다 | 셀트리온, 日 고베 바이오클러스터와 오픈이노베이션…“유망 바이오 기... | 셀트리온, 일본 KBIC와 바이오 스타트업 육성 프로그램 출범",2026-09-08,0.0064,-0.0054,,failure
068270,셀트리온,투자판단관련주요경영사항              (CTP51(키트루다 바이오시밀러) 미국 임상 3상 시험계획 변경신청 승인),investment_decision,20260907,volatile,30,C,Investment decisions can be positive or negative depending on scale and funding source.,5,4,0,4,5,"셀트리온, 日 최대 바이오 클러스터와 유망 스타트업 키운다 | 셀트리온, 日 고베 바이오클러스터와 오픈이노베이션…“유망 바이오 기... | 셀트리온, 일본 KBIC와 바이오 스타트업 육성 프로그램 출범",2026-09-08,0.0064,-0.0054,,failure
068270,셀트리온,투자판단관련주요경영사항              (CTP51(키트루다 바이오시밀러) 미국 임상 3상 시험계획 변경신청 승인),investment_decision,20260907,volatile,30,C,Investment decisions can be positive or negative depending on scale and funding source.,5,4,0,4,5,"셀트리온, 日 최대 바이오 클러스터와 유망 스타트업 키운다 | 셀트리온, 日 고베 바이오클러스터와 오픈이노베이션…“유망 바이오 기... | 셀트리온, 일본 KBIC와 바이오 스타트업 육성 프로그램 출범",2026-09-08,0.0064,-0.0054,,failure
068270,셀트리온,투자판단관련주요경영사항              (CTP51(키트루다 바이오시밀러) 미국 임상 3상 시험계획 변경신청 승인),investment_decision,20260907,volatile,30,C,Investment decisions can be positive or negative depending on scale and funding source.,5,4,0,4,5,"셀트리온, 日 최대 바이오 클러스터와 유망 스타트업 키운다 | 셀트리온, 日 고베 바이오클러스터와 오픈이노베이션…“유망 바이오 기... | 셀트리온, 일본 KBIC와 바이오 스타트업 육성 프로그램 출범",2026-09-08,0.0064,-0.0054,,failure
068270,셀트리온,투자판단관련주요경영사항              (CTP51(키트루다 바이오시밀러) 미국 임상 3상 시험계획 변경신청 승인),investment_decision,20260907,volatile,30,C,Investment decisions can be positive or negative depending on scale and funding source.,5,4,0,4,5,"셀트리온, 日 최대 바이오 클러스터와 유망 스타트업 키운다 | 셀트리온, 日 고베 바이오클러스터와 오픈이노베이션…“유망 바이오 기... | 셀트리온, 일본 KBIC와 바이오 스타트업 육성 프로그램 출범",2026-09-08,0.0064,-0.0054,,failure
068270,셀트리온,투자판단관련주요경영사항              (CTP51(키트루다 바이오시밀러) 미국 임상 3상 시험계획 변경신청 승인),investment_decision,20260907,volatile,30,C,Investment decisions can be positive or negative depending on scale and funding source.,5,4,0,4,5,"셀트리온, 日 최대 바이오 클러스터와 유망 스타트업 키운다 | 셀트리온, 日 고베 바이오클러스터와 오픈이노베이션…“유망 바이오 기... | 셀트리온, 일본 KBIC와 바이오 스타트업 육성 프로그램 출범",2026-09-08,0.0064,-0.0054,,failure
068270,셀트리온,투자판단관련주요경영사항              (CTP51(키트루다 바이오시밀러) 미국 임상 3상 시험계획 변경신청 승인),investment_decision,20260907,volatile,30,C,Investment decisions can be positive or negative depending on scale and funding source.,5,4,0,4,5,"셀트리온, 日 최대 바이오 클러스터와 유망 스타트업 키운다 | 셀트리온, 日 고베 바이오클러스터와 오픈이노베이션…“유망 바이오 기... | 셀트리온, 일본 KBIC와 바이오 스타트업 육성 프로그램 출범",2026-09-08,0.0064,-0.0054,,failure
068270,셀트리온,투자판단관련주요경영사항              (CTP51(키트루다 바이오시밀러) 미국 임상 3상 시험계획 변경신청 승인),investment_decision,20260907,volatile,30,C,Investment decisions can be positive or negative depending on scale and funding source.,5,4,0,4,5,"셀트리온, 日 최대 바이오 클러스터와 유망 스타트업 키운다 | 셀트리온, 日 고베 바이오클러스터와 오픈이노베이션…“유망 바이오 기... | 셀트리온, 일본 KBIC와 바이오 스타트업 육성 프로그램 출범",2026-09-08,0.0064,-0.0054,,failure
068270,셀트리온,투자판단관련주요경영사항              (CTP51(키트루다 바이오시밀러) 미국 임상 3상 시험계획 변경신청 승인),investment_decision,20260907,volatile,30,C,Investment decisions can be positive or negative depending on scale and funding source.,5,4,0,4,5,"셀트리온, 日 최대 바이오 클러스터와 유망 스타트업 키운다 | 셀트리온, 日 고베 바이오클러스터와 오픈이노베이션…“유망 바이오 기... | 셀트리온, 일본 KBIC와 바이오 스타트업 육성 프로그램 출범",2026-09-08,0.0064,-0.0054,,failure
068270,셀트리온,투자판단관련주요경영사항              (CTP51(키트루다 바이오시밀러) 미국 임상 3상 시험계획 변경신청 승인),investment_decision,20260907,volatile,30,C,Investment decisions can be positive or negative depending on scale and funding source.,5,4,0,4,5,"셀트리온, 日 최대 바이오 클러스터와 유망 스타트업 키운다 | 셀트리온, 日 고베 바이오클러스터와 오픈이노베이션…“유망 바이오 기... | 셀트리온, 일본 KBIC와 바이오 스타트업 육성 프로그램 출범",2026-09-08,0.0064,-0.0054,,failure
068270,셀트리온,투자판단관련주요경영사항              (CTP51(키트루다 바이오시밀러) 미국 임상 3상 시험계획 변경신청 승인),investment_decision,20260907,volatile,30,C,Investment decisions can be positive or negative depending on scale and funding source.,5,4,0,4,5,"셀트리온, 日 최대 바이오 클러스터와 유망 스타트업 키운다 | 셀트리온, 日 고베 바이오클러스터와 오픈이노베이션…“유망 바이오 기... | 셀트리온, 일본 KBIC와 바이오 스타트업 육성 프로그램 출범",2026-09-08,0.0064,-0.0054,,failure
068270,셀트리온,투자판단관련주요경영사항              (CTP51(키트루다 바이오시밀러) 미국 임상 3상 시험계획 변경신청 승인),investment_decision,20260907,volatile,30,C,Investment decisions can be positive or negative depending on scale and funding source.,5,4,0,4,5,"셀트리온, 日 최대 바이오 클러스터와 유망 스타트업 키운다 | 셀트리온, 日 고베 바이오클러스터와 오픈이노베이션…“유망 바이오 기... | 셀트리온, 일본 KBIC와 바이오 스타트업 육성 프로그램 출범",2026-09-08,0.0064,-0.0054,,failure
068270,셀트리온,투자판단관련주요경영사항              (CTP51(키트루다 바이오시밀러) 미국 임상 3상 시험계획 변경신청 승인),investment_decision,20260907,volatile,30,C,Investment decisions can be positive or negative depending on scale and funding source.,5,4,0,4,5,"셀트리온, 日 최대 바이오 클러스터와 유망 스타트업 키운다 | 셀트리온, 日 고베 바이오클러스터와 오픈이노베이션…“유망 바이오 기... | 셀트리온, 일본 KBIC와 바이오 스타트업 육성 프로그램 출범",2026-09-08,0.0064,-0.0054,,failure
068270,셀트리온,투자판단관련주요경영사항              (CTP51(키트루다 바이오시밀러) 미국 임상 3상 시험계획 변경신청 승인),investment_decision,20260907,volatile,30,C,Investment decisions can be positive or negative depending on scale and funding source.,5,4,0,4,5,"셀트리온, 日 최대 바이오 클러스터와 유망 스타트업 키운다 | 셀트리온, 日 고베 바이오클러스터와 오픈이노베이션…“유망 바이오 기... | 셀트리온, 일본 KBIC와 바이오 스타트업 육성 프로그램 출범",2026-09-08,0.0064,-0.0054,,failure
068270,셀트리온,투자판단관련주요경영사항              (CTP51(키트루다 바이오시밀러) 미국 임상 3상 시험계획 변경신청 승인),investment_decision,20260907,volatile,30,C,Investment decisions can be positive or negative depending on scale and funding source.,5,4,0,4,5,"셀트리온, 日 최대 바이오 클러스터와 유망 스타트업 키운다 | 셀트리온, 日 고베 바이오클러스터와 오픈이노베이션…“유망 바이오 기... | 셀트리온, 일본 KBIC와 바이오 스타트업 육성 프로그램 출범",2026-09-08,0.0064,-0.0054,,failure
068270,셀트리온,투자판단관련주요경영사항              (CTP51(키트루다 바이오시밀러) 미국 임상 3상 시험계획 변경신청 승인),investment_decision,20260907,volatile,30,C,Investment decisions can be positive or negative depending on scale and funding source.,5,4,0,4,5,"셀트리온, 日 최대 바이오 클러스터와 유망 스타트업 키운다 | 셀트리온, 日 고베 바이오클러스터와 오픈이노베이션…“유망 바이오 기... | 셀트리온, 일본 KBIC와 바이오 스타트업 육성 프로그램 출범",2026-09-08,0.0064,-0.0054,,failure
068270,셀트리온,투자판단관련주요경영사항              (CTP51(키트루다 바이오시밀러) 미국 임상 3상 시험계획 변경신청 승인),investment_decision,20260907,volatile,30,C,Investment decisions can be positive or negative depending on scale and funding source.,5,4,0,4,5,"셀트리온, 日 최대 바이오 클러스터와 유망 스타트업 키운다 | 셀트리온, 日 고베 바이오클러스터와 오픈이노베이션…“유망 바이오 기... | 셀트리온, 일본 KBIC와 바이오 스타트업 육성 프로그램 출범",2026-09-08,0.0064,-0.0054,,failure
068270,셀트리온,투자판단관련주요경영사항              (CTP51(키트루다 바이오시밀러) 미국 임상 3상 시험계획 변경신청 승인),investment_decision,20260907,volatile,30,C,Investment decisions can be positive or negative depending on scale and funding source.,5,4,0,4,5,"셀트리온, 日 최대 바이오 클러스터와 유망 스타트업 키운다 | 셀트리온, 日 고베 바이오클러스터와 오픈이노베이션…“유망 바이오 기... | 셀트리온, 일본 KBIC와 바이오 스타트업 육성 프로그램 출범",2026-09-08,0.0064,-0.0054,,failure
068270,셀트리온,투자판단관련주요경영사항              (CTP51(키트루다 바이오시밀러) 미국 임상 3상 시험계획 변경신청 승인),investment_decision,20260907,volatile,30,C,Investment decisions can be positive or negative depending on scale and funding source.,5,4,0,4,5,"셀트리온, 日 최대 바이오 클러스터와 유망 스타트업 키운다 | 셀트리온, 日 고베 바이오클러스터와 오픈이노베이션…“유망 바이오 기... | 셀트리온, 일본 KBIC와 바이오 스타트업 육성 프로그램 출범",2026-09-08,0.0064,-0.0054,,failure
068270,셀트리온,투자판단관련주요경영사항              (CTP51(키트루다 바이오시밀러) 미국 임상 3상 시험계획 변경신청 승인),investment_decision,20260907,volatile,30,C,Investment decisions can be positive or negative depending on scale and funding source.,5,4,0,4,5,"셀트리온, 日 최대 바이오 클러스터와 유망 스타트업 키운다 | 셀트리온, 日 고베 바이오클러스터와 오픈이노베이션…“유망 바이오 기... | 셀트리온, 일본 KBIC와 바이오 스타트업 육성 프로그램 출범",2026-09-08,0.0064,-0.0054,,failure
068270,셀트리온,투자판단관련주요경영사항              (CTP51(키트루다 바이오시밀러) 미국 임상 3상 시험계획 변경신청 승인),investment_decision,20260907,volatile,30,C,Investment decisions can be positive or negative depending on scale and funding source.,5,4,0,4,5,"셀트리온, 日 최대 바이오 클러스터와 유망 스타트업 키운다 | 셀트리온, 日 고베 바이오클러스터와 오픈이노베이션…“유망 바이오 기... | 셀트리온, 일본 KBIC와 바이오 스타트업 육성 프로그램 출범",2026-09-08,0.0064,-0.0054,,failure
068270,셀트리온,투자판단관련주요경영사항              (CTP51(키트루다 바이오시밀러) 미국 임상 3상 시험계획 변경신청 승인),investment_decision,20260907,volatile,30,C,Investment decisions can be positive or negative depending on scale and funding source.,5,4,0,4,5,"셀트리온, 日 최대 바이오 클러스터와 유망 스타트업 키운다 | 셀트리온, 日 고베 바이오클러스터와 오픈이노베이션…“유망 바이오 기... | 셀트리온, 일본 KBIC와 바이오 스타트업 육성 프로그램 출범",2026-09-08,0.0064,-0.0054,,failure
068270,셀트리온,투자판단관련주요경영사항              (CTP51(키트루다 바이오시밀러) 미국 임상 3상 시험계획 변경신청 승인),investment_decision,20260907,volatile,30,C,Investment decisions can be positive or negative depending on scale and funding source.,5,4,0,4,5,"셀트리온, 日 최대 바이오 클러스터와 유망 스타트업 키운다 | 셀트리온, 日 고베 바이오클러스터와 오픈이노베이션…“유망 바이오 기... | 셀트리온, 일본 KBIC와 바이오 스타트업 육성 프로그램 출범",2026-09-08,0.0064,-0.0054,,failure
068270,셀트리온,투자판단관련주요경영사항              (CTP51(키트루다 바이오시밀러) 미국 임상 3상 시험계획 변경신청 승인),investment_decision,20260907,volatile,30,C,Investment decisions can be positive or negative depending on scale and funding source.,5,4,0,4,5,"셀트리온, 日 최대 바이오 클러스터와 유망 스타트업 키운다 | 셀트리온, 日 고베 바이오클러스터와 오픈이노베이션…“유망 바이오 기... | 셀트리온, 일본 KBIC와 바이오 스타트업 육성 프로그램 출범",2026-09-08,0.0064,-0.0054,,failure
068270,셀트리온,투자판단관련주요경영사항              (CTP51(키트루다 바이오시밀러) 미국 임상 3상 시험계획 변경신청 승인),investment_decision,20260907,volatile,30,C,Investment decisions can be positive or negative depending on scale and funding source.,5,4,0,4,5,"셀트리온, 日 최대 바이오 클러스터와 유망 스타트업 키운다 | 셀트리온, 日 고베 바이오클러스터와 오픈이노베이션…“유망 바이오 기... | 셀트리온, 일본 KBIC와 바이오 스타트업 육성 프로그램 출범",2026-09-08,0.0064,-0.0054,,failure
068270,셀트리온,투자판단관련주요경영사항              (CTP51(키트루다 바이오시밀러) 미국 임상 3상 시험계획 변경신청 승인),investment_decision,20260907,volatile,30,C,Investment decisions can be positive or negative depending on scale and funding source.,5,4,0,4,5,"셀트리온, 日 최대 바이오 클러스터와 유망 스타트업 키운다 | 셀트리온, 日 고베 바이오클러스터와 오픈이노베이션…“유망 바이오 기... | 셀트리온, 일본 KBIC와 바이오 스타트업 육성 프로그램 출범",2026-09-08,0.0064,-0.0054,,failure
068270,셀트리온,투자판단관련주요경영사항              (CTP51(키트루다 바이오시밀러) 미국 임상 3상 시험계획 변경신청 승인),investment_decision,20260907,volatile,30,C,Investment decisions can be positive or negative depending on scale and funding source.,5,4,0,4,5,"셀트리온, 日 최대 바이오 클러스터와 유망 스타트업 키운다 | 셀트리온, 日 고베 바이오클러스터와 오픈이노베이션…“유망 바이오 기... | 셀트리온, 일본 KBIC와 바이오 스타트업 육성 프로그램 출범",2026-09-08,0.0064,-0.0054,,failure
006740,블루산업개발,[기재정정]주요사항보고서(전환사채권발행결정),convertible_bond,20260907,negative,-60,C,Convertible bonds may create future dilution risk.,5,7,0,7,5,"초가을 걷기 좋은 전국 도보 트레킹 명소 5곳 어디 | [부산소식]온누리상품권 환급, 전통시장에 활력 불어넣다 외 | '330억 새 주인' 경영 전면으로…삼부토건, 리빌드 체제 본격화",2026-09-08,0.0,-0.0057,,success
