stock_code,corp_name,report_nm,event_type,event_date,prediction_direction,event_score,initial_confidence,score_reason,news_count,positive_keyword_count,negative_keyword_count,news_sentiment_score,news_attention_score,top_news_titles,next_trade_date,next_open_return,next_close_return,note,prediction_result
002990,금호건설,[기재정정]단일판매ㆍ공급계약체결              ,supply_contract,20260921,positive,70,C,Supply contract disclosures may indicate future revenue growth.,5,4,5,-1,5,9월 21일 주식시장 주요공시 | [전일 주요공시] 범양건영·코아스·STX·코오롱·삼부토건·한국자산신... | [박정식의 국내 주식시황] AI·반도체 훈풍에 코스피 7000 안착…7200선 ...,2026-09-22,-0.0175,-0.0247,,failure
002990,금호건설,[기재정정]단일판매ㆍ공급계약체결              ,supply_contract,20260921,positive,70,C,Supply contract disclosures may indicate future revenue growth.,5,4,5,-1,5,9월 21일 주식시장 주요공시 | [전일 주요공시] 범양건영·코아스·STX·코오롱·삼부토건·한국자산신... | [박정식의 국내 주식시황] AI·반도체 훈풍에 코스피 7000 안착…7200선 ...,2026-09-22,-0.0175,-0.0247,,failure
002990,금호건설,[기재정정]단일판매ㆍ공급계약체결              ,supply_contract,20260921,positive,70,C,Supply contract disclosures may indicate future revenue growth.,5,4,5,-1,5,9월 21일 주식시장 주요공시 | [전일 주요공시] 범양건영·코아스·STX·코오롱·삼부토건·한국자산신... | [박정식의 국내 주식시황] AI·반도체 훈풍에 코스피 7000 안착…7200선 ...,2026-09-22,-0.0175,-0.0247,,failure
002990,금호건설,[기재정정]단일판매ㆍ공급계약체결              ,supply_contract,20260921,positive,70,C,Supply contract disclosures may indicate future revenue growth.,5,4,5,-1,5,9월 21일 주식시장 주요공시 | [전일 주요공시] 범양건영·코아스·STX·코오롱·삼부토건·한국자산신... | [박정식의 국내 주식시황] AI·반도체 훈풍에 코스피 7000 안착…7200선 ...,2026-09-22,-0.0175,-0.0247,,failure
002990,금호건설,소송등의제기ㆍ신청(일정금액이상의청구)              ,lawsuit,20260921,negative,-75,C,Lawsuits may increase uncertainty and downside risk.,5,4,5,-1,5,9월 21일 주식시장 주요공시 | [전일 주요공시] 범양건영·코아스·STX·코오롱·삼부토건·한국자산신... | [박정식의 국내 주식시황] AI·반도체 훈풍에 코스피 7000 안착…7200선 ...,2026-09-22,-0.0175,-0.0247,,success
002990,금호건설,소송등의제기ㆍ신청(일정금액이상의청구)              ,lawsuit,20260921,negative,-75,C,Lawsuits may increase uncertainty and downside risk.,5,4,5,-1,5,9월 21일 주식시장 주요공시 | [전일 주요공시] 범양건영·코아스·STX·코오롱·삼부토건·한국자산신... | [박정식의 국내 주식시황] AI·반도체 훈풍에 코스피 7000 안착…7200선 ...,2026-09-22,-0.0175,-0.0247,,success
002990,금호건설,소송등의제기ㆍ신청(일정금액이상의청구)              ,lawsuit,20260921,negative,-75,C,Lawsuits may increase uncertainty and downside risk.,5,4,5,-1,5,9월 21일 주식시장 주요공시 | [전일 주요공시] 범양건영·코아스·STX·코오롱·삼부토건·한국자산신... | [박정식의 국내 주식시황] AI·반도체 훈풍에 코스피 7000 안착…7200선 ...,2026-09-22,-0.0175,-0.0247,,success
002990,금호건설,소송등의제기ㆍ신청(일정금액이상의청구)              ,lawsuit,20260921,negative,-75,C,Lawsuits may increase uncertainty and downside risk.,5,4,5,-1,5,9월 21일 주식시장 주요공시 | [전일 주요공시] 범양건영·코아스·STX·코오롱·삼부토건·한국자산신... | [박정식의 국내 주식시황] AI·반도체 훈풍에 코스피 7000 안착…7200선 ...,2026-09-22,-0.0175,-0.0247,,success
032790,엠젠솔루션,소송등의제기ㆍ신청(경영권분쟁소송)              (회계장부 등 열람 등사 및 방해금지),lawsuit,20260921,negative,-75,C,Lawsuits may increase uncertainty and downside risk.,5,4,3,1,5,9월 21일 주식시장 주요공시 | 지젠텍 “베트남 국영 석유기업과 현지 사업화 기대” | 9월 18일 주식시장 주요공시,2026-09-22,-0.0016,-0.0211,,success
032790,엠젠솔루션,소송등의제기ㆍ신청(경영권분쟁소송)              (회계장부 등 열람 등사 및 방해금지),lawsuit,20260921,negative,-75,C,Lawsuits may increase uncertainty and downside risk.,5,4,3,1,5,9월 21일 주식시장 주요공시 | 지젠텍 “베트남 국영 석유기업과 현지 사업화 기대” | 9월 18일 주식시장 주요공시,2026-09-22,-0.0016,-0.0211,,success
032790,엠젠솔루션,소송등의제기ㆍ신청(경영권분쟁소송)              (회계장부 등 열람 등사 및 방해금지),lawsuit,20260921,negative,-75,C,Lawsuits may increase uncertainty and downside risk.,5,4,3,1,5,9월 21일 주식시장 주요공시 | 지젠텍 “베트남 국영 석유기업과 현지 사업화 기대” | 9월 18일 주식시장 주요공시,2026-09-22,-0.0016,-0.0211,,success
032790,엠젠솔루션,소송등의제기ㆍ신청(경영권분쟁소송)              (회계장부 등 열람 등사 및 방해금지),lawsuit,20260921,negative,-75,C,Lawsuits may increase uncertainty and downside risk.,5,4,3,1,5,9월 21일 주식시장 주요공시 | 지젠텍 “베트남 국영 석유기업과 현지 사업화 기대” | 9월 18일 주식시장 주요공시,2026-09-22,-0.0016,-0.0211,,success
127710,아시아경제,최대주주변경을수반하는주식양수도계약체결              ,major_shareholder_change,20260921,volatile,10,C,Major shareholder changes can increase volatility depending on context.,5,4,2,2,5,"[서울데이터랩] 코스닥, 844.08로 상승 출발…개인 매수에 반도체·2차전... | [서울데이터랩] 코스닥, 844.08로 상승 출발…개인 매수에 반도체·2차전... | [美 중간선거 D-40]정권심판대 오르는 트럼프, 레임덕 기로",2026-09-22,0.0251,-0.0267,,success
340810,시선AI,주요사항보고서(전환사채권발행결정),convertible_bond,20260921,negative,-60,C,Convertible bonds may create future dilution risk.,5,11,0,11,5,AI 에이전트가 반도체 랠리 다시 켰다 | 78만원→35만원…현대차 'AI 프리미엄' 어디로 | 대전 원도심 삶 시민취재 로컬기록 공모전,2026-09-22,0.0,-0.0152,,success
148250,알엔투테크놀로지,소송등의판결ㆍ결정              (경영권 분쟁 소송)(검사인 선임),lawsuit,20260921,negative,-75,C,Lawsuits may increase uncertainty and downside risk.,5,5,3,2,5,"9월 21일 주식시장 주요공시 | [공시]알엔투테크놀로지, 검사인 선임 신청 각하 | 데이터 고속도로 터졌다… 대한광통신, 초고속 광케이블로 글로벌 시장...",2026-09-22,0.0244,-0.0049,,success
026150,특수건설,주요사항보고서(전환사채권발행결정),convertible_bond,20260921,negative,-60,C,Convertible bonds may create future dilution risk.,5,11,2,9,5,9월 21일 주식시장 주요공시 | [데이터 뉴스룸] 건설업체 50곳 영업益 1년 새 30% 넘게 증가…영업곳간... | 9월 18일 주식시장 주요공시,2026-09-22,-0.0109,-0.0278,,success
377450,리파인,불성실공시법인지정예고              (공시불이행 2건),disclosure_violation,20260921,negative,-80,C,Disclosure violations may damage investor trust.,5,4,3,1,5,"9월 21일 주식시장 주요공시 | [공시]리파인,최대주주 공개매수 속 불성실공시 지정예고 | 9월 18일 주식시장 주요공시",2026-09-22,0.0048,-0.0034,,success
377450,리파인,불성실공시법인지정예고              (공시불이행 2건),disclosure_violation,20260921,negative,-80,C,Disclosure violations may damage investor trust.,5,4,3,1,5,"9월 21일 주식시장 주요공시 | [공시]리파인,최대주주 공개매수 속 불성실공시 지정예고 | 9월 18일 주식시장 주요공시",2026-09-22,0.0048,-0.0034,,success
377450,리파인,불성실공시법인지정예고              (공시불이행 2건),disclosure_violation,20260921,negative,-80,C,Disclosure violations may damage investor trust.,5,4,3,1,5,"9월 21일 주식시장 주요공시 | [공시]리파인,최대주주 공개매수 속 불성실공시 지정예고 | 9월 18일 주식시장 주요공시",2026-09-22,0.0048,-0.0034,,success
122450,KX,[기재정정]회사합병결정(종속회사의주요경영사항)              ,merger,20260921,volatile,30,C,"Mergers can create major price movement, but direction depends on deal terms.",5,4,1,3,5,"9월 21일 주식시장 주요공시 | [과학세상] 수학에는 인간과 AI의 차별이 없다 | [공시]KX,자회사 합병 일정 예정일 연기",2026-09-22,0.0019,-0.0038,,failure
206560,덱스터,단일판매ㆍ공급계약체결              ,supply_contract,20260921,positive,70,C,Supply contract disclosures may indicate future revenue growth.,5,6,0,6,5,"덱스터, 이엠텍아이엔씨와 MOU…AI인프라 시장 공략 | 9월 21일 주식시장 주요공시 | [더벨][K콘텐츠 밸류체인 점검] 덱스터, 성장 프리미엄 축소…상장 유지...",2026-09-22,0.0,0.0153,,success
348370,엔켐,[기재정정]최대주주변경을수반하는주식담보제공계약체결              ,major_shareholder_change,20260921,volatile,10,C,Major shareholder changes can increase volatility depending on context.,5,9,1,8,5,"엔켐, 中 사업 수익성 중심 재편…선별수주·가격 정상화 추진 | 엔켐, 中 전해액 사업 ‘수익성 우선’ 재편…선별수주·가격 정상화 | 엔켐, 中 매출 2.5배 뛴 뒤 전략 전환…'물량보다 마진'",2026-09-22,0.0098,0.0098,,failure
001040,CJ,[기재정정]소송등의제기ㆍ신청(일정금액이상의청구)(자회사의 주요경영사항)              ,lawsuit,20260921,negative,-75,C,Lawsuits may increase uncertainty and downside risk.,5,0,0,0,5,"CJ제일제당, 뉴욕서 '자리' 출시…K-증류주 세계화 나선다 | G마켓, 추석 직전 '스타배송관' 명절 선물세트 할인 | CJ제일제당, 뉴욕서 증류주 브랜드 ‘자리’ 공개",2026-09-22,0.0117,0.0031,,failure
032800,판타지오,단일판매ㆍ공급계약체결              ,supply_contract,20260921,positive,70,C,Supply contract disclosures may indicate future revenue growth.,5,3,0,3,5,"‘김부장’ 다음은 일일극…판타지오 ‘엄마가 미쳤어요’ 제작 | 판타지오, KBS 1TV '엄마가 미쳤어요'로 일일드라마 제작 확장 | 판타지오, 일일드라마 ‘엄마가 미쳤어요’ 제작 계약 체결",2026-09-22,0.0773,0.0164,,success
032800,판타지오,단일판매ㆍ공급계약체결              ,supply_contract,20260921,positive,70,C,Supply contract disclosures may indicate future revenue growth.,5,3,0,3,5,"‘김부장’ 다음은 일일극…판타지오 ‘엄마가 미쳤어요’ 제작 | 판타지오, KBS 1TV '엄마가 미쳤어요'로 일일드라마 제작 확장 | 판타지오, 일일드라마 ‘엄마가 미쳤어요’ 제작 계약 체결",2026-09-22,0.0773,0.0164,,success
032800,판타지오,단일판매ㆍ공급계약체결              ,supply_contract,20260921,positive,70,C,Supply contract disclosures may indicate future revenue growth.,5,3,0,3,5,"‘김부장’ 다음은 일일극…판타지오 ‘엄마가 미쳤어요’ 제작 | 판타지오, KBS 1TV '엄마가 미쳤어요'로 일일드라마 제작 확장 | 판타지오, 일일드라마 ‘엄마가 미쳤어요’ 제작 계약 체결",2026-09-22,0.0773,0.0164,,success
079160,CJ CGV,[기재정정]소송등의제기ㆍ신청(일정금액이상의청구)              ,lawsuit,20260921,negative,-75,C,Lawsuits may increase uncertainty and downside risk.,5,4,0,4,5,"CJ올리브네트웍스, 기프트카드 상반기 취급고 전년比 33% ↑ | CJ올리브네트웍스, 상반기 기프트카드 취급고 33% 증가 | CGV '연휴 3대장' 이벤트…추석·개천절·한글날 할인 혜택",2026-09-22,0.0019,-0.0075,,success
016610,DB증권,최대주주등소유주식변동신고서              ,major_shareholder_change,20260921,volatile,10,C,Major shareholder changes can increase volatility depending on context.,5,5,0,5,5,"멜라니아, UN·NYSE·미중 국빈행사 연쇄 일정…""수개월 준비"" | 켄 피셔 ""美 중간선거 뒤 증시 강세 반복""…정치적 교착 효과 주장 | 추석 피싱 주의보···공공·금융기관 사칭 많아",2026-09-22,0.0068,0.0087,,failure
016610,DB증권,최대주주등소유주식변동신고서              ,major_shareholder_change,20260921,volatile,10,C,Major shareholder changes can increase volatility depending on context.,5,5,0,5,5,"멜라니아, UN·NYSE·미중 국빈행사 연쇄 일정…""수개월 준비"" | 켄 피셔 ""美 중간선거 뒤 증시 강세 반복""…정치적 교착 효과 주장 | 추석 피싱 주의보···공공·금융기관 사칭 많아",2026-09-22,0.0068,0.0087,,failure
016610,DB증권,최대주주등소유주식변동신고서              ,major_shareholder_change,20260921,volatile,10,C,Major shareholder changes can increase volatility depending on context.,5,5,0,5,5,"멜라니아, UN·NYSE·미중 국빈행사 연쇄 일정…""수개월 준비"" | 켄 피셔 ""美 중간선거 뒤 증시 강세 반복""…정치적 교착 효과 주장 | 추석 피싱 주의보···공공·금융기관 사칭 많아",2026-09-22,0.0068,0.0087,,failure
016610,DB증권,최대주주등소유주식변동신고서              ,major_shareholder_change,20260921,volatile,10,C,Major shareholder changes can increase volatility depending on context.,5,5,0,5,5,"멜라니아, UN·NYSE·미중 국빈행사 연쇄 일정…""수개월 준비"" | 켄 피셔 ""美 중간선거 뒤 증시 강세 반복""…정치적 교착 효과 주장 | 추석 피싱 주의보···공공·금융기관 사칭 많아",2026-09-22,0.0068,0.0087,,failure
317770,엑스페릭스,증권발행결과(자율공시)              (제7회차 CB),convertible_bond,20260921,negative,-60,C,Convertible bonds may create future dilution risk.,5,3,3,0,5,"[주요공시] 삼성물산, 에스엠벡셀, 제이스로보틱스, 셀트리온, 에코프로... | [공시]엑스페릭스,110억 CB 발행·최대주주 지분변동 | [공매도 브리핑] 9월18일 삼성전자 2,717억 1위…넥써쓰 35.72%",2026-09-22,0.0133,0.0267,,failure
317770,엑스페릭스,증권발행결과(자율공시)              (제7회차 CB),convertible_bond,20260921,negative,-60,C,Convertible bonds may create future dilution risk.,5,3,3,0,5,"[주요공시] 삼성물산, 에스엠벡셀, 제이스로보틱스, 셀트리온, 에코프로... | [공시]엑스페릭스,110억 CB 발행·최대주주 지분변동 | [공매도 브리핑] 9월18일 삼성전자 2,717억 1위…넥써쓰 35.72%",2026-09-22,0.0133,0.0267,,failure
317770,엑스페릭스,증권발행결과(자율공시)              (제7회차 CB),convertible_bond,20260921,negative,-60,C,Convertible bonds may create future dilution risk.,5,3,3,0,5,"[주요공시] 삼성물산, 에스엠벡셀, 제이스로보틱스, 셀트리온, 에코프로... | [공시]엑스페릭스,110억 CB 발행·최대주주 지분변동 | [공매도 브리핑] 9월18일 삼성전자 2,717억 1위…넥써쓰 35.72%",2026-09-22,0.0133,0.0267,,failure
297570,아틀라스링크,주요사항보고서(전환사채권발행결정),convertible_bond,20260921,negative,-60,C,Convertible bonds may create future dilution risk.,5,7,9,-2,5,"아틀라스링크, 한국파일 지분 확대 '속도'…135억 CB 조달 | AI 전장 사업 돋보인 LG전자 상승 주도… 전자업 업황 개선 신호탄인가 | 9월 21일 주식시장 주요공시",2026-09-22,0.0087,-0.026,,success
204840,지엘팜텍,[기재정정]단일판매ㆍ공급계약체결              ,supply_contract,20260921,positive,70,C,Supply contract disclosures may indicate future revenue growth.,5,5,2,3,5,"9월 21일 주식시장 주요공시 | [비즈人워치]지엘팜텍 ""안구 신약, 출시 3년 내 매출 100억 목표"" | '신약 개발'에도…혁신형 인증, 중소 제약사에 높은 문턱",2026-09-22,0.0111,-0.0044,,failure
166090,하나머티리얼즈,[기재정정]최대주주변경을수반하는주식담보제공계약체결              ,major_shareholder_change,20260921,volatile,10,C,Major shareholder changes can increase volatility depending on context.,5,3,3,0,5,"서버·AI가 당긴 기판 수요… 코리아써키트, 실적 모멘텀 드라이브 | 9월 21일 주식시장 주요공시 | “요즘 날씨 ‘필수품’인데” 담배 60개비 태우는 꼴…모기 쫓으려다 ...",2026-09-22,0.0139,0.007,,failure
900270,헝셩그룹,[첨부정정]주요사항보고서(유상증자결정),paid_in_capital_increase,20260921,negative,-70,C,Paid-in capital increases can create dilution concerns.,5,6,3,3,5,"중국만 보던 K-뷰티 옛말… 화장품株 해외시장 다변화에 花色도네 | 저출생 극복 정책·완구 수출 호조에 엔젤산업 '방긋'…완구·아동용품... | [서울데이터랩] 코스닥, 816.91로 급락 출발 뒤 824.76…외국인·기관 동...",2026-09-22,0.0034,-0.0206,,success
900270,헝셩그룹,[첨부정정]주요사항보고서(유상증자결정),paid_in_capital_increase,20260921,negative,-70,C,Paid-in capital increases can create dilution concerns.,5,6,3,3,5,"중국만 보던 K-뷰티 옛말… 화장품株 해외시장 다변화에 花色도네 | 저출생 극복 정책·완구 수출 호조에 엔젤산업 '방긋'…완구·아동용품... | [서울데이터랩] 코스닥, 816.91로 급락 출발 뒤 824.76…외국인·기관 동...",2026-09-22,0.0034,-0.0206,,success
900270,헝셩그룹,[첨부정정]주요사항보고서(유상증자결정),paid_in_capital_increase,20260921,negative,-70,C,Paid-in capital increases can create dilution concerns.,5,6,3,3,5,"중국만 보던 K-뷰티 옛말… 화장품株 해외시장 다변화에 花色도네 | 저출생 극복 정책·완구 수출 호조에 엔젤산업 '방긋'…완구·아동용품... | [서울데이터랩] 코스닥, 816.91로 급락 출발 뒤 824.76…외국인·기관 동...",2026-09-22,0.0034,-0.0206,,success
071950,코아스,[기재정정]주요사항보고서(자기전환사채매도결정),convertible_bond,20260921,negative,-60,C,Convertible bonds may create future dilution risk.,5,1,3,-2,5,9월 21일 주식시장 주요공시 | [개장 전 주요 공시] GS건설·HJ중공업·메리츠증권·한국자산신탁 등 | [전일 주요공시] 범양건영·코아스·STX·코오롱·삼부토건·한국자산신...,2026-09-22,-0.0022,0.0006,,failure
071950,코아스,[기재정정]주요사항보고서(자기전환사채매도결정),convertible_bond,20260921,negative,-60,C,Convertible bonds may create future dilution risk.,5,1,3,-2,5,9월 21일 주식시장 주요공시 | [개장 전 주요 공시] GS건설·HJ중공업·메리츠증권·한국자산신탁 등 | [전일 주요공시] 범양건영·코아스·STX·코오롱·삼부토건·한국자산신...,2026-09-22,-0.0022,0.0006,,failure
071950,코아스,[기재정정]주요사항보고서(자기전환사채매도결정),convertible_bond,20260921,negative,-60,C,Convertible bonds may create future dilution risk.,5,1,3,-2,5,9월 21일 주식시장 주요공시 | [개장 전 주요 공시] GS건설·HJ중공업·메리츠증권·한국자산신탁 등 | [전일 주요공시] 범양건영·코아스·STX·코오롱·삼부토건·한국자산신...,2026-09-22,-0.0022,0.0006,,failure
071950,코아스,[기재정정]주요사항보고서(자기전환사채매도결정),convertible_bond,20260921,negative,-60,C,Convertible bonds may create future dilution risk.,5,1,3,-2,5,9월 21일 주식시장 주요공시 | [개장 전 주요 공시] GS건설·HJ중공업·메리츠증권·한국자산신탁 등 | [전일 주요공시] 범양건영·코아스·STX·코오롱·삼부토건·한국자산신...,2026-09-22,-0.0022,0.0006,,failure
071950,코아스,[기재정정]주요사항보고서(자기전환사채매도결정),convertible_bond,20260921,negative,-60,C,Convertible bonds may create future dilution risk.,5,1,3,-2,5,9월 21일 주식시장 주요공시 | [개장 전 주요 공시] GS건설·HJ중공업·메리츠증권·한국자산신탁 등 | [전일 주요공시] 범양건영·코아스·STX·코오롱·삼부토건·한국자산신...,2026-09-22,-0.0022,0.0006,,failure
071950,코아스,[기재정정]주요사항보고서(자기전환사채매도결정),convertible_bond,20260921,negative,-60,C,Convertible bonds may create future dilution risk.,5,1,3,-2,5,9월 21일 주식시장 주요공시 | [개장 전 주요 공시] GS건설·HJ중공업·메리츠증권·한국자산신탁 등 | [전일 주요공시] 범양건영·코아스·STX·코오롱·삼부토건·한국자산신...,2026-09-22,-0.0022,0.0006,,failure
071950,코아스,[기재정정]주요사항보고서(자기전환사채매도결정),convertible_bond,20260921,negative,-60,C,Convertible bonds may create future dilution risk.,5,1,3,-2,5,9월 21일 주식시장 주요공시 | [개장 전 주요 공시] GS건설·HJ중공업·메리츠증권·한국자산신탁 등 | [전일 주요공시] 범양건영·코아스·STX·코오롱·삼부토건·한국자산신...,2026-09-22,-0.0022,0.0006,,failure
071950,코아스,[기재정정]주요사항보고서(자기전환사채매도결정),convertible_bond,20260921,negative,-60,C,Convertible bonds may create future dilution risk.,5,1,3,-2,5,9월 21일 주식시장 주요공시 | [개장 전 주요 공시] GS건설·HJ중공업·메리츠증권·한국자산신탁 등 | [전일 주요공시] 범양건영·코아스·STX·코오롱·삼부토건·한국자산신...,2026-09-22,-0.0022,0.0006,,failure
071950,코아스,[기재정정]주요사항보고서(자기전환사채매도결정),convertible_bond,20260921,negative,-60,C,Convertible bonds may create future dilution risk.,5,1,3,-2,5,9월 21일 주식시장 주요공시 | [개장 전 주요 공시] GS건설·HJ중공업·메리츠증권·한국자산신탁 등 | [전일 주요공시] 범양건영·코아스·STX·코오롱·삼부토건·한국자산신...,2026-09-22,-0.0022,0.0006,,failure
071950,코아스,[기재정정]주요사항보고서(자기전환사채매도결정),convertible_bond,20260921,negative,-60,C,Convertible bonds may create future dilution risk.,5,1,3,-2,5,9월 21일 주식시장 주요공시 | [개장 전 주요 공시] GS건설·HJ중공업·메리츠증권·한국자산신탁 등 | [전일 주요공시] 범양건영·코아스·STX·코오롱·삼부토건·한국자산신...,2026-09-22,-0.0022,0.0006,,failure
071950,코아스,[기재정정]주요사항보고서(자기전환사채매도결정),convertible_bond,20260921,negative,-60,C,Convertible bonds may create future dilution risk.,5,1,3,-2,5,9월 21일 주식시장 주요공시 | [개장 전 주요 공시] GS건설·HJ중공업·메리츠증권·한국자산신탁 등 | [전일 주요공시] 범양건영·코아스·STX·코오롱·삼부토건·한국자산신...,2026-09-22,-0.0022,0.0006,,failure
071950,코아스,[기재정정]주요사항보고서(자기전환사채매도결정),convertible_bond,20260921,negative,-60,C,Convertible bonds may create future dilution risk.,5,1,3,-2,5,9월 21일 주식시장 주요공시 | [개장 전 주요 공시] GS건설·HJ중공업·메리츠증권·한국자산신탁 등 | [전일 주요공시] 범양건영·코아스·STX·코오롱·삼부토건·한국자산신...,2026-09-22,-0.0022,0.0006,,failure
071950,코아스,[기재정정]주요사항보고서(자기전환사채매도결정),convertible_bond,20260921,negative,-60,C,Convertible bonds may create future dilution risk.,5,1,3,-2,5,9월 21일 주식시장 주요공시 | [개장 전 주요 공시] GS건설·HJ중공업·메리츠증권·한국자산신탁 등 | [전일 주요공시] 범양건영·코아스·STX·코오롱·삼부토건·한국자산신...,2026-09-22,-0.0022,0.0006,,failure
071950,코아스,[기재정정]주요사항보고서(자기전환사채매도결정),convertible_bond,20260921,negative,-60,C,Convertible bonds may create future dilution risk.,5,1,3,-2,5,9월 21일 주식시장 주요공시 | [개장 전 주요 공시] GS건설·HJ중공업·메리츠증권·한국자산신탁 등 | [전일 주요공시] 범양건영·코아스·STX·코오롱·삼부토건·한국자산신...,2026-09-22,-0.0022,0.0006,,failure
071950,코아스,[기재정정]주요사항보고서(자기전환사채매도결정),convertible_bond,20260921,negative,-60,C,Convertible bonds may create future dilution risk.,5,1,3,-2,5,9월 21일 주식시장 주요공시 | [개장 전 주요 공시] GS건설·HJ중공업·메리츠증권·한국자산신탁 등 | [전일 주요공시] 범양건영·코아스·STX·코오롱·삼부토건·한국자산신...,2026-09-22,-0.0022,0.0006,,failure
071950,코아스,[기재정정]주요사항보고서(자기전환사채매도결정),convertible_bond,20260921,negative,-60,C,Convertible bonds may create future dilution risk.,5,1,3,-2,5,9월 21일 주식시장 주요공시 | [개장 전 주요 공시] GS건설·HJ중공업·메리츠증권·한국자산신탁 등 | [전일 주요공시] 범양건영·코아스·STX·코오롱·삼부토건·한국자산신...,2026-09-22,-0.0022,0.0006,,failure
071950,코아스,[기재정정]주요사항보고서(자기전환사채매도결정),convertible_bond,20260921,negative,-60,C,Convertible bonds may create future dilution risk.,5,1,3,-2,5,9월 21일 주식시장 주요공시 | [개장 전 주요 공시] GS건설·HJ중공업·메리츠증권·한국자산신탁 등 | [전일 주요공시] 범양건영·코아스·STX·코오롱·삼부토건·한국자산신...,2026-09-22,-0.0022,0.0006,,failure
071950,코아스,[기재정정]주요사항보고서(자기전환사채매도결정),convertible_bond,20260921,negative,-60,C,Convertible bonds may create future dilution risk.,5,1,3,-2,5,9월 21일 주식시장 주요공시 | [개장 전 주요 공시] GS건설·HJ중공업·메리츠증권·한국자산신탁 등 | [전일 주요공시] 범양건영·코아스·STX·코오롱·삼부토건·한국자산신...,2026-09-22,-0.0022,0.0006,,failure
071950,코아스,[기재정정]주요사항보고서(자기전환사채매도결정),convertible_bond,20260921,negative,-60,C,Convertible bonds may create future dilution risk.,5,1,3,-2,5,9월 21일 주식시장 주요공시 | [개장 전 주요 공시] GS건설·HJ중공업·메리츠증권·한국자산신탁 등 | [전일 주요공시] 범양건영·코아스·STX·코오롱·삼부토건·한국자산신...,2026-09-22,-0.0022,0.0006,,failure
071950,코아스,[기재정정]주요사항보고서(자기전환사채매도결정),convertible_bond,20260921,negative,-60,C,Convertible bonds may create future dilution risk.,5,1,3,-2,5,9월 21일 주식시장 주요공시 | [개장 전 주요 공시] GS건설·HJ중공업·메리츠증권·한국자산신탁 등 | [전일 주요공시] 범양건영·코아스·STX·코오롱·삼부토건·한국자산신...,2026-09-22,-0.0022,0.0006,,failure
071950,코아스,[기재정정]주요사항보고서(자기전환사채매도결정),convertible_bond,20260921,negative,-60,C,Convertible bonds may create future dilution risk.,5,1,3,-2,5,9월 21일 주식시장 주요공시 | [개장 전 주요 공시] GS건설·HJ중공업·메리츠증권·한국자산신탁 등 | [전일 주요공시] 범양건영·코아스·STX·코오롱·삼부토건·한국자산신...,2026-09-22,-0.0022,0.0006,,failure
071950,코아스,[기재정정]주요사항보고서(자기전환사채매도결정),convertible_bond,20260921,negative,-60,C,Convertible bonds may create future dilution risk.,5,1,3,-2,5,9월 21일 주식시장 주요공시 | [개장 전 주요 공시] GS건설·HJ중공업·메리츠증권·한국자산신탁 등 | [전일 주요공시] 범양건영·코아스·STX·코오롱·삼부토건·한국자산신...,2026-09-22,-0.0022,0.0006,,failure
071950,코아스,[기재정정]주요사항보고서(자기전환사채매도결정),convertible_bond,20260921,negative,-60,C,Convertible bonds may create future dilution risk.,5,1,3,-2,5,9월 21일 주식시장 주요공시 | [개장 전 주요 공시] GS건설·HJ중공업·메리츠증권·한국자산신탁 등 | [전일 주요공시] 범양건영·코아스·STX·코오롱·삼부토건·한국자산신...,2026-09-22,-0.0022,0.0006,,failure
071950,코아스,[기재정정]주요사항보고서(자기전환사채매도결정),convertible_bond,20260921,negative,-60,C,Convertible bonds may create future dilution risk.,5,1,3,-2,5,9월 21일 주식시장 주요공시 | [개장 전 주요 공시] GS건설·HJ중공업·메리츠증권·한국자산신탁 등 | [전일 주요공시] 범양건영·코아스·STX·코오롱·삼부토건·한국자산신...,2026-09-22,-0.0022,0.0006,,failure
071950,코아스,[기재정정]주요사항보고서(자기전환사채매도결정),convertible_bond,20260921,negative,-60,C,Convertible bonds may create future dilution risk.,5,1,3,-2,5,9월 21일 주식시장 주요공시 | [개장 전 주요 공시] GS건설·HJ중공업·메리츠증권·한국자산신탁 등 | [전일 주요공시] 범양건영·코아스·STX·코오롱·삼부토건·한국자산신...,2026-09-22,-0.0022,0.0006,,failure
071950,코아스,[기재정정]주요사항보고서(자기전환사채매도결정),convertible_bond,20260921,negative,-60,C,Convertible bonds may create future dilution risk.,5,1,3,-2,5,9월 21일 주식시장 주요공시 | [개장 전 주요 공시] GS건설·HJ중공업·메리츠증권·한국자산신탁 등 | [전일 주요공시] 범양건영·코아스·STX·코오롱·삼부토건·한국자산신...,2026-09-22,-0.0022,0.0006,,failure
071950,코아스,[기재정정]주요사항보고서(자기전환사채매도결정),convertible_bond,20260921,negative,-60,C,Convertible bonds may create future dilution risk.,5,1,3,-2,5,9월 21일 주식시장 주요공시 | [개장 전 주요 공시] GS건설·HJ중공업·메리츠증권·한국자산신탁 등 | [전일 주요공시] 범양건영·코아스·STX·코오롱·삼부토건·한국자산신...,2026-09-22,-0.0022,0.0006,,failure
071950,코아스,[기재정정]주요사항보고서(자기전환사채매도결정),convertible_bond,20260921,negative,-60,C,Convertible bonds may create future dilution risk.,5,1,3,-2,5,9월 21일 주식시장 주요공시 | [개장 전 주요 공시] GS건설·HJ중공업·메리츠증권·한국자산신탁 등 | [전일 주요공시] 범양건영·코아스·STX·코오롱·삼부토건·한국자산신...,2026-09-22,-0.0022,0.0006,,failure
071950,코아스,[기재정정]주요사항보고서(자기전환사채매도결정),convertible_bond,20260921,negative,-60,C,Convertible bonds may create future dilution risk.,5,1,3,-2,5,9월 21일 주식시장 주요공시 | [개장 전 주요 공시] GS건설·HJ중공업·메리츠증권·한국자산신탁 등 | [전일 주요공시] 범양건영·코아스·STX·코오롱·삼부토건·한국자산신...,2026-09-22,-0.0022,0.0006,,failure
071950,코아스,[기재정정]주요사항보고서(자기전환사채매도결정),convertible_bond,20260921,negative,-60,C,Convertible bonds may create future dilution risk.,5,1,3,-2,5,9월 21일 주식시장 주요공시 | [개장 전 주요 공시] GS건설·HJ중공업·메리츠증권·한국자산신탁 등 | [전일 주요공시] 범양건영·코아스·STX·코오롱·삼부토건·한국자산신...,2026-09-22,-0.0022,0.0006,,failure
071950,코아스,[기재정정]주요사항보고서(자기전환사채매도결정),convertible_bond,20260921,negative,-60,C,Convertible bonds may create future dilution risk.,5,1,3,-2,5,9월 21일 주식시장 주요공시 | [개장 전 주요 공시] GS건설·HJ중공업·메리츠증권·한국자산신탁 등 | [전일 주요공시] 범양건영·코아스·STX·코오롱·삼부토건·한국자산신...,2026-09-22,-0.0022,0.0006,,failure
071950,코아스,[기재정정]주요사항보고서(자기전환사채매도결정),convertible_bond,20260921,negative,-60,C,Convertible bonds may create future dilution risk.,5,1,3,-2,5,9월 21일 주식시장 주요공시 | [개장 전 주요 공시] GS건설·HJ중공업·메리츠증권·한국자산신탁 등 | [전일 주요공시] 범양건영·코아스·STX·코오롱·삼부토건·한국자산신...,2026-09-22,-0.0022,0.0006,,failure
071950,코아스,[기재정정]주요사항보고서(자기전환사채매도결정),convertible_bond,20260921,negative,-60,C,Convertible bonds may create future dilution risk.,5,1,3,-2,5,9월 21일 주식시장 주요공시 | [개장 전 주요 공시] GS건설·HJ중공업·메리츠증권·한국자산신탁 등 | [전일 주요공시] 범양건영·코아스·STX·코오롱·삼부토건·한국자산신...,2026-09-22,-0.0022,0.0006,,failure
071950,코아스,[기재정정]주요사항보고서(자기전환사채매도결정),convertible_bond,20260921,negative,-60,C,Convertible bonds may create future dilution risk.,5,1,3,-2,5,9월 21일 주식시장 주요공시 | [개장 전 주요 공시] GS건설·HJ중공업·메리츠증권·한국자산신탁 등 | [전일 주요공시] 범양건영·코아스·STX·코오롱·삼부토건·한국자산신...,2026-09-22,-0.0022,0.0006,,failure
071950,코아스,[기재정정]주요사항보고서(자기전환사채매도결정),convertible_bond,20260921,negative,-60,C,Convertible bonds may create future dilution risk.,5,1,3,-2,5,9월 21일 주식시장 주요공시 | [개장 전 주요 공시] GS건설·HJ중공업·메리츠증권·한국자산신탁 등 | [전일 주요공시] 범양건영·코아스·STX·코오롱·삼부토건·한국자산신...,2026-09-22,-0.0022,0.0006,,failure
071950,코아스,[기재정정]주요사항보고서(자기전환사채매도결정),convertible_bond,20260921,negative,-60,C,Convertible bonds may create future dilution risk.,5,1,3,-2,5,9월 21일 주식시장 주요공시 | [개장 전 주요 공시] GS건설·HJ중공업·메리츠증권·한국자산신탁 등 | [전일 주요공시] 범양건영·코아스·STX·코오롱·삼부토건·한국자산신...,2026-09-22,-0.0022,0.0006,,failure
071950,코아스,[기재정정]주요사항보고서(자기전환사채매도결정),convertible_bond,20260921,negative,-60,C,Convertible bonds may create future dilution risk.,5,1,3,-2,5,9월 21일 주식시장 주요공시 | [개장 전 주요 공시] GS건설·HJ중공업·메리츠증권·한국자산신탁 등 | [전일 주요공시] 범양건영·코아스·STX·코오롱·삼부토건·한국자산신...,2026-09-22,-0.0022,0.0006,,failure
071950,코아스,[기재정정]주요사항보고서(자기전환사채매도결정),convertible_bond,20260921,negative,-60,C,Convertible bonds may create future dilution risk.,5,1,3,-2,5,9월 21일 주식시장 주요공시 | [개장 전 주요 공시] GS건설·HJ중공업·메리츠증권·한국자산신탁 등 | [전일 주요공시] 범양건영·코아스·STX·코오롱·삼부토건·한국자산신...,2026-09-22,-0.0022,0.0006,,failure
071950,코아스,[기재정정]주요사항보고서(자기전환사채매도결정),convertible_bond,20260921,negative,-60,C,Convertible bonds may create future dilution risk.,5,1,3,-2,5,9월 21일 주식시장 주요공시 | [개장 전 주요 공시] GS건설·HJ중공업·메리츠증권·한국자산신탁 등 | [전일 주요공시] 범양건영·코아스·STX·코오롱·삼부토건·한국자산신...,2026-09-22,-0.0022,0.0006,,failure
071950,코아스,[기재정정]주요사항보고서(자기전환사채매도결정),convertible_bond,20260921,negative,-60,C,Convertible bonds may create future dilution risk.,5,1,3,-2,5,9월 21일 주식시장 주요공시 | [개장 전 주요 공시] GS건설·HJ중공업·메리츠증권·한국자산신탁 등 | [전일 주요공시] 범양건영·코아스·STX·코오롱·삼부토건·한국자산신...,2026-09-22,-0.0022,0.0006,,failure
071950,코아스,[기재정정]주요사항보고서(자기전환사채매도결정),convertible_bond,20260921,negative,-60,C,Convertible bonds may create future dilution risk.,5,1,3,-2,5,9월 21일 주식시장 주요공시 | [개장 전 주요 공시] GS건설·HJ중공업·메리츠증권·한국자산신탁 등 | [전일 주요공시] 범양건영·코아스·STX·코오롱·삼부토건·한국자산신...,2026-09-22,-0.0022,0.0006,,failure
071950,코아스,[기재정정]주요사항보고서(자기전환사채매도결정),convertible_bond,20260921,negative,-60,C,Convertible bonds may create future dilution risk.,5,1,3,-2,5,9월 21일 주식시장 주요공시 | [개장 전 주요 공시] GS건설·HJ중공업·메리츠증권·한국자산신탁 등 | [전일 주요공시] 범양건영·코아스·STX·코오롱·삼부토건·한국자산신...,2026-09-22,-0.0022,0.0006,,failure
071950,코아스,[기재정정]주요사항보고서(자기전환사채매도결정),convertible_bond,20260921,negative,-60,C,Convertible bonds may create future dilution risk.,5,1,3,-2,5,9월 21일 주식시장 주요공시 | [개장 전 주요 공시] GS건설·HJ중공업·메리츠증권·한국자산신탁 등 | [전일 주요공시] 범양건영·코아스·STX·코오롱·삼부토건·한국자산신...,2026-09-22,-0.0022,0.0006,,failure
071950,코아스,[기재정정]주요사항보고서(자기전환사채매도결정),convertible_bond,20260921,negative,-60,C,Convertible bonds may create future dilution risk.,5,1,3,-2,5,9월 21일 주식시장 주요공시 | [개장 전 주요 공시] GS건설·HJ중공업·메리츠증권·한국자산신탁 등 | [전일 주요공시] 범양건영·코아스·STX·코오롱·삼부토건·한국자산신...,2026-09-22,-0.0022,0.0006,,failure
071950,코아스,[기재정정]주요사항보고서(자기전환사채매도결정),convertible_bond,20260921,negative,-60,C,Convertible bonds may create future dilution risk.,5,1,3,-2,5,9월 21일 주식시장 주요공시 | [개장 전 주요 공시] GS건설·HJ중공업·메리츠증권·한국자산신탁 등 | [전일 주요공시] 범양건영·코아스·STX·코오롱·삼부토건·한국자산신...,2026-09-22,-0.0022,0.0006,,failure
071950,코아스,[기재정정]주요사항보고서(자기전환사채매도결정),convertible_bond,20260921,negative,-60,C,Convertible bonds may create future dilution risk.,5,1,3,-2,5,9월 21일 주식시장 주요공시 | [개장 전 주요 공시] GS건설·HJ중공업·메리츠증권·한국자산신탁 등 | [전일 주요공시] 범양건영·코아스·STX·코오롱·삼부토건·한국자산신...,2026-09-22,-0.0022,0.0006,,failure
071950,코아스,[기재정정]주요사항보고서(자기전환사채매도결정),convertible_bond,20260921,negative,-60,C,Convertible bonds may create future dilution risk.,5,1,3,-2,5,9월 21일 주식시장 주요공시 | [개장 전 주요 공시] GS건설·HJ중공업·메리츠증권·한국자산신탁 등 | [전일 주요공시] 범양건영·코아스·STX·코오롱·삼부토건·한국자산신...,2026-09-22,-0.0022,0.0006,,failure
071950,코아스,[기재정정]주요사항보고서(자기전환사채매도결정),convertible_bond,20260921,negative,-60,C,Convertible bonds may create future dilution risk.,5,1,3,-2,5,9월 21일 주식시장 주요공시 | [개장 전 주요 공시] GS건설·HJ중공업·메리츠증권·한국자산신탁 등 | [전일 주요공시] 범양건영·코아스·STX·코오롱·삼부토건·한국자산신...,2026-09-22,-0.0022,0.0006,,failure
071950,코아스,[기재정정]주요사항보고서(자기전환사채매도결정),convertible_bond,20260921,negative,-60,C,Convertible bonds may create future dilution risk.,5,1,3,-2,5,9월 21일 주식시장 주요공시 | [개장 전 주요 공시] GS건설·HJ중공업·메리츠증권·한국자산신탁 등 | [전일 주요공시] 범양건영·코아스·STX·코오롱·삼부토건·한국자산신...,2026-09-22,-0.0022,0.0006,,failure
071950,코아스,[기재정정]주요사항보고서(자기전환사채매도결정),convertible_bond,20260921,negative,-60,C,Convertible bonds may create future dilution risk.,5,1,3,-2,5,9월 21일 주식시장 주요공시 | [개장 전 주요 공시] GS건설·HJ중공업·메리츠증권·한국자산신탁 등 | [전일 주요공시] 범양건영·코아스·STX·코오롱·삼부토건·한국자산신...,2026-09-22,-0.0022,0.0006,,failure
071950,코아스,[기재정정]주요사항보고서(자기전환사채매도결정),convertible_bond,20260921,negative,-60,C,Convertible bonds may create future dilution risk.,5,1,3,-2,5,9월 21일 주식시장 주요공시 | [개장 전 주요 공시] GS건설·HJ중공업·메리츠증권·한국자산신탁 등 | [전일 주요공시] 범양건영·코아스·STX·코오롱·삼부토건·한국자산신...,2026-09-22,-0.0022,0.0006,,failure
071950,코아스,[기재정정]주요사항보고서(자기전환사채매도결정),convertible_bond,20260921,negative,-60,C,Convertible bonds may create future dilution risk.,5,1,3,-2,5,9월 21일 주식시장 주요공시 | [개장 전 주요 공시] GS건설·HJ중공업·메리츠증권·한국자산신탁 등 | [전일 주요공시] 범양건영·코아스·STX·코오롱·삼부토건·한국자산신...,2026-09-22,-0.0022,0.0006,,failure
071950,코아스,[기재정정]주요사항보고서(자기전환사채매도결정),convertible_bond,20260921,negative,-60,C,Convertible bonds may create future dilution risk.,5,1,3,-2,5,9월 21일 주식시장 주요공시 | [개장 전 주요 공시] GS건설·HJ중공업·메리츠증권·한국자산신탁 등 | [전일 주요공시] 범양건영·코아스·STX·코오롱·삼부토건·한국자산신...,2026-09-22,-0.0022,0.0006,,failure
071950,코아스,[기재정정]주요사항보고서(자기전환사채매도결정),convertible_bond,20260921,negative,-60,C,Convertible bonds may create future dilution risk.,5,1,3,-2,5,9월 21일 주식시장 주요공시 | [개장 전 주요 공시] GS건설·HJ중공업·메리츠증권·한국자산신탁 등 | [전일 주요공시] 범양건영·코아스·STX·코오롱·삼부토건·한국자산신...,2026-09-22,-0.0022,0.0006,,failure
071950,코아스,[기재정정]주요사항보고서(자기전환사채매도결정),convertible_bond,20260921,negative,-60,C,Convertible bonds may create future dilution risk.,5,1,3,-2,5,9월 21일 주식시장 주요공시 | [개장 전 주요 공시] GS건설·HJ중공업·메리츠증권·한국자산신탁 등 | [전일 주요공시] 범양건영·코아스·STX·코오롱·삼부토건·한국자산신...,2026-09-22,-0.0022,0.0006,,failure
071950,코아스,[기재정정]주요사항보고서(자기전환사채매도결정),convertible_bond,20260921,negative,-60,C,Convertible bonds may create future dilution risk.,5,1,3,-2,5,9월 21일 주식시장 주요공시 | [개장 전 주요 공시] GS건설·HJ중공업·메리츠증권·한국자산신탁 등 | [전일 주요공시] 범양건영·코아스·STX·코오롱·삼부토건·한국자산신...,2026-09-22,-0.0022,0.0006,,failure
071950,코아스,[기재정정]주요사항보고서(자기전환사채매도결정),convertible_bond,20260921,negative,-60,C,Convertible bonds may create future dilution risk.,5,1,3,-2,5,9월 21일 주식시장 주요공시 | [개장 전 주요 공시] GS건설·HJ중공업·메리츠증권·한국자산신탁 등 | [전일 주요공시] 범양건영·코아스·STX·코오롱·삼부토건·한국자산신...,2026-09-22,-0.0022,0.0006,,failure
071950,코아스,[기재정정]주요사항보고서(자기전환사채매도결정),convertible_bond,20260921,negative,-60,C,Convertible bonds may create future dilution risk.,5,1,3,-2,5,9월 21일 주식시장 주요공시 | [개장 전 주요 공시] GS건설·HJ중공업·메리츠증권·한국자산신탁 등 | [전일 주요공시] 범양건영·코아스·STX·코오롱·삼부토건·한국자산신...,2026-09-22,-0.0022,0.0006,,failure
071950,코아스,[기재정정]주요사항보고서(자기전환사채매도결정),convertible_bond,20260921,negative,-60,C,Convertible bonds may create future dilution risk.,5,1,3,-2,5,9월 21일 주식시장 주요공시 | [개장 전 주요 공시] GS건설·HJ중공업·메리츠증권·한국자산신탁 등 | [전일 주요공시] 범양건영·코아스·STX·코오롱·삼부토건·한국자산신...,2026-09-22,-0.0022,0.0006,,failure
071950,코아스,[기재정정]주요사항보고서(자기전환사채매도결정),convertible_bond,20260921,negative,-60,C,Convertible bonds may create future dilution risk.,5,1,3,-2,5,9월 21일 주식시장 주요공시 | [개장 전 주요 공시] GS건설·HJ중공업·메리츠증권·한국자산신탁 등 | [전일 주요공시] 범양건영·코아스·STX·코오롱·삼부토건·한국자산신...,2026-09-22,-0.0022,0.0006,,failure
071950,코아스,[기재정정]주요사항보고서(자기전환사채매도결정),convertible_bond,20260921,negative,-60,C,Convertible bonds may create future dilution risk.,5,1,3,-2,5,9월 21일 주식시장 주요공시 | [개장 전 주요 공시] GS건설·HJ중공업·메리츠증권·한국자산신탁 등 | [전일 주요공시] 범양건영·코아스·STX·코오롱·삼부토건·한국자산신...,2026-09-22,-0.0022,0.0006,,failure
071950,코아스,[기재정정]주요사항보고서(자기전환사채매도결정),convertible_bond,20260921,negative,-60,C,Convertible bonds may create future dilution risk.,5,1,3,-2,5,9월 21일 주식시장 주요공시 | [개장 전 주요 공시] GS건설·HJ중공업·메리츠증권·한국자산신탁 등 | [전일 주요공시] 범양건영·코아스·STX·코오롱·삼부토건·한국자산신...,2026-09-22,-0.0022,0.0006,,failure
071950,코아스,[기재정정]주요사항보고서(자기전환사채매도결정),convertible_bond,20260921,negative,-60,C,Convertible bonds may create future dilution risk.,5,1,3,-2,5,9월 21일 주식시장 주요공시 | [개장 전 주요 공시] GS건설·HJ중공업·메리츠증권·한국자산신탁 등 | [전일 주요공시] 범양건영·코아스·STX·코오롱·삼부토건·한국자산신...,2026-09-22,-0.0022,0.0006,,failure
071950,코아스,[기재정정]주요사항보고서(자기전환사채매도결정),convertible_bond,20260921,negative,-60,C,Convertible bonds may create future dilution risk.,5,1,3,-2,5,9월 21일 주식시장 주요공시 | [개장 전 주요 공시] GS건설·HJ중공업·메리츠증권·한국자산신탁 등 | [전일 주요공시] 범양건영·코아스·STX·코오롱·삼부토건·한국자산신...,2026-09-22,-0.0022,0.0006,,failure
071950,코아스,[기재정정]주요사항보고서(자기전환사채매도결정),convertible_bond,20260921,negative,-60,C,Convertible bonds may create future dilution risk.,5,1,3,-2,5,9월 21일 주식시장 주요공시 | [개장 전 주요 공시] GS건설·HJ중공업·메리츠증권·한국자산신탁 등 | [전일 주요공시] 범양건영·코아스·STX·코오롱·삼부토건·한국자산신...,2026-09-22,-0.0022,0.0006,,failure
071950,코아스,[기재정정]주요사항보고서(자기전환사채매도결정),convertible_bond,20260921,negative,-60,C,Convertible bonds may create future dilution risk.,5,1,3,-2,5,9월 21일 주식시장 주요공시 | [개장 전 주요 공시] GS건설·HJ중공업·메리츠증권·한국자산신탁 등 | [전일 주요공시] 범양건영·코아스·STX·코오롱·삼부토건·한국자산신...,2026-09-22,-0.0022,0.0006,,failure
071950,코아스,[기재정정]주요사항보고서(자기전환사채매도결정),convertible_bond,20260921,negative,-60,C,Convertible bonds may create future dilution risk.,5,1,3,-2,5,9월 21일 주식시장 주요공시 | [개장 전 주요 공시] GS건설·HJ중공업·메리츠증권·한국자산신탁 등 | [전일 주요공시] 범양건영·코아스·STX·코오롱·삼부토건·한국자산신...,2026-09-22,-0.0022,0.0006,,failure
071950,코아스,[기재정정]주요사항보고서(자기전환사채매도결정),convertible_bond,20260921,negative,-60,C,Convertible bonds may create future dilution risk.,5,1,3,-2,5,9월 21일 주식시장 주요공시 | [개장 전 주요 공시] GS건설·HJ중공업·메리츠증권·한국자산신탁 등 | [전일 주요공시] 범양건영·코아스·STX·코오롱·삼부토건·한국자산신...,2026-09-22,-0.0022,0.0006,,failure
071950,코아스,[기재정정]주요사항보고서(자기전환사채매도결정),convertible_bond,20260921,negative,-60,C,Convertible bonds may create future dilution risk.,5,1,3,-2,5,9월 21일 주식시장 주요공시 | [개장 전 주요 공시] GS건설·HJ중공업·메리츠증권·한국자산신탁 등 | [전일 주요공시] 범양건영·코아스·STX·코오롱·삼부토건·한국자산신...,2026-09-22,-0.0022,0.0006,,failure
071950,코아스,[기재정정]주요사항보고서(자기전환사채매도결정),convertible_bond,20260921,negative,-60,C,Convertible bonds may create future dilution risk.,5,1,3,-2,5,9월 21일 주식시장 주요공시 | [개장 전 주요 공시] GS건설·HJ중공업·메리츠증권·한국자산신탁 등 | [전일 주요공시] 범양건영·코아스·STX·코오롱·삼부토건·한국자산신...,2026-09-22,-0.0022,0.0006,,failure
071950,코아스,[기재정정]주요사항보고서(자기전환사채매도결정),convertible_bond,20260921,negative,-60,C,Convertible bonds may create future dilution risk.,5,1,3,-2,5,9월 21일 주식시장 주요공시 | [개장 전 주요 공시] GS건설·HJ중공업·메리츠증권·한국자산신탁 등 | [전일 주요공시] 범양건영·코아스·STX·코오롱·삼부토건·한국자산신...,2026-09-22,-0.0022,0.0006,,failure
071950,코아스,[기재정정]주요사항보고서(자기전환사채매도결정),convertible_bond,20260921,negative,-60,C,Convertible bonds may create future dilution risk.,5,1,3,-2,5,9월 21일 주식시장 주요공시 | [개장 전 주요 공시] GS건설·HJ중공업·메리츠증권·한국자산신탁 등 | [전일 주요공시] 범양건영·코아스·STX·코오롱·삼부토건·한국자산신...,2026-09-22,-0.0022,0.0006,,failure
071950,코아스,[기재정정]주요사항보고서(자기전환사채매도결정),convertible_bond,20260921,negative,-60,C,Convertible bonds may create future dilution risk.,5,1,3,-2,5,9월 21일 주식시장 주요공시 | [개장 전 주요 공시] GS건설·HJ중공업·메리츠증권·한국자산신탁 등 | [전일 주요공시] 범양건영·코아스·STX·코오롱·삼부토건·한국자산신...,2026-09-22,-0.0022,0.0006,,failure
071950,코아스,[기재정정]주요사항보고서(자기전환사채매도결정),convertible_bond,20260921,negative,-60,C,Convertible bonds may create future dilution risk.,5,1,3,-2,5,9월 21일 주식시장 주요공시 | [개장 전 주요 공시] GS건설·HJ중공업·메리츠증권·한국자산신탁 등 | [전일 주요공시] 범양건영·코아스·STX·코오롱·삼부토건·한국자산신...,2026-09-22,-0.0022,0.0006,,failure
071950,코아스,[기재정정]주요사항보고서(자기전환사채매도결정),convertible_bond,20260921,negative,-60,C,Convertible bonds may create future dilution risk.,5,1,3,-2,5,9월 21일 주식시장 주요공시 | [개장 전 주요 공시] GS건설·HJ중공업·메리츠증권·한국자산신탁 등 | [전일 주요공시] 범양건영·코아스·STX·코오롱·삼부토건·한국자산신...,2026-09-22,-0.0022,0.0006,,failure
071950,코아스,[기재정정]주요사항보고서(자기전환사채매도결정),convertible_bond,20260921,negative,-60,C,Convertible bonds may create future dilution risk.,5,1,3,-2,5,9월 21일 주식시장 주요공시 | [개장 전 주요 공시] GS건설·HJ중공업·메리츠증권·한국자산신탁 등 | [전일 주요공시] 범양건영·코아스·STX·코오롱·삼부토건·한국자산신...,2026-09-22,-0.0022,0.0006,,failure
071950,코아스,[기재정정]주요사항보고서(자기전환사채매도결정),convertible_bond,20260921,negative,-60,C,Convertible bonds may create future dilution risk.,5,1,3,-2,5,9월 21일 주식시장 주요공시 | [개장 전 주요 공시] GS건설·HJ중공업·메리츠증권·한국자산신탁 등 | [전일 주요공시] 범양건영·코아스·STX·코오롱·삼부토건·한국자산신...,2026-09-22,-0.0022,0.0006,,failure
071950,코아스,[기재정정]주요사항보고서(자기전환사채매도결정),convertible_bond,20260921,negative,-60,C,Convertible bonds may create future dilution risk.,5,1,3,-2,5,9월 21일 주식시장 주요공시 | [개장 전 주요 공시] GS건설·HJ중공업·메리츠증권·한국자산신탁 등 | [전일 주요공시] 범양건영·코아스·STX·코오롱·삼부토건·한국자산신...,2026-09-22,-0.0022,0.0006,,failure
071950,코아스,[기재정정]주요사항보고서(자기전환사채매도결정),convertible_bond,20260921,negative,-60,C,Convertible bonds may create future dilution risk.,5,1,3,-2,5,9월 21일 주식시장 주요공시 | [개장 전 주요 공시] GS건설·HJ중공업·메리츠증권·한국자산신탁 등 | [전일 주요공시] 범양건영·코아스·STX·코오롱·삼부토건·한국자산신...,2026-09-22,-0.0022,0.0006,,failure
071950,코아스,[기재정정]주요사항보고서(자기전환사채매도결정),convertible_bond,20260921,negative,-60,C,Convertible bonds may create future dilution risk.,5,1,3,-2,5,9월 21일 주식시장 주요공시 | [개장 전 주요 공시] GS건설·HJ중공업·메리츠증권·한국자산신탁 등 | [전일 주요공시] 범양건영·코아스·STX·코오롱·삼부토건·한국자산신...,2026-09-22,-0.0022,0.0006,,failure
071950,코아스,[기재정정]주요사항보고서(자기전환사채매도결정),convertible_bond,20260921,negative,-60,C,Convertible bonds may create future dilution risk.,5,1,3,-2,5,9월 21일 주식시장 주요공시 | [개장 전 주요 공시] GS건설·HJ중공업·메리츠증권·한국자산신탁 등 | [전일 주요공시] 범양건영·코아스·STX·코오롱·삼부토건·한국자산신...,2026-09-22,-0.0022,0.0006,,failure
071950,코아스,[기재정정]주요사항보고서(자기전환사채매도결정),convertible_bond,20260921,negative,-60,C,Convertible bonds may create future dilution risk.,5,1,3,-2,5,9월 21일 주식시장 주요공시 | [개장 전 주요 공시] GS건설·HJ중공업·메리츠증권·한국자산신탁 등 | [전일 주요공시] 범양건영·코아스·STX·코오롱·삼부토건·한국자산신...,2026-09-22,-0.0022,0.0006,,failure
071950,코아스,[기재정정]주요사항보고서(자기전환사채매도결정),convertible_bond,20260921,negative,-60,C,Convertible bonds may create future dilution risk.,5,1,3,-2,5,9월 21일 주식시장 주요공시 | [개장 전 주요 공시] GS건설·HJ중공업·메리츠증권·한국자산신탁 등 | [전일 주요공시] 범양건영·코아스·STX·코오롱·삼부토건·한국자산신...,2026-09-22,-0.0022,0.0006,,failure
071950,코아스,[기재정정]주요사항보고서(자기전환사채매도결정),convertible_bond,20260921,negative,-60,C,Convertible bonds may create future dilution risk.,5,1,3,-2,5,9월 21일 주식시장 주요공시 | [개장 전 주요 공시] GS건설·HJ중공업·메리츠증권·한국자산신탁 등 | [전일 주요공시] 범양건영·코아스·STX·코오롱·삼부토건·한국자산신...,2026-09-22,-0.0022,0.0006,,failure
071950,코아스,[기재정정]주요사항보고서(자기전환사채매도결정),convertible_bond,20260921,negative,-60,C,Convertible bonds may create future dilution risk.,5,1,3,-2,5,9월 21일 주식시장 주요공시 | [개장 전 주요 공시] GS건설·HJ중공업·메리츠증권·한국자산신탁 등 | [전일 주요공시] 범양건영·코아스·STX·코오롱·삼부토건·한국자산신...,2026-09-22,-0.0022,0.0006,,failure
071950,코아스,[기재정정]주요사항보고서(자기전환사채매도결정),convertible_bond,20260921,negative,-60,C,Convertible bonds may create future dilution risk.,5,1,3,-2,5,9월 21일 주식시장 주요공시 | [개장 전 주요 공시] GS건설·HJ중공업·메리츠증권·한국자산신탁 등 | [전일 주요공시] 범양건영·코아스·STX·코오롱·삼부토건·한국자산신...,2026-09-22,-0.0022,0.0006,,failure
071950,코아스,[기재정정]주요사항보고서(자기전환사채매도결정),convertible_bond,20260921,negative,-60,C,Convertible bonds may create future dilution risk.,5,1,3,-2,5,9월 21일 주식시장 주요공시 | [개장 전 주요 공시] GS건설·HJ중공업·메리츠증권·한국자산신탁 등 | [전일 주요공시] 범양건영·코아스·STX·코오롱·삼부토건·한국자산신...,2026-09-22,-0.0022,0.0006,,failure
071950,코아스,[기재정정]주요사항보고서(자기전환사채매도결정),convertible_bond,20260921,negative,-60,C,Convertible bonds may create future dilution risk.,5,1,3,-2,5,9월 21일 주식시장 주요공시 | [개장 전 주요 공시] GS건설·HJ중공업·메리츠증권·한국자산신탁 등 | [전일 주요공시] 범양건영·코아스·STX·코오롱·삼부토건·한국자산신...,2026-09-22,-0.0022,0.0006,,failure
071950,코아스,[기재정정]주요사항보고서(자기전환사채매도결정),convertible_bond,20260921,negative,-60,C,Convertible bonds may create future dilution risk.,5,1,3,-2,5,9월 21일 주식시장 주요공시 | [개장 전 주요 공시] GS건설·HJ중공업·메리츠증권·한국자산신탁 등 | [전일 주요공시] 범양건영·코아스·STX·코오롱·삼부토건·한국자산신...,2026-09-22,-0.0022,0.0006,,failure
071950,코아스,[기재정정]주요사항보고서(자기전환사채매도결정),convertible_bond,20260921,negative,-60,C,Convertible bonds may create future dilution risk.,5,1,3,-2,5,9월 21일 주식시장 주요공시 | [개장 전 주요 공시] GS건설·HJ중공업·메리츠증권·한국자산신탁 등 | [전일 주요공시] 범양건영·코아스·STX·코오롱·삼부토건·한국자산신...,2026-09-22,-0.0022,0.0006,,failure
071950,코아스,[기재정정]주요사항보고서(자기전환사채매도결정),convertible_bond,20260921,negative,-60,C,Convertible bonds may create future dilution risk.,5,1,3,-2,5,9월 21일 주식시장 주요공시 | [개장 전 주요 공시] GS건설·HJ중공업·메리츠증권·한국자산신탁 등 | [전일 주요공시] 범양건영·코아스·STX·코오롱·삼부토건·한국자산신...,2026-09-22,-0.0022,0.0006,,failure
071950,코아스,[기재정정]주요사항보고서(자기전환사채매도결정),convertible_bond,20260921,negative,-60,C,Convertible bonds may create future dilution risk.,5,1,3,-2,5,9월 21일 주식시장 주요공시 | [개장 전 주요 공시] GS건설·HJ중공업·메리츠증권·한국자산신탁 등 | [전일 주요공시] 범양건영·코아스·STX·코오롱·삼부토건·한국자산신...,2026-09-22,-0.0022,0.0006,,failure
071950,코아스,[기재정정]주요사항보고서(자기전환사채매도결정),convertible_bond,20260921,negative,-60,C,Convertible bonds may create future dilution risk.,5,1,3,-2,5,9월 21일 주식시장 주요공시 | [개장 전 주요 공시] GS건설·HJ중공업·메리츠증권·한국자산신탁 등 | [전일 주요공시] 범양건영·코아스·STX·코오롱·삼부토건·한국자산신...,2026-09-22,-0.0022,0.0006,,failure
071950,코아스,[기재정정]주요사항보고서(자기전환사채매도결정),convertible_bond,20260921,negative,-60,C,Convertible bonds may create future dilution risk.,5,1,3,-2,5,9월 21일 주식시장 주요공시 | [개장 전 주요 공시] GS건설·HJ중공업·메리츠증권·한국자산신탁 등 | [전일 주요공시] 범양건영·코아스·STX·코오롱·삼부토건·한국자산신...,2026-09-22,-0.0022,0.0006,,failure
071950,코아스,[기재정정]주요사항보고서(자기전환사채매도결정),convertible_bond,20260921,negative,-60,C,Convertible bonds may create future dilution risk.,5,1,3,-2,5,9월 21일 주식시장 주요공시 | [개장 전 주요 공시] GS건설·HJ중공업·메리츠증권·한국자산신탁 등 | [전일 주요공시] 범양건영·코아스·STX·코오롱·삼부토건·한국자산신...,2026-09-22,-0.0022,0.0006,,failure
071950,코아스,[기재정정]주요사항보고서(자기전환사채매도결정),convertible_bond,20260921,negative,-60,C,Convertible bonds may create future dilution risk.,5,1,3,-2,5,9월 21일 주식시장 주요공시 | [개장 전 주요 공시] GS건설·HJ중공업·메리츠증권·한국자산신탁 등 | [전일 주요공시] 범양건영·코아스·STX·코오롱·삼부토건·한국자산신...,2026-09-22,-0.0022,0.0006,,failure
071950,코아스,[기재정정]주요사항보고서(자기전환사채매도결정),convertible_bond,20260921,negative,-60,C,Convertible bonds may create future dilution risk.,5,1,3,-2,5,9월 21일 주식시장 주요공시 | [개장 전 주요 공시] GS건설·HJ중공업·메리츠증권·한국자산신탁 등 | [전일 주요공시] 범양건영·코아스·STX·코오롱·삼부토건·한국자산신...,2026-09-22,-0.0022,0.0006,,failure
071950,코아스,[기재정정]주요사항보고서(자기전환사채매도결정),convertible_bond,20260921,negative,-60,C,Convertible bonds may create future dilution risk.,5,1,3,-2,5,9월 21일 주식시장 주요공시 | [개장 전 주요 공시] GS건설·HJ중공업·메리츠증권·한국자산신탁 등 | [전일 주요공시] 범양건영·코아스·STX·코오롱·삼부토건·한국자산신...,2026-09-22,-0.0022,0.0006,,failure
071950,코아스,[기재정정]주요사항보고서(자기전환사채매도결정),convertible_bond,20260921,negative,-60,C,Convertible bonds may create future dilution risk.,5,1,3,-2,5,9월 21일 주식시장 주요공시 | [개장 전 주요 공시] GS건설·HJ중공업·메리츠증권·한국자산신탁 등 | [전일 주요공시] 범양건영·코아스·STX·코오롱·삼부토건·한국자산신...,2026-09-22,-0.0022,0.0006,,failure
071950,코아스,[기재정정]주요사항보고서(자기전환사채매도결정),convertible_bond,20260921,negative,-60,C,Convertible bonds may create future dilution risk.,5,1,3,-2,5,9월 21일 주식시장 주요공시 | [개장 전 주요 공시] GS건설·HJ중공업·메리츠증권·한국자산신탁 등 | [전일 주요공시] 범양건영·코아스·STX·코오롱·삼부토건·한국자산신...,2026-09-22,-0.0022,0.0006,,failure
071950,코아스,[기재정정]주요사항보고서(자기전환사채매도결정),convertible_bond,20260921,negative,-60,C,Convertible bonds may create future dilution risk.,5,1,3,-2,5,9월 21일 주식시장 주요공시 | [개장 전 주요 공시] GS건설·HJ중공업·메리츠증권·한국자산신탁 등 | [전일 주요공시] 범양건영·코아스·STX·코오롱·삼부토건·한국자산신...,2026-09-22,-0.0022,0.0006,,failure
071950,코아스,[기재정정]주요사항보고서(자기전환사채매도결정),convertible_bond,20260921,negative,-60,C,Convertible bonds may create future dilution risk.,5,1,3,-2,5,9월 21일 주식시장 주요공시 | [개장 전 주요 공시] GS건설·HJ중공업·메리츠증권·한국자산신탁 등 | [전일 주요공시] 범양건영·코아스·STX·코오롱·삼부토건·한국자산신...,2026-09-22,-0.0022,0.0006,,failure
071950,코아스,[기재정정]주요사항보고서(자기전환사채매도결정),convertible_bond,20260921,negative,-60,C,Convertible bonds may create future dilution risk.,5,1,3,-2,5,9월 21일 주식시장 주요공시 | [개장 전 주요 공시] GS건설·HJ중공업·메리츠증권·한국자산신탁 등 | [전일 주요공시] 범양건영·코아스·STX·코오롱·삼부토건·한국자산신...,2026-09-22,-0.0022,0.0006,,failure
071950,코아스,[기재정정]주요사항보고서(자기전환사채매도결정),convertible_bond,20260921,negative,-60,C,Convertible bonds may create future dilution risk.,5,1,3,-2,5,9월 21일 주식시장 주요공시 | [개장 전 주요 공시] GS건설·HJ중공업·메리츠증권·한국자산신탁 등 | [전일 주요공시] 범양건영·코아스·STX·코오롱·삼부토건·한국자산신...,2026-09-22,-0.0022,0.0006,,failure
071950,코아스,[기재정정]주요사항보고서(자기전환사채매도결정),convertible_bond,20260921,negative,-60,C,Convertible bonds may create future dilution risk.,5,1,3,-2,5,9월 21일 주식시장 주요공시 | [개장 전 주요 공시] GS건설·HJ중공업·메리츠증권·한국자산신탁 등 | [전일 주요공시] 범양건영·코아스·STX·코오롱·삼부토건·한국자산신...,2026-09-22,-0.0022,0.0006,,failure
071950,코아스,[기재정정]주요사항보고서(자기전환사채매도결정),convertible_bond,20260921,negative,-60,C,Convertible bonds may create future dilution risk.,5,1,3,-2,5,9월 21일 주식시장 주요공시 | [개장 전 주요 공시] GS건설·HJ중공업·메리츠증권·한국자산신탁 등 | [전일 주요공시] 범양건영·코아스·STX·코오롱·삼부토건·한국자산신...,2026-09-22,-0.0022,0.0006,,failure
071950,코아스,[기재정정]주요사항보고서(자기전환사채매도결정),convertible_bond,20260921,negative,-60,C,Convertible bonds may create future dilution risk.,5,1,3,-2,5,9월 21일 주식시장 주요공시 | [개장 전 주요 공시] GS건설·HJ중공업·메리츠증권·한국자산신탁 등 | [전일 주요공시] 범양건영·코아스·STX·코오롱·삼부토건·한국자산신...,2026-09-22,-0.0022,0.0006,,failure
071950,코아스,[기재정정]주요사항보고서(자기전환사채매도결정),convertible_bond,20260921,negative,-60,C,Convertible bonds may create future dilution risk.,5,1,3,-2,5,9월 21일 주식시장 주요공시 | [개장 전 주요 공시] GS건설·HJ중공업·메리츠증권·한국자산신탁 등 | [전일 주요공시] 범양건영·코아스·STX·코오롱·삼부토건·한국자산신...,2026-09-22,-0.0022,0.0006,,failure
071950,코아스,[기재정정]주요사항보고서(자기전환사채매도결정),convertible_bond,20260921,negative,-60,C,Convertible bonds may create future dilution risk.,5,1,3,-2,5,9월 21일 주식시장 주요공시 | [개장 전 주요 공시] GS건설·HJ중공업·메리츠증권·한국자산신탁 등 | [전일 주요공시] 범양건영·코아스·STX·코오롱·삼부토건·한국자산신...,2026-09-22,-0.0022,0.0006,,failure
071950,코아스,[기재정정]주요사항보고서(자기전환사채매도결정),convertible_bond,20260921,negative,-60,C,Convertible bonds may create future dilution risk.,5,1,3,-2,5,9월 21일 주식시장 주요공시 | [개장 전 주요 공시] GS건설·HJ중공업·메리츠증권·한국자산신탁 등 | [전일 주요공시] 범양건영·코아스·STX·코오롱·삼부토건·한국자산신...,2026-09-22,-0.0022,0.0006,,failure
071950,코아스,[기재정정]주요사항보고서(자기전환사채매도결정),convertible_bond,20260921,negative,-60,C,Convertible bonds may create future dilution risk.,5,1,3,-2,5,9월 21일 주식시장 주요공시 | [개장 전 주요 공시] GS건설·HJ중공업·메리츠증권·한국자산신탁 등 | [전일 주요공시] 범양건영·코아스·STX·코오롱·삼부토건·한국자산신...,2026-09-22,-0.0022,0.0006,,failure
071950,코아스,[기재정정]주요사항보고서(자기전환사채매도결정),convertible_bond,20260921,negative,-60,C,Convertible bonds may create future dilution risk.,5,1,3,-2,5,9월 21일 주식시장 주요공시 | [개장 전 주요 공시] GS건설·HJ중공업·메리츠증권·한국자산신탁 등 | [전일 주요공시] 범양건영·코아스·STX·코오롱·삼부토건·한국자산신...,2026-09-22,-0.0022,0.0006,,failure
071950,코아스,[기재정정]주요사항보고서(자기전환사채매도결정),convertible_bond,20260921,negative,-60,C,Convertible bonds may create future dilution risk.,5,1,3,-2,5,9월 21일 주식시장 주요공시 | [개장 전 주요 공시] GS건설·HJ중공업·메리츠증권·한국자산신탁 등 | [전일 주요공시] 범양건영·코아스·STX·코오롱·삼부토건·한국자산신...,2026-09-22,-0.0022,0.0006,,failure
071950,코아스,[기재정정]주요사항보고서(자기전환사채매도결정),convertible_bond,20260921,negative,-60,C,Convertible bonds may create future dilution risk.,5,1,3,-2,5,9월 21일 주식시장 주요공시 | [개장 전 주요 공시] GS건설·HJ중공업·메리츠증권·한국자산신탁 등 | [전일 주요공시] 범양건영·코아스·STX·코오롱·삼부토건·한국자산신...,2026-09-22,-0.0022,0.0006,,failure
071950,코아스,[기재정정]주요사항보고서(자기전환사채매도결정),convertible_bond,20260921,negative,-60,C,Convertible bonds may create future dilution risk.,5,1,3,-2,5,9월 21일 주식시장 주요공시 | [개장 전 주요 공시] GS건설·HJ중공업·메리츠증권·한국자산신탁 등 | [전일 주요공시] 범양건영·코아스·STX·코오롱·삼부토건·한국자산신...,2026-09-22,-0.0022,0.0006,,failure
071950,코아스,[기재정정]주요사항보고서(자기전환사채매도결정),convertible_bond,20260921,negative,-60,C,Convertible bonds may create future dilution risk.,5,1,3,-2,5,9월 21일 주식시장 주요공시 | [개장 전 주요 공시] GS건설·HJ중공업·메리츠증권·한국자산신탁 등 | [전일 주요공시] 범양건영·코아스·STX·코오롱·삼부토건·한국자산신...,2026-09-22,-0.0022,0.0006,,failure
071950,코아스,[기재정정]주요사항보고서(자기전환사채매도결정),convertible_bond,20260921,negative,-60,C,Convertible bonds may create future dilution risk.,5,1,3,-2,5,9월 21일 주식시장 주요공시 | [개장 전 주요 공시] GS건설·HJ중공업·메리츠증권·한국자산신탁 등 | [전일 주요공시] 범양건영·코아스·STX·코오롱·삼부토건·한국자산신...,2026-09-22,-0.0022,0.0006,,failure
071950,코아스,[기재정정]주요사항보고서(자기전환사채매도결정),convertible_bond,20260921,negative,-60,C,Convertible bonds may create future dilution risk.,5,1,3,-2,5,9월 21일 주식시장 주요공시 | [개장 전 주요 공시] GS건설·HJ중공업·메리츠증권·한국자산신탁 등 | [전일 주요공시] 범양건영·코아스·STX·코오롱·삼부토건·한국자산신...,2026-09-22,-0.0022,0.0006,,failure
071950,코아스,[기재정정]주요사항보고서(자기전환사채매도결정),convertible_bond,20260921,negative,-60,C,Convertible bonds may create future dilution risk.,5,1,3,-2,5,9월 21일 주식시장 주요공시 | [개장 전 주요 공시] GS건설·HJ중공업·메리츠증권·한국자산신탁 등 | [전일 주요공시] 범양건영·코아스·STX·코오롱·삼부토건·한국자산신...,2026-09-22,-0.0022,0.0006,,failure
071950,코아스,[기재정정]주요사항보고서(자기전환사채매도결정),convertible_bond,20260921,negative,-60,C,Convertible bonds may create future dilution risk.,5,1,3,-2,5,9월 21일 주식시장 주요공시 | [개장 전 주요 공시] GS건설·HJ중공업·메리츠증권·한국자산신탁 등 | [전일 주요공시] 범양건영·코아스·STX·코오롱·삼부토건·한국자산신...,2026-09-22,-0.0022,0.0006,,failure
071950,코아스,[기재정정]주요사항보고서(자기전환사채매도결정),convertible_bond,20260921,negative,-60,C,Convertible bonds may create future dilution risk.,5,1,3,-2,5,9월 21일 주식시장 주요공시 | [개장 전 주요 공시] GS건설·HJ중공업·메리츠증권·한국자산신탁 등 | [전일 주요공시] 범양건영·코아스·STX·코오롱·삼부토건·한국자산신...,2026-09-22,-0.0022,0.0006,,failure
071950,코아스,[기재정정]주요사항보고서(자기전환사채매도결정),convertible_bond,20260921,negative,-60,C,Convertible bonds may create future dilution risk.,5,1,3,-2,5,9월 21일 주식시장 주요공시 | [개장 전 주요 공시] GS건설·HJ중공업·메리츠증권·한국자산신탁 등 | [전일 주요공시] 범양건영·코아스·STX·코오롱·삼부토건·한국자산신...,2026-09-22,-0.0022,0.0006,,failure
071950,코아스,[기재정정]주요사항보고서(자기전환사채매도결정),convertible_bond,20260921,negative,-60,C,Convertible bonds may create future dilution risk.,5,1,3,-2,5,9월 21일 주식시장 주요공시 | [개장 전 주요 공시] GS건설·HJ중공업·메리츠증권·한국자산신탁 등 | [전일 주요공시] 범양건영·코아스·STX·코오롱·삼부토건·한국자산신...,2026-09-22,-0.0022,0.0006,,failure
071950,코아스,[기재정정]주요사항보고서(자기전환사채매도결정),convertible_bond,20260921,negative,-60,C,Convertible bonds may create future dilution risk.,5,1,3,-2,5,9월 21일 주식시장 주요공시 | [개장 전 주요 공시] GS건설·HJ중공업·메리츠증권·한국자산신탁 등 | [전일 주요공시] 범양건영·코아스·STX·코오롱·삼부토건·한국자산신...,2026-09-22,-0.0022,0.0006,,failure
071950,코아스,[기재정정]주요사항보고서(자기전환사채매도결정),convertible_bond,20260921,negative,-60,C,Convertible bonds may create future dilution risk.,5,1,3,-2,5,9월 21일 주식시장 주요공시 | [개장 전 주요 공시] GS건설·HJ중공업·메리츠증권·한국자산신탁 등 | [전일 주요공시] 범양건영·코아스·STX·코오롱·삼부토건·한국자산신...,2026-09-22,-0.0022,0.0006,,failure
071950,코아스,[기재정정]주요사항보고서(자기전환사채매도결정),convertible_bond,20260921,negative,-60,C,Convertible bonds may create future dilution risk.,5,1,3,-2,5,9월 21일 주식시장 주요공시 | [개장 전 주요 공시] GS건설·HJ중공업·메리츠증권·한국자산신탁 등 | [전일 주요공시] 범양건영·코아스·STX·코오롱·삼부토건·한국자산신...,2026-09-22,-0.0022,0.0006,,failure
071950,코아스,[기재정정]주요사항보고서(자기전환사채매도결정),convertible_bond,20260921,negative,-60,C,Convertible bonds may create future dilution risk.,5,1,3,-2,5,9월 21일 주식시장 주요공시 | [개장 전 주요 공시] GS건설·HJ중공업·메리츠증권·한국자산신탁 등 | [전일 주요공시] 범양건영·코아스·STX·코오롱·삼부토건·한국자산신...,2026-09-22,-0.0022,0.0006,,failure
071950,코아스,[기재정정]주요사항보고서(자기전환사채매도결정),convertible_bond,20260921,negative,-60,C,Convertible bonds may create future dilution risk.,5,1,3,-2,5,9월 21일 주식시장 주요공시 | [개장 전 주요 공시] GS건설·HJ중공업·메리츠증권·한국자산신탁 등 | [전일 주요공시] 범양건영·코아스·STX·코오롱·삼부토건·한국자산신...,2026-09-22,-0.0022,0.0006,,failure
071950,코아스,[기재정정]주요사항보고서(자기전환사채매도결정),convertible_bond,20260921,negative,-60,C,Convertible bonds may create future dilution risk.,5,1,3,-2,5,9월 21일 주식시장 주요공시 | [개장 전 주요 공시] GS건설·HJ중공업·메리츠증권·한국자산신탁 등 | [전일 주요공시] 범양건영·코아스·STX·코오롱·삼부토건·한국자산신...,2026-09-22,-0.0022,0.0006,,failure
071950,코아스,[기재정정]주요사항보고서(자기전환사채매도결정),convertible_bond,20260921,negative,-60,C,Convertible bonds may create future dilution risk.,5,1,3,-2,5,9월 21일 주식시장 주요공시 | [개장 전 주요 공시] GS건설·HJ중공업·메리츠증권·한국자산신탁 등 | [전일 주요공시] 범양건영·코아스·STX·코오롱·삼부토건·한국자산신...,2026-09-22,-0.0022,0.0006,,failure
071950,코아스,[기재정정]주요사항보고서(자기전환사채매도결정),convertible_bond,20260921,negative,-60,C,Convertible bonds may create future dilution risk.,5,1,3,-2,5,9월 21일 주식시장 주요공시 | [개장 전 주요 공시] GS건설·HJ중공업·메리츠증권·한국자산신탁 등 | [전일 주요공시] 범양건영·코아스·STX·코오롱·삼부토건·한국자산신...,2026-09-22,-0.0022,0.0006,,failure
071950,코아스,[기재정정]주요사항보고서(자기전환사채매도결정),convertible_bond,20260921,negative,-60,C,Convertible bonds may create future dilution risk.,5,1,3,-2,5,9월 21일 주식시장 주요공시 | [개장 전 주요 공시] GS건설·HJ중공업·메리츠증권·한국자산신탁 등 | [전일 주요공시] 범양건영·코아스·STX·코오롱·삼부토건·한국자산신...,2026-09-22,-0.0022,0.0006,,failure
071950,코아스,[기재정정]주요사항보고서(자기전환사채매도결정),convertible_bond,20260921,negative,-60,C,Convertible bonds may create future dilution risk.,5,1,3,-2,5,9월 21일 주식시장 주요공시 | [개장 전 주요 공시] GS건설·HJ중공업·메리츠증권·한국자산신탁 등 | [전일 주요공시] 범양건영·코아스·STX·코오롱·삼부토건·한국자산신...,2026-09-22,-0.0022,0.0006,,failure
071950,코아스,[기재정정]주요사항보고서(자기전환사채매도결정),convertible_bond,20260921,negative,-60,C,Convertible bonds may create future dilution risk.,5,1,3,-2,5,9월 21일 주식시장 주요공시 | [개장 전 주요 공시] GS건설·HJ중공업·메리츠증권·한국자산신탁 등 | [전일 주요공시] 범양건영·코아스·STX·코오롱·삼부토건·한국자산신...,2026-09-22,-0.0022,0.0006,,failure
071950,코아스,[기재정정]주요사항보고서(자기전환사채매도결정),convertible_bond,20260921,negative,-60,C,Convertible bonds may create future dilution risk.,5,1,3,-2,5,9월 21일 주식시장 주요공시 | [개장 전 주요 공시] GS건설·HJ중공업·메리츠증권·한국자산신탁 등 | [전일 주요공시] 범양건영·코아스·STX·코오롱·삼부토건·한국자산신...,2026-09-22,-0.0022,0.0006,,failure
071950,코아스,[기재정정]주요사항보고서(자기전환사채매도결정),convertible_bond,20260921,negative,-60,C,Convertible bonds may create future dilution risk.,5,1,3,-2,5,9월 21일 주식시장 주요공시 | [개장 전 주요 공시] GS건설·HJ중공업·메리츠증권·한국자산신탁 등 | [전일 주요공시] 범양건영·코아스·STX·코오롱·삼부토건·한국자산신...,2026-09-22,-0.0022,0.0006,,failure
071950,코아스,[기재정정]주요사항보고서(자기전환사채매도결정),convertible_bond,20260921,negative,-60,C,Convertible bonds may create future dilution risk.,5,1,3,-2,5,9월 21일 주식시장 주요공시 | [개장 전 주요 공시] GS건설·HJ중공업·메리츠증권·한국자산신탁 등 | [전일 주요공시] 범양건영·코아스·STX·코오롱·삼부토건·한국자산신...,2026-09-22,-0.0022,0.0006,,failure
071950,코아스,[기재정정]주요사항보고서(자기전환사채매도결정),convertible_bond,20260921,negative,-60,C,Convertible bonds may create future dilution risk.,5,1,3,-2,5,9월 21일 주식시장 주요공시 | [개장 전 주요 공시] GS건설·HJ중공업·메리츠증권·한국자산신탁 등 | [전일 주요공시] 범양건영·코아스·STX·코오롱·삼부토건·한국자산신...,2026-09-22,-0.0022,0.0006,,failure
071950,코아스,[기재정정]주요사항보고서(자기전환사채매도결정),convertible_bond,20260921,negative,-60,C,Convertible bonds may create future dilution risk.,5,1,3,-2,5,9월 21일 주식시장 주요공시 | [개장 전 주요 공시] GS건설·HJ중공업·메리츠증권·한국자산신탁 등 | [전일 주요공시] 범양건영·코아스·STX·코오롱·삼부토건·한국자산신...,2026-09-22,-0.0022,0.0006,,failure
071950,코아스,[기재정정]주요사항보고서(자기전환사채매도결정),convertible_bond,20260921,negative,-60,C,Convertible bonds may create future dilution risk.,5,1,3,-2,5,9월 21일 주식시장 주요공시 | [개장 전 주요 공시] GS건설·HJ중공업·메리츠증권·한국자산신탁 등 | [전일 주요공시] 범양건영·코아스·STX·코오롱·삼부토건·한국자산신...,2026-09-22,-0.0022,0.0006,,failure
071950,코아스,[기재정정]주요사항보고서(자기전환사채매도결정),convertible_bond,20260921,negative,-60,C,Convertible bonds may create future dilution risk.,5,1,3,-2,5,9월 21일 주식시장 주요공시 | [개장 전 주요 공시] GS건설·HJ중공업·메리츠증권·한국자산신탁 등 | [전일 주요공시] 범양건영·코아스·STX·코오롱·삼부토건·한국자산신...,2026-09-22,-0.0022,0.0006,,failure
071950,코아스,[기재정정]주요사항보고서(자기전환사채매도결정),convertible_bond,20260921,negative,-60,C,Convertible bonds may create future dilution risk.,5,1,3,-2,5,9월 21일 주식시장 주요공시 | [개장 전 주요 공시] GS건설·HJ중공업·메리츠증권·한국자산신탁 등 | [전일 주요공시] 범양건영·코아스·STX·코오롱·삼부토건·한국자산신...,2026-09-22,-0.0022,0.0006,,failure
071950,코아스,[기재정정]주요사항보고서(자기전환사채매도결정),convertible_bond,20260921,negative,-60,C,Convertible bonds may create future dilution risk.,5,1,3,-2,5,9월 21일 주식시장 주요공시 | [개장 전 주요 공시] GS건설·HJ중공업·메리츠증권·한국자산신탁 등 | [전일 주요공시] 범양건영·코아스·STX·코오롱·삼부토건·한국자산신...,2026-09-22,-0.0022,0.0006,,failure
071950,코아스,[기재정정]주요사항보고서(자기전환사채매도결정),convertible_bond,20260921,negative,-60,C,Convertible bonds may create future dilution risk.,5,1,3,-2,5,9월 21일 주식시장 주요공시 | [개장 전 주요 공시] GS건설·HJ중공업·메리츠증권·한국자산신탁 등 | [전일 주요공시] 범양건영·코아스·STX·코오롱·삼부토건·한국자산신...,2026-09-22,-0.0022,0.0006,,failure
071950,코아스,[기재정정]주요사항보고서(자기전환사채매도결정),convertible_bond,20260921,negative,-60,C,Convertible bonds may create future dilution risk.,5,1,3,-2,5,9월 21일 주식시장 주요공시 | [개장 전 주요 공시] GS건설·HJ중공업·메리츠증권·한국자산신탁 등 | [전일 주요공시] 범양건영·코아스·STX·코오롱·삼부토건·한국자산신...,2026-09-22,-0.0022,0.0006,,failure
071950,코아스,[기재정정]주요사항보고서(자기전환사채매도결정),convertible_bond,20260921,negative,-60,C,Convertible bonds may create future dilution risk.,5,1,3,-2,5,9월 21일 주식시장 주요공시 | [개장 전 주요 공시] GS건설·HJ중공업·메리츠증권·한국자산신탁 등 | [전일 주요공시] 범양건영·코아스·STX·코오롱·삼부토건·한국자산신...,2026-09-22,-0.0022,0.0006,,failure
071950,코아스,[기재정정]주요사항보고서(자기전환사채매도결정),convertible_bond,20260921,negative,-60,C,Convertible bonds may create future dilution risk.,5,1,3,-2,5,9월 21일 주식시장 주요공시 | [개장 전 주요 공시] GS건설·HJ중공업·메리츠증권·한국자산신탁 등 | [전일 주요공시] 범양건영·코아스·STX·코오롱·삼부토건·한국자산신...,2026-09-22,-0.0022,0.0006,,failure
071950,코아스,[기재정정]주요사항보고서(자기전환사채매도결정),convertible_bond,20260921,negative,-60,C,Convertible bonds may create future dilution risk.,5,1,3,-2,5,9월 21일 주식시장 주요공시 | [개장 전 주요 공시] GS건설·HJ중공업·메리츠증권·한국자산신탁 등 | [전일 주요공시] 범양건영·코아스·STX·코오롱·삼부토건·한국자산신...,2026-09-22,-0.0022,0.0006,,failure
071950,코아스,[기재정정]주요사항보고서(자기전환사채매도결정),convertible_bond,20260921,negative,-60,C,Convertible bonds may create future dilution risk.,5,1,3,-2,5,9월 21일 주식시장 주요공시 | [개장 전 주요 공시] GS건설·HJ중공업·메리츠증권·한국자산신탁 등 | [전일 주요공시] 범양건영·코아스·STX·코오롱·삼부토건·한국자산신...,2026-09-22,-0.0022,0.0006,,failure
071950,코아스,[기재정정]주요사항보고서(자기전환사채매도결정),convertible_bond,20260921,negative,-60,C,Convertible bonds may create future dilution risk.,5,1,3,-2,5,9월 21일 주식시장 주요공시 | [개장 전 주요 공시] GS건설·HJ중공업·메리츠증권·한국자산신탁 등 | [전일 주요공시] 범양건영·코아스·STX·코오롱·삼부토건·한국자산신...,2026-09-22,-0.0022,0.0006,,failure
071950,코아스,[기재정정]주요사항보고서(자기전환사채매도결정),convertible_bond,20260921,negative,-60,C,Convertible bonds may create future dilution risk.,5,1,3,-2,5,9월 21일 주식시장 주요공시 | [개장 전 주요 공시] GS건설·HJ중공업·메리츠증권·한국자산신탁 등 | [전일 주요공시] 범양건영·코아스·STX·코오롱·삼부토건·한국자산신...,2026-09-22,-0.0022,0.0006,,failure
071950,코아스,[기재정정]주요사항보고서(자기전환사채매도결정),convertible_bond,20260921,negative,-60,C,Convertible bonds may create future dilution risk.,5,1,3,-2,5,9월 21일 주식시장 주요공시 | [개장 전 주요 공시] GS건설·HJ중공업·메리츠증권·한국자산신탁 등 | [전일 주요공시] 범양건영·코아스·STX·코오롱·삼부토건·한국자산신...,2026-09-22,-0.0022,0.0006,,failure
071950,코아스,[기재정정]주요사항보고서(자기전환사채매도결정),convertible_bond,20260921,negative,-60,C,Convertible bonds may create future dilution risk.,5,1,3,-2,5,9월 21일 주식시장 주요공시 | [개장 전 주요 공시] GS건설·HJ중공업·메리츠증권·한국자산신탁 등 | [전일 주요공시] 범양건영·코아스·STX·코오롱·삼부토건·한국자산신...,2026-09-22,-0.0022,0.0006,,failure
071950,코아스,[기재정정]주요사항보고서(자기전환사채매도결정),convertible_bond,20260921,negative,-60,C,Convertible bonds may create future dilution risk.,5,1,3,-2,5,9월 21일 주식시장 주요공시 | [개장 전 주요 공시] GS건설·HJ중공업·메리츠증권·한국자산신탁 등 | [전일 주요공시] 범양건영·코아스·STX·코오롱·삼부토건·한국자산신...,2026-09-22,-0.0022,0.0006,,failure
071950,코아스,[기재정정]주요사항보고서(자기전환사채매도결정),convertible_bond,20260921,negative,-60,C,Convertible bonds may create future dilution risk.,5,1,3,-2,5,9월 21일 주식시장 주요공시 | [개장 전 주요 공시] GS건설·HJ중공업·메리츠증권·한국자산신탁 등 | [전일 주요공시] 범양건영·코아스·STX·코오롱·삼부토건·한국자산신...,2026-09-22,-0.0022,0.0006,,failure
071950,코아스,[기재정정]주요사항보고서(자기전환사채매도결정),convertible_bond,20260921,negative,-60,C,Convertible bonds may create future dilution risk.,5,1,3,-2,5,9월 21일 주식시장 주요공시 | [개장 전 주요 공시] GS건설·HJ중공업·메리츠증권·한국자산신탁 등 | [전일 주요공시] 범양건영·코아스·STX·코오롱·삼부토건·한국자산신...,2026-09-22,-0.0022,0.0006,,failure
071950,코아스,[기재정정]주요사항보고서(자기전환사채매도결정),convertible_bond,20260921,negative,-60,C,Convertible bonds may create future dilution risk.,5,1,3,-2,5,9월 21일 주식시장 주요공시 | [개장 전 주요 공시] GS건설·HJ중공업·메리츠증권·한국자산신탁 등 | [전일 주요공시] 범양건영·코아스·STX·코오롱·삼부토건·한국자산신...,2026-09-22,-0.0022,0.0006,,failure
071950,코아스,[기재정정]주요사항보고서(자기전환사채매도결정),convertible_bond,20260921,negative,-60,C,Convertible bonds may create future dilution risk.,5,1,3,-2,5,9월 21일 주식시장 주요공시 | [개장 전 주요 공시] GS건설·HJ중공업·메리츠증권·한국자산신탁 등 | [전일 주요공시] 범양건영·코아스·STX·코오롱·삼부토건·한국자산신...,2026-09-22,-0.0022,0.0006,,failure
071950,코아스,[기재정정]주요사항보고서(자기전환사채매도결정),convertible_bond,20260921,negative,-60,C,Convertible bonds may create future dilution risk.,5,1,3,-2,5,9월 21일 주식시장 주요공시 | [개장 전 주요 공시] GS건설·HJ중공업·메리츠증권·한국자산신탁 등 | [전일 주요공시] 범양건영·코아스·STX·코오롱·삼부토건·한국자산신...,2026-09-22,-0.0022,0.0006,,failure
071950,코아스,[기재정정]주요사항보고서(자기전환사채매도결정),convertible_bond,20260921,negative,-60,C,Convertible bonds may create future dilution risk.,5,1,3,-2,5,9월 21일 주식시장 주요공시 | [개장 전 주요 공시] GS건설·HJ중공업·메리츠증권·한국자산신탁 등 | [전일 주요공시] 범양건영·코아스·STX·코오롱·삼부토건·한국자산신...,2026-09-22,-0.0022,0.0006,,failure
071950,코아스,[기재정정]주요사항보고서(자기신주인수권부사채매도결정),bond_with_warrant,20260921,negative,-60,C,Bonds with warrants may create future dilution risk.,5,1,3,-2,5,9월 21일 주식시장 주요공시 | [개장 전 주요 공시] GS건설·HJ중공업·메리츠증권·한국자산신탁 등 | [전일 주요공시] 범양건영·코아스·STX·코오롱·삼부토건·한국자산신...,2026-09-22,-0.0022,0.0006,,failure
071950,코아스,[기재정정]주요사항보고서(자기신주인수권부사채매도결정),bond_with_warrant,20260921,negative,-60,C,Bonds with warrants may create future dilution risk.,5,1,3,-2,5,9월 21일 주식시장 주요공시 | [개장 전 주요 공시] GS건설·HJ중공업·메리츠증권·한국자산신탁 등 | [전일 주요공시] 범양건영·코아스·STX·코오롱·삼부토건·한국자산신...,2026-09-22,-0.0022,0.0006,,failure
071950,코아스,[기재정정]주요사항보고서(자기신주인수권부사채매도결정),bond_with_warrant,20260921,negative,-60,C,Bonds with warrants may create future dilution risk.,5,1,3,-2,5,9월 21일 주식시장 주요공시 | [개장 전 주요 공시] GS건설·HJ중공업·메리츠증권·한국자산신탁 등 | [전일 주요공시] 범양건영·코아스·STX·코오롱·삼부토건·한국자산신...,2026-09-22,-0.0022,0.0006,,failure
071950,코아스,[기재정정]주요사항보고서(자기신주인수권부사채매도결정),bond_with_warrant,20260921,negative,-60,C,Bonds with warrants may create future dilution risk.,5,1,3,-2,5,9월 21일 주식시장 주요공시 | [개장 전 주요 공시] GS건설·HJ중공업·메리츠증권·한국자산신탁 등 | [전일 주요공시] 범양건영·코아스·STX·코오롱·삼부토건·한국자산신...,2026-09-22,-0.0022,0.0006,,failure
071950,코아스,[기재정정]주요사항보고서(자기신주인수권부사채매도결정),bond_with_warrant,20260921,negative,-60,C,Bonds with warrants may create future dilution risk.,5,1,3,-2,5,9월 21일 주식시장 주요공시 | [개장 전 주요 공시] GS건설·HJ중공업·메리츠증권·한국자산신탁 등 | [전일 주요공시] 범양건영·코아스·STX·코오롱·삼부토건·한국자산신...,2026-09-22,-0.0022,0.0006,,failure
071950,코아스,[기재정정]주요사항보고서(자기신주인수권부사채매도결정),bond_with_warrant,20260921,negative,-60,C,Bonds with warrants may create future dilution risk.,5,1,3,-2,5,9월 21일 주식시장 주요공시 | [개장 전 주요 공시] GS건설·HJ중공업·메리츠증권·한국자산신탁 등 | [전일 주요공시] 범양건영·코아스·STX·코오롱·삼부토건·한국자산신...,2026-09-22,-0.0022,0.0006,,failure
071950,코아스,[기재정정]주요사항보고서(자기신주인수권부사채매도결정),bond_with_warrant,20260921,negative,-60,C,Bonds with warrants may create future dilution risk.,5,1,3,-2,5,9월 21일 주식시장 주요공시 | [개장 전 주요 공시] GS건설·HJ중공업·메리츠증권·한국자산신탁 등 | [전일 주요공시] 범양건영·코아스·STX·코오롱·삼부토건·한국자산신...,2026-09-22,-0.0022,0.0006,,failure
071950,코아스,[기재정정]주요사항보고서(자기신주인수권부사채매도결정),bond_with_warrant,20260921,negative,-60,C,Bonds with warrants may create future dilution risk.,5,1,3,-2,5,9월 21일 주식시장 주요공시 | [개장 전 주요 공시] GS건설·HJ중공업·메리츠증권·한국자산신탁 등 | [전일 주요공시] 범양건영·코아스·STX·코오롱·삼부토건·한국자산신...,2026-09-22,-0.0022,0.0006,,failure
071950,코아스,[기재정정]주요사항보고서(자기신주인수권부사채매도결정),bond_with_warrant,20260921,negative,-60,C,Bonds with warrants may create future dilution risk.,5,1,3,-2,5,9월 21일 주식시장 주요공시 | [개장 전 주요 공시] GS건설·HJ중공업·메리츠증권·한국자산신탁 등 | [전일 주요공시] 범양건영·코아스·STX·코오롱·삼부토건·한국자산신...,2026-09-22,-0.0022,0.0006,,failure
071950,코아스,[기재정정]주요사항보고서(자기신주인수권부사채매도결정),bond_with_warrant,20260921,negative,-60,C,Bonds with warrants may create future dilution risk.,5,1,3,-2,5,9월 21일 주식시장 주요공시 | [개장 전 주요 공시] GS건설·HJ중공업·메리츠증권·한국자산신탁 등 | [전일 주요공시] 범양건영·코아스·STX·코오롱·삼부토건·한국자산신...,2026-09-22,-0.0022,0.0006,,failure
071950,코아스,[기재정정]주요사항보고서(자기신주인수권부사채매도결정),bond_with_warrant,20260921,negative,-60,C,Bonds with warrants may create future dilution risk.,5,1,3,-2,5,9월 21일 주식시장 주요공시 | [개장 전 주요 공시] GS건설·HJ중공업·메리츠증권·한국자산신탁 등 | [전일 주요공시] 범양건영·코아스·STX·코오롱·삼부토건·한국자산신...,2026-09-22,-0.0022,0.0006,,failure
071950,코아스,[기재정정]주요사항보고서(자기신주인수권부사채매도결정),bond_with_warrant,20260921,negative,-60,C,Bonds with warrants may create future dilution risk.,5,1,3,-2,5,9월 21일 주식시장 주요공시 | [개장 전 주요 공시] GS건설·HJ중공업·메리츠증권·한국자산신탁 등 | [전일 주요공시] 범양건영·코아스·STX·코오롱·삼부토건·한국자산신...,2026-09-22,-0.0022,0.0006,,failure
071950,코아스,[기재정정]주요사항보고서(자기신주인수권부사채매도결정),bond_with_warrant,20260921,negative,-60,C,Bonds with warrants may create future dilution risk.,5,1,3,-2,5,9월 21일 주식시장 주요공시 | [개장 전 주요 공시] GS건설·HJ중공업·메리츠증권·한국자산신탁 등 | [전일 주요공시] 범양건영·코아스·STX·코오롱·삼부토건·한국자산신...,2026-09-22,-0.0022,0.0006,,failure
071950,코아스,[기재정정]주요사항보고서(자기신주인수권부사채매도결정),bond_with_warrant,20260921,negative,-60,C,Bonds with warrants may create future dilution risk.,5,1,3,-2,5,9월 21일 주식시장 주요공시 | [개장 전 주요 공시] GS건설·HJ중공업·메리츠증권·한국자산신탁 등 | [전일 주요공시] 범양건영·코아스·STX·코오롱·삼부토건·한국자산신...,2026-09-22,-0.0022,0.0006,,failure
071950,코아스,[기재정정]주요사항보고서(자기신주인수권부사채매도결정),bond_with_warrant,20260921,negative,-60,C,Bonds with warrants may create future dilution risk.,5,1,3,-2,5,9월 21일 주식시장 주요공시 | [개장 전 주요 공시] GS건설·HJ중공업·메리츠증권·한국자산신탁 등 | [전일 주요공시] 범양건영·코아스·STX·코오롱·삼부토건·한국자산신...,2026-09-22,-0.0022,0.0006,,failure
071950,코아스,[기재정정]주요사항보고서(자기신주인수권부사채매도결정),bond_with_warrant,20260921,negative,-60,C,Bonds with warrants may create future dilution risk.,5,1,3,-2,5,9월 21일 주식시장 주요공시 | [개장 전 주요 공시] GS건설·HJ중공업·메리츠증권·한국자산신탁 등 | [전일 주요공시] 범양건영·코아스·STX·코오롱·삼부토건·한국자산신...,2026-09-22,-0.0022,0.0006,,failure
071950,코아스,[기재정정]주요사항보고서(자기신주인수권부사채매도결정),bond_with_warrant,20260921,negative,-60,C,Bonds with warrants may create future dilution risk.,5,1,3,-2,5,9월 21일 주식시장 주요공시 | [개장 전 주요 공시] GS건설·HJ중공업·메리츠증권·한국자산신탁 등 | [전일 주요공시] 범양건영·코아스·STX·코오롱·삼부토건·한국자산신...,2026-09-22,-0.0022,0.0006,,failure
071950,코아스,[기재정정]주요사항보고서(자기신주인수권부사채매도결정),bond_with_warrant,20260921,negative,-60,C,Bonds with warrants may create future dilution risk.,5,1,3,-2,5,9월 21일 주식시장 주요공시 | [개장 전 주요 공시] GS건설·HJ중공업·메리츠증권·한국자산신탁 등 | [전일 주요공시] 범양건영·코아스·STX·코오롱·삼부토건·한국자산신...,2026-09-22,-0.0022,0.0006,,failure
071950,코아스,[기재정정]주요사항보고서(자기신주인수권부사채매도결정),bond_with_warrant,20260921,negative,-60,C,Bonds with warrants may create future dilution risk.,5,1,3,-2,5,9월 21일 주식시장 주요공시 | [개장 전 주요 공시] GS건설·HJ중공업·메리츠증권·한국자산신탁 등 | [전일 주요공시] 범양건영·코아스·STX·코오롱·삼부토건·한국자산신...,2026-09-22,-0.0022,0.0006,,failure
071950,코아스,[기재정정]주요사항보고서(자기신주인수권부사채매도결정),bond_with_warrant,20260921,negative,-60,C,Bonds with warrants may create future dilution risk.,5,1,3,-2,5,9월 21일 주식시장 주요공시 | [개장 전 주요 공시] GS건설·HJ중공업·메리츠증권·한국자산신탁 등 | [전일 주요공시] 범양건영·코아스·STX·코오롱·삼부토건·한국자산신...,2026-09-22,-0.0022,0.0006,,failure
071950,코아스,[기재정정]주요사항보고서(자기신주인수권부사채매도결정),bond_with_warrant,20260921,negative,-60,C,Bonds with warrants may create future dilution risk.,5,1,3,-2,5,9월 21일 주식시장 주요공시 | [개장 전 주요 공시] GS건설·HJ중공업·메리츠증권·한국자산신탁 등 | [전일 주요공시] 범양건영·코아스·STX·코오롱·삼부토건·한국자산신...,2026-09-22,-0.0022,0.0006,,failure
071950,코아스,[기재정정]주요사항보고서(자기신주인수권부사채매도결정),bond_with_warrant,20260921,negative,-60,C,Bonds with warrants may create future dilution risk.,5,1,3,-2,5,9월 21일 주식시장 주요공시 | [개장 전 주요 공시] GS건설·HJ중공업·메리츠증권·한국자산신탁 등 | [전일 주요공시] 범양건영·코아스·STX·코오롱·삼부토건·한국자산신...,2026-09-22,-0.0022,0.0006,,failure
071950,코아스,[기재정정]주요사항보고서(자기신주인수권부사채매도결정),bond_with_warrant,20260921,negative,-60,C,Bonds with warrants may create future dilution risk.,5,1,3,-2,5,9월 21일 주식시장 주요공시 | [개장 전 주요 공시] GS건설·HJ중공업·메리츠증권·한국자산신탁 등 | [전일 주요공시] 범양건영·코아스·STX·코오롱·삼부토건·한국자산신...,2026-09-22,-0.0022,0.0006,,failure
071950,코아스,[기재정정]주요사항보고서(자기신주인수권부사채매도결정),bond_with_warrant,20260921,negative,-60,C,Bonds with warrants may create future dilution risk.,5,1,3,-2,5,9월 21일 주식시장 주요공시 | [개장 전 주요 공시] GS건설·HJ중공업·메리츠증권·한국자산신탁 등 | [전일 주요공시] 범양건영·코아스·STX·코오롱·삼부토건·한국자산신...,2026-09-22,-0.0022,0.0006,,failure
071950,코아스,[기재정정]주요사항보고서(자기신주인수권부사채매도결정),bond_with_warrant,20260921,negative,-60,C,Bonds with warrants may create future dilution risk.,5,1,3,-2,5,9월 21일 주식시장 주요공시 | [개장 전 주요 공시] GS건설·HJ중공업·메리츠증권·한국자산신탁 등 | [전일 주요공시] 범양건영·코아스·STX·코오롱·삼부토건·한국자산신...,2026-09-22,-0.0022,0.0006,,failure
071950,코아스,[기재정정]주요사항보고서(자기신주인수권부사채매도결정),bond_with_warrant,20260921,negative,-60,C,Bonds with warrants may create future dilution risk.,5,1,3,-2,5,9월 21일 주식시장 주요공시 | [개장 전 주요 공시] GS건설·HJ중공업·메리츠증권·한국자산신탁 등 | [전일 주요공시] 범양건영·코아스·STX·코오롱·삼부토건·한국자산신...,2026-09-22,-0.0022,0.0006,,failure
071950,코아스,[기재정정]주요사항보고서(자기신주인수권부사채매도결정),bond_with_warrant,20260921,negative,-60,C,Bonds with warrants may create future dilution risk.,5,1,3,-2,5,9월 21일 주식시장 주요공시 | [개장 전 주요 공시] GS건설·HJ중공업·메리츠증권·한국자산신탁 등 | [전일 주요공시] 범양건영·코아스·STX·코오롱·삼부토건·한국자산신...,2026-09-22,-0.0022,0.0006,,failure
071950,코아스,[기재정정]주요사항보고서(자기신주인수권부사채매도결정),bond_with_warrant,20260921,negative,-60,C,Bonds with warrants may create future dilution risk.,5,1,3,-2,5,9월 21일 주식시장 주요공시 | [개장 전 주요 공시] GS건설·HJ중공업·메리츠증권·한국자산신탁 등 | [전일 주요공시] 범양건영·코아스·STX·코오롱·삼부토건·한국자산신...,2026-09-22,-0.0022,0.0006,,failure
071950,코아스,[기재정정]주요사항보고서(자기신주인수권부사채매도결정),bond_with_warrant,20260921,negative,-60,C,Bonds with warrants may create future dilution risk.,5,1,3,-2,5,9월 21일 주식시장 주요공시 | [개장 전 주요 공시] GS건설·HJ중공업·메리츠증권·한국자산신탁 등 | [전일 주요공시] 범양건영·코아스·STX·코오롱·삼부토건·한국자산신...,2026-09-22,-0.0022,0.0006,,failure
071950,코아스,[기재정정]주요사항보고서(자기신주인수권부사채매도결정),bond_with_warrant,20260921,negative,-60,C,Bonds with warrants may create future dilution risk.,5,1,3,-2,5,9월 21일 주식시장 주요공시 | [개장 전 주요 공시] GS건설·HJ중공업·메리츠증권·한국자산신탁 등 | [전일 주요공시] 범양건영·코아스·STX·코오롱·삼부토건·한국자산신...,2026-09-22,-0.0022,0.0006,,failure
071950,코아스,[기재정정]주요사항보고서(자기신주인수권부사채매도결정),bond_with_warrant,20260921,negative,-60,C,Bonds with warrants may create future dilution risk.,5,1,3,-2,5,9월 21일 주식시장 주요공시 | [개장 전 주요 공시] GS건설·HJ중공업·메리츠증권·한국자산신탁 등 | [전일 주요공시] 범양건영·코아스·STX·코오롱·삼부토건·한국자산신...,2026-09-22,-0.0022,0.0006,,failure
071950,코아스,[기재정정]주요사항보고서(자기신주인수권부사채매도결정),bond_with_warrant,20260921,negative,-60,C,Bonds with warrants may create future dilution risk.,5,1,3,-2,5,9월 21일 주식시장 주요공시 | [개장 전 주요 공시] GS건설·HJ중공업·메리츠증권·한국자산신탁 등 | [전일 주요공시] 범양건영·코아스·STX·코오롱·삼부토건·한국자산신...,2026-09-22,-0.0022,0.0006,,failure
071950,코아스,[기재정정]주요사항보고서(자기신주인수권부사채매도결정),bond_with_warrant,20260921,negative,-60,C,Bonds with warrants may create future dilution risk.,5,1,3,-2,5,9월 21일 주식시장 주요공시 | [개장 전 주요 공시] GS건설·HJ중공업·메리츠증권·한국자산신탁 등 | [전일 주요공시] 범양건영·코아스·STX·코오롱·삼부토건·한국자산신...,2026-09-22,-0.0022,0.0006,,failure
071950,코아스,[기재정정]주요사항보고서(자기신주인수권부사채매도결정),bond_with_warrant,20260921,negative,-60,C,Bonds with warrants may create future dilution risk.,5,1,3,-2,5,9월 21일 주식시장 주요공시 | [개장 전 주요 공시] GS건설·HJ중공업·메리츠증권·한국자산신탁 등 | [전일 주요공시] 범양건영·코아스·STX·코오롱·삼부토건·한국자산신...,2026-09-22,-0.0022,0.0006,,failure
071950,코아스,[기재정정]주요사항보고서(자기신주인수권부사채매도결정),bond_with_warrant,20260921,negative,-60,C,Bonds with warrants may create future dilution risk.,5,1,3,-2,5,9월 21일 주식시장 주요공시 | [개장 전 주요 공시] GS건설·HJ중공업·메리츠증권·한국자산신탁 등 | [전일 주요공시] 범양건영·코아스·STX·코오롱·삼부토건·한국자산신...,2026-09-22,-0.0022,0.0006,,failure
071950,코아스,[기재정정]주요사항보고서(자기신주인수권부사채매도결정),bond_with_warrant,20260921,negative,-60,C,Bonds with warrants may create future dilution risk.,5,1,3,-2,5,9월 21일 주식시장 주요공시 | [개장 전 주요 공시] GS건설·HJ중공업·메리츠증권·한국자산신탁 등 | [전일 주요공시] 범양건영·코아스·STX·코오롱·삼부토건·한국자산신...,2026-09-22,-0.0022,0.0006,,failure
071950,코아스,[기재정정]주요사항보고서(자기신주인수권부사채매도결정),bond_with_warrant,20260921,negative,-60,C,Bonds with warrants may create future dilution risk.,5,1,3,-2,5,9월 21일 주식시장 주요공시 | [개장 전 주요 공시] GS건설·HJ중공업·메리츠증권·한국자산신탁 등 | [전일 주요공시] 범양건영·코아스·STX·코오롱·삼부토건·한국자산신...,2026-09-22,-0.0022,0.0006,,failure
071950,코아스,[기재정정]주요사항보고서(자기신주인수권부사채매도결정),bond_with_warrant,20260921,negative,-60,C,Bonds with warrants may create future dilution risk.,5,1,3,-2,5,9월 21일 주식시장 주요공시 | [개장 전 주요 공시] GS건설·HJ중공업·메리츠증권·한국자산신탁 등 | [전일 주요공시] 범양건영·코아스·STX·코오롱·삼부토건·한국자산신...,2026-09-22,-0.0022,0.0006,,failure
071950,코아스,[기재정정]주요사항보고서(자기신주인수권부사채매도결정),bond_with_warrant,20260921,negative,-60,C,Bonds with warrants may create future dilution risk.,5,1,3,-2,5,9월 21일 주식시장 주요공시 | [개장 전 주요 공시] GS건설·HJ중공업·메리츠증권·한국자산신탁 등 | [전일 주요공시] 범양건영·코아스·STX·코오롱·삼부토건·한국자산신...,2026-09-22,-0.0022,0.0006,,failure
071950,코아스,[기재정정]주요사항보고서(자기신주인수권부사채매도결정),bond_with_warrant,20260921,negative,-60,C,Bonds with warrants may create future dilution risk.,5,1,3,-2,5,9월 21일 주식시장 주요공시 | [개장 전 주요 공시] GS건설·HJ중공업·메리츠증권·한국자산신탁 등 | [전일 주요공시] 범양건영·코아스·STX·코오롱·삼부토건·한국자산신...,2026-09-22,-0.0022,0.0006,,failure
071950,코아스,[기재정정]주요사항보고서(자기신주인수권부사채매도결정),bond_with_warrant,20260921,negative,-60,C,Bonds with warrants may create future dilution risk.,5,1,3,-2,5,9월 21일 주식시장 주요공시 | [개장 전 주요 공시] GS건설·HJ중공업·메리츠증권·한국자산신탁 등 | [전일 주요공시] 범양건영·코아스·STX·코오롱·삼부토건·한국자산신...,2026-09-22,-0.0022,0.0006,,failure
071950,코아스,[기재정정]주요사항보고서(자기신주인수권부사채매도결정),bond_with_warrant,20260921,negative,-60,C,Bonds with warrants may create future dilution risk.,5,1,3,-2,5,9월 21일 주식시장 주요공시 | [개장 전 주요 공시] GS건설·HJ중공업·메리츠증권·한국자산신탁 등 | [전일 주요공시] 범양건영·코아스·STX·코오롱·삼부토건·한국자산신...,2026-09-22,-0.0022,0.0006,,failure
071950,코아스,[기재정정]주요사항보고서(자기신주인수권부사채매도결정),bond_with_warrant,20260921,negative,-60,C,Bonds with warrants may create future dilution risk.,5,1,3,-2,5,9월 21일 주식시장 주요공시 | [개장 전 주요 공시] GS건설·HJ중공업·메리츠증권·한국자산신탁 등 | [전일 주요공시] 범양건영·코아스·STX·코오롱·삼부토건·한국자산신...,2026-09-22,-0.0022,0.0006,,failure
071950,코아스,[기재정정]주요사항보고서(자기신주인수권부사채매도결정),bond_with_warrant,20260921,negative,-60,C,Bonds with warrants may create future dilution risk.,5,1,3,-2,5,9월 21일 주식시장 주요공시 | [개장 전 주요 공시] GS건설·HJ중공업·메리츠증권·한국자산신탁 등 | [전일 주요공시] 범양건영·코아스·STX·코오롱·삼부토건·한국자산신...,2026-09-22,-0.0022,0.0006,,failure
071950,코아스,[기재정정]주요사항보고서(자기신주인수권부사채매도결정),bond_with_warrant,20260921,negative,-60,C,Bonds with warrants may create future dilution risk.,5,1,3,-2,5,9월 21일 주식시장 주요공시 | [개장 전 주요 공시] GS건설·HJ중공업·메리츠증권·한국자산신탁 등 | [전일 주요공시] 범양건영·코아스·STX·코오롱·삼부토건·한국자산신...,2026-09-22,-0.0022,0.0006,,failure
071950,코아스,[기재정정]주요사항보고서(자기신주인수권부사채매도결정),bond_with_warrant,20260921,negative,-60,C,Bonds with warrants may create future dilution risk.,5,1,3,-2,5,9월 21일 주식시장 주요공시 | [개장 전 주요 공시] GS건설·HJ중공업·메리츠증권·한국자산신탁 등 | [전일 주요공시] 범양건영·코아스·STX·코오롱·삼부토건·한국자산신...,2026-09-22,-0.0022,0.0006,,failure
071950,코아스,[기재정정]주요사항보고서(자기신주인수권부사채매도결정),bond_with_warrant,20260921,negative,-60,C,Bonds with warrants may create future dilution risk.,5,1,3,-2,5,9월 21일 주식시장 주요공시 | [개장 전 주요 공시] GS건설·HJ중공업·메리츠증권·한국자산신탁 등 | [전일 주요공시] 범양건영·코아스·STX·코오롱·삼부토건·한국자산신...,2026-09-22,-0.0022,0.0006,,failure
071950,코아스,[기재정정]주요사항보고서(자기신주인수권부사채매도결정),bond_with_warrant,20260921,negative,-60,C,Bonds with warrants may create future dilution risk.,5,1,3,-2,5,9월 21일 주식시장 주요공시 | [개장 전 주요 공시] GS건설·HJ중공업·메리츠증권·한국자산신탁 등 | [전일 주요공시] 범양건영·코아스·STX·코오롱·삼부토건·한국자산신...,2026-09-22,-0.0022,0.0006,,failure
071950,코아스,[기재정정]주요사항보고서(자기신주인수권부사채매도결정),bond_with_warrant,20260921,negative,-60,C,Bonds with warrants may create future dilution risk.,5,1,3,-2,5,9월 21일 주식시장 주요공시 | [개장 전 주요 공시] GS건설·HJ중공업·메리츠증권·한국자산신탁 등 | [전일 주요공시] 범양건영·코아스·STX·코오롱·삼부토건·한국자산신...,2026-09-22,-0.0022,0.0006,,failure
071950,코아스,[기재정정]주요사항보고서(자기신주인수권부사채매도결정),bond_with_warrant,20260921,negative,-60,C,Bonds with warrants may create future dilution risk.,5,1,3,-2,5,9월 21일 주식시장 주요공시 | [개장 전 주요 공시] GS건설·HJ중공업·메리츠증권·한국자산신탁 등 | [전일 주요공시] 범양건영·코아스·STX·코오롱·삼부토건·한국자산신...,2026-09-22,-0.0022,0.0006,,failure
071950,코아스,[기재정정]주요사항보고서(자기신주인수권부사채매도결정),bond_with_warrant,20260921,negative,-60,C,Bonds with warrants may create future dilution risk.,5,1,3,-2,5,9월 21일 주식시장 주요공시 | [개장 전 주요 공시] GS건설·HJ중공업·메리츠증권·한국자산신탁 등 | [전일 주요공시] 범양건영·코아스·STX·코오롱·삼부토건·한국자산신...,2026-09-22,-0.0022,0.0006,,failure
071950,코아스,[기재정정]주요사항보고서(자기신주인수권부사채매도결정),bond_with_warrant,20260921,negative,-60,C,Bonds with warrants may create future dilution risk.,5,1,3,-2,5,9월 21일 주식시장 주요공시 | [개장 전 주요 공시] GS건설·HJ중공업·메리츠증권·한국자산신탁 등 | [전일 주요공시] 범양건영·코아스·STX·코오롱·삼부토건·한국자산신...,2026-09-22,-0.0022,0.0006,,failure
071950,코아스,[기재정정]주요사항보고서(자기신주인수권부사채매도결정),bond_with_warrant,20260921,negative,-60,C,Bonds with warrants may create future dilution risk.,5,1,3,-2,5,9월 21일 주식시장 주요공시 | [개장 전 주요 공시] GS건설·HJ중공업·메리츠증권·한국자산신탁 등 | [전일 주요공시] 범양건영·코아스·STX·코오롱·삼부토건·한국자산신...,2026-09-22,-0.0022,0.0006,,failure
071950,코아스,[기재정정]주요사항보고서(자기신주인수권부사채매도결정),bond_with_warrant,20260921,negative,-60,C,Bonds with warrants may create future dilution risk.,5,1,3,-2,5,9월 21일 주식시장 주요공시 | [개장 전 주요 공시] GS건설·HJ중공업·메리츠증권·한국자산신탁 등 | [전일 주요공시] 범양건영·코아스·STX·코오롱·삼부토건·한국자산신...,2026-09-22,-0.0022,0.0006,,failure
071950,코아스,[기재정정]주요사항보고서(자기신주인수권부사채매도결정),bond_with_warrant,20260921,negative,-60,C,Bonds with warrants may create future dilution risk.,5,1,3,-2,5,9월 21일 주식시장 주요공시 | [개장 전 주요 공시] GS건설·HJ중공업·메리츠증권·한국자산신탁 등 | [전일 주요공시] 범양건영·코아스·STX·코오롱·삼부토건·한국자산신...,2026-09-22,-0.0022,0.0006,,failure
071950,코아스,[기재정정]주요사항보고서(자기신주인수권부사채매도결정),bond_with_warrant,20260921,negative,-60,C,Bonds with warrants may create future dilution risk.,5,1,3,-2,5,9월 21일 주식시장 주요공시 | [개장 전 주요 공시] GS건설·HJ중공업·메리츠증권·한국자산신탁 등 | [전일 주요공시] 범양건영·코아스·STX·코오롱·삼부토건·한국자산신...,2026-09-22,-0.0022,0.0006,,failure
071950,코아스,[기재정정]주요사항보고서(자기신주인수권부사채매도결정),bond_with_warrant,20260921,negative,-60,C,Bonds with warrants may create future dilution risk.,5,1,3,-2,5,9월 21일 주식시장 주요공시 | [개장 전 주요 공시] GS건설·HJ중공업·메리츠증권·한국자산신탁 등 | [전일 주요공시] 범양건영·코아스·STX·코오롱·삼부토건·한국자산신...,2026-09-22,-0.0022,0.0006,,failure
071950,코아스,[기재정정]주요사항보고서(자기신주인수권부사채매도결정),bond_with_warrant,20260921,negative,-60,C,Bonds with warrants may create future dilution risk.,5,1,3,-2,5,9월 21일 주식시장 주요공시 | [개장 전 주요 공시] GS건설·HJ중공업·메리츠증권·한국자산신탁 등 | [전일 주요공시] 범양건영·코아스·STX·코오롱·삼부토건·한국자산신...,2026-09-22,-0.0022,0.0006,,failure
071950,코아스,[기재정정]주요사항보고서(자기신주인수권부사채매도결정),bond_with_warrant,20260921,negative,-60,C,Bonds with warrants may create future dilution risk.,5,1,3,-2,5,9월 21일 주식시장 주요공시 | [개장 전 주요 공시] GS건설·HJ중공업·메리츠증권·한국자산신탁 등 | [전일 주요공시] 범양건영·코아스·STX·코오롱·삼부토건·한국자산신...,2026-09-22,-0.0022,0.0006,,failure
071950,코아스,[기재정정]주요사항보고서(자기신주인수권부사채매도결정),bond_with_warrant,20260921,negative,-60,C,Bonds with warrants may create future dilution risk.,5,1,3,-2,5,9월 21일 주식시장 주요공시 | [개장 전 주요 공시] GS건설·HJ중공업·메리츠증권·한국자산신탁 등 | [전일 주요공시] 범양건영·코아스·STX·코오롱·삼부토건·한국자산신...,2026-09-22,-0.0022,0.0006,,failure
071950,코아스,[기재정정]주요사항보고서(자기신주인수권부사채매도결정),bond_with_warrant,20260921,negative,-60,C,Bonds with warrants may create future dilution risk.,5,1,3,-2,5,9월 21일 주식시장 주요공시 | [개장 전 주요 공시] GS건설·HJ중공업·메리츠증권·한국자산신탁 등 | [전일 주요공시] 범양건영·코아스·STX·코오롱·삼부토건·한국자산신...,2026-09-22,-0.0022,0.0006,,failure
071950,코아스,[기재정정]주요사항보고서(자기신주인수권부사채매도결정),bond_with_warrant,20260921,negative,-60,C,Bonds with warrants may create future dilution risk.,5,1,3,-2,5,9월 21일 주식시장 주요공시 | [개장 전 주요 공시] GS건설·HJ중공업·메리츠증권·한국자산신탁 등 | [전일 주요공시] 범양건영·코아스·STX·코오롱·삼부토건·한국자산신...,2026-09-22,-0.0022,0.0006,,failure
071950,코아스,[기재정정]주요사항보고서(자기신주인수권부사채매도결정),bond_with_warrant,20260921,negative,-60,C,Bonds with warrants may create future dilution risk.,5,1,3,-2,5,9월 21일 주식시장 주요공시 | [개장 전 주요 공시] GS건설·HJ중공업·메리츠증권·한국자산신탁 등 | [전일 주요공시] 범양건영·코아스·STX·코오롱·삼부토건·한국자산신...,2026-09-22,-0.0022,0.0006,,failure
071950,코아스,[기재정정]주요사항보고서(자기신주인수권부사채매도결정),bond_with_warrant,20260921,negative,-60,C,Bonds with warrants may create future dilution risk.,5,1,3,-2,5,9월 21일 주식시장 주요공시 | [개장 전 주요 공시] GS건설·HJ중공업·메리츠증권·한국자산신탁 등 | [전일 주요공시] 범양건영·코아스·STX·코오롱·삼부토건·한국자산신...,2026-09-22,-0.0022,0.0006,,failure
071950,코아스,[기재정정]주요사항보고서(자기신주인수권부사채매도결정),bond_with_warrant,20260921,negative,-60,C,Bonds with warrants may create future dilution risk.,5,1,3,-2,5,9월 21일 주식시장 주요공시 | [개장 전 주요 공시] GS건설·HJ중공업·메리츠증권·한국자산신탁 등 | [전일 주요공시] 범양건영·코아스·STX·코오롱·삼부토건·한국자산신...,2026-09-22,-0.0022,0.0006,,failure
071950,코아스,[기재정정]주요사항보고서(자기신주인수권부사채매도결정),bond_with_warrant,20260921,negative,-60,C,Bonds with warrants may create future dilution risk.,5,1,3,-2,5,9월 21일 주식시장 주요공시 | [개장 전 주요 공시] GS건설·HJ중공업·메리츠증권·한국자산신탁 등 | [전일 주요공시] 범양건영·코아스·STX·코오롱·삼부토건·한국자산신...,2026-09-22,-0.0022,0.0006,,failure
071950,코아스,[기재정정]주요사항보고서(자기신주인수권부사채매도결정),bond_with_warrant,20260921,negative,-60,C,Bonds with warrants may create future dilution risk.,5,1,3,-2,5,9월 21일 주식시장 주요공시 | [개장 전 주요 공시] GS건설·HJ중공업·메리츠증권·한국자산신탁 등 | [전일 주요공시] 범양건영·코아스·STX·코오롱·삼부토건·한국자산신...,2026-09-22,-0.0022,0.0006,,failure
071950,코아스,[기재정정]주요사항보고서(자기신주인수권부사채매도결정),bond_with_warrant,20260921,negative,-60,C,Bonds with warrants may create future dilution risk.,5,1,3,-2,5,9월 21일 주식시장 주요공시 | [개장 전 주요 공시] GS건설·HJ중공업·메리츠증권·한국자산신탁 등 | [전일 주요공시] 범양건영·코아스·STX·코오롱·삼부토건·한국자산신...,2026-09-22,-0.0022,0.0006,,failure
071950,코아스,[기재정정]주요사항보고서(자기신주인수권부사채매도결정),bond_with_warrant,20260921,negative,-60,C,Bonds with warrants may create future dilution risk.,5,1,3,-2,5,9월 21일 주식시장 주요공시 | [개장 전 주요 공시] GS건설·HJ중공업·메리츠증권·한국자산신탁 등 | [전일 주요공시] 범양건영·코아스·STX·코오롱·삼부토건·한국자산신...,2026-09-22,-0.0022,0.0006,,failure
071950,코아스,[기재정정]주요사항보고서(자기신주인수권부사채매도결정),bond_with_warrant,20260921,negative,-60,C,Bonds with warrants may create future dilution risk.,5,1,3,-2,5,9월 21일 주식시장 주요공시 | [개장 전 주요 공시] GS건설·HJ중공업·메리츠증권·한국자산신탁 등 | [전일 주요공시] 범양건영·코아스·STX·코오롱·삼부토건·한국자산신...,2026-09-22,-0.0022,0.0006,,failure
071950,코아스,[기재정정]주요사항보고서(자기신주인수권부사채매도결정),bond_with_warrant,20260921,negative,-60,C,Bonds with warrants may create future dilution risk.,5,1,3,-2,5,9월 21일 주식시장 주요공시 | [개장 전 주요 공시] GS건설·HJ중공업·메리츠증권·한국자산신탁 등 | [전일 주요공시] 범양건영·코아스·STX·코오롱·삼부토건·한국자산신...,2026-09-22,-0.0022,0.0006,,failure
071950,코아스,[기재정정]주요사항보고서(자기신주인수권부사채매도결정),bond_with_warrant,20260921,negative,-60,C,Bonds with warrants may create future dilution risk.,5,1,3,-2,5,9월 21일 주식시장 주요공시 | [개장 전 주요 공시] GS건설·HJ중공업·메리츠증권·한국자산신탁 등 | [전일 주요공시] 범양건영·코아스·STX·코오롱·삼부토건·한국자산신...,2026-09-22,-0.0022,0.0006,,failure
071950,코아스,[기재정정]주요사항보고서(자기신주인수권부사채매도결정),bond_with_warrant,20260921,negative,-60,C,Bonds with warrants may create future dilution risk.,5,1,3,-2,5,9월 21일 주식시장 주요공시 | [개장 전 주요 공시] GS건설·HJ중공업·메리츠증권·한국자산신탁 등 | [전일 주요공시] 범양건영·코아스·STX·코오롱·삼부토건·한국자산신...,2026-09-22,-0.0022,0.0006,,failure
071950,코아스,[기재정정]주요사항보고서(자기신주인수권부사채매도결정),bond_with_warrant,20260921,negative,-60,C,Bonds with warrants may create future dilution risk.,5,1,3,-2,5,9월 21일 주식시장 주요공시 | [개장 전 주요 공시] GS건설·HJ중공업·메리츠증권·한국자산신탁 등 | [전일 주요공시] 범양건영·코아스·STX·코오롱·삼부토건·한국자산신...,2026-09-22,-0.0022,0.0006,,failure
071950,코아스,[기재정정]주요사항보고서(자기신주인수권부사채매도결정),bond_with_warrant,20260921,negative,-60,C,Bonds with warrants may create future dilution risk.,5,1,3,-2,5,9월 21일 주식시장 주요공시 | [개장 전 주요 공시] GS건설·HJ중공업·메리츠증권·한국자산신탁 등 | [전일 주요공시] 범양건영·코아스·STX·코오롱·삼부토건·한국자산신...,2026-09-22,-0.0022,0.0006,,failure
071950,코아스,[기재정정]주요사항보고서(자기신주인수권부사채매도결정),bond_with_warrant,20260921,negative,-60,C,Bonds with warrants may create future dilution risk.,5,1,3,-2,5,9월 21일 주식시장 주요공시 | [개장 전 주요 공시] GS건설·HJ중공업·메리츠증권·한국자산신탁 등 | [전일 주요공시] 범양건영·코아스·STX·코오롱·삼부토건·한국자산신...,2026-09-22,-0.0022,0.0006,,failure
071950,코아스,[기재정정]주요사항보고서(자기신주인수권부사채매도결정),bond_with_warrant,20260921,negative,-60,C,Bonds with warrants may create future dilution risk.,5,1,3,-2,5,9월 21일 주식시장 주요공시 | [개장 전 주요 공시] GS건설·HJ중공업·메리츠증권·한국자산신탁 등 | [전일 주요공시] 범양건영·코아스·STX·코오롱·삼부토건·한국자산신...,2026-09-22,-0.0022,0.0006,,failure
071950,코아스,[기재정정]주요사항보고서(자기신주인수권부사채매도결정),bond_with_warrant,20260921,negative,-60,C,Bonds with warrants may create future dilution risk.,5,1,3,-2,5,9월 21일 주식시장 주요공시 | [개장 전 주요 공시] GS건설·HJ중공업·메리츠증권·한국자산신탁 등 | [전일 주요공시] 범양건영·코아스·STX·코오롱·삼부토건·한국자산신...,2026-09-22,-0.0022,0.0006,,failure
071950,코아스,[기재정정]주요사항보고서(자기신주인수권부사채매도결정),bond_with_warrant,20260921,negative,-60,C,Bonds with warrants may create future dilution risk.,5,1,3,-2,5,9월 21일 주식시장 주요공시 | [개장 전 주요 공시] GS건설·HJ중공업·메리츠증권·한국자산신탁 등 | [전일 주요공시] 범양건영·코아스·STX·코오롱·삼부토건·한국자산신...,2026-09-22,-0.0022,0.0006,,failure
071950,코아스,[기재정정]주요사항보고서(자기신주인수권부사채매도결정),bond_with_warrant,20260921,negative,-60,C,Bonds with warrants may create future dilution risk.,5,1,3,-2,5,9월 21일 주식시장 주요공시 | [개장 전 주요 공시] GS건설·HJ중공업·메리츠증권·한국자산신탁 등 | [전일 주요공시] 범양건영·코아스·STX·코오롱·삼부토건·한국자산신...,2026-09-22,-0.0022,0.0006,,failure
071950,코아스,[기재정정]주요사항보고서(자기신주인수권부사채매도결정),bond_with_warrant,20260921,negative,-60,C,Bonds with warrants may create future dilution risk.,5,1,3,-2,5,9월 21일 주식시장 주요공시 | [개장 전 주요 공시] GS건설·HJ중공업·메리츠증권·한국자산신탁 등 | [전일 주요공시] 범양건영·코아스·STX·코오롱·삼부토건·한국자산신...,2026-09-22,-0.0022,0.0006,,failure
071950,코아스,[기재정정]주요사항보고서(자기신주인수권부사채매도결정),bond_with_warrant,20260921,negative,-60,C,Bonds with warrants may create future dilution risk.,5,1,3,-2,5,9월 21일 주식시장 주요공시 | [개장 전 주요 공시] GS건설·HJ중공업·메리츠증권·한국자산신탁 등 | [전일 주요공시] 범양건영·코아스·STX·코오롱·삼부토건·한국자산신...,2026-09-22,-0.0022,0.0006,,failure
071950,코아스,[기재정정]주요사항보고서(자기신주인수권부사채매도결정),bond_with_warrant,20260921,negative,-60,C,Bonds with warrants may create future dilution risk.,5,1,3,-2,5,9월 21일 주식시장 주요공시 | [개장 전 주요 공시] GS건설·HJ중공업·메리츠증권·한국자산신탁 등 | [전일 주요공시] 범양건영·코아스·STX·코오롱·삼부토건·한국자산신...,2026-09-22,-0.0022,0.0006,,failure
071950,코아스,[기재정정]주요사항보고서(자기신주인수권부사채매도결정),bond_with_warrant,20260921,negative,-60,C,Bonds with warrants may create future dilution risk.,5,1,3,-2,5,9월 21일 주식시장 주요공시 | [개장 전 주요 공시] GS건설·HJ중공업·메리츠증권·한국자산신탁 등 | [전일 주요공시] 범양건영·코아스·STX·코오롱·삼부토건·한국자산신...,2026-09-22,-0.0022,0.0006,,failure
071950,코아스,[기재정정]주요사항보고서(자기신주인수권부사채매도결정),bond_with_warrant,20260921,negative,-60,C,Bonds with warrants may create future dilution risk.,5,1,3,-2,5,9월 21일 주식시장 주요공시 | [개장 전 주요 공시] GS건설·HJ중공업·메리츠증권·한국자산신탁 등 | [전일 주요공시] 범양건영·코아스·STX·코오롱·삼부토건·한국자산신...,2026-09-22,-0.0022,0.0006,,failure
071950,코아스,[기재정정]주요사항보고서(자기신주인수권부사채매도결정),bond_with_warrant,20260921,negative,-60,C,Bonds with warrants may create future dilution risk.,5,1,3,-2,5,9월 21일 주식시장 주요공시 | [개장 전 주요 공시] GS건설·HJ중공업·메리츠증권·한국자산신탁 등 | [전일 주요공시] 범양건영·코아스·STX·코오롱·삼부토건·한국자산신...,2026-09-22,-0.0022,0.0006,,failure
071950,코아스,[기재정정]주요사항보고서(자기신주인수권부사채매도결정),bond_with_warrant,20260921,negative,-60,C,Bonds with warrants may create future dilution risk.,5,1,3,-2,5,9월 21일 주식시장 주요공시 | [개장 전 주요 공시] GS건설·HJ중공업·메리츠증권·한국자산신탁 등 | [전일 주요공시] 범양건영·코아스·STX·코오롱·삼부토건·한국자산신...,2026-09-22,-0.0022,0.0006,,failure
071950,코아스,[기재정정]주요사항보고서(자기신주인수권부사채매도결정),bond_with_warrant,20260921,negative,-60,C,Bonds with warrants may create future dilution risk.,5,1,3,-2,5,9월 21일 주식시장 주요공시 | [개장 전 주요 공시] GS건설·HJ중공업·메리츠증권·한국자산신탁 등 | [전일 주요공시] 범양건영·코아스·STX·코오롱·삼부토건·한국자산신...,2026-09-22,-0.0022,0.0006,,failure
071950,코아스,[기재정정]주요사항보고서(자기신주인수권부사채매도결정),bond_with_warrant,20260921,negative,-60,C,Bonds with warrants may create future dilution risk.,5,1,3,-2,5,9월 21일 주식시장 주요공시 | [개장 전 주요 공시] GS건설·HJ중공업·메리츠증권·한국자산신탁 등 | [전일 주요공시] 범양건영·코아스·STX·코오롱·삼부토건·한국자산신...,2026-09-22,-0.0022,0.0006,,failure
071950,코아스,[기재정정]주요사항보고서(자기신주인수권부사채매도결정),bond_with_warrant,20260921,negative,-60,C,Bonds with warrants may create future dilution risk.,5,1,3,-2,5,9월 21일 주식시장 주요공시 | [개장 전 주요 공시] GS건설·HJ중공업·메리츠증권·한국자산신탁 등 | [전일 주요공시] 범양건영·코아스·STX·코오롱·삼부토건·한국자산신...,2026-09-22,-0.0022,0.0006,,failure
071950,코아스,[기재정정]주요사항보고서(자기신주인수권부사채매도결정),bond_with_warrant,20260921,negative,-60,C,Bonds with warrants may create future dilution risk.,5,1,3,-2,5,9월 21일 주식시장 주요공시 | [개장 전 주요 공시] GS건설·HJ중공업·메리츠증권·한국자산신탁 등 | [전일 주요공시] 범양건영·코아스·STX·코오롱·삼부토건·한국자산신...,2026-09-22,-0.0022,0.0006,,failure
071950,코아스,[기재정정]주요사항보고서(자기신주인수권부사채매도결정),bond_with_warrant,20260921,negative,-60,C,Bonds with warrants may create future dilution risk.,5,1,3,-2,5,9월 21일 주식시장 주요공시 | [개장 전 주요 공시] GS건설·HJ중공업·메리츠증권·한국자산신탁 등 | [전일 주요공시] 범양건영·코아스·STX·코오롱·삼부토건·한국자산신...,2026-09-22,-0.0022,0.0006,,failure
071950,코아스,[기재정정]주요사항보고서(자기신주인수권부사채매도결정),bond_with_warrant,20260921,negative,-60,C,Bonds with warrants may create future dilution risk.,5,1,3,-2,5,9월 21일 주식시장 주요공시 | [개장 전 주요 공시] GS건설·HJ중공업·메리츠증권·한국자산신탁 등 | [전일 주요공시] 범양건영·코아스·STX·코오롱·삼부토건·한국자산신...,2026-09-22,-0.0022,0.0006,,failure
071950,코아스,[기재정정]주요사항보고서(자기신주인수권부사채매도결정),bond_with_warrant,20260921,negative,-60,C,Bonds with warrants may create future dilution risk.,5,1,3,-2,5,9월 21일 주식시장 주요공시 | [개장 전 주요 공시] GS건설·HJ중공업·메리츠증권·한국자산신탁 등 | [전일 주요공시] 범양건영·코아스·STX·코오롱·삼부토건·한국자산신...,2026-09-22,-0.0022,0.0006,,failure
071950,코아스,[기재정정]주요사항보고서(자기신주인수권부사채매도결정),bond_with_warrant,20260921,negative,-60,C,Bonds with warrants may create future dilution risk.,5,1,3,-2,5,9월 21일 주식시장 주요공시 | [개장 전 주요 공시] GS건설·HJ중공업·메리츠증권·한국자산신탁 등 | [전일 주요공시] 범양건영·코아스·STX·코오롱·삼부토건·한국자산신...,2026-09-22,-0.0022,0.0006,,failure
071950,코아스,[기재정정]주요사항보고서(자기신주인수권부사채매도결정),bond_with_warrant,20260921,negative,-60,C,Bonds with warrants may create future dilution risk.,5,1,3,-2,5,9월 21일 주식시장 주요공시 | [개장 전 주요 공시] GS건설·HJ중공업·메리츠증권·한국자산신탁 등 | [전일 주요공시] 범양건영·코아스·STX·코오롱·삼부토건·한국자산신...,2026-09-22,-0.0022,0.0006,,failure
071950,코아스,[기재정정]주요사항보고서(자기신주인수권부사채매도결정),bond_with_warrant,20260921,negative,-60,C,Bonds with warrants may create future dilution risk.,5,1,3,-2,5,9월 21일 주식시장 주요공시 | [개장 전 주요 공시] GS건설·HJ중공업·메리츠증권·한국자산신탁 등 | [전일 주요공시] 범양건영·코아스·STX·코오롱·삼부토건·한국자산신...,2026-09-22,-0.0022,0.0006,,failure
071950,코아스,[기재정정]주요사항보고서(자기신주인수권부사채매도결정),bond_with_warrant,20260921,negative,-60,C,Bonds with warrants may create future dilution risk.,5,1,3,-2,5,9월 21일 주식시장 주요공시 | [개장 전 주요 공시] GS건설·HJ중공업·메리츠증권·한국자산신탁 등 | [전일 주요공시] 범양건영·코아스·STX·코오롱·삼부토건·한국자산신...,2026-09-22,-0.0022,0.0006,,failure
071950,코아스,[기재정정]주요사항보고서(자기신주인수권부사채매도결정),bond_with_warrant,20260921,negative,-60,C,Bonds with warrants may create future dilution risk.,5,1,3,-2,5,9월 21일 주식시장 주요공시 | [개장 전 주요 공시] GS건설·HJ중공업·메리츠증권·한국자산신탁 등 | [전일 주요공시] 범양건영·코아스·STX·코오롱·삼부토건·한국자산신...,2026-09-22,-0.0022,0.0006,,failure
071950,코아스,[기재정정]주요사항보고서(자기신주인수권부사채매도결정),bond_with_warrant,20260921,negative,-60,C,Bonds with warrants may create future dilution risk.,5,1,3,-2,5,9월 21일 주식시장 주요공시 | [개장 전 주요 공시] GS건설·HJ중공업·메리츠증권·한국자산신탁 등 | [전일 주요공시] 범양건영·코아스·STX·코오롱·삼부토건·한국자산신...,2026-09-22,-0.0022,0.0006,,failure
071950,코아스,[기재정정]주요사항보고서(자기신주인수권부사채매도결정),bond_with_warrant,20260921,negative,-60,C,Bonds with warrants may create future dilution risk.,5,1,3,-2,5,9월 21일 주식시장 주요공시 | [개장 전 주요 공시] GS건설·HJ중공업·메리츠증권·한국자산신탁 등 | [전일 주요공시] 범양건영·코아스·STX·코오롱·삼부토건·한국자산신...,2026-09-22,-0.0022,0.0006,,failure
071950,코아스,[기재정정]주요사항보고서(자기신주인수권부사채매도결정),bond_with_warrant,20260921,negative,-60,C,Bonds with warrants may create future dilution risk.,5,1,3,-2,5,9월 21일 주식시장 주요공시 | [개장 전 주요 공시] GS건설·HJ중공업·메리츠증권·한국자산신탁 등 | [전일 주요공시] 범양건영·코아스·STX·코오롱·삼부토건·한국자산신...,2026-09-22,-0.0022,0.0006,,failure
071950,코아스,[기재정정]주요사항보고서(자기신주인수권부사채매도결정),bond_with_warrant,20260921,negative,-60,C,Bonds with warrants may create future dilution risk.,5,1,3,-2,5,9월 21일 주식시장 주요공시 | [개장 전 주요 공시] GS건설·HJ중공업·메리츠증권·한국자산신탁 등 | [전일 주요공시] 범양건영·코아스·STX·코오롱·삼부토건·한국자산신...,2026-09-22,-0.0022,0.0006,,failure
071950,코아스,[기재정정]주요사항보고서(자기신주인수권부사채매도결정),bond_with_warrant,20260921,negative,-60,C,Bonds with warrants may create future dilution risk.,5,1,3,-2,5,9월 21일 주식시장 주요공시 | [개장 전 주요 공시] GS건설·HJ중공업·메리츠증권·한국자산신탁 등 | [전일 주요공시] 범양건영·코아스·STX·코오롱·삼부토건·한국자산신...,2026-09-22,-0.0022,0.0006,,failure
071950,코아스,[기재정정]주요사항보고서(자기신주인수권부사채매도결정),bond_with_warrant,20260921,negative,-60,C,Bonds with warrants may create future dilution risk.,5,1,3,-2,5,9월 21일 주식시장 주요공시 | [개장 전 주요 공시] GS건설·HJ중공업·메리츠증권·한국자산신탁 등 | [전일 주요공시] 범양건영·코아스·STX·코오롱·삼부토건·한국자산신...,2026-09-22,-0.0022,0.0006,,failure
071950,코아스,[기재정정]주요사항보고서(자기신주인수권부사채매도결정),bond_with_warrant,20260921,negative,-60,C,Bonds with warrants may create future dilution risk.,5,1,3,-2,5,9월 21일 주식시장 주요공시 | [개장 전 주요 공시] GS건설·HJ중공업·메리츠증권·한국자산신탁 등 | [전일 주요공시] 범양건영·코아스·STX·코오롱·삼부토건·한국자산신...,2026-09-22,-0.0022,0.0006,,failure
071950,코아스,[기재정정]주요사항보고서(자기신주인수권부사채매도결정),bond_with_warrant,20260921,negative,-60,C,Bonds with warrants may create future dilution risk.,5,1,3,-2,5,9월 21일 주식시장 주요공시 | [개장 전 주요 공시] GS건설·HJ중공업·메리츠증권·한국자산신탁 등 | [전일 주요공시] 범양건영·코아스·STX·코오롱·삼부토건·한국자산신...,2026-09-22,-0.0022,0.0006,,failure
071950,코아스,[기재정정]주요사항보고서(자기신주인수권부사채매도결정),bond_with_warrant,20260921,negative,-60,C,Bonds with warrants may create future dilution risk.,5,1,3,-2,5,9월 21일 주식시장 주요공시 | [개장 전 주요 공시] GS건설·HJ중공업·메리츠증권·한국자산신탁 등 | [전일 주요공시] 범양건영·코아스·STX·코오롱·삼부토건·한국자산신...,2026-09-22,-0.0022,0.0006,,failure
071950,코아스,[기재정정]주요사항보고서(자기신주인수권부사채매도결정),bond_with_warrant,20260921,negative,-60,C,Bonds with warrants may create future dilution risk.,5,1,3,-2,5,9월 21일 주식시장 주요공시 | [개장 전 주요 공시] GS건설·HJ중공업·메리츠증권·한국자산신탁 등 | [전일 주요공시] 범양건영·코아스·STX·코오롱·삼부토건·한국자산신...,2026-09-22,-0.0022,0.0006,,failure
071950,코아스,[기재정정]주요사항보고서(자기신주인수권부사채매도결정),bond_with_warrant,20260921,negative,-60,C,Bonds with warrants may create future dilution risk.,5,1,3,-2,5,9월 21일 주식시장 주요공시 | [개장 전 주요 공시] GS건설·HJ중공업·메리츠증권·한국자산신탁 등 | [전일 주요공시] 범양건영·코아스·STX·코오롱·삼부토건·한국자산신...,2026-09-22,-0.0022,0.0006,,failure
071950,코아스,[기재정정]주요사항보고서(자기신주인수권부사채매도결정),bond_with_warrant,20260921,negative,-60,C,Bonds with warrants may create future dilution risk.,5,1,3,-2,5,9월 21일 주식시장 주요공시 | [개장 전 주요 공시] GS건설·HJ중공업·메리츠증권·한국자산신탁 등 | [전일 주요공시] 범양건영·코아스·STX·코오롱·삼부토건·한국자산신...,2026-09-22,-0.0022,0.0006,,failure
071950,코아스,[기재정정]주요사항보고서(자기신주인수권부사채매도결정),bond_with_warrant,20260921,negative,-60,C,Bonds with warrants may create future dilution risk.,5,1,3,-2,5,9월 21일 주식시장 주요공시 | [개장 전 주요 공시] GS건설·HJ중공업·메리츠증권·한국자산신탁 등 | [전일 주요공시] 범양건영·코아스·STX·코오롱·삼부토건·한국자산신...,2026-09-22,-0.0022,0.0006,,failure
071950,코아스,[기재정정]주요사항보고서(자기신주인수권부사채매도결정),bond_with_warrant,20260921,negative,-60,C,Bonds with warrants may create future dilution risk.,5,1,3,-2,5,9월 21일 주식시장 주요공시 | [개장 전 주요 공시] GS건설·HJ중공업·메리츠증권·한국자산신탁 등 | [전일 주요공시] 범양건영·코아스·STX·코오롱·삼부토건·한국자산신...,2026-09-22,-0.0022,0.0006,,failure
071950,코아스,[기재정정]주요사항보고서(자기신주인수권부사채매도결정),bond_with_warrant,20260921,negative,-60,C,Bonds with warrants may create future dilution risk.,5,1,3,-2,5,9월 21일 주식시장 주요공시 | [개장 전 주요 공시] GS건설·HJ중공업·메리츠증권·한국자산신탁 등 | [전일 주요공시] 범양건영·코아스·STX·코오롱·삼부토건·한국자산신...,2026-09-22,-0.0022,0.0006,,failure
071950,코아스,[기재정정]주요사항보고서(자기신주인수권부사채매도결정),bond_with_warrant,20260921,negative,-60,C,Bonds with warrants may create future dilution risk.,5,1,3,-2,5,9월 21일 주식시장 주요공시 | [개장 전 주요 공시] GS건설·HJ중공업·메리츠증권·한국자산신탁 등 | [전일 주요공시] 범양건영·코아스·STX·코오롱·삼부토건·한국자산신...,2026-09-22,-0.0022,0.0006,,failure
071950,코아스,[기재정정]주요사항보고서(자기신주인수권부사채매도결정),bond_with_warrant,20260921,negative,-60,C,Bonds with warrants may create future dilution risk.,5,1,3,-2,5,9월 21일 주식시장 주요공시 | [개장 전 주요 공시] GS건설·HJ중공업·메리츠증권·한국자산신탁 등 | [전일 주요공시] 범양건영·코아스·STX·코오롱·삼부토건·한국자산신...,2026-09-22,-0.0022,0.0006,,failure
071950,코아스,[기재정정]주요사항보고서(자기신주인수권부사채매도결정),bond_with_warrant,20260921,negative,-60,C,Bonds with warrants may create future dilution risk.,5,1,3,-2,5,9월 21일 주식시장 주요공시 | [개장 전 주요 공시] GS건설·HJ중공업·메리츠증권·한국자산신탁 등 | [전일 주요공시] 범양건영·코아스·STX·코오롱·삼부토건·한국자산신...,2026-09-22,-0.0022,0.0006,,failure
071950,코아스,[기재정정]주요사항보고서(자기신주인수권부사채매도결정),bond_with_warrant,20260921,negative,-60,C,Bonds with warrants may create future dilution risk.,5,1,3,-2,5,9월 21일 주식시장 주요공시 | [개장 전 주요 공시] GS건설·HJ중공업·메리츠증권·한국자산신탁 등 | [전일 주요공시] 범양건영·코아스·STX·코오롱·삼부토건·한국자산신...,2026-09-22,-0.0022,0.0006,,failure
071950,코아스,[기재정정]주요사항보고서(자기신주인수권부사채매도결정),bond_with_warrant,20260921,negative,-60,C,Bonds with warrants may create future dilution risk.,5,1,3,-2,5,9월 21일 주식시장 주요공시 | [개장 전 주요 공시] GS건설·HJ중공업·메리츠증권·한국자산신탁 등 | [전일 주요공시] 범양건영·코아스·STX·코오롱·삼부토건·한국자산신...,2026-09-22,-0.0022,0.0006,,failure
071950,코아스,[기재정정]주요사항보고서(자기신주인수권부사채매도결정),bond_with_warrant,20260921,negative,-60,C,Bonds with warrants may create future dilution risk.,5,1,3,-2,5,9월 21일 주식시장 주요공시 | [개장 전 주요 공시] GS건설·HJ중공업·메리츠증권·한국자산신탁 등 | [전일 주요공시] 범양건영·코아스·STX·코오롱·삼부토건·한국자산신...,2026-09-22,-0.0022,0.0006,,failure
071950,코아스,[기재정정]주요사항보고서(자기신주인수권부사채매도결정),bond_with_warrant,20260921,negative,-60,C,Bonds with warrants may create future dilution risk.,5,1,3,-2,5,9월 21일 주식시장 주요공시 | [개장 전 주요 공시] GS건설·HJ중공업·메리츠증권·한국자산신탁 등 | [전일 주요공시] 범양건영·코아스·STX·코오롱·삼부토건·한국자산신...,2026-09-22,-0.0022,0.0006,,failure
071950,코아스,[기재정정]주요사항보고서(자기신주인수권부사채매도결정),bond_with_warrant,20260921,negative,-60,C,Bonds with warrants may create future dilution risk.,5,1,3,-2,5,9월 21일 주식시장 주요공시 | [개장 전 주요 공시] GS건설·HJ중공업·메리츠증권·한국자산신탁 등 | [전일 주요공시] 범양건영·코아스·STX·코오롱·삼부토건·한국자산신...,2026-09-22,-0.0022,0.0006,,failure
071950,코아스,[기재정정]주요사항보고서(자기신주인수권부사채매도결정),bond_with_warrant,20260921,negative,-60,C,Bonds with warrants may create future dilution risk.,5,1,3,-2,5,9월 21일 주식시장 주요공시 | [개장 전 주요 공시] GS건설·HJ중공업·메리츠증권·한국자산신탁 등 | [전일 주요공시] 범양건영·코아스·STX·코오롱·삼부토건·한국자산신...,2026-09-22,-0.0022,0.0006,,failure
071950,코아스,[기재정정]주요사항보고서(자기신주인수권부사채매도결정),bond_with_warrant,20260921,negative,-60,C,Bonds with warrants may create future dilution risk.,5,1,3,-2,5,9월 21일 주식시장 주요공시 | [개장 전 주요 공시] GS건설·HJ중공업·메리츠증권·한국자산신탁 등 | [전일 주요공시] 범양건영·코아스·STX·코오롱·삼부토건·한국자산신...,2026-09-22,-0.0022,0.0006,,failure
071950,코아스,[기재정정]주요사항보고서(자기신주인수권부사채매도결정),bond_with_warrant,20260921,negative,-60,C,Bonds with warrants may create future dilution risk.,5,1,3,-2,5,9월 21일 주식시장 주요공시 | [개장 전 주요 공시] GS건설·HJ중공업·메리츠증권·한국자산신탁 등 | [전일 주요공시] 범양건영·코아스·STX·코오롱·삼부토건·한국자산신...,2026-09-22,-0.0022,0.0006,,failure
071950,코아스,[기재정정]주요사항보고서(자기신주인수권부사채매도결정),bond_with_warrant,20260921,negative,-60,C,Bonds with warrants may create future dilution risk.,5,1,3,-2,5,9월 21일 주식시장 주요공시 | [개장 전 주요 공시] GS건설·HJ중공업·메리츠증권·한국자산신탁 등 | [전일 주요공시] 범양건영·코아스·STX·코오롱·삼부토건·한국자산신...,2026-09-22,-0.0022,0.0006,,failure
071950,코아스,[기재정정]주요사항보고서(자기신주인수권부사채매도결정),bond_with_warrant,20260921,negative,-60,C,Bonds with warrants may create future dilution risk.,5,1,3,-2,5,9월 21일 주식시장 주요공시 | [개장 전 주요 공시] GS건설·HJ중공업·메리츠증권·한국자산신탁 등 | [전일 주요공시] 범양건영·코아스·STX·코오롱·삼부토건·한국자산신...,2026-09-22,-0.0022,0.0006,,failure
071950,코아스,[기재정정]주요사항보고서(자기신주인수권부사채매도결정),bond_with_warrant,20260921,negative,-60,C,Bonds with warrants may create future dilution risk.,5,1,3,-2,5,9월 21일 주식시장 주요공시 | [개장 전 주요 공시] GS건설·HJ중공업·메리츠증권·한국자산신탁 등 | [전일 주요공시] 범양건영·코아스·STX·코오롱·삼부토건·한국자산신...,2026-09-22,-0.0022,0.0006,,failure
071950,코아스,[기재정정]주요사항보고서(자기신주인수권부사채매도결정),bond_with_warrant,20260921,negative,-60,C,Bonds with warrants may create future dilution risk.,5,1,3,-2,5,9월 21일 주식시장 주요공시 | [개장 전 주요 공시] GS건설·HJ중공업·메리츠증권·한국자산신탁 등 | [전일 주요공시] 범양건영·코아스·STX·코오롱·삼부토건·한국자산신...,2026-09-22,-0.0022,0.0006,,failure
071950,코아스,[기재정정]주요사항보고서(자기신주인수권부사채매도결정),bond_with_warrant,20260921,negative,-60,C,Bonds with warrants may create future dilution risk.,5,1,3,-2,5,9월 21일 주식시장 주요공시 | [개장 전 주요 공시] GS건설·HJ중공업·메리츠증권·한국자산신탁 등 | [전일 주요공시] 범양건영·코아스·STX·코오롱·삼부토건·한국자산신...,2026-09-22,-0.0022,0.0006,,failure
071950,코아스,[기재정정]주요사항보고서(자기신주인수권부사채매도결정),bond_with_warrant,20260921,negative,-60,C,Bonds with warrants may create future dilution risk.,5,1,3,-2,5,9월 21일 주식시장 주요공시 | [개장 전 주요 공시] GS건설·HJ중공업·메리츠증권·한국자산신탁 등 | [전일 주요공시] 범양건영·코아스·STX·코오롱·삼부토건·한국자산신...,2026-09-22,-0.0022,0.0006,,failure
071950,코아스,[기재정정]주요사항보고서(자기신주인수권부사채매도결정),bond_with_warrant,20260921,negative,-60,C,Bonds with warrants may create future dilution risk.,5,1,3,-2,5,9월 21일 주식시장 주요공시 | [개장 전 주요 공시] GS건설·HJ중공업·메리츠증권·한국자산신탁 등 | [전일 주요공시] 범양건영·코아스·STX·코오롱·삼부토건·한국자산신...,2026-09-22,-0.0022,0.0006,,failure
071950,코아스,[기재정정]주요사항보고서(자기신주인수권부사채매도결정),bond_with_warrant,20260921,negative,-60,C,Bonds with warrants may create future dilution risk.,5,1,3,-2,5,9월 21일 주식시장 주요공시 | [개장 전 주요 공시] GS건설·HJ중공업·메리츠증권·한국자산신탁 등 | [전일 주요공시] 범양건영·코아스·STX·코오롱·삼부토건·한국자산신...,2026-09-22,-0.0022,0.0006,,failure
071950,코아스,[기재정정]주요사항보고서(자기신주인수권부사채매도결정),bond_with_warrant,20260921,negative,-60,C,Bonds with warrants may create future dilution risk.,5,1,3,-2,5,9월 21일 주식시장 주요공시 | [개장 전 주요 공시] GS건설·HJ중공업·메리츠증권·한국자산신탁 등 | [전일 주요공시] 범양건영·코아스·STX·코오롱·삼부토건·한국자산신...,2026-09-22,-0.0022,0.0006,,failure
071950,코아스,[기재정정]주요사항보고서(자기신주인수권부사채매도결정),bond_with_warrant,20260921,negative,-60,C,Bonds with warrants may create future dilution risk.,5,1,3,-2,5,9월 21일 주식시장 주요공시 | [개장 전 주요 공시] GS건설·HJ중공업·메리츠증권·한국자산신탁 등 | [전일 주요공시] 범양건영·코아스·STX·코오롱·삼부토건·한국자산신...,2026-09-22,-0.0022,0.0006,,failure
071950,코아스,[기재정정]주요사항보고서(자기신주인수권부사채매도결정),bond_with_warrant,20260921,negative,-60,C,Bonds with warrants may create future dilution risk.,5,1,3,-2,5,9월 21일 주식시장 주요공시 | [개장 전 주요 공시] GS건설·HJ중공업·메리츠증권·한국자산신탁 등 | [전일 주요공시] 범양건영·코아스·STX·코오롱·삼부토건·한국자산신...,2026-09-22,-0.0022,0.0006,,failure
071950,코아스,[기재정정]주요사항보고서(자기신주인수권부사채매도결정),bond_with_warrant,20260921,negative,-60,C,Bonds with warrants may create future dilution risk.,5,1,3,-2,5,9월 21일 주식시장 주요공시 | [개장 전 주요 공시] GS건설·HJ중공업·메리츠증권·한국자산신탁 등 | [전일 주요공시] 범양건영·코아스·STX·코오롱·삼부토건·한국자산신...,2026-09-22,-0.0022,0.0006,,failure
071950,코아스,[기재정정]주요사항보고서(자기신주인수권부사채매도결정),bond_with_warrant,20260921,negative,-60,C,Bonds with warrants may create future dilution risk.,5,1,3,-2,5,9월 21일 주식시장 주요공시 | [개장 전 주요 공시] GS건설·HJ중공업·메리츠증권·한국자산신탁 등 | [전일 주요공시] 범양건영·코아스·STX·코오롱·삼부토건·한국자산신...,2026-09-22,-0.0022,0.0006,,failure
071950,코아스,[기재정정]주요사항보고서(자기신주인수권부사채매도결정),bond_with_warrant,20260921,negative,-60,C,Bonds with warrants may create future dilution risk.,5,1,3,-2,5,9월 21일 주식시장 주요공시 | [개장 전 주요 공시] GS건설·HJ중공업·메리츠증권·한국자산신탁 등 | [전일 주요공시] 범양건영·코아스·STX·코오롱·삼부토건·한국자산신...,2026-09-22,-0.0022,0.0006,,failure
071950,코아스,[기재정정]주요사항보고서(자기신주인수권부사채매도결정),bond_with_warrant,20260921,negative,-60,C,Bonds with warrants may create future dilution risk.,5,1,3,-2,5,9월 21일 주식시장 주요공시 | [개장 전 주요 공시] GS건설·HJ중공업·메리츠증권·한국자산신탁 등 | [전일 주요공시] 범양건영·코아스·STX·코오롱·삼부토건·한국자산신...,2026-09-22,-0.0022,0.0006,,failure
071950,코아스,[기재정정]주요사항보고서(자기신주인수권부사채매도결정),bond_with_warrant,20260921,negative,-60,C,Bonds with warrants may create future dilution risk.,5,1,3,-2,5,9월 21일 주식시장 주요공시 | [개장 전 주요 공시] GS건설·HJ중공업·메리츠증권·한국자산신탁 등 | [전일 주요공시] 범양건영·코아스·STX·코오롱·삼부토건·한국자산신...,2026-09-22,-0.0022,0.0006,,failure
071950,코아스,[기재정정]주요사항보고서(자기신주인수권부사채매도결정),bond_with_warrant,20260921,negative,-60,C,Bonds with warrants may create future dilution risk.,5,1,3,-2,5,9월 21일 주식시장 주요공시 | [개장 전 주요 공시] GS건설·HJ중공업·메리츠증권·한국자산신탁 등 | [전일 주요공시] 범양건영·코아스·STX·코오롱·삼부토건·한국자산신...,2026-09-22,-0.0022,0.0006,,failure
071950,코아스,[기재정정]주요사항보고서(자기신주인수권부사채매도결정),bond_with_warrant,20260921,negative,-60,C,Bonds with warrants may create future dilution risk.,5,1,3,-2,5,9월 21일 주식시장 주요공시 | [개장 전 주요 공시] GS건설·HJ중공업·메리츠증권·한국자산신탁 등 | [전일 주요공시] 범양건영·코아스·STX·코오롱·삼부토건·한국자산신...,2026-09-22,-0.0022,0.0006,,failure
071950,코아스,[기재정정]주요사항보고서(자기신주인수권부사채매도결정),bond_with_warrant,20260921,negative,-60,C,Bonds with warrants may create future dilution risk.,5,1,3,-2,5,9월 21일 주식시장 주요공시 | [개장 전 주요 공시] GS건설·HJ중공업·메리츠증권·한국자산신탁 등 | [전일 주요공시] 범양건영·코아스·STX·코오롱·삼부토건·한국자산신...,2026-09-22,-0.0022,0.0006,,failure
071950,코아스,[기재정정]주요사항보고서(자기신주인수권부사채매도결정),bond_with_warrant,20260921,negative,-60,C,Bonds with warrants may create future dilution risk.,5,1,3,-2,5,9월 21일 주식시장 주요공시 | [개장 전 주요 공시] GS건설·HJ중공업·메리츠증권·한국자산신탁 등 | [전일 주요공시] 범양건영·코아스·STX·코오롱·삼부토건·한국자산신...,2026-09-22,-0.0022,0.0006,,failure
071950,코아스,[기재정정]주요사항보고서(자기신주인수권부사채매도결정),bond_with_warrant,20260921,negative,-60,C,Bonds with warrants may create future dilution risk.,5,1,3,-2,5,9월 21일 주식시장 주요공시 | [개장 전 주요 공시] GS건설·HJ중공업·메리츠증권·한국자산신탁 등 | [전일 주요공시] 범양건영·코아스·STX·코오롱·삼부토건·한국자산신...,2026-09-22,-0.0022,0.0006,,failure
071950,코아스,[기재정정]주요사항보고서(자기신주인수권부사채매도결정),bond_with_warrant,20260921,negative,-60,C,Bonds with warrants may create future dilution risk.,5,1,3,-2,5,9월 21일 주식시장 주요공시 | [개장 전 주요 공시] GS건설·HJ중공업·메리츠증권·한국자산신탁 등 | [전일 주요공시] 범양건영·코아스·STX·코오롱·삼부토건·한국자산신...,2026-09-22,-0.0022,0.0006,,failure
071950,코아스,[기재정정]주요사항보고서(자기신주인수권부사채매도결정),bond_with_warrant,20260921,negative,-60,C,Bonds with warrants may create future dilution risk.,5,1,3,-2,5,9월 21일 주식시장 주요공시 | [개장 전 주요 공시] GS건설·HJ중공업·메리츠증권·한국자산신탁 등 | [전일 주요공시] 범양건영·코아스·STX·코오롱·삼부토건·한국자산신...,2026-09-22,-0.0022,0.0006,,failure
071950,코아스,[기재정정]주요사항보고서(자기신주인수권부사채매도결정),bond_with_warrant,20260921,negative,-60,C,Bonds with warrants may create future dilution risk.,5,1,3,-2,5,9월 21일 주식시장 주요공시 | [개장 전 주요 공시] GS건설·HJ중공업·메리츠증권·한국자산신탁 등 | [전일 주요공시] 범양건영·코아스·STX·코오롱·삼부토건·한국자산신...,2026-09-22,-0.0022,0.0006,,failure
071950,코아스,[기재정정]주요사항보고서(자기신주인수권부사채매도결정),bond_with_warrant,20260921,negative,-60,C,Bonds with warrants may create future dilution risk.,5,1,3,-2,5,9월 21일 주식시장 주요공시 | [개장 전 주요 공시] GS건설·HJ중공업·메리츠증권·한국자산신탁 등 | [전일 주요공시] 범양건영·코아스·STX·코오롱·삼부토건·한국자산신...,2026-09-22,-0.0022,0.0006,,failure
071950,코아스,[기재정정]주요사항보고서(자기신주인수권부사채매도결정),bond_with_warrant,20260921,negative,-60,C,Bonds with warrants may create future dilution risk.,5,1,3,-2,5,9월 21일 주식시장 주요공시 | [개장 전 주요 공시] GS건설·HJ중공업·메리츠증권·한국자산신탁 등 | [전일 주요공시] 범양건영·코아스·STX·코오롱·삼부토건·한국자산신...,2026-09-22,-0.0022,0.0006,,failure
071950,코아스,[기재정정]주요사항보고서(자기신주인수권부사채매도결정),bond_with_warrant,20260921,negative,-60,C,Bonds with warrants may create future dilution risk.,5,1,3,-2,5,9월 21일 주식시장 주요공시 | [개장 전 주요 공시] GS건설·HJ중공업·메리츠증권·한국자산신탁 등 | [전일 주요공시] 범양건영·코아스·STX·코오롱·삼부토건·한국자산신...,2026-09-22,-0.0022,0.0006,,failure
071950,코아스,[기재정정]주요사항보고서(자기신주인수권부사채매도결정),bond_with_warrant,20260921,negative,-60,C,Bonds with warrants may create future dilution risk.,5,1,3,-2,5,9월 21일 주식시장 주요공시 | [개장 전 주요 공시] GS건설·HJ중공업·메리츠증권·한국자산신탁 등 | [전일 주요공시] 범양건영·코아스·STX·코오롱·삼부토건·한국자산신...,2026-09-22,-0.0022,0.0006,,failure
071950,코아스,[기재정정]주요사항보고서(자기신주인수권부사채매도결정),bond_with_warrant,20260921,negative,-60,C,Bonds with warrants may create future dilution risk.,5,1,3,-2,5,9월 21일 주식시장 주요공시 | [개장 전 주요 공시] GS건설·HJ중공업·메리츠증권·한국자산신탁 등 | [전일 주요공시] 범양건영·코아스·STX·코오롱·삼부토건·한국자산신...,2026-09-22,-0.0022,0.0006,,failure
071950,코아스,[기재정정]주요사항보고서(자기신주인수권부사채매도결정),bond_with_warrant,20260921,negative,-60,C,Bonds with warrants may create future dilution risk.,5,1,3,-2,5,9월 21일 주식시장 주요공시 | [개장 전 주요 공시] GS건설·HJ중공업·메리츠증권·한국자산신탁 등 | [전일 주요공시] 범양건영·코아스·STX·코오롱·삼부토건·한국자산신...,2026-09-22,-0.0022,0.0006,,failure
071950,코아스,[기재정정]주요사항보고서(자기신주인수권부사채매도결정),bond_with_warrant,20260921,negative,-60,C,Bonds with warrants may create future dilution risk.,5,1,3,-2,5,9월 21일 주식시장 주요공시 | [개장 전 주요 공시] GS건설·HJ중공업·메리츠증권·한국자산신탁 등 | [전일 주요공시] 범양건영·코아스·STX·코오롱·삼부토건·한국자산신...,2026-09-22,-0.0022,0.0006,,failure
071950,코아스,[기재정정]주요사항보고서(자기신주인수권부사채매도결정),bond_with_warrant,20260921,negative,-60,C,Bonds with warrants may create future dilution risk.,5,1,3,-2,5,9월 21일 주식시장 주요공시 | [개장 전 주요 공시] GS건설·HJ중공업·메리츠증권·한국자산신탁 등 | [전일 주요공시] 범양건영·코아스·STX·코오롱·삼부토건·한국자산신...,2026-09-22,-0.0022,0.0006,,failure
071950,코아스,[기재정정]주요사항보고서(자기신주인수권부사채매도결정),bond_with_warrant,20260921,negative,-60,C,Bonds with warrants may create future dilution risk.,5,1,3,-2,5,9월 21일 주식시장 주요공시 | [개장 전 주요 공시] GS건설·HJ중공업·메리츠증권·한국자산신탁 등 | [전일 주요공시] 범양건영·코아스·STX·코오롱·삼부토건·한국자산신...,2026-09-22,-0.0022,0.0006,,failure
071950,코아스,[기재정정]주요사항보고서(자기신주인수권부사채매도결정),bond_with_warrant,20260921,negative,-60,C,Bonds with warrants may create future dilution risk.,5,1,3,-2,5,9월 21일 주식시장 주요공시 | [개장 전 주요 공시] GS건설·HJ중공업·메리츠증권·한국자산신탁 등 | [전일 주요공시] 범양건영·코아스·STX·코오롱·삼부토건·한국자산신...,2026-09-22,-0.0022,0.0006,,failure
071950,코아스,[기재정정]주요사항보고서(자기신주인수권부사채매도결정),bond_with_warrant,20260921,negative,-60,C,Bonds with warrants may create future dilution risk.,5,1,3,-2,5,9월 21일 주식시장 주요공시 | [개장 전 주요 공시] GS건설·HJ중공업·메리츠증권·한국자산신탁 등 | [전일 주요공시] 범양건영·코아스·STX·코오롱·삼부토건·한국자산신...,2026-09-22,-0.0022,0.0006,,failure
071950,코아스,[기재정정]주요사항보고서(자기신주인수권부사채만기전취득결정),bond_with_warrant,20260921,negative,-60,C,Bonds with warrants may create future dilution risk.,5,1,3,-2,5,9월 21일 주식시장 주요공시 | [개장 전 주요 공시] GS건설·HJ중공업·메리츠증권·한국자산신탁 등 | [전일 주요공시] 범양건영·코아스·STX·코오롱·삼부토건·한국자산신...,2026-09-22,-0.0022,0.0006,,failure
071950,코아스,[기재정정]주요사항보고서(자기신주인수권부사채만기전취득결정),bond_with_warrant,20260921,negative,-60,C,Bonds with warrants may create future dilution risk.,5,1,3,-2,5,9월 21일 주식시장 주요공시 | [개장 전 주요 공시] GS건설·HJ중공업·메리츠증권·한국자산신탁 등 | [전일 주요공시] 범양건영·코아스·STX·코오롱·삼부토건·한국자산신...,2026-09-22,-0.0022,0.0006,,failure
071950,코아스,[기재정정]주요사항보고서(자기신주인수권부사채만기전취득결정),bond_with_warrant,20260921,negative,-60,C,Bonds with warrants may create future dilution risk.,5,1,3,-2,5,9월 21일 주식시장 주요공시 | [개장 전 주요 공시] GS건설·HJ중공업·메리츠증권·한국자산신탁 등 | [전일 주요공시] 범양건영·코아스·STX·코오롱·삼부토건·한국자산신...,2026-09-22,-0.0022,0.0006,,failure
071950,코아스,[기재정정]주요사항보고서(자기신주인수권부사채만기전취득결정),bond_with_warrant,20260921,negative,-60,C,Bonds with warrants may create future dilution risk.,5,1,3,-2,5,9월 21일 주식시장 주요공시 | [개장 전 주요 공시] GS건설·HJ중공업·메리츠증권·한국자산신탁 등 | [전일 주요공시] 범양건영·코아스·STX·코오롱·삼부토건·한국자산신...,2026-09-22,-0.0022,0.0006,,failure
071950,코아스,[기재정정]주요사항보고서(자기신주인수권부사채만기전취득결정),bond_with_warrant,20260921,negative,-60,C,Bonds with warrants may create future dilution risk.,5,1,3,-2,5,9월 21일 주식시장 주요공시 | [개장 전 주요 공시] GS건설·HJ중공업·메리츠증권·한국자산신탁 등 | [전일 주요공시] 범양건영·코아스·STX·코오롱·삼부토건·한국자산신...,2026-09-22,-0.0022,0.0006,,failure
071950,코아스,[기재정정]주요사항보고서(자기신주인수권부사채만기전취득결정),bond_with_warrant,20260921,negative,-60,C,Bonds with warrants may create future dilution risk.,5,1,3,-2,5,9월 21일 주식시장 주요공시 | [개장 전 주요 공시] GS건설·HJ중공업·메리츠증권·한국자산신탁 등 | [전일 주요공시] 범양건영·코아스·STX·코오롱·삼부토건·한국자산신...,2026-09-22,-0.0022,0.0006,,failure
071950,코아스,[기재정정]주요사항보고서(자기신주인수권부사채만기전취득결정),bond_with_warrant,20260921,negative,-60,C,Bonds with warrants may create future dilution risk.,5,1,3,-2,5,9월 21일 주식시장 주요공시 | [개장 전 주요 공시] GS건설·HJ중공업·메리츠증권·한국자산신탁 등 | [전일 주요공시] 범양건영·코아스·STX·코오롱·삼부토건·한국자산신...,2026-09-22,-0.0022,0.0006,,failure
071950,코아스,[기재정정]주요사항보고서(자기신주인수권부사채만기전취득결정),bond_with_warrant,20260921,negative,-60,C,Bonds with warrants may create future dilution risk.,5,1,3,-2,5,9월 21일 주식시장 주요공시 | [개장 전 주요 공시] GS건설·HJ중공업·메리츠증권·한국자산신탁 등 | [전일 주요공시] 범양건영·코아스·STX·코오롱·삼부토건·한국자산신...,2026-09-22,-0.0022,0.0006,,failure
071950,코아스,[기재정정]주요사항보고서(자기신주인수권부사채만기전취득결정),bond_with_warrant,20260921,negative,-60,C,Bonds with warrants may create future dilution risk.,5,1,3,-2,5,9월 21일 주식시장 주요공시 | [개장 전 주요 공시] GS건설·HJ중공업·메리츠증권·한국자산신탁 등 | [전일 주요공시] 범양건영·코아스·STX·코오롱·삼부토건·한국자산신...,2026-09-22,-0.0022,0.0006,,failure
071950,코아스,[기재정정]주요사항보고서(자기신주인수권부사채만기전취득결정),bond_with_warrant,20260921,negative,-60,C,Bonds with warrants may create future dilution risk.,5,1,3,-2,5,9월 21일 주식시장 주요공시 | [개장 전 주요 공시] GS건설·HJ중공업·메리츠증권·한국자산신탁 등 | [전일 주요공시] 범양건영·코아스·STX·코오롱·삼부토건·한국자산신...,2026-09-22,-0.0022,0.0006,,failure
071950,코아스,[기재정정]주요사항보고서(자기신주인수권부사채만기전취득결정),bond_with_warrant,20260921,negative,-60,C,Bonds with warrants may create future dilution risk.,5,1,3,-2,5,9월 21일 주식시장 주요공시 | [개장 전 주요 공시] GS건설·HJ중공업·메리츠증권·한국자산신탁 등 | [전일 주요공시] 범양건영·코아스·STX·코오롱·삼부토건·한국자산신...,2026-09-22,-0.0022,0.0006,,failure
071950,코아스,[기재정정]주요사항보고서(자기신주인수권부사채만기전취득결정),bond_with_warrant,20260921,negative,-60,C,Bonds with warrants may create future dilution risk.,5,1,3,-2,5,9월 21일 주식시장 주요공시 | [개장 전 주요 공시] GS건설·HJ중공업·메리츠증권·한국자산신탁 등 | [전일 주요공시] 범양건영·코아스·STX·코오롱·삼부토건·한국자산신...,2026-09-22,-0.0022,0.0006,,failure
071950,코아스,[기재정정]주요사항보고서(자기신주인수권부사채만기전취득결정),bond_with_warrant,20260921,negative,-60,C,Bonds with warrants may create future dilution risk.,5,1,3,-2,5,9월 21일 주식시장 주요공시 | [개장 전 주요 공시] GS건설·HJ중공업·메리츠증권·한국자산신탁 등 | [전일 주요공시] 범양건영·코아스·STX·코오롱·삼부토건·한국자산신...,2026-09-22,-0.0022,0.0006,,failure
071950,코아스,[기재정정]주요사항보고서(자기신주인수권부사채만기전취득결정),bond_with_warrant,20260921,negative,-60,C,Bonds with warrants may create future dilution risk.,5,1,3,-2,5,9월 21일 주식시장 주요공시 | [개장 전 주요 공시] GS건설·HJ중공업·메리츠증권·한국자산신탁 등 | [전일 주요공시] 범양건영·코아스·STX·코오롱·삼부토건·한국자산신...,2026-09-22,-0.0022,0.0006,,failure
071950,코아스,[기재정정]주요사항보고서(자기신주인수권부사채만기전취득결정),bond_with_warrant,20260921,negative,-60,C,Bonds with warrants may create future dilution risk.,5,1,3,-2,5,9월 21일 주식시장 주요공시 | [개장 전 주요 공시] GS건설·HJ중공업·메리츠증권·한국자산신탁 등 | [전일 주요공시] 범양건영·코아스·STX·코오롱·삼부토건·한국자산신...,2026-09-22,-0.0022,0.0006,,failure
071950,코아스,[기재정정]주요사항보고서(자기신주인수권부사채만기전취득결정),bond_with_warrant,20260921,negative,-60,C,Bonds with warrants may create future dilution risk.,5,1,3,-2,5,9월 21일 주식시장 주요공시 | [개장 전 주요 공시] GS건설·HJ중공업·메리츠증권·한국자산신탁 등 | [전일 주요공시] 범양건영·코아스·STX·코오롱·삼부토건·한국자산신...,2026-09-22,-0.0022,0.0006,,failure
071950,코아스,[기재정정]주요사항보고서(자기신주인수권부사채만기전취득결정),bond_with_warrant,20260921,negative,-60,C,Bonds with warrants may create future dilution risk.,5,1,3,-2,5,9월 21일 주식시장 주요공시 | [개장 전 주요 공시] GS건설·HJ중공업·메리츠증권·한국자산신탁 등 | [전일 주요공시] 범양건영·코아스·STX·코오롱·삼부토건·한국자산신...,2026-09-22,-0.0022,0.0006,,failure
071950,코아스,[기재정정]주요사항보고서(자기신주인수권부사채만기전취득결정),bond_with_warrant,20260921,negative,-60,C,Bonds with warrants may create future dilution risk.,5,1,3,-2,5,9월 21일 주식시장 주요공시 | [개장 전 주요 공시] GS건설·HJ중공업·메리츠증권·한국자산신탁 등 | [전일 주요공시] 범양건영·코아스·STX·코오롱·삼부토건·한국자산신...,2026-09-22,-0.0022,0.0006,,failure
071950,코아스,[기재정정]주요사항보고서(자기신주인수권부사채만기전취득결정),bond_with_warrant,20260921,negative,-60,C,Bonds with warrants may create future dilution risk.,5,1,3,-2,5,9월 21일 주식시장 주요공시 | [개장 전 주요 공시] GS건설·HJ중공업·메리츠증권·한국자산신탁 등 | [전일 주요공시] 범양건영·코아스·STX·코오롱·삼부토건·한국자산신...,2026-09-22,-0.0022,0.0006,,failure
071950,코아스,[기재정정]주요사항보고서(자기신주인수권부사채만기전취득결정),bond_with_warrant,20260921,negative,-60,C,Bonds with warrants may create future dilution risk.,5,1,3,-2,5,9월 21일 주식시장 주요공시 | [개장 전 주요 공시] GS건설·HJ중공업·메리츠증권·한국자산신탁 등 | [전일 주요공시] 범양건영·코아스·STX·코오롱·삼부토건·한국자산신...,2026-09-22,-0.0022,0.0006,,failure
071950,코아스,[기재정정]주요사항보고서(자기신주인수권부사채만기전취득결정),bond_with_warrant,20260921,negative,-60,C,Bonds with warrants may create future dilution risk.,5,1,3,-2,5,9월 21일 주식시장 주요공시 | [개장 전 주요 공시] GS건설·HJ중공업·메리츠증권·한국자산신탁 등 | [전일 주요공시] 범양건영·코아스·STX·코오롱·삼부토건·한국자산신...,2026-09-22,-0.0022,0.0006,,failure
071950,코아스,[기재정정]주요사항보고서(자기신주인수권부사채만기전취득결정),bond_with_warrant,20260921,negative,-60,C,Bonds with warrants may create future dilution risk.,5,1,3,-2,5,9월 21일 주식시장 주요공시 | [개장 전 주요 공시] GS건설·HJ중공업·메리츠증권·한국자산신탁 등 | [전일 주요공시] 범양건영·코아스·STX·코오롱·삼부토건·한국자산신...,2026-09-22,-0.0022,0.0006,,failure
071950,코아스,[기재정정]주요사항보고서(자기신주인수권부사채만기전취득결정),bond_with_warrant,20260921,negative,-60,C,Bonds with warrants may create future dilution risk.,5,1,3,-2,5,9월 21일 주식시장 주요공시 | [개장 전 주요 공시] GS건설·HJ중공업·메리츠증권·한국자산신탁 등 | [전일 주요공시] 범양건영·코아스·STX·코오롱·삼부토건·한국자산신...,2026-09-22,-0.0022,0.0006,,failure
071950,코아스,[기재정정]주요사항보고서(자기신주인수권부사채만기전취득결정),bond_with_warrant,20260921,negative,-60,C,Bonds with warrants may create future dilution risk.,5,1,3,-2,5,9월 21일 주식시장 주요공시 | [개장 전 주요 공시] GS건설·HJ중공업·메리츠증권·한국자산신탁 등 | [전일 주요공시] 범양건영·코아스·STX·코오롱·삼부토건·한국자산신...,2026-09-22,-0.0022,0.0006,,failure
071950,코아스,[기재정정]주요사항보고서(자기신주인수권부사채만기전취득결정),bond_with_warrant,20260921,negative,-60,C,Bonds with warrants may create future dilution risk.,5,1,3,-2,5,9월 21일 주식시장 주요공시 | [개장 전 주요 공시] GS건설·HJ중공업·메리츠증권·한국자산신탁 등 | [전일 주요공시] 범양건영·코아스·STX·코오롱·삼부토건·한국자산신...,2026-09-22,-0.0022,0.0006,,failure
071950,코아스,[기재정정]주요사항보고서(자기신주인수권부사채만기전취득결정),bond_with_warrant,20260921,negative,-60,C,Bonds with warrants may create future dilution risk.,5,1,3,-2,5,9월 21일 주식시장 주요공시 | [개장 전 주요 공시] GS건설·HJ중공업·메리츠증권·한국자산신탁 등 | [전일 주요공시] 범양건영·코아스·STX·코오롱·삼부토건·한국자산신...,2026-09-22,-0.0022,0.0006,,failure
071950,코아스,[기재정정]주요사항보고서(자기신주인수권부사채만기전취득결정),bond_with_warrant,20260921,negative,-60,C,Bonds with warrants may create future dilution risk.,5,1,3,-2,5,9월 21일 주식시장 주요공시 | [개장 전 주요 공시] GS건설·HJ중공업·메리츠증권·한국자산신탁 등 | [전일 주요공시] 범양건영·코아스·STX·코오롱·삼부토건·한국자산신...,2026-09-22,-0.0022,0.0006,,failure
071950,코아스,[기재정정]주요사항보고서(자기신주인수권부사채만기전취득결정),bond_with_warrant,20260921,negative,-60,C,Bonds with warrants may create future dilution risk.,5,1,3,-2,5,9월 21일 주식시장 주요공시 | [개장 전 주요 공시] GS건설·HJ중공업·메리츠증권·한국자산신탁 등 | [전일 주요공시] 범양건영·코아스·STX·코오롱·삼부토건·한국자산신...,2026-09-22,-0.0022,0.0006,,failure
071950,코아스,[기재정정]주요사항보고서(자기신주인수권부사채만기전취득결정),bond_with_warrant,20260921,negative,-60,C,Bonds with warrants may create future dilution risk.,5,1,3,-2,5,9월 21일 주식시장 주요공시 | [개장 전 주요 공시] GS건설·HJ중공업·메리츠증권·한국자산신탁 등 | [전일 주요공시] 범양건영·코아스·STX·코오롱·삼부토건·한국자산신...,2026-09-22,-0.0022,0.0006,,failure
071950,코아스,[기재정정]주요사항보고서(자기신주인수권부사채만기전취득결정),bond_with_warrant,20260921,negative,-60,C,Bonds with warrants may create future dilution risk.,5,1,3,-2,5,9월 21일 주식시장 주요공시 | [개장 전 주요 공시] GS건설·HJ중공업·메리츠증권·한국자산신탁 등 | [전일 주요공시] 범양건영·코아스·STX·코오롱·삼부토건·한국자산신...,2026-09-22,-0.0022,0.0006,,failure
071950,코아스,[기재정정]주요사항보고서(자기신주인수권부사채만기전취득결정),bond_with_warrant,20260921,negative,-60,C,Bonds with warrants may create future dilution risk.,5,1,3,-2,5,9월 21일 주식시장 주요공시 | [개장 전 주요 공시] GS건설·HJ중공업·메리츠증권·한국자산신탁 등 | [전일 주요공시] 범양건영·코아스·STX·코오롱·삼부토건·한국자산신...,2026-09-22,-0.0022,0.0006,,failure
071950,코아스,[기재정정]주요사항보고서(자기신주인수권부사채만기전취득결정),bond_with_warrant,20260921,negative,-60,C,Bonds with warrants may create future dilution risk.,5,1,3,-2,5,9월 21일 주식시장 주요공시 | [개장 전 주요 공시] GS건설·HJ중공업·메리츠증권·한국자산신탁 등 | [전일 주요공시] 범양건영·코아스·STX·코오롱·삼부토건·한국자산신...,2026-09-22,-0.0022,0.0006,,failure
071950,코아스,[기재정정]주요사항보고서(자기신주인수권부사채만기전취득결정),bond_with_warrant,20260921,negative,-60,C,Bonds with warrants may create future dilution risk.,5,1,3,-2,5,9월 21일 주식시장 주요공시 | [개장 전 주요 공시] GS건설·HJ중공업·메리츠증권·한국자산신탁 등 | [전일 주요공시] 범양건영·코아스·STX·코오롱·삼부토건·한국자산신...,2026-09-22,-0.0022,0.0006,,failure
071950,코아스,[기재정정]주요사항보고서(자기신주인수권부사채만기전취득결정),bond_with_warrant,20260921,negative,-60,C,Bonds with warrants may create future dilution risk.,5,1,3,-2,5,9월 21일 주식시장 주요공시 | [개장 전 주요 공시] GS건설·HJ중공업·메리츠증권·한국자산신탁 등 | [전일 주요공시] 범양건영·코아스·STX·코오롱·삼부토건·한국자산신...,2026-09-22,-0.0022,0.0006,,failure
071950,코아스,[기재정정]주요사항보고서(자기신주인수권부사채만기전취득결정),bond_with_warrant,20260921,negative,-60,C,Bonds with warrants may create future dilution risk.,5,1,3,-2,5,9월 21일 주식시장 주요공시 | [개장 전 주요 공시] GS건설·HJ중공업·메리츠증권·한국자산신탁 등 | [전일 주요공시] 범양건영·코아스·STX·코오롱·삼부토건·한국자산신...,2026-09-22,-0.0022,0.0006,,failure
071950,코아스,[기재정정]주요사항보고서(자기신주인수권부사채만기전취득결정),bond_with_warrant,20260921,negative,-60,C,Bonds with warrants may create future dilution risk.,5,1,3,-2,5,9월 21일 주식시장 주요공시 | [개장 전 주요 공시] GS건설·HJ중공업·메리츠증권·한국자산신탁 등 | [전일 주요공시] 범양건영·코아스·STX·코오롱·삼부토건·한국자산신...,2026-09-22,-0.0022,0.0006,,failure
071950,코아스,[기재정정]주요사항보고서(자기신주인수권부사채만기전취득결정),bond_with_warrant,20260921,negative,-60,C,Bonds with warrants may create future dilution risk.,5,1,3,-2,5,9월 21일 주식시장 주요공시 | [개장 전 주요 공시] GS건설·HJ중공업·메리츠증권·한국자산신탁 등 | [전일 주요공시] 범양건영·코아스·STX·코오롱·삼부토건·한국자산신...,2026-09-22,-0.0022,0.0006,,failure
071950,코아스,[기재정정]주요사항보고서(자기신주인수권부사채만기전취득결정),bond_with_warrant,20260921,negative,-60,C,Bonds with warrants may create future dilution risk.,5,1,3,-2,5,9월 21일 주식시장 주요공시 | [개장 전 주요 공시] GS건설·HJ중공업·메리츠증권·한국자산신탁 등 | [전일 주요공시] 범양건영·코아스·STX·코오롱·삼부토건·한국자산신...,2026-09-22,-0.0022,0.0006,,failure
071950,코아스,[기재정정]주요사항보고서(자기신주인수권부사채만기전취득결정),bond_with_warrant,20260921,negative,-60,C,Bonds with warrants may create future dilution risk.,5,1,3,-2,5,9월 21일 주식시장 주요공시 | [개장 전 주요 공시] GS건설·HJ중공업·메리츠증권·한국자산신탁 등 | [전일 주요공시] 범양건영·코아스·STX·코오롱·삼부토건·한국자산신...,2026-09-22,-0.0022,0.0006,,failure
071950,코아스,[기재정정]주요사항보고서(자기신주인수권부사채만기전취득결정),bond_with_warrant,20260921,negative,-60,C,Bonds with warrants may create future dilution risk.,5,1,3,-2,5,9월 21일 주식시장 주요공시 | [개장 전 주요 공시] GS건설·HJ중공업·메리츠증권·한국자산신탁 등 | [전일 주요공시] 범양건영·코아스·STX·코오롱·삼부토건·한국자산신...,2026-09-22,-0.0022,0.0006,,failure
071950,코아스,[기재정정]주요사항보고서(자기신주인수권부사채만기전취득결정),bond_with_warrant,20260921,negative,-60,C,Bonds with warrants may create future dilution risk.,5,1,3,-2,5,9월 21일 주식시장 주요공시 | [개장 전 주요 공시] GS건설·HJ중공업·메리츠증권·한국자산신탁 등 | [전일 주요공시] 범양건영·코아스·STX·코오롱·삼부토건·한국자산신...,2026-09-22,-0.0022,0.0006,,failure
071950,코아스,[기재정정]주요사항보고서(자기신주인수권부사채만기전취득결정),bond_with_warrant,20260921,negative,-60,C,Bonds with warrants may create future dilution risk.,5,1,3,-2,5,9월 21일 주식시장 주요공시 | [개장 전 주요 공시] GS건설·HJ중공업·메리츠증권·한국자산신탁 등 | [전일 주요공시] 범양건영·코아스·STX·코오롱·삼부토건·한국자산신...,2026-09-22,-0.0022,0.0006,,failure
071950,코아스,[기재정정]주요사항보고서(자기신주인수권부사채만기전취득결정),bond_with_warrant,20260921,negative,-60,C,Bonds with warrants may create future dilution risk.,5,1,3,-2,5,9월 21일 주식시장 주요공시 | [개장 전 주요 공시] GS건설·HJ중공업·메리츠증권·한국자산신탁 등 | [전일 주요공시] 범양건영·코아스·STX·코오롱·삼부토건·한국자산신...,2026-09-22,-0.0022,0.0006,,failure
071950,코아스,[기재정정]주요사항보고서(자기신주인수권부사채만기전취득결정),bond_with_warrant,20260921,negative,-60,C,Bonds with warrants may create future dilution risk.,5,1,3,-2,5,9월 21일 주식시장 주요공시 | [개장 전 주요 공시] GS건설·HJ중공업·메리츠증권·한국자산신탁 등 | [전일 주요공시] 범양건영·코아스·STX·코오롱·삼부토건·한국자산신...,2026-09-22,-0.0022,0.0006,,failure
071950,코아스,[기재정정]주요사항보고서(자기신주인수권부사채만기전취득결정),bond_with_warrant,20260921,negative,-60,C,Bonds with warrants may create future dilution risk.,5,1,3,-2,5,9월 21일 주식시장 주요공시 | [개장 전 주요 공시] GS건설·HJ중공업·메리츠증권·한국자산신탁 등 | [전일 주요공시] 범양건영·코아스·STX·코오롱·삼부토건·한국자산신...,2026-09-22,-0.0022,0.0006,,failure
071950,코아스,[기재정정]주요사항보고서(자기신주인수권부사채만기전취득결정),bond_with_warrant,20260921,negative,-60,C,Bonds with warrants may create future dilution risk.,5,1,3,-2,5,9월 21일 주식시장 주요공시 | [개장 전 주요 공시] GS건설·HJ중공업·메리츠증권·한국자산신탁 등 | [전일 주요공시] 범양건영·코아스·STX·코오롱·삼부토건·한국자산신...,2026-09-22,-0.0022,0.0006,,failure
071950,코아스,[기재정정]주요사항보고서(자기신주인수권부사채만기전취득결정),bond_with_warrant,20260921,negative,-60,C,Bonds with warrants may create future dilution risk.,5,1,3,-2,5,9월 21일 주식시장 주요공시 | [개장 전 주요 공시] GS건설·HJ중공업·메리츠증권·한국자산신탁 등 | [전일 주요공시] 범양건영·코아스·STX·코오롱·삼부토건·한국자산신...,2026-09-22,-0.0022,0.0006,,failure
071950,코아스,[기재정정]주요사항보고서(자기신주인수권부사채만기전취득결정),bond_with_warrant,20260921,negative,-60,C,Bonds with warrants may create future dilution risk.,5,1,3,-2,5,9월 21일 주식시장 주요공시 | [개장 전 주요 공시] GS건설·HJ중공업·메리츠증권·한국자산신탁 등 | [전일 주요공시] 범양건영·코아스·STX·코오롱·삼부토건·한국자산신...,2026-09-22,-0.0022,0.0006,,failure
071950,코아스,[기재정정]주요사항보고서(자기신주인수권부사채만기전취득결정),bond_with_warrant,20260921,negative,-60,C,Bonds with warrants may create future dilution risk.,5,1,3,-2,5,9월 21일 주식시장 주요공시 | [개장 전 주요 공시] GS건설·HJ중공업·메리츠증권·한국자산신탁 등 | [전일 주요공시] 범양건영·코아스·STX·코오롱·삼부토건·한국자산신...,2026-09-22,-0.0022,0.0006,,failure
071950,코아스,[기재정정]주요사항보고서(자기신주인수권부사채만기전취득결정),bond_with_warrant,20260921,negative,-60,C,Bonds with warrants may create future dilution risk.,5,1,3,-2,5,9월 21일 주식시장 주요공시 | [개장 전 주요 공시] GS건설·HJ중공업·메리츠증권·한국자산신탁 등 | [전일 주요공시] 범양건영·코아스·STX·코오롱·삼부토건·한국자산신...,2026-09-22,-0.0022,0.0006,,failure
071950,코아스,[기재정정]주요사항보고서(자기신주인수권부사채만기전취득결정),bond_with_warrant,20260921,negative,-60,C,Bonds with warrants may create future dilution risk.,5,1,3,-2,5,9월 21일 주식시장 주요공시 | [개장 전 주요 공시] GS건설·HJ중공업·메리츠증권·한국자산신탁 등 | [전일 주요공시] 범양건영·코아스·STX·코오롱·삼부토건·한국자산신...,2026-09-22,-0.0022,0.0006,,failure
071950,코아스,[기재정정]주요사항보고서(자기신주인수권부사채만기전취득결정),bond_with_warrant,20260921,negative,-60,C,Bonds with warrants may create future dilution risk.,5,1,3,-2,5,9월 21일 주식시장 주요공시 | [개장 전 주요 공시] GS건설·HJ중공업·메리츠증권·한국자산신탁 등 | [전일 주요공시] 범양건영·코아스·STX·코오롱·삼부토건·한국자산신...,2026-09-22,-0.0022,0.0006,,failure
071950,코아스,[기재정정]주요사항보고서(자기신주인수권부사채만기전취득결정),bond_with_warrant,20260921,negative,-60,C,Bonds with warrants may create future dilution risk.,5,1,3,-2,5,9월 21일 주식시장 주요공시 | [개장 전 주요 공시] GS건설·HJ중공업·메리츠증권·한국자산신탁 등 | [전일 주요공시] 범양건영·코아스·STX·코오롱·삼부토건·한국자산신...,2026-09-22,-0.0022,0.0006,,failure
071950,코아스,[기재정정]주요사항보고서(자기신주인수권부사채만기전취득결정),bond_with_warrant,20260921,negative,-60,C,Bonds with warrants may create future dilution risk.,5,1,3,-2,5,9월 21일 주식시장 주요공시 | [개장 전 주요 공시] GS건설·HJ중공업·메리츠증권·한국자산신탁 등 | [전일 주요공시] 범양건영·코아스·STX·코오롱·삼부토건·한국자산신...,2026-09-22,-0.0022,0.0006,,failure
071950,코아스,[기재정정]주요사항보고서(자기신주인수권부사채만기전취득결정),bond_with_warrant,20260921,negative,-60,C,Bonds with warrants may create future dilution risk.,5,1,3,-2,5,9월 21일 주식시장 주요공시 | [개장 전 주요 공시] GS건설·HJ중공업·메리츠증권·한국자산신탁 등 | [전일 주요공시] 범양건영·코아스·STX·코오롱·삼부토건·한국자산신...,2026-09-22,-0.0022,0.0006,,failure
071950,코아스,[기재정정]주요사항보고서(자기신주인수권부사채만기전취득결정),bond_with_warrant,20260921,negative,-60,C,Bonds with warrants may create future dilution risk.,5,1,3,-2,5,9월 21일 주식시장 주요공시 | [개장 전 주요 공시] GS건설·HJ중공업·메리츠증권·한국자산신탁 등 | [전일 주요공시] 범양건영·코아스·STX·코오롱·삼부토건·한국자산신...,2026-09-22,-0.0022,0.0006,,failure
071950,코아스,[기재정정]주요사항보고서(자기신주인수권부사채만기전취득결정),bond_with_warrant,20260921,negative,-60,C,Bonds with warrants may create future dilution risk.,5,1,3,-2,5,9월 21일 주식시장 주요공시 | [개장 전 주요 공시] GS건설·HJ중공업·메리츠증권·한국자산신탁 등 | [전일 주요공시] 범양건영·코아스·STX·코오롱·삼부토건·한국자산신...,2026-09-22,-0.0022,0.0006,,failure
071950,코아스,[기재정정]주요사항보고서(자기신주인수권부사채만기전취득결정),bond_with_warrant,20260921,negative,-60,C,Bonds with warrants may create future dilution risk.,5,1,3,-2,5,9월 21일 주식시장 주요공시 | [개장 전 주요 공시] GS건설·HJ중공업·메리츠증권·한국자산신탁 등 | [전일 주요공시] 범양건영·코아스·STX·코오롱·삼부토건·한국자산신...,2026-09-22,-0.0022,0.0006,,failure
071950,코아스,[기재정정]주요사항보고서(자기신주인수권부사채만기전취득결정),bond_with_warrant,20260921,negative,-60,C,Bonds with warrants may create future dilution risk.,5,1,3,-2,5,9월 21일 주식시장 주요공시 | [개장 전 주요 공시] GS건설·HJ중공업·메리츠증권·한국자산신탁 등 | [전일 주요공시] 범양건영·코아스·STX·코오롱·삼부토건·한국자산신...,2026-09-22,-0.0022,0.0006,,failure
071950,코아스,[기재정정]주요사항보고서(자기신주인수권부사채만기전취득결정),bond_with_warrant,20260921,negative,-60,C,Bonds with warrants may create future dilution risk.,5,1,3,-2,5,9월 21일 주식시장 주요공시 | [개장 전 주요 공시] GS건설·HJ중공업·메리츠증권·한국자산신탁 등 | [전일 주요공시] 범양건영·코아스·STX·코오롱·삼부토건·한국자산신...,2026-09-22,-0.0022,0.0006,,failure
071950,코아스,[기재정정]주요사항보고서(자기신주인수권부사채만기전취득결정),bond_with_warrant,20260921,negative,-60,C,Bonds with warrants may create future dilution risk.,5,1,3,-2,5,9월 21일 주식시장 주요공시 | [개장 전 주요 공시] GS건설·HJ중공업·메리츠증권·한국자산신탁 등 | [전일 주요공시] 범양건영·코아스·STX·코오롱·삼부토건·한국자산신...,2026-09-22,-0.0022,0.0006,,failure
071950,코아스,[기재정정]주요사항보고서(자기신주인수권부사채만기전취득결정),bond_with_warrant,20260921,negative,-60,C,Bonds with warrants may create future dilution risk.,5,1,3,-2,5,9월 21일 주식시장 주요공시 | [개장 전 주요 공시] GS건설·HJ중공업·메리츠증권·한국자산신탁 등 | [전일 주요공시] 범양건영·코아스·STX·코오롱·삼부토건·한국자산신...,2026-09-22,-0.0022,0.0006,,failure
071950,코아스,[기재정정]주요사항보고서(자기신주인수권부사채만기전취득결정),bond_with_warrant,20260921,negative,-60,C,Bonds with warrants may create future dilution risk.,5,1,3,-2,5,9월 21일 주식시장 주요공시 | [개장 전 주요 공시] GS건설·HJ중공업·메리츠증권·한국자산신탁 등 | [전일 주요공시] 범양건영·코아스·STX·코오롱·삼부토건·한국자산신...,2026-09-22,-0.0022,0.0006,,failure
071950,코아스,[기재정정]주요사항보고서(자기신주인수권부사채만기전취득결정),bond_with_warrant,20260921,negative,-60,C,Bonds with warrants may create future dilution risk.,5,1,3,-2,5,9월 21일 주식시장 주요공시 | [개장 전 주요 공시] GS건설·HJ중공업·메리츠증권·한국자산신탁 등 | [전일 주요공시] 범양건영·코아스·STX·코오롱·삼부토건·한국자산신...,2026-09-22,-0.0022,0.0006,,failure
071950,코아스,[기재정정]주요사항보고서(자기신주인수권부사채만기전취득결정),bond_with_warrant,20260921,negative,-60,C,Bonds with warrants may create future dilution risk.,5,1,3,-2,5,9월 21일 주식시장 주요공시 | [개장 전 주요 공시] GS건설·HJ중공업·메리츠증권·한국자산신탁 등 | [전일 주요공시] 범양건영·코아스·STX·코오롱·삼부토건·한국자산신...,2026-09-22,-0.0022,0.0006,,failure
071950,코아스,[기재정정]주요사항보고서(자기신주인수권부사채만기전취득결정),bond_with_warrant,20260921,negative,-60,C,Bonds with warrants may create future dilution risk.,5,1,3,-2,5,9월 21일 주식시장 주요공시 | [개장 전 주요 공시] GS건설·HJ중공업·메리츠증권·한국자산신탁 등 | [전일 주요공시] 범양건영·코아스·STX·코오롱·삼부토건·한국자산신...,2026-09-22,-0.0022,0.0006,,failure
071950,코아스,[기재정정]주요사항보고서(자기신주인수권부사채만기전취득결정),bond_with_warrant,20260921,negative,-60,C,Bonds with warrants may create future dilution risk.,5,1,3,-2,5,9월 21일 주식시장 주요공시 | [개장 전 주요 공시] GS건설·HJ중공업·메리츠증권·한국자산신탁 등 | [전일 주요공시] 범양건영·코아스·STX·코오롱·삼부토건·한국자산신...,2026-09-22,-0.0022,0.0006,,failure
071950,코아스,[기재정정]주요사항보고서(자기신주인수권부사채만기전취득결정),bond_with_warrant,20260921,negative,-60,C,Bonds with warrants may create future dilution risk.,5,1,3,-2,5,9월 21일 주식시장 주요공시 | [개장 전 주요 공시] GS건설·HJ중공업·메리츠증권·한국자산신탁 등 | [전일 주요공시] 범양건영·코아스·STX·코오롱·삼부토건·한국자산신...,2026-09-22,-0.0022,0.0006,,failure
071950,코아스,[기재정정]주요사항보고서(자기신주인수권부사채만기전취득결정),bond_with_warrant,20260921,negative,-60,C,Bonds with warrants may create future dilution risk.,5,1,3,-2,5,9월 21일 주식시장 주요공시 | [개장 전 주요 공시] GS건설·HJ중공업·메리츠증권·한국자산신탁 등 | [전일 주요공시] 범양건영·코아스·STX·코오롱·삼부토건·한국자산신...,2026-09-22,-0.0022,0.0006,,failure
071950,코아스,[기재정정]주요사항보고서(자기신주인수권부사채만기전취득결정),bond_with_warrant,20260921,negative,-60,C,Bonds with warrants may create future dilution risk.,5,1,3,-2,5,9월 21일 주식시장 주요공시 | [개장 전 주요 공시] GS건설·HJ중공업·메리츠증권·한국자산신탁 등 | [전일 주요공시] 범양건영·코아스·STX·코오롱·삼부토건·한국자산신...,2026-09-22,-0.0022,0.0006,,failure
071950,코아스,[기재정정]주요사항보고서(자기신주인수권부사채만기전취득결정),bond_with_warrant,20260921,negative,-60,C,Bonds with warrants may create future dilution risk.,5,1,3,-2,5,9월 21일 주식시장 주요공시 | [개장 전 주요 공시] GS건설·HJ중공업·메리츠증권·한국자산신탁 등 | [전일 주요공시] 범양건영·코아스·STX·코오롱·삼부토건·한국자산신...,2026-09-22,-0.0022,0.0006,,failure
071950,코아스,[기재정정]주요사항보고서(자기신주인수권부사채만기전취득결정),bond_with_warrant,20260921,negative,-60,C,Bonds with warrants may create future dilution risk.,5,1,3,-2,5,9월 21일 주식시장 주요공시 | [개장 전 주요 공시] GS건설·HJ중공업·메리츠증권·한국자산신탁 등 | [전일 주요공시] 범양건영·코아스·STX·코오롱·삼부토건·한국자산신...,2026-09-22,-0.0022,0.0006,,failure
071950,코아스,[기재정정]주요사항보고서(자기신주인수권부사채만기전취득결정),bond_with_warrant,20260921,negative,-60,C,Bonds with warrants may create future dilution risk.,5,1,3,-2,5,9월 21일 주식시장 주요공시 | [개장 전 주요 공시] GS건설·HJ중공업·메리츠증권·한국자산신탁 등 | [전일 주요공시] 범양건영·코아스·STX·코오롱·삼부토건·한국자산신...,2026-09-22,-0.0022,0.0006,,failure
071950,코아스,[기재정정]주요사항보고서(자기신주인수권부사채만기전취득결정),bond_with_warrant,20260921,negative,-60,C,Bonds with warrants may create future dilution risk.,5,1,3,-2,5,9월 21일 주식시장 주요공시 | [개장 전 주요 공시] GS건설·HJ중공업·메리츠증권·한국자산신탁 등 | [전일 주요공시] 범양건영·코아스·STX·코오롱·삼부토건·한국자산신...,2026-09-22,-0.0022,0.0006,,failure
071950,코아스,[기재정정]주요사항보고서(자기신주인수권부사채만기전취득결정),bond_with_warrant,20260921,negative,-60,C,Bonds with warrants may create future dilution risk.,5,1,3,-2,5,9월 21일 주식시장 주요공시 | [개장 전 주요 공시] GS건설·HJ중공업·메리츠증권·한국자산신탁 등 | [전일 주요공시] 범양건영·코아스·STX·코오롱·삼부토건·한국자산신...,2026-09-22,-0.0022,0.0006,,failure
071950,코아스,[기재정정]주요사항보고서(자기신주인수권부사채만기전취득결정),bond_with_warrant,20260921,negative,-60,C,Bonds with warrants may create future dilution risk.,5,1,3,-2,5,9월 21일 주식시장 주요공시 | [개장 전 주요 공시] GS건설·HJ중공업·메리츠증권·한국자산신탁 등 | [전일 주요공시] 범양건영·코아스·STX·코오롱·삼부토건·한국자산신...,2026-09-22,-0.0022,0.0006,,failure
071950,코아스,[기재정정]주요사항보고서(자기신주인수권부사채만기전취득결정),bond_with_warrant,20260921,negative,-60,C,Bonds with warrants may create future dilution risk.,5,1,3,-2,5,9월 21일 주식시장 주요공시 | [개장 전 주요 공시] GS건설·HJ중공업·메리츠증권·한국자산신탁 등 | [전일 주요공시] 범양건영·코아스·STX·코오롱·삼부토건·한국자산신...,2026-09-22,-0.0022,0.0006,,failure
071950,코아스,[기재정정]주요사항보고서(자기신주인수권부사채만기전취득결정),bond_with_warrant,20260921,negative,-60,C,Bonds with warrants may create future dilution risk.,5,1,3,-2,5,9월 21일 주식시장 주요공시 | [개장 전 주요 공시] GS건설·HJ중공업·메리츠증권·한국자산신탁 등 | [전일 주요공시] 범양건영·코아스·STX·코오롱·삼부토건·한국자산신...,2026-09-22,-0.0022,0.0006,,failure
071950,코아스,[기재정정]주요사항보고서(자기신주인수권부사채만기전취득결정),bond_with_warrant,20260921,negative,-60,C,Bonds with warrants may create future dilution risk.,5,1,3,-2,5,9월 21일 주식시장 주요공시 | [개장 전 주요 공시] GS건설·HJ중공업·메리츠증권·한국자산신탁 등 | [전일 주요공시] 범양건영·코아스·STX·코오롱·삼부토건·한국자산신...,2026-09-22,-0.0022,0.0006,,failure
071950,코아스,[기재정정]주요사항보고서(자기신주인수권부사채만기전취득결정),bond_with_warrant,20260921,negative,-60,C,Bonds with warrants may create future dilution risk.,5,1,3,-2,5,9월 21일 주식시장 주요공시 | [개장 전 주요 공시] GS건설·HJ중공업·메리츠증권·한국자산신탁 등 | [전일 주요공시] 범양건영·코아스·STX·코오롱·삼부토건·한국자산신...,2026-09-22,-0.0022,0.0006,,failure
071950,코아스,[기재정정]주요사항보고서(자기신주인수권부사채만기전취득결정),bond_with_warrant,20260921,negative,-60,C,Bonds with warrants may create future dilution risk.,5,1,3,-2,5,9월 21일 주식시장 주요공시 | [개장 전 주요 공시] GS건설·HJ중공업·메리츠증권·한국자산신탁 등 | [전일 주요공시] 범양건영·코아스·STX·코오롱·삼부토건·한국자산신...,2026-09-22,-0.0022,0.0006,,failure
071950,코아스,[기재정정]주요사항보고서(자기신주인수권부사채만기전취득결정),bond_with_warrant,20260921,negative,-60,C,Bonds with warrants may create future dilution risk.,5,1,3,-2,5,9월 21일 주식시장 주요공시 | [개장 전 주요 공시] GS건설·HJ중공업·메리츠증권·한국자산신탁 등 | [전일 주요공시] 범양건영·코아스·STX·코오롱·삼부토건·한국자산신...,2026-09-22,-0.0022,0.0006,,failure
071950,코아스,[기재정정]주요사항보고서(자기신주인수권부사채만기전취득결정),bond_with_warrant,20260921,negative,-60,C,Bonds with warrants may create future dilution risk.,5,1,3,-2,5,9월 21일 주식시장 주요공시 | [개장 전 주요 공시] GS건설·HJ중공업·메리츠증권·한국자산신탁 등 | [전일 주요공시] 범양건영·코아스·STX·코오롱·삼부토건·한국자산신...,2026-09-22,-0.0022,0.0006,,failure
071950,코아스,[기재정정]주요사항보고서(자기신주인수권부사채만기전취득결정),bond_with_warrant,20260921,negative,-60,C,Bonds with warrants may create future dilution risk.,5,1,3,-2,5,9월 21일 주식시장 주요공시 | [개장 전 주요 공시] GS건설·HJ중공업·메리츠증권·한국자산신탁 등 | [전일 주요공시] 범양건영·코아스·STX·코오롱·삼부토건·한국자산신...,2026-09-22,-0.0022,0.0006,,failure
071950,코아스,[기재정정]주요사항보고서(자기신주인수권부사채만기전취득결정),bond_with_warrant,20260921,negative,-60,C,Bonds with warrants may create future dilution risk.,5,1,3,-2,5,9월 21일 주식시장 주요공시 | [개장 전 주요 공시] GS건설·HJ중공업·메리츠증권·한국자산신탁 등 | [전일 주요공시] 범양건영·코아스·STX·코오롱·삼부토건·한국자산신...,2026-09-22,-0.0022,0.0006,,failure
071950,코아스,[기재정정]주요사항보고서(자기신주인수권부사채만기전취득결정),bond_with_warrant,20260921,negative,-60,C,Bonds with warrants may create future dilution risk.,5,1,3,-2,5,9월 21일 주식시장 주요공시 | [개장 전 주요 공시] GS건설·HJ중공업·메리츠증권·한국자산신탁 등 | [전일 주요공시] 범양건영·코아스·STX·코오롱·삼부토건·한국자산신...,2026-09-22,-0.0022,0.0006,,failure
071950,코아스,[기재정정]주요사항보고서(자기신주인수권부사채만기전취득결정),bond_with_warrant,20260921,negative,-60,C,Bonds with warrants may create future dilution risk.,5,1,3,-2,5,9월 21일 주식시장 주요공시 | [개장 전 주요 공시] GS건설·HJ중공업·메리츠증권·한국자산신탁 등 | [전일 주요공시] 범양건영·코아스·STX·코오롱·삼부토건·한국자산신...,2026-09-22,-0.0022,0.0006,,failure
071950,코아스,[기재정정]주요사항보고서(자기신주인수권부사채만기전취득결정),bond_with_warrant,20260921,negative,-60,C,Bonds with warrants may create future dilution risk.,5,1,3,-2,5,9월 21일 주식시장 주요공시 | [개장 전 주요 공시] GS건설·HJ중공업·메리츠증권·한국자산신탁 등 | [전일 주요공시] 범양건영·코아스·STX·코오롱·삼부토건·한국자산신...,2026-09-22,-0.0022,0.0006,,failure
071950,코아스,[기재정정]주요사항보고서(자기신주인수권부사채만기전취득결정),bond_with_warrant,20260921,negative,-60,C,Bonds with warrants may create future dilution risk.,5,1,3,-2,5,9월 21일 주식시장 주요공시 | [개장 전 주요 공시] GS건설·HJ중공업·메리츠증권·한국자산신탁 등 | [전일 주요공시] 범양건영·코아스·STX·코오롱·삼부토건·한국자산신...,2026-09-22,-0.0022,0.0006,,failure
071950,코아스,[기재정정]주요사항보고서(자기신주인수권부사채만기전취득결정),bond_with_warrant,20260921,negative,-60,C,Bonds with warrants may create future dilution risk.,5,1,3,-2,5,9월 21일 주식시장 주요공시 | [개장 전 주요 공시] GS건설·HJ중공업·메리츠증권·한국자산신탁 등 | [전일 주요공시] 범양건영·코아스·STX·코오롱·삼부토건·한국자산신...,2026-09-22,-0.0022,0.0006,,failure
071950,코아스,[기재정정]주요사항보고서(자기신주인수권부사채만기전취득결정),bond_with_warrant,20260921,negative,-60,C,Bonds with warrants may create future dilution risk.,5,1,3,-2,5,9월 21일 주식시장 주요공시 | [개장 전 주요 공시] GS건설·HJ중공업·메리츠증권·한국자산신탁 등 | [전일 주요공시] 범양건영·코아스·STX·코오롱·삼부토건·한국자산신...,2026-09-22,-0.0022,0.0006,,failure
071950,코아스,[기재정정]주요사항보고서(자기신주인수권부사채만기전취득결정),bond_with_warrant,20260921,negative,-60,C,Bonds with warrants may create future dilution risk.,5,1,3,-2,5,9월 21일 주식시장 주요공시 | [개장 전 주요 공시] GS건설·HJ중공업·메리츠증권·한국자산신탁 등 | [전일 주요공시] 범양건영·코아스·STX·코오롱·삼부토건·한국자산신...,2026-09-22,-0.0022,0.0006,,failure
071950,코아스,[기재정정]주요사항보고서(자기신주인수권부사채만기전취득결정),bond_with_warrant,20260921,negative,-60,C,Bonds with warrants may create future dilution risk.,5,1,3,-2,5,9월 21일 주식시장 주요공시 | [개장 전 주요 공시] GS건설·HJ중공업·메리츠증권·한국자산신탁 등 | [전일 주요공시] 범양건영·코아스·STX·코오롱·삼부토건·한국자산신...,2026-09-22,-0.0022,0.0006,,failure
071950,코아스,[기재정정]주요사항보고서(자기신주인수권부사채만기전취득결정),bond_with_warrant,20260921,negative,-60,C,Bonds with warrants may create future dilution risk.,5,1,3,-2,5,9월 21일 주식시장 주요공시 | [개장 전 주요 공시] GS건설·HJ중공업·메리츠증권·한국자산신탁 등 | [전일 주요공시] 범양건영·코아스·STX·코오롱·삼부토건·한국자산신...,2026-09-22,-0.0022,0.0006,,failure
071950,코아스,[기재정정]주요사항보고서(자기신주인수권부사채만기전취득결정),bond_with_warrant,20260921,negative,-60,C,Bonds with warrants may create future dilution risk.,5,1,3,-2,5,9월 21일 주식시장 주요공시 | [개장 전 주요 공시] GS건설·HJ중공업·메리츠증권·한국자산신탁 등 | [전일 주요공시] 범양건영·코아스·STX·코오롱·삼부토건·한국자산신...,2026-09-22,-0.0022,0.0006,,failure
071950,코아스,[기재정정]주요사항보고서(자기신주인수권부사채만기전취득결정),bond_with_warrant,20260921,negative,-60,C,Bonds with warrants may create future dilution risk.,5,1,3,-2,5,9월 21일 주식시장 주요공시 | [개장 전 주요 공시] GS건설·HJ중공업·메리츠증권·한국자산신탁 등 | [전일 주요공시] 범양건영·코아스·STX·코오롱·삼부토건·한국자산신...,2026-09-22,-0.0022,0.0006,,failure
071950,코아스,[기재정정]주요사항보고서(자기신주인수권부사채만기전취득결정),bond_with_warrant,20260921,negative,-60,C,Bonds with warrants may create future dilution risk.,5,1,3,-2,5,9월 21일 주식시장 주요공시 | [개장 전 주요 공시] GS건설·HJ중공업·메리츠증권·한국자산신탁 등 | [전일 주요공시] 범양건영·코아스·STX·코오롱·삼부토건·한국자산신...,2026-09-22,-0.0022,0.0006,,failure
071950,코아스,[기재정정]주요사항보고서(자기신주인수권부사채만기전취득결정),bond_with_warrant,20260921,negative,-60,C,Bonds with warrants may create future dilution risk.,5,1,3,-2,5,9월 21일 주식시장 주요공시 | [개장 전 주요 공시] GS건설·HJ중공업·메리츠증권·한국자산신탁 등 | [전일 주요공시] 범양건영·코아스·STX·코오롱·삼부토건·한국자산신...,2026-09-22,-0.0022,0.0006,,failure
071950,코아스,[기재정정]주요사항보고서(자기신주인수권부사채만기전취득결정),bond_with_warrant,20260921,negative,-60,C,Bonds with warrants may create future dilution risk.,5,1,3,-2,5,9월 21일 주식시장 주요공시 | [개장 전 주요 공시] GS건설·HJ중공업·메리츠증권·한국자산신탁 등 | [전일 주요공시] 범양건영·코아스·STX·코오롱·삼부토건·한국자산신...,2026-09-22,-0.0022,0.0006,,failure
071950,코아스,[기재정정]주요사항보고서(자기신주인수권부사채만기전취득결정),bond_with_warrant,20260921,negative,-60,C,Bonds with warrants may create future dilution risk.,5,1,3,-2,5,9월 21일 주식시장 주요공시 | [개장 전 주요 공시] GS건설·HJ중공업·메리츠증권·한국자산신탁 등 | [전일 주요공시] 범양건영·코아스·STX·코오롱·삼부토건·한국자산신...,2026-09-22,-0.0022,0.0006,,failure
071950,코아스,[기재정정]주요사항보고서(자기신주인수권부사채만기전취득결정),bond_with_warrant,20260921,negative,-60,C,Bonds with warrants may create future dilution risk.,5,1,3,-2,5,9월 21일 주식시장 주요공시 | [개장 전 주요 공시] GS건설·HJ중공업·메리츠증권·한국자산신탁 등 | [전일 주요공시] 범양건영·코아스·STX·코오롱·삼부토건·한국자산신...,2026-09-22,-0.0022,0.0006,,failure
071950,코아스,[기재정정]주요사항보고서(자기신주인수권부사채만기전취득결정),bond_with_warrant,20260921,negative,-60,C,Bonds with warrants may create future dilution risk.,5,1,3,-2,5,9월 21일 주식시장 주요공시 | [개장 전 주요 공시] GS건설·HJ중공업·메리츠증권·한국자산신탁 등 | [전일 주요공시] 범양건영·코아스·STX·코오롱·삼부토건·한국자산신...,2026-09-22,-0.0022,0.0006,,failure
071950,코아스,[기재정정]주요사항보고서(자기신주인수권부사채만기전취득결정),bond_with_warrant,20260921,negative,-60,C,Bonds with warrants may create future dilution risk.,5,1,3,-2,5,9월 21일 주식시장 주요공시 | [개장 전 주요 공시] GS건설·HJ중공업·메리츠증권·한국자산신탁 등 | [전일 주요공시] 범양건영·코아스·STX·코오롱·삼부토건·한국자산신...,2026-09-22,-0.0022,0.0006,,failure
071950,코아스,[기재정정]주요사항보고서(자기신주인수권부사채만기전취득결정),bond_with_warrant,20260921,negative,-60,C,Bonds with warrants may create future dilution risk.,5,1,3,-2,5,9월 21일 주식시장 주요공시 | [개장 전 주요 공시] GS건설·HJ중공업·메리츠증권·한국자산신탁 등 | [전일 주요공시] 범양건영·코아스·STX·코오롱·삼부토건·한국자산신...,2026-09-22,-0.0022,0.0006,,failure
071950,코아스,[기재정정]주요사항보고서(자기신주인수권부사채만기전취득결정),bond_with_warrant,20260921,negative,-60,C,Bonds with warrants may create future dilution risk.,5,1,3,-2,5,9월 21일 주식시장 주요공시 | [개장 전 주요 공시] GS건설·HJ중공업·메리츠증권·한국자산신탁 등 | [전일 주요공시] 범양건영·코아스·STX·코오롱·삼부토건·한국자산신...,2026-09-22,-0.0022,0.0006,,failure
071950,코아스,[기재정정]주요사항보고서(자기신주인수권부사채만기전취득결정),bond_with_warrant,20260921,negative,-60,C,Bonds with warrants may create future dilution risk.,5,1,3,-2,5,9월 21일 주식시장 주요공시 | [개장 전 주요 공시] GS건설·HJ중공업·메리츠증권·한국자산신탁 등 | [전일 주요공시] 범양건영·코아스·STX·코오롱·삼부토건·한국자산신...,2026-09-22,-0.0022,0.0006,,failure
071950,코아스,[기재정정]주요사항보고서(자기신주인수권부사채만기전취득결정),bond_with_warrant,20260921,negative,-60,C,Bonds with warrants may create future dilution risk.,5,1,3,-2,5,9월 21일 주식시장 주요공시 | [개장 전 주요 공시] GS건설·HJ중공업·메리츠증권·한국자산신탁 등 | [전일 주요공시] 범양건영·코아스·STX·코오롱·삼부토건·한국자산신...,2026-09-22,-0.0022,0.0006,,failure
071950,코아스,[기재정정]주요사항보고서(자기신주인수권부사채만기전취득결정),bond_with_warrant,20260921,negative,-60,C,Bonds with warrants may create future dilution risk.,5,1,3,-2,5,9월 21일 주식시장 주요공시 | [개장 전 주요 공시] GS건설·HJ중공업·메리츠증권·한국자산신탁 등 | [전일 주요공시] 범양건영·코아스·STX·코오롱·삼부토건·한국자산신...,2026-09-22,-0.0022,0.0006,,failure
071950,코아스,[기재정정]주요사항보고서(자기신주인수권부사채만기전취득결정),bond_with_warrant,20260921,negative,-60,C,Bonds with warrants may create future dilution risk.,5,1,3,-2,5,9월 21일 주식시장 주요공시 | [개장 전 주요 공시] GS건설·HJ중공업·메리츠증권·한국자산신탁 등 | [전일 주요공시] 범양건영·코아스·STX·코오롱·삼부토건·한국자산신...,2026-09-22,-0.0022,0.0006,,failure
071950,코아스,[기재정정]주요사항보고서(자기신주인수권부사채만기전취득결정),bond_with_warrant,20260921,negative,-60,C,Bonds with warrants may create future dilution risk.,5,1,3,-2,5,9월 21일 주식시장 주요공시 | [개장 전 주요 공시] GS건설·HJ중공업·메리츠증권·한국자산신탁 등 | [전일 주요공시] 범양건영·코아스·STX·코오롱·삼부토건·한국자산신...,2026-09-22,-0.0022,0.0006,,failure
071950,코아스,[기재정정]주요사항보고서(자기신주인수권부사채만기전취득결정),bond_with_warrant,20260921,negative,-60,C,Bonds with warrants may create future dilution risk.,5,1,3,-2,5,9월 21일 주식시장 주요공시 | [개장 전 주요 공시] GS건설·HJ중공업·메리츠증권·한국자산신탁 등 | [전일 주요공시] 범양건영·코아스·STX·코오롱·삼부토건·한국자산신...,2026-09-22,-0.0022,0.0006,,failure
071950,코아스,[기재정정]주요사항보고서(자기신주인수권부사채만기전취득결정),bond_with_warrant,20260921,negative,-60,C,Bonds with warrants may create future dilution risk.,5,1,3,-2,5,9월 21일 주식시장 주요공시 | [개장 전 주요 공시] GS건설·HJ중공업·메리츠증권·한국자산신탁 등 | [전일 주요공시] 범양건영·코아스·STX·코오롱·삼부토건·한국자산신...,2026-09-22,-0.0022,0.0006,,failure
071950,코아스,[기재정정]주요사항보고서(자기신주인수권부사채만기전취득결정),bond_with_warrant,20260921,negative,-60,C,Bonds with warrants may create future dilution risk.,5,1,3,-2,5,9월 21일 주식시장 주요공시 | [개장 전 주요 공시] GS건설·HJ중공업·메리츠증권·한국자산신탁 등 | [전일 주요공시] 범양건영·코아스·STX·코오롱·삼부토건·한국자산신...,2026-09-22,-0.0022,0.0006,,failure
071950,코아스,[기재정정]주요사항보고서(자기신주인수권부사채만기전취득결정),bond_with_warrant,20260921,negative,-60,C,Bonds with warrants may create future dilution risk.,5,1,3,-2,5,9월 21일 주식시장 주요공시 | [개장 전 주요 공시] GS건설·HJ중공업·메리츠증권·한국자산신탁 등 | [전일 주요공시] 범양건영·코아스·STX·코오롱·삼부토건·한국자산신...,2026-09-22,-0.0022,0.0006,,failure
071950,코아스,[기재정정]주요사항보고서(자기신주인수권부사채만기전취득결정),bond_with_warrant,20260921,negative,-60,C,Bonds with warrants may create future dilution risk.,5,1,3,-2,5,9월 21일 주식시장 주요공시 | [개장 전 주요 공시] GS건설·HJ중공업·메리츠증권·한국자산신탁 등 | [전일 주요공시] 범양건영·코아스·STX·코오롱·삼부토건·한국자산신...,2026-09-22,-0.0022,0.0006,,failure
071950,코아스,[기재정정]주요사항보고서(자기신주인수권부사채만기전취득결정),bond_with_warrant,20260921,negative,-60,C,Bonds with warrants may create future dilution risk.,5,1,3,-2,5,9월 21일 주식시장 주요공시 | [개장 전 주요 공시] GS건설·HJ중공업·메리츠증권·한국자산신탁 등 | [전일 주요공시] 범양건영·코아스·STX·코오롱·삼부토건·한국자산신...,2026-09-22,-0.0022,0.0006,,failure
071950,코아스,[기재정정]주요사항보고서(자기신주인수권부사채만기전취득결정),bond_with_warrant,20260921,negative,-60,C,Bonds with warrants may create future dilution risk.,5,1,3,-2,5,9월 21일 주식시장 주요공시 | [개장 전 주요 공시] GS건설·HJ중공업·메리츠증권·한국자산신탁 등 | [전일 주요공시] 범양건영·코아스·STX·코오롱·삼부토건·한국자산신...,2026-09-22,-0.0022,0.0006,,failure
071950,코아스,[기재정정]주요사항보고서(자기신주인수권부사채만기전취득결정),bond_with_warrant,20260921,negative,-60,C,Bonds with warrants may create future dilution risk.,5,1,3,-2,5,9월 21일 주식시장 주요공시 | [개장 전 주요 공시] GS건설·HJ중공업·메리츠증권·한국자산신탁 등 | [전일 주요공시] 범양건영·코아스·STX·코오롱·삼부토건·한국자산신...,2026-09-22,-0.0022,0.0006,,failure
071950,코아스,[기재정정]주요사항보고서(자기신주인수권부사채만기전취득결정),bond_with_warrant,20260921,negative,-60,C,Bonds with warrants may create future dilution risk.,5,1,3,-2,5,9월 21일 주식시장 주요공시 | [개장 전 주요 공시] GS건설·HJ중공업·메리츠증권·한국자산신탁 등 | [전일 주요공시] 범양건영·코아스·STX·코오롱·삼부토건·한국자산신...,2026-09-22,-0.0022,0.0006,,failure
071950,코아스,[기재정정]주요사항보고서(자기신주인수권부사채만기전취득결정),bond_with_warrant,20260921,negative,-60,C,Bonds with warrants may create future dilution risk.,5,1,3,-2,5,9월 21일 주식시장 주요공시 | [개장 전 주요 공시] GS건설·HJ중공업·메리츠증권·한국자산신탁 등 | [전일 주요공시] 범양건영·코아스·STX·코오롱·삼부토건·한국자산신...,2026-09-22,-0.0022,0.0006,,failure
071950,코아스,[기재정정]주요사항보고서(자기신주인수권부사채만기전취득결정),bond_with_warrant,20260921,negative,-60,C,Bonds with warrants may create future dilution risk.,5,1,3,-2,5,9월 21일 주식시장 주요공시 | [개장 전 주요 공시] GS건설·HJ중공업·메리츠증권·한국자산신탁 등 | [전일 주요공시] 범양건영·코아스·STX·코오롱·삼부토건·한국자산신...,2026-09-22,-0.0022,0.0006,,failure
071950,코아스,[기재정정]주요사항보고서(자기신주인수권부사채만기전취득결정),bond_with_warrant,20260921,negative,-60,C,Bonds with warrants may create future dilution risk.,5,1,3,-2,5,9월 21일 주식시장 주요공시 | [개장 전 주요 공시] GS건설·HJ중공업·메리츠증권·한국자산신탁 등 | [전일 주요공시] 범양건영·코아스·STX·코오롱·삼부토건·한국자산신...,2026-09-22,-0.0022,0.0006,,failure
071950,코아스,[기재정정]주요사항보고서(자기신주인수권부사채만기전취득결정),bond_with_warrant,20260921,negative,-60,C,Bonds with warrants may create future dilution risk.,5,1,3,-2,5,9월 21일 주식시장 주요공시 | [개장 전 주요 공시] GS건설·HJ중공업·메리츠증권·한국자산신탁 등 | [전일 주요공시] 범양건영·코아스·STX·코오롱·삼부토건·한국자산신...,2026-09-22,-0.0022,0.0006,,failure
071950,코아스,[기재정정]주요사항보고서(자기신주인수권부사채만기전취득결정),bond_with_warrant,20260921,negative,-60,C,Bonds with warrants may create future dilution risk.,5,1,3,-2,5,9월 21일 주식시장 주요공시 | [개장 전 주요 공시] GS건설·HJ중공업·메리츠증권·한국자산신탁 등 | [전일 주요공시] 범양건영·코아스·STX·코오롱·삼부토건·한국자산신...,2026-09-22,-0.0022,0.0006,,failure
071950,코아스,[기재정정]주요사항보고서(자기신주인수권부사채만기전취득결정),bond_with_warrant,20260921,negative,-60,C,Bonds with warrants may create future dilution risk.,5,1,3,-2,5,9월 21일 주식시장 주요공시 | [개장 전 주요 공시] GS건설·HJ중공업·메리츠증권·한국자산신탁 등 | [전일 주요공시] 범양건영·코아스·STX·코오롱·삼부토건·한국자산신...,2026-09-22,-0.0022,0.0006,,failure
071950,코아스,[기재정정]주요사항보고서(자기신주인수권부사채만기전취득결정),bond_with_warrant,20260921,negative,-60,C,Bonds with warrants may create future dilution risk.,5,1,3,-2,5,9월 21일 주식시장 주요공시 | [개장 전 주요 공시] GS건설·HJ중공업·메리츠증권·한국자산신탁 등 | [전일 주요공시] 범양건영·코아스·STX·코오롱·삼부토건·한국자산신...,2026-09-22,-0.0022,0.0006,,failure
071950,코아스,[기재정정]주요사항보고서(자기신주인수권부사채만기전취득결정),bond_with_warrant,20260921,negative,-60,C,Bonds with warrants may create future dilution risk.,5,1,3,-2,5,9월 21일 주식시장 주요공시 | [개장 전 주요 공시] GS건설·HJ중공업·메리츠증권·한국자산신탁 등 | [전일 주요공시] 범양건영·코아스·STX·코오롱·삼부토건·한국자산신...,2026-09-22,-0.0022,0.0006,,failure
071950,코아스,[기재정정]주요사항보고서(자기신주인수권부사채만기전취득결정),bond_with_warrant,20260921,negative,-60,C,Bonds with warrants may create future dilution risk.,5,1,3,-2,5,9월 21일 주식시장 주요공시 | [개장 전 주요 공시] GS건설·HJ중공업·메리츠증권·한국자산신탁 등 | [전일 주요공시] 범양건영·코아스·STX·코오롱·삼부토건·한국자산신...,2026-09-22,-0.0022,0.0006,,failure
071950,코아스,[기재정정]주요사항보고서(자기신주인수권부사채만기전취득결정),bond_with_warrant,20260921,negative,-60,C,Bonds with warrants may create future dilution risk.,5,1,3,-2,5,9월 21일 주식시장 주요공시 | [개장 전 주요 공시] GS건설·HJ중공업·메리츠증권·한국자산신탁 등 | [전일 주요공시] 범양건영·코아스·STX·코오롱·삼부토건·한국자산신...,2026-09-22,-0.0022,0.0006,,failure
071950,코아스,[기재정정]주요사항보고서(자기신주인수권부사채만기전취득결정),bond_with_warrant,20260921,negative,-60,C,Bonds with warrants may create future dilution risk.,5,1,3,-2,5,9월 21일 주식시장 주요공시 | [개장 전 주요 공시] GS건설·HJ중공업·메리츠증권·한국자산신탁 등 | [전일 주요공시] 범양건영·코아스·STX·코오롱·삼부토건·한국자산신...,2026-09-22,-0.0022,0.0006,,failure
071950,코아스,[기재정정]주요사항보고서(자기신주인수권부사채만기전취득결정),bond_with_warrant,20260921,negative,-60,C,Bonds with warrants may create future dilution risk.,5,1,3,-2,5,9월 21일 주식시장 주요공시 | [개장 전 주요 공시] GS건설·HJ중공업·메리츠증권·한국자산신탁 등 | [전일 주요공시] 범양건영·코아스·STX·코오롱·삼부토건·한국자산신...,2026-09-22,-0.0022,0.0006,,failure
071950,코아스,[기재정정]주요사항보고서(자기신주인수권부사채만기전취득결정),bond_with_warrant,20260921,negative,-60,C,Bonds with warrants may create future dilution risk.,5,1,3,-2,5,9월 21일 주식시장 주요공시 | [개장 전 주요 공시] GS건설·HJ중공업·메리츠증권·한국자산신탁 등 | [전일 주요공시] 범양건영·코아스·STX·코오롱·삼부토건·한국자산신...,2026-09-22,-0.0022,0.0006,,failure
071950,코아스,[기재정정]주요사항보고서(자기신주인수권부사채만기전취득결정),bond_with_warrant,20260921,negative,-60,C,Bonds with warrants may create future dilution risk.,5,1,3,-2,5,9월 21일 주식시장 주요공시 | [개장 전 주요 공시] GS건설·HJ중공업·메리츠증권·한국자산신탁 등 | [전일 주요공시] 범양건영·코아스·STX·코오롱·삼부토건·한국자산신...,2026-09-22,-0.0022,0.0006,,failure
071950,코아스,[기재정정]주요사항보고서(자기신주인수권부사채만기전취득결정),bond_with_warrant,20260921,negative,-60,C,Bonds with warrants may create future dilution risk.,5,1,3,-2,5,9월 21일 주식시장 주요공시 | [개장 전 주요 공시] GS건설·HJ중공업·메리츠증권·한국자산신탁 등 | [전일 주요공시] 범양건영·코아스·STX·코오롱·삼부토건·한국자산신...,2026-09-22,-0.0022,0.0006,,failure
071950,코아스,[기재정정]주요사항보고서(자기신주인수권부사채만기전취득결정),bond_with_warrant,20260921,negative,-60,C,Bonds with warrants may create future dilution risk.,5,1,3,-2,5,9월 21일 주식시장 주요공시 | [개장 전 주요 공시] GS건설·HJ중공업·메리츠증권·한국자산신탁 등 | [전일 주요공시] 범양건영·코아스·STX·코오롱·삼부토건·한국자산신...,2026-09-22,-0.0022,0.0006,,failure
071950,코아스,[기재정정]주요사항보고서(자기신주인수권부사채만기전취득결정),bond_with_warrant,20260921,negative,-60,C,Bonds with warrants may create future dilution risk.,5,1,3,-2,5,9월 21일 주식시장 주요공시 | [개장 전 주요 공시] GS건설·HJ중공업·메리츠증권·한국자산신탁 등 | [전일 주요공시] 범양건영·코아스·STX·코오롱·삼부토건·한국자산신...,2026-09-22,-0.0022,0.0006,,failure
071950,코아스,[기재정정]주요사항보고서(자기신주인수권부사채만기전취득결정),bond_with_warrant,20260921,negative,-60,C,Bonds with warrants may create future dilution risk.,5,1,3,-2,5,9월 21일 주식시장 주요공시 | [개장 전 주요 공시] GS건설·HJ중공업·메리츠증권·한국자산신탁 등 | [전일 주요공시] 범양건영·코아스·STX·코오롱·삼부토건·한국자산신...,2026-09-22,-0.0022,0.0006,,failure
071950,코아스,[기재정정]주요사항보고서(자기신주인수권부사채만기전취득결정),bond_with_warrant,20260921,negative,-60,C,Bonds with warrants may create future dilution risk.,5,1,3,-2,5,9월 21일 주식시장 주요공시 | [개장 전 주요 공시] GS건설·HJ중공업·메리츠증권·한국자산신탁 등 | [전일 주요공시] 범양건영·코아스·STX·코오롱·삼부토건·한국자산신...,2026-09-22,-0.0022,0.0006,,failure
071950,코아스,[기재정정]주요사항보고서(자기신주인수권부사채만기전취득결정),bond_with_warrant,20260921,negative,-60,C,Bonds with warrants may create future dilution risk.,5,1,3,-2,5,9월 21일 주식시장 주요공시 | [개장 전 주요 공시] GS건설·HJ중공업·메리츠증권·한국자산신탁 등 | [전일 주요공시] 범양건영·코아스·STX·코오롱·삼부토건·한국자산신...,2026-09-22,-0.0022,0.0006,,failure
071950,코아스,[기재정정]주요사항보고서(자기신주인수권부사채만기전취득결정),bond_with_warrant,20260921,negative,-60,C,Bonds with warrants may create future dilution risk.,5,1,3,-2,5,9월 21일 주식시장 주요공시 | [개장 전 주요 공시] GS건설·HJ중공업·메리츠증권·한국자산신탁 등 | [전일 주요공시] 범양건영·코아스·STX·코오롱·삼부토건·한국자산신...,2026-09-22,-0.0022,0.0006,,failure
071950,코아스,[기재정정]주요사항보고서(자기신주인수권부사채만기전취득결정),bond_with_warrant,20260921,negative,-60,C,Bonds with warrants may create future dilution risk.,5,1,3,-2,5,9월 21일 주식시장 주요공시 | [개장 전 주요 공시] GS건설·HJ중공업·메리츠증권·한국자산신탁 등 | [전일 주요공시] 범양건영·코아스·STX·코오롱·삼부토건·한국자산신...,2026-09-22,-0.0022,0.0006,,failure
071950,코아스,[기재정정]주요사항보고서(자기신주인수권부사채만기전취득결정),bond_with_warrant,20260921,negative,-60,C,Bonds with warrants may create future dilution risk.,5,1,3,-2,5,9월 21일 주식시장 주요공시 | [개장 전 주요 공시] GS건설·HJ중공업·메리츠증권·한국자산신탁 등 | [전일 주요공시] 범양건영·코아스·STX·코오롱·삼부토건·한국자산신...,2026-09-22,-0.0022,0.0006,,failure
071950,코아스,[기재정정]주요사항보고서(자기신주인수권부사채만기전취득결정),bond_with_warrant,20260921,negative,-60,C,Bonds with warrants may create future dilution risk.,5,1,3,-2,5,9월 21일 주식시장 주요공시 | [개장 전 주요 공시] GS건설·HJ중공업·메리츠증권·한국자산신탁 등 | [전일 주요공시] 범양건영·코아스·STX·코오롱·삼부토건·한국자산신...,2026-09-22,-0.0022,0.0006,,failure
071950,코아스,[기재정정]주요사항보고서(자기신주인수권부사채만기전취득결정),bond_with_warrant,20260921,negative,-60,C,Bonds with warrants may create future dilution risk.,5,1,3,-2,5,9월 21일 주식시장 주요공시 | [개장 전 주요 공시] GS건설·HJ중공업·메리츠증권·한국자산신탁 등 | [전일 주요공시] 범양건영·코아스·STX·코오롱·삼부토건·한국자산신...,2026-09-22,-0.0022,0.0006,,failure
071950,코아스,[기재정정]주요사항보고서(자기신주인수권부사채만기전취득결정),bond_with_warrant,20260921,negative,-60,C,Bonds with warrants may create future dilution risk.,5,1,3,-2,5,9월 21일 주식시장 주요공시 | [개장 전 주요 공시] GS건설·HJ중공업·메리츠증권·한국자산신탁 등 | [전일 주요공시] 범양건영·코아스·STX·코오롱·삼부토건·한국자산신...,2026-09-22,-0.0022,0.0006,,failure
071950,코아스,[기재정정]주요사항보고서(자기신주인수권부사채만기전취득결정),bond_with_warrant,20260921,negative,-60,C,Bonds with warrants may create future dilution risk.,5,1,3,-2,5,9월 21일 주식시장 주요공시 | [개장 전 주요 공시] GS건설·HJ중공업·메리츠증권·한국자산신탁 등 | [전일 주요공시] 범양건영·코아스·STX·코오롱·삼부토건·한국자산신...,2026-09-22,-0.0022,0.0006,,failure
071950,코아스,[기재정정]주요사항보고서(자기신주인수권부사채만기전취득결정),bond_with_warrant,20260921,negative,-60,C,Bonds with warrants may create future dilution risk.,5,1,3,-2,5,9월 21일 주식시장 주요공시 | [개장 전 주요 공시] GS건설·HJ중공업·메리츠증권·한국자산신탁 등 | [전일 주요공시] 범양건영·코아스·STX·코오롱·삼부토건·한국자산신...,2026-09-22,-0.0022,0.0006,,failure
071950,코아스,[기재정정]주요사항보고서(자기신주인수권부사채만기전취득결정),bond_with_warrant,20260921,negative,-60,C,Bonds with warrants may create future dilution risk.,5,1,3,-2,5,9월 21일 주식시장 주요공시 | [개장 전 주요 공시] GS건설·HJ중공업·메리츠증권·한국자산신탁 등 | [전일 주요공시] 범양건영·코아스·STX·코오롱·삼부토건·한국자산신...,2026-09-22,-0.0022,0.0006,,failure
071950,코아스,[기재정정]주요사항보고서(자기신주인수권부사채만기전취득결정),bond_with_warrant,20260921,negative,-60,C,Bonds with warrants may create future dilution risk.,5,1,3,-2,5,9월 21일 주식시장 주요공시 | [개장 전 주요 공시] GS건설·HJ중공업·메리츠증권·한국자산신탁 등 | [전일 주요공시] 범양건영·코아스·STX·코오롱·삼부토건·한국자산신...,2026-09-22,-0.0022,0.0006,,failure
071950,코아스,[기재정정]주요사항보고서(자기신주인수권부사채만기전취득결정),bond_with_warrant,20260921,negative,-60,C,Bonds with warrants may create future dilution risk.,5,1,3,-2,5,9월 21일 주식시장 주요공시 | [개장 전 주요 공시] GS건설·HJ중공업·메리츠증권·한국자산신탁 등 | [전일 주요공시] 범양건영·코아스·STX·코오롱·삼부토건·한국자산신...,2026-09-22,-0.0022,0.0006,,failure
071950,코아스,[기재정정]주요사항보고서(자기신주인수권부사채만기전취득결정),bond_with_warrant,20260921,negative,-60,C,Bonds with warrants may create future dilution risk.,5,1,3,-2,5,9월 21일 주식시장 주요공시 | [개장 전 주요 공시] GS건설·HJ중공업·메리츠증권·한국자산신탁 등 | [전일 주요공시] 범양건영·코아스·STX·코오롱·삼부토건·한국자산신...,2026-09-22,-0.0022,0.0006,,failure
071950,코아스,[기재정정]주요사항보고서(자기신주인수권부사채만기전취득결정),bond_with_warrant,20260921,negative,-60,C,Bonds with warrants may create future dilution risk.,5,1,3,-2,5,9월 21일 주식시장 주요공시 | [개장 전 주요 공시] GS건설·HJ중공업·메리츠증권·한국자산신탁 등 | [전일 주요공시] 범양건영·코아스·STX·코오롱·삼부토건·한국자산신...,2026-09-22,-0.0022,0.0006,,failure
071950,코아스,[기재정정]주요사항보고서(자기신주인수권부사채만기전취득결정),bond_with_warrant,20260921,negative,-60,C,Bonds with warrants may create future dilution risk.,5,1,3,-2,5,9월 21일 주식시장 주요공시 | [개장 전 주요 공시] GS건설·HJ중공업·메리츠증권·한국자산신탁 등 | [전일 주요공시] 범양건영·코아스·STX·코오롱·삼부토건·한국자산신...,2026-09-22,-0.0022,0.0006,,failure
071950,코아스,[기재정정]주요사항보고서(자기신주인수권부사채만기전취득결정),bond_with_warrant,20260921,negative,-60,C,Bonds with warrants may create future dilution risk.,5,1,3,-2,5,9월 21일 주식시장 주요공시 | [개장 전 주요 공시] GS건설·HJ중공업·메리츠증권·한국자산신탁 등 | [전일 주요공시] 범양건영·코아스·STX·코오롱·삼부토건·한국자산신...,2026-09-22,-0.0022,0.0006,,failure
071950,코아스,[기재정정]주요사항보고서(자기신주인수권부사채만기전취득결정),bond_with_warrant,20260921,negative,-60,C,Bonds with warrants may create future dilution risk.,5,1,3,-2,5,9월 21일 주식시장 주요공시 | [개장 전 주요 공시] GS건설·HJ중공업·메리츠증권·한국자산신탁 등 | [전일 주요공시] 범양건영·코아스·STX·코오롱·삼부토건·한국자산신...,2026-09-22,-0.0022,0.0006,,failure
071950,코아스,[기재정정]주요사항보고서(자기신주인수권부사채만기전취득결정),bond_with_warrant,20260921,negative,-60,C,Bonds with warrants may create future dilution risk.,5,1,3,-2,5,9월 21일 주식시장 주요공시 | [개장 전 주요 공시] GS건설·HJ중공업·메리츠증권·한국자산신탁 등 | [전일 주요공시] 범양건영·코아스·STX·코오롱·삼부토건·한국자산신...,2026-09-22,-0.0022,0.0006,,failure
071950,코아스,[기재정정]주요사항보고서(자기신주인수권부사채만기전취득결정),bond_with_warrant,20260921,negative,-60,C,Bonds with warrants may create future dilution risk.,5,1,3,-2,5,9월 21일 주식시장 주요공시 | [개장 전 주요 공시] GS건설·HJ중공업·메리츠증권·한국자산신탁 등 | [전일 주요공시] 범양건영·코아스·STX·코오롱·삼부토건·한국자산신...,2026-09-22,-0.0022,0.0006,,failure
071950,코아스,[기재정정]주요사항보고서(자기신주인수권부사채만기전취득결정),bond_with_warrant,20260921,negative,-60,C,Bonds with warrants may create future dilution risk.,5,1,3,-2,5,9월 21일 주식시장 주요공시 | [개장 전 주요 공시] GS건설·HJ중공업·메리츠증권·한국자산신탁 등 | [전일 주요공시] 범양건영·코아스·STX·코오롱·삼부토건·한국자산신...,2026-09-22,-0.0022,0.0006,,failure
071950,코아스,[기재정정]주요사항보고서(자기신주인수권부사채만기전취득결정),bond_with_warrant,20260921,negative,-60,C,Bonds with warrants may create future dilution risk.,5,1,3,-2,5,9월 21일 주식시장 주요공시 | [개장 전 주요 공시] GS건설·HJ중공업·메리츠증권·한국자산신탁 등 | [전일 주요공시] 범양건영·코아스·STX·코오롱·삼부토건·한국자산신...,2026-09-22,-0.0022,0.0006,,failure
071950,코아스,[기재정정]주요사항보고서(자기신주인수권부사채만기전취득결정),bond_with_warrant,20260921,negative,-60,C,Bonds with warrants may create future dilution risk.,5,1,3,-2,5,9월 21일 주식시장 주요공시 | [개장 전 주요 공시] GS건설·HJ중공업·메리츠증권·한국자산신탁 등 | [전일 주요공시] 범양건영·코아스·STX·코오롱·삼부토건·한국자산신...,2026-09-22,-0.0022,0.0006,,failure
071950,코아스,[기재정정]주요사항보고서(자기전환사채만기전취득결정),convertible_bond,20260921,negative,-60,C,Convertible bonds may create future dilution risk.,5,1,3,-2,5,9월 21일 주식시장 주요공시 | [개장 전 주요 공시] GS건설·HJ중공업·메리츠증권·한국자산신탁 등 | [전일 주요공시] 범양건영·코아스·STX·코오롱·삼부토건·한국자산신...,2026-09-22,-0.0022,0.0006,,failure
071950,코아스,[기재정정]주요사항보고서(자기전환사채만기전취득결정),convertible_bond,20260921,negative,-60,C,Convertible bonds may create future dilution risk.,5,1,3,-2,5,9월 21일 주식시장 주요공시 | [개장 전 주요 공시] GS건설·HJ중공업·메리츠증권·한국자산신탁 등 | [전일 주요공시] 범양건영·코아스·STX·코오롱·삼부토건·한국자산신...,2026-09-22,-0.0022,0.0006,,failure
071950,코아스,[기재정정]주요사항보고서(자기전환사채만기전취득결정),convertible_bond,20260921,negative,-60,C,Convertible bonds may create future dilution risk.,5,1,3,-2,5,9월 21일 주식시장 주요공시 | [개장 전 주요 공시] GS건설·HJ중공업·메리츠증권·한국자산신탁 등 | [전일 주요공시] 범양건영·코아스·STX·코오롱·삼부토건·한국자산신...,2026-09-22,-0.0022,0.0006,,failure
071950,코아스,[기재정정]주요사항보고서(자기전환사채만기전취득결정),convertible_bond,20260921,negative,-60,C,Convertible bonds may create future dilution risk.,5,1,3,-2,5,9월 21일 주식시장 주요공시 | [개장 전 주요 공시] GS건설·HJ중공업·메리츠증권·한국자산신탁 등 | [전일 주요공시] 범양건영·코아스·STX·코오롱·삼부토건·한국자산신...,2026-09-22,-0.0022,0.0006,,failure
071950,코아스,[기재정정]주요사항보고서(자기전환사채만기전취득결정),convertible_bond,20260921,negative,-60,C,Convertible bonds may create future dilution risk.,5,1,3,-2,5,9월 21일 주식시장 주요공시 | [개장 전 주요 공시] GS건설·HJ중공업·메리츠증권·한국자산신탁 등 | [전일 주요공시] 범양건영·코아스·STX·코오롱·삼부토건·한국자산신...,2026-09-22,-0.0022,0.0006,,failure
071950,코아스,[기재정정]주요사항보고서(자기전환사채만기전취득결정),convertible_bond,20260921,negative,-60,C,Convertible bonds may create future dilution risk.,5,1,3,-2,5,9월 21일 주식시장 주요공시 | [개장 전 주요 공시] GS건설·HJ중공업·메리츠증권·한국자산신탁 등 | [전일 주요공시] 범양건영·코아스·STX·코오롱·삼부토건·한국자산신...,2026-09-22,-0.0022,0.0006,,failure
071950,코아스,[기재정정]주요사항보고서(자기전환사채만기전취득결정),convertible_bond,20260921,negative,-60,C,Convertible bonds may create future dilution risk.,5,1,3,-2,5,9월 21일 주식시장 주요공시 | [개장 전 주요 공시] GS건설·HJ중공업·메리츠증권·한국자산신탁 등 | [전일 주요공시] 범양건영·코아스·STX·코오롱·삼부토건·한국자산신...,2026-09-22,-0.0022,0.0006,,failure
071950,코아스,[기재정정]주요사항보고서(자기전환사채만기전취득결정),convertible_bond,20260921,negative,-60,C,Convertible bonds may create future dilution risk.,5,1,3,-2,5,9월 21일 주식시장 주요공시 | [개장 전 주요 공시] GS건설·HJ중공업·메리츠증권·한국자산신탁 등 | [전일 주요공시] 범양건영·코아스·STX·코오롱·삼부토건·한국자산신...,2026-09-22,-0.0022,0.0006,,failure
071950,코아스,[기재정정]주요사항보고서(자기전환사채만기전취득결정),convertible_bond,20260921,negative,-60,C,Convertible bonds may create future dilution risk.,5,1,3,-2,5,9월 21일 주식시장 주요공시 | [개장 전 주요 공시] GS건설·HJ중공업·메리츠증권·한국자산신탁 등 | [전일 주요공시] 범양건영·코아스·STX·코오롱·삼부토건·한국자산신...,2026-09-22,-0.0022,0.0006,,failure
071950,코아스,[기재정정]주요사항보고서(자기전환사채만기전취득결정),convertible_bond,20260921,negative,-60,C,Convertible bonds may create future dilution risk.,5,1,3,-2,5,9월 21일 주식시장 주요공시 | [개장 전 주요 공시] GS건설·HJ중공업·메리츠증권·한국자산신탁 등 | [전일 주요공시] 범양건영·코아스·STX·코오롱·삼부토건·한국자산신...,2026-09-22,-0.0022,0.0006,,failure
071950,코아스,[기재정정]주요사항보고서(자기전환사채만기전취득결정),convertible_bond,20260921,negative,-60,C,Convertible bonds may create future dilution risk.,5,1,3,-2,5,9월 21일 주식시장 주요공시 | [개장 전 주요 공시] GS건설·HJ중공업·메리츠증권·한국자산신탁 등 | [전일 주요공시] 범양건영·코아스·STX·코오롱·삼부토건·한국자산신...,2026-09-22,-0.0022,0.0006,,failure
071950,코아스,[기재정정]주요사항보고서(자기전환사채만기전취득결정),convertible_bond,20260921,negative,-60,C,Convertible bonds may create future dilution risk.,5,1,3,-2,5,9월 21일 주식시장 주요공시 | [개장 전 주요 공시] GS건설·HJ중공업·메리츠증권·한국자산신탁 등 | [전일 주요공시] 범양건영·코아스·STX·코오롱·삼부토건·한국자산신...,2026-09-22,-0.0022,0.0006,,failure
071950,코아스,[기재정정]주요사항보고서(자기전환사채만기전취득결정),convertible_bond,20260921,negative,-60,C,Convertible bonds may create future dilution risk.,5,1,3,-2,5,9월 21일 주식시장 주요공시 | [개장 전 주요 공시] GS건설·HJ중공업·메리츠증권·한국자산신탁 등 | [전일 주요공시] 범양건영·코아스·STX·코오롱·삼부토건·한국자산신...,2026-09-22,-0.0022,0.0006,,failure
071950,코아스,[기재정정]주요사항보고서(자기전환사채만기전취득결정),convertible_bond,20260921,negative,-60,C,Convertible bonds may create future dilution risk.,5,1,3,-2,5,9월 21일 주식시장 주요공시 | [개장 전 주요 공시] GS건설·HJ중공업·메리츠증권·한국자산신탁 등 | [전일 주요공시] 범양건영·코아스·STX·코오롱·삼부토건·한국자산신...,2026-09-22,-0.0022,0.0006,,failure
071950,코아스,[기재정정]주요사항보고서(자기전환사채만기전취득결정),convertible_bond,20260921,negative,-60,C,Convertible bonds may create future dilution risk.,5,1,3,-2,5,9월 21일 주식시장 주요공시 | [개장 전 주요 공시] GS건설·HJ중공업·메리츠증권·한국자산신탁 등 | [전일 주요공시] 범양건영·코아스·STX·코오롱·삼부토건·한국자산신...,2026-09-22,-0.0022,0.0006,,failure
071950,코아스,[기재정정]주요사항보고서(자기전환사채만기전취득결정),convertible_bond,20260921,negative,-60,C,Convertible bonds may create future dilution risk.,5,1,3,-2,5,9월 21일 주식시장 주요공시 | [개장 전 주요 공시] GS건설·HJ중공업·메리츠증권·한국자산신탁 등 | [전일 주요공시] 범양건영·코아스·STX·코오롱·삼부토건·한국자산신...,2026-09-22,-0.0022,0.0006,,failure
071950,코아스,[기재정정]주요사항보고서(자기전환사채만기전취득결정),convertible_bond,20260921,negative,-60,C,Convertible bonds may create future dilution risk.,5,1,3,-2,5,9월 21일 주식시장 주요공시 | [개장 전 주요 공시] GS건설·HJ중공업·메리츠증권·한국자산신탁 등 | [전일 주요공시] 범양건영·코아스·STX·코오롱·삼부토건·한국자산신...,2026-09-22,-0.0022,0.0006,,failure
071950,코아스,[기재정정]주요사항보고서(자기전환사채만기전취득결정),convertible_bond,20260921,negative,-60,C,Convertible bonds may create future dilution risk.,5,1,3,-2,5,9월 21일 주식시장 주요공시 | [개장 전 주요 공시] GS건설·HJ중공업·메리츠증권·한국자산신탁 등 | [전일 주요공시] 범양건영·코아스·STX·코오롱·삼부토건·한국자산신...,2026-09-22,-0.0022,0.0006,,failure
071950,코아스,[기재정정]주요사항보고서(자기전환사채만기전취득결정),convertible_bond,20260921,negative,-60,C,Convertible bonds may create future dilution risk.,5,1,3,-2,5,9월 21일 주식시장 주요공시 | [개장 전 주요 공시] GS건설·HJ중공업·메리츠증권·한국자산신탁 등 | [전일 주요공시] 범양건영·코아스·STX·코오롱·삼부토건·한국자산신...,2026-09-22,-0.0022,0.0006,,failure
071950,코아스,[기재정정]주요사항보고서(자기전환사채만기전취득결정),convertible_bond,20260921,negative,-60,C,Convertible bonds may create future dilution risk.,5,1,3,-2,5,9월 21일 주식시장 주요공시 | [개장 전 주요 공시] GS건설·HJ중공업·메리츠증권·한국자산신탁 등 | [전일 주요공시] 범양건영·코아스·STX·코오롱·삼부토건·한국자산신...,2026-09-22,-0.0022,0.0006,,failure
071950,코아스,[기재정정]주요사항보고서(자기전환사채만기전취득결정),convertible_bond,20260921,negative,-60,C,Convertible bonds may create future dilution risk.,5,1,3,-2,5,9월 21일 주식시장 주요공시 | [개장 전 주요 공시] GS건설·HJ중공업·메리츠증권·한국자산신탁 등 | [전일 주요공시] 범양건영·코아스·STX·코오롱·삼부토건·한국자산신...,2026-09-22,-0.0022,0.0006,,failure
071950,코아스,[기재정정]주요사항보고서(자기전환사채만기전취득결정),convertible_bond,20260921,negative,-60,C,Convertible bonds may create future dilution risk.,5,1,3,-2,5,9월 21일 주식시장 주요공시 | [개장 전 주요 공시] GS건설·HJ중공업·메리츠증권·한국자산신탁 등 | [전일 주요공시] 범양건영·코아스·STX·코오롱·삼부토건·한국자산신...,2026-09-22,-0.0022,0.0006,,failure
071950,코아스,[기재정정]주요사항보고서(자기전환사채만기전취득결정),convertible_bond,20260921,negative,-60,C,Convertible bonds may create future dilution risk.,5,1,3,-2,5,9월 21일 주식시장 주요공시 | [개장 전 주요 공시] GS건설·HJ중공업·메리츠증권·한국자산신탁 등 | [전일 주요공시] 범양건영·코아스·STX·코오롱·삼부토건·한국자산신...,2026-09-22,-0.0022,0.0006,,failure
071950,코아스,[기재정정]주요사항보고서(자기전환사채만기전취득결정),convertible_bond,20260921,negative,-60,C,Convertible bonds may create future dilution risk.,5,1,3,-2,5,9월 21일 주식시장 주요공시 | [개장 전 주요 공시] GS건설·HJ중공업·메리츠증권·한국자산신탁 등 | [전일 주요공시] 범양건영·코아스·STX·코오롱·삼부토건·한국자산신...,2026-09-22,-0.0022,0.0006,,failure
071950,코아스,[기재정정]주요사항보고서(자기전환사채만기전취득결정),convertible_bond,20260921,negative,-60,C,Convertible bonds may create future dilution risk.,5,1,3,-2,5,9월 21일 주식시장 주요공시 | [개장 전 주요 공시] GS건설·HJ중공업·메리츠증권·한국자산신탁 등 | [전일 주요공시] 범양건영·코아스·STX·코오롱·삼부토건·한국자산신...,2026-09-22,-0.0022,0.0006,,failure
071950,코아스,[기재정정]주요사항보고서(자기전환사채만기전취득결정),convertible_bond,20260921,negative,-60,C,Convertible bonds may create future dilution risk.,5,1,3,-2,5,9월 21일 주식시장 주요공시 | [개장 전 주요 공시] GS건설·HJ중공업·메리츠증권·한국자산신탁 등 | [전일 주요공시] 범양건영·코아스·STX·코오롱·삼부토건·한국자산신...,2026-09-22,-0.0022,0.0006,,failure
071950,코아스,[기재정정]주요사항보고서(자기전환사채만기전취득결정),convertible_bond,20260921,negative,-60,C,Convertible bonds may create future dilution risk.,5,1,3,-2,5,9월 21일 주식시장 주요공시 | [개장 전 주요 공시] GS건설·HJ중공업·메리츠증권·한국자산신탁 등 | [전일 주요공시] 범양건영·코아스·STX·코오롱·삼부토건·한국자산신...,2026-09-22,-0.0022,0.0006,,failure
071950,코아스,[기재정정]주요사항보고서(자기전환사채만기전취득결정),convertible_bond,20260921,negative,-60,C,Convertible bonds may create future dilution risk.,5,1,3,-2,5,9월 21일 주식시장 주요공시 | [개장 전 주요 공시] GS건설·HJ중공업·메리츠증권·한국자산신탁 등 | [전일 주요공시] 범양건영·코아스·STX·코오롱·삼부토건·한국자산신...,2026-09-22,-0.0022,0.0006,,failure
071950,코아스,[기재정정]주요사항보고서(자기전환사채만기전취득결정),convertible_bond,20260921,negative,-60,C,Convertible bonds may create future dilution risk.,5,1,3,-2,5,9월 21일 주식시장 주요공시 | [개장 전 주요 공시] GS건설·HJ중공업·메리츠증권·한국자산신탁 등 | [전일 주요공시] 범양건영·코아스·STX·코오롱·삼부토건·한국자산신...,2026-09-22,-0.0022,0.0006,,failure
071950,코아스,[기재정정]주요사항보고서(자기전환사채만기전취득결정),convertible_bond,20260921,negative,-60,C,Convertible bonds may create future dilution risk.,5,1,3,-2,5,9월 21일 주식시장 주요공시 | [개장 전 주요 공시] GS건설·HJ중공업·메리츠증권·한국자산신탁 등 | [전일 주요공시] 범양건영·코아스·STX·코오롱·삼부토건·한국자산신...,2026-09-22,-0.0022,0.0006,,failure
071950,코아스,[기재정정]주요사항보고서(자기전환사채만기전취득결정),convertible_bond,20260921,negative,-60,C,Convertible bonds may create future dilution risk.,5,1,3,-2,5,9월 21일 주식시장 주요공시 | [개장 전 주요 공시] GS건설·HJ중공업·메리츠증권·한국자산신탁 등 | [전일 주요공시] 범양건영·코아스·STX·코오롱·삼부토건·한국자산신...,2026-09-22,-0.0022,0.0006,,failure
071950,코아스,[기재정정]주요사항보고서(자기전환사채만기전취득결정),convertible_bond,20260921,negative,-60,C,Convertible bonds may create future dilution risk.,5,1,3,-2,5,9월 21일 주식시장 주요공시 | [개장 전 주요 공시] GS건설·HJ중공업·메리츠증권·한국자산신탁 등 | [전일 주요공시] 범양건영·코아스·STX·코오롱·삼부토건·한국자산신...,2026-09-22,-0.0022,0.0006,,failure
071950,코아스,[기재정정]주요사항보고서(자기전환사채만기전취득결정),convertible_bond,20260921,negative,-60,C,Convertible bonds may create future dilution risk.,5,1,3,-2,5,9월 21일 주식시장 주요공시 | [개장 전 주요 공시] GS건설·HJ중공업·메리츠증권·한국자산신탁 등 | [전일 주요공시] 범양건영·코아스·STX·코오롱·삼부토건·한국자산신...,2026-09-22,-0.0022,0.0006,,failure
071950,코아스,[기재정정]주요사항보고서(자기전환사채만기전취득결정),convertible_bond,20260921,negative,-60,C,Convertible bonds may create future dilution risk.,5,1,3,-2,5,9월 21일 주식시장 주요공시 | [개장 전 주요 공시] GS건설·HJ중공업·메리츠증권·한국자산신탁 등 | [전일 주요공시] 범양건영·코아스·STX·코오롱·삼부토건·한국자산신...,2026-09-22,-0.0022,0.0006,,failure
071950,코아스,[기재정정]주요사항보고서(자기전환사채만기전취득결정),convertible_bond,20260921,negative,-60,C,Convertible bonds may create future dilution risk.,5,1,3,-2,5,9월 21일 주식시장 주요공시 | [개장 전 주요 공시] GS건설·HJ중공업·메리츠증권·한국자산신탁 등 | [전일 주요공시] 범양건영·코아스·STX·코오롱·삼부토건·한국자산신...,2026-09-22,-0.0022,0.0006,,failure
071950,코아스,[기재정정]주요사항보고서(자기전환사채만기전취득결정),convertible_bond,20260921,negative,-60,C,Convertible bonds may create future dilution risk.,5,1,3,-2,5,9월 21일 주식시장 주요공시 | [개장 전 주요 공시] GS건설·HJ중공업·메리츠증권·한국자산신탁 등 | [전일 주요공시] 범양건영·코아스·STX·코오롱·삼부토건·한국자산신...,2026-09-22,-0.0022,0.0006,,failure
071950,코아스,[기재정정]주요사항보고서(자기전환사채만기전취득결정),convertible_bond,20260921,negative,-60,C,Convertible bonds may create future dilution risk.,5,1,3,-2,5,9월 21일 주식시장 주요공시 | [개장 전 주요 공시] GS건설·HJ중공업·메리츠증권·한국자산신탁 등 | [전일 주요공시] 범양건영·코아스·STX·코오롱·삼부토건·한국자산신...,2026-09-22,-0.0022,0.0006,,failure
071950,코아스,[기재정정]주요사항보고서(자기전환사채만기전취득결정),convertible_bond,20260921,negative,-60,C,Convertible bonds may create future dilution risk.,5,1,3,-2,5,9월 21일 주식시장 주요공시 | [개장 전 주요 공시] GS건설·HJ중공업·메리츠증권·한국자산신탁 등 | [전일 주요공시] 범양건영·코아스·STX·코오롱·삼부토건·한국자산신...,2026-09-22,-0.0022,0.0006,,failure
071950,코아스,[기재정정]주요사항보고서(자기전환사채만기전취득결정),convertible_bond,20260921,negative,-60,C,Convertible bonds may create future dilution risk.,5,1,3,-2,5,9월 21일 주식시장 주요공시 | [개장 전 주요 공시] GS건설·HJ중공업·메리츠증권·한국자산신탁 등 | [전일 주요공시] 범양건영·코아스·STX·코오롱·삼부토건·한국자산신...,2026-09-22,-0.0022,0.0006,,failure
071950,코아스,[기재정정]주요사항보고서(자기전환사채만기전취득결정),convertible_bond,20260921,negative,-60,C,Convertible bonds may create future dilution risk.,5,1,3,-2,5,9월 21일 주식시장 주요공시 | [개장 전 주요 공시] GS건설·HJ중공업·메리츠증권·한국자산신탁 등 | [전일 주요공시] 범양건영·코아스·STX·코오롱·삼부토건·한국자산신...,2026-09-22,-0.0022,0.0006,,failure
071950,코아스,[기재정정]주요사항보고서(자기전환사채만기전취득결정),convertible_bond,20260921,negative,-60,C,Convertible bonds may create future dilution risk.,5,1,3,-2,5,9월 21일 주식시장 주요공시 | [개장 전 주요 공시] GS건설·HJ중공업·메리츠증권·한국자산신탁 등 | [전일 주요공시] 범양건영·코아스·STX·코오롱·삼부토건·한국자산신...,2026-09-22,-0.0022,0.0006,,failure
071950,코아스,[기재정정]주요사항보고서(자기전환사채만기전취득결정),convertible_bond,20260921,negative,-60,C,Convertible bonds may create future dilution risk.,5,1,3,-2,5,9월 21일 주식시장 주요공시 | [개장 전 주요 공시] GS건설·HJ중공업·메리츠증권·한국자산신탁 등 | [전일 주요공시] 범양건영·코아스·STX·코오롱·삼부토건·한국자산신...,2026-09-22,-0.0022,0.0006,,failure
071950,코아스,[기재정정]주요사항보고서(자기전환사채만기전취득결정),convertible_bond,20260921,negative,-60,C,Convertible bonds may create future dilution risk.,5,1,3,-2,5,9월 21일 주식시장 주요공시 | [개장 전 주요 공시] GS건설·HJ중공업·메리츠증권·한국자산신탁 등 | [전일 주요공시] 범양건영·코아스·STX·코오롱·삼부토건·한국자산신...,2026-09-22,-0.0022,0.0006,,failure
071950,코아스,[기재정정]주요사항보고서(자기전환사채만기전취득결정),convertible_bond,20260921,negative,-60,C,Convertible bonds may create future dilution risk.,5,1,3,-2,5,9월 21일 주식시장 주요공시 | [개장 전 주요 공시] GS건설·HJ중공업·메리츠증권·한국자산신탁 등 | [전일 주요공시] 범양건영·코아스·STX·코오롱·삼부토건·한국자산신...,2026-09-22,-0.0022,0.0006,,failure
071950,코아스,[기재정정]주요사항보고서(자기전환사채만기전취득결정),convertible_bond,20260921,negative,-60,C,Convertible bonds may create future dilution risk.,5,1,3,-2,5,9월 21일 주식시장 주요공시 | [개장 전 주요 공시] GS건설·HJ중공업·메리츠증권·한국자산신탁 등 | [전일 주요공시] 범양건영·코아스·STX·코오롱·삼부토건·한국자산신...,2026-09-22,-0.0022,0.0006,,failure
071950,코아스,[기재정정]주요사항보고서(자기전환사채만기전취득결정),convertible_bond,20260921,negative,-60,C,Convertible bonds may create future dilution risk.,5,1,3,-2,5,9월 21일 주식시장 주요공시 | [개장 전 주요 공시] GS건설·HJ중공업·메리츠증권·한국자산신탁 등 | [전일 주요공시] 범양건영·코아스·STX·코오롱·삼부토건·한국자산신...,2026-09-22,-0.0022,0.0006,,failure
071950,코아스,[기재정정]주요사항보고서(자기전환사채만기전취득결정),convertible_bond,20260921,negative,-60,C,Convertible bonds may create future dilution risk.,5,1,3,-2,5,9월 21일 주식시장 주요공시 | [개장 전 주요 공시] GS건설·HJ중공업·메리츠증권·한국자산신탁 등 | [전일 주요공시] 범양건영·코아스·STX·코오롱·삼부토건·한국자산신...,2026-09-22,-0.0022,0.0006,,failure
071950,코아스,[기재정정]주요사항보고서(자기전환사채만기전취득결정),convertible_bond,20260921,negative,-60,C,Convertible bonds may create future dilution risk.,5,1,3,-2,5,9월 21일 주식시장 주요공시 | [개장 전 주요 공시] GS건설·HJ중공업·메리츠증권·한국자산신탁 등 | [전일 주요공시] 범양건영·코아스·STX·코오롱·삼부토건·한국자산신...,2026-09-22,-0.0022,0.0006,,failure
071950,코아스,[기재정정]주요사항보고서(자기전환사채만기전취득결정),convertible_bond,20260921,negative,-60,C,Convertible bonds may create future dilution risk.,5,1,3,-2,5,9월 21일 주식시장 주요공시 | [개장 전 주요 공시] GS건설·HJ중공업·메리츠증권·한국자산신탁 등 | [전일 주요공시] 범양건영·코아스·STX·코오롱·삼부토건·한국자산신...,2026-09-22,-0.0022,0.0006,,failure
071950,코아스,[기재정정]주요사항보고서(자기전환사채만기전취득결정),convertible_bond,20260921,negative,-60,C,Convertible bonds may create future dilution risk.,5,1,3,-2,5,9월 21일 주식시장 주요공시 | [개장 전 주요 공시] GS건설·HJ중공업·메리츠증권·한국자산신탁 등 | [전일 주요공시] 범양건영·코아스·STX·코오롱·삼부토건·한국자산신...,2026-09-22,-0.0022,0.0006,,failure
071950,코아스,[기재정정]주요사항보고서(자기전환사채만기전취득결정),convertible_bond,20260921,negative,-60,C,Convertible bonds may create future dilution risk.,5,1,3,-2,5,9월 21일 주식시장 주요공시 | [개장 전 주요 공시] GS건설·HJ중공업·메리츠증권·한국자산신탁 등 | [전일 주요공시] 범양건영·코아스·STX·코오롱·삼부토건·한국자산신...,2026-09-22,-0.0022,0.0006,,failure
071950,코아스,[기재정정]주요사항보고서(자기전환사채만기전취득결정),convertible_bond,20260921,negative,-60,C,Convertible bonds may create future dilution risk.,5,1,3,-2,5,9월 21일 주식시장 주요공시 | [개장 전 주요 공시] GS건설·HJ중공업·메리츠증권·한국자산신탁 등 | [전일 주요공시] 범양건영·코아스·STX·코오롱·삼부토건·한국자산신...,2026-09-22,-0.0022,0.0006,,failure
071950,코아스,[기재정정]주요사항보고서(자기전환사채만기전취득결정),convertible_bond,20260921,negative,-60,C,Convertible bonds may create future dilution risk.,5,1,3,-2,5,9월 21일 주식시장 주요공시 | [개장 전 주요 공시] GS건설·HJ중공업·메리츠증권·한국자산신탁 등 | [전일 주요공시] 범양건영·코아스·STX·코오롱·삼부토건·한국자산신...,2026-09-22,-0.0022,0.0006,,failure
071950,코아스,[기재정정]주요사항보고서(자기전환사채만기전취득결정),convertible_bond,20260921,negative,-60,C,Convertible bonds may create future dilution risk.,5,1,3,-2,5,9월 21일 주식시장 주요공시 | [개장 전 주요 공시] GS건설·HJ중공업·메리츠증권·한국자산신탁 등 | [전일 주요공시] 범양건영·코아스·STX·코오롱·삼부토건·한국자산신...,2026-09-22,-0.0022,0.0006,,failure
071950,코아스,[기재정정]주요사항보고서(자기전환사채만기전취득결정),convertible_bond,20260921,negative,-60,C,Convertible bonds may create future dilution risk.,5,1,3,-2,5,9월 21일 주식시장 주요공시 | [개장 전 주요 공시] GS건설·HJ중공업·메리츠증권·한국자산신탁 등 | [전일 주요공시] 범양건영·코아스·STX·코오롱·삼부토건·한국자산신...,2026-09-22,-0.0022,0.0006,,failure
071950,코아스,[기재정정]주요사항보고서(자기전환사채만기전취득결정),convertible_bond,20260921,negative,-60,C,Convertible bonds may create future dilution risk.,5,1,3,-2,5,9월 21일 주식시장 주요공시 | [개장 전 주요 공시] GS건설·HJ중공업·메리츠증권·한국자산신탁 등 | [전일 주요공시] 범양건영·코아스·STX·코오롱·삼부토건·한국자산신...,2026-09-22,-0.0022,0.0006,,failure
071950,코아스,[기재정정]주요사항보고서(자기전환사채만기전취득결정),convertible_bond,20260921,negative,-60,C,Convertible bonds may create future dilution risk.,5,1,3,-2,5,9월 21일 주식시장 주요공시 | [개장 전 주요 공시] GS건설·HJ중공업·메리츠증권·한국자산신탁 등 | [전일 주요공시] 범양건영·코아스·STX·코오롱·삼부토건·한국자산신...,2026-09-22,-0.0022,0.0006,,failure
071950,코아스,[기재정정]주요사항보고서(자기전환사채만기전취득결정),convertible_bond,20260921,negative,-60,C,Convertible bonds may create future dilution risk.,5,1,3,-2,5,9월 21일 주식시장 주요공시 | [개장 전 주요 공시] GS건설·HJ중공업·메리츠증권·한국자산신탁 등 | [전일 주요공시] 범양건영·코아스·STX·코오롱·삼부토건·한국자산신...,2026-09-22,-0.0022,0.0006,,failure
071950,코아스,[기재정정]주요사항보고서(자기전환사채만기전취득결정),convertible_bond,20260921,negative,-60,C,Convertible bonds may create future dilution risk.,5,1,3,-2,5,9월 21일 주식시장 주요공시 | [개장 전 주요 공시] GS건설·HJ중공업·메리츠증권·한국자산신탁 등 | [전일 주요공시] 범양건영·코아스·STX·코오롱·삼부토건·한국자산신...,2026-09-22,-0.0022,0.0006,,failure
071950,코아스,[기재정정]주요사항보고서(자기전환사채만기전취득결정),convertible_bond,20260921,negative,-60,C,Convertible bonds may create future dilution risk.,5,1,3,-2,5,9월 21일 주식시장 주요공시 | [개장 전 주요 공시] GS건설·HJ중공업·메리츠증권·한국자산신탁 등 | [전일 주요공시] 범양건영·코아스·STX·코오롱·삼부토건·한국자산신...,2026-09-22,-0.0022,0.0006,,failure
071950,코아스,[기재정정]주요사항보고서(자기전환사채만기전취득결정),convertible_bond,20260921,negative,-60,C,Convertible bonds may create future dilution risk.,5,1,3,-2,5,9월 21일 주식시장 주요공시 | [개장 전 주요 공시] GS건설·HJ중공업·메리츠증권·한국자산신탁 등 | [전일 주요공시] 범양건영·코아스·STX·코오롱·삼부토건·한국자산신...,2026-09-22,-0.0022,0.0006,,failure
071950,코아스,[기재정정]주요사항보고서(자기전환사채만기전취득결정),convertible_bond,20260921,negative,-60,C,Convertible bonds may create future dilution risk.,5,1,3,-2,5,9월 21일 주식시장 주요공시 | [개장 전 주요 공시] GS건설·HJ중공업·메리츠증권·한국자산신탁 등 | [전일 주요공시] 범양건영·코아스·STX·코오롱·삼부토건·한국자산신...,2026-09-22,-0.0022,0.0006,,failure
071950,코아스,[기재정정]주요사항보고서(자기전환사채만기전취득결정),convertible_bond,20260921,negative,-60,C,Convertible bonds may create future dilution risk.,5,1,3,-2,5,9월 21일 주식시장 주요공시 | [개장 전 주요 공시] GS건설·HJ중공업·메리츠증권·한국자산신탁 등 | [전일 주요공시] 범양건영·코아스·STX·코오롱·삼부토건·한국자산신...,2026-09-22,-0.0022,0.0006,,failure
071950,코아스,[기재정정]주요사항보고서(자기전환사채만기전취득결정),convertible_bond,20260921,negative,-60,C,Convertible bonds may create future dilution risk.,5,1,3,-2,5,9월 21일 주식시장 주요공시 | [개장 전 주요 공시] GS건설·HJ중공업·메리츠증권·한국자산신탁 등 | [전일 주요공시] 범양건영·코아스·STX·코오롱·삼부토건·한국자산신...,2026-09-22,-0.0022,0.0006,,failure
071950,코아스,[기재정정]주요사항보고서(자기전환사채만기전취득결정),convertible_bond,20260921,negative,-60,C,Convertible bonds may create future dilution risk.,5,1,3,-2,5,9월 21일 주식시장 주요공시 | [개장 전 주요 공시] GS건설·HJ중공업·메리츠증권·한국자산신탁 등 | [전일 주요공시] 범양건영·코아스·STX·코오롱·삼부토건·한국자산신...,2026-09-22,-0.0022,0.0006,,failure
071950,코아스,[기재정정]주요사항보고서(자기전환사채만기전취득결정),convertible_bond,20260921,negative,-60,C,Convertible bonds may create future dilution risk.,5,1,3,-2,5,9월 21일 주식시장 주요공시 | [개장 전 주요 공시] GS건설·HJ중공업·메리츠증권·한국자산신탁 등 | [전일 주요공시] 범양건영·코아스·STX·코오롱·삼부토건·한국자산신...,2026-09-22,-0.0022,0.0006,,failure
071950,코아스,[기재정정]주요사항보고서(자기전환사채만기전취득결정),convertible_bond,20260921,negative,-60,C,Convertible bonds may create future dilution risk.,5,1,3,-2,5,9월 21일 주식시장 주요공시 | [개장 전 주요 공시] GS건설·HJ중공업·메리츠증권·한국자산신탁 등 | [전일 주요공시] 범양건영·코아스·STX·코오롱·삼부토건·한국자산신...,2026-09-22,-0.0022,0.0006,,failure
071950,코아스,[기재정정]주요사항보고서(자기전환사채만기전취득결정),convertible_bond,20260921,negative,-60,C,Convertible bonds may create future dilution risk.,5,1,3,-2,5,9월 21일 주식시장 주요공시 | [개장 전 주요 공시] GS건설·HJ중공업·메리츠증권·한국자산신탁 등 | [전일 주요공시] 범양건영·코아스·STX·코오롱·삼부토건·한국자산신...,2026-09-22,-0.0022,0.0006,,failure
071950,코아스,[기재정정]주요사항보고서(자기전환사채만기전취득결정),convertible_bond,20260921,negative,-60,C,Convertible bonds may create future dilution risk.,5,1,3,-2,5,9월 21일 주식시장 주요공시 | [개장 전 주요 공시] GS건설·HJ중공업·메리츠증권·한국자산신탁 등 | [전일 주요공시] 범양건영·코아스·STX·코오롱·삼부토건·한국자산신...,2026-09-22,-0.0022,0.0006,,failure
071950,코아스,[기재정정]주요사항보고서(자기전환사채만기전취득결정),convertible_bond,20260921,negative,-60,C,Convertible bonds may create future dilution risk.,5,1,3,-2,5,9월 21일 주식시장 주요공시 | [개장 전 주요 공시] GS건설·HJ중공업·메리츠증권·한국자산신탁 등 | [전일 주요공시] 범양건영·코아스·STX·코오롱·삼부토건·한국자산신...,2026-09-22,-0.0022,0.0006,,failure
071950,코아스,[기재정정]주요사항보고서(자기전환사채만기전취득결정),convertible_bond,20260921,negative,-60,C,Convertible bonds may create future dilution risk.,5,1,3,-2,5,9월 21일 주식시장 주요공시 | [개장 전 주요 공시] GS건설·HJ중공업·메리츠증권·한국자산신탁 등 | [전일 주요공시] 범양건영·코아스·STX·코오롱·삼부토건·한국자산신...,2026-09-22,-0.0022,0.0006,,failure
071950,코아스,[기재정정]주요사항보고서(자기전환사채만기전취득결정),convertible_bond,20260921,negative,-60,C,Convertible bonds may create future dilution risk.,5,1,3,-2,5,9월 21일 주식시장 주요공시 | [개장 전 주요 공시] GS건설·HJ중공업·메리츠증권·한국자산신탁 등 | [전일 주요공시] 범양건영·코아스·STX·코오롱·삼부토건·한국자산신...,2026-09-22,-0.0022,0.0006,,failure
071950,코아스,[기재정정]주요사항보고서(자기전환사채만기전취득결정),convertible_bond,20260921,negative,-60,C,Convertible bonds may create future dilution risk.,5,1,3,-2,5,9월 21일 주식시장 주요공시 | [개장 전 주요 공시] GS건설·HJ중공업·메리츠증권·한국자산신탁 등 | [전일 주요공시] 범양건영·코아스·STX·코오롱·삼부토건·한국자산신...,2026-09-22,-0.0022,0.0006,,failure
071950,코아스,[기재정정]주요사항보고서(자기전환사채만기전취득결정),convertible_bond,20260921,negative,-60,C,Convertible bonds may create future dilution risk.,5,1,3,-2,5,9월 21일 주식시장 주요공시 | [개장 전 주요 공시] GS건설·HJ중공업·메리츠증권·한국자산신탁 등 | [전일 주요공시] 범양건영·코아스·STX·코오롱·삼부토건·한국자산신...,2026-09-22,-0.0022,0.0006,,failure
071950,코아스,[기재정정]주요사항보고서(자기전환사채만기전취득결정),convertible_bond,20260921,negative,-60,C,Convertible bonds may create future dilution risk.,5,1,3,-2,5,9월 21일 주식시장 주요공시 | [개장 전 주요 공시] GS건설·HJ중공업·메리츠증권·한국자산신탁 등 | [전일 주요공시] 범양건영·코아스·STX·코오롱·삼부토건·한국자산신...,2026-09-22,-0.0022,0.0006,,failure
071950,코아스,[기재정정]주요사항보고서(자기전환사채만기전취득결정),convertible_bond,20260921,negative,-60,C,Convertible bonds may create future dilution risk.,5,1,3,-2,5,9월 21일 주식시장 주요공시 | [개장 전 주요 공시] GS건설·HJ중공업·메리츠증권·한국자산신탁 등 | [전일 주요공시] 범양건영·코아스·STX·코오롱·삼부토건·한국자산신...,2026-09-22,-0.0022,0.0006,,failure
071950,코아스,[기재정정]주요사항보고서(자기전환사채만기전취득결정),convertible_bond,20260921,negative,-60,C,Convertible bonds may create future dilution risk.,5,1,3,-2,5,9월 21일 주식시장 주요공시 | [개장 전 주요 공시] GS건설·HJ중공업·메리츠증권·한국자산신탁 등 | [전일 주요공시] 범양건영·코아스·STX·코오롱·삼부토건·한국자산신...,2026-09-22,-0.0022,0.0006,,failure
071950,코아스,[기재정정]주요사항보고서(자기전환사채만기전취득결정),convertible_bond,20260921,negative,-60,C,Convertible bonds may create future dilution risk.,5,1,3,-2,5,9월 21일 주식시장 주요공시 | [개장 전 주요 공시] GS건설·HJ중공업·메리츠증권·한국자산신탁 등 | [전일 주요공시] 범양건영·코아스·STX·코오롱·삼부토건·한국자산신...,2026-09-22,-0.0022,0.0006,,failure
071950,코아스,[기재정정]주요사항보고서(자기전환사채만기전취득결정),convertible_bond,20260921,negative,-60,C,Convertible bonds may create future dilution risk.,5,1,3,-2,5,9월 21일 주식시장 주요공시 | [개장 전 주요 공시] GS건설·HJ중공업·메리츠증권·한국자산신탁 등 | [전일 주요공시] 범양건영·코아스·STX·코오롱·삼부토건·한국자산신...,2026-09-22,-0.0022,0.0006,,failure
071950,코아스,[기재정정]주요사항보고서(자기전환사채만기전취득결정),convertible_bond,20260921,negative,-60,C,Convertible bonds may create future dilution risk.,5,1,3,-2,5,9월 21일 주식시장 주요공시 | [개장 전 주요 공시] GS건설·HJ중공업·메리츠증권·한국자산신탁 등 | [전일 주요공시] 범양건영·코아스·STX·코오롱·삼부토건·한국자산신...,2026-09-22,-0.0022,0.0006,,failure
071950,코아스,[기재정정]주요사항보고서(자기전환사채만기전취득결정),convertible_bond,20260921,negative,-60,C,Convertible bonds may create future dilution risk.,5,1,3,-2,5,9월 21일 주식시장 주요공시 | [개장 전 주요 공시] GS건설·HJ중공업·메리츠증권·한국자산신탁 등 | [전일 주요공시] 범양건영·코아스·STX·코오롱·삼부토건·한국자산신...,2026-09-22,-0.0022,0.0006,,failure
071950,코아스,[기재정정]주요사항보고서(자기전환사채만기전취득결정),convertible_bond,20260921,negative,-60,C,Convertible bonds may create future dilution risk.,5,1,3,-2,5,9월 21일 주식시장 주요공시 | [개장 전 주요 공시] GS건설·HJ중공업·메리츠증권·한국자산신탁 등 | [전일 주요공시] 범양건영·코아스·STX·코오롱·삼부토건·한국자산신...,2026-09-22,-0.0022,0.0006,,failure
071950,코아스,[기재정정]주요사항보고서(자기전환사채만기전취득결정),convertible_bond,20260921,negative,-60,C,Convertible bonds may create future dilution risk.,5,1,3,-2,5,9월 21일 주식시장 주요공시 | [개장 전 주요 공시] GS건설·HJ중공업·메리츠증권·한국자산신탁 등 | [전일 주요공시] 범양건영·코아스·STX·코오롱·삼부토건·한국자산신...,2026-09-22,-0.0022,0.0006,,failure
071950,코아스,[기재정정]주요사항보고서(자기전환사채만기전취득결정),convertible_bond,20260921,negative,-60,C,Convertible bonds may create future dilution risk.,5,1,3,-2,5,9월 21일 주식시장 주요공시 | [개장 전 주요 공시] GS건설·HJ중공업·메리츠증권·한국자산신탁 등 | [전일 주요공시] 범양건영·코아스·STX·코오롱·삼부토건·한국자산신...,2026-09-22,-0.0022,0.0006,,failure
071950,코아스,[기재정정]주요사항보고서(자기전환사채만기전취득결정),convertible_bond,20260921,negative,-60,C,Convertible bonds may create future dilution risk.,5,1,3,-2,5,9월 21일 주식시장 주요공시 | [개장 전 주요 공시] GS건설·HJ중공업·메리츠증권·한국자산신탁 등 | [전일 주요공시] 범양건영·코아스·STX·코오롱·삼부토건·한국자산신...,2026-09-22,-0.0022,0.0006,,failure
071950,코아스,[기재정정]주요사항보고서(자기전환사채만기전취득결정),convertible_bond,20260921,negative,-60,C,Convertible bonds may create future dilution risk.,5,1,3,-2,5,9월 21일 주식시장 주요공시 | [개장 전 주요 공시] GS건설·HJ중공업·메리츠증권·한국자산신탁 등 | [전일 주요공시] 범양건영·코아스·STX·코오롱·삼부토건·한국자산신...,2026-09-22,-0.0022,0.0006,,failure
071950,코아스,[기재정정]주요사항보고서(자기전환사채만기전취득결정),convertible_bond,20260921,negative,-60,C,Convertible bonds may create future dilution risk.,5,1,3,-2,5,9월 21일 주식시장 주요공시 | [개장 전 주요 공시] GS건설·HJ중공업·메리츠증권·한국자산신탁 등 | [전일 주요공시] 범양건영·코아스·STX·코오롱·삼부토건·한국자산신...,2026-09-22,-0.0022,0.0006,,failure
071950,코아스,[기재정정]주요사항보고서(자기전환사채만기전취득결정),convertible_bond,20260921,negative,-60,C,Convertible bonds may create future dilution risk.,5,1,3,-2,5,9월 21일 주식시장 주요공시 | [개장 전 주요 공시] GS건설·HJ중공업·메리츠증권·한국자산신탁 등 | [전일 주요공시] 범양건영·코아스·STX·코오롱·삼부토건·한국자산신...,2026-09-22,-0.0022,0.0006,,failure
071950,코아스,[기재정정]주요사항보고서(자기전환사채만기전취득결정),convertible_bond,20260921,negative,-60,C,Convertible bonds may create future dilution risk.,5,1,3,-2,5,9월 21일 주식시장 주요공시 | [개장 전 주요 공시] GS건설·HJ중공업·메리츠증권·한국자산신탁 등 | [전일 주요공시] 범양건영·코아스·STX·코오롱·삼부토건·한국자산신...,2026-09-22,-0.0022,0.0006,,failure
071950,코아스,[기재정정]주요사항보고서(자기전환사채만기전취득결정),convertible_bond,20260921,negative,-60,C,Convertible bonds may create future dilution risk.,5,1,3,-2,5,9월 21일 주식시장 주요공시 | [개장 전 주요 공시] GS건설·HJ중공업·메리츠증권·한국자산신탁 등 | [전일 주요공시] 범양건영·코아스·STX·코오롱·삼부토건·한국자산신...,2026-09-22,-0.0022,0.0006,,failure
071950,코아스,[기재정정]주요사항보고서(자기전환사채만기전취득결정),convertible_bond,20260921,negative,-60,C,Convertible bonds may create future dilution risk.,5,1,3,-2,5,9월 21일 주식시장 주요공시 | [개장 전 주요 공시] GS건설·HJ중공업·메리츠증권·한국자산신탁 등 | [전일 주요공시] 범양건영·코아스·STX·코오롱·삼부토건·한국자산신...,2026-09-22,-0.0022,0.0006,,failure
071950,코아스,[기재정정]주요사항보고서(자기전환사채만기전취득결정),convertible_bond,20260921,negative,-60,C,Convertible bonds may create future dilution risk.,5,1,3,-2,5,9월 21일 주식시장 주요공시 | [개장 전 주요 공시] GS건설·HJ중공업·메리츠증권·한국자산신탁 등 | [전일 주요공시] 범양건영·코아스·STX·코오롱·삼부토건·한국자산신...,2026-09-22,-0.0022,0.0006,,failure
071950,코아스,[기재정정]주요사항보고서(자기전환사채만기전취득결정),convertible_bond,20260921,negative,-60,C,Convertible bonds may create future dilution risk.,5,1,3,-2,5,9월 21일 주식시장 주요공시 | [개장 전 주요 공시] GS건설·HJ중공업·메리츠증권·한국자산신탁 등 | [전일 주요공시] 범양건영·코아스·STX·코오롱·삼부토건·한국자산신...,2026-09-22,-0.0022,0.0006,,failure
071950,코아스,[기재정정]주요사항보고서(자기전환사채만기전취득결정),convertible_bond,20260921,negative,-60,C,Convertible bonds may create future dilution risk.,5,1,3,-2,5,9월 21일 주식시장 주요공시 | [개장 전 주요 공시] GS건설·HJ중공업·메리츠증권·한국자산신탁 등 | [전일 주요공시] 범양건영·코아스·STX·코오롱·삼부토건·한국자산신...,2026-09-22,-0.0022,0.0006,,failure
071950,코아스,[기재정정]주요사항보고서(자기전환사채만기전취득결정),convertible_bond,20260921,negative,-60,C,Convertible bonds may create future dilution risk.,5,1,3,-2,5,9월 21일 주식시장 주요공시 | [개장 전 주요 공시] GS건설·HJ중공업·메리츠증권·한국자산신탁 등 | [전일 주요공시] 범양건영·코아스·STX·코오롱·삼부토건·한국자산신...,2026-09-22,-0.0022,0.0006,,failure
071950,코아스,[기재정정]주요사항보고서(자기전환사채만기전취득결정),convertible_bond,20260921,negative,-60,C,Convertible bonds may create future dilution risk.,5,1,3,-2,5,9월 21일 주식시장 주요공시 | [개장 전 주요 공시] GS건설·HJ중공업·메리츠증권·한국자산신탁 등 | [전일 주요공시] 범양건영·코아스·STX·코오롱·삼부토건·한국자산신...,2026-09-22,-0.0022,0.0006,,failure
071950,코아스,[기재정정]주요사항보고서(자기전환사채만기전취득결정),convertible_bond,20260921,negative,-60,C,Convertible bonds may create future dilution risk.,5,1,3,-2,5,9월 21일 주식시장 주요공시 | [개장 전 주요 공시] GS건설·HJ중공업·메리츠증권·한국자산신탁 등 | [전일 주요공시] 범양건영·코아스·STX·코오롱·삼부토건·한국자산신...,2026-09-22,-0.0022,0.0006,,failure
071950,코아스,[기재정정]주요사항보고서(자기전환사채만기전취득결정),convertible_bond,20260921,negative,-60,C,Convertible bonds may create future dilution risk.,5,1,3,-2,5,9월 21일 주식시장 주요공시 | [개장 전 주요 공시] GS건설·HJ중공업·메리츠증권·한국자산신탁 등 | [전일 주요공시] 범양건영·코아스·STX·코오롱·삼부토건·한국자산신...,2026-09-22,-0.0022,0.0006,,failure
071950,코아스,[기재정정]주요사항보고서(자기전환사채만기전취득결정),convertible_bond,20260921,negative,-60,C,Convertible bonds may create future dilution risk.,5,1,3,-2,5,9월 21일 주식시장 주요공시 | [개장 전 주요 공시] GS건설·HJ중공업·메리츠증권·한국자산신탁 등 | [전일 주요공시] 범양건영·코아스·STX·코오롱·삼부토건·한국자산신...,2026-09-22,-0.0022,0.0006,,failure
071950,코아스,[기재정정]주요사항보고서(자기전환사채만기전취득결정),convertible_bond,20260921,negative,-60,C,Convertible bonds may create future dilution risk.,5,1,3,-2,5,9월 21일 주식시장 주요공시 | [개장 전 주요 공시] GS건설·HJ중공업·메리츠증권·한국자산신탁 등 | [전일 주요공시] 범양건영·코아스·STX·코오롱·삼부토건·한국자산신...,2026-09-22,-0.0022,0.0006,,failure
071950,코아스,[기재정정]주요사항보고서(자기전환사채만기전취득결정),convertible_bond,20260921,negative,-60,C,Convertible bonds may create future dilution risk.,5,1,3,-2,5,9월 21일 주식시장 주요공시 | [개장 전 주요 공시] GS건설·HJ중공업·메리츠증권·한국자산신탁 등 | [전일 주요공시] 범양건영·코아스·STX·코오롱·삼부토건·한국자산신...,2026-09-22,-0.0022,0.0006,,failure
071950,코아스,[기재정정]주요사항보고서(자기전환사채만기전취득결정),convertible_bond,20260921,negative,-60,C,Convertible bonds may create future dilution risk.,5,1,3,-2,5,9월 21일 주식시장 주요공시 | [개장 전 주요 공시] GS건설·HJ중공업·메리츠증권·한국자산신탁 등 | [전일 주요공시] 범양건영·코아스·STX·코오롱·삼부토건·한국자산신...,2026-09-22,-0.0022,0.0006,,failure
071950,코아스,[기재정정]주요사항보고서(자기전환사채만기전취득결정),convertible_bond,20260921,negative,-60,C,Convertible bonds may create future dilution risk.,5,1,3,-2,5,9월 21일 주식시장 주요공시 | [개장 전 주요 공시] GS건설·HJ중공업·메리츠증권·한국자산신탁 등 | [전일 주요공시] 범양건영·코아스·STX·코오롱·삼부토건·한국자산신...,2026-09-22,-0.0022,0.0006,,failure
071950,코아스,[기재정정]주요사항보고서(자기전환사채만기전취득결정),convertible_bond,20260921,negative,-60,C,Convertible bonds may create future dilution risk.,5,1,3,-2,5,9월 21일 주식시장 주요공시 | [개장 전 주요 공시] GS건설·HJ중공업·메리츠증권·한국자산신탁 등 | [전일 주요공시] 범양건영·코아스·STX·코오롱·삼부토건·한국자산신...,2026-09-22,-0.0022,0.0006,,failure
071950,코아스,[기재정정]주요사항보고서(자기전환사채만기전취득결정),convertible_bond,20260921,negative,-60,C,Convertible bonds may create future dilution risk.,5,1,3,-2,5,9월 21일 주식시장 주요공시 | [개장 전 주요 공시] GS건설·HJ중공업·메리츠증권·한국자산신탁 등 | [전일 주요공시] 범양건영·코아스·STX·코오롱·삼부토건·한국자산신...,2026-09-22,-0.0022,0.0006,,failure
071950,코아스,[기재정정]주요사항보고서(자기전환사채만기전취득결정),convertible_bond,20260921,negative,-60,C,Convertible bonds may create future dilution risk.,5,1,3,-2,5,9월 21일 주식시장 주요공시 | [개장 전 주요 공시] GS건설·HJ중공업·메리츠증권·한국자산신탁 등 | [전일 주요공시] 범양건영·코아스·STX·코오롱·삼부토건·한국자산신...,2026-09-22,-0.0022,0.0006,,failure
071950,코아스,[기재정정]주요사항보고서(자기전환사채만기전취득결정),convertible_bond,20260921,negative,-60,C,Convertible bonds may create future dilution risk.,5,1,3,-2,5,9월 21일 주식시장 주요공시 | [개장 전 주요 공시] GS건설·HJ중공업·메리츠증권·한국자산신탁 등 | [전일 주요공시] 범양건영·코아스·STX·코오롱·삼부토건·한국자산신...,2026-09-22,-0.0022,0.0006,,failure
071950,코아스,[기재정정]주요사항보고서(자기전환사채만기전취득결정),convertible_bond,20260921,negative,-60,C,Convertible bonds may create future dilution risk.,5,1,3,-2,5,9월 21일 주식시장 주요공시 | [개장 전 주요 공시] GS건설·HJ중공업·메리츠증권·한국자산신탁 등 | [전일 주요공시] 범양건영·코아스·STX·코오롱·삼부토건·한국자산신...,2026-09-22,-0.0022,0.0006,,failure
071950,코아스,[기재정정]주요사항보고서(자기전환사채만기전취득결정),convertible_bond,20260921,negative,-60,C,Convertible bonds may create future dilution risk.,5,1,3,-2,5,9월 21일 주식시장 주요공시 | [개장 전 주요 공시] GS건설·HJ중공업·메리츠증권·한국자산신탁 등 | [전일 주요공시] 범양건영·코아스·STX·코오롱·삼부토건·한국자산신...,2026-09-22,-0.0022,0.0006,,failure
071950,코아스,[기재정정]주요사항보고서(자기전환사채만기전취득결정),convertible_bond,20260921,negative,-60,C,Convertible bonds may create future dilution risk.,5,1,3,-2,5,9월 21일 주식시장 주요공시 | [개장 전 주요 공시] GS건설·HJ중공업·메리츠증권·한국자산신탁 등 | [전일 주요공시] 범양건영·코아스·STX·코오롱·삼부토건·한국자산신...,2026-09-22,-0.0022,0.0006,,failure
071950,코아스,[기재정정]주요사항보고서(자기전환사채만기전취득결정),convertible_bond,20260921,negative,-60,C,Convertible bonds may create future dilution risk.,5,1,3,-2,5,9월 21일 주식시장 주요공시 | [개장 전 주요 공시] GS건설·HJ중공업·메리츠증권·한국자산신탁 등 | [전일 주요공시] 범양건영·코아스·STX·코오롱·삼부토건·한국자산신...,2026-09-22,-0.0022,0.0006,,failure
071950,코아스,[기재정정]주요사항보고서(자기전환사채만기전취득결정),convertible_bond,20260921,negative,-60,C,Convertible bonds may create future dilution risk.,5,1,3,-2,5,9월 21일 주식시장 주요공시 | [개장 전 주요 공시] GS건설·HJ중공업·메리츠증권·한국자산신탁 등 | [전일 주요공시] 범양건영·코아스·STX·코오롱·삼부토건·한국자산신...,2026-09-22,-0.0022,0.0006,,failure
071950,코아스,[기재정정]주요사항보고서(자기전환사채만기전취득결정),convertible_bond,20260921,negative,-60,C,Convertible bonds may create future dilution risk.,5,1,3,-2,5,9월 21일 주식시장 주요공시 | [개장 전 주요 공시] GS건설·HJ중공업·메리츠증권·한국자산신탁 등 | [전일 주요공시] 범양건영·코아스·STX·코오롱·삼부토건·한국자산신...,2026-09-22,-0.0022,0.0006,,failure
071950,코아스,[기재정정]주요사항보고서(자기전환사채만기전취득결정),convertible_bond,20260921,negative,-60,C,Convertible bonds may create future dilution risk.,5,1,3,-2,5,9월 21일 주식시장 주요공시 | [개장 전 주요 공시] GS건설·HJ중공업·메리츠증권·한국자산신탁 등 | [전일 주요공시] 범양건영·코아스·STX·코오롱·삼부토건·한국자산신...,2026-09-22,-0.0022,0.0006,,failure
071950,코아스,[기재정정]주요사항보고서(자기전환사채만기전취득결정),convertible_bond,20260921,negative,-60,C,Convertible bonds may create future dilution risk.,5,1,3,-2,5,9월 21일 주식시장 주요공시 | [개장 전 주요 공시] GS건설·HJ중공업·메리츠증권·한국자산신탁 등 | [전일 주요공시] 범양건영·코아스·STX·코오롱·삼부토건·한국자산신...,2026-09-22,-0.0022,0.0006,,failure
071950,코아스,[기재정정]주요사항보고서(자기전환사채만기전취득결정),convertible_bond,20260921,negative,-60,C,Convertible bonds may create future dilution risk.,5,1,3,-2,5,9월 21일 주식시장 주요공시 | [개장 전 주요 공시] GS건설·HJ중공업·메리츠증권·한국자산신탁 등 | [전일 주요공시] 범양건영·코아스·STX·코오롱·삼부토건·한국자산신...,2026-09-22,-0.0022,0.0006,,failure
071950,코아스,[기재정정]주요사항보고서(자기전환사채만기전취득결정),convertible_bond,20260921,negative,-60,C,Convertible bonds may create future dilution risk.,5,1,3,-2,5,9월 21일 주식시장 주요공시 | [개장 전 주요 공시] GS건설·HJ중공업·메리츠증권·한국자산신탁 등 | [전일 주요공시] 범양건영·코아스·STX·코오롱·삼부토건·한국자산신...,2026-09-22,-0.0022,0.0006,,failure
071950,코아스,[기재정정]주요사항보고서(자기전환사채만기전취득결정),convertible_bond,20260921,negative,-60,C,Convertible bonds may create future dilution risk.,5,1,3,-2,5,9월 21일 주식시장 주요공시 | [개장 전 주요 공시] GS건설·HJ중공업·메리츠증권·한국자산신탁 등 | [전일 주요공시] 범양건영·코아스·STX·코오롱·삼부토건·한국자산신...,2026-09-22,-0.0022,0.0006,,failure
071950,코아스,[기재정정]주요사항보고서(자기전환사채만기전취득결정),convertible_bond,20260921,negative,-60,C,Convertible bonds may create future dilution risk.,5,1,3,-2,5,9월 21일 주식시장 주요공시 | [개장 전 주요 공시] GS건설·HJ중공업·메리츠증권·한국자산신탁 등 | [전일 주요공시] 범양건영·코아스·STX·코오롱·삼부토건·한국자산신...,2026-09-22,-0.0022,0.0006,,failure
071950,코아스,[기재정정]주요사항보고서(자기전환사채만기전취득결정),convertible_bond,20260921,negative,-60,C,Convertible bonds may create future dilution risk.,5,1,3,-2,5,9월 21일 주식시장 주요공시 | [개장 전 주요 공시] GS건설·HJ중공업·메리츠증권·한국자산신탁 등 | [전일 주요공시] 범양건영·코아스·STX·코오롱·삼부토건·한국자산신...,2026-09-22,-0.0022,0.0006,,failure
071950,코아스,[기재정정]주요사항보고서(자기전환사채만기전취득결정),convertible_bond,20260921,negative,-60,C,Convertible bonds may create future dilution risk.,5,1,3,-2,5,9월 21일 주식시장 주요공시 | [개장 전 주요 공시] GS건설·HJ중공업·메리츠증권·한국자산신탁 등 | [전일 주요공시] 범양건영·코아스·STX·코오롱·삼부토건·한국자산신...,2026-09-22,-0.0022,0.0006,,failure
071950,코아스,[기재정정]주요사항보고서(자기전환사채만기전취득결정),convertible_bond,20260921,negative,-60,C,Convertible bonds may create future dilution risk.,5,1,3,-2,5,9월 21일 주식시장 주요공시 | [개장 전 주요 공시] GS건설·HJ중공업·메리츠증권·한국자산신탁 등 | [전일 주요공시] 범양건영·코아스·STX·코오롱·삼부토건·한국자산신...,2026-09-22,-0.0022,0.0006,,failure
071950,코아스,[기재정정]주요사항보고서(자기전환사채만기전취득결정),convertible_bond,20260921,negative,-60,C,Convertible bonds may create future dilution risk.,5,1,3,-2,5,9월 21일 주식시장 주요공시 | [개장 전 주요 공시] GS건설·HJ중공업·메리츠증권·한국자산신탁 등 | [전일 주요공시] 범양건영·코아스·STX·코오롱·삼부토건·한국자산신...,2026-09-22,-0.0022,0.0006,,failure
071950,코아스,[기재정정]주요사항보고서(자기전환사채만기전취득결정),convertible_bond,20260921,negative,-60,C,Convertible bonds may create future dilution risk.,5,1,3,-2,5,9월 21일 주식시장 주요공시 | [개장 전 주요 공시] GS건설·HJ중공업·메리츠증권·한국자산신탁 등 | [전일 주요공시] 범양건영·코아스·STX·코오롱·삼부토건·한국자산신...,2026-09-22,-0.0022,0.0006,,failure
071950,코아스,[기재정정]주요사항보고서(자기전환사채만기전취득결정),convertible_bond,20260921,negative,-60,C,Convertible bonds may create future dilution risk.,5,1,3,-2,5,9월 21일 주식시장 주요공시 | [개장 전 주요 공시] GS건설·HJ중공업·메리츠증권·한국자산신탁 등 | [전일 주요공시] 범양건영·코아스·STX·코오롱·삼부토건·한국자산신...,2026-09-22,-0.0022,0.0006,,failure
071950,코아스,[기재정정]주요사항보고서(자기전환사채만기전취득결정),convertible_bond,20260921,negative,-60,C,Convertible bonds may create future dilution risk.,5,1,3,-2,5,9월 21일 주식시장 주요공시 | [개장 전 주요 공시] GS건설·HJ중공업·메리츠증권·한국자산신탁 등 | [전일 주요공시] 범양건영·코아스·STX·코오롱·삼부토건·한국자산신...,2026-09-22,-0.0022,0.0006,,failure
071950,코아스,[기재정정]주요사항보고서(자기전환사채만기전취득결정),convertible_bond,20260921,negative,-60,C,Convertible bonds may create future dilution risk.,5,1,3,-2,5,9월 21일 주식시장 주요공시 | [개장 전 주요 공시] GS건설·HJ중공업·메리츠증권·한국자산신탁 등 | [전일 주요공시] 범양건영·코아스·STX·코오롱·삼부토건·한국자산신...,2026-09-22,-0.0022,0.0006,,failure
071950,코아스,[기재정정]주요사항보고서(자기전환사채만기전취득결정),convertible_bond,20260921,negative,-60,C,Convertible bonds may create future dilution risk.,5,1,3,-2,5,9월 21일 주식시장 주요공시 | [개장 전 주요 공시] GS건설·HJ중공업·메리츠증권·한국자산신탁 등 | [전일 주요공시] 범양건영·코아스·STX·코오롱·삼부토건·한국자산신...,2026-09-22,-0.0022,0.0006,,failure
071950,코아스,[기재정정]주요사항보고서(자기전환사채만기전취득결정),convertible_bond,20260921,negative,-60,C,Convertible bonds may create future dilution risk.,5,1,3,-2,5,9월 21일 주식시장 주요공시 | [개장 전 주요 공시] GS건설·HJ중공업·메리츠증권·한국자산신탁 등 | [전일 주요공시] 범양건영·코아스·STX·코오롱·삼부토건·한국자산신...,2026-09-22,-0.0022,0.0006,,failure
071950,코아스,[기재정정]주요사항보고서(자기전환사채만기전취득결정),convertible_bond,20260921,negative,-60,C,Convertible bonds may create future dilution risk.,5,1,3,-2,5,9월 21일 주식시장 주요공시 | [개장 전 주요 공시] GS건설·HJ중공업·메리츠증권·한국자산신탁 등 | [전일 주요공시] 범양건영·코아스·STX·코오롱·삼부토건·한국자산신...,2026-09-22,-0.0022,0.0006,,failure
071950,코아스,[기재정정]주요사항보고서(자기전환사채만기전취득결정),convertible_bond,20260921,negative,-60,C,Convertible bonds may create future dilution risk.,5,1,3,-2,5,9월 21일 주식시장 주요공시 | [개장 전 주요 공시] GS건설·HJ중공업·메리츠증권·한국자산신탁 등 | [전일 주요공시] 범양건영·코아스·STX·코오롱·삼부토건·한국자산신...,2026-09-22,-0.0022,0.0006,,failure
071950,코아스,[기재정정]주요사항보고서(자기전환사채만기전취득결정),convertible_bond,20260921,negative,-60,C,Convertible bonds may create future dilution risk.,5,1,3,-2,5,9월 21일 주식시장 주요공시 | [개장 전 주요 공시] GS건설·HJ중공업·메리츠증권·한국자산신탁 등 | [전일 주요공시] 범양건영·코아스·STX·코오롱·삼부토건·한국자산신...,2026-09-22,-0.0022,0.0006,,failure
071950,코아스,[기재정정]주요사항보고서(자기전환사채만기전취득결정),convertible_bond,20260921,negative,-60,C,Convertible bonds may create future dilution risk.,5,1,3,-2,5,9월 21일 주식시장 주요공시 | [개장 전 주요 공시] GS건설·HJ중공업·메리츠증권·한국자산신탁 등 | [전일 주요공시] 범양건영·코아스·STX·코오롱·삼부토건·한국자산신...,2026-09-22,-0.0022,0.0006,,failure
071950,코아스,[기재정정]주요사항보고서(자기전환사채만기전취득결정),convertible_bond,20260921,negative,-60,C,Convertible bonds may create future dilution risk.,5,1,3,-2,5,9월 21일 주식시장 주요공시 | [개장 전 주요 공시] GS건설·HJ중공업·메리츠증권·한국자산신탁 등 | [전일 주요공시] 범양건영·코아스·STX·코오롱·삼부토건·한국자산신...,2026-09-22,-0.0022,0.0006,,failure
071950,코아스,[기재정정]주요사항보고서(자기전환사채만기전취득결정),convertible_bond,20260921,negative,-60,C,Convertible bonds may create future dilution risk.,5,1,3,-2,5,9월 21일 주식시장 주요공시 | [개장 전 주요 공시] GS건설·HJ중공업·메리츠증권·한국자산신탁 등 | [전일 주요공시] 범양건영·코아스·STX·코오롱·삼부토건·한국자산신...,2026-09-22,-0.0022,0.0006,,failure
071950,코아스,[기재정정]주요사항보고서(자기전환사채만기전취득결정),convertible_bond,20260921,negative,-60,C,Convertible bonds may create future dilution risk.,5,1,3,-2,5,9월 21일 주식시장 주요공시 | [개장 전 주요 공시] GS건설·HJ중공업·메리츠증권·한국자산신탁 등 | [전일 주요공시] 범양건영·코아스·STX·코오롱·삼부토건·한국자산신...,2026-09-22,-0.0022,0.0006,,failure
071950,코아스,[기재정정]주요사항보고서(자기전환사채만기전취득결정),convertible_bond,20260921,negative,-60,C,Convertible bonds may create future dilution risk.,5,1,3,-2,5,9월 21일 주식시장 주요공시 | [개장 전 주요 공시] GS건설·HJ중공업·메리츠증권·한국자산신탁 등 | [전일 주요공시] 범양건영·코아스·STX·코오롱·삼부토건·한국자산신...,2026-09-22,-0.0022,0.0006,,failure
071950,코아스,[기재정정]주요사항보고서(자기전환사채만기전취득결정),convertible_bond,20260921,negative,-60,C,Convertible bonds may create future dilution risk.,5,1,3,-2,5,9월 21일 주식시장 주요공시 | [개장 전 주요 공시] GS건설·HJ중공업·메리츠증권·한국자산신탁 등 | [전일 주요공시] 범양건영·코아스·STX·코오롱·삼부토건·한국자산신...,2026-09-22,-0.0022,0.0006,,failure
071950,코아스,[기재정정]주요사항보고서(자기전환사채만기전취득결정),convertible_bond,20260921,negative,-60,C,Convertible bonds may create future dilution risk.,5,1,3,-2,5,9월 21일 주식시장 주요공시 | [개장 전 주요 공시] GS건설·HJ중공업·메리츠증권·한국자산신탁 등 | [전일 주요공시] 범양건영·코아스·STX·코오롱·삼부토건·한국자산신...,2026-09-22,-0.0022,0.0006,,failure
071950,코아스,[기재정정]주요사항보고서(자기전환사채만기전취득결정),convertible_bond,20260921,negative,-60,C,Convertible bonds may create future dilution risk.,5,1,3,-2,5,9월 21일 주식시장 주요공시 | [개장 전 주요 공시] GS건설·HJ중공업·메리츠증권·한국자산신탁 등 | [전일 주요공시] 범양건영·코아스·STX·코오롱·삼부토건·한국자산신...,2026-09-22,-0.0022,0.0006,,failure
071950,코아스,[기재정정]주요사항보고서(자기전환사채만기전취득결정),convertible_bond,20260921,negative,-60,C,Convertible bonds may create future dilution risk.,5,1,3,-2,5,9월 21일 주식시장 주요공시 | [개장 전 주요 공시] GS건설·HJ중공업·메리츠증권·한국자산신탁 등 | [전일 주요공시] 범양건영·코아스·STX·코오롱·삼부토건·한국자산신...,2026-09-22,-0.0022,0.0006,,failure
071950,코아스,[기재정정]주요사항보고서(자기전환사채만기전취득결정),convertible_bond,20260921,negative,-60,C,Convertible bonds may create future dilution risk.,5,1,3,-2,5,9월 21일 주식시장 주요공시 | [개장 전 주요 공시] GS건설·HJ중공업·메리츠증권·한국자산신탁 등 | [전일 주요공시] 범양건영·코아스·STX·코오롱·삼부토건·한국자산신...,2026-09-22,-0.0022,0.0006,,failure
071950,코아스,[기재정정]주요사항보고서(자기전환사채만기전취득결정),convertible_bond,20260921,negative,-60,C,Convertible bonds may create future dilution risk.,5,1,3,-2,5,9월 21일 주식시장 주요공시 | [개장 전 주요 공시] GS건설·HJ중공업·메리츠증권·한국자산신탁 등 | [전일 주요공시] 범양건영·코아스·STX·코오롱·삼부토건·한국자산신...,2026-09-22,-0.0022,0.0006,,failure
071950,코아스,[기재정정]주요사항보고서(자기전환사채만기전취득결정),convertible_bond,20260921,negative,-60,C,Convertible bonds may create future dilution risk.,5,1,3,-2,5,9월 21일 주식시장 주요공시 | [개장 전 주요 공시] GS건설·HJ중공업·메리츠증권·한국자산신탁 등 | [전일 주요공시] 범양건영·코아스·STX·코오롱·삼부토건·한국자산신...,2026-09-22,-0.0022,0.0006,,failure
071950,코아스,[기재정정]주요사항보고서(자기전환사채만기전취득결정),convertible_bond,20260921,negative,-60,C,Convertible bonds may create future dilution risk.,5,1,3,-2,5,9월 21일 주식시장 주요공시 | [개장 전 주요 공시] GS건설·HJ중공업·메리츠증권·한국자산신탁 등 | [전일 주요공시] 범양건영·코아스·STX·코오롱·삼부토건·한국자산신...,2026-09-22,-0.0022,0.0006,,failure
071950,코아스,[기재정정]주요사항보고서(자기전환사채만기전취득결정),convertible_bond,20260921,negative,-60,C,Convertible bonds may create future dilution risk.,5,1,3,-2,5,9월 21일 주식시장 주요공시 | [개장 전 주요 공시] GS건설·HJ중공업·메리츠증권·한국자산신탁 등 | [전일 주요공시] 범양건영·코아스·STX·코오롱·삼부토건·한국자산신...,2026-09-22,-0.0022,0.0006,,failure
071950,코아스,[기재정정]주요사항보고서(자기전환사채만기전취득결정),convertible_bond,20260921,negative,-60,C,Convertible bonds may create future dilution risk.,5,1,3,-2,5,9월 21일 주식시장 주요공시 | [개장 전 주요 공시] GS건설·HJ중공업·메리츠증권·한국자산신탁 등 | [전일 주요공시] 범양건영·코아스·STX·코오롱·삼부토건·한국자산신...,2026-09-22,-0.0022,0.0006,,failure
071950,코아스,[기재정정]주요사항보고서(자기전환사채만기전취득결정),convertible_bond,20260921,negative,-60,C,Convertible bonds may create future dilution risk.,5,1,3,-2,5,9월 21일 주식시장 주요공시 | [개장 전 주요 공시] GS건설·HJ중공업·메리츠증권·한국자산신탁 등 | [전일 주요공시] 범양건영·코아스·STX·코오롱·삼부토건·한국자산신...,2026-09-22,-0.0022,0.0006,,failure
071950,코아스,[기재정정]주요사항보고서(자기전환사채만기전취득결정),convertible_bond,20260921,negative,-60,C,Convertible bonds may create future dilution risk.,5,1,3,-2,5,9월 21일 주식시장 주요공시 | [개장 전 주요 공시] GS건설·HJ중공업·메리츠증권·한국자산신탁 등 | [전일 주요공시] 범양건영·코아스·STX·코오롱·삼부토건·한국자산신...,2026-09-22,-0.0022,0.0006,,failure
071950,코아스,[기재정정]주요사항보고서(자기전환사채만기전취득결정),convertible_bond,20260921,negative,-60,C,Convertible bonds may create future dilution risk.,5,1,3,-2,5,9월 21일 주식시장 주요공시 | [개장 전 주요 공시] GS건설·HJ중공업·메리츠증권·한국자산신탁 등 | [전일 주요공시] 범양건영·코아스·STX·코오롱·삼부토건·한국자산신...,2026-09-22,-0.0022,0.0006,,failure
071950,코아스,[기재정정]주요사항보고서(자기전환사채만기전취득결정),convertible_bond,20260921,negative,-60,C,Convertible bonds may create future dilution risk.,5,1,3,-2,5,9월 21일 주식시장 주요공시 | [개장 전 주요 공시] GS건설·HJ중공업·메리츠증권·한국자산신탁 등 | [전일 주요공시] 범양건영·코아스·STX·코오롱·삼부토건·한국자산신...,2026-09-22,-0.0022,0.0006,,failure
071950,코아스,[기재정정]주요사항보고서(자기전환사채만기전취득결정),convertible_bond,20260921,negative,-60,C,Convertible bonds may create future dilution risk.,5,1,3,-2,5,9월 21일 주식시장 주요공시 | [개장 전 주요 공시] GS건설·HJ중공업·메리츠증권·한국자산신탁 등 | [전일 주요공시] 범양건영·코아스·STX·코오롱·삼부토건·한국자산신...,2026-09-22,-0.0022,0.0006,,failure
071950,코아스,[기재정정]주요사항보고서(자기전환사채만기전취득결정),convertible_bond,20260921,negative,-60,C,Convertible bonds may create future dilution risk.,5,1,3,-2,5,9월 21일 주식시장 주요공시 | [개장 전 주요 공시] GS건설·HJ중공업·메리츠증권·한국자산신탁 등 | [전일 주요공시] 범양건영·코아스·STX·코오롱·삼부토건·한국자산신...,2026-09-22,-0.0022,0.0006,,failure
071950,코아스,[기재정정]주요사항보고서(자기전환사채만기전취득결정),convertible_bond,20260921,negative,-60,C,Convertible bonds may create future dilution risk.,5,1,3,-2,5,9월 21일 주식시장 주요공시 | [개장 전 주요 공시] GS건설·HJ중공업·메리츠증권·한국자산신탁 등 | [전일 주요공시] 범양건영·코아스·STX·코오롱·삼부토건·한국자산신...,2026-09-22,-0.0022,0.0006,,failure
071950,코아스,[기재정정]주요사항보고서(자기전환사채만기전취득결정),convertible_bond,20260921,negative,-60,C,Convertible bonds may create future dilution risk.,5,1,3,-2,5,9월 21일 주식시장 주요공시 | [개장 전 주요 공시] GS건설·HJ중공업·메리츠증권·한국자산신탁 등 | [전일 주요공시] 범양건영·코아스·STX·코오롱·삼부토건·한국자산신...,2026-09-22,-0.0022,0.0006,,failure
071950,코아스,[기재정정]주요사항보고서(자기전환사채만기전취득결정),convertible_bond,20260921,negative,-60,C,Convertible bonds may create future dilution risk.,5,1,3,-2,5,9월 21일 주식시장 주요공시 | [개장 전 주요 공시] GS건설·HJ중공업·메리츠증권·한국자산신탁 등 | [전일 주요공시] 범양건영·코아스·STX·코오롱·삼부토건·한국자산신...,2026-09-22,-0.0022,0.0006,,failure
071950,코아스,[기재정정]주요사항보고서(자기전환사채만기전취득결정),convertible_bond,20260921,negative,-60,C,Convertible bonds may create future dilution risk.,5,1,3,-2,5,9월 21일 주식시장 주요공시 | [개장 전 주요 공시] GS건설·HJ중공업·메리츠증권·한국자산신탁 등 | [전일 주요공시] 범양건영·코아스·STX·코오롱·삼부토건·한국자산신...,2026-09-22,-0.0022,0.0006,,failure
071950,코아스,[기재정정]주요사항보고서(자기전환사채만기전취득결정),convertible_bond,20260921,negative,-60,C,Convertible bonds may create future dilution risk.,5,1,3,-2,5,9월 21일 주식시장 주요공시 | [개장 전 주요 공시] GS건설·HJ중공업·메리츠증권·한국자산신탁 등 | [전일 주요공시] 범양건영·코아스·STX·코오롱·삼부토건·한국자산신...,2026-09-22,-0.0022,0.0006,,failure
071950,코아스,[기재정정]주요사항보고서(자기전환사채만기전취득결정),convertible_bond,20260921,negative,-60,C,Convertible bonds may create future dilution risk.,5,1,3,-2,5,9월 21일 주식시장 주요공시 | [개장 전 주요 공시] GS건설·HJ중공업·메리츠증권·한국자산신탁 등 | [전일 주요공시] 범양건영·코아스·STX·코오롱·삼부토건·한국자산신...,2026-09-22,-0.0022,0.0006,,failure
071950,코아스,[기재정정]주요사항보고서(자기전환사채만기전취득결정),convertible_bond,20260921,negative,-60,C,Convertible bonds may create future dilution risk.,5,1,3,-2,5,9월 21일 주식시장 주요공시 | [개장 전 주요 공시] GS건설·HJ중공업·메리츠증권·한국자산신탁 등 | [전일 주요공시] 범양건영·코아스·STX·코오롱·삼부토건·한국자산신...,2026-09-22,-0.0022,0.0006,,failure
159910,에코글로우,[기재정정]주요사항보고서(자기전환사채매도결정),convertible_bond,20260921,negative,-60,C,Convertible bonds may create future dilution risk.,5,4,6,-2,5,"9월 21일 주식시장 주요공시 | [공시]에코글로우, 50억 자사 CB 매도 잔금일 연기 | 패션·섬유·뷰티주 종목별 차별화 뚜렷…인디에프·한섬 강세",2026-09-22,0.0082,0.0033,,failure
288980,모아데이타,[기재정정]주요사항보고서(유상증자결정),paid_in_capital_increase,20260921,negative,-70,C,Paid-in capital increases can create dilution concerns.,5,2,4,-2,5,"9월 21일 주식시장 주요공시 | [공시]'경영권 위기' 모아데이타, 주식병합·유증 연기 | 데이터 폭증 잡는 무기... 엑셈, AI 연계 분석 앞세워 성장 엔진 달았다",2026-09-22,0.0,-0.0228,,success
288980,모아데이타,[기재정정]주요사항보고서(유상증자결정),paid_in_capital_increase,20260921,negative,-70,C,Paid-in capital increases can create dilution concerns.,5,2,4,-2,5,"9월 21일 주식시장 주요공시 | [공시]'경영권 위기' 모아데이타, 주식병합·유증 연기 | 데이터 폭증 잡는 무기... 엑셈, AI 연계 분석 앞세워 성장 엔진 달았다",2026-09-22,0.0,-0.0228,,success
288980,모아데이타,[기재정정]주요사항보고서(유상증자결정),paid_in_capital_increase,20260921,negative,-70,C,Paid-in capital increases can create dilution concerns.,5,2,4,-2,5,"9월 21일 주식시장 주요공시 | [공시]'경영권 위기' 모아데이타, 주식병합·유증 연기 | 데이터 폭증 잡는 무기... 엑셈, AI 연계 분석 앞세워 성장 엔진 달았다",2026-09-22,0.0,-0.0228,,success
288980,모아데이타,[기재정정]주요사항보고서(유상증자결정),paid_in_capital_increase,20260921,negative,-70,C,Paid-in capital increases can create dilution concerns.,5,2,4,-2,5,"9월 21일 주식시장 주요공시 | [공시]'경영권 위기' 모아데이타, 주식병합·유증 연기 | 데이터 폭증 잡는 무기... 엑셈, AI 연계 분석 앞세워 성장 엔진 달았다",2026-09-22,0.0,-0.0228,,success
042940,상지건설,권리락              (유상증자),paid_in_capital_increase,20260921,negative,-70,C,Paid-in capital increases can create dilution concerns.,5,6,6,0,5,"9월 21일 주식시장 주요공시 | [N2 모닝 경제 브리핑-9월 22일] 美 증시, 유가·금리 하락에 상승 마감... | [주요공시] 삼성물산, 에스엠벡셀, 제이스로보틱스, 셀트리온, 에코프로...",2026-09-22,0.0174,0.021,,failure
042940,상지건설,권리락              (유상증자),paid_in_capital_increase,20260921,negative,-70,C,Paid-in capital increases can create dilution concerns.,5,6,6,0,5,"9월 21일 주식시장 주요공시 | [N2 모닝 경제 브리핑-9월 22일] 美 증시, 유가·금리 하락에 상승 마감... | [주요공시] 삼성물산, 에스엠벡셀, 제이스로보틱스, 셀트리온, 에코프로...",2026-09-22,0.0174,0.021,,failure
042940,상지건설,권리락              (유상증자),paid_in_capital_increase,20260921,negative,-70,C,Paid-in capital increases can create dilution concerns.,5,6,6,0,5,"9월 21일 주식시장 주요공시 | [N2 모닝 경제 브리핑-9월 22일] 美 증시, 유가·금리 하락에 상승 마감... | [주요공시] 삼성물산, 에스엠벡셀, 제이스로보틱스, 셀트리온, 에코프로...",2026-09-22,0.0174,0.021,,failure
042940,상지건설,권리락              (유상증자),paid_in_capital_increase,20260921,negative,-70,C,Paid-in capital increases can create dilution concerns.,5,6,6,0,5,"9월 21일 주식시장 주요공시 | [N2 모닝 경제 브리핑-9월 22일] 美 증시, 유가·금리 하락에 상승 마감... | [주요공시] 삼성물산, 에스엠벡셀, 제이스로보틱스, 셀트리온, 에코프로...",2026-09-22,0.0174,0.021,,failure
042940,상지건설,권리락              (유상증자),paid_in_capital_increase,20260921,negative,-70,C,Paid-in capital increases can create dilution concerns.,5,6,6,0,5,"9월 21일 주식시장 주요공시 | [N2 모닝 경제 브리핑-9월 22일] 美 증시, 유가·금리 하락에 상승 마감... | [주요공시] 삼성물산, 에스엠벡셀, 제이스로보틱스, 셀트리온, 에코프로...",2026-09-22,0.0174,0.021,,failure
042940,상지건설,권리락              (유상증자),paid_in_capital_increase,20260921,negative,-70,C,Paid-in capital increases can create dilution concerns.,5,6,6,0,5,"9월 21일 주식시장 주요공시 | [N2 모닝 경제 브리핑-9월 22일] 美 증시, 유가·금리 하락에 상승 마감... | [주요공시] 삼성물산, 에스엠벡셀, 제이스로보틱스, 셀트리온, 에코프로...",2026-09-22,0.0174,0.021,,failure
042940,상지건설,권리락              (유상증자),paid_in_capital_increase,20260921,negative,-70,C,Paid-in capital increases can create dilution concerns.,5,6,6,0,5,"9월 21일 주식시장 주요공시 | [N2 모닝 경제 브리핑-9월 22일] 美 증시, 유가·금리 하락에 상승 마감... | [주요공시] 삼성물산, 에스엠벡셀, 제이스로보틱스, 셀트리온, 에코프로...",2026-09-22,0.0174,0.021,,failure
042940,상지건설,권리락              (유상증자),paid_in_capital_increase,20260921,negative,-70,C,Paid-in capital increases can create dilution concerns.,5,6,6,0,5,"9월 21일 주식시장 주요공시 | [N2 모닝 경제 브리핑-9월 22일] 美 증시, 유가·금리 하락에 상승 마감... | [주요공시] 삼성물산, 에스엠벡셀, 제이스로보틱스, 셀트리온, 에코프로...",2026-09-22,0.0174,0.021,,failure
042940,상지건설,권리락              (유상증자),paid_in_capital_increase,20260921,negative,-70,C,Paid-in capital increases can create dilution concerns.,5,6,6,0,5,"9월 21일 주식시장 주요공시 | [N2 모닝 경제 브리핑-9월 22일] 美 증시, 유가·금리 하락에 상승 마감... | [주요공시] 삼성물산, 에스엠벡셀, 제이스로보틱스, 셀트리온, 에코프로...",2026-09-22,0.0174,0.021,,failure
042940,상지건설,권리락              (유상증자),paid_in_capital_increase,20260921,negative,-70,C,Paid-in capital increases can create dilution concerns.,5,6,6,0,5,"9월 21일 주식시장 주요공시 | [N2 모닝 경제 브리핑-9월 22일] 美 증시, 유가·금리 하락에 상승 마감... | [주요공시] 삼성물산, 에스엠벡셀, 제이스로보틱스, 셀트리온, 에코프로...",2026-09-22,0.0174,0.021,,failure
042940,상지건설,권리락              (유상증자),paid_in_capital_increase,20260921,negative,-70,C,Paid-in capital increases can create dilution concerns.,5,6,6,0,5,"9월 21일 주식시장 주요공시 | [N2 모닝 경제 브리핑-9월 22일] 美 증시, 유가·금리 하락에 상승 마감... | [주요공시] 삼성물산, 에스엠벡셀, 제이스로보틱스, 셀트리온, 에코프로...",2026-09-22,0.0174,0.021,,failure
042940,상지건설,권리락              (유상증자),paid_in_capital_increase,20260921,negative,-70,C,Paid-in capital increases can create dilution concerns.,5,6,6,0,5,"9월 21일 주식시장 주요공시 | [N2 모닝 경제 브리핑-9월 22일] 美 증시, 유가·금리 하락에 상승 마감... | [주요공시] 삼성물산, 에스엠벡셀, 제이스로보틱스, 셀트리온, 에코프로...",2026-09-22,0.0174,0.021,,failure
042940,상지건설,권리락              (유상증자),paid_in_capital_increase,20260921,negative,-70,C,Paid-in capital increases can create dilution concerns.,5,6,6,0,5,"9월 21일 주식시장 주요공시 | [N2 모닝 경제 브리핑-9월 22일] 美 증시, 유가·금리 하락에 상승 마감... | [주요공시] 삼성물산, 에스엠벡셀, 제이스로보틱스, 셀트리온, 에코프로...",2026-09-22,0.0174,0.021,,failure
042940,상지건설,권리락              (유상증자),paid_in_capital_increase,20260921,negative,-70,C,Paid-in capital increases can create dilution concerns.,5,6,6,0,5,"9월 21일 주식시장 주요공시 | [N2 모닝 경제 브리핑-9월 22일] 美 증시, 유가·금리 하락에 상승 마감... | [주요공시] 삼성물산, 에스엠벡셀, 제이스로보틱스, 셀트리온, 에코프로...",2026-09-22,0.0174,0.021,,failure
042940,상지건설,권리락              (유상증자),paid_in_capital_increase,20260921,negative,-70,C,Paid-in capital increases can create dilution concerns.,5,6,6,0,5,"9월 21일 주식시장 주요공시 | [N2 모닝 경제 브리핑-9월 22일] 美 증시, 유가·금리 하락에 상승 마감... | [주요공시] 삼성물산, 에스엠벡셀, 제이스로보틱스, 셀트리온, 에코프로...",2026-09-22,0.0174,0.021,,failure
042940,상지건설,권리락              (유상증자),paid_in_capital_increase,20260921,negative,-70,C,Paid-in capital increases can create dilution concerns.,5,6,6,0,5,"9월 21일 주식시장 주요공시 | [N2 모닝 경제 브리핑-9월 22일] 美 증시, 유가·금리 하락에 상승 마감... | [주요공시] 삼성물산, 에스엠벡셀, 제이스로보틱스, 셀트리온, 에코프로...",2026-09-22,0.0174,0.021,,failure
042940,상지건설,권리락              (유상증자),paid_in_capital_increase,20260921,negative,-70,C,Paid-in capital increases can create dilution concerns.,5,6,6,0,5,"9월 21일 주식시장 주요공시 | [N2 모닝 경제 브리핑-9월 22일] 美 증시, 유가·금리 하락에 상승 마감... | [주요공시] 삼성물산, 에스엠벡셀, 제이스로보틱스, 셀트리온, 에코프로...",2026-09-22,0.0174,0.021,,failure
042940,상지건설,권리락              (유상증자),paid_in_capital_increase,20260921,negative,-70,C,Paid-in capital increases can create dilution concerns.,5,6,6,0,5,"9월 21일 주식시장 주요공시 | [N2 모닝 경제 브리핑-9월 22일] 美 증시, 유가·금리 하락에 상승 마감... | [주요공시] 삼성물산, 에스엠벡셀, 제이스로보틱스, 셀트리온, 에코프로...",2026-09-22,0.0174,0.021,,failure
042940,상지건설,권리락              (유상증자),paid_in_capital_increase,20260921,negative,-70,C,Paid-in capital increases can create dilution concerns.,5,6,6,0,5,"9월 21일 주식시장 주요공시 | [N2 모닝 경제 브리핑-9월 22일] 美 증시, 유가·금리 하락에 상승 마감... | [주요공시] 삼성물산, 에스엠벡셀, 제이스로보틱스, 셀트리온, 에코프로...",2026-09-22,0.0174,0.021,,failure
042940,상지건설,권리락              (유상증자),paid_in_capital_increase,20260921,negative,-70,C,Paid-in capital increases can create dilution concerns.,5,6,6,0,5,"9월 21일 주식시장 주요공시 | [N2 모닝 경제 브리핑-9월 22일] 美 증시, 유가·금리 하락에 상승 마감... | [주요공시] 삼성물산, 에스엠벡셀, 제이스로보틱스, 셀트리온, 에코프로...",2026-09-22,0.0174,0.021,,failure
042940,상지건설,권리락              (유상증자),paid_in_capital_increase,20260921,negative,-70,C,Paid-in capital increases can create dilution concerns.,5,6,6,0,5,"9월 21일 주식시장 주요공시 | [N2 모닝 경제 브리핑-9월 22일] 美 증시, 유가·금리 하락에 상승 마감... | [주요공시] 삼성물산, 에스엠벡셀, 제이스로보틱스, 셀트리온, 에코프로...",2026-09-22,0.0174,0.021,,failure
042940,상지건설,권리락              (유상증자),paid_in_capital_increase,20260921,negative,-70,C,Paid-in capital increases can create dilution concerns.,5,6,6,0,5,"9월 21일 주식시장 주요공시 | [N2 모닝 경제 브리핑-9월 22일] 美 증시, 유가·금리 하락에 상승 마감... | [주요공시] 삼성물산, 에스엠벡셀, 제이스로보틱스, 셀트리온, 에코프로...",2026-09-22,0.0174,0.021,,failure
042940,상지건설,권리락              (유상증자),paid_in_capital_increase,20260921,negative,-70,C,Paid-in capital increases can create dilution concerns.,5,6,6,0,5,"9월 21일 주식시장 주요공시 | [N2 모닝 경제 브리핑-9월 22일] 美 증시, 유가·금리 하락에 상승 마감... | [주요공시] 삼성물산, 에스엠벡셀, 제이스로보틱스, 셀트리온, 에코프로...",2026-09-22,0.0174,0.021,,failure
042940,상지건설,권리락              (유상증자),paid_in_capital_increase,20260921,negative,-70,C,Paid-in capital increases can create dilution concerns.,5,6,6,0,5,"9월 21일 주식시장 주요공시 | [N2 모닝 경제 브리핑-9월 22일] 美 증시, 유가·금리 하락에 상승 마감... | [주요공시] 삼성물산, 에스엠벡셀, 제이스로보틱스, 셀트리온, 에코프로...",2026-09-22,0.0174,0.021,,failure
042940,상지건설,권리락              (유상증자),paid_in_capital_increase,20260921,negative,-70,C,Paid-in capital increases can create dilution concerns.,5,6,6,0,5,"9월 21일 주식시장 주요공시 | [N2 모닝 경제 브리핑-9월 22일] 美 증시, 유가·금리 하락에 상승 마감... | [주요공시] 삼성물산, 에스엠벡셀, 제이스로보틱스, 셀트리온, 에코프로...",2026-09-22,0.0174,0.021,,failure
042940,상지건설,권리락              (유상증자),paid_in_capital_increase,20260921,negative,-70,C,Paid-in capital increases can create dilution concerns.,5,6,6,0,5,"9월 21일 주식시장 주요공시 | [N2 모닝 경제 브리핑-9월 22일] 美 증시, 유가·금리 하락에 상승 마감... | [주요공시] 삼성물산, 에스엠벡셀, 제이스로보틱스, 셀트리온, 에코프로...",2026-09-22,0.0174,0.021,,failure
042940,상지건설,권리락              (유상증자),paid_in_capital_increase,20260921,negative,-70,C,Paid-in capital increases can create dilution concerns.,5,6,6,0,5,"9월 21일 주식시장 주요공시 | [N2 모닝 경제 브리핑-9월 22일] 美 증시, 유가·금리 하락에 상승 마감... | [주요공시] 삼성물산, 에스엠벡셀, 제이스로보틱스, 셀트리온, 에코프로...",2026-09-22,0.0174,0.021,,failure
042940,상지건설,권리락              (유상증자),paid_in_capital_increase,20260921,negative,-70,C,Paid-in capital increases can create dilution concerns.,5,6,6,0,5,"9월 21일 주식시장 주요공시 | [N2 모닝 경제 브리핑-9월 22일] 美 증시, 유가·금리 하락에 상승 마감... | [주요공시] 삼성물산, 에스엠벡셀, 제이스로보틱스, 셀트리온, 에코프로...",2026-09-22,0.0174,0.021,,failure
042940,상지건설,권리락              (유상증자),paid_in_capital_increase,20260921,negative,-70,C,Paid-in capital increases can create dilution concerns.,5,6,6,0,5,"9월 21일 주식시장 주요공시 | [N2 모닝 경제 브리핑-9월 22일] 美 증시, 유가·금리 하락에 상승 마감... | [주요공시] 삼성물산, 에스엠벡셀, 제이스로보틱스, 셀트리온, 에코프로...",2026-09-22,0.0174,0.021,,failure
042940,상지건설,권리락              (유상증자),paid_in_capital_increase,20260921,negative,-70,C,Paid-in capital increases can create dilution concerns.,5,6,6,0,5,"9월 21일 주식시장 주요공시 | [N2 모닝 경제 브리핑-9월 22일] 美 증시, 유가·금리 하락에 상승 마감... | [주요공시] 삼성물산, 에스엠벡셀, 제이스로보틱스, 셀트리온, 에코프로...",2026-09-22,0.0174,0.021,,failure
042940,상지건설,권리락              (유상증자),paid_in_capital_increase,20260921,negative,-70,C,Paid-in capital increases can create dilution concerns.,5,6,6,0,5,"9월 21일 주식시장 주요공시 | [N2 모닝 경제 브리핑-9월 22일] 美 증시, 유가·금리 하락에 상승 마감... | [주요공시] 삼성물산, 에스엠벡셀, 제이스로보틱스, 셀트리온, 에코프로...",2026-09-22,0.0174,0.021,,failure
042940,상지건설,권리락              (유상증자),paid_in_capital_increase,20260921,negative,-70,C,Paid-in capital increases can create dilution concerns.,5,6,6,0,5,"9월 21일 주식시장 주요공시 | [N2 모닝 경제 브리핑-9월 22일] 美 증시, 유가·금리 하락에 상승 마감... | [주요공시] 삼성물산, 에스엠벡셀, 제이스로보틱스, 셀트리온, 에코프로...",2026-09-22,0.0174,0.021,,failure
042940,상지건설,권리락              (유상증자),paid_in_capital_increase,20260921,negative,-70,C,Paid-in capital increases can create dilution concerns.,5,6,6,0,5,"9월 21일 주식시장 주요공시 | [N2 모닝 경제 브리핑-9월 22일] 美 증시, 유가·금리 하락에 상승 마감... | [주요공시] 삼성물산, 에스엠벡셀, 제이스로보틱스, 셀트리온, 에코프로...",2026-09-22,0.0174,0.021,,failure
042940,상지건설,권리락              (유상증자),paid_in_capital_increase,20260921,negative,-70,C,Paid-in capital increases can create dilution concerns.,5,6,6,0,5,"9월 21일 주식시장 주요공시 | [N2 모닝 경제 브리핑-9월 22일] 美 증시, 유가·금리 하락에 상승 마감... | [주요공시] 삼성물산, 에스엠벡셀, 제이스로보틱스, 셀트리온, 에코프로...",2026-09-22,0.0174,0.021,,failure
042940,상지건설,권리락              (유상증자),paid_in_capital_increase,20260921,negative,-70,C,Paid-in capital increases can create dilution concerns.,5,6,6,0,5,"9월 21일 주식시장 주요공시 | [N2 모닝 경제 브리핑-9월 22일] 美 증시, 유가·금리 하락에 상승 마감... | [주요공시] 삼성물산, 에스엠벡셀, 제이스로보틱스, 셀트리온, 에코프로...",2026-09-22,0.0174,0.021,,failure
042940,상지건설,권리락              (유상증자),paid_in_capital_increase,20260921,negative,-70,C,Paid-in capital increases can create dilution concerns.,5,6,6,0,5,"9월 21일 주식시장 주요공시 | [N2 모닝 경제 브리핑-9월 22일] 美 증시, 유가·금리 하락에 상승 마감... | [주요공시] 삼성물산, 에스엠벡셀, 제이스로보틱스, 셀트리온, 에코프로...",2026-09-22,0.0174,0.021,,failure
042940,상지건설,권리락              (유상증자),paid_in_capital_increase,20260921,negative,-70,C,Paid-in capital increases can create dilution concerns.,5,6,6,0,5,"9월 21일 주식시장 주요공시 | [N2 모닝 경제 브리핑-9월 22일] 美 증시, 유가·금리 하락에 상승 마감... | [주요공시] 삼성물산, 에스엠벡셀, 제이스로보틱스, 셀트리온, 에코프로...",2026-09-22,0.0174,0.021,,failure
042940,상지건설,권리락              (유상증자),paid_in_capital_increase,20260921,negative,-70,C,Paid-in capital increases can create dilution concerns.,5,6,6,0,5,"9월 21일 주식시장 주요공시 | [N2 모닝 경제 브리핑-9월 22일] 美 증시, 유가·금리 하락에 상승 마감... | [주요공시] 삼성물산, 에스엠벡셀, 제이스로보틱스, 셀트리온, 에코프로...",2026-09-22,0.0174,0.021,,failure
042940,상지건설,권리락              (유상증자),paid_in_capital_increase,20260921,negative,-70,C,Paid-in capital increases can create dilution concerns.,5,6,6,0,5,"9월 21일 주식시장 주요공시 | [N2 모닝 경제 브리핑-9월 22일] 美 증시, 유가·금리 하락에 상승 마감... | [주요공시] 삼성물산, 에스엠벡셀, 제이스로보틱스, 셀트리온, 에코프로...",2026-09-22,0.0174,0.021,,failure
042940,상지건설,권리락              (유상증자),paid_in_capital_increase,20260921,negative,-70,C,Paid-in capital increases can create dilution concerns.,5,6,6,0,5,"9월 21일 주식시장 주요공시 | [N2 모닝 경제 브리핑-9월 22일] 美 증시, 유가·금리 하락에 상승 마감... | [주요공시] 삼성물산, 에스엠벡셀, 제이스로보틱스, 셀트리온, 에코프로...",2026-09-22,0.0174,0.021,,failure
042940,상지건설,권리락              (유상증자),paid_in_capital_increase,20260921,negative,-70,C,Paid-in capital increases can create dilution concerns.,5,6,6,0,5,"9월 21일 주식시장 주요공시 | [N2 모닝 경제 브리핑-9월 22일] 美 증시, 유가·금리 하락에 상승 마감... | [주요공시] 삼성물산, 에스엠벡셀, 제이스로보틱스, 셀트리온, 에코프로...",2026-09-22,0.0174,0.021,,failure
042940,상지건설,권리락              (유상증자),paid_in_capital_increase,20260921,negative,-70,C,Paid-in capital increases can create dilution concerns.,5,6,6,0,5,"9월 21일 주식시장 주요공시 | [N2 모닝 경제 브리핑-9월 22일] 美 증시, 유가·금리 하락에 상승 마감... | [주요공시] 삼성물산, 에스엠벡셀, 제이스로보틱스, 셀트리온, 에코프로...",2026-09-22,0.0174,0.021,,failure
042940,상지건설,권리락              (유상증자),paid_in_capital_increase,20260921,negative,-70,C,Paid-in capital increases can create dilution concerns.,5,6,6,0,5,"9월 21일 주식시장 주요공시 | [N2 모닝 경제 브리핑-9월 22일] 美 증시, 유가·금리 하락에 상승 마감... | [주요공시] 삼성물산, 에스엠벡셀, 제이스로보틱스, 셀트리온, 에코프로...",2026-09-22,0.0174,0.021,,failure
042940,상지건설,권리락              (유상증자),paid_in_capital_increase,20260921,negative,-70,C,Paid-in capital increases can create dilution concerns.,5,6,6,0,5,"9월 21일 주식시장 주요공시 | [N2 모닝 경제 브리핑-9월 22일] 美 증시, 유가·금리 하락에 상승 마감... | [주요공시] 삼성물산, 에스엠벡셀, 제이스로보틱스, 셀트리온, 에코프로...",2026-09-22,0.0174,0.021,,failure
042940,상지건설,권리락              (유상증자),paid_in_capital_increase,20260921,negative,-70,C,Paid-in capital increases can create dilution concerns.,5,6,6,0,5,"9월 21일 주식시장 주요공시 | [N2 모닝 경제 브리핑-9월 22일] 美 증시, 유가·금리 하락에 상승 마감... | [주요공시] 삼성물산, 에스엠벡셀, 제이스로보틱스, 셀트리온, 에코프로...",2026-09-22,0.0174,0.021,,failure
042940,상지건설,권리락              (유상증자),paid_in_capital_increase,20260921,negative,-70,C,Paid-in capital increases can create dilution concerns.,5,6,6,0,5,"9월 21일 주식시장 주요공시 | [N2 모닝 경제 브리핑-9월 22일] 美 증시, 유가·금리 하락에 상승 마감... | [주요공시] 삼성물산, 에스엠벡셀, 제이스로보틱스, 셀트리온, 에코프로...",2026-09-22,0.0174,0.021,,failure
042940,상지건설,권리락              (유상증자),paid_in_capital_increase,20260921,negative,-70,C,Paid-in capital increases can create dilution concerns.,5,6,6,0,5,"9월 21일 주식시장 주요공시 | [N2 모닝 경제 브리핑-9월 22일] 美 증시, 유가·금리 하락에 상승 마감... | [주요공시] 삼성물산, 에스엠벡셀, 제이스로보틱스, 셀트리온, 에코프로...",2026-09-22,0.0174,0.021,,failure
042940,상지건설,권리락              (유상증자),paid_in_capital_increase,20260921,negative,-70,C,Paid-in capital increases can create dilution concerns.,5,6,6,0,5,"9월 21일 주식시장 주요공시 | [N2 모닝 경제 브리핑-9월 22일] 美 증시, 유가·금리 하락에 상승 마감... | [주요공시] 삼성물산, 에스엠벡셀, 제이스로보틱스, 셀트리온, 에코프로...",2026-09-22,0.0174,0.021,,failure
042940,상지건설,권리락              (유상증자),paid_in_capital_increase,20260921,negative,-70,C,Paid-in capital increases can create dilution concerns.,5,6,6,0,5,"9월 21일 주식시장 주요공시 | [N2 모닝 경제 브리핑-9월 22일] 美 증시, 유가·금리 하락에 상승 마감... | [주요공시] 삼성물산, 에스엠벡셀, 제이스로보틱스, 셀트리온, 에코프로...",2026-09-22,0.0174,0.021,,failure
042940,상지건설,권리락              (유상증자),paid_in_capital_increase,20260921,negative,-70,C,Paid-in capital increases can create dilution concerns.,5,6,6,0,5,"9월 21일 주식시장 주요공시 | [N2 모닝 경제 브리핑-9월 22일] 美 증시, 유가·금리 하락에 상승 마감... | [주요공시] 삼성물산, 에스엠벡셀, 제이스로보틱스, 셀트리온, 에코프로...",2026-09-22,0.0174,0.021,,failure
042940,상지건설,권리락              (유상증자),paid_in_capital_increase,20260921,negative,-70,C,Paid-in capital increases can create dilution concerns.,5,6,6,0,5,"9월 21일 주식시장 주요공시 | [N2 모닝 경제 브리핑-9월 22일] 美 증시, 유가·금리 하락에 상승 마감... | [주요공시] 삼성물산, 에스엠벡셀, 제이스로보틱스, 셀트리온, 에코프로...",2026-09-22,0.0174,0.021,,failure
042940,상지건설,권리락              (유상증자),paid_in_capital_increase,20260921,negative,-70,C,Paid-in capital increases can create dilution concerns.,5,6,6,0,5,"9월 21일 주식시장 주요공시 | [N2 모닝 경제 브리핑-9월 22일] 美 증시, 유가·금리 하락에 상승 마감... | [주요공시] 삼성물산, 에스엠벡셀, 제이스로보틱스, 셀트리온, 에코프로...",2026-09-22,0.0174,0.021,,failure
042940,상지건설,권리락              (유상증자),paid_in_capital_increase,20260921,negative,-70,C,Paid-in capital increases can create dilution concerns.,5,6,6,0,5,"9월 21일 주식시장 주요공시 | [N2 모닝 경제 브리핑-9월 22일] 美 증시, 유가·금리 하락에 상승 마감... | [주요공시] 삼성물산, 에스엠벡셀, 제이스로보틱스, 셀트리온, 에코프로...",2026-09-22,0.0174,0.021,,failure
042940,상지건설,권리락              (유상증자),paid_in_capital_increase,20260921,negative,-70,C,Paid-in capital increases can create dilution concerns.,5,6,6,0,5,"9월 21일 주식시장 주요공시 | [N2 모닝 경제 브리핑-9월 22일] 美 증시, 유가·금리 하락에 상승 마감... | [주요공시] 삼성물산, 에스엠벡셀, 제이스로보틱스, 셀트리온, 에코프로...",2026-09-22,0.0174,0.021,,failure
042940,상지건설,권리락              (유상증자),paid_in_capital_increase,20260921,negative,-70,C,Paid-in capital increases can create dilution concerns.,5,6,6,0,5,"9월 21일 주식시장 주요공시 | [N2 모닝 경제 브리핑-9월 22일] 美 증시, 유가·금리 하락에 상승 마감... | [주요공시] 삼성물산, 에스엠벡셀, 제이스로보틱스, 셀트리온, 에코프로...",2026-09-22,0.0174,0.021,,failure
042940,상지건설,권리락              (유상증자),paid_in_capital_increase,20260921,negative,-70,C,Paid-in capital increases can create dilution concerns.,5,6,6,0,5,"9월 21일 주식시장 주요공시 | [N2 모닝 경제 브리핑-9월 22일] 美 증시, 유가·금리 하락에 상승 마감... | [주요공시] 삼성물산, 에스엠벡셀, 제이스로보틱스, 셀트리온, 에코프로...",2026-09-22,0.0174,0.021,,failure
042940,상지건설,권리락              (유상증자),paid_in_capital_increase,20260921,negative,-70,C,Paid-in capital increases can create dilution concerns.,5,6,6,0,5,"9월 21일 주식시장 주요공시 | [N2 모닝 경제 브리핑-9월 22일] 美 증시, 유가·금리 하락에 상승 마감... | [주요공시] 삼성물산, 에스엠벡셀, 제이스로보틱스, 셀트리온, 에코프로...",2026-09-22,0.0174,0.021,,failure
042940,상지건설,권리락              (유상증자),paid_in_capital_increase,20260921,negative,-70,C,Paid-in capital increases can create dilution concerns.,5,6,6,0,5,"9월 21일 주식시장 주요공시 | [N2 모닝 경제 브리핑-9월 22일] 美 증시, 유가·금리 하락에 상승 마감... | [주요공시] 삼성물산, 에스엠벡셀, 제이스로보틱스, 셀트리온, 에코프로...",2026-09-22,0.0174,0.021,,failure
042940,상지건설,권리락              (유상증자),paid_in_capital_increase,20260921,negative,-70,C,Paid-in capital increases can create dilution concerns.,5,6,6,0,5,"9월 21일 주식시장 주요공시 | [N2 모닝 경제 브리핑-9월 22일] 美 증시, 유가·금리 하락에 상승 마감... | [주요공시] 삼성물산, 에스엠벡셀, 제이스로보틱스, 셀트리온, 에코프로...",2026-09-22,0.0174,0.021,,failure
042940,상지건설,권리락              (유상증자),paid_in_capital_increase,20260921,negative,-70,C,Paid-in capital increases can create dilution concerns.,5,6,6,0,5,"9월 21일 주식시장 주요공시 | [N2 모닝 경제 브리핑-9월 22일] 美 증시, 유가·금리 하락에 상승 마감... | [주요공시] 삼성물산, 에스엠벡셀, 제이스로보틱스, 셀트리온, 에코프로...",2026-09-22,0.0174,0.021,,failure
042940,상지건설,권리락              (유상증자),paid_in_capital_increase,20260921,negative,-70,C,Paid-in capital increases can create dilution concerns.,5,6,6,0,5,"9월 21일 주식시장 주요공시 | [N2 모닝 경제 브리핑-9월 22일] 美 증시, 유가·금리 하락에 상승 마감... | [주요공시] 삼성물산, 에스엠벡셀, 제이스로보틱스, 셀트리온, 에코프로...",2026-09-22,0.0174,0.021,,failure
042940,상지건설,권리락              (유상증자),paid_in_capital_increase,20260921,negative,-70,C,Paid-in capital increases can create dilution concerns.,5,6,6,0,5,"9월 21일 주식시장 주요공시 | [N2 모닝 경제 브리핑-9월 22일] 美 증시, 유가·금리 하락에 상승 마감... | [주요공시] 삼성물산, 에스엠벡셀, 제이스로보틱스, 셀트리온, 에코프로...",2026-09-22,0.0174,0.021,,failure
042940,상지건설,권리락              (유상증자),paid_in_capital_increase,20260921,negative,-70,C,Paid-in capital increases can create dilution concerns.,5,6,6,0,5,"9월 21일 주식시장 주요공시 | [N2 모닝 경제 브리핑-9월 22일] 美 증시, 유가·금리 하락에 상승 마감... | [주요공시] 삼성물산, 에스엠벡셀, 제이스로보틱스, 셀트리온, 에코프로...",2026-09-22,0.0174,0.021,,failure
042940,상지건설,권리락              (유상증자),paid_in_capital_increase,20260921,negative,-70,C,Paid-in capital increases can create dilution concerns.,5,6,6,0,5,"9월 21일 주식시장 주요공시 | [N2 모닝 경제 브리핑-9월 22일] 美 증시, 유가·금리 하락에 상승 마감... | [주요공시] 삼성물산, 에스엠벡셀, 제이스로보틱스, 셀트리온, 에코프로...",2026-09-22,0.0174,0.021,,failure
042940,상지건설,권리락              (유상증자),paid_in_capital_increase,20260921,negative,-70,C,Paid-in capital increases can create dilution concerns.,5,6,6,0,5,"9월 21일 주식시장 주요공시 | [N2 모닝 경제 브리핑-9월 22일] 美 증시, 유가·금리 하락에 상승 마감... | [주요공시] 삼성물산, 에스엠벡셀, 제이스로보틱스, 셀트리온, 에코프로...",2026-09-22,0.0174,0.021,,failure
042940,상지건설,권리락              (유상증자),paid_in_capital_increase,20260921,negative,-70,C,Paid-in capital increases can create dilution concerns.,5,6,6,0,5,"9월 21일 주식시장 주요공시 | [N2 모닝 경제 브리핑-9월 22일] 美 증시, 유가·금리 하락에 상승 마감... | [주요공시] 삼성물산, 에스엠벡셀, 제이스로보틱스, 셀트리온, 에코프로...",2026-09-22,0.0174,0.021,,failure
042940,상지건설,권리락              (유상증자),paid_in_capital_increase,20260921,negative,-70,C,Paid-in capital increases can create dilution concerns.,5,6,6,0,5,"9월 21일 주식시장 주요공시 | [N2 모닝 경제 브리핑-9월 22일] 美 증시, 유가·금리 하락에 상승 마감... | [주요공시] 삼성물산, 에스엠벡셀, 제이스로보틱스, 셀트리온, 에코프로...",2026-09-22,0.0174,0.021,,failure
042940,상지건설,권리락              (유상증자),paid_in_capital_increase,20260921,negative,-70,C,Paid-in capital increases can create dilution concerns.,5,6,6,0,5,"9월 21일 주식시장 주요공시 | [N2 모닝 경제 브리핑-9월 22일] 美 증시, 유가·금리 하락에 상승 마감... | [주요공시] 삼성물산, 에스엠벡셀, 제이스로보틱스, 셀트리온, 에코프로...",2026-09-22,0.0174,0.021,,failure
042940,상지건설,권리락              (유상증자),paid_in_capital_increase,20260921,negative,-70,C,Paid-in capital increases can create dilution concerns.,5,6,6,0,5,"9월 21일 주식시장 주요공시 | [N2 모닝 경제 브리핑-9월 22일] 美 증시, 유가·금리 하락에 상승 마감... | [주요공시] 삼성물산, 에스엠벡셀, 제이스로보틱스, 셀트리온, 에코프로...",2026-09-22,0.0174,0.021,,failure
042940,상지건설,권리락              (유상증자),paid_in_capital_increase,20260921,negative,-70,C,Paid-in capital increases can create dilution concerns.,5,6,6,0,5,"9월 21일 주식시장 주요공시 | [N2 모닝 경제 브리핑-9월 22일] 美 증시, 유가·금리 하락에 상승 마감... | [주요공시] 삼성물산, 에스엠벡셀, 제이스로보틱스, 셀트리온, 에코프로...",2026-09-22,0.0174,0.021,,failure
042940,상지건설,권리락              (유상증자),paid_in_capital_increase,20260921,negative,-70,C,Paid-in capital increases can create dilution concerns.,5,6,6,0,5,"9월 21일 주식시장 주요공시 | [N2 모닝 경제 브리핑-9월 22일] 美 증시, 유가·금리 하락에 상승 마감... | [주요공시] 삼성물산, 에스엠벡셀, 제이스로보틱스, 셀트리온, 에코프로...",2026-09-22,0.0174,0.021,,failure
042940,상지건설,권리락              (유상증자),paid_in_capital_increase,20260921,negative,-70,C,Paid-in capital increases can create dilution concerns.,5,6,6,0,5,"9월 21일 주식시장 주요공시 | [N2 모닝 경제 브리핑-9월 22일] 美 증시, 유가·금리 하락에 상승 마감... | [주요공시] 삼성물산, 에스엠벡셀, 제이스로보틱스, 셀트리온, 에코프로...",2026-09-22,0.0174,0.021,,failure
042940,상지건설,권리락              (유상증자),paid_in_capital_increase,20260921,negative,-70,C,Paid-in capital increases can create dilution concerns.,5,6,6,0,5,"9월 21일 주식시장 주요공시 | [N2 모닝 경제 브리핑-9월 22일] 美 증시, 유가·금리 하락에 상승 마감... | [주요공시] 삼성물산, 에스엠벡셀, 제이스로보틱스, 셀트리온, 에코프로...",2026-09-22,0.0174,0.021,,failure
042940,상지건설,권리락              (유상증자),paid_in_capital_increase,20260921,negative,-70,C,Paid-in capital increases can create dilution concerns.,5,6,6,0,5,"9월 21일 주식시장 주요공시 | [N2 모닝 경제 브리핑-9월 22일] 美 증시, 유가·금리 하락에 상승 마감... | [주요공시] 삼성물산, 에스엠벡셀, 제이스로보틱스, 셀트리온, 에코프로...",2026-09-22,0.0174,0.021,,failure
042940,상지건설,권리락              (유상증자),paid_in_capital_increase,20260921,negative,-70,C,Paid-in capital increases can create dilution concerns.,5,6,6,0,5,"9월 21일 주식시장 주요공시 | [N2 모닝 경제 브리핑-9월 22일] 美 증시, 유가·금리 하락에 상승 마감... | [주요공시] 삼성물산, 에스엠벡셀, 제이스로보틱스, 셀트리온, 에코프로...",2026-09-22,0.0174,0.021,,failure
042940,상지건설,권리락              (유상증자),paid_in_capital_increase,20260921,negative,-70,C,Paid-in capital increases can create dilution concerns.,5,6,6,0,5,"9월 21일 주식시장 주요공시 | [N2 모닝 경제 브리핑-9월 22일] 美 증시, 유가·금리 하락에 상승 마감... | [주요공시] 삼성물산, 에스엠벡셀, 제이스로보틱스, 셀트리온, 에코프로...",2026-09-22,0.0174,0.021,,failure
042940,상지건설,권리락              (유상증자),paid_in_capital_increase,20260921,negative,-70,C,Paid-in capital increases can create dilution concerns.,5,6,6,0,5,"9월 21일 주식시장 주요공시 | [N2 모닝 경제 브리핑-9월 22일] 美 증시, 유가·금리 하락에 상승 마감... | [주요공시] 삼성물산, 에스엠벡셀, 제이스로보틱스, 셀트리온, 에코프로...",2026-09-22,0.0174,0.021,,failure
042940,상지건설,권리락              (유상증자),paid_in_capital_increase,20260921,negative,-70,C,Paid-in capital increases can create dilution concerns.,5,6,6,0,5,"9월 21일 주식시장 주요공시 | [N2 모닝 경제 브리핑-9월 22일] 美 증시, 유가·금리 하락에 상승 마감... | [주요공시] 삼성물산, 에스엠벡셀, 제이스로보틱스, 셀트리온, 에코프로...",2026-09-22,0.0174,0.021,,failure
042940,상지건설,권리락              (유상증자),paid_in_capital_increase,20260921,negative,-70,C,Paid-in capital increases can create dilution concerns.,5,6,6,0,5,"9월 21일 주식시장 주요공시 | [N2 모닝 경제 브리핑-9월 22일] 美 증시, 유가·금리 하락에 상승 마감... | [주요공시] 삼성물산, 에스엠벡셀, 제이스로보틱스, 셀트리온, 에코프로...",2026-09-22,0.0174,0.021,,failure
042940,상지건설,권리락              (유상증자),paid_in_capital_increase,20260921,negative,-70,C,Paid-in capital increases can create dilution concerns.,5,6,6,0,5,"9월 21일 주식시장 주요공시 | [N2 모닝 경제 브리핑-9월 22일] 美 증시, 유가·금리 하락에 상승 마감... | [주요공시] 삼성물산, 에스엠벡셀, 제이스로보틱스, 셀트리온, 에코프로...",2026-09-22,0.0174,0.021,,failure
042940,상지건설,권리락              (유상증자),paid_in_capital_increase,20260921,negative,-70,C,Paid-in capital increases can create dilution concerns.,5,6,6,0,5,"9월 21일 주식시장 주요공시 | [N2 모닝 경제 브리핑-9월 22일] 美 증시, 유가·금리 하락에 상승 마감... | [주요공시] 삼성물산, 에스엠벡셀, 제이스로보틱스, 셀트리온, 에코프로...",2026-09-22,0.0174,0.021,,failure
042940,상지건설,권리락              (유상증자),paid_in_capital_increase,20260921,negative,-70,C,Paid-in capital increases can create dilution concerns.,5,6,6,0,5,"9월 21일 주식시장 주요공시 | [N2 모닝 경제 브리핑-9월 22일] 美 증시, 유가·금리 하락에 상승 마감... | [주요공시] 삼성물산, 에스엠벡셀, 제이스로보틱스, 셀트리온, 에코프로...",2026-09-22,0.0174,0.021,,failure
042940,상지건설,권리락              (유상증자),paid_in_capital_increase,20260921,negative,-70,C,Paid-in capital increases can create dilution concerns.,5,6,6,0,5,"9월 21일 주식시장 주요공시 | [N2 모닝 경제 브리핑-9월 22일] 美 증시, 유가·금리 하락에 상승 마감... | [주요공시] 삼성물산, 에스엠벡셀, 제이스로보틱스, 셀트리온, 에코프로...",2026-09-22,0.0174,0.021,,failure
042940,상지건설,권리락              (유상증자),paid_in_capital_increase,20260921,negative,-70,C,Paid-in capital increases can create dilution concerns.,5,6,6,0,5,"9월 21일 주식시장 주요공시 | [N2 모닝 경제 브리핑-9월 22일] 美 증시, 유가·금리 하락에 상승 마감... | [주요공시] 삼성물산, 에스엠벡셀, 제이스로보틱스, 셀트리온, 에코프로...",2026-09-22,0.0174,0.021,,failure
042940,상지건설,권리락              (유상증자),paid_in_capital_increase,20260921,negative,-70,C,Paid-in capital increases can create dilution concerns.,5,6,6,0,5,"9월 21일 주식시장 주요공시 | [N2 모닝 경제 브리핑-9월 22일] 美 증시, 유가·금리 하락에 상승 마감... | [주요공시] 삼성물산, 에스엠벡셀, 제이스로보틱스, 셀트리온, 에코프로...",2026-09-22,0.0174,0.021,,failure
042940,상지건설,권리락              (유상증자),paid_in_capital_increase,20260921,negative,-70,C,Paid-in capital increases can create dilution concerns.,5,6,6,0,5,"9월 21일 주식시장 주요공시 | [N2 모닝 경제 브리핑-9월 22일] 美 증시, 유가·금리 하락에 상승 마감... | [주요공시] 삼성물산, 에스엠벡셀, 제이스로보틱스, 셀트리온, 에코프로...",2026-09-22,0.0174,0.021,,failure
042940,상지건설,권리락              (유상증자),paid_in_capital_increase,20260921,negative,-70,C,Paid-in capital increases can create dilution concerns.,5,6,6,0,5,"9월 21일 주식시장 주요공시 | [N2 모닝 경제 브리핑-9월 22일] 美 증시, 유가·금리 하락에 상승 마감... | [주요공시] 삼성물산, 에스엠벡셀, 제이스로보틱스, 셀트리온, 에코프로...",2026-09-22,0.0174,0.021,,failure
042940,상지건설,권리락              (유상증자),paid_in_capital_increase,20260921,negative,-70,C,Paid-in capital increases can create dilution concerns.,5,6,6,0,5,"9월 21일 주식시장 주요공시 | [N2 모닝 경제 브리핑-9월 22일] 美 증시, 유가·금리 하락에 상승 마감... | [주요공시] 삼성물산, 에스엠벡셀, 제이스로보틱스, 셀트리온, 에코프로...",2026-09-22,0.0174,0.021,,failure
042940,상지건설,권리락              (유상증자),paid_in_capital_increase,20260921,negative,-70,C,Paid-in capital increases can create dilution concerns.,5,6,6,0,5,"9월 21일 주식시장 주요공시 | [N2 모닝 경제 브리핑-9월 22일] 美 증시, 유가·금리 하락에 상승 마감... | [주요공시] 삼성물산, 에스엠벡셀, 제이스로보틱스, 셀트리온, 에코프로...",2026-09-22,0.0174,0.021,,failure
042940,상지건설,권리락              (유상증자),paid_in_capital_increase,20260921,negative,-70,C,Paid-in capital increases can create dilution concerns.,5,6,6,0,5,"9월 21일 주식시장 주요공시 | [N2 모닝 경제 브리핑-9월 22일] 美 증시, 유가·금리 하락에 상승 마감... | [주요공시] 삼성물산, 에스엠벡셀, 제이스로보틱스, 셀트리온, 에코프로...",2026-09-22,0.0174,0.021,,failure
042940,상지건설,권리락              (유상증자),paid_in_capital_increase,20260921,negative,-70,C,Paid-in capital increases can create dilution concerns.,5,6,6,0,5,"9월 21일 주식시장 주요공시 | [N2 모닝 경제 브리핑-9월 22일] 美 증시, 유가·금리 하락에 상승 마감... | [주요공시] 삼성물산, 에스엠벡셀, 제이스로보틱스, 셀트리온, 에코프로...",2026-09-22,0.0174,0.021,,failure
042940,상지건설,권리락              (유상증자),paid_in_capital_increase,20260921,negative,-70,C,Paid-in capital increases can create dilution concerns.,5,6,6,0,5,"9월 21일 주식시장 주요공시 | [N2 모닝 경제 브리핑-9월 22일] 美 증시, 유가·금리 하락에 상승 마감... | [주요공시] 삼성물산, 에스엠벡셀, 제이스로보틱스, 셀트리온, 에코프로...",2026-09-22,0.0174,0.021,,failure
042940,상지건설,권리락              (유상증자),paid_in_capital_increase,20260921,negative,-70,C,Paid-in capital increases can create dilution concerns.,5,6,6,0,5,"9월 21일 주식시장 주요공시 | [N2 모닝 경제 브리핑-9월 22일] 美 증시, 유가·금리 하락에 상승 마감... | [주요공시] 삼성물산, 에스엠벡셀, 제이스로보틱스, 셀트리온, 에코프로...",2026-09-22,0.0174,0.021,,failure
042940,상지건설,권리락              (유상증자),paid_in_capital_increase,20260921,negative,-70,C,Paid-in capital increases can create dilution concerns.,5,6,6,0,5,"9월 21일 주식시장 주요공시 | [N2 모닝 경제 브리핑-9월 22일] 美 증시, 유가·금리 하락에 상승 마감... | [주요공시] 삼성물산, 에스엠벡셀, 제이스로보틱스, 셀트리온, 에코프로...",2026-09-22,0.0174,0.021,,failure
042940,상지건설,권리락              (유상증자),paid_in_capital_increase,20260921,negative,-70,C,Paid-in capital increases can create dilution concerns.,5,6,6,0,5,"9월 21일 주식시장 주요공시 | [N2 모닝 경제 브리핑-9월 22일] 美 증시, 유가·금리 하락에 상승 마감... | [주요공시] 삼성물산, 에스엠벡셀, 제이스로보틱스, 셀트리온, 에코프로...",2026-09-22,0.0174,0.021,,failure
042940,상지건설,권리락              (유상증자),paid_in_capital_increase,20260921,negative,-70,C,Paid-in capital increases can create dilution concerns.,5,6,6,0,5,"9월 21일 주식시장 주요공시 | [N2 모닝 경제 브리핑-9월 22일] 美 증시, 유가·금리 하락에 상승 마감... | [주요공시] 삼성물산, 에스엠벡셀, 제이스로보틱스, 셀트리온, 에코프로...",2026-09-22,0.0174,0.021,,failure
042940,상지건설,권리락              (유상증자),paid_in_capital_increase,20260921,negative,-70,C,Paid-in capital increases can create dilution concerns.,5,6,6,0,5,"9월 21일 주식시장 주요공시 | [N2 모닝 경제 브리핑-9월 22일] 美 증시, 유가·금리 하락에 상승 마감... | [주요공시] 삼성물산, 에스엠벡셀, 제이스로보틱스, 셀트리온, 에코프로...",2026-09-22,0.0174,0.021,,failure
042940,상지건설,권리락              (유상증자),paid_in_capital_increase,20260921,negative,-70,C,Paid-in capital increases can create dilution concerns.,5,6,6,0,5,"9월 21일 주식시장 주요공시 | [N2 모닝 경제 브리핑-9월 22일] 美 증시, 유가·금리 하락에 상승 마감... | [주요공시] 삼성물산, 에스엠벡셀, 제이스로보틱스, 셀트리온, 에코프로...",2026-09-22,0.0174,0.021,,failure
042940,상지건설,권리락              (유상증자),paid_in_capital_increase,20260921,negative,-70,C,Paid-in capital increases can create dilution concerns.,5,6,6,0,5,"9월 21일 주식시장 주요공시 | [N2 모닝 경제 브리핑-9월 22일] 美 증시, 유가·금리 하락에 상승 마감... | [주요공시] 삼성물산, 에스엠벡셀, 제이스로보틱스, 셀트리온, 에코프로...",2026-09-22,0.0174,0.021,,failure
042940,상지건설,권리락              (유상증자),paid_in_capital_increase,20260921,negative,-70,C,Paid-in capital increases can create dilution concerns.,5,6,6,0,5,"9월 21일 주식시장 주요공시 | [N2 모닝 경제 브리핑-9월 22일] 美 증시, 유가·금리 하락에 상승 마감... | [주요공시] 삼성물산, 에스엠벡셀, 제이스로보틱스, 셀트리온, 에코프로...",2026-09-22,0.0174,0.021,,failure
042940,상지건설,권리락              (유상증자),paid_in_capital_increase,20260921,negative,-70,C,Paid-in capital increases can create dilution concerns.,5,6,6,0,5,"9월 21일 주식시장 주요공시 | [N2 모닝 경제 브리핑-9월 22일] 美 증시, 유가·금리 하락에 상승 마감... | [주요공시] 삼성물산, 에스엠벡셀, 제이스로보틱스, 셀트리온, 에코프로...",2026-09-22,0.0174,0.021,,failure
042940,상지건설,권리락              (유상증자),paid_in_capital_increase,20260921,negative,-70,C,Paid-in capital increases can create dilution concerns.,5,6,6,0,5,"9월 21일 주식시장 주요공시 | [N2 모닝 경제 브리핑-9월 22일] 美 증시, 유가·금리 하락에 상승 마감... | [주요공시] 삼성물산, 에스엠벡셀, 제이스로보틱스, 셀트리온, 에코프로...",2026-09-22,0.0174,0.021,,failure
042940,상지건설,권리락              (유상증자),paid_in_capital_increase,20260921,negative,-70,C,Paid-in capital increases can create dilution concerns.,5,6,6,0,5,"9월 21일 주식시장 주요공시 | [N2 모닝 경제 브리핑-9월 22일] 美 증시, 유가·금리 하락에 상승 마감... | [주요공시] 삼성물산, 에스엠벡셀, 제이스로보틱스, 셀트리온, 에코프로...",2026-09-22,0.0174,0.021,,failure
042940,상지건설,권리락              (유상증자),paid_in_capital_increase,20260921,negative,-70,C,Paid-in capital increases can create dilution concerns.,5,6,6,0,5,"9월 21일 주식시장 주요공시 | [N2 모닝 경제 브리핑-9월 22일] 美 증시, 유가·금리 하락에 상승 마감... | [주요공시] 삼성물산, 에스엠벡셀, 제이스로보틱스, 셀트리온, 에코프로...",2026-09-22,0.0174,0.021,,failure
042940,상지건설,권리락              (유상증자),paid_in_capital_increase,20260921,negative,-70,C,Paid-in capital increases can create dilution concerns.,5,6,6,0,5,"9월 21일 주식시장 주요공시 | [N2 모닝 경제 브리핑-9월 22일] 美 증시, 유가·금리 하락에 상승 마감... | [주요공시] 삼성물산, 에스엠벡셀, 제이스로보틱스, 셀트리온, 에코프로...",2026-09-22,0.0174,0.021,,failure
042940,상지건설,권리락              (유상증자),paid_in_capital_increase,20260921,negative,-70,C,Paid-in capital increases can create dilution concerns.,5,6,6,0,5,"9월 21일 주식시장 주요공시 | [N2 모닝 경제 브리핑-9월 22일] 美 증시, 유가·금리 하락에 상승 마감... | [주요공시] 삼성물산, 에스엠벡셀, 제이스로보틱스, 셀트리온, 에코프로...",2026-09-22,0.0174,0.021,,failure
042940,상지건설,권리락              (유상증자),paid_in_capital_increase,20260921,negative,-70,C,Paid-in capital increases can create dilution concerns.,5,6,6,0,5,"9월 21일 주식시장 주요공시 | [N2 모닝 경제 브리핑-9월 22일] 美 증시, 유가·금리 하락에 상승 마감... | [주요공시] 삼성물산, 에스엠벡셀, 제이스로보틱스, 셀트리온, 에코프로...",2026-09-22,0.0174,0.021,,failure
042940,상지건설,권리락              (유상증자),paid_in_capital_increase,20260921,negative,-70,C,Paid-in capital increases can create dilution concerns.,5,6,6,0,5,"9월 21일 주식시장 주요공시 | [N2 모닝 경제 브리핑-9월 22일] 美 증시, 유가·금리 하락에 상승 마감... | [주요공시] 삼성물산, 에스엠벡셀, 제이스로보틱스, 셀트리온, 에코프로...",2026-09-22,0.0174,0.021,,failure
042940,상지건설,권리락              (유상증자),paid_in_capital_increase,20260921,negative,-70,C,Paid-in capital increases can create dilution concerns.,5,6,6,0,5,"9월 21일 주식시장 주요공시 | [N2 모닝 경제 브리핑-9월 22일] 美 증시, 유가·금리 하락에 상승 마감... | [주요공시] 삼성물산, 에스엠벡셀, 제이스로보틱스, 셀트리온, 에코프로...",2026-09-22,0.0174,0.021,,failure
042940,상지건설,권리락              (유상증자),paid_in_capital_increase,20260921,negative,-70,C,Paid-in capital increases can create dilution concerns.,5,6,6,0,5,"9월 21일 주식시장 주요공시 | [N2 모닝 경제 브리핑-9월 22일] 美 증시, 유가·금리 하락에 상승 마감... | [주요공시] 삼성물산, 에스엠벡셀, 제이스로보틱스, 셀트리온, 에코프로...",2026-09-22,0.0174,0.021,,failure
042940,상지건설,권리락              (유상증자),paid_in_capital_increase,20260921,negative,-70,C,Paid-in capital increases can create dilution concerns.,5,6,6,0,5,"9월 21일 주식시장 주요공시 | [N2 모닝 경제 브리핑-9월 22일] 美 증시, 유가·금리 하락에 상승 마감... | [주요공시] 삼성물산, 에스엠벡셀, 제이스로보틱스, 셀트리온, 에코프로...",2026-09-22,0.0174,0.021,,failure
042940,상지건설,권리락              (유상증자),paid_in_capital_increase,20260921,negative,-70,C,Paid-in capital increases can create dilution concerns.,5,6,6,0,5,"9월 21일 주식시장 주요공시 | [N2 모닝 경제 브리핑-9월 22일] 美 증시, 유가·금리 하락에 상승 마감... | [주요공시] 삼성물산, 에스엠벡셀, 제이스로보틱스, 셀트리온, 에코프로...",2026-09-22,0.0174,0.021,,failure
042940,상지건설,권리락              (유상증자),paid_in_capital_increase,20260921,negative,-70,C,Paid-in capital increases can create dilution concerns.,5,6,6,0,5,"9월 21일 주식시장 주요공시 | [N2 모닝 경제 브리핑-9월 22일] 美 증시, 유가·금리 하락에 상승 마감... | [주요공시] 삼성물산, 에스엠벡셀, 제이스로보틱스, 셀트리온, 에코프로...",2026-09-22,0.0174,0.021,,failure
042940,상지건설,권리락              (유상증자),paid_in_capital_increase,20260921,negative,-70,C,Paid-in capital increases can create dilution concerns.,5,6,6,0,5,"9월 21일 주식시장 주요공시 | [N2 모닝 경제 브리핑-9월 22일] 美 증시, 유가·금리 하락에 상승 마감... | [주요공시] 삼성물산, 에스엠벡셀, 제이스로보틱스, 셀트리온, 에코프로...",2026-09-22,0.0174,0.021,,failure
042940,상지건설,권리락              (유상증자),paid_in_capital_increase,20260921,negative,-70,C,Paid-in capital increases can create dilution concerns.,5,6,6,0,5,"9월 21일 주식시장 주요공시 | [N2 모닝 경제 브리핑-9월 22일] 美 증시, 유가·금리 하락에 상승 마감... | [주요공시] 삼성물산, 에스엠벡셀, 제이스로보틱스, 셀트리온, 에코프로...",2026-09-22,0.0174,0.021,,failure
042940,상지건설,권리락              (유상증자),paid_in_capital_increase,20260921,negative,-70,C,Paid-in capital increases can create dilution concerns.,5,6,6,0,5,"9월 21일 주식시장 주요공시 | [N2 모닝 경제 브리핑-9월 22일] 美 증시, 유가·금리 하락에 상승 마감... | [주요공시] 삼성물산, 에스엠벡셀, 제이스로보틱스, 셀트리온, 에코프로...",2026-09-22,0.0174,0.021,,failure
042940,상지건설,권리락              (유상증자),paid_in_capital_increase,20260921,negative,-70,C,Paid-in capital increases can create dilution concerns.,5,6,6,0,5,"9월 21일 주식시장 주요공시 | [N2 모닝 경제 브리핑-9월 22일] 美 증시, 유가·금리 하락에 상승 마감... | [주요공시] 삼성물산, 에스엠벡셀, 제이스로보틱스, 셀트리온, 에코프로...",2026-09-22,0.0174,0.021,,failure
042940,상지건설,권리락              (유상증자),paid_in_capital_increase,20260921,negative,-70,C,Paid-in capital increases can create dilution concerns.,5,6,6,0,5,"9월 21일 주식시장 주요공시 | [N2 모닝 경제 브리핑-9월 22일] 美 증시, 유가·금리 하락에 상승 마감... | [주요공시] 삼성물산, 에스엠벡셀, 제이스로보틱스, 셀트리온, 에코프로...",2026-09-22,0.0174,0.021,,failure
042940,상지건설,권리락              (유상증자),paid_in_capital_increase,20260921,negative,-70,C,Paid-in capital increases can create dilution concerns.,5,6,6,0,5,"9월 21일 주식시장 주요공시 | [N2 모닝 경제 브리핑-9월 22일] 美 증시, 유가·금리 하락에 상승 마감... | [주요공시] 삼성물산, 에스엠벡셀, 제이스로보틱스, 셀트리온, 에코프로...",2026-09-22,0.0174,0.021,,failure
042940,상지건설,권리락              (유상증자),paid_in_capital_increase,20260921,negative,-70,C,Paid-in capital increases can create dilution concerns.,5,6,6,0,5,"9월 21일 주식시장 주요공시 | [N2 모닝 경제 브리핑-9월 22일] 美 증시, 유가·금리 하락에 상승 마감... | [주요공시] 삼성물산, 에스엠벡셀, 제이스로보틱스, 셀트리온, 에코프로...",2026-09-22,0.0174,0.021,,failure
042940,상지건설,권리락              (유상증자),paid_in_capital_increase,20260921,negative,-70,C,Paid-in capital increases can create dilution concerns.,5,6,6,0,5,"9월 21일 주식시장 주요공시 | [N2 모닝 경제 브리핑-9월 22일] 美 증시, 유가·금리 하락에 상승 마감... | [주요공시] 삼성물산, 에스엠벡셀, 제이스로보틱스, 셀트리온, 에코프로...",2026-09-22,0.0174,0.021,,failure
042940,상지건설,권리락              (유상증자),paid_in_capital_increase,20260921,negative,-70,C,Paid-in capital increases can create dilution concerns.,5,6,6,0,5,"9월 21일 주식시장 주요공시 | [N2 모닝 경제 브리핑-9월 22일] 美 증시, 유가·금리 하락에 상승 마감... | [주요공시] 삼성물산, 에스엠벡셀, 제이스로보틱스, 셀트리온, 에코프로...",2026-09-22,0.0174,0.021,,failure
042940,상지건설,권리락              (유상증자),paid_in_capital_increase,20260921,negative,-70,C,Paid-in capital increases can create dilution concerns.,5,6,6,0,5,"9월 21일 주식시장 주요공시 | [N2 모닝 경제 브리핑-9월 22일] 美 증시, 유가·금리 하락에 상승 마감... | [주요공시] 삼성물산, 에스엠벡셀, 제이스로보틱스, 셀트리온, 에코프로...",2026-09-22,0.0174,0.021,,failure
042940,상지건설,권리락              (유상증자),paid_in_capital_increase,20260921,negative,-70,C,Paid-in capital increases can create dilution concerns.,5,6,6,0,5,"9월 21일 주식시장 주요공시 | [N2 모닝 경제 브리핑-9월 22일] 美 증시, 유가·금리 하락에 상승 마감... | [주요공시] 삼성물산, 에스엠벡셀, 제이스로보틱스, 셀트리온, 에코프로...",2026-09-22,0.0174,0.021,,failure
042940,상지건설,권리락              (유상증자),paid_in_capital_increase,20260921,negative,-70,C,Paid-in capital increases can create dilution concerns.,5,6,6,0,5,"9월 21일 주식시장 주요공시 | [N2 모닝 경제 브리핑-9월 22일] 美 증시, 유가·금리 하락에 상승 마감... | [주요공시] 삼성물산, 에스엠벡셀, 제이스로보틱스, 셀트리온, 에코프로...",2026-09-22,0.0174,0.021,,failure
042940,상지건설,권리락              (유상증자),paid_in_capital_increase,20260921,negative,-70,C,Paid-in capital increases can create dilution concerns.,5,6,6,0,5,"9월 21일 주식시장 주요공시 | [N2 모닝 경제 브리핑-9월 22일] 美 증시, 유가·금리 하락에 상승 마감... | [주요공시] 삼성물산, 에스엠벡셀, 제이스로보틱스, 셀트리온, 에코프로...",2026-09-22,0.0174,0.021,,failure
042940,상지건설,권리락              (유상증자),paid_in_capital_increase,20260921,negative,-70,C,Paid-in capital increases can create dilution concerns.,5,6,6,0,5,"9월 21일 주식시장 주요공시 | [N2 모닝 경제 브리핑-9월 22일] 美 증시, 유가·금리 하락에 상승 마감... | [주요공시] 삼성물산, 에스엠벡셀, 제이스로보틱스, 셀트리온, 에코프로...",2026-09-22,0.0174,0.021,,failure
042940,상지건설,권리락              (유상증자),paid_in_capital_increase,20260921,negative,-70,C,Paid-in capital increases can create dilution concerns.,5,6,6,0,5,"9월 21일 주식시장 주요공시 | [N2 모닝 경제 브리핑-9월 22일] 美 증시, 유가·금리 하락에 상승 마감... | [주요공시] 삼성물산, 에스엠벡셀, 제이스로보틱스, 셀트리온, 에코프로...",2026-09-22,0.0174,0.021,,failure
042940,상지건설,권리락              (유상증자),paid_in_capital_increase,20260921,negative,-70,C,Paid-in capital increases can create dilution concerns.,5,6,6,0,5,"9월 21일 주식시장 주요공시 | [N2 모닝 경제 브리핑-9월 22일] 美 증시, 유가·금리 하락에 상승 마감... | [주요공시] 삼성물산, 에스엠벡셀, 제이스로보틱스, 셀트리온, 에코프로...",2026-09-22,0.0174,0.021,,failure
042940,상지건설,권리락              (유상증자),paid_in_capital_increase,20260921,negative,-70,C,Paid-in capital increases can create dilution concerns.,5,6,6,0,5,"9월 21일 주식시장 주요공시 | [N2 모닝 경제 브리핑-9월 22일] 美 증시, 유가·금리 하락에 상승 마감... | [주요공시] 삼성물산, 에스엠벡셀, 제이스로보틱스, 셀트리온, 에코프로...",2026-09-22,0.0174,0.021,,failure
042940,상지건설,권리락              (유상증자),paid_in_capital_increase,20260921,negative,-70,C,Paid-in capital increases can create dilution concerns.,5,6,6,0,5,"9월 21일 주식시장 주요공시 | [N2 모닝 경제 브리핑-9월 22일] 美 증시, 유가·금리 하락에 상승 마감... | [주요공시] 삼성물산, 에스엠벡셀, 제이스로보틱스, 셀트리온, 에코프로...",2026-09-22,0.0174,0.021,,failure
042940,상지건설,권리락              (유상증자),paid_in_capital_increase,20260921,negative,-70,C,Paid-in capital increases can create dilution concerns.,5,6,6,0,5,"9월 21일 주식시장 주요공시 | [N2 모닝 경제 브리핑-9월 22일] 美 증시, 유가·금리 하락에 상승 마감... | [주요공시] 삼성물산, 에스엠벡셀, 제이스로보틱스, 셀트리온, 에코프로...",2026-09-22,0.0174,0.021,,failure
042940,상지건설,권리락              (유상증자),paid_in_capital_increase,20260921,negative,-70,C,Paid-in capital increases can create dilution concerns.,5,6,6,0,5,"9월 21일 주식시장 주요공시 | [N2 모닝 경제 브리핑-9월 22일] 美 증시, 유가·금리 하락에 상승 마감... | [주요공시] 삼성물산, 에스엠벡셀, 제이스로보틱스, 셀트리온, 에코프로...",2026-09-22,0.0174,0.021,,failure
042940,상지건설,권리락              (유상증자),paid_in_capital_increase,20260921,negative,-70,C,Paid-in capital increases can create dilution concerns.,5,6,6,0,5,"9월 21일 주식시장 주요공시 | [N2 모닝 경제 브리핑-9월 22일] 美 증시, 유가·금리 하락에 상승 마감... | [주요공시] 삼성물산, 에스엠벡셀, 제이스로보틱스, 셀트리온, 에코프로...",2026-09-22,0.0174,0.021,,failure
042940,상지건설,권리락              (유상증자),paid_in_capital_increase,20260921,negative,-70,C,Paid-in capital increases can create dilution concerns.,5,6,6,0,5,"9월 21일 주식시장 주요공시 | [N2 모닝 경제 브리핑-9월 22일] 美 증시, 유가·금리 하락에 상승 마감... | [주요공시] 삼성물산, 에스엠벡셀, 제이스로보틱스, 셀트리온, 에코프로...",2026-09-22,0.0174,0.021,,failure
042940,상지건설,권리락              (유상증자),paid_in_capital_increase,20260921,negative,-70,C,Paid-in capital increases can create dilution concerns.,5,6,6,0,5,"9월 21일 주식시장 주요공시 | [N2 모닝 경제 브리핑-9월 22일] 美 증시, 유가·금리 하락에 상승 마감... | [주요공시] 삼성물산, 에스엠벡셀, 제이스로보틱스, 셀트리온, 에코프로...",2026-09-22,0.0174,0.021,,failure
042940,상지건설,권리락              (유상증자),paid_in_capital_increase,20260921,negative,-70,C,Paid-in capital increases can create dilution concerns.,5,6,6,0,5,"9월 21일 주식시장 주요공시 | [N2 모닝 경제 브리핑-9월 22일] 美 증시, 유가·금리 하락에 상승 마감... | [주요공시] 삼성물산, 에스엠벡셀, 제이스로보틱스, 셀트리온, 에코프로...",2026-09-22,0.0174,0.021,,failure
042940,상지건설,권리락              (유상증자),paid_in_capital_increase,20260921,negative,-70,C,Paid-in capital increases can create dilution concerns.,5,6,6,0,5,"9월 21일 주식시장 주요공시 | [N2 모닝 경제 브리핑-9월 22일] 美 증시, 유가·금리 하락에 상승 마감... | [주요공시] 삼성물산, 에스엠벡셀, 제이스로보틱스, 셀트리온, 에코프로...",2026-09-22,0.0174,0.021,,failure
042940,상지건설,권리락              (유상증자),paid_in_capital_increase,20260921,negative,-70,C,Paid-in capital increases can create dilution concerns.,5,6,6,0,5,"9월 21일 주식시장 주요공시 | [N2 모닝 경제 브리핑-9월 22일] 美 증시, 유가·금리 하락에 상승 마감... | [주요공시] 삼성물산, 에스엠벡셀, 제이스로보틱스, 셀트리온, 에코프로...",2026-09-22,0.0174,0.021,,failure
042940,상지건설,권리락              (유상증자),paid_in_capital_increase,20260921,negative,-70,C,Paid-in capital increases can create dilution concerns.,5,6,6,0,5,"9월 21일 주식시장 주요공시 | [N2 모닝 경제 브리핑-9월 22일] 美 증시, 유가·금리 하락에 상승 마감... | [주요공시] 삼성물산, 에스엠벡셀, 제이스로보틱스, 셀트리온, 에코프로...",2026-09-22,0.0174,0.021,,failure
042940,상지건설,권리락              (유상증자),paid_in_capital_increase,20260921,negative,-70,C,Paid-in capital increases can create dilution concerns.,5,6,6,0,5,"9월 21일 주식시장 주요공시 | [N2 모닝 경제 브리핑-9월 22일] 美 증시, 유가·금리 하락에 상승 마감... | [주요공시] 삼성물산, 에스엠벡셀, 제이스로보틱스, 셀트리온, 에코프로...",2026-09-22,0.0174,0.021,,failure
042940,상지건설,권리락              (유상증자),paid_in_capital_increase,20260921,negative,-70,C,Paid-in capital increases can create dilution concerns.,5,6,6,0,5,"9월 21일 주식시장 주요공시 | [N2 모닝 경제 브리핑-9월 22일] 美 증시, 유가·금리 하락에 상승 마감... | [주요공시] 삼성물산, 에스엠벡셀, 제이스로보틱스, 셀트리온, 에코프로...",2026-09-22,0.0174,0.021,,failure
042940,상지건설,권리락              (유상증자),paid_in_capital_increase,20260921,negative,-70,C,Paid-in capital increases can create dilution concerns.,5,6,6,0,5,"9월 21일 주식시장 주요공시 | [N2 모닝 경제 브리핑-9월 22일] 美 증시, 유가·금리 하락에 상승 마감... | [주요공시] 삼성물산, 에스엠벡셀, 제이스로보틱스, 셀트리온, 에코프로...",2026-09-22,0.0174,0.021,,failure
042940,상지건설,권리락              (유상증자),paid_in_capital_increase,20260921,negative,-70,C,Paid-in capital increases can create dilution concerns.,5,6,6,0,5,"9월 21일 주식시장 주요공시 | [N2 모닝 경제 브리핑-9월 22일] 美 증시, 유가·금리 하락에 상승 마감... | [주요공시] 삼성물산, 에스엠벡셀, 제이스로보틱스, 셀트리온, 에코프로...",2026-09-22,0.0174,0.021,,failure
042940,상지건설,권리락              (유상증자),paid_in_capital_increase,20260921,negative,-70,C,Paid-in capital increases can create dilution concerns.,5,6,6,0,5,"9월 21일 주식시장 주요공시 | [N2 모닝 경제 브리핑-9월 22일] 美 증시, 유가·금리 하락에 상승 마감... | [주요공시] 삼성물산, 에스엠벡셀, 제이스로보틱스, 셀트리온, 에코프로...",2026-09-22,0.0174,0.021,,failure
042940,상지건설,권리락              (유상증자),paid_in_capital_increase,20260921,negative,-70,C,Paid-in capital increases can create dilution concerns.,5,6,6,0,5,"9월 21일 주식시장 주요공시 | [N2 모닝 경제 브리핑-9월 22일] 美 증시, 유가·금리 하락에 상승 마감... | [주요공시] 삼성물산, 에스엠벡셀, 제이스로보틱스, 셀트리온, 에코프로...",2026-09-22,0.0174,0.021,,failure
042940,상지건설,권리락              (유상증자),paid_in_capital_increase,20260921,negative,-70,C,Paid-in capital increases can create dilution concerns.,5,6,6,0,5,"9월 21일 주식시장 주요공시 | [N2 모닝 경제 브리핑-9월 22일] 美 증시, 유가·금리 하락에 상승 마감... | [주요공시] 삼성물산, 에스엠벡셀, 제이스로보틱스, 셀트리온, 에코프로...",2026-09-22,0.0174,0.021,,failure
042940,상지건설,권리락              (유상증자),paid_in_capital_increase,20260921,negative,-70,C,Paid-in capital increases can create dilution concerns.,5,6,6,0,5,"9월 21일 주식시장 주요공시 | [N2 모닝 경제 브리핑-9월 22일] 美 증시, 유가·금리 하락에 상승 마감... | [주요공시] 삼성물산, 에스엠벡셀, 제이스로보틱스, 셀트리온, 에코프로...",2026-09-22,0.0174,0.021,,failure
042940,상지건설,권리락              (유상증자),paid_in_capital_increase,20260921,negative,-70,C,Paid-in capital increases can create dilution concerns.,5,6,6,0,5,"9월 21일 주식시장 주요공시 | [N2 모닝 경제 브리핑-9월 22일] 美 증시, 유가·금리 하락에 상승 마감... | [주요공시] 삼성물산, 에스엠벡셀, 제이스로보틱스, 셀트리온, 에코프로...",2026-09-22,0.0174,0.021,,failure
042940,상지건설,권리락              (유상증자),paid_in_capital_increase,20260921,negative,-70,C,Paid-in capital increases can create dilution concerns.,5,6,6,0,5,"9월 21일 주식시장 주요공시 | [N2 모닝 경제 브리핑-9월 22일] 美 증시, 유가·금리 하락에 상승 마감... | [주요공시] 삼성물산, 에스엠벡셀, 제이스로보틱스, 셀트리온, 에코프로...",2026-09-22,0.0174,0.021,,failure
042940,상지건설,권리락              (유상증자),paid_in_capital_increase,20260921,negative,-70,C,Paid-in capital increases can create dilution concerns.,5,6,6,0,5,"9월 21일 주식시장 주요공시 | [N2 모닝 경제 브리핑-9월 22일] 美 증시, 유가·금리 하락에 상승 마감... | [주요공시] 삼성물산, 에스엠벡셀, 제이스로보틱스, 셀트리온, 에코프로...",2026-09-22,0.0174,0.021,,failure
042940,상지건설,권리락              (유상증자),paid_in_capital_increase,20260921,negative,-70,C,Paid-in capital increases can create dilution concerns.,5,6,6,0,5,"9월 21일 주식시장 주요공시 | [N2 모닝 경제 브리핑-9월 22일] 美 증시, 유가·금리 하락에 상승 마감... | [주요공시] 삼성물산, 에스엠벡셀, 제이스로보틱스, 셀트리온, 에코프로...",2026-09-22,0.0174,0.021,,failure
042940,상지건설,권리락              (유상증자),paid_in_capital_increase,20260921,negative,-70,C,Paid-in capital increases can create dilution concerns.,5,6,6,0,5,"9월 21일 주식시장 주요공시 | [N2 모닝 경제 브리핑-9월 22일] 美 증시, 유가·금리 하락에 상승 마감... | [주요공시] 삼성물산, 에스엠벡셀, 제이스로보틱스, 셀트리온, 에코프로...",2026-09-22,0.0174,0.021,,failure
042940,상지건설,권리락              (유상증자),paid_in_capital_increase,20260921,negative,-70,C,Paid-in capital increases can create dilution concerns.,5,6,6,0,5,"9월 21일 주식시장 주요공시 | [N2 모닝 경제 브리핑-9월 22일] 美 증시, 유가·금리 하락에 상승 마감... | [주요공시] 삼성물산, 에스엠벡셀, 제이스로보틱스, 셀트리온, 에코프로...",2026-09-22,0.0174,0.021,,failure
042940,상지건설,권리락              (유상증자),paid_in_capital_increase,20260921,negative,-70,C,Paid-in capital increases can create dilution concerns.,5,6,6,0,5,"9월 21일 주식시장 주요공시 | [N2 모닝 경제 브리핑-9월 22일] 美 증시, 유가·금리 하락에 상승 마감... | [주요공시] 삼성물산, 에스엠벡셀, 제이스로보틱스, 셀트리온, 에코프로...",2026-09-22,0.0174,0.021,,failure
042940,상지건설,권리락              (유상증자),paid_in_capital_increase,20260921,negative,-70,C,Paid-in capital increases can create dilution concerns.,5,6,6,0,5,"9월 21일 주식시장 주요공시 | [N2 모닝 경제 브리핑-9월 22일] 美 증시, 유가·금리 하락에 상승 마감... | [주요공시] 삼성물산, 에스엠벡셀, 제이스로보틱스, 셀트리온, 에코프로...",2026-09-22,0.0174,0.021,,failure
042940,상지건설,권리락              (유상증자),paid_in_capital_increase,20260921,negative,-70,C,Paid-in capital increases can create dilution concerns.,5,6,6,0,5,"9월 21일 주식시장 주요공시 | [N2 모닝 경제 브리핑-9월 22일] 美 증시, 유가·금리 하락에 상승 마감... | [주요공시] 삼성물산, 에스엠벡셀, 제이스로보틱스, 셀트리온, 에코프로...",2026-09-22,0.0174,0.021,,failure
042940,상지건설,권리락              (유상증자),paid_in_capital_increase,20260921,negative,-70,C,Paid-in capital increases can create dilution concerns.,5,6,6,0,5,"9월 21일 주식시장 주요공시 | [N2 모닝 경제 브리핑-9월 22일] 美 증시, 유가·금리 하락에 상승 마감... | [주요공시] 삼성물산, 에스엠벡셀, 제이스로보틱스, 셀트리온, 에코프로...",2026-09-22,0.0174,0.021,,failure
042940,상지건설,권리락              (유상증자),paid_in_capital_increase,20260921,negative,-70,C,Paid-in capital increases can create dilution concerns.,5,6,6,0,5,"9월 21일 주식시장 주요공시 | [N2 모닝 경제 브리핑-9월 22일] 美 증시, 유가·금리 하락에 상승 마감... | [주요공시] 삼성물산, 에스엠벡셀, 제이스로보틱스, 셀트리온, 에코프로...",2026-09-22,0.0174,0.021,,failure
042940,상지건설,권리락              (유상증자),paid_in_capital_increase,20260921,negative,-70,C,Paid-in capital increases can create dilution concerns.,5,6,6,0,5,"9월 21일 주식시장 주요공시 | [N2 모닝 경제 브리핑-9월 22일] 美 증시, 유가·금리 하락에 상승 마감... | [주요공시] 삼성물산, 에스엠벡셀, 제이스로보틱스, 셀트리온, 에코프로...",2026-09-22,0.0174,0.021,,failure
042940,상지건설,권리락              (유상증자),paid_in_capital_increase,20260921,negative,-70,C,Paid-in capital increases can create dilution concerns.,5,6,6,0,5,"9월 21일 주식시장 주요공시 | [N2 모닝 경제 브리핑-9월 22일] 美 증시, 유가·금리 하락에 상승 마감... | [주요공시] 삼성물산, 에스엠벡셀, 제이스로보틱스, 셀트리온, 에코프로...",2026-09-22,0.0174,0.021,,failure
042940,상지건설,권리락              (유상증자),paid_in_capital_increase,20260921,negative,-70,C,Paid-in capital increases can create dilution concerns.,5,6,6,0,5,"9월 21일 주식시장 주요공시 | [N2 모닝 경제 브리핑-9월 22일] 美 증시, 유가·금리 하락에 상승 마감... | [주요공시] 삼성물산, 에스엠벡셀, 제이스로보틱스, 셀트리온, 에코프로...",2026-09-22,0.0174,0.021,,failure
042940,상지건설,권리락              (유상증자),paid_in_capital_increase,20260921,negative,-70,C,Paid-in capital increases can create dilution concerns.,5,6,6,0,5,"9월 21일 주식시장 주요공시 | [N2 모닝 경제 브리핑-9월 22일] 美 증시, 유가·금리 하락에 상승 마감... | [주요공시] 삼성물산, 에스엠벡셀, 제이스로보틱스, 셀트리온, 에코프로...",2026-09-22,0.0174,0.021,,failure
042940,상지건설,권리락              (유상증자),paid_in_capital_increase,20260921,negative,-70,C,Paid-in capital increases can create dilution concerns.,5,6,6,0,5,"9월 21일 주식시장 주요공시 | [N2 모닝 경제 브리핑-9월 22일] 美 증시, 유가·금리 하락에 상승 마감... | [주요공시] 삼성물산, 에스엠벡셀, 제이스로보틱스, 셀트리온, 에코프로...",2026-09-22,0.0174,0.021,,failure
042940,상지건설,권리락              (유상증자),paid_in_capital_increase,20260921,negative,-70,C,Paid-in capital increases can create dilution concerns.,5,6,6,0,5,"9월 21일 주식시장 주요공시 | [N2 모닝 경제 브리핑-9월 22일] 美 증시, 유가·금리 하락에 상승 마감... | [주요공시] 삼성물산, 에스엠벡셀, 제이스로보틱스, 셀트리온, 에코프로...",2026-09-22,0.0174,0.021,,failure
042940,상지건설,권리락              (유상증자),paid_in_capital_increase,20260921,negative,-70,C,Paid-in capital increases can create dilution concerns.,5,6,6,0,5,"9월 21일 주식시장 주요공시 | [N2 모닝 경제 브리핑-9월 22일] 美 증시, 유가·금리 하락에 상승 마감... | [주요공시] 삼성물산, 에스엠벡셀, 제이스로보틱스, 셀트리온, 에코프로...",2026-09-22,0.0174,0.021,,failure
042940,상지건설,권리락              (유상증자),paid_in_capital_increase,20260921,negative,-70,C,Paid-in capital increases can create dilution concerns.,5,6,6,0,5,"9월 21일 주식시장 주요공시 | [N2 모닝 경제 브리핑-9월 22일] 美 증시, 유가·금리 하락에 상승 마감... | [주요공시] 삼성물산, 에스엠벡셀, 제이스로보틱스, 셀트리온, 에코프로...",2026-09-22,0.0174,0.021,,failure
042940,상지건설,권리락              (유상증자),paid_in_capital_increase,20260921,negative,-70,C,Paid-in capital increases can create dilution concerns.,5,6,6,0,5,"9월 21일 주식시장 주요공시 | [N2 모닝 경제 브리핑-9월 22일] 美 증시, 유가·금리 하락에 상승 마감... | [주요공시] 삼성물산, 에스엠벡셀, 제이스로보틱스, 셀트리온, 에코프로...",2026-09-22,0.0174,0.021,,failure
042940,상지건설,권리락              (유상증자),paid_in_capital_increase,20260921,negative,-70,C,Paid-in capital increases can create dilution concerns.,5,6,6,0,5,"9월 21일 주식시장 주요공시 | [N2 모닝 경제 브리핑-9월 22일] 美 증시, 유가·금리 하락에 상승 마감... | [주요공시] 삼성물산, 에스엠벡셀, 제이스로보틱스, 셀트리온, 에코프로...",2026-09-22,0.0174,0.021,,failure
042940,상지건설,권리락              (유상증자),paid_in_capital_increase,20260921,negative,-70,C,Paid-in capital increases can create dilution concerns.,5,6,6,0,5,"9월 21일 주식시장 주요공시 | [N2 모닝 경제 브리핑-9월 22일] 美 증시, 유가·금리 하락에 상승 마감... | [주요공시] 삼성물산, 에스엠벡셀, 제이스로보틱스, 셀트리온, 에코프로...",2026-09-22,0.0174,0.021,,failure
042940,상지건설,권리락              (유상증자),paid_in_capital_increase,20260921,negative,-70,C,Paid-in capital increases can create dilution concerns.,5,6,6,0,5,"9월 21일 주식시장 주요공시 | [N2 모닝 경제 브리핑-9월 22일] 美 증시, 유가·금리 하락에 상승 마감... | [주요공시] 삼성물산, 에스엠벡셀, 제이스로보틱스, 셀트리온, 에코프로...",2026-09-22,0.0174,0.021,,failure
042940,상지건설,권리락              (유상증자),paid_in_capital_increase,20260921,negative,-70,C,Paid-in capital increases can create dilution concerns.,5,6,6,0,5,"9월 21일 주식시장 주요공시 | [N2 모닝 경제 브리핑-9월 22일] 美 증시, 유가·금리 하락에 상승 마감... | [주요공시] 삼성물산, 에스엠벡셀, 제이스로보틱스, 셀트리온, 에코프로...",2026-09-22,0.0174,0.021,,failure
042940,상지건설,권리락              (유상증자),paid_in_capital_increase,20260921,negative,-70,C,Paid-in capital increases can create dilution concerns.,5,6,6,0,5,"9월 21일 주식시장 주요공시 | [N2 모닝 경제 브리핑-9월 22일] 美 증시, 유가·금리 하락에 상승 마감... | [주요공시] 삼성물산, 에스엠벡셀, 제이스로보틱스, 셀트리온, 에코프로...",2026-09-22,0.0174,0.021,,failure
042940,상지건설,권리락              (유상증자),paid_in_capital_increase,20260921,negative,-70,C,Paid-in capital increases can create dilution concerns.,5,6,6,0,5,"9월 21일 주식시장 주요공시 | [N2 모닝 경제 브리핑-9월 22일] 美 증시, 유가·금리 하락에 상승 마감... | [주요공시] 삼성물산, 에스엠벡셀, 제이스로보틱스, 셀트리온, 에코프로...",2026-09-22,0.0174,0.021,,failure
042940,상지건설,권리락              (유상증자),paid_in_capital_increase,20260921,negative,-70,C,Paid-in capital increases can create dilution concerns.,5,6,6,0,5,"9월 21일 주식시장 주요공시 | [N2 모닝 경제 브리핑-9월 22일] 美 증시, 유가·금리 하락에 상승 마감... | [주요공시] 삼성물산, 에스엠벡셀, 제이스로보틱스, 셀트리온, 에코프로...",2026-09-22,0.0174,0.021,,failure
042940,상지건설,권리락              (유상증자),paid_in_capital_increase,20260921,negative,-70,C,Paid-in capital increases can create dilution concerns.,5,6,6,0,5,"9월 21일 주식시장 주요공시 | [N2 모닝 경제 브리핑-9월 22일] 美 증시, 유가·금리 하락에 상승 마감... | [주요공시] 삼성물산, 에스엠벡셀, 제이스로보틱스, 셀트리온, 에코프로...",2026-09-22,0.0174,0.021,,failure
042940,상지건설,권리락              (유상증자),paid_in_capital_increase,20260921,negative,-70,C,Paid-in capital increases can create dilution concerns.,5,6,6,0,5,"9월 21일 주식시장 주요공시 | [N2 모닝 경제 브리핑-9월 22일] 美 증시, 유가·금리 하락에 상승 마감... | [주요공시] 삼성물산, 에스엠벡셀, 제이스로보틱스, 셀트리온, 에코프로...",2026-09-22,0.0174,0.021,,failure
042940,상지건설,권리락              (유상증자),paid_in_capital_increase,20260921,negative,-70,C,Paid-in capital increases can create dilution concerns.,5,6,6,0,5,"9월 21일 주식시장 주요공시 | [N2 모닝 경제 브리핑-9월 22일] 美 증시, 유가·금리 하락에 상승 마감... | [주요공시] 삼성물산, 에스엠벡셀, 제이스로보틱스, 셀트리온, 에코프로...",2026-09-22,0.0174,0.021,,failure
042940,상지건설,권리락              (유상증자),paid_in_capital_increase,20260921,negative,-70,C,Paid-in capital increases can create dilution concerns.,5,6,6,0,5,"9월 21일 주식시장 주요공시 | [N2 모닝 경제 브리핑-9월 22일] 美 증시, 유가·금리 하락에 상승 마감... | [주요공시] 삼성물산, 에스엠벡셀, 제이스로보틱스, 셀트리온, 에코프로...",2026-09-22,0.0174,0.021,,failure
042940,상지건설,권리락              (유상증자),paid_in_capital_increase,20260921,negative,-70,C,Paid-in capital increases can create dilution concerns.,5,6,6,0,5,"9월 21일 주식시장 주요공시 | [N2 모닝 경제 브리핑-9월 22일] 美 증시, 유가·금리 하락에 상승 마감... | [주요공시] 삼성물산, 에스엠벡셀, 제이스로보틱스, 셀트리온, 에코프로...",2026-09-22,0.0174,0.021,,failure
042940,상지건설,권리락              (유상증자),paid_in_capital_increase,20260921,negative,-70,C,Paid-in capital increases can create dilution concerns.,5,6,6,0,5,"9월 21일 주식시장 주요공시 | [N2 모닝 경제 브리핑-9월 22일] 美 증시, 유가·금리 하락에 상승 마감... | [주요공시] 삼성물산, 에스엠벡셀, 제이스로보틱스, 셀트리온, 에코프로...",2026-09-22,0.0174,0.021,,failure
042940,상지건설,권리락              (유상증자),paid_in_capital_increase,20260921,negative,-70,C,Paid-in capital increases can create dilution concerns.,5,6,6,0,5,"9월 21일 주식시장 주요공시 | [N2 모닝 경제 브리핑-9월 22일] 美 증시, 유가·금리 하락에 상승 마감... | [주요공시] 삼성물산, 에스엠벡셀, 제이스로보틱스, 셀트리온, 에코프로...",2026-09-22,0.0174,0.021,,failure
042940,상지건설,권리락              (유상증자),paid_in_capital_increase,20260921,negative,-70,C,Paid-in capital increases can create dilution concerns.,5,6,6,0,5,"9월 21일 주식시장 주요공시 | [N2 모닝 경제 브리핑-9월 22일] 美 증시, 유가·금리 하락에 상승 마감... | [주요공시] 삼성물산, 에스엠벡셀, 제이스로보틱스, 셀트리온, 에코프로...",2026-09-22,0.0174,0.021,,failure
042940,상지건설,권리락              (유상증자),paid_in_capital_increase,20260921,negative,-70,C,Paid-in capital increases can create dilution concerns.,5,6,6,0,5,"9월 21일 주식시장 주요공시 | [N2 모닝 경제 브리핑-9월 22일] 美 증시, 유가·금리 하락에 상승 마감... | [주요공시] 삼성물산, 에스엠벡셀, 제이스로보틱스, 셀트리온, 에코프로...",2026-09-22,0.0174,0.021,,failure
042940,상지건설,권리락              (유상증자),paid_in_capital_increase,20260921,negative,-70,C,Paid-in capital increases can create dilution concerns.,5,6,6,0,5,"9월 21일 주식시장 주요공시 | [N2 모닝 경제 브리핑-9월 22일] 美 증시, 유가·금리 하락에 상승 마감... | [주요공시] 삼성물산, 에스엠벡셀, 제이스로보틱스, 셀트리온, 에코프로...",2026-09-22,0.0174,0.021,,failure
042940,상지건설,권리락              (유상증자),paid_in_capital_increase,20260921,negative,-70,C,Paid-in capital increases can create dilution concerns.,5,6,6,0,5,"9월 21일 주식시장 주요공시 | [N2 모닝 경제 브리핑-9월 22일] 美 증시, 유가·금리 하락에 상승 마감... | [주요공시] 삼성물산, 에스엠벡셀, 제이스로보틱스, 셀트리온, 에코프로...",2026-09-22,0.0174,0.021,,failure
042940,상지건설,권리락              (유상증자),paid_in_capital_increase,20260921,negative,-70,C,Paid-in capital increases can create dilution concerns.,5,6,6,0,5,"9월 21일 주식시장 주요공시 | [N2 모닝 경제 브리핑-9월 22일] 美 증시, 유가·금리 하락에 상승 마감... | [주요공시] 삼성물산, 에스엠벡셀, 제이스로보틱스, 셀트리온, 에코프로...",2026-09-22,0.0174,0.021,,failure
042940,상지건설,권리락              (유상증자),paid_in_capital_increase,20260921,negative,-70,C,Paid-in capital increases can create dilution concerns.,5,6,6,0,5,"9월 21일 주식시장 주요공시 | [N2 모닝 경제 브리핑-9월 22일] 美 증시, 유가·금리 하락에 상승 마감... | [주요공시] 삼성물산, 에스엠벡셀, 제이스로보틱스, 셀트리온, 에코프로...",2026-09-22,0.0174,0.021,,failure
042940,상지건설,권리락              (유상증자),paid_in_capital_increase,20260921,negative,-70,C,Paid-in capital increases can create dilution concerns.,5,6,6,0,5,"9월 21일 주식시장 주요공시 | [N2 모닝 경제 브리핑-9월 22일] 美 증시, 유가·금리 하락에 상승 마감... | [주요공시] 삼성물산, 에스엠벡셀, 제이스로보틱스, 셀트리온, 에코프로...",2026-09-22,0.0174,0.021,,failure
042940,상지건설,권리락              (유상증자),paid_in_capital_increase,20260921,negative,-70,C,Paid-in capital increases can create dilution concerns.,5,6,6,0,5,"9월 21일 주식시장 주요공시 | [N2 모닝 경제 브리핑-9월 22일] 美 증시, 유가·금리 하락에 상승 마감... | [주요공시] 삼성물산, 에스엠벡셀, 제이스로보틱스, 셀트리온, 에코프로...",2026-09-22,0.0174,0.021,,failure
042940,상지건설,권리락              (유상증자),paid_in_capital_increase,20260921,negative,-70,C,Paid-in capital increases can create dilution concerns.,5,6,6,0,5,"9월 21일 주식시장 주요공시 | [N2 모닝 경제 브리핑-9월 22일] 美 증시, 유가·금리 하락에 상승 마감... | [주요공시] 삼성물산, 에스엠벡셀, 제이스로보틱스, 셀트리온, 에코프로...",2026-09-22,0.0174,0.021,,failure
042940,상지건설,권리락              (유상증자),paid_in_capital_increase,20260921,negative,-70,C,Paid-in capital increases can create dilution concerns.,5,6,6,0,5,"9월 21일 주식시장 주요공시 | [N2 모닝 경제 브리핑-9월 22일] 美 증시, 유가·금리 하락에 상승 마감... | [주요공시] 삼성물산, 에스엠벡셀, 제이스로보틱스, 셀트리온, 에코프로...",2026-09-22,0.0174,0.021,,failure
042940,상지건설,권리락              (유상증자),paid_in_capital_increase,20260921,negative,-70,C,Paid-in capital increases can create dilution concerns.,5,6,6,0,5,"9월 21일 주식시장 주요공시 | [N2 모닝 경제 브리핑-9월 22일] 美 증시, 유가·금리 하락에 상승 마감... | [주요공시] 삼성물산, 에스엠벡셀, 제이스로보틱스, 셀트리온, 에코프로...",2026-09-22,0.0174,0.021,,failure
042940,상지건설,권리락              (유상증자),paid_in_capital_increase,20260921,negative,-70,C,Paid-in capital increases can create dilution concerns.,5,6,6,0,5,"9월 21일 주식시장 주요공시 | [N2 모닝 경제 브리핑-9월 22일] 美 증시, 유가·금리 하락에 상승 마감... | [주요공시] 삼성물산, 에스엠벡셀, 제이스로보틱스, 셀트리온, 에코프로...",2026-09-22,0.0174,0.021,,failure
042940,상지건설,권리락              (유상증자),paid_in_capital_increase,20260921,negative,-70,C,Paid-in capital increases can create dilution concerns.,5,6,6,0,5,"9월 21일 주식시장 주요공시 | [N2 모닝 경제 브리핑-9월 22일] 美 증시, 유가·금리 하락에 상승 마감... | [주요공시] 삼성물산, 에스엠벡셀, 제이스로보틱스, 셀트리온, 에코프로...",2026-09-22,0.0174,0.021,,failure
042940,상지건설,권리락              (유상증자),paid_in_capital_increase,20260921,negative,-70,C,Paid-in capital increases can create dilution concerns.,5,6,6,0,5,"9월 21일 주식시장 주요공시 | [N2 모닝 경제 브리핑-9월 22일] 美 증시, 유가·금리 하락에 상승 마감... | [주요공시] 삼성물산, 에스엠벡셀, 제이스로보틱스, 셀트리온, 에코프로...",2026-09-22,0.0174,0.021,,failure
042940,상지건설,권리락              (유상증자),paid_in_capital_increase,20260921,negative,-70,C,Paid-in capital increases can create dilution concerns.,5,6,6,0,5,"9월 21일 주식시장 주요공시 | [N2 모닝 경제 브리핑-9월 22일] 美 증시, 유가·금리 하락에 상승 마감... | [주요공시] 삼성물산, 에스엠벡셀, 제이스로보틱스, 셀트리온, 에코프로...",2026-09-22,0.0174,0.021,,failure
042940,상지건설,권리락              (유상증자),paid_in_capital_increase,20260921,negative,-70,C,Paid-in capital increases can create dilution concerns.,5,6,6,0,5,"9월 21일 주식시장 주요공시 | [N2 모닝 경제 브리핑-9월 22일] 美 증시, 유가·금리 하락에 상승 마감... | [주요공시] 삼성물산, 에스엠벡셀, 제이스로보틱스, 셀트리온, 에코프로...",2026-09-22,0.0174,0.021,,failure
042940,상지건설,권리락              (유상증자),paid_in_capital_increase,20260921,negative,-70,C,Paid-in capital increases can create dilution concerns.,5,6,6,0,5,"9월 21일 주식시장 주요공시 | [N2 모닝 경제 브리핑-9월 22일] 美 증시, 유가·금리 하락에 상승 마감... | [주요공시] 삼성물산, 에스엠벡셀, 제이스로보틱스, 셀트리온, 에코프로...",2026-09-22,0.0174,0.021,,failure
042940,상지건설,권리락              (유상증자),paid_in_capital_increase,20260921,negative,-70,C,Paid-in capital increases can create dilution concerns.,5,6,6,0,5,"9월 21일 주식시장 주요공시 | [N2 모닝 경제 브리핑-9월 22일] 美 증시, 유가·금리 하락에 상승 마감... | [주요공시] 삼성물산, 에스엠벡셀, 제이스로보틱스, 셀트리온, 에코프로...",2026-09-22,0.0174,0.021,,failure
042940,상지건설,권리락              (유상증자),paid_in_capital_increase,20260921,negative,-70,C,Paid-in capital increases can create dilution concerns.,5,6,6,0,5,"9월 21일 주식시장 주요공시 | [N2 모닝 경제 브리핑-9월 22일] 美 증시, 유가·금리 하락에 상승 마감... | [주요공시] 삼성물산, 에스엠벡셀, 제이스로보틱스, 셀트리온, 에코프로...",2026-09-22,0.0174,0.021,,failure
042940,상지건설,권리락              (유상증자),paid_in_capital_increase,20260921,negative,-70,C,Paid-in capital increases can create dilution concerns.,5,6,6,0,5,"9월 21일 주식시장 주요공시 | [N2 모닝 경제 브리핑-9월 22일] 美 증시, 유가·금리 하락에 상승 마감... | [주요공시] 삼성물산, 에스엠벡셀, 제이스로보틱스, 셀트리온, 에코프로...",2026-09-22,0.0174,0.021,,failure
042940,상지건설,권리락              (유상증자),paid_in_capital_increase,20260921,negative,-70,C,Paid-in capital increases can create dilution concerns.,5,6,6,0,5,"9월 21일 주식시장 주요공시 | [N2 모닝 경제 브리핑-9월 22일] 美 증시, 유가·금리 하락에 상승 마감... | [주요공시] 삼성물산, 에스엠벡셀, 제이스로보틱스, 셀트리온, 에코프로...",2026-09-22,0.0174,0.021,,failure
042940,상지건설,권리락              (유상증자),paid_in_capital_increase,20260921,negative,-70,C,Paid-in capital increases can create dilution concerns.,5,6,6,0,5,"9월 21일 주식시장 주요공시 | [N2 모닝 경제 브리핑-9월 22일] 美 증시, 유가·금리 하락에 상승 마감... | [주요공시] 삼성물산, 에스엠벡셀, 제이스로보틱스, 셀트리온, 에코프로...",2026-09-22,0.0174,0.021,,failure
042940,상지건설,권리락              (유상증자),paid_in_capital_increase,20260921,negative,-70,C,Paid-in capital increases can create dilution concerns.,5,6,6,0,5,"9월 21일 주식시장 주요공시 | [N2 모닝 경제 브리핑-9월 22일] 美 증시, 유가·금리 하락에 상승 마감... | [주요공시] 삼성물산, 에스엠벡셀, 제이스로보틱스, 셀트리온, 에코프로...",2026-09-22,0.0174,0.021,,failure
042940,상지건설,권리락              (유상증자),paid_in_capital_increase,20260921,negative,-70,C,Paid-in capital increases can create dilution concerns.,5,6,6,0,5,"9월 21일 주식시장 주요공시 | [N2 모닝 경제 브리핑-9월 22일] 美 증시, 유가·금리 하락에 상승 마감... | [주요공시] 삼성물산, 에스엠벡셀, 제이스로보틱스, 셀트리온, 에코프로...",2026-09-22,0.0174,0.021,,failure
042940,상지건설,권리락              (유상증자),paid_in_capital_increase,20260921,negative,-70,C,Paid-in capital increases can create dilution concerns.,5,6,6,0,5,"9월 21일 주식시장 주요공시 | [N2 모닝 경제 브리핑-9월 22일] 美 증시, 유가·금리 하락에 상승 마감... | [주요공시] 삼성물산, 에스엠벡셀, 제이스로보틱스, 셀트리온, 에코프로...",2026-09-22,0.0174,0.021,,failure
042940,상지건설,권리락              (유상증자),paid_in_capital_increase,20260921,negative,-70,C,Paid-in capital increases can create dilution concerns.,5,6,6,0,5,"9월 21일 주식시장 주요공시 | [N2 모닝 경제 브리핑-9월 22일] 美 증시, 유가·금리 하락에 상승 마감... | [주요공시] 삼성물산, 에스엠벡셀, 제이스로보틱스, 셀트리온, 에코프로...",2026-09-22,0.0174,0.021,,failure
042940,상지건설,권리락              (유상증자),paid_in_capital_increase,20260921,negative,-70,C,Paid-in capital increases can create dilution concerns.,5,6,6,0,5,"9월 21일 주식시장 주요공시 | [N2 모닝 경제 브리핑-9월 22일] 美 증시, 유가·금리 하락에 상승 마감... | [주요공시] 삼성물산, 에스엠벡셀, 제이스로보틱스, 셀트리온, 에코프로...",2026-09-22,0.0174,0.021,,failure
042940,상지건설,권리락              (유상증자),paid_in_capital_increase,20260921,negative,-70,C,Paid-in capital increases can create dilution concerns.,5,6,6,0,5,"9월 21일 주식시장 주요공시 | [N2 모닝 경제 브리핑-9월 22일] 美 증시, 유가·금리 하락에 상승 마감... | [주요공시] 삼성물산, 에스엠벡셀, 제이스로보틱스, 셀트리온, 에코프로...",2026-09-22,0.0174,0.021,,failure
042940,상지건설,권리락              (유상증자),paid_in_capital_increase,20260921,negative,-70,C,Paid-in capital increases can create dilution concerns.,5,6,6,0,5,"9월 21일 주식시장 주요공시 | [N2 모닝 경제 브리핑-9월 22일] 美 증시, 유가·금리 하락에 상승 마감... | [주요공시] 삼성물산, 에스엠벡셀, 제이스로보틱스, 셀트리온, 에코프로...",2026-09-22,0.0174,0.021,,failure
042940,상지건설,권리락              (유상증자),paid_in_capital_increase,20260921,negative,-70,C,Paid-in capital increases can create dilution concerns.,5,6,6,0,5,"9월 21일 주식시장 주요공시 | [N2 모닝 경제 브리핑-9월 22일] 美 증시, 유가·금리 하락에 상승 마감... | [주요공시] 삼성물산, 에스엠벡셀, 제이스로보틱스, 셀트리온, 에코프로...",2026-09-22,0.0174,0.021,,failure
042940,상지건설,권리락              (유상증자),paid_in_capital_increase,20260921,negative,-70,C,Paid-in capital increases can create dilution concerns.,5,6,6,0,5,"9월 21일 주식시장 주요공시 | [N2 모닝 경제 브리핑-9월 22일] 美 증시, 유가·금리 하락에 상승 마감... | [주요공시] 삼성물산, 에스엠벡셀, 제이스로보틱스, 셀트리온, 에코프로...",2026-09-22,0.0174,0.021,,failure
042940,상지건설,권리락              (유상증자),paid_in_capital_increase,20260921,negative,-70,C,Paid-in capital increases can create dilution concerns.,5,6,6,0,5,"9월 21일 주식시장 주요공시 | [N2 모닝 경제 브리핑-9월 22일] 美 증시, 유가·금리 하락에 상승 마감... | [주요공시] 삼성물산, 에스엠벡셀, 제이스로보틱스, 셀트리온, 에코프로...",2026-09-22,0.0174,0.021,,failure
042940,상지건설,권리락              (유상증자),paid_in_capital_increase,20260921,negative,-70,C,Paid-in capital increases can create dilution concerns.,5,6,6,0,5,"9월 21일 주식시장 주요공시 | [N2 모닝 경제 브리핑-9월 22일] 美 증시, 유가·금리 하락에 상승 마감... | [주요공시] 삼성물산, 에스엠벡셀, 제이스로보틱스, 셀트리온, 에코프로...",2026-09-22,0.0174,0.021,,failure
042940,상지건설,권리락              (유상증자),paid_in_capital_increase,20260921,negative,-70,C,Paid-in capital increases can create dilution concerns.,5,6,6,0,5,"9월 21일 주식시장 주요공시 | [N2 모닝 경제 브리핑-9월 22일] 美 증시, 유가·금리 하락에 상승 마감... | [주요공시] 삼성물산, 에스엠벡셀, 제이스로보틱스, 셀트리온, 에코프로...",2026-09-22,0.0174,0.021,,failure
042940,상지건설,권리락              (유상증자),paid_in_capital_increase,20260921,negative,-70,C,Paid-in capital increases can create dilution concerns.,5,6,6,0,5,"9월 21일 주식시장 주요공시 | [N2 모닝 경제 브리핑-9월 22일] 美 증시, 유가·금리 하락에 상승 마감... | [주요공시] 삼성물산, 에스엠벡셀, 제이스로보틱스, 셀트리온, 에코프로...",2026-09-22,0.0174,0.021,,failure
042940,상지건설,권리락              (유상증자),paid_in_capital_increase,20260921,negative,-70,C,Paid-in capital increases can create dilution concerns.,5,6,6,0,5,"9월 21일 주식시장 주요공시 | [N2 모닝 경제 브리핑-9월 22일] 美 증시, 유가·금리 하락에 상승 마감... | [주요공시] 삼성물산, 에스엠벡셀, 제이스로보틱스, 셀트리온, 에코프로...",2026-09-22,0.0174,0.021,,failure
042940,상지건설,권리락              (유상증자),paid_in_capital_increase,20260921,negative,-70,C,Paid-in capital increases can create dilution concerns.,5,6,6,0,5,"9월 21일 주식시장 주요공시 | [N2 모닝 경제 브리핑-9월 22일] 美 증시, 유가·금리 하락에 상승 마감... | [주요공시] 삼성물산, 에스엠벡셀, 제이스로보틱스, 셀트리온, 에코프로...",2026-09-22,0.0174,0.021,,failure
042940,상지건설,권리락              (유상증자),paid_in_capital_increase,20260921,negative,-70,C,Paid-in capital increases can create dilution concerns.,5,6,6,0,5,"9월 21일 주식시장 주요공시 | [N2 모닝 경제 브리핑-9월 22일] 美 증시, 유가·금리 하락에 상승 마감... | [주요공시] 삼성물산, 에스엠벡셀, 제이스로보틱스, 셀트리온, 에코프로...",2026-09-22,0.0174,0.021,,failure
042940,상지건설,권리락              (유상증자),paid_in_capital_increase,20260921,negative,-70,C,Paid-in capital increases can create dilution concerns.,5,6,6,0,5,"9월 21일 주식시장 주요공시 | [N2 모닝 경제 브리핑-9월 22일] 美 증시, 유가·금리 하락에 상승 마감... | [주요공시] 삼성물산, 에스엠벡셀, 제이스로보틱스, 셀트리온, 에코프로...",2026-09-22,0.0174,0.021,,failure
042940,상지건설,권리락              (유상증자),paid_in_capital_increase,20260921,negative,-70,C,Paid-in capital increases can create dilution concerns.,5,6,6,0,5,"9월 21일 주식시장 주요공시 | [N2 모닝 경제 브리핑-9월 22일] 美 증시, 유가·금리 하락에 상승 마감... | [주요공시] 삼성물산, 에스엠벡셀, 제이스로보틱스, 셀트리온, 에코프로...",2026-09-22,0.0174,0.021,,failure
042940,상지건설,권리락              (유상증자),paid_in_capital_increase,20260921,negative,-70,C,Paid-in capital increases can create dilution concerns.,5,6,6,0,5,"9월 21일 주식시장 주요공시 | [N2 모닝 경제 브리핑-9월 22일] 美 증시, 유가·금리 하락에 상승 마감... | [주요공시] 삼성물산, 에스엠벡셀, 제이스로보틱스, 셀트리온, 에코프로...",2026-09-22,0.0174,0.021,,failure
042940,상지건설,권리락              (유상증자),paid_in_capital_increase,20260921,negative,-70,C,Paid-in capital increases can create dilution concerns.,5,6,6,0,5,"9월 21일 주식시장 주요공시 | [N2 모닝 경제 브리핑-9월 22일] 美 증시, 유가·금리 하락에 상승 마감... | [주요공시] 삼성물산, 에스엠벡셀, 제이스로보틱스, 셀트리온, 에코프로...",2026-09-22,0.0174,0.021,,failure
042940,상지건설,권리락              (유상증자),paid_in_capital_increase,20260921,negative,-70,C,Paid-in capital increases can create dilution concerns.,5,6,6,0,5,"9월 21일 주식시장 주요공시 | [N2 모닝 경제 브리핑-9월 22일] 美 증시, 유가·금리 하락에 상승 마감... | [주요공시] 삼성물산, 에스엠벡셀, 제이스로보틱스, 셀트리온, 에코프로...",2026-09-22,0.0174,0.021,,failure
042940,상지건설,권리락              (유상증자),paid_in_capital_increase,20260921,negative,-70,C,Paid-in capital increases can create dilution concerns.,5,6,6,0,5,"9월 21일 주식시장 주요공시 | [N2 모닝 경제 브리핑-9월 22일] 美 증시, 유가·금리 하락에 상승 마감... | [주요공시] 삼성물산, 에스엠벡셀, 제이스로보틱스, 셀트리온, 에코프로...",2026-09-22,0.0174,0.021,,failure
042940,상지건설,권리락              (유상증자),paid_in_capital_increase,20260921,negative,-70,C,Paid-in capital increases can create dilution concerns.,5,6,6,0,5,"9월 21일 주식시장 주요공시 | [N2 모닝 경제 브리핑-9월 22일] 美 증시, 유가·금리 하락에 상승 마감... | [주요공시] 삼성물산, 에스엠벡셀, 제이스로보틱스, 셀트리온, 에코프로...",2026-09-22,0.0174,0.021,,failure
042940,상지건설,권리락              (유상증자),paid_in_capital_increase,20260921,negative,-70,C,Paid-in capital increases can create dilution concerns.,5,6,6,0,5,"9월 21일 주식시장 주요공시 | [N2 모닝 경제 브리핑-9월 22일] 美 증시, 유가·금리 하락에 상승 마감... | [주요공시] 삼성물산, 에스엠벡셀, 제이스로보틱스, 셀트리온, 에코프로...",2026-09-22,0.0174,0.021,,failure
042940,상지건설,권리락              (유상증자),paid_in_capital_increase,20260921,negative,-70,C,Paid-in capital increases can create dilution concerns.,5,6,6,0,5,"9월 21일 주식시장 주요공시 | [N2 모닝 경제 브리핑-9월 22일] 美 증시, 유가·금리 하락에 상승 마감... | [주요공시] 삼성물산, 에스엠벡셀, 제이스로보틱스, 셀트리온, 에코프로...",2026-09-22,0.0174,0.021,,failure
042940,상지건설,권리락              (유상증자),paid_in_capital_increase,20260921,negative,-70,C,Paid-in capital increases can create dilution concerns.,5,6,6,0,5,"9월 21일 주식시장 주요공시 | [N2 모닝 경제 브리핑-9월 22일] 美 증시, 유가·금리 하락에 상승 마감... | [주요공시] 삼성물산, 에스엠벡셀, 제이스로보틱스, 셀트리온, 에코프로...",2026-09-22,0.0174,0.021,,failure
042940,상지건설,권리락              (유상증자),paid_in_capital_increase,20260921,negative,-70,C,Paid-in capital increases can create dilution concerns.,5,6,6,0,5,"9월 21일 주식시장 주요공시 | [N2 모닝 경제 브리핑-9월 22일] 美 증시, 유가·금리 하락에 상승 마감... | [주요공시] 삼성물산, 에스엠벡셀, 제이스로보틱스, 셀트리온, 에코프로...",2026-09-22,0.0174,0.021,,failure
042940,상지건설,권리락              (유상증자),paid_in_capital_increase,20260921,negative,-70,C,Paid-in capital increases can create dilution concerns.,5,6,6,0,5,"9월 21일 주식시장 주요공시 | [N2 모닝 경제 브리핑-9월 22일] 美 증시, 유가·금리 하락에 상승 마감... | [주요공시] 삼성물산, 에스엠벡셀, 제이스로보틱스, 셀트리온, 에코프로...",2026-09-22,0.0174,0.021,,failure
042940,상지건설,권리락              (유상증자),paid_in_capital_increase,20260921,negative,-70,C,Paid-in capital increases can create dilution concerns.,5,6,6,0,5,"9월 21일 주식시장 주요공시 | [N2 모닝 경제 브리핑-9월 22일] 美 증시, 유가·금리 하락에 상승 마감... | [주요공시] 삼성물산, 에스엠벡셀, 제이스로보틱스, 셀트리온, 에코프로...",2026-09-22,0.0174,0.021,,failure
042940,상지건설,권리락              (유상증자),paid_in_capital_increase,20260921,negative,-70,C,Paid-in capital increases can create dilution concerns.,5,6,6,0,5,"9월 21일 주식시장 주요공시 | [N2 모닝 경제 브리핑-9월 22일] 美 증시, 유가·금리 하락에 상승 마감... | [주요공시] 삼성물산, 에스엠벡셀, 제이스로보틱스, 셀트리온, 에코프로...",2026-09-22,0.0174,0.021,,failure
042940,상지건설,권리락              (유상증자),paid_in_capital_increase,20260921,negative,-70,C,Paid-in capital increases can create dilution concerns.,5,6,6,0,5,"9월 21일 주식시장 주요공시 | [N2 모닝 경제 브리핑-9월 22일] 美 증시, 유가·금리 하락에 상승 마감... | [주요공시] 삼성물산, 에스엠벡셀, 제이스로보틱스, 셀트리온, 에코프로...",2026-09-22,0.0174,0.021,,failure
042940,상지건설,권리락              (유상증자),paid_in_capital_increase,20260921,negative,-70,C,Paid-in capital increases can create dilution concerns.,5,6,6,0,5,"9월 21일 주식시장 주요공시 | [N2 모닝 경제 브리핑-9월 22일] 美 증시, 유가·금리 하락에 상승 마감... | [주요공시] 삼성물산, 에스엠벡셀, 제이스로보틱스, 셀트리온, 에코프로...",2026-09-22,0.0174,0.021,,failure
042940,상지건설,권리락              (유상증자),paid_in_capital_increase,20260921,negative,-70,C,Paid-in capital increases can create dilution concerns.,5,6,6,0,5,"9월 21일 주식시장 주요공시 | [N2 모닝 경제 브리핑-9월 22일] 美 증시, 유가·금리 하락에 상승 마감... | [주요공시] 삼성물산, 에스엠벡셀, 제이스로보틱스, 셀트리온, 에코프로...",2026-09-22,0.0174,0.021,,failure
042940,상지건설,권리락              (유상증자),paid_in_capital_increase,20260921,negative,-70,C,Paid-in capital increases can create dilution concerns.,5,6,6,0,5,"9월 21일 주식시장 주요공시 | [N2 모닝 경제 브리핑-9월 22일] 美 증시, 유가·금리 하락에 상승 마감... | [주요공시] 삼성물산, 에스엠벡셀, 제이스로보틱스, 셀트리온, 에코프로...",2026-09-22,0.0174,0.021,,failure
042940,상지건설,권리락              (유상증자),paid_in_capital_increase,20260921,negative,-70,C,Paid-in capital increases can create dilution concerns.,5,6,6,0,5,"9월 21일 주식시장 주요공시 | [N2 모닝 경제 브리핑-9월 22일] 美 증시, 유가·금리 하락에 상승 마감... | [주요공시] 삼성물산, 에스엠벡셀, 제이스로보틱스, 셀트리온, 에코프로...",2026-09-22,0.0174,0.021,,failure
042940,상지건설,권리락              (유상증자),paid_in_capital_increase,20260921,negative,-70,C,Paid-in capital increases can create dilution concerns.,5,6,6,0,5,"9월 21일 주식시장 주요공시 | [N2 모닝 경제 브리핑-9월 22일] 美 증시, 유가·금리 하락에 상승 마감... | [주요공시] 삼성물산, 에스엠벡셀, 제이스로보틱스, 셀트리온, 에코프로...",2026-09-22,0.0174,0.021,,failure
042940,상지건설,권리락              (유상증자),paid_in_capital_increase,20260921,negative,-70,C,Paid-in capital increases can create dilution concerns.,5,6,6,0,5,"9월 21일 주식시장 주요공시 | [N2 모닝 경제 브리핑-9월 22일] 美 증시, 유가·금리 하락에 상승 마감... | [주요공시] 삼성물산, 에스엠벡셀, 제이스로보틱스, 셀트리온, 에코프로...",2026-09-22,0.0174,0.021,,failure
042940,상지건설,권리락              (유상증자),paid_in_capital_increase,20260921,negative,-70,C,Paid-in capital increases can create dilution concerns.,5,6,6,0,5,"9월 21일 주식시장 주요공시 | [N2 모닝 경제 브리핑-9월 22일] 美 증시, 유가·금리 하락에 상승 마감... | [주요공시] 삼성물산, 에스엠벡셀, 제이스로보틱스, 셀트리온, 에코프로...",2026-09-22,0.0174,0.021,,failure
042940,상지건설,권리락              (유상증자),paid_in_capital_increase,20260921,negative,-70,C,Paid-in capital increases can create dilution concerns.,5,6,6,0,5,"9월 21일 주식시장 주요공시 | [N2 모닝 경제 브리핑-9월 22일] 美 증시, 유가·금리 하락에 상승 마감... | [주요공시] 삼성물산, 에스엠벡셀, 제이스로보틱스, 셀트리온, 에코프로...",2026-09-22,0.0174,0.021,,failure
042940,상지건설,권리락              (유상증자),paid_in_capital_increase,20260921,negative,-70,C,Paid-in capital increases can create dilution concerns.,5,6,6,0,5,"9월 21일 주식시장 주요공시 | [N2 모닝 경제 브리핑-9월 22일] 美 증시, 유가·금리 하락에 상승 마감... | [주요공시] 삼성물산, 에스엠벡셀, 제이스로보틱스, 셀트리온, 에코프로...",2026-09-22,0.0174,0.021,,failure
042940,상지건설,권리락              (유상증자),paid_in_capital_increase,20260921,negative,-70,C,Paid-in capital increases can create dilution concerns.,5,6,6,0,5,"9월 21일 주식시장 주요공시 | [N2 모닝 경제 브리핑-9월 22일] 美 증시, 유가·금리 하락에 상승 마감... | [주요공시] 삼성물산, 에스엠벡셀, 제이스로보틱스, 셀트리온, 에코프로...",2026-09-22,0.0174,0.021,,failure
042940,상지건설,권리락              (유상증자),paid_in_capital_increase,20260921,negative,-70,C,Paid-in capital increases can create dilution concerns.,5,6,6,0,5,"9월 21일 주식시장 주요공시 | [N2 모닝 경제 브리핑-9월 22일] 美 증시, 유가·금리 하락에 상승 마감... | [주요공시] 삼성물산, 에스엠벡셀, 제이스로보틱스, 셀트리온, 에코프로...",2026-09-22,0.0174,0.021,,failure
042940,상지건설,권리락              (유상증자),paid_in_capital_increase,20260921,negative,-70,C,Paid-in capital increases can create dilution concerns.,5,6,6,0,5,"9월 21일 주식시장 주요공시 | [N2 모닝 경제 브리핑-9월 22일] 美 증시, 유가·금리 하락에 상승 마감... | [주요공시] 삼성물산, 에스엠벡셀, 제이스로보틱스, 셀트리온, 에코프로...",2026-09-22,0.0174,0.021,,failure
042940,상지건설,권리락              (유상증자),paid_in_capital_increase,20260921,negative,-70,C,Paid-in capital increases can create dilution concerns.,5,6,6,0,5,"9월 21일 주식시장 주요공시 | [N2 모닝 경제 브리핑-9월 22일] 美 증시, 유가·금리 하락에 상승 마감... | [주요공시] 삼성물산, 에스엠벡셀, 제이스로보틱스, 셀트리온, 에코프로...",2026-09-22,0.0174,0.021,,failure
042940,상지건설,권리락              (유상증자),paid_in_capital_increase,20260921,negative,-70,C,Paid-in capital increases can create dilution concerns.,5,6,6,0,5,"9월 21일 주식시장 주요공시 | [N2 모닝 경제 브리핑-9월 22일] 美 증시, 유가·금리 하락에 상승 마감... | [주요공시] 삼성물산, 에스엠벡셀, 제이스로보틱스, 셀트리온, 에코프로...",2026-09-22,0.0174,0.021,,failure
042940,상지건설,권리락              (유상증자),paid_in_capital_increase,20260921,negative,-70,C,Paid-in capital increases can create dilution concerns.,5,6,6,0,5,"9월 21일 주식시장 주요공시 | [N2 모닝 경제 브리핑-9월 22일] 美 증시, 유가·금리 하락에 상승 마감... | [주요공시] 삼성물산, 에스엠벡셀, 제이스로보틱스, 셀트리온, 에코프로...",2026-09-22,0.0174,0.021,,failure
042940,상지건설,권리락              (유상증자),paid_in_capital_increase,20260921,negative,-70,C,Paid-in capital increases can create dilution concerns.,5,6,6,0,5,"9월 21일 주식시장 주요공시 | [N2 모닝 경제 브리핑-9월 22일] 美 증시, 유가·금리 하락에 상승 마감... | [주요공시] 삼성물산, 에스엠벡셀, 제이스로보틱스, 셀트리온, 에코프로...",2026-09-22,0.0174,0.021,,failure
042940,상지건설,권리락              (유상증자),paid_in_capital_increase,20260921,negative,-70,C,Paid-in capital increases can create dilution concerns.,5,6,6,0,5,"9월 21일 주식시장 주요공시 | [N2 모닝 경제 브리핑-9월 22일] 美 증시, 유가·금리 하락에 상승 마감... | [주요공시] 삼성물산, 에스엠벡셀, 제이스로보틱스, 셀트리온, 에코프로...",2026-09-22,0.0174,0.021,,failure
042940,상지건설,권리락              (유상증자),paid_in_capital_increase,20260921,negative,-70,C,Paid-in capital increases can create dilution concerns.,5,6,6,0,5,"9월 21일 주식시장 주요공시 | [N2 모닝 경제 브리핑-9월 22일] 美 증시, 유가·금리 하락에 상승 마감... | [주요공시] 삼성물산, 에스엠벡셀, 제이스로보틱스, 셀트리온, 에코프로...",2026-09-22,0.0174,0.021,,failure
042940,상지건설,권리락              (유상증자),paid_in_capital_increase,20260921,negative,-70,C,Paid-in capital increases can create dilution concerns.,5,6,6,0,5,"9월 21일 주식시장 주요공시 | [N2 모닝 경제 브리핑-9월 22일] 美 증시, 유가·금리 하락에 상승 마감... | [주요공시] 삼성물산, 에스엠벡셀, 제이스로보틱스, 셀트리온, 에코프로...",2026-09-22,0.0174,0.021,,failure
042940,상지건설,권리락              (유상증자),paid_in_capital_increase,20260921,negative,-70,C,Paid-in capital increases can create dilution concerns.,5,6,6,0,5,"9월 21일 주식시장 주요공시 | [N2 모닝 경제 브리핑-9월 22일] 美 증시, 유가·금리 하락에 상승 마감... | [주요공시] 삼성물산, 에스엠벡셀, 제이스로보틱스, 셀트리온, 에코프로...",2026-09-22,0.0174,0.021,,failure
042940,상지건설,권리락              (유상증자),paid_in_capital_increase,20260921,negative,-70,C,Paid-in capital increases can create dilution concerns.,5,6,6,0,5,"9월 21일 주식시장 주요공시 | [N2 모닝 경제 브리핑-9월 22일] 美 증시, 유가·금리 하락에 상승 마감... | [주요공시] 삼성물산, 에스엠벡셀, 제이스로보틱스, 셀트리온, 에코프로...",2026-09-22,0.0174,0.021,,failure
042940,상지건설,권리락              (유상증자),paid_in_capital_increase,20260921,negative,-70,C,Paid-in capital increases can create dilution concerns.,5,6,6,0,5,"9월 21일 주식시장 주요공시 | [N2 모닝 경제 브리핑-9월 22일] 美 증시, 유가·금리 하락에 상승 마감... | [주요공시] 삼성물산, 에스엠벡셀, 제이스로보틱스, 셀트리온, 에코프로...",2026-09-22,0.0174,0.021,,failure
042940,상지건설,권리락              (유상증자),paid_in_capital_increase,20260921,negative,-70,C,Paid-in capital increases can create dilution concerns.,5,6,6,0,5,"9월 21일 주식시장 주요공시 | [N2 모닝 경제 브리핑-9월 22일] 美 증시, 유가·금리 하락에 상승 마감... | [주요공시] 삼성물산, 에스엠벡셀, 제이스로보틱스, 셀트리온, 에코프로...",2026-09-22,0.0174,0.021,,failure
042940,상지건설,권리락              (유상증자),paid_in_capital_increase,20260921,negative,-70,C,Paid-in capital increases can create dilution concerns.,5,6,6,0,5,"9월 21일 주식시장 주요공시 | [N2 모닝 경제 브리핑-9월 22일] 美 증시, 유가·금리 하락에 상승 마감... | [주요공시] 삼성물산, 에스엠벡셀, 제이스로보틱스, 셀트리온, 에코프로...",2026-09-22,0.0174,0.021,,failure
042940,상지건설,권리락              (유상증자),paid_in_capital_increase,20260921,negative,-70,C,Paid-in capital increases can create dilution concerns.,5,6,6,0,5,"9월 21일 주식시장 주요공시 | [N2 모닝 경제 브리핑-9월 22일] 美 증시, 유가·금리 하락에 상승 마감... | [주요공시] 삼성물산, 에스엠벡셀, 제이스로보틱스, 셀트리온, 에코프로...",2026-09-22,0.0174,0.021,,failure
042940,상지건설,권리락              (유상증자),paid_in_capital_increase,20260921,negative,-70,C,Paid-in capital increases can create dilution concerns.,5,6,6,0,5,"9월 21일 주식시장 주요공시 | [N2 모닝 경제 브리핑-9월 22일] 美 증시, 유가·금리 하락에 상승 마감... | [주요공시] 삼성물산, 에스엠벡셀, 제이스로보틱스, 셀트리온, 에코프로...",2026-09-22,0.0174,0.021,,failure
042940,상지건설,권리락              (유상증자),paid_in_capital_increase,20260921,negative,-70,C,Paid-in capital increases can create dilution concerns.,5,6,6,0,5,"9월 21일 주식시장 주요공시 | [N2 모닝 경제 브리핑-9월 22일] 美 증시, 유가·금리 하락에 상승 마감... | [주요공시] 삼성물산, 에스엠벡셀, 제이스로보틱스, 셀트리온, 에코프로...",2026-09-22,0.0174,0.021,,failure
042940,상지건설,권리락              (유상증자),paid_in_capital_increase,20260921,negative,-70,C,Paid-in capital increases can create dilution concerns.,5,6,6,0,5,"9월 21일 주식시장 주요공시 | [N2 모닝 경제 브리핑-9월 22일] 美 증시, 유가·금리 하락에 상승 마감... | [주요공시] 삼성물산, 에스엠벡셀, 제이스로보틱스, 셀트리온, 에코프로...",2026-09-22,0.0174,0.021,,failure
042940,상지건설,권리락              (유상증자),paid_in_capital_increase,20260921,negative,-70,C,Paid-in capital increases can create dilution concerns.,5,6,6,0,5,"9월 21일 주식시장 주요공시 | [N2 모닝 경제 브리핑-9월 22일] 美 증시, 유가·금리 하락에 상승 마감... | [주요공시] 삼성물산, 에스엠벡셀, 제이스로보틱스, 셀트리온, 에코프로...",2026-09-22,0.0174,0.021,,failure
042940,상지건설,권리락              (유상증자),paid_in_capital_increase,20260921,negative,-70,C,Paid-in capital increases can create dilution concerns.,5,6,6,0,5,"9월 21일 주식시장 주요공시 | [N2 모닝 경제 브리핑-9월 22일] 美 증시, 유가·금리 하락에 상승 마감... | [주요공시] 삼성물산, 에스엠벡셀, 제이스로보틱스, 셀트리온, 에코프로...",2026-09-22,0.0174,0.021,,failure
042940,상지건설,권리락              (유상증자),paid_in_capital_increase,20260921,negative,-70,C,Paid-in capital increases can create dilution concerns.,5,6,6,0,5,"9월 21일 주식시장 주요공시 | [N2 모닝 경제 브리핑-9월 22일] 美 증시, 유가·금리 하락에 상승 마감... | [주요공시] 삼성물산, 에스엠벡셀, 제이스로보틱스, 셀트리온, 에코프로...",2026-09-22,0.0174,0.021,,failure
042940,상지건설,권리락              (유상증자),paid_in_capital_increase,20260921,negative,-70,C,Paid-in capital increases can create dilution concerns.,5,6,6,0,5,"9월 21일 주식시장 주요공시 | [N2 모닝 경제 브리핑-9월 22일] 美 증시, 유가·금리 하락에 상승 마감... | [주요공시] 삼성물산, 에스엠벡셀, 제이스로보틱스, 셀트리온, 에코프로...",2026-09-22,0.0174,0.021,,failure
042940,상지건설,권리락              (유상증자),paid_in_capital_increase,20260921,negative,-70,C,Paid-in capital increases can create dilution concerns.,5,6,6,0,5,"9월 21일 주식시장 주요공시 | [N2 모닝 경제 브리핑-9월 22일] 美 증시, 유가·금리 하락에 상승 마감... | [주요공시] 삼성물산, 에스엠벡셀, 제이스로보틱스, 셀트리온, 에코프로...",2026-09-22,0.0174,0.021,,failure
042940,상지건설,권리락              (유상증자),paid_in_capital_increase,20260921,negative,-70,C,Paid-in capital increases can create dilution concerns.,5,6,6,0,5,"9월 21일 주식시장 주요공시 | [N2 모닝 경제 브리핑-9월 22일] 美 증시, 유가·금리 하락에 상승 마감... | [주요공시] 삼성물산, 에스엠벡셀, 제이스로보틱스, 셀트리온, 에코프로...",2026-09-22,0.0174,0.021,,failure
042940,상지건설,권리락              (유상증자),paid_in_capital_increase,20260921,negative,-70,C,Paid-in capital increases can create dilution concerns.,5,6,6,0,5,"9월 21일 주식시장 주요공시 | [N2 모닝 경제 브리핑-9월 22일] 美 증시, 유가·금리 하락에 상승 마감... | [주요공시] 삼성물산, 에스엠벡셀, 제이스로보틱스, 셀트리온, 에코프로...",2026-09-22,0.0174,0.021,,failure
042940,상지건설,권리락              (유상증자),paid_in_capital_increase,20260921,negative,-70,C,Paid-in capital increases can create dilution concerns.,5,6,6,0,5,"9월 21일 주식시장 주요공시 | [N2 모닝 경제 브리핑-9월 22일] 美 증시, 유가·금리 하락에 상승 마감... | [주요공시] 삼성물산, 에스엠벡셀, 제이스로보틱스, 셀트리온, 에코프로...",2026-09-22,0.0174,0.021,,failure
042940,상지건설,권리락              (유상증자),paid_in_capital_increase,20260921,negative,-70,C,Paid-in capital increases can create dilution concerns.,5,6,6,0,5,"9월 21일 주식시장 주요공시 | [N2 모닝 경제 브리핑-9월 22일] 美 증시, 유가·금리 하락에 상승 마감... | [주요공시] 삼성물산, 에스엠벡셀, 제이스로보틱스, 셀트리온, 에코프로...",2026-09-22,0.0174,0.021,,failure
042940,상지건설,권리락              (유상증자),paid_in_capital_increase,20260921,negative,-70,C,Paid-in capital increases can create dilution concerns.,5,6,6,0,5,"9월 21일 주식시장 주요공시 | [N2 모닝 경제 브리핑-9월 22일] 美 증시, 유가·금리 하락에 상승 마감... | [주요공시] 삼성물산, 에스엠벡셀, 제이스로보틱스, 셀트리온, 에코프로...",2026-09-22,0.0174,0.021,,failure
042940,상지건설,권리락              (유상증자),paid_in_capital_increase,20260921,negative,-70,C,Paid-in capital increases can create dilution concerns.,5,6,6,0,5,"9월 21일 주식시장 주요공시 | [N2 모닝 경제 브리핑-9월 22일] 美 증시, 유가·금리 하락에 상승 마감... | [주요공시] 삼성물산, 에스엠벡셀, 제이스로보틱스, 셀트리온, 에코프로...",2026-09-22,0.0174,0.021,,failure
042940,상지건설,권리락              (유상증자),paid_in_capital_increase,20260921,negative,-70,C,Paid-in capital increases can create dilution concerns.,5,6,6,0,5,"9월 21일 주식시장 주요공시 | [N2 모닝 경제 브리핑-9월 22일] 美 증시, 유가·금리 하락에 상승 마감... | [주요공시] 삼성물산, 에스엠벡셀, 제이스로보틱스, 셀트리온, 에코프로...",2026-09-22,0.0174,0.021,,failure
042940,상지건설,권리락              (유상증자),paid_in_capital_increase,20260921,negative,-70,C,Paid-in capital increases can create dilution concerns.,5,6,6,0,5,"9월 21일 주식시장 주요공시 | [N2 모닝 경제 브리핑-9월 22일] 美 증시, 유가·금리 하락에 상승 마감... | [주요공시] 삼성물산, 에스엠벡셀, 제이스로보틱스, 셀트리온, 에코프로...",2026-09-22,0.0174,0.021,,failure
042940,상지건설,권리락              (유상증자),paid_in_capital_increase,20260921,negative,-70,C,Paid-in capital increases can create dilution concerns.,5,6,6,0,5,"9월 21일 주식시장 주요공시 | [N2 모닝 경제 브리핑-9월 22일] 美 증시, 유가·금리 하락에 상승 마감... | [주요공시] 삼성물산, 에스엠벡셀, 제이스로보틱스, 셀트리온, 에코프로...",2026-09-22,0.0174,0.021,,failure
042940,상지건설,권리락              (유상증자),paid_in_capital_increase,20260921,negative,-70,C,Paid-in capital increases can create dilution concerns.,5,6,6,0,5,"9월 21일 주식시장 주요공시 | [N2 모닝 경제 브리핑-9월 22일] 美 증시, 유가·금리 하락에 상승 마감... | [주요공시] 삼성물산, 에스엠벡셀, 제이스로보틱스, 셀트리온, 에코프로...",2026-09-22,0.0174,0.021,,failure
042940,상지건설,권리락              (유상증자),paid_in_capital_increase,20260921,negative,-70,C,Paid-in capital increases can create dilution concerns.,5,6,6,0,5,"9월 21일 주식시장 주요공시 | [N2 모닝 경제 브리핑-9월 22일] 美 증시, 유가·금리 하락에 상승 마감... | [주요공시] 삼성물산, 에스엠벡셀, 제이스로보틱스, 셀트리온, 에코프로...",2026-09-22,0.0174,0.021,,failure
042940,상지건설,권리락              (유상증자),paid_in_capital_increase,20260921,negative,-70,C,Paid-in capital increases can create dilution concerns.,5,6,6,0,5,"9월 21일 주식시장 주요공시 | [N2 모닝 경제 브리핑-9월 22일] 美 증시, 유가·금리 하락에 상승 마감... | [주요공시] 삼성물산, 에스엠벡셀, 제이스로보틱스, 셀트리온, 에코프로...",2026-09-22,0.0174,0.021,,failure
042940,상지건설,권리락              (유상증자),paid_in_capital_increase,20260921,negative,-70,C,Paid-in capital increases can create dilution concerns.,5,6,6,0,5,"9월 21일 주식시장 주요공시 | [N2 모닝 경제 브리핑-9월 22일] 美 증시, 유가·금리 하락에 상승 마감... | [주요공시] 삼성물산, 에스엠벡셀, 제이스로보틱스, 셀트리온, 에코프로...",2026-09-22,0.0174,0.021,,failure
042940,상지건설,권리락              (유상증자),paid_in_capital_increase,20260921,negative,-70,C,Paid-in capital increases can create dilution concerns.,5,6,6,0,5,"9월 21일 주식시장 주요공시 | [N2 모닝 경제 브리핑-9월 22일] 美 증시, 유가·금리 하락에 상승 마감... | [주요공시] 삼성물산, 에스엠벡셀, 제이스로보틱스, 셀트리온, 에코프로...",2026-09-22,0.0174,0.021,,failure
042940,상지건설,권리락              (유상증자),paid_in_capital_increase,20260921,negative,-70,C,Paid-in capital increases can create dilution concerns.,5,6,6,0,5,"9월 21일 주식시장 주요공시 | [N2 모닝 경제 브리핑-9월 22일] 美 증시, 유가·금리 하락에 상승 마감... | [주요공시] 삼성물산, 에스엠벡셀, 제이스로보틱스, 셀트리온, 에코프로...",2026-09-22,0.0174,0.021,,failure
042940,상지건설,권리락              (유상증자),paid_in_capital_increase,20260921,negative,-70,C,Paid-in capital increases can create dilution concerns.,5,6,6,0,5,"9월 21일 주식시장 주요공시 | [N2 모닝 경제 브리핑-9월 22일] 美 증시, 유가·금리 하락에 상승 마감... | [주요공시] 삼성물산, 에스엠벡셀, 제이스로보틱스, 셀트리온, 에코프로...",2026-09-22,0.0174,0.021,,failure
042940,상지건설,권리락              (유상증자),paid_in_capital_increase,20260921,negative,-70,C,Paid-in capital increases can create dilution concerns.,5,6,6,0,5,"9월 21일 주식시장 주요공시 | [N2 모닝 경제 브리핑-9월 22일] 美 증시, 유가·금리 하락에 상승 마감... | [주요공시] 삼성물산, 에스엠벡셀, 제이스로보틱스, 셀트리온, 에코프로...",2026-09-22,0.0174,0.021,,failure
042940,상지건설,권리락              (유상증자),paid_in_capital_increase,20260921,negative,-70,C,Paid-in capital increases can create dilution concerns.,5,6,6,0,5,"9월 21일 주식시장 주요공시 | [N2 모닝 경제 브리핑-9월 22일] 美 증시, 유가·금리 하락에 상승 마감... | [주요공시] 삼성물산, 에스엠벡셀, 제이스로보틱스, 셀트리온, 에코프로...",2026-09-22,0.0174,0.021,,failure
042940,상지건설,권리락              (유상증자),paid_in_capital_increase,20260921,negative,-70,C,Paid-in capital increases can create dilution concerns.,5,6,6,0,5,"9월 21일 주식시장 주요공시 | [N2 모닝 경제 브리핑-9월 22일] 美 증시, 유가·금리 하락에 상승 마감... | [주요공시] 삼성물산, 에스엠벡셀, 제이스로보틱스, 셀트리온, 에코프로...",2026-09-22,0.0174,0.021,,failure
042940,상지건설,권리락              (유상증자),paid_in_capital_increase,20260921,negative,-70,C,Paid-in capital increases can create dilution concerns.,5,6,6,0,5,"9월 21일 주식시장 주요공시 | [N2 모닝 경제 브리핑-9월 22일] 美 증시, 유가·금리 하락에 상승 마감... | [주요공시] 삼성물산, 에스엠벡셀, 제이스로보틱스, 셀트리온, 에코프로...",2026-09-22,0.0174,0.021,,failure
042940,상지건설,권리락              (유상증자),paid_in_capital_increase,20260921,negative,-70,C,Paid-in capital increases can create dilution concerns.,5,6,6,0,5,"9월 21일 주식시장 주요공시 | [N2 모닝 경제 브리핑-9월 22일] 美 증시, 유가·금리 하락에 상승 마감... | [주요공시] 삼성물산, 에스엠벡셀, 제이스로보틱스, 셀트리온, 에코프로...",2026-09-22,0.0174,0.021,,failure
042940,상지건설,권리락              (유상증자),paid_in_capital_increase,20260921,negative,-70,C,Paid-in capital increases can create dilution concerns.,5,6,6,0,5,"9월 21일 주식시장 주요공시 | [N2 모닝 경제 브리핑-9월 22일] 美 증시, 유가·금리 하락에 상승 마감... | [주요공시] 삼성물산, 에스엠벡셀, 제이스로보틱스, 셀트리온, 에코프로...",2026-09-22,0.0174,0.021,,failure
042940,상지건설,권리락              (유상증자),paid_in_capital_increase,20260921,negative,-70,C,Paid-in capital increases can create dilution concerns.,5,6,6,0,5,"9월 21일 주식시장 주요공시 | [N2 모닝 경제 브리핑-9월 22일] 美 증시, 유가·금리 하락에 상승 마감... | [주요공시] 삼성물산, 에스엠벡셀, 제이스로보틱스, 셀트리온, 에코프로...",2026-09-22,0.0174,0.021,,failure
042940,상지건설,권리락              (유상증자),paid_in_capital_increase,20260921,negative,-70,C,Paid-in capital increases can create dilution concerns.,5,6,6,0,5,"9월 21일 주식시장 주요공시 | [N2 모닝 경제 브리핑-9월 22일] 美 증시, 유가·금리 하락에 상승 마감... | [주요공시] 삼성물산, 에스엠벡셀, 제이스로보틱스, 셀트리온, 에코프로...",2026-09-22,0.0174,0.021,,failure
042940,상지건설,권리락              (유상증자),paid_in_capital_increase,20260921,negative,-70,C,Paid-in capital increases can create dilution concerns.,5,6,6,0,5,"9월 21일 주식시장 주요공시 | [N2 모닝 경제 브리핑-9월 22일] 美 증시, 유가·금리 하락에 상승 마감... | [주요공시] 삼성물산, 에스엠벡셀, 제이스로보틱스, 셀트리온, 에코프로...",2026-09-22,0.0174,0.021,,failure
042940,상지건설,권리락              (유상증자),paid_in_capital_increase,20260921,negative,-70,C,Paid-in capital increases can create dilution concerns.,5,6,6,0,5,"9월 21일 주식시장 주요공시 | [N2 모닝 경제 브리핑-9월 22일] 美 증시, 유가·금리 하락에 상승 마감... | [주요공시] 삼성물산, 에스엠벡셀, 제이스로보틱스, 셀트리온, 에코프로...",2026-09-22,0.0174,0.021,,failure
042940,상지건설,권리락              (유상증자),paid_in_capital_increase,20260921,negative,-70,C,Paid-in capital increases can create dilution concerns.,5,6,6,0,5,"9월 21일 주식시장 주요공시 | [N2 모닝 경제 브리핑-9월 22일] 美 증시, 유가·금리 하락에 상승 마감... | [주요공시] 삼성물산, 에스엠벡셀, 제이스로보틱스, 셀트리온, 에코프로...",2026-09-22,0.0174,0.021,,failure
042940,상지건설,권리락              (유상증자),paid_in_capital_increase,20260921,negative,-70,C,Paid-in capital increases can create dilution concerns.,5,6,6,0,5,"9월 21일 주식시장 주요공시 | [N2 모닝 경제 브리핑-9월 22일] 美 증시, 유가·금리 하락에 상승 마감... | [주요공시] 삼성물산, 에스엠벡셀, 제이스로보틱스, 셀트리온, 에코프로...",2026-09-22,0.0174,0.021,,failure
042940,상지건설,권리락              (유상증자),paid_in_capital_increase,20260921,negative,-70,C,Paid-in capital increases can create dilution concerns.,5,6,6,0,5,"9월 21일 주식시장 주요공시 | [N2 모닝 경제 브리핑-9월 22일] 美 증시, 유가·금리 하락에 상승 마감... | [주요공시] 삼성물산, 에스엠벡셀, 제이스로보틱스, 셀트리온, 에코프로...",2026-09-22,0.0174,0.021,,failure
042940,상지건설,권리락              (유상증자),paid_in_capital_increase,20260921,negative,-70,C,Paid-in capital increases can create dilution concerns.,5,6,6,0,5,"9월 21일 주식시장 주요공시 | [N2 모닝 경제 브리핑-9월 22일] 美 증시, 유가·금리 하락에 상승 마감... | [주요공시] 삼성물산, 에스엠벡셀, 제이스로보틱스, 셀트리온, 에코프로...",2026-09-22,0.0174,0.021,,failure
042940,상지건설,권리락              (유상증자),paid_in_capital_increase,20260921,negative,-70,C,Paid-in capital increases can create dilution concerns.,5,6,6,0,5,"9월 21일 주식시장 주요공시 | [N2 모닝 경제 브리핑-9월 22일] 美 증시, 유가·금리 하락에 상승 마감... | [주요공시] 삼성물산, 에스엠벡셀, 제이스로보틱스, 셀트리온, 에코프로...",2026-09-22,0.0174,0.021,,failure
042940,상지건설,권리락              (유상증자),paid_in_capital_increase,20260921,negative,-70,C,Paid-in capital increases can create dilution concerns.,5,6,6,0,5,"9월 21일 주식시장 주요공시 | [N2 모닝 경제 브리핑-9월 22일] 美 증시, 유가·금리 하락에 상승 마감... | [주요공시] 삼성물산, 에스엠벡셀, 제이스로보틱스, 셀트리온, 에코프로...",2026-09-22,0.0174,0.021,,failure
042940,상지건설,권리락              (유상증자),paid_in_capital_increase,20260921,negative,-70,C,Paid-in capital increases can create dilution concerns.,5,6,6,0,5,"9월 21일 주식시장 주요공시 | [N2 모닝 경제 브리핑-9월 22일] 美 증시, 유가·금리 하락에 상승 마감... | [주요공시] 삼성물산, 에스엠벡셀, 제이스로보틱스, 셀트리온, 에코프로...",2026-09-22,0.0174,0.021,,failure
042940,상지건설,권리락              (유상증자),paid_in_capital_increase,20260921,negative,-70,C,Paid-in capital increases can create dilution concerns.,5,6,6,0,5,"9월 21일 주식시장 주요공시 | [N2 모닝 경제 브리핑-9월 22일] 美 증시, 유가·금리 하락에 상승 마감... | [주요공시] 삼성물산, 에스엠벡셀, 제이스로보틱스, 셀트리온, 에코프로...",2026-09-22,0.0174,0.021,,failure
042940,상지건설,권리락              (유상증자),paid_in_capital_increase,20260921,negative,-70,C,Paid-in capital increases can create dilution concerns.,5,6,6,0,5,"9월 21일 주식시장 주요공시 | [N2 모닝 경제 브리핑-9월 22일] 美 증시, 유가·금리 하락에 상승 마감... | [주요공시] 삼성물산, 에스엠벡셀, 제이스로보틱스, 셀트리온, 에코프로...",2026-09-22,0.0174,0.021,,failure
042940,상지건설,권리락              (유상증자),paid_in_capital_increase,20260921,negative,-70,C,Paid-in capital increases can create dilution concerns.,5,6,6,0,5,"9월 21일 주식시장 주요공시 | [N2 모닝 경제 브리핑-9월 22일] 美 증시, 유가·금리 하락에 상승 마감... | [주요공시] 삼성물산, 에스엠벡셀, 제이스로보틱스, 셀트리온, 에코프로...",2026-09-22,0.0174,0.021,,failure
042940,상지건설,권리락              (유상증자),paid_in_capital_increase,20260921,negative,-70,C,Paid-in capital increases can create dilution concerns.,5,6,6,0,5,"9월 21일 주식시장 주요공시 | [N2 모닝 경제 브리핑-9월 22일] 美 증시, 유가·금리 하락에 상승 마감... | [주요공시] 삼성물산, 에스엠벡셀, 제이스로보틱스, 셀트리온, 에코프로...",2026-09-22,0.0174,0.021,,failure
042940,상지건설,권리락              (유상증자),paid_in_capital_increase,20260921,negative,-70,C,Paid-in capital increases can create dilution concerns.,5,6,6,0,5,"9월 21일 주식시장 주요공시 | [N2 모닝 경제 브리핑-9월 22일] 美 증시, 유가·금리 하락에 상승 마감... | [주요공시] 삼성물산, 에스엠벡셀, 제이스로보틱스, 셀트리온, 에코프로...",2026-09-22,0.0174,0.021,,failure
042940,상지건설,권리락              (유상증자),paid_in_capital_increase,20260921,negative,-70,C,Paid-in capital increases can create dilution concerns.,5,6,6,0,5,"9월 21일 주식시장 주요공시 | [N2 모닝 경제 브리핑-9월 22일] 美 증시, 유가·금리 하락에 상승 마감... | [주요공시] 삼성물산, 에스엠벡셀, 제이스로보틱스, 셀트리온, 에코프로...",2026-09-22,0.0174,0.021,,failure
042940,상지건설,권리락              (유상증자),paid_in_capital_increase,20260921,negative,-70,C,Paid-in capital increases can create dilution concerns.,5,6,6,0,5,"9월 21일 주식시장 주요공시 | [N2 모닝 경제 브리핑-9월 22일] 美 증시, 유가·금리 하락에 상승 마감... | [주요공시] 삼성물산, 에스엠벡셀, 제이스로보틱스, 셀트리온, 에코프로...",2026-09-22,0.0174,0.021,,failure
042940,상지건설,권리락              (유상증자),paid_in_capital_increase,20260921,negative,-70,C,Paid-in capital increases can create dilution concerns.,5,6,6,0,5,"9월 21일 주식시장 주요공시 | [N2 모닝 경제 브리핑-9월 22일] 美 증시, 유가·금리 하락에 상승 마감... | [주요공시] 삼성물산, 에스엠벡셀, 제이스로보틱스, 셀트리온, 에코프로...",2026-09-22,0.0174,0.021,,failure
042940,상지건설,권리락              (유상증자),paid_in_capital_increase,20260921,negative,-70,C,Paid-in capital increases can create dilution concerns.,5,6,6,0,5,"9월 21일 주식시장 주요공시 | [N2 모닝 경제 브리핑-9월 22일] 美 증시, 유가·금리 하락에 상승 마감... | [주요공시] 삼성물산, 에스엠벡셀, 제이스로보틱스, 셀트리온, 에코프로...",2026-09-22,0.0174,0.021,,failure
042940,상지건설,권리락              (유상증자),paid_in_capital_increase,20260921,negative,-70,C,Paid-in capital increases can create dilution concerns.,5,6,6,0,5,"9월 21일 주식시장 주요공시 | [N2 모닝 경제 브리핑-9월 22일] 美 증시, 유가·금리 하락에 상승 마감... | [주요공시] 삼성물산, 에스엠벡셀, 제이스로보틱스, 셀트리온, 에코프로...",2026-09-22,0.0174,0.021,,failure
042940,상지건설,권리락              (유상증자),paid_in_capital_increase,20260921,negative,-70,C,Paid-in capital increases can create dilution concerns.,5,6,6,0,5,"9월 21일 주식시장 주요공시 | [N2 모닝 경제 브리핑-9월 22일] 美 증시, 유가·금리 하락에 상승 마감... | [주요공시] 삼성물산, 에스엠벡셀, 제이스로보틱스, 셀트리온, 에코프로...",2026-09-22,0.0174,0.021,,failure
042940,상지건설,권리락              (유상증자),paid_in_capital_increase,20260921,negative,-70,C,Paid-in capital increases can create dilution concerns.,5,6,6,0,5,"9월 21일 주식시장 주요공시 | [N2 모닝 경제 브리핑-9월 22일] 美 증시, 유가·금리 하락에 상승 마감... | [주요공시] 삼성물산, 에스엠벡셀, 제이스로보틱스, 셀트리온, 에코프로...",2026-09-22,0.0174,0.021,,failure
042940,상지건설,권리락              (유상증자),paid_in_capital_increase,20260921,negative,-70,C,Paid-in capital increases can create dilution concerns.,5,6,6,0,5,"9월 21일 주식시장 주요공시 | [N2 모닝 경제 브리핑-9월 22일] 美 증시, 유가·금리 하락에 상승 마감... | [주요공시] 삼성물산, 에스엠벡셀, 제이스로보틱스, 셀트리온, 에코프로...",2026-09-22,0.0174,0.021,,failure
042940,상지건설,권리락              (유상증자),paid_in_capital_increase,20260921,negative,-70,C,Paid-in capital increases can create dilution concerns.,5,6,6,0,5,"9월 21일 주식시장 주요공시 | [N2 모닝 경제 브리핑-9월 22일] 美 증시, 유가·금리 하락에 상승 마감... | [주요공시] 삼성물산, 에스엠벡셀, 제이스로보틱스, 셀트리온, 에코프로...",2026-09-22,0.0174,0.021,,failure
042940,상지건설,권리락              (유상증자),paid_in_capital_increase,20260921,negative,-70,C,Paid-in capital increases can create dilution concerns.,5,6,6,0,5,"9월 21일 주식시장 주요공시 | [N2 모닝 경제 브리핑-9월 22일] 美 증시, 유가·금리 하락에 상승 마감... | [주요공시] 삼성물산, 에스엠벡셀, 제이스로보틱스, 셀트리온, 에코프로...",2026-09-22,0.0174,0.021,,failure
042940,상지건설,권리락              (유상증자),paid_in_capital_increase,20260921,negative,-70,C,Paid-in capital increases can create dilution concerns.,5,6,6,0,5,"9월 21일 주식시장 주요공시 | [N2 모닝 경제 브리핑-9월 22일] 美 증시, 유가·금리 하락에 상승 마감... | [주요공시] 삼성물산, 에스엠벡셀, 제이스로보틱스, 셀트리온, 에코프로...",2026-09-22,0.0174,0.021,,failure
042940,상지건설,권리락              (유상증자),paid_in_capital_increase,20260921,negative,-70,C,Paid-in capital increases can create dilution concerns.,5,6,6,0,5,"9월 21일 주식시장 주요공시 | [N2 모닝 경제 브리핑-9월 22일] 美 증시, 유가·금리 하락에 상승 마감... | [주요공시] 삼성물산, 에스엠벡셀, 제이스로보틱스, 셀트리온, 에코프로...",2026-09-22,0.0174,0.021,,failure
042940,상지건설,권리락              (유상증자),paid_in_capital_increase,20260921,negative,-70,C,Paid-in capital increases can create dilution concerns.,5,6,6,0,5,"9월 21일 주식시장 주요공시 | [N2 모닝 경제 브리핑-9월 22일] 美 증시, 유가·금리 하락에 상승 마감... | [주요공시] 삼성물산, 에스엠벡셀, 제이스로보틱스, 셀트리온, 에코프로...",2026-09-22,0.0174,0.021,,failure
042940,상지건설,권리락              (유상증자),paid_in_capital_increase,20260921,negative,-70,C,Paid-in capital increases can create dilution concerns.,5,6,6,0,5,"9월 21일 주식시장 주요공시 | [N2 모닝 경제 브리핑-9월 22일] 美 증시, 유가·금리 하락에 상승 마감... | [주요공시] 삼성물산, 에스엠벡셀, 제이스로보틱스, 셀트리온, 에코프로...",2026-09-22,0.0174,0.021,,failure
042940,상지건설,권리락              (유상증자),paid_in_capital_increase,20260921,negative,-70,C,Paid-in capital increases can create dilution concerns.,5,6,6,0,5,"9월 21일 주식시장 주요공시 | [N2 모닝 경제 브리핑-9월 22일] 美 증시, 유가·금리 하락에 상승 마감... | [주요공시] 삼성물산, 에스엠벡셀, 제이스로보틱스, 셀트리온, 에코프로...",2026-09-22,0.0174,0.021,,failure
042940,상지건설,권리락              (유상증자),paid_in_capital_increase,20260921,negative,-70,C,Paid-in capital increases can create dilution concerns.,5,6,6,0,5,"9월 21일 주식시장 주요공시 | [N2 모닝 경제 브리핑-9월 22일] 美 증시, 유가·금리 하락에 상승 마감... | [주요공시] 삼성물산, 에스엠벡셀, 제이스로보틱스, 셀트리온, 에코프로...",2026-09-22,0.0174,0.021,,failure
042940,상지건설,권리락              (유상증자),paid_in_capital_increase,20260921,negative,-70,C,Paid-in capital increases can create dilution concerns.,5,6,6,0,5,"9월 21일 주식시장 주요공시 | [N2 모닝 경제 브리핑-9월 22일] 美 증시, 유가·금리 하락에 상승 마감... | [주요공시] 삼성물산, 에스엠벡셀, 제이스로보틱스, 셀트리온, 에코프로...",2026-09-22,0.0174,0.021,,failure
042940,상지건설,권리락              (유상증자),paid_in_capital_increase,20260921,negative,-70,C,Paid-in capital increases can create dilution concerns.,5,6,6,0,5,"9월 21일 주식시장 주요공시 | [N2 모닝 경제 브리핑-9월 22일] 美 증시, 유가·금리 하락에 상승 마감... | [주요공시] 삼성물산, 에스엠벡셀, 제이스로보틱스, 셀트리온, 에코프로...",2026-09-22,0.0174,0.021,,failure
042940,상지건설,권리락              (유상증자),paid_in_capital_increase,20260921,negative,-70,C,Paid-in capital increases can create dilution concerns.,5,6,6,0,5,"9월 21일 주식시장 주요공시 | [N2 모닝 경제 브리핑-9월 22일] 美 증시, 유가·금리 하락에 상승 마감... | [주요공시] 삼성물산, 에스엠벡셀, 제이스로보틱스, 셀트리온, 에코프로...",2026-09-22,0.0174,0.021,,failure
042940,상지건설,권리락              (유상증자),paid_in_capital_increase,20260921,negative,-70,C,Paid-in capital increases can create dilution concerns.,5,6,6,0,5,"9월 21일 주식시장 주요공시 | [N2 모닝 경제 브리핑-9월 22일] 美 증시, 유가·금리 하락에 상승 마감... | [주요공시] 삼성물산, 에스엠벡셀, 제이스로보틱스, 셀트리온, 에코프로...",2026-09-22,0.0174,0.021,,failure
042940,상지건설,권리락              (유상증자),paid_in_capital_increase,20260921,negative,-70,C,Paid-in capital increases can create dilution concerns.,5,6,6,0,5,"9월 21일 주식시장 주요공시 | [N2 모닝 경제 브리핑-9월 22일] 美 증시, 유가·금리 하락에 상승 마감... | [주요공시] 삼성물산, 에스엠벡셀, 제이스로보틱스, 셀트리온, 에코프로...",2026-09-22,0.0174,0.021,,failure
042940,상지건설,권리락              (유상증자),paid_in_capital_increase,20260921,negative,-70,C,Paid-in capital increases can create dilution concerns.,5,6,6,0,5,"9월 21일 주식시장 주요공시 | [N2 모닝 경제 브리핑-9월 22일] 美 증시, 유가·금리 하락에 상승 마감... | [주요공시] 삼성물산, 에스엠벡셀, 제이스로보틱스, 셀트리온, 에코프로...",2026-09-22,0.0174,0.021,,failure
042940,상지건설,권리락              (유상증자),paid_in_capital_increase,20260921,negative,-70,C,Paid-in capital increases can create dilution concerns.,5,6,6,0,5,"9월 21일 주식시장 주요공시 | [N2 모닝 경제 브리핑-9월 22일] 美 증시, 유가·금리 하락에 상승 마감... | [주요공시] 삼성물산, 에스엠벡셀, 제이스로보틱스, 셀트리온, 에코프로...",2026-09-22,0.0174,0.021,,failure
042940,상지건설,권리락              (유상증자),paid_in_capital_increase,20260921,negative,-70,C,Paid-in capital increases can create dilution concerns.,5,6,6,0,5,"9월 21일 주식시장 주요공시 | [N2 모닝 경제 브리핑-9월 22일] 美 증시, 유가·금리 하락에 상승 마감... | [주요공시] 삼성물산, 에스엠벡셀, 제이스로보틱스, 셀트리온, 에코프로...",2026-09-22,0.0174,0.021,,failure
042940,상지건설,권리락              (유상증자),paid_in_capital_increase,20260921,negative,-70,C,Paid-in capital increases can create dilution concerns.,5,6,6,0,5,"9월 21일 주식시장 주요공시 | [N2 모닝 경제 브리핑-9월 22일] 美 증시, 유가·금리 하락에 상승 마감... | [주요공시] 삼성물산, 에스엠벡셀, 제이스로보틱스, 셀트리온, 에코프로...",2026-09-22,0.0174,0.021,,failure
042940,상지건설,권리락              (유상증자),paid_in_capital_increase,20260921,negative,-70,C,Paid-in capital increases can create dilution concerns.,5,6,6,0,5,"9월 21일 주식시장 주요공시 | [N2 모닝 경제 브리핑-9월 22일] 美 증시, 유가·금리 하락에 상승 마감... | [주요공시] 삼성물산, 에스엠벡셀, 제이스로보틱스, 셀트리온, 에코프로...",2026-09-22,0.0174,0.021,,failure
042940,상지건설,권리락              (유상증자),paid_in_capital_increase,20260921,negative,-70,C,Paid-in capital increases can create dilution concerns.,5,6,6,0,5,"9월 21일 주식시장 주요공시 | [N2 모닝 경제 브리핑-9월 22일] 美 증시, 유가·금리 하락에 상승 마감... | [주요공시] 삼성물산, 에스엠벡셀, 제이스로보틱스, 셀트리온, 에코프로...",2026-09-22,0.0174,0.021,,failure
042940,상지건설,권리락              (유상증자),paid_in_capital_increase,20260921,negative,-70,C,Paid-in capital increases can create dilution concerns.,5,6,6,0,5,"9월 21일 주식시장 주요공시 | [N2 모닝 경제 브리핑-9월 22일] 美 증시, 유가·금리 하락에 상승 마감... | [주요공시] 삼성물산, 에스엠벡셀, 제이스로보틱스, 셀트리온, 에코프로...",2026-09-22,0.0174,0.021,,failure
042940,상지건설,권리락              (유상증자),paid_in_capital_increase,20260921,negative,-70,C,Paid-in capital increases can create dilution concerns.,5,6,6,0,5,"9월 21일 주식시장 주요공시 | [N2 모닝 경제 브리핑-9월 22일] 美 증시, 유가·금리 하락에 상승 마감... | [주요공시] 삼성물산, 에스엠벡셀, 제이스로보틱스, 셀트리온, 에코프로...",2026-09-22,0.0174,0.021,,failure
042940,상지건설,권리락              (유상증자),paid_in_capital_increase,20260921,negative,-70,C,Paid-in capital increases can create dilution concerns.,5,6,6,0,5,"9월 21일 주식시장 주요공시 | [N2 모닝 경제 브리핑-9월 22일] 美 증시, 유가·금리 하락에 상승 마감... | [주요공시] 삼성물산, 에스엠벡셀, 제이스로보틱스, 셀트리온, 에코프로...",2026-09-22,0.0174,0.021,,failure
042940,상지건설,권리락              (유상증자),paid_in_capital_increase,20260921,negative,-70,C,Paid-in capital increases can create dilution concerns.,5,6,6,0,5,"9월 21일 주식시장 주요공시 | [N2 모닝 경제 브리핑-9월 22일] 美 증시, 유가·금리 하락에 상승 마감... | [주요공시] 삼성물산, 에스엠벡셀, 제이스로보틱스, 셀트리온, 에코프로...",2026-09-22,0.0174,0.021,,failure
042940,상지건설,권리락              (유상증자),paid_in_capital_increase,20260921,negative,-70,C,Paid-in capital increases can create dilution concerns.,5,6,6,0,5,"9월 21일 주식시장 주요공시 | [N2 모닝 경제 브리핑-9월 22일] 美 증시, 유가·금리 하락에 상승 마감... | [주요공시] 삼성물산, 에스엠벡셀, 제이스로보틱스, 셀트리온, 에코프로...",2026-09-22,0.0174,0.021,,failure
042940,상지건설,권리락              (유상증자),paid_in_capital_increase,20260921,negative,-70,C,Paid-in capital increases can create dilution concerns.,5,6,6,0,5,"9월 21일 주식시장 주요공시 | [N2 모닝 경제 브리핑-9월 22일] 美 증시, 유가·금리 하락에 상승 마감... | [주요공시] 삼성물산, 에스엠벡셀, 제이스로보틱스, 셀트리온, 에코프로...",2026-09-22,0.0174,0.021,,failure
042940,상지건설,권리락              (유상증자),paid_in_capital_increase,20260921,negative,-70,C,Paid-in capital increases can create dilution concerns.,5,6,6,0,5,"9월 21일 주식시장 주요공시 | [N2 모닝 경제 브리핑-9월 22일] 美 증시, 유가·금리 하락에 상승 마감... | [주요공시] 삼성물산, 에스엠벡셀, 제이스로보틱스, 셀트리온, 에코프로...",2026-09-22,0.0174,0.021,,failure
042940,상지건설,권리락              (유상증자),paid_in_capital_increase,20260921,negative,-70,C,Paid-in capital increases can create dilution concerns.,5,6,6,0,5,"9월 21일 주식시장 주요공시 | [N2 모닝 경제 브리핑-9월 22일] 美 증시, 유가·금리 하락에 상승 마감... | [주요공시] 삼성물산, 에스엠벡셀, 제이스로보틱스, 셀트리온, 에코프로...",2026-09-22,0.0174,0.021,,failure
042940,상지건설,권리락              (유상증자),paid_in_capital_increase,20260921,negative,-70,C,Paid-in capital increases can create dilution concerns.,5,6,6,0,5,"9월 21일 주식시장 주요공시 | [N2 모닝 경제 브리핑-9월 22일] 美 증시, 유가·금리 하락에 상승 마감... | [주요공시] 삼성물산, 에스엠벡셀, 제이스로보틱스, 셀트리온, 에코프로...",2026-09-22,0.0174,0.021,,failure
042940,상지건설,권리락              (유상증자),paid_in_capital_increase,20260921,negative,-70,C,Paid-in capital increases can create dilution concerns.,5,6,6,0,5,"9월 21일 주식시장 주요공시 | [N2 모닝 경제 브리핑-9월 22일] 美 증시, 유가·금리 하락에 상승 마감... | [주요공시] 삼성물산, 에스엠벡셀, 제이스로보틱스, 셀트리온, 에코프로...",2026-09-22,0.0174,0.021,,failure
042940,상지건설,권리락              (유상증자),paid_in_capital_increase,20260921,negative,-70,C,Paid-in capital increases can create dilution concerns.,5,6,6,0,5,"9월 21일 주식시장 주요공시 | [N2 모닝 경제 브리핑-9월 22일] 美 증시, 유가·금리 하락에 상승 마감... | [주요공시] 삼성물산, 에스엠벡셀, 제이스로보틱스, 셀트리온, 에코프로...",2026-09-22,0.0174,0.021,,failure
042940,상지건설,권리락              (유상증자),paid_in_capital_increase,20260921,negative,-70,C,Paid-in capital increases can create dilution concerns.,5,6,6,0,5,"9월 21일 주식시장 주요공시 | [N2 모닝 경제 브리핑-9월 22일] 美 증시, 유가·금리 하락에 상승 마감... | [주요공시] 삼성물산, 에스엠벡셀, 제이스로보틱스, 셀트리온, 에코프로...",2026-09-22,0.0174,0.021,,failure
042940,상지건설,권리락              (유상증자),paid_in_capital_increase,20260921,negative,-70,C,Paid-in capital increases can create dilution concerns.,5,6,6,0,5,"9월 21일 주식시장 주요공시 | [N2 모닝 경제 브리핑-9월 22일] 美 증시, 유가·금리 하락에 상승 마감... | [주요공시] 삼성물산, 에스엠벡셀, 제이스로보틱스, 셀트리온, 에코프로...",2026-09-22,0.0174,0.021,,failure
042940,상지건설,권리락              (유상증자),paid_in_capital_increase,20260921,negative,-70,C,Paid-in capital increases can create dilution concerns.,5,6,6,0,5,"9월 21일 주식시장 주요공시 | [N2 모닝 경제 브리핑-9월 22일] 美 증시, 유가·금리 하락에 상승 마감... | [주요공시] 삼성물산, 에스엠벡셀, 제이스로보틱스, 셀트리온, 에코프로...",2026-09-22,0.0174,0.021,,failure
042940,상지건설,권리락              (유상증자),paid_in_capital_increase,20260921,negative,-70,C,Paid-in capital increases can create dilution concerns.,5,6,6,0,5,"9월 21일 주식시장 주요공시 | [N2 모닝 경제 브리핑-9월 22일] 美 증시, 유가·금리 하락에 상승 마감... | [주요공시] 삼성물산, 에스엠벡셀, 제이스로보틱스, 셀트리온, 에코프로...",2026-09-22,0.0174,0.021,,failure
042940,상지건설,권리락              (유상증자),paid_in_capital_increase,20260921,negative,-70,C,Paid-in capital increases can create dilution concerns.,5,6,6,0,5,"9월 21일 주식시장 주요공시 | [N2 모닝 경제 브리핑-9월 22일] 美 증시, 유가·금리 하락에 상승 마감... | [주요공시] 삼성물산, 에스엠벡셀, 제이스로보틱스, 셀트리온, 에코프로...",2026-09-22,0.0174,0.021,,failure
042940,상지건설,권리락              (유상증자),paid_in_capital_increase,20260921,negative,-70,C,Paid-in capital increases can create dilution concerns.,5,6,6,0,5,"9월 21일 주식시장 주요공시 | [N2 모닝 경제 브리핑-9월 22일] 美 증시, 유가·금리 하락에 상승 마감... | [주요공시] 삼성물산, 에스엠벡셀, 제이스로보틱스, 셀트리온, 에코프로...",2026-09-22,0.0174,0.021,,failure
042940,상지건설,권리락              (유상증자),paid_in_capital_increase,20260921,negative,-70,C,Paid-in capital increases can create dilution concerns.,5,6,6,0,5,"9월 21일 주식시장 주요공시 | [N2 모닝 경제 브리핑-9월 22일] 美 증시, 유가·금리 하락에 상승 마감... | [주요공시] 삼성물산, 에스엠벡셀, 제이스로보틱스, 셀트리온, 에코프로...",2026-09-22,0.0174,0.021,,failure
042940,상지건설,권리락              (유상증자),paid_in_capital_increase,20260921,negative,-70,C,Paid-in capital increases can create dilution concerns.,5,6,6,0,5,"9월 21일 주식시장 주요공시 | [N2 모닝 경제 브리핑-9월 22일] 美 증시, 유가·금리 하락에 상승 마감... | [주요공시] 삼성물산, 에스엠벡셀, 제이스로보틱스, 셀트리온, 에코프로...",2026-09-22,0.0174,0.021,,failure
042940,상지건설,권리락              (유상증자),paid_in_capital_increase,20260921,negative,-70,C,Paid-in capital increases can create dilution concerns.,5,6,6,0,5,"9월 21일 주식시장 주요공시 | [N2 모닝 경제 브리핑-9월 22일] 美 증시, 유가·금리 하락에 상승 마감... | [주요공시] 삼성물산, 에스엠벡셀, 제이스로보틱스, 셀트리온, 에코프로...",2026-09-22,0.0174,0.021,,failure
042940,상지건설,권리락              (유상증자),paid_in_capital_increase,20260921,negative,-70,C,Paid-in capital increases can create dilution concerns.,5,6,6,0,5,"9월 21일 주식시장 주요공시 | [N2 모닝 경제 브리핑-9월 22일] 美 증시, 유가·금리 하락에 상승 마감... | [주요공시] 삼성물산, 에스엠벡셀, 제이스로보틱스, 셀트리온, 에코프로...",2026-09-22,0.0174,0.021,,failure
042940,상지건설,권리락              (유상증자),paid_in_capital_increase,20260921,negative,-70,C,Paid-in capital increases can create dilution concerns.,5,6,6,0,5,"9월 21일 주식시장 주요공시 | [N2 모닝 경제 브리핑-9월 22일] 美 증시, 유가·금리 하락에 상승 마감... | [주요공시] 삼성물산, 에스엠벡셀, 제이스로보틱스, 셀트리온, 에코프로...",2026-09-22,0.0174,0.021,,failure
042940,상지건설,권리락              (유상증자),paid_in_capital_increase,20260921,negative,-70,C,Paid-in capital increases can create dilution concerns.,5,6,6,0,5,"9월 21일 주식시장 주요공시 | [N2 모닝 경제 브리핑-9월 22일] 美 증시, 유가·금리 하락에 상승 마감... | [주요공시] 삼성물산, 에스엠벡셀, 제이스로보틱스, 셀트리온, 에코프로...",2026-09-22,0.0174,0.021,,failure
042940,상지건설,권리락              (유상증자),paid_in_capital_increase,20260921,negative,-70,C,Paid-in capital increases can create dilution concerns.,5,6,6,0,5,"9월 21일 주식시장 주요공시 | [N2 모닝 경제 브리핑-9월 22일] 美 증시, 유가·금리 하락에 상승 마감... | [주요공시] 삼성물산, 에스엠벡셀, 제이스로보틱스, 셀트리온, 에코프로...",2026-09-22,0.0174,0.021,,failure
042940,상지건설,권리락              (유상증자),paid_in_capital_increase,20260921,negative,-70,C,Paid-in capital increases can create dilution concerns.,5,6,6,0,5,"9월 21일 주식시장 주요공시 | [N2 모닝 경제 브리핑-9월 22일] 美 증시, 유가·금리 하락에 상승 마감... | [주요공시] 삼성물산, 에스엠벡셀, 제이스로보틱스, 셀트리온, 에코프로...",2026-09-22,0.0174,0.021,,failure
042940,상지건설,권리락              (유상증자),paid_in_capital_increase,20260921,negative,-70,C,Paid-in capital increases can create dilution concerns.,5,6,6,0,5,"9월 21일 주식시장 주요공시 | [N2 모닝 경제 브리핑-9월 22일] 美 증시, 유가·금리 하락에 상승 마감... | [주요공시] 삼성물산, 에스엠벡셀, 제이스로보틱스, 셀트리온, 에코프로...",2026-09-22,0.0174,0.021,,failure
042940,상지건설,권리락              (유상증자),paid_in_capital_increase,20260921,negative,-70,C,Paid-in capital increases can create dilution concerns.,5,6,6,0,5,"9월 21일 주식시장 주요공시 | [N2 모닝 경제 브리핑-9월 22일] 美 증시, 유가·금리 하락에 상승 마감... | [주요공시] 삼성물산, 에스엠벡셀, 제이스로보틱스, 셀트리온, 에코프로...",2026-09-22,0.0174,0.021,,failure
042940,상지건설,권리락              (유상증자),paid_in_capital_increase,20260921,negative,-70,C,Paid-in capital increases can create dilution concerns.,5,6,6,0,5,"9월 21일 주식시장 주요공시 | [N2 모닝 경제 브리핑-9월 22일] 美 증시, 유가·금리 하락에 상승 마감... | [주요공시] 삼성물산, 에스엠벡셀, 제이스로보틱스, 셀트리온, 에코프로...",2026-09-22,0.0174,0.021,,failure
042940,상지건설,권리락              (유상증자),paid_in_capital_increase,20260921,negative,-70,C,Paid-in capital increases can create dilution concerns.,5,6,6,0,5,"9월 21일 주식시장 주요공시 | [N2 모닝 경제 브리핑-9월 22일] 美 증시, 유가·금리 하락에 상승 마감... | [주요공시] 삼성물산, 에스엠벡셀, 제이스로보틱스, 셀트리온, 에코프로...",2026-09-22,0.0174,0.021,,failure
042940,상지건설,권리락              (유상증자),paid_in_capital_increase,20260921,negative,-70,C,Paid-in capital increases can create dilution concerns.,5,6,6,0,5,"9월 21일 주식시장 주요공시 | [N2 모닝 경제 브리핑-9월 22일] 美 증시, 유가·금리 하락에 상승 마감... | [주요공시] 삼성물산, 에스엠벡셀, 제이스로보틱스, 셀트리온, 에코프로...",2026-09-22,0.0174,0.021,,failure
042940,상지건설,권리락              (유상증자),paid_in_capital_increase,20260921,negative,-70,C,Paid-in capital increases can create dilution concerns.,5,6,6,0,5,"9월 21일 주식시장 주요공시 | [N2 모닝 경제 브리핑-9월 22일] 美 증시, 유가·금리 하락에 상승 마감... | [주요공시] 삼성물산, 에스엠벡셀, 제이스로보틱스, 셀트리온, 에코프로...",2026-09-22,0.0174,0.021,,failure
042940,상지건설,권리락              (유상증자),paid_in_capital_increase,20260921,negative,-70,C,Paid-in capital increases can create dilution concerns.,5,6,6,0,5,"9월 21일 주식시장 주요공시 | [N2 모닝 경제 브리핑-9월 22일] 美 증시, 유가·금리 하락에 상승 마감... | [주요공시] 삼성물산, 에스엠벡셀, 제이스로보틱스, 셀트리온, 에코프로...",2026-09-22,0.0174,0.021,,failure
042940,상지건설,권리락              (유상증자),paid_in_capital_increase,20260921,negative,-70,C,Paid-in capital increases can create dilution concerns.,5,6,6,0,5,"9월 21일 주식시장 주요공시 | [N2 모닝 경제 브리핑-9월 22일] 美 증시, 유가·금리 하락에 상승 마감... | [주요공시] 삼성물산, 에스엠벡셀, 제이스로보틱스, 셀트리온, 에코프로...",2026-09-22,0.0174,0.021,,failure
042940,상지건설,권리락              (유상증자),paid_in_capital_increase,20260921,negative,-70,C,Paid-in capital increases can create dilution concerns.,5,6,6,0,5,"9월 21일 주식시장 주요공시 | [N2 모닝 경제 브리핑-9월 22일] 美 증시, 유가·금리 하락에 상승 마감... | [주요공시] 삼성물산, 에스엠벡셀, 제이스로보틱스, 셀트리온, 에코프로...",2026-09-22,0.0174,0.021,,failure
042940,상지건설,권리락              (유상증자),paid_in_capital_increase,20260921,negative,-70,C,Paid-in capital increases can create dilution concerns.,5,6,6,0,5,"9월 21일 주식시장 주요공시 | [N2 모닝 경제 브리핑-9월 22일] 美 증시, 유가·금리 하락에 상승 마감... | [주요공시] 삼성물산, 에스엠벡셀, 제이스로보틱스, 셀트리온, 에코프로...",2026-09-22,0.0174,0.021,,failure
042940,상지건설,권리락              (유상증자),paid_in_capital_increase,20260921,negative,-70,C,Paid-in capital increases can create dilution concerns.,5,6,6,0,5,"9월 21일 주식시장 주요공시 | [N2 모닝 경제 브리핑-9월 22일] 美 증시, 유가·금리 하락에 상승 마감... | [주요공시] 삼성물산, 에스엠벡셀, 제이스로보틱스, 셀트리온, 에코프로...",2026-09-22,0.0174,0.021,,failure
042940,상지건설,권리락              (유상증자),paid_in_capital_increase,20260921,negative,-70,C,Paid-in capital increases can create dilution concerns.,5,6,6,0,5,"9월 21일 주식시장 주요공시 | [N2 모닝 경제 브리핑-9월 22일] 美 증시, 유가·금리 하락에 상승 마감... | [주요공시] 삼성물산, 에스엠벡셀, 제이스로보틱스, 셀트리온, 에코프로...",2026-09-22,0.0174,0.021,,failure
042940,상지건설,권리락              (유상증자),paid_in_capital_increase,20260921,negative,-70,C,Paid-in capital increases can create dilution concerns.,5,6,6,0,5,"9월 21일 주식시장 주요공시 | [N2 모닝 경제 브리핑-9월 22일] 美 증시, 유가·금리 하락에 상승 마감... | [주요공시] 삼성물산, 에스엠벡셀, 제이스로보틱스, 셀트리온, 에코프로...",2026-09-22,0.0174,0.021,,failure
042940,상지건설,권리락              (유상증자),paid_in_capital_increase,20260921,negative,-70,C,Paid-in capital increases can create dilution concerns.,5,6,6,0,5,"9월 21일 주식시장 주요공시 | [N2 모닝 경제 브리핑-9월 22일] 美 증시, 유가·금리 하락에 상승 마감... | [주요공시] 삼성물산, 에스엠벡셀, 제이스로보틱스, 셀트리온, 에코프로...",2026-09-22,0.0174,0.021,,failure
042940,상지건설,권리락              (유상증자),paid_in_capital_increase,20260921,negative,-70,C,Paid-in capital increases can create dilution concerns.,5,6,6,0,5,"9월 21일 주식시장 주요공시 | [N2 모닝 경제 브리핑-9월 22일] 美 증시, 유가·금리 하락에 상승 마감... | [주요공시] 삼성물산, 에스엠벡셀, 제이스로보틱스, 셀트리온, 에코프로...",2026-09-22,0.0174,0.021,,failure
042940,상지건설,권리락              (유상증자),paid_in_capital_increase,20260921,negative,-70,C,Paid-in capital increases can create dilution concerns.,5,6,6,0,5,"9월 21일 주식시장 주요공시 | [N2 모닝 경제 브리핑-9월 22일] 美 증시, 유가·금리 하락에 상승 마감... | [주요공시] 삼성물산, 에스엠벡셀, 제이스로보틱스, 셀트리온, 에코프로...",2026-09-22,0.0174,0.021,,failure
042940,상지건설,권리락              (유상증자),paid_in_capital_increase,20260921,negative,-70,C,Paid-in capital increases can create dilution concerns.,5,6,6,0,5,"9월 21일 주식시장 주요공시 | [N2 모닝 경제 브리핑-9월 22일] 美 증시, 유가·금리 하락에 상승 마감... | [주요공시] 삼성물산, 에스엠벡셀, 제이스로보틱스, 셀트리온, 에코프로...",2026-09-22,0.0174,0.021,,failure
042940,상지건설,권리락              (유상증자),paid_in_capital_increase,20260921,negative,-70,C,Paid-in capital increases can create dilution concerns.,5,6,6,0,5,"9월 21일 주식시장 주요공시 | [N2 모닝 경제 브리핑-9월 22일] 美 증시, 유가·금리 하락에 상승 마감... | [주요공시] 삼성물산, 에스엠벡셀, 제이스로보틱스, 셀트리온, 에코프로...",2026-09-22,0.0174,0.021,,failure
042940,상지건설,권리락              (유상증자),paid_in_capital_increase,20260921,negative,-70,C,Paid-in capital increases can create dilution concerns.,5,6,6,0,5,"9월 21일 주식시장 주요공시 | [N2 모닝 경제 브리핑-9월 22일] 美 증시, 유가·금리 하락에 상승 마감... | [주요공시] 삼성물산, 에스엠벡셀, 제이스로보틱스, 셀트리온, 에코프로...",2026-09-22,0.0174,0.021,,failure
042940,상지건설,권리락              (유상증자),paid_in_capital_increase,20260921,negative,-70,C,Paid-in capital increases can create dilution concerns.,5,6,6,0,5,"9월 21일 주식시장 주요공시 | [N2 모닝 경제 브리핑-9월 22일] 美 증시, 유가·금리 하락에 상승 마감... | [주요공시] 삼성물산, 에스엠벡셀, 제이스로보틱스, 셀트리온, 에코프로...",2026-09-22,0.0174,0.021,,failure
042940,상지건설,권리락              (유상증자),paid_in_capital_increase,20260921,negative,-70,C,Paid-in capital increases can create dilution concerns.,5,6,6,0,5,"9월 21일 주식시장 주요공시 | [N2 모닝 경제 브리핑-9월 22일] 美 증시, 유가·금리 하락에 상승 마감... | [주요공시] 삼성물산, 에스엠벡셀, 제이스로보틱스, 셀트리온, 에코프로...",2026-09-22,0.0174,0.021,,failure
042940,상지건설,권리락              (유상증자),paid_in_capital_increase,20260921,negative,-70,C,Paid-in capital increases can create dilution concerns.,5,6,6,0,5,"9월 21일 주식시장 주요공시 | [N2 모닝 경제 브리핑-9월 22일] 美 증시, 유가·금리 하락에 상승 마감... | [주요공시] 삼성물산, 에스엠벡셀, 제이스로보틱스, 셀트리온, 에코프로...",2026-09-22,0.0174,0.021,,failure
042940,상지건설,권리락              (유상증자),paid_in_capital_increase,20260921,negative,-70,C,Paid-in capital increases can create dilution concerns.,5,6,6,0,5,"9월 21일 주식시장 주요공시 | [N2 모닝 경제 브리핑-9월 22일] 美 증시, 유가·금리 하락에 상승 마감... | [주요공시] 삼성물산, 에스엠벡셀, 제이스로보틱스, 셀트리온, 에코프로...",2026-09-22,0.0174,0.021,,failure
042940,상지건설,권리락              (유상증자),paid_in_capital_increase,20260921,negative,-70,C,Paid-in capital increases can create dilution concerns.,5,6,6,0,5,"9월 21일 주식시장 주요공시 | [N2 모닝 경제 브리핑-9월 22일] 美 증시, 유가·금리 하락에 상승 마감... | [주요공시] 삼성물산, 에스엠벡셀, 제이스로보틱스, 셀트리온, 에코프로...",2026-09-22,0.0174,0.021,,failure
042940,상지건설,권리락              (유상증자),paid_in_capital_increase,20260921,negative,-70,C,Paid-in capital increases can create dilution concerns.,5,6,6,0,5,"9월 21일 주식시장 주요공시 | [N2 모닝 경제 브리핑-9월 22일] 美 증시, 유가·금리 하락에 상승 마감... | [주요공시] 삼성물산, 에스엠벡셀, 제이스로보틱스, 셀트리온, 에코프로...",2026-09-22,0.0174,0.021,,failure
042940,상지건설,권리락              (유상증자),paid_in_capital_increase,20260921,negative,-70,C,Paid-in capital increases can create dilution concerns.,5,6,6,0,5,"9월 21일 주식시장 주요공시 | [N2 모닝 경제 브리핑-9월 22일] 美 증시, 유가·금리 하락에 상승 마감... | [주요공시] 삼성물산, 에스엠벡셀, 제이스로보틱스, 셀트리온, 에코프로...",2026-09-22,0.0174,0.021,,failure
042940,상지건설,권리락              (유상증자),paid_in_capital_increase,20260921,negative,-70,C,Paid-in capital increases can create dilution concerns.,5,6,6,0,5,"9월 21일 주식시장 주요공시 | [N2 모닝 경제 브리핑-9월 22일] 美 증시, 유가·금리 하락에 상승 마감... | [주요공시] 삼성물산, 에스엠벡셀, 제이스로보틱스, 셀트리온, 에코프로...",2026-09-22,0.0174,0.021,,failure
042940,상지건설,권리락              (유상증자),paid_in_capital_increase,20260921,negative,-70,C,Paid-in capital increases can create dilution concerns.,5,6,6,0,5,"9월 21일 주식시장 주요공시 | [N2 모닝 경제 브리핑-9월 22일] 美 증시, 유가·금리 하락에 상승 마감... | [주요공시] 삼성물산, 에스엠벡셀, 제이스로보틱스, 셀트리온, 에코프로...",2026-09-22,0.0174,0.021,,failure
042940,상지건설,권리락              (유상증자),paid_in_capital_increase,20260921,negative,-70,C,Paid-in capital increases can create dilution concerns.,5,6,6,0,5,"9월 21일 주식시장 주요공시 | [N2 모닝 경제 브리핑-9월 22일] 美 증시, 유가·금리 하락에 상승 마감... | [주요공시] 삼성물산, 에스엠벡셀, 제이스로보틱스, 셀트리온, 에코프로...",2026-09-22,0.0174,0.021,,failure
042940,상지건설,권리락              (유상증자),paid_in_capital_increase,20260921,negative,-70,C,Paid-in capital increases can create dilution concerns.,5,6,6,0,5,"9월 21일 주식시장 주요공시 | [N2 모닝 경제 브리핑-9월 22일] 美 증시, 유가·금리 하락에 상승 마감... | [주요공시] 삼성물산, 에스엠벡셀, 제이스로보틱스, 셀트리온, 에코프로...",2026-09-22,0.0174,0.021,,failure
042940,상지건설,권리락              (유상증자),paid_in_capital_increase,20260921,negative,-70,C,Paid-in capital increases can create dilution concerns.,5,6,6,0,5,"9월 21일 주식시장 주요공시 | [N2 모닝 경제 브리핑-9월 22일] 美 증시, 유가·금리 하락에 상승 마감... | [주요공시] 삼성물산, 에스엠벡셀, 제이스로보틱스, 셀트리온, 에코프로...",2026-09-22,0.0174,0.021,,failure
042940,상지건설,권리락              (유상증자),paid_in_capital_increase,20260921,negative,-70,C,Paid-in capital increases can create dilution concerns.,5,6,6,0,5,"9월 21일 주식시장 주요공시 | [N2 모닝 경제 브리핑-9월 22일] 美 증시, 유가·금리 하락에 상승 마감... | [주요공시] 삼성물산, 에스엠벡셀, 제이스로보틱스, 셀트리온, 에코프로...",2026-09-22,0.0174,0.021,,failure
042940,상지건설,권리락              (유상증자),paid_in_capital_increase,20260921,negative,-70,C,Paid-in capital increases can create dilution concerns.,5,6,6,0,5,"9월 21일 주식시장 주요공시 | [N2 모닝 경제 브리핑-9월 22일] 美 증시, 유가·금리 하락에 상승 마감... | [주요공시] 삼성물산, 에스엠벡셀, 제이스로보틱스, 셀트리온, 에코프로...",2026-09-22,0.0174,0.021,,failure
042940,상지건설,권리락              (유상증자),paid_in_capital_increase,20260921,negative,-70,C,Paid-in capital increases can create dilution concerns.,5,6,6,0,5,"9월 21일 주식시장 주요공시 | [N2 모닝 경제 브리핑-9월 22일] 美 증시, 유가·금리 하락에 상승 마감... | [주요공시] 삼성물산, 에스엠벡셀, 제이스로보틱스, 셀트리온, 에코프로...",2026-09-22,0.0174,0.021,,failure
042940,상지건설,권리락              (유상증자),paid_in_capital_increase,20260921,negative,-70,C,Paid-in capital increases can create dilution concerns.,5,6,6,0,5,"9월 21일 주식시장 주요공시 | [N2 모닝 경제 브리핑-9월 22일] 美 증시, 유가·금리 하락에 상승 마감... | [주요공시] 삼성물산, 에스엠벡셀, 제이스로보틱스, 셀트리온, 에코프로...",2026-09-22,0.0174,0.021,,failure
042940,상지건설,권리락              (유상증자),paid_in_capital_increase,20260921,negative,-70,C,Paid-in capital increases can create dilution concerns.,5,6,6,0,5,"9월 21일 주식시장 주요공시 | [N2 모닝 경제 브리핑-9월 22일] 美 증시, 유가·금리 하락에 상승 마감... | [주요공시] 삼성물산, 에스엠벡셀, 제이스로보틱스, 셀트리온, 에코프로...",2026-09-22,0.0174,0.021,,failure
042940,상지건설,권리락              (유상증자),paid_in_capital_increase,20260921,negative,-70,C,Paid-in capital increases can create dilution concerns.,5,6,6,0,5,"9월 21일 주식시장 주요공시 | [N2 모닝 경제 브리핑-9월 22일] 美 증시, 유가·금리 하락에 상승 마감... | [주요공시] 삼성물산, 에스엠벡셀, 제이스로보틱스, 셀트리온, 에코프로...",2026-09-22,0.0174,0.021,,failure
042940,상지건설,권리락              (유상증자),paid_in_capital_increase,20260921,negative,-70,C,Paid-in capital increases can create dilution concerns.,5,6,6,0,5,"9월 21일 주식시장 주요공시 | [N2 모닝 경제 브리핑-9월 22일] 美 증시, 유가·금리 하락에 상승 마감... | [주요공시] 삼성물산, 에스엠벡셀, 제이스로보틱스, 셀트리온, 에코프로...",2026-09-22,0.0174,0.021,,failure
042940,상지건설,권리락              (유상증자),paid_in_capital_increase,20260921,negative,-70,C,Paid-in capital increases can create dilution concerns.,5,6,6,0,5,"9월 21일 주식시장 주요공시 | [N2 모닝 경제 브리핑-9월 22일] 美 증시, 유가·금리 하락에 상승 마감... | [주요공시] 삼성물산, 에스엠벡셀, 제이스로보틱스, 셀트리온, 에코프로...",2026-09-22,0.0174,0.021,,failure
042940,상지건설,권리락              (유상증자),paid_in_capital_increase,20260921,negative,-70,C,Paid-in capital increases can create dilution concerns.,5,6,6,0,5,"9월 21일 주식시장 주요공시 | [N2 모닝 경제 브리핑-9월 22일] 美 증시, 유가·금리 하락에 상승 마감... | [주요공시] 삼성물산, 에스엠벡셀, 제이스로보틱스, 셀트리온, 에코프로...",2026-09-22,0.0174,0.021,,failure
042940,상지건설,권리락              (유상증자),paid_in_capital_increase,20260921,negative,-70,C,Paid-in capital increases can create dilution concerns.,5,6,6,0,5,"9월 21일 주식시장 주요공시 | [N2 모닝 경제 브리핑-9월 22일] 美 증시, 유가·금리 하락에 상승 마감... | [주요공시] 삼성물산, 에스엠벡셀, 제이스로보틱스, 셀트리온, 에코프로...",2026-09-22,0.0174,0.021,,failure
042940,상지건설,권리락              (유상증자),paid_in_capital_increase,20260921,negative,-70,C,Paid-in capital increases can create dilution concerns.,5,6,6,0,5,"9월 21일 주식시장 주요공시 | [N2 모닝 경제 브리핑-9월 22일] 美 증시, 유가·금리 하락에 상승 마감... | [주요공시] 삼성물산, 에스엠벡셀, 제이스로보틱스, 셀트리온, 에코프로...",2026-09-22,0.0174,0.021,,failure
042940,상지건설,권리락              (유상증자),paid_in_capital_increase,20260921,negative,-70,C,Paid-in capital increases can create dilution concerns.,5,6,6,0,5,"9월 21일 주식시장 주요공시 | [N2 모닝 경제 브리핑-9월 22일] 美 증시, 유가·금리 하락에 상승 마감... | [주요공시] 삼성물산, 에스엠벡셀, 제이스로보틱스, 셀트리온, 에코프로...",2026-09-22,0.0174,0.021,,failure
042940,상지건설,권리락              (유상증자),paid_in_capital_increase,20260921,negative,-70,C,Paid-in capital increases can create dilution concerns.,5,6,6,0,5,"9월 21일 주식시장 주요공시 | [N2 모닝 경제 브리핑-9월 22일] 美 증시, 유가·금리 하락에 상승 마감... | [주요공시] 삼성물산, 에스엠벡셀, 제이스로보틱스, 셀트리온, 에코프로...",2026-09-22,0.0174,0.021,,failure
042940,상지건설,권리락              (유상증자),paid_in_capital_increase,20260921,negative,-70,C,Paid-in capital increases can create dilution concerns.,5,6,6,0,5,"9월 21일 주식시장 주요공시 | [N2 모닝 경제 브리핑-9월 22일] 美 증시, 유가·금리 하락에 상승 마감... | [주요공시] 삼성물산, 에스엠벡셀, 제이스로보틱스, 셀트리온, 에코프로...",2026-09-22,0.0174,0.021,,failure
042940,상지건설,권리락              (유상증자),paid_in_capital_increase,20260921,negative,-70,C,Paid-in capital increases can create dilution concerns.,5,6,6,0,5,"9월 21일 주식시장 주요공시 | [N2 모닝 경제 브리핑-9월 22일] 美 증시, 유가·금리 하락에 상승 마감... | [주요공시] 삼성물산, 에스엠벡셀, 제이스로보틱스, 셀트리온, 에코프로...",2026-09-22,0.0174,0.021,,failure
042940,상지건설,권리락              (유상증자),paid_in_capital_increase,20260921,negative,-70,C,Paid-in capital increases can create dilution concerns.,5,6,6,0,5,"9월 21일 주식시장 주요공시 | [N2 모닝 경제 브리핑-9월 22일] 美 증시, 유가·금리 하락에 상승 마감... | [주요공시] 삼성물산, 에스엠벡셀, 제이스로보틱스, 셀트리온, 에코프로...",2026-09-22,0.0174,0.021,,failure
042940,상지건설,권리락              (유상증자),paid_in_capital_increase,20260921,negative,-70,C,Paid-in capital increases can create dilution concerns.,5,6,6,0,5,"9월 21일 주식시장 주요공시 | [N2 모닝 경제 브리핑-9월 22일] 美 증시, 유가·금리 하락에 상승 마감... | [주요공시] 삼성물산, 에스엠벡셀, 제이스로보틱스, 셀트리온, 에코프로...",2026-09-22,0.0174,0.021,,failure
042940,상지건설,권리락              (유상증자),paid_in_capital_increase,20260921,negative,-70,C,Paid-in capital increases can create dilution concerns.,5,6,6,0,5,"9월 21일 주식시장 주요공시 | [N2 모닝 경제 브리핑-9월 22일] 美 증시, 유가·금리 하락에 상승 마감... | [주요공시] 삼성물산, 에스엠벡셀, 제이스로보틱스, 셀트리온, 에코프로...",2026-09-22,0.0174,0.021,,failure
042940,상지건설,권리락              (유상증자),paid_in_capital_increase,20260921,negative,-70,C,Paid-in capital increases can create dilution concerns.,5,6,6,0,5,"9월 21일 주식시장 주요공시 | [N2 모닝 경제 브리핑-9월 22일] 美 증시, 유가·금리 하락에 상승 마감... | [주요공시] 삼성물산, 에스엠벡셀, 제이스로보틱스, 셀트리온, 에코프로...",2026-09-22,0.0174,0.021,,failure
042940,상지건설,권리락              (유상증자),paid_in_capital_increase,20260921,negative,-70,C,Paid-in capital increases can create dilution concerns.,5,6,6,0,5,"9월 21일 주식시장 주요공시 | [N2 모닝 경제 브리핑-9월 22일] 美 증시, 유가·금리 하락에 상승 마감... | [주요공시] 삼성물산, 에스엠벡셀, 제이스로보틱스, 셀트리온, 에코프로...",2026-09-22,0.0174,0.021,,failure
042940,상지건설,권리락              (유상증자),paid_in_capital_increase,20260921,negative,-70,C,Paid-in capital increases can create dilution concerns.,5,6,6,0,5,"9월 21일 주식시장 주요공시 | [N2 모닝 경제 브리핑-9월 22일] 美 증시, 유가·금리 하락에 상승 마감... | [주요공시] 삼성물산, 에스엠벡셀, 제이스로보틱스, 셀트리온, 에코프로...",2026-09-22,0.0174,0.021,,failure
042940,상지건설,권리락              (유상증자),paid_in_capital_increase,20260921,negative,-70,C,Paid-in capital increases can create dilution concerns.,5,6,6,0,5,"9월 21일 주식시장 주요공시 | [N2 모닝 경제 브리핑-9월 22일] 美 증시, 유가·금리 하락에 상승 마감... | [주요공시] 삼성물산, 에스엠벡셀, 제이스로보틱스, 셀트리온, 에코프로...",2026-09-22,0.0174,0.021,,failure
042940,상지건설,권리락              (유상증자),paid_in_capital_increase,20260921,negative,-70,C,Paid-in capital increases can create dilution concerns.,5,6,6,0,5,"9월 21일 주식시장 주요공시 | [N2 모닝 경제 브리핑-9월 22일] 美 증시, 유가·금리 하락에 상승 마감... | [주요공시] 삼성물산, 에스엠벡셀, 제이스로보틱스, 셀트리온, 에코프로...",2026-09-22,0.0174,0.021,,failure
042940,상지건설,권리락              (유상증자),paid_in_capital_increase,20260921,negative,-70,C,Paid-in capital increases can create dilution concerns.,5,6,6,0,5,"9월 21일 주식시장 주요공시 | [N2 모닝 경제 브리핑-9월 22일] 美 증시, 유가·금리 하락에 상승 마감... | [주요공시] 삼성물산, 에스엠벡셀, 제이스로보틱스, 셀트리온, 에코프로...",2026-09-22,0.0174,0.021,,failure
042940,상지건설,권리락              (유상증자),paid_in_capital_increase,20260921,negative,-70,C,Paid-in capital increases can create dilution concerns.,5,6,6,0,5,"9월 21일 주식시장 주요공시 | [N2 모닝 경제 브리핑-9월 22일] 美 증시, 유가·금리 하락에 상승 마감... | [주요공시] 삼성물산, 에스엠벡셀, 제이스로보틱스, 셀트리온, 에코프로...",2026-09-22,0.0174,0.021,,failure
042940,상지건설,권리락              (유상증자),paid_in_capital_increase,20260921,negative,-70,C,Paid-in capital increases can create dilution concerns.,5,6,6,0,5,"9월 21일 주식시장 주요공시 | [N2 모닝 경제 브리핑-9월 22일] 美 증시, 유가·금리 하락에 상승 마감... | [주요공시] 삼성물산, 에스엠벡셀, 제이스로보틱스, 셀트리온, 에코프로...",2026-09-22,0.0174,0.021,,failure
042940,상지건설,권리락              (유상증자),paid_in_capital_increase,20260921,negative,-70,C,Paid-in capital increases can create dilution concerns.,5,6,6,0,5,"9월 21일 주식시장 주요공시 | [N2 모닝 경제 브리핑-9월 22일] 美 증시, 유가·금리 하락에 상승 마감... | [주요공시] 삼성물산, 에스엠벡셀, 제이스로보틱스, 셀트리온, 에코프로...",2026-09-22,0.0174,0.021,,failure
042940,상지건설,권리락              (유상증자),paid_in_capital_increase,20260921,negative,-70,C,Paid-in capital increases can create dilution concerns.,5,6,6,0,5,"9월 21일 주식시장 주요공시 | [N2 모닝 경제 브리핑-9월 22일] 美 증시, 유가·금리 하락에 상승 마감... | [주요공시] 삼성물산, 에스엠벡셀, 제이스로보틱스, 셀트리온, 에코프로...",2026-09-22,0.0174,0.021,,failure
042940,상지건설,권리락              (유상증자),paid_in_capital_increase,20260921,negative,-70,C,Paid-in capital increases can create dilution concerns.,5,6,6,0,5,"9월 21일 주식시장 주요공시 | [N2 모닝 경제 브리핑-9월 22일] 美 증시, 유가·금리 하락에 상승 마감... | [주요공시] 삼성물산, 에스엠벡셀, 제이스로보틱스, 셀트리온, 에코프로...",2026-09-22,0.0174,0.021,,failure
042940,상지건설,권리락              (유상증자),paid_in_capital_increase,20260921,negative,-70,C,Paid-in capital increases can create dilution concerns.,5,6,6,0,5,"9월 21일 주식시장 주요공시 | [N2 모닝 경제 브리핑-9월 22일] 美 증시, 유가·금리 하락에 상승 마감... | [주요공시] 삼성물산, 에스엠벡셀, 제이스로보틱스, 셀트리온, 에코프로...",2026-09-22,0.0174,0.021,,failure
042940,상지건설,권리락              (유상증자),paid_in_capital_increase,20260921,negative,-70,C,Paid-in capital increases can create dilution concerns.,5,6,6,0,5,"9월 21일 주식시장 주요공시 | [N2 모닝 경제 브리핑-9월 22일] 美 증시, 유가·금리 하락에 상승 마감... | [주요공시] 삼성물산, 에스엠벡셀, 제이스로보틱스, 셀트리온, 에코프로...",2026-09-22,0.0174,0.021,,failure
042940,상지건설,권리락              (유상증자),paid_in_capital_increase,20260921,negative,-70,C,Paid-in capital increases can create dilution concerns.,5,6,6,0,5,"9월 21일 주식시장 주요공시 | [N2 모닝 경제 브리핑-9월 22일] 美 증시, 유가·금리 하락에 상승 마감... | [주요공시] 삼성물산, 에스엠벡셀, 제이스로보틱스, 셀트리온, 에코프로...",2026-09-22,0.0174,0.021,,failure
042940,상지건설,권리락              (유상증자),paid_in_capital_increase,20260921,negative,-70,C,Paid-in capital increases can create dilution concerns.,5,6,6,0,5,"9월 21일 주식시장 주요공시 | [N2 모닝 경제 브리핑-9월 22일] 美 증시, 유가·금리 하락에 상승 마감... | [주요공시] 삼성물산, 에스엠벡셀, 제이스로보틱스, 셀트리온, 에코프로...",2026-09-22,0.0174,0.021,,failure
042940,상지건설,권리락              (유상증자),paid_in_capital_increase,20260921,negative,-70,C,Paid-in capital increases can create dilution concerns.,5,6,6,0,5,"9월 21일 주식시장 주요공시 | [N2 모닝 경제 브리핑-9월 22일] 美 증시, 유가·금리 하락에 상승 마감... | [주요공시] 삼성물산, 에스엠벡셀, 제이스로보틱스, 셀트리온, 에코프로...",2026-09-22,0.0174,0.021,,failure
042940,상지건설,권리락              (유상증자),paid_in_capital_increase,20260921,negative,-70,C,Paid-in capital increases can create dilution concerns.,5,6,6,0,5,"9월 21일 주식시장 주요공시 | [N2 모닝 경제 브리핑-9월 22일] 美 증시, 유가·금리 하락에 상승 마감... | [주요공시] 삼성물산, 에스엠벡셀, 제이스로보틱스, 셀트리온, 에코프로...",2026-09-22,0.0174,0.021,,failure
042940,상지건설,권리락              (유상증자),paid_in_capital_increase,20260921,negative,-70,C,Paid-in capital increases can create dilution concerns.,5,6,6,0,5,"9월 21일 주식시장 주요공시 | [N2 모닝 경제 브리핑-9월 22일] 美 증시, 유가·금리 하락에 상승 마감... | [주요공시] 삼성물산, 에스엠벡셀, 제이스로보틱스, 셀트리온, 에코프로...",2026-09-22,0.0174,0.021,,failure
042940,상지건설,권리락              (유상증자),paid_in_capital_increase,20260921,negative,-70,C,Paid-in capital increases can create dilution concerns.,5,6,6,0,5,"9월 21일 주식시장 주요공시 | [N2 모닝 경제 브리핑-9월 22일] 美 증시, 유가·금리 하락에 상승 마감... | [주요공시] 삼성물산, 에스엠벡셀, 제이스로보틱스, 셀트리온, 에코프로...",2026-09-22,0.0174,0.021,,failure
042940,상지건설,권리락              (유상증자),paid_in_capital_increase,20260921,negative,-70,C,Paid-in capital increases can create dilution concerns.,5,6,6,0,5,"9월 21일 주식시장 주요공시 | [N2 모닝 경제 브리핑-9월 22일] 美 증시, 유가·금리 하락에 상승 마감... | [주요공시] 삼성물산, 에스엠벡셀, 제이스로보틱스, 셀트리온, 에코프로...",2026-09-22,0.0174,0.021,,failure
042940,상지건설,권리락              (유상증자),paid_in_capital_increase,20260921,negative,-70,C,Paid-in capital increases can create dilution concerns.,5,6,6,0,5,"9월 21일 주식시장 주요공시 | [N2 모닝 경제 브리핑-9월 22일] 美 증시, 유가·금리 하락에 상승 마감... | [주요공시] 삼성물산, 에스엠벡셀, 제이스로보틱스, 셀트리온, 에코프로...",2026-09-22,0.0174,0.021,,failure
042940,상지건설,권리락              (유상증자),paid_in_capital_increase,20260921,negative,-70,C,Paid-in capital increases can create dilution concerns.,5,6,6,0,5,"9월 21일 주식시장 주요공시 | [N2 모닝 경제 브리핑-9월 22일] 美 증시, 유가·금리 하락에 상승 마감... | [주요공시] 삼성물산, 에스엠벡셀, 제이스로보틱스, 셀트리온, 에코프로...",2026-09-22,0.0174,0.021,,failure
042940,상지건설,권리락              (유상증자),paid_in_capital_increase,20260921,negative,-70,C,Paid-in capital increases can create dilution concerns.,5,6,6,0,5,"9월 21일 주식시장 주요공시 | [N2 모닝 경제 브리핑-9월 22일] 美 증시, 유가·금리 하락에 상승 마감... | [주요공시] 삼성물산, 에스엠벡셀, 제이스로보틱스, 셀트리온, 에코프로...",2026-09-22,0.0174,0.021,,failure
042940,상지건설,권리락              (유상증자),paid_in_capital_increase,20260921,negative,-70,C,Paid-in capital increases can create dilution concerns.,5,6,6,0,5,"9월 21일 주식시장 주요공시 | [N2 모닝 경제 브리핑-9월 22일] 美 증시, 유가·금리 하락에 상승 마감... | [주요공시] 삼성물산, 에스엠벡셀, 제이스로보틱스, 셀트리온, 에코프로...",2026-09-22,0.0174,0.021,,failure
042940,상지건설,권리락              (유상증자),paid_in_capital_increase,20260921,negative,-70,C,Paid-in capital increases can create dilution concerns.,5,6,6,0,5,"9월 21일 주식시장 주요공시 | [N2 모닝 경제 브리핑-9월 22일] 美 증시, 유가·금리 하락에 상승 마감... | [주요공시] 삼성물산, 에스엠벡셀, 제이스로보틱스, 셀트리온, 에코프로...",2026-09-22,0.0174,0.021,,failure
042940,상지건설,권리락              (유상증자),paid_in_capital_increase,20260921,negative,-70,C,Paid-in capital increases can create dilution concerns.,5,6,6,0,5,"9월 21일 주식시장 주요공시 | [N2 모닝 경제 브리핑-9월 22일] 美 증시, 유가·금리 하락에 상승 마감... | [주요공시] 삼성물산, 에스엠벡셀, 제이스로보틱스, 셀트리온, 에코프로...",2026-09-22,0.0174,0.021,,failure
042940,상지건설,권리락              (유상증자),paid_in_capital_increase,20260921,negative,-70,C,Paid-in capital increases can create dilution concerns.,5,6,6,0,5,"9월 21일 주식시장 주요공시 | [N2 모닝 경제 브리핑-9월 22일] 美 증시, 유가·금리 하락에 상승 마감... | [주요공시] 삼성물산, 에스엠벡셀, 제이스로보틱스, 셀트리온, 에코프로...",2026-09-22,0.0174,0.021,,failure
042940,상지건설,권리락              (유상증자),paid_in_capital_increase,20260921,negative,-70,C,Paid-in capital increases can create dilution concerns.,5,6,6,0,5,"9월 21일 주식시장 주요공시 | [N2 모닝 경제 브리핑-9월 22일] 美 증시, 유가·금리 하락에 상승 마감... | [주요공시] 삼성물산, 에스엠벡셀, 제이스로보틱스, 셀트리온, 에코프로...",2026-09-22,0.0174,0.021,,failure
042940,상지건설,권리락              (유상증자),paid_in_capital_increase,20260921,negative,-70,C,Paid-in capital increases can create dilution concerns.,5,6,6,0,5,"9월 21일 주식시장 주요공시 | [N2 모닝 경제 브리핑-9월 22일] 美 증시, 유가·금리 하락에 상승 마감... | [주요공시] 삼성물산, 에스엠벡셀, 제이스로보틱스, 셀트리온, 에코프로...",2026-09-22,0.0174,0.021,,failure
042940,상지건설,권리락              (유상증자),paid_in_capital_increase,20260921,negative,-70,C,Paid-in capital increases can create dilution concerns.,5,6,6,0,5,"9월 21일 주식시장 주요공시 | [N2 모닝 경제 브리핑-9월 22일] 美 증시, 유가·금리 하락에 상승 마감... | [주요공시] 삼성물산, 에스엠벡셀, 제이스로보틱스, 셀트리온, 에코프로...",2026-09-22,0.0174,0.021,,failure
042940,상지건설,권리락              (유상증자),paid_in_capital_increase,20260921,negative,-70,C,Paid-in capital increases can create dilution concerns.,5,6,6,0,5,"9월 21일 주식시장 주요공시 | [N2 모닝 경제 브리핑-9월 22일] 美 증시, 유가·금리 하락에 상승 마감... | [주요공시] 삼성물산, 에스엠벡셀, 제이스로보틱스, 셀트리온, 에코프로...",2026-09-22,0.0174,0.021,,failure
042940,상지건설,권리락              (유상증자),paid_in_capital_increase,20260921,negative,-70,C,Paid-in capital increases can create dilution concerns.,5,6,6,0,5,"9월 21일 주식시장 주요공시 | [N2 모닝 경제 브리핑-9월 22일] 美 증시, 유가·금리 하락에 상승 마감... | [주요공시] 삼성물산, 에스엠벡셀, 제이스로보틱스, 셀트리온, 에코프로...",2026-09-22,0.0174,0.021,,failure
042940,상지건설,권리락              (유상증자),paid_in_capital_increase,20260921,negative,-70,C,Paid-in capital increases can create dilution concerns.,5,6,6,0,5,"9월 21일 주식시장 주요공시 | [N2 모닝 경제 브리핑-9월 22일] 美 증시, 유가·금리 하락에 상승 마감... | [주요공시] 삼성물산, 에스엠벡셀, 제이스로보틱스, 셀트리온, 에코프로...",2026-09-22,0.0174,0.021,,failure
042940,상지건설,권리락              (유상증자),paid_in_capital_increase,20260921,negative,-70,C,Paid-in capital increases can create dilution concerns.,5,6,6,0,5,"9월 21일 주식시장 주요공시 | [N2 모닝 경제 브리핑-9월 22일] 美 증시, 유가·금리 하락에 상승 마감... | [주요공시] 삼성물산, 에스엠벡셀, 제이스로보틱스, 셀트리온, 에코프로...",2026-09-22,0.0174,0.021,,failure
042940,상지건설,권리락              (유상증자),paid_in_capital_increase,20260921,negative,-70,C,Paid-in capital increases can create dilution concerns.,5,6,6,0,5,"9월 21일 주식시장 주요공시 | [N2 모닝 경제 브리핑-9월 22일] 美 증시, 유가·금리 하락에 상승 마감... | [주요공시] 삼성물산, 에스엠벡셀, 제이스로보틱스, 셀트리온, 에코프로...",2026-09-22,0.0174,0.021,,failure
042940,상지건설,권리락              (유상증자),paid_in_capital_increase,20260921,negative,-70,C,Paid-in capital increases can create dilution concerns.,5,6,6,0,5,"9월 21일 주식시장 주요공시 | [N2 모닝 경제 브리핑-9월 22일] 美 증시, 유가·금리 하락에 상승 마감... | [주요공시] 삼성물산, 에스엠벡셀, 제이스로보틱스, 셀트리온, 에코프로...",2026-09-22,0.0174,0.021,,failure
042940,상지건설,권리락              (유상증자),paid_in_capital_increase,20260921,negative,-70,C,Paid-in capital increases can create dilution concerns.,5,6,6,0,5,"9월 21일 주식시장 주요공시 | [N2 모닝 경제 브리핑-9월 22일] 美 증시, 유가·금리 하락에 상승 마감... | [주요공시] 삼성물산, 에스엠벡셀, 제이스로보틱스, 셀트리온, 에코프로...",2026-09-22,0.0174,0.021,,failure
042940,상지건설,권리락              (유상증자),paid_in_capital_increase,20260921,negative,-70,C,Paid-in capital increases can create dilution concerns.,5,6,6,0,5,"9월 21일 주식시장 주요공시 | [N2 모닝 경제 브리핑-9월 22일] 美 증시, 유가·금리 하락에 상승 마감... | [주요공시] 삼성물산, 에스엠벡셀, 제이스로보틱스, 셀트리온, 에코프로...",2026-09-22,0.0174,0.021,,failure
042940,상지건설,권리락              (유상증자),paid_in_capital_increase,20260921,negative,-70,C,Paid-in capital increases can create dilution concerns.,5,6,6,0,5,"9월 21일 주식시장 주요공시 | [N2 모닝 경제 브리핑-9월 22일] 美 증시, 유가·금리 하락에 상승 마감... | [주요공시] 삼성물산, 에스엠벡셀, 제이스로보틱스, 셀트리온, 에코프로...",2026-09-22,0.0174,0.021,,failure
042940,상지건설,권리락              (유상증자),paid_in_capital_increase,20260921,negative,-70,C,Paid-in capital increases can create dilution concerns.,5,6,6,0,5,"9월 21일 주식시장 주요공시 | [N2 모닝 경제 브리핑-9월 22일] 美 증시, 유가·금리 하락에 상승 마감... | [주요공시] 삼성물산, 에스엠벡셀, 제이스로보틱스, 셀트리온, 에코프로...",2026-09-22,0.0174,0.021,,failure
042940,상지건설,권리락              (유상증자),paid_in_capital_increase,20260921,negative,-70,C,Paid-in capital increases can create dilution concerns.,5,6,6,0,5,"9월 21일 주식시장 주요공시 | [N2 모닝 경제 브리핑-9월 22일] 美 증시, 유가·금리 하락에 상승 마감... | [주요공시] 삼성물산, 에스엠벡셀, 제이스로보틱스, 셀트리온, 에코프로...",2026-09-22,0.0174,0.021,,failure
042940,상지건설,권리락              (유상증자),paid_in_capital_increase,20260921,negative,-70,C,Paid-in capital increases can create dilution concerns.,5,6,6,0,5,"9월 21일 주식시장 주요공시 | [N2 모닝 경제 브리핑-9월 22일] 美 증시, 유가·금리 하락에 상승 마감... | [주요공시] 삼성물산, 에스엠벡셀, 제이스로보틱스, 셀트리온, 에코프로...",2026-09-22,0.0174,0.021,,failure
042940,상지건설,권리락              (유상증자),paid_in_capital_increase,20260921,negative,-70,C,Paid-in capital increases can create dilution concerns.,5,6,6,0,5,"9월 21일 주식시장 주요공시 | [N2 모닝 경제 브리핑-9월 22일] 美 증시, 유가·금리 하락에 상승 마감... | [주요공시] 삼성물산, 에스엠벡셀, 제이스로보틱스, 셀트리온, 에코프로...",2026-09-22,0.0174,0.021,,failure
042940,상지건설,권리락              (유상증자),paid_in_capital_increase,20260921,negative,-70,C,Paid-in capital increases can create dilution concerns.,5,6,6,0,5,"9월 21일 주식시장 주요공시 | [N2 모닝 경제 브리핑-9월 22일] 美 증시, 유가·금리 하락에 상승 마감... | [주요공시] 삼성물산, 에스엠벡셀, 제이스로보틱스, 셀트리온, 에코프로...",2026-09-22,0.0174,0.021,,failure
042940,상지건설,권리락              (유상증자),paid_in_capital_increase,20260921,negative,-70,C,Paid-in capital increases can create dilution concerns.,5,6,6,0,5,"9월 21일 주식시장 주요공시 | [N2 모닝 경제 브리핑-9월 22일] 美 증시, 유가·금리 하락에 상승 마감... | [주요공시] 삼성물산, 에스엠벡셀, 제이스로보틱스, 셀트리온, 에코프로...",2026-09-22,0.0174,0.021,,failure
042940,상지건설,권리락              (유상증자),paid_in_capital_increase,20260921,negative,-70,C,Paid-in capital increases can create dilution concerns.,5,6,6,0,5,"9월 21일 주식시장 주요공시 | [N2 모닝 경제 브리핑-9월 22일] 美 증시, 유가·금리 하락에 상승 마감... | [주요공시] 삼성물산, 에스엠벡셀, 제이스로보틱스, 셀트리온, 에코프로...",2026-09-22,0.0174,0.021,,failure
042940,상지건설,권리락              (유상증자),paid_in_capital_increase,20260921,negative,-70,C,Paid-in capital increases can create dilution concerns.,5,6,6,0,5,"9월 21일 주식시장 주요공시 | [N2 모닝 경제 브리핑-9월 22일] 美 증시, 유가·금리 하락에 상승 마감... | [주요공시] 삼성물산, 에스엠벡셀, 제이스로보틱스, 셀트리온, 에코프로...",2026-09-22,0.0174,0.021,,failure
042940,상지건설,권리락              (유상증자),paid_in_capital_increase,20260921,negative,-70,C,Paid-in capital increases can create dilution concerns.,5,6,6,0,5,"9월 21일 주식시장 주요공시 | [N2 모닝 경제 브리핑-9월 22일] 美 증시, 유가·금리 하락에 상승 마감... | [주요공시] 삼성물산, 에스엠벡셀, 제이스로보틱스, 셀트리온, 에코프로...",2026-09-22,0.0174,0.021,,failure
042940,상지건설,권리락              (유상증자),paid_in_capital_increase,20260921,negative,-70,C,Paid-in capital increases can create dilution concerns.,5,6,6,0,5,"9월 21일 주식시장 주요공시 | [N2 모닝 경제 브리핑-9월 22일] 美 증시, 유가·금리 하락에 상승 마감... | [주요공시] 삼성물산, 에스엠벡셀, 제이스로보틱스, 셀트리온, 에코프로...",2026-09-22,0.0174,0.021,,failure
042940,상지건설,권리락              (유상증자),paid_in_capital_increase,20260921,negative,-70,C,Paid-in capital increases can create dilution concerns.,5,6,6,0,5,"9월 21일 주식시장 주요공시 | [N2 모닝 경제 브리핑-9월 22일] 美 증시, 유가·금리 하락에 상승 마감... | [주요공시] 삼성물산, 에스엠벡셀, 제이스로보틱스, 셀트리온, 에코프로...",2026-09-22,0.0174,0.021,,failure
042940,상지건설,권리락              (유상증자),paid_in_capital_increase,20260921,negative,-70,C,Paid-in capital increases can create dilution concerns.,5,6,6,0,5,"9월 21일 주식시장 주요공시 | [N2 모닝 경제 브리핑-9월 22일] 美 증시, 유가·금리 하락에 상승 마감... | [주요공시] 삼성물산, 에스엠벡셀, 제이스로보틱스, 셀트리온, 에코프로...",2026-09-22,0.0174,0.021,,failure
042940,상지건설,권리락              (유상증자),paid_in_capital_increase,20260921,negative,-70,C,Paid-in capital increases can create dilution concerns.,5,6,6,0,5,"9월 21일 주식시장 주요공시 | [N2 모닝 경제 브리핑-9월 22일] 美 증시, 유가·금리 하락에 상승 마감... | [주요공시] 삼성물산, 에스엠벡셀, 제이스로보틱스, 셀트리온, 에코프로...",2026-09-22,0.0174,0.021,,failure
042940,상지건설,권리락              (유상증자),paid_in_capital_increase,20260921,negative,-70,C,Paid-in capital increases can create dilution concerns.,5,6,6,0,5,"9월 21일 주식시장 주요공시 | [N2 모닝 경제 브리핑-9월 22일] 美 증시, 유가·금리 하락에 상승 마감... | [주요공시] 삼성물산, 에스엠벡셀, 제이스로보틱스, 셀트리온, 에코프로...",2026-09-22,0.0174,0.021,,failure
042940,상지건설,권리락              (유상증자),paid_in_capital_increase,20260921,negative,-70,C,Paid-in capital increases can create dilution concerns.,5,6,6,0,5,"9월 21일 주식시장 주요공시 | [N2 모닝 경제 브리핑-9월 22일] 美 증시, 유가·금리 하락에 상승 마감... | [주요공시] 삼성물산, 에스엠벡셀, 제이스로보틱스, 셀트리온, 에코프로...",2026-09-22,0.0174,0.021,,failure
042940,상지건설,권리락              (유상증자),paid_in_capital_increase,20260921,negative,-70,C,Paid-in capital increases can create dilution concerns.,5,6,6,0,5,"9월 21일 주식시장 주요공시 | [N2 모닝 경제 브리핑-9월 22일] 美 증시, 유가·금리 하락에 상승 마감... | [주요공시] 삼성물산, 에스엠벡셀, 제이스로보틱스, 셀트리온, 에코프로...",2026-09-22,0.0174,0.021,,failure
042940,상지건설,권리락              (유상증자),paid_in_capital_increase,20260921,negative,-70,C,Paid-in capital increases can create dilution concerns.,5,6,6,0,5,"9월 21일 주식시장 주요공시 | [N2 모닝 경제 브리핑-9월 22일] 美 증시, 유가·금리 하락에 상승 마감... | [주요공시] 삼성물산, 에스엠벡셀, 제이스로보틱스, 셀트리온, 에코프로...",2026-09-22,0.0174,0.021,,failure
042940,상지건설,권리락              (유상증자),paid_in_capital_increase,20260921,negative,-70,C,Paid-in capital increases can create dilution concerns.,5,6,6,0,5,"9월 21일 주식시장 주요공시 | [N2 모닝 경제 브리핑-9월 22일] 美 증시, 유가·금리 하락에 상승 마감... | [주요공시] 삼성물산, 에스엠벡셀, 제이스로보틱스, 셀트리온, 에코프로...",2026-09-22,0.0174,0.021,,failure
042940,상지건설,권리락              (유상증자),paid_in_capital_increase,20260921,negative,-70,C,Paid-in capital increases can create dilution concerns.,5,6,6,0,5,"9월 21일 주식시장 주요공시 | [N2 모닝 경제 브리핑-9월 22일] 美 증시, 유가·금리 하락에 상승 마감... | [주요공시] 삼성물산, 에스엠벡셀, 제이스로보틱스, 셀트리온, 에코프로...",2026-09-22,0.0174,0.021,,failure
042940,상지건설,권리락              (유상증자),paid_in_capital_increase,20260921,negative,-70,C,Paid-in capital increases can create dilution concerns.,5,6,6,0,5,"9월 21일 주식시장 주요공시 | [N2 모닝 경제 브리핑-9월 22일] 美 증시, 유가·금리 하락에 상승 마감... | [주요공시] 삼성물산, 에스엠벡셀, 제이스로보틱스, 셀트리온, 에코프로...",2026-09-22,0.0174,0.021,,failure
042940,상지건설,권리락              (유상증자),paid_in_capital_increase,20260921,negative,-70,C,Paid-in capital increases can create dilution concerns.,5,6,6,0,5,"9월 21일 주식시장 주요공시 | [N2 모닝 경제 브리핑-9월 22일] 美 증시, 유가·금리 하락에 상승 마감... | [주요공시] 삼성물산, 에스엠벡셀, 제이스로보틱스, 셀트리온, 에코프로...",2026-09-22,0.0174,0.021,,failure
042940,상지건설,권리락              (유상증자),paid_in_capital_increase,20260921,negative,-70,C,Paid-in capital increases can create dilution concerns.,5,6,6,0,5,"9월 21일 주식시장 주요공시 | [N2 모닝 경제 브리핑-9월 22일] 美 증시, 유가·금리 하락에 상승 마감... | [주요공시] 삼성물산, 에스엠벡셀, 제이스로보틱스, 셀트리온, 에코프로...",2026-09-22,0.0174,0.021,,failure
042940,상지건설,권리락              (유상증자),paid_in_capital_increase,20260921,negative,-70,C,Paid-in capital increases can create dilution concerns.,5,6,6,0,5,"9월 21일 주식시장 주요공시 | [N2 모닝 경제 브리핑-9월 22일] 美 증시, 유가·금리 하락에 상승 마감... | [주요공시] 삼성물산, 에스엠벡셀, 제이스로보틱스, 셀트리온, 에코프로...",2026-09-22,0.0174,0.021,,failure
042940,상지건설,권리락              (유상증자),paid_in_capital_increase,20260921,negative,-70,C,Paid-in capital increases can create dilution concerns.,5,6,6,0,5,"9월 21일 주식시장 주요공시 | [N2 모닝 경제 브리핑-9월 22일] 美 증시, 유가·금리 하락에 상승 마감... | [주요공시] 삼성물산, 에스엠벡셀, 제이스로보틱스, 셀트리온, 에코프로...",2026-09-22,0.0174,0.021,,failure
042940,상지건설,권리락              (유상증자),paid_in_capital_increase,20260921,negative,-70,C,Paid-in capital increases can create dilution concerns.,5,6,6,0,5,"9월 21일 주식시장 주요공시 | [N2 모닝 경제 브리핑-9월 22일] 美 증시, 유가·금리 하락에 상승 마감... | [주요공시] 삼성물산, 에스엠벡셀, 제이스로보틱스, 셀트리온, 에코프로...",2026-09-22,0.0174,0.021,,failure
042940,상지건설,권리락              (유상증자),paid_in_capital_increase,20260921,negative,-70,C,Paid-in capital increases can create dilution concerns.,5,6,6,0,5,"9월 21일 주식시장 주요공시 | [N2 모닝 경제 브리핑-9월 22일] 美 증시, 유가·금리 하락에 상승 마감... | [주요공시] 삼성물산, 에스엠벡셀, 제이스로보틱스, 셀트리온, 에코프로...",2026-09-22,0.0174,0.021,,failure
042940,상지건설,권리락              (유상증자),paid_in_capital_increase,20260921,negative,-70,C,Paid-in capital increases can create dilution concerns.,5,6,6,0,5,"9월 21일 주식시장 주요공시 | [N2 모닝 경제 브리핑-9월 22일] 美 증시, 유가·금리 하락에 상승 마감... | [주요공시] 삼성물산, 에스엠벡셀, 제이스로보틱스, 셀트리온, 에코프로...",2026-09-22,0.0174,0.021,,failure
042940,상지건설,권리락              (유상증자),paid_in_capital_increase,20260921,negative,-70,C,Paid-in capital increases can create dilution concerns.,5,6,6,0,5,"9월 21일 주식시장 주요공시 | [N2 모닝 경제 브리핑-9월 22일] 美 증시, 유가·금리 하락에 상승 마감... | [주요공시] 삼성물산, 에스엠벡셀, 제이스로보틱스, 셀트리온, 에코프로...",2026-09-22,0.0174,0.021,,failure
042940,상지건설,권리락              (유상증자),paid_in_capital_increase,20260921,negative,-70,C,Paid-in capital increases can create dilution concerns.,5,6,6,0,5,"9월 21일 주식시장 주요공시 | [N2 모닝 경제 브리핑-9월 22일] 美 증시, 유가·금리 하락에 상승 마감... | [주요공시] 삼성물산, 에스엠벡셀, 제이스로보틱스, 셀트리온, 에코프로...",2026-09-22,0.0174,0.021,,failure
042940,상지건설,권리락              (유상증자),paid_in_capital_increase,20260921,negative,-70,C,Paid-in capital increases can create dilution concerns.,5,6,6,0,5,"9월 21일 주식시장 주요공시 | [N2 모닝 경제 브리핑-9월 22일] 美 증시, 유가·금리 하락에 상승 마감... | [주요공시] 삼성물산, 에스엠벡셀, 제이스로보틱스, 셀트리온, 에코프로...",2026-09-22,0.0174,0.021,,failure
042940,상지건설,권리락              (유상증자),paid_in_capital_increase,20260921,negative,-70,C,Paid-in capital increases can create dilution concerns.,5,6,6,0,5,"9월 21일 주식시장 주요공시 | [N2 모닝 경제 브리핑-9월 22일] 美 증시, 유가·금리 하락에 상승 마감... | [주요공시] 삼성물산, 에스엠벡셀, 제이스로보틱스, 셀트리온, 에코프로...",2026-09-22,0.0174,0.021,,failure
042940,상지건설,권리락              (유상증자),paid_in_capital_increase,20260921,negative,-70,C,Paid-in capital increases can create dilution concerns.,5,6,6,0,5,"9월 21일 주식시장 주요공시 | [N2 모닝 경제 브리핑-9월 22일] 美 증시, 유가·금리 하락에 상승 마감... | [주요공시] 삼성물산, 에스엠벡셀, 제이스로보틱스, 셀트리온, 에코프로...",2026-09-22,0.0174,0.021,,failure
042940,상지건설,권리락              (유상증자),paid_in_capital_increase,20260921,negative,-70,C,Paid-in capital increases can create dilution concerns.,5,6,6,0,5,"9월 21일 주식시장 주요공시 | [N2 모닝 경제 브리핑-9월 22일] 美 증시, 유가·금리 하락에 상승 마감... | [주요공시] 삼성물산, 에스엠벡셀, 제이스로보틱스, 셀트리온, 에코프로...",2026-09-22,0.0174,0.021,,failure
042940,상지건설,권리락              (유상증자),paid_in_capital_increase,20260921,negative,-70,C,Paid-in capital increases can create dilution concerns.,5,6,6,0,5,"9월 21일 주식시장 주요공시 | [N2 모닝 경제 브리핑-9월 22일] 美 증시, 유가·금리 하락에 상승 마감... | [주요공시] 삼성물산, 에스엠벡셀, 제이스로보틱스, 셀트리온, 에코프로...",2026-09-22,0.0174,0.021,,failure
042940,상지건설,권리락              (유상증자),paid_in_capital_increase,20260921,negative,-70,C,Paid-in capital increases can create dilution concerns.,5,6,6,0,5,"9월 21일 주식시장 주요공시 | [N2 모닝 경제 브리핑-9월 22일] 美 증시, 유가·금리 하락에 상승 마감... | [주요공시] 삼성물산, 에스엠벡셀, 제이스로보틱스, 셀트리온, 에코프로...",2026-09-22,0.0174,0.021,,failure
042940,상지건설,권리락              (유상증자),paid_in_capital_increase,20260921,negative,-70,C,Paid-in capital increases can create dilution concerns.,5,6,6,0,5,"9월 21일 주식시장 주요공시 | [N2 모닝 경제 브리핑-9월 22일] 美 증시, 유가·금리 하락에 상승 마감... | [주요공시] 삼성물산, 에스엠벡셀, 제이스로보틱스, 셀트리온, 에코프로...",2026-09-22,0.0174,0.021,,failure
042940,상지건설,권리락              (유상증자),paid_in_capital_increase,20260921,negative,-70,C,Paid-in capital increases can create dilution concerns.,5,6,6,0,5,"9월 21일 주식시장 주요공시 | [N2 모닝 경제 브리핑-9월 22일] 美 증시, 유가·금리 하락에 상승 마감... | [주요공시] 삼성물산, 에스엠벡셀, 제이스로보틱스, 셀트리온, 에코프로...",2026-09-22,0.0174,0.021,,failure
042940,상지건설,권리락              (유상증자),paid_in_capital_increase,20260921,negative,-70,C,Paid-in capital increases can create dilution concerns.,5,6,6,0,5,"9월 21일 주식시장 주요공시 | [N2 모닝 경제 브리핑-9월 22일] 美 증시, 유가·금리 하락에 상승 마감... | [주요공시] 삼성물산, 에스엠벡셀, 제이스로보틱스, 셀트리온, 에코프로...",2026-09-22,0.0174,0.021,,failure
042940,상지건설,권리락              (유상증자),paid_in_capital_increase,20260921,negative,-70,C,Paid-in capital increases can create dilution concerns.,5,6,6,0,5,"9월 21일 주식시장 주요공시 | [N2 모닝 경제 브리핑-9월 22일] 美 증시, 유가·금리 하락에 상승 마감... | [주요공시] 삼성물산, 에스엠벡셀, 제이스로보틱스, 셀트리온, 에코프로...",2026-09-22,0.0174,0.021,,failure
042940,상지건설,권리락              (유상증자),paid_in_capital_increase,20260921,negative,-70,C,Paid-in capital increases can create dilution concerns.,5,6,6,0,5,"9월 21일 주식시장 주요공시 | [N2 모닝 경제 브리핑-9월 22일] 美 증시, 유가·금리 하락에 상승 마감... | [주요공시] 삼성물산, 에스엠벡셀, 제이스로보틱스, 셀트리온, 에코프로...",2026-09-22,0.0174,0.021,,failure
277070,린드먼아시아,유동성공급계약의체결              ,supply_contract,20260921,positive,70,C,Supply contract disclosures may indicate future revenue growth.,5,6,1,5,5,"[N2 모닝 경제 브리핑-9월 22일] 美 증시, 유가·금리 하락에 상승 마감... | [공시] 9월 22일, 코스닥 상장사 60개 종목 자사주 매수 신청 | 모태펀드 LP성장펀드, '스코펀' 데자뷔?",2026-09-22,0.0152,0.0424,,success
007460,에이프로젠,[기재정정]주요사항보고서(전환사채권발행결정),convertible_bond,20260921,negative,-60,C,Convertible bonds may create future dilution risk.,5,0,5,-5,5,"9월 21일 주식시장 주요공시 | HLB제약, 장기지속형 주사제 기술로 치매 치료 게임체인저 노린다 | 9월 18일 주식시장 주요공시",2026-09-22,0.0225,0.025,,failure
000480,시알홀딩스,최대주주등소유주식변동신고서              ,major_shareholder_change,20260921,volatile,10,C,Major shareholder changes can increase volatility depending on context.,5,2,0,2,5,"주주 지형 바뀐 아이앤비코퍼레이션, 한국앤컴퍼니그룹 내 역할론은 | 시알홀딩스, 지주사 전환 뒤 또 '규정 위반' 논란 | 시알홀딩스, 지주회사 규제 위반 공정위 제재…과징금 7900만원",2026-09-22,0.0012,-0.0035,,failure
351320,넥사다이내믹스,[첨부정정]주요사항보고서(전환사채권발행결정),convertible_bond,20260921,negative,-60,C,Convertible bonds may create future dilution risk.,5,9,4,5,5,"AI·OLED 투자 모멘텀 재가동… 디스플레이장비 업종에 뭉칫돈 몰린다 | 9월 21일 주식시장 주요공시 | 넥사다이내믹스, 日 IT기업에 AI 서버 제품 공급계약",2026-09-22,0.0,0.0053,,failure
351320,넥사다이내믹스,[첨부정정]주요사항보고서(전환사채권발행결정),convertible_bond,20260921,negative,-60,C,Convertible bonds may create future dilution risk.,5,9,4,5,5,"AI·OLED 투자 모멘텀 재가동… 디스플레이장비 업종에 뭉칫돈 몰린다 | 9월 21일 주식시장 주요공시 | 넥사다이내믹스, 日 IT기업에 AI 서버 제품 공급계약",2026-09-22,0.0,0.0053,,failure
351320,넥사다이내믹스,[첨부정정]주요사항보고서(전환사채권발행결정),convertible_bond,20260921,negative,-60,C,Convertible bonds may create future dilution risk.,5,9,4,5,5,"AI·OLED 투자 모멘텀 재가동… 디스플레이장비 업종에 뭉칫돈 몰린다 | 9월 21일 주식시장 주요공시 | 넥사다이내믹스, 日 IT기업에 AI 서버 제품 공급계약",2026-09-22,0.0,0.0053,,failure
351320,넥사다이내믹스,[첨부정정]주요사항보고서(전환사채권발행결정),convertible_bond,20260921,negative,-60,C,Convertible bonds may create future dilution risk.,5,9,4,5,5,"AI·OLED 투자 모멘텀 재가동… 디스플레이장비 업종에 뭉칫돈 몰린다 | 9월 21일 주식시장 주요공시 | 넥사다이내믹스, 日 IT기업에 AI 서버 제품 공급계약",2026-09-22,0.0,0.0053,,failure
351320,넥사다이내믹스,[첨부정정]주요사항보고서(전환사채권발행결정),convertible_bond,20260921,negative,-60,C,Convertible bonds may create future dilution risk.,5,9,4,5,5,"AI·OLED 투자 모멘텀 재가동… 디스플레이장비 업종에 뭉칫돈 몰린다 | 9월 21일 주식시장 주요공시 | 넥사다이내믹스, 日 IT기업에 AI 서버 제품 공급계약",2026-09-22,0.0,0.0053,,failure
351320,넥사다이내믹스,[첨부정정]주요사항보고서(전환사채권발행결정),convertible_bond,20260921,negative,-60,C,Convertible bonds may create future dilution risk.,5,9,4,5,5,"AI·OLED 투자 모멘텀 재가동… 디스플레이장비 업종에 뭉칫돈 몰린다 | 9월 21일 주식시장 주요공시 | 넥사다이내믹스, 日 IT기업에 AI 서버 제품 공급계약",2026-09-22,0.0,0.0053,,failure
351320,넥사다이내믹스,[첨부정정]주요사항보고서(전환사채권발행결정),convertible_bond,20260921,negative,-60,C,Convertible bonds may create future dilution risk.,5,9,4,5,5,"AI·OLED 투자 모멘텀 재가동… 디스플레이장비 업종에 뭉칫돈 몰린다 | 9월 21일 주식시장 주요공시 | 넥사다이내믹스, 日 IT기업에 AI 서버 제품 공급계약",2026-09-22,0.0,0.0053,,failure
351320,넥사다이내믹스,[첨부정정]주요사항보고서(전환사채권발행결정),convertible_bond,20260921,negative,-60,C,Convertible bonds may create future dilution risk.,5,9,4,5,5,"AI·OLED 투자 모멘텀 재가동… 디스플레이장비 업종에 뭉칫돈 몰린다 | 9월 21일 주식시장 주요공시 | 넥사다이내믹스, 日 IT기업에 AI 서버 제품 공급계약",2026-09-22,0.0,0.0053,,failure
351320,넥사다이내믹스,주요사항보고서(소송등의제기),lawsuit,20260921,negative,-75,C,Lawsuits may increase uncertainty and downside risk.,5,9,4,5,5,"AI·OLED 투자 모멘텀 재가동… 디스플레이장비 업종에 뭉칫돈 몰린다 | 9월 21일 주식시장 주요공시 | 넥사다이내믹스, 日 IT기업에 AI 서버 제품 공급계약",2026-09-22,0.0,0.0053,,failure
351320,넥사다이내믹스,주요사항보고서(소송등의제기),lawsuit,20260921,negative,-75,C,Lawsuits may increase uncertainty and downside risk.,5,9,4,5,5,"AI·OLED 투자 모멘텀 재가동… 디스플레이장비 업종에 뭉칫돈 몰린다 | 9월 21일 주식시장 주요공시 | 넥사다이내믹스, 日 IT기업에 AI 서버 제품 공급계약",2026-09-22,0.0,0.0053,,failure
351320,넥사다이내믹스,주요사항보고서(소송등의제기),lawsuit,20260921,negative,-75,C,Lawsuits may increase uncertainty and downside risk.,5,9,4,5,5,"AI·OLED 투자 모멘텀 재가동… 디스플레이장비 업종에 뭉칫돈 몰린다 | 9월 21일 주식시장 주요공시 | 넥사다이내믹스, 日 IT기업에 AI 서버 제품 공급계약",2026-09-22,0.0,0.0053,,failure
351320,넥사다이내믹스,주요사항보고서(소송등의제기),lawsuit,20260921,negative,-75,C,Lawsuits may increase uncertainty and downside risk.,5,9,4,5,5,"AI·OLED 투자 모멘텀 재가동… 디스플레이장비 업종에 뭉칫돈 몰린다 | 9월 21일 주식시장 주요공시 | 넥사다이내믹스, 日 IT기업에 AI 서버 제품 공급계약",2026-09-22,0.0,0.0053,,failure
351320,넥사다이내믹스,주요사항보고서(소송등의제기),lawsuit,20260921,negative,-75,C,Lawsuits may increase uncertainty and downside risk.,5,9,4,5,5,"AI·OLED 투자 모멘텀 재가동… 디스플레이장비 업종에 뭉칫돈 몰린다 | 9월 21일 주식시장 주요공시 | 넥사다이내믹스, 日 IT기업에 AI 서버 제품 공급계약",2026-09-22,0.0,0.0053,,failure
351320,넥사다이내믹스,주요사항보고서(소송등의제기),lawsuit,20260921,negative,-75,C,Lawsuits may increase uncertainty and downside risk.,5,9,4,5,5,"AI·OLED 투자 모멘텀 재가동… 디스플레이장비 업종에 뭉칫돈 몰린다 | 9월 21일 주식시장 주요공시 | 넥사다이내믹스, 日 IT기업에 AI 서버 제품 공급계약",2026-09-22,0.0,0.0053,,failure
351320,넥사다이내믹스,주요사항보고서(소송등의제기),lawsuit,20260921,negative,-75,C,Lawsuits may increase uncertainty and downside risk.,5,9,4,5,5,"AI·OLED 투자 모멘텀 재가동… 디스플레이장비 업종에 뭉칫돈 몰린다 | 9월 21일 주식시장 주요공시 | 넥사다이내믹스, 日 IT기업에 AI 서버 제품 공급계약",2026-09-22,0.0,0.0053,,failure
351320,넥사다이내믹스,주요사항보고서(소송등의제기),lawsuit,20260921,negative,-75,C,Lawsuits may increase uncertainty and downside risk.,5,9,4,5,5,"AI·OLED 투자 모멘텀 재가동… 디스플레이장비 업종에 뭉칫돈 몰린다 | 9월 21일 주식시장 주요공시 | 넥사다이내믹스, 日 IT기업에 AI 서버 제품 공급계약",2026-09-22,0.0,0.0053,,failure
478340,나라스페이스테크놀로지,투자판단관련주요경영사항              (국책과제 선정(초소형위성 기반 우주 자산 보호 기술 개발)),investment_decision,20260921,volatile,30,C,Investment decisions can be positive or negative depending on scale and funding source.,5,7,4,3,5,9월 21일 주식시장 주요공시 | [박정식의 국내 주식시황] AI·반도체 훈풍에 코스피 7000 안착…7200선 ... | 9월 22일 개장 전 주요 공시,2026-09-22,-0.0183,-0.0366,,success
011300,우성머티리얼스,[기재정정]주요사항보고서(유상증자결정),paid_in_capital_increase,20260921,negative,-70,C,Paid-in capital increases can create dilution concerns.,5,5,9,-4,5,"9월 21일 주식시장 주요공시 | 패션-형지 계열 3사 큰폭 하락, 섬유-효성, 태광산업 상승 | [공시]우성머티리얼스, 유증 대상자 변경·발행가 하향",2026-09-22,0.0228,0.0538,,failure
011810,STX,최대주주변경              ,major_shareholder_change,20260921,volatile,10,C,Major shareholder changes can increase volatility depending on context.,5,1,0,1,5,"9월 21일 주식시장 주요공시 | [개장 전 주요 공시] GS건설·HJ중공업·메리츠증권·한국자산신탁 등 | [더벨][이슈 & 보드] 회생 절차 STX, 7인 →1인 이사회 축소",2026-09-22,-1.0,0.0,,failure
011810,STX,최대주주변경              ,major_shareholder_change,20260921,volatile,10,C,Major shareholder changes can increase volatility depending on context.,5,1,0,1,5,"9월 21일 주식시장 주요공시 | [개장 전 주요 공시] GS건설·HJ중공업·메리츠증권·한국자산신탁 등 | [더벨][이슈 & 보드] 회생 절차 STX, 7인 →1인 이사회 축소",2026-09-22,-1.0,0.0,,failure
011810,STX,최대주주변경              ,major_shareholder_change,20260921,volatile,10,C,Major shareholder changes can increase volatility depending on context.,5,1,0,1,5,"9월 21일 주식시장 주요공시 | [개장 전 주요 공시] GS건설·HJ중공업·메리츠증권·한국자산신탁 등 | [더벨][이슈 & 보드] 회생 절차 STX, 7인 →1인 이사회 축소",2026-09-22,-1.0,0.0,,failure
011810,STX,최대주주변경              ,major_shareholder_change,20260921,volatile,10,C,Major shareholder changes can increase volatility depending on context.,5,1,0,1,5,"9월 21일 주식시장 주요공시 | [개장 전 주요 공시] GS건설·HJ중공업·메리츠증권·한국자산신탁 등 | [더벨][이슈 & 보드] 회생 절차 STX, 7인 →1인 이사회 축소",2026-09-22,-1.0,0.0,,failure
011810,STX,최대주주변경              ,major_shareholder_change,20260921,volatile,10,C,Major shareholder changes can increase volatility depending on context.,5,1,0,1,5,"9월 21일 주식시장 주요공시 | [개장 전 주요 공시] GS건설·HJ중공업·메리츠증권·한국자산신탁 등 | [더벨][이슈 & 보드] 회생 절차 STX, 7인 →1인 이사회 축소",2026-09-22,-1.0,0.0,,failure
011810,STX,최대주주변경              ,major_shareholder_change,20260921,volatile,10,C,Major shareholder changes can increase volatility depending on context.,5,1,0,1,5,"9월 21일 주식시장 주요공시 | [개장 전 주요 공시] GS건설·HJ중공업·메리츠증권·한국자산신탁 등 | [더벨][이슈 & 보드] 회생 절차 STX, 7인 →1인 이사회 축소",2026-09-22,-1.0,0.0,,failure
011810,STX,최대주주변경              ,major_shareholder_change,20260921,volatile,10,C,Major shareholder changes can increase volatility depending on context.,5,1,0,1,5,"9월 21일 주식시장 주요공시 | [개장 전 주요 공시] GS건설·HJ중공업·메리츠증권·한국자산신탁 등 | [더벨][이슈 & 보드] 회생 절차 STX, 7인 →1인 이사회 축소",2026-09-22,-1.0,0.0,,failure
011810,STX,최대주주변경              ,major_shareholder_change,20260921,volatile,10,C,Major shareholder changes can increase volatility depending on context.,5,1,0,1,5,"9월 21일 주식시장 주요공시 | [개장 전 주요 공시] GS건설·HJ중공업·메리츠증권·한국자산신탁 등 | [더벨][이슈 & 보드] 회생 절차 STX, 7인 →1인 이사회 축소",2026-09-22,-1.0,0.0,,failure
011810,STX,최대주주변경              ,major_shareholder_change,20260921,volatile,10,C,Major shareholder changes can increase volatility depending on context.,5,1,0,1,5,"9월 21일 주식시장 주요공시 | [개장 전 주요 공시] GS건설·HJ중공업·메리츠증권·한국자산신탁 등 | [더벨][이슈 & 보드] 회생 절차 STX, 7인 →1인 이사회 축소",2026-09-22,-1.0,0.0,,failure
011810,STX,최대주주변경              ,major_shareholder_change,20260921,volatile,10,C,Major shareholder changes can increase volatility depending on context.,5,1,0,1,5,"9월 21일 주식시장 주요공시 | [개장 전 주요 공시] GS건설·HJ중공업·메리츠증권·한국자산신탁 등 | [더벨][이슈 & 보드] 회생 절차 STX, 7인 →1인 이사회 축소",2026-09-22,-1.0,0.0,,failure
011810,STX,최대주주변경              ,major_shareholder_change,20260921,volatile,10,C,Major shareholder changes can increase volatility depending on context.,5,1,0,1,5,"9월 21일 주식시장 주요공시 | [개장 전 주요 공시] GS건설·HJ중공업·메리츠증권·한국자산신탁 등 | [더벨][이슈 & 보드] 회생 절차 STX, 7인 →1인 이사회 축소",2026-09-22,-1.0,0.0,,failure
011810,STX,최대주주변경              ,major_shareholder_change,20260921,volatile,10,C,Major shareholder changes can increase volatility depending on context.,5,1,0,1,5,"9월 21일 주식시장 주요공시 | [개장 전 주요 공시] GS건설·HJ중공업·메리츠증권·한국자산신탁 등 | [더벨][이슈 & 보드] 회생 절차 STX, 7인 →1인 이사회 축소",2026-09-22,-1.0,0.0,,failure
011810,STX,최대주주변경              ,major_shareholder_change,20260921,volatile,10,C,Major shareholder changes can increase volatility depending on context.,5,1,0,1,5,"9월 21일 주식시장 주요공시 | [개장 전 주요 공시] GS건설·HJ중공업·메리츠증권·한국자산신탁 등 | [더벨][이슈 & 보드] 회생 절차 STX, 7인 →1인 이사회 축소",2026-09-22,-1.0,0.0,,failure
011810,STX,최대주주변경              ,major_shareholder_change,20260921,volatile,10,C,Major shareholder changes can increase volatility depending on context.,5,1,0,1,5,"9월 21일 주식시장 주요공시 | [개장 전 주요 공시] GS건설·HJ중공업·메리츠증권·한국자산신탁 등 | [더벨][이슈 & 보드] 회생 절차 STX, 7인 →1인 이사회 축소",2026-09-22,-1.0,0.0,,failure
011810,STX,최대주주변경              ,major_shareholder_change,20260921,volatile,10,C,Major shareholder changes can increase volatility depending on context.,5,1,0,1,5,"9월 21일 주식시장 주요공시 | [개장 전 주요 공시] GS건설·HJ중공업·메리츠증권·한국자산신탁 등 | [더벨][이슈 & 보드] 회생 절차 STX, 7인 →1인 이사회 축소",2026-09-22,-1.0,0.0,,failure
011810,STX,최대주주변경              ,major_shareholder_change,20260921,volatile,10,C,Major shareholder changes can increase volatility depending on context.,5,1,0,1,5,"9월 21일 주식시장 주요공시 | [개장 전 주요 공시] GS건설·HJ중공업·메리츠증권·한국자산신탁 등 | [더벨][이슈 & 보드] 회생 절차 STX, 7인 →1인 이사회 축소",2026-09-22,-1.0,0.0,,failure
011810,STX,최대주주변경              ,major_shareholder_change,20260921,volatile,10,C,Major shareholder changes can increase volatility depending on context.,5,1,0,1,5,"9월 21일 주식시장 주요공시 | [개장 전 주요 공시] GS건설·HJ중공업·메리츠증권·한국자산신탁 등 | [더벨][이슈 & 보드] 회생 절차 STX, 7인 →1인 이사회 축소",2026-09-22,-1.0,0.0,,failure
011810,STX,최대주주변경              ,major_shareholder_change,20260921,volatile,10,C,Major shareholder changes can increase volatility depending on context.,5,1,0,1,5,"9월 21일 주식시장 주요공시 | [개장 전 주요 공시] GS건설·HJ중공업·메리츠증권·한국자산신탁 등 | [더벨][이슈 & 보드] 회생 절차 STX, 7인 →1인 이사회 축소",2026-09-22,-1.0,0.0,,failure
011810,STX,최대주주변경              ,major_shareholder_change,20260921,volatile,10,C,Major shareholder changes can increase volatility depending on context.,5,1,0,1,5,"9월 21일 주식시장 주요공시 | [개장 전 주요 공시] GS건설·HJ중공업·메리츠증권·한국자산신탁 등 | [더벨][이슈 & 보드] 회생 절차 STX, 7인 →1인 이사회 축소",2026-09-22,-1.0,0.0,,failure
011810,STX,최대주주변경              ,major_shareholder_change,20260921,volatile,10,C,Major shareholder changes can increase volatility depending on context.,5,1,0,1,5,"9월 21일 주식시장 주요공시 | [개장 전 주요 공시] GS건설·HJ중공업·메리츠증권·한국자산신탁 등 | [더벨][이슈 & 보드] 회생 절차 STX, 7인 →1인 이사회 축소",2026-09-22,-1.0,0.0,,failure
011810,STX,최대주주변경              ,major_shareholder_change,20260921,volatile,10,C,Major shareholder changes can increase volatility depending on context.,5,1,0,1,5,"9월 21일 주식시장 주요공시 | [개장 전 주요 공시] GS건설·HJ중공업·메리츠증권·한국자산신탁 등 | [더벨][이슈 & 보드] 회생 절차 STX, 7인 →1인 이사회 축소",2026-09-22,-1.0,0.0,,failure
011810,STX,최대주주변경              ,major_shareholder_change,20260921,volatile,10,C,Major shareholder changes can increase volatility depending on context.,5,1,0,1,5,"9월 21일 주식시장 주요공시 | [개장 전 주요 공시] GS건설·HJ중공업·메리츠증권·한국자산신탁 등 | [더벨][이슈 & 보드] 회생 절차 STX, 7인 →1인 이사회 축소",2026-09-22,-1.0,0.0,,failure
011810,STX,최대주주변경              ,major_shareholder_change,20260921,volatile,10,C,Major shareholder changes can increase volatility depending on context.,5,1,0,1,5,"9월 21일 주식시장 주요공시 | [개장 전 주요 공시] GS건설·HJ중공업·메리츠증권·한국자산신탁 등 | [더벨][이슈 & 보드] 회생 절차 STX, 7인 →1인 이사회 축소",2026-09-22,-1.0,0.0,,failure
011810,STX,최대주주변경              ,major_shareholder_change,20260921,volatile,10,C,Major shareholder changes can increase volatility depending on context.,5,1,0,1,5,"9월 21일 주식시장 주요공시 | [개장 전 주요 공시] GS건설·HJ중공업·메리츠증권·한국자산신탁 등 | [더벨][이슈 & 보드] 회생 절차 STX, 7인 →1인 이사회 축소",2026-09-22,-1.0,0.0,,failure
011810,STX,최대주주변경              ,major_shareholder_change,20260921,volatile,10,C,Major shareholder changes can increase volatility depending on context.,5,1,0,1,5,"9월 21일 주식시장 주요공시 | [개장 전 주요 공시] GS건설·HJ중공업·메리츠증권·한국자산신탁 등 | [더벨][이슈 & 보드] 회생 절차 STX, 7인 →1인 이사회 축소",2026-09-22,-1.0,0.0,,failure
011810,STX,최대주주변경              ,major_shareholder_change,20260921,volatile,10,C,Major shareholder changes can increase volatility depending on context.,5,1,0,1,5,"9월 21일 주식시장 주요공시 | [개장 전 주요 공시] GS건설·HJ중공업·메리츠증권·한국자산신탁 등 | [더벨][이슈 & 보드] 회생 절차 STX, 7인 →1인 이사회 축소",2026-09-22,-1.0,0.0,,failure
011810,STX,최대주주변경              ,major_shareholder_change,20260921,volatile,10,C,Major shareholder changes can increase volatility depending on context.,5,1,0,1,5,"9월 21일 주식시장 주요공시 | [개장 전 주요 공시] GS건설·HJ중공업·메리츠증권·한국자산신탁 등 | [더벨][이슈 & 보드] 회생 절차 STX, 7인 →1인 이사회 축소",2026-09-22,-1.0,0.0,,failure
011810,STX,최대주주변경              ,major_shareholder_change,20260921,volatile,10,C,Major shareholder changes can increase volatility depending on context.,5,1,0,1,5,"9월 21일 주식시장 주요공시 | [개장 전 주요 공시] GS건설·HJ중공업·메리츠증권·한국자산신탁 등 | [더벨][이슈 & 보드] 회생 절차 STX, 7인 →1인 이사회 축소",2026-09-22,-1.0,0.0,,failure
011810,STX,최대주주변경              ,major_shareholder_change,20260921,volatile,10,C,Major shareholder changes can increase volatility depending on context.,5,1,0,1,5,"9월 21일 주식시장 주요공시 | [개장 전 주요 공시] GS건설·HJ중공업·메리츠증권·한국자산신탁 등 | [더벨][이슈 & 보드] 회생 절차 STX, 7인 →1인 이사회 축소",2026-09-22,-1.0,0.0,,failure
011810,STX,최대주주변경              ,major_shareholder_change,20260921,volatile,10,C,Major shareholder changes can increase volatility depending on context.,5,1,0,1,5,"9월 21일 주식시장 주요공시 | [개장 전 주요 공시] GS건설·HJ중공업·메리츠증권·한국자산신탁 등 | [더벨][이슈 & 보드] 회생 절차 STX, 7인 →1인 이사회 축소",2026-09-22,-1.0,0.0,,failure
011810,STX,최대주주변경              ,major_shareholder_change,20260921,volatile,10,C,Major shareholder changes can increase volatility depending on context.,5,1,0,1,5,"9월 21일 주식시장 주요공시 | [개장 전 주요 공시] GS건설·HJ중공업·메리츠증권·한국자산신탁 등 | [더벨][이슈 & 보드] 회생 절차 STX, 7인 →1인 이사회 축소",2026-09-22,-1.0,0.0,,failure
011810,STX,최대주주변경              ,major_shareholder_change,20260921,volatile,10,C,Major shareholder changes can increase volatility depending on context.,5,1,0,1,5,"9월 21일 주식시장 주요공시 | [개장 전 주요 공시] GS건설·HJ중공업·메리츠증권·한국자산신탁 등 | [더벨][이슈 & 보드] 회생 절차 STX, 7인 →1인 이사회 축소",2026-09-22,-1.0,0.0,,failure
083650,비에이치아이,[기재정정]단일판매ㆍ공급계약체결(자율공시)              ,supply_contract,20260921,positive,70,C,Supply contract disclosures may indicate future revenue growth.,5,3,2,1,5,9월 21일 주식시장 주요공시 | 반도체에 밀렸던 원전 ETF '활짝'…수익률은 제각각 [ETF업&다운] | [코스닥 기관] 반도체 담고 네오사피엔스·에코프로 팔았다,2026-09-22,0.0048,0.0048,,success
023410,유진기업,주요사항보고서(회사합병결정),merger,20260921,volatile,30,C,"Mergers can create major price movement, but direction depends on deal terms.",5,9,2,7,5,"9월 21일 주식시장 주요공시 | ""엄마, 이제 나도 돈 벌잖아"" 명절에 돈봉투 '스윽'...어른 다 됐다 | 9월 22일 개장 전 주요 공시",2026-09-22,-0.003,-0.0015,,failure
023410,유진기업,주요사항보고서(회사합병결정),merger,20260921,volatile,30,C,"Mergers can create major price movement, but direction depends on deal terms.",5,9,2,7,5,"9월 21일 주식시장 주요공시 | ""엄마, 이제 나도 돈 벌잖아"" 명절에 돈봉투 '스윽'...어른 다 됐다 | 9월 22일 개장 전 주요 공시",2026-09-22,-0.003,-0.0015,,failure
011810,STX,최대주주등소유주식변동신고서(최대주주변경시)              ,major_shareholder_change,20260921,volatile,10,C,Major shareholder changes can increase volatility depending on context.,5,1,0,1,5,"9월 21일 주식시장 주요공시 | [개장 전 주요 공시] GS건설·HJ중공업·메리츠증권·한국자산신탁 등 | [더벨][이슈 & 보드] 회생 절차 STX, 7인 →1인 이사회 축소",2026-09-22,-1.0,0.0,,failure
011810,STX,최대주주등소유주식변동신고서(최대주주변경시)              ,major_shareholder_change,20260921,volatile,10,C,Major shareholder changes can increase volatility depending on context.,5,1,0,1,5,"9월 21일 주식시장 주요공시 | [개장 전 주요 공시] GS건설·HJ중공업·메리츠증권·한국자산신탁 등 | [더벨][이슈 & 보드] 회생 절차 STX, 7인 →1인 이사회 축소",2026-09-22,-1.0,0.0,,failure
011810,STX,최대주주등소유주식변동신고서(최대주주변경시)              ,major_shareholder_change,20260921,volatile,10,C,Major shareholder changes can increase volatility depending on context.,5,1,0,1,5,"9월 21일 주식시장 주요공시 | [개장 전 주요 공시] GS건설·HJ중공업·메리츠증권·한국자산신탁 등 | [더벨][이슈 & 보드] 회생 절차 STX, 7인 →1인 이사회 축소",2026-09-22,-1.0,0.0,,failure
011810,STX,최대주주등소유주식변동신고서(최대주주변경시)              ,major_shareholder_change,20260921,volatile,10,C,Major shareholder changes can increase volatility depending on context.,5,1,0,1,5,"9월 21일 주식시장 주요공시 | [개장 전 주요 공시] GS건설·HJ중공업·메리츠증권·한국자산신탁 등 | [더벨][이슈 & 보드] 회생 절차 STX, 7인 →1인 이사회 축소",2026-09-22,-1.0,0.0,,failure
011810,STX,최대주주등소유주식변동신고서(최대주주변경시)              ,major_shareholder_change,20260921,volatile,10,C,Major shareholder changes can increase volatility depending on context.,5,1,0,1,5,"9월 21일 주식시장 주요공시 | [개장 전 주요 공시] GS건설·HJ중공업·메리츠증권·한국자산신탁 등 | [더벨][이슈 & 보드] 회생 절차 STX, 7인 →1인 이사회 축소",2026-09-22,-1.0,0.0,,failure
011810,STX,최대주주등소유주식변동신고서(최대주주변경시)              ,major_shareholder_change,20260921,volatile,10,C,Major shareholder changes can increase volatility depending on context.,5,1,0,1,5,"9월 21일 주식시장 주요공시 | [개장 전 주요 공시] GS건설·HJ중공업·메리츠증권·한국자산신탁 등 | [더벨][이슈 & 보드] 회생 절차 STX, 7인 →1인 이사회 축소",2026-09-22,-1.0,0.0,,failure
011810,STX,최대주주등소유주식변동신고서(최대주주변경시)              ,major_shareholder_change,20260921,volatile,10,C,Major shareholder changes can increase volatility depending on context.,5,1,0,1,5,"9월 21일 주식시장 주요공시 | [개장 전 주요 공시] GS건설·HJ중공업·메리츠증권·한국자산신탁 등 | [더벨][이슈 & 보드] 회생 절차 STX, 7인 →1인 이사회 축소",2026-09-22,-1.0,0.0,,failure
011810,STX,최대주주등소유주식변동신고서(최대주주변경시)              ,major_shareholder_change,20260921,volatile,10,C,Major shareholder changes can increase volatility depending on context.,5,1,0,1,5,"9월 21일 주식시장 주요공시 | [개장 전 주요 공시] GS건설·HJ중공업·메리츠증권·한국자산신탁 등 | [더벨][이슈 & 보드] 회생 절차 STX, 7인 →1인 이사회 축소",2026-09-22,-1.0,0.0,,failure
011810,STX,최대주주등소유주식변동신고서(최대주주변경시)              ,major_shareholder_change,20260921,volatile,10,C,Major shareholder changes can increase volatility depending on context.,5,1,0,1,5,"9월 21일 주식시장 주요공시 | [개장 전 주요 공시] GS건설·HJ중공업·메리츠증권·한국자산신탁 등 | [더벨][이슈 & 보드] 회생 절차 STX, 7인 →1인 이사회 축소",2026-09-22,-1.0,0.0,,failure
011810,STX,최대주주등소유주식변동신고서(최대주주변경시)              ,major_shareholder_change,20260921,volatile,10,C,Major shareholder changes can increase volatility depending on context.,5,1,0,1,5,"9월 21일 주식시장 주요공시 | [개장 전 주요 공시] GS건설·HJ중공업·메리츠증권·한국자산신탁 등 | [더벨][이슈 & 보드] 회생 절차 STX, 7인 →1인 이사회 축소",2026-09-22,-1.0,0.0,,failure
011810,STX,최대주주등소유주식변동신고서(최대주주변경시)              ,major_shareholder_change,20260921,volatile,10,C,Major shareholder changes can increase volatility depending on context.,5,1,0,1,5,"9월 21일 주식시장 주요공시 | [개장 전 주요 공시] GS건설·HJ중공업·메리츠증권·한국자산신탁 등 | [더벨][이슈 & 보드] 회생 절차 STX, 7인 →1인 이사회 축소",2026-09-22,-1.0,0.0,,failure
011810,STX,최대주주등소유주식변동신고서(최대주주변경시)              ,major_shareholder_change,20260921,volatile,10,C,Major shareholder changes can increase volatility depending on context.,5,1,0,1,5,"9월 21일 주식시장 주요공시 | [개장 전 주요 공시] GS건설·HJ중공업·메리츠증권·한국자산신탁 등 | [더벨][이슈 & 보드] 회생 절차 STX, 7인 →1인 이사회 축소",2026-09-22,-1.0,0.0,,failure
011810,STX,최대주주등소유주식변동신고서(최대주주변경시)              ,major_shareholder_change,20260921,volatile,10,C,Major shareholder changes can increase volatility depending on context.,5,1,0,1,5,"9월 21일 주식시장 주요공시 | [개장 전 주요 공시] GS건설·HJ중공업·메리츠증권·한국자산신탁 등 | [더벨][이슈 & 보드] 회생 절차 STX, 7인 →1인 이사회 축소",2026-09-22,-1.0,0.0,,failure
011810,STX,최대주주등소유주식변동신고서(최대주주변경시)              ,major_shareholder_change,20260921,volatile,10,C,Major shareholder changes can increase volatility depending on context.,5,1,0,1,5,"9월 21일 주식시장 주요공시 | [개장 전 주요 공시] GS건설·HJ중공업·메리츠증권·한국자산신탁 등 | [더벨][이슈 & 보드] 회생 절차 STX, 7인 →1인 이사회 축소",2026-09-22,-1.0,0.0,,failure
011810,STX,최대주주등소유주식변동신고서(최대주주변경시)              ,major_shareholder_change,20260921,volatile,10,C,Major shareholder changes can increase volatility depending on context.,5,1,0,1,5,"9월 21일 주식시장 주요공시 | [개장 전 주요 공시] GS건설·HJ중공업·메리츠증권·한국자산신탁 등 | [더벨][이슈 & 보드] 회생 절차 STX, 7인 →1인 이사회 축소",2026-09-22,-1.0,0.0,,failure
011810,STX,최대주주등소유주식변동신고서(최대주주변경시)              ,major_shareholder_change,20260921,volatile,10,C,Major shareholder changes can increase volatility depending on context.,5,1,0,1,5,"9월 21일 주식시장 주요공시 | [개장 전 주요 공시] GS건설·HJ중공업·메리츠증권·한국자산신탁 등 | [더벨][이슈 & 보드] 회생 절차 STX, 7인 →1인 이사회 축소",2026-09-22,-1.0,0.0,,failure
011810,STX,최대주주등소유주식변동신고서(최대주주변경시)              ,major_shareholder_change,20260921,volatile,10,C,Major shareholder changes can increase volatility depending on context.,5,1,0,1,5,"9월 21일 주식시장 주요공시 | [개장 전 주요 공시] GS건설·HJ중공업·메리츠증권·한국자산신탁 등 | [더벨][이슈 & 보드] 회생 절차 STX, 7인 →1인 이사회 축소",2026-09-22,-1.0,0.0,,failure
011810,STX,최대주주등소유주식변동신고서(최대주주변경시)              ,major_shareholder_change,20260921,volatile,10,C,Major shareholder changes can increase volatility depending on context.,5,1,0,1,5,"9월 21일 주식시장 주요공시 | [개장 전 주요 공시] GS건설·HJ중공업·메리츠증권·한국자산신탁 등 | [더벨][이슈 & 보드] 회생 절차 STX, 7인 →1인 이사회 축소",2026-09-22,-1.0,0.0,,failure
011810,STX,최대주주등소유주식변동신고서(최대주주변경시)              ,major_shareholder_change,20260921,volatile,10,C,Major shareholder changes can increase volatility depending on context.,5,1,0,1,5,"9월 21일 주식시장 주요공시 | [개장 전 주요 공시] GS건설·HJ중공업·메리츠증권·한국자산신탁 등 | [더벨][이슈 & 보드] 회생 절차 STX, 7인 →1인 이사회 축소",2026-09-22,-1.0,0.0,,failure
011810,STX,최대주주등소유주식변동신고서(최대주주변경시)              ,major_shareholder_change,20260921,volatile,10,C,Major shareholder changes can increase volatility depending on context.,5,1,0,1,5,"9월 21일 주식시장 주요공시 | [개장 전 주요 공시] GS건설·HJ중공업·메리츠증권·한국자산신탁 등 | [더벨][이슈 & 보드] 회생 절차 STX, 7인 →1인 이사회 축소",2026-09-22,-1.0,0.0,,failure
011810,STX,최대주주등소유주식변동신고서(최대주주변경시)              ,major_shareholder_change,20260921,volatile,10,C,Major shareholder changes can increase volatility depending on context.,5,1,0,1,5,"9월 21일 주식시장 주요공시 | [개장 전 주요 공시] GS건설·HJ중공업·메리츠증권·한국자산신탁 등 | [더벨][이슈 & 보드] 회생 절차 STX, 7인 →1인 이사회 축소",2026-09-22,-1.0,0.0,,failure
011810,STX,최대주주등소유주식변동신고서(최대주주변경시)              ,major_shareholder_change,20260921,volatile,10,C,Major shareholder changes can increase volatility depending on context.,5,1,0,1,5,"9월 21일 주식시장 주요공시 | [개장 전 주요 공시] GS건설·HJ중공업·메리츠증권·한국자산신탁 등 | [더벨][이슈 & 보드] 회생 절차 STX, 7인 →1인 이사회 축소",2026-09-22,-1.0,0.0,,failure
011810,STX,최대주주등소유주식변동신고서(최대주주변경시)              ,major_shareholder_change,20260921,volatile,10,C,Major shareholder changes can increase volatility depending on context.,5,1,0,1,5,"9월 21일 주식시장 주요공시 | [개장 전 주요 공시] GS건설·HJ중공업·메리츠증권·한국자산신탁 등 | [더벨][이슈 & 보드] 회생 절차 STX, 7인 →1인 이사회 축소",2026-09-22,-1.0,0.0,,failure
011810,STX,최대주주등소유주식변동신고서(최대주주변경시)              ,major_shareholder_change,20260921,volatile,10,C,Major shareholder changes can increase volatility depending on context.,5,1,0,1,5,"9월 21일 주식시장 주요공시 | [개장 전 주요 공시] GS건설·HJ중공업·메리츠증권·한국자산신탁 등 | [더벨][이슈 & 보드] 회생 절차 STX, 7인 →1인 이사회 축소",2026-09-22,-1.0,0.0,,failure
011810,STX,최대주주등소유주식변동신고서(최대주주변경시)              ,major_shareholder_change,20260921,volatile,10,C,Major shareholder changes can increase volatility depending on context.,5,1,0,1,5,"9월 21일 주식시장 주요공시 | [개장 전 주요 공시] GS건설·HJ중공업·메리츠증권·한국자산신탁 등 | [더벨][이슈 & 보드] 회생 절차 STX, 7인 →1인 이사회 축소",2026-09-22,-1.0,0.0,,failure
011810,STX,최대주주등소유주식변동신고서(최대주주변경시)              ,major_shareholder_change,20260921,volatile,10,C,Major shareholder changes can increase volatility depending on context.,5,1,0,1,5,"9월 21일 주식시장 주요공시 | [개장 전 주요 공시] GS건설·HJ중공업·메리츠증권·한국자산신탁 등 | [더벨][이슈 & 보드] 회생 절차 STX, 7인 →1인 이사회 축소",2026-09-22,-1.0,0.0,,failure
011810,STX,최대주주등소유주식변동신고서(최대주주변경시)              ,major_shareholder_change,20260921,volatile,10,C,Major shareholder changes can increase volatility depending on context.,5,1,0,1,5,"9월 21일 주식시장 주요공시 | [개장 전 주요 공시] GS건설·HJ중공업·메리츠증권·한국자산신탁 등 | [더벨][이슈 & 보드] 회생 절차 STX, 7인 →1인 이사회 축소",2026-09-22,-1.0,0.0,,failure
011810,STX,최대주주등소유주식변동신고서(최대주주변경시)              ,major_shareholder_change,20260921,volatile,10,C,Major shareholder changes can increase volatility depending on context.,5,1,0,1,5,"9월 21일 주식시장 주요공시 | [개장 전 주요 공시] GS건설·HJ중공업·메리츠증권·한국자산신탁 등 | [더벨][이슈 & 보드] 회생 절차 STX, 7인 →1인 이사회 축소",2026-09-22,-1.0,0.0,,failure
011810,STX,최대주주등소유주식변동신고서(최대주주변경시)              ,major_shareholder_change,20260921,volatile,10,C,Major shareholder changes can increase volatility depending on context.,5,1,0,1,5,"9월 21일 주식시장 주요공시 | [개장 전 주요 공시] GS건설·HJ중공업·메리츠증권·한국자산신탁 등 | [더벨][이슈 & 보드] 회생 절차 STX, 7인 →1인 이사회 축소",2026-09-22,-1.0,0.0,,failure
011810,STX,최대주주등소유주식변동신고서(최대주주변경시)              ,major_shareholder_change,20260921,volatile,10,C,Major shareholder changes can increase volatility depending on context.,5,1,0,1,5,"9월 21일 주식시장 주요공시 | [개장 전 주요 공시] GS건설·HJ중공업·메리츠증권·한국자산신탁 등 | [더벨][이슈 & 보드] 회생 절차 STX, 7인 →1인 이사회 축소",2026-09-22,-1.0,0.0,,failure
011810,STX,최대주주등소유주식변동신고서(최대주주변경시)              ,major_shareholder_change,20260921,volatile,10,C,Major shareholder changes can increase volatility depending on context.,5,1,0,1,5,"9월 21일 주식시장 주요공시 | [개장 전 주요 공시] GS건설·HJ중공업·메리츠증권·한국자산신탁 등 | [더벨][이슈 & 보드] 회생 절차 STX, 7인 →1인 이사회 축소",2026-09-22,-1.0,0.0,,failure
011810,STX,최대주주등소유주식변동신고서(최대주주변경시)              ,major_shareholder_change,20260921,volatile,10,C,Major shareholder changes can increase volatility depending on context.,5,1,0,1,5,"9월 21일 주식시장 주요공시 | [개장 전 주요 공시] GS건설·HJ중공업·메리츠증권·한국자산신탁 등 | [더벨][이슈 & 보드] 회생 절차 STX, 7인 →1인 이사회 축소",2026-09-22,-1.0,0.0,,failure
028050,삼성E&A,[기재정정]단일판매ㆍ공급계약체결              ,supply_contract,20260921,positive,70,C,Supply contract disclosures may indicate future revenue growth.,5,8,2,6,5,"美 무기·에너지 빈자리 노리는 K기업…이란 전쟁 이후 뜨는 종목은[전... | 삼성·SK 계열사 한꺼번에 담는 ETF 잇따라…지주·부품·통신·배터리 ... | ""1인당 최대 4천만원"" 삼성E&A 덮친 첫 통상임금 소송…추석 이후 본격화...",2026-09-22,0.0077,-0.0096,,failure
028050,삼성E&A,[기재정정]단일판매ㆍ공급계약체결              ,supply_contract,20260921,positive,70,C,Supply contract disclosures may indicate future revenue growth.,5,8,2,6,5,"美 무기·에너지 빈자리 노리는 K기업…이란 전쟁 이후 뜨는 종목은[전... | 삼성·SK 계열사 한꺼번에 담는 ETF 잇따라…지주·부품·통신·배터리 ... | ""1인당 최대 4천만원"" 삼성E&A 덮친 첫 통상임금 소송…추석 이후 본격화...",2026-09-22,0.0077,-0.0096,,failure
064350,현대로템,[기재정정]단일판매ㆍ공급계약체결              ,supply_contract,20260921,positive,70,C,Supply contract disclosures may indicate future revenue growth.,5,3,0,3,5,"현대로템 항공우주 생산기지에 '현대차 스마트팩토리 기술' 도입 | 현대로템, 항공우주 생산공정에 현대차 스마트팩토리 기술 도입 | 현대로템, 항공우주 공정에 현대차 스마트팩토리 기술 도입",2026-09-22,-0.0041,-0.0149,,failure
106240,파인테크닉스,[기재정정]주요사항보고서(자기전환사채매도결정),convertible_bond,20260921,negative,-60,C,Convertible bonds may create future dilution risk.,5,9,2,7,5,"AI·OLED 투자 모멘텀 재가동… 디스플레이장비 업종에 뭉칫돈 몰린다 | 9월 21일 주식시장 주요공시 | 파인테크닉스, 유클리드소프트와 AI 스마트 조명 개발 본격화",2026-09-22,-0.0076,0.0091,,failure
123890,한국자산신탁,소송등의판결ㆍ결정(일정금액이상의청구)              ,lawsuit,20260921,negative,-75,C,Lawsuits may increase uncertainty and downside risk.,5,7,5,2,5,"한국자산신탁, 온라인 관심도↑…정비사업 수주 확대에 '체질 개선' 주목 | 9월 21일 주식시장 주요공시 | [개장 전 주요 공시] GS건설·HJ중공업·메리츠증권·한국자산신탁 등",2026-09-22,-0.0061,-0.0041,,success
123890,한국자산신탁,소송등의판결ㆍ결정(일정금액이상의청구)              ,lawsuit,20260921,negative,-75,C,Lawsuits may increase uncertainty and downside risk.,5,7,5,2,5,"한국자산신탁, 온라인 관심도↑…정비사업 수주 확대에 '체질 개선' 주목 | 9월 21일 주식시장 주요공시 | [개장 전 주요 공시] GS건설·HJ중공업·메리츠증권·한국자산신탁 등",2026-09-22,-0.0061,-0.0041,,success
123890,한국자산신탁,소송등의판결ㆍ결정(일정금액이상의청구)              ,lawsuit,20260921,negative,-75,C,Lawsuits may increase uncertainty and downside risk.,5,7,5,2,5,"한국자산신탁, 온라인 관심도↑…정비사업 수주 확대에 '체질 개선' 주목 | 9월 21일 주식시장 주요공시 | [개장 전 주요 공시] GS건설·HJ중공업·메리츠증권·한국자산신탁 등",2026-09-22,-0.0061,-0.0041,,success
123890,한국자산신탁,소송등의판결ㆍ결정(일정금액이상의청구)              ,lawsuit,20260921,negative,-75,C,Lawsuits may increase uncertainty and downside risk.,5,7,5,2,5,"한국자산신탁, 온라인 관심도↑…정비사업 수주 확대에 '체질 개선' 주목 | 9월 21일 주식시장 주요공시 | [개장 전 주요 공시] GS건설·HJ중공업·메리츠증권·한국자산신탁 등",2026-09-22,-0.0061,-0.0041,,success
123890,한국자산신탁,소송등의판결ㆍ결정(일정금액이상의청구)              ,lawsuit,20260921,negative,-75,C,Lawsuits may increase uncertainty and downside risk.,5,7,5,2,5,"한국자산신탁, 온라인 관심도↑…정비사업 수주 확대에 '체질 개선' 주목 | 9월 21일 주식시장 주요공시 | [개장 전 주요 공시] GS건설·HJ중공업·메리츠증권·한국자산신탁 등",2026-09-22,-0.0061,-0.0041,,success
123890,한국자산신탁,소송등의판결ㆍ결정(일정금액이상의청구)              ,lawsuit,20260921,negative,-75,C,Lawsuits may increase uncertainty and downside risk.,5,7,5,2,5,"한국자산신탁, 온라인 관심도↑…정비사업 수주 확대에 '체질 개선' 주목 | 9월 21일 주식시장 주요공시 | [개장 전 주요 공시] GS건설·HJ중공업·메리츠증권·한국자산신탁 등",2026-09-22,-0.0061,-0.0041,,success
123890,한국자산신탁,소송등의판결ㆍ결정(일정금액이상의청구)              ,lawsuit,20260921,negative,-75,C,Lawsuits may increase uncertainty and downside risk.,5,7,5,2,5,"한국자산신탁, 온라인 관심도↑…정비사업 수주 확대에 '체질 개선' 주목 | 9월 21일 주식시장 주요공시 | [개장 전 주요 공시] GS건설·HJ중공업·메리츠증권·한국자산신탁 등",2026-09-22,-0.0061,-0.0041,,success
123890,한국자산신탁,소송등의판결ㆍ결정(일정금액이상의청구)              ,lawsuit,20260921,negative,-75,C,Lawsuits may increase uncertainty and downside risk.,5,7,5,2,5,"한국자산신탁, 온라인 관심도↑…정비사업 수주 확대에 '체질 개선' 주목 | 9월 21일 주식시장 주요공시 | [개장 전 주요 공시] GS건설·HJ중공업·메리츠증권·한국자산신탁 등",2026-09-22,-0.0061,-0.0041,,success
123890,한국자산신탁,소송등의판결ㆍ결정(일정금액이상의청구)              ,lawsuit,20260921,negative,-75,C,Lawsuits may increase uncertainty and downside risk.,5,7,5,2,5,"한국자산신탁, 온라인 관심도↑…정비사업 수주 확대에 '체질 개선' 주목 | 9월 21일 주식시장 주요공시 | [개장 전 주요 공시] GS건설·HJ중공업·메리츠증권·한국자산신탁 등",2026-09-22,-0.0061,-0.0041,,success
123890,한국자산신탁,소송등의판결ㆍ결정(일정금액이상의청구)              ,lawsuit,20260921,negative,-75,C,Lawsuits may increase uncertainty and downside risk.,5,7,5,2,5,"한국자산신탁, 온라인 관심도↑…정비사업 수주 확대에 '체질 개선' 주목 | 9월 21일 주식시장 주요공시 | [개장 전 주요 공시] GS건설·HJ중공업·메리츠증권·한국자산신탁 등",2026-09-22,-0.0061,-0.0041,,success
123890,한국자산신탁,소송등의판결ㆍ결정(일정금액이상의청구)              ,lawsuit,20260921,negative,-75,C,Lawsuits may increase uncertainty and downside risk.,5,7,5,2,5,"한국자산신탁, 온라인 관심도↑…정비사업 수주 확대에 '체질 개선' 주목 | 9월 21일 주식시장 주요공시 | [개장 전 주요 공시] GS건설·HJ중공업·메리츠증권·한국자산신탁 등",2026-09-22,-0.0061,-0.0041,,success
123890,한국자산신탁,소송등의판결ㆍ결정(일정금액이상의청구)              ,lawsuit,20260921,negative,-75,C,Lawsuits may increase uncertainty and downside risk.,5,7,5,2,5,"한국자산신탁, 온라인 관심도↑…정비사업 수주 확대에 '체질 개선' 주목 | 9월 21일 주식시장 주요공시 | [개장 전 주요 공시] GS건설·HJ중공업·메리츠증권·한국자산신탁 등",2026-09-22,-0.0061,-0.0041,,success
123890,한국자산신탁,소송등의판결ㆍ결정(일정금액이상의청구)              ,lawsuit,20260921,negative,-75,C,Lawsuits may increase uncertainty and downside risk.,5,7,5,2,5,"한국자산신탁, 온라인 관심도↑…정비사업 수주 확대에 '체질 개선' 주목 | 9월 21일 주식시장 주요공시 | [개장 전 주요 공시] GS건설·HJ중공업·메리츠증권·한국자산신탁 등",2026-09-22,-0.0061,-0.0041,,success
123890,한국자산신탁,소송등의판결ㆍ결정(일정금액이상의청구)              ,lawsuit,20260921,negative,-75,C,Lawsuits may increase uncertainty and downside risk.,5,7,5,2,5,"한국자산신탁, 온라인 관심도↑…정비사업 수주 확대에 '체질 개선' 주목 | 9월 21일 주식시장 주요공시 | [개장 전 주요 공시] GS건설·HJ중공업·메리츠증권·한국자산신탁 등",2026-09-22,-0.0061,-0.0041,,success
123890,한국자산신탁,소송등의판결ㆍ결정(일정금액이상의청구)              ,lawsuit,20260921,negative,-75,C,Lawsuits may increase uncertainty and downside risk.,5,7,5,2,5,"한국자산신탁, 온라인 관심도↑…정비사업 수주 확대에 '체질 개선' 주목 | 9월 21일 주식시장 주요공시 | [개장 전 주요 공시] GS건설·HJ중공업·메리츠증권·한국자산신탁 등",2026-09-22,-0.0061,-0.0041,,success
123890,한국자산신탁,소송등의판결ㆍ결정(일정금액이상의청구)              ,lawsuit,20260921,negative,-75,C,Lawsuits may increase uncertainty and downside risk.,5,7,5,2,5,"한국자산신탁, 온라인 관심도↑…정비사업 수주 확대에 '체질 개선' 주목 | 9월 21일 주식시장 주요공시 | [개장 전 주요 공시] GS건설·HJ중공업·메리츠증권·한국자산신탁 등",2026-09-22,-0.0061,-0.0041,,success
123890,한국자산신탁,소송등의판결ㆍ결정(일정금액이상의청구)              ,lawsuit,20260921,negative,-75,C,Lawsuits may increase uncertainty and downside risk.,5,7,5,2,5,"한국자산신탁, 온라인 관심도↑…정비사업 수주 확대에 '체질 개선' 주목 | 9월 21일 주식시장 주요공시 | [개장 전 주요 공시] GS건설·HJ중공업·메리츠증권·한국자산신탁 등",2026-09-22,-0.0061,-0.0041,,success
123890,한국자산신탁,소송등의판결ㆍ결정(일정금액이상의청구)              ,lawsuit,20260921,negative,-75,C,Lawsuits may increase uncertainty and downside risk.,5,7,5,2,5,"한국자산신탁, 온라인 관심도↑…정비사업 수주 확대에 '체질 개선' 주목 | 9월 21일 주식시장 주요공시 | [개장 전 주요 공시] GS건설·HJ중공업·메리츠증권·한국자산신탁 등",2026-09-22,-0.0061,-0.0041,,success
123890,한국자산신탁,소송등의판결ㆍ결정(일정금액이상의청구)              ,lawsuit,20260921,negative,-75,C,Lawsuits may increase uncertainty and downside risk.,5,7,5,2,5,"한국자산신탁, 온라인 관심도↑…정비사업 수주 확대에 '체질 개선' 주목 | 9월 21일 주식시장 주요공시 | [개장 전 주요 공시] GS건설·HJ중공업·메리츠증권·한국자산신탁 등",2026-09-22,-0.0061,-0.0041,,success
123890,한국자산신탁,소송등의판결ㆍ결정(일정금액이상의청구)              ,lawsuit,20260921,negative,-75,C,Lawsuits may increase uncertainty and downside risk.,5,7,5,2,5,"한국자산신탁, 온라인 관심도↑…정비사업 수주 확대에 '체질 개선' 주목 | 9월 21일 주식시장 주요공시 | [개장 전 주요 공시] GS건설·HJ중공업·메리츠증권·한국자산신탁 등",2026-09-22,-0.0061,-0.0041,,success
123890,한국자산신탁,소송등의판결ㆍ결정(일정금액이상의청구)              ,lawsuit,20260921,negative,-75,C,Lawsuits may increase uncertainty and downside risk.,5,7,5,2,5,"한국자산신탁, 온라인 관심도↑…정비사업 수주 확대에 '체질 개선' 주목 | 9월 21일 주식시장 주요공시 | [개장 전 주요 공시] GS건설·HJ중공업·메리츠증권·한국자산신탁 등",2026-09-22,-0.0061,-0.0041,,success
123890,한국자산신탁,소송등의판결ㆍ결정(일정금액이상의청구)              ,lawsuit,20260921,negative,-75,C,Lawsuits may increase uncertainty and downside risk.,5,7,5,2,5,"한국자산신탁, 온라인 관심도↑…정비사업 수주 확대에 '체질 개선' 주목 | 9월 21일 주식시장 주요공시 | [개장 전 주요 공시] GS건설·HJ중공업·메리츠증권·한국자산신탁 등",2026-09-22,-0.0061,-0.0041,,success
123890,한국자산신탁,소송등의판결ㆍ결정(일정금액이상의청구)              ,lawsuit,20260921,negative,-75,C,Lawsuits may increase uncertainty and downside risk.,5,7,5,2,5,"한국자산신탁, 온라인 관심도↑…정비사업 수주 확대에 '체질 개선' 주목 | 9월 21일 주식시장 주요공시 | [개장 전 주요 공시] GS건설·HJ중공업·메리츠증권·한국자산신탁 등",2026-09-22,-0.0061,-0.0041,,success
123890,한국자산신탁,소송등의판결ㆍ결정(일정금액이상의청구)              ,lawsuit,20260921,negative,-75,C,Lawsuits may increase uncertainty and downside risk.,5,7,5,2,5,"한국자산신탁, 온라인 관심도↑…정비사업 수주 확대에 '체질 개선' 주목 | 9월 21일 주식시장 주요공시 | [개장 전 주요 공시] GS건설·HJ중공업·메리츠증권·한국자산신탁 등",2026-09-22,-0.0061,-0.0041,,success
123890,한국자산신탁,소송등의판결ㆍ결정(일정금액이상의청구)              ,lawsuit,20260921,negative,-75,C,Lawsuits may increase uncertainty and downside risk.,5,7,5,2,5,"한국자산신탁, 온라인 관심도↑…정비사업 수주 확대에 '체질 개선' 주목 | 9월 21일 주식시장 주요공시 | [개장 전 주요 공시] GS건설·HJ중공업·메리츠증권·한국자산신탁 등",2026-09-22,-0.0061,-0.0041,,success
123890,한국자산신탁,소송등의판결ㆍ결정(일정금액이상의청구)              ,lawsuit,20260921,negative,-75,C,Lawsuits may increase uncertainty and downside risk.,5,7,5,2,5,"한국자산신탁, 온라인 관심도↑…정비사업 수주 확대에 '체질 개선' 주목 | 9월 21일 주식시장 주요공시 | [개장 전 주요 공시] GS건설·HJ중공업·메리츠증권·한국자산신탁 등",2026-09-22,-0.0061,-0.0041,,success
123890,한국자산신탁,소송등의판결ㆍ결정(일정금액이상의청구)              ,lawsuit,20260921,negative,-75,C,Lawsuits may increase uncertainty and downside risk.,5,7,5,2,5,"한국자산신탁, 온라인 관심도↑…정비사업 수주 확대에 '체질 개선' 주목 | 9월 21일 주식시장 주요공시 | [개장 전 주요 공시] GS건설·HJ중공업·메리츠증권·한국자산신탁 등",2026-09-22,-0.0061,-0.0041,,success
123890,한국자산신탁,소송등의판결ㆍ결정(일정금액이상의청구)              ,lawsuit,20260921,negative,-75,C,Lawsuits may increase uncertainty and downside risk.,5,7,5,2,5,"한국자산신탁, 온라인 관심도↑…정비사업 수주 확대에 '체질 개선' 주목 | 9월 21일 주식시장 주요공시 | [개장 전 주요 공시] GS건설·HJ중공업·메리츠증권·한국자산신탁 등",2026-09-22,-0.0061,-0.0041,,success
123890,한국자산신탁,소송등의판결ㆍ결정(일정금액이상의청구)              ,lawsuit,20260921,negative,-75,C,Lawsuits may increase uncertainty and downside risk.,5,7,5,2,5,"한국자산신탁, 온라인 관심도↑…정비사업 수주 확대에 '체질 개선' 주목 | 9월 21일 주식시장 주요공시 | [개장 전 주요 공시] GS건설·HJ중공업·메리츠증권·한국자산신탁 등",2026-09-22,-0.0061,-0.0041,,success
123890,한국자산신탁,소송등의판결ㆍ결정(일정금액이상의청구)              ,lawsuit,20260921,negative,-75,C,Lawsuits may increase uncertainty and downside risk.,5,7,5,2,5,"한국자산신탁, 온라인 관심도↑…정비사업 수주 확대에 '체질 개선' 주목 | 9월 21일 주식시장 주요공시 | [개장 전 주요 공시] GS건설·HJ중공업·메리츠증권·한국자산신탁 등",2026-09-22,-0.0061,-0.0041,,success
123890,한국자산신탁,소송등의판결ㆍ결정(일정금액이상의청구)              ,lawsuit,20260921,negative,-75,C,Lawsuits may increase uncertainty and downside risk.,5,7,5,2,5,"한국자산신탁, 온라인 관심도↑…정비사업 수주 확대에 '체질 개선' 주목 | 9월 21일 주식시장 주요공시 | [개장 전 주요 공시] GS건설·HJ중공업·메리츠증권·한국자산신탁 등",2026-09-22,-0.0061,-0.0041,,success
123890,한국자산신탁,소송등의판결ㆍ결정(일정금액이상의청구)              ,lawsuit,20260921,negative,-75,C,Lawsuits may increase uncertainty and downside risk.,5,7,5,2,5,"한국자산신탁, 온라인 관심도↑…정비사업 수주 확대에 '체질 개선' 주목 | 9월 21일 주식시장 주요공시 | [개장 전 주요 공시] GS건설·HJ중공업·메리츠증권·한국자산신탁 등",2026-09-22,-0.0061,-0.0041,,success
123890,한국자산신탁,[기재정정]소송등의제기ㆍ신청(일정금액이상의청구)              ,lawsuit,20260921,negative,-75,C,Lawsuits may increase uncertainty and downside risk.,5,7,5,2,5,"한국자산신탁, 온라인 관심도↑…정비사업 수주 확대에 '체질 개선' 주목 | 9월 21일 주식시장 주요공시 | [개장 전 주요 공시] GS건설·HJ중공업·메리츠증권·한국자산신탁 등",2026-09-22,-0.0061,-0.0041,,success
123890,한국자산신탁,[기재정정]소송등의제기ㆍ신청(일정금액이상의청구)              ,lawsuit,20260921,negative,-75,C,Lawsuits may increase uncertainty and downside risk.,5,7,5,2,5,"한국자산신탁, 온라인 관심도↑…정비사업 수주 확대에 '체질 개선' 주목 | 9월 21일 주식시장 주요공시 | [개장 전 주요 공시] GS건설·HJ중공업·메리츠증권·한국자산신탁 등",2026-09-22,-0.0061,-0.0041,,success
123890,한국자산신탁,[기재정정]소송등의제기ㆍ신청(일정금액이상의청구)              ,lawsuit,20260921,negative,-75,C,Lawsuits may increase uncertainty and downside risk.,5,7,5,2,5,"한국자산신탁, 온라인 관심도↑…정비사업 수주 확대에 '체질 개선' 주목 | 9월 21일 주식시장 주요공시 | [개장 전 주요 공시] GS건설·HJ중공업·메리츠증권·한국자산신탁 등",2026-09-22,-0.0061,-0.0041,,success
123890,한국자산신탁,[기재정정]소송등의제기ㆍ신청(일정금액이상의청구)              ,lawsuit,20260921,negative,-75,C,Lawsuits may increase uncertainty and downside risk.,5,7,5,2,5,"한국자산신탁, 온라인 관심도↑…정비사업 수주 확대에 '체질 개선' 주목 | 9월 21일 주식시장 주요공시 | [개장 전 주요 공시] GS건설·HJ중공업·메리츠증권·한국자산신탁 등",2026-09-22,-0.0061,-0.0041,,success
123890,한국자산신탁,[기재정정]소송등의제기ㆍ신청(일정금액이상의청구)              ,lawsuit,20260921,negative,-75,C,Lawsuits may increase uncertainty and downside risk.,5,7,5,2,5,"한국자산신탁, 온라인 관심도↑…정비사업 수주 확대에 '체질 개선' 주목 | 9월 21일 주식시장 주요공시 | [개장 전 주요 공시] GS건설·HJ중공업·메리츠증권·한국자산신탁 등",2026-09-22,-0.0061,-0.0041,,success
123890,한국자산신탁,[기재정정]소송등의제기ㆍ신청(일정금액이상의청구)              ,lawsuit,20260921,negative,-75,C,Lawsuits may increase uncertainty and downside risk.,5,7,5,2,5,"한국자산신탁, 온라인 관심도↑…정비사업 수주 확대에 '체질 개선' 주목 | 9월 21일 주식시장 주요공시 | [개장 전 주요 공시] GS건설·HJ중공업·메리츠증권·한국자산신탁 등",2026-09-22,-0.0061,-0.0041,,success
123890,한국자산신탁,[기재정정]소송등의제기ㆍ신청(일정금액이상의청구)              ,lawsuit,20260921,negative,-75,C,Lawsuits may increase uncertainty and downside risk.,5,7,5,2,5,"한국자산신탁, 온라인 관심도↑…정비사업 수주 확대에 '체질 개선' 주목 | 9월 21일 주식시장 주요공시 | [개장 전 주요 공시] GS건설·HJ중공업·메리츠증권·한국자산신탁 등",2026-09-22,-0.0061,-0.0041,,success
123890,한국자산신탁,[기재정정]소송등의제기ㆍ신청(일정금액이상의청구)              ,lawsuit,20260921,negative,-75,C,Lawsuits may increase uncertainty and downside risk.,5,7,5,2,5,"한국자산신탁, 온라인 관심도↑…정비사업 수주 확대에 '체질 개선' 주목 | 9월 21일 주식시장 주요공시 | [개장 전 주요 공시] GS건설·HJ중공업·메리츠증권·한국자산신탁 등",2026-09-22,-0.0061,-0.0041,,success
123890,한국자산신탁,[기재정정]소송등의제기ㆍ신청(일정금액이상의청구)              ,lawsuit,20260921,negative,-75,C,Lawsuits may increase uncertainty and downside risk.,5,7,5,2,5,"한국자산신탁, 온라인 관심도↑…정비사업 수주 확대에 '체질 개선' 주목 | 9월 21일 주식시장 주요공시 | [개장 전 주요 공시] GS건설·HJ중공업·메리츠증권·한국자산신탁 등",2026-09-22,-0.0061,-0.0041,,success
123890,한국자산신탁,[기재정정]소송등의제기ㆍ신청(일정금액이상의청구)              ,lawsuit,20260921,negative,-75,C,Lawsuits may increase uncertainty and downside risk.,5,7,5,2,5,"한국자산신탁, 온라인 관심도↑…정비사업 수주 확대에 '체질 개선' 주목 | 9월 21일 주식시장 주요공시 | [개장 전 주요 공시] GS건설·HJ중공업·메리츠증권·한국자산신탁 등",2026-09-22,-0.0061,-0.0041,,success
123890,한국자산신탁,[기재정정]소송등의제기ㆍ신청(일정금액이상의청구)              ,lawsuit,20260921,negative,-75,C,Lawsuits may increase uncertainty and downside risk.,5,7,5,2,5,"한국자산신탁, 온라인 관심도↑…정비사업 수주 확대에 '체질 개선' 주목 | 9월 21일 주식시장 주요공시 | [개장 전 주요 공시] GS건설·HJ중공업·메리츠증권·한국자산신탁 등",2026-09-22,-0.0061,-0.0041,,success
123890,한국자산신탁,[기재정정]소송등의제기ㆍ신청(일정금액이상의청구)              ,lawsuit,20260921,negative,-75,C,Lawsuits may increase uncertainty and downside risk.,5,7,5,2,5,"한국자산신탁, 온라인 관심도↑…정비사업 수주 확대에 '체질 개선' 주목 | 9월 21일 주식시장 주요공시 | [개장 전 주요 공시] GS건설·HJ중공업·메리츠증권·한국자산신탁 등",2026-09-22,-0.0061,-0.0041,,success
123890,한국자산신탁,[기재정정]소송등의제기ㆍ신청(일정금액이상의청구)              ,lawsuit,20260921,negative,-75,C,Lawsuits may increase uncertainty and downside risk.,5,7,5,2,5,"한국자산신탁, 온라인 관심도↑…정비사업 수주 확대에 '체질 개선' 주목 | 9월 21일 주식시장 주요공시 | [개장 전 주요 공시] GS건설·HJ중공업·메리츠증권·한국자산신탁 등",2026-09-22,-0.0061,-0.0041,,success
123890,한국자산신탁,[기재정정]소송등의제기ㆍ신청(일정금액이상의청구)              ,lawsuit,20260921,negative,-75,C,Lawsuits may increase uncertainty and downside risk.,5,7,5,2,5,"한국자산신탁, 온라인 관심도↑…정비사업 수주 확대에 '체질 개선' 주목 | 9월 21일 주식시장 주요공시 | [개장 전 주요 공시] GS건설·HJ중공업·메리츠증권·한국자산신탁 등",2026-09-22,-0.0061,-0.0041,,success
123890,한국자산신탁,[기재정정]소송등의제기ㆍ신청(일정금액이상의청구)              ,lawsuit,20260921,negative,-75,C,Lawsuits may increase uncertainty and downside risk.,5,7,5,2,5,"한국자산신탁, 온라인 관심도↑…정비사업 수주 확대에 '체질 개선' 주목 | 9월 21일 주식시장 주요공시 | [개장 전 주요 공시] GS건설·HJ중공업·메리츠증권·한국자산신탁 등",2026-09-22,-0.0061,-0.0041,,success
123890,한국자산신탁,[기재정정]소송등의제기ㆍ신청(일정금액이상의청구)              ,lawsuit,20260921,negative,-75,C,Lawsuits may increase uncertainty and downside risk.,5,7,5,2,5,"한국자산신탁, 온라인 관심도↑…정비사업 수주 확대에 '체질 개선' 주목 | 9월 21일 주식시장 주요공시 | [개장 전 주요 공시] GS건설·HJ중공업·메리츠증권·한국자산신탁 등",2026-09-22,-0.0061,-0.0041,,success
123890,한국자산신탁,[기재정정]소송등의제기ㆍ신청(일정금액이상의청구)              ,lawsuit,20260921,negative,-75,C,Lawsuits may increase uncertainty and downside risk.,5,7,5,2,5,"한국자산신탁, 온라인 관심도↑…정비사업 수주 확대에 '체질 개선' 주목 | 9월 21일 주식시장 주요공시 | [개장 전 주요 공시] GS건설·HJ중공업·메리츠증권·한국자산신탁 등",2026-09-22,-0.0061,-0.0041,,success
123890,한국자산신탁,[기재정정]소송등의제기ㆍ신청(일정금액이상의청구)              ,lawsuit,20260921,negative,-75,C,Lawsuits may increase uncertainty and downside risk.,5,7,5,2,5,"한국자산신탁, 온라인 관심도↑…정비사업 수주 확대에 '체질 개선' 주목 | 9월 21일 주식시장 주요공시 | [개장 전 주요 공시] GS건설·HJ중공업·메리츠증권·한국자산신탁 등",2026-09-22,-0.0061,-0.0041,,success
123890,한국자산신탁,[기재정정]소송등의제기ㆍ신청(일정금액이상의청구)              ,lawsuit,20260921,negative,-75,C,Lawsuits may increase uncertainty and downside risk.,5,7,5,2,5,"한국자산신탁, 온라인 관심도↑…정비사업 수주 확대에 '체질 개선' 주목 | 9월 21일 주식시장 주요공시 | [개장 전 주요 공시] GS건설·HJ중공업·메리츠증권·한국자산신탁 등",2026-09-22,-0.0061,-0.0041,,success
123890,한국자산신탁,[기재정정]소송등의제기ㆍ신청(일정금액이상의청구)              ,lawsuit,20260921,negative,-75,C,Lawsuits may increase uncertainty and downside risk.,5,7,5,2,5,"한국자산신탁, 온라인 관심도↑…정비사업 수주 확대에 '체질 개선' 주목 | 9월 21일 주식시장 주요공시 | [개장 전 주요 공시] GS건설·HJ중공업·메리츠증권·한국자산신탁 등",2026-09-22,-0.0061,-0.0041,,success
123890,한국자산신탁,[기재정정]소송등의제기ㆍ신청(일정금액이상의청구)              ,lawsuit,20260921,negative,-75,C,Lawsuits may increase uncertainty and downside risk.,5,7,5,2,5,"한국자산신탁, 온라인 관심도↑…정비사업 수주 확대에 '체질 개선' 주목 | 9월 21일 주식시장 주요공시 | [개장 전 주요 공시] GS건설·HJ중공업·메리츠증권·한국자산신탁 등",2026-09-22,-0.0061,-0.0041,,success
123890,한국자산신탁,[기재정정]소송등의제기ㆍ신청(일정금액이상의청구)              ,lawsuit,20260921,negative,-75,C,Lawsuits may increase uncertainty and downside risk.,5,7,5,2,5,"한국자산신탁, 온라인 관심도↑…정비사업 수주 확대에 '체질 개선' 주목 | 9월 21일 주식시장 주요공시 | [개장 전 주요 공시] GS건설·HJ중공업·메리츠증권·한국자산신탁 등",2026-09-22,-0.0061,-0.0041,,success
123890,한국자산신탁,[기재정정]소송등의제기ㆍ신청(일정금액이상의청구)              ,lawsuit,20260921,negative,-75,C,Lawsuits may increase uncertainty and downside risk.,5,7,5,2,5,"한국자산신탁, 온라인 관심도↑…정비사업 수주 확대에 '체질 개선' 주목 | 9월 21일 주식시장 주요공시 | [개장 전 주요 공시] GS건설·HJ중공업·메리츠증권·한국자산신탁 등",2026-09-22,-0.0061,-0.0041,,success
123890,한국자산신탁,[기재정정]소송등의제기ㆍ신청(일정금액이상의청구)              ,lawsuit,20260921,negative,-75,C,Lawsuits may increase uncertainty and downside risk.,5,7,5,2,5,"한국자산신탁, 온라인 관심도↑…정비사업 수주 확대에 '체질 개선' 주목 | 9월 21일 주식시장 주요공시 | [개장 전 주요 공시] GS건설·HJ중공업·메리츠증권·한국자산신탁 등",2026-09-22,-0.0061,-0.0041,,success
123890,한국자산신탁,[기재정정]소송등의제기ㆍ신청(일정금액이상의청구)              ,lawsuit,20260921,negative,-75,C,Lawsuits may increase uncertainty and downside risk.,5,7,5,2,5,"한국자산신탁, 온라인 관심도↑…정비사업 수주 확대에 '체질 개선' 주목 | 9월 21일 주식시장 주요공시 | [개장 전 주요 공시] GS건설·HJ중공업·메리츠증권·한국자산신탁 등",2026-09-22,-0.0061,-0.0041,,success
123890,한국자산신탁,[기재정정]소송등의제기ㆍ신청(일정금액이상의청구)              ,lawsuit,20260921,negative,-75,C,Lawsuits may increase uncertainty and downside risk.,5,7,5,2,5,"한국자산신탁, 온라인 관심도↑…정비사업 수주 확대에 '체질 개선' 주목 | 9월 21일 주식시장 주요공시 | [개장 전 주요 공시] GS건설·HJ중공업·메리츠증권·한국자산신탁 등",2026-09-22,-0.0061,-0.0041,,success
123890,한국자산신탁,[기재정정]소송등의제기ㆍ신청(일정금액이상의청구)              ,lawsuit,20260921,negative,-75,C,Lawsuits may increase uncertainty and downside risk.,5,7,5,2,5,"한국자산신탁, 온라인 관심도↑…정비사업 수주 확대에 '체질 개선' 주목 | 9월 21일 주식시장 주요공시 | [개장 전 주요 공시] GS건설·HJ중공업·메리츠증권·한국자산신탁 등",2026-09-22,-0.0061,-0.0041,,success
123890,한국자산신탁,[기재정정]소송등의제기ㆍ신청(일정금액이상의청구)              ,lawsuit,20260921,negative,-75,C,Lawsuits may increase uncertainty and downside risk.,5,7,5,2,5,"한국자산신탁, 온라인 관심도↑…정비사업 수주 확대에 '체질 개선' 주목 | 9월 21일 주식시장 주요공시 | [개장 전 주요 공시] GS건설·HJ중공업·메리츠증권·한국자산신탁 등",2026-09-22,-0.0061,-0.0041,,success
123890,한국자산신탁,[기재정정]소송등의제기ㆍ신청(일정금액이상의청구)              ,lawsuit,20260921,negative,-75,C,Lawsuits may increase uncertainty and downside risk.,5,7,5,2,5,"한국자산신탁, 온라인 관심도↑…정비사업 수주 확대에 '체질 개선' 주목 | 9월 21일 주식시장 주요공시 | [개장 전 주요 공시] GS건설·HJ중공업·메리츠증권·한국자산신탁 등",2026-09-22,-0.0061,-0.0041,,success
123890,한국자산신탁,[기재정정]소송등의제기ㆍ신청(일정금액이상의청구)              ,lawsuit,20260921,negative,-75,C,Lawsuits may increase uncertainty and downside risk.,5,7,5,2,5,"한국자산신탁, 온라인 관심도↑…정비사업 수주 확대에 '체질 개선' 주목 | 9월 21일 주식시장 주요공시 | [개장 전 주요 공시] GS건설·HJ중공업·메리츠증권·한국자산신탁 등",2026-09-22,-0.0061,-0.0041,,success
123890,한국자산신탁,[기재정정]소송등의제기ㆍ신청(일정금액이상의청구)              ,lawsuit,20260921,negative,-75,C,Lawsuits may increase uncertainty and downside risk.,5,7,5,2,5,"한국자산신탁, 온라인 관심도↑…정비사업 수주 확대에 '체질 개선' 주목 | 9월 21일 주식시장 주요공시 | [개장 전 주요 공시] GS건설·HJ중공업·메리츠증권·한국자산신탁 등",2026-09-22,-0.0061,-0.0041,,success
123890,한국자산신탁,[기재정정]소송등의제기ㆍ신청(일정금액이상의청구)              ,lawsuit,20260921,negative,-75,C,Lawsuits may increase uncertainty and downside risk.,5,7,5,2,5,"한국자산신탁, 온라인 관심도↑…정비사업 수주 확대에 '체질 개선' 주목 | 9월 21일 주식시장 주요공시 | [개장 전 주요 공시] GS건설·HJ중공업·메리츠증권·한국자산신탁 등",2026-09-22,-0.0061,-0.0041,,success
012170,아센디오,[기재정정]주요사항보고서(유상증자결정),paid_in_capital_increase,20260921,negative,-70,C,Paid-in capital increases can create dilution concerns.,5,7,8,-1,5,"[서울데이터랩]코스피, 장 초반 2% 가까이 올라 7146.02…외국인·기관 ... | [EBN 데이터센터] 코스피, 2%대 급등 출발…반도체 대형주 효과 | 신성델타테크 1.31% 상승…젠슨 황 ""AI 최대한 빠르게"", 기술주 논쟁 속...",2026-09-22,-0.0219,-0.1016,,success
121600,나노신소재,신주인수권부사채(해외신주인수권부사채포함)발행후만기전사채취득              ,bond_with_warrant,20260921,negative,-60,C,Bonds with warrants may create future dilution risk.,5,6,1,5,5,"9월 21일 주식시장 주요공시 | IT·전장용 디스플레이 영토 확장… OLED 테마, 차세대 기술 기대감에 '... | 9월 18일 주식시장 주요공시",2026-09-22,0.0096,-0.0077,,success
121600,나노신소재,신주인수권부사채(해외신주인수권부사채포함)발행후만기전사채취득              ,bond_with_warrant,20260921,negative,-60,C,Bonds with warrants may create future dilution risk.,5,6,1,5,5,"9월 21일 주식시장 주요공시 | IT·전장용 디스플레이 영토 확장… OLED 테마, 차세대 기술 기대감에 '... | 9월 18일 주식시장 주요공시",2026-09-22,0.0096,-0.0077,,success
121600,나노신소재,신주인수권부사채(해외신주인수권부사채포함)발행후만기전사채취득              ,bond_with_warrant,20260921,negative,-60,C,Bonds with warrants may create future dilution risk.,5,6,1,5,5,"9월 21일 주식시장 주요공시 | IT·전장용 디스플레이 영토 확장… OLED 테마, 차세대 기술 기대감에 '... | 9월 18일 주식시장 주요공시",2026-09-22,0.0096,-0.0077,,success
121600,나노신소재,신주인수권부사채(해외신주인수권부사채포함)발행후만기전사채취득              ,bond_with_warrant,20260921,negative,-60,C,Bonds with warrants may create future dilution risk.,5,6,1,5,5,"9월 21일 주식시장 주요공시 | IT·전장용 디스플레이 영토 확장… OLED 테마, 차세대 기술 기대감에 '... | 9월 18일 주식시장 주요공시",2026-09-22,0.0096,-0.0077,,success
121600,나노신소재,전환사채(해외전환사채포함)발행후만기전사채취득              ,convertible_bond,20260921,negative,-60,C,Convertible bonds may create future dilution risk.,5,6,1,5,5,"9월 21일 주식시장 주요공시 | IT·전장용 디스플레이 영토 확장… OLED 테마, 차세대 기술 기대감에 '... | 9월 18일 주식시장 주요공시",2026-09-22,0.0096,-0.0077,,success
121600,나노신소재,전환사채(해외전환사채포함)발행후만기전사채취득              ,convertible_bond,20260921,negative,-60,C,Convertible bonds may create future dilution risk.,5,6,1,5,5,"9월 21일 주식시장 주요공시 | IT·전장용 디스플레이 영토 확장… OLED 테마, 차세대 기술 기대감에 '... | 9월 18일 주식시장 주요공시",2026-09-22,0.0096,-0.0077,,success
121600,나노신소재,전환사채(해외전환사채포함)발행후만기전사채취득              ,convertible_bond,20260921,negative,-60,C,Convertible bonds may create future dilution risk.,5,6,1,5,5,"9월 21일 주식시장 주요공시 | IT·전장용 디스플레이 영토 확장… OLED 테마, 차세대 기술 기대감에 '... | 9월 18일 주식시장 주요공시",2026-09-22,0.0096,-0.0077,,success
121600,나노신소재,전환사채(해외전환사채포함)발행후만기전사채취득              ,convertible_bond,20260921,negative,-60,C,Convertible bonds may create future dilution risk.,5,6,1,5,5,"9월 21일 주식시장 주요공시 | IT·전장용 디스플레이 영토 확장… OLED 테마, 차세대 기술 기대감에 '... | 9월 18일 주식시장 주요공시",2026-09-22,0.0096,-0.0077,,success
001210,금호전기,유상증자또는주식관련사채등의발행결과(자율공시)              ,paid_in_capital_increase,20260921,negative,-70,C,Paid-in capital increases can create dilution concerns.,5,3,2,1,5,"금호전기 주가, 9월 21일 장중 10,450원 3.69% 하락 | 금호전기 '번개표 LED 스틱램프' 다이소 출시 | 금호전기 주가, 9월 21일 장중 10,490원 3.32% 하락",2026-09-22,0.001,-0.0143,,success
001210,금호전기,유상증자또는주식관련사채등의발행결과(자율공시)              ,paid_in_capital_increase,20260921,negative,-70,C,Paid-in capital increases can create dilution concerns.,5,3,2,1,5,"금호전기 주가, 9월 21일 장중 10,450원 3.69% 하락 | 금호전기 '번개표 LED 스틱램프' 다이소 출시 | 금호전기 주가, 9월 21일 장중 10,490원 3.32% 하락",2026-09-22,0.001,-0.0143,,success
049120,파인디앤씨,주요사항보고서(전환사채권발행결정),convertible_bond,20260921,negative,-60,C,Convertible bonds may create future dilution risk.,5,8,4,4,5,"AI·OLED 투자 모멘텀 재가동… 디스플레이장비 업종에 뭉칫돈 몰린다 | 9월 21일 주식시장 주요공시 | [N2 모닝 경제 브리핑-9월 22일] 美 증시, 유가·금리 하락에 상승 마감...",2026-09-22,-0.0159,0.0177,,failure
042660,한화오션,[기재정정]단일판매ㆍ공급계약체결              ,supply_contract,20260921,positive,70,C,Supply contract disclosures may indicate future revenue growth.,5,6,1,5,5,"""통번역 승부처는 '로컬화'...현장 데이터로 프론티어 모델과 경쟁"" | 필리조선소 떼낸 한화시스템…美 조선·방산 '에어로 축'으로 재편 | “해운과 상생이 韓조선 경쟁력 강화 해법”",2026-09-22,0.0012,-0.0036,,failure
042940,상지건설,[기재정정]주요사항보고서(유상증자결정),paid_in_capital_increase,20260921,negative,-70,C,Paid-in capital increases can create dilution concerns.,5,6,6,0,5,"9월 21일 주식시장 주요공시 | [N2 모닝 경제 브리핑-9월 22일] 美 증시, 유가·금리 하락에 상승 마감... | [주요공시] 삼성물산, 에스엠벡셀, 제이스로보틱스, 셀트리온, 에코프로...",2026-09-22,0.0174,0.021,,failure
042940,상지건설,[기재정정]주요사항보고서(유상증자결정),paid_in_capital_increase,20260921,negative,-70,C,Paid-in capital increases can create dilution concerns.,5,6,6,0,5,"9월 21일 주식시장 주요공시 | [N2 모닝 경제 브리핑-9월 22일] 美 증시, 유가·금리 하락에 상승 마감... | [주요공시] 삼성물산, 에스엠벡셀, 제이스로보틱스, 셀트리온, 에코프로...",2026-09-22,0.0174,0.021,,failure
042940,상지건설,[기재정정]주요사항보고서(유상증자결정),paid_in_capital_increase,20260921,negative,-70,C,Paid-in capital increases can create dilution concerns.,5,6,6,0,5,"9월 21일 주식시장 주요공시 | [N2 모닝 경제 브리핑-9월 22일] 美 증시, 유가·금리 하락에 상승 마감... | [주요공시] 삼성물산, 에스엠벡셀, 제이스로보틱스, 셀트리온, 에코프로...",2026-09-22,0.0174,0.021,,failure
042940,상지건설,[기재정정]주요사항보고서(유상증자결정),paid_in_capital_increase,20260921,negative,-70,C,Paid-in capital increases can create dilution concerns.,5,6,6,0,5,"9월 21일 주식시장 주요공시 | [N2 모닝 경제 브리핑-9월 22일] 美 증시, 유가·금리 하락에 상승 마감... | [주요공시] 삼성물산, 에스엠벡셀, 제이스로보틱스, 셀트리온, 에코프로...",2026-09-22,0.0174,0.021,,failure
042940,상지건설,[기재정정]주요사항보고서(유상증자결정),paid_in_capital_increase,20260921,negative,-70,C,Paid-in capital increases can create dilution concerns.,5,6,6,0,5,"9월 21일 주식시장 주요공시 | [N2 모닝 경제 브리핑-9월 22일] 美 증시, 유가·금리 하락에 상승 마감... | [주요공시] 삼성물산, 에스엠벡셀, 제이스로보틱스, 셀트리온, 에코프로...",2026-09-22,0.0174,0.021,,failure
042940,상지건설,[기재정정]주요사항보고서(유상증자결정),paid_in_capital_increase,20260921,negative,-70,C,Paid-in capital increases can create dilution concerns.,5,6,6,0,5,"9월 21일 주식시장 주요공시 | [N2 모닝 경제 브리핑-9월 22일] 美 증시, 유가·금리 하락에 상승 마감... | [주요공시] 삼성물산, 에스엠벡셀, 제이스로보틱스, 셀트리온, 에코프로...",2026-09-22,0.0174,0.021,,failure
042940,상지건설,[기재정정]주요사항보고서(유상증자결정),paid_in_capital_increase,20260921,negative,-70,C,Paid-in capital increases can create dilution concerns.,5,6,6,0,5,"9월 21일 주식시장 주요공시 | [N2 모닝 경제 브리핑-9월 22일] 美 증시, 유가·금리 하락에 상승 마감... | [주요공시] 삼성물산, 에스엠벡셀, 제이스로보틱스, 셀트리온, 에코프로...",2026-09-22,0.0174,0.021,,failure
042940,상지건설,[기재정정]주요사항보고서(유상증자결정),paid_in_capital_increase,20260921,negative,-70,C,Paid-in capital increases can create dilution concerns.,5,6,6,0,5,"9월 21일 주식시장 주요공시 | [N2 모닝 경제 브리핑-9월 22일] 美 증시, 유가·금리 하락에 상승 마감... | [주요공시] 삼성물산, 에스엠벡셀, 제이스로보틱스, 셀트리온, 에코프로...",2026-09-22,0.0174,0.021,,failure
042940,상지건설,[기재정정]주요사항보고서(유상증자결정),paid_in_capital_increase,20260921,negative,-70,C,Paid-in capital increases can create dilution concerns.,5,6,6,0,5,"9월 21일 주식시장 주요공시 | [N2 모닝 경제 브리핑-9월 22일] 美 증시, 유가·금리 하락에 상승 마감... | [주요공시] 삼성물산, 에스엠벡셀, 제이스로보틱스, 셀트리온, 에코프로...",2026-09-22,0.0174,0.021,,failure
042940,상지건설,[기재정정]주요사항보고서(유상증자결정),paid_in_capital_increase,20260921,negative,-70,C,Paid-in capital increases can create dilution concerns.,5,6,6,0,5,"9월 21일 주식시장 주요공시 | [N2 모닝 경제 브리핑-9월 22일] 美 증시, 유가·금리 하락에 상승 마감... | [주요공시] 삼성물산, 에스엠벡셀, 제이스로보틱스, 셀트리온, 에코프로...",2026-09-22,0.0174,0.021,,failure
042940,상지건설,[기재정정]주요사항보고서(유상증자결정),paid_in_capital_increase,20260921,negative,-70,C,Paid-in capital increases can create dilution concerns.,5,6,6,0,5,"9월 21일 주식시장 주요공시 | [N2 모닝 경제 브리핑-9월 22일] 美 증시, 유가·금리 하락에 상승 마감... | [주요공시] 삼성물산, 에스엠벡셀, 제이스로보틱스, 셀트리온, 에코프로...",2026-09-22,0.0174,0.021,,failure
042940,상지건설,[기재정정]주요사항보고서(유상증자결정),paid_in_capital_increase,20260921,negative,-70,C,Paid-in capital increases can create dilution concerns.,5,6,6,0,5,"9월 21일 주식시장 주요공시 | [N2 모닝 경제 브리핑-9월 22일] 美 증시, 유가·금리 하락에 상승 마감... | [주요공시] 삼성물산, 에스엠벡셀, 제이스로보틱스, 셀트리온, 에코프로...",2026-09-22,0.0174,0.021,,failure
042940,상지건설,[기재정정]주요사항보고서(유상증자결정),paid_in_capital_increase,20260921,negative,-70,C,Paid-in capital increases can create dilution concerns.,5,6,6,0,5,"9월 21일 주식시장 주요공시 | [N2 모닝 경제 브리핑-9월 22일] 美 증시, 유가·금리 하락에 상승 마감... | [주요공시] 삼성물산, 에스엠벡셀, 제이스로보틱스, 셀트리온, 에코프로...",2026-09-22,0.0174,0.021,,failure
042940,상지건설,[기재정정]주요사항보고서(유상증자결정),paid_in_capital_increase,20260921,negative,-70,C,Paid-in capital increases can create dilution concerns.,5,6,6,0,5,"9월 21일 주식시장 주요공시 | [N2 모닝 경제 브리핑-9월 22일] 美 증시, 유가·금리 하락에 상승 마감... | [주요공시] 삼성물산, 에스엠벡셀, 제이스로보틱스, 셀트리온, 에코프로...",2026-09-22,0.0174,0.021,,failure
042940,상지건설,[기재정정]주요사항보고서(유상증자결정),paid_in_capital_increase,20260921,negative,-70,C,Paid-in capital increases can create dilution concerns.,5,6,6,0,5,"9월 21일 주식시장 주요공시 | [N2 모닝 경제 브리핑-9월 22일] 美 증시, 유가·금리 하락에 상승 마감... | [주요공시] 삼성물산, 에스엠벡셀, 제이스로보틱스, 셀트리온, 에코프로...",2026-09-22,0.0174,0.021,,failure
042940,상지건설,[기재정정]주요사항보고서(유상증자결정),paid_in_capital_increase,20260921,negative,-70,C,Paid-in capital increases can create dilution concerns.,5,6,6,0,5,"9월 21일 주식시장 주요공시 | [N2 모닝 경제 브리핑-9월 22일] 美 증시, 유가·금리 하락에 상승 마감... | [주요공시] 삼성물산, 에스엠벡셀, 제이스로보틱스, 셀트리온, 에코프로...",2026-09-22,0.0174,0.021,,failure
042940,상지건설,[기재정정]주요사항보고서(유상증자결정),paid_in_capital_increase,20260921,negative,-70,C,Paid-in capital increases can create dilution concerns.,5,6,6,0,5,"9월 21일 주식시장 주요공시 | [N2 모닝 경제 브리핑-9월 22일] 美 증시, 유가·금리 하락에 상승 마감... | [주요공시] 삼성물산, 에스엠벡셀, 제이스로보틱스, 셀트리온, 에코프로...",2026-09-22,0.0174,0.021,,failure
042940,상지건설,[기재정정]주요사항보고서(유상증자결정),paid_in_capital_increase,20260921,negative,-70,C,Paid-in capital increases can create dilution concerns.,5,6,6,0,5,"9월 21일 주식시장 주요공시 | [N2 모닝 경제 브리핑-9월 22일] 美 증시, 유가·금리 하락에 상승 마감... | [주요공시] 삼성물산, 에스엠벡셀, 제이스로보틱스, 셀트리온, 에코프로...",2026-09-22,0.0174,0.021,,failure
042940,상지건설,[기재정정]주요사항보고서(유상증자결정),paid_in_capital_increase,20260921,negative,-70,C,Paid-in capital increases can create dilution concerns.,5,6,6,0,5,"9월 21일 주식시장 주요공시 | [N2 모닝 경제 브리핑-9월 22일] 美 증시, 유가·금리 하락에 상승 마감... | [주요공시] 삼성물산, 에스엠벡셀, 제이스로보틱스, 셀트리온, 에코프로...",2026-09-22,0.0174,0.021,,failure
042940,상지건설,[기재정정]주요사항보고서(유상증자결정),paid_in_capital_increase,20260921,negative,-70,C,Paid-in capital increases can create dilution concerns.,5,6,6,0,5,"9월 21일 주식시장 주요공시 | [N2 모닝 경제 브리핑-9월 22일] 美 증시, 유가·금리 하락에 상승 마감... | [주요공시] 삼성물산, 에스엠벡셀, 제이스로보틱스, 셀트리온, 에코프로...",2026-09-22,0.0174,0.021,,failure
042940,상지건설,[기재정정]주요사항보고서(유상증자결정),paid_in_capital_increase,20260921,negative,-70,C,Paid-in capital increases can create dilution concerns.,5,6,6,0,5,"9월 21일 주식시장 주요공시 | [N2 모닝 경제 브리핑-9월 22일] 美 증시, 유가·금리 하락에 상승 마감... | [주요공시] 삼성물산, 에스엠벡셀, 제이스로보틱스, 셀트리온, 에코프로...",2026-09-22,0.0174,0.021,,failure
042940,상지건설,[기재정정]주요사항보고서(유상증자결정),paid_in_capital_increase,20260921,negative,-70,C,Paid-in capital increases can create dilution concerns.,5,6,6,0,5,"9월 21일 주식시장 주요공시 | [N2 모닝 경제 브리핑-9월 22일] 美 증시, 유가·금리 하락에 상승 마감... | [주요공시] 삼성물산, 에스엠벡셀, 제이스로보틱스, 셀트리온, 에코프로...",2026-09-22,0.0174,0.021,,failure
042940,상지건설,[기재정정]주요사항보고서(유상증자결정),paid_in_capital_increase,20260921,negative,-70,C,Paid-in capital increases can create dilution concerns.,5,6,6,0,5,"9월 21일 주식시장 주요공시 | [N2 모닝 경제 브리핑-9월 22일] 美 증시, 유가·금리 하락에 상승 마감... | [주요공시] 삼성물산, 에스엠벡셀, 제이스로보틱스, 셀트리온, 에코프로...",2026-09-22,0.0174,0.021,,failure
042940,상지건설,[기재정정]주요사항보고서(유상증자결정),paid_in_capital_increase,20260921,negative,-70,C,Paid-in capital increases can create dilution concerns.,5,6,6,0,5,"9월 21일 주식시장 주요공시 | [N2 모닝 경제 브리핑-9월 22일] 美 증시, 유가·금리 하락에 상승 마감... | [주요공시] 삼성물산, 에스엠벡셀, 제이스로보틱스, 셀트리온, 에코프로...",2026-09-22,0.0174,0.021,,failure
042940,상지건설,[기재정정]주요사항보고서(유상증자결정),paid_in_capital_increase,20260921,negative,-70,C,Paid-in capital increases can create dilution concerns.,5,6,6,0,5,"9월 21일 주식시장 주요공시 | [N2 모닝 경제 브리핑-9월 22일] 美 증시, 유가·금리 하락에 상승 마감... | [주요공시] 삼성물산, 에스엠벡셀, 제이스로보틱스, 셀트리온, 에코프로...",2026-09-22,0.0174,0.021,,failure
042940,상지건설,[기재정정]주요사항보고서(유상증자결정),paid_in_capital_increase,20260921,negative,-70,C,Paid-in capital increases can create dilution concerns.,5,6,6,0,5,"9월 21일 주식시장 주요공시 | [N2 모닝 경제 브리핑-9월 22일] 美 증시, 유가·금리 하락에 상승 마감... | [주요공시] 삼성물산, 에스엠벡셀, 제이스로보틱스, 셀트리온, 에코프로...",2026-09-22,0.0174,0.021,,failure
042940,상지건설,[기재정정]주요사항보고서(유상증자결정),paid_in_capital_increase,20260921,negative,-70,C,Paid-in capital increases can create dilution concerns.,5,6,6,0,5,"9월 21일 주식시장 주요공시 | [N2 모닝 경제 브리핑-9월 22일] 美 증시, 유가·금리 하락에 상승 마감... | [주요공시] 삼성물산, 에스엠벡셀, 제이스로보틱스, 셀트리온, 에코프로...",2026-09-22,0.0174,0.021,,failure
042940,상지건설,[기재정정]주요사항보고서(유상증자결정),paid_in_capital_increase,20260921,negative,-70,C,Paid-in capital increases can create dilution concerns.,5,6,6,0,5,"9월 21일 주식시장 주요공시 | [N2 모닝 경제 브리핑-9월 22일] 美 증시, 유가·금리 하락에 상승 마감... | [주요공시] 삼성물산, 에스엠벡셀, 제이스로보틱스, 셀트리온, 에코프로...",2026-09-22,0.0174,0.021,,failure
042940,상지건설,[기재정정]주요사항보고서(유상증자결정),paid_in_capital_increase,20260921,negative,-70,C,Paid-in capital increases can create dilution concerns.,5,6,6,0,5,"9월 21일 주식시장 주요공시 | [N2 모닝 경제 브리핑-9월 22일] 美 증시, 유가·금리 하락에 상승 마감... | [주요공시] 삼성물산, 에스엠벡셀, 제이스로보틱스, 셀트리온, 에코프로...",2026-09-22,0.0174,0.021,,failure
042940,상지건설,[기재정정]주요사항보고서(유상증자결정),paid_in_capital_increase,20260921,negative,-70,C,Paid-in capital increases can create dilution concerns.,5,6,6,0,5,"9월 21일 주식시장 주요공시 | [N2 모닝 경제 브리핑-9월 22일] 美 증시, 유가·금리 하락에 상승 마감... | [주요공시] 삼성물산, 에스엠벡셀, 제이스로보틱스, 셀트리온, 에코프로...",2026-09-22,0.0174,0.021,,failure
042940,상지건설,[기재정정]주요사항보고서(유상증자결정),paid_in_capital_increase,20260921,negative,-70,C,Paid-in capital increases can create dilution concerns.,5,6,6,0,5,"9월 21일 주식시장 주요공시 | [N2 모닝 경제 브리핑-9월 22일] 美 증시, 유가·금리 하락에 상승 마감... | [주요공시] 삼성물산, 에스엠벡셀, 제이스로보틱스, 셀트리온, 에코프로...",2026-09-22,0.0174,0.021,,failure
042940,상지건설,[기재정정]주요사항보고서(유상증자결정),paid_in_capital_increase,20260921,negative,-70,C,Paid-in capital increases can create dilution concerns.,5,6,6,0,5,"9월 21일 주식시장 주요공시 | [N2 모닝 경제 브리핑-9월 22일] 美 증시, 유가·금리 하락에 상승 마감... | [주요공시] 삼성물산, 에스엠벡셀, 제이스로보틱스, 셀트리온, 에코프로...",2026-09-22,0.0174,0.021,,failure
042940,상지건설,[기재정정]주요사항보고서(유상증자결정),paid_in_capital_increase,20260921,negative,-70,C,Paid-in capital increases can create dilution concerns.,5,6,6,0,5,"9월 21일 주식시장 주요공시 | [N2 모닝 경제 브리핑-9월 22일] 美 증시, 유가·금리 하락에 상승 마감... | [주요공시] 삼성물산, 에스엠벡셀, 제이스로보틱스, 셀트리온, 에코프로...",2026-09-22,0.0174,0.021,,failure
042940,상지건설,[기재정정]주요사항보고서(유상증자결정),paid_in_capital_increase,20260921,negative,-70,C,Paid-in capital increases can create dilution concerns.,5,6,6,0,5,"9월 21일 주식시장 주요공시 | [N2 모닝 경제 브리핑-9월 22일] 美 증시, 유가·금리 하락에 상승 마감... | [주요공시] 삼성물산, 에스엠벡셀, 제이스로보틱스, 셀트리온, 에코프로...",2026-09-22,0.0174,0.021,,failure
042940,상지건설,[기재정정]주요사항보고서(유상증자결정),paid_in_capital_increase,20260921,negative,-70,C,Paid-in capital increases can create dilution concerns.,5,6,6,0,5,"9월 21일 주식시장 주요공시 | [N2 모닝 경제 브리핑-9월 22일] 美 증시, 유가·금리 하락에 상승 마감... | [주요공시] 삼성물산, 에스엠벡셀, 제이스로보틱스, 셀트리온, 에코프로...",2026-09-22,0.0174,0.021,,failure
042940,상지건설,[기재정정]주요사항보고서(유상증자결정),paid_in_capital_increase,20260921,negative,-70,C,Paid-in capital increases can create dilution concerns.,5,6,6,0,5,"9월 21일 주식시장 주요공시 | [N2 모닝 경제 브리핑-9월 22일] 美 증시, 유가·금리 하락에 상승 마감... | [주요공시] 삼성물산, 에스엠벡셀, 제이스로보틱스, 셀트리온, 에코프로...",2026-09-22,0.0174,0.021,,failure
042940,상지건설,[기재정정]주요사항보고서(유상증자결정),paid_in_capital_increase,20260921,negative,-70,C,Paid-in capital increases can create dilution concerns.,5,6,6,0,5,"9월 21일 주식시장 주요공시 | [N2 모닝 경제 브리핑-9월 22일] 美 증시, 유가·금리 하락에 상승 마감... | [주요공시] 삼성물산, 에스엠벡셀, 제이스로보틱스, 셀트리온, 에코프로...",2026-09-22,0.0174,0.021,,failure
042940,상지건설,[기재정정]주요사항보고서(유상증자결정),paid_in_capital_increase,20260921,negative,-70,C,Paid-in capital increases can create dilution concerns.,5,6,6,0,5,"9월 21일 주식시장 주요공시 | [N2 모닝 경제 브리핑-9월 22일] 美 증시, 유가·금리 하락에 상승 마감... | [주요공시] 삼성물산, 에스엠벡셀, 제이스로보틱스, 셀트리온, 에코프로...",2026-09-22,0.0174,0.021,,failure
042940,상지건설,[기재정정]주요사항보고서(유상증자결정),paid_in_capital_increase,20260921,negative,-70,C,Paid-in capital increases can create dilution concerns.,5,6,6,0,5,"9월 21일 주식시장 주요공시 | [N2 모닝 경제 브리핑-9월 22일] 美 증시, 유가·금리 하락에 상승 마감... | [주요공시] 삼성물산, 에스엠벡셀, 제이스로보틱스, 셀트리온, 에코프로...",2026-09-22,0.0174,0.021,,failure
042940,상지건설,[기재정정]주요사항보고서(유상증자결정),paid_in_capital_increase,20260921,negative,-70,C,Paid-in capital increases can create dilution concerns.,5,6,6,0,5,"9월 21일 주식시장 주요공시 | [N2 모닝 경제 브리핑-9월 22일] 美 증시, 유가·금리 하락에 상승 마감... | [주요공시] 삼성물산, 에스엠벡셀, 제이스로보틱스, 셀트리온, 에코프로...",2026-09-22,0.0174,0.021,,failure
042940,상지건설,[기재정정]주요사항보고서(유상증자결정),paid_in_capital_increase,20260921,negative,-70,C,Paid-in capital increases can create dilution concerns.,5,6,6,0,5,"9월 21일 주식시장 주요공시 | [N2 모닝 경제 브리핑-9월 22일] 美 증시, 유가·금리 하락에 상승 마감... | [주요공시] 삼성물산, 에스엠벡셀, 제이스로보틱스, 셀트리온, 에코프로...",2026-09-22,0.0174,0.021,,failure
042940,상지건설,[기재정정]주요사항보고서(유상증자결정),paid_in_capital_increase,20260921,negative,-70,C,Paid-in capital increases can create dilution concerns.,5,6,6,0,5,"9월 21일 주식시장 주요공시 | [N2 모닝 경제 브리핑-9월 22일] 美 증시, 유가·금리 하락에 상승 마감... | [주요공시] 삼성물산, 에스엠벡셀, 제이스로보틱스, 셀트리온, 에코프로...",2026-09-22,0.0174,0.021,,failure
042940,상지건설,[기재정정]주요사항보고서(유상증자결정),paid_in_capital_increase,20260921,negative,-70,C,Paid-in capital increases can create dilution concerns.,5,6,6,0,5,"9월 21일 주식시장 주요공시 | [N2 모닝 경제 브리핑-9월 22일] 美 증시, 유가·금리 하락에 상승 마감... | [주요공시] 삼성물산, 에스엠벡셀, 제이스로보틱스, 셀트리온, 에코프로...",2026-09-22,0.0174,0.021,,failure
042940,상지건설,[기재정정]주요사항보고서(유상증자결정),paid_in_capital_increase,20260921,negative,-70,C,Paid-in capital increases can create dilution concerns.,5,6,6,0,5,"9월 21일 주식시장 주요공시 | [N2 모닝 경제 브리핑-9월 22일] 美 증시, 유가·금리 하락에 상승 마감... | [주요공시] 삼성물산, 에스엠벡셀, 제이스로보틱스, 셀트리온, 에코프로...",2026-09-22,0.0174,0.021,,failure
042940,상지건설,[기재정정]주요사항보고서(유상증자결정),paid_in_capital_increase,20260921,negative,-70,C,Paid-in capital increases can create dilution concerns.,5,6,6,0,5,"9월 21일 주식시장 주요공시 | [N2 모닝 경제 브리핑-9월 22일] 美 증시, 유가·금리 하락에 상승 마감... | [주요공시] 삼성물산, 에스엠벡셀, 제이스로보틱스, 셀트리온, 에코프로...",2026-09-22,0.0174,0.021,,failure
042940,상지건설,[기재정정]주요사항보고서(유상증자결정),paid_in_capital_increase,20260921,negative,-70,C,Paid-in capital increases can create dilution concerns.,5,6,6,0,5,"9월 21일 주식시장 주요공시 | [N2 모닝 경제 브리핑-9월 22일] 美 증시, 유가·금리 하락에 상승 마감... | [주요공시] 삼성물산, 에스엠벡셀, 제이스로보틱스, 셀트리온, 에코프로...",2026-09-22,0.0174,0.021,,failure
042940,상지건설,[기재정정]주요사항보고서(유상증자결정),paid_in_capital_increase,20260921,negative,-70,C,Paid-in capital increases can create dilution concerns.,5,6,6,0,5,"9월 21일 주식시장 주요공시 | [N2 모닝 경제 브리핑-9월 22일] 美 증시, 유가·금리 하락에 상승 마감... | [주요공시] 삼성물산, 에스엠벡셀, 제이스로보틱스, 셀트리온, 에코프로...",2026-09-22,0.0174,0.021,,failure
042940,상지건설,[기재정정]주요사항보고서(유상증자결정),paid_in_capital_increase,20260921,negative,-70,C,Paid-in capital increases can create dilution concerns.,5,6,6,0,5,"9월 21일 주식시장 주요공시 | [N2 모닝 경제 브리핑-9월 22일] 美 증시, 유가·금리 하락에 상승 마감... | [주요공시] 삼성물산, 에스엠벡셀, 제이스로보틱스, 셀트리온, 에코프로...",2026-09-22,0.0174,0.021,,failure
042940,상지건설,[기재정정]주요사항보고서(유상증자결정),paid_in_capital_increase,20260921,negative,-70,C,Paid-in capital increases can create dilution concerns.,5,6,6,0,5,"9월 21일 주식시장 주요공시 | [N2 모닝 경제 브리핑-9월 22일] 美 증시, 유가·금리 하락에 상승 마감... | [주요공시] 삼성물산, 에스엠벡셀, 제이스로보틱스, 셀트리온, 에코프로...",2026-09-22,0.0174,0.021,,failure
042940,상지건설,[기재정정]주요사항보고서(유상증자결정),paid_in_capital_increase,20260921,negative,-70,C,Paid-in capital increases can create dilution concerns.,5,6,6,0,5,"9월 21일 주식시장 주요공시 | [N2 모닝 경제 브리핑-9월 22일] 美 증시, 유가·금리 하락에 상승 마감... | [주요공시] 삼성물산, 에스엠벡셀, 제이스로보틱스, 셀트리온, 에코프로...",2026-09-22,0.0174,0.021,,failure
042940,상지건설,[기재정정]주요사항보고서(유상증자결정),paid_in_capital_increase,20260921,negative,-70,C,Paid-in capital increases can create dilution concerns.,5,6,6,0,5,"9월 21일 주식시장 주요공시 | [N2 모닝 경제 브리핑-9월 22일] 美 증시, 유가·금리 하락에 상승 마감... | [주요공시] 삼성물산, 에스엠벡셀, 제이스로보틱스, 셀트리온, 에코프로...",2026-09-22,0.0174,0.021,,failure
042940,상지건설,[기재정정]주요사항보고서(유상증자결정),paid_in_capital_increase,20260921,negative,-70,C,Paid-in capital increases can create dilution concerns.,5,6,6,0,5,"9월 21일 주식시장 주요공시 | [N2 모닝 경제 브리핑-9월 22일] 美 증시, 유가·금리 하락에 상승 마감... | [주요공시] 삼성물산, 에스엠벡셀, 제이스로보틱스, 셀트리온, 에코프로...",2026-09-22,0.0174,0.021,,failure
042940,상지건설,[기재정정]주요사항보고서(유상증자결정),paid_in_capital_increase,20260921,negative,-70,C,Paid-in capital increases can create dilution concerns.,5,6,6,0,5,"9월 21일 주식시장 주요공시 | [N2 모닝 경제 브리핑-9월 22일] 美 증시, 유가·금리 하락에 상승 마감... | [주요공시] 삼성물산, 에스엠벡셀, 제이스로보틱스, 셀트리온, 에코프로...",2026-09-22,0.0174,0.021,,failure
042940,상지건설,[기재정정]주요사항보고서(유상증자결정),paid_in_capital_increase,20260921,negative,-70,C,Paid-in capital increases can create dilution concerns.,5,6,6,0,5,"9월 21일 주식시장 주요공시 | [N2 모닝 경제 브리핑-9월 22일] 美 증시, 유가·금리 하락에 상승 마감... | [주요공시] 삼성물산, 에스엠벡셀, 제이스로보틱스, 셀트리온, 에코프로...",2026-09-22,0.0174,0.021,,failure
042940,상지건설,[기재정정]주요사항보고서(유상증자결정),paid_in_capital_increase,20260921,negative,-70,C,Paid-in capital increases can create dilution concerns.,5,6,6,0,5,"9월 21일 주식시장 주요공시 | [N2 모닝 경제 브리핑-9월 22일] 美 증시, 유가·금리 하락에 상승 마감... | [주요공시] 삼성물산, 에스엠벡셀, 제이스로보틱스, 셀트리온, 에코프로...",2026-09-22,0.0174,0.021,,failure
042940,상지건설,[기재정정]주요사항보고서(유상증자결정),paid_in_capital_increase,20260921,negative,-70,C,Paid-in capital increases can create dilution concerns.,5,6,6,0,5,"9월 21일 주식시장 주요공시 | [N2 모닝 경제 브리핑-9월 22일] 美 증시, 유가·금리 하락에 상승 마감... | [주요공시] 삼성물산, 에스엠벡셀, 제이스로보틱스, 셀트리온, 에코프로...",2026-09-22,0.0174,0.021,,failure
042940,상지건설,[기재정정]주요사항보고서(유상증자결정),paid_in_capital_increase,20260921,negative,-70,C,Paid-in capital increases can create dilution concerns.,5,6,6,0,5,"9월 21일 주식시장 주요공시 | [N2 모닝 경제 브리핑-9월 22일] 美 증시, 유가·금리 하락에 상승 마감... | [주요공시] 삼성물산, 에스엠벡셀, 제이스로보틱스, 셀트리온, 에코프로...",2026-09-22,0.0174,0.021,,failure
042940,상지건설,[기재정정]주요사항보고서(유상증자결정),paid_in_capital_increase,20260921,negative,-70,C,Paid-in capital increases can create dilution concerns.,5,6,6,0,5,"9월 21일 주식시장 주요공시 | [N2 모닝 경제 브리핑-9월 22일] 美 증시, 유가·금리 하락에 상승 마감... | [주요공시] 삼성물산, 에스엠벡셀, 제이스로보틱스, 셀트리온, 에코프로...",2026-09-22,0.0174,0.021,,failure
042940,상지건설,[기재정정]주요사항보고서(유상증자결정),paid_in_capital_increase,20260921,negative,-70,C,Paid-in capital increases can create dilution concerns.,5,6,6,0,5,"9월 21일 주식시장 주요공시 | [N2 모닝 경제 브리핑-9월 22일] 美 증시, 유가·금리 하락에 상승 마감... | [주요공시] 삼성물산, 에스엠벡셀, 제이스로보틱스, 셀트리온, 에코프로...",2026-09-22,0.0174,0.021,,failure
042940,상지건설,[기재정정]주요사항보고서(유상증자결정),paid_in_capital_increase,20260921,negative,-70,C,Paid-in capital increases can create dilution concerns.,5,6,6,0,5,"9월 21일 주식시장 주요공시 | [N2 모닝 경제 브리핑-9월 22일] 美 증시, 유가·금리 하락에 상승 마감... | [주요공시] 삼성물산, 에스엠벡셀, 제이스로보틱스, 셀트리온, 에코프로...",2026-09-22,0.0174,0.021,,failure
042940,상지건설,[기재정정]주요사항보고서(유상증자결정),paid_in_capital_increase,20260921,negative,-70,C,Paid-in capital increases can create dilution concerns.,5,6,6,0,5,"9월 21일 주식시장 주요공시 | [N2 모닝 경제 브리핑-9월 22일] 美 증시, 유가·금리 하락에 상승 마감... | [주요공시] 삼성물산, 에스엠벡셀, 제이스로보틱스, 셀트리온, 에코프로...",2026-09-22,0.0174,0.021,,failure
042940,상지건설,[기재정정]주요사항보고서(유상증자결정),paid_in_capital_increase,20260921,negative,-70,C,Paid-in capital increases can create dilution concerns.,5,6,6,0,5,"9월 21일 주식시장 주요공시 | [N2 모닝 경제 브리핑-9월 22일] 美 증시, 유가·금리 하락에 상승 마감... | [주요공시] 삼성물산, 에스엠벡셀, 제이스로보틱스, 셀트리온, 에코프로...",2026-09-22,0.0174,0.021,,failure
042940,상지건설,[기재정정]주요사항보고서(유상증자결정),paid_in_capital_increase,20260921,negative,-70,C,Paid-in capital increases can create dilution concerns.,5,6,6,0,5,"9월 21일 주식시장 주요공시 | [N2 모닝 경제 브리핑-9월 22일] 美 증시, 유가·금리 하락에 상승 마감... | [주요공시] 삼성물산, 에스엠벡셀, 제이스로보틱스, 셀트리온, 에코프로...",2026-09-22,0.0174,0.021,,failure
042940,상지건설,[기재정정]주요사항보고서(유상증자결정),paid_in_capital_increase,20260921,negative,-70,C,Paid-in capital increases can create dilution concerns.,5,6,6,0,5,"9월 21일 주식시장 주요공시 | [N2 모닝 경제 브리핑-9월 22일] 美 증시, 유가·금리 하락에 상승 마감... | [주요공시] 삼성물산, 에스엠벡셀, 제이스로보틱스, 셀트리온, 에코프로...",2026-09-22,0.0174,0.021,,failure
042940,상지건설,[기재정정]주요사항보고서(유상증자결정),paid_in_capital_increase,20260921,negative,-70,C,Paid-in capital increases can create dilution concerns.,5,6,6,0,5,"9월 21일 주식시장 주요공시 | [N2 모닝 경제 브리핑-9월 22일] 美 증시, 유가·금리 하락에 상승 마감... | [주요공시] 삼성물산, 에스엠벡셀, 제이스로보틱스, 셀트리온, 에코프로...",2026-09-22,0.0174,0.021,,failure
042940,상지건설,[기재정정]주요사항보고서(유상증자결정),paid_in_capital_increase,20260921,negative,-70,C,Paid-in capital increases can create dilution concerns.,5,6,6,0,5,"9월 21일 주식시장 주요공시 | [N2 모닝 경제 브리핑-9월 22일] 美 증시, 유가·금리 하락에 상승 마감... | [주요공시] 삼성물산, 에스엠벡셀, 제이스로보틱스, 셀트리온, 에코프로...",2026-09-22,0.0174,0.021,,failure
042940,상지건설,[기재정정]주요사항보고서(유상증자결정),paid_in_capital_increase,20260921,negative,-70,C,Paid-in capital increases can create dilution concerns.,5,6,6,0,5,"9월 21일 주식시장 주요공시 | [N2 모닝 경제 브리핑-9월 22일] 美 증시, 유가·금리 하락에 상승 마감... | [주요공시] 삼성물산, 에스엠벡셀, 제이스로보틱스, 셀트리온, 에코프로...",2026-09-22,0.0174,0.021,,failure
042940,상지건설,[기재정정]주요사항보고서(유상증자결정),paid_in_capital_increase,20260921,negative,-70,C,Paid-in capital increases can create dilution concerns.,5,6,6,0,5,"9월 21일 주식시장 주요공시 | [N2 모닝 경제 브리핑-9월 22일] 美 증시, 유가·금리 하락에 상승 마감... | [주요공시] 삼성물산, 에스엠벡셀, 제이스로보틱스, 셀트리온, 에코프로...",2026-09-22,0.0174,0.021,,failure
042940,상지건설,[기재정정]주요사항보고서(유상증자결정),paid_in_capital_increase,20260921,negative,-70,C,Paid-in capital increases can create dilution concerns.,5,6,6,0,5,"9월 21일 주식시장 주요공시 | [N2 모닝 경제 브리핑-9월 22일] 美 증시, 유가·금리 하락에 상승 마감... | [주요공시] 삼성물산, 에스엠벡셀, 제이스로보틱스, 셀트리온, 에코프로...",2026-09-22,0.0174,0.021,,failure
042940,상지건설,[기재정정]주요사항보고서(유상증자결정),paid_in_capital_increase,20260921,negative,-70,C,Paid-in capital increases can create dilution concerns.,5,6,6,0,5,"9월 21일 주식시장 주요공시 | [N2 모닝 경제 브리핑-9월 22일] 美 증시, 유가·금리 하락에 상승 마감... | [주요공시] 삼성물산, 에스엠벡셀, 제이스로보틱스, 셀트리온, 에코프로...",2026-09-22,0.0174,0.021,,failure
042940,상지건설,[기재정정]주요사항보고서(유상증자결정),paid_in_capital_increase,20260921,negative,-70,C,Paid-in capital increases can create dilution concerns.,5,6,6,0,5,"9월 21일 주식시장 주요공시 | [N2 모닝 경제 브리핑-9월 22일] 美 증시, 유가·금리 하락에 상승 마감... | [주요공시] 삼성물산, 에스엠벡셀, 제이스로보틱스, 셀트리온, 에코프로...",2026-09-22,0.0174,0.021,,failure
042940,상지건설,[기재정정]주요사항보고서(유상증자결정),paid_in_capital_increase,20260921,negative,-70,C,Paid-in capital increases can create dilution concerns.,5,6,6,0,5,"9월 21일 주식시장 주요공시 | [N2 모닝 경제 브리핑-9월 22일] 美 증시, 유가·금리 하락에 상승 마감... | [주요공시] 삼성물산, 에스엠벡셀, 제이스로보틱스, 셀트리온, 에코프로...",2026-09-22,0.0174,0.021,,failure
042940,상지건설,[기재정정]주요사항보고서(유상증자결정),paid_in_capital_increase,20260921,negative,-70,C,Paid-in capital increases can create dilution concerns.,5,6,6,0,5,"9월 21일 주식시장 주요공시 | [N2 모닝 경제 브리핑-9월 22일] 美 증시, 유가·금리 하락에 상승 마감... | [주요공시] 삼성물산, 에스엠벡셀, 제이스로보틱스, 셀트리온, 에코프로...",2026-09-22,0.0174,0.021,,failure
042940,상지건설,[기재정정]주요사항보고서(유상증자결정),paid_in_capital_increase,20260921,negative,-70,C,Paid-in capital increases can create dilution concerns.,5,6,6,0,5,"9월 21일 주식시장 주요공시 | [N2 모닝 경제 브리핑-9월 22일] 美 증시, 유가·금리 하락에 상승 마감... | [주요공시] 삼성물산, 에스엠벡셀, 제이스로보틱스, 셀트리온, 에코프로...",2026-09-22,0.0174,0.021,,failure
042940,상지건설,[기재정정]주요사항보고서(유상증자결정),paid_in_capital_increase,20260921,negative,-70,C,Paid-in capital increases can create dilution concerns.,5,6,6,0,5,"9월 21일 주식시장 주요공시 | [N2 모닝 경제 브리핑-9월 22일] 美 증시, 유가·금리 하락에 상승 마감... | [주요공시] 삼성물산, 에스엠벡셀, 제이스로보틱스, 셀트리온, 에코프로...",2026-09-22,0.0174,0.021,,failure
042940,상지건설,[기재정정]주요사항보고서(유상증자결정),paid_in_capital_increase,20260921,negative,-70,C,Paid-in capital increases can create dilution concerns.,5,6,6,0,5,"9월 21일 주식시장 주요공시 | [N2 모닝 경제 브리핑-9월 22일] 美 증시, 유가·금리 하락에 상승 마감... | [주요공시] 삼성물산, 에스엠벡셀, 제이스로보틱스, 셀트리온, 에코프로...",2026-09-22,0.0174,0.021,,failure
042940,상지건설,[기재정정]주요사항보고서(유상증자결정),paid_in_capital_increase,20260921,negative,-70,C,Paid-in capital increases can create dilution concerns.,5,6,6,0,5,"9월 21일 주식시장 주요공시 | [N2 모닝 경제 브리핑-9월 22일] 美 증시, 유가·금리 하락에 상승 마감... | [주요공시] 삼성물산, 에스엠벡셀, 제이스로보틱스, 셀트리온, 에코프로...",2026-09-22,0.0174,0.021,,failure
042940,상지건설,[기재정정]주요사항보고서(유상증자결정),paid_in_capital_increase,20260921,negative,-70,C,Paid-in capital increases can create dilution concerns.,5,6,6,0,5,"9월 21일 주식시장 주요공시 | [N2 모닝 경제 브리핑-9월 22일] 美 증시, 유가·금리 하락에 상승 마감... | [주요공시] 삼성물산, 에스엠벡셀, 제이스로보틱스, 셀트리온, 에코프로...",2026-09-22,0.0174,0.021,,failure
042940,상지건설,[기재정정]주요사항보고서(유상증자결정),paid_in_capital_increase,20260921,negative,-70,C,Paid-in capital increases can create dilution concerns.,5,6,6,0,5,"9월 21일 주식시장 주요공시 | [N2 모닝 경제 브리핑-9월 22일] 美 증시, 유가·금리 하락에 상승 마감... | [주요공시] 삼성물산, 에스엠벡셀, 제이스로보틱스, 셀트리온, 에코프로...",2026-09-22,0.0174,0.021,,failure
042940,상지건설,[기재정정]주요사항보고서(유상증자결정),paid_in_capital_increase,20260921,negative,-70,C,Paid-in capital increases can create dilution concerns.,5,6,6,0,5,"9월 21일 주식시장 주요공시 | [N2 모닝 경제 브리핑-9월 22일] 美 증시, 유가·금리 하락에 상승 마감... | [주요공시] 삼성물산, 에스엠벡셀, 제이스로보틱스, 셀트리온, 에코프로...",2026-09-22,0.0174,0.021,,failure
042940,상지건설,[기재정정]주요사항보고서(유상증자결정),paid_in_capital_increase,20260921,negative,-70,C,Paid-in capital increases can create dilution concerns.,5,6,6,0,5,"9월 21일 주식시장 주요공시 | [N2 모닝 경제 브리핑-9월 22일] 美 증시, 유가·금리 하락에 상승 마감... | [주요공시] 삼성물산, 에스엠벡셀, 제이스로보틱스, 셀트리온, 에코프로...",2026-09-22,0.0174,0.021,,failure
042940,상지건설,[기재정정]주요사항보고서(유상증자결정),paid_in_capital_increase,20260921,negative,-70,C,Paid-in capital increases can create dilution concerns.,5,6,6,0,5,"9월 21일 주식시장 주요공시 | [N2 모닝 경제 브리핑-9월 22일] 美 증시, 유가·금리 하락에 상승 마감... | [주요공시] 삼성물산, 에스엠벡셀, 제이스로보틱스, 셀트리온, 에코프로...",2026-09-22,0.0174,0.021,,failure
042940,상지건설,[기재정정]주요사항보고서(유상증자결정),paid_in_capital_increase,20260921,negative,-70,C,Paid-in capital increases can create dilution concerns.,5,6,6,0,5,"9월 21일 주식시장 주요공시 | [N2 모닝 경제 브리핑-9월 22일] 美 증시, 유가·금리 하락에 상승 마감... | [주요공시] 삼성물산, 에스엠벡셀, 제이스로보틱스, 셀트리온, 에코프로...",2026-09-22,0.0174,0.021,,failure
042940,상지건설,[기재정정]주요사항보고서(유상증자결정),paid_in_capital_increase,20260921,negative,-70,C,Paid-in capital increases can create dilution concerns.,5,6,6,0,5,"9월 21일 주식시장 주요공시 | [N2 모닝 경제 브리핑-9월 22일] 美 증시, 유가·금리 하락에 상승 마감... | [주요공시] 삼성물산, 에스엠벡셀, 제이스로보틱스, 셀트리온, 에코프로...",2026-09-22,0.0174,0.021,,failure
042940,상지건설,[기재정정]주요사항보고서(유상증자결정),paid_in_capital_increase,20260921,negative,-70,C,Paid-in capital increases can create dilution concerns.,5,6,6,0,5,"9월 21일 주식시장 주요공시 | [N2 모닝 경제 브리핑-9월 22일] 美 증시, 유가·금리 하락에 상승 마감... | [주요공시] 삼성물산, 에스엠벡셀, 제이스로보틱스, 셀트리온, 에코프로...",2026-09-22,0.0174,0.021,,failure
042940,상지건설,[기재정정]주요사항보고서(유상증자결정),paid_in_capital_increase,20260921,negative,-70,C,Paid-in capital increases can create dilution concerns.,5,6,6,0,5,"9월 21일 주식시장 주요공시 | [N2 모닝 경제 브리핑-9월 22일] 美 증시, 유가·금리 하락에 상승 마감... | [주요공시] 삼성물산, 에스엠벡셀, 제이스로보틱스, 셀트리온, 에코프로...",2026-09-22,0.0174,0.021,,failure
042940,상지건설,[기재정정]주요사항보고서(유상증자결정),paid_in_capital_increase,20260921,negative,-70,C,Paid-in capital increases can create dilution concerns.,5,6,6,0,5,"9월 21일 주식시장 주요공시 | [N2 모닝 경제 브리핑-9월 22일] 美 증시, 유가·금리 하락에 상승 마감... | [주요공시] 삼성물산, 에스엠벡셀, 제이스로보틱스, 셀트리온, 에코프로...",2026-09-22,0.0174,0.021,,failure
042940,상지건설,[기재정정]주요사항보고서(유상증자결정),paid_in_capital_increase,20260921,negative,-70,C,Paid-in capital increases can create dilution concerns.,5,6,6,0,5,"9월 21일 주식시장 주요공시 | [N2 모닝 경제 브리핑-9월 22일] 美 증시, 유가·금리 하락에 상승 마감... | [주요공시] 삼성물산, 에스엠벡셀, 제이스로보틱스, 셀트리온, 에코프로...",2026-09-22,0.0174,0.021,,failure
042940,상지건설,[기재정정]주요사항보고서(유상증자결정),paid_in_capital_increase,20260921,negative,-70,C,Paid-in capital increases can create dilution concerns.,5,6,6,0,5,"9월 21일 주식시장 주요공시 | [N2 모닝 경제 브리핑-9월 22일] 美 증시, 유가·금리 하락에 상승 마감... | [주요공시] 삼성물산, 에스엠벡셀, 제이스로보틱스, 셀트리온, 에코프로...",2026-09-22,0.0174,0.021,,failure
042940,상지건설,[기재정정]주요사항보고서(유상증자결정),paid_in_capital_increase,20260921,negative,-70,C,Paid-in capital increases can create dilution concerns.,5,6,6,0,5,"9월 21일 주식시장 주요공시 | [N2 모닝 경제 브리핑-9월 22일] 美 증시, 유가·금리 하락에 상승 마감... | [주요공시] 삼성물산, 에스엠벡셀, 제이스로보틱스, 셀트리온, 에코프로...",2026-09-22,0.0174,0.021,,failure
042940,상지건설,[기재정정]주요사항보고서(유상증자결정),paid_in_capital_increase,20260921,negative,-70,C,Paid-in capital increases can create dilution concerns.,5,6,6,0,5,"9월 21일 주식시장 주요공시 | [N2 모닝 경제 브리핑-9월 22일] 美 증시, 유가·금리 하락에 상승 마감... | [주요공시] 삼성물산, 에스엠벡셀, 제이스로보틱스, 셀트리온, 에코프로...",2026-09-22,0.0174,0.021,,failure
042940,상지건설,[기재정정]주요사항보고서(유상증자결정),paid_in_capital_increase,20260921,negative,-70,C,Paid-in capital increases can create dilution concerns.,5,6,6,0,5,"9월 21일 주식시장 주요공시 | [N2 모닝 경제 브리핑-9월 22일] 美 증시, 유가·금리 하락에 상승 마감... | [주요공시] 삼성물산, 에스엠벡셀, 제이스로보틱스, 셀트리온, 에코프로...",2026-09-22,0.0174,0.021,,failure
042940,상지건설,[기재정정]주요사항보고서(유상증자결정),paid_in_capital_increase,20260921,negative,-70,C,Paid-in capital increases can create dilution concerns.,5,6,6,0,5,"9월 21일 주식시장 주요공시 | [N2 모닝 경제 브리핑-9월 22일] 美 증시, 유가·금리 하락에 상승 마감... | [주요공시] 삼성물산, 에스엠벡셀, 제이스로보틱스, 셀트리온, 에코프로...",2026-09-22,0.0174,0.021,,failure
042940,상지건설,[기재정정]주요사항보고서(유상증자결정),paid_in_capital_increase,20260921,negative,-70,C,Paid-in capital increases can create dilution concerns.,5,6,6,0,5,"9월 21일 주식시장 주요공시 | [N2 모닝 경제 브리핑-9월 22일] 美 증시, 유가·금리 하락에 상승 마감... | [주요공시] 삼성물산, 에스엠벡셀, 제이스로보틱스, 셀트리온, 에코프로...",2026-09-22,0.0174,0.021,,failure
042940,상지건설,[기재정정]주요사항보고서(유상증자결정),paid_in_capital_increase,20260921,negative,-70,C,Paid-in capital increases can create dilution concerns.,5,6,6,0,5,"9월 21일 주식시장 주요공시 | [N2 모닝 경제 브리핑-9월 22일] 美 증시, 유가·금리 하락에 상승 마감... | [주요공시] 삼성물산, 에스엠벡셀, 제이스로보틱스, 셀트리온, 에코프로...",2026-09-22,0.0174,0.021,,failure
042940,상지건설,[기재정정]주요사항보고서(유상증자결정),paid_in_capital_increase,20260921,negative,-70,C,Paid-in capital increases can create dilution concerns.,5,6,6,0,5,"9월 21일 주식시장 주요공시 | [N2 모닝 경제 브리핑-9월 22일] 美 증시, 유가·금리 하락에 상승 마감... | [주요공시] 삼성물산, 에스엠벡셀, 제이스로보틱스, 셀트리온, 에코프로...",2026-09-22,0.0174,0.021,,failure
042940,상지건설,[기재정정]주요사항보고서(유상증자결정),paid_in_capital_increase,20260921,negative,-70,C,Paid-in capital increases can create dilution concerns.,5,6,6,0,5,"9월 21일 주식시장 주요공시 | [N2 모닝 경제 브리핑-9월 22일] 美 증시, 유가·금리 하락에 상승 마감... | [주요공시] 삼성물산, 에스엠벡셀, 제이스로보틱스, 셀트리온, 에코프로...",2026-09-22,0.0174,0.021,,failure
042940,상지건설,[기재정정]주요사항보고서(유상증자결정),paid_in_capital_increase,20260921,negative,-70,C,Paid-in capital increases can create dilution concerns.,5,6,6,0,5,"9월 21일 주식시장 주요공시 | [N2 모닝 경제 브리핑-9월 22일] 美 증시, 유가·금리 하락에 상승 마감... | [주요공시] 삼성물산, 에스엠벡셀, 제이스로보틱스, 셀트리온, 에코프로...",2026-09-22,0.0174,0.021,,failure
042940,상지건설,[기재정정]주요사항보고서(유상증자결정),paid_in_capital_increase,20260921,negative,-70,C,Paid-in capital increases can create dilution concerns.,5,6,6,0,5,"9월 21일 주식시장 주요공시 | [N2 모닝 경제 브리핑-9월 22일] 美 증시, 유가·금리 하락에 상승 마감... | [주요공시] 삼성물산, 에스엠벡셀, 제이스로보틱스, 셀트리온, 에코프로...",2026-09-22,0.0174,0.021,,failure
042940,상지건설,[기재정정]주요사항보고서(유상증자결정),paid_in_capital_increase,20260921,negative,-70,C,Paid-in capital increases can create dilution concerns.,5,6,6,0,5,"9월 21일 주식시장 주요공시 | [N2 모닝 경제 브리핑-9월 22일] 美 증시, 유가·금리 하락에 상승 마감... | [주요공시] 삼성물산, 에스엠벡셀, 제이스로보틱스, 셀트리온, 에코프로...",2026-09-22,0.0174,0.021,,failure
042940,상지건설,[기재정정]주요사항보고서(유상증자결정),paid_in_capital_increase,20260921,negative,-70,C,Paid-in capital increases can create dilution concerns.,5,6,6,0,5,"9월 21일 주식시장 주요공시 | [N2 모닝 경제 브리핑-9월 22일] 美 증시, 유가·금리 하락에 상승 마감... | [주요공시] 삼성물산, 에스엠벡셀, 제이스로보틱스, 셀트리온, 에코프로...",2026-09-22,0.0174,0.021,,failure
042940,상지건설,[기재정정]주요사항보고서(유상증자결정),paid_in_capital_increase,20260921,negative,-70,C,Paid-in capital increases can create dilution concerns.,5,6,6,0,5,"9월 21일 주식시장 주요공시 | [N2 모닝 경제 브리핑-9월 22일] 美 증시, 유가·금리 하락에 상승 마감... | [주요공시] 삼성물산, 에스엠벡셀, 제이스로보틱스, 셀트리온, 에코프로...",2026-09-22,0.0174,0.021,,failure
042940,상지건설,[기재정정]주요사항보고서(유상증자결정),paid_in_capital_increase,20260921,negative,-70,C,Paid-in capital increases can create dilution concerns.,5,6,6,0,5,"9월 21일 주식시장 주요공시 | [N2 모닝 경제 브리핑-9월 22일] 美 증시, 유가·금리 하락에 상승 마감... | [주요공시] 삼성물산, 에스엠벡셀, 제이스로보틱스, 셀트리온, 에코프로...",2026-09-22,0.0174,0.021,,failure
042940,상지건설,[기재정정]주요사항보고서(유상증자결정),paid_in_capital_increase,20260921,negative,-70,C,Paid-in capital increases can create dilution concerns.,5,6,6,0,5,"9월 21일 주식시장 주요공시 | [N2 모닝 경제 브리핑-9월 22일] 美 증시, 유가·금리 하락에 상승 마감... | [주요공시] 삼성물산, 에스엠벡셀, 제이스로보틱스, 셀트리온, 에코프로...",2026-09-22,0.0174,0.021,,failure
042940,상지건설,[기재정정]주요사항보고서(유상증자결정),paid_in_capital_increase,20260921,negative,-70,C,Paid-in capital increases can create dilution concerns.,5,6,6,0,5,"9월 21일 주식시장 주요공시 | [N2 모닝 경제 브리핑-9월 22일] 美 증시, 유가·금리 하락에 상승 마감... | [주요공시] 삼성물산, 에스엠벡셀, 제이스로보틱스, 셀트리온, 에코프로...",2026-09-22,0.0174,0.021,,failure
042940,상지건설,[기재정정]주요사항보고서(유상증자결정),paid_in_capital_increase,20260921,negative,-70,C,Paid-in capital increases can create dilution concerns.,5,6,6,0,5,"9월 21일 주식시장 주요공시 | [N2 모닝 경제 브리핑-9월 22일] 美 증시, 유가·금리 하락에 상승 마감... | [주요공시] 삼성물산, 에스엠벡셀, 제이스로보틱스, 셀트리온, 에코프로...",2026-09-22,0.0174,0.021,,failure
042940,상지건설,[기재정정]주요사항보고서(유상증자결정),paid_in_capital_increase,20260921,negative,-70,C,Paid-in capital increases can create dilution concerns.,5,6,6,0,5,"9월 21일 주식시장 주요공시 | [N2 모닝 경제 브리핑-9월 22일] 美 증시, 유가·금리 하락에 상승 마감... | [주요공시] 삼성물산, 에스엠벡셀, 제이스로보틱스, 셀트리온, 에코프로...",2026-09-22,0.0174,0.021,,failure
042940,상지건설,[기재정정]주요사항보고서(유상증자결정),paid_in_capital_increase,20260921,negative,-70,C,Paid-in capital increases can create dilution concerns.,5,6,6,0,5,"9월 21일 주식시장 주요공시 | [N2 모닝 경제 브리핑-9월 22일] 美 증시, 유가·금리 하락에 상승 마감... | [주요공시] 삼성물산, 에스엠벡셀, 제이스로보틱스, 셀트리온, 에코프로...",2026-09-22,0.0174,0.021,,failure
042940,상지건설,[기재정정]주요사항보고서(유상증자결정),paid_in_capital_increase,20260921,negative,-70,C,Paid-in capital increases can create dilution concerns.,5,6,6,0,5,"9월 21일 주식시장 주요공시 | [N2 모닝 경제 브리핑-9월 22일] 美 증시, 유가·금리 하락에 상승 마감... | [주요공시] 삼성물산, 에스엠벡셀, 제이스로보틱스, 셀트리온, 에코프로...",2026-09-22,0.0174,0.021,,failure
042940,상지건설,[기재정정]주요사항보고서(유상증자결정),paid_in_capital_increase,20260921,negative,-70,C,Paid-in capital increases can create dilution concerns.,5,6,6,0,5,"9월 21일 주식시장 주요공시 | [N2 모닝 경제 브리핑-9월 22일] 美 증시, 유가·금리 하락에 상승 마감... | [주요공시] 삼성물산, 에스엠벡셀, 제이스로보틱스, 셀트리온, 에코프로...",2026-09-22,0.0174,0.021,,failure
042940,상지건설,[기재정정]주요사항보고서(유상증자결정),paid_in_capital_increase,20260921,negative,-70,C,Paid-in capital increases can create dilution concerns.,5,6,6,0,5,"9월 21일 주식시장 주요공시 | [N2 모닝 경제 브리핑-9월 22일] 美 증시, 유가·금리 하락에 상승 마감... | [주요공시] 삼성물산, 에스엠벡셀, 제이스로보틱스, 셀트리온, 에코프로...",2026-09-22,0.0174,0.021,,failure
042940,상지건설,[기재정정]주요사항보고서(유상증자결정),paid_in_capital_increase,20260921,negative,-70,C,Paid-in capital increases can create dilution concerns.,5,6,6,0,5,"9월 21일 주식시장 주요공시 | [N2 모닝 경제 브리핑-9월 22일] 美 증시, 유가·금리 하락에 상승 마감... | [주요공시] 삼성물산, 에스엠벡셀, 제이스로보틱스, 셀트리온, 에코프로...",2026-09-22,0.0174,0.021,,failure
042940,상지건설,[기재정정]주요사항보고서(유상증자결정),paid_in_capital_increase,20260921,negative,-70,C,Paid-in capital increases can create dilution concerns.,5,6,6,0,5,"9월 21일 주식시장 주요공시 | [N2 모닝 경제 브리핑-9월 22일] 美 증시, 유가·금리 하락에 상승 마감... | [주요공시] 삼성물산, 에스엠벡셀, 제이스로보틱스, 셀트리온, 에코프로...",2026-09-22,0.0174,0.021,,failure
042940,상지건설,[기재정정]주요사항보고서(유상증자결정),paid_in_capital_increase,20260921,negative,-70,C,Paid-in capital increases can create dilution concerns.,5,6,6,0,5,"9월 21일 주식시장 주요공시 | [N2 모닝 경제 브리핑-9월 22일] 美 증시, 유가·금리 하락에 상승 마감... | [주요공시] 삼성물산, 에스엠벡셀, 제이스로보틱스, 셀트리온, 에코프로...",2026-09-22,0.0174,0.021,,failure
042940,상지건설,[기재정정]주요사항보고서(유상증자결정),paid_in_capital_increase,20260921,negative,-70,C,Paid-in capital increases can create dilution concerns.,5,6,6,0,5,"9월 21일 주식시장 주요공시 | [N2 모닝 경제 브리핑-9월 22일] 美 증시, 유가·금리 하락에 상승 마감... | [주요공시] 삼성물산, 에스엠벡셀, 제이스로보틱스, 셀트리온, 에코프로...",2026-09-22,0.0174,0.021,,failure
042940,상지건설,[기재정정]주요사항보고서(유상증자결정),paid_in_capital_increase,20260921,negative,-70,C,Paid-in capital increases can create dilution concerns.,5,6,6,0,5,"9월 21일 주식시장 주요공시 | [N2 모닝 경제 브리핑-9월 22일] 美 증시, 유가·금리 하락에 상승 마감... | [주요공시] 삼성물산, 에스엠벡셀, 제이스로보틱스, 셀트리온, 에코프로...",2026-09-22,0.0174,0.021,,failure
042940,상지건설,[기재정정]주요사항보고서(유상증자결정),paid_in_capital_increase,20260921,negative,-70,C,Paid-in capital increases can create dilution concerns.,5,6,6,0,5,"9월 21일 주식시장 주요공시 | [N2 모닝 경제 브리핑-9월 22일] 美 증시, 유가·금리 하락에 상승 마감... | [주요공시] 삼성물산, 에스엠벡셀, 제이스로보틱스, 셀트리온, 에코프로...",2026-09-22,0.0174,0.021,,failure
042940,상지건설,[기재정정]주요사항보고서(유상증자결정),paid_in_capital_increase,20260921,negative,-70,C,Paid-in capital increases can create dilution concerns.,5,6,6,0,5,"9월 21일 주식시장 주요공시 | [N2 모닝 경제 브리핑-9월 22일] 美 증시, 유가·금리 하락에 상승 마감... | [주요공시] 삼성물산, 에스엠벡셀, 제이스로보틱스, 셀트리온, 에코프로...",2026-09-22,0.0174,0.021,,failure
042940,상지건설,[기재정정]주요사항보고서(유상증자결정),paid_in_capital_increase,20260921,negative,-70,C,Paid-in capital increases can create dilution concerns.,5,6,6,0,5,"9월 21일 주식시장 주요공시 | [N2 모닝 경제 브리핑-9월 22일] 美 증시, 유가·금리 하락에 상승 마감... | [주요공시] 삼성물산, 에스엠벡셀, 제이스로보틱스, 셀트리온, 에코프로...",2026-09-22,0.0174,0.021,,failure
042940,상지건설,[기재정정]주요사항보고서(유상증자결정),paid_in_capital_increase,20260921,negative,-70,C,Paid-in capital increases can create dilution concerns.,5,6,6,0,5,"9월 21일 주식시장 주요공시 | [N2 모닝 경제 브리핑-9월 22일] 美 증시, 유가·금리 하락에 상승 마감... | [주요공시] 삼성물산, 에스엠벡셀, 제이스로보틱스, 셀트리온, 에코프로...",2026-09-22,0.0174,0.021,,failure
042940,상지건설,[기재정정]주요사항보고서(유상증자결정),paid_in_capital_increase,20260921,negative,-70,C,Paid-in capital increases can create dilution concerns.,5,6,6,0,5,"9월 21일 주식시장 주요공시 | [N2 모닝 경제 브리핑-9월 22일] 美 증시, 유가·금리 하락에 상승 마감... | [주요공시] 삼성물산, 에스엠벡셀, 제이스로보틱스, 셀트리온, 에코프로...",2026-09-22,0.0174,0.021,,failure
042940,상지건설,[기재정정]주요사항보고서(유상증자결정),paid_in_capital_increase,20260921,negative,-70,C,Paid-in capital increases can create dilution concerns.,5,6,6,0,5,"9월 21일 주식시장 주요공시 | [N2 모닝 경제 브리핑-9월 22일] 美 증시, 유가·금리 하락에 상승 마감... | [주요공시] 삼성물산, 에스엠벡셀, 제이스로보틱스, 셀트리온, 에코프로...",2026-09-22,0.0174,0.021,,failure
042940,상지건설,[기재정정]주요사항보고서(유상증자결정),paid_in_capital_increase,20260921,negative,-70,C,Paid-in capital increases can create dilution concerns.,5,6,6,0,5,"9월 21일 주식시장 주요공시 | [N2 모닝 경제 브리핑-9월 22일] 美 증시, 유가·금리 하락에 상승 마감... | [주요공시] 삼성물산, 에스엠벡셀, 제이스로보틱스, 셀트리온, 에코프로...",2026-09-22,0.0174,0.021,,failure
042940,상지건설,[기재정정]주요사항보고서(유상증자결정),paid_in_capital_increase,20260921,negative,-70,C,Paid-in capital increases can create dilution concerns.,5,6,6,0,5,"9월 21일 주식시장 주요공시 | [N2 모닝 경제 브리핑-9월 22일] 美 증시, 유가·금리 하락에 상승 마감... | [주요공시] 삼성물산, 에스엠벡셀, 제이스로보틱스, 셀트리온, 에코프로...",2026-09-22,0.0174,0.021,,failure
042940,상지건설,[기재정정]주요사항보고서(유상증자결정),paid_in_capital_increase,20260921,negative,-70,C,Paid-in capital increases can create dilution concerns.,5,6,6,0,5,"9월 21일 주식시장 주요공시 | [N2 모닝 경제 브리핑-9월 22일] 美 증시, 유가·금리 하락에 상승 마감... | [주요공시] 삼성물산, 에스엠벡셀, 제이스로보틱스, 셀트리온, 에코프로...",2026-09-22,0.0174,0.021,,failure
042940,상지건설,[기재정정]주요사항보고서(유상증자결정),paid_in_capital_increase,20260921,negative,-70,C,Paid-in capital increases can create dilution concerns.,5,6,6,0,5,"9월 21일 주식시장 주요공시 | [N2 모닝 경제 브리핑-9월 22일] 美 증시, 유가·금리 하락에 상승 마감... | [주요공시] 삼성물산, 에스엠벡셀, 제이스로보틱스, 셀트리온, 에코프로...",2026-09-22,0.0174,0.021,,failure
042940,상지건설,[기재정정]주요사항보고서(유상증자결정),paid_in_capital_increase,20260921,negative,-70,C,Paid-in capital increases can create dilution concerns.,5,6,6,0,5,"9월 21일 주식시장 주요공시 | [N2 모닝 경제 브리핑-9월 22일] 美 증시, 유가·금리 하락에 상승 마감... | [주요공시] 삼성물산, 에스엠벡셀, 제이스로보틱스, 셀트리온, 에코프로...",2026-09-22,0.0174,0.021,,failure
042940,상지건설,[기재정정]주요사항보고서(유상증자결정),paid_in_capital_increase,20260921,negative,-70,C,Paid-in capital increases can create dilution concerns.,5,6,6,0,5,"9월 21일 주식시장 주요공시 | [N2 모닝 경제 브리핑-9월 22일] 美 증시, 유가·금리 하락에 상승 마감... | [주요공시] 삼성물산, 에스엠벡셀, 제이스로보틱스, 셀트리온, 에코프로...",2026-09-22,0.0174,0.021,,failure
042940,상지건설,[기재정정]주요사항보고서(유상증자결정),paid_in_capital_increase,20260921,negative,-70,C,Paid-in capital increases can create dilution concerns.,5,6,6,0,5,"9월 21일 주식시장 주요공시 | [N2 모닝 경제 브리핑-9월 22일] 美 증시, 유가·금리 하락에 상승 마감... | [주요공시] 삼성물산, 에스엠벡셀, 제이스로보틱스, 셀트리온, 에코프로...",2026-09-22,0.0174,0.021,,failure
042940,상지건설,[기재정정]주요사항보고서(유상증자결정),paid_in_capital_increase,20260921,negative,-70,C,Paid-in capital increases can create dilution concerns.,5,6,6,0,5,"9월 21일 주식시장 주요공시 | [N2 모닝 경제 브리핑-9월 22일] 美 증시, 유가·금리 하락에 상승 마감... | [주요공시] 삼성물산, 에스엠벡셀, 제이스로보틱스, 셀트리온, 에코프로...",2026-09-22,0.0174,0.021,,failure
042940,상지건설,[기재정정]주요사항보고서(유상증자결정),paid_in_capital_increase,20260921,negative,-70,C,Paid-in capital increases can create dilution concerns.,5,6,6,0,5,"9월 21일 주식시장 주요공시 | [N2 모닝 경제 브리핑-9월 22일] 美 증시, 유가·금리 하락에 상승 마감... | [주요공시] 삼성물산, 에스엠벡셀, 제이스로보틱스, 셀트리온, 에코프로...",2026-09-22,0.0174,0.021,,failure
042940,상지건설,[기재정정]주요사항보고서(유상증자결정),paid_in_capital_increase,20260921,negative,-70,C,Paid-in capital increases can create dilution concerns.,5,6,6,0,5,"9월 21일 주식시장 주요공시 | [N2 모닝 경제 브리핑-9월 22일] 美 증시, 유가·금리 하락에 상승 마감... | [주요공시] 삼성물산, 에스엠벡셀, 제이스로보틱스, 셀트리온, 에코프로...",2026-09-22,0.0174,0.021,,failure
042940,상지건설,[기재정정]주요사항보고서(유상증자결정),paid_in_capital_increase,20260921,negative,-70,C,Paid-in capital increases can create dilution concerns.,5,6,6,0,5,"9월 21일 주식시장 주요공시 | [N2 모닝 경제 브리핑-9월 22일] 美 증시, 유가·금리 하락에 상승 마감... | [주요공시] 삼성물산, 에스엠벡셀, 제이스로보틱스, 셀트리온, 에코프로...",2026-09-22,0.0174,0.021,,failure
042940,상지건설,[기재정정]주요사항보고서(유상증자결정),paid_in_capital_increase,20260921,negative,-70,C,Paid-in capital increases can create dilution concerns.,5,6,6,0,5,"9월 21일 주식시장 주요공시 | [N2 모닝 경제 브리핑-9월 22일] 美 증시, 유가·금리 하락에 상승 마감... | [주요공시] 삼성물산, 에스엠벡셀, 제이스로보틱스, 셀트리온, 에코프로...",2026-09-22,0.0174,0.021,,failure
042940,상지건설,[기재정정]주요사항보고서(유상증자결정),paid_in_capital_increase,20260921,negative,-70,C,Paid-in capital increases can create dilution concerns.,5,6,6,0,5,"9월 21일 주식시장 주요공시 | [N2 모닝 경제 브리핑-9월 22일] 美 증시, 유가·금리 하락에 상승 마감... | [주요공시] 삼성물산, 에스엠벡셀, 제이스로보틱스, 셀트리온, 에코프로...",2026-09-22,0.0174,0.021,,failure
042940,상지건설,[기재정정]주요사항보고서(유상증자결정),paid_in_capital_increase,20260921,negative,-70,C,Paid-in capital increases can create dilution concerns.,5,6,6,0,5,"9월 21일 주식시장 주요공시 | [N2 모닝 경제 브리핑-9월 22일] 美 증시, 유가·금리 하락에 상승 마감... | [주요공시] 삼성물산, 에스엠벡셀, 제이스로보틱스, 셀트리온, 에코프로...",2026-09-22,0.0174,0.021,,failure
042940,상지건설,[기재정정]주요사항보고서(유상증자결정),paid_in_capital_increase,20260921,negative,-70,C,Paid-in capital increases can create dilution concerns.,5,6,6,0,5,"9월 21일 주식시장 주요공시 | [N2 모닝 경제 브리핑-9월 22일] 美 증시, 유가·금리 하락에 상승 마감... | [주요공시] 삼성물산, 에스엠벡셀, 제이스로보틱스, 셀트리온, 에코프로...",2026-09-22,0.0174,0.021,,failure
042940,상지건설,[기재정정]주요사항보고서(유상증자결정),paid_in_capital_increase,20260921,negative,-70,C,Paid-in capital increases can create dilution concerns.,5,6,6,0,5,"9월 21일 주식시장 주요공시 | [N2 모닝 경제 브리핑-9월 22일] 美 증시, 유가·금리 하락에 상승 마감... | [주요공시] 삼성물산, 에스엠벡셀, 제이스로보틱스, 셀트리온, 에코프로...",2026-09-22,0.0174,0.021,,failure
042940,상지건설,[기재정정]주요사항보고서(유상증자결정),paid_in_capital_increase,20260921,negative,-70,C,Paid-in capital increases can create dilution concerns.,5,6,6,0,5,"9월 21일 주식시장 주요공시 | [N2 모닝 경제 브리핑-9월 22일] 美 증시, 유가·금리 하락에 상승 마감... | [주요공시] 삼성물산, 에스엠벡셀, 제이스로보틱스, 셀트리온, 에코프로...",2026-09-22,0.0174,0.021,,failure
042940,상지건설,[기재정정]주요사항보고서(유상증자결정),paid_in_capital_increase,20260921,negative,-70,C,Paid-in capital increases can create dilution concerns.,5,6,6,0,5,"9월 21일 주식시장 주요공시 | [N2 모닝 경제 브리핑-9월 22일] 美 증시, 유가·금리 하락에 상승 마감... | [주요공시] 삼성물산, 에스엠벡셀, 제이스로보틱스, 셀트리온, 에코프로...",2026-09-22,0.0174,0.021,,failure
042940,상지건설,[기재정정]주요사항보고서(유상증자결정),paid_in_capital_increase,20260921,negative,-70,C,Paid-in capital increases can create dilution concerns.,5,6,6,0,5,"9월 21일 주식시장 주요공시 | [N2 모닝 경제 브리핑-9월 22일] 美 증시, 유가·금리 하락에 상승 마감... | [주요공시] 삼성물산, 에스엠벡셀, 제이스로보틱스, 셀트리온, 에코프로...",2026-09-22,0.0174,0.021,,failure
042940,상지건설,[기재정정]주요사항보고서(유상증자결정),paid_in_capital_increase,20260921,negative,-70,C,Paid-in capital increases can create dilution concerns.,5,6,6,0,5,"9월 21일 주식시장 주요공시 | [N2 모닝 경제 브리핑-9월 22일] 美 증시, 유가·금리 하락에 상승 마감... | [주요공시] 삼성물산, 에스엠벡셀, 제이스로보틱스, 셀트리온, 에코프로...",2026-09-22,0.0174,0.021,,failure
042940,상지건설,[기재정정]주요사항보고서(유상증자결정),paid_in_capital_increase,20260921,negative,-70,C,Paid-in capital increases can create dilution concerns.,5,6,6,0,5,"9월 21일 주식시장 주요공시 | [N2 모닝 경제 브리핑-9월 22일] 美 증시, 유가·금리 하락에 상승 마감... | [주요공시] 삼성물산, 에스엠벡셀, 제이스로보틱스, 셀트리온, 에코프로...",2026-09-22,0.0174,0.021,,failure
042940,상지건설,[기재정정]주요사항보고서(유상증자결정),paid_in_capital_increase,20260921,negative,-70,C,Paid-in capital increases can create dilution concerns.,5,6,6,0,5,"9월 21일 주식시장 주요공시 | [N2 모닝 경제 브리핑-9월 22일] 美 증시, 유가·금리 하락에 상승 마감... | [주요공시] 삼성물산, 에스엠벡셀, 제이스로보틱스, 셀트리온, 에코프로...",2026-09-22,0.0174,0.021,,failure
042940,상지건설,[기재정정]주요사항보고서(유상증자결정),paid_in_capital_increase,20260921,negative,-70,C,Paid-in capital increases can create dilution concerns.,5,6,6,0,5,"9월 21일 주식시장 주요공시 | [N2 모닝 경제 브리핑-9월 22일] 美 증시, 유가·금리 하락에 상승 마감... | [주요공시] 삼성물산, 에스엠벡셀, 제이스로보틱스, 셀트리온, 에코프로...",2026-09-22,0.0174,0.021,,failure
042940,상지건설,[기재정정]주요사항보고서(유상증자결정),paid_in_capital_increase,20260921,negative,-70,C,Paid-in capital increases can create dilution concerns.,5,6,6,0,5,"9월 21일 주식시장 주요공시 | [N2 모닝 경제 브리핑-9월 22일] 美 증시, 유가·금리 하락에 상승 마감... | [주요공시] 삼성물산, 에스엠벡셀, 제이스로보틱스, 셀트리온, 에코프로...",2026-09-22,0.0174,0.021,,failure
042940,상지건설,[기재정정]주요사항보고서(유상증자결정),paid_in_capital_increase,20260921,negative,-70,C,Paid-in capital increases can create dilution concerns.,5,6,6,0,5,"9월 21일 주식시장 주요공시 | [N2 모닝 경제 브리핑-9월 22일] 美 증시, 유가·금리 하락에 상승 마감... | [주요공시] 삼성물산, 에스엠벡셀, 제이스로보틱스, 셀트리온, 에코프로...",2026-09-22,0.0174,0.021,,failure
042940,상지건설,[기재정정]주요사항보고서(유상증자결정),paid_in_capital_increase,20260921,negative,-70,C,Paid-in capital increases can create dilution concerns.,5,6,6,0,5,"9월 21일 주식시장 주요공시 | [N2 모닝 경제 브리핑-9월 22일] 美 증시, 유가·금리 하락에 상승 마감... | [주요공시] 삼성물산, 에스엠벡셀, 제이스로보틱스, 셀트리온, 에코프로...",2026-09-22,0.0174,0.021,,failure
042940,상지건설,[기재정정]주요사항보고서(유상증자결정),paid_in_capital_increase,20260921,negative,-70,C,Paid-in capital increases can create dilution concerns.,5,6,6,0,5,"9월 21일 주식시장 주요공시 | [N2 모닝 경제 브리핑-9월 22일] 美 증시, 유가·금리 하락에 상승 마감... | [주요공시] 삼성물산, 에스엠벡셀, 제이스로보틱스, 셀트리온, 에코프로...",2026-09-22,0.0174,0.021,,failure
042940,상지건설,[기재정정]주요사항보고서(유상증자결정),paid_in_capital_increase,20260921,negative,-70,C,Paid-in capital increases can create dilution concerns.,5,6,6,0,5,"9월 21일 주식시장 주요공시 | [N2 모닝 경제 브리핑-9월 22일] 美 증시, 유가·금리 하락에 상승 마감... | [주요공시] 삼성물산, 에스엠벡셀, 제이스로보틱스, 셀트리온, 에코프로...",2026-09-22,0.0174,0.021,,failure
042940,상지건설,[기재정정]주요사항보고서(유상증자결정),paid_in_capital_increase,20260921,negative,-70,C,Paid-in capital increases can create dilution concerns.,5,6,6,0,5,"9월 21일 주식시장 주요공시 | [N2 모닝 경제 브리핑-9월 22일] 美 증시, 유가·금리 하락에 상승 마감... | [주요공시] 삼성물산, 에스엠벡셀, 제이스로보틱스, 셀트리온, 에코프로...",2026-09-22,0.0174,0.021,,failure
042940,상지건설,[기재정정]주요사항보고서(유상증자결정),paid_in_capital_increase,20260921,negative,-70,C,Paid-in capital increases can create dilution concerns.,5,6,6,0,5,"9월 21일 주식시장 주요공시 | [N2 모닝 경제 브리핑-9월 22일] 美 증시, 유가·금리 하락에 상승 마감... | [주요공시] 삼성물산, 에스엠벡셀, 제이스로보틱스, 셀트리온, 에코프로...",2026-09-22,0.0174,0.021,,failure
042940,상지건설,[기재정정]주요사항보고서(유상증자결정),paid_in_capital_increase,20260921,negative,-70,C,Paid-in capital increases can create dilution concerns.,5,6,6,0,5,"9월 21일 주식시장 주요공시 | [N2 모닝 경제 브리핑-9월 22일] 美 증시, 유가·금리 하락에 상승 마감... | [주요공시] 삼성물산, 에스엠벡셀, 제이스로보틱스, 셀트리온, 에코프로...",2026-09-22,0.0174,0.021,,failure
042940,상지건설,[기재정정]주요사항보고서(유상증자결정),paid_in_capital_increase,20260921,negative,-70,C,Paid-in capital increases can create dilution concerns.,5,6,6,0,5,"9월 21일 주식시장 주요공시 | [N2 모닝 경제 브리핑-9월 22일] 美 증시, 유가·금리 하락에 상승 마감... | [주요공시] 삼성물산, 에스엠벡셀, 제이스로보틱스, 셀트리온, 에코프로...",2026-09-22,0.0174,0.021,,failure
042940,상지건설,[기재정정]주요사항보고서(유상증자결정),paid_in_capital_increase,20260921,negative,-70,C,Paid-in capital increases can create dilution concerns.,5,6,6,0,5,"9월 21일 주식시장 주요공시 | [N2 모닝 경제 브리핑-9월 22일] 美 증시, 유가·금리 하락에 상승 마감... | [주요공시] 삼성물산, 에스엠벡셀, 제이스로보틱스, 셀트리온, 에코프로...",2026-09-22,0.0174,0.021,,failure
042940,상지건설,[기재정정]주요사항보고서(유상증자결정),paid_in_capital_increase,20260921,negative,-70,C,Paid-in capital increases can create dilution concerns.,5,6,6,0,5,"9월 21일 주식시장 주요공시 | [N2 모닝 경제 브리핑-9월 22일] 美 증시, 유가·금리 하락에 상승 마감... | [주요공시] 삼성물산, 에스엠벡셀, 제이스로보틱스, 셀트리온, 에코프로...",2026-09-22,0.0174,0.021,,failure
042940,상지건설,[기재정정]주요사항보고서(유상증자결정),paid_in_capital_increase,20260921,negative,-70,C,Paid-in capital increases can create dilution concerns.,5,6,6,0,5,"9월 21일 주식시장 주요공시 | [N2 모닝 경제 브리핑-9월 22일] 美 증시, 유가·금리 하락에 상승 마감... | [주요공시] 삼성물산, 에스엠벡셀, 제이스로보틱스, 셀트리온, 에코프로...",2026-09-22,0.0174,0.021,,failure
042940,상지건설,[기재정정]주요사항보고서(유상증자결정),paid_in_capital_increase,20260921,negative,-70,C,Paid-in capital increases can create dilution concerns.,5,6,6,0,5,"9월 21일 주식시장 주요공시 | [N2 모닝 경제 브리핑-9월 22일] 美 증시, 유가·금리 하락에 상승 마감... | [주요공시] 삼성물산, 에스엠벡셀, 제이스로보틱스, 셀트리온, 에코프로...",2026-09-22,0.0174,0.021,,failure
042940,상지건설,[기재정정]주요사항보고서(유상증자결정),paid_in_capital_increase,20260921,negative,-70,C,Paid-in capital increases can create dilution concerns.,5,6,6,0,5,"9월 21일 주식시장 주요공시 | [N2 모닝 경제 브리핑-9월 22일] 美 증시, 유가·금리 하락에 상승 마감... | [주요공시] 삼성물산, 에스엠벡셀, 제이스로보틱스, 셀트리온, 에코프로...",2026-09-22,0.0174,0.021,,failure
042940,상지건설,[기재정정]주요사항보고서(유상증자결정),paid_in_capital_increase,20260921,negative,-70,C,Paid-in capital increases can create dilution concerns.,5,6,6,0,5,"9월 21일 주식시장 주요공시 | [N2 모닝 경제 브리핑-9월 22일] 美 증시, 유가·금리 하락에 상승 마감... | [주요공시] 삼성물산, 에스엠벡셀, 제이스로보틱스, 셀트리온, 에코프로...",2026-09-22,0.0174,0.021,,failure
042940,상지건설,[기재정정]주요사항보고서(유상증자결정),paid_in_capital_increase,20260921,negative,-70,C,Paid-in capital increases can create dilution concerns.,5,6,6,0,5,"9월 21일 주식시장 주요공시 | [N2 모닝 경제 브리핑-9월 22일] 美 증시, 유가·금리 하락에 상승 마감... | [주요공시] 삼성물산, 에스엠벡셀, 제이스로보틱스, 셀트리온, 에코프로...",2026-09-22,0.0174,0.021,,failure
042940,상지건설,[기재정정]주요사항보고서(유상증자결정),paid_in_capital_increase,20260921,negative,-70,C,Paid-in capital increases can create dilution concerns.,5,6,6,0,5,"9월 21일 주식시장 주요공시 | [N2 모닝 경제 브리핑-9월 22일] 美 증시, 유가·금리 하락에 상승 마감... | [주요공시] 삼성물산, 에스엠벡셀, 제이스로보틱스, 셀트리온, 에코프로...",2026-09-22,0.0174,0.021,,failure
042940,상지건설,[기재정정]주요사항보고서(유상증자결정),paid_in_capital_increase,20260921,negative,-70,C,Paid-in capital increases can create dilution concerns.,5,6,6,0,5,"9월 21일 주식시장 주요공시 | [N2 모닝 경제 브리핑-9월 22일] 美 증시, 유가·금리 하락에 상승 마감... | [주요공시] 삼성물산, 에스엠벡셀, 제이스로보틱스, 셀트리온, 에코프로...",2026-09-22,0.0174,0.021,,failure
042940,상지건설,[기재정정]주요사항보고서(유상증자결정),paid_in_capital_increase,20260921,negative,-70,C,Paid-in capital increases can create dilution concerns.,5,6,6,0,5,"9월 21일 주식시장 주요공시 | [N2 모닝 경제 브리핑-9월 22일] 美 증시, 유가·금리 하락에 상승 마감... | [주요공시] 삼성물산, 에스엠벡셀, 제이스로보틱스, 셀트리온, 에코프로...",2026-09-22,0.0174,0.021,,failure
042940,상지건설,[기재정정]주요사항보고서(유상증자결정),paid_in_capital_increase,20260921,negative,-70,C,Paid-in capital increases can create dilution concerns.,5,6,6,0,5,"9월 21일 주식시장 주요공시 | [N2 모닝 경제 브리핑-9월 22일] 美 증시, 유가·금리 하락에 상승 마감... | [주요공시] 삼성물산, 에스엠벡셀, 제이스로보틱스, 셀트리온, 에코프로...",2026-09-22,0.0174,0.021,,failure
042940,상지건설,[기재정정]주요사항보고서(유상증자결정),paid_in_capital_increase,20260921,negative,-70,C,Paid-in capital increases can create dilution concerns.,5,6,6,0,5,"9월 21일 주식시장 주요공시 | [N2 모닝 경제 브리핑-9월 22일] 美 증시, 유가·금리 하락에 상승 마감... | [주요공시] 삼성물산, 에스엠벡셀, 제이스로보틱스, 셀트리온, 에코프로...",2026-09-22,0.0174,0.021,,failure
042940,상지건설,[기재정정]주요사항보고서(유상증자결정),paid_in_capital_increase,20260921,negative,-70,C,Paid-in capital increases can create dilution concerns.,5,6,6,0,5,"9월 21일 주식시장 주요공시 | [N2 모닝 경제 브리핑-9월 22일] 美 증시, 유가·금리 하락에 상승 마감... | [주요공시] 삼성물산, 에스엠벡셀, 제이스로보틱스, 셀트리온, 에코프로...",2026-09-22,0.0174,0.021,,failure
042940,상지건설,[기재정정]주요사항보고서(유상증자결정),paid_in_capital_increase,20260921,negative,-70,C,Paid-in capital increases can create dilution concerns.,5,6,6,0,5,"9월 21일 주식시장 주요공시 | [N2 모닝 경제 브리핑-9월 22일] 美 증시, 유가·금리 하락에 상승 마감... | [주요공시] 삼성물산, 에스엠벡셀, 제이스로보틱스, 셀트리온, 에코프로...",2026-09-22,0.0174,0.021,,failure
042940,상지건설,[기재정정]주요사항보고서(유상증자결정),paid_in_capital_increase,20260921,negative,-70,C,Paid-in capital increases can create dilution concerns.,5,6,6,0,5,"9월 21일 주식시장 주요공시 | [N2 모닝 경제 브리핑-9월 22일] 美 증시, 유가·금리 하락에 상승 마감... | [주요공시] 삼성물산, 에스엠벡셀, 제이스로보틱스, 셀트리온, 에코프로...",2026-09-22,0.0174,0.021,,failure
042940,상지건설,[기재정정]주요사항보고서(유상증자결정),paid_in_capital_increase,20260921,negative,-70,C,Paid-in capital increases can create dilution concerns.,5,6,6,0,5,"9월 21일 주식시장 주요공시 | [N2 모닝 경제 브리핑-9월 22일] 美 증시, 유가·금리 하락에 상승 마감... | [주요공시] 삼성물산, 에스엠벡셀, 제이스로보틱스, 셀트리온, 에코프로...",2026-09-22,0.0174,0.021,,failure
042940,상지건설,[기재정정]주요사항보고서(유상증자결정),paid_in_capital_increase,20260921,negative,-70,C,Paid-in capital increases can create dilution concerns.,5,6,6,0,5,"9월 21일 주식시장 주요공시 | [N2 모닝 경제 브리핑-9월 22일] 美 증시, 유가·금리 하락에 상승 마감... | [주요공시] 삼성물산, 에스엠벡셀, 제이스로보틱스, 셀트리온, 에코프로...",2026-09-22,0.0174,0.021,,failure
042940,상지건설,[기재정정]주요사항보고서(유상증자결정),paid_in_capital_increase,20260921,negative,-70,C,Paid-in capital increases can create dilution concerns.,5,6,6,0,5,"9월 21일 주식시장 주요공시 | [N2 모닝 경제 브리핑-9월 22일] 美 증시, 유가·금리 하락에 상승 마감... | [주요공시] 삼성물산, 에스엠벡셀, 제이스로보틱스, 셀트리온, 에코프로...",2026-09-22,0.0174,0.021,,failure
042940,상지건설,[기재정정]주요사항보고서(유상증자결정),paid_in_capital_increase,20260921,negative,-70,C,Paid-in capital increases can create dilution concerns.,5,6,6,0,5,"9월 21일 주식시장 주요공시 | [N2 모닝 경제 브리핑-9월 22일] 美 증시, 유가·금리 하락에 상승 마감... | [주요공시] 삼성물산, 에스엠벡셀, 제이스로보틱스, 셀트리온, 에코프로...",2026-09-22,0.0174,0.021,,failure
042940,상지건설,[기재정정]주요사항보고서(유상증자결정),paid_in_capital_increase,20260921,negative,-70,C,Paid-in capital increases can create dilution concerns.,5,6,6,0,5,"9월 21일 주식시장 주요공시 | [N2 모닝 경제 브리핑-9월 22일] 美 증시, 유가·금리 하락에 상승 마감... | [주요공시] 삼성물산, 에스엠벡셀, 제이스로보틱스, 셀트리온, 에코프로...",2026-09-22,0.0174,0.021,,failure
042940,상지건설,[기재정정]주요사항보고서(유상증자결정),paid_in_capital_increase,20260921,negative,-70,C,Paid-in capital increases can create dilution concerns.,5,6,6,0,5,"9월 21일 주식시장 주요공시 | [N2 모닝 경제 브리핑-9월 22일] 美 증시, 유가·금리 하락에 상승 마감... | [주요공시] 삼성물산, 에스엠벡셀, 제이스로보틱스, 셀트리온, 에코프로...",2026-09-22,0.0174,0.021,,failure
042940,상지건설,[기재정정]주요사항보고서(유상증자결정),paid_in_capital_increase,20260921,negative,-70,C,Paid-in capital increases can create dilution concerns.,5,6,6,0,5,"9월 21일 주식시장 주요공시 | [N2 모닝 경제 브리핑-9월 22일] 美 증시, 유가·금리 하락에 상승 마감... | [주요공시] 삼성물산, 에스엠벡셀, 제이스로보틱스, 셀트리온, 에코프로...",2026-09-22,0.0174,0.021,,failure
042940,상지건설,[기재정정]주요사항보고서(유상증자결정),paid_in_capital_increase,20260921,negative,-70,C,Paid-in capital increases can create dilution concerns.,5,6,6,0,5,"9월 21일 주식시장 주요공시 | [N2 모닝 경제 브리핑-9월 22일] 美 증시, 유가·금리 하락에 상승 마감... | [주요공시] 삼성물산, 에스엠벡셀, 제이스로보틱스, 셀트리온, 에코프로...",2026-09-22,0.0174,0.021,,failure
042940,상지건설,[기재정정]주요사항보고서(유상증자결정),paid_in_capital_increase,20260921,negative,-70,C,Paid-in capital increases can create dilution concerns.,5,6,6,0,5,"9월 21일 주식시장 주요공시 | [N2 모닝 경제 브리핑-9월 22일] 美 증시, 유가·금리 하락에 상승 마감... | [주요공시] 삼성물산, 에스엠벡셀, 제이스로보틱스, 셀트리온, 에코프로...",2026-09-22,0.0174,0.021,,failure
042940,상지건설,[기재정정]주요사항보고서(유상증자결정),paid_in_capital_increase,20260921,negative,-70,C,Paid-in capital increases can create dilution concerns.,5,6,6,0,5,"9월 21일 주식시장 주요공시 | [N2 모닝 경제 브리핑-9월 22일] 美 증시, 유가·금리 하락에 상승 마감... | [주요공시] 삼성물산, 에스엠벡셀, 제이스로보틱스, 셀트리온, 에코프로...",2026-09-22,0.0174,0.021,,failure
042940,상지건설,[기재정정]주요사항보고서(유상증자결정),paid_in_capital_increase,20260921,negative,-70,C,Paid-in capital increases can create dilution concerns.,5,6,6,0,5,"9월 21일 주식시장 주요공시 | [N2 모닝 경제 브리핑-9월 22일] 美 증시, 유가·금리 하락에 상승 마감... | [주요공시] 삼성물산, 에스엠벡셀, 제이스로보틱스, 셀트리온, 에코프로...",2026-09-22,0.0174,0.021,,failure
042940,상지건설,[기재정정]주요사항보고서(유상증자결정),paid_in_capital_increase,20260921,negative,-70,C,Paid-in capital increases can create dilution concerns.,5,6,6,0,5,"9월 21일 주식시장 주요공시 | [N2 모닝 경제 브리핑-9월 22일] 美 증시, 유가·금리 하락에 상승 마감... | [주요공시] 삼성물산, 에스엠벡셀, 제이스로보틱스, 셀트리온, 에코프로...",2026-09-22,0.0174,0.021,,failure
042940,상지건설,[기재정정]주요사항보고서(유상증자결정),paid_in_capital_increase,20260921,negative,-70,C,Paid-in capital increases can create dilution concerns.,5,6,6,0,5,"9월 21일 주식시장 주요공시 | [N2 모닝 경제 브리핑-9월 22일] 美 증시, 유가·금리 하락에 상승 마감... | [주요공시] 삼성물산, 에스엠벡셀, 제이스로보틱스, 셀트리온, 에코프로...",2026-09-22,0.0174,0.021,,failure
042940,상지건설,[기재정정]주요사항보고서(유상증자결정),paid_in_capital_increase,20260921,negative,-70,C,Paid-in capital increases can create dilution concerns.,5,6,6,0,5,"9월 21일 주식시장 주요공시 | [N2 모닝 경제 브리핑-9월 22일] 美 증시, 유가·금리 하락에 상승 마감... | [주요공시] 삼성물산, 에스엠벡셀, 제이스로보틱스, 셀트리온, 에코프로...",2026-09-22,0.0174,0.021,,failure
042940,상지건설,[기재정정]주요사항보고서(유상증자결정),paid_in_capital_increase,20260921,negative,-70,C,Paid-in capital increases can create dilution concerns.,5,6,6,0,5,"9월 21일 주식시장 주요공시 | [N2 모닝 경제 브리핑-9월 22일] 美 증시, 유가·금리 하락에 상승 마감... | [주요공시] 삼성물산, 에스엠벡셀, 제이스로보틱스, 셀트리온, 에코프로...",2026-09-22,0.0174,0.021,,failure
042940,상지건설,[기재정정]주요사항보고서(유상증자결정),paid_in_capital_increase,20260921,negative,-70,C,Paid-in capital increases can create dilution concerns.,5,6,6,0,5,"9월 21일 주식시장 주요공시 | [N2 모닝 경제 브리핑-9월 22일] 美 증시, 유가·금리 하락에 상승 마감... | [주요공시] 삼성물산, 에스엠벡셀, 제이스로보틱스, 셀트리온, 에코프로...",2026-09-22,0.0174,0.021,,failure
042940,상지건설,[기재정정]주요사항보고서(유상증자결정),paid_in_capital_increase,20260921,negative,-70,C,Paid-in capital increases can create dilution concerns.,5,6,6,0,5,"9월 21일 주식시장 주요공시 | [N2 모닝 경제 브리핑-9월 22일] 美 증시, 유가·금리 하락에 상승 마감... | [주요공시] 삼성물산, 에스엠벡셀, 제이스로보틱스, 셀트리온, 에코프로...",2026-09-22,0.0174,0.021,,failure
042940,상지건설,[기재정정]주요사항보고서(유상증자결정),paid_in_capital_increase,20260921,negative,-70,C,Paid-in capital increases can create dilution concerns.,5,6,6,0,5,"9월 21일 주식시장 주요공시 | [N2 모닝 경제 브리핑-9월 22일] 美 증시, 유가·금리 하락에 상승 마감... | [주요공시] 삼성물산, 에스엠벡셀, 제이스로보틱스, 셀트리온, 에코프로...",2026-09-22,0.0174,0.021,,failure
042940,상지건설,[기재정정]주요사항보고서(유상증자결정),paid_in_capital_increase,20260921,negative,-70,C,Paid-in capital increases can create dilution concerns.,5,6,6,0,5,"9월 21일 주식시장 주요공시 | [N2 모닝 경제 브리핑-9월 22일] 美 증시, 유가·금리 하락에 상승 마감... | [주요공시] 삼성물산, 에스엠벡셀, 제이스로보틱스, 셀트리온, 에코프로...",2026-09-22,0.0174,0.021,,failure
042940,상지건설,[기재정정]주요사항보고서(유상증자결정),paid_in_capital_increase,20260921,negative,-70,C,Paid-in capital increases can create dilution concerns.,5,6,6,0,5,"9월 21일 주식시장 주요공시 | [N2 모닝 경제 브리핑-9월 22일] 美 증시, 유가·금리 하락에 상승 마감... | [주요공시] 삼성물산, 에스엠벡셀, 제이스로보틱스, 셀트리온, 에코프로...",2026-09-22,0.0174,0.021,,failure
042940,상지건설,[기재정정]주요사항보고서(유상증자결정),paid_in_capital_increase,20260921,negative,-70,C,Paid-in capital increases can create dilution concerns.,5,6,6,0,5,"9월 21일 주식시장 주요공시 | [N2 모닝 경제 브리핑-9월 22일] 美 증시, 유가·금리 하락에 상승 마감... | [주요공시] 삼성물산, 에스엠벡셀, 제이스로보틱스, 셀트리온, 에코프로...",2026-09-22,0.0174,0.021,,failure
042940,상지건설,[기재정정]주요사항보고서(유상증자결정),paid_in_capital_increase,20260921,negative,-70,C,Paid-in capital increases can create dilution concerns.,5,6,6,0,5,"9월 21일 주식시장 주요공시 | [N2 모닝 경제 브리핑-9월 22일] 美 증시, 유가·금리 하락에 상승 마감... | [주요공시] 삼성물산, 에스엠벡셀, 제이스로보틱스, 셀트리온, 에코프로...",2026-09-22,0.0174,0.021,,failure
042940,상지건설,[기재정정]주요사항보고서(유상증자결정),paid_in_capital_increase,20260921,negative,-70,C,Paid-in capital increases can create dilution concerns.,5,6,6,0,5,"9월 21일 주식시장 주요공시 | [N2 모닝 경제 브리핑-9월 22일] 美 증시, 유가·금리 하락에 상승 마감... | [주요공시] 삼성물산, 에스엠벡셀, 제이스로보틱스, 셀트리온, 에코프로...",2026-09-22,0.0174,0.021,,failure
042940,상지건설,[기재정정]주요사항보고서(유상증자결정),paid_in_capital_increase,20260921,negative,-70,C,Paid-in capital increases can create dilution concerns.,5,6,6,0,5,"9월 21일 주식시장 주요공시 | [N2 모닝 경제 브리핑-9월 22일] 美 증시, 유가·금리 하락에 상승 마감... | [주요공시] 삼성물산, 에스엠벡셀, 제이스로보틱스, 셀트리온, 에코프로...",2026-09-22,0.0174,0.021,,failure
042940,상지건설,[기재정정]주요사항보고서(유상증자결정),paid_in_capital_increase,20260921,negative,-70,C,Paid-in capital increases can create dilution concerns.,5,6,6,0,5,"9월 21일 주식시장 주요공시 | [N2 모닝 경제 브리핑-9월 22일] 美 증시, 유가·금리 하락에 상승 마감... | [주요공시] 삼성물산, 에스엠벡셀, 제이스로보틱스, 셀트리온, 에코프로...",2026-09-22,0.0174,0.021,,failure
042940,상지건설,[기재정정]주요사항보고서(유상증자결정),paid_in_capital_increase,20260921,negative,-70,C,Paid-in capital increases can create dilution concerns.,5,6,6,0,5,"9월 21일 주식시장 주요공시 | [N2 모닝 경제 브리핑-9월 22일] 美 증시, 유가·금리 하락에 상승 마감... | [주요공시] 삼성물산, 에스엠벡셀, 제이스로보틱스, 셀트리온, 에코프로...",2026-09-22,0.0174,0.021,,failure
042940,상지건설,[기재정정]주요사항보고서(유상증자결정),paid_in_capital_increase,20260921,negative,-70,C,Paid-in capital increases can create dilution concerns.,5,6,6,0,5,"9월 21일 주식시장 주요공시 | [N2 모닝 경제 브리핑-9월 22일] 美 증시, 유가·금리 하락에 상승 마감... | [주요공시] 삼성물산, 에스엠벡셀, 제이스로보틱스, 셀트리온, 에코프로...",2026-09-22,0.0174,0.021,,failure
042940,상지건설,[기재정정]주요사항보고서(유상증자결정),paid_in_capital_increase,20260921,negative,-70,C,Paid-in capital increases can create dilution concerns.,5,6,6,0,5,"9월 21일 주식시장 주요공시 | [N2 모닝 경제 브리핑-9월 22일] 美 증시, 유가·금리 하락에 상승 마감... | [주요공시] 삼성물산, 에스엠벡셀, 제이스로보틱스, 셀트리온, 에코프로...",2026-09-22,0.0174,0.021,,failure
042940,상지건설,[기재정정]주요사항보고서(유상증자결정),paid_in_capital_increase,20260921,negative,-70,C,Paid-in capital increases can create dilution concerns.,5,6,6,0,5,"9월 21일 주식시장 주요공시 | [N2 모닝 경제 브리핑-9월 22일] 美 증시, 유가·금리 하락에 상승 마감... | [주요공시] 삼성물산, 에스엠벡셀, 제이스로보틱스, 셀트리온, 에코프로...",2026-09-22,0.0174,0.021,,failure
042940,상지건설,[기재정정]주요사항보고서(유상증자결정),paid_in_capital_increase,20260921,negative,-70,C,Paid-in capital increases can create dilution concerns.,5,6,6,0,5,"9월 21일 주식시장 주요공시 | [N2 모닝 경제 브리핑-9월 22일] 美 증시, 유가·금리 하락에 상승 마감... | [주요공시] 삼성물산, 에스엠벡셀, 제이스로보틱스, 셀트리온, 에코프로...",2026-09-22,0.0174,0.021,,failure
042940,상지건설,[기재정정]주요사항보고서(유상증자결정),paid_in_capital_increase,20260921,negative,-70,C,Paid-in capital increases can create dilution concerns.,5,6,6,0,5,"9월 21일 주식시장 주요공시 | [N2 모닝 경제 브리핑-9월 22일] 美 증시, 유가·금리 하락에 상승 마감... | [주요공시] 삼성물산, 에스엠벡셀, 제이스로보틱스, 셀트리온, 에코프로...",2026-09-22,0.0174,0.021,,failure
042940,상지건설,[기재정정]주요사항보고서(유상증자결정),paid_in_capital_increase,20260921,negative,-70,C,Paid-in capital increases can create dilution concerns.,5,6,6,0,5,"9월 21일 주식시장 주요공시 | [N2 모닝 경제 브리핑-9월 22일] 美 증시, 유가·금리 하락에 상승 마감... | [주요공시] 삼성물산, 에스엠벡셀, 제이스로보틱스, 셀트리온, 에코프로...",2026-09-22,0.0174,0.021,,failure
042940,상지건설,[기재정정]주요사항보고서(유상증자결정),paid_in_capital_increase,20260921,negative,-70,C,Paid-in capital increases can create dilution concerns.,5,6,6,0,5,"9월 21일 주식시장 주요공시 | [N2 모닝 경제 브리핑-9월 22일] 美 증시, 유가·금리 하락에 상승 마감... | [주요공시] 삼성물산, 에스엠벡셀, 제이스로보틱스, 셀트리온, 에코프로...",2026-09-22,0.0174,0.021,,failure
042940,상지건설,[기재정정]주요사항보고서(유상증자결정),paid_in_capital_increase,20260921,negative,-70,C,Paid-in capital increases can create dilution concerns.,5,6,6,0,5,"9월 21일 주식시장 주요공시 | [N2 모닝 경제 브리핑-9월 22일] 美 증시, 유가·금리 하락에 상승 마감... | [주요공시] 삼성물산, 에스엠벡셀, 제이스로보틱스, 셀트리온, 에코프로...",2026-09-22,0.0174,0.021,,failure
042940,상지건설,[기재정정]주요사항보고서(유상증자결정),paid_in_capital_increase,20260921,negative,-70,C,Paid-in capital increases can create dilution concerns.,5,6,6,0,5,"9월 21일 주식시장 주요공시 | [N2 모닝 경제 브리핑-9월 22일] 美 증시, 유가·금리 하락에 상승 마감... | [주요공시] 삼성물산, 에스엠벡셀, 제이스로보틱스, 셀트리온, 에코프로...",2026-09-22,0.0174,0.021,,failure
042940,상지건설,[기재정정]주요사항보고서(유상증자결정),paid_in_capital_increase,20260921,negative,-70,C,Paid-in capital increases can create dilution concerns.,5,6,6,0,5,"9월 21일 주식시장 주요공시 | [N2 모닝 경제 브리핑-9월 22일] 美 증시, 유가·금리 하락에 상승 마감... | [주요공시] 삼성물산, 에스엠벡셀, 제이스로보틱스, 셀트리온, 에코프로...",2026-09-22,0.0174,0.021,,failure
042940,상지건설,[기재정정]주요사항보고서(유상증자결정),paid_in_capital_increase,20260921,negative,-70,C,Paid-in capital increases can create dilution concerns.,5,6,6,0,5,"9월 21일 주식시장 주요공시 | [N2 모닝 경제 브리핑-9월 22일] 美 증시, 유가·금리 하락에 상승 마감... | [주요공시] 삼성물산, 에스엠벡셀, 제이스로보틱스, 셀트리온, 에코프로...",2026-09-22,0.0174,0.021,,failure
042940,상지건설,[기재정정]주요사항보고서(유상증자결정),paid_in_capital_increase,20260921,negative,-70,C,Paid-in capital increases can create dilution concerns.,5,6,6,0,5,"9월 21일 주식시장 주요공시 | [N2 모닝 경제 브리핑-9월 22일] 美 증시, 유가·금리 하락에 상승 마감... | [주요공시] 삼성물산, 에스엠벡셀, 제이스로보틱스, 셀트리온, 에코프로...",2026-09-22,0.0174,0.021,,failure
042940,상지건설,[기재정정]주요사항보고서(유상증자결정),paid_in_capital_increase,20260921,negative,-70,C,Paid-in capital increases can create dilution concerns.,5,6,6,0,5,"9월 21일 주식시장 주요공시 | [N2 모닝 경제 브리핑-9월 22일] 美 증시, 유가·금리 하락에 상승 마감... | [주요공시] 삼성물산, 에스엠벡셀, 제이스로보틱스, 셀트리온, 에코프로...",2026-09-22,0.0174,0.021,,failure
042940,상지건설,[기재정정]주요사항보고서(유상증자결정),paid_in_capital_increase,20260921,negative,-70,C,Paid-in capital increases can create dilution concerns.,5,6,6,0,5,"9월 21일 주식시장 주요공시 | [N2 모닝 경제 브리핑-9월 22일] 美 증시, 유가·금리 하락에 상승 마감... | [주요공시] 삼성물산, 에스엠벡셀, 제이스로보틱스, 셀트리온, 에코프로...",2026-09-22,0.0174,0.021,,failure
042940,상지건설,[기재정정]주요사항보고서(유상증자결정),paid_in_capital_increase,20260921,negative,-70,C,Paid-in capital increases can create dilution concerns.,5,6,6,0,5,"9월 21일 주식시장 주요공시 | [N2 모닝 경제 브리핑-9월 22일] 美 증시, 유가·금리 하락에 상승 마감... | [주요공시] 삼성물산, 에스엠벡셀, 제이스로보틱스, 셀트리온, 에코프로...",2026-09-22,0.0174,0.021,,failure
042940,상지건설,[기재정정]주요사항보고서(유상증자결정),paid_in_capital_increase,20260921,negative,-70,C,Paid-in capital increases can create dilution concerns.,5,6,6,0,5,"9월 21일 주식시장 주요공시 | [N2 모닝 경제 브리핑-9월 22일] 美 증시, 유가·금리 하락에 상승 마감... | [주요공시] 삼성물산, 에스엠벡셀, 제이스로보틱스, 셀트리온, 에코프로...",2026-09-22,0.0174,0.021,,failure
042940,상지건설,[기재정정]주요사항보고서(유상증자결정),paid_in_capital_increase,20260921,negative,-70,C,Paid-in capital increases can create dilution concerns.,5,6,6,0,5,"9월 21일 주식시장 주요공시 | [N2 모닝 경제 브리핑-9월 22일] 美 증시, 유가·금리 하락에 상승 마감... | [주요공시] 삼성물산, 에스엠벡셀, 제이스로보틱스, 셀트리온, 에코프로...",2026-09-22,0.0174,0.021,,failure
042940,상지건설,[기재정정]주요사항보고서(유상증자결정),paid_in_capital_increase,20260921,negative,-70,C,Paid-in capital increases can create dilution concerns.,5,6,6,0,5,"9월 21일 주식시장 주요공시 | [N2 모닝 경제 브리핑-9월 22일] 美 증시, 유가·금리 하락에 상승 마감... | [주요공시] 삼성물산, 에스엠벡셀, 제이스로보틱스, 셀트리온, 에코프로...",2026-09-22,0.0174,0.021,,failure
042940,상지건설,[기재정정]주요사항보고서(유상증자결정),paid_in_capital_increase,20260921,negative,-70,C,Paid-in capital increases can create dilution concerns.,5,6,6,0,5,"9월 21일 주식시장 주요공시 | [N2 모닝 경제 브리핑-9월 22일] 美 증시, 유가·금리 하락에 상승 마감... | [주요공시] 삼성물산, 에스엠벡셀, 제이스로보틱스, 셀트리온, 에코프로...",2026-09-22,0.0174,0.021,,failure
042940,상지건설,[기재정정]주요사항보고서(유상증자결정),paid_in_capital_increase,20260921,negative,-70,C,Paid-in capital increases can create dilution concerns.,5,6,6,0,5,"9월 21일 주식시장 주요공시 | [N2 모닝 경제 브리핑-9월 22일] 美 증시, 유가·금리 하락에 상승 마감... | [주요공시] 삼성물산, 에스엠벡셀, 제이스로보틱스, 셀트리온, 에코프로...",2026-09-22,0.0174,0.021,,failure
042940,상지건설,[기재정정]주요사항보고서(유상증자결정),paid_in_capital_increase,20260921,negative,-70,C,Paid-in capital increases can create dilution concerns.,5,6,6,0,5,"9월 21일 주식시장 주요공시 | [N2 모닝 경제 브리핑-9월 22일] 美 증시, 유가·금리 하락에 상승 마감... | [주요공시] 삼성물산, 에스엠벡셀, 제이스로보틱스, 셀트리온, 에코프로...",2026-09-22,0.0174,0.021,,failure
042940,상지건설,[기재정정]주요사항보고서(유상증자결정),paid_in_capital_increase,20260921,negative,-70,C,Paid-in capital increases can create dilution concerns.,5,6,6,0,5,"9월 21일 주식시장 주요공시 | [N2 모닝 경제 브리핑-9월 22일] 美 증시, 유가·금리 하락에 상승 마감... | [주요공시] 삼성물산, 에스엠벡셀, 제이스로보틱스, 셀트리온, 에코프로...",2026-09-22,0.0174,0.021,,failure
042940,상지건설,[기재정정]주요사항보고서(유상증자결정),paid_in_capital_increase,20260921,negative,-70,C,Paid-in capital increases can create dilution concerns.,5,6,6,0,5,"9월 21일 주식시장 주요공시 | [N2 모닝 경제 브리핑-9월 22일] 美 증시, 유가·금리 하락에 상승 마감... | [주요공시] 삼성물산, 에스엠벡셀, 제이스로보틱스, 셀트리온, 에코프로...",2026-09-22,0.0174,0.021,,failure
042940,상지건설,[기재정정]주요사항보고서(유상증자결정),paid_in_capital_increase,20260921,negative,-70,C,Paid-in capital increases can create dilution concerns.,5,6,6,0,5,"9월 21일 주식시장 주요공시 | [N2 모닝 경제 브리핑-9월 22일] 美 증시, 유가·금리 하락에 상승 마감... | [주요공시] 삼성물산, 에스엠벡셀, 제이스로보틱스, 셀트리온, 에코프로...",2026-09-22,0.0174,0.021,,failure
042940,상지건설,[기재정정]주요사항보고서(유상증자결정),paid_in_capital_increase,20260921,negative,-70,C,Paid-in capital increases can create dilution concerns.,5,6,6,0,5,"9월 21일 주식시장 주요공시 | [N2 모닝 경제 브리핑-9월 22일] 美 증시, 유가·금리 하락에 상승 마감... | [주요공시] 삼성물산, 에스엠벡셀, 제이스로보틱스, 셀트리온, 에코프로...",2026-09-22,0.0174,0.021,,failure
042940,상지건설,[기재정정]주요사항보고서(유상증자결정),paid_in_capital_increase,20260921,negative,-70,C,Paid-in capital increases can create dilution concerns.,5,6,6,0,5,"9월 21일 주식시장 주요공시 | [N2 모닝 경제 브리핑-9월 22일] 美 증시, 유가·금리 하락에 상승 마감... | [주요공시] 삼성물산, 에스엠벡셀, 제이스로보틱스, 셀트리온, 에코프로...",2026-09-22,0.0174,0.021,,failure
042940,상지건설,[기재정정]주요사항보고서(유상증자결정),paid_in_capital_increase,20260921,negative,-70,C,Paid-in capital increases can create dilution concerns.,5,6,6,0,5,"9월 21일 주식시장 주요공시 | [N2 모닝 경제 브리핑-9월 22일] 美 증시, 유가·금리 하락에 상승 마감... | [주요공시] 삼성물산, 에스엠벡셀, 제이스로보틱스, 셀트리온, 에코프로...",2026-09-22,0.0174,0.021,,failure
042940,상지건설,[기재정정]주요사항보고서(유상증자결정),paid_in_capital_increase,20260921,negative,-70,C,Paid-in capital increases can create dilution concerns.,5,6,6,0,5,"9월 21일 주식시장 주요공시 | [N2 모닝 경제 브리핑-9월 22일] 美 증시, 유가·금리 하락에 상승 마감... | [주요공시] 삼성물산, 에스엠벡셀, 제이스로보틱스, 셀트리온, 에코프로...",2026-09-22,0.0174,0.021,,failure
042940,상지건설,[기재정정]주요사항보고서(유상증자결정),paid_in_capital_increase,20260921,negative,-70,C,Paid-in capital increases can create dilution concerns.,5,6,6,0,5,"9월 21일 주식시장 주요공시 | [N2 모닝 경제 브리핑-9월 22일] 美 증시, 유가·금리 하락에 상승 마감... | [주요공시] 삼성물산, 에스엠벡셀, 제이스로보틱스, 셀트리온, 에코프로...",2026-09-22,0.0174,0.021,,failure
042940,상지건설,[기재정정]주요사항보고서(유상증자결정),paid_in_capital_increase,20260921,negative,-70,C,Paid-in capital increases can create dilution concerns.,5,6,6,0,5,"9월 21일 주식시장 주요공시 | [N2 모닝 경제 브리핑-9월 22일] 美 증시, 유가·금리 하락에 상승 마감... | [주요공시] 삼성물산, 에스엠벡셀, 제이스로보틱스, 셀트리온, 에코프로...",2026-09-22,0.0174,0.021,,failure
042940,상지건설,[기재정정]주요사항보고서(유상증자결정),paid_in_capital_increase,20260921,negative,-70,C,Paid-in capital increases can create dilution concerns.,5,6,6,0,5,"9월 21일 주식시장 주요공시 | [N2 모닝 경제 브리핑-9월 22일] 美 증시, 유가·금리 하락에 상승 마감... | [주요공시] 삼성물산, 에스엠벡셀, 제이스로보틱스, 셀트리온, 에코프로...",2026-09-22,0.0174,0.021,,failure
042940,상지건설,[기재정정]주요사항보고서(유상증자결정),paid_in_capital_increase,20260921,negative,-70,C,Paid-in capital increases can create dilution concerns.,5,6,6,0,5,"9월 21일 주식시장 주요공시 | [N2 모닝 경제 브리핑-9월 22일] 美 증시, 유가·금리 하락에 상승 마감... | [주요공시] 삼성물산, 에스엠벡셀, 제이스로보틱스, 셀트리온, 에코프로...",2026-09-22,0.0174,0.021,,failure
042940,상지건설,[기재정정]주요사항보고서(유상증자결정),paid_in_capital_increase,20260921,negative,-70,C,Paid-in capital increases can create dilution concerns.,5,6,6,0,5,"9월 21일 주식시장 주요공시 | [N2 모닝 경제 브리핑-9월 22일] 美 증시, 유가·금리 하락에 상승 마감... | [주요공시] 삼성물산, 에스엠벡셀, 제이스로보틱스, 셀트리온, 에코프로...",2026-09-22,0.0174,0.021,,failure
042940,상지건설,[기재정정]주요사항보고서(유상증자결정),paid_in_capital_increase,20260921,negative,-70,C,Paid-in capital increases can create dilution concerns.,5,6,6,0,5,"9월 21일 주식시장 주요공시 | [N2 모닝 경제 브리핑-9월 22일] 美 증시, 유가·금리 하락에 상승 마감... | [주요공시] 삼성물산, 에스엠벡셀, 제이스로보틱스, 셀트리온, 에코프로...",2026-09-22,0.0174,0.021,,failure
042940,상지건설,[기재정정]주요사항보고서(유상증자결정),paid_in_capital_increase,20260921,negative,-70,C,Paid-in capital increases can create dilution concerns.,5,6,6,0,5,"9월 21일 주식시장 주요공시 | [N2 모닝 경제 브리핑-9월 22일] 美 증시, 유가·금리 하락에 상승 마감... | [주요공시] 삼성물산, 에스엠벡셀, 제이스로보틱스, 셀트리온, 에코프로...",2026-09-22,0.0174,0.021,,failure
042940,상지건설,[기재정정]주요사항보고서(유상증자결정),paid_in_capital_increase,20260921,negative,-70,C,Paid-in capital increases can create dilution concerns.,5,6,6,0,5,"9월 21일 주식시장 주요공시 | [N2 모닝 경제 브리핑-9월 22일] 美 증시, 유가·금리 하락에 상승 마감... | [주요공시] 삼성물산, 에스엠벡셀, 제이스로보틱스, 셀트리온, 에코프로...",2026-09-22,0.0174,0.021,,failure
042940,상지건설,[기재정정]주요사항보고서(유상증자결정),paid_in_capital_increase,20260921,negative,-70,C,Paid-in capital increases can create dilution concerns.,5,6,6,0,5,"9월 21일 주식시장 주요공시 | [N2 모닝 경제 브리핑-9월 22일] 美 증시, 유가·금리 하락에 상승 마감... | [주요공시] 삼성물산, 에스엠벡셀, 제이스로보틱스, 셀트리온, 에코프로...",2026-09-22,0.0174,0.021,,failure
042940,상지건설,[기재정정]주요사항보고서(유상증자결정),paid_in_capital_increase,20260921,negative,-70,C,Paid-in capital increases can create dilution concerns.,5,6,6,0,5,"9월 21일 주식시장 주요공시 | [N2 모닝 경제 브리핑-9월 22일] 美 증시, 유가·금리 하락에 상승 마감... | [주요공시] 삼성물산, 에스엠벡셀, 제이스로보틱스, 셀트리온, 에코프로...",2026-09-22,0.0174,0.021,,failure
042940,상지건설,[기재정정]주요사항보고서(유상증자결정),paid_in_capital_increase,20260921,negative,-70,C,Paid-in capital increases can create dilution concerns.,5,6,6,0,5,"9월 21일 주식시장 주요공시 | [N2 모닝 경제 브리핑-9월 22일] 美 증시, 유가·금리 하락에 상승 마감... | [주요공시] 삼성물산, 에스엠벡셀, 제이스로보틱스, 셀트리온, 에코프로...",2026-09-22,0.0174,0.021,,failure
042940,상지건설,[기재정정]주요사항보고서(유상증자결정),paid_in_capital_increase,20260921,negative,-70,C,Paid-in capital increases can create dilution concerns.,5,6,6,0,5,"9월 21일 주식시장 주요공시 | [N2 모닝 경제 브리핑-9월 22일] 美 증시, 유가·금리 하락에 상승 마감... | [주요공시] 삼성물산, 에스엠벡셀, 제이스로보틱스, 셀트리온, 에코프로...",2026-09-22,0.0174,0.021,,failure
042940,상지건설,[기재정정]주요사항보고서(유상증자결정),paid_in_capital_increase,20260921,negative,-70,C,Paid-in capital increases can create dilution concerns.,5,6,6,0,5,"9월 21일 주식시장 주요공시 | [N2 모닝 경제 브리핑-9월 22일] 美 증시, 유가·금리 하락에 상승 마감... | [주요공시] 삼성물산, 에스엠벡셀, 제이스로보틱스, 셀트리온, 에코프로...",2026-09-22,0.0174,0.021,,failure
042940,상지건설,[기재정정]주요사항보고서(유상증자결정),paid_in_capital_increase,20260921,negative,-70,C,Paid-in capital increases can create dilution concerns.,5,6,6,0,5,"9월 21일 주식시장 주요공시 | [N2 모닝 경제 브리핑-9월 22일] 美 증시, 유가·금리 하락에 상승 마감... | [주요공시] 삼성물산, 에스엠벡셀, 제이스로보틱스, 셀트리온, 에코프로...",2026-09-22,0.0174,0.021,,failure
042940,상지건설,[기재정정]주요사항보고서(유상증자결정),paid_in_capital_increase,20260921,negative,-70,C,Paid-in capital increases can create dilution concerns.,5,6,6,0,5,"9월 21일 주식시장 주요공시 | [N2 모닝 경제 브리핑-9월 22일] 美 증시, 유가·금리 하락에 상승 마감... | [주요공시] 삼성물산, 에스엠벡셀, 제이스로보틱스, 셀트리온, 에코프로...",2026-09-22,0.0174,0.021,,failure
042940,상지건설,[기재정정]주요사항보고서(유상증자결정),paid_in_capital_increase,20260921,negative,-70,C,Paid-in capital increases can create dilution concerns.,5,6,6,0,5,"9월 21일 주식시장 주요공시 | [N2 모닝 경제 브리핑-9월 22일] 美 증시, 유가·금리 하락에 상승 마감... | [주요공시] 삼성물산, 에스엠벡셀, 제이스로보틱스, 셀트리온, 에코프로...",2026-09-22,0.0174,0.021,,failure
042940,상지건설,[기재정정]주요사항보고서(유상증자결정),paid_in_capital_increase,20260921,negative,-70,C,Paid-in capital increases can create dilution concerns.,5,6,6,0,5,"9월 21일 주식시장 주요공시 | [N2 모닝 경제 브리핑-9월 22일] 美 증시, 유가·금리 하락에 상승 마감... | [주요공시] 삼성물산, 에스엠벡셀, 제이스로보틱스, 셀트리온, 에코프로...",2026-09-22,0.0174,0.021,,failure
042940,상지건설,[기재정정]주요사항보고서(유상증자결정),paid_in_capital_increase,20260921,negative,-70,C,Paid-in capital increases can create dilution concerns.,5,6,6,0,5,"9월 21일 주식시장 주요공시 | [N2 모닝 경제 브리핑-9월 22일] 美 증시, 유가·금리 하락에 상승 마감... | [주요공시] 삼성물산, 에스엠벡셀, 제이스로보틱스, 셀트리온, 에코프로...",2026-09-22,0.0174,0.021,,failure
042940,상지건설,[기재정정]주요사항보고서(유상증자결정),paid_in_capital_increase,20260921,negative,-70,C,Paid-in capital increases can create dilution concerns.,5,6,6,0,5,"9월 21일 주식시장 주요공시 | [N2 모닝 경제 브리핑-9월 22일] 美 증시, 유가·금리 하락에 상승 마감... | [주요공시] 삼성물산, 에스엠벡셀, 제이스로보틱스, 셀트리온, 에코프로...",2026-09-22,0.0174,0.021,,failure
042940,상지건설,[기재정정]주요사항보고서(유상증자결정),paid_in_capital_increase,20260921,negative,-70,C,Paid-in capital increases can create dilution concerns.,5,6,6,0,5,"9월 21일 주식시장 주요공시 | [N2 모닝 경제 브리핑-9월 22일] 美 증시, 유가·금리 하락에 상승 마감... | [주요공시] 삼성물산, 에스엠벡셀, 제이스로보틱스, 셀트리온, 에코프로...",2026-09-22,0.0174,0.021,,failure
042940,상지건설,[기재정정]주요사항보고서(유상증자결정),paid_in_capital_increase,20260921,negative,-70,C,Paid-in capital increases can create dilution concerns.,5,6,6,0,5,"9월 21일 주식시장 주요공시 | [N2 모닝 경제 브리핑-9월 22일] 美 증시, 유가·금리 하락에 상승 마감... | [주요공시] 삼성물산, 에스엠벡셀, 제이스로보틱스, 셀트리온, 에코프로...",2026-09-22,0.0174,0.021,,failure
042940,상지건설,[기재정정]주요사항보고서(유상증자결정),paid_in_capital_increase,20260921,negative,-70,C,Paid-in capital increases can create dilution concerns.,5,6,6,0,5,"9월 21일 주식시장 주요공시 | [N2 모닝 경제 브리핑-9월 22일] 美 증시, 유가·금리 하락에 상승 마감... | [주요공시] 삼성물산, 에스엠벡셀, 제이스로보틱스, 셀트리온, 에코프로...",2026-09-22,0.0174,0.021,,failure
042940,상지건설,[기재정정]주요사항보고서(유상증자결정),paid_in_capital_increase,20260921,negative,-70,C,Paid-in capital increases can create dilution concerns.,5,6,6,0,5,"9월 21일 주식시장 주요공시 | [N2 모닝 경제 브리핑-9월 22일] 美 증시, 유가·금리 하락에 상승 마감... | [주요공시] 삼성물산, 에스엠벡셀, 제이스로보틱스, 셀트리온, 에코프로...",2026-09-22,0.0174,0.021,,failure
042940,상지건설,[기재정정]주요사항보고서(유상증자결정),paid_in_capital_increase,20260921,negative,-70,C,Paid-in capital increases can create dilution concerns.,5,6,6,0,5,"9월 21일 주식시장 주요공시 | [N2 모닝 경제 브리핑-9월 22일] 美 증시, 유가·금리 하락에 상승 마감... | [주요공시] 삼성물산, 에스엠벡셀, 제이스로보틱스, 셀트리온, 에코프로...",2026-09-22,0.0174,0.021,,failure
042940,상지건설,[기재정정]주요사항보고서(유상증자결정),paid_in_capital_increase,20260921,negative,-70,C,Paid-in capital increases can create dilution concerns.,5,6,6,0,5,"9월 21일 주식시장 주요공시 | [N2 모닝 경제 브리핑-9월 22일] 美 증시, 유가·금리 하락에 상승 마감... | [주요공시] 삼성물산, 에스엠벡셀, 제이스로보틱스, 셀트리온, 에코프로...",2026-09-22,0.0174,0.021,,failure
042940,상지건설,[기재정정]주요사항보고서(유상증자결정),paid_in_capital_increase,20260921,negative,-70,C,Paid-in capital increases can create dilution concerns.,5,6,6,0,5,"9월 21일 주식시장 주요공시 | [N2 모닝 경제 브리핑-9월 22일] 美 증시, 유가·금리 하락에 상승 마감... | [주요공시] 삼성물산, 에스엠벡셀, 제이스로보틱스, 셀트리온, 에코프로...",2026-09-22,0.0174,0.021,,failure
042940,상지건설,[기재정정]주요사항보고서(유상증자결정),paid_in_capital_increase,20260921,negative,-70,C,Paid-in capital increases can create dilution concerns.,5,6,6,0,5,"9월 21일 주식시장 주요공시 | [N2 모닝 경제 브리핑-9월 22일] 美 증시, 유가·금리 하락에 상승 마감... | [주요공시] 삼성물산, 에스엠벡셀, 제이스로보틱스, 셀트리온, 에코프로...",2026-09-22,0.0174,0.021,,failure
042940,상지건설,[기재정정]주요사항보고서(유상증자결정),paid_in_capital_increase,20260921,negative,-70,C,Paid-in capital increases can create dilution concerns.,5,6,6,0,5,"9월 21일 주식시장 주요공시 | [N2 모닝 경제 브리핑-9월 22일] 美 증시, 유가·금리 하락에 상승 마감... | [주요공시] 삼성물산, 에스엠벡셀, 제이스로보틱스, 셀트리온, 에코프로...",2026-09-22,0.0174,0.021,,failure
042940,상지건설,[기재정정]주요사항보고서(유상증자결정),paid_in_capital_increase,20260921,negative,-70,C,Paid-in capital increases can create dilution concerns.,5,6,6,0,5,"9월 21일 주식시장 주요공시 | [N2 모닝 경제 브리핑-9월 22일] 美 증시, 유가·금리 하락에 상승 마감... | [주요공시] 삼성물산, 에스엠벡셀, 제이스로보틱스, 셀트리온, 에코프로...",2026-09-22,0.0174,0.021,,failure
042940,상지건설,[기재정정]주요사항보고서(유상증자결정),paid_in_capital_increase,20260921,negative,-70,C,Paid-in capital increases can create dilution concerns.,5,6,6,0,5,"9월 21일 주식시장 주요공시 | [N2 모닝 경제 브리핑-9월 22일] 美 증시, 유가·금리 하락에 상승 마감... | [주요공시] 삼성물산, 에스엠벡셀, 제이스로보틱스, 셀트리온, 에코프로...",2026-09-22,0.0174,0.021,,failure
042940,상지건설,[기재정정]주요사항보고서(유상증자결정),paid_in_capital_increase,20260921,negative,-70,C,Paid-in capital increases can create dilution concerns.,5,6,6,0,5,"9월 21일 주식시장 주요공시 | [N2 모닝 경제 브리핑-9월 22일] 美 증시, 유가·금리 하락에 상승 마감... | [주요공시] 삼성물산, 에스엠벡셀, 제이스로보틱스, 셀트리온, 에코프로...",2026-09-22,0.0174,0.021,,failure
042940,상지건설,[기재정정]주요사항보고서(유상증자결정),paid_in_capital_increase,20260921,negative,-70,C,Paid-in capital increases can create dilution concerns.,5,6,6,0,5,"9월 21일 주식시장 주요공시 | [N2 모닝 경제 브리핑-9월 22일] 美 증시, 유가·금리 하락에 상승 마감... | [주요공시] 삼성물산, 에스엠벡셀, 제이스로보틱스, 셀트리온, 에코프로...",2026-09-22,0.0174,0.021,,failure
042940,상지건설,[기재정정]주요사항보고서(유상증자결정),paid_in_capital_increase,20260921,negative,-70,C,Paid-in capital increases can create dilution concerns.,5,6,6,0,5,"9월 21일 주식시장 주요공시 | [N2 모닝 경제 브리핑-9월 22일] 美 증시, 유가·금리 하락에 상승 마감... | [주요공시] 삼성물산, 에스엠벡셀, 제이스로보틱스, 셀트리온, 에코프로...",2026-09-22,0.0174,0.021,,failure
042940,상지건설,[기재정정]주요사항보고서(유상증자결정),paid_in_capital_increase,20260921,negative,-70,C,Paid-in capital increases can create dilution concerns.,5,6,6,0,5,"9월 21일 주식시장 주요공시 | [N2 모닝 경제 브리핑-9월 22일] 美 증시, 유가·금리 하락에 상승 마감... | [주요공시] 삼성물산, 에스엠벡셀, 제이스로보틱스, 셀트리온, 에코프로...",2026-09-22,0.0174,0.021,,failure
042940,상지건설,[기재정정]주요사항보고서(유상증자결정),paid_in_capital_increase,20260921,negative,-70,C,Paid-in capital increases can create dilution concerns.,5,6,6,0,5,"9월 21일 주식시장 주요공시 | [N2 모닝 경제 브리핑-9월 22일] 美 증시, 유가·금리 하락에 상승 마감... | [주요공시] 삼성물산, 에스엠벡셀, 제이스로보틱스, 셀트리온, 에코프로...",2026-09-22,0.0174,0.021,,failure
042940,상지건설,[기재정정]주요사항보고서(유상증자결정),paid_in_capital_increase,20260921,negative,-70,C,Paid-in capital increases can create dilution concerns.,5,6,6,0,5,"9월 21일 주식시장 주요공시 | [N2 모닝 경제 브리핑-9월 22일] 美 증시, 유가·금리 하락에 상승 마감... | [주요공시] 삼성물산, 에스엠벡셀, 제이스로보틱스, 셀트리온, 에코프로...",2026-09-22,0.0174,0.021,,failure
042940,상지건설,[기재정정]주요사항보고서(유상증자결정),paid_in_capital_increase,20260921,negative,-70,C,Paid-in capital increases can create dilution concerns.,5,6,6,0,5,"9월 21일 주식시장 주요공시 | [N2 모닝 경제 브리핑-9월 22일] 美 증시, 유가·금리 하락에 상승 마감... | [주요공시] 삼성물산, 에스엠벡셀, 제이스로보틱스, 셀트리온, 에코프로...",2026-09-22,0.0174,0.021,,failure
042940,상지건설,[기재정정]주요사항보고서(유상증자결정),paid_in_capital_increase,20260921,negative,-70,C,Paid-in capital increases can create dilution concerns.,5,6,6,0,5,"9월 21일 주식시장 주요공시 | [N2 모닝 경제 브리핑-9월 22일] 美 증시, 유가·금리 하락에 상승 마감... | [주요공시] 삼성물산, 에스엠벡셀, 제이스로보틱스, 셀트리온, 에코프로...",2026-09-22,0.0174,0.021,,failure
042940,상지건설,[기재정정]주요사항보고서(유상증자결정),paid_in_capital_increase,20260921,negative,-70,C,Paid-in capital increases can create dilution concerns.,5,6,6,0,5,"9월 21일 주식시장 주요공시 | [N2 모닝 경제 브리핑-9월 22일] 美 증시, 유가·금리 하락에 상승 마감... | [주요공시] 삼성물산, 에스엠벡셀, 제이스로보틱스, 셀트리온, 에코프로...",2026-09-22,0.0174,0.021,,failure
042940,상지건설,[기재정정]주요사항보고서(유상증자결정),paid_in_capital_increase,20260921,negative,-70,C,Paid-in capital increases can create dilution concerns.,5,6,6,0,5,"9월 21일 주식시장 주요공시 | [N2 모닝 경제 브리핑-9월 22일] 美 증시, 유가·금리 하락에 상승 마감... | [주요공시] 삼성물산, 에스엠벡셀, 제이스로보틱스, 셀트리온, 에코프로...",2026-09-22,0.0174,0.021,,failure
042940,상지건설,[기재정정]주요사항보고서(유상증자결정),paid_in_capital_increase,20260921,negative,-70,C,Paid-in capital increases can create dilution concerns.,5,6,6,0,5,"9월 21일 주식시장 주요공시 | [N2 모닝 경제 브리핑-9월 22일] 美 증시, 유가·금리 하락에 상승 마감... | [주요공시] 삼성물산, 에스엠벡셀, 제이스로보틱스, 셀트리온, 에코프로...",2026-09-22,0.0174,0.021,,failure
042940,상지건설,[기재정정]주요사항보고서(유상증자결정),paid_in_capital_increase,20260921,negative,-70,C,Paid-in capital increases can create dilution concerns.,5,6,6,0,5,"9월 21일 주식시장 주요공시 | [N2 모닝 경제 브리핑-9월 22일] 美 증시, 유가·금리 하락에 상승 마감... | [주요공시] 삼성물산, 에스엠벡셀, 제이스로보틱스, 셀트리온, 에코프로...",2026-09-22,0.0174,0.021,,failure
042940,상지건설,[기재정정]주요사항보고서(유상증자결정),paid_in_capital_increase,20260921,negative,-70,C,Paid-in capital increases can create dilution concerns.,5,6,6,0,5,"9월 21일 주식시장 주요공시 | [N2 모닝 경제 브리핑-9월 22일] 美 증시, 유가·금리 하락에 상승 마감... | [주요공시] 삼성물산, 에스엠벡셀, 제이스로보틱스, 셀트리온, 에코프로...",2026-09-22,0.0174,0.021,,failure
042940,상지건설,[기재정정]주요사항보고서(유상증자결정),paid_in_capital_increase,20260921,negative,-70,C,Paid-in capital increases can create dilution concerns.,5,6,6,0,5,"9월 21일 주식시장 주요공시 | [N2 모닝 경제 브리핑-9월 22일] 美 증시, 유가·금리 하락에 상승 마감... | [주요공시] 삼성물산, 에스엠벡셀, 제이스로보틱스, 셀트리온, 에코프로...",2026-09-22,0.0174,0.021,,failure
042940,상지건설,[기재정정]주요사항보고서(유상증자결정),paid_in_capital_increase,20260921,negative,-70,C,Paid-in capital increases can create dilution concerns.,5,6,6,0,5,"9월 21일 주식시장 주요공시 | [N2 모닝 경제 브리핑-9월 22일] 美 증시, 유가·금리 하락에 상승 마감... | [주요공시] 삼성물산, 에스엠벡셀, 제이스로보틱스, 셀트리온, 에코프로...",2026-09-22,0.0174,0.021,,failure
042940,상지건설,[기재정정]주요사항보고서(유상증자결정),paid_in_capital_increase,20260921,negative,-70,C,Paid-in capital increases can create dilution concerns.,5,6,6,0,5,"9월 21일 주식시장 주요공시 | [N2 모닝 경제 브리핑-9월 22일] 美 증시, 유가·금리 하락에 상승 마감... | [주요공시] 삼성물산, 에스엠벡셀, 제이스로보틱스, 셀트리온, 에코프로...",2026-09-22,0.0174,0.021,,failure
042940,상지건설,[기재정정]주요사항보고서(유상증자결정),paid_in_capital_increase,20260921,negative,-70,C,Paid-in capital increases can create dilution concerns.,5,6,6,0,5,"9월 21일 주식시장 주요공시 | [N2 모닝 경제 브리핑-9월 22일] 美 증시, 유가·금리 하락에 상승 마감... | [주요공시] 삼성물산, 에스엠벡셀, 제이스로보틱스, 셀트리온, 에코프로...",2026-09-22,0.0174,0.021,,failure
042940,상지건설,[기재정정]주요사항보고서(유상증자결정),paid_in_capital_increase,20260921,negative,-70,C,Paid-in capital increases can create dilution concerns.,5,6,6,0,5,"9월 21일 주식시장 주요공시 | [N2 모닝 경제 브리핑-9월 22일] 美 증시, 유가·금리 하락에 상승 마감... | [주요공시] 삼성물산, 에스엠벡셀, 제이스로보틱스, 셀트리온, 에코프로...",2026-09-22,0.0174,0.021,,failure
042940,상지건설,[기재정정]주요사항보고서(유상증자결정),paid_in_capital_increase,20260921,negative,-70,C,Paid-in capital increases can create dilution concerns.,5,6,6,0,5,"9월 21일 주식시장 주요공시 | [N2 모닝 경제 브리핑-9월 22일] 美 증시, 유가·금리 하락에 상승 마감... | [주요공시] 삼성물산, 에스엠벡셀, 제이스로보틱스, 셀트리온, 에코프로...",2026-09-22,0.0174,0.021,,failure
042940,상지건설,[기재정정]주요사항보고서(유상증자결정),paid_in_capital_increase,20260921,negative,-70,C,Paid-in capital increases can create dilution concerns.,5,6,6,0,5,"9월 21일 주식시장 주요공시 | [N2 모닝 경제 브리핑-9월 22일] 美 증시, 유가·금리 하락에 상승 마감... | [주요공시] 삼성물산, 에스엠벡셀, 제이스로보틱스, 셀트리온, 에코프로...",2026-09-22,0.0174,0.021,,failure
042940,상지건설,[기재정정]주요사항보고서(유상증자결정),paid_in_capital_increase,20260921,negative,-70,C,Paid-in capital increases can create dilution concerns.,5,6,6,0,5,"9월 21일 주식시장 주요공시 | [N2 모닝 경제 브리핑-9월 22일] 美 증시, 유가·금리 하락에 상승 마감... | [주요공시] 삼성물산, 에스엠벡셀, 제이스로보틱스, 셀트리온, 에코프로...",2026-09-22,0.0174,0.021,,failure
042940,상지건설,[기재정정]주요사항보고서(유상증자결정),paid_in_capital_increase,20260921,negative,-70,C,Paid-in capital increases can create dilution concerns.,5,6,6,0,5,"9월 21일 주식시장 주요공시 | [N2 모닝 경제 브리핑-9월 22일] 美 증시, 유가·금리 하락에 상승 마감... | [주요공시] 삼성물산, 에스엠벡셀, 제이스로보틱스, 셀트리온, 에코프로...",2026-09-22,0.0174,0.021,,failure
042940,상지건설,[기재정정]주요사항보고서(유상증자결정),paid_in_capital_increase,20260921,negative,-70,C,Paid-in capital increases can create dilution concerns.,5,6,6,0,5,"9월 21일 주식시장 주요공시 | [N2 모닝 경제 브리핑-9월 22일] 美 증시, 유가·금리 하락에 상승 마감... | [주요공시] 삼성물산, 에스엠벡셀, 제이스로보틱스, 셀트리온, 에코프로...",2026-09-22,0.0174,0.021,,failure
042940,상지건설,[기재정정]주요사항보고서(유상증자결정),paid_in_capital_increase,20260921,negative,-70,C,Paid-in capital increases can create dilution concerns.,5,6,6,0,5,"9월 21일 주식시장 주요공시 | [N2 모닝 경제 브리핑-9월 22일] 美 증시, 유가·금리 하락에 상승 마감... | [주요공시] 삼성물산, 에스엠벡셀, 제이스로보틱스, 셀트리온, 에코프로...",2026-09-22,0.0174,0.021,,failure
042940,상지건설,[기재정정]주요사항보고서(유상증자결정),paid_in_capital_increase,20260921,negative,-70,C,Paid-in capital increases can create dilution concerns.,5,6,6,0,5,"9월 21일 주식시장 주요공시 | [N2 모닝 경제 브리핑-9월 22일] 美 증시, 유가·금리 하락에 상승 마감... | [주요공시] 삼성물산, 에스엠벡셀, 제이스로보틱스, 셀트리온, 에코프로...",2026-09-22,0.0174,0.021,,failure
042940,상지건설,[기재정정]주요사항보고서(유상증자결정),paid_in_capital_increase,20260921,negative,-70,C,Paid-in capital increases can create dilution concerns.,5,6,6,0,5,"9월 21일 주식시장 주요공시 | [N2 모닝 경제 브리핑-9월 22일] 美 증시, 유가·금리 하락에 상승 마감... | [주요공시] 삼성물산, 에스엠벡셀, 제이스로보틱스, 셀트리온, 에코프로...",2026-09-22,0.0174,0.021,,failure
042940,상지건설,[기재정정]주요사항보고서(유상증자결정),paid_in_capital_increase,20260921,negative,-70,C,Paid-in capital increases can create dilution concerns.,5,6,6,0,5,"9월 21일 주식시장 주요공시 | [N2 모닝 경제 브리핑-9월 22일] 美 증시, 유가·금리 하락에 상승 마감... | [주요공시] 삼성물산, 에스엠벡셀, 제이스로보틱스, 셀트리온, 에코프로...",2026-09-22,0.0174,0.021,,failure
042940,상지건설,[기재정정]주요사항보고서(유상증자결정),paid_in_capital_increase,20260921,negative,-70,C,Paid-in capital increases can create dilution concerns.,5,6,6,0,5,"9월 21일 주식시장 주요공시 | [N2 모닝 경제 브리핑-9월 22일] 美 증시, 유가·금리 하락에 상승 마감... | [주요공시] 삼성물산, 에스엠벡셀, 제이스로보틱스, 셀트리온, 에코프로...",2026-09-22,0.0174,0.021,,failure
042940,상지건설,[기재정정]주요사항보고서(유상증자결정),paid_in_capital_increase,20260921,negative,-70,C,Paid-in capital increases can create dilution concerns.,5,6,6,0,5,"9월 21일 주식시장 주요공시 | [N2 모닝 경제 브리핑-9월 22일] 美 증시, 유가·금리 하락에 상승 마감... | [주요공시] 삼성물산, 에스엠벡셀, 제이스로보틱스, 셀트리온, 에코프로...",2026-09-22,0.0174,0.021,,failure
042940,상지건설,[기재정정]주요사항보고서(유상증자결정),paid_in_capital_increase,20260921,negative,-70,C,Paid-in capital increases can create dilution concerns.,5,6,6,0,5,"9월 21일 주식시장 주요공시 | [N2 모닝 경제 브리핑-9월 22일] 美 증시, 유가·금리 하락에 상승 마감... | [주요공시] 삼성물산, 에스엠벡셀, 제이스로보틱스, 셀트리온, 에코프로...",2026-09-22,0.0174,0.021,,failure
042940,상지건설,[기재정정]주요사항보고서(유상증자결정),paid_in_capital_increase,20260921,negative,-70,C,Paid-in capital increases can create dilution concerns.,5,6,6,0,5,"9월 21일 주식시장 주요공시 | [N2 모닝 경제 브리핑-9월 22일] 美 증시, 유가·금리 하락에 상승 마감... | [주요공시] 삼성물산, 에스엠벡셀, 제이스로보틱스, 셀트리온, 에코프로...",2026-09-22,0.0174,0.021,,failure
042940,상지건설,[기재정정]주요사항보고서(유상증자결정),paid_in_capital_increase,20260921,negative,-70,C,Paid-in capital increases can create dilution concerns.,5,6,6,0,5,"9월 21일 주식시장 주요공시 | [N2 모닝 경제 브리핑-9월 22일] 美 증시, 유가·금리 하락에 상승 마감... | [주요공시] 삼성물산, 에스엠벡셀, 제이스로보틱스, 셀트리온, 에코프로...",2026-09-22,0.0174,0.021,,failure
042940,상지건설,[기재정정]주요사항보고서(유상증자결정),paid_in_capital_increase,20260921,negative,-70,C,Paid-in capital increases can create dilution concerns.,5,6,6,0,5,"9월 21일 주식시장 주요공시 | [N2 모닝 경제 브리핑-9월 22일] 美 증시, 유가·금리 하락에 상승 마감... | [주요공시] 삼성물산, 에스엠벡셀, 제이스로보틱스, 셀트리온, 에코프로...",2026-09-22,0.0174,0.021,,failure
042940,상지건설,[기재정정]주요사항보고서(유상증자결정),paid_in_capital_increase,20260921,negative,-70,C,Paid-in capital increases can create dilution concerns.,5,6,6,0,5,"9월 21일 주식시장 주요공시 | [N2 모닝 경제 브리핑-9월 22일] 美 증시, 유가·금리 하락에 상승 마감... | [주요공시] 삼성물산, 에스엠벡셀, 제이스로보틱스, 셀트리온, 에코프로...",2026-09-22,0.0174,0.021,,failure
042940,상지건설,[기재정정]주요사항보고서(유상증자결정),paid_in_capital_increase,20260921,negative,-70,C,Paid-in capital increases can create dilution concerns.,5,6,6,0,5,"9월 21일 주식시장 주요공시 | [N2 모닝 경제 브리핑-9월 22일] 美 증시, 유가·금리 하락에 상승 마감... | [주요공시] 삼성물산, 에스엠벡셀, 제이스로보틱스, 셀트리온, 에코프로...",2026-09-22,0.0174,0.021,,failure
042940,상지건설,[기재정정]주요사항보고서(유상증자결정),paid_in_capital_increase,20260921,negative,-70,C,Paid-in capital increases can create dilution concerns.,5,6,6,0,5,"9월 21일 주식시장 주요공시 | [N2 모닝 경제 브리핑-9월 22일] 美 증시, 유가·금리 하락에 상승 마감... | [주요공시] 삼성물산, 에스엠벡셀, 제이스로보틱스, 셀트리온, 에코프로...",2026-09-22,0.0174,0.021,,failure
042940,상지건설,[기재정정]주요사항보고서(유상증자결정),paid_in_capital_increase,20260921,negative,-70,C,Paid-in capital increases can create dilution concerns.,5,6,6,0,5,"9월 21일 주식시장 주요공시 | [N2 모닝 경제 브리핑-9월 22일] 美 증시, 유가·금리 하락에 상승 마감... | [주요공시] 삼성물산, 에스엠벡셀, 제이스로보틱스, 셀트리온, 에코프로...",2026-09-22,0.0174,0.021,,failure
042940,상지건설,[기재정정]주요사항보고서(유상증자결정),paid_in_capital_increase,20260921,negative,-70,C,Paid-in capital increases can create dilution concerns.,5,6,6,0,5,"9월 21일 주식시장 주요공시 | [N2 모닝 경제 브리핑-9월 22일] 美 증시, 유가·금리 하락에 상승 마감... | [주요공시] 삼성물산, 에스엠벡셀, 제이스로보틱스, 셀트리온, 에코프로...",2026-09-22,0.0174,0.021,,failure
042940,상지건설,[기재정정]주요사항보고서(유상증자결정),paid_in_capital_increase,20260921,negative,-70,C,Paid-in capital increases can create dilution concerns.,5,6,6,0,5,"9월 21일 주식시장 주요공시 | [N2 모닝 경제 브리핑-9월 22일] 美 증시, 유가·금리 하락에 상승 마감... | [주요공시] 삼성물산, 에스엠벡셀, 제이스로보틱스, 셀트리온, 에코프로...",2026-09-22,0.0174,0.021,,failure
042940,상지건설,[기재정정]주요사항보고서(유상증자결정),paid_in_capital_increase,20260921,negative,-70,C,Paid-in capital increases can create dilution concerns.,5,6,6,0,5,"9월 21일 주식시장 주요공시 | [N2 모닝 경제 브리핑-9월 22일] 美 증시, 유가·금리 하락에 상승 마감... | [주요공시] 삼성물산, 에스엠벡셀, 제이스로보틱스, 셀트리온, 에코프로...",2026-09-22,0.0174,0.021,,failure
042940,상지건설,[기재정정]주요사항보고서(유상증자결정),paid_in_capital_increase,20260921,negative,-70,C,Paid-in capital increases can create dilution concerns.,5,6,6,0,5,"9월 21일 주식시장 주요공시 | [N2 모닝 경제 브리핑-9월 22일] 美 증시, 유가·금리 하락에 상승 마감... | [주요공시] 삼성물산, 에스엠벡셀, 제이스로보틱스, 셀트리온, 에코프로...",2026-09-22,0.0174,0.021,,failure
042940,상지건설,[기재정정]주요사항보고서(유상증자결정),paid_in_capital_increase,20260921,negative,-70,C,Paid-in capital increases can create dilution concerns.,5,6,6,0,5,"9월 21일 주식시장 주요공시 | [N2 모닝 경제 브리핑-9월 22일] 美 증시, 유가·금리 하락에 상승 마감... | [주요공시] 삼성물산, 에스엠벡셀, 제이스로보틱스, 셀트리온, 에코프로...",2026-09-22,0.0174,0.021,,failure
042940,상지건설,[기재정정]주요사항보고서(유상증자결정),paid_in_capital_increase,20260921,negative,-70,C,Paid-in capital increases can create dilution concerns.,5,6,6,0,5,"9월 21일 주식시장 주요공시 | [N2 모닝 경제 브리핑-9월 22일] 美 증시, 유가·금리 하락에 상승 마감... | [주요공시] 삼성물산, 에스엠벡셀, 제이스로보틱스, 셀트리온, 에코프로...",2026-09-22,0.0174,0.021,,failure
042940,상지건설,[기재정정]주요사항보고서(유상증자결정),paid_in_capital_increase,20260921,negative,-70,C,Paid-in capital increases can create dilution concerns.,5,6,6,0,5,"9월 21일 주식시장 주요공시 | [N2 모닝 경제 브리핑-9월 22일] 美 증시, 유가·금리 하락에 상승 마감... | [주요공시] 삼성물산, 에스엠벡셀, 제이스로보틱스, 셀트리온, 에코프로...",2026-09-22,0.0174,0.021,,failure
042940,상지건설,[기재정정]주요사항보고서(유상증자결정),paid_in_capital_increase,20260921,negative,-70,C,Paid-in capital increases can create dilution concerns.,5,6,6,0,5,"9월 21일 주식시장 주요공시 | [N2 모닝 경제 브리핑-9월 22일] 美 증시, 유가·금리 하락에 상승 마감... | [주요공시] 삼성물산, 에스엠벡셀, 제이스로보틱스, 셀트리온, 에코프로...",2026-09-22,0.0174,0.021,,failure
042940,상지건설,[기재정정]주요사항보고서(유상증자결정),paid_in_capital_increase,20260921,negative,-70,C,Paid-in capital increases can create dilution concerns.,5,6,6,0,5,"9월 21일 주식시장 주요공시 | [N2 모닝 경제 브리핑-9월 22일] 美 증시, 유가·금리 하락에 상승 마감... | [주요공시] 삼성물산, 에스엠벡셀, 제이스로보틱스, 셀트리온, 에코프로...",2026-09-22,0.0174,0.021,,failure
042940,상지건설,[기재정정]주요사항보고서(유상증자결정),paid_in_capital_increase,20260921,negative,-70,C,Paid-in capital increases can create dilution concerns.,5,6,6,0,5,"9월 21일 주식시장 주요공시 | [N2 모닝 경제 브리핑-9월 22일] 美 증시, 유가·금리 하락에 상승 마감... | [주요공시] 삼성물산, 에스엠벡셀, 제이스로보틱스, 셀트리온, 에코프로...",2026-09-22,0.0174,0.021,,failure
042940,상지건설,[기재정정]주요사항보고서(유상증자결정),paid_in_capital_increase,20260921,negative,-70,C,Paid-in capital increases can create dilution concerns.,5,6,6,0,5,"9월 21일 주식시장 주요공시 | [N2 모닝 경제 브리핑-9월 22일] 美 증시, 유가·금리 하락에 상승 마감... | [주요공시] 삼성물산, 에스엠벡셀, 제이스로보틱스, 셀트리온, 에코프로...",2026-09-22,0.0174,0.021,,failure
042940,상지건설,[기재정정]주요사항보고서(유상증자결정),paid_in_capital_increase,20260921,negative,-70,C,Paid-in capital increases can create dilution concerns.,5,6,6,0,5,"9월 21일 주식시장 주요공시 | [N2 모닝 경제 브리핑-9월 22일] 美 증시, 유가·금리 하락에 상승 마감... | [주요공시] 삼성물산, 에스엠벡셀, 제이스로보틱스, 셀트리온, 에코프로...",2026-09-22,0.0174,0.021,,failure
042940,상지건설,[기재정정]주요사항보고서(유상증자결정),paid_in_capital_increase,20260921,negative,-70,C,Paid-in capital increases can create dilution concerns.,5,6,6,0,5,"9월 21일 주식시장 주요공시 | [N2 모닝 경제 브리핑-9월 22일] 美 증시, 유가·금리 하락에 상승 마감... | [주요공시] 삼성물산, 에스엠벡셀, 제이스로보틱스, 셀트리온, 에코프로...",2026-09-22,0.0174,0.021,,failure
042940,상지건설,[기재정정]주요사항보고서(유상증자결정),paid_in_capital_increase,20260921,negative,-70,C,Paid-in capital increases can create dilution concerns.,5,6,6,0,5,"9월 21일 주식시장 주요공시 | [N2 모닝 경제 브리핑-9월 22일] 美 증시, 유가·금리 하락에 상승 마감... | [주요공시] 삼성물산, 에스엠벡셀, 제이스로보틱스, 셀트리온, 에코프로...",2026-09-22,0.0174,0.021,,failure
042940,상지건설,[기재정정]주요사항보고서(유상증자결정),paid_in_capital_increase,20260921,negative,-70,C,Paid-in capital increases can create dilution concerns.,5,6,6,0,5,"9월 21일 주식시장 주요공시 | [N2 모닝 경제 브리핑-9월 22일] 美 증시, 유가·금리 하락에 상승 마감... | [주요공시] 삼성물산, 에스엠벡셀, 제이스로보틱스, 셀트리온, 에코프로...",2026-09-22,0.0174,0.021,,failure
042940,상지건설,[기재정정]주요사항보고서(유상증자결정),paid_in_capital_increase,20260921,negative,-70,C,Paid-in capital increases can create dilution concerns.,5,6,6,0,5,"9월 21일 주식시장 주요공시 | [N2 모닝 경제 브리핑-9월 22일] 美 증시, 유가·금리 하락에 상승 마감... | [주요공시] 삼성물산, 에스엠벡셀, 제이스로보틱스, 셀트리온, 에코프로...",2026-09-22,0.0174,0.021,,failure
042940,상지건설,[기재정정]주요사항보고서(유상증자결정),paid_in_capital_increase,20260921,negative,-70,C,Paid-in capital increases can create dilution concerns.,5,6,6,0,5,"9월 21일 주식시장 주요공시 | [N2 모닝 경제 브리핑-9월 22일] 美 증시, 유가·금리 하락에 상승 마감... | [주요공시] 삼성물산, 에스엠벡셀, 제이스로보틱스, 셀트리온, 에코프로...",2026-09-22,0.0174,0.021,,failure
042940,상지건설,[기재정정]주요사항보고서(유상증자결정),paid_in_capital_increase,20260921,negative,-70,C,Paid-in capital increases can create dilution concerns.,5,6,6,0,5,"9월 21일 주식시장 주요공시 | [N2 모닝 경제 브리핑-9월 22일] 美 증시, 유가·금리 하락에 상승 마감... | [주요공시] 삼성물산, 에스엠벡셀, 제이스로보틱스, 셀트리온, 에코프로...",2026-09-22,0.0174,0.021,,failure
042940,상지건설,[기재정정]주요사항보고서(유상증자결정),paid_in_capital_increase,20260921,negative,-70,C,Paid-in capital increases can create dilution concerns.,5,6,6,0,5,"9월 21일 주식시장 주요공시 | [N2 모닝 경제 브리핑-9월 22일] 美 증시, 유가·금리 하락에 상승 마감... | [주요공시] 삼성물산, 에스엠벡셀, 제이스로보틱스, 셀트리온, 에코프로...",2026-09-22,0.0174,0.021,,failure
042940,상지건설,[기재정정]주요사항보고서(유상증자결정),paid_in_capital_increase,20260921,negative,-70,C,Paid-in capital increases can create dilution concerns.,5,6,6,0,5,"9월 21일 주식시장 주요공시 | [N2 모닝 경제 브리핑-9월 22일] 美 증시, 유가·금리 하락에 상승 마감... | [주요공시] 삼성물산, 에스엠벡셀, 제이스로보틱스, 셀트리온, 에코프로...",2026-09-22,0.0174,0.021,,failure
042940,상지건설,[기재정정]주요사항보고서(유상증자결정),paid_in_capital_increase,20260921,negative,-70,C,Paid-in capital increases can create dilution concerns.,5,6,6,0,5,"9월 21일 주식시장 주요공시 | [N2 모닝 경제 브리핑-9월 22일] 美 증시, 유가·금리 하락에 상승 마감... | [주요공시] 삼성물산, 에스엠벡셀, 제이스로보틱스, 셀트리온, 에코프로...",2026-09-22,0.0174,0.021,,failure
042940,상지건설,[기재정정]주요사항보고서(유상증자결정),paid_in_capital_increase,20260921,negative,-70,C,Paid-in capital increases can create dilution concerns.,5,6,6,0,5,"9월 21일 주식시장 주요공시 | [N2 모닝 경제 브리핑-9월 22일] 美 증시, 유가·금리 하락에 상승 마감... | [주요공시] 삼성물산, 에스엠벡셀, 제이스로보틱스, 셀트리온, 에코프로...",2026-09-22,0.0174,0.021,,failure
042940,상지건설,[기재정정]주요사항보고서(유상증자결정),paid_in_capital_increase,20260921,negative,-70,C,Paid-in capital increases can create dilution concerns.,5,6,6,0,5,"9월 21일 주식시장 주요공시 | [N2 모닝 경제 브리핑-9월 22일] 美 증시, 유가·금리 하락에 상승 마감... | [주요공시] 삼성물산, 에스엠벡셀, 제이스로보틱스, 셀트리온, 에코프로...",2026-09-22,0.0174,0.021,,failure
042940,상지건설,[기재정정]주요사항보고서(유상증자결정),paid_in_capital_increase,20260921,negative,-70,C,Paid-in capital increases can create dilution concerns.,5,6,6,0,5,"9월 21일 주식시장 주요공시 | [N2 모닝 경제 브리핑-9월 22일] 美 증시, 유가·금리 하락에 상승 마감... | [주요공시] 삼성물산, 에스엠벡셀, 제이스로보틱스, 셀트리온, 에코프로...",2026-09-22,0.0174,0.021,,failure
042940,상지건설,[기재정정]주요사항보고서(유상증자결정),paid_in_capital_increase,20260921,negative,-70,C,Paid-in capital increases can create dilution concerns.,5,6,6,0,5,"9월 21일 주식시장 주요공시 | [N2 모닝 경제 브리핑-9월 22일] 美 증시, 유가·금리 하락에 상승 마감... | [주요공시] 삼성물산, 에스엠벡셀, 제이스로보틱스, 셀트리온, 에코프로...",2026-09-22,0.0174,0.021,,failure
042940,상지건설,[기재정정]주요사항보고서(유상증자결정),paid_in_capital_increase,20260921,negative,-70,C,Paid-in capital increases can create dilution concerns.,5,6,6,0,5,"9월 21일 주식시장 주요공시 | [N2 모닝 경제 브리핑-9월 22일] 美 증시, 유가·금리 하락에 상승 마감... | [주요공시] 삼성물산, 에스엠벡셀, 제이스로보틱스, 셀트리온, 에코프로...",2026-09-22,0.0174,0.021,,failure
042940,상지건설,[기재정정]주요사항보고서(유상증자결정),paid_in_capital_increase,20260921,negative,-70,C,Paid-in capital increases can create dilution concerns.,5,6,6,0,5,"9월 21일 주식시장 주요공시 | [N2 모닝 경제 브리핑-9월 22일] 美 증시, 유가·금리 하락에 상승 마감... | [주요공시] 삼성물산, 에스엠벡셀, 제이스로보틱스, 셀트리온, 에코프로...",2026-09-22,0.0174,0.021,,failure
042940,상지건설,[기재정정]주요사항보고서(유상증자결정),paid_in_capital_increase,20260921,negative,-70,C,Paid-in capital increases can create dilution concerns.,5,6,6,0,5,"9월 21일 주식시장 주요공시 | [N2 모닝 경제 브리핑-9월 22일] 美 증시, 유가·금리 하락에 상승 마감... | [주요공시] 삼성물산, 에스엠벡셀, 제이스로보틱스, 셀트리온, 에코프로...",2026-09-22,0.0174,0.021,,failure
042940,상지건설,[기재정정]주요사항보고서(유상증자결정),paid_in_capital_increase,20260921,negative,-70,C,Paid-in capital increases can create dilution concerns.,5,6,6,0,5,"9월 21일 주식시장 주요공시 | [N2 모닝 경제 브리핑-9월 22일] 美 증시, 유가·금리 하락에 상승 마감... | [주요공시] 삼성물산, 에스엠벡셀, 제이스로보틱스, 셀트리온, 에코프로...",2026-09-22,0.0174,0.021,,failure
042940,상지건설,[기재정정]주요사항보고서(유상증자결정),paid_in_capital_increase,20260921,negative,-70,C,Paid-in capital increases can create dilution concerns.,5,6,6,0,5,"9월 21일 주식시장 주요공시 | [N2 모닝 경제 브리핑-9월 22일] 美 증시, 유가·금리 하락에 상승 마감... | [주요공시] 삼성물산, 에스엠벡셀, 제이스로보틱스, 셀트리온, 에코프로...",2026-09-22,0.0174,0.021,,failure
042940,상지건설,[기재정정]주요사항보고서(유상증자결정),paid_in_capital_increase,20260921,negative,-70,C,Paid-in capital increases can create dilution concerns.,5,6,6,0,5,"9월 21일 주식시장 주요공시 | [N2 모닝 경제 브리핑-9월 22일] 美 증시, 유가·금리 하락에 상승 마감... | [주요공시] 삼성물산, 에스엠벡셀, 제이스로보틱스, 셀트리온, 에코프로...",2026-09-22,0.0174,0.021,,failure
042940,상지건설,[기재정정]주요사항보고서(유상증자결정),paid_in_capital_increase,20260921,negative,-70,C,Paid-in capital increases can create dilution concerns.,5,6,6,0,5,"9월 21일 주식시장 주요공시 | [N2 모닝 경제 브리핑-9월 22일] 美 증시, 유가·금리 하락에 상승 마감... | [주요공시] 삼성물산, 에스엠벡셀, 제이스로보틱스, 셀트리온, 에코프로...",2026-09-22,0.0174,0.021,,failure
042940,상지건설,[기재정정]주요사항보고서(유상증자결정),paid_in_capital_increase,20260921,negative,-70,C,Paid-in capital increases can create dilution concerns.,5,6,6,0,5,"9월 21일 주식시장 주요공시 | [N2 모닝 경제 브리핑-9월 22일] 美 증시, 유가·금리 하락에 상승 마감... | [주요공시] 삼성물산, 에스엠벡셀, 제이스로보틱스, 셀트리온, 에코프로...",2026-09-22,0.0174,0.021,,failure
042940,상지건설,[기재정정]주요사항보고서(유상증자결정),paid_in_capital_increase,20260921,negative,-70,C,Paid-in capital increases can create dilution concerns.,5,6,6,0,5,"9월 21일 주식시장 주요공시 | [N2 모닝 경제 브리핑-9월 22일] 美 증시, 유가·금리 하락에 상승 마감... | [주요공시] 삼성물산, 에스엠벡셀, 제이스로보틱스, 셀트리온, 에코프로...",2026-09-22,0.0174,0.021,,failure
042940,상지건설,[기재정정]주요사항보고서(유상증자결정),paid_in_capital_increase,20260921,negative,-70,C,Paid-in capital increases can create dilution concerns.,5,6,6,0,5,"9월 21일 주식시장 주요공시 | [N2 모닝 경제 브리핑-9월 22일] 美 증시, 유가·금리 하락에 상승 마감... | [주요공시] 삼성물산, 에스엠벡셀, 제이스로보틱스, 셀트리온, 에코프로...",2026-09-22,0.0174,0.021,,failure
042940,상지건설,[기재정정]주요사항보고서(유상증자결정),paid_in_capital_increase,20260921,negative,-70,C,Paid-in capital increases can create dilution concerns.,5,6,6,0,5,"9월 21일 주식시장 주요공시 | [N2 모닝 경제 브리핑-9월 22일] 美 증시, 유가·금리 하락에 상승 마감... | [주요공시] 삼성물산, 에스엠벡셀, 제이스로보틱스, 셀트리온, 에코프로...",2026-09-22,0.0174,0.021,,failure
042940,상지건설,[기재정정]주요사항보고서(유상증자결정),paid_in_capital_increase,20260921,negative,-70,C,Paid-in capital increases can create dilution concerns.,5,6,6,0,5,"9월 21일 주식시장 주요공시 | [N2 모닝 경제 브리핑-9월 22일] 美 증시, 유가·금리 하락에 상승 마감... | [주요공시] 삼성물산, 에스엠벡셀, 제이스로보틱스, 셀트리온, 에코프로...",2026-09-22,0.0174,0.021,,failure
042940,상지건설,[기재정정]주요사항보고서(유상증자결정),paid_in_capital_increase,20260921,negative,-70,C,Paid-in capital increases can create dilution concerns.,5,6,6,0,5,"9월 21일 주식시장 주요공시 | [N2 모닝 경제 브리핑-9월 22일] 美 증시, 유가·금리 하락에 상승 마감... | [주요공시] 삼성물산, 에스엠벡셀, 제이스로보틱스, 셀트리온, 에코프로...",2026-09-22,0.0174,0.021,,failure
042940,상지건설,[기재정정]주요사항보고서(유상증자결정),paid_in_capital_increase,20260921,negative,-70,C,Paid-in capital increases can create dilution concerns.,5,6,6,0,5,"9월 21일 주식시장 주요공시 | [N2 모닝 경제 브리핑-9월 22일] 美 증시, 유가·금리 하락에 상승 마감... | [주요공시] 삼성물산, 에스엠벡셀, 제이스로보틱스, 셀트리온, 에코프로...",2026-09-22,0.0174,0.021,,failure
042940,상지건설,[기재정정]주요사항보고서(유상증자결정),paid_in_capital_increase,20260921,negative,-70,C,Paid-in capital increases can create dilution concerns.,5,6,6,0,5,"9월 21일 주식시장 주요공시 | [N2 모닝 경제 브리핑-9월 22일] 美 증시, 유가·금리 하락에 상승 마감... | [주요공시] 삼성물산, 에스엠벡셀, 제이스로보틱스, 셀트리온, 에코프로...",2026-09-22,0.0174,0.021,,failure
042940,상지건설,[기재정정]주요사항보고서(유상증자결정),paid_in_capital_increase,20260921,negative,-70,C,Paid-in capital increases can create dilution concerns.,5,6,6,0,5,"9월 21일 주식시장 주요공시 | [N2 모닝 경제 브리핑-9월 22일] 美 증시, 유가·금리 하락에 상승 마감... | [주요공시] 삼성물산, 에스엠벡셀, 제이스로보틱스, 셀트리온, 에코프로...",2026-09-22,0.0174,0.021,,failure
042940,상지건설,[기재정정]주요사항보고서(유상증자결정),paid_in_capital_increase,20260921,negative,-70,C,Paid-in capital increases can create dilution concerns.,5,6,6,0,5,"9월 21일 주식시장 주요공시 | [N2 모닝 경제 브리핑-9월 22일] 美 증시, 유가·금리 하락에 상승 마감... | [주요공시] 삼성물산, 에스엠벡셀, 제이스로보틱스, 셀트리온, 에코프로...",2026-09-22,0.0174,0.021,,failure
042940,상지건설,[기재정정]주요사항보고서(유상증자결정),paid_in_capital_increase,20260921,negative,-70,C,Paid-in capital increases can create dilution concerns.,5,6,6,0,5,"9월 21일 주식시장 주요공시 | [N2 모닝 경제 브리핑-9월 22일] 美 증시, 유가·금리 하락에 상승 마감... | [주요공시] 삼성물산, 에스엠벡셀, 제이스로보틱스, 셀트리온, 에코프로...",2026-09-22,0.0174,0.021,,failure
042940,상지건설,[기재정정]주요사항보고서(유상증자결정),paid_in_capital_increase,20260921,negative,-70,C,Paid-in capital increases can create dilution concerns.,5,6,6,0,5,"9월 21일 주식시장 주요공시 | [N2 모닝 경제 브리핑-9월 22일] 美 증시, 유가·금리 하락에 상승 마감... | [주요공시] 삼성물산, 에스엠벡셀, 제이스로보틱스, 셀트리온, 에코프로...",2026-09-22,0.0174,0.021,,failure
042940,상지건설,[기재정정]주요사항보고서(유상증자결정),paid_in_capital_increase,20260921,negative,-70,C,Paid-in capital increases can create dilution concerns.,5,6,6,0,5,"9월 21일 주식시장 주요공시 | [N2 모닝 경제 브리핑-9월 22일] 美 증시, 유가·금리 하락에 상승 마감... | [주요공시] 삼성물산, 에스엠벡셀, 제이스로보틱스, 셀트리온, 에코프로...",2026-09-22,0.0174,0.021,,failure
042940,상지건설,[기재정정]주요사항보고서(유상증자결정),paid_in_capital_increase,20260921,negative,-70,C,Paid-in capital increases can create dilution concerns.,5,6,6,0,5,"9월 21일 주식시장 주요공시 | [N2 모닝 경제 브리핑-9월 22일] 美 증시, 유가·금리 하락에 상승 마감... | [주요공시] 삼성물산, 에스엠벡셀, 제이스로보틱스, 셀트리온, 에코프로...",2026-09-22,0.0174,0.021,,failure
042940,상지건설,[기재정정]주요사항보고서(유상증자결정),paid_in_capital_increase,20260921,negative,-70,C,Paid-in capital increases can create dilution concerns.,5,6,6,0,5,"9월 21일 주식시장 주요공시 | [N2 모닝 경제 브리핑-9월 22일] 美 증시, 유가·금리 하락에 상승 마감... | [주요공시] 삼성물산, 에스엠벡셀, 제이스로보틱스, 셀트리온, 에코프로...",2026-09-22,0.0174,0.021,,failure
042940,상지건설,[기재정정]주요사항보고서(유상증자결정),paid_in_capital_increase,20260921,negative,-70,C,Paid-in capital increases can create dilution concerns.,5,6,6,0,5,"9월 21일 주식시장 주요공시 | [N2 모닝 경제 브리핑-9월 22일] 美 증시, 유가·금리 하락에 상승 마감... | [주요공시] 삼성물산, 에스엠벡셀, 제이스로보틱스, 셀트리온, 에코프로...",2026-09-22,0.0174,0.021,,failure
042940,상지건설,[기재정정]주요사항보고서(유상증자결정),paid_in_capital_increase,20260921,negative,-70,C,Paid-in capital increases can create dilution concerns.,5,6,6,0,5,"9월 21일 주식시장 주요공시 | [N2 모닝 경제 브리핑-9월 22일] 美 증시, 유가·금리 하락에 상승 마감... | [주요공시] 삼성물산, 에스엠벡셀, 제이스로보틱스, 셀트리온, 에코프로...",2026-09-22,0.0174,0.021,,failure
042940,상지건설,[기재정정]주요사항보고서(유상증자결정),paid_in_capital_increase,20260921,negative,-70,C,Paid-in capital increases can create dilution concerns.,5,6,6,0,5,"9월 21일 주식시장 주요공시 | [N2 모닝 경제 브리핑-9월 22일] 美 증시, 유가·금리 하락에 상승 마감... | [주요공시] 삼성물산, 에스엠벡셀, 제이스로보틱스, 셀트리온, 에코프로...",2026-09-22,0.0174,0.021,,failure
042940,상지건설,[기재정정]주요사항보고서(유상증자결정),paid_in_capital_increase,20260921,negative,-70,C,Paid-in capital increases can create dilution concerns.,5,6,6,0,5,"9월 21일 주식시장 주요공시 | [N2 모닝 경제 브리핑-9월 22일] 美 증시, 유가·금리 하락에 상승 마감... | [주요공시] 삼성물산, 에스엠벡셀, 제이스로보틱스, 셀트리온, 에코프로...",2026-09-22,0.0174,0.021,,failure
042940,상지건설,[기재정정]주요사항보고서(유상증자결정),paid_in_capital_increase,20260921,negative,-70,C,Paid-in capital increases can create dilution concerns.,5,6,6,0,5,"9월 21일 주식시장 주요공시 | [N2 모닝 경제 브리핑-9월 22일] 美 증시, 유가·금리 하락에 상승 마감... | [주요공시] 삼성물산, 에스엠벡셀, 제이스로보틱스, 셀트리온, 에코프로...",2026-09-22,0.0174,0.021,,failure
042940,상지건설,[기재정정]주요사항보고서(유상증자결정),paid_in_capital_increase,20260921,negative,-70,C,Paid-in capital increases can create dilution concerns.,5,6,6,0,5,"9월 21일 주식시장 주요공시 | [N2 모닝 경제 브리핑-9월 22일] 美 증시, 유가·금리 하락에 상승 마감... | [주요공시] 삼성물산, 에스엠벡셀, 제이스로보틱스, 셀트리온, 에코프로...",2026-09-22,0.0174,0.021,,failure
042940,상지건설,[기재정정]주요사항보고서(유상증자결정),paid_in_capital_increase,20260921,negative,-70,C,Paid-in capital increases can create dilution concerns.,5,6,6,0,5,"9월 21일 주식시장 주요공시 | [N2 모닝 경제 브리핑-9월 22일] 美 증시, 유가·금리 하락에 상승 마감... | [주요공시] 삼성물산, 에스엠벡셀, 제이스로보틱스, 셀트리온, 에코프로...",2026-09-22,0.0174,0.021,,failure
042940,상지건설,[기재정정]주요사항보고서(유상증자결정),paid_in_capital_increase,20260921,negative,-70,C,Paid-in capital increases can create dilution concerns.,5,6,6,0,5,"9월 21일 주식시장 주요공시 | [N2 모닝 경제 브리핑-9월 22일] 美 증시, 유가·금리 하락에 상승 마감... | [주요공시] 삼성물산, 에스엠벡셀, 제이스로보틱스, 셀트리온, 에코프로...",2026-09-22,0.0174,0.021,,failure
042940,상지건설,[기재정정]주요사항보고서(유상증자결정),paid_in_capital_increase,20260921,negative,-70,C,Paid-in capital increases can create dilution concerns.,5,6,6,0,5,"9월 21일 주식시장 주요공시 | [N2 모닝 경제 브리핑-9월 22일] 美 증시, 유가·금리 하락에 상승 마감... | [주요공시] 삼성물산, 에스엠벡셀, 제이스로보틱스, 셀트리온, 에코프로...",2026-09-22,0.0174,0.021,,failure
042940,상지건설,[기재정정]주요사항보고서(유상증자결정),paid_in_capital_increase,20260921,negative,-70,C,Paid-in capital increases can create dilution concerns.,5,6,6,0,5,"9월 21일 주식시장 주요공시 | [N2 모닝 경제 브리핑-9월 22일] 美 증시, 유가·금리 하락에 상승 마감... | [주요공시] 삼성물산, 에스엠벡셀, 제이스로보틱스, 셀트리온, 에코프로...",2026-09-22,0.0174,0.021,,failure
042940,상지건설,[기재정정]주요사항보고서(유상증자결정),paid_in_capital_increase,20260921,negative,-70,C,Paid-in capital increases can create dilution concerns.,5,6,6,0,5,"9월 21일 주식시장 주요공시 | [N2 모닝 경제 브리핑-9월 22일] 美 증시, 유가·금리 하락에 상승 마감... | [주요공시] 삼성물산, 에스엠벡셀, 제이스로보틱스, 셀트리온, 에코프로...",2026-09-22,0.0174,0.021,,failure
042940,상지건설,[기재정정]주요사항보고서(유상증자결정),paid_in_capital_increase,20260921,negative,-70,C,Paid-in capital increases can create dilution concerns.,5,6,6,0,5,"9월 21일 주식시장 주요공시 | [N2 모닝 경제 브리핑-9월 22일] 美 증시, 유가·금리 하락에 상승 마감... | [주요공시] 삼성물산, 에스엠벡셀, 제이스로보틱스, 셀트리온, 에코프로...",2026-09-22,0.0174,0.021,,failure
042940,상지건설,[기재정정]주요사항보고서(유상증자결정),paid_in_capital_increase,20260921,negative,-70,C,Paid-in capital increases can create dilution concerns.,5,6,6,0,5,"9월 21일 주식시장 주요공시 | [N2 모닝 경제 브리핑-9월 22일] 美 증시, 유가·금리 하락에 상승 마감... | [주요공시] 삼성물산, 에스엠벡셀, 제이스로보틱스, 셀트리온, 에코프로...",2026-09-22,0.0174,0.021,,failure
042940,상지건설,[기재정정]주요사항보고서(유상증자결정),paid_in_capital_increase,20260921,negative,-70,C,Paid-in capital increases can create dilution concerns.,5,6,6,0,5,"9월 21일 주식시장 주요공시 | [N2 모닝 경제 브리핑-9월 22일] 美 증시, 유가·금리 하락에 상승 마감... | [주요공시] 삼성물산, 에스엠벡셀, 제이스로보틱스, 셀트리온, 에코프로...",2026-09-22,0.0174,0.021,,failure
042940,상지건설,[기재정정]주요사항보고서(유상증자결정),paid_in_capital_increase,20260921,negative,-70,C,Paid-in capital increases can create dilution concerns.,5,6,6,0,5,"9월 21일 주식시장 주요공시 | [N2 모닝 경제 브리핑-9월 22일] 美 증시, 유가·금리 하락에 상승 마감... | [주요공시] 삼성물산, 에스엠벡셀, 제이스로보틱스, 셀트리온, 에코프로...",2026-09-22,0.0174,0.021,,failure
042940,상지건설,[기재정정]주요사항보고서(유상증자결정),paid_in_capital_increase,20260921,negative,-70,C,Paid-in capital increases can create dilution concerns.,5,6,6,0,5,"9월 21일 주식시장 주요공시 | [N2 모닝 경제 브리핑-9월 22일] 美 증시, 유가·금리 하락에 상승 마감... | [주요공시] 삼성물산, 에스엠벡셀, 제이스로보틱스, 셀트리온, 에코프로...",2026-09-22,0.0174,0.021,,failure
042940,상지건설,[기재정정]주요사항보고서(유상증자결정),paid_in_capital_increase,20260921,negative,-70,C,Paid-in capital increases can create dilution concerns.,5,6,6,0,5,"9월 21일 주식시장 주요공시 | [N2 모닝 경제 브리핑-9월 22일] 美 증시, 유가·금리 하락에 상승 마감... | [주요공시] 삼성물산, 에스엠벡셀, 제이스로보틱스, 셀트리온, 에코프로...",2026-09-22,0.0174,0.021,,failure
042940,상지건설,[기재정정]주요사항보고서(유상증자결정),paid_in_capital_increase,20260921,negative,-70,C,Paid-in capital increases can create dilution concerns.,5,6,6,0,5,"9월 21일 주식시장 주요공시 | [N2 모닝 경제 브리핑-9월 22일] 美 증시, 유가·금리 하락에 상승 마감... | [주요공시] 삼성물산, 에스엠벡셀, 제이스로보틱스, 셀트리온, 에코프로...",2026-09-22,0.0174,0.021,,failure
042940,상지건설,[기재정정]주요사항보고서(유상증자결정),paid_in_capital_increase,20260921,negative,-70,C,Paid-in capital increases can create dilution concerns.,5,6,6,0,5,"9월 21일 주식시장 주요공시 | [N2 모닝 경제 브리핑-9월 22일] 美 증시, 유가·금리 하락에 상승 마감... | [주요공시] 삼성물산, 에스엠벡셀, 제이스로보틱스, 셀트리온, 에코프로...",2026-09-22,0.0174,0.021,,failure
042940,상지건설,[기재정정]주요사항보고서(유상증자결정),paid_in_capital_increase,20260921,negative,-70,C,Paid-in capital increases can create dilution concerns.,5,6,6,0,5,"9월 21일 주식시장 주요공시 | [N2 모닝 경제 브리핑-9월 22일] 美 증시, 유가·금리 하락에 상승 마감... | [주요공시] 삼성물산, 에스엠벡셀, 제이스로보틱스, 셀트리온, 에코프로...",2026-09-22,0.0174,0.021,,failure
042940,상지건설,[기재정정]주요사항보고서(유상증자결정),paid_in_capital_increase,20260921,negative,-70,C,Paid-in capital increases can create dilution concerns.,5,6,6,0,5,"9월 21일 주식시장 주요공시 | [N2 모닝 경제 브리핑-9월 22일] 美 증시, 유가·금리 하락에 상승 마감... | [주요공시] 삼성물산, 에스엠벡셀, 제이스로보틱스, 셀트리온, 에코프로...",2026-09-22,0.0174,0.021,,failure
042940,상지건설,[기재정정]주요사항보고서(유상증자결정),paid_in_capital_increase,20260921,negative,-70,C,Paid-in capital increases can create dilution concerns.,5,6,6,0,5,"9월 21일 주식시장 주요공시 | [N2 모닝 경제 브리핑-9월 22일] 美 증시, 유가·금리 하락에 상승 마감... | [주요공시] 삼성물산, 에스엠벡셀, 제이스로보틱스, 셀트리온, 에코프로...",2026-09-22,0.0174,0.021,,failure
042940,상지건설,[기재정정]주요사항보고서(유상증자결정),paid_in_capital_increase,20260921,negative,-70,C,Paid-in capital increases can create dilution concerns.,5,6,6,0,5,"9월 21일 주식시장 주요공시 | [N2 모닝 경제 브리핑-9월 22일] 美 증시, 유가·금리 하락에 상승 마감... | [주요공시] 삼성물산, 에스엠벡셀, 제이스로보틱스, 셀트리온, 에코프로...",2026-09-22,0.0174,0.021,,failure
042940,상지건설,[기재정정]주요사항보고서(유상증자결정),paid_in_capital_increase,20260921,negative,-70,C,Paid-in capital increases can create dilution concerns.,5,6,6,0,5,"9월 21일 주식시장 주요공시 | [N2 모닝 경제 브리핑-9월 22일] 美 증시, 유가·금리 하락에 상승 마감... | [주요공시] 삼성물산, 에스엠벡셀, 제이스로보틱스, 셀트리온, 에코프로...",2026-09-22,0.0174,0.021,,failure
042940,상지건설,[기재정정]주요사항보고서(유상증자결정),paid_in_capital_increase,20260921,negative,-70,C,Paid-in capital increases can create dilution concerns.,5,6,6,0,5,"9월 21일 주식시장 주요공시 | [N2 모닝 경제 브리핑-9월 22일] 美 증시, 유가·금리 하락에 상승 마감... | [주요공시] 삼성물산, 에스엠벡셀, 제이스로보틱스, 셀트리온, 에코프로...",2026-09-22,0.0174,0.021,,failure
042940,상지건설,[기재정정]주요사항보고서(유상증자결정),paid_in_capital_increase,20260921,negative,-70,C,Paid-in capital increases can create dilution concerns.,5,6,6,0,5,"9월 21일 주식시장 주요공시 | [N2 모닝 경제 브리핑-9월 22일] 美 증시, 유가·금리 하락에 상승 마감... | [주요공시] 삼성물산, 에스엠벡셀, 제이스로보틱스, 셀트리온, 에코프로...",2026-09-22,0.0174,0.021,,failure
042940,상지건설,[기재정정]주요사항보고서(유상증자결정),paid_in_capital_increase,20260921,negative,-70,C,Paid-in capital increases can create dilution concerns.,5,6,6,0,5,"9월 21일 주식시장 주요공시 | [N2 모닝 경제 브리핑-9월 22일] 美 증시, 유가·금리 하락에 상승 마감... | [주요공시] 삼성물산, 에스엠벡셀, 제이스로보틱스, 셀트리온, 에코프로...",2026-09-22,0.0174,0.021,,failure
042940,상지건설,[기재정정]주요사항보고서(유상증자결정),paid_in_capital_increase,20260921,negative,-70,C,Paid-in capital increases can create dilution concerns.,5,6,6,0,5,"9월 21일 주식시장 주요공시 | [N2 모닝 경제 브리핑-9월 22일] 美 증시, 유가·금리 하락에 상승 마감... | [주요공시] 삼성물산, 에스엠벡셀, 제이스로보틱스, 셀트리온, 에코프로...",2026-09-22,0.0174,0.021,,failure
042940,상지건설,[기재정정]주요사항보고서(유상증자결정),paid_in_capital_increase,20260921,negative,-70,C,Paid-in capital increases can create dilution concerns.,5,6,6,0,5,"9월 21일 주식시장 주요공시 | [N2 모닝 경제 브리핑-9월 22일] 美 증시, 유가·금리 하락에 상승 마감... | [주요공시] 삼성물산, 에스엠벡셀, 제이스로보틱스, 셀트리온, 에코프로...",2026-09-22,0.0174,0.021,,failure
042940,상지건설,[기재정정]주요사항보고서(유상증자결정),paid_in_capital_increase,20260921,negative,-70,C,Paid-in capital increases can create dilution concerns.,5,6,6,0,5,"9월 21일 주식시장 주요공시 | [N2 모닝 경제 브리핑-9월 22일] 美 증시, 유가·금리 하락에 상승 마감... | [주요공시] 삼성물산, 에스엠벡셀, 제이스로보틱스, 셀트리온, 에코프로...",2026-09-22,0.0174,0.021,,failure
042940,상지건설,[기재정정]주요사항보고서(유상증자결정),paid_in_capital_increase,20260921,negative,-70,C,Paid-in capital increases can create dilution concerns.,5,6,6,0,5,"9월 21일 주식시장 주요공시 | [N2 모닝 경제 브리핑-9월 22일] 美 증시, 유가·금리 하락에 상승 마감... | [주요공시] 삼성물산, 에스엠벡셀, 제이스로보틱스, 셀트리온, 에코프로...",2026-09-22,0.0174,0.021,,failure
042940,상지건설,[기재정정]주요사항보고서(유상증자결정),paid_in_capital_increase,20260921,negative,-70,C,Paid-in capital increases can create dilution concerns.,5,6,6,0,5,"9월 21일 주식시장 주요공시 | [N2 모닝 경제 브리핑-9월 22일] 美 증시, 유가·금리 하락에 상승 마감... | [주요공시] 삼성물산, 에스엠벡셀, 제이스로보틱스, 셀트리온, 에코프로...",2026-09-22,0.0174,0.021,,failure
042940,상지건설,[기재정정]주요사항보고서(유상증자결정),paid_in_capital_increase,20260921,negative,-70,C,Paid-in capital increases can create dilution concerns.,5,6,6,0,5,"9월 21일 주식시장 주요공시 | [N2 모닝 경제 브리핑-9월 22일] 美 증시, 유가·금리 하락에 상승 마감... | [주요공시] 삼성물산, 에스엠벡셀, 제이스로보틱스, 셀트리온, 에코프로...",2026-09-22,0.0174,0.021,,failure
042940,상지건설,[기재정정]주요사항보고서(유상증자결정),paid_in_capital_increase,20260921,negative,-70,C,Paid-in capital increases can create dilution concerns.,5,6,6,0,5,"9월 21일 주식시장 주요공시 | [N2 모닝 경제 브리핑-9월 22일] 美 증시, 유가·금리 하락에 상승 마감... | [주요공시] 삼성물산, 에스엠벡셀, 제이스로보틱스, 셀트리온, 에코프로...",2026-09-22,0.0174,0.021,,failure
042940,상지건설,[기재정정]주요사항보고서(유상증자결정),paid_in_capital_increase,20260921,negative,-70,C,Paid-in capital increases can create dilution concerns.,5,6,6,0,5,"9월 21일 주식시장 주요공시 | [N2 모닝 경제 브리핑-9월 22일] 美 증시, 유가·금리 하락에 상승 마감... | [주요공시] 삼성물산, 에스엠벡셀, 제이스로보틱스, 셀트리온, 에코프로...",2026-09-22,0.0174,0.021,,failure
042940,상지건설,[기재정정]주요사항보고서(유상증자결정),paid_in_capital_increase,20260921,negative,-70,C,Paid-in capital increases can create dilution concerns.,5,6,6,0,5,"9월 21일 주식시장 주요공시 | [N2 모닝 경제 브리핑-9월 22일] 美 증시, 유가·금리 하락에 상승 마감... | [주요공시] 삼성물산, 에스엠벡셀, 제이스로보틱스, 셀트리온, 에코프로...",2026-09-22,0.0174,0.021,,failure
042940,상지건설,[기재정정]주요사항보고서(유상증자결정),paid_in_capital_increase,20260921,negative,-70,C,Paid-in capital increases can create dilution concerns.,5,6,6,0,5,"9월 21일 주식시장 주요공시 | [N2 모닝 경제 브리핑-9월 22일] 美 증시, 유가·금리 하락에 상승 마감... | [주요공시] 삼성물산, 에스엠벡셀, 제이스로보틱스, 셀트리온, 에코프로...",2026-09-22,0.0174,0.021,,failure
042940,상지건설,[기재정정]주요사항보고서(유상증자결정),paid_in_capital_increase,20260921,negative,-70,C,Paid-in capital increases can create dilution concerns.,5,6,6,0,5,"9월 21일 주식시장 주요공시 | [N2 모닝 경제 브리핑-9월 22일] 美 증시, 유가·금리 하락에 상승 마감... | [주요공시] 삼성물산, 에스엠벡셀, 제이스로보틱스, 셀트리온, 에코프로...",2026-09-22,0.0174,0.021,,failure
042940,상지건설,[기재정정]주요사항보고서(유상증자결정),paid_in_capital_increase,20260921,negative,-70,C,Paid-in capital increases can create dilution concerns.,5,6,6,0,5,"9월 21일 주식시장 주요공시 | [N2 모닝 경제 브리핑-9월 22일] 美 증시, 유가·금리 하락에 상승 마감... | [주요공시] 삼성물산, 에스엠벡셀, 제이스로보틱스, 셀트리온, 에코프로...",2026-09-22,0.0174,0.021,,failure
042940,상지건설,[기재정정]주요사항보고서(유상증자결정),paid_in_capital_increase,20260921,negative,-70,C,Paid-in capital increases can create dilution concerns.,5,6,6,0,5,"9월 21일 주식시장 주요공시 | [N2 모닝 경제 브리핑-9월 22일] 美 증시, 유가·금리 하락에 상승 마감... | [주요공시] 삼성물산, 에스엠벡셀, 제이스로보틱스, 셀트리온, 에코프로...",2026-09-22,0.0174,0.021,,failure
042940,상지건설,[기재정정]주요사항보고서(유상증자결정),paid_in_capital_increase,20260921,negative,-70,C,Paid-in capital increases can create dilution concerns.,5,6,6,0,5,"9월 21일 주식시장 주요공시 | [N2 모닝 경제 브리핑-9월 22일] 美 증시, 유가·금리 하락에 상승 마감... | [주요공시] 삼성물산, 에스엠벡셀, 제이스로보틱스, 셀트리온, 에코프로...",2026-09-22,0.0174,0.021,,failure
042940,상지건설,[기재정정]주요사항보고서(유상증자결정),paid_in_capital_increase,20260921,negative,-70,C,Paid-in capital increases can create dilution concerns.,5,6,6,0,5,"9월 21일 주식시장 주요공시 | [N2 모닝 경제 브리핑-9월 22일] 美 증시, 유가·금리 하락에 상승 마감... | [주요공시] 삼성물산, 에스엠벡셀, 제이스로보틱스, 셀트리온, 에코프로...",2026-09-22,0.0174,0.021,,failure
042940,상지건설,[기재정정]주요사항보고서(유상증자결정),paid_in_capital_increase,20260921,negative,-70,C,Paid-in capital increases can create dilution concerns.,5,6,6,0,5,"9월 21일 주식시장 주요공시 | [N2 모닝 경제 브리핑-9월 22일] 美 증시, 유가·금리 하락에 상승 마감... | [주요공시] 삼성물산, 에스엠벡셀, 제이스로보틱스, 셀트리온, 에코프로...",2026-09-22,0.0174,0.021,,failure
042940,상지건설,[기재정정]주요사항보고서(유상증자결정),paid_in_capital_increase,20260921,negative,-70,C,Paid-in capital increases can create dilution concerns.,5,6,6,0,5,"9월 21일 주식시장 주요공시 | [N2 모닝 경제 브리핑-9월 22일] 美 증시, 유가·금리 하락에 상승 마감... | [주요공시] 삼성물산, 에스엠벡셀, 제이스로보틱스, 셀트리온, 에코프로...",2026-09-22,0.0174,0.021,,failure
042940,상지건설,[기재정정]주요사항보고서(유상증자결정),paid_in_capital_increase,20260921,negative,-70,C,Paid-in capital increases can create dilution concerns.,5,6,6,0,5,"9월 21일 주식시장 주요공시 | [N2 모닝 경제 브리핑-9월 22일] 美 증시, 유가·금리 하락에 상승 마감... | [주요공시] 삼성물산, 에스엠벡셀, 제이스로보틱스, 셀트리온, 에코프로...",2026-09-22,0.0174,0.021,,failure
042940,상지건설,[기재정정]주요사항보고서(유상증자결정),paid_in_capital_increase,20260921,negative,-70,C,Paid-in capital increases can create dilution concerns.,5,6,6,0,5,"9월 21일 주식시장 주요공시 | [N2 모닝 경제 브리핑-9월 22일] 美 증시, 유가·금리 하락에 상승 마감... | [주요공시] 삼성물산, 에스엠벡셀, 제이스로보틱스, 셀트리온, 에코프로...",2026-09-22,0.0174,0.021,,failure
042940,상지건설,[기재정정]주요사항보고서(유상증자결정),paid_in_capital_increase,20260921,negative,-70,C,Paid-in capital increases can create dilution concerns.,5,6,6,0,5,"9월 21일 주식시장 주요공시 | [N2 모닝 경제 브리핑-9월 22일] 美 증시, 유가·금리 하락에 상승 마감... | [주요공시] 삼성물산, 에스엠벡셀, 제이스로보틱스, 셀트리온, 에코프로...",2026-09-22,0.0174,0.021,,failure
042940,상지건설,[기재정정]주요사항보고서(유상증자결정),paid_in_capital_increase,20260921,negative,-70,C,Paid-in capital increases can create dilution concerns.,5,6,6,0,5,"9월 21일 주식시장 주요공시 | [N2 모닝 경제 브리핑-9월 22일] 美 증시, 유가·금리 하락에 상승 마감... | [주요공시] 삼성물산, 에스엠벡셀, 제이스로보틱스, 셀트리온, 에코프로...",2026-09-22,0.0174,0.021,,failure
042940,상지건설,[기재정정]주요사항보고서(유상증자결정),paid_in_capital_increase,20260921,negative,-70,C,Paid-in capital increases can create dilution concerns.,5,6,6,0,5,"9월 21일 주식시장 주요공시 | [N2 모닝 경제 브리핑-9월 22일] 美 증시, 유가·금리 하락에 상승 마감... | [주요공시] 삼성물산, 에스엠벡셀, 제이스로보틱스, 셀트리온, 에코프로...",2026-09-22,0.0174,0.021,,failure
042940,상지건설,[기재정정]주요사항보고서(유상증자결정),paid_in_capital_increase,20260921,negative,-70,C,Paid-in capital increases can create dilution concerns.,5,6,6,0,5,"9월 21일 주식시장 주요공시 | [N2 모닝 경제 브리핑-9월 22일] 美 증시, 유가·금리 하락에 상승 마감... | [주요공시] 삼성물산, 에스엠벡셀, 제이스로보틱스, 셀트리온, 에코프로...",2026-09-22,0.0174,0.021,,failure
042940,상지건설,[기재정정]주요사항보고서(유상증자결정),paid_in_capital_increase,20260921,negative,-70,C,Paid-in capital increases can create dilution concerns.,5,6,6,0,5,"9월 21일 주식시장 주요공시 | [N2 모닝 경제 브리핑-9월 22일] 美 증시, 유가·금리 하락에 상승 마감... | [주요공시] 삼성물산, 에스엠벡셀, 제이스로보틱스, 셀트리온, 에코프로...",2026-09-22,0.0174,0.021,,failure
042940,상지건설,[기재정정]주요사항보고서(유상증자결정),paid_in_capital_increase,20260921,negative,-70,C,Paid-in capital increases can create dilution concerns.,5,6,6,0,5,"9월 21일 주식시장 주요공시 | [N2 모닝 경제 브리핑-9월 22일] 美 증시, 유가·금리 하락에 상승 마감... | [주요공시] 삼성물산, 에스엠벡셀, 제이스로보틱스, 셀트리온, 에코프로...",2026-09-22,0.0174,0.021,,failure
042940,상지건설,[기재정정]주요사항보고서(유상증자결정),paid_in_capital_increase,20260921,negative,-70,C,Paid-in capital increases can create dilution concerns.,5,6,6,0,5,"9월 21일 주식시장 주요공시 | [N2 모닝 경제 브리핑-9월 22일] 美 증시, 유가·금리 하락에 상승 마감... | [주요공시] 삼성물산, 에스엠벡셀, 제이스로보틱스, 셀트리온, 에코프로...",2026-09-22,0.0174,0.021,,failure
042940,상지건설,[기재정정]주요사항보고서(유상증자결정),paid_in_capital_increase,20260921,negative,-70,C,Paid-in capital increases can create dilution concerns.,5,6,6,0,5,"9월 21일 주식시장 주요공시 | [N2 모닝 경제 브리핑-9월 22일] 美 증시, 유가·금리 하락에 상승 마감... | [주요공시] 삼성물산, 에스엠벡셀, 제이스로보틱스, 셀트리온, 에코프로...",2026-09-22,0.0174,0.021,,failure
042940,상지건설,[기재정정]주요사항보고서(유상증자결정),paid_in_capital_increase,20260921,negative,-70,C,Paid-in capital increases can create dilution concerns.,5,6,6,0,5,"9월 21일 주식시장 주요공시 | [N2 모닝 경제 브리핑-9월 22일] 美 증시, 유가·금리 하락에 상승 마감... | [주요공시] 삼성물산, 에스엠벡셀, 제이스로보틱스, 셀트리온, 에코프로...",2026-09-22,0.0174,0.021,,failure
042940,상지건설,[기재정정]주요사항보고서(유상증자결정),paid_in_capital_increase,20260921,negative,-70,C,Paid-in capital increases can create dilution concerns.,5,6,6,0,5,"9월 21일 주식시장 주요공시 | [N2 모닝 경제 브리핑-9월 22일] 美 증시, 유가·금리 하락에 상승 마감... | [주요공시] 삼성물산, 에스엠벡셀, 제이스로보틱스, 셀트리온, 에코프로...",2026-09-22,0.0174,0.021,,failure
042940,상지건설,[기재정정]주요사항보고서(유상증자결정),paid_in_capital_increase,20260921,negative,-70,C,Paid-in capital increases can create dilution concerns.,5,6,6,0,5,"9월 21일 주식시장 주요공시 | [N2 모닝 경제 브리핑-9월 22일] 美 증시, 유가·금리 하락에 상승 마감... | [주요공시] 삼성물산, 에스엠벡셀, 제이스로보틱스, 셀트리온, 에코프로...",2026-09-22,0.0174,0.021,,failure
042940,상지건설,[기재정정]주요사항보고서(유상증자결정),paid_in_capital_increase,20260921,negative,-70,C,Paid-in capital increases can create dilution concerns.,5,6,6,0,5,"9월 21일 주식시장 주요공시 | [N2 모닝 경제 브리핑-9월 22일] 美 증시, 유가·금리 하락에 상승 마감... | [주요공시] 삼성물산, 에스엠벡셀, 제이스로보틱스, 셀트리온, 에코프로...",2026-09-22,0.0174,0.021,,failure
042940,상지건설,[기재정정]주요사항보고서(유상증자결정),paid_in_capital_increase,20260921,negative,-70,C,Paid-in capital increases can create dilution concerns.,5,6,6,0,5,"9월 21일 주식시장 주요공시 | [N2 모닝 경제 브리핑-9월 22일] 美 증시, 유가·금리 하락에 상승 마감... | [주요공시] 삼성물산, 에스엠벡셀, 제이스로보틱스, 셀트리온, 에코프로...",2026-09-22,0.0174,0.021,,failure
042940,상지건설,[기재정정]주요사항보고서(유상증자결정),paid_in_capital_increase,20260921,negative,-70,C,Paid-in capital increases can create dilution concerns.,5,6,6,0,5,"9월 21일 주식시장 주요공시 | [N2 모닝 경제 브리핑-9월 22일] 美 증시, 유가·금리 하락에 상승 마감... | [주요공시] 삼성물산, 에스엠벡셀, 제이스로보틱스, 셀트리온, 에코프로...",2026-09-22,0.0174,0.021,,failure
042940,상지건설,[기재정정]주요사항보고서(유상증자결정),paid_in_capital_increase,20260921,negative,-70,C,Paid-in capital increases can create dilution concerns.,5,6,6,0,5,"9월 21일 주식시장 주요공시 | [N2 모닝 경제 브리핑-9월 22일] 美 증시, 유가·금리 하락에 상승 마감... | [주요공시] 삼성물산, 에스엠벡셀, 제이스로보틱스, 셀트리온, 에코프로...",2026-09-22,0.0174,0.021,,failure
042940,상지건설,[기재정정]주요사항보고서(유상증자결정),paid_in_capital_increase,20260921,negative,-70,C,Paid-in capital increases can create dilution concerns.,5,6,6,0,5,"9월 21일 주식시장 주요공시 | [N2 모닝 경제 브리핑-9월 22일] 美 증시, 유가·금리 하락에 상승 마감... | [주요공시] 삼성물산, 에스엠벡셀, 제이스로보틱스, 셀트리온, 에코프로...",2026-09-22,0.0174,0.021,,failure
042940,상지건설,[기재정정]주요사항보고서(유상증자결정),paid_in_capital_increase,20260921,negative,-70,C,Paid-in capital increases can create dilution concerns.,5,6,6,0,5,"9월 21일 주식시장 주요공시 | [N2 모닝 경제 브리핑-9월 22일] 美 증시, 유가·금리 하락에 상승 마감... | [주요공시] 삼성물산, 에스엠벡셀, 제이스로보틱스, 셀트리온, 에코프로...",2026-09-22,0.0174,0.021,,failure
042940,상지건설,[기재정정]주요사항보고서(유상증자결정),paid_in_capital_increase,20260921,negative,-70,C,Paid-in capital increases can create dilution concerns.,5,6,6,0,5,"9월 21일 주식시장 주요공시 | [N2 모닝 경제 브리핑-9월 22일] 美 증시, 유가·금리 하락에 상승 마감... | [주요공시] 삼성물산, 에스엠벡셀, 제이스로보틱스, 셀트리온, 에코프로...",2026-09-22,0.0174,0.021,,failure
042940,상지건설,[기재정정]주요사항보고서(유상증자결정),paid_in_capital_increase,20260921,negative,-70,C,Paid-in capital increases can create dilution concerns.,5,6,6,0,5,"9월 21일 주식시장 주요공시 | [N2 모닝 경제 브리핑-9월 22일] 美 증시, 유가·금리 하락에 상승 마감... | [주요공시] 삼성물산, 에스엠벡셀, 제이스로보틱스, 셀트리온, 에코프로...",2026-09-22,0.0174,0.021,,failure
042940,상지건설,[기재정정]주요사항보고서(유상증자결정),paid_in_capital_increase,20260921,negative,-70,C,Paid-in capital increases can create dilution concerns.,5,6,6,0,5,"9월 21일 주식시장 주요공시 | [N2 모닝 경제 브리핑-9월 22일] 美 증시, 유가·금리 하락에 상승 마감... | [주요공시] 삼성물산, 에스엠벡셀, 제이스로보틱스, 셀트리온, 에코프로...",2026-09-22,0.0174,0.021,,failure
042940,상지건설,[기재정정]주요사항보고서(유상증자결정),paid_in_capital_increase,20260921,negative,-70,C,Paid-in capital increases can create dilution concerns.,5,6,6,0,5,"9월 21일 주식시장 주요공시 | [N2 모닝 경제 브리핑-9월 22일] 美 증시, 유가·금리 하락에 상승 마감... | [주요공시] 삼성물산, 에스엠벡셀, 제이스로보틱스, 셀트리온, 에코프로...",2026-09-22,0.0174,0.021,,failure
042940,상지건설,[기재정정]주요사항보고서(유상증자결정),paid_in_capital_increase,20260921,negative,-70,C,Paid-in capital increases can create dilution concerns.,5,6,6,0,5,"9월 21일 주식시장 주요공시 | [N2 모닝 경제 브리핑-9월 22일] 美 증시, 유가·금리 하락에 상승 마감... | [주요공시] 삼성물산, 에스엠벡셀, 제이스로보틱스, 셀트리온, 에코프로...",2026-09-22,0.0174,0.021,,failure
042940,상지건설,[기재정정]주요사항보고서(유상증자결정),paid_in_capital_increase,20260921,negative,-70,C,Paid-in capital increases can create dilution concerns.,5,6,6,0,5,"9월 21일 주식시장 주요공시 | [N2 모닝 경제 브리핑-9월 22일] 美 증시, 유가·금리 하락에 상승 마감... | [주요공시] 삼성물산, 에스엠벡셀, 제이스로보틱스, 셀트리온, 에코프로...",2026-09-22,0.0174,0.021,,failure
042940,상지건설,[기재정정]주요사항보고서(유상증자결정),paid_in_capital_increase,20260921,negative,-70,C,Paid-in capital increases can create dilution concerns.,5,6,6,0,5,"9월 21일 주식시장 주요공시 | [N2 모닝 경제 브리핑-9월 22일] 美 증시, 유가·금리 하락에 상승 마감... | [주요공시] 삼성물산, 에스엠벡셀, 제이스로보틱스, 셀트리온, 에코프로...",2026-09-22,0.0174,0.021,,failure
042940,상지건설,[기재정정]주요사항보고서(유상증자결정),paid_in_capital_increase,20260921,negative,-70,C,Paid-in capital increases can create dilution concerns.,5,6,6,0,5,"9월 21일 주식시장 주요공시 | [N2 모닝 경제 브리핑-9월 22일] 美 증시, 유가·금리 하락에 상승 마감... | [주요공시] 삼성물산, 에스엠벡셀, 제이스로보틱스, 셀트리온, 에코프로...",2026-09-22,0.0174,0.021,,failure
042940,상지건설,[기재정정]주요사항보고서(유상증자결정),paid_in_capital_increase,20260921,negative,-70,C,Paid-in capital increases can create dilution concerns.,5,6,6,0,5,"9월 21일 주식시장 주요공시 | [N2 모닝 경제 브리핑-9월 22일] 美 증시, 유가·금리 하락에 상승 마감... | [주요공시] 삼성물산, 에스엠벡셀, 제이스로보틱스, 셀트리온, 에코프로...",2026-09-22,0.0174,0.021,,failure
042940,상지건설,[기재정정]주요사항보고서(유상증자결정),paid_in_capital_increase,20260921,negative,-70,C,Paid-in capital increases can create dilution concerns.,5,6,6,0,5,"9월 21일 주식시장 주요공시 | [N2 모닝 경제 브리핑-9월 22일] 美 증시, 유가·금리 하락에 상승 마감... | [주요공시] 삼성물산, 에스엠벡셀, 제이스로보틱스, 셀트리온, 에코프로...",2026-09-22,0.0174,0.021,,failure
042940,상지건설,[기재정정]주요사항보고서(유상증자결정),paid_in_capital_increase,20260921,negative,-70,C,Paid-in capital increases can create dilution concerns.,5,6,6,0,5,"9월 21일 주식시장 주요공시 | [N2 모닝 경제 브리핑-9월 22일] 美 증시, 유가·금리 하락에 상승 마감... | [주요공시] 삼성물산, 에스엠벡셀, 제이스로보틱스, 셀트리온, 에코프로...",2026-09-22,0.0174,0.021,,failure
042940,상지건설,[기재정정]주요사항보고서(유상증자결정),paid_in_capital_increase,20260921,negative,-70,C,Paid-in capital increases can create dilution concerns.,5,6,6,0,5,"9월 21일 주식시장 주요공시 | [N2 모닝 경제 브리핑-9월 22일] 美 증시, 유가·금리 하락에 상승 마감... | [주요공시] 삼성물산, 에스엠벡셀, 제이스로보틱스, 셀트리온, 에코프로...",2026-09-22,0.0174,0.021,,failure
042940,상지건설,[기재정정]주요사항보고서(유상증자결정),paid_in_capital_increase,20260921,negative,-70,C,Paid-in capital increases can create dilution concerns.,5,6,6,0,5,"9월 21일 주식시장 주요공시 | [N2 모닝 경제 브리핑-9월 22일] 美 증시, 유가·금리 하락에 상승 마감... | [주요공시] 삼성물산, 에스엠벡셀, 제이스로보틱스, 셀트리온, 에코프로...",2026-09-22,0.0174,0.021,,failure
042940,상지건설,[기재정정]주요사항보고서(유상증자결정),paid_in_capital_increase,20260921,negative,-70,C,Paid-in capital increases can create dilution concerns.,5,6,6,0,5,"9월 21일 주식시장 주요공시 | [N2 모닝 경제 브리핑-9월 22일] 美 증시, 유가·금리 하락에 상승 마감... | [주요공시] 삼성물산, 에스엠벡셀, 제이스로보틱스, 셀트리온, 에코프로...",2026-09-22,0.0174,0.021,,failure
042940,상지건설,[기재정정]주요사항보고서(유상증자결정),paid_in_capital_increase,20260921,negative,-70,C,Paid-in capital increases can create dilution concerns.,5,6,6,0,5,"9월 21일 주식시장 주요공시 | [N2 모닝 경제 브리핑-9월 22일] 美 증시, 유가·금리 하락에 상승 마감... | [주요공시] 삼성물산, 에스엠벡셀, 제이스로보틱스, 셀트리온, 에코프로...",2026-09-22,0.0174,0.021,,failure
042940,상지건설,[기재정정]주요사항보고서(유상증자결정),paid_in_capital_increase,20260921,negative,-70,C,Paid-in capital increases can create dilution concerns.,5,6,6,0,5,"9월 21일 주식시장 주요공시 | [N2 모닝 경제 브리핑-9월 22일] 美 증시, 유가·금리 하락에 상승 마감... | [주요공시] 삼성물산, 에스엠벡셀, 제이스로보틱스, 셀트리온, 에코프로...",2026-09-22,0.0174,0.021,,failure
042940,상지건설,[기재정정]주요사항보고서(유상증자결정),paid_in_capital_increase,20260921,negative,-70,C,Paid-in capital increases can create dilution concerns.,5,6,6,0,5,"9월 21일 주식시장 주요공시 | [N2 모닝 경제 브리핑-9월 22일] 美 증시, 유가·금리 하락에 상승 마감... | [주요공시] 삼성물산, 에스엠벡셀, 제이스로보틱스, 셀트리온, 에코프로...",2026-09-22,0.0174,0.021,,failure
042940,상지건설,[기재정정]주요사항보고서(유상증자결정),paid_in_capital_increase,20260921,negative,-70,C,Paid-in capital increases can create dilution concerns.,5,6,6,0,5,"9월 21일 주식시장 주요공시 | [N2 모닝 경제 브리핑-9월 22일] 美 증시, 유가·금리 하락에 상승 마감... | [주요공시] 삼성물산, 에스엠벡셀, 제이스로보틱스, 셀트리온, 에코프로...",2026-09-22,0.0174,0.021,,failure
042940,상지건설,[기재정정]주요사항보고서(유상증자결정),paid_in_capital_increase,20260921,negative,-70,C,Paid-in capital increases can create dilution concerns.,5,6,6,0,5,"9월 21일 주식시장 주요공시 | [N2 모닝 경제 브리핑-9월 22일] 美 증시, 유가·금리 하락에 상승 마감... | [주요공시] 삼성물산, 에스엠벡셀, 제이스로보틱스, 셀트리온, 에코프로...",2026-09-22,0.0174,0.021,,failure
042940,상지건설,[기재정정]주요사항보고서(유상증자결정),paid_in_capital_increase,20260921,negative,-70,C,Paid-in capital increases can create dilution concerns.,5,6,6,0,5,"9월 21일 주식시장 주요공시 | [N2 모닝 경제 브리핑-9월 22일] 美 증시, 유가·금리 하락에 상승 마감... | [주요공시] 삼성물산, 에스엠벡셀, 제이스로보틱스, 셀트리온, 에코프로...",2026-09-22,0.0174,0.021,,failure
042940,상지건설,[기재정정]주요사항보고서(유상증자결정),paid_in_capital_increase,20260921,negative,-70,C,Paid-in capital increases can create dilution concerns.,5,6,6,0,5,"9월 21일 주식시장 주요공시 | [N2 모닝 경제 브리핑-9월 22일] 美 증시, 유가·금리 하락에 상승 마감... | [주요공시] 삼성물산, 에스엠벡셀, 제이스로보틱스, 셀트리온, 에코프로...",2026-09-22,0.0174,0.021,,failure
042940,상지건설,[기재정정]주요사항보고서(유상증자결정),paid_in_capital_increase,20260921,negative,-70,C,Paid-in capital increases can create dilution concerns.,5,6,6,0,5,"9월 21일 주식시장 주요공시 | [N2 모닝 경제 브리핑-9월 22일] 美 증시, 유가·금리 하락에 상승 마감... | [주요공시] 삼성물산, 에스엠벡셀, 제이스로보틱스, 셀트리온, 에코프로...",2026-09-22,0.0174,0.021,,failure
042940,상지건설,[기재정정]주요사항보고서(유상증자결정),paid_in_capital_increase,20260921,negative,-70,C,Paid-in capital increases can create dilution concerns.,5,6,6,0,5,"9월 21일 주식시장 주요공시 | [N2 모닝 경제 브리핑-9월 22일] 美 증시, 유가·금리 하락에 상승 마감... | [주요공시] 삼성물산, 에스엠벡셀, 제이스로보틱스, 셀트리온, 에코프로...",2026-09-22,0.0174,0.021,,failure
042940,상지건설,[기재정정]주요사항보고서(유상증자결정),paid_in_capital_increase,20260921,negative,-70,C,Paid-in capital increases can create dilution concerns.,5,6,6,0,5,"9월 21일 주식시장 주요공시 | [N2 모닝 경제 브리핑-9월 22일] 美 증시, 유가·금리 하락에 상승 마감... | [주요공시] 삼성물산, 에스엠벡셀, 제이스로보틱스, 셀트리온, 에코프로...",2026-09-22,0.0174,0.021,,failure
042940,상지건설,[기재정정]주요사항보고서(유상증자결정),paid_in_capital_increase,20260921,negative,-70,C,Paid-in capital increases can create dilution concerns.,5,6,6,0,5,"9월 21일 주식시장 주요공시 | [N2 모닝 경제 브리핑-9월 22일] 美 증시, 유가·금리 하락에 상승 마감... | [주요공시] 삼성물산, 에스엠벡셀, 제이스로보틱스, 셀트리온, 에코프로...",2026-09-22,0.0174,0.021,,failure
042940,상지건설,[기재정정]주요사항보고서(유상증자결정),paid_in_capital_increase,20260921,negative,-70,C,Paid-in capital increases can create dilution concerns.,5,6,6,0,5,"9월 21일 주식시장 주요공시 | [N2 모닝 경제 브리핑-9월 22일] 美 증시, 유가·금리 하락에 상승 마감... | [주요공시] 삼성물산, 에스엠벡셀, 제이스로보틱스, 셀트리온, 에코프로...",2026-09-22,0.0174,0.021,,failure
042940,상지건설,[기재정정]주요사항보고서(유상증자결정),paid_in_capital_increase,20260921,negative,-70,C,Paid-in capital increases can create dilution concerns.,5,6,6,0,5,"9월 21일 주식시장 주요공시 | [N2 모닝 경제 브리핑-9월 22일] 美 증시, 유가·금리 하락에 상승 마감... | [주요공시] 삼성물산, 에스엠벡셀, 제이스로보틱스, 셀트리온, 에코프로...",2026-09-22,0.0174,0.021,,failure
042940,상지건설,[기재정정]주요사항보고서(유상증자결정),paid_in_capital_increase,20260921,negative,-70,C,Paid-in capital increases can create dilution concerns.,5,6,6,0,5,"9월 21일 주식시장 주요공시 | [N2 모닝 경제 브리핑-9월 22일] 美 증시, 유가·금리 하락에 상승 마감... | [주요공시] 삼성물산, 에스엠벡셀, 제이스로보틱스, 셀트리온, 에코프로...",2026-09-22,0.0174,0.021,,failure
042940,상지건설,[기재정정]주요사항보고서(유상증자결정),paid_in_capital_increase,20260921,negative,-70,C,Paid-in capital increases can create dilution concerns.,5,6,6,0,5,"9월 21일 주식시장 주요공시 | [N2 모닝 경제 브리핑-9월 22일] 美 증시, 유가·금리 하락에 상승 마감... | [주요공시] 삼성물산, 에스엠벡셀, 제이스로보틱스, 셀트리온, 에코프로...",2026-09-22,0.0174,0.021,,failure
042940,상지건설,[기재정정]주요사항보고서(유상증자결정),paid_in_capital_increase,20260921,negative,-70,C,Paid-in capital increases can create dilution concerns.,5,6,6,0,5,"9월 21일 주식시장 주요공시 | [N2 모닝 경제 브리핑-9월 22일] 美 증시, 유가·금리 하락에 상승 마감... | [주요공시] 삼성물산, 에스엠벡셀, 제이스로보틱스, 셀트리온, 에코프로...",2026-09-22,0.0174,0.021,,failure
042940,상지건설,[기재정정]주요사항보고서(유상증자결정),paid_in_capital_increase,20260921,negative,-70,C,Paid-in capital increases can create dilution concerns.,5,6,6,0,5,"9월 21일 주식시장 주요공시 | [N2 모닝 경제 브리핑-9월 22일] 美 증시, 유가·금리 하락에 상승 마감... | [주요공시] 삼성물산, 에스엠벡셀, 제이스로보틱스, 셀트리온, 에코프로...",2026-09-22,0.0174,0.021,,failure
042940,상지건설,[기재정정]주요사항보고서(유상증자결정),paid_in_capital_increase,20260921,negative,-70,C,Paid-in capital increases can create dilution concerns.,5,6,6,0,5,"9월 21일 주식시장 주요공시 | [N2 모닝 경제 브리핑-9월 22일] 美 증시, 유가·금리 하락에 상승 마감... | [주요공시] 삼성물산, 에스엠벡셀, 제이스로보틱스, 셀트리온, 에코프로...",2026-09-22,0.0174,0.021,,failure
042940,상지건설,[기재정정]주요사항보고서(유상증자결정),paid_in_capital_increase,20260921,negative,-70,C,Paid-in capital increases can create dilution concerns.,5,6,6,0,5,"9월 21일 주식시장 주요공시 | [N2 모닝 경제 브리핑-9월 22일] 美 증시, 유가·금리 하락에 상승 마감... | [주요공시] 삼성물산, 에스엠벡셀, 제이스로보틱스, 셀트리온, 에코프로...",2026-09-22,0.0174,0.021,,failure
042940,상지건설,[기재정정]주요사항보고서(유상증자결정),paid_in_capital_increase,20260921,negative,-70,C,Paid-in capital increases can create dilution concerns.,5,6,6,0,5,"9월 21일 주식시장 주요공시 | [N2 모닝 경제 브리핑-9월 22일] 美 증시, 유가·금리 하락에 상승 마감... | [주요공시] 삼성물산, 에스엠벡셀, 제이스로보틱스, 셀트리온, 에코프로...",2026-09-22,0.0174,0.021,,failure
042940,상지건설,[기재정정]주요사항보고서(유상증자결정),paid_in_capital_increase,20260921,negative,-70,C,Paid-in capital increases can create dilution concerns.,5,6,6,0,5,"9월 21일 주식시장 주요공시 | [N2 모닝 경제 브리핑-9월 22일] 美 증시, 유가·금리 하락에 상승 마감... | [주요공시] 삼성물산, 에스엠벡셀, 제이스로보틱스, 셀트리온, 에코프로...",2026-09-22,0.0174,0.021,,failure
042940,상지건설,[기재정정]주요사항보고서(유상증자결정),paid_in_capital_increase,20260921,negative,-70,C,Paid-in capital increases can create dilution concerns.,5,6,6,0,5,"9월 21일 주식시장 주요공시 | [N2 모닝 경제 브리핑-9월 22일] 美 증시, 유가·금리 하락에 상승 마감... | [주요공시] 삼성물산, 에스엠벡셀, 제이스로보틱스, 셀트리온, 에코프로...",2026-09-22,0.0174,0.021,,failure
042940,상지건설,[기재정정]주요사항보고서(유상증자결정),paid_in_capital_increase,20260921,negative,-70,C,Paid-in capital increases can create dilution concerns.,5,6,6,0,5,"9월 21일 주식시장 주요공시 | [N2 모닝 경제 브리핑-9월 22일] 美 증시, 유가·금리 하락에 상승 마감... | [주요공시] 삼성물산, 에스엠벡셀, 제이스로보틱스, 셀트리온, 에코프로...",2026-09-22,0.0174,0.021,,failure
042940,상지건설,[기재정정]주요사항보고서(유상증자결정),paid_in_capital_increase,20260921,negative,-70,C,Paid-in capital increases can create dilution concerns.,5,6,6,0,5,"9월 21일 주식시장 주요공시 | [N2 모닝 경제 브리핑-9월 22일] 美 증시, 유가·금리 하락에 상승 마감... | [주요공시] 삼성물산, 에스엠벡셀, 제이스로보틱스, 셀트리온, 에코프로...",2026-09-22,0.0174,0.021,,failure
042940,상지건설,[기재정정]주요사항보고서(유상증자결정),paid_in_capital_increase,20260921,negative,-70,C,Paid-in capital increases can create dilution concerns.,5,6,6,0,5,"9월 21일 주식시장 주요공시 | [N2 모닝 경제 브리핑-9월 22일] 美 증시, 유가·금리 하락에 상승 마감... | [주요공시] 삼성물산, 에스엠벡셀, 제이스로보틱스, 셀트리온, 에코프로...",2026-09-22,0.0174,0.021,,failure
042940,상지건설,[기재정정]주요사항보고서(유상증자결정),paid_in_capital_increase,20260921,negative,-70,C,Paid-in capital increases can create dilution concerns.,5,6,6,0,5,"9월 21일 주식시장 주요공시 | [N2 모닝 경제 브리핑-9월 22일] 美 증시, 유가·금리 하락에 상승 마감... | [주요공시] 삼성물산, 에스엠벡셀, 제이스로보틱스, 셀트리온, 에코프로...",2026-09-22,0.0174,0.021,,failure
042940,상지건설,[기재정정]주요사항보고서(유상증자결정),paid_in_capital_increase,20260921,negative,-70,C,Paid-in capital increases can create dilution concerns.,5,6,6,0,5,"9월 21일 주식시장 주요공시 | [N2 모닝 경제 브리핑-9월 22일] 美 증시, 유가·금리 하락에 상승 마감... | [주요공시] 삼성물산, 에스엠벡셀, 제이스로보틱스, 셀트리온, 에코프로...",2026-09-22,0.0174,0.021,,failure
042940,상지건설,[기재정정]주요사항보고서(유상증자결정),paid_in_capital_increase,20260921,negative,-70,C,Paid-in capital increases can create dilution concerns.,5,6,6,0,5,"9월 21일 주식시장 주요공시 | [N2 모닝 경제 브리핑-9월 22일] 美 증시, 유가·금리 하락에 상승 마감... | [주요공시] 삼성물산, 에스엠벡셀, 제이스로보틱스, 셀트리온, 에코프로...",2026-09-22,0.0174,0.021,,failure
042940,상지건설,[기재정정]주요사항보고서(유상증자결정),paid_in_capital_increase,20260921,negative,-70,C,Paid-in capital increases can create dilution concerns.,5,6,6,0,5,"9월 21일 주식시장 주요공시 | [N2 모닝 경제 브리핑-9월 22일] 美 증시, 유가·금리 하락에 상승 마감... | [주요공시] 삼성물산, 에스엠벡셀, 제이스로보틱스, 셀트리온, 에코프로...",2026-09-22,0.0174,0.021,,failure
042940,상지건설,[기재정정]주요사항보고서(유상증자결정),paid_in_capital_increase,20260921,negative,-70,C,Paid-in capital increases can create dilution concerns.,5,6,6,0,5,"9월 21일 주식시장 주요공시 | [N2 모닝 경제 브리핑-9월 22일] 美 증시, 유가·금리 하락에 상승 마감... | [주요공시] 삼성물산, 에스엠벡셀, 제이스로보틱스, 셀트리온, 에코프로...",2026-09-22,0.0174,0.021,,failure
042940,상지건설,[기재정정]주요사항보고서(유상증자결정),paid_in_capital_increase,20260921,negative,-70,C,Paid-in capital increases can create dilution concerns.,5,6,6,0,5,"9월 21일 주식시장 주요공시 | [N2 모닝 경제 브리핑-9월 22일] 美 증시, 유가·금리 하락에 상승 마감... | [주요공시] 삼성물산, 에스엠벡셀, 제이스로보틱스, 셀트리온, 에코프로...",2026-09-22,0.0174,0.021,,failure
042940,상지건설,[기재정정]주요사항보고서(유상증자결정),paid_in_capital_increase,20260921,negative,-70,C,Paid-in capital increases can create dilution concerns.,5,6,6,0,5,"9월 21일 주식시장 주요공시 | [N2 모닝 경제 브리핑-9월 22일] 美 증시, 유가·금리 하락에 상승 마감... | [주요공시] 삼성물산, 에스엠벡셀, 제이스로보틱스, 셀트리온, 에코프로...",2026-09-22,0.0174,0.021,,failure
042940,상지건설,[기재정정]주요사항보고서(유상증자결정),paid_in_capital_increase,20260921,negative,-70,C,Paid-in capital increases can create dilution concerns.,5,6,6,0,5,"9월 21일 주식시장 주요공시 | [N2 모닝 경제 브리핑-9월 22일] 美 증시, 유가·금리 하락에 상승 마감... | [주요공시] 삼성물산, 에스엠벡셀, 제이스로보틱스, 셀트리온, 에코프로...",2026-09-22,0.0174,0.021,,failure
042940,상지건설,[기재정정]주요사항보고서(유상증자결정),paid_in_capital_increase,20260921,negative,-70,C,Paid-in capital increases can create dilution concerns.,5,6,6,0,5,"9월 21일 주식시장 주요공시 | [N2 모닝 경제 브리핑-9월 22일] 美 증시, 유가·금리 하락에 상승 마감... | [주요공시] 삼성물산, 에스엠벡셀, 제이스로보틱스, 셀트리온, 에코프로...",2026-09-22,0.0174,0.021,,failure
042940,상지건설,[기재정정]주요사항보고서(유상증자결정),paid_in_capital_increase,20260921,negative,-70,C,Paid-in capital increases can create dilution concerns.,5,6,6,0,5,"9월 21일 주식시장 주요공시 | [N2 모닝 경제 브리핑-9월 22일] 美 증시, 유가·금리 하락에 상승 마감... | [주요공시] 삼성물산, 에스엠벡셀, 제이스로보틱스, 셀트리온, 에코프로...",2026-09-22,0.0174,0.021,,failure
042940,상지건설,[기재정정]주요사항보고서(유상증자결정),paid_in_capital_increase,20260921,negative,-70,C,Paid-in capital increases can create dilution concerns.,5,6,6,0,5,"9월 21일 주식시장 주요공시 | [N2 모닝 경제 브리핑-9월 22일] 美 증시, 유가·금리 하락에 상승 마감... | [주요공시] 삼성물산, 에스엠벡셀, 제이스로보틱스, 셀트리온, 에코프로...",2026-09-22,0.0174,0.021,,failure
042940,상지건설,[기재정정]주요사항보고서(유상증자결정),paid_in_capital_increase,20260921,negative,-70,C,Paid-in capital increases can create dilution concerns.,5,6,6,0,5,"9월 21일 주식시장 주요공시 | [N2 모닝 경제 브리핑-9월 22일] 美 증시, 유가·금리 하락에 상승 마감... | [주요공시] 삼성물산, 에스엠벡셀, 제이스로보틱스, 셀트리온, 에코프로...",2026-09-22,0.0174,0.021,,failure
042940,상지건설,[기재정정]주요사항보고서(유상증자결정),paid_in_capital_increase,20260921,negative,-70,C,Paid-in capital increases can create dilution concerns.,5,6,6,0,5,"9월 21일 주식시장 주요공시 | [N2 모닝 경제 브리핑-9월 22일] 美 증시, 유가·금리 하락에 상승 마감... | [주요공시] 삼성물산, 에스엠벡셀, 제이스로보틱스, 셀트리온, 에코프로...",2026-09-22,0.0174,0.021,,failure
042940,상지건설,[기재정정]주요사항보고서(유상증자결정),paid_in_capital_increase,20260921,negative,-70,C,Paid-in capital increases can create dilution concerns.,5,6,6,0,5,"9월 21일 주식시장 주요공시 | [N2 모닝 경제 브리핑-9월 22일] 美 증시, 유가·금리 하락에 상승 마감... | [주요공시] 삼성물산, 에스엠벡셀, 제이스로보틱스, 셀트리온, 에코프로...",2026-09-22,0.0174,0.021,,failure
042940,상지건설,[기재정정]주요사항보고서(유상증자결정),paid_in_capital_increase,20260921,negative,-70,C,Paid-in capital increases can create dilution concerns.,5,6,6,0,5,"9월 21일 주식시장 주요공시 | [N2 모닝 경제 브리핑-9월 22일] 美 증시, 유가·금리 하락에 상승 마감... | [주요공시] 삼성물산, 에스엠벡셀, 제이스로보틱스, 셀트리온, 에코프로...",2026-09-22,0.0174,0.021,,failure
042940,상지건설,[기재정정]주요사항보고서(유상증자결정),paid_in_capital_increase,20260921,negative,-70,C,Paid-in capital increases can create dilution concerns.,5,6,6,0,5,"9월 21일 주식시장 주요공시 | [N2 모닝 경제 브리핑-9월 22일] 美 증시, 유가·금리 하락에 상승 마감... | [주요공시] 삼성물산, 에스엠벡셀, 제이스로보틱스, 셀트리온, 에코프로...",2026-09-22,0.0174,0.021,,failure
042940,상지건설,[기재정정]주요사항보고서(유상증자결정),paid_in_capital_increase,20260921,negative,-70,C,Paid-in capital increases can create dilution concerns.,5,6,6,0,5,"9월 21일 주식시장 주요공시 | [N2 모닝 경제 브리핑-9월 22일] 美 증시, 유가·금리 하락에 상승 마감... | [주요공시] 삼성물산, 에스엠벡셀, 제이스로보틱스, 셀트리온, 에코프로...",2026-09-22,0.0174,0.021,,failure
042940,상지건설,[기재정정]주요사항보고서(유상증자결정),paid_in_capital_increase,20260921,negative,-70,C,Paid-in capital increases can create dilution concerns.,5,6,6,0,5,"9월 21일 주식시장 주요공시 | [N2 모닝 경제 브리핑-9월 22일] 美 증시, 유가·금리 하락에 상승 마감... | [주요공시] 삼성물산, 에스엠벡셀, 제이스로보틱스, 셀트리온, 에코프로...",2026-09-22,0.0174,0.021,,failure
042940,상지건설,[기재정정]주요사항보고서(유상증자결정),paid_in_capital_increase,20260921,negative,-70,C,Paid-in capital increases can create dilution concerns.,5,6,6,0,5,"9월 21일 주식시장 주요공시 | [N2 모닝 경제 브리핑-9월 22일] 美 증시, 유가·금리 하락에 상승 마감... | [주요공시] 삼성물산, 에스엠벡셀, 제이스로보틱스, 셀트리온, 에코프로...",2026-09-22,0.0174,0.021,,failure
042940,상지건설,[기재정정]주요사항보고서(유상증자결정),paid_in_capital_increase,20260921,negative,-70,C,Paid-in capital increases can create dilution concerns.,5,6,6,0,5,"9월 21일 주식시장 주요공시 | [N2 모닝 경제 브리핑-9월 22일] 美 증시, 유가·금리 하락에 상승 마감... | [주요공시] 삼성물산, 에스엠벡셀, 제이스로보틱스, 셀트리온, 에코프로...",2026-09-22,0.0174,0.021,,failure
042940,상지건설,[기재정정]주요사항보고서(유상증자결정),paid_in_capital_increase,20260921,negative,-70,C,Paid-in capital increases can create dilution concerns.,5,6,6,0,5,"9월 21일 주식시장 주요공시 | [N2 모닝 경제 브리핑-9월 22일] 美 증시, 유가·금리 하락에 상승 마감... | [주요공시] 삼성물산, 에스엠벡셀, 제이스로보틱스, 셀트리온, 에코프로...",2026-09-22,0.0174,0.021,,failure
042940,상지건설,[기재정정]주요사항보고서(유상증자결정),paid_in_capital_increase,20260921,negative,-70,C,Paid-in capital increases can create dilution concerns.,5,6,6,0,5,"9월 21일 주식시장 주요공시 | [N2 모닝 경제 브리핑-9월 22일] 美 증시, 유가·금리 하락에 상승 마감... | [주요공시] 삼성물산, 에스엠벡셀, 제이스로보틱스, 셀트리온, 에코프로...",2026-09-22,0.0174,0.021,,failure
042940,상지건설,[기재정정]주요사항보고서(유상증자결정),paid_in_capital_increase,20260921,negative,-70,C,Paid-in capital increases can create dilution concerns.,5,6,6,0,5,"9월 21일 주식시장 주요공시 | [N2 모닝 경제 브리핑-9월 22일] 美 증시, 유가·금리 하락에 상승 마감... | [주요공시] 삼성물산, 에스엠벡셀, 제이스로보틱스, 셀트리온, 에코프로...",2026-09-22,0.0174,0.021,,failure
042940,상지건설,[기재정정]주요사항보고서(유상증자결정),paid_in_capital_increase,20260921,negative,-70,C,Paid-in capital increases can create dilution concerns.,5,6,6,0,5,"9월 21일 주식시장 주요공시 | [N2 모닝 경제 브리핑-9월 22일] 美 증시, 유가·금리 하락에 상승 마감... | [주요공시] 삼성물산, 에스엠벡셀, 제이스로보틱스, 셀트리온, 에코프로...",2026-09-22,0.0174,0.021,,failure
042940,상지건설,[기재정정]주요사항보고서(유상증자결정),paid_in_capital_increase,20260921,negative,-70,C,Paid-in capital increases can create dilution concerns.,5,6,6,0,5,"9월 21일 주식시장 주요공시 | [N2 모닝 경제 브리핑-9월 22일] 美 증시, 유가·금리 하락에 상승 마감... | [주요공시] 삼성물산, 에스엠벡셀, 제이스로보틱스, 셀트리온, 에코프로...",2026-09-22,0.0174,0.021,,failure
042940,상지건설,[기재정정]주요사항보고서(유상증자결정),paid_in_capital_increase,20260921,negative,-70,C,Paid-in capital increases can create dilution concerns.,5,6,6,0,5,"9월 21일 주식시장 주요공시 | [N2 모닝 경제 브리핑-9월 22일] 美 증시, 유가·금리 하락에 상승 마감... | [주요공시] 삼성물산, 에스엠벡셀, 제이스로보틱스, 셀트리온, 에코프로...",2026-09-22,0.0174,0.021,,failure
042940,상지건설,[기재정정]주요사항보고서(유상증자결정),paid_in_capital_increase,20260921,negative,-70,C,Paid-in capital increases can create dilution concerns.,5,6,6,0,5,"9월 21일 주식시장 주요공시 | [N2 모닝 경제 브리핑-9월 22일] 美 증시, 유가·금리 하락에 상승 마감... | [주요공시] 삼성물산, 에스엠벡셀, 제이스로보틱스, 셀트리온, 에코프로...",2026-09-22,0.0174,0.021,,failure
042940,상지건설,[기재정정]주요사항보고서(유상증자결정),paid_in_capital_increase,20260921,negative,-70,C,Paid-in capital increases can create dilution concerns.,5,6,6,0,5,"9월 21일 주식시장 주요공시 | [N2 모닝 경제 브리핑-9월 22일] 美 증시, 유가·금리 하락에 상승 마감... | [주요공시] 삼성물산, 에스엠벡셀, 제이스로보틱스, 셀트리온, 에코프로...",2026-09-22,0.0174,0.021,,failure
042940,상지건설,[기재정정]주요사항보고서(유상증자결정),paid_in_capital_increase,20260921,negative,-70,C,Paid-in capital increases can create dilution concerns.,5,6,6,0,5,"9월 21일 주식시장 주요공시 | [N2 모닝 경제 브리핑-9월 22일] 美 증시, 유가·금리 하락에 상승 마감... | [주요공시] 삼성물산, 에스엠벡셀, 제이스로보틱스, 셀트리온, 에코프로...",2026-09-22,0.0174,0.021,,failure
042940,상지건설,[기재정정]주요사항보고서(유상증자결정),paid_in_capital_increase,20260921,negative,-70,C,Paid-in capital increases can create dilution concerns.,5,6,6,0,5,"9월 21일 주식시장 주요공시 | [N2 모닝 경제 브리핑-9월 22일] 美 증시, 유가·금리 하락에 상승 마감... | [주요공시] 삼성물산, 에스엠벡셀, 제이스로보틱스, 셀트리온, 에코프로...",2026-09-22,0.0174,0.021,,failure
042940,상지건설,[기재정정]주요사항보고서(유상증자결정),paid_in_capital_increase,20260921,negative,-70,C,Paid-in capital increases can create dilution concerns.,5,6,6,0,5,"9월 21일 주식시장 주요공시 | [N2 모닝 경제 브리핑-9월 22일] 美 증시, 유가·금리 하락에 상승 마감... | [주요공시] 삼성물산, 에스엠벡셀, 제이스로보틱스, 셀트리온, 에코프로...",2026-09-22,0.0174,0.021,,failure
042940,상지건설,[기재정정]주요사항보고서(유상증자결정),paid_in_capital_increase,20260921,negative,-70,C,Paid-in capital increases can create dilution concerns.,5,6,6,0,5,"9월 21일 주식시장 주요공시 | [N2 모닝 경제 브리핑-9월 22일] 美 증시, 유가·금리 하락에 상승 마감... | [주요공시] 삼성물산, 에스엠벡셀, 제이스로보틱스, 셀트리온, 에코프로...",2026-09-22,0.0174,0.021,,failure
042940,상지건설,[기재정정]주요사항보고서(유상증자결정),paid_in_capital_increase,20260921,negative,-70,C,Paid-in capital increases can create dilution concerns.,5,6,6,0,5,"9월 21일 주식시장 주요공시 | [N2 모닝 경제 브리핑-9월 22일] 美 증시, 유가·금리 하락에 상승 마감... | [주요공시] 삼성물산, 에스엠벡셀, 제이스로보틱스, 셀트리온, 에코프로...",2026-09-22,0.0174,0.021,,failure
042940,상지건설,[기재정정]주요사항보고서(유상증자결정),paid_in_capital_increase,20260921,negative,-70,C,Paid-in capital increases can create dilution concerns.,5,6,6,0,5,"9월 21일 주식시장 주요공시 | [N2 모닝 경제 브리핑-9월 22일] 美 증시, 유가·금리 하락에 상승 마감... | [주요공시] 삼성물산, 에스엠벡셀, 제이스로보틱스, 셀트리온, 에코프로...",2026-09-22,0.0174,0.021,,failure
042940,상지건설,[기재정정]주요사항보고서(유상증자결정),paid_in_capital_increase,20260921,negative,-70,C,Paid-in capital increases can create dilution concerns.,5,6,6,0,5,"9월 21일 주식시장 주요공시 | [N2 모닝 경제 브리핑-9월 22일] 美 증시, 유가·금리 하락에 상승 마감... | [주요공시] 삼성물산, 에스엠벡셀, 제이스로보틱스, 셀트리온, 에코프로...",2026-09-22,0.0174,0.021,,failure
042940,상지건설,[기재정정]주요사항보고서(유상증자결정),paid_in_capital_increase,20260921,negative,-70,C,Paid-in capital increases can create dilution concerns.,5,6,6,0,5,"9월 21일 주식시장 주요공시 | [N2 모닝 경제 브리핑-9월 22일] 美 증시, 유가·금리 하락에 상승 마감... | [주요공시] 삼성물산, 에스엠벡셀, 제이스로보틱스, 셀트리온, 에코프로...",2026-09-22,0.0174,0.021,,failure
042940,상지건설,[기재정정]주요사항보고서(유상증자결정),paid_in_capital_increase,20260921,negative,-70,C,Paid-in capital increases can create dilution concerns.,5,6,6,0,5,"9월 21일 주식시장 주요공시 | [N2 모닝 경제 브리핑-9월 22일] 美 증시, 유가·금리 하락에 상승 마감... | [주요공시] 삼성물산, 에스엠벡셀, 제이스로보틱스, 셀트리온, 에코프로...",2026-09-22,0.0174,0.021,,failure
042940,상지건설,[기재정정]주요사항보고서(유상증자결정),paid_in_capital_increase,20260921,negative,-70,C,Paid-in capital increases can create dilution concerns.,5,6,6,0,5,"9월 21일 주식시장 주요공시 | [N2 모닝 경제 브리핑-9월 22일] 美 증시, 유가·금리 하락에 상승 마감... | [주요공시] 삼성물산, 에스엠벡셀, 제이스로보틱스, 셀트리온, 에코프로...",2026-09-22,0.0174,0.021,,failure
042940,상지건설,[기재정정]주요사항보고서(유상증자결정),paid_in_capital_increase,20260921,negative,-70,C,Paid-in capital increases can create dilution concerns.,5,6,6,0,5,"9월 21일 주식시장 주요공시 | [N2 모닝 경제 브리핑-9월 22일] 美 증시, 유가·금리 하락에 상승 마감... | [주요공시] 삼성물산, 에스엠벡셀, 제이스로보틱스, 셀트리온, 에코프로...",2026-09-22,0.0174,0.021,,failure
042940,상지건설,[기재정정]주요사항보고서(유상증자결정),paid_in_capital_increase,20260921,negative,-70,C,Paid-in capital increases can create dilution concerns.,5,6,6,0,5,"9월 21일 주식시장 주요공시 | [N2 모닝 경제 브리핑-9월 22일] 美 증시, 유가·금리 하락에 상승 마감... | [주요공시] 삼성물산, 에스엠벡셀, 제이스로보틱스, 셀트리온, 에코프로...",2026-09-22,0.0174,0.021,,failure
042940,상지건설,[기재정정]주요사항보고서(유상증자결정),paid_in_capital_increase,20260921,negative,-70,C,Paid-in capital increases can create dilution concerns.,5,6,6,0,5,"9월 21일 주식시장 주요공시 | [N2 모닝 경제 브리핑-9월 22일] 美 증시, 유가·금리 하락에 상승 마감... | [주요공시] 삼성물산, 에스엠벡셀, 제이스로보틱스, 셀트리온, 에코프로...",2026-09-22,0.0174,0.021,,failure
042940,상지건설,[기재정정]주요사항보고서(유상증자결정),paid_in_capital_increase,20260921,negative,-70,C,Paid-in capital increases can create dilution concerns.,5,6,6,0,5,"9월 21일 주식시장 주요공시 | [N2 모닝 경제 브리핑-9월 22일] 美 증시, 유가·금리 하락에 상승 마감... | [주요공시] 삼성물산, 에스엠벡셀, 제이스로보틱스, 셀트리온, 에코프로...",2026-09-22,0.0174,0.021,,failure
042940,상지건설,[기재정정]주요사항보고서(유상증자결정),paid_in_capital_increase,20260921,negative,-70,C,Paid-in capital increases can create dilution concerns.,5,6,6,0,5,"9월 21일 주식시장 주요공시 | [N2 모닝 경제 브리핑-9월 22일] 美 증시, 유가·금리 하락에 상승 마감... | [주요공시] 삼성물산, 에스엠벡셀, 제이스로보틱스, 셀트리온, 에코프로...",2026-09-22,0.0174,0.021,,failure
042940,상지건설,[기재정정]주요사항보고서(유상증자결정),paid_in_capital_increase,20260921,negative,-70,C,Paid-in capital increases can create dilution concerns.,5,6,6,0,5,"9월 21일 주식시장 주요공시 | [N2 모닝 경제 브리핑-9월 22일] 美 증시, 유가·금리 하락에 상승 마감... | [주요공시] 삼성물산, 에스엠벡셀, 제이스로보틱스, 셀트리온, 에코프로...",2026-09-22,0.0174,0.021,,failure
042940,상지건설,[기재정정]주요사항보고서(유상증자결정),paid_in_capital_increase,20260921,negative,-70,C,Paid-in capital increases can create dilution concerns.,5,6,6,0,5,"9월 21일 주식시장 주요공시 | [N2 모닝 경제 브리핑-9월 22일] 美 증시, 유가·금리 하락에 상승 마감... | [주요공시] 삼성물산, 에스엠벡셀, 제이스로보틱스, 셀트리온, 에코프로...",2026-09-22,0.0174,0.021,,failure
042940,상지건설,[기재정정]주요사항보고서(유상증자결정),paid_in_capital_increase,20260921,negative,-70,C,Paid-in capital increases can create dilution concerns.,5,6,6,0,5,"9월 21일 주식시장 주요공시 | [N2 모닝 경제 브리핑-9월 22일] 美 증시, 유가·금리 하락에 상승 마감... | [주요공시] 삼성물산, 에스엠벡셀, 제이스로보틱스, 셀트리온, 에코프로...",2026-09-22,0.0174,0.021,,failure
042940,상지건설,[기재정정]주요사항보고서(유상증자결정),paid_in_capital_increase,20260921,negative,-70,C,Paid-in capital increases can create dilution concerns.,5,6,6,0,5,"9월 21일 주식시장 주요공시 | [N2 모닝 경제 브리핑-9월 22일] 美 증시, 유가·금리 하락에 상승 마감... | [주요공시] 삼성물산, 에스엠벡셀, 제이스로보틱스, 셀트리온, 에코프로...",2026-09-22,0.0174,0.021,,failure
059090,미코,[기재정정]최대주주변경을수반하는주식담보제공계약체결              ,major_shareholder_change,20260921,volatile,10,C,Major shareholder changes can increase volatility depending on context.,5,4,1,3,5,AI 투자 훈풍에 반도체株 강세…SK하이닉스·삼성전자부터 장비주까지 ... | 9월 21일 주식시장 주요공시 | 메밀꽃 만개한 칠곡 석적읍…승격 20주년 화합한마당,2026-09-22,0.0075,0.0672,,success
0007J0,인벤테라,투자판단관련주요경영사항(임상시험결과)              (자기공명 관절조영술(MRA) 특화 조영제 INV-002(NEMO-103주)의 제3상 임상시험결과),investment_decision,20260921,volatile,30,C,Investment decisions can be positive or negative depending on scale and funding source.,5,5,3,2,5,"[개장시황] 코스피, '외인·기관' 동반 매수에 2% 상승…7100선 회복 | 인벤테라 'INV-002' 허가 가시화…'처방 확대'가 관건 | 9월 21일 주식시장 주요공시",2026-09-22,0.0276,0.0376,,success
047040,대우건설,단일판매ㆍ공급계약체결              ,supply_contract,20260921,positive,70,C,Supply contract disclosures may indicate future revenue growth.,5,3,0,3,5,"청라 광역교통망 확충 추진… '청라 아크원 푸르지오' 공급 앞둬 | 대우건설 주가, 9월 22일 장중 18,640원 1.91% 상승 | 창원시 가음4구역, 노상주차장 펜스 사용…구청 요구 뒤 원상복구",2026-09-22,0.0189,0.0135,,success
054800,아이디스홀딩스,유동성공급계약의체결              ,supply_contract,20260921,positive,70,C,Supply contract disclosures may indicate future revenue growth.,5,5,3,2,5,"양자암호통신 핵심 기술 품었다… 우리로, AI 데이터센터 확대의 뜻밖 ... | [주요공시] 삼성중공업, 세보엠이씨, 우리로, SK바이오팜, 대화제약, 포... | 자회사 가치 재평가 기대감에 지주사 들썩…종목별 희비",2026-09-22,0.0062,0.0,,failure
010400,우진아이엔에스,[기재정정]단일판매ㆍ공급계약체결              ,supply_contract,20260921,positive,70,C,Supply contract disclosures may indicate future revenue growth.,5,10,1,9,5,"9월 21일 주식시장 주요공시 | 글로벌 탄소중립 타고 돛 달았다… LS마린솔루션, 해저케이블 성장 가속 | [거버넌스워치] 우진I&S-장남 vs 신라명과-자매…2세 몫 분할구도",2026-09-22,-0.0297,-0.0427,,failure
023450,동남합성,최대주주등소유주식변동신고서              ,major_shareholder_change,20260921,volatile,10,C,Major shareholder changes can increase volatility depending on context.,5,1,0,1,5,"[거버넌스워치] 미원 장손 김태준, 매출 1조 ‘홀딩스→에스씨’ 적통 ... | [거버넌스워치] ‘화학 한 우물’ 미원그룹 ‘한 지붕 네 가족’ | [공시] 9월 21일, 코스피 상장사 44개 종목 자사주 매수 신청",2026-09-22,0.0108,-0.0108,,failure
023450,동남합성,최대주주등소유주식변동신고서              ,major_shareholder_change,20260921,volatile,10,C,Major shareholder changes can increase volatility depending on context.,5,1,0,1,5,"[거버넌스워치] 미원 장손 김태준, 매출 1조 ‘홀딩스→에스씨’ 적통 ... | [거버넌스워치] ‘화학 한 우물’ 미원그룹 ‘한 지붕 네 가족’ | [공시] 9월 21일, 코스피 상장사 44개 종목 자사주 매수 신청",2026-09-22,0.0108,-0.0108,,failure
087260,모바일어플라이언스,소송등의제기ㆍ신청(경영권분쟁소송)              (주주총회소집허가),lawsuit,20260921,negative,-75,C,Lawsuits may increase uncertainty and downside risk.,5,1,3,-2,5,"9월 21일 주식시장 주요공시 | [주요공시] 삼성물산, 에스엠벡셀, 제이스로보틱스, 셀트리온, 에코프로... | [개장 전 주요 공시] 고려아연·STX·올릭스·레뷰코퍼레이션·가비아 등",2026-09-22,-1.0,0.0,,failure
053620,태양,유동성공급계약의체결              ,supply_contract,20260921,positive,70,C,Supply contract disclosures may indicate future revenue growth.,5,0,0,0,5,“나랑 별 보러 가지 않을래?” | 한시련 제작 화면해설방송 주간 편성안내(9월 21일~27일) | 한가위 밤 밝힐 보름달…25일 오후 5시 34분 ‘둥실’,2026-09-22,-0.0015,-0.0058,,failure
038500,삼표시멘트,[기재정정]최대주주변경을수반하는주식담보제공계약체결              ,major_shareholder_change,20260921,volatile,10,C,Major shareholder changes can increase volatility depending on context.,5,3,2,1,5,"9월 21일 주식시장 주요공시 | 부산항선원복지위원회, 추석 맞이 입항 선박에 '명절 선물' 온정 | 주가 변동성 커진 삼표시멘트, 지속되는 정대현 내부거래 잡음",2026-09-22,0.009,0.0343,,success
334970,프레스티지바이오로직스,[기재정정]단일판매ㆍ공급계약체결              ,supply_contract,20260921,positive,70,C,Supply contract disclosures may indicate future revenue growth.,5,6,1,5,5,"9월 21일 주식시장 주요공시 | 프레스티지바이오로직스, SC제형 '효소 CDMO'로 사업 확대 | 프레스티지바이오파마, 허셉틴 바이오시밀러 '투즈뉴' 트리니다드토바...",2026-09-22,0.0113,0.0015,,success
049830,승일,유동성공급계약의체결              ,supply_contract,20260921,positive,70,C,Supply contract disclosures may indicate future revenue growth.,5,2,0,2,5,"KB손해보험, 금감원·금융권 추석 나눔 진행…공동 후원금 1억3000만원 | 가을 풍경이 아름다운 철원, 역사와 자연이 공존하는 가볼 만한 곳 | 서초복지돌봄재단, 주민참여복지 아카데미 운영…참여자 모집 시작",2026-09-22,0.0,-0.0063,,failure
097230,HJ중공업,투자판단관련주요경영사항              ,investment_decision,20260921,volatile,30,C,Investment decisions can be positive or negative depending on scale and funding source.,5,8,1,7,5,"HJ중공업, 6800억원 규모 컨테이너선 4척 수주 | HJ중공업, 6789억원 규모 컨테이너선 4척 수주 | 삼성중공업 2만원대서 소폭 상승…AI 논쟁 속 조선주로 시선 이동하나",2026-09-22,0.0242,0.0052,,failure
010580,에스엠벡셀,최대주주등소유주식변동신고서              ,major_shareholder_change,20260921,volatile,10,C,Major shareholder changes can increase volatility depending on context.,5,10,0,10,5,"[주요공시] 삼성물산, 에스엠벡셀, 제이스로보틱스, 셀트리온, 에코프로... | 에스엠벡셀 주가, 9월 21일 애프터마켓 2,770원 10.80% 상승 | [EBN 데이터센터] 네오사피엔스 243% 급등, 캔버스엔 등 상한가",2026-09-22,-0.0018,0.0197,,failure
010580,에스엠벡셀,최대주주등소유주식변동신고서              ,major_shareholder_change,20260921,volatile,10,C,Major shareholder changes can increase volatility depending on context.,5,10,0,10,5,"[주요공시] 삼성물산, 에스엠벡셀, 제이스로보틱스, 셀트리온, 에코프로... | 에스엠벡셀 주가, 9월 21일 애프터마켓 2,770원 10.80% 상승 | [EBN 데이터센터] 네오사피엔스 243% 급등, 캔버스엔 등 상한가",2026-09-22,-0.0018,0.0197,,failure
010580,에스엠벡셀,최대주주등소유주식변동신고서              ,major_shareholder_change,20260921,volatile,10,C,Major shareholder changes can increase volatility depending on context.,5,10,0,10,5,"[주요공시] 삼성물산, 에스엠벡셀, 제이스로보틱스, 셀트리온, 에코프로... | 에스엠벡셀 주가, 9월 21일 애프터마켓 2,770원 10.80% 상승 | [EBN 데이터센터] 네오사피엔스 243% 급등, 캔버스엔 등 상한가",2026-09-22,-0.0018,0.0197,,failure
105840,우진,[기재정정]단일판매ㆍ공급계약체결              ,supply_contract,20260921,positive,70,C,Supply contract disclosures may indicate future revenue growth.,5,5,1,4,5,"9월 21일 주식시장 주요공시 | 로만시스, 3100억 규모 코레일 전동차 144칸 수주 | [창간 57] 2026 슈퍼 배터리(안우진·김건희)의 꿈....""2027년엔 골든글러...",2026-09-22,0.002,-0.0202,,failure
142760,모아라이프플러스,[기재정정]주요사항보고서(유상증자결정),paid_in_capital_increase,20260921,negative,-70,C,Paid-in capital increases can create dilution concerns.,5,4,2,2,5,"9월 21일 주식시장 주요공시 | 인턴·리센느·사랑이온다·포핸즈·스캔들, 1위 [한눈에 보는 엔터차트... | [나눔 트렌드] 10년 전 어머니 기증 뜻 지지했던 박종희 씨, 마지막 순간...",2026-09-22,0.0,0.0085,,failure
142760,모아라이프플러스,[기재정정]주요사항보고서(유상증자결정),paid_in_capital_increase,20260921,negative,-70,C,Paid-in capital increases can create dilution concerns.,5,4,2,2,5,"9월 21일 주식시장 주요공시 | 인턴·리센느·사랑이온다·포핸즈·스캔들, 1위 [한눈에 보는 엔터차트... | [나눔 트렌드] 10년 전 어머니 기증 뜻 지지했던 박종희 씨, 마지막 순간...",2026-09-22,0.0,0.0085,,failure
142760,모아라이프플러스,[기재정정]주요사항보고서(유상증자결정),paid_in_capital_increase,20260921,negative,-70,C,Paid-in capital increases can create dilution concerns.,5,4,2,2,5,"9월 21일 주식시장 주요공시 | 인턴·리센느·사랑이온다·포핸즈·스캔들, 1위 [한눈에 보는 엔터차트... | [나눔 트렌드] 10년 전 어머니 기증 뜻 지지했던 박종희 씨, 마지막 순간...",2026-09-22,0.0,0.0085,,failure
142760,모아라이프플러스,[기재정정]주요사항보고서(유상증자결정),paid_in_capital_increase,20260921,negative,-70,C,Paid-in capital increases can create dilution concerns.,5,4,2,2,5,"9월 21일 주식시장 주요공시 | 인턴·리센느·사랑이온다·포핸즈·스캔들, 1위 [한눈에 보는 엔터차트... | [나눔 트렌드] 10년 전 어머니 기증 뜻 지지했던 박종희 씨, 마지막 순간...",2026-09-22,0.0,0.0085,,failure
142760,모아라이프플러스,[기재정정]주요사항보고서(유상증자결정),paid_in_capital_increase,20260921,negative,-70,C,Paid-in capital increases can create dilution concerns.,5,4,2,2,5,"9월 21일 주식시장 주요공시 | 인턴·리센느·사랑이온다·포핸즈·스캔들, 1위 [한눈에 보는 엔터차트... | [나눔 트렌드] 10년 전 어머니 기증 뜻 지지했던 박종희 씨, 마지막 순간...",2026-09-22,0.0,0.0085,,failure
068270,셀트리온,투자판단관련주요경영사항              (CTP44(다잘렉스 바이오시밀러) 유럽 임상 3상 시험계획 변경신청 승인(Part1&2)),investment_decision,20260921,volatile,30,C,Investment decisions can be positive or negative depending on scale and funding source.,5,5,3,2,5,"코스피, 美 훈풍에 7000선 훌쩍 | 메타 '뮤즈' 돌풍에 반도체株 강세…코스피 장 초반 2%대 급등, 7150선 | 알테오젠, 삼성바이오로직스 제치고 K-브랜드지수 제약·바이오 부문 2위",2026-09-22,0.0006,-0.0105,,failure
448730,삼성FN리츠,유상증자신주발행가액(안내공시)              ,paid_in_capital_increase,20260921,negative,-70,C,Paid-in capital increases can create dilution concerns.,5,3,4,-1,5,"""반가운 외국인..."" 서울 호텔 거래 올 상반기 약 1.5조 [fn마켓워치] | 9월 21일 주식시장 주요공시 | 곳간 풍족한 삼성화재, 리츠 유증·생산적금융 출자 '잰걸음'",2026-09-22,-0.0119,-0.0306,,success
448730,삼성FN리츠,유상증자신주발행가액(안내공시)              ,paid_in_capital_increase,20260921,negative,-70,C,Paid-in capital increases can create dilution concerns.,5,3,4,-1,5,"""반가운 외국인..."" 서울 호텔 거래 올 상반기 약 1.5조 [fn마켓워치] | 9월 21일 주식시장 주요공시 | 곳간 풍족한 삼성화재, 리츠 유증·생산적금융 출자 '잰걸음'",2026-09-22,-0.0119,-0.0306,,success
448730,삼성FN리츠,유상증자신주발행가액(안내공시)              ,paid_in_capital_increase,20260921,negative,-70,C,Paid-in capital increases can create dilution concerns.,5,3,4,-1,5,"""반가운 외국인..."" 서울 호텔 거래 올 상반기 약 1.5조 [fn마켓워치] | 9월 21일 주식시장 주요공시 | 곳간 풍족한 삼성화재, 리츠 유증·생산적금융 출자 '잰걸음'",2026-09-22,-0.0119,-0.0306,,success
448730,삼성FN리츠,유상증자신주발행가액(안내공시)              ,paid_in_capital_increase,20260921,negative,-70,C,Paid-in capital increases can create dilution concerns.,5,3,4,-1,5,"""반가운 외국인..."" 서울 호텔 거래 올 상반기 약 1.5조 [fn마켓워치] | 9월 21일 주식시장 주요공시 | 곳간 풍족한 삼성화재, 리츠 유증·생산적금융 출자 '잰걸음'",2026-09-22,-0.0119,-0.0306,,success
448730,삼성FN리츠,유상증자신주발행가액(안내공시)              ,paid_in_capital_increase,20260921,negative,-70,C,Paid-in capital increases can create dilution concerns.,5,3,4,-1,5,"""반가운 외국인..."" 서울 호텔 거래 올 상반기 약 1.5조 [fn마켓워치] | 9월 21일 주식시장 주요공시 | 곳간 풍족한 삼성화재, 리츠 유증·생산적금융 출자 '잰걸음'",2026-09-22,-0.0119,-0.0306,,success
448730,삼성FN리츠,유상증자신주발행가액(안내공시)              ,paid_in_capital_increase,20260921,negative,-70,C,Paid-in capital increases can create dilution concerns.,5,3,4,-1,5,"""반가운 외국인..."" 서울 호텔 거래 올 상반기 약 1.5조 [fn마켓워치] | 9월 21일 주식시장 주요공시 | 곳간 풍족한 삼성화재, 리츠 유증·생산적금융 출자 '잰걸음'",2026-09-22,-0.0119,-0.0306,,success
448730,삼성FN리츠,유상증자신주발행가액(안내공시)              ,paid_in_capital_increase,20260921,negative,-70,C,Paid-in capital increases can create dilution concerns.,5,3,4,-1,5,"""반가운 외국인..."" 서울 호텔 거래 올 상반기 약 1.5조 [fn마켓워치] | 9월 21일 주식시장 주요공시 | 곳간 풍족한 삼성화재, 리츠 유증·생산적금융 출자 '잰걸음'",2026-09-22,-0.0119,-0.0306,,success
448730,삼성FN리츠,유상증자신주발행가액(안내공시)              ,paid_in_capital_increase,20260921,negative,-70,C,Paid-in capital increases can create dilution concerns.,5,3,4,-1,5,"""반가운 외국인..."" 서울 호텔 거래 올 상반기 약 1.5조 [fn마켓워치] | 9월 21일 주식시장 주요공시 | 곳간 풍족한 삼성화재, 리츠 유증·생산적금융 출자 '잰걸음'",2026-09-22,-0.0119,-0.0306,,success
448730,삼성FN리츠,유상증자신주발행가액(안내공시)              ,paid_in_capital_increase,20260921,negative,-70,C,Paid-in capital increases can create dilution concerns.,5,3,4,-1,5,"""반가운 외국인..."" 서울 호텔 거래 올 상반기 약 1.5조 [fn마켓워치] | 9월 21일 주식시장 주요공시 | 곳간 풍족한 삼성화재, 리츠 유증·생산적금융 출자 '잰걸음'",2026-09-22,-0.0119,-0.0306,,success
448730,삼성FN리츠,유상증자신주발행가액(안내공시)              ,paid_in_capital_increase,20260921,negative,-70,C,Paid-in capital increases can create dilution concerns.,5,3,4,-1,5,"""반가운 외국인..."" 서울 호텔 거래 올 상반기 약 1.5조 [fn마켓워치] | 9월 21일 주식시장 주요공시 | 곳간 풍족한 삼성화재, 리츠 유증·생산적금융 출자 '잰걸음'",2026-09-22,-0.0119,-0.0306,,success
448730,삼성FN리츠,유상증자신주발행가액(안내공시)              ,paid_in_capital_increase,20260921,negative,-70,C,Paid-in capital increases can create dilution concerns.,5,3,4,-1,5,"""반가운 외국인..."" 서울 호텔 거래 올 상반기 약 1.5조 [fn마켓워치] | 9월 21일 주식시장 주요공시 | 곳간 풍족한 삼성화재, 리츠 유증·생산적금융 출자 '잰걸음'",2026-09-22,-0.0119,-0.0306,,success
448730,삼성FN리츠,유상증자신주발행가액(안내공시)              ,paid_in_capital_increase,20260921,negative,-70,C,Paid-in capital increases can create dilution concerns.,5,3,4,-1,5,"""반가운 외국인..."" 서울 호텔 거래 올 상반기 약 1.5조 [fn마켓워치] | 9월 21일 주식시장 주요공시 | 곳간 풍족한 삼성화재, 리츠 유증·생산적금융 출자 '잰걸음'",2026-09-22,-0.0119,-0.0306,,success
448730,삼성FN리츠,유상증자신주발행가액(안내공시)              ,paid_in_capital_increase,20260921,negative,-70,C,Paid-in capital increases can create dilution concerns.,5,3,4,-1,5,"""반가운 외국인..."" 서울 호텔 거래 올 상반기 약 1.5조 [fn마켓워치] | 9월 21일 주식시장 주요공시 | 곳간 풍족한 삼성화재, 리츠 유증·생산적금융 출자 '잰걸음'",2026-09-22,-0.0119,-0.0306,,success
448730,삼성FN리츠,유상증자신주발행가액(안내공시)              ,paid_in_capital_increase,20260921,negative,-70,C,Paid-in capital increases can create dilution concerns.,5,3,4,-1,5,"""반가운 외국인..."" 서울 호텔 거래 올 상반기 약 1.5조 [fn마켓워치] | 9월 21일 주식시장 주요공시 | 곳간 풍족한 삼성화재, 리츠 유증·생산적금융 출자 '잰걸음'",2026-09-22,-0.0119,-0.0306,,success
448730,삼성FN리츠,유상증자신주발행가액(안내공시)              ,paid_in_capital_increase,20260921,negative,-70,C,Paid-in capital increases can create dilution concerns.,5,3,4,-1,5,"""반가운 외국인..."" 서울 호텔 거래 올 상반기 약 1.5조 [fn마켓워치] | 9월 21일 주식시장 주요공시 | 곳간 풍족한 삼성화재, 리츠 유증·생산적금융 출자 '잰걸음'",2026-09-22,-0.0119,-0.0306,,success
448730,삼성FN리츠,유상증자신주발행가액(안내공시)              ,paid_in_capital_increase,20260921,negative,-70,C,Paid-in capital increases can create dilution concerns.,5,3,4,-1,5,"""반가운 외국인..."" 서울 호텔 거래 올 상반기 약 1.5조 [fn마켓워치] | 9월 21일 주식시장 주요공시 | 곳간 풍족한 삼성화재, 리츠 유증·생산적금융 출자 '잰걸음'",2026-09-22,-0.0119,-0.0306,,success
448730,삼성FN리츠,유상증자신주발행가액(안내공시)              ,paid_in_capital_increase,20260921,negative,-70,C,Paid-in capital increases can create dilution concerns.,5,3,4,-1,5,"""반가운 외국인..."" 서울 호텔 거래 올 상반기 약 1.5조 [fn마켓워치] | 9월 21일 주식시장 주요공시 | 곳간 풍족한 삼성화재, 리츠 유증·생산적금융 출자 '잰걸음'",2026-09-22,-0.0119,-0.0306,,success
448730,삼성FN리츠,유상증자신주발행가액(안내공시)              ,paid_in_capital_increase,20260921,negative,-70,C,Paid-in capital increases can create dilution concerns.,5,3,4,-1,5,"""반가운 외국인..."" 서울 호텔 거래 올 상반기 약 1.5조 [fn마켓워치] | 9월 21일 주식시장 주요공시 | 곳간 풍족한 삼성화재, 리츠 유증·생산적금융 출자 '잰걸음'",2026-09-22,-0.0119,-0.0306,,success
448730,삼성FN리츠,유상증자신주발행가액(안내공시)              ,paid_in_capital_increase,20260921,negative,-70,C,Paid-in capital increases can create dilution concerns.,5,3,4,-1,5,"""반가운 외국인..."" 서울 호텔 거래 올 상반기 약 1.5조 [fn마켓워치] | 9월 21일 주식시장 주요공시 | 곳간 풍족한 삼성화재, 리츠 유증·생산적금융 출자 '잰걸음'",2026-09-22,-0.0119,-0.0306,,success
448730,삼성FN리츠,유상증자신주발행가액(안내공시)              ,paid_in_capital_increase,20260921,negative,-70,C,Paid-in capital increases can create dilution concerns.,5,3,4,-1,5,"""반가운 외국인..."" 서울 호텔 거래 올 상반기 약 1.5조 [fn마켓워치] | 9월 21일 주식시장 주요공시 | 곳간 풍족한 삼성화재, 리츠 유증·생산적금융 출자 '잰걸음'",2026-09-22,-0.0119,-0.0306,,success
448730,삼성FN리츠,유상증자신주발행가액(안내공시)              ,paid_in_capital_increase,20260921,negative,-70,C,Paid-in capital increases can create dilution concerns.,5,3,4,-1,5,"""반가운 외국인..."" 서울 호텔 거래 올 상반기 약 1.5조 [fn마켓워치] | 9월 21일 주식시장 주요공시 | 곳간 풍족한 삼성화재, 리츠 유증·생산적금융 출자 '잰걸음'",2026-09-22,-0.0119,-0.0306,,success
448730,삼성FN리츠,유상증자신주발행가액(안내공시)              ,paid_in_capital_increase,20260921,negative,-70,C,Paid-in capital increases can create dilution concerns.,5,3,4,-1,5,"""반가운 외국인..."" 서울 호텔 거래 올 상반기 약 1.5조 [fn마켓워치] | 9월 21일 주식시장 주요공시 | 곳간 풍족한 삼성화재, 리츠 유증·생산적금융 출자 '잰걸음'",2026-09-22,-0.0119,-0.0306,,success
448730,삼성FN리츠,유상증자신주발행가액(안내공시)              ,paid_in_capital_increase,20260921,negative,-70,C,Paid-in capital increases can create dilution concerns.,5,3,4,-1,5,"""반가운 외국인..."" 서울 호텔 거래 올 상반기 약 1.5조 [fn마켓워치] | 9월 21일 주식시장 주요공시 | 곳간 풍족한 삼성화재, 리츠 유증·생산적금융 출자 '잰걸음'",2026-09-22,-0.0119,-0.0306,,success
448730,삼성FN리츠,유상증자신주발행가액(안내공시)              ,paid_in_capital_increase,20260921,negative,-70,C,Paid-in capital increases can create dilution concerns.,5,3,4,-1,5,"""반가운 외국인..."" 서울 호텔 거래 올 상반기 약 1.5조 [fn마켓워치] | 9월 21일 주식시장 주요공시 | 곳간 풍족한 삼성화재, 리츠 유증·생산적금융 출자 '잰걸음'",2026-09-22,-0.0119,-0.0306,,success
448730,삼성FN리츠,유상증자신주발행가액(안내공시)              ,paid_in_capital_increase,20260921,negative,-70,C,Paid-in capital increases can create dilution concerns.,5,3,4,-1,5,"""반가운 외국인..."" 서울 호텔 거래 올 상반기 약 1.5조 [fn마켓워치] | 9월 21일 주식시장 주요공시 | 곳간 풍족한 삼성화재, 리츠 유증·생산적금융 출자 '잰걸음'",2026-09-22,-0.0119,-0.0306,,success
448730,삼성FN리츠,유상증자신주발행가액(안내공시)              ,paid_in_capital_increase,20260921,negative,-70,C,Paid-in capital increases can create dilution concerns.,5,3,4,-1,5,"""반가운 외국인..."" 서울 호텔 거래 올 상반기 약 1.5조 [fn마켓워치] | 9월 21일 주식시장 주요공시 | 곳간 풍족한 삼성화재, 리츠 유증·생산적금융 출자 '잰걸음'",2026-09-22,-0.0119,-0.0306,,success
448730,삼성FN리츠,유상증자신주발행가액(안내공시)              ,paid_in_capital_increase,20260921,negative,-70,C,Paid-in capital increases can create dilution concerns.,5,3,4,-1,5,"""반가운 외국인..."" 서울 호텔 거래 올 상반기 약 1.5조 [fn마켓워치] | 9월 21일 주식시장 주요공시 | 곳간 풍족한 삼성화재, 리츠 유증·생산적금융 출자 '잰걸음'",2026-09-22,-0.0119,-0.0306,,success
448730,삼성FN리츠,유상증자신주발행가액(안내공시)              ,paid_in_capital_increase,20260921,negative,-70,C,Paid-in capital increases can create dilution concerns.,5,3,4,-1,5,"""반가운 외국인..."" 서울 호텔 거래 올 상반기 약 1.5조 [fn마켓워치] | 9월 21일 주식시장 주요공시 | 곳간 풍족한 삼성화재, 리츠 유증·생산적금융 출자 '잰걸음'",2026-09-22,-0.0119,-0.0306,,success
448730,삼성FN리츠,유상증자신주발행가액(안내공시)              ,paid_in_capital_increase,20260921,negative,-70,C,Paid-in capital increases can create dilution concerns.,5,3,4,-1,5,"""반가운 외국인..."" 서울 호텔 거래 올 상반기 약 1.5조 [fn마켓워치] | 9월 21일 주식시장 주요공시 | 곳간 풍족한 삼성화재, 리츠 유증·생산적금융 출자 '잰걸음'",2026-09-22,-0.0119,-0.0306,,success
448730,삼성FN리츠,유상증자신주발행가액(안내공시)              ,paid_in_capital_increase,20260921,negative,-70,C,Paid-in capital increases can create dilution concerns.,5,3,4,-1,5,"""반가운 외국인..."" 서울 호텔 거래 올 상반기 약 1.5조 [fn마켓워치] | 9월 21일 주식시장 주요공시 | 곳간 풍족한 삼성화재, 리츠 유증·생산적금융 출자 '잰걸음'",2026-09-22,-0.0119,-0.0306,,success
448730,삼성FN리츠,유상증자신주발행가액(안내공시)              ,paid_in_capital_increase,20260921,negative,-70,C,Paid-in capital increases can create dilution concerns.,5,3,4,-1,5,"""반가운 외국인..."" 서울 호텔 거래 올 상반기 약 1.5조 [fn마켓워치] | 9월 21일 주식시장 주요공시 | 곳간 풍족한 삼성화재, 리츠 유증·생산적금융 출자 '잰걸음'",2026-09-22,-0.0119,-0.0306,,success
448730,삼성FN리츠,유상증자신주발행가액(안내공시)              ,paid_in_capital_increase,20260921,negative,-70,C,Paid-in capital increases can create dilution concerns.,5,3,4,-1,5,"""반가운 외국인..."" 서울 호텔 거래 올 상반기 약 1.5조 [fn마켓워치] | 9월 21일 주식시장 주요공시 | 곳간 풍족한 삼성화재, 리츠 유증·생산적금융 출자 '잰걸음'",2026-09-22,-0.0119,-0.0306,,success
448730,삼성FN리츠,유상증자신주발행가액(안내공시)              ,paid_in_capital_increase,20260921,negative,-70,C,Paid-in capital increases can create dilution concerns.,5,3,4,-1,5,"""반가운 외국인..."" 서울 호텔 거래 올 상반기 약 1.5조 [fn마켓워치] | 9월 21일 주식시장 주요공시 | 곳간 풍족한 삼성화재, 리츠 유증·생산적금융 출자 '잰걸음'",2026-09-22,-0.0119,-0.0306,,success
448730,삼성FN리츠,유상증자신주발행가액(안내공시)              ,paid_in_capital_increase,20260921,negative,-70,C,Paid-in capital increases can create dilution concerns.,5,3,4,-1,5,"""반가운 외국인..."" 서울 호텔 거래 올 상반기 약 1.5조 [fn마켓워치] | 9월 21일 주식시장 주요공시 | 곳간 풍족한 삼성화재, 리츠 유증·생산적금융 출자 '잰걸음'",2026-09-22,-0.0119,-0.0306,,success
448730,삼성FN리츠,유상증자신주발행가액(안내공시)              ,paid_in_capital_increase,20260921,negative,-70,C,Paid-in capital increases can create dilution concerns.,5,3,4,-1,5,"""반가운 외국인..."" 서울 호텔 거래 올 상반기 약 1.5조 [fn마켓워치] | 9월 21일 주식시장 주요공시 | 곳간 풍족한 삼성화재, 리츠 유증·생산적금융 출자 '잰걸음'",2026-09-22,-0.0119,-0.0306,,success
448730,삼성FN리츠,유상증자신주발행가액(안내공시)              ,paid_in_capital_increase,20260921,negative,-70,C,Paid-in capital increases can create dilution concerns.,5,3,4,-1,5,"""반가운 외국인..."" 서울 호텔 거래 올 상반기 약 1.5조 [fn마켓워치] | 9월 21일 주식시장 주요공시 | 곳간 풍족한 삼성화재, 리츠 유증·생산적금융 출자 '잰걸음'",2026-09-22,-0.0119,-0.0306,,success
448730,삼성FN리츠,유상증자신주발행가액(안내공시)              ,paid_in_capital_increase,20260921,negative,-70,C,Paid-in capital increases can create dilution concerns.,5,3,4,-1,5,"""반가운 외국인..."" 서울 호텔 거래 올 상반기 약 1.5조 [fn마켓워치] | 9월 21일 주식시장 주요공시 | 곳간 풍족한 삼성화재, 리츠 유증·생산적금융 출자 '잰걸음'",2026-09-22,-0.0119,-0.0306,,success
448730,삼성FN리츠,유상증자신주발행가액(안내공시)              ,paid_in_capital_increase,20260921,negative,-70,C,Paid-in capital increases can create dilution concerns.,5,3,4,-1,5,"""반가운 외국인..."" 서울 호텔 거래 올 상반기 약 1.5조 [fn마켓워치] | 9월 21일 주식시장 주요공시 | 곳간 풍족한 삼성화재, 리츠 유증·생산적금융 출자 '잰걸음'",2026-09-22,-0.0119,-0.0306,,success
448730,삼성FN리츠,유상증자신주발행가액(안내공시)              ,paid_in_capital_increase,20260921,negative,-70,C,Paid-in capital increases can create dilution concerns.,5,3,4,-1,5,"""반가운 외국인..."" 서울 호텔 거래 올 상반기 약 1.5조 [fn마켓워치] | 9월 21일 주식시장 주요공시 | 곳간 풍족한 삼성화재, 리츠 유증·생산적금융 출자 '잰걸음'",2026-09-22,-0.0119,-0.0306,,success
448730,삼성FN리츠,유상증자신주발행가액(안내공시)              ,paid_in_capital_increase,20260921,negative,-70,C,Paid-in capital increases can create dilution concerns.,5,3,4,-1,5,"""반가운 외국인..."" 서울 호텔 거래 올 상반기 약 1.5조 [fn마켓워치] | 9월 21일 주식시장 주요공시 | 곳간 풍족한 삼성화재, 리츠 유증·생산적금융 출자 '잰걸음'",2026-09-22,-0.0119,-0.0306,,success
448730,삼성FN리츠,유상증자신주발행가액(안내공시)              ,paid_in_capital_increase,20260921,negative,-70,C,Paid-in capital increases can create dilution concerns.,5,3,4,-1,5,"""반가운 외국인..."" 서울 호텔 거래 올 상반기 약 1.5조 [fn마켓워치] | 9월 21일 주식시장 주요공시 | 곳간 풍족한 삼성화재, 리츠 유증·생산적금융 출자 '잰걸음'",2026-09-22,-0.0119,-0.0306,,success
448730,삼성FN리츠,유상증자신주발행가액(안내공시)              ,paid_in_capital_increase,20260921,negative,-70,C,Paid-in capital increases can create dilution concerns.,5,3,4,-1,5,"""반가운 외국인..."" 서울 호텔 거래 올 상반기 약 1.5조 [fn마켓워치] | 9월 21일 주식시장 주요공시 | 곳간 풍족한 삼성화재, 리츠 유증·생산적금융 출자 '잰걸음'",2026-09-22,-0.0119,-0.0306,,success
448730,삼성FN리츠,유상증자신주발행가액(안내공시)              ,paid_in_capital_increase,20260921,negative,-70,C,Paid-in capital increases can create dilution concerns.,5,3,4,-1,5,"""반가운 외국인..."" 서울 호텔 거래 올 상반기 약 1.5조 [fn마켓워치] | 9월 21일 주식시장 주요공시 | 곳간 풍족한 삼성화재, 리츠 유증·생산적금융 출자 '잰걸음'",2026-09-22,-0.0119,-0.0306,,success
448730,삼성FN리츠,유상증자신주발행가액(안내공시)              ,paid_in_capital_increase,20260921,negative,-70,C,Paid-in capital increases can create dilution concerns.,5,3,4,-1,5,"""반가운 외국인..."" 서울 호텔 거래 올 상반기 약 1.5조 [fn마켓워치] | 9월 21일 주식시장 주요공시 | 곳간 풍족한 삼성화재, 리츠 유증·생산적금융 출자 '잰걸음'",2026-09-22,-0.0119,-0.0306,,success
448730,삼성FN리츠,유상증자신주발행가액(안내공시)              ,paid_in_capital_increase,20260921,negative,-70,C,Paid-in capital increases can create dilution concerns.,5,3,4,-1,5,"""반가운 외국인..."" 서울 호텔 거래 올 상반기 약 1.5조 [fn마켓워치] | 9월 21일 주식시장 주요공시 | 곳간 풍족한 삼성화재, 리츠 유증·생산적금융 출자 '잰걸음'",2026-09-22,-0.0119,-0.0306,,success
448730,삼성FN리츠,유상증자신주발행가액(안내공시)              ,paid_in_capital_increase,20260921,negative,-70,C,Paid-in capital increases can create dilution concerns.,5,3,4,-1,5,"""반가운 외국인..."" 서울 호텔 거래 올 상반기 약 1.5조 [fn마켓워치] | 9월 21일 주식시장 주요공시 | 곳간 풍족한 삼성화재, 리츠 유증·생산적금융 출자 '잰걸음'",2026-09-22,-0.0119,-0.0306,,success
448730,삼성FN리츠,유상증자신주발행가액(안내공시)              ,paid_in_capital_increase,20260921,negative,-70,C,Paid-in capital increases can create dilution concerns.,5,3,4,-1,5,"""반가운 외국인..."" 서울 호텔 거래 올 상반기 약 1.5조 [fn마켓워치] | 9월 21일 주식시장 주요공시 | 곳간 풍족한 삼성화재, 리츠 유증·생산적금융 출자 '잰걸음'",2026-09-22,-0.0119,-0.0306,,success
448730,삼성FN리츠,유상증자신주발행가액(안내공시)              ,paid_in_capital_increase,20260921,negative,-70,C,Paid-in capital increases can create dilution concerns.,5,3,4,-1,5,"""반가운 외국인..."" 서울 호텔 거래 올 상반기 약 1.5조 [fn마켓워치] | 9월 21일 주식시장 주요공시 | 곳간 풍족한 삼성화재, 리츠 유증·생산적금융 출자 '잰걸음'",2026-09-22,-0.0119,-0.0306,,success
448730,삼성FN리츠,유상증자신주발행가액(안내공시)              ,paid_in_capital_increase,20260921,negative,-70,C,Paid-in capital increases can create dilution concerns.,5,3,4,-1,5,"""반가운 외국인..."" 서울 호텔 거래 올 상반기 약 1.5조 [fn마켓워치] | 9월 21일 주식시장 주요공시 | 곳간 풍족한 삼성화재, 리츠 유증·생산적금융 출자 '잰걸음'",2026-09-22,-0.0119,-0.0306,,success
448730,삼성FN리츠,유상증자신주발행가액(안내공시)              ,paid_in_capital_increase,20260921,negative,-70,C,Paid-in capital increases can create dilution concerns.,5,3,4,-1,5,"""반가운 외국인..."" 서울 호텔 거래 올 상반기 약 1.5조 [fn마켓워치] | 9월 21일 주식시장 주요공시 | 곳간 풍족한 삼성화재, 리츠 유증·생산적금융 출자 '잰걸음'",2026-09-22,-0.0119,-0.0306,,success
448730,삼성FN리츠,유상증자신주발행가액(안내공시)              ,paid_in_capital_increase,20260921,negative,-70,C,Paid-in capital increases can create dilution concerns.,5,3,4,-1,5,"""반가운 외국인..."" 서울 호텔 거래 올 상반기 약 1.5조 [fn마켓워치] | 9월 21일 주식시장 주요공시 | 곳간 풍족한 삼성화재, 리츠 유증·생산적금융 출자 '잰걸음'",2026-09-22,-0.0119,-0.0306,,success
448730,삼성FN리츠,유상증자신주발행가액(안내공시)              ,paid_in_capital_increase,20260921,negative,-70,C,Paid-in capital increases can create dilution concerns.,5,3,4,-1,5,"""반가운 외국인..."" 서울 호텔 거래 올 상반기 약 1.5조 [fn마켓워치] | 9월 21일 주식시장 주요공시 | 곳간 풍족한 삼성화재, 리츠 유증·생산적금융 출자 '잰걸음'",2026-09-22,-0.0119,-0.0306,,success
448730,삼성FN리츠,유상증자신주발행가액(안내공시)              ,paid_in_capital_increase,20260921,negative,-70,C,Paid-in capital increases can create dilution concerns.,5,3,4,-1,5,"""반가운 외국인..."" 서울 호텔 거래 올 상반기 약 1.5조 [fn마켓워치] | 9월 21일 주식시장 주요공시 | 곳간 풍족한 삼성화재, 리츠 유증·생산적금융 출자 '잰걸음'",2026-09-22,-0.0119,-0.0306,,success
448730,삼성FN리츠,유상증자신주발행가액(안내공시)              ,paid_in_capital_increase,20260921,negative,-70,C,Paid-in capital increases can create dilution concerns.,5,3,4,-1,5,"""반가운 외국인..."" 서울 호텔 거래 올 상반기 약 1.5조 [fn마켓워치] | 9월 21일 주식시장 주요공시 | 곳간 풍족한 삼성화재, 리츠 유증·생산적금융 출자 '잰걸음'",2026-09-22,-0.0119,-0.0306,,success
448730,삼성FN리츠,유상증자신주발행가액(안내공시)              ,paid_in_capital_increase,20260921,negative,-70,C,Paid-in capital increases can create dilution concerns.,5,3,4,-1,5,"""반가운 외국인..."" 서울 호텔 거래 올 상반기 약 1.5조 [fn마켓워치] | 9월 21일 주식시장 주요공시 | 곳간 풍족한 삼성화재, 리츠 유증·생산적금융 출자 '잰걸음'",2026-09-22,-0.0119,-0.0306,,success
448730,삼성FN리츠,유상증자신주발행가액(안내공시)              ,paid_in_capital_increase,20260921,negative,-70,C,Paid-in capital increases can create dilution concerns.,5,3,4,-1,5,"""반가운 외국인..."" 서울 호텔 거래 올 상반기 약 1.5조 [fn마켓워치] | 9월 21일 주식시장 주요공시 | 곳간 풍족한 삼성화재, 리츠 유증·생산적금융 출자 '잰걸음'",2026-09-22,-0.0119,-0.0306,,success
448730,삼성FN리츠,유상증자신주발행가액(안내공시)              ,paid_in_capital_increase,20260921,negative,-70,C,Paid-in capital increases can create dilution concerns.,5,3,4,-1,5,"""반가운 외국인..."" 서울 호텔 거래 올 상반기 약 1.5조 [fn마켓워치] | 9월 21일 주식시장 주요공시 | 곳간 풍족한 삼성화재, 리츠 유증·생산적금융 출자 '잰걸음'",2026-09-22,-0.0119,-0.0306,,success
448730,삼성FN리츠,유상증자신주발행가액(안내공시)              ,paid_in_capital_increase,20260921,negative,-70,C,Paid-in capital increases can create dilution concerns.,5,3,4,-1,5,"""반가운 외국인..."" 서울 호텔 거래 올 상반기 약 1.5조 [fn마켓워치] | 9월 21일 주식시장 주요공시 | 곳간 풍족한 삼성화재, 리츠 유증·생산적금융 출자 '잰걸음'",2026-09-22,-0.0119,-0.0306,,success
448730,삼성FN리츠,유상증자신주발행가액(안내공시)              ,paid_in_capital_increase,20260921,negative,-70,C,Paid-in capital increases can create dilution concerns.,5,3,4,-1,5,"""반가운 외국인..."" 서울 호텔 거래 올 상반기 약 1.5조 [fn마켓워치] | 9월 21일 주식시장 주요공시 | 곳간 풍족한 삼성화재, 리츠 유증·생산적금융 출자 '잰걸음'",2026-09-22,-0.0119,-0.0306,,success
448730,삼성FN리츠,유상증자신주발행가액(안내공시)              ,paid_in_capital_increase,20260921,negative,-70,C,Paid-in capital increases can create dilution concerns.,5,3,4,-1,5,"""반가운 외국인..."" 서울 호텔 거래 올 상반기 약 1.5조 [fn마켓워치] | 9월 21일 주식시장 주요공시 | 곳간 풍족한 삼성화재, 리츠 유증·생산적금융 출자 '잰걸음'",2026-09-22,-0.0119,-0.0306,,success
448730,삼성FN리츠,유상증자신주발행가액(안내공시)              ,paid_in_capital_increase,20260921,negative,-70,C,Paid-in capital increases can create dilution concerns.,5,3,4,-1,5,"""반가운 외국인..."" 서울 호텔 거래 올 상반기 약 1.5조 [fn마켓워치] | 9월 21일 주식시장 주요공시 | 곳간 풍족한 삼성화재, 리츠 유증·생산적금융 출자 '잰걸음'",2026-09-22,-0.0119,-0.0306,,success
448730,삼성FN리츠,유상증자신주발행가액(안내공시)              ,paid_in_capital_increase,20260921,negative,-70,C,Paid-in capital increases can create dilution concerns.,5,3,4,-1,5,"""반가운 외국인..."" 서울 호텔 거래 올 상반기 약 1.5조 [fn마켓워치] | 9월 21일 주식시장 주요공시 | 곳간 풍족한 삼성화재, 리츠 유증·생산적금융 출자 '잰걸음'",2026-09-22,-0.0119,-0.0306,,success
448730,삼성FN리츠,유상증자신주발행가액(안내공시)              ,paid_in_capital_increase,20260921,negative,-70,C,Paid-in capital increases can create dilution concerns.,5,3,4,-1,5,"""반가운 외국인..."" 서울 호텔 거래 올 상반기 약 1.5조 [fn마켓워치] | 9월 21일 주식시장 주요공시 | 곳간 풍족한 삼성화재, 리츠 유증·생산적금융 출자 '잰걸음'",2026-09-22,-0.0119,-0.0306,,success
448730,삼성FN리츠,유상증자신주발행가액(안내공시)              ,paid_in_capital_increase,20260921,negative,-70,C,Paid-in capital increases can create dilution concerns.,5,3,4,-1,5,"""반가운 외국인..."" 서울 호텔 거래 올 상반기 약 1.5조 [fn마켓워치] | 9월 21일 주식시장 주요공시 | 곳간 풍족한 삼성화재, 리츠 유증·생산적금융 출자 '잰걸음'",2026-09-22,-0.0119,-0.0306,,success
448730,삼성FN리츠,유상증자신주발행가액(안내공시)              ,paid_in_capital_increase,20260921,negative,-70,C,Paid-in capital increases can create dilution concerns.,5,3,4,-1,5,"""반가운 외국인..."" 서울 호텔 거래 올 상반기 약 1.5조 [fn마켓워치] | 9월 21일 주식시장 주요공시 | 곳간 풍족한 삼성화재, 리츠 유증·생산적금융 출자 '잰걸음'",2026-09-22,-0.0119,-0.0306,,success
448730,삼성FN리츠,유상증자신주발행가액(안내공시)              ,paid_in_capital_increase,20260921,negative,-70,C,Paid-in capital increases can create dilution concerns.,5,3,4,-1,5,"""반가운 외국인..."" 서울 호텔 거래 올 상반기 약 1.5조 [fn마켓워치] | 9월 21일 주식시장 주요공시 | 곳간 풍족한 삼성화재, 리츠 유증·생산적금융 출자 '잰걸음'",2026-09-22,-0.0119,-0.0306,,success
448730,삼성FN리츠,유상증자신주발행가액(안내공시)              ,paid_in_capital_increase,20260921,negative,-70,C,Paid-in capital increases can create dilution concerns.,5,3,4,-1,5,"""반가운 외국인..."" 서울 호텔 거래 올 상반기 약 1.5조 [fn마켓워치] | 9월 21일 주식시장 주요공시 | 곳간 풍족한 삼성화재, 리츠 유증·생산적금융 출자 '잰걸음'",2026-09-22,-0.0119,-0.0306,,success
448730,삼성FN리츠,유상증자신주발행가액(안내공시)              ,paid_in_capital_increase,20260921,negative,-70,C,Paid-in capital increases can create dilution concerns.,5,3,4,-1,5,"""반가운 외국인..."" 서울 호텔 거래 올 상반기 약 1.5조 [fn마켓워치] | 9월 21일 주식시장 주요공시 | 곳간 풍족한 삼성화재, 리츠 유증·생산적금융 출자 '잰걸음'",2026-09-22,-0.0119,-0.0306,,success
448730,삼성FN리츠,유상증자신주발행가액(안내공시)              ,paid_in_capital_increase,20260921,negative,-70,C,Paid-in capital increases can create dilution concerns.,5,3,4,-1,5,"""반가운 외국인..."" 서울 호텔 거래 올 상반기 약 1.5조 [fn마켓워치] | 9월 21일 주식시장 주요공시 | 곳간 풍족한 삼성화재, 리츠 유증·생산적금융 출자 '잰걸음'",2026-09-22,-0.0119,-0.0306,,success
448730,삼성FN리츠,유상증자신주발행가액(안내공시)              ,paid_in_capital_increase,20260921,negative,-70,C,Paid-in capital increases can create dilution concerns.,5,3,4,-1,5,"""반가운 외국인..."" 서울 호텔 거래 올 상반기 약 1.5조 [fn마켓워치] | 9월 21일 주식시장 주요공시 | 곳간 풍족한 삼성화재, 리츠 유증·생산적금융 출자 '잰걸음'",2026-09-22,-0.0119,-0.0306,,success
448730,삼성FN리츠,유상증자신주발행가액(안내공시)              ,paid_in_capital_increase,20260921,negative,-70,C,Paid-in capital increases can create dilution concerns.,5,3,4,-1,5,"""반가운 외국인..."" 서울 호텔 거래 올 상반기 약 1.5조 [fn마켓워치] | 9월 21일 주식시장 주요공시 | 곳간 풍족한 삼성화재, 리츠 유증·생산적금융 출자 '잰걸음'",2026-09-22,-0.0119,-0.0306,,success
448730,삼성FN리츠,유상증자신주발행가액(안내공시)              ,paid_in_capital_increase,20260921,negative,-70,C,Paid-in capital increases can create dilution concerns.,5,3,4,-1,5,"""반가운 외국인..."" 서울 호텔 거래 올 상반기 약 1.5조 [fn마켓워치] | 9월 21일 주식시장 주요공시 | 곳간 풍족한 삼성화재, 리츠 유증·생산적금융 출자 '잰걸음'",2026-09-22,-0.0119,-0.0306,,success
448730,삼성FN리츠,유상증자신주발행가액(안내공시)              ,paid_in_capital_increase,20260921,negative,-70,C,Paid-in capital increases can create dilution concerns.,5,3,4,-1,5,"""반가운 외국인..."" 서울 호텔 거래 올 상반기 약 1.5조 [fn마켓워치] | 9월 21일 주식시장 주요공시 | 곳간 풍족한 삼성화재, 리츠 유증·생산적금융 출자 '잰걸음'",2026-09-22,-0.0119,-0.0306,,success
448730,삼성FN리츠,유상증자신주발행가액(안내공시)              ,paid_in_capital_increase,20260921,negative,-70,C,Paid-in capital increases can create dilution concerns.,5,3,4,-1,5,"""반가운 외국인..."" 서울 호텔 거래 올 상반기 약 1.5조 [fn마켓워치] | 9월 21일 주식시장 주요공시 | 곳간 풍족한 삼성화재, 리츠 유증·생산적금융 출자 '잰걸음'",2026-09-22,-0.0119,-0.0306,,success
448730,삼성FN리츠,유상증자신주발행가액(안내공시)              ,paid_in_capital_increase,20260921,negative,-70,C,Paid-in capital increases can create dilution concerns.,5,3,4,-1,5,"""반가운 외국인..."" 서울 호텔 거래 올 상반기 약 1.5조 [fn마켓워치] | 9월 21일 주식시장 주요공시 | 곳간 풍족한 삼성화재, 리츠 유증·생산적금융 출자 '잰걸음'",2026-09-22,-0.0119,-0.0306,,success
448730,삼성FN리츠,유상증자신주발행가액(안내공시)              ,paid_in_capital_increase,20260921,negative,-70,C,Paid-in capital increases can create dilution concerns.,5,3,4,-1,5,"""반가운 외국인..."" 서울 호텔 거래 올 상반기 약 1.5조 [fn마켓워치] | 9월 21일 주식시장 주요공시 | 곳간 풍족한 삼성화재, 리츠 유증·생산적금융 출자 '잰걸음'",2026-09-22,-0.0119,-0.0306,,success
448730,삼성FN리츠,유상증자신주발행가액(안내공시)              ,paid_in_capital_increase,20260921,negative,-70,C,Paid-in capital increases can create dilution concerns.,5,3,4,-1,5,"""반가운 외국인..."" 서울 호텔 거래 올 상반기 약 1.5조 [fn마켓워치] | 9월 21일 주식시장 주요공시 | 곳간 풍족한 삼성화재, 리츠 유증·생산적금융 출자 '잰걸음'",2026-09-22,-0.0119,-0.0306,,success
448730,삼성FN리츠,유상증자신주발행가액(안내공시)              ,paid_in_capital_increase,20260921,negative,-70,C,Paid-in capital increases can create dilution concerns.,5,3,4,-1,5,"""반가운 외국인..."" 서울 호텔 거래 올 상반기 약 1.5조 [fn마켓워치] | 9월 21일 주식시장 주요공시 | 곳간 풍족한 삼성화재, 리츠 유증·생산적금융 출자 '잰걸음'",2026-09-22,-0.0119,-0.0306,,success
448730,삼성FN리츠,유상증자신주발행가액(안내공시)              ,paid_in_capital_increase,20260921,negative,-70,C,Paid-in capital increases can create dilution concerns.,5,3,4,-1,5,"""반가운 외국인..."" 서울 호텔 거래 올 상반기 약 1.5조 [fn마켓워치] | 9월 21일 주식시장 주요공시 | 곳간 풍족한 삼성화재, 리츠 유증·생산적금융 출자 '잰걸음'",2026-09-22,-0.0119,-0.0306,,success
448730,삼성FN리츠,유상증자신주발행가액(안내공시)              ,paid_in_capital_increase,20260921,negative,-70,C,Paid-in capital increases can create dilution concerns.,5,3,4,-1,5,"""반가운 외국인..."" 서울 호텔 거래 올 상반기 약 1.5조 [fn마켓워치] | 9월 21일 주식시장 주요공시 | 곳간 풍족한 삼성화재, 리츠 유증·생산적금융 출자 '잰걸음'",2026-09-22,-0.0119,-0.0306,,success
032820,우리기술,[기재정정]단일판매ㆍ공급계약체결              ,supply_contract,20260921,positive,70,C,Supply contract disclosures may indicate future revenue growth.,5,8,0,8,5,"지식재산처, ETRI와 핵심·표준특허 권리화·사업화 방안 논의 | [특징주] ‘클래리티법 충격’ 딛고 비트코인 반등…코인株 이틀째 강세 | [이 시각 시황] 뉴욕 훈풍에 코스피 강세…AI·반도체 질주",2026-09-22,0.0066,-0.0111,,failure
032820,우리기술,[기재정정]단일판매ㆍ공급계약체결              ,supply_contract,20260921,positive,70,C,Supply contract disclosures may indicate future revenue growth.,5,8,0,8,5,"지식재산처, ETRI와 핵심·표준특허 권리화·사업화 방안 논의 | [특징주] ‘클래리티법 충격’ 딛고 비트코인 반등…코인株 이틀째 강세 | [이 시각 시황] 뉴욕 훈풍에 코스피 강세…AI·반도체 질주",2026-09-22,0.0066,-0.0111,,failure
032820,우리기술,[기재정정]단일판매ㆍ공급계약체결              ,supply_contract,20260921,positive,70,C,Supply contract disclosures may indicate future revenue growth.,5,8,0,8,5,"지식재산처, ETRI와 핵심·표준특허 권리화·사업화 방안 논의 | [특징주] ‘클래리티법 충격’ 딛고 비트코인 반등…코인株 이틀째 강세 | [이 시각 시황] 뉴욕 훈풍에 코스피 강세…AI·반도체 질주",2026-09-22,0.0066,-0.0111,,failure
032820,우리기술,[기재정정]단일판매ㆍ공급계약체결              ,supply_contract,20260921,positive,70,C,Supply contract disclosures may indicate future revenue growth.,5,8,0,8,5,"지식재산처, ETRI와 핵심·표준특허 권리화·사업화 방안 논의 | [특징주] ‘클래리티법 충격’ 딛고 비트코인 반등…코인株 이틀째 강세 | [이 시각 시황] 뉴욕 훈풍에 코스피 강세…AI·반도체 질주",2026-09-22,0.0066,-0.0111,,failure
448730,삼성FN리츠,[기재정정]주요사항보고서(유상증자결정),paid_in_capital_increase,20260921,negative,-70,C,Paid-in capital increases can create dilution concerns.,5,3,4,-1,5,"""반가운 외국인..."" 서울 호텔 거래 올 상반기 약 1.5조 [fn마켓워치] | 9월 21일 주식시장 주요공시 | 곳간 풍족한 삼성화재, 리츠 유증·생산적금융 출자 '잰걸음'",2026-09-22,-0.0119,-0.0306,,success
448730,삼성FN리츠,[기재정정]주요사항보고서(유상증자결정),paid_in_capital_increase,20260921,negative,-70,C,Paid-in capital increases can create dilution concerns.,5,3,4,-1,5,"""반가운 외국인..."" 서울 호텔 거래 올 상반기 약 1.5조 [fn마켓워치] | 9월 21일 주식시장 주요공시 | 곳간 풍족한 삼성화재, 리츠 유증·생산적금융 출자 '잰걸음'",2026-09-22,-0.0119,-0.0306,,success
448730,삼성FN리츠,[기재정정]주요사항보고서(유상증자결정),paid_in_capital_increase,20260921,negative,-70,C,Paid-in capital increases can create dilution concerns.,5,3,4,-1,5,"""반가운 외국인..."" 서울 호텔 거래 올 상반기 약 1.5조 [fn마켓워치] | 9월 21일 주식시장 주요공시 | 곳간 풍족한 삼성화재, 리츠 유증·생산적금융 출자 '잰걸음'",2026-09-22,-0.0119,-0.0306,,success
448730,삼성FN리츠,[기재정정]주요사항보고서(유상증자결정),paid_in_capital_increase,20260921,negative,-70,C,Paid-in capital increases can create dilution concerns.,5,3,4,-1,5,"""반가운 외국인..."" 서울 호텔 거래 올 상반기 약 1.5조 [fn마켓워치] | 9월 21일 주식시장 주요공시 | 곳간 풍족한 삼성화재, 리츠 유증·생산적금융 출자 '잰걸음'",2026-09-22,-0.0119,-0.0306,,success
448730,삼성FN리츠,[기재정정]주요사항보고서(유상증자결정),paid_in_capital_increase,20260921,negative,-70,C,Paid-in capital increases can create dilution concerns.,5,3,4,-1,5,"""반가운 외국인..."" 서울 호텔 거래 올 상반기 약 1.5조 [fn마켓워치] | 9월 21일 주식시장 주요공시 | 곳간 풍족한 삼성화재, 리츠 유증·생산적금융 출자 '잰걸음'",2026-09-22,-0.0119,-0.0306,,success
448730,삼성FN리츠,[기재정정]주요사항보고서(유상증자결정),paid_in_capital_increase,20260921,negative,-70,C,Paid-in capital increases can create dilution concerns.,5,3,4,-1,5,"""반가운 외국인..."" 서울 호텔 거래 올 상반기 약 1.5조 [fn마켓워치] | 9월 21일 주식시장 주요공시 | 곳간 풍족한 삼성화재, 리츠 유증·생산적금융 출자 '잰걸음'",2026-09-22,-0.0119,-0.0306,,success
448730,삼성FN리츠,[기재정정]주요사항보고서(유상증자결정),paid_in_capital_increase,20260921,negative,-70,C,Paid-in capital increases can create dilution concerns.,5,3,4,-1,5,"""반가운 외국인..."" 서울 호텔 거래 올 상반기 약 1.5조 [fn마켓워치] | 9월 21일 주식시장 주요공시 | 곳간 풍족한 삼성화재, 리츠 유증·생산적금융 출자 '잰걸음'",2026-09-22,-0.0119,-0.0306,,success
448730,삼성FN리츠,[기재정정]주요사항보고서(유상증자결정),paid_in_capital_increase,20260921,negative,-70,C,Paid-in capital increases can create dilution concerns.,5,3,4,-1,5,"""반가운 외국인..."" 서울 호텔 거래 올 상반기 약 1.5조 [fn마켓워치] | 9월 21일 주식시장 주요공시 | 곳간 풍족한 삼성화재, 리츠 유증·생산적금융 출자 '잰걸음'",2026-09-22,-0.0119,-0.0306,,success
448730,삼성FN리츠,[기재정정]주요사항보고서(유상증자결정),paid_in_capital_increase,20260921,negative,-70,C,Paid-in capital increases can create dilution concerns.,5,3,4,-1,5,"""반가운 외국인..."" 서울 호텔 거래 올 상반기 약 1.5조 [fn마켓워치] | 9월 21일 주식시장 주요공시 | 곳간 풍족한 삼성화재, 리츠 유증·생산적금융 출자 '잰걸음'",2026-09-22,-0.0119,-0.0306,,success
448730,삼성FN리츠,[기재정정]주요사항보고서(유상증자결정),paid_in_capital_increase,20260921,negative,-70,C,Paid-in capital increases can create dilution concerns.,5,3,4,-1,5,"""반가운 외국인..."" 서울 호텔 거래 올 상반기 약 1.5조 [fn마켓워치] | 9월 21일 주식시장 주요공시 | 곳간 풍족한 삼성화재, 리츠 유증·생산적금융 출자 '잰걸음'",2026-09-22,-0.0119,-0.0306,,success
448730,삼성FN리츠,[기재정정]주요사항보고서(유상증자결정),paid_in_capital_increase,20260921,negative,-70,C,Paid-in capital increases can create dilution concerns.,5,3,4,-1,5,"""반가운 외국인..."" 서울 호텔 거래 올 상반기 약 1.5조 [fn마켓워치] | 9월 21일 주식시장 주요공시 | 곳간 풍족한 삼성화재, 리츠 유증·생산적금융 출자 '잰걸음'",2026-09-22,-0.0119,-0.0306,,success
448730,삼성FN리츠,[기재정정]주요사항보고서(유상증자결정),paid_in_capital_increase,20260921,negative,-70,C,Paid-in capital increases can create dilution concerns.,5,3,4,-1,5,"""반가운 외국인..."" 서울 호텔 거래 올 상반기 약 1.5조 [fn마켓워치] | 9월 21일 주식시장 주요공시 | 곳간 풍족한 삼성화재, 리츠 유증·생산적금융 출자 '잰걸음'",2026-09-22,-0.0119,-0.0306,,success
448730,삼성FN리츠,[기재정정]주요사항보고서(유상증자결정),paid_in_capital_increase,20260921,negative,-70,C,Paid-in capital increases can create dilution concerns.,5,3,4,-1,5,"""반가운 외국인..."" 서울 호텔 거래 올 상반기 약 1.5조 [fn마켓워치] | 9월 21일 주식시장 주요공시 | 곳간 풍족한 삼성화재, 리츠 유증·생산적금융 출자 '잰걸음'",2026-09-22,-0.0119,-0.0306,,success
448730,삼성FN리츠,[기재정정]주요사항보고서(유상증자결정),paid_in_capital_increase,20260921,negative,-70,C,Paid-in capital increases can create dilution concerns.,5,3,4,-1,5,"""반가운 외국인..."" 서울 호텔 거래 올 상반기 약 1.5조 [fn마켓워치] | 9월 21일 주식시장 주요공시 | 곳간 풍족한 삼성화재, 리츠 유증·생산적금융 출자 '잰걸음'",2026-09-22,-0.0119,-0.0306,,success
448730,삼성FN리츠,[기재정정]주요사항보고서(유상증자결정),paid_in_capital_increase,20260921,negative,-70,C,Paid-in capital increases can create dilution concerns.,5,3,4,-1,5,"""반가운 외국인..."" 서울 호텔 거래 올 상반기 약 1.5조 [fn마켓워치] | 9월 21일 주식시장 주요공시 | 곳간 풍족한 삼성화재, 리츠 유증·생산적금융 출자 '잰걸음'",2026-09-22,-0.0119,-0.0306,,success
448730,삼성FN리츠,[기재정정]주요사항보고서(유상증자결정),paid_in_capital_increase,20260921,negative,-70,C,Paid-in capital increases can create dilution concerns.,5,3,4,-1,5,"""반가운 외국인..."" 서울 호텔 거래 올 상반기 약 1.5조 [fn마켓워치] | 9월 21일 주식시장 주요공시 | 곳간 풍족한 삼성화재, 리츠 유증·생산적금융 출자 '잰걸음'",2026-09-22,-0.0119,-0.0306,,success
448730,삼성FN리츠,[기재정정]주요사항보고서(유상증자결정),paid_in_capital_increase,20260921,negative,-70,C,Paid-in capital increases can create dilution concerns.,5,3,4,-1,5,"""반가운 외국인..."" 서울 호텔 거래 올 상반기 약 1.5조 [fn마켓워치] | 9월 21일 주식시장 주요공시 | 곳간 풍족한 삼성화재, 리츠 유증·생산적금융 출자 '잰걸음'",2026-09-22,-0.0119,-0.0306,,success
448730,삼성FN리츠,[기재정정]주요사항보고서(유상증자결정),paid_in_capital_increase,20260921,negative,-70,C,Paid-in capital increases can create dilution concerns.,5,3,4,-1,5,"""반가운 외국인..."" 서울 호텔 거래 올 상반기 약 1.5조 [fn마켓워치] | 9월 21일 주식시장 주요공시 | 곳간 풍족한 삼성화재, 리츠 유증·생산적금융 출자 '잰걸음'",2026-09-22,-0.0119,-0.0306,,success
448730,삼성FN리츠,[기재정정]주요사항보고서(유상증자결정),paid_in_capital_increase,20260921,negative,-70,C,Paid-in capital increases can create dilution concerns.,5,3,4,-1,5,"""반가운 외국인..."" 서울 호텔 거래 올 상반기 약 1.5조 [fn마켓워치] | 9월 21일 주식시장 주요공시 | 곳간 풍족한 삼성화재, 리츠 유증·생산적금융 출자 '잰걸음'",2026-09-22,-0.0119,-0.0306,,success
448730,삼성FN리츠,[기재정정]주요사항보고서(유상증자결정),paid_in_capital_increase,20260921,negative,-70,C,Paid-in capital increases can create dilution concerns.,5,3,4,-1,5,"""반가운 외국인..."" 서울 호텔 거래 올 상반기 약 1.5조 [fn마켓워치] | 9월 21일 주식시장 주요공시 | 곳간 풍족한 삼성화재, 리츠 유증·생산적금융 출자 '잰걸음'",2026-09-22,-0.0119,-0.0306,,success
448730,삼성FN리츠,[기재정정]주요사항보고서(유상증자결정),paid_in_capital_increase,20260921,negative,-70,C,Paid-in capital increases can create dilution concerns.,5,3,4,-1,5,"""반가운 외국인..."" 서울 호텔 거래 올 상반기 약 1.5조 [fn마켓워치] | 9월 21일 주식시장 주요공시 | 곳간 풍족한 삼성화재, 리츠 유증·생산적금융 출자 '잰걸음'",2026-09-22,-0.0119,-0.0306,,success
448730,삼성FN리츠,[기재정정]주요사항보고서(유상증자결정),paid_in_capital_increase,20260921,negative,-70,C,Paid-in capital increases can create dilution concerns.,5,3,4,-1,5,"""반가운 외국인..."" 서울 호텔 거래 올 상반기 약 1.5조 [fn마켓워치] | 9월 21일 주식시장 주요공시 | 곳간 풍족한 삼성화재, 리츠 유증·생산적금융 출자 '잰걸음'",2026-09-22,-0.0119,-0.0306,,success
448730,삼성FN리츠,[기재정정]주요사항보고서(유상증자결정),paid_in_capital_increase,20260921,negative,-70,C,Paid-in capital increases can create dilution concerns.,5,3,4,-1,5,"""반가운 외국인..."" 서울 호텔 거래 올 상반기 약 1.5조 [fn마켓워치] | 9월 21일 주식시장 주요공시 | 곳간 풍족한 삼성화재, 리츠 유증·생산적금융 출자 '잰걸음'",2026-09-22,-0.0119,-0.0306,,success
448730,삼성FN리츠,[기재정정]주요사항보고서(유상증자결정),paid_in_capital_increase,20260921,negative,-70,C,Paid-in capital increases can create dilution concerns.,5,3,4,-1,5,"""반가운 외국인..."" 서울 호텔 거래 올 상반기 약 1.5조 [fn마켓워치] | 9월 21일 주식시장 주요공시 | 곳간 풍족한 삼성화재, 리츠 유증·생산적금융 출자 '잰걸음'",2026-09-22,-0.0119,-0.0306,,success
448730,삼성FN리츠,[기재정정]주요사항보고서(유상증자결정),paid_in_capital_increase,20260921,negative,-70,C,Paid-in capital increases can create dilution concerns.,5,3,4,-1,5,"""반가운 외국인..."" 서울 호텔 거래 올 상반기 약 1.5조 [fn마켓워치] | 9월 21일 주식시장 주요공시 | 곳간 풍족한 삼성화재, 리츠 유증·생산적금융 출자 '잰걸음'",2026-09-22,-0.0119,-0.0306,,success
448730,삼성FN리츠,[기재정정]주요사항보고서(유상증자결정),paid_in_capital_increase,20260921,negative,-70,C,Paid-in capital increases can create dilution concerns.,5,3,4,-1,5,"""반가운 외국인..."" 서울 호텔 거래 올 상반기 약 1.5조 [fn마켓워치] | 9월 21일 주식시장 주요공시 | 곳간 풍족한 삼성화재, 리츠 유증·생산적금융 출자 '잰걸음'",2026-09-22,-0.0119,-0.0306,,success
448730,삼성FN리츠,[기재정정]주요사항보고서(유상증자결정),paid_in_capital_increase,20260921,negative,-70,C,Paid-in capital increases can create dilution concerns.,5,3,4,-1,5,"""반가운 외국인..."" 서울 호텔 거래 올 상반기 약 1.5조 [fn마켓워치] | 9월 21일 주식시장 주요공시 | 곳간 풍족한 삼성화재, 리츠 유증·생산적금융 출자 '잰걸음'",2026-09-22,-0.0119,-0.0306,,success
448730,삼성FN리츠,[기재정정]주요사항보고서(유상증자결정),paid_in_capital_increase,20260921,negative,-70,C,Paid-in capital increases can create dilution concerns.,5,3,4,-1,5,"""반가운 외국인..."" 서울 호텔 거래 올 상반기 약 1.5조 [fn마켓워치] | 9월 21일 주식시장 주요공시 | 곳간 풍족한 삼성화재, 리츠 유증·생산적금융 출자 '잰걸음'",2026-09-22,-0.0119,-0.0306,,success
448730,삼성FN리츠,[기재정정]주요사항보고서(유상증자결정),paid_in_capital_increase,20260921,negative,-70,C,Paid-in capital increases can create dilution concerns.,5,3,4,-1,5,"""반가운 외국인..."" 서울 호텔 거래 올 상반기 약 1.5조 [fn마켓워치] | 9월 21일 주식시장 주요공시 | 곳간 풍족한 삼성화재, 리츠 유증·생산적금융 출자 '잰걸음'",2026-09-22,-0.0119,-0.0306,,success
448730,삼성FN리츠,[기재정정]주요사항보고서(유상증자결정),paid_in_capital_increase,20260921,negative,-70,C,Paid-in capital increases can create dilution concerns.,5,3,4,-1,5,"""반가운 외국인..."" 서울 호텔 거래 올 상반기 약 1.5조 [fn마켓워치] | 9월 21일 주식시장 주요공시 | 곳간 풍족한 삼성화재, 리츠 유증·생산적금융 출자 '잰걸음'",2026-09-22,-0.0119,-0.0306,,success
448730,삼성FN리츠,[기재정정]주요사항보고서(유상증자결정),paid_in_capital_increase,20260921,negative,-70,C,Paid-in capital increases can create dilution concerns.,5,3,4,-1,5,"""반가운 외국인..."" 서울 호텔 거래 올 상반기 약 1.5조 [fn마켓워치] | 9월 21일 주식시장 주요공시 | 곳간 풍족한 삼성화재, 리츠 유증·생산적금융 출자 '잰걸음'",2026-09-22,-0.0119,-0.0306,,success
448730,삼성FN리츠,[기재정정]주요사항보고서(유상증자결정),paid_in_capital_increase,20260921,negative,-70,C,Paid-in capital increases can create dilution concerns.,5,3,4,-1,5,"""반가운 외국인..."" 서울 호텔 거래 올 상반기 약 1.5조 [fn마켓워치] | 9월 21일 주식시장 주요공시 | 곳간 풍족한 삼성화재, 리츠 유증·생산적금융 출자 '잰걸음'",2026-09-22,-0.0119,-0.0306,,success
448730,삼성FN리츠,[기재정정]주요사항보고서(유상증자결정),paid_in_capital_increase,20260921,negative,-70,C,Paid-in capital increases can create dilution concerns.,5,3,4,-1,5,"""반가운 외국인..."" 서울 호텔 거래 올 상반기 약 1.5조 [fn마켓워치] | 9월 21일 주식시장 주요공시 | 곳간 풍족한 삼성화재, 리츠 유증·생산적금융 출자 '잰걸음'",2026-09-22,-0.0119,-0.0306,,success
448730,삼성FN리츠,[기재정정]주요사항보고서(유상증자결정),paid_in_capital_increase,20260921,negative,-70,C,Paid-in capital increases can create dilution concerns.,5,3,4,-1,5,"""반가운 외국인..."" 서울 호텔 거래 올 상반기 약 1.5조 [fn마켓워치] | 9월 21일 주식시장 주요공시 | 곳간 풍족한 삼성화재, 리츠 유증·생산적금융 출자 '잰걸음'",2026-09-22,-0.0119,-0.0306,,success
448730,삼성FN리츠,[기재정정]주요사항보고서(유상증자결정),paid_in_capital_increase,20260921,negative,-70,C,Paid-in capital increases can create dilution concerns.,5,3,4,-1,5,"""반가운 외국인..."" 서울 호텔 거래 올 상반기 약 1.5조 [fn마켓워치] | 9월 21일 주식시장 주요공시 | 곳간 풍족한 삼성화재, 리츠 유증·생산적금융 출자 '잰걸음'",2026-09-22,-0.0119,-0.0306,,success
448730,삼성FN리츠,[기재정정]주요사항보고서(유상증자결정),paid_in_capital_increase,20260921,negative,-70,C,Paid-in capital increases can create dilution concerns.,5,3,4,-1,5,"""반가운 외국인..."" 서울 호텔 거래 올 상반기 약 1.5조 [fn마켓워치] | 9월 21일 주식시장 주요공시 | 곳간 풍족한 삼성화재, 리츠 유증·생산적금융 출자 '잰걸음'",2026-09-22,-0.0119,-0.0306,,success
448730,삼성FN리츠,[기재정정]주요사항보고서(유상증자결정),paid_in_capital_increase,20260921,negative,-70,C,Paid-in capital increases can create dilution concerns.,5,3,4,-1,5,"""반가운 외국인..."" 서울 호텔 거래 올 상반기 약 1.5조 [fn마켓워치] | 9월 21일 주식시장 주요공시 | 곳간 풍족한 삼성화재, 리츠 유증·생산적금융 출자 '잰걸음'",2026-09-22,-0.0119,-0.0306,,success
448730,삼성FN리츠,[기재정정]주요사항보고서(유상증자결정),paid_in_capital_increase,20260921,negative,-70,C,Paid-in capital increases can create dilution concerns.,5,3,4,-1,5,"""반가운 외국인..."" 서울 호텔 거래 올 상반기 약 1.5조 [fn마켓워치] | 9월 21일 주식시장 주요공시 | 곳간 풍족한 삼성화재, 리츠 유증·생산적금융 출자 '잰걸음'",2026-09-22,-0.0119,-0.0306,,success
448730,삼성FN리츠,[기재정정]주요사항보고서(유상증자결정),paid_in_capital_increase,20260921,negative,-70,C,Paid-in capital increases can create dilution concerns.,5,3,4,-1,5,"""반가운 외국인..."" 서울 호텔 거래 올 상반기 약 1.5조 [fn마켓워치] | 9월 21일 주식시장 주요공시 | 곳간 풍족한 삼성화재, 리츠 유증·생산적금융 출자 '잰걸음'",2026-09-22,-0.0119,-0.0306,,success
448730,삼성FN리츠,[기재정정]주요사항보고서(유상증자결정),paid_in_capital_increase,20260921,negative,-70,C,Paid-in capital increases can create dilution concerns.,5,3,4,-1,5,"""반가운 외국인..."" 서울 호텔 거래 올 상반기 약 1.5조 [fn마켓워치] | 9월 21일 주식시장 주요공시 | 곳간 풍족한 삼성화재, 리츠 유증·생산적금융 출자 '잰걸음'",2026-09-22,-0.0119,-0.0306,,success
448730,삼성FN리츠,[기재정정]주요사항보고서(유상증자결정),paid_in_capital_increase,20260921,negative,-70,C,Paid-in capital increases can create dilution concerns.,5,3,4,-1,5,"""반가운 외국인..."" 서울 호텔 거래 올 상반기 약 1.5조 [fn마켓워치] | 9월 21일 주식시장 주요공시 | 곳간 풍족한 삼성화재, 리츠 유증·생산적금융 출자 '잰걸음'",2026-09-22,-0.0119,-0.0306,,success
448730,삼성FN리츠,[기재정정]주요사항보고서(유상증자결정),paid_in_capital_increase,20260921,negative,-70,C,Paid-in capital increases can create dilution concerns.,5,3,4,-1,5,"""반가운 외국인..."" 서울 호텔 거래 올 상반기 약 1.5조 [fn마켓워치] | 9월 21일 주식시장 주요공시 | 곳간 풍족한 삼성화재, 리츠 유증·생산적금융 출자 '잰걸음'",2026-09-22,-0.0119,-0.0306,,success
448730,삼성FN리츠,[기재정정]주요사항보고서(유상증자결정),paid_in_capital_increase,20260921,negative,-70,C,Paid-in capital increases can create dilution concerns.,5,3,4,-1,5,"""반가운 외국인..."" 서울 호텔 거래 올 상반기 약 1.5조 [fn마켓워치] | 9월 21일 주식시장 주요공시 | 곳간 풍족한 삼성화재, 리츠 유증·생산적금융 출자 '잰걸음'",2026-09-22,-0.0119,-0.0306,,success
448730,삼성FN리츠,[기재정정]주요사항보고서(유상증자결정),paid_in_capital_increase,20260921,negative,-70,C,Paid-in capital increases can create dilution concerns.,5,3,4,-1,5,"""반가운 외국인..."" 서울 호텔 거래 올 상반기 약 1.5조 [fn마켓워치] | 9월 21일 주식시장 주요공시 | 곳간 풍족한 삼성화재, 리츠 유증·생산적금융 출자 '잰걸음'",2026-09-22,-0.0119,-0.0306,,success
448730,삼성FN리츠,[기재정정]주요사항보고서(유상증자결정),paid_in_capital_increase,20260921,negative,-70,C,Paid-in capital increases can create dilution concerns.,5,3,4,-1,5,"""반가운 외국인..."" 서울 호텔 거래 올 상반기 약 1.5조 [fn마켓워치] | 9월 21일 주식시장 주요공시 | 곳간 풍족한 삼성화재, 리츠 유증·생산적금융 출자 '잰걸음'",2026-09-22,-0.0119,-0.0306,,success
448730,삼성FN리츠,[기재정정]주요사항보고서(유상증자결정),paid_in_capital_increase,20260921,negative,-70,C,Paid-in capital increases can create dilution concerns.,5,3,4,-1,5,"""반가운 외국인..."" 서울 호텔 거래 올 상반기 약 1.5조 [fn마켓워치] | 9월 21일 주식시장 주요공시 | 곳간 풍족한 삼성화재, 리츠 유증·생산적금융 출자 '잰걸음'",2026-09-22,-0.0119,-0.0306,,success
448730,삼성FN리츠,[기재정정]주요사항보고서(유상증자결정),paid_in_capital_increase,20260921,negative,-70,C,Paid-in capital increases can create dilution concerns.,5,3,4,-1,5,"""반가운 외국인..."" 서울 호텔 거래 올 상반기 약 1.5조 [fn마켓워치] | 9월 21일 주식시장 주요공시 | 곳간 풍족한 삼성화재, 리츠 유증·생산적금융 출자 '잰걸음'",2026-09-22,-0.0119,-0.0306,,success
448730,삼성FN리츠,[기재정정]주요사항보고서(유상증자결정),paid_in_capital_increase,20260921,negative,-70,C,Paid-in capital increases can create dilution concerns.,5,3,4,-1,5,"""반가운 외국인..."" 서울 호텔 거래 올 상반기 약 1.5조 [fn마켓워치] | 9월 21일 주식시장 주요공시 | 곳간 풍족한 삼성화재, 리츠 유증·생산적금융 출자 '잰걸음'",2026-09-22,-0.0119,-0.0306,,success
448730,삼성FN리츠,[기재정정]주요사항보고서(유상증자결정),paid_in_capital_increase,20260921,negative,-70,C,Paid-in capital increases can create dilution concerns.,5,3,4,-1,5,"""반가운 외국인..."" 서울 호텔 거래 올 상반기 약 1.5조 [fn마켓워치] | 9월 21일 주식시장 주요공시 | 곳간 풍족한 삼성화재, 리츠 유증·생산적금융 출자 '잰걸음'",2026-09-22,-0.0119,-0.0306,,success
448730,삼성FN리츠,[기재정정]주요사항보고서(유상증자결정),paid_in_capital_increase,20260921,negative,-70,C,Paid-in capital increases can create dilution concerns.,5,3,4,-1,5,"""반가운 외국인..."" 서울 호텔 거래 올 상반기 약 1.5조 [fn마켓워치] | 9월 21일 주식시장 주요공시 | 곳간 풍족한 삼성화재, 리츠 유증·생산적금융 출자 '잰걸음'",2026-09-22,-0.0119,-0.0306,,success
448730,삼성FN리츠,[기재정정]주요사항보고서(유상증자결정),paid_in_capital_increase,20260921,negative,-70,C,Paid-in capital increases can create dilution concerns.,5,3,4,-1,5,"""반가운 외국인..."" 서울 호텔 거래 올 상반기 약 1.5조 [fn마켓워치] | 9월 21일 주식시장 주요공시 | 곳간 풍족한 삼성화재, 리츠 유증·생산적금융 출자 '잰걸음'",2026-09-22,-0.0119,-0.0306,,success
448730,삼성FN리츠,[기재정정]주요사항보고서(유상증자결정),paid_in_capital_increase,20260921,negative,-70,C,Paid-in capital increases can create dilution concerns.,5,3,4,-1,5,"""반가운 외국인..."" 서울 호텔 거래 올 상반기 약 1.5조 [fn마켓워치] | 9월 21일 주식시장 주요공시 | 곳간 풍족한 삼성화재, 리츠 유증·생산적금융 출자 '잰걸음'",2026-09-22,-0.0119,-0.0306,,success
448730,삼성FN리츠,[기재정정]주요사항보고서(유상증자결정),paid_in_capital_increase,20260921,negative,-70,C,Paid-in capital increases can create dilution concerns.,5,3,4,-1,5,"""반가운 외국인..."" 서울 호텔 거래 올 상반기 약 1.5조 [fn마켓워치] | 9월 21일 주식시장 주요공시 | 곳간 풍족한 삼성화재, 리츠 유증·생산적금융 출자 '잰걸음'",2026-09-22,-0.0119,-0.0306,,success
448730,삼성FN리츠,[기재정정]주요사항보고서(유상증자결정),paid_in_capital_increase,20260921,negative,-70,C,Paid-in capital increases can create dilution concerns.,5,3,4,-1,5,"""반가운 외국인..."" 서울 호텔 거래 올 상반기 약 1.5조 [fn마켓워치] | 9월 21일 주식시장 주요공시 | 곳간 풍족한 삼성화재, 리츠 유증·생산적금융 출자 '잰걸음'",2026-09-22,-0.0119,-0.0306,,success
448730,삼성FN리츠,[기재정정]주요사항보고서(유상증자결정),paid_in_capital_increase,20260921,negative,-70,C,Paid-in capital increases can create dilution concerns.,5,3,4,-1,5,"""반가운 외국인..."" 서울 호텔 거래 올 상반기 약 1.5조 [fn마켓워치] | 9월 21일 주식시장 주요공시 | 곳간 풍족한 삼성화재, 리츠 유증·생산적금융 출자 '잰걸음'",2026-09-22,-0.0119,-0.0306,,success
448730,삼성FN리츠,[기재정정]주요사항보고서(유상증자결정),paid_in_capital_increase,20260921,negative,-70,C,Paid-in capital increases can create dilution concerns.,5,3,4,-1,5,"""반가운 외국인..."" 서울 호텔 거래 올 상반기 약 1.5조 [fn마켓워치] | 9월 21일 주식시장 주요공시 | 곳간 풍족한 삼성화재, 리츠 유증·생산적금융 출자 '잰걸음'",2026-09-22,-0.0119,-0.0306,,success
448730,삼성FN리츠,[기재정정]주요사항보고서(유상증자결정),paid_in_capital_increase,20260921,negative,-70,C,Paid-in capital increases can create dilution concerns.,5,3,4,-1,5,"""반가운 외국인..."" 서울 호텔 거래 올 상반기 약 1.5조 [fn마켓워치] | 9월 21일 주식시장 주요공시 | 곳간 풍족한 삼성화재, 리츠 유증·생산적금융 출자 '잰걸음'",2026-09-22,-0.0119,-0.0306,,success
448730,삼성FN리츠,[기재정정]주요사항보고서(유상증자결정),paid_in_capital_increase,20260921,negative,-70,C,Paid-in capital increases can create dilution concerns.,5,3,4,-1,5,"""반가운 외국인..."" 서울 호텔 거래 올 상반기 약 1.5조 [fn마켓워치] | 9월 21일 주식시장 주요공시 | 곳간 풍족한 삼성화재, 리츠 유증·생산적금융 출자 '잰걸음'",2026-09-22,-0.0119,-0.0306,,success
448730,삼성FN리츠,[기재정정]주요사항보고서(유상증자결정),paid_in_capital_increase,20260921,negative,-70,C,Paid-in capital increases can create dilution concerns.,5,3,4,-1,5,"""반가운 외국인..."" 서울 호텔 거래 올 상반기 약 1.5조 [fn마켓워치] | 9월 21일 주식시장 주요공시 | 곳간 풍족한 삼성화재, 리츠 유증·생산적금융 출자 '잰걸음'",2026-09-22,-0.0119,-0.0306,,success
448730,삼성FN리츠,[기재정정]주요사항보고서(유상증자결정),paid_in_capital_increase,20260921,negative,-70,C,Paid-in capital increases can create dilution concerns.,5,3,4,-1,5,"""반가운 외국인..."" 서울 호텔 거래 올 상반기 약 1.5조 [fn마켓워치] | 9월 21일 주식시장 주요공시 | 곳간 풍족한 삼성화재, 리츠 유증·생산적금융 출자 '잰걸음'",2026-09-22,-0.0119,-0.0306,,success
448730,삼성FN리츠,[기재정정]주요사항보고서(유상증자결정),paid_in_capital_increase,20260921,negative,-70,C,Paid-in capital increases can create dilution concerns.,5,3,4,-1,5,"""반가운 외국인..."" 서울 호텔 거래 올 상반기 약 1.5조 [fn마켓워치] | 9월 21일 주식시장 주요공시 | 곳간 풍족한 삼성화재, 리츠 유증·생산적금융 출자 '잰걸음'",2026-09-22,-0.0119,-0.0306,,success
448730,삼성FN리츠,[기재정정]주요사항보고서(유상증자결정),paid_in_capital_increase,20260921,negative,-70,C,Paid-in capital increases can create dilution concerns.,5,3,4,-1,5,"""반가운 외국인..."" 서울 호텔 거래 올 상반기 약 1.5조 [fn마켓워치] | 9월 21일 주식시장 주요공시 | 곳간 풍족한 삼성화재, 리츠 유증·생산적금융 출자 '잰걸음'",2026-09-22,-0.0119,-0.0306,,success
448730,삼성FN리츠,[기재정정]주요사항보고서(유상증자결정),paid_in_capital_increase,20260921,negative,-70,C,Paid-in capital increases can create dilution concerns.,5,3,4,-1,5,"""반가운 외국인..."" 서울 호텔 거래 올 상반기 약 1.5조 [fn마켓워치] | 9월 21일 주식시장 주요공시 | 곳간 풍족한 삼성화재, 리츠 유증·생산적금융 출자 '잰걸음'",2026-09-22,-0.0119,-0.0306,,success
448730,삼성FN리츠,[기재정정]주요사항보고서(유상증자결정),paid_in_capital_increase,20260921,negative,-70,C,Paid-in capital increases can create dilution concerns.,5,3,4,-1,5,"""반가운 외국인..."" 서울 호텔 거래 올 상반기 약 1.5조 [fn마켓워치] | 9월 21일 주식시장 주요공시 | 곳간 풍족한 삼성화재, 리츠 유증·생산적금융 출자 '잰걸음'",2026-09-22,-0.0119,-0.0306,,success
448730,삼성FN리츠,[기재정정]주요사항보고서(유상증자결정),paid_in_capital_increase,20260921,negative,-70,C,Paid-in capital increases can create dilution concerns.,5,3,4,-1,5,"""반가운 외국인..."" 서울 호텔 거래 올 상반기 약 1.5조 [fn마켓워치] | 9월 21일 주식시장 주요공시 | 곳간 풍족한 삼성화재, 리츠 유증·생산적금융 출자 '잰걸음'",2026-09-22,-0.0119,-0.0306,,success
448730,삼성FN리츠,[기재정정]주요사항보고서(유상증자결정),paid_in_capital_increase,20260921,negative,-70,C,Paid-in capital increases can create dilution concerns.,5,3,4,-1,5,"""반가운 외국인..."" 서울 호텔 거래 올 상반기 약 1.5조 [fn마켓워치] | 9월 21일 주식시장 주요공시 | 곳간 풍족한 삼성화재, 리츠 유증·생산적금융 출자 '잰걸음'",2026-09-22,-0.0119,-0.0306,,success
448730,삼성FN리츠,[기재정정]주요사항보고서(유상증자결정),paid_in_capital_increase,20260921,negative,-70,C,Paid-in capital increases can create dilution concerns.,5,3,4,-1,5,"""반가운 외국인..."" 서울 호텔 거래 올 상반기 약 1.5조 [fn마켓워치] | 9월 21일 주식시장 주요공시 | 곳간 풍족한 삼성화재, 리츠 유증·생산적금융 출자 '잰걸음'",2026-09-22,-0.0119,-0.0306,,success
448730,삼성FN리츠,[기재정정]주요사항보고서(유상증자결정),paid_in_capital_increase,20260921,negative,-70,C,Paid-in capital increases can create dilution concerns.,5,3,4,-1,5,"""반가운 외국인..."" 서울 호텔 거래 올 상반기 약 1.5조 [fn마켓워치] | 9월 21일 주식시장 주요공시 | 곳간 풍족한 삼성화재, 리츠 유증·생산적금융 출자 '잰걸음'",2026-09-22,-0.0119,-0.0306,,success
448730,삼성FN리츠,[기재정정]주요사항보고서(유상증자결정),paid_in_capital_increase,20260921,negative,-70,C,Paid-in capital increases can create dilution concerns.,5,3,4,-1,5,"""반가운 외국인..."" 서울 호텔 거래 올 상반기 약 1.5조 [fn마켓워치] | 9월 21일 주식시장 주요공시 | 곳간 풍족한 삼성화재, 리츠 유증·생산적금융 출자 '잰걸음'",2026-09-22,-0.0119,-0.0306,,success
448730,삼성FN리츠,[기재정정]주요사항보고서(유상증자결정),paid_in_capital_increase,20260921,negative,-70,C,Paid-in capital increases can create dilution concerns.,5,3,4,-1,5,"""반가운 외국인..."" 서울 호텔 거래 올 상반기 약 1.5조 [fn마켓워치] | 9월 21일 주식시장 주요공시 | 곳간 풍족한 삼성화재, 리츠 유증·생산적금융 출자 '잰걸음'",2026-09-22,-0.0119,-0.0306,,success
448730,삼성FN리츠,[기재정정]주요사항보고서(유상증자결정),paid_in_capital_increase,20260921,negative,-70,C,Paid-in capital increases can create dilution concerns.,5,3,4,-1,5,"""반가운 외국인..."" 서울 호텔 거래 올 상반기 약 1.5조 [fn마켓워치] | 9월 21일 주식시장 주요공시 | 곳간 풍족한 삼성화재, 리츠 유증·생산적금융 출자 '잰걸음'",2026-09-22,-0.0119,-0.0306,,success
448730,삼성FN리츠,[기재정정]주요사항보고서(유상증자결정),paid_in_capital_increase,20260921,negative,-70,C,Paid-in capital increases can create dilution concerns.,5,3,4,-1,5,"""반가운 외국인..."" 서울 호텔 거래 올 상반기 약 1.5조 [fn마켓워치] | 9월 21일 주식시장 주요공시 | 곳간 풍족한 삼성화재, 리츠 유증·생산적금융 출자 '잰걸음'",2026-09-22,-0.0119,-0.0306,,success
448730,삼성FN리츠,[기재정정]주요사항보고서(유상증자결정),paid_in_capital_increase,20260921,negative,-70,C,Paid-in capital increases can create dilution concerns.,5,3,4,-1,5,"""반가운 외국인..."" 서울 호텔 거래 올 상반기 약 1.5조 [fn마켓워치] | 9월 21일 주식시장 주요공시 | 곳간 풍족한 삼성화재, 리츠 유증·생산적금융 출자 '잰걸음'",2026-09-22,-0.0119,-0.0306,,success
448730,삼성FN리츠,[기재정정]주요사항보고서(유상증자결정),paid_in_capital_increase,20260921,negative,-70,C,Paid-in capital increases can create dilution concerns.,5,3,4,-1,5,"""반가운 외국인..."" 서울 호텔 거래 올 상반기 약 1.5조 [fn마켓워치] | 9월 21일 주식시장 주요공시 | 곳간 풍족한 삼성화재, 리츠 유증·생산적금융 출자 '잰걸음'",2026-09-22,-0.0119,-0.0306,,success
448730,삼성FN리츠,[기재정정]주요사항보고서(유상증자결정),paid_in_capital_increase,20260921,negative,-70,C,Paid-in capital increases can create dilution concerns.,5,3,4,-1,5,"""반가운 외국인..."" 서울 호텔 거래 올 상반기 약 1.5조 [fn마켓워치] | 9월 21일 주식시장 주요공시 | 곳간 풍족한 삼성화재, 리츠 유증·생산적금융 출자 '잰걸음'",2026-09-22,-0.0119,-0.0306,,success
448730,삼성FN리츠,[기재정정]주요사항보고서(유상증자결정),paid_in_capital_increase,20260921,negative,-70,C,Paid-in capital increases can create dilution concerns.,5,3,4,-1,5,"""반가운 외국인..."" 서울 호텔 거래 올 상반기 약 1.5조 [fn마켓워치] | 9월 21일 주식시장 주요공시 | 곳간 풍족한 삼성화재, 리츠 유증·생산적금융 출자 '잰걸음'",2026-09-22,-0.0119,-0.0306,,success
448730,삼성FN리츠,[기재정정]주요사항보고서(유상증자결정),paid_in_capital_increase,20260921,negative,-70,C,Paid-in capital increases can create dilution concerns.,5,3,4,-1,5,"""반가운 외국인..."" 서울 호텔 거래 올 상반기 약 1.5조 [fn마켓워치] | 9월 21일 주식시장 주요공시 | 곳간 풍족한 삼성화재, 리츠 유증·생산적금융 출자 '잰걸음'",2026-09-22,-0.0119,-0.0306,,success
448730,삼성FN리츠,[기재정정]주요사항보고서(유상증자결정),paid_in_capital_increase,20260921,negative,-70,C,Paid-in capital increases can create dilution concerns.,5,3,4,-1,5,"""반가운 외국인..."" 서울 호텔 거래 올 상반기 약 1.5조 [fn마켓워치] | 9월 21일 주식시장 주요공시 | 곳간 풍족한 삼성화재, 리츠 유증·생산적금융 출자 '잰걸음'",2026-09-22,-0.0119,-0.0306,,success
448730,삼성FN리츠,[기재정정]주요사항보고서(유상증자결정),paid_in_capital_increase,20260921,negative,-70,C,Paid-in capital increases can create dilution concerns.,5,3,4,-1,5,"""반가운 외국인..."" 서울 호텔 거래 올 상반기 약 1.5조 [fn마켓워치] | 9월 21일 주식시장 주요공시 | 곳간 풍족한 삼성화재, 리츠 유증·생산적금융 출자 '잰걸음'",2026-09-22,-0.0119,-0.0306,,success
448730,삼성FN리츠,[기재정정]주요사항보고서(유상증자결정),paid_in_capital_increase,20260921,negative,-70,C,Paid-in capital increases can create dilution concerns.,5,3,4,-1,5,"""반가운 외국인..."" 서울 호텔 거래 올 상반기 약 1.5조 [fn마켓워치] | 9월 21일 주식시장 주요공시 | 곳간 풍족한 삼성화재, 리츠 유증·생산적금융 출자 '잰걸음'",2026-09-22,-0.0119,-0.0306,,success
045390,대아티아이,[기재정정]단일판매ㆍ공급계약체결              ,supply_contract,20260921,positive,70,C,Supply contract disclosures may indicate future revenue growth.,5,10,6,4,5,9월 21일 주식시장 주요공시 | 철도망 넓어지자 관련주도 움직였다…전력·차량株 '휘파람' | 철도 투자 다시 부각…통신·전력·터널 관련株 동반 함박웃음,2026-09-22,0.0076,-0.0333,,failure
035890,서희건설,[기재정정]단일판매ㆍ공급계약체결              ,supply_contract,20260921,positive,70,C,Supply contract disclosures may indicate future revenue growth.,5,0,0,0,5,"김건희 '매관매직' 항소심 오늘 선고…1심은 징역 7년 | ""하지 않은 일 인정 못 해"" 김건희 매관매직 항소심, 오늘 선고 | 현대판 '매관매직' 김건희 항소심 오늘 선고..1심은 징역 7년",2026-09-22,0.0043,-0.0239,,failure
035890,서희건설,[기재정정]단일판매ㆍ공급계약체결              ,supply_contract,20260921,positive,70,C,Supply contract disclosures may indicate future revenue growth.,5,0,0,0,5,"김건희 '매관매직' 항소심 오늘 선고…1심은 징역 7년 | ""하지 않은 일 인정 못 해"" 김건희 매관매직 항소심, 오늘 선고 | 현대판 '매관매직' 김건희 항소심 오늘 선고..1심은 징역 7년",2026-09-22,0.0043,-0.0239,,failure
035890,서희건설,[기재정정]단일판매ㆍ공급계약체결              ,supply_contract,20260921,positive,70,C,Supply contract disclosures may indicate future revenue growth.,5,0,0,0,5,"김건희 '매관매직' 항소심 오늘 선고…1심은 징역 7년 | ""하지 않은 일 인정 못 해"" 김건희 매관매직 항소심, 오늘 선고 | 현대판 '매관매직' 김건희 항소심 오늘 선고..1심은 징역 7년",2026-09-22,0.0043,-0.0239,,failure
035890,서희건설,[기재정정]단일판매ㆍ공급계약체결              ,supply_contract,20260921,positive,70,C,Supply contract disclosures may indicate future revenue growth.,5,0,0,0,5,"김건희 '매관매직' 항소심 오늘 선고…1심은 징역 7년 | ""하지 않은 일 인정 못 해"" 김건희 매관매직 항소심, 오늘 선고 | 현대판 '매관매직' 김건희 항소심 오늘 선고..1심은 징역 7년",2026-09-22,0.0043,-0.0239,,failure
035890,서희건설,[기재정정]단일판매ㆍ공급계약체결              ,supply_contract,20260921,positive,70,C,Supply contract disclosures may indicate future revenue growth.,5,0,0,0,5,"김건희 '매관매직' 항소심 오늘 선고…1심은 징역 7년 | ""하지 않은 일 인정 못 해"" 김건희 매관매직 항소심, 오늘 선고 | 현대판 '매관매직' 김건희 항소심 오늘 선고..1심은 징역 7년",2026-09-22,0.0043,-0.0239,,failure
035890,서희건설,[기재정정]단일판매ㆍ공급계약체결              ,supply_contract,20260921,positive,70,C,Supply contract disclosures may indicate future revenue growth.,5,0,0,0,5,"김건희 '매관매직' 항소심 오늘 선고…1심은 징역 7년 | ""하지 않은 일 인정 못 해"" 김건희 매관매직 항소심, 오늘 선고 | 현대판 '매관매직' 김건희 항소심 오늘 선고..1심은 징역 7년",2026-09-22,0.0043,-0.0239,,failure
035890,서희건설,[기재정정]단일판매ㆍ공급계약체결              ,supply_contract,20260921,positive,70,C,Supply contract disclosures may indicate future revenue growth.,5,0,0,0,5,"김건희 '매관매직' 항소심 오늘 선고…1심은 징역 7년 | ""하지 않은 일 인정 못 해"" 김건희 매관매직 항소심, 오늘 선고 | 현대판 '매관매직' 김건희 항소심 오늘 선고..1심은 징역 7년",2026-09-22,0.0043,-0.0239,,failure
035890,서희건설,[기재정정]단일판매ㆍ공급계약체결              ,supply_contract,20260921,positive,70,C,Supply contract disclosures may indicate future revenue growth.,5,0,0,0,5,"김건희 '매관매직' 항소심 오늘 선고…1심은 징역 7년 | ""하지 않은 일 인정 못 해"" 김건희 매관매직 항소심, 오늘 선고 | 현대판 '매관매직' 김건희 항소심 오늘 선고..1심은 징역 7년",2026-09-22,0.0043,-0.0239,,failure
035890,서희건설,[기재정정]단일판매ㆍ공급계약체결              ,supply_contract,20260921,positive,70,C,Supply contract disclosures may indicate future revenue growth.,5,0,0,0,5,"김건희 '매관매직' 항소심 오늘 선고…1심은 징역 7년 | ""하지 않은 일 인정 못 해"" 김건희 매관매직 항소심, 오늘 선고 | 현대판 '매관매직' 김건희 항소심 오늘 선고..1심은 징역 7년",2026-09-22,0.0043,-0.0239,,failure
035890,서희건설,[기재정정]단일판매ㆍ공급계약체결              ,supply_contract,20260921,positive,70,C,Supply contract disclosures may indicate future revenue growth.,5,0,0,0,5,"김건희 '매관매직' 항소심 오늘 선고…1심은 징역 7년 | ""하지 않은 일 인정 못 해"" 김건희 매관매직 항소심, 오늘 선고 | 현대판 '매관매직' 김건희 항소심 오늘 선고..1심은 징역 7년",2026-09-22,0.0043,-0.0239,,failure
035890,서희건설,[기재정정]단일판매ㆍ공급계약체결              ,supply_contract,20260921,positive,70,C,Supply contract disclosures may indicate future revenue growth.,5,0,0,0,5,"김건희 '매관매직' 항소심 오늘 선고…1심은 징역 7년 | ""하지 않은 일 인정 못 해"" 김건희 매관매직 항소심, 오늘 선고 | 현대판 '매관매직' 김건희 항소심 오늘 선고..1심은 징역 7년",2026-09-22,0.0043,-0.0239,,failure
035890,서희건설,[기재정정]단일판매ㆍ공급계약체결              ,supply_contract,20260921,positive,70,C,Supply contract disclosures may indicate future revenue growth.,5,0,0,0,5,"김건희 '매관매직' 항소심 오늘 선고…1심은 징역 7년 | ""하지 않은 일 인정 못 해"" 김건희 매관매직 항소심, 오늘 선고 | 현대판 '매관매직' 김건희 항소심 오늘 선고..1심은 징역 7년",2026-09-22,0.0043,-0.0239,,failure
035890,서희건설,[기재정정]단일판매ㆍ공급계약체결              ,supply_contract,20260921,positive,70,C,Supply contract disclosures may indicate future revenue growth.,5,0,0,0,5,"김건희 '매관매직' 항소심 오늘 선고…1심은 징역 7년 | ""하지 않은 일 인정 못 해"" 김건희 매관매직 항소심, 오늘 선고 | 현대판 '매관매직' 김건희 항소심 오늘 선고..1심은 징역 7년",2026-09-22,0.0043,-0.0239,,failure
035890,서희건설,[기재정정]단일판매ㆍ공급계약체결              ,supply_contract,20260921,positive,70,C,Supply contract disclosures may indicate future revenue growth.,5,0,0,0,5,"김건희 '매관매직' 항소심 오늘 선고…1심은 징역 7년 | ""하지 않은 일 인정 못 해"" 김건희 매관매직 항소심, 오늘 선고 | 현대판 '매관매직' 김건희 항소심 오늘 선고..1심은 징역 7년",2026-09-22,0.0043,-0.0239,,failure
035890,서희건설,[기재정정]단일판매ㆍ공급계약체결              ,supply_contract,20260921,positive,70,C,Supply contract disclosures may indicate future revenue growth.,5,0,0,0,5,"김건희 '매관매직' 항소심 오늘 선고…1심은 징역 7년 | ""하지 않은 일 인정 못 해"" 김건희 매관매직 항소심, 오늘 선고 | 현대판 '매관매직' 김건희 항소심 오늘 선고..1심은 징역 7년",2026-09-22,0.0043,-0.0239,,failure
035890,서희건설,[기재정정]단일판매ㆍ공급계약체결              ,supply_contract,20260921,positive,70,C,Supply contract disclosures may indicate future revenue growth.,5,0,0,0,5,"김건희 '매관매직' 항소심 오늘 선고…1심은 징역 7년 | ""하지 않은 일 인정 못 해"" 김건희 매관매직 항소심, 오늘 선고 | 현대판 '매관매직' 김건희 항소심 오늘 선고..1심은 징역 7년",2026-09-22,0.0043,-0.0239,,failure
035890,서희건설,[기재정정]단일판매ㆍ공급계약체결              ,supply_contract,20260921,positive,70,C,Supply contract disclosures may indicate future revenue growth.,5,0,0,0,5,"김건희 '매관매직' 항소심 오늘 선고…1심은 징역 7년 | ""하지 않은 일 인정 못 해"" 김건희 매관매직 항소심, 오늘 선고 | 현대판 '매관매직' 김건희 항소심 오늘 선고..1심은 징역 7년",2026-09-22,0.0043,-0.0239,,failure
035890,서희건설,[기재정정]단일판매ㆍ공급계약체결              ,supply_contract,20260921,positive,70,C,Supply contract disclosures may indicate future revenue growth.,5,0,0,0,5,"김건희 '매관매직' 항소심 오늘 선고…1심은 징역 7년 | ""하지 않은 일 인정 못 해"" 김건희 매관매직 항소심, 오늘 선고 | 현대판 '매관매직' 김건희 항소심 오늘 선고..1심은 징역 7년",2026-09-22,0.0043,-0.0239,,failure
035890,서희건설,[기재정정]단일판매ㆍ공급계약체결              ,supply_contract,20260921,positive,70,C,Supply contract disclosures may indicate future revenue growth.,5,0,0,0,5,"김건희 '매관매직' 항소심 오늘 선고…1심은 징역 7년 | ""하지 않은 일 인정 못 해"" 김건희 매관매직 항소심, 오늘 선고 | 현대판 '매관매직' 김건희 항소심 오늘 선고..1심은 징역 7년",2026-09-22,0.0043,-0.0239,,failure
035890,서희건설,[기재정정]단일판매ㆍ공급계약체결              ,supply_contract,20260921,positive,70,C,Supply contract disclosures may indicate future revenue growth.,5,0,0,0,5,"김건희 '매관매직' 항소심 오늘 선고…1심은 징역 7년 | ""하지 않은 일 인정 못 해"" 김건희 매관매직 항소심, 오늘 선고 | 현대판 '매관매직' 김건희 항소심 오늘 선고..1심은 징역 7년",2026-09-22,0.0043,-0.0239,,failure
035890,서희건설,[기재정정]단일판매ㆍ공급계약체결              ,supply_contract,20260921,positive,70,C,Supply contract disclosures may indicate future revenue growth.,5,0,0,0,5,"김건희 '매관매직' 항소심 오늘 선고…1심은 징역 7년 | ""하지 않은 일 인정 못 해"" 김건희 매관매직 항소심, 오늘 선고 | 현대판 '매관매직' 김건희 항소심 오늘 선고..1심은 징역 7년",2026-09-22,0.0043,-0.0239,,failure
035890,서희건설,[기재정정]단일판매ㆍ공급계약체결              ,supply_contract,20260921,positive,70,C,Supply contract disclosures may indicate future revenue growth.,5,0,0,0,5,"김건희 '매관매직' 항소심 오늘 선고…1심은 징역 7년 | ""하지 않은 일 인정 못 해"" 김건희 매관매직 항소심, 오늘 선고 | 현대판 '매관매직' 김건희 항소심 오늘 선고..1심은 징역 7년",2026-09-22,0.0043,-0.0239,,failure
035890,서희건설,[기재정정]단일판매ㆍ공급계약체결              ,supply_contract,20260921,positive,70,C,Supply contract disclosures may indicate future revenue growth.,5,0,0,0,5,"김건희 '매관매직' 항소심 오늘 선고…1심은 징역 7년 | ""하지 않은 일 인정 못 해"" 김건희 매관매직 항소심, 오늘 선고 | 현대판 '매관매직' 김건희 항소심 오늘 선고..1심은 징역 7년",2026-09-22,0.0043,-0.0239,,failure
035890,서희건설,[기재정정]단일판매ㆍ공급계약체결              ,supply_contract,20260921,positive,70,C,Supply contract disclosures may indicate future revenue growth.,5,0,0,0,5,"김건희 '매관매직' 항소심 오늘 선고…1심은 징역 7년 | ""하지 않은 일 인정 못 해"" 김건희 매관매직 항소심, 오늘 선고 | 현대판 '매관매직' 김건희 항소심 오늘 선고..1심은 징역 7년",2026-09-22,0.0043,-0.0239,,failure
035890,서희건설,[기재정정]단일판매ㆍ공급계약체결              ,supply_contract,20260921,positive,70,C,Supply contract disclosures may indicate future revenue growth.,5,0,0,0,5,"김건희 '매관매직' 항소심 오늘 선고…1심은 징역 7년 | ""하지 않은 일 인정 못 해"" 김건희 매관매직 항소심, 오늘 선고 | 현대판 '매관매직' 김건희 항소심 오늘 선고..1심은 징역 7년",2026-09-22,0.0043,-0.0239,,failure
035890,서희건설,[기재정정]단일판매ㆍ공급계약체결              ,supply_contract,20260921,positive,70,C,Supply contract disclosures may indicate future revenue growth.,5,0,0,0,5,"김건희 '매관매직' 항소심 오늘 선고…1심은 징역 7년 | ""하지 않은 일 인정 못 해"" 김건희 매관매직 항소심, 오늘 선고 | 현대판 '매관매직' 김건희 항소심 오늘 선고..1심은 징역 7년",2026-09-22,0.0043,-0.0239,,failure
035890,서희건설,[기재정정]단일판매ㆍ공급계약체결              ,supply_contract,20260921,positive,70,C,Supply contract disclosures may indicate future revenue growth.,5,0,0,0,5,"김건희 '매관매직' 항소심 오늘 선고…1심은 징역 7년 | ""하지 않은 일 인정 못 해"" 김건희 매관매직 항소심, 오늘 선고 | 현대판 '매관매직' 김건희 항소심 오늘 선고..1심은 징역 7년",2026-09-22,0.0043,-0.0239,,failure
035890,서희건설,[기재정정]단일판매ㆍ공급계약체결              ,supply_contract,20260921,positive,70,C,Supply contract disclosures may indicate future revenue growth.,5,0,0,0,5,"김건희 '매관매직' 항소심 오늘 선고…1심은 징역 7년 | ""하지 않은 일 인정 못 해"" 김건희 매관매직 항소심, 오늘 선고 | 현대판 '매관매직' 김건희 항소심 오늘 선고..1심은 징역 7년",2026-09-22,0.0043,-0.0239,,failure
035890,서희건설,[기재정정]단일판매ㆍ공급계약체결              ,supply_contract,20260921,positive,70,C,Supply contract disclosures may indicate future revenue growth.,5,0,0,0,5,"김건희 '매관매직' 항소심 오늘 선고…1심은 징역 7년 | ""하지 않은 일 인정 못 해"" 김건희 매관매직 항소심, 오늘 선고 | 현대판 '매관매직' 김건희 항소심 오늘 선고..1심은 징역 7년",2026-09-22,0.0043,-0.0239,,failure
035890,서희건설,[기재정정]단일판매ㆍ공급계약체결              ,supply_contract,20260921,positive,70,C,Supply contract disclosures may indicate future revenue growth.,5,0,0,0,5,"김건희 '매관매직' 항소심 오늘 선고…1심은 징역 7년 | ""하지 않은 일 인정 못 해"" 김건희 매관매직 항소심, 오늘 선고 | 현대판 '매관매직' 김건희 항소심 오늘 선고..1심은 징역 7년",2026-09-22,0.0043,-0.0239,,failure
035890,서희건설,[기재정정]단일판매ㆍ공급계약체결              ,supply_contract,20260921,positive,70,C,Supply contract disclosures may indicate future revenue growth.,5,0,0,0,5,"김건희 '매관매직' 항소심 오늘 선고…1심은 징역 7년 | ""하지 않은 일 인정 못 해"" 김건희 매관매직 항소심, 오늘 선고 | 현대판 '매관매직' 김건희 항소심 오늘 선고..1심은 징역 7년",2026-09-22,0.0043,-0.0239,,failure
035890,서희건설,[기재정정]단일판매ㆍ공급계약체결              ,supply_contract,20260921,positive,70,C,Supply contract disclosures may indicate future revenue growth.,5,0,0,0,5,"김건희 '매관매직' 항소심 오늘 선고…1심은 징역 7년 | ""하지 않은 일 인정 못 해"" 김건희 매관매직 항소심, 오늘 선고 | 현대판 '매관매직' 김건희 항소심 오늘 선고..1심은 징역 7년",2026-09-22,0.0043,-0.0239,,failure
090470,제이스로보틱스,단일판매ㆍ공급계약체결              ,supply_contract,20260921,positive,70,C,Supply contract disclosures may indicate future revenue growth.,5,7,1,6,5,"9월 21일 주식시장 주요공시 | [코스피·코스닥,삼성물산 대우건설 셀트리온 서희건설 제이스로보틱스... | [N2 모닝 경제 브리핑-9월 22일] 美 증시, 유가·금리 하락에 상승 마감...",2026-09-22,0.0479,-0.0057,,failure
004080,신흥,최대주주등소유주식변동신고서              ,major_shareholder_change,20260921,volatile,10,C,Major shareholder changes can increase volatility depending on context.,5,6,0,6,5,"中관영지, 시진핑 방미 앞서 ""미중 협력 중요""…대만 문제엔 '경고' | HL디앤아이한라, 청주 ‘신분평 에피트 더웨이시티’ 992세대 공급 | 한미일 ""北 대화 복귀 촉구…대만해협 평화 유지 중요""",2026-09-22,0.0068,0.002,,failure
109070,주성코퍼레이션,최대주주등소유주식변동신고서              ,major_shareholder_change,20260921,volatile,10,C,Major shareholder changes can increase volatility depending on context.,5,10,2,8,5,"200억 물류사업 품은 주성코퍼레이션…470억 조달로 성장 채비 | 주성코퍼레이션, 최대주주 비앤피주성 지분율 46.27%로 상승 | 주성코퍼레이션, 최대주주 지분 36.16→46.27%",2026-09-22,-1.0,0.0,,failure
109070,주성코퍼레이션,최대주주등소유주식변동신고서              ,major_shareholder_change,20260921,volatile,10,C,Major shareholder changes can increase volatility depending on context.,5,10,2,8,5,"200억 물류사업 품은 주성코퍼레이션…470억 조달로 성장 채비 | 주성코퍼레이션, 최대주주 비앤피주성 지분율 46.27%로 상승 | 주성코퍼레이션, 최대주주 지분 36.16→46.27%",2026-09-22,-1.0,0.0,,failure
109070,주성코퍼레이션,최대주주등소유주식변동신고서              ,major_shareholder_change,20260921,volatile,10,C,Major shareholder changes can increase volatility depending on context.,5,10,2,8,5,"200억 물류사업 품은 주성코퍼레이션…470억 조달로 성장 채비 | 주성코퍼레이션, 최대주주 비앤피주성 지분율 46.27%로 상승 | 주성코퍼레이션, 최대주주 지분 36.16→46.27%",2026-09-22,-1.0,0.0,,failure
005960,동부건설,투자판단관련주요경영사항              ,investment_decision,20260921,volatile,30,C,Investment decisions can be positive or negative depending on scale and funding source.,5,7,2,5,5,"9월 21일 주식시장 주요공시 | [전일 주요공시] 범양건영·코아스·STX·코오롱·삼부토건·한국자산신... | [N2 모닝 경제 브리핑-9월 22일] 美 증시, 유가·금리 하락에 상승 마감...",2026-09-22,0.0023,-0.0046,,failure
035890,서희건설,단일판매ㆍ공급계약체결              ,supply_contract,20260921,positive,70,C,Supply contract disclosures may indicate future revenue growth.,5,0,0,0,5,"김건희 '매관매직' 항소심 오늘 선고…1심은 징역 7년 | ""하지 않은 일 인정 못 해"" 김건희 매관매직 항소심, 오늘 선고 | 현대판 '매관매직' 김건희 항소심 오늘 선고..1심은 징역 7년",2026-09-22,0.0043,-0.0239,,failure
035890,서희건설,단일판매ㆍ공급계약체결              ,supply_contract,20260921,positive,70,C,Supply contract disclosures may indicate future revenue growth.,5,0,0,0,5,"김건희 '매관매직' 항소심 오늘 선고…1심은 징역 7년 | ""하지 않은 일 인정 못 해"" 김건희 매관매직 항소심, 오늘 선고 | 현대판 '매관매직' 김건희 항소심 오늘 선고..1심은 징역 7년",2026-09-22,0.0043,-0.0239,,failure
035890,서희건설,단일판매ㆍ공급계약체결              ,supply_contract,20260921,positive,70,C,Supply contract disclosures may indicate future revenue growth.,5,0,0,0,5,"김건희 '매관매직' 항소심 오늘 선고…1심은 징역 7년 | ""하지 않은 일 인정 못 해"" 김건희 매관매직 항소심, 오늘 선고 | 현대판 '매관매직' 김건희 항소심 오늘 선고..1심은 징역 7년",2026-09-22,0.0043,-0.0239,,failure
035890,서희건설,단일판매ㆍ공급계약체결              ,supply_contract,20260921,positive,70,C,Supply contract disclosures may indicate future revenue growth.,5,0,0,0,5,"김건희 '매관매직' 항소심 오늘 선고…1심은 징역 7년 | ""하지 않은 일 인정 못 해"" 김건희 매관매직 항소심, 오늘 선고 | 현대판 '매관매직' 김건희 항소심 오늘 선고..1심은 징역 7년",2026-09-22,0.0043,-0.0239,,failure
035890,서희건설,단일판매ㆍ공급계약체결              ,supply_contract,20260921,positive,70,C,Supply contract disclosures may indicate future revenue growth.,5,0,0,0,5,"김건희 '매관매직' 항소심 오늘 선고…1심은 징역 7년 | ""하지 않은 일 인정 못 해"" 김건희 매관매직 항소심, 오늘 선고 | 현대판 '매관매직' 김건희 항소심 오늘 선고..1심은 징역 7년",2026-09-22,0.0043,-0.0239,,failure
035890,서희건설,단일판매ㆍ공급계약체결              ,supply_contract,20260921,positive,70,C,Supply contract disclosures may indicate future revenue growth.,5,0,0,0,5,"김건희 '매관매직' 항소심 오늘 선고…1심은 징역 7년 | ""하지 않은 일 인정 못 해"" 김건희 매관매직 항소심, 오늘 선고 | 현대판 '매관매직' 김건희 항소심 오늘 선고..1심은 징역 7년",2026-09-22,0.0043,-0.0239,,failure
035890,서희건설,단일판매ㆍ공급계약체결              ,supply_contract,20260921,positive,70,C,Supply contract disclosures may indicate future revenue growth.,5,0,0,0,5,"김건희 '매관매직' 항소심 오늘 선고…1심은 징역 7년 | ""하지 않은 일 인정 못 해"" 김건희 매관매직 항소심, 오늘 선고 | 현대판 '매관매직' 김건희 항소심 오늘 선고..1심은 징역 7년",2026-09-22,0.0043,-0.0239,,failure
035890,서희건설,단일판매ㆍ공급계약체결              ,supply_contract,20260921,positive,70,C,Supply contract disclosures may indicate future revenue growth.,5,0,0,0,5,"김건희 '매관매직' 항소심 오늘 선고…1심은 징역 7년 | ""하지 않은 일 인정 못 해"" 김건희 매관매직 항소심, 오늘 선고 | 현대판 '매관매직' 김건희 항소심 오늘 선고..1심은 징역 7년",2026-09-22,0.0043,-0.0239,,failure
035890,서희건설,단일판매ㆍ공급계약체결              ,supply_contract,20260921,positive,70,C,Supply contract disclosures may indicate future revenue growth.,5,0,0,0,5,"김건희 '매관매직' 항소심 오늘 선고…1심은 징역 7년 | ""하지 않은 일 인정 못 해"" 김건희 매관매직 항소심, 오늘 선고 | 현대판 '매관매직' 김건희 항소심 오늘 선고..1심은 징역 7년",2026-09-22,0.0043,-0.0239,,failure
035890,서희건설,단일판매ㆍ공급계약체결              ,supply_contract,20260921,positive,70,C,Supply contract disclosures may indicate future revenue growth.,5,0,0,0,5,"김건희 '매관매직' 항소심 오늘 선고…1심은 징역 7년 | ""하지 않은 일 인정 못 해"" 김건희 매관매직 항소심, 오늘 선고 | 현대판 '매관매직' 김건희 항소심 오늘 선고..1심은 징역 7년",2026-09-22,0.0043,-0.0239,,failure
035890,서희건설,단일판매ㆍ공급계약체결              ,supply_contract,20260921,positive,70,C,Supply contract disclosures may indicate future revenue growth.,5,0,0,0,5,"김건희 '매관매직' 항소심 오늘 선고…1심은 징역 7년 | ""하지 않은 일 인정 못 해"" 김건희 매관매직 항소심, 오늘 선고 | 현대판 '매관매직' 김건희 항소심 오늘 선고..1심은 징역 7년",2026-09-22,0.0043,-0.0239,,failure
035890,서희건설,단일판매ㆍ공급계약체결              ,supply_contract,20260921,positive,70,C,Supply contract disclosures may indicate future revenue growth.,5,0,0,0,5,"김건희 '매관매직' 항소심 오늘 선고…1심은 징역 7년 | ""하지 않은 일 인정 못 해"" 김건희 매관매직 항소심, 오늘 선고 | 현대판 '매관매직' 김건희 항소심 오늘 선고..1심은 징역 7년",2026-09-22,0.0043,-0.0239,,failure
035890,서희건설,단일판매ㆍ공급계약체결              ,supply_contract,20260921,positive,70,C,Supply contract disclosures may indicate future revenue growth.,5,0,0,0,5,"김건희 '매관매직' 항소심 오늘 선고…1심은 징역 7년 | ""하지 않은 일 인정 못 해"" 김건희 매관매직 항소심, 오늘 선고 | 현대판 '매관매직' 김건희 항소심 오늘 선고..1심은 징역 7년",2026-09-22,0.0043,-0.0239,,failure
035890,서희건설,단일판매ㆍ공급계약체결              ,supply_contract,20260921,positive,70,C,Supply contract disclosures may indicate future revenue growth.,5,0,0,0,5,"김건희 '매관매직' 항소심 오늘 선고…1심은 징역 7년 | ""하지 않은 일 인정 못 해"" 김건희 매관매직 항소심, 오늘 선고 | 현대판 '매관매직' 김건희 항소심 오늘 선고..1심은 징역 7년",2026-09-22,0.0043,-0.0239,,failure
035890,서희건설,단일판매ㆍ공급계약체결              ,supply_contract,20260921,positive,70,C,Supply contract disclosures may indicate future revenue growth.,5,0,0,0,5,"김건희 '매관매직' 항소심 오늘 선고…1심은 징역 7년 | ""하지 않은 일 인정 못 해"" 김건희 매관매직 항소심, 오늘 선고 | 현대판 '매관매직' 김건희 항소심 오늘 선고..1심은 징역 7년",2026-09-22,0.0043,-0.0239,,failure
035890,서희건설,단일판매ㆍ공급계약체결              ,supply_contract,20260921,positive,70,C,Supply contract disclosures may indicate future revenue growth.,5,0,0,0,5,"김건희 '매관매직' 항소심 오늘 선고…1심은 징역 7년 | ""하지 않은 일 인정 못 해"" 김건희 매관매직 항소심, 오늘 선고 | 현대판 '매관매직' 김건희 항소심 오늘 선고..1심은 징역 7년",2026-09-22,0.0043,-0.0239,,failure
035890,서희건설,단일판매ㆍ공급계약체결              ,supply_contract,20260921,positive,70,C,Supply contract disclosures may indicate future revenue growth.,5,0,0,0,5,"김건희 '매관매직' 항소심 오늘 선고…1심은 징역 7년 | ""하지 않은 일 인정 못 해"" 김건희 매관매직 항소심, 오늘 선고 | 현대판 '매관매직' 김건희 항소심 오늘 선고..1심은 징역 7년",2026-09-22,0.0043,-0.0239,,failure
035890,서희건설,단일판매ㆍ공급계약체결              ,supply_contract,20260921,positive,70,C,Supply contract disclosures may indicate future revenue growth.,5,0,0,0,5,"김건희 '매관매직' 항소심 오늘 선고…1심은 징역 7년 | ""하지 않은 일 인정 못 해"" 김건희 매관매직 항소심, 오늘 선고 | 현대판 '매관매직' 김건희 항소심 오늘 선고..1심은 징역 7년",2026-09-22,0.0043,-0.0239,,failure
035890,서희건설,단일판매ㆍ공급계약체결              ,supply_contract,20260921,positive,70,C,Supply contract disclosures may indicate future revenue growth.,5,0,0,0,5,"김건희 '매관매직' 항소심 오늘 선고…1심은 징역 7년 | ""하지 않은 일 인정 못 해"" 김건희 매관매직 항소심, 오늘 선고 | 현대판 '매관매직' 김건희 항소심 오늘 선고..1심은 징역 7년",2026-09-22,0.0043,-0.0239,,failure
035890,서희건설,단일판매ㆍ공급계약체결              ,supply_contract,20260921,positive,70,C,Supply contract disclosures may indicate future revenue growth.,5,0,0,0,5,"김건희 '매관매직' 항소심 오늘 선고…1심은 징역 7년 | ""하지 않은 일 인정 못 해"" 김건희 매관매직 항소심, 오늘 선고 | 현대판 '매관매직' 김건희 항소심 오늘 선고..1심은 징역 7년",2026-09-22,0.0043,-0.0239,,failure
035890,서희건설,단일판매ㆍ공급계약체결              ,supply_contract,20260921,positive,70,C,Supply contract disclosures may indicate future revenue growth.,5,0,0,0,5,"김건희 '매관매직' 항소심 오늘 선고…1심은 징역 7년 | ""하지 않은 일 인정 못 해"" 김건희 매관매직 항소심, 오늘 선고 | 현대판 '매관매직' 김건희 항소심 오늘 선고..1심은 징역 7년",2026-09-22,0.0043,-0.0239,,failure
035890,서희건설,단일판매ㆍ공급계약체결              ,supply_contract,20260921,positive,70,C,Supply contract disclosures may indicate future revenue growth.,5,0,0,0,5,"김건희 '매관매직' 항소심 오늘 선고…1심은 징역 7년 | ""하지 않은 일 인정 못 해"" 김건희 매관매직 항소심, 오늘 선고 | 현대판 '매관매직' 김건희 항소심 오늘 선고..1심은 징역 7년",2026-09-22,0.0043,-0.0239,,failure
035890,서희건설,단일판매ㆍ공급계약체결              ,supply_contract,20260921,positive,70,C,Supply contract disclosures may indicate future revenue growth.,5,0,0,0,5,"김건희 '매관매직' 항소심 오늘 선고…1심은 징역 7년 | ""하지 않은 일 인정 못 해"" 김건희 매관매직 항소심, 오늘 선고 | 현대판 '매관매직' 김건희 항소심 오늘 선고..1심은 징역 7년",2026-09-22,0.0043,-0.0239,,failure
035890,서희건설,단일판매ㆍ공급계약체결              ,supply_contract,20260921,positive,70,C,Supply contract disclosures may indicate future revenue growth.,5,0,0,0,5,"김건희 '매관매직' 항소심 오늘 선고…1심은 징역 7년 | ""하지 않은 일 인정 못 해"" 김건희 매관매직 항소심, 오늘 선고 | 현대판 '매관매직' 김건희 항소심 오늘 선고..1심은 징역 7년",2026-09-22,0.0043,-0.0239,,failure
035890,서희건설,단일판매ㆍ공급계약체결              ,supply_contract,20260921,positive,70,C,Supply contract disclosures may indicate future revenue growth.,5,0,0,0,5,"김건희 '매관매직' 항소심 오늘 선고…1심은 징역 7년 | ""하지 않은 일 인정 못 해"" 김건희 매관매직 항소심, 오늘 선고 | 현대판 '매관매직' 김건희 항소심 오늘 선고..1심은 징역 7년",2026-09-22,0.0043,-0.0239,,failure
035890,서희건설,단일판매ㆍ공급계약체결              ,supply_contract,20260921,positive,70,C,Supply contract disclosures may indicate future revenue growth.,5,0,0,0,5,"김건희 '매관매직' 항소심 오늘 선고…1심은 징역 7년 | ""하지 않은 일 인정 못 해"" 김건희 매관매직 항소심, 오늘 선고 | 현대판 '매관매직' 김건희 항소심 오늘 선고..1심은 징역 7년",2026-09-22,0.0043,-0.0239,,failure
035890,서희건설,단일판매ㆍ공급계약체결              ,supply_contract,20260921,positive,70,C,Supply contract disclosures may indicate future revenue growth.,5,0,0,0,5,"김건희 '매관매직' 항소심 오늘 선고…1심은 징역 7년 | ""하지 않은 일 인정 못 해"" 김건희 매관매직 항소심, 오늘 선고 | 현대판 '매관매직' 김건희 항소심 오늘 선고..1심은 징역 7년",2026-09-22,0.0043,-0.0239,,failure
035890,서희건설,단일판매ㆍ공급계약체결              ,supply_contract,20260921,positive,70,C,Supply contract disclosures may indicate future revenue growth.,5,0,0,0,5,"김건희 '매관매직' 항소심 오늘 선고…1심은 징역 7년 | ""하지 않은 일 인정 못 해"" 김건희 매관매직 항소심, 오늘 선고 | 현대판 '매관매직' 김건희 항소심 오늘 선고..1심은 징역 7년",2026-09-22,0.0043,-0.0239,,failure
035890,서희건설,단일판매ㆍ공급계약체결              ,supply_contract,20260921,positive,70,C,Supply contract disclosures may indicate future revenue growth.,5,0,0,0,5,"김건희 '매관매직' 항소심 오늘 선고…1심은 징역 7년 | ""하지 않은 일 인정 못 해"" 김건희 매관매직 항소심, 오늘 선고 | 현대판 '매관매직' 김건희 항소심 오늘 선고..1심은 징역 7년",2026-09-22,0.0043,-0.0239,,failure
035890,서희건설,단일판매ㆍ공급계약체결              ,supply_contract,20260921,positive,70,C,Supply contract disclosures may indicate future revenue growth.,5,0,0,0,5,"김건희 '매관매직' 항소심 오늘 선고…1심은 징역 7년 | ""하지 않은 일 인정 못 해"" 김건희 매관매직 항소심, 오늘 선고 | 현대판 '매관매직' 김건희 항소심 오늘 선고..1심은 징역 7년",2026-09-22,0.0043,-0.0239,,failure
035890,서희건설,단일판매ㆍ공급계약체결              ,supply_contract,20260921,positive,70,C,Supply contract disclosures may indicate future revenue growth.,5,0,0,0,5,"김건희 '매관매직' 항소심 오늘 선고…1심은 징역 7년 | ""하지 않은 일 인정 못 해"" 김건희 매관매직 항소심, 오늘 선고 | 현대판 '매관매직' 김건희 항소심 오늘 선고..1심은 징역 7년",2026-09-22,0.0043,-0.0239,,failure
035890,서희건설,단일판매ㆍ공급계약체결              ,supply_contract,20260921,positive,70,C,Supply contract disclosures may indicate future revenue growth.,5,0,0,0,5,"김건희 '매관매직' 항소심 오늘 선고…1심은 징역 7년 | ""하지 않은 일 인정 못 해"" 김건희 매관매직 항소심, 오늘 선고 | 현대판 '매관매직' 김건희 항소심 오늘 선고..1심은 징역 7년",2026-09-22,0.0043,-0.0239,,failure
042940,상지건설,유상증자1차발행가액결정              ,paid_in_capital_increase,20260921,negative,-70,C,Paid-in capital increases can create dilution concerns.,5,6,6,0,5,"9월 21일 주식시장 주요공시 | [N2 모닝 경제 브리핑-9월 22일] 美 증시, 유가·금리 하락에 상승 마감... | [주요공시] 삼성물산, 에스엠벡셀, 제이스로보틱스, 셀트리온, 에코프로...",2026-09-22,0.0174,0.021,,failure
042940,상지건설,유상증자1차발행가액결정              ,paid_in_capital_increase,20260921,negative,-70,C,Paid-in capital increases can create dilution concerns.,5,6,6,0,5,"9월 21일 주식시장 주요공시 | [N2 모닝 경제 브리핑-9월 22일] 美 증시, 유가·금리 하락에 상승 마감... | [주요공시] 삼성물산, 에스엠벡셀, 제이스로보틱스, 셀트리온, 에코프로...",2026-09-22,0.0174,0.021,,failure
042940,상지건설,유상증자1차발행가액결정              ,paid_in_capital_increase,20260921,negative,-70,C,Paid-in capital increases can create dilution concerns.,5,6,6,0,5,"9월 21일 주식시장 주요공시 | [N2 모닝 경제 브리핑-9월 22일] 美 증시, 유가·금리 하락에 상승 마감... | [주요공시] 삼성물산, 에스엠벡셀, 제이스로보틱스, 셀트리온, 에코프로...",2026-09-22,0.0174,0.021,,failure
042940,상지건설,유상증자1차발행가액결정              ,paid_in_capital_increase,20260921,negative,-70,C,Paid-in capital increases can create dilution concerns.,5,6,6,0,5,"9월 21일 주식시장 주요공시 | [N2 모닝 경제 브리핑-9월 22일] 美 증시, 유가·금리 하락에 상승 마감... | [주요공시] 삼성물산, 에스엠벡셀, 제이스로보틱스, 셀트리온, 에코프로...",2026-09-22,0.0174,0.021,,failure
042940,상지건설,유상증자1차발행가액결정              ,paid_in_capital_increase,20260921,negative,-70,C,Paid-in capital increases can create dilution concerns.,5,6,6,0,5,"9월 21일 주식시장 주요공시 | [N2 모닝 경제 브리핑-9월 22일] 美 증시, 유가·금리 하락에 상승 마감... | [주요공시] 삼성물산, 에스엠벡셀, 제이스로보틱스, 셀트리온, 에코프로...",2026-09-22,0.0174,0.021,,failure
042940,상지건설,유상증자1차발행가액결정              ,paid_in_capital_increase,20260921,negative,-70,C,Paid-in capital increases can create dilution concerns.,5,6,6,0,5,"9월 21일 주식시장 주요공시 | [N2 모닝 경제 브리핑-9월 22일] 美 증시, 유가·금리 하락에 상승 마감... | [주요공시] 삼성물산, 에스엠벡셀, 제이스로보틱스, 셀트리온, 에코프로...",2026-09-22,0.0174,0.021,,failure
042940,상지건설,유상증자1차발행가액결정              ,paid_in_capital_increase,20260921,negative,-70,C,Paid-in capital increases can create dilution concerns.,5,6,6,0,5,"9월 21일 주식시장 주요공시 | [N2 모닝 경제 브리핑-9월 22일] 美 증시, 유가·금리 하락에 상승 마감... | [주요공시] 삼성물산, 에스엠벡셀, 제이스로보틱스, 셀트리온, 에코프로...",2026-09-22,0.0174,0.021,,failure
042940,상지건설,유상증자1차발행가액결정              ,paid_in_capital_increase,20260921,negative,-70,C,Paid-in capital increases can create dilution concerns.,5,6,6,0,5,"9월 21일 주식시장 주요공시 | [N2 모닝 경제 브리핑-9월 22일] 美 증시, 유가·금리 하락에 상승 마감... | [주요공시] 삼성물산, 에스엠벡셀, 제이스로보틱스, 셀트리온, 에코프로...",2026-09-22,0.0174,0.021,,failure
042940,상지건설,유상증자1차발행가액결정              ,paid_in_capital_increase,20260921,negative,-70,C,Paid-in capital increases can create dilution concerns.,5,6,6,0,5,"9월 21일 주식시장 주요공시 | [N2 모닝 경제 브리핑-9월 22일] 美 증시, 유가·금리 하락에 상승 마감... | [주요공시] 삼성물산, 에스엠벡셀, 제이스로보틱스, 셀트리온, 에코프로...",2026-09-22,0.0174,0.021,,failure
042940,상지건설,유상증자1차발행가액결정              ,paid_in_capital_increase,20260921,negative,-70,C,Paid-in capital increases can create dilution concerns.,5,6,6,0,5,"9월 21일 주식시장 주요공시 | [N2 모닝 경제 브리핑-9월 22일] 美 증시, 유가·금리 하락에 상승 마감... | [주요공시] 삼성물산, 에스엠벡셀, 제이스로보틱스, 셀트리온, 에코프로...",2026-09-22,0.0174,0.021,,failure
042940,상지건설,유상증자1차발행가액결정              ,paid_in_capital_increase,20260921,negative,-70,C,Paid-in capital increases can create dilution concerns.,5,6,6,0,5,"9월 21일 주식시장 주요공시 | [N2 모닝 경제 브리핑-9월 22일] 美 증시, 유가·금리 하락에 상승 마감... | [주요공시] 삼성물산, 에스엠벡셀, 제이스로보틱스, 셀트리온, 에코프로...",2026-09-22,0.0174,0.021,,failure
042940,상지건설,유상증자1차발행가액결정              ,paid_in_capital_increase,20260921,negative,-70,C,Paid-in capital increases can create dilution concerns.,5,6,6,0,5,"9월 21일 주식시장 주요공시 | [N2 모닝 경제 브리핑-9월 22일] 美 증시, 유가·금리 하락에 상승 마감... | [주요공시] 삼성물산, 에스엠벡셀, 제이스로보틱스, 셀트리온, 에코프로...",2026-09-22,0.0174,0.021,,failure
042940,상지건설,유상증자1차발행가액결정              ,paid_in_capital_increase,20260921,negative,-70,C,Paid-in capital increases can create dilution concerns.,5,6,6,0,5,"9월 21일 주식시장 주요공시 | [N2 모닝 경제 브리핑-9월 22일] 美 증시, 유가·금리 하락에 상승 마감... | [주요공시] 삼성물산, 에스엠벡셀, 제이스로보틱스, 셀트리온, 에코프로...",2026-09-22,0.0174,0.021,,failure
042940,상지건설,유상증자1차발행가액결정              ,paid_in_capital_increase,20260921,negative,-70,C,Paid-in capital increases can create dilution concerns.,5,6,6,0,5,"9월 21일 주식시장 주요공시 | [N2 모닝 경제 브리핑-9월 22일] 美 증시, 유가·금리 하락에 상승 마감... | [주요공시] 삼성물산, 에스엠벡셀, 제이스로보틱스, 셀트리온, 에코프로...",2026-09-22,0.0174,0.021,,failure
042940,상지건설,유상증자1차발행가액결정              ,paid_in_capital_increase,20260921,negative,-70,C,Paid-in capital increases can create dilution concerns.,5,6,6,0,5,"9월 21일 주식시장 주요공시 | [N2 모닝 경제 브리핑-9월 22일] 美 증시, 유가·금리 하락에 상승 마감... | [주요공시] 삼성물산, 에스엠벡셀, 제이스로보틱스, 셀트리온, 에코프로...",2026-09-22,0.0174,0.021,,failure
042940,상지건설,유상증자1차발행가액결정              ,paid_in_capital_increase,20260921,negative,-70,C,Paid-in capital increases can create dilution concerns.,5,6,6,0,5,"9월 21일 주식시장 주요공시 | [N2 모닝 경제 브리핑-9월 22일] 美 증시, 유가·금리 하락에 상승 마감... | [주요공시] 삼성물산, 에스엠벡셀, 제이스로보틱스, 셀트리온, 에코프로...",2026-09-22,0.0174,0.021,,failure
042940,상지건설,유상증자1차발행가액결정              ,paid_in_capital_increase,20260921,negative,-70,C,Paid-in capital increases can create dilution concerns.,5,6,6,0,5,"9월 21일 주식시장 주요공시 | [N2 모닝 경제 브리핑-9월 22일] 美 증시, 유가·금리 하락에 상승 마감... | [주요공시] 삼성물산, 에스엠벡셀, 제이스로보틱스, 셀트리온, 에코프로...",2026-09-22,0.0174,0.021,,failure
042940,상지건설,유상증자1차발행가액결정              ,paid_in_capital_increase,20260921,negative,-70,C,Paid-in capital increases can create dilution concerns.,5,6,6,0,5,"9월 21일 주식시장 주요공시 | [N2 모닝 경제 브리핑-9월 22일] 美 증시, 유가·금리 하락에 상승 마감... | [주요공시] 삼성물산, 에스엠벡셀, 제이스로보틱스, 셀트리온, 에코프로...",2026-09-22,0.0174,0.021,,failure
042940,상지건설,유상증자1차발행가액결정              ,paid_in_capital_increase,20260921,negative,-70,C,Paid-in capital increases can create dilution concerns.,5,6,6,0,5,"9월 21일 주식시장 주요공시 | [N2 모닝 경제 브리핑-9월 22일] 美 증시, 유가·금리 하락에 상승 마감... | [주요공시] 삼성물산, 에스엠벡셀, 제이스로보틱스, 셀트리온, 에코프로...",2026-09-22,0.0174,0.021,,failure
042940,상지건설,유상증자1차발행가액결정              ,paid_in_capital_increase,20260921,negative,-70,C,Paid-in capital increases can create dilution concerns.,5,6,6,0,5,"9월 21일 주식시장 주요공시 | [N2 모닝 경제 브리핑-9월 22일] 美 증시, 유가·금리 하락에 상승 마감... | [주요공시] 삼성물산, 에스엠벡셀, 제이스로보틱스, 셀트리온, 에코프로...",2026-09-22,0.0174,0.021,,failure
042940,상지건설,유상증자1차발행가액결정              ,paid_in_capital_increase,20260921,negative,-70,C,Paid-in capital increases can create dilution concerns.,5,6,6,0,5,"9월 21일 주식시장 주요공시 | [N2 모닝 경제 브리핑-9월 22일] 美 증시, 유가·금리 하락에 상승 마감... | [주요공시] 삼성물산, 에스엠벡셀, 제이스로보틱스, 셀트리온, 에코프로...",2026-09-22,0.0174,0.021,,failure
042940,상지건설,유상증자1차발행가액결정              ,paid_in_capital_increase,20260921,negative,-70,C,Paid-in capital increases can create dilution concerns.,5,6,6,0,5,"9월 21일 주식시장 주요공시 | [N2 모닝 경제 브리핑-9월 22일] 美 증시, 유가·금리 하락에 상승 마감... | [주요공시] 삼성물산, 에스엠벡셀, 제이스로보틱스, 셀트리온, 에코프로...",2026-09-22,0.0174,0.021,,failure
042940,상지건설,유상증자1차발행가액결정              ,paid_in_capital_increase,20260921,negative,-70,C,Paid-in capital increases can create dilution concerns.,5,6,6,0,5,"9월 21일 주식시장 주요공시 | [N2 모닝 경제 브리핑-9월 22일] 美 증시, 유가·금리 하락에 상승 마감... | [주요공시] 삼성물산, 에스엠벡셀, 제이스로보틱스, 셀트리온, 에코프로...",2026-09-22,0.0174,0.021,,failure
042940,상지건설,유상증자1차발행가액결정              ,paid_in_capital_increase,20260921,negative,-70,C,Paid-in capital increases can create dilution concerns.,5,6,6,0,5,"9월 21일 주식시장 주요공시 | [N2 모닝 경제 브리핑-9월 22일] 美 증시, 유가·금리 하락에 상승 마감... | [주요공시] 삼성물산, 에스엠벡셀, 제이스로보틱스, 셀트리온, 에코프로...",2026-09-22,0.0174,0.021,,failure
042940,상지건설,유상증자1차발행가액결정              ,paid_in_capital_increase,20260921,negative,-70,C,Paid-in capital increases can create dilution concerns.,5,6,6,0,5,"9월 21일 주식시장 주요공시 | [N2 모닝 경제 브리핑-9월 22일] 美 증시, 유가·금리 하락에 상승 마감... | [주요공시] 삼성물산, 에스엠벡셀, 제이스로보틱스, 셀트리온, 에코프로...",2026-09-22,0.0174,0.021,,failure
042940,상지건설,유상증자1차발행가액결정              ,paid_in_capital_increase,20260921,negative,-70,C,Paid-in capital increases can create dilution concerns.,5,6,6,0,5,"9월 21일 주식시장 주요공시 | [N2 모닝 경제 브리핑-9월 22일] 美 증시, 유가·금리 하락에 상승 마감... | [주요공시] 삼성물산, 에스엠벡셀, 제이스로보틱스, 셀트리온, 에코프로...",2026-09-22,0.0174,0.021,,failure
042940,상지건설,유상증자1차발행가액결정              ,paid_in_capital_increase,20260921,negative,-70,C,Paid-in capital increases can create dilution concerns.,5,6,6,0,5,"9월 21일 주식시장 주요공시 | [N2 모닝 경제 브리핑-9월 22일] 美 증시, 유가·금리 하락에 상승 마감... | [주요공시] 삼성물산, 에스엠벡셀, 제이스로보틱스, 셀트리온, 에코프로...",2026-09-22,0.0174,0.021,,failure
042940,상지건설,유상증자1차발행가액결정              ,paid_in_capital_increase,20260921,negative,-70,C,Paid-in capital increases can create dilution concerns.,5,6,6,0,5,"9월 21일 주식시장 주요공시 | [N2 모닝 경제 브리핑-9월 22일] 美 증시, 유가·금리 하락에 상승 마감... | [주요공시] 삼성물산, 에스엠벡셀, 제이스로보틱스, 셀트리온, 에코프로...",2026-09-22,0.0174,0.021,,failure
042940,상지건설,유상증자1차발행가액결정              ,paid_in_capital_increase,20260921,negative,-70,C,Paid-in capital increases can create dilution concerns.,5,6,6,0,5,"9월 21일 주식시장 주요공시 | [N2 모닝 경제 브리핑-9월 22일] 美 증시, 유가·금리 하락에 상승 마감... | [주요공시] 삼성물산, 에스엠벡셀, 제이스로보틱스, 셀트리온, 에코프로...",2026-09-22,0.0174,0.021,,failure
042940,상지건설,유상증자1차발행가액결정              ,paid_in_capital_increase,20260921,negative,-70,C,Paid-in capital increases can create dilution concerns.,5,6,6,0,5,"9월 21일 주식시장 주요공시 | [N2 모닝 경제 브리핑-9월 22일] 美 증시, 유가·금리 하락에 상승 마감... | [주요공시] 삼성물산, 에스엠벡셀, 제이스로보틱스, 셀트리온, 에코프로...",2026-09-22,0.0174,0.021,,failure
042940,상지건설,유상증자1차발행가액결정              ,paid_in_capital_increase,20260921,negative,-70,C,Paid-in capital increases can create dilution concerns.,5,6,6,0,5,"9월 21일 주식시장 주요공시 | [N2 모닝 경제 브리핑-9월 22일] 美 증시, 유가·금리 하락에 상승 마감... | [주요공시] 삼성물산, 에스엠벡셀, 제이스로보틱스, 셀트리온, 에코프로...",2026-09-22,0.0174,0.021,,failure
042940,상지건설,유상증자1차발행가액결정              ,paid_in_capital_increase,20260921,negative,-70,C,Paid-in capital increases can create dilution concerns.,5,6,6,0,5,"9월 21일 주식시장 주요공시 | [N2 모닝 경제 브리핑-9월 22일] 美 증시, 유가·금리 하락에 상승 마감... | [주요공시] 삼성물산, 에스엠벡셀, 제이스로보틱스, 셀트리온, 에코프로...",2026-09-22,0.0174,0.021,,failure
042940,상지건설,유상증자1차발행가액결정              ,paid_in_capital_increase,20260921,negative,-70,C,Paid-in capital increases can create dilution concerns.,5,6,6,0,5,"9월 21일 주식시장 주요공시 | [N2 모닝 경제 브리핑-9월 22일] 美 증시, 유가·금리 하락에 상승 마감... | [주요공시] 삼성물산, 에스엠벡셀, 제이스로보틱스, 셀트리온, 에코프로...",2026-09-22,0.0174,0.021,,failure
042940,상지건설,유상증자1차발행가액결정              ,paid_in_capital_increase,20260921,negative,-70,C,Paid-in capital increases can create dilution concerns.,5,6,6,0,5,"9월 21일 주식시장 주요공시 | [N2 모닝 경제 브리핑-9월 22일] 美 증시, 유가·금리 하락에 상승 마감... | [주요공시] 삼성물산, 에스엠벡셀, 제이스로보틱스, 셀트리온, 에코프로...",2026-09-22,0.0174,0.021,,failure
042940,상지건설,유상증자1차발행가액결정              ,paid_in_capital_increase,20260921,negative,-70,C,Paid-in capital increases can create dilution concerns.,5,6,6,0,5,"9월 21일 주식시장 주요공시 | [N2 모닝 경제 브리핑-9월 22일] 美 증시, 유가·금리 하락에 상승 마감... | [주요공시] 삼성물산, 에스엠벡셀, 제이스로보틱스, 셀트리온, 에코프로...",2026-09-22,0.0174,0.021,,failure
042940,상지건설,유상증자1차발행가액결정              ,paid_in_capital_increase,20260921,negative,-70,C,Paid-in capital increases can create dilution concerns.,5,6,6,0,5,"9월 21일 주식시장 주요공시 | [N2 모닝 경제 브리핑-9월 22일] 美 증시, 유가·금리 하락에 상승 마감... | [주요공시] 삼성물산, 에스엠벡셀, 제이스로보틱스, 셀트리온, 에코프로...",2026-09-22,0.0174,0.021,,failure
042940,상지건설,유상증자1차발행가액결정              ,paid_in_capital_increase,20260921,negative,-70,C,Paid-in capital increases can create dilution concerns.,5,6,6,0,5,"9월 21일 주식시장 주요공시 | [N2 모닝 경제 브리핑-9월 22일] 美 증시, 유가·금리 하락에 상승 마감... | [주요공시] 삼성물산, 에스엠벡셀, 제이스로보틱스, 셀트리온, 에코프로...",2026-09-22,0.0174,0.021,,failure
042940,상지건설,유상증자1차발행가액결정              ,paid_in_capital_increase,20260921,negative,-70,C,Paid-in capital increases can create dilution concerns.,5,6,6,0,5,"9월 21일 주식시장 주요공시 | [N2 모닝 경제 브리핑-9월 22일] 美 증시, 유가·금리 하락에 상승 마감... | [주요공시] 삼성물산, 에스엠벡셀, 제이스로보틱스, 셀트리온, 에코프로...",2026-09-22,0.0174,0.021,,failure
042940,상지건설,유상증자1차발행가액결정              ,paid_in_capital_increase,20260921,negative,-70,C,Paid-in capital increases can create dilution concerns.,5,6,6,0,5,"9월 21일 주식시장 주요공시 | [N2 모닝 경제 브리핑-9월 22일] 美 증시, 유가·금리 하락에 상승 마감... | [주요공시] 삼성물산, 에스엠벡셀, 제이스로보틱스, 셀트리온, 에코프로...",2026-09-22,0.0174,0.021,,failure
042940,상지건설,유상증자1차발행가액결정              ,paid_in_capital_increase,20260921,negative,-70,C,Paid-in capital increases can create dilution concerns.,5,6,6,0,5,"9월 21일 주식시장 주요공시 | [N2 모닝 경제 브리핑-9월 22일] 美 증시, 유가·금리 하락에 상승 마감... | [주요공시] 삼성물산, 에스엠벡셀, 제이스로보틱스, 셀트리온, 에코프로...",2026-09-22,0.0174,0.021,,failure
042940,상지건설,유상증자1차발행가액결정              ,paid_in_capital_increase,20260921,negative,-70,C,Paid-in capital increases can create dilution concerns.,5,6,6,0,5,"9월 21일 주식시장 주요공시 | [N2 모닝 경제 브리핑-9월 22일] 美 증시, 유가·금리 하락에 상승 마감... | [주요공시] 삼성물산, 에스엠벡셀, 제이스로보틱스, 셀트리온, 에코프로...",2026-09-22,0.0174,0.021,,failure
042940,상지건설,유상증자1차발행가액결정              ,paid_in_capital_increase,20260921,negative,-70,C,Paid-in capital increases can create dilution concerns.,5,6,6,0,5,"9월 21일 주식시장 주요공시 | [N2 모닝 경제 브리핑-9월 22일] 美 증시, 유가·금리 하락에 상승 마감... | [주요공시] 삼성물산, 에스엠벡셀, 제이스로보틱스, 셀트리온, 에코프로...",2026-09-22,0.0174,0.021,,failure
042940,상지건설,유상증자1차발행가액결정              ,paid_in_capital_increase,20260921,negative,-70,C,Paid-in capital increases can create dilution concerns.,5,6,6,0,5,"9월 21일 주식시장 주요공시 | [N2 모닝 경제 브리핑-9월 22일] 美 증시, 유가·금리 하락에 상승 마감... | [주요공시] 삼성물산, 에스엠벡셀, 제이스로보틱스, 셀트리온, 에코프로...",2026-09-22,0.0174,0.021,,failure
042940,상지건설,유상증자1차발행가액결정              ,paid_in_capital_increase,20260921,negative,-70,C,Paid-in capital increases can create dilution concerns.,5,6,6,0,5,"9월 21일 주식시장 주요공시 | [N2 모닝 경제 브리핑-9월 22일] 美 증시, 유가·금리 하락에 상승 마감... | [주요공시] 삼성물산, 에스엠벡셀, 제이스로보틱스, 셀트리온, 에코프로...",2026-09-22,0.0174,0.021,,failure
042940,상지건설,유상증자1차발행가액결정              ,paid_in_capital_increase,20260921,negative,-70,C,Paid-in capital increases can create dilution concerns.,5,6,6,0,5,"9월 21일 주식시장 주요공시 | [N2 모닝 경제 브리핑-9월 22일] 美 증시, 유가·금리 하락에 상승 마감... | [주요공시] 삼성물산, 에스엠벡셀, 제이스로보틱스, 셀트리온, 에코프로...",2026-09-22,0.0174,0.021,,failure
042940,상지건설,유상증자1차발행가액결정              ,paid_in_capital_increase,20260921,negative,-70,C,Paid-in capital increases can create dilution concerns.,5,6,6,0,5,"9월 21일 주식시장 주요공시 | [N2 모닝 경제 브리핑-9월 22일] 美 증시, 유가·금리 하락에 상승 마감... | [주요공시] 삼성물산, 에스엠벡셀, 제이스로보틱스, 셀트리온, 에코프로...",2026-09-22,0.0174,0.021,,failure
042940,상지건설,유상증자1차발행가액결정              ,paid_in_capital_increase,20260921,negative,-70,C,Paid-in capital increases can create dilution concerns.,5,6,6,0,5,"9월 21일 주식시장 주요공시 | [N2 모닝 경제 브리핑-9월 22일] 美 증시, 유가·금리 하락에 상승 마감... | [주요공시] 삼성물산, 에스엠벡셀, 제이스로보틱스, 셀트리온, 에코프로...",2026-09-22,0.0174,0.021,,failure
042940,상지건설,유상증자1차발행가액결정              ,paid_in_capital_increase,20260921,negative,-70,C,Paid-in capital increases can create dilution concerns.,5,6,6,0,5,"9월 21일 주식시장 주요공시 | [N2 모닝 경제 브리핑-9월 22일] 美 증시, 유가·금리 하락에 상승 마감... | [주요공시] 삼성물산, 에스엠벡셀, 제이스로보틱스, 셀트리온, 에코프로...",2026-09-22,0.0174,0.021,,failure
042940,상지건설,유상증자1차발행가액결정              ,paid_in_capital_increase,20260921,negative,-70,C,Paid-in capital increases can create dilution concerns.,5,6,6,0,5,"9월 21일 주식시장 주요공시 | [N2 모닝 경제 브리핑-9월 22일] 美 증시, 유가·금리 하락에 상승 마감... | [주요공시] 삼성물산, 에스엠벡셀, 제이스로보틱스, 셀트리온, 에코프로...",2026-09-22,0.0174,0.021,,failure
042940,상지건설,유상증자1차발행가액결정              ,paid_in_capital_increase,20260921,negative,-70,C,Paid-in capital increases can create dilution concerns.,5,6,6,0,5,"9월 21일 주식시장 주요공시 | [N2 모닝 경제 브리핑-9월 22일] 美 증시, 유가·금리 하락에 상승 마감... | [주요공시] 삼성물산, 에스엠벡셀, 제이스로보틱스, 셀트리온, 에코프로...",2026-09-22,0.0174,0.021,,failure
042940,상지건설,유상증자1차발행가액결정              ,paid_in_capital_increase,20260921,negative,-70,C,Paid-in capital increases can create dilution concerns.,5,6,6,0,5,"9월 21일 주식시장 주요공시 | [N2 모닝 경제 브리핑-9월 22일] 美 증시, 유가·금리 하락에 상승 마감... | [주요공시] 삼성물산, 에스엠벡셀, 제이스로보틱스, 셀트리온, 에코프로...",2026-09-22,0.0174,0.021,,failure
042940,상지건설,유상증자1차발행가액결정              ,paid_in_capital_increase,20260921,negative,-70,C,Paid-in capital increases can create dilution concerns.,5,6,6,0,5,"9월 21일 주식시장 주요공시 | [N2 모닝 경제 브리핑-9월 22일] 美 증시, 유가·금리 하락에 상승 마감... | [주요공시] 삼성물산, 에스엠벡셀, 제이스로보틱스, 셀트리온, 에코프로...",2026-09-22,0.0174,0.021,,failure
042940,상지건설,유상증자1차발행가액결정              ,paid_in_capital_increase,20260921,negative,-70,C,Paid-in capital increases can create dilution concerns.,5,6,6,0,5,"9월 21일 주식시장 주요공시 | [N2 모닝 경제 브리핑-9월 22일] 美 증시, 유가·금리 하락에 상승 마감... | [주요공시] 삼성물산, 에스엠벡셀, 제이스로보틱스, 셀트리온, 에코프로...",2026-09-22,0.0174,0.021,,failure
042940,상지건설,유상증자1차발행가액결정              ,paid_in_capital_increase,20260921,negative,-70,C,Paid-in capital increases can create dilution concerns.,5,6,6,0,5,"9월 21일 주식시장 주요공시 | [N2 모닝 경제 브리핑-9월 22일] 美 증시, 유가·금리 하락에 상승 마감... | [주요공시] 삼성물산, 에스엠벡셀, 제이스로보틱스, 셀트리온, 에코프로...",2026-09-22,0.0174,0.021,,failure
042940,상지건설,유상증자1차발행가액결정              ,paid_in_capital_increase,20260921,negative,-70,C,Paid-in capital increases can create dilution concerns.,5,6,6,0,5,"9월 21일 주식시장 주요공시 | [N2 모닝 경제 브리핑-9월 22일] 美 증시, 유가·금리 하락에 상승 마감... | [주요공시] 삼성물산, 에스엠벡셀, 제이스로보틱스, 셀트리온, 에코프로...",2026-09-22,0.0174,0.021,,failure
042940,상지건설,유상증자1차발행가액결정              ,paid_in_capital_increase,20260921,negative,-70,C,Paid-in capital increases can create dilution concerns.,5,6,6,0,5,"9월 21일 주식시장 주요공시 | [N2 모닝 경제 브리핑-9월 22일] 美 증시, 유가·금리 하락에 상승 마감... | [주요공시] 삼성물산, 에스엠벡셀, 제이스로보틱스, 셀트리온, 에코프로...",2026-09-22,0.0174,0.021,,failure
042940,상지건설,유상증자1차발행가액결정              ,paid_in_capital_increase,20260921,negative,-70,C,Paid-in capital increases can create dilution concerns.,5,6,6,0,5,"9월 21일 주식시장 주요공시 | [N2 모닝 경제 브리핑-9월 22일] 美 증시, 유가·금리 하락에 상승 마감... | [주요공시] 삼성물산, 에스엠벡셀, 제이스로보틱스, 셀트리온, 에코프로...",2026-09-22,0.0174,0.021,,failure
042940,상지건설,유상증자1차발행가액결정              ,paid_in_capital_increase,20260921,negative,-70,C,Paid-in capital increases can create dilution concerns.,5,6,6,0,5,"9월 21일 주식시장 주요공시 | [N2 모닝 경제 브리핑-9월 22일] 美 증시, 유가·금리 하락에 상승 마감... | [주요공시] 삼성물산, 에스엠벡셀, 제이스로보틱스, 셀트리온, 에코프로...",2026-09-22,0.0174,0.021,,failure
042940,상지건설,유상증자1차발행가액결정              ,paid_in_capital_increase,20260921,negative,-70,C,Paid-in capital increases can create dilution concerns.,5,6,6,0,5,"9월 21일 주식시장 주요공시 | [N2 모닝 경제 브리핑-9월 22일] 美 증시, 유가·금리 하락에 상승 마감... | [주요공시] 삼성물산, 에스엠벡셀, 제이스로보틱스, 셀트리온, 에코프로...",2026-09-22,0.0174,0.021,,failure
042940,상지건설,유상증자1차발행가액결정              ,paid_in_capital_increase,20260921,negative,-70,C,Paid-in capital increases can create dilution concerns.,5,6,6,0,5,"9월 21일 주식시장 주요공시 | [N2 모닝 경제 브리핑-9월 22일] 美 증시, 유가·금리 하락에 상승 마감... | [주요공시] 삼성물산, 에스엠벡셀, 제이스로보틱스, 셀트리온, 에코프로...",2026-09-22,0.0174,0.021,,failure
042940,상지건설,유상증자1차발행가액결정              ,paid_in_capital_increase,20260921,negative,-70,C,Paid-in capital increases can create dilution concerns.,5,6,6,0,5,"9월 21일 주식시장 주요공시 | [N2 모닝 경제 브리핑-9월 22일] 美 증시, 유가·금리 하락에 상승 마감... | [주요공시] 삼성물산, 에스엠벡셀, 제이스로보틱스, 셀트리온, 에코프로...",2026-09-22,0.0174,0.021,,failure
042940,상지건설,유상증자1차발행가액결정              ,paid_in_capital_increase,20260921,negative,-70,C,Paid-in capital increases can create dilution concerns.,5,6,6,0,5,"9월 21일 주식시장 주요공시 | [N2 모닝 경제 브리핑-9월 22일] 美 증시, 유가·금리 하락에 상승 마감... | [주요공시] 삼성물산, 에스엠벡셀, 제이스로보틱스, 셀트리온, 에코프로...",2026-09-22,0.0174,0.021,,failure
042940,상지건설,유상증자1차발행가액결정              ,paid_in_capital_increase,20260921,negative,-70,C,Paid-in capital increases can create dilution concerns.,5,6,6,0,5,"9월 21일 주식시장 주요공시 | [N2 모닝 경제 브리핑-9월 22일] 美 증시, 유가·금리 하락에 상승 마감... | [주요공시] 삼성물산, 에스엠벡셀, 제이스로보틱스, 셀트리온, 에코프로...",2026-09-22,0.0174,0.021,,failure
042940,상지건설,유상증자1차발행가액결정              ,paid_in_capital_increase,20260921,negative,-70,C,Paid-in capital increases can create dilution concerns.,5,6,6,0,5,"9월 21일 주식시장 주요공시 | [N2 모닝 경제 브리핑-9월 22일] 美 증시, 유가·금리 하락에 상승 마감... | [주요공시] 삼성물산, 에스엠벡셀, 제이스로보틱스, 셀트리온, 에코프로...",2026-09-22,0.0174,0.021,,failure
042940,상지건설,유상증자1차발행가액결정              ,paid_in_capital_increase,20260921,negative,-70,C,Paid-in capital increases can create dilution concerns.,5,6,6,0,5,"9월 21일 주식시장 주요공시 | [N2 모닝 경제 브리핑-9월 22일] 美 증시, 유가·금리 하락에 상승 마감... | [주요공시] 삼성물산, 에스엠벡셀, 제이스로보틱스, 셀트리온, 에코프로...",2026-09-22,0.0174,0.021,,failure
042940,상지건설,유상증자1차발행가액결정              ,paid_in_capital_increase,20260921,negative,-70,C,Paid-in capital increases can create dilution concerns.,5,6,6,0,5,"9월 21일 주식시장 주요공시 | [N2 모닝 경제 브리핑-9월 22일] 美 증시, 유가·금리 하락에 상승 마감... | [주요공시] 삼성물산, 에스엠벡셀, 제이스로보틱스, 셀트리온, 에코프로...",2026-09-22,0.0174,0.021,,failure
042940,상지건설,유상증자1차발행가액결정              ,paid_in_capital_increase,20260921,negative,-70,C,Paid-in capital increases can create dilution concerns.,5,6,6,0,5,"9월 21일 주식시장 주요공시 | [N2 모닝 경제 브리핑-9월 22일] 美 증시, 유가·금리 하락에 상승 마감... | [주요공시] 삼성물산, 에스엠벡셀, 제이스로보틱스, 셀트리온, 에코프로...",2026-09-22,0.0174,0.021,,failure
042940,상지건설,유상증자1차발행가액결정              ,paid_in_capital_increase,20260921,negative,-70,C,Paid-in capital increases can create dilution concerns.,5,6,6,0,5,"9월 21일 주식시장 주요공시 | [N2 모닝 경제 브리핑-9월 22일] 美 증시, 유가·금리 하락에 상승 마감... | [주요공시] 삼성물산, 에스엠벡셀, 제이스로보틱스, 셀트리온, 에코프로...",2026-09-22,0.0174,0.021,,failure
042940,상지건설,유상증자1차발행가액결정              ,paid_in_capital_increase,20260921,negative,-70,C,Paid-in capital increases can create dilution concerns.,5,6,6,0,5,"9월 21일 주식시장 주요공시 | [N2 모닝 경제 브리핑-9월 22일] 美 증시, 유가·금리 하락에 상승 마감... | [주요공시] 삼성물산, 에스엠벡셀, 제이스로보틱스, 셀트리온, 에코프로...",2026-09-22,0.0174,0.021,,failure
042940,상지건설,유상증자1차발행가액결정              ,paid_in_capital_increase,20260921,negative,-70,C,Paid-in capital increases can create dilution concerns.,5,6,6,0,5,"9월 21일 주식시장 주요공시 | [N2 모닝 경제 브리핑-9월 22일] 美 증시, 유가·금리 하락에 상승 마감... | [주요공시] 삼성물산, 에스엠벡셀, 제이스로보틱스, 셀트리온, 에코프로...",2026-09-22,0.0174,0.021,,failure
042940,상지건설,유상증자1차발행가액결정              ,paid_in_capital_increase,20260921,negative,-70,C,Paid-in capital increases can create dilution concerns.,5,6,6,0,5,"9월 21일 주식시장 주요공시 | [N2 모닝 경제 브리핑-9월 22일] 美 증시, 유가·금리 하락에 상승 마감... | [주요공시] 삼성물산, 에스엠벡셀, 제이스로보틱스, 셀트리온, 에코프로...",2026-09-22,0.0174,0.021,,failure
042940,상지건설,유상증자1차발행가액결정              ,paid_in_capital_increase,20260921,negative,-70,C,Paid-in capital increases can create dilution concerns.,5,6,6,0,5,"9월 21일 주식시장 주요공시 | [N2 모닝 경제 브리핑-9월 22일] 美 증시, 유가·금리 하락에 상승 마감... | [주요공시] 삼성물산, 에스엠벡셀, 제이스로보틱스, 셀트리온, 에코프로...",2026-09-22,0.0174,0.021,,failure
042940,상지건설,유상증자1차발행가액결정              ,paid_in_capital_increase,20260921,negative,-70,C,Paid-in capital increases can create dilution concerns.,5,6,6,0,5,"9월 21일 주식시장 주요공시 | [N2 모닝 경제 브리핑-9월 22일] 美 증시, 유가·금리 하락에 상승 마감... | [주요공시] 삼성물산, 에스엠벡셀, 제이스로보틱스, 셀트리온, 에코프로...",2026-09-22,0.0174,0.021,,failure
042940,상지건설,유상증자1차발행가액결정              ,paid_in_capital_increase,20260921,negative,-70,C,Paid-in capital increases can create dilution concerns.,5,6,6,0,5,"9월 21일 주식시장 주요공시 | [N2 모닝 경제 브리핑-9월 22일] 美 증시, 유가·금리 하락에 상승 마감... | [주요공시] 삼성물산, 에스엠벡셀, 제이스로보틱스, 셀트리온, 에코프로...",2026-09-22,0.0174,0.021,,failure
042940,상지건설,유상증자1차발행가액결정              ,paid_in_capital_increase,20260921,negative,-70,C,Paid-in capital increases can create dilution concerns.,5,6,6,0,5,"9월 21일 주식시장 주요공시 | [N2 모닝 경제 브리핑-9월 22일] 美 증시, 유가·금리 하락에 상승 마감... | [주요공시] 삼성물산, 에스엠벡셀, 제이스로보틱스, 셀트리온, 에코프로...",2026-09-22,0.0174,0.021,,failure
042940,상지건설,유상증자1차발행가액결정              ,paid_in_capital_increase,20260921,negative,-70,C,Paid-in capital increases can create dilution concerns.,5,6,6,0,5,"9월 21일 주식시장 주요공시 | [N2 모닝 경제 브리핑-9월 22일] 美 증시, 유가·금리 하락에 상승 마감... | [주요공시] 삼성물산, 에스엠벡셀, 제이스로보틱스, 셀트리온, 에코프로...",2026-09-22,0.0174,0.021,,failure
042940,상지건설,유상증자1차발행가액결정              ,paid_in_capital_increase,20260921,negative,-70,C,Paid-in capital increases can create dilution concerns.,5,6,6,0,5,"9월 21일 주식시장 주요공시 | [N2 모닝 경제 브리핑-9월 22일] 美 증시, 유가·금리 하락에 상승 마감... | [주요공시] 삼성물산, 에스엠벡셀, 제이스로보틱스, 셀트리온, 에코프로...",2026-09-22,0.0174,0.021,,failure
042940,상지건설,유상증자1차발행가액결정              ,paid_in_capital_increase,20260921,negative,-70,C,Paid-in capital increases can create dilution concerns.,5,6,6,0,5,"9월 21일 주식시장 주요공시 | [N2 모닝 경제 브리핑-9월 22일] 美 증시, 유가·금리 하락에 상승 마감... | [주요공시] 삼성물산, 에스엠벡셀, 제이스로보틱스, 셀트리온, 에코프로...",2026-09-22,0.0174,0.021,,failure
042940,상지건설,유상증자1차발행가액결정              ,paid_in_capital_increase,20260921,negative,-70,C,Paid-in capital increases can create dilution concerns.,5,6,6,0,5,"9월 21일 주식시장 주요공시 | [N2 모닝 경제 브리핑-9월 22일] 美 증시, 유가·금리 하락에 상승 마감... | [주요공시] 삼성물산, 에스엠벡셀, 제이스로보틱스, 셀트리온, 에코프로...",2026-09-22,0.0174,0.021,,failure
042940,상지건설,유상증자1차발행가액결정              ,paid_in_capital_increase,20260921,negative,-70,C,Paid-in capital increases can create dilution concerns.,5,6,6,0,5,"9월 21일 주식시장 주요공시 | [N2 모닝 경제 브리핑-9월 22일] 美 증시, 유가·금리 하락에 상승 마감... | [주요공시] 삼성물산, 에스엠벡셀, 제이스로보틱스, 셀트리온, 에코프로...",2026-09-22,0.0174,0.021,,failure
042940,상지건설,유상증자1차발행가액결정              ,paid_in_capital_increase,20260921,negative,-70,C,Paid-in capital increases can create dilution concerns.,5,6,6,0,5,"9월 21일 주식시장 주요공시 | [N2 모닝 경제 브리핑-9월 22일] 美 증시, 유가·금리 하락에 상승 마감... | [주요공시] 삼성물산, 에스엠벡셀, 제이스로보틱스, 셀트리온, 에코프로...",2026-09-22,0.0174,0.021,,failure
042940,상지건설,유상증자1차발행가액결정              ,paid_in_capital_increase,20260921,negative,-70,C,Paid-in capital increases can create dilution concerns.,5,6,6,0,5,"9월 21일 주식시장 주요공시 | [N2 모닝 경제 브리핑-9월 22일] 美 증시, 유가·금리 하락에 상승 마감... | [주요공시] 삼성물산, 에스엠벡셀, 제이스로보틱스, 셀트리온, 에코프로...",2026-09-22,0.0174,0.021,,failure
042940,상지건설,유상증자1차발행가액결정              ,paid_in_capital_increase,20260921,negative,-70,C,Paid-in capital increases can create dilution concerns.,5,6,6,0,5,"9월 21일 주식시장 주요공시 | [N2 모닝 경제 브리핑-9월 22일] 美 증시, 유가·금리 하락에 상승 마감... | [주요공시] 삼성물산, 에스엠벡셀, 제이스로보틱스, 셀트리온, 에코프로...",2026-09-22,0.0174,0.021,,failure
042940,상지건설,유상증자1차발행가액결정              ,paid_in_capital_increase,20260921,negative,-70,C,Paid-in capital increases can create dilution concerns.,5,6,6,0,5,"9월 21일 주식시장 주요공시 | [N2 모닝 경제 브리핑-9월 22일] 美 증시, 유가·금리 하락에 상승 마감... | [주요공시] 삼성물산, 에스엠벡셀, 제이스로보틱스, 셀트리온, 에코프로...",2026-09-22,0.0174,0.021,,failure
042940,상지건설,유상증자1차발행가액결정              ,paid_in_capital_increase,20260921,negative,-70,C,Paid-in capital increases can create dilution concerns.,5,6,6,0,5,"9월 21일 주식시장 주요공시 | [N2 모닝 경제 브리핑-9월 22일] 美 증시, 유가·금리 하락에 상승 마감... | [주요공시] 삼성물산, 에스엠벡셀, 제이스로보틱스, 셀트리온, 에코프로...",2026-09-22,0.0174,0.021,,failure
042940,상지건설,유상증자1차발행가액결정              ,paid_in_capital_increase,20260921,negative,-70,C,Paid-in capital increases can create dilution concerns.,5,6,6,0,5,"9월 21일 주식시장 주요공시 | [N2 모닝 경제 브리핑-9월 22일] 美 증시, 유가·금리 하락에 상승 마감... | [주요공시] 삼성물산, 에스엠벡셀, 제이스로보틱스, 셀트리온, 에코프로...",2026-09-22,0.0174,0.021,,failure
042940,상지건설,유상증자1차발행가액결정              ,paid_in_capital_increase,20260921,negative,-70,C,Paid-in capital increases can create dilution concerns.,5,6,6,0,5,"9월 21일 주식시장 주요공시 | [N2 모닝 경제 브리핑-9월 22일] 美 증시, 유가·금리 하락에 상승 마감... | [주요공시] 삼성물산, 에스엠벡셀, 제이스로보틱스, 셀트리온, 에코프로...",2026-09-22,0.0174,0.021,,failure
042940,상지건설,유상증자1차발행가액결정              ,paid_in_capital_increase,20260921,negative,-70,C,Paid-in capital increases can create dilution concerns.,5,6,6,0,5,"9월 21일 주식시장 주요공시 | [N2 모닝 경제 브리핑-9월 22일] 美 증시, 유가·금리 하락에 상승 마감... | [주요공시] 삼성물산, 에스엠벡셀, 제이스로보틱스, 셀트리온, 에코프로...",2026-09-22,0.0174,0.021,,failure
042940,상지건설,유상증자1차발행가액결정              ,paid_in_capital_increase,20260921,negative,-70,C,Paid-in capital increases can create dilution concerns.,5,6,6,0,5,"9월 21일 주식시장 주요공시 | [N2 모닝 경제 브리핑-9월 22일] 美 증시, 유가·금리 하락에 상승 마감... | [주요공시] 삼성물산, 에스엠벡셀, 제이스로보틱스, 셀트리온, 에코프로...",2026-09-22,0.0174,0.021,,failure
042940,상지건설,유상증자1차발행가액결정              ,paid_in_capital_increase,20260921,negative,-70,C,Paid-in capital increases can create dilution concerns.,5,6,6,0,5,"9월 21일 주식시장 주요공시 | [N2 모닝 경제 브리핑-9월 22일] 美 증시, 유가·금리 하락에 상승 마감... | [주요공시] 삼성물산, 에스엠벡셀, 제이스로보틱스, 셀트리온, 에코프로...",2026-09-22,0.0174,0.021,,failure
042940,상지건설,유상증자1차발행가액결정              ,paid_in_capital_increase,20260921,negative,-70,C,Paid-in capital increases can create dilution concerns.,5,6,6,0,5,"9월 21일 주식시장 주요공시 | [N2 모닝 경제 브리핑-9월 22일] 美 증시, 유가·금리 하락에 상승 마감... | [주요공시] 삼성물산, 에스엠벡셀, 제이스로보틱스, 셀트리온, 에코프로...",2026-09-22,0.0174,0.021,,failure
042940,상지건설,유상증자1차발행가액결정              ,paid_in_capital_increase,20260921,negative,-70,C,Paid-in capital increases can create dilution concerns.,5,6,6,0,5,"9월 21일 주식시장 주요공시 | [N2 모닝 경제 브리핑-9월 22일] 美 증시, 유가·금리 하락에 상승 마감... | [주요공시] 삼성물산, 에스엠벡셀, 제이스로보틱스, 셀트리온, 에코프로...",2026-09-22,0.0174,0.021,,failure
042940,상지건설,유상증자1차발행가액결정              ,paid_in_capital_increase,20260921,negative,-70,C,Paid-in capital increases can create dilution concerns.,5,6,6,0,5,"9월 21일 주식시장 주요공시 | [N2 모닝 경제 브리핑-9월 22일] 美 증시, 유가·금리 하락에 상승 마감... | [주요공시] 삼성물산, 에스엠벡셀, 제이스로보틱스, 셀트리온, 에코프로...",2026-09-22,0.0174,0.021,,failure
042940,상지건설,유상증자1차발행가액결정              ,paid_in_capital_increase,20260921,negative,-70,C,Paid-in capital increases can create dilution concerns.,5,6,6,0,5,"9월 21일 주식시장 주요공시 | [N2 모닝 경제 브리핑-9월 22일] 美 증시, 유가·금리 하락에 상승 마감... | [주요공시] 삼성물산, 에스엠벡셀, 제이스로보틱스, 셀트리온, 에코프로...",2026-09-22,0.0174,0.021,,failure
042940,상지건설,유상증자1차발행가액결정              ,paid_in_capital_increase,20260921,negative,-70,C,Paid-in capital increases can create dilution concerns.,5,6,6,0,5,"9월 21일 주식시장 주요공시 | [N2 모닝 경제 브리핑-9월 22일] 美 증시, 유가·금리 하락에 상승 마감... | [주요공시] 삼성물산, 에스엠벡셀, 제이스로보틱스, 셀트리온, 에코프로...",2026-09-22,0.0174,0.021,,failure
042940,상지건설,유상증자1차발행가액결정              ,paid_in_capital_increase,20260921,negative,-70,C,Paid-in capital increases can create dilution concerns.,5,6,6,0,5,"9월 21일 주식시장 주요공시 | [N2 모닝 경제 브리핑-9월 22일] 美 증시, 유가·금리 하락에 상승 마감... | [주요공시] 삼성물산, 에스엠벡셀, 제이스로보틱스, 셀트리온, 에코프로...",2026-09-22,0.0174,0.021,,failure
042940,상지건설,유상증자1차발행가액결정              ,paid_in_capital_increase,20260921,negative,-70,C,Paid-in capital increases can create dilution concerns.,5,6,6,0,5,"9월 21일 주식시장 주요공시 | [N2 모닝 경제 브리핑-9월 22일] 美 증시, 유가·금리 하락에 상승 마감... | [주요공시] 삼성물산, 에스엠벡셀, 제이스로보틱스, 셀트리온, 에코프로...",2026-09-22,0.0174,0.021,,failure
042940,상지건설,유상증자1차발행가액결정              ,paid_in_capital_increase,20260921,negative,-70,C,Paid-in capital increases can create dilution concerns.,5,6,6,0,5,"9월 21일 주식시장 주요공시 | [N2 모닝 경제 브리핑-9월 22일] 美 증시, 유가·금리 하락에 상승 마감... | [주요공시] 삼성물산, 에스엠벡셀, 제이스로보틱스, 셀트리온, 에코프로...",2026-09-22,0.0174,0.021,,failure
042940,상지건설,유상증자1차발행가액결정              ,paid_in_capital_increase,20260921,negative,-70,C,Paid-in capital increases can create dilution concerns.,5,6,6,0,5,"9월 21일 주식시장 주요공시 | [N2 모닝 경제 브리핑-9월 22일] 美 증시, 유가·금리 하락에 상승 마감... | [주요공시] 삼성물산, 에스엠벡셀, 제이스로보틱스, 셀트리온, 에코프로...",2026-09-22,0.0174,0.021,,failure
042940,상지건설,유상증자1차발행가액결정              ,paid_in_capital_increase,20260921,negative,-70,C,Paid-in capital increases can create dilution concerns.,5,6,6,0,5,"9월 21일 주식시장 주요공시 | [N2 모닝 경제 브리핑-9월 22일] 美 증시, 유가·금리 하락에 상승 마감... | [주요공시] 삼성물산, 에스엠벡셀, 제이스로보틱스, 셀트리온, 에코프로...",2026-09-22,0.0174,0.021,,failure
042940,상지건설,유상증자1차발행가액결정              ,paid_in_capital_increase,20260921,negative,-70,C,Paid-in capital increases can create dilution concerns.,5,6,6,0,5,"9월 21일 주식시장 주요공시 | [N2 모닝 경제 브리핑-9월 22일] 美 증시, 유가·금리 하락에 상승 마감... | [주요공시] 삼성물산, 에스엠벡셀, 제이스로보틱스, 셀트리온, 에코프로...",2026-09-22,0.0174,0.021,,failure
042940,상지건설,유상증자1차발행가액결정              ,paid_in_capital_increase,20260921,negative,-70,C,Paid-in capital increases can create dilution concerns.,5,6,6,0,5,"9월 21일 주식시장 주요공시 | [N2 모닝 경제 브리핑-9월 22일] 美 증시, 유가·금리 하락에 상승 마감... | [주요공시] 삼성물산, 에스엠벡셀, 제이스로보틱스, 셀트리온, 에코프로...",2026-09-22,0.0174,0.021,,failure
042940,상지건설,유상증자1차발행가액결정              ,paid_in_capital_increase,20260921,negative,-70,C,Paid-in capital increases can create dilution concerns.,5,6,6,0,5,"9월 21일 주식시장 주요공시 | [N2 모닝 경제 브리핑-9월 22일] 美 증시, 유가·금리 하락에 상승 마감... | [주요공시] 삼성물산, 에스엠벡셀, 제이스로보틱스, 셀트리온, 에코프로...",2026-09-22,0.0174,0.021,,failure
042940,상지건설,유상증자1차발행가액결정              ,paid_in_capital_increase,20260921,negative,-70,C,Paid-in capital increases can create dilution concerns.,5,6,6,0,5,"9월 21일 주식시장 주요공시 | [N2 모닝 경제 브리핑-9월 22일] 美 증시, 유가·금리 하락에 상승 마감... | [주요공시] 삼성물산, 에스엠벡셀, 제이스로보틱스, 셀트리온, 에코프로...",2026-09-22,0.0174,0.021,,failure
042940,상지건설,유상증자1차발행가액결정              ,paid_in_capital_increase,20260921,negative,-70,C,Paid-in capital increases can create dilution concerns.,5,6,6,0,5,"9월 21일 주식시장 주요공시 | [N2 모닝 경제 브리핑-9월 22일] 美 증시, 유가·금리 하락에 상승 마감... | [주요공시] 삼성물산, 에스엠벡셀, 제이스로보틱스, 셀트리온, 에코프로...",2026-09-22,0.0174,0.021,,failure
042940,상지건설,유상증자1차발행가액결정              ,paid_in_capital_increase,20260921,negative,-70,C,Paid-in capital increases can create dilution concerns.,5,6,6,0,5,"9월 21일 주식시장 주요공시 | [N2 모닝 경제 브리핑-9월 22일] 美 증시, 유가·금리 하락에 상승 마감... | [주요공시] 삼성물산, 에스엠벡셀, 제이스로보틱스, 셀트리온, 에코프로...",2026-09-22,0.0174,0.021,,failure
042940,상지건설,유상증자1차발행가액결정              ,paid_in_capital_increase,20260921,negative,-70,C,Paid-in capital increases can create dilution concerns.,5,6,6,0,5,"9월 21일 주식시장 주요공시 | [N2 모닝 경제 브리핑-9월 22일] 美 증시, 유가·금리 하락에 상승 마감... | [주요공시] 삼성물산, 에스엠벡셀, 제이스로보틱스, 셀트리온, 에코프로...",2026-09-22,0.0174,0.021,,failure
042940,상지건설,유상증자1차발행가액결정              ,paid_in_capital_increase,20260921,negative,-70,C,Paid-in capital increases can create dilution concerns.,5,6,6,0,5,"9월 21일 주식시장 주요공시 | [N2 모닝 경제 브리핑-9월 22일] 美 증시, 유가·금리 하락에 상승 마감... | [주요공시] 삼성물산, 에스엠벡셀, 제이스로보틱스, 셀트리온, 에코프로...",2026-09-22,0.0174,0.021,,failure
042940,상지건설,유상증자1차발행가액결정              ,paid_in_capital_increase,20260921,negative,-70,C,Paid-in capital increases can create dilution concerns.,5,6,6,0,5,"9월 21일 주식시장 주요공시 | [N2 모닝 경제 브리핑-9월 22일] 美 증시, 유가·금리 하락에 상승 마감... | [주요공시] 삼성물산, 에스엠벡셀, 제이스로보틱스, 셀트리온, 에코프로...",2026-09-22,0.0174,0.021,,failure
042940,상지건설,유상증자1차발행가액결정              ,paid_in_capital_increase,20260921,negative,-70,C,Paid-in capital increases can create dilution concerns.,5,6,6,0,5,"9월 21일 주식시장 주요공시 | [N2 모닝 경제 브리핑-9월 22일] 美 증시, 유가·금리 하락에 상승 마감... | [주요공시] 삼성물산, 에스엠벡셀, 제이스로보틱스, 셀트리온, 에코프로...",2026-09-22,0.0174,0.021,,failure
042940,상지건설,유상증자1차발행가액결정              ,paid_in_capital_increase,20260921,negative,-70,C,Paid-in capital increases can create dilution concerns.,5,6,6,0,5,"9월 21일 주식시장 주요공시 | [N2 모닝 경제 브리핑-9월 22일] 美 증시, 유가·금리 하락에 상승 마감... | [주요공시] 삼성물산, 에스엠벡셀, 제이스로보틱스, 셀트리온, 에코프로...",2026-09-22,0.0174,0.021,,failure
042940,상지건설,유상증자1차발행가액결정              ,paid_in_capital_increase,20260921,negative,-70,C,Paid-in capital increases can create dilution concerns.,5,6,6,0,5,"9월 21일 주식시장 주요공시 | [N2 모닝 경제 브리핑-9월 22일] 美 증시, 유가·금리 하락에 상승 마감... | [주요공시] 삼성물산, 에스엠벡셀, 제이스로보틱스, 셀트리온, 에코프로...",2026-09-22,0.0174,0.021,,failure
042940,상지건설,유상증자1차발행가액결정              ,paid_in_capital_increase,20260921,negative,-70,C,Paid-in capital increases can create dilution concerns.,5,6,6,0,5,"9월 21일 주식시장 주요공시 | [N2 모닝 경제 브리핑-9월 22일] 美 증시, 유가·금리 하락에 상승 마감... | [주요공시] 삼성물산, 에스엠벡셀, 제이스로보틱스, 셀트리온, 에코프로...",2026-09-22,0.0174,0.021,,failure
042940,상지건설,유상증자1차발행가액결정              ,paid_in_capital_increase,20260921,negative,-70,C,Paid-in capital increases can create dilution concerns.,5,6,6,0,5,"9월 21일 주식시장 주요공시 | [N2 모닝 경제 브리핑-9월 22일] 美 증시, 유가·금리 하락에 상승 마감... | [주요공시] 삼성물산, 에스엠벡셀, 제이스로보틱스, 셀트리온, 에코프로...",2026-09-22,0.0174,0.021,,failure
042940,상지건설,유상증자1차발행가액결정              ,paid_in_capital_increase,20260921,negative,-70,C,Paid-in capital increases can create dilution concerns.,5,6,6,0,5,"9월 21일 주식시장 주요공시 | [N2 모닝 경제 브리핑-9월 22일] 美 증시, 유가·금리 하락에 상승 마감... | [주요공시] 삼성물산, 에스엠벡셀, 제이스로보틱스, 셀트리온, 에코프로...",2026-09-22,0.0174,0.021,,failure
042940,상지건설,유상증자1차발행가액결정              ,paid_in_capital_increase,20260921,negative,-70,C,Paid-in capital increases can create dilution concerns.,5,6,6,0,5,"9월 21일 주식시장 주요공시 | [N2 모닝 경제 브리핑-9월 22일] 美 증시, 유가·금리 하락에 상승 마감... | [주요공시] 삼성물산, 에스엠벡셀, 제이스로보틱스, 셀트리온, 에코프로...",2026-09-22,0.0174,0.021,,failure
042940,상지건설,유상증자1차발행가액결정              ,paid_in_capital_increase,20260921,negative,-70,C,Paid-in capital increases can create dilution concerns.,5,6,6,0,5,"9월 21일 주식시장 주요공시 | [N2 모닝 경제 브리핑-9월 22일] 美 증시, 유가·금리 하락에 상승 마감... | [주요공시] 삼성물산, 에스엠벡셀, 제이스로보틱스, 셀트리온, 에코프로...",2026-09-22,0.0174,0.021,,failure
042940,상지건설,유상증자1차발행가액결정              ,paid_in_capital_increase,20260921,negative,-70,C,Paid-in capital increases can create dilution concerns.,5,6,6,0,5,"9월 21일 주식시장 주요공시 | [N2 모닝 경제 브리핑-9월 22일] 美 증시, 유가·금리 하락에 상승 마감... | [주요공시] 삼성물산, 에스엠벡셀, 제이스로보틱스, 셀트리온, 에코프로...",2026-09-22,0.0174,0.021,,failure
042940,상지건설,유상증자1차발행가액결정              ,paid_in_capital_increase,20260921,negative,-70,C,Paid-in capital increases can create dilution concerns.,5,6,6,0,5,"9월 21일 주식시장 주요공시 | [N2 모닝 경제 브리핑-9월 22일] 美 증시, 유가·금리 하락에 상승 마감... | [주요공시] 삼성물산, 에스엠벡셀, 제이스로보틱스, 셀트리온, 에코프로...",2026-09-22,0.0174,0.021,,failure
042940,상지건설,유상증자1차발행가액결정              ,paid_in_capital_increase,20260921,negative,-70,C,Paid-in capital increases can create dilution concerns.,5,6,6,0,5,"9월 21일 주식시장 주요공시 | [N2 모닝 경제 브리핑-9월 22일] 美 증시, 유가·금리 하락에 상승 마감... | [주요공시] 삼성물산, 에스엠벡셀, 제이스로보틱스, 셀트리온, 에코프로...",2026-09-22,0.0174,0.021,,failure
042940,상지건설,유상증자1차발행가액결정              ,paid_in_capital_increase,20260921,negative,-70,C,Paid-in capital increases can create dilution concerns.,5,6,6,0,5,"9월 21일 주식시장 주요공시 | [N2 모닝 경제 브리핑-9월 22일] 美 증시, 유가·금리 하락에 상승 마감... | [주요공시] 삼성물산, 에스엠벡셀, 제이스로보틱스, 셀트리온, 에코프로...",2026-09-22,0.0174,0.021,,failure
042940,상지건설,유상증자1차발행가액결정              ,paid_in_capital_increase,20260921,negative,-70,C,Paid-in capital increases can create dilution concerns.,5,6,6,0,5,"9월 21일 주식시장 주요공시 | [N2 모닝 경제 브리핑-9월 22일] 美 증시, 유가·금리 하락에 상승 마감... | [주요공시] 삼성물산, 에스엠벡셀, 제이스로보틱스, 셀트리온, 에코프로...",2026-09-22,0.0174,0.021,,failure
042940,상지건설,유상증자1차발행가액결정              ,paid_in_capital_increase,20260921,negative,-70,C,Paid-in capital increases can create dilution concerns.,5,6,6,0,5,"9월 21일 주식시장 주요공시 | [N2 모닝 경제 브리핑-9월 22일] 美 증시, 유가·금리 하락에 상승 마감... | [주요공시] 삼성물산, 에스엠벡셀, 제이스로보틱스, 셀트리온, 에코프로...",2026-09-22,0.0174,0.021,,failure
042940,상지건설,유상증자1차발행가액결정              ,paid_in_capital_increase,20260921,negative,-70,C,Paid-in capital increases can create dilution concerns.,5,6,6,0,5,"9월 21일 주식시장 주요공시 | [N2 모닝 경제 브리핑-9월 22일] 美 증시, 유가·금리 하락에 상승 마감... | [주요공시] 삼성물산, 에스엠벡셀, 제이스로보틱스, 셀트리온, 에코프로...",2026-09-22,0.0174,0.021,,failure
042940,상지건설,유상증자1차발행가액결정              ,paid_in_capital_increase,20260921,negative,-70,C,Paid-in capital increases can create dilution concerns.,5,6,6,0,5,"9월 21일 주식시장 주요공시 | [N2 모닝 경제 브리핑-9월 22일] 美 증시, 유가·금리 하락에 상승 마감... | [주요공시] 삼성물산, 에스엠벡셀, 제이스로보틱스, 셀트리온, 에코프로...",2026-09-22,0.0174,0.021,,failure
042940,상지건설,유상증자1차발행가액결정              ,paid_in_capital_increase,20260921,negative,-70,C,Paid-in capital increases can create dilution concerns.,5,6,6,0,5,"9월 21일 주식시장 주요공시 | [N2 모닝 경제 브리핑-9월 22일] 美 증시, 유가·금리 하락에 상승 마감... | [주요공시] 삼성물산, 에스엠벡셀, 제이스로보틱스, 셀트리온, 에코프로...",2026-09-22,0.0174,0.021,,failure
042940,상지건설,유상증자1차발행가액결정              ,paid_in_capital_increase,20260921,negative,-70,C,Paid-in capital increases can create dilution concerns.,5,6,6,0,5,"9월 21일 주식시장 주요공시 | [N2 모닝 경제 브리핑-9월 22일] 美 증시, 유가·금리 하락에 상승 마감... | [주요공시] 삼성물산, 에스엠벡셀, 제이스로보틱스, 셀트리온, 에코프로...",2026-09-22,0.0174,0.021,,failure
042940,상지건설,유상증자1차발행가액결정              ,paid_in_capital_increase,20260921,negative,-70,C,Paid-in capital increases can create dilution concerns.,5,6,6,0,5,"9월 21일 주식시장 주요공시 | [N2 모닝 경제 브리핑-9월 22일] 美 증시, 유가·금리 하락에 상승 마감... | [주요공시] 삼성물산, 에스엠벡셀, 제이스로보틱스, 셀트리온, 에코프로...",2026-09-22,0.0174,0.021,,failure
042940,상지건설,유상증자1차발행가액결정              ,paid_in_capital_increase,20260921,negative,-70,C,Paid-in capital increases can create dilution concerns.,5,6,6,0,5,"9월 21일 주식시장 주요공시 | [N2 모닝 경제 브리핑-9월 22일] 美 증시, 유가·금리 하락에 상승 마감... | [주요공시] 삼성물산, 에스엠벡셀, 제이스로보틱스, 셀트리온, 에코프로...",2026-09-22,0.0174,0.021,,failure
042940,상지건설,유상증자1차발행가액결정              ,paid_in_capital_increase,20260921,negative,-70,C,Paid-in capital increases can create dilution concerns.,5,6,6,0,5,"9월 21일 주식시장 주요공시 | [N2 모닝 경제 브리핑-9월 22일] 美 증시, 유가·금리 하락에 상승 마감... | [주요공시] 삼성물산, 에스엠벡셀, 제이스로보틱스, 셀트리온, 에코프로...",2026-09-22,0.0174,0.021,,failure
042940,상지건설,유상증자1차발행가액결정              ,paid_in_capital_increase,20260921,negative,-70,C,Paid-in capital increases can create dilution concerns.,5,6,6,0,5,"9월 21일 주식시장 주요공시 | [N2 모닝 경제 브리핑-9월 22일] 美 증시, 유가·금리 하락에 상승 마감... | [주요공시] 삼성물산, 에스엠벡셀, 제이스로보틱스, 셀트리온, 에코프로...",2026-09-22,0.0174,0.021,,failure
042940,상지건설,유상증자1차발행가액결정              ,paid_in_capital_increase,20260921,negative,-70,C,Paid-in capital increases can create dilution concerns.,5,6,6,0,5,"9월 21일 주식시장 주요공시 | [N2 모닝 경제 브리핑-9월 22일] 美 증시, 유가·금리 하락에 상승 마감... | [주요공시] 삼성물산, 에스엠벡셀, 제이스로보틱스, 셀트리온, 에코프로...",2026-09-22,0.0174,0.021,,failure
042940,상지건설,유상증자1차발행가액결정              ,paid_in_capital_increase,20260921,negative,-70,C,Paid-in capital increases can create dilution concerns.,5,6,6,0,5,"9월 21일 주식시장 주요공시 | [N2 모닝 경제 브리핑-9월 22일] 美 증시, 유가·금리 하락에 상승 마감... | [주요공시] 삼성물산, 에스엠벡셀, 제이스로보틱스, 셀트리온, 에코프로...",2026-09-22,0.0174,0.021,,failure
042940,상지건설,유상증자1차발행가액결정              ,paid_in_capital_increase,20260921,negative,-70,C,Paid-in capital increases can create dilution concerns.,5,6,6,0,5,"9월 21일 주식시장 주요공시 | [N2 모닝 경제 브리핑-9월 22일] 美 증시, 유가·금리 하락에 상승 마감... | [주요공시] 삼성물산, 에스엠벡셀, 제이스로보틱스, 셀트리온, 에코프로...",2026-09-22,0.0174,0.021,,failure
042940,상지건설,유상증자1차발행가액결정              ,paid_in_capital_increase,20260921,negative,-70,C,Paid-in capital increases can create dilution concerns.,5,6,6,0,5,"9월 21일 주식시장 주요공시 | [N2 모닝 경제 브리핑-9월 22일] 美 증시, 유가·금리 하락에 상승 마감... | [주요공시] 삼성물산, 에스엠벡셀, 제이스로보틱스, 셀트리온, 에코프로...",2026-09-22,0.0174,0.021,,failure
042940,상지건설,유상증자1차발행가액결정              ,paid_in_capital_increase,20260921,negative,-70,C,Paid-in capital increases can create dilution concerns.,5,6,6,0,5,"9월 21일 주식시장 주요공시 | [N2 모닝 경제 브리핑-9월 22일] 美 증시, 유가·금리 하락에 상승 마감... | [주요공시] 삼성물산, 에스엠벡셀, 제이스로보틱스, 셀트리온, 에코프로...",2026-09-22,0.0174,0.021,,failure
042940,상지건설,유상증자1차발행가액결정              ,paid_in_capital_increase,20260921,negative,-70,C,Paid-in capital increases can create dilution concerns.,5,6,6,0,5,"9월 21일 주식시장 주요공시 | [N2 모닝 경제 브리핑-9월 22일] 美 증시, 유가·금리 하락에 상승 마감... | [주요공시] 삼성물산, 에스엠벡셀, 제이스로보틱스, 셀트리온, 에코프로...",2026-09-22,0.0174,0.021,,failure
042940,상지건설,유상증자1차발행가액결정              ,paid_in_capital_increase,20260921,negative,-70,C,Paid-in capital increases can create dilution concerns.,5,6,6,0,5,"9월 21일 주식시장 주요공시 | [N2 모닝 경제 브리핑-9월 22일] 美 증시, 유가·금리 하락에 상승 마감... | [주요공시] 삼성물산, 에스엠벡셀, 제이스로보틱스, 셀트리온, 에코프로...",2026-09-22,0.0174,0.021,,failure
042940,상지건설,유상증자1차발행가액결정              ,paid_in_capital_increase,20260921,negative,-70,C,Paid-in capital increases can create dilution concerns.,5,6,6,0,5,"9월 21일 주식시장 주요공시 | [N2 모닝 경제 브리핑-9월 22일] 美 증시, 유가·금리 하락에 상승 마감... | [주요공시] 삼성물산, 에스엠벡셀, 제이스로보틱스, 셀트리온, 에코프로...",2026-09-22,0.0174,0.021,,failure
042940,상지건설,유상증자1차발행가액결정              ,paid_in_capital_increase,20260921,negative,-70,C,Paid-in capital increases can create dilution concerns.,5,6,6,0,5,"9월 21일 주식시장 주요공시 | [N2 모닝 경제 브리핑-9월 22일] 美 증시, 유가·금리 하락에 상승 마감... | [주요공시] 삼성물산, 에스엠벡셀, 제이스로보틱스, 셀트리온, 에코프로...",2026-09-22,0.0174,0.021,,failure
042940,상지건설,유상증자1차발행가액결정              ,paid_in_capital_increase,20260921,negative,-70,C,Paid-in capital increases can create dilution concerns.,5,6,6,0,5,"9월 21일 주식시장 주요공시 | [N2 모닝 경제 브리핑-9월 22일] 美 증시, 유가·금리 하락에 상승 마감... | [주요공시] 삼성물산, 에스엠벡셀, 제이스로보틱스, 셀트리온, 에코프로...",2026-09-22,0.0174,0.021,,failure
042940,상지건설,유상증자1차발행가액결정              ,paid_in_capital_increase,20260921,negative,-70,C,Paid-in capital increases can create dilution concerns.,5,6,6,0,5,"9월 21일 주식시장 주요공시 | [N2 모닝 경제 브리핑-9월 22일] 美 증시, 유가·금리 하락에 상승 마감... | [주요공시] 삼성물산, 에스엠벡셀, 제이스로보틱스, 셀트리온, 에코프로...",2026-09-22,0.0174,0.021,,failure
042940,상지건설,유상증자1차발행가액결정              ,paid_in_capital_increase,20260921,negative,-70,C,Paid-in capital increases can create dilution concerns.,5,6,6,0,5,"9월 21일 주식시장 주요공시 | [N2 모닝 경제 브리핑-9월 22일] 美 증시, 유가·금리 하락에 상승 마감... | [주요공시] 삼성물산, 에스엠벡셀, 제이스로보틱스, 셀트리온, 에코프로...",2026-09-22,0.0174,0.021,,failure
042940,상지건설,유상증자1차발행가액결정              ,paid_in_capital_increase,20260921,negative,-70,C,Paid-in capital increases can create dilution concerns.,5,6,6,0,5,"9월 21일 주식시장 주요공시 | [N2 모닝 경제 브리핑-9월 22일] 美 증시, 유가·금리 하락에 상승 마감... | [주요공시] 삼성물산, 에스엠벡셀, 제이스로보틱스, 셀트리온, 에코프로...",2026-09-22,0.0174,0.021,,failure
042940,상지건설,유상증자1차발행가액결정              ,paid_in_capital_increase,20260921,negative,-70,C,Paid-in capital increases can create dilution concerns.,5,6,6,0,5,"9월 21일 주식시장 주요공시 | [N2 모닝 경제 브리핑-9월 22일] 美 증시, 유가·금리 하락에 상승 마감... | [주요공시] 삼성물산, 에스엠벡셀, 제이스로보틱스, 셀트리온, 에코프로...",2026-09-22,0.0174,0.021,,failure
042940,상지건설,유상증자1차발행가액결정              ,paid_in_capital_increase,20260921,negative,-70,C,Paid-in capital increases can create dilution concerns.,5,6,6,0,5,"9월 21일 주식시장 주요공시 | [N2 모닝 경제 브리핑-9월 22일] 美 증시, 유가·금리 하락에 상승 마감... | [주요공시] 삼성물산, 에스엠벡셀, 제이스로보틱스, 셀트리온, 에코프로...",2026-09-22,0.0174,0.021,,failure
042940,상지건설,유상증자1차발행가액결정              ,paid_in_capital_increase,20260921,negative,-70,C,Paid-in capital increases can create dilution concerns.,5,6,6,0,5,"9월 21일 주식시장 주요공시 | [N2 모닝 경제 브리핑-9월 22일] 美 증시, 유가·금리 하락에 상승 마감... | [주요공시] 삼성물산, 에스엠벡셀, 제이스로보틱스, 셀트리온, 에코프로...",2026-09-22,0.0174,0.021,,failure
042940,상지건설,유상증자1차발행가액결정              ,paid_in_capital_increase,20260921,negative,-70,C,Paid-in capital increases can create dilution concerns.,5,6,6,0,5,"9월 21일 주식시장 주요공시 | [N2 모닝 경제 브리핑-9월 22일] 美 증시, 유가·금리 하락에 상승 마감... | [주요공시] 삼성물산, 에스엠벡셀, 제이스로보틱스, 셀트리온, 에코프로...",2026-09-22,0.0174,0.021,,failure
042940,상지건설,유상증자1차발행가액결정              ,paid_in_capital_increase,20260921,negative,-70,C,Paid-in capital increases can create dilution concerns.,5,6,6,0,5,"9월 21일 주식시장 주요공시 | [N2 모닝 경제 브리핑-9월 22일] 美 증시, 유가·금리 하락에 상승 마감... | [주요공시] 삼성물산, 에스엠벡셀, 제이스로보틱스, 셀트리온, 에코프로...",2026-09-22,0.0174,0.021,,failure
042940,상지건설,유상증자1차발행가액결정              ,paid_in_capital_increase,20260921,negative,-70,C,Paid-in capital increases can create dilution concerns.,5,6,6,0,5,"9월 21일 주식시장 주요공시 | [N2 모닝 경제 브리핑-9월 22일] 美 증시, 유가·금리 하락에 상승 마감... | [주요공시] 삼성물산, 에스엠벡셀, 제이스로보틱스, 셀트리온, 에코프로...",2026-09-22,0.0174,0.021,,failure
042940,상지건설,유상증자1차발행가액결정              ,paid_in_capital_increase,20260921,negative,-70,C,Paid-in capital increases can create dilution concerns.,5,6,6,0,5,"9월 21일 주식시장 주요공시 | [N2 모닝 경제 브리핑-9월 22일] 美 증시, 유가·금리 하락에 상승 마감... | [주요공시] 삼성물산, 에스엠벡셀, 제이스로보틱스, 셀트리온, 에코프로...",2026-09-22,0.0174,0.021,,failure
042940,상지건설,유상증자1차발행가액결정              ,paid_in_capital_increase,20260921,negative,-70,C,Paid-in capital increases can create dilution concerns.,5,6,6,0,5,"9월 21일 주식시장 주요공시 | [N2 모닝 경제 브리핑-9월 22일] 美 증시, 유가·금리 하락에 상승 마감... | [주요공시] 삼성물산, 에스엠벡셀, 제이스로보틱스, 셀트리온, 에코프로...",2026-09-22,0.0174,0.021,,failure
042940,상지건설,유상증자1차발행가액결정              ,paid_in_capital_increase,20260921,negative,-70,C,Paid-in capital increases can create dilution concerns.,5,6,6,0,5,"9월 21일 주식시장 주요공시 | [N2 모닝 경제 브리핑-9월 22일] 美 증시, 유가·금리 하락에 상승 마감... | [주요공시] 삼성물산, 에스엠벡셀, 제이스로보틱스, 셀트리온, 에코프로...",2026-09-22,0.0174,0.021,,failure
042940,상지건설,유상증자1차발행가액결정              ,paid_in_capital_increase,20260921,negative,-70,C,Paid-in capital increases can create dilution concerns.,5,6,6,0,5,"9월 21일 주식시장 주요공시 | [N2 모닝 경제 브리핑-9월 22일] 美 증시, 유가·금리 하락에 상승 마감... | [주요공시] 삼성물산, 에스엠벡셀, 제이스로보틱스, 셀트리온, 에코프로...",2026-09-22,0.0174,0.021,,failure
042940,상지건설,유상증자1차발행가액결정              ,paid_in_capital_increase,20260921,negative,-70,C,Paid-in capital increases can create dilution concerns.,5,6,6,0,5,"9월 21일 주식시장 주요공시 | [N2 모닝 경제 브리핑-9월 22일] 美 증시, 유가·금리 하락에 상승 마감... | [주요공시] 삼성물산, 에스엠벡셀, 제이스로보틱스, 셀트리온, 에코프로...",2026-09-22,0.0174,0.021,,failure
042940,상지건설,유상증자1차발행가액결정              ,paid_in_capital_increase,20260921,negative,-70,C,Paid-in capital increases can create dilution concerns.,5,6,6,0,5,"9월 21일 주식시장 주요공시 | [N2 모닝 경제 브리핑-9월 22일] 美 증시, 유가·금리 하락에 상승 마감... | [주요공시] 삼성물산, 에스엠벡셀, 제이스로보틱스, 셀트리온, 에코프로...",2026-09-22,0.0174,0.021,,failure
042940,상지건설,유상증자1차발행가액결정              ,paid_in_capital_increase,20260921,negative,-70,C,Paid-in capital increases can create dilution concerns.,5,6,6,0,5,"9월 21일 주식시장 주요공시 | [N2 모닝 경제 브리핑-9월 22일] 美 증시, 유가·금리 하락에 상승 마감... | [주요공시] 삼성물산, 에스엠벡셀, 제이스로보틱스, 셀트리온, 에코프로...",2026-09-22,0.0174,0.021,,failure
042940,상지건설,유상증자1차발행가액결정              ,paid_in_capital_increase,20260921,negative,-70,C,Paid-in capital increases can create dilution concerns.,5,6,6,0,5,"9월 21일 주식시장 주요공시 | [N2 모닝 경제 브리핑-9월 22일] 美 증시, 유가·금리 하락에 상승 마감... | [주요공시] 삼성물산, 에스엠벡셀, 제이스로보틱스, 셀트리온, 에코프로...",2026-09-22,0.0174,0.021,,failure
042940,상지건설,유상증자1차발행가액결정              ,paid_in_capital_increase,20260921,negative,-70,C,Paid-in capital increases can create dilution concerns.,5,6,6,0,5,"9월 21일 주식시장 주요공시 | [N2 모닝 경제 브리핑-9월 22일] 美 증시, 유가·금리 하락에 상승 마감... | [주요공시] 삼성물산, 에스엠벡셀, 제이스로보틱스, 셀트리온, 에코프로...",2026-09-22,0.0174,0.021,,failure
042940,상지건설,유상증자1차발행가액결정              ,paid_in_capital_increase,20260921,negative,-70,C,Paid-in capital increases can create dilution concerns.,5,6,6,0,5,"9월 21일 주식시장 주요공시 | [N2 모닝 경제 브리핑-9월 22일] 美 증시, 유가·금리 하락에 상승 마감... | [주요공시] 삼성물산, 에스엠벡셀, 제이스로보틱스, 셀트리온, 에코프로...",2026-09-22,0.0174,0.021,,failure
042940,상지건설,유상증자1차발행가액결정              ,paid_in_capital_increase,20260921,negative,-70,C,Paid-in capital increases can create dilution concerns.,5,6,6,0,5,"9월 21일 주식시장 주요공시 | [N2 모닝 경제 브리핑-9월 22일] 美 증시, 유가·금리 하락에 상승 마감... | [주요공시] 삼성물산, 에스엠벡셀, 제이스로보틱스, 셀트리온, 에코프로...",2026-09-22,0.0174,0.021,,failure
042940,상지건설,유상증자1차발행가액결정              ,paid_in_capital_increase,20260921,negative,-70,C,Paid-in capital increases can create dilution concerns.,5,6,6,0,5,"9월 21일 주식시장 주요공시 | [N2 모닝 경제 브리핑-9월 22일] 美 증시, 유가·금리 하락에 상승 마감... | [주요공시] 삼성물산, 에스엠벡셀, 제이스로보틱스, 셀트리온, 에코프로...",2026-09-22,0.0174,0.021,,failure
042940,상지건설,유상증자1차발행가액결정              ,paid_in_capital_increase,20260921,negative,-70,C,Paid-in capital increases can create dilution concerns.,5,6,6,0,5,"9월 21일 주식시장 주요공시 | [N2 모닝 경제 브리핑-9월 22일] 美 증시, 유가·금리 하락에 상승 마감... | [주요공시] 삼성물산, 에스엠벡셀, 제이스로보틱스, 셀트리온, 에코프로...",2026-09-22,0.0174,0.021,,failure
042940,상지건설,유상증자1차발행가액결정              ,paid_in_capital_increase,20260921,negative,-70,C,Paid-in capital increases can create dilution concerns.,5,6,6,0,5,"9월 21일 주식시장 주요공시 | [N2 모닝 경제 브리핑-9월 22일] 美 증시, 유가·금리 하락에 상승 마감... | [주요공시] 삼성물산, 에스엠벡셀, 제이스로보틱스, 셀트리온, 에코프로...",2026-09-22,0.0174,0.021,,failure
042940,상지건설,유상증자1차발행가액결정              ,paid_in_capital_increase,20260921,negative,-70,C,Paid-in capital increases can create dilution concerns.,5,6,6,0,5,"9월 21일 주식시장 주요공시 | [N2 모닝 경제 브리핑-9월 22일] 美 증시, 유가·금리 하락에 상승 마감... | [주요공시] 삼성물산, 에스엠벡셀, 제이스로보틱스, 셀트리온, 에코프로...",2026-09-22,0.0174,0.021,,failure
042940,상지건설,유상증자1차발행가액결정              ,paid_in_capital_increase,20260921,negative,-70,C,Paid-in capital increases can create dilution concerns.,5,6,6,0,5,"9월 21일 주식시장 주요공시 | [N2 모닝 경제 브리핑-9월 22일] 美 증시, 유가·금리 하락에 상승 마감... | [주요공시] 삼성물산, 에스엠벡셀, 제이스로보틱스, 셀트리온, 에코프로...",2026-09-22,0.0174,0.021,,failure
042940,상지건설,유상증자1차발행가액결정              ,paid_in_capital_increase,20260921,negative,-70,C,Paid-in capital increases can create dilution concerns.,5,6,6,0,5,"9월 21일 주식시장 주요공시 | [N2 모닝 경제 브리핑-9월 22일] 美 증시, 유가·금리 하락에 상승 마감... | [주요공시] 삼성물산, 에스엠벡셀, 제이스로보틱스, 셀트리온, 에코프로...",2026-09-22,0.0174,0.021,,failure
042940,상지건설,유상증자1차발행가액결정              ,paid_in_capital_increase,20260921,negative,-70,C,Paid-in capital increases can create dilution concerns.,5,6,6,0,5,"9월 21일 주식시장 주요공시 | [N2 모닝 경제 브리핑-9월 22일] 美 증시, 유가·금리 하락에 상승 마감... | [주요공시] 삼성물산, 에스엠벡셀, 제이스로보틱스, 셀트리온, 에코프로...",2026-09-22,0.0174,0.021,,failure
042940,상지건설,유상증자1차발행가액결정              ,paid_in_capital_increase,20260921,negative,-70,C,Paid-in capital increases can create dilution concerns.,5,6,6,0,5,"9월 21일 주식시장 주요공시 | [N2 모닝 경제 브리핑-9월 22일] 美 증시, 유가·금리 하락에 상승 마감... | [주요공시] 삼성물산, 에스엠벡셀, 제이스로보틱스, 셀트리온, 에코프로...",2026-09-22,0.0174,0.021,,failure
042940,상지건설,유상증자1차발행가액결정              ,paid_in_capital_increase,20260921,negative,-70,C,Paid-in capital increases can create dilution concerns.,5,6,6,0,5,"9월 21일 주식시장 주요공시 | [N2 모닝 경제 브리핑-9월 22일] 美 증시, 유가·금리 하락에 상승 마감... | [주요공시] 삼성물산, 에스엠벡셀, 제이스로보틱스, 셀트리온, 에코프로...",2026-09-22,0.0174,0.021,,failure
042940,상지건설,유상증자1차발행가액결정              ,paid_in_capital_increase,20260921,negative,-70,C,Paid-in capital increases can create dilution concerns.,5,6,6,0,5,"9월 21일 주식시장 주요공시 | [N2 모닝 경제 브리핑-9월 22일] 美 증시, 유가·금리 하락에 상승 마감... | [주요공시] 삼성물산, 에스엠벡셀, 제이스로보틱스, 셀트리온, 에코프로...",2026-09-22,0.0174,0.021,,failure
042940,상지건설,유상증자1차발행가액결정              ,paid_in_capital_increase,20260921,negative,-70,C,Paid-in capital increases can create dilution concerns.,5,6,6,0,5,"9월 21일 주식시장 주요공시 | [N2 모닝 경제 브리핑-9월 22일] 美 증시, 유가·금리 하락에 상승 마감... | [주요공시] 삼성물산, 에스엠벡셀, 제이스로보틱스, 셀트리온, 에코프로...",2026-09-22,0.0174,0.021,,failure
042940,상지건설,유상증자1차발행가액결정              ,paid_in_capital_increase,20260921,negative,-70,C,Paid-in capital increases can create dilution concerns.,5,6,6,0,5,"9월 21일 주식시장 주요공시 | [N2 모닝 경제 브리핑-9월 22일] 美 증시, 유가·금리 하락에 상승 마감... | [주요공시] 삼성물산, 에스엠벡셀, 제이스로보틱스, 셀트리온, 에코프로...",2026-09-22,0.0174,0.021,,failure
042940,상지건설,유상증자1차발행가액결정              ,paid_in_capital_increase,20260921,negative,-70,C,Paid-in capital increases can create dilution concerns.,5,6,6,0,5,"9월 21일 주식시장 주요공시 | [N2 모닝 경제 브리핑-9월 22일] 美 증시, 유가·금리 하락에 상승 마감... | [주요공시] 삼성물산, 에스엠벡셀, 제이스로보틱스, 셀트리온, 에코프로...",2026-09-22,0.0174,0.021,,failure
042940,상지건설,유상증자1차발행가액결정              ,paid_in_capital_increase,20260921,negative,-70,C,Paid-in capital increases can create dilution concerns.,5,6,6,0,5,"9월 21일 주식시장 주요공시 | [N2 모닝 경제 브리핑-9월 22일] 美 증시, 유가·금리 하락에 상승 마감... | [주요공시] 삼성물산, 에스엠벡셀, 제이스로보틱스, 셀트리온, 에코프로...",2026-09-22,0.0174,0.021,,failure
042940,상지건설,유상증자1차발행가액결정              ,paid_in_capital_increase,20260921,negative,-70,C,Paid-in capital increases can create dilution concerns.,5,6,6,0,5,"9월 21일 주식시장 주요공시 | [N2 모닝 경제 브리핑-9월 22일] 美 증시, 유가·금리 하락에 상승 마감... | [주요공시] 삼성물산, 에스엠벡셀, 제이스로보틱스, 셀트리온, 에코프로...",2026-09-22,0.0174,0.021,,failure
042940,상지건설,유상증자1차발행가액결정              ,paid_in_capital_increase,20260921,negative,-70,C,Paid-in capital increases can create dilution concerns.,5,6,6,0,5,"9월 21일 주식시장 주요공시 | [N2 모닝 경제 브리핑-9월 22일] 美 증시, 유가·금리 하락에 상승 마감... | [주요공시] 삼성물산, 에스엠벡셀, 제이스로보틱스, 셀트리온, 에코프로...",2026-09-22,0.0174,0.021,,failure
042940,상지건설,유상증자1차발행가액결정              ,paid_in_capital_increase,20260921,negative,-70,C,Paid-in capital increases can create dilution concerns.,5,6,6,0,5,"9월 21일 주식시장 주요공시 | [N2 모닝 경제 브리핑-9월 22일] 美 증시, 유가·금리 하락에 상승 마감... | [주요공시] 삼성물산, 에스엠벡셀, 제이스로보틱스, 셀트리온, 에코프로...",2026-09-22,0.0174,0.021,,failure
042940,상지건설,유상증자1차발행가액결정              ,paid_in_capital_increase,20260921,negative,-70,C,Paid-in capital increases can create dilution concerns.,5,6,6,0,5,"9월 21일 주식시장 주요공시 | [N2 모닝 경제 브리핑-9월 22일] 美 증시, 유가·금리 하락에 상승 마감... | [주요공시] 삼성물산, 에스엠벡셀, 제이스로보틱스, 셀트리온, 에코프로...",2026-09-22,0.0174,0.021,,failure
042940,상지건설,유상증자1차발행가액결정              ,paid_in_capital_increase,20260921,negative,-70,C,Paid-in capital increases can create dilution concerns.,5,6,6,0,5,"9월 21일 주식시장 주요공시 | [N2 모닝 경제 브리핑-9월 22일] 美 증시, 유가·금리 하락에 상승 마감... | [주요공시] 삼성물산, 에스엠벡셀, 제이스로보틱스, 셀트리온, 에코프로...",2026-09-22,0.0174,0.021,,failure
042940,상지건설,유상증자1차발행가액결정              ,paid_in_capital_increase,20260921,negative,-70,C,Paid-in capital increases can create dilution concerns.,5,6,6,0,5,"9월 21일 주식시장 주요공시 | [N2 모닝 경제 브리핑-9월 22일] 美 증시, 유가·금리 하락에 상승 마감... | [주요공시] 삼성물산, 에스엠벡셀, 제이스로보틱스, 셀트리온, 에코프로...",2026-09-22,0.0174,0.021,,failure
042940,상지건설,유상증자1차발행가액결정              ,paid_in_capital_increase,20260921,negative,-70,C,Paid-in capital increases can create dilution concerns.,5,6,6,0,5,"9월 21일 주식시장 주요공시 | [N2 모닝 경제 브리핑-9월 22일] 美 증시, 유가·금리 하락에 상승 마감... | [주요공시] 삼성물산, 에스엠벡셀, 제이스로보틱스, 셀트리온, 에코프로...",2026-09-22,0.0174,0.021,,failure
042940,상지건설,유상증자1차발행가액결정              ,paid_in_capital_increase,20260921,negative,-70,C,Paid-in capital increases can create dilution concerns.,5,6,6,0,5,"9월 21일 주식시장 주요공시 | [N2 모닝 경제 브리핑-9월 22일] 美 증시, 유가·금리 하락에 상승 마감... | [주요공시] 삼성물산, 에스엠벡셀, 제이스로보틱스, 셀트리온, 에코프로...",2026-09-22,0.0174,0.021,,failure
042940,상지건설,유상증자1차발행가액결정              ,paid_in_capital_increase,20260921,negative,-70,C,Paid-in capital increases can create dilution concerns.,5,6,6,0,5,"9월 21일 주식시장 주요공시 | [N2 모닝 경제 브리핑-9월 22일] 美 증시, 유가·금리 하락에 상승 마감... | [주요공시] 삼성물산, 에스엠벡셀, 제이스로보틱스, 셀트리온, 에코프로...",2026-09-22,0.0174,0.021,,failure
042940,상지건설,유상증자1차발행가액결정              ,paid_in_capital_increase,20260921,negative,-70,C,Paid-in capital increases can create dilution concerns.,5,6,6,0,5,"9월 21일 주식시장 주요공시 | [N2 모닝 경제 브리핑-9월 22일] 美 증시, 유가·금리 하락에 상승 마감... | [주요공시] 삼성물산, 에스엠벡셀, 제이스로보틱스, 셀트리온, 에코프로...",2026-09-22,0.0174,0.021,,failure
042940,상지건설,유상증자1차발행가액결정              ,paid_in_capital_increase,20260921,negative,-70,C,Paid-in capital increases can create dilution concerns.,5,6,6,0,5,"9월 21일 주식시장 주요공시 | [N2 모닝 경제 브리핑-9월 22일] 美 증시, 유가·금리 하락에 상승 마감... | [주요공시] 삼성물산, 에스엠벡셀, 제이스로보틱스, 셀트리온, 에코프로...",2026-09-22,0.0174,0.021,,failure
042940,상지건설,유상증자1차발행가액결정              ,paid_in_capital_increase,20260921,negative,-70,C,Paid-in capital increases can create dilution concerns.,5,6,6,0,5,"9월 21일 주식시장 주요공시 | [N2 모닝 경제 브리핑-9월 22일] 美 증시, 유가·금리 하락에 상승 마감... | [주요공시] 삼성물산, 에스엠벡셀, 제이스로보틱스, 셀트리온, 에코프로...",2026-09-22,0.0174,0.021,,failure
042940,상지건설,유상증자1차발행가액결정              ,paid_in_capital_increase,20260921,negative,-70,C,Paid-in capital increases can create dilution concerns.,5,6,6,0,5,"9월 21일 주식시장 주요공시 | [N2 모닝 경제 브리핑-9월 22일] 美 증시, 유가·금리 하락에 상승 마감... | [주요공시] 삼성물산, 에스엠벡셀, 제이스로보틱스, 셀트리온, 에코프로...",2026-09-22,0.0174,0.021,,failure
042940,상지건설,유상증자1차발행가액결정              ,paid_in_capital_increase,20260921,negative,-70,C,Paid-in capital increases can create dilution concerns.,5,6,6,0,5,"9월 21일 주식시장 주요공시 | [N2 모닝 경제 브리핑-9월 22일] 美 증시, 유가·금리 하락에 상승 마감... | [주요공시] 삼성물산, 에스엠벡셀, 제이스로보틱스, 셀트리온, 에코프로...",2026-09-22,0.0174,0.021,,failure
042940,상지건설,유상증자1차발행가액결정              ,paid_in_capital_increase,20260921,negative,-70,C,Paid-in capital increases can create dilution concerns.,5,6,6,0,5,"9월 21일 주식시장 주요공시 | [N2 모닝 경제 브리핑-9월 22일] 美 증시, 유가·금리 하락에 상승 마감... | [주요공시] 삼성물산, 에스엠벡셀, 제이스로보틱스, 셀트리온, 에코프로...",2026-09-22,0.0174,0.021,,failure
042940,상지건설,유상증자1차발행가액결정              ,paid_in_capital_increase,20260921,negative,-70,C,Paid-in capital increases can create dilution concerns.,5,6,6,0,5,"9월 21일 주식시장 주요공시 | [N2 모닝 경제 브리핑-9월 22일] 美 증시, 유가·금리 하락에 상승 마감... | [주요공시] 삼성물산, 에스엠벡셀, 제이스로보틱스, 셀트리온, 에코프로...",2026-09-22,0.0174,0.021,,failure
042940,상지건설,유상증자1차발행가액결정              ,paid_in_capital_increase,20260921,negative,-70,C,Paid-in capital increases can create dilution concerns.,5,6,6,0,5,"9월 21일 주식시장 주요공시 | [N2 모닝 경제 브리핑-9월 22일] 美 증시, 유가·금리 하락에 상승 마감... | [주요공시] 삼성물산, 에스엠벡셀, 제이스로보틱스, 셀트리온, 에코프로...",2026-09-22,0.0174,0.021,,failure
042940,상지건설,유상증자1차발행가액결정              ,paid_in_capital_increase,20260921,negative,-70,C,Paid-in capital increases can create dilution concerns.,5,6,6,0,5,"9월 21일 주식시장 주요공시 | [N2 모닝 경제 브리핑-9월 22일] 美 증시, 유가·금리 하락에 상승 마감... | [주요공시] 삼성물산, 에스엠벡셀, 제이스로보틱스, 셀트리온, 에코프로...",2026-09-22,0.0174,0.021,,failure
042940,상지건설,유상증자1차발행가액결정              ,paid_in_capital_increase,20260921,negative,-70,C,Paid-in capital increases can create dilution concerns.,5,6,6,0,5,"9월 21일 주식시장 주요공시 | [N2 모닝 경제 브리핑-9월 22일] 美 증시, 유가·금리 하락에 상승 마감... | [주요공시] 삼성물산, 에스엠벡셀, 제이스로보틱스, 셀트리온, 에코프로...",2026-09-22,0.0174,0.021,,failure
042940,상지건설,유상증자1차발행가액결정              ,paid_in_capital_increase,20260921,negative,-70,C,Paid-in capital increases can create dilution concerns.,5,6,6,0,5,"9월 21일 주식시장 주요공시 | [N2 모닝 경제 브리핑-9월 22일] 美 증시, 유가·금리 하락에 상승 마감... | [주요공시] 삼성물산, 에스엠벡셀, 제이스로보틱스, 셀트리온, 에코프로...",2026-09-22,0.0174,0.021,,failure
042940,상지건설,유상증자1차발행가액결정              ,paid_in_capital_increase,20260921,negative,-70,C,Paid-in capital increases can create dilution concerns.,5,6,6,0,5,"9월 21일 주식시장 주요공시 | [N2 모닝 경제 브리핑-9월 22일] 美 증시, 유가·금리 하락에 상승 마감... | [주요공시] 삼성물산, 에스엠벡셀, 제이스로보틱스, 셀트리온, 에코프로...",2026-09-22,0.0174,0.021,,failure
042940,상지건설,유상증자1차발행가액결정              ,paid_in_capital_increase,20260921,negative,-70,C,Paid-in capital increases can create dilution concerns.,5,6,6,0,5,"9월 21일 주식시장 주요공시 | [N2 모닝 경제 브리핑-9월 22일] 美 증시, 유가·금리 하락에 상승 마감... | [주요공시] 삼성물산, 에스엠벡셀, 제이스로보틱스, 셀트리온, 에코프로...",2026-09-22,0.0174,0.021,,failure
042940,상지건설,유상증자1차발행가액결정              ,paid_in_capital_increase,20260921,negative,-70,C,Paid-in capital increases can create dilution concerns.,5,6,6,0,5,"9월 21일 주식시장 주요공시 | [N2 모닝 경제 브리핑-9월 22일] 美 증시, 유가·금리 하락에 상승 마감... | [주요공시] 삼성물산, 에스엠벡셀, 제이스로보틱스, 셀트리온, 에코프로...",2026-09-22,0.0174,0.021,,failure
042940,상지건설,유상증자1차발행가액결정              ,paid_in_capital_increase,20260921,negative,-70,C,Paid-in capital increases can create dilution concerns.,5,6,6,0,5,"9월 21일 주식시장 주요공시 | [N2 모닝 경제 브리핑-9월 22일] 美 증시, 유가·금리 하락에 상승 마감... | [주요공시] 삼성물산, 에스엠벡셀, 제이스로보틱스, 셀트리온, 에코프로...",2026-09-22,0.0174,0.021,,failure
042940,상지건설,유상증자1차발행가액결정              ,paid_in_capital_increase,20260921,negative,-70,C,Paid-in capital increases can create dilution concerns.,5,6,6,0,5,"9월 21일 주식시장 주요공시 | [N2 모닝 경제 브리핑-9월 22일] 美 증시, 유가·금리 하락에 상승 마감... | [주요공시] 삼성물산, 에스엠벡셀, 제이스로보틱스, 셀트리온, 에코프로...",2026-09-22,0.0174,0.021,,failure
042940,상지건설,유상증자1차발행가액결정              ,paid_in_capital_increase,20260921,negative,-70,C,Paid-in capital increases can create dilution concerns.,5,6,6,0,5,"9월 21일 주식시장 주요공시 | [N2 모닝 경제 브리핑-9월 22일] 美 증시, 유가·금리 하락에 상승 마감... | [주요공시] 삼성물산, 에스엠벡셀, 제이스로보틱스, 셀트리온, 에코프로...",2026-09-22,0.0174,0.021,,failure
042940,상지건설,유상증자1차발행가액결정              ,paid_in_capital_increase,20260921,negative,-70,C,Paid-in capital increases can create dilution concerns.,5,6,6,0,5,"9월 21일 주식시장 주요공시 | [N2 모닝 경제 브리핑-9월 22일] 美 증시, 유가·금리 하락에 상승 마감... | [주요공시] 삼성물산, 에스엠벡셀, 제이스로보틱스, 셀트리온, 에코프로...",2026-09-22,0.0174,0.021,,failure
042940,상지건설,유상증자1차발행가액결정              ,paid_in_capital_increase,20260921,negative,-70,C,Paid-in capital increases can create dilution concerns.,5,6,6,0,5,"9월 21일 주식시장 주요공시 | [N2 모닝 경제 브리핑-9월 22일] 美 증시, 유가·금리 하락에 상승 마감... | [주요공시] 삼성물산, 에스엠벡셀, 제이스로보틱스, 셀트리온, 에코프로...",2026-09-22,0.0174,0.021,,failure
042940,상지건설,유상증자1차발행가액결정              ,paid_in_capital_increase,20260921,negative,-70,C,Paid-in capital increases can create dilution concerns.,5,6,6,0,5,"9월 21일 주식시장 주요공시 | [N2 모닝 경제 브리핑-9월 22일] 美 증시, 유가·금리 하락에 상승 마감... | [주요공시] 삼성물산, 에스엠벡셀, 제이스로보틱스, 셀트리온, 에코프로...",2026-09-22,0.0174,0.021,,failure
042940,상지건설,유상증자1차발행가액결정              ,paid_in_capital_increase,20260921,negative,-70,C,Paid-in capital increases can create dilution concerns.,5,6,6,0,5,"9월 21일 주식시장 주요공시 | [N2 모닝 경제 브리핑-9월 22일] 美 증시, 유가·금리 하락에 상승 마감... | [주요공시] 삼성물산, 에스엠벡셀, 제이스로보틱스, 셀트리온, 에코프로...",2026-09-22,0.0174,0.021,,failure
042940,상지건설,유상증자1차발행가액결정              ,paid_in_capital_increase,20260921,negative,-70,C,Paid-in capital increases can create dilution concerns.,5,6,6,0,5,"9월 21일 주식시장 주요공시 | [N2 모닝 경제 브리핑-9월 22일] 美 증시, 유가·금리 하락에 상승 마감... | [주요공시] 삼성물산, 에스엠벡셀, 제이스로보틱스, 셀트리온, 에코프로...",2026-09-22,0.0174,0.021,,failure
042940,상지건설,유상증자1차발행가액결정              ,paid_in_capital_increase,20260921,negative,-70,C,Paid-in capital increases can create dilution concerns.,5,6,6,0,5,"9월 21일 주식시장 주요공시 | [N2 모닝 경제 브리핑-9월 22일] 美 증시, 유가·금리 하락에 상승 마감... | [주요공시] 삼성물산, 에스엠벡셀, 제이스로보틱스, 셀트리온, 에코프로...",2026-09-22,0.0174,0.021,,failure
042940,상지건설,유상증자1차발행가액결정              ,paid_in_capital_increase,20260921,negative,-70,C,Paid-in capital increases can create dilution concerns.,5,6,6,0,5,"9월 21일 주식시장 주요공시 | [N2 모닝 경제 브리핑-9월 22일] 美 증시, 유가·금리 하락에 상승 마감... | [주요공시] 삼성물산, 에스엠벡셀, 제이스로보틱스, 셀트리온, 에코프로...",2026-09-22,0.0174,0.021,,failure
042940,상지건설,유상증자1차발행가액결정              ,paid_in_capital_increase,20260921,negative,-70,C,Paid-in capital increases can create dilution concerns.,5,6,6,0,5,"9월 21일 주식시장 주요공시 | [N2 모닝 경제 브리핑-9월 22일] 美 증시, 유가·금리 하락에 상승 마감... | [주요공시] 삼성물산, 에스엠벡셀, 제이스로보틱스, 셀트리온, 에코프로...",2026-09-22,0.0174,0.021,,failure
042940,상지건설,유상증자1차발행가액결정              ,paid_in_capital_increase,20260921,negative,-70,C,Paid-in capital increases can create dilution concerns.,5,6,6,0,5,"9월 21일 주식시장 주요공시 | [N2 모닝 경제 브리핑-9월 22일] 美 증시, 유가·금리 하락에 상승 마감... | [주요공시] 삼성물산, 에스엠벡셀, 제이스로보틱스, 셀트리온, 에코프로...",2026-09-22,0.0174,0.021,,failure
042940,상지건설,유상증자1차발행가액결정              ,paid_in_capital_increase,20260921,negative,-70,C,Paid-in capital increases can create dilution concerns.,5,6,6,0,5,"9월 21일 주식시장 주요공시 | [N2 모닝 경제 브리핑-9월 22일] 美 증시, 유가·금리 하락에 상승 마감... | [주요공시] 삼성물산, 에스엠벡셀, 제이스로보틱스, 셀트리온, 에코프로...",2026-09-22,0.0174,0.021,,failure
042940,상지건설,유상증자1차발행가액결정              ,paid_in_capital_increase,20260921,negative,-70,C,Paid-in capital increases can create dilution concerns.,5,6,6,0,5,"9월 21일 주식시장 주요공시 | [N2 모닝 경제 브리핑-9월 22일] 美 증시, 유가·금리 하락에 상승 마감... | [주요공시] 삼성물산, 에스엠벡셀, 제이스로보틱스, 셀트리온, 에코프로...",2026-09-22,0.0174,0.021,,failure
042940,상지건설,유상증자1차발행가액결정              ,paid_in_capital_increase,20260921,negative,-70,C,Paid-in capital increases can create dilution concerns.,5,6,6,0,5,"9월 21일 주식시장 주요공시 | [N2 모닝 경제 브리핑-9월 22일] 美 증시, 유가·금리 하락에 상승 마감... | [주요공시] 삼성물산, 에스엠벡셀, 제이스로보틱스, 셀트리온, 에코프로...",2026-09-22,0.0174,0.021,,failure
042940,상지건설,유상증자1차발행가액결정              ,paid_in_capital_increase,20260921,negative,-70,C,Paid-in capital increases can create dilution concerns.,5,6,6,0,5,"9월 21일 주식시장 주요공시 | [N2 모닝 경제 브리핑-9월 22일] 美 증시, 유가·금리 하락에 상승 마감... | [주요공시] 삼성물산, 에스엠벡셀, 제이스로보틱스, 셀트리온, 에코프로...",2026-09-22,0.0174,0.021,,failure
042940,상지건설,유상증자1차발행가액결정              ,paid_in_capital_increase,20260921,negative,-70,C,Paid-in capital increases can create dilution concerns.,5,6,6,0,5,"9월 21일 주식시장 주요공시 | [N2 모닝 경제 브리핑-9월 22일] 美 증시, 유가·금리 하락에 상승 마감... | [주요공시] 삼성물산, 에스엠벡셀, 제이스로보틱스, 셀트리온, 에코프로...",2026-09-22,0.0174,0.021,,failure
042940,상지건설,유상증자1차발행가액결정              ,paid_in_capital_increase,20260921,negative,-70,C,Paid-in capital increases can create dilution concerns.,5,6,6,0,5,"9월 21일 주식시장 주요공시 | [N2 모닝 경제 브리핑-9월 22일] 美 증시, 유가·금리 하락에 상승 마감... | [주요공시] 삼성물산, 에스엠벡셀, 제이스로보틱스, 셀트리온, 에코프로...",2026-09-22,0.0174,0.021,,failure
042940,상지건설,유상증자1차발행가액결정              ,paid_in_capital_increase,20260921,negative,-70,C,Paid-in capital increases can create dilution concerns.,5,6,6,0,5,"9월 21일 주식시장 주요공시 | [N2 모닝 경제 브리핑-9월 22일] 美 증시, 유가·금리 하락에 상승 마감... | [주요공시] 삼성물산, 에스엠벡셀, 제이스로보틱스, 셀트리온, 에코프로...",2026-09-22,0.0174,0.021,,failure
042940,상지건설,유상증자1차발행가액결정              ,paid_in_capital_increase,20260921,negative,-70,C,Paid-in capital increases can create dilution concerns.,5,6,6,0,5,"9월 21일 주식시장 주요공시 | [N2 모닝 경제 브리핑-9월 22일] 美 증시, 유가·금리 하락에 상승 마감... | [주요공시] 삼성물산, 에스엠벡셀, 제이스로보틱스, 셀트리온, 에코프로...",2026-09-22,0.0174,0.021,,failure
042940,상지건설,유상증자1차발행가액결정              ,paid_in_capital_increase,20260921,negative,-70,C,Paid-in capital increases can create dilution concerns.,5,6,6,0,5,"9월 21일 주식시장 주요공시 | [N2 모닝 경제 브리핑-9월 22일] 美 증시, 유가·금리 하락에 상승 마감... | [주요공시] 삼성물산, 에스엠벡셀, 제이스로보틱스, 셀트리온, 에코프로...",2026-09-22,0.0174,0.021,,failure
042940,상지건설,유상증자1차발행가액결정              ,paid_in_capital_increase,20260921,negative,-70,C,Paid-in capital increases can create dilution concerns.,5,6,6,0,5,"9월 21일 주식시장 주요공시 | [N2 모닝 경제 브리핑-9월 22일] 美 증시, 유가·금리 하락에 상승 마감... | [주요공시] 삼성물산, 에스엠벡셀, 제이스로보틱스, 셀트리온, 에코프로...",2026-09-22,0.0174,0.021,,failure
042940,상지건설,유상증자1차발행가액결정              ,paid_in_capital_increase,20260921,negative,-70,C,Paid-in capital increases can create dilution concerns.,5,6,6,0,5,"9월 21일 주식시장 주요공시 | [N2 모닝 경제 브리핑-9월 22일] 美 증시, 유가·금리 하락에 상승 마감... | [주요공시] 삼성물산, 에스엠벡셀, 제이스로보틱스, 셀트리온, 에코프로...",2026-09-22,0.0174,0.021,,failure
042940,상지건설,유상증자1차발행가액결정              ,paid_in_capital_increase,20260921,negative,-70,C,Paid-in capital increases can create dilution concerns.,5,6,6,0,5,"9월 21일 주식시장 주요공시 | [N2 모닝 경제 브리핑-9월 22일] 美 증시, 유가·금리 하락에 상승 마감... | [주요공시] 삼성물산, 에스엠벡셀, 제이스로보틱스, 셀트리온, 에코프로...",2026-09-22,0.0174,0.021,,failure
042940,상지건설,유상증자1차발행가액결정              ,paid_in_capital_increase,20260921,negative,-70,C,Paid-in capital increases can create dilution concerns.,5,6,6,0,5,"9월 21일 주식시장 주요공시 | [N2 모닝 경제 브리핑-9월 22일] 美 증시, 유가·금리 하락에 상승 마감... | [주요공시] 삼성물산, 에스엠벡셀, 제이스로보틱스, 셀트리온, 에코프로...",2026-09-22,0.0174,0.021,,failure
042940,상지건설,유상증자1차발행가액결정              ,paid_in_capital_increase,20260921,negative,-70,C,Paid-in capital increases can create dilution concerns.,5,6,6,0,5,"9월 21일 주식시장 주요공시 | [N2 모닝 경제 브리핑-9월 22일] 美 증시, 유가·금리 하락에 상승 마감... | [주요공시] 삼성물산, 에스엠벡셀, 제이스로보틱스, 셀트리온, 에코프로...",2026-09-22,0.0174,0.021,,failure
042940,상지건설,유상증자1차발행가액결정              ,paid_in_capital_increase,20260921,negative,-70,C,Paid-in capital increases can create dilution concerns.,5,6,6,0,5,"9월 21일 주식시장 주요공시 | [N2 모닝 경제 브리핑-9월 22일] 美 증시, 유가·금리 하락에 상승 마감... | [주요공시] 삼성물산, 에스엠벡셀, 제이스로보틱스, 셀트리온, 에코프로...",2026-09-22,0.0174,0.021,,failure
042940,상지건설,유상증자1차발행가액결정              ,paid_in_capital_increase,20260921,negative,-70,C,Paid-in capital increases can create dilution concerns.,5,6,6,0,5,"9월 21일 주식시장 주요공시 | [N2 모닝 경제 브리핑-9월 22일] 美 증시, 유가·금리 하락에 상승 마감... | [주요공시] 삼성물산, 에스엠벡셀, 제이스로보틱스, 셀트리온, 에코프로...",2026-09-22,0.0174,0.021,,failure
042940,상지건설,유상증자1차발행가액결정              ,paid_in_capital_increase,20260921,negative,-70,C,Paid-in capital increases can create dilution concerns.,5,6,6,0,5,"9월 21일 주식시장 주요공시 | [N2 모닝 경제 브리핑-9월 22일] 美 증시, 유가·금리 하락에 상승 마감... | [주요공시] 삼성물산, 에스엠벡셀, 제이스로보틱스, 셀트리온, 에코프로...",2026-09-22,0.0174,0.021,,failure
042940,상지건설,유상증자1차발행가액결정              ,paid_in_capital_increase,20260921,negative,-70,C,Paid-in capital increases can create dilution concerns.,5,6,6,0,5,"9월 21일 주식시장 주요공시 | [N2 모닝 경제 브리핑-9월 22일] 美 증시, 유가·금리 하락에 상승 마감... | [주요공시] 삼성물산, 에스엠벡셀, 제이스로보틱스, 셀트리온, 에코프로...",2026-09-22,0.0174,0.021,,failure
042940,상지건설,유상증자1차발행가액결정              ,paid_in_capital_increase,20260921,negative,-70,C,Paid-in capital increases can create dilution concerns.,5,6,6,0,5,"9월 21일 주식시장 주요공시 | [N2 모닝 경제 브리핑-9월 22일] 美 증시, 유가·금리 하락에 상승 마감... | [주요공시] 삼성물산, 에스엠벡셀, 제이스로보틱스, 셀트리온, 에코프로...",2026-09-22,0.0174,0.021,,failure
042940,상지건설,유상증자1차발행가액결정              ,paid_in_capital_increase,20260921,negative,-70,C,Paid-in capital increases can create dilution concerns.,5,6,6,0,5,"9월 21일 주식시장 주요공시 | [N2 모닝 경제 브리핑-9월 22일] 美 증시, 유가·금리 하락에 상승 마감... | [주요공시] 삼성물산, 에스엠벡셀, 제이스로보틱스, 셀트리온, 에코프로...",2026-09-22,0.0174,0.021,,failure
042940,상지건설,유상증자1차발행가액결정              ,paid_in_capital_increase,20260921,negative,-70,C,Paid-in capital increases can create dilution concerns.,5,6,6,0,5,"9월 21일 주식시장 주요공시 | [N2 모닝 경제 브리핑-9월 22일] 美 증시, 유가·금리 하락에 상승 마감... | [주요공시] 삼성물산, 에스엠벡셀, 제이스로보틱스, 셀트리온, 에코프로...",2026-09-22,0.0174,0.021,,failure
042940,상지건설,유상증자1차발행가액결정              ,paid_in_capital_increase,20260921,negative,-70,C,Paid-in capital increases can create dilution concerns.,5,6,6,0,5,"9월 21일 주식시장 주요공시 | [N2 모닝 경제 브리핑-9월 22일] 美 증시, 유가·금리 하락에 상승 마감... | [주요공시] 삼성물산, 에스엠벡셀, 제이스로보틱스, 셀트리온, 에코프로...",2026-09-22,0.0174,0.021,,failure
042940,상지건설,유상증자1차발행가액결정              ,paid_in_capital_increase,20260921,negative,-70,C,Paid-in capital increases can create dilution concerns.,5,6,6,0,5,"9월 21일 주식시장 주요공시 | [N2 모닝 경제 브리핑-9월 22일] 美 증시, 유가·금리 하락에 상승 마감... | [주요공시] 삼성물산, 에스엠벡셀, 제이스로보틱스, 셀트리온, 에코프로...",2026-09-22,0.0174,0.021,,failure
042940,상지건설,유상증자1차발행가액결정              ,paid_in_capital_increase,20260921,negative,-70,C,Paid-in capital increases can create dilution concerns.,5,6,6,0,5,"9월 21일 주식시장 주요공시 | [N2 모닝 경제 브리핑-9월 22일] 美 증시, 유가·금리 하락에 상승 마감... | [주요공시] 삼성물산, 에스엠벡셀, 제이스로보틱스, 셀트리온, 에코프로...",2026-09-22,0.0174,0.021,,failure
042940,상지건설,유상증자1차발행가액결정              ,paid_in_capital_increase,20260921,negative,-70,C,Paid-in capital increases can create dilution concerns.,5,6,6,0,5,"9월 21일 주식시장 주요공시 | [N2 모닝 경제 브리핑-9월 22일] 美 증시, 유가·금리 하락에 상승 마감... | [주요공시] 삼성물산, 에스엠벡셀, 제이스로보틱스, 셀트리온, 에코프로...",2026-09-22,0.0174,0.021,,failure
042940,상지건설,유상증자1차발행가액결정              ,paid_in_capital_increase,20260921,negative,-70,C,Paid-in capital increases can create dilution concerns.,5,6,6,0,5,"9월 21일 주식시장 주요공시 | [N2 모닝 경제 브리핑-9월 22일] 美 증시, 유가·금리 하락에 상승 마감... | [주요공시] 삼성물산, 에스엠벡셀, 제이스로보틱스, 셀트리온, 에코프로...",2026-09-22,0.0174,0.021,,failure
042940,상지건설,유상증자1차발행가액결정              ,paid_in_capital_increase,20260921,negative,-70,C,Paid-in capital increases can create dilution concerns.,5,6,6,0,5,"9월 21일 주식시장 주요공시 | [N2 모닝 경제 브리핑-9월 22일] 美 증시, 유가·금리 하락에 상승 마감... | [주요공시] 삼성물산, 에스엠벡셀, 제이스로보틱스, 셀트리온, 에코프로...",2026-09-22,0.0174,0.021,,failure
042940,상지건설,유상증자1차발행가액결정              ,paid_in_capital_increase,20260921,negative,-70,C,Paid-in capital increases can create dilution concerns.,5,6,6,0,5,"9월 21일 주식시장 주요공시 | [N2 모닝 경제 브리핑-9월 22일] 美 증시, 유가·금리 하락에 상승 마감... | [주요공시] 삼성물산, 에스엠벡셀, 제이스로보틱스, 셀트리온, 에코프로...",2026-09-22,0.0174,0.021,,failure
042940,상지건설,유상증자1차발행가액결정              ,paid_in_capital_increase,20260921,negative,-70,C,Paid-in capital increases can create dilution concerns.,5,6,6,0,5,"9월 21일 주식시장 주요공시 | [N2 모닝 경제 브리핑-9월 22일] 美 증시, 유가·금리 하락에 상승 마감... | [주요공시] 삼성물산, 에스엠벡셀, 제이스로보틱스, 셀트리온, 에코프로...",2026-09-22,0.0174,0.021,,failure
042940,상지건설,유상증자1차발행가액결정              ,paid_in_capital_increase,20260921,negative,-70,C,Paid-in capital increases can create dilution concerns.,5,6,6,0,5,"9월 21일 주식시장 주요공시 | [N2 모닝 경제 브리핑-9월 22일] 美 증시, 유가·금리 하락에 상승 마감... | [주요공시] 삼성물산, 에스엠벡셀, 제이스로보틱스, 셀트리온, 에코프로...",2026-09-22,0.0174,0.021,,failure
042940,상지건설,유상증자1차발행가액결정              ,paid_in_capital_increase,20260921,negative,-70,C,Paid-in capital increases can create dilution concerns.,5,6,6,0,5,"9월 21일 주식시장 주요공시 | [N2 모닝 경제 브리핑-9월 22일] 美 증시, 유가·금리 하락에 상승 마감... | [주요공시] 삼성물산, 에스엠벡셀, 제이스로보틱스, 셀트리온, 에코프로...",2026-09-22,0.0174,0.021,,failure
042940,상지건설,유상증자1차발행가액결정              ,paid_in_capital_increase,20260921,negative,-70,C,Paid-in capital increases can create dilution concerns.,5,6,6,0,5,"9월 21일 주식시장 주요공시 | [N2 모닝 경제 브리핑-9월 22일] 美 증시, 유가·금리 하락에 상승 마감... | [주요공시] 삼성물산, 에스엠벡셀, 제이스로보틱스, 셀트리온, 에코프로...",2026-09-22,0.0174,0.021,,failure
042940,상지건설,유상증자1차발행가액결정              ,paid_in_capital_increase,20260921,negative,-70,C,Paid-in capital increases can create dilution concerns.,5,6,6,0,5,"9월 21일 주식시장 주요공시 | [N2 모닝 경제 브리핑-9월 22일] 美 증시, 유가·금리 하락에 상승 마감... | [주요공시] 삼성물산, 에스엠벡셀, 제이스로보틱스, 셀트리온, 에코프로...",2026-09-22,0.0174,0.021,,failure
042940,상지건설,유상증자1차발행가액결정              ,paid_in_capital_increase,20260921,negative,-70,C,Paid-in capital increases can create dilution concerns.,5,6,6,0,5,"9월 21일 주식시장 주요공시 | [N2 모닝 경제 브리핑-9월 22일] 美 증시, 유가·금리 하락에 상승 마감... | [주요공시] 삼성물산, 에스엠벡셀, 제이스로보틱스, 셀트리온, 에코프로...",2026-09-22,0.0174,0.021,,failure
042940,상지건설,유상증자1차발행가액결정              ,paid_in_capital_increase,20260921,negative,-70,C,Paid-in capital increases can create dilution concerns.,5,6,6,0,5,"9월 21일 주식시장 주요공시 | [N2 모닝 경제 브리핑-9월 22일] 美 증시, 유가·금리 하락에 상승 마감... | [주요공시] 삼성물산, 에스엠벡셀, 제이스로보틱스, 셀트리온, 에코프로...",2026-09-22,0.0174,0.021,,failure
042940,상지건설,유상증자1차발행가액결정              ,paid_in_capital_increase,20260921,negative,-70,C,Paid-in capital increases can create dilution concerns.,5,6,6,0,5,"9월 21일 주식시장 주요공시 | [N2 모닝 경제 브리핑-9월 22일] 美 증시, 유가·금리 하락에 상승 마감... | [주요공시] 삼성물산, 에스엠벡셀, 제이스로보틱스, 셀트리온, 에코프로...",2026-09-22,0.0174,0.021,,failure
042940,상지건설,유상증자1차발행가액결정              ,paid_in_capital_increase,20260921,negative,-70,C,Paid-in capital increases can create dilution concerns.,5,6,6,0,5,"9월 21일 주식시장 주요공시 | [N2 모닝 경제 브리핑-9월 22일] 美 증시, 유가·금리 하락에 상승 마감... | [주요공시] 삼성물산, 에스엠벡셀, 제이스로보틱스, 셀트리온, 에코프로...",2026-09-22,0.0174,0.021,,failure
042940,상지건설,유상증자1차발행가액결정              ,paid_in_capital_increase,20260921,negative,-70,C,Paid-in capital increases can create dilution concerns.,5,6,6,0,5,"9월 21일 주식시장 주요공시 | [N2 모닝 경제 브리핑-9월 22일] 美 증시, 유가·금리 하락에 상승 마감... | [주요공시] 삼성물산, 에스엠벡셀, 제이스로보틱스, 셀트리온, 에코프로...",2026-09-22,0.0174,0.021,,failure
042940,상지건설,유상증자1차발행가액결정              ,paid_in_capital_increase,20260921,negative,-70,C,Paid-in capital increases can create dilution concerns.,5,6,6,0,5,"9월 21일 주식시장 주요공시 | [N2 모닝 경제 브리핑-9월 22일] 美 증시, 유가·금리 하락에 상승 마감... | [주요공시] 삼성물산, 에스엠벡셀, 제이스로보틱스, 셀트리온, 에코프로...",2026-09-22,0.0174,0.021,,failure
042940,상지건설,유상증자1차발행가액결정              ,paid_in_capital_increase,20260921,negative,-70,C,Paid-in capital increases can create dilution concerns.,5,6,6,0,5,"9월 21일 주식시장 주요공시 | [N2 모닝 경제 브리핑-9월 22일] 美 증시, 유가·금리 하락에 상승 마감... | [주요공시] 삼성물산, 에스엠벡셀, 제이스로보틱스, 셀트리온, 에코프로...",2026-09-22,0.0174,0.021,,failure
042940,상지건설,유상증자1차발행가액결정              ,paid_in_capital_increase,20260921,negative,-70,C,Paid-in capital increases can create dilution concerns.,5,6,6,0,5,"9월 21일 주식시장 주요공시 | [N2 모닝 경제 브리핑-9월 22일] 美 증시, 유가·금리 하락에 상승 마감... | [주요공시] 삼성물산, 에스엠벡셀, 제이스로보틱스, 셀트리온, 에코프로...",2026-09-22,0.0174,0.021,,failure
042940,상지건설,유상증자1차발행가액결정              ,paid_in_capital_increase,20260921,negative,-70,C,Paid-in capital increases can create dilution concerns.,5,6,6,0,5,"9월 21일 주식시장 주요공시 | [N2 모닝 경제 브리핑-9월 22일] 美 증시, 유가·금리 하락에 상승 마감... | [주요공시] 삼성물산, 에스엠벡셀, 제이스로보틱스, 셀트리온, 에코프로...",2026-09-22,0.0174,0.021,,failure
042940,상지건설,유상증자1차발행가액결정              ,paid_in_capital_increase,20260921,negative,-70,C,Paid-in capital increases can create dilution concerns.,5,6,6,0,5,"9월 21일 주식시장 주요공시 | [N2 모닝 경제 브리핑-9월 22일] 美 증시, 유가·금리 하락에 상승 마감... | [주요공시] 삼성물산, 에스엠벡셀, 제이스로보틱스, 셀트리온, 에코프로...",2026-09-22,0.0174,0.021,,failure
042940,상지건설,유상증자1차발행가액결정              ,paid_in_capital_increase,20260921,negative,-70,C,Paid-in capital increases can create dilution concerns.,5,6,6,0,5,"9월 21일 주식시장 주요공시 | [N2 모닝 경제 브리핑-9월 22일] 美 증시, 유가·금리 하락에 상승 마감... | [주요공시] 삼성물산, 에스엠벡셀, 제이스로보틱스, 셀트리온, 에코프로...",2026-09-22,0.0174,0.021,,failure
042940,상지건설,유상증자1차발행가액결정              ,paid_in_capital_increase,20260921,negative,-70,C,Paid-in capital increases can create dilution concerns.,5,6,6,0,5,"9월 21일 주식시장 주요공시 | [N2 모닝 경제 브리핑-9월 22일] 美 증시, 유가·금리 하락에 상승 마감... | [주요공시] 삼성물산, 에스엠벡셀, 제이스로보틱스, 셀트리온, 에코프로...",2026-09-22,0.0174,0.021,,failure
042940,상지건설,유상증자1차발행가액결정              ,paid_in_capital_increase,20260921,negative,-70,C,Paid-in capital increases can create dilution concerns.,5,6,6,0,5,"9월 21일 주식시장 주요공시 | [N2 모닝 경제 브리핑-9월 22일] 美 증시, 유가·금리 하락에 상승 마감... | [주요공시] 삼성물산, 에스엠벡셀, 제이스로보틱스, 셀트리온, 에코프로...",2026-09-22,0.0174,0.021,,failure
042940,상지건설,유상증자1차발행가액결정              ,paid_in_capital_increase,20260921,negative,-70,C,Paid-in capital increases can create dilution concerns.,5,6,6,0,5,"9월 21일 주식시장 주요공시 | [N2 모닝 경제 브리핑-9월 22일] 美 증시, 유가·금리 하락에 상승 마감... | [주요공시] 삼성물산, 에스엠벡셀, 제이스로보틱스, 셀트리온, 에코프로...",2026-09-22,0.0174,0.021,,failure
042940,상지건설,유상증자1차발행가액결정              ,paid_in_capital_increase,20260921,negative,-70,C,Paid-in capital increases can create dilution concerns.,5,6,6,0,5,"9월 21일 주식시장 주요공시 | [N2 모닝 경제 브리핑-9월 22일] 美 증시, 유가·금리 하락에 상승 마감... | [주요공시] 삼성물산, 에스엠벡셀, 제이스로보틱스, 셀트리온, 에코프로...",2026-09-22,0.0174,0.021,,failure
042940,상지건설,유상증자1차발행가액결정              ,paid_in_capital_increase,20260921,negative,-70,C,Paid-in capital increases can create dilution concerns.,5,6,6,0,5,"9월 21일 주식시장 주요공시 | [N2 모닝 경제 브리핑-9월 22일] 美 증시, 유가·금리 하락에 상승 마감... | [주요공시] 삼성물산, 에스엠벡셀, 제이스로보틱스, 셀트리온, 에코프로...",2026-09-22,0.0174,0.021,,failure
042940,상지건설,유상증자1차발행가액결정              ,paid_in_capital_increase,20260921,negative,-70,C,Paid-in capital increases can create dilution concerns.,5,6,6,0,5,"9월 21일 주식시장 주요공시 | [N2 모닝 경제 브리핑-9월 22일] 美 증시, 유가·금리 하락에 상승 마감... | [주요공시] 삼성물산, 에스엠벡셀, 제이스로보틱스, 셀트리온, 에코프로...",2026-09-22,0.0174,0.021,,failure
042940,상지건설,유상증자1차발행가액결정              ,paid_in_capital_increase,20260921,negative,-70,C,Paid-in capital increases can create dilution concerns.,5,6,6,0,5,"9월 21일 주식시장 주요공시 | [N2 모닝 경제 브리핑-9월 22일] 美 증시, 유가·금리 하락에 상승 마감... | [주요공시] 삼성물산, 에스엠벡셀, 제이스로보틱스, 셀트리온, 에코프로...",2026-09-22,0.0174,0.021,,failure
042940,상지건설,유상증자1차발행가액결정              ,paid_in_capital_increase,20260921,negative,-70,C,Paid-in capital increases can create dilution concerns.,5,6,6,0,5,"9월 21일 주식시장 주요공시 | [N2 모닝 경제 브리핑-9월 22일] 美 증시, 유가·금리 하락에 상승 마감... | [주요공시] 삼성물산, 에스엠벡셀, 제이스로보틱스, 셀트리온, 에코프로...",2026-09-22,0.0174,0.021,,failure
042940,상지건설,유상증자1차발행가액결정              ,paid_in_capital_increase,20260921,negative,-70,C,Paid-in capital increases can create dilution concerns.,5,6,6,0,5,"9월 21일 주식시장 주요공시 | [N2 모닝 경제 브리핑-9월 22일] 美 증시, 유가·금리 하락에 상승 마감... | [주요공시] 삼성물산, 에스엠벡셀, 제이스로보틱스, 셀트리온, 에코프로...",2026-09-22,0.0174,0.021,,failure
042940,상지건설,유상증자1차발행가액결정              ,paid_in_capital_increase,20260921,negative,-70,C,Paid-in capital increases can create dilution concerns.,5,6,6,0,5,"9월 21일 주식시장 주요공시 | [N2 모닝 경제 브리핑-9월 22일] 美 증시, 유가·금리 하락에 상승 마감... | [주요공시] 삼성물산, 에스엠벡셀, 제이스로보틱스, 셀트리온, 에코프로...",2026-09-22,0.0174,0.021,,failure
042940,상지건설,유상증자1차발행가액결정              ,paid_in_capital_increase,20260921,negative,-70,C,Paid-in capital increases can create dilution concerns.,5,6,6,0,5,"9월 21일 주식시장 주요공시 | [N2 모닝 경제 브리핑-9월 22일] 美 증시, 유가·금리 하락에 상승 마감... | [주요공시] 삼성물산, 에스엠벡셀, 제이스로보틱스, 셀트리온, 에코프로...",2026-09-22,0.0174,0.021,,failure
042940,상지건설,유상증자1차발행가액결정              ,paid_in_capital_increase,20260921,negative,-70,C,Paid-in capital increases can create dilution concerns.,5,6,6,0,5,"9월 21일 주식시장 주요공시 | [N2 모닝 경제 브리핑-9월 22일] 美 증시, 유가·금리 하락에 상승 마감... | [주요공시] 삼성물산, 에스엠벡셀, 제이스로보틱스, 셀트리온, 에코프로...",2026-09-22,0.0174,0.021,,failure
042940,상지건설,유상증자1차발행가액결정              ,paid_in_capital_increase,20260921,negative,-70,C,Paid-in capital increases can create dilution concerns.,5,6,6,0,5,"9월 21일 주식시장 주요공시 | [N2 모닝 경제 브리핑-9월 22일] 美 증시, 유가·금리 하락에 상승 마감... | [주요공시] 삼성물산, 에스엠벡셀, 제이스로보틱스, 셀트리온, 에코프로...",2026-09-22,0.0174,0.021,,failure
042940,상지건설,유상증자1차발행가액결정              ,paid_in_capital_increase,20260921,negative,-70,C,Paid-in capital increases can create dilution concerns.,5,6,6,0,5,"9월 21일 주식시장 주요공시 | [N2 모닝 경제 브리핑-9월 22일] 美 증시, 유가·금리 하락에 상승 마감... | [주요공시] 삼성물산, 에스엠벡셀, 제이스로보틱스, 셀트리온, 에코프로...",2026-09-22,0.0174,0.021,,failure
042940,상지건설,유상증자1차발행가액결정              ,paid_in_capital_increase,20260921,negative,-70,C,Paid-in capital increases can create dilution concerns.,5,6,6,0,5,"9월 21일 주식시장 주요공시 | [N2 모닝 경제 브리핑-9월 22일] 美 증시, 유가·금리 하락에 상승 마감... | [주요공시] 삼성물산, 에스엠벡셀, 제이스로보틱스, 셀트리온, 에코프로...",2026-09-22,0.0174,0.021,,failure
042940,상지건설,유상증자1차발행가액결정              ,paid_in_capital_increase,20260921,negative,-70,C,Paid-in capital increases can create dilution concerns.,5,6,6,0,5,"9월 21일 주식시장 주요공시 | [N2 모닝 경제 브리핑-9월 22일] 美 증시, 유가·금리 하락에 상승 마감... | [주요공시] 삼성물산, 에스엠벡셀, 제이스로보틱스, 셀트리온, 에코프로...",2026-09-22,0.0174,0.021,,failure
042940,상지건설,유상증자1차발행가액결정              ,paid_in_capital_increase,20260921,negative,-70,C,Paid-in capital increases can create dilution concerns.,5,6,6,0,5,"9월 21일 주식시장 주요공시 | [N2 모닝 경제 브리핑-9월 22일] 美 증시, 유가·금리 하락에 상승 마감... | [주요공시] 삼성물산, 에스엠벡셀, 제이스로보틱스, 셀트리온, 에코프로...",2026-09-22,0.0174,0.021,,failure
042940,상지건설,유상증자1차발행가액결정              ,paid_in_capital_increase,20260921,negative,-70,C,Paid-in capital increases can create dilution concerns.,5,6,6,0,5,"9월 21일 주식시장 주요공시 | [N2 모닝 경제 브리핑-9월 22일] 美 증시, 유가·금리 하락에 상승 마감... | [주요공시] 삼성물산, 에스엠벡셀, 제이스로보틱스, 셀트리온, 에코프로...",2026-09-22,0.0174,0.021,,failure
042940,상지건설,유상증자1차발행가액결정              ,paid_in_capital_increase,20260921,negative,-70,C,Paid-in capital increases can create dilution concerns.,5,6,6,0,5,"9월 21일 주식시장 주요공시 | [N2 모닝 경제 브리핑-9월 22일] 美 증시, 유가·금리 하락에 상승 마감... | [주요공시] 삼성물산, 에스엠벡셀, 제이스로보틱스, 셀트리온, 에코프로...",2026-09-22,0.0174,0.021,,failure
042940,상지건설,유상증자1차발행가액결정              ,paid_in_capital_increase,20260921,negative,-70,C,Paid-in capital increases can create dilution concerns.,5,6,6,0,5,"9월 21일 주식시장 주요공시 | [N2 모닝 경제 브리핑-9월 22일] 美 증시, 유가·금리 하락에 상승 마감... | [주요공시] 삼성물산, 에스엠벡셀, 제이스로보틱스, 셀트리온, 에코프로...",2026-09-22,0.0174,0.021,,failure
042940,상지건설,유상증자1차발행가액결정              ,paid_in_capital_increase,20260921,negative,-70,C,Paid-in capital increases can create dilution concerns.,5,6,6,0,5,"9월 21일 주식시장 주요공시 | [N2 모닝 경제 브리핑-9월 22일] 美 증시, 유가·금리 하락에 상승 마감... | [주요공시] 삼성물산, 에스엠벡셀, 제이스로보틱스, 셀트리온, 에코프로...",2026-09-22,0.0174,0.021,,failure
042940,상지건설,유상증자1차발행가액결정              ,paid_in_capital_increase,20260921,negative,-70,C,Paid-in capital increases can create dilution concerns.,5,6,6,0,5,"9월 21일 주식시장 주요공시 | [N2 모닝 경제 브리핑-9월 22일] 美 증시, 유가·금리 하락에 상승 마감... | [주요공시] 삼성물산, 에스엠벡셀, 제이스로보틱스, 셀트리온, 에코프로...",2026-09-22,0.0174,0.021,,failure
042940,상지건설,유상증자1차발행가액결정              ,paid_in_capital_increase,20260921,negative,-70,C,Paid-in capital increases can create dilution concerns.,5,6,6,0,5,"9월 21일 주식시장 주요공시 | [N2 모닝 경제 브리핑-9월 22일] 美 증시, 유가·금리 하락에 상승 마감... | [주요공시] 삼성물산, 에스엠벡셀, 제이스로보틱스, 셀트리온, 에코프로...",2026-09-22,0.0174,0.021,,failure
042940,상지건설,유상증자1차발행가액결정              ,paid_in_capital_increase,20260921,negative,-70,C,Paid-in capital increases can create dilution concerns.,5,6,6,0,5,"9월 21일 주식시장 주요공시 | [N2 모닝 경제 브리핑-9월 22일] 美 증시, 유가·금리 하락에 상승 마감... | [주요공시] 삼성물산, 에스엠벡셀, 제이스로보틱스, 셀트리온, 에코프로...",2026-09-22,0.0174,0.021,,failure
042940,상지건설,유상증자1차발행가액결정              ,paid_in_capital_increase,20260921,negative,-70,C,Paid-in capital increases can create dilution concerns.,5,6,6,0,5,"9월 21일 주식시장 주요공시 | [N2 모닝 경제 브리핑-9월 22일] 美 증시, 유가·금리 하락에 상승 마감... | [주요공시] 삼성물산, 에스엠벡셀, 제이스로보틱스, 셀트리온, 에코프로...",2026-09-22,0.0174,0.021,,failure
042940,상지건설,유상증자1차발행가액결정              ,paid_in_capital_increase,20260921,negative,-70,C,Paid-in capital increases can create dilution concerns.,5,6,6,0,5,"9월 21일 주식시장 주요공시 | [N2 모닝 경제 브리핑-9월 22일] 美 증시, 유가·금리 하락에 상승 마감... | [주요공시] 삼성물산, 에스엠벡셀, 제이스로보틱스, 셀트리온, 에코프로...",2026-09-22,0.0174,0.021,,failure
042940,상지건설,유상증자1차발행가액결정              ,paid_in_capital_increase,20260921,negative,-70,C,Paid-in capital increases can create dilution concerns.,5,6,6,0,5,"9월 21일 주식시장 주요공시 | [N2 모닝 경제 브리핑-9월 22일] 美 증시, 유가·금리 하락에 상승 마감... | [주요공시] 삼성물산, 에스엠벡셀, 제이스로보틱스, 셀트리온, 에코프로...",2026-09-22,0.0174,0.021,,failure
042940,상지건설,유상증자1차발행가액결정              ,paid_in_capital_increase,20260921,negative,-70,C,Paid-in capital increases can create dilution concerns.,5,6,6,0,5,"9월 21일 주식시장 주요공시 | [N2 모닝 경제 브리핑-9월 22일] 美 증시, 유가·금리 하락에 상승 마감... | [주요공시] 삼성물산, 에스엠벡셀, 제이스로보틱스, 셀트리온, 에코프로...",2026-09-22,0.0174,0.021,,failure
042940,상지건설,유상증자1차발행가액결정              ,paid_in_capital_increase,20260921,negative,-70,C,Paid-in capital increases can create dilution concerns.,5,6,6,0,5,"9월 21일 주식시장 주요공시 | [N2 모닝 경제 브리핑-9월 22일] 美 증시, 유가·금리 하락에 상승 마감... | [주요공시] 삼성물산, 에스엠벡셀, 제이스로보틱스, 셀트리온, 에코프로...",2026-09-22,0.0174,0.021,,failure
042940,상지건설,유상증자1차발행가액결정              ,paid_in_capital_increase,20260921,negative,-70,C,Paid-in capital increases can create dilution concerns.,5,6,6,0,5,"9월 21일 주식시장 주요공시 | [N2 모닝 경제 브리핑-9월 22일] 美 증시, 유가·금리 하락에 상승 마감... | [주요공시] 삼성물산, 에스엠벡셀, 제이스로보틱스, 셀트리온, 에코프로...",2026-09-22,0.0174,0.021,,failure
042940,상지건설,유상증자1차발행가액결정              ,paid_in_capital_increase,20260921,negative,-70,C,Paid-in capital increases can create dilution concerns.,5,6,6,0,5,"9월 21일 주식시장 주요공시 | [N2 모닝 경제 브리핑-9월 22일] 美 증시, 유가·금리 하락에 상승 마감... | [주요공시] 삼성물산, 에스엠벡셀, 제이스로보틱스, 셀트리온, 에코프로...",2026-09-22,0.0174,0.021,,failure
042940,상지건설,유상증자1차발행가액결정              ,paid_in_capital_increase,20260921,negative,-70,C,Paid-in capital increases can create dilution concerns.,5,6,6,0,5,"9월 21일 주식시장 주요공시 | [N2 모닝 경제 브리핑-9월 22일] 美 증시, 유가·금리 하락에 상승 마감... | [주요공시] 삼성물산, 에스엠벡셀, 제이스로보틱스, 셀트리온, 에코프로...",2026-09-22,0.0174,0.021,,failure
042940,상지건설,유상증자1차발행가액결정              ,paid_in_capital_increase,20260921,negative,-70,C,Paid-in capital increases can create dilution concerns.,5,6,6,0,5,"9월 21일 주식시장 주요공시 | [N2 모닝 경제 브리핑-9월 22일] 美 증시, 유가·금리 하락에 상승 마감... | [주요공시] 삼성물산, 에스엠벡셀, 제이스로보틱스, 셀트리온, 에코프로...",2026-09-22,0.0174,0.021,,failure
042940,상지건설,유상증자1차발행가액결정              ,paid_in_capital_increase,20260921,negative,-70,C,Paid-in capital increases can create dilution concerns.,5,6,6,0,5,"9월 21일 주식시장 주요공시 | [N2 모닝 경제 브리핑-9월 22일] 美 증시, 유가·금리 하락에 상승 마감... | [주요공시] 삼성물산, 에스엠벡셀, 제이스로보틱스, 셀트리온, 에코프로...",2026-09-22,0.0174,0.021,,failure
042940,상지건설,유상증자1차발행가액결정              ,paid_in_capital_increase,20260921,negative,-70,C,Paid-in capital increases can create dilution concerns.,5,6,6,0,5,"9월 21일 주식시장 주요공시 | [N2 모닝 경제 브리핑-9월 22일] 美 증시, 유가·금리 하락에 상승 마감... | [주요공시] 삼성물산, 에스엠벡셀, 제이스로보틱스, 셀트리온, 에코프로...",2026-09-22,0.0174,0.021,,failure
042940,상지건설,유상증자1차발행가액결정              ,paid_in_capital_increase,20260921,negative,-70,C,Paid-in capital increases can create dilution concerns.,5,6,6,0,5,"9월 21일 주식시장 주요공시 | [N2 모닝 경제 브리핑-9월 22일] 美 증시, 유가·금리 하락에 상승 마감... | [주요공시] 삼성물산, 에스엠벡셀, 제이스로보틱스, 셀트리온, 에코프로...",2026-09-22,0.0174,0.021,,failure
042940,상지건설,유상증자1차발행가액결정              ,paid_in_capital_increase,20260921,negative,-70,C,Paid-in capital increases can create dilution concerns.,5,6,6,0,5,"9월 21일 주식시장 주요공시 | [N2 모닝 경제 브리핑-9월 22일] 美 증시, 유가·금리 하락에 상승 마감... | [주요공시] 삼성물산, 에스엠벡셀, 제이스로보틱스, 셀트리온, 에코프로...",2026-09-22,0.0174,0.021,,failure
042940,상지건설,유상증자1차발행가액결정              ,paid_in_capital_increase,20260921,negative,-70,C,Paid-in capital increases can create dilution concerns.,5,6,6,0,5,"9월 21일 주식시장 주요공시 | [N2 모닝 경제 브리핑-9월 22일] 美 증시, 유가·금리 하락에 상승 마감... | [주요공시] 삼성물산, 에스엠벡셀, 제이스로보틱스, 셀트리온, 에코프로...",2026-09-22,0.0174,0.021,,failure
042940,상지건설,유상증자1차발행가액결정              ,paid_in_capital_increase,20260921,negative,-70,C,Paid-in capital increases can create dilution concerns.,5,6,6,0,5,"9월 21일 주식시장 주요공시 | [N2 모닝 경제 브리핑-9월 22일] 美 증시, 유가·금리 하락에 상승 마감... | [주요공시] 삼성물산, 에스엠벡셀, 제이스로보틱스, 셀트리온, 에코프로...",2026-09-22,0.0174,0.021,,failure
042940,상지건설,유상증자1차발행가액결정              ,paid_in_capital_increase,20260921,negative,-70,C,Paid-in capital increases can create dilution concerns.,5,6,6,0,5,"9월 21일 주식시장 주요공시 | [N2 모닝 경제 브리핑-9월 22일] 美 증시, 유가·금리 하락에 상승 마감... | [주요공시] 삼성물산, 에스엠벡셀, 제이스로보틱스, 셀트리온, 에코프로...",2026-09-22,0.0174,0.021,,failure
042940,상지건설,유상증자1차발행가액결정              ,paid_in_capital_increase,20260921,negative,-70,C,Paid-in capital increases can create dilution concerns.,5,6,6,0,5,"9월 21일 주식시장 주요공시 | [N2 모닝 경제 브리핑-9월 22일] 美 증시, 유가·금리 하락에 상승 마감... | [주요공시] 삼성물산, 에스엠벡셀, 제이스로보틱스, 셀트리온, 에코프로...",2026-09-22,0.0174,0.021,,failure
042940,상지건설,유상증자1차발행가액결정              ,paid_in_capital_increase,20260921,negative,-70,C,Paid-in capital increases can create dilution concerns.,5,6,6,0,5,"9월 21일 주식시장 주요공시 | [N2 모닝 경제 브리핑-9월 22일] 美 증시, 유가·금리 하락에 상승 마감... | [주요공시] 삼성물산, 에스엠벡셀, 제이스로보틱스, 셀트리온, 에코프로...",2026-09-22,0.0174,0.021,,failure
042940,상지건설,유상증자1차발행가액결정              ,paid_in_capital_increase,20260921,negative,-70,C,Paid-in capital increases can create dilution concerns.,5,6,6,0,5,"9월 21일 주식시장 주요공시 | [N2 모닝 경제 브리핑-9월 22일] 美 증시, 유가·금리 하락에 상승 마감... | [주요공시] 삼성물산, 에스엠벡셀, 제이스로보틱스, 셀트리온, 에코프로...",2026-09-22,0.0174,0.021,,failure
042940,상지건설,유상증자1차발행가액결정              ,paid_in_capital_increase,20260921,negative,-70,C,Paid-in capital increases can create dilution concerns.,5,6,6,0,5,"9월 21일 주식시장 주요공시 | [N2 모닝 경제 브리핑-9월 22일] 美 증시, 유가·금리 하락에 상승 마감... | [주요공시] 삼성물산, 에스엠벡셀, 제이스로보틱스, 셀트리온, 에코프로...",2026-09-22,0.0174,0.021,,failure
042940,상지건설,유상증자1차발행가액결정              ,paid_in_capital_increase,20260921,negative,-70,C,Paid-in capital increases can create dilution concerns.,5,6,6,0,5,"9월 21일 주식시장 주요공시 | [N2 모닝 경제 브리핑-9월 22일] 美 증시, 유가·금리 하락에 상승 마감... | [주요공시] 삼성물산, 에스엠벡셀, 제이스로보틱스, 셀트리온, 에코프로...",2026-09-22,0.0174,0.021,,failure
042940,상지건설,유상증자1차발행가액결정              ,paid_in_capital_increase,20260921,negative,-70,C,Paid-in capital increases can create dilution concerns.,5,6,6,0,5,"9월 21일 주식시장 주요공시 | [N2 모닝 경제 브리핑-9월 22일] 美 증시, 유가·금리 하락에 상승 마감... | [주요공시] 삼성물산, 에스엠벡셀, 제이스로보틱스, 셀트리온, 에코프로...",2026-09-22,0.0174,0.021,,failure
042940,상지건설,유상증자1차발행가액결정              ,paid_in_capital_increase,20260921,negative,-70,C,Paid-in capital increases can create dilution concerns.,5,6,6,0,5,"9월 21일 주식시장 주요공시 | [N2 모닝 경제 브리핑-9월 22일] 美 증시, 유가·금리 하락에 상승 마감... | [주요공시] 삼성물산, 에스엠벡셀, 제이스로보틱스, 셀트리온, 에코프로...",2026-09-22,0.0174,0.021,,failure
042940,상지건설,유상증자1차발행가액결정              ,paid_in_capital_increase,20260921,negative,-70,C,Paid-in capital increases can create dilution concerns.,5,6,6,0,5,"9월 21일 주식시장 주요공시 | [N2 모닝 경제 브리핑-9월 22일] 美 증시, 유가·금리 하락에 상승 마감... | [주요공시] 삼성물산, 에스엠벡셀, 제이스로보틱스, 셀트리온, 에코프로...",2026-09-22,0.0174,0.021,,failure
042940,상지건설,유상증자1차발행가액결정              ,paid_in_capital_increase,20260921,negative,-70,C,Paid-in capital increases can create dilution concerns.,5,6,6,0,5,"9월 21일 주식시장 주요공시 | [N2 모닝 경제 브리핑-9월 22일] 美 증시, 유가·금리 하락에 상승 마감... | [주요공시] 삼성물산, 에스엠벡셀, 제이스로보틱스, 셀트리온, 에코프로...",2026-09-22,0.0174,0.021,,failure
042940,상지건설,유상증자1차발행가액결정              ,paid_in_capital_increase,20260921,negative,-70,C,Paid-in capital increases can create dilution concerns.,5,6,6,0,5,"9월 21일 주식시장 주요공시 | [N2 모닝 경제 브리핑-9월 22일] 美 증시, 유가·금리 하락에 상승 마감... | [주요공시] 삼성물산, 에스엠벡셀, 제이스로보틱스, 셀트리온, 에코프로...",2026-09-22,0.0174,0.021,,failure
042940,상지건설,유상증자1차발행가액결정              ,paid_in_capital_increase,20260921,negative,-70,C,Paid-in capital increases can create dilution concerns.,5,6,6,0,5,"9월 21일 주식시장 주요공시 | [N2 모닝 경제 브리핑-9월 22일] 美 증시, 유가·금리 하락에 상승 마감... | [주요공시] 삼성물산, 에스엠벡셀, 제이스로보틱스, 셀트리온, 에코프로...",2026-09-22,0.0174,0.021,,failure
042940,상지건설,유상증자1차발행가액결정              ,paid_in_capital_increase,20260921,negative,-70,C,Paid-in capital increases can create dilution concerns.,5,6,6,0,5,"9월 21일 주식시장 주요공시 | [N2 모닝 경제 브리핑-9월 22일] 美 증시, 유가·금리 하락에 상승 마감... | [주요공시] 삼성물산, 에스엠벡셀, 제이스로보틱스, 셀트리온, 에코프로...",2026-09-22,0.0174,0.021,,failure
042940,상지건설,유상증자1차발행가액결정              ,paid_in_capital_increase,20260921,negative,-70,C,Paid-in capital increases can create dilution concerns.,5,6,6,0,5,"9월 21일 주식시장 주요공시 | [N2 모닝 경제 브리핑-9월 22일] 美 증시, 유가·금리 하락에 상승 마감... | [주요공시] 삼성물산, 에스엠벡셀, 제이스로보틱스, 셀트리온, 에코프로...",2026-09-22,0.0174,0.021,,failure
042940,상지건설,유상증자1차발행가액결정              ,paid_in_capital_increase,20260921,negative,-70,C,Paid-in capital increases can create dilution concerns.,5,6,6,0,5,"9월 21일 주식시장 주요공시 | [N2 모닝 경제 브리핑-9월 22일] 美 증시, 유가·금리 하락에 상승 마감... | [주요공시] 삼성물산, 에스엠벡셀, 제이스로보틱스, 셀트리온, 에코프로...",2026-09-22,0.0174,0.021,,failure
042940,상지건설,유상증자1차발행가액결정              ,paid_in_capital_increase,20260921,negative,-70,C,Paid-in capital increases can create dilution concerns.,5,6,6,0,5,"9월 21일 주식시장 주요공시 | [N2 모닝 경제 브리핑-9월 22일] 美 증시, 유가·금리 하락에 상승 마감... | [주요공시] 삼성물산, 에스엠벡셀, 제이스로보틱스, 셀트리온, 에코프로...",2026-09-22,0.0174,0.021,,failure
042940,상지건설,유상증자1차발행가액결정              ,paid_in_capital_increase,20260921,negative,-70,C,Paid-in capital increases can create dilution concerns.,5,6,6,0,5,"9월 21일 주식시장 주요공시 | [N2 모닝 경제 브리핑-9월 22일] 美 증시, 유가·금리 하락에 상승 마감... | [주요공시] 삼성물산, 에스엠벡셀, 제이스로보틱스, 셀트리온, 에코프로...",2026-09-22,0.0174,0.021,,failure
042940,상지건설,유상증자1차발행가액결정              ,paid_in_capital_increase,20260921,negative,-70,C,Paid-in capital increases can create dilution concerns.,5,6,6,0,5,"9월 21일 주식시장 주요공시 | [N2 모닝 경제 브리핑-9월 22일] 美 증시, 유가·금리 하락에 상승 마감... | [주요공시] 삼성물산, 에스엠벡셀, 제이스로보틱스, 셀트리온, 에코프로...",2026-09-22,0.0174,0.021,,failure
042940,상지건설,유상증자1차발행가액결정              ,paid_in_capital_increase,20260921,negative,-70,C,Paid-in capital increases can create dilution concerns.,5,6,6,0,5,"9월 21일 주식시장 주요공시 | [N2 모닝 경제 브리핑-9월 22일] 美 증시, 유가·금리 하락에 상승 마감... | [주요공시] 삼성물산, 에스엠벡셀, 제이스로보틱스, 셀트리온, 에코프로...",2026-09-22,0.0174,0.021,,failure
042940,상지건설,유상증자1차발행가액결정              ,paid_in_capital_increase,20260921,negative,-70,C,Paid-in capital increases can create dilution concerns.,5,6,6,0,5,"9월 21일 주식시장 주요공시 | [N2 모닝 경제 브리핑-9월 22일] 美 증시, 유가·금리 하락에 상승 마감... | [주요공시] 삼성물산, 에스엠벡셀, 제이스로보틱스, 셀트리온, 에코프로...",2026-09-22,0.0174,0.021,,failure
042940,상지건설,유상증자1차발행가액결정              ,paid_in_capital_increase,20260921,negative,-70,C,Paid-in capital increases can create dilution concerns.,5,6,6,0,5,"9월 21일 주식시장 주요공시 | [N2 모닝 경제 브리핑-9월 22일] 美 증시, 유가·금리 하락에 상승 마감... | [주요공시] 삼성물산, 에스엠벡셀, 제이스로보틱스, 셀트리온, 에코프로...",2026-09-22,0.0174,0.021,,failure
042940,상지건설,유상증자1차발행가액결정              ,paid_in_capital_increase,20260921,negative,-70,C,Paid-in capital increases can create dilution concerns.,5,6,6,0,5,"9월 21일 주식시장 주요공시 | [N2 모닝 경제 브리핑-9월 22일] 美 증시, 유가·금리 하락에 상승 마감... | [주요공시] 삼성물산, 에스엠벡셀, 제이스로보틱스, 셀트리온, 에코프로...",2026-09-22,0.0174,0.021,,failure
042940,상지건설,유상증자1차발행가액결정              ,paid_in_capital_increase,20260921,negative,-70,C,Paid-in capital increases can create dilution concerns.,5,6,6,0,5,"9월 21일 주식시장 주요공시 | [N2 모닝 경제 브리핑-9월 22일] 美 증시, 유가·금리 하락에 상승 마감... | [주요공시] 삼성물산, 에스엠벡셀, 제이스로보틱스, 셀트리온, 에코프로...",2026-09-22,0.0174,0.021,,failure
042940,상지건설,유상증자1차발행가액결정              ,paid_in_capital_increase,20260921,negative,-70,C,Paid-in capital increases can create dilution concerns.,5,6,6,0,5,"9월 21일 주식시장 주요공시 | [N2 모닝 경제 브리핑-9월 22일] 美 증시, 유가·금리 하락에 상승 마감... | [주요공시] 삼성물산, 에스엠벡셀, 제이스로보틱스, 셀트리온, 에코프로...",2026-09-22,0.0174,0.021,,failure
042940,상지건설,유상증자1차발행가액결정              ,paid_in_capital_increase,20260921,negative,-70,C,Paid-in capital increases can create dilution concerns.,5,6,6,0,5,"9월 21일 주식시장 주요공시 | [N2 모닝 경제 브리핑-9월 22일] 美 증시, 유가·금리 하락에 상승 마감... | [주요공시] 삼성물산, 에스엠벡셀, 제이스로보틱스, 셀트리온, 에코프로...",2026-09-22,0.0174,0.021,,failure
042940,상지건설,유상증자1차발행가액결정              ,paid_in_capital_increase,20260921,negative,-70,C,Paid-in capital increases can create dilution concerns.,5,6,6,0,5,"9월 21일 주식시장 주요공시 | [N2 모닝 경제 브리핑-9월 22일] 美 증시, 유가·금리 하락에 상승 마감... | [주요공시] 삼성물산, 에스엠벡셀, 제이스로보틱스, 셀트리온, 에코프로...",2026-09-22,0.0174,0.021,,failure
042940,상지건설,유상증자1차발행가액결정              ,paid_in_capital_increase,20260921,negative,-70,C,Paid-in capital increases can create dilution concerns.,5,6,6,0,5,"9월 21일 주식시장 주요공시 | [N2 모닝 경제 브리핑-9월 22일] 美 증시, 유가·금리 하락에 상승 마감... | [주요공시] 삼성물산, 에스엠벡셀, 제이스로보틱스, 셀트리온, 에코프로...",2026-09-22,0.0174,0.021,,failure
042940,상지건설,유상증자1차발행가액결정              ,paid_in_capital_increase,20260921,negative,-70,C,Paid-in capital increases can create dilution concerns.,5,6,6,0,5,"9월 21일 주식시장 주요공시 | [N2 모닝 경제 브리핑-9월 22일] 美 증시, 유가·금리 하락에 상승 마감... | [주요공시] 삼성물산, 에스엠벡셀, 제이스로보틱스, 셀트리온, 에코프로...",2026-09-22,0.0174,0.021,,failure
042940,상지건설,유상증자1차발행가액결정              ,paid_in_capital_increase,20260921,negative,-70,C,Paid-in capital increases can create dilution concerns.,5,6,6,0,5,"9월 21일 주식시장 주요공시 | [N2 모닝 경제 브리핑-9월 22일] 美 증시, 유가·금리 하락에 상승 마감... | [주요공시] 삼성물산, 에스엠벡셀, 제이스로보틱스, 셀트리온, 에코프로...",2026-09-22,0.0174,0.021,,failure
042940,상지건설,유상증자1차발행가액결정              ,paid_in_capital_increase,20260921,negative,-70,C,Paid-in capital increases can create dilution concerns.,5,6,6,0,5,"9월 21일 주식시장 주요공시 | [N2 모닝 경제 브리핑-9월 22일] 美 증시, 유가·금리 하락에 상승 마감... | [주요공시] 삼성물산, 에스엠벡셀, 제이스로보틱스, 셀트리온, 에코프로...",2026-09-22,0.0174,0.021,,failure
042940,상지건설,유상증자1차발행가액결정              ,paid_in_capital_increase,20260921,negative,-70,C,Paid-in capital increases can create dilution concerns.,5,6,6,0,5,"9월 21일 주식시장 주요공시 | [N2 모닝 경제 브리핑-9월 22일] 美 증시, 유가·금리 하락에 상승 마감... | [주요공시] 삼성물산, 에스엠벡셀, 제이스로보틱스, 셀트리온, 에코프로...",2026-09-22,0.0174,0.021,,failure
042940,상지건설,유상증자1차발행가액결정              ,paid_in_capital_increase,20260921,negative,-70,C,Paid-in capital increases can create dilution concerns.,5,6,6,0,5,"9월 21일 주식시장 주요공시 | [N2 모닝 경제 브리핑-9월 22일] 美 증시, 유가·금리 하락에 상승 마감... | [주요공시] 삼성물산, 에스엠벡셀, 제이스로보틱스, 셀트리온, 에코프로...",2026-09-22,0.0174,0.021,,failure
042940,상지건설,유상증자1차발행가액결정              ,paid_in_capital_increase,20260921,negative,-70,C,Paid-in capital increases can create dilution concerns.,5,6,6,0,5,"9월 21일 주식시장 주요공시 | [N2 모닝 경제 브리핑-9월 22일] 美 증시, 유가·금리 하락에 상승 마감... | [주요공시] 삼성물산, 에스엠벡셀, 제이스로보틱스, 셀트리온, 에코프로...",2026-09-22,0.0174,0.021,,failure
042940,상지건설,유상증자1차발행가액결정              ,paid_in_capital_increase,20260921,negative,-70,C,Paid-in capital increases can create dilution concerns.,5,6,6,0,5,"9월 21일 주식시장 주요공시 | [N2 모닝 경제 브리핑-9월 22일] 美 증시, 유가·금리 하락에 상승 마감... | [주요공시] 삼성물산, 에스엠벡셀, 제이스로보틱스, 셀트리온, 에코프로...",2026-09-22,0.0174,0.021,,failure
042940,상지건설,유상증자1차발행가액결정              ,paid_in_capital_increase,20260921,negative,-70,C,Paid-in capital increases can create dilution concerns.,5,6,6,0,5,"9월 21일 주식시장 주요공시 | [N2 모닝 경제 브리핑-9월 22일] 美 증시, 유가·금리 하락에 상승 마감... | [주요공시] 삼성물산, 에스엠벡셀, 제이스로보틱스, 셀트리온, 에코프로...",2026-09-22,0.0174,0.021,,failure
042940,상지건설,유상증자1차발행가액결정              ,paid_in_capital_increase,20260921,negative,-70,C,Paid-in capital increases can create dilution concerns.,5,6,6,0,5,"9월 21일 주식시장 주요공시 | [N2 모닝 경제 브리핑-9월 22일] 美 증시, 유가·금리 하락에 상승 마감... | [주요공시] 삼성물산, 에스엠벡셀, 제이스로보틱스, 셀트리온, 에코프로...",2026-09-22,0.0174,0.021,,failure
042940,상지건설,유상증자1차발행가액결정              ,paid_in_capital_increase,20260921,negative,-70,C,Paid-in capital increases can create dilution concerns.,5,6,6,0,5,"9월 21일 주식시장 주요공시 | [N2 모닝 경제 브리핑-9월 22일] 美 증시, 유가·금리 하락에 상승 마감... | [주요공시] 삼성물산, 에스엠벡셀, 제이스로보틱스, 셀트리온, 에코프로...",2026-09-22,0.0174,0.021,,failure
042940,상지건설,유상증자1차발행가액결정              ,paid_in_capital_increase,20260921,negative,-70,C,Paid-in capital increases can create dilution concerns.,5,6,6,0,5,"9월 21일 주식시장 주요공시 | [N2 모닝 경제 브리핑-9월 22일] 美 증시, 유가·금리 하락에 상승 마감... | [주요공시] 삼성물산, 에스엠벡셀, 제이스로보틱스, 셀트리온, 에코프로...",2026-09-22,0.0174,0.021,,failure
042940,상지건설,유상증자1차발행가액결정              ,paid_in_capital_increase,20260921,negative,-70,C,Paid-in capital increases can create dilution concerns.,5,6,6,0,5,"9월 21일 주식시장 주요공시 | [N2 모닝 경제 브리핑-9월 22일] 美 증시, 유가·금리 하락에 상승 마감... | [주요공시] 삼성물산, 에스엠벡셀, 제이스로보틱스, 셀트리온, 에코프로...",2026-09-22,0.0174,0.021,,failure
042940,상지건설,유상증자1차발행가액결정              ,paid_in_capital_increase,20260921,negative,-70,C,Paid-in capital increases can create dilution concerns.,5,6,6,0,5,"9월 21일 주식시장 주요공시 | [N2 모닝 경제 브리핑-9월 22일] 美 증시, 유가·금리 하락에 상승 마감... | [주요공시] 삼성물산, 에스엠벡셀, 제이스로보틱스, 셀트리온, 에코프로...",2026-09-22,0.0174,0.021,,failure
042940,상지건설,유상증자1차발행가액결정              ,paid_in_capital_increase,20260921,negative,-70,C,Paid-in capital increases can create dilution concerns.,5,6,6,0,5,"9월 21일 주식시장 주요공시 | [N2 모닝 경제 브리핑-9월 22일] 美 증시, 유가·금리 하락에 상승 마감... | [주요공시] 삼성물산, 에스엠벡셀, 제이스로보틱스, 셀트리온, 에코프로...",2026-09-22,0.0174,0.021,,failure
042940,상지건설,유상증자1차발행가액결정              ,paid_in_capital_increase,20260921,negative,-70,C,Paid-in capital increases can create dilution concerns.,5,6,6,0,5,"9월 21일 주식시장 주요공시 | [N2 모닝 경제 브리핑-9월 22일] 美 증시, 유가·금리 하락에 상승 마감... | [주요공시] 삼성물산, 에스엠벡셀, 제이스로보틱스, 셀트리온, 에코프로...",2026-09-22,0.0174,0.021,,failure
042940,상지건설,유상증자1차발행가액결정              ,paid_in_capital_increase,20260921,negative,-70,C,Paid-in capital increases can create dilution concerns.,5,6,6,0,5,"9월 21일 주식시장 주요공시 | [N2 모닝 경제 브리핑-9월 22일] 美 증시, 유가·금리 하락에 상승 마감... | [주요공시] 삼성물산, 에스엠벡셀, 제이스로보틱스, 셀트리온, 에코프로...",2026-09-22,0.0174,0.021,,failure
042940,상지건설,유상증자1차발행가액결정              ,paid_in_capital_increase,20260921,negative,-70,C,Paid-in capital increases can create dilution concerns.,5,6,6,0,5,"9월 21일 주식시장 주요공시 | [N2 모닝 경제 브리핑-9월 22일] 美 증시, 유가·금리 하락에 상승 마감... | [주요공시] 삼성물산, 에스엠벡셀, 제이스로보틱스, 셀트리온, 에코프로...",2026-09-22,0.0174,0.021,,failure
042940,상지건설,유상증자1차발행가액결정              ,paid_in_capital_increase,20260921,negative,-70,C,Paid-in capital increases can create dilution concerns.,5,6,6,0,5,"9월 21일 주식시장 주요공시 | [N2 모닝 경제 브리핑-9월 22일] 美 증시, 유가·금리 하락에 상승 마감... | [주요공시] 삼성물산, 에스엠벡셀, 제이스로보틱스, 셀트리온, 에코프로...",2026-09-22,0.0174,0.021,,failure
042940,상지건설,유상증자1차발행가액결정              ,paid_in_capital_increase,20260921,negative,-70,C,Paid-in capital increases can create dilution concerns.,5,6,6,0,5,"9월 21일 주식시장 주요공시 | [N2 모닝 경제 브리핑-9월 22일] 美 증시, 유가·금리 하락에 상승 마감... | [주요공시] 삼성물산, 에스엠벡셀, 제이스로보틱스, 셀트리온, 에코프로...",2026-09-22,0.0174,0.021,,failure
042940,상지건설,유상증자1차발행가액결정              ,paid_in_capital_increase,20260921,negative,-70,C,Paid-in capital increases can create dilution concerns.,5,6,6,0,5,"9월 21일 주식시장 주요공시 | [N2 모닝 경제 브리핑-9월 22일] 美 증시, 유가·금리 하락에 상승 마감... | [주요공시] 삼성물산, 에스엠벡셀, 제이스로보틱스, 셀트리온, 에코프로...",2026-09-22,0.0174,0.021,,failure
042940,상지건설,유상증자1차발행가액결정              ,paid_in_capital_increase,20260921,negative,-70,C,Paid-in capital increases can create dilution concerns.,5,6,6,0,5,"9월 21일 주식시장 주요공시 | [N2 모닝 경제 브리핑-9월 22일] 美 증시, 유가·금리 하락에 상승 마감... | [주요공시] 삼성물산, 에스엠벡셀, 제이스로보틱스, 셀트리온, 에코프로...",2026-09-22,0.0174,0.021,,failure
042940,상지건설,유상증자1차발행가액결정              ,paid_in_capital_increase,20260921,negative,-70,C,Paid-in capital increases can create dilution concerns.,5,6,6,0,5,"9월 21일 주식시장 주요공시 | [N2 모닝 경제 브리핑-9월 22일] 美 증시, 유가·금리 하락에 상승 마감... | [주요공시] 삼성물산, 에스엠벡셀, 제이스로보틱스, 셀트리온, 에코프로...",2026-09-22,0.0174,0.021,,failure
042940,상지건설,유상증자1차발행가액결정              ,paid_in_capital_increase,20260921,negative,-70,C,Paid-in capital increases can create dilution concerns.,5,6,6,0,5,"9월 21일 주식시장 주요공시 | [N2 모닝 경제 브리핑-9월 22일] 美 증시, 유가·금리 하락에 상승 마감... | [주요공시] 삼성물산, 에스엠벡셀, 제이스로보틱스, 셀트리온, 에코프로...",2026-09-22,0.0174,0.021,,failure
042940,상지건설,유상증자1차발행가액결정              ,paid_in_capital_increase,20260921,negative,-70,C,Paid-in capital increases can create dilution concerns.,5,6,6,0,5,"9월 21일 주식시장 주요공시 | [N2 모닝 경제 브리핑-9월 22일] 美 증시, 유가·금리 하락에 상승 마감... | [주요공시] 삼성물산, 에스엠벡셀, 제이스로보틱스, 셀트리온, 에코프로...",2026-09-22,0.0174,0.021,,failure
042940,상지건설,유상증자1차발행가액결정              ,paid_in_capital_increase,20260921,negative,-70,C,Paid-in capital increases can create dilution concerns.,5,6,6,0,5,"9월 21일 주식시장 주요공시 | [N2 모닝 경제 브리핑-9월 22일] 美 증시, 유가·금리 하락에 상승 마감... | [주요공시] 삼성물산, 에스엠벡셀, 제이스로보틱스, 셀트리온, 에코프로...",2026-09-22,0.0174,0.021,,failure
042940,상지건설,유상증자1차발행가액결정              ,paid_in_capital_increase,20260921,negative,-70,C,Paid-in capital increases can create dilution concerns.,5,6,6,0,5,"9월 21일 주식시장 주요공시 | [N2 모닝 경제 브리핑-9월 22일] 美 증시, 유가·금리 하락에 상승 마감... | [주요공시] 삼성물산, 에스엠벡셀, 제이스로보틱스, 셀트리온, 에코프로...",2026-09-22,0.0174,0.021,,failure
042940,상지건설,유상증자1차발행가액결정              ,paid_in_capital_increase,20260921,negative,-70,C,Paid-in capital increases can create dilution concerns.,5,6,6,0,5,"9월 21일 주식시장 주요공시 | [N2 모닝 경제 브리핑-9월 22일] 美 증시, 유가·금리 하락에 상승 마감... | [주요공시] 삼성물산, 에스엠벡셀, 제이스로보틱스, 셀트리온, 에코프로...",2026-09-22,0.0174,0.021,,failure
042940,상지건설,유상증자1차발행가액결정              ,paid_in_capital_increase,20260921,negative,-70,C,Paid-in capital increases can create dilution concerns.,5,6,6,0,5,"9월 21일 주식시장 주요공시 | [N2 모닝 경제 브리핑-9월 22일] 美 증시, 유가·금리 하락에 상승 마감... | [주요공시] 삼성물산, 에스엠벡셀, 제이스로보틱스, 셀트리온, 에코프로...",2026-09-22,0.0174,0.021,,failure
042940,상지건설,유상증자1차발행가액결정              ,paid_in_capital_increase,20260921,negative,-70,C,Paid-in capital increases can create dilution concerns.,5,6,6,0,5,"9월 21일 주식시장 주요공시 | [N2 모닝 경제 브리핑-9월 22일] 美 증시, 유가·금리 하락에 상승 마감... | [주요공시] 삼성물산, 에스엠벡셀, 제이스로보틱스, 셀트리온, 에코프로...",2026-09-22,0.0174,0.021,,failure
042940,상지건설,유상증자1차발행가액결정              ,paid_in_capital_increase,20260921,negative,-70,C,Paid-in capital increases can create dilution concerns.,5,6,6,0,5,"9월 21일 주식시장 주요공시 | [N2 모닝 경제 브리핑-9월 22일] 美 증시, 유가·금리 하락에 상승 마감... | [주요공시] 삼성물산, 에스엠벡셀, 제이스로보틱스, 셀트리온, 에코프로...",2026-09-22,0.0174,0.021,,failure
042940,상지건설,유상증자1차발행가액결정              ,paid_in_capital_increase,20260921,negative,-70,C,Paid-in capital increases can create dilution concerns.,5,6,6,0,5,"9월 21일 주식시장 주요공시 | [N2 모닝 경제 브리핑-9월 22일] 美 증시, 유가·금리 하락에 상승 마감... | [주요공시] 삼성물산, 에스엠벡셀, 제이스로보틱스, 셀트리온, 에코프로...",2026-09-22,0.0174,0.021,,failure
042940,상지건설,유상증자1차발행가액결정              ,paid_in_capital_increase,20260921,negative,-70,C,Paid-in capital increases can create dilution concerns.,5,6,6,0,5,"9월 21일 주식시장 주요공시 | [N2 모닝 경제 브리핑-9월 22일] 美 증시, 유가·금리 하락에 상승 마감... | [주요공시] 삼성물산, 에스엠벡셀, 제이스로보틱스, 셀트리온, 에코프로...",2026-09-22,0.0174,0.021,,failure
042940,상지건설,유상증자1차발행가액결정              ,paid_in_capital_increase,20260921,negative,-70,C,Paid-in capital increases can create dilution concerns.,5,6,6,0,5,"9월 21일 주식시장 주요공시 | [N2 모닝 경제 브리핑-9월 22일] 美 증시, 유가·금리 하락에 상승 마감... | [주요공시] 삼성물산, 에스엠벡셀, 제이스로보틱스, 셀트리온, 에코프로...",2026-09-22,0.0174,0.021,,failure
042940,상지건설,유상증자1차발행가액결정              ,paid_in_capital_increase,20260921,negative,-70,C,Paid-in capital increases can create dilution concerns.,5,6,6,0,5,"9월 21일 주식시장 주요공시 | [N2 모닝 경제 브리핑-9월 22일] 美 증시, 유가·금리 하락에 상승 마감... | [주요공시] 삼성물산, 에스엠벡셀, 제이스로보틱스, 셀트리온, 에코프로...",2026-09-22,0.0174,0.021,,failure
042940,상지건설,유상증자1차발행가액결정              ,paid_in_capital_increase,20260921,negative,-70,C,Paid-in capital increases can create dilution concerns.,5,6,6,0,5,"9월 21일 주식시장 주요공시 | [N2 모닝 경제 브리핑-9월 22일] 美 증시, 유가·금리 하락에 상승 마감... | [주요공시] 삼성물산, 에스엠벡셀, 제이스로보틱스, 셀트리온, 에코프로...",2026-09-22,0.0174,0.021,,failure
042940,상지건설,유상증자1차발행가액결정              ,paid_in_capital_increase,20260921,negative,-70,C,Paid-in capital increases can create dilution concerns.,5,6,6,0,5,"9월 21일 주식시장 주요공시 | [N2 모닝 경제 브리핑-9월 22일] 美 증시, 유가·금리 하락에 상승 마감... | [주요공시] 삼성물산, 에스엠벡셀, 제이스로보틱스, 셀트리온, 에코프로...",2026-09-22,0.0174,0.021,,failure
042940,상지건설,유상증자1차발행가액결정              ,paid_in_capital_increase,20260921,negative,-70,C,Paid-in capital increases can create dilution concerns.,5,6,6,0,5,"9월 21일 주식시장 주요공시 | [N2 모닝 경제 브리핑-9월 22일] 美 증시, 유가·금리 하락에 상승 마감... | [주요공시] 삼성물산, 에스엠벡셀, 제이스로보틱스, 셀트리온, 에코프로...",2026-09-22,0.0174,0.021,,failure
042940,상지건설,유상증자1차발행가액결정              ,paid_in_capital_increase,20260921,negative,-70,C,Paid-in capital increases can create dilution concerns.,5,6,6,0,5,"9월 21일 주식시장 주요공시 | [N2 모닝 경제 브리핑-9월 22일] 美 증시, 유가·금리 하락에 상승 마감... | [주요공시] 삼성물산, 에스엠벡셀, 제이스로보틱스, 셀트리온, 에코프로...",2026-09-22,0.0174,0.021,,failure
042940,상지건설,유상증자1차발행가액결정              ,paid_in_capital_increase,20260921,negative,-70,C,Paid-in capital increases can create dilution concerns.,5,6,6,0,5,"9월 21일 주식시장 주요공시 | [N2 모닝 경제 브리핑-9월 22일] 美 증시, 유가·금리 하락에 상승 마감... | [주요공시] 삼성물산, 에스엠벡셀, 제이스로보틱스, 셀트리온, 에코프로...",2026-09-22,0.0174,0.021,,failure
042940,상지건설,유상증자1차발행가액결정              ,paid_in_capital_increase,20260921,negative,-70,C,Paid-in capital increases can create dilution concerns.,5,6,6,0,5,"9월 21일 주식시장 주요공시 | [N2 모닝 경제 브리핑-9월 22일] 美 증시, 유가·금리 하락에 상승 마감... | [주요공시] 삼성물산, 에스엠벡셀, 제이스로보틱스, 셀트리온, 에코프로...",2026-09-22,0.0174,0.021,,failure
042940,상지건설,유상증자1차발행가액결정              ,paid_in_capital_increase,20260921,negative,-70,C,Paid-in capital increases can create dilution concerns.,5,6,6,0,5,"9월 21일 주식시장 주요공시 | [N2 모닝 경제 브리핑-9월 22일] 美 증시, 유가·금리 하락에 상승 마감... | [주요공시] 삼성물산, 에스엠벡셀, 제이스로보틱스, 셀트리온, 에코프로...",2026-09-22,0.0174,0.021,,failure
042940,상지건설,유상증자1차발행가액결정              ,paid_in_capital_increase,20260921,negative,-70,C,Paid-in capital increases can create dilution concerns.,5,6,6,0,5,"9월 21일 주식시장 주요공시 | [N2 모닝 경제 브리핑-9월 22일] 美 증시, 유가·금리 하락에 상승 마감... | [주요공시] 삼성물산, 에스엠벡셀, 제이스로보틱스, 셀트리온, 에코프로...",2026-09-22,0.0174,0.021,,failure
042940,상지건설,유상증자1차발행가액결정              ,paid_in_capital_increase,20260921,negative,-70,C,Paid-in capital increases can create dilution concerns.,5,6,6,0,5,"9월 21일 주식시장 주요공시 | [N2 모닝 경제 브리핑-9월 22일] 美 증시, 유가·금리 하락에 상승 마감... | [주요공시] 삼성물산, 에스엠벡셀, 제이스로보틱스, 셀트리온, 에코프로...",2026-09-22,0.0174,0.021,,failure
042940,상지건설,유상증자1차발행가액결정              ,paid_in_capital_increase,20260921,negative,-70,C,Paid-in capital increases can create dilution concerns.,5,6,6,0,5,"9월 21일 주식시장 주요공시 | [N2 모닝 경제 브리핑-9월 22일] 美 증시, 유가·금리 하락에 상승 마감... | [주요공시] 삼성물산, 에스엠벡셀, 제이스로보틱스, 셀트리온, 에코프로...",2026-09-22,0.0174,0.021,,failure
042940,상지건설,유상증자1차발행가액결정              ,paid_in_capital_increase,20260921,negative,-70,C,Paid-in capital increases can create dilution concerns.,5,6,6,0,5,"9월 21일 주식시장 주요공시 | [N2 모닝 경제 브리핑-9월 22일] 美 증시, 유가·금리 하락에 상승 마감... | [주요공시] 삼성물산, 에스엠벡셀, 제이스로보틱스, 셀트리온, 에코프로...",2026-09-22,0.0174,0.021,,failure
042940,상지건설,유상증자1차발행가액결정              ,paid_in_capital_increase,20260921,negative,-70,C,Paid-in capital increases can create dilution concerns.,5,6,6,0,5,"9월 21일 주식시장 주요공시 | [N2 모닝 경제 브리핑-9월 22일] 美 증시, 유가·금리 하락에 상승 마감... | [주요공시] 삼성물산, 에스엠벡셀, 제이스로보틱스, 셀트리온, 에코프로...",2026-09-22,0.0174,0.021,,failure
042940,상지건설,유상증자1차발행가액결정              ,paid_in_capital_increase,20260921,negative,-70,C,Paid-in capital increases can create dilution concerns.,5,6,6,0,5,"9월 21일 주식시장 주요공시 | [N2 모닝 경제 브리핑-9월 22일] 美 증시, 유가·금리 하락에 상승 마감... | [주요공시] 삼성물산, 에스엠벡셀, 제이스로보틱스, 셀트리온, 에코프로...",2026-09-22,0.0174,0.021,,failure
042940,상지건설,유상증자1차발행가액결정              ,paid_in_capital_increase,20260921,negative,-70,C,Paid-in capital increases can create dilution concerns.,5,6,6,0,5,"9월 21일 주식시장 주요공시 | [N2 모닝 경제 브리핑-9월 22일] 美 증시, 유가·금리 하락에 상승 마감... | [주요공시] 삼성물산, 에스엠벡셀, 제이스로보틱스, 셀트리온, 에코프로...",2026-09-22,0.0174,0.021,,failure
042940,상지건설,유상증자1차발행가액결정              ,paid_in_capital_increase,20260921,negative,-70,C,Paid-in capital increases can create dilution concerns.,5,6,6,0,5,"9월 21일 주식시장 주요공시 | [N2 모닝 경제 브리핑-9월 22일] 美 증시, 유가·금리 하락에 상승 마감... | [주요공시] 삼성물산, 에스엠벡셀, 제이스로보틱스, 셀트리온, 에코프로...",2026-09-22,0.0174,0.021,,failure
042940,상지건설,유상증자1차발행가액결정              ,paid_in_capital_increase,20260921,negative,-70,C,Paid-in capital increases can create dilution concerns.,5,6,6,0,5,"9월 21일 주식시장 주요공시 | [N2 모닝 경제 브리핑-9월 22일] 美 증시, 유가·금리 하락에 상승 마감... | [주요공시] 삼성물산, 에스엠벡셀, 제이스로보틱스, 셀트리온, 에코프로...",2026-09-22,0.0174,0.021,,failure
042940,상지건설,유상증자1차발행가액결정              ,paid_in_capital_increase,20260921,negative,-70,C,Paid-in capital increases can create dilution concerns.,5,6,6,0,5,"9월 21일 주식시장 주요공시 | [N2 모닝 경제 브리핑-9월 22일] 美 증시, 유가·금리 하락에 상승 마감... | [주요공시] 삼성물산, 에스엠벡셀, 제이스로보틱스, 셀트리온, 에코프로...",2026-09-22,0.0174,0.021,,failure
042940,상지건설,유상증자1차발행가액결정              ,paid_in_capital_increase,20260921,negative,-70,C,Paid-in capital increases can create dilution concerns.,5,6,6,0,5,"9월 21일 주식시장 주요공시 | [N2 모닝 경제 브리핑-9월 22일] 美 증시, 유가·금리 하락에 상승 마감... | [주요공시] 삼성물산, 에스엠벡셀, 제이스로보틱스, 셀트리온, 에코프로...",2026-09-22,0.0174,0.021,,failure
042940,상지건설,유상증자1차발행가액결정              ,paid_in_capital_increase,20260921,negative,-70,C,Paid-in capital increases can create dilution concerns.,5,6,6,0,5,"9월 21일 주식시장 주요공시 | [N2 모닝 경제 브리핑-9월 22일] 美 증시, 유가·금리 하락에 상승 마감... | [주요공시] 삼성물산, 에스엠벡셀, 제이스로보틱스, 셀트리온, 에코프로...",2026-09-22,0.0174,0.021,,failure
042940,상지건설,유상증자1차발행가액결정              ,paid_in_capital_increase,20260921,negative,-70,C,Paid-in capital increases can create dilution concerns.,5,6,6,0,5,"9월 21일 주식시장 주요공시 | [N2 모닝 경제 브리핑-9월 22일] 美 증시, 유가·금리 하락에 상승 마감... | [주요공시] 삼성물산, 에스엠벡셀, 제이스로보틱스, 셀트리온, 에코프로...",2026-09-22,0.0174,0.021,,failure
042940,상지건설,유상증자1차발행가액결정              ,paid_in_capital_increase,20260921,negative,-70,C,Paid-in capital increases can create dilution concerns.,5,6,6,0,5,"9월 21일 주식시장 주요공시 | [N2 모닝 경제 브리핑-9월 22일] 美 증시, 유가·금리 하락에 상승 마감... | [주요공시] 삼성물산, 에스엠벡셀, 제이스로보틱스, 셀트리온, 에코프로...",2026-09-22,0.0174,0.021,,failure
042940,상지건설,유상증자1차발행가액결정              ,paid_in_capital_increase,20260921,negative,-70,C,Paid-in capital increases can create dilution concerns.,5,6,6,0,5,"9월 21일 주식시장 주요공시 | [N2 모닝 경제 브리핑-9월 22일] 美 증시, 유가·금리 하락에 상승 마감... | [주요공시] 삼성물산, 에스엠벡셀, 제이스로보틱스, 셀트리온, 에코프로...",2026-09-22,0.0174,0.021,,failure
042940,상지건설,유상증자1차발행가액결정              ,paid_in_capital_increase,20260921,negative,-70,C,Paid-in capital increases can create dilution concerns.,5,6,6,0,5,"9월 21일 주식시장 주요공시 | [N2 모닝 경제 브리핑-9월 22일] 美 증시, 유가·금리 하락에 상승 마감... | [주요공시] 삼성물산, 에스엠벡셀, 제이스로보틱스, 셀트리온, 에코프로...",2026-09-22,0.0174,0.021,,failure
042940,상지건설,유상증자1차발행가액결정              ,paid_in_capital_increase,20260921,negative,-70,C,Paid-in capital increases can create dilution concerns.,5,6,6,0,5,"9월 21일 주식시장 주요공시 | [N2 모닝 경제 브리핑-9월 22일] 美 증시, 유가·금리 하락에 상승 마감... | [주요공시] 삼성물산, 에스엠벡셀, 제이스로보틱스, 셀트리온, 에코프로...",2026-09-22,0.0174,0.021,,failure
042940,상지건설,유상증자1차발행가액결정              ,paid_in_capital_increase,20260921,negative,-70,C,Paid-in capital increases can create dilution concerns.,5,6,6,0,5,"9월 21일 주식시장 주요공시 | [N2 모닝 경제 브리핑-9월 22일] 美 증시, 유가·금리 하락에 상승 마감... | [주요공시] 삼성물산, 에스엠벡셀, 제이스로보틱스, 셀트리온, 에코프로...",2026-09-22,0.0174,0.021,,failure
042940,상지건설,유상증자1차발행가액결정              ,paid_in_capital_increase,20260921,negative,-70,C,Paid-in capital increases can create dilution concerns.,5,6,6,0,5,"9월 21일 주식시장 주요공시 | [N2 모닝 경제 브리핑-9월 22일] 美 증시, 유가·금리 하락에 상승 마감... | [주요공시] 삼성물산, 에스엠벡셀, 제이스로보틱스, 셀트리온, 에코프로...",2026-09-22,0.0174,0.021,,failure
042940,상지건설,유상증자1차발행가액결정              ,paid_in_capital_increase,20260921,negative,-70,C,Paid-in capital increases can create dilution concerns.,5,6,6,0,5,"9월 21일 주식시장 주요공시 | [N2 모닝 경제 브리핑-9월 22일] 美 증시, 유가·금리 하락에 상승 마감... | [주요공시] 삼성물산, 에스엠벡셀, 제이스로보틱스, 셀트리온, 에코프로...",2026-09-22,0.0174,0.021,,failure
042940,상지건설,유상증자1차발행가액결정              ,paid_in_capital_increase,20260921,negative,-70,C,Paid-in capital increases can create dilution concerns.,5,6,6,0,5,"9월 21일 주식시장 주요공시 | [N2 모닝 경제 브리핑-9월 22일] 美 증시, 유가·금리 하락에 상승 마감... | [주요공시] 삼성물산, 에스엠벡셀, 제이스로보틱스, 셀트리온, 에코프로...",2026-09-22,0.0174,0.021,,failure
042940,상지건설,유상증자1차발행가액결정              ,paid_in_capital_increase,20260921,negative,-70,C,Paid-in capital increases can create dilution concerns.,5,6,6,0,5,"9월 21일 주식시장 주요공시 | [N2 모닝 경제 브리핑-9월 22일] 美 증시, 유가·금리 하락에 상승 마감... | [주요공시] 삼성물산, 에스엠벡셀, 제이스로보틱스, 셀트리온, 에코프로...",2026-09-22,0.0174,0.021,,failure
042940,상지건설,유상증자1차발행가액결정              ,paid_in_capital_increase,20260921,negative,-70,C,Paid-in capital increases can create dilution concerns.,5,6,6,0,5,"9월 21일 주식시장 주요공시 | [N2 모닝 경제 브리핑-9월 22일] 美 증시, 유가·금리 하락에 상승 마감... | [주요공시] 삼성물산, 에스엠벡셀, 제이스로보틱스, 셀트리온, 에코프로...",2026-09-22,0.0174,0.021,,failure
042940,상지건설,유상증자1차발행가액결정              ,paid_in_capital_increase,20260921,negative,-70,C,Paid-in capital increases can create dilution concerns.,5,6,6,0,5,"9월 21일 주식시장 주요공시 | [N2 모닝 경제 브리핑-9월 22일] 美 증시, 유가·금리 하락에 상승 마감... | [주요공시] 삼성물산, 에스엠벡셀, 제이스로보틱스, 셀트리온, 에코프로...",2026-09-22,0.0174,0.021,,failure
042940,상지건설,유상증자1차발행가액결정              ,paid_in_capital_increase,20260921,negative,-70,C,Paid-in capital increases can create dilution concerns.,5,6,6,0,5,"9월 21일 주식시장 주요공시 | [N2 모닝 경제 브리핑-9월 22일] 美 증시, 유가·금리 하락에 상승 마감... | [주요공시] 삼성물산, 에스엠벡셀, 제이스로보틱스, 셀트리온, 에코프로...",2026-09-22,0.0174,0.021,,failure
042940,상지건설,유상증자1차발행가액결정              ,paid_in_capital_increase,20260921,negative,-70,C,Paid-in capital increases can create dilution concerns.,5,6,6,0,5,"9월 21일 주식시장 주요공시 | [N2 모닝 경제 브리핑-9월 22일] 美 증시, 유가·금리 하락에 상승 마감... | [주요공시] 삼성물산, 에스엠벡셀, 제이스로보틱스, 셀트리온, 에코프로...",2026-09-22,0.0174,0.021,,failure
042940,상지건설,유상증자1차발행가액결정              ,paid_in_capital_increase,20260921,negative,-70,C,Paid-in capital increases can create dilution concerns.,5,6,6,0,5,"9월 21일 주식시장 주요공시 | [N2 모닝 경제 브리핑-9월 22일] 美 증시, 유가·금리 하락에 상승 마감... | [주요공시] 삼성물산, 에스엠벡셀, 제이스로보틱스, 셀트리온, 에코프로...",2026-09-22,0.0174,0.021,,failure
042940,상지건설,유상증자1차발행가액결정              ,paid_in_capital_increase,20260921,negative,-70,C,Paid-in capital increases can create dilution concerns.,5,6,6,0,5,"9월 21일 주식시장 주요공시 | [N2 모닝 경제 브리핑-9월 22일] 美 증시, 유가·금리 하락에 상승 마감... | [주요공시] 삼성물산, 에스엠벡셀, 제이스로보틱스, 셀트리온, 에코프로...",2026-09-22,0.0174,0.021,,failure
042940,상지건설,유상증자1차발행가액결정              ,paid_in_capital_increase,20260921,negative,-70,C,Paid-in capital increases can create dilution concerns.,5,6,6,0,5,"9월 21일 주식시장 주요공시 | [N2 모닝 경제 브리핑-9월 22일] 美 증시, 유가·금리 하락에 상승 마감... | [주요공시] 삼성물산, 에스엠벡셀, 제이스로보틱스, 셀트리온, 에코프로...",2026-09-22,0.0174,0.021,,failure
042940,상지건설,유상증자1차발행가액결정              ,paid_in_capital_increase,20260921,negative,-70,C,Paid-in capital increases can create dilution concerns.,5,6,6,0,5,"9월 21일 주식시장 주요공시 | [N2 모닝 경제 브리핑-9월 22일] 美 증시, 유가·금리 하락에 상승 마감... | [주요공시] 삼성물산, 에스엠벡셀, 제이스로보틱스, 셀트리온, 에코프로...",2026-09-22,0.0174,0.021,,failure
042940,상지건설,유상증자1차발행가액결정              ,paid_in_capital_increase,20260921,negative,-70,C,Paid-in capital increases can create dilution concerns.,5,6,6,0,5,"9월 21일 주식시장 주요공시 | [N2 모닝 경제 브리핑-9월 22일] 美 증시, 유가·금리 하락에 상승 마감... | [주요공시] 삼성물산, 에스엠벡셀, 제이스로보틱스, 셀트리온, 에코프로...",2026-09-22,0.0174,0.021,,failure
042940,상지건설,유상증자1차발행가액결정              ,paid_in_capital_increase,20260921,negative,-70,C,Paid-in capital increases can create dilution concerns.,5,6,6,0,5,"9월 21일 주식시장 주요공시 | [N2 모닝 경제 브리핑-9월 22일] 美 증시, 유가·금리 하락에 상승 마감... | [주요공시] 삼성물산, 에스엠벡셀, 제이스로보틱스, 셀트리온, 에코프로...",2026-09-22,0.0174,0.021,,failure
042940,상지건설,유상증자1차발행가액결정              ,paid_in_capital_increase,20260921,negative,-70,C,Paid-in capital increases can create dilution concerns.,5,6,6,0,5,"9월 21일 주식시장 주요공시 | [N2 모닝 경제 브리핑-9월 22일] 美 증시, 유가·금리 하락에 상승 마감... | [주요공시] 삼성물산, 에스엠벡셀, 제이스로보틱스, 셀트리온, 에코프로...",2026-09-22,0.0174,0.021,,failure
042940,상지건설,유상증자1차발행가액결정              ,paid_in_capital_increase,20260921,negative,-70,C,Paid-in capital increases can create dilution concerns.,5,6,6,0,5,"9월 21일 주식시장 주요공시 | [N2 모닝 경제 브리핑-9월 22일] 美 증시, 유가·금리 하락에 상승 마감... | [주요공시] 삼성물산, 에스엠벡셀, 제이스로보틱스, 셀트리온, 에코프로...",2026-09-22,0.0174,0.021,,failure
042940,상지건설,유상증자1차발행가액결정              ,paid_in_capital_increase,20260921,negative,-70,C,Paid-in capital increases can create dilution concerns.,5,6,6,0,5,"9월 21일 주식시장 주요공시 | [N2 모닝 경제 브리핑-9월 22일] 美 증시, 유가·금리 하락에 상승 마감... | [주요공시] 삼성물산, 에스엠벡셀, 제이스로보틱스, 셀트리온, 에코프로...",2026-09-22,0.0174,0.021,,failure
042940,상지건설,유상증자1차발행가액결정              ,paid_in_capital_increase,20260921,negative,-70,C,Paid-in capital increases can create dilution concerns.,5,6,6,0,5,"9월 21일 주식시장 주요공시 | [N2 모닝 경제 브리핑-9월 22일] 美 증시, 유가·금리 하락에 상승 마감... | [주요공시] 삼성물산, 에스엠벡셀, 제이스로보틱스, 셀트리온, 에코프로...",2026-09-22,0.0174,0.021,,failure
042940,상지건설,유상증자1차발행가액결정              ,paid_in_capital_increase,20260921,negative,-70,C,Paid-in capital increases can create dilution concerns.,5,6,6,0,5,"9월 21일 주식시장 주요공시 | [N2 모닝 경제 브리핑-9월 22일] 美 증시, 유가·금리 하락에 상승 마감... | [주요공시] 삼성물산, 에스엠벡셀, 제이스로보틱스, 셀트리온, 에코프로...",2026-09-22,0.0174,0.021,,failure
042940,상지건설,유상증자1차발행가액결정              ,paid_in_capital_increase,20260921,negative,-70,C,Paid-in capital increases can create dilution concerns.,5,6,6,0,5,"9월 21일 주식시장 주요공시 | [N2 모닝 경제 브리핑-9월 22일] 美 증시, 유가·금리 하락에 상승 마감... | [주요공시] 삼성물산, 에스엠벡셀, 제이스로보틱스, 셀트리온, 에코프로...",2026-09-22,0.0174,0.021,,failure
042940,상지건설,유상증자1차발행가액결정              ,paid_in_capital_increase,20260921,negative,-70,C,Paid-in capital increases can create dilution concerns.,5,6,6,0,5,"9월 21일 주식시장 주요공시 | [N2 모닝 경제 브리핑-9월 22일] 美 증시, 유가·금리 하락에 상승 마감... | [주요공시] 삼성물산, 에스엠벡셀, 제이스로보틱스, 셀트리온, 에코프로...",2026-09-22,0.0174,0.021,,failure
042940,상지건설,유상증자1차발행가액결정              ,paid_in_capital_increase,20260921,negative,-70,C,Paid-in capital increases can create dilution concerns.,5,6,6,0,5,"9월 21일 주식시장 주요공시 | [N2 모닝 경제 브리핑-9월 22일] 美 증시, 유가·금리 하락에 상승 마감... | [주요공시] 삼성물산, 에스엠벡셀, 제이스로보틱스, 셀트리온, 에코프로...",2026-09-22,0.0174,0.021,,failure
042940,상지건설,유상증자1차발행가액결정              ,paid_in_capital_increase,20260921,negative,-70,C,Paid-in capital increases can create dilution concerns.,5,6,6,0,5,"9월 21일 주식시장 주요공시 | [N2 모닝 경제 브리핑-9월 22일] 美 증시, 유가·금리 하락에 상승 마감... | [주요공시] 삼성물산, 에스엠벡셀, 제이스로보틱스, 셀트리온, 에코프로...",2026-09-22,0.0174,0.021,,failure
042940,상지건설,유상증자1차발행가액결정              ,paid_in_capital_increase,20260921,negative,-70,C,Paid-in capital increases can create dilution concerns.,5,6,6,0,5,"9월 21일 주식시장 주요공시 | [N2 모닝 경제 브리핑-9월 22일] 美 증시, 유가·금리 하락에 상승 마감... | [주요공시] 삼성물산, 에스엠벡셀, 제이스로보틱스, 셀트리온, 에코프로...",2026-09-22,0.0174,0.021,,failure
042940,상지건설,유상증자1차발행가액결정              ,paid_in_capital_increase,20260921,negative,-70,C,Paid-in capital increases can create dilution concerns.,5,6,6,0,5,"9월 21일 주식시장 주요공시 | [N2 모닝 경제 브리핑-9월 22일] 美 증시, 유가·금리 하락에 상승 마감... | [주요공시] 삼성물산, 에스엠벡셀, 제이스로보틱스, 셀트리온, 에코프로...",2026-09-22,0.0174,0.021,,failure
042940,상지건설,유상증자1차발행가액결정              ,paid_in_capital_increase,20260921,negative,-70,C,Paid-in capital increases can create dilution concerns.,5,6,6,0,5,"9월 21일 주식시장 주요공시 | [N2 모닝 경제 브리핑-9월 22일] 美 증시, 유가·금리 하락에 상승 마감... | [주요공시] 삼성물산, 에스엠벡셀, 제이스로보틱스, 셀트리온, 에코프로...",2026-09-22,0.0174,0.021,,failure
042940,상지건설,유상증자1차발행가액결정              ,paid_in_capital_increase,20260921,negative,-70,C,Paid-in capital increases can create dilution concerns.,5,6,6,0,5,"9월 21일 주식시장 주요공시 | [N2 모닝 경제 브리핑-9월 22일] 美 증시, 유가·금리 하락에 상승 마감... | [주요공시] 삼성물산, 에스엠벡셀, 제이스로보틱스, 셀트리온, 에코프로...",2026-09-22,0.0174,0.021,,failure
042940,상지건설,유상증자1차발행가액결정              ,paid_in_capital_increase,20260921,negative,-70,C,Paid-in capital increases can create dilution concerns.,5,6,6,0,5,"9월 21일 주식시장 주요공시 | [N2 모닝 경제 브리핑-9월 22일] 美 증시, 유가·금리 하락에 상승 마감... | [주요공시] 삼성물산, 에스엠벡셀, 제이스로보틱스, 셀트리온, 에코프로...",2026-09-22,0.0174,0.021,,failure
042940,상지건설,유상증자1차발행가액결정              ,paid_in_capital_increase,20260921,negative,-70,C,Paid-in capital increases can create dilution concerns.,5,6,6,0,5,"9월 21일 주식시장 주요공시 | [N2 모닝 경제 브리핑-9월 22일] 美 증시, 유가·금리 하락에 상승 마감... | [주요공시] 삼성물산, 에스엠벡셀, 제이스로보틱스, 셀트리온, 에코프로...",2026-09-22,0.0174,0.021,,failure
042940,상지건설,유상증자1차발행가액결정              ,paid_in_capital_increase,20260921,negative,-70,C,Paid-in capital increases can create dilution concerns.,5,6,6,0,5,"9월 21일 주식시장 주요공시 | [N2 모닝 경제 브리핑-9월 22일] 美 증시, 유가·금리 하락에 상승 마감... | [주요공시] 삼성물산, 에스엠벡셀, 제이스로보틱스, 셀트리온, 에코프로...",2026-09-22,0.0174,0.021,,failure
042940,상지건설,유상증자1차발행가액결정              ,paid_in_capital_increase,20260921,negative,-70,C,Paid-in capital increases can create dilution concerns.,5,6,6,0,5,"9월 21일 주식시장 주요공시 | [N2 모닝 경제 브리핑-9월 22일] 美 증시, 유가·금리 하락에 상승 마감... | [주요공시] 삼성물산, 에스엠벡셀, 제이스로보틱스, 셀트리온, 에코프로...",2026-09-22,0.0174,0.021,,failure
042940,상지건설,유상증자1차발행가액결정              ,paid_in_capital_increase,20260921,negative,-70,C,Paid-in capital increases can create dilution concerns.,5,6,6,0,5,"9월 21일 주식시장 주요공시 | [N2 모닝 경제 브리핑-9월 22일] 美 증시, 유가·금리 하락에 상승 마감... | [주요공시] 삼성물산, 에스엠벡셀, 제이스로보틱스, 셀트리온, 에코프로...",2026-09-22,0.0174,0.021,,failure
042940,상지건설,유상증자1차발행가액결정              ,paid_in_capital_increase,20260921,negative,-70,C,Paid-in capital increases can create dilution concerns.,5,6,6,0,5,"9월 21일 주식시장 주요공시 | [N2 모닝 경제 브리핑-9월 22일] 美 증시, 유가·금리 하락에 상승 마감... | [주요공시] 삼성물산, 에스엠벡셀, 제이스로보틱스, 셀트리온, 에코프로...",2026-09-22,0.0174,0.021,,failure
042940,상지건설,유상증자1차발행가액결정              ,paid_in_capital_increase,20260921,negative,-70,C,Paid-in capital increases can create dilution concerns.,5,6,6,0,5,"9월 21일 주식시장 주요공시 | [N2 모닝 경제 브리핑-9월 22일] 美 증시, 유가·금리 하락에 상승 마감... | [주요공시] 삼성물산, 에스엠벡셀, 제이스로보틱스, 셀트리온, 에코프로...",2026-09-22,0.0174,0.021,,failure
042940,상지건설,유상증자1차발행가액결정              ,paid_in_capital_increase,20260921,negative,-70,C,Paid-in capital increases can create dilution concerns.,5,6,6,0,5,"9월 21일 주식시장 주요공시 | [N2 모닝 경제 브리핑-9월 22일] 美 증시, 유가·금리 하락에 상승 마감... | [주요공시] 삼성물산, 에스엠벡셀, 제이스로보틱스, 셀트리온, 에코프로...",2026-09-22,0.0174,0.021,,failure
042940,상지건설,유상증자1차발행가액결정              ,paid_in_capital_increase,20260921,negative,-70,C,Paid-in capital increases can create dilution concerns.,5,6,6,0,5,"9월 21일 주식시장 주요공시 | [N2 모닝 경제 브리핑-9월 22일] 美 증시, 유가·금리 하락에 상승 마감... | [주요공시] 삼성물산, 에스엠벡셀, 제이스로보틱스, 셀트리온, 에코프로...",2026-09-22,0.0174,0.021,,failure
042940,상지건설,유상증자1차발행가액결정              ,paid_in_capital_increase,20260921,negative,-70,C,Paid-in capital increases can create dilution concerns.,5,6,6,0,5,"9월 21일 주식시장 주요공시 | [N2 모닝 경제 브리핑-9월 22일] 美 증시, 유가·금리 하락에 상승 마감... | [주요공시] 삼성물산, 에스엠벡셀, 제이스로보틱스, 셀트리온, 에코프로...",2026-09-22,0.0174,0.021,,failure
042940,상지건설,유상증자1차발행가액결정              ,paid_in_capital_increase,20260921,negative,-70,C,Paid-in capital increases can create dilution concerns.,5,6,6,0,5,"9월 21일 주식시장 주요공시 | [N2 모닝 경제 브리핑-9월 22일] 美 증시, 유가·금리 하락에 상승 마감... | [주요공시] 삼성물산, 에스엠벡셀, 제이스로보틱스, 셀트리온, 에코프로...",2026-09-22,0.0174,0.021,,failure
042940,상지건설,유상증자1차발행가액결정              ,paid_in_capital_increase,20260921,negative,-70,C,Paid-in capital increases can create dilution concerns.,5,6,6,0,5,"9월 21일 주식시장 주요공시 | [N2 모닝 경제 브리핑-9월 22일] 美 증시, 유가·금리 하락에 상승 마감... | [주요공시] 삼성물산, 에스엠벡셀, 제이스로보틱스, 셀트리온, 에코프로...",2026-09-22,0.0174,0.021,,failure
042940,상지건설,유상증자1차발행가액결정              ,paid_in_capital_increase,20260921,negative,-70,C,Paid-in capital increases can create dilution concerns.,5,6,6,0,5,"9월 21일 주식시장 주요공시 | [N2 모닝 경제 브리핑-9월 22일] 美 증시, 유가·금리 하락에 상승 마감... | [주요공시] 삼성물산, 에스엠벡셀, 제이스로보틱스, 셀트리온, 에코프로...",2026-09-22,0.0174,0.021,,failure
042940,상지건설,유상증자1차발행가액결정              ,paid_in_capital_increase,20260921,negative,-70,C,Paid-in capital increases can create dilution concerns.,5,6,6,0,5,"9월 21일 주식시장 주요공시 | [N2 모닝 경제 브리핑-9월 22일] 美 증시, 유가·금리 하락에 상승 마감... | [주요공시] 삼성물산, 에스엠벡셀, 제이스로보틱스, 셀트리온, 에코프로...",2026-09-22,0.0174,0.021,,failure
042940,상지건설,유상증자1차발행가액결정              ,paid_in_capital_increase,20260921,negative,-70,C,Paid-in capital increases can create dilution concerns.,5,6,6,0,5,"9월 21일 주식시장 주요공시 | [N2 모닝 경제 브리핑-9월 22일] 美 증시, 유가·금리 하락에 상승 마감... | [주요공시] 삼성물산, 에스엠벡셀, 제이스로보틱스, 셀트리온, 에코프로...",2026-09-22,0.0174,0.021,,failure
042940,상지건설,유상증자1차발행가액결정              ,paid_in_capital_increase,20260921,negative,-70,C,Paid-in capital increases can create dilution concerns.,5,6,6,0,5,"9월 21일 주식시장 주요공시 | [N2 모닝 경제 브리핑-9월 22일] 美 증시, 유가·금리 하락에 상승 마감... | [주요공시] 삼성물산, 에스엠벡셀, 제이스로보틱스, 셀트리온, 에코프로...",2026-09-22,0.0174,0.021,,failure
042940,상지건설,유상증자1차발행가액결정              ,paid_in_capital_increase,20260921,negative,-70,C,Paid-in capital increases can create dilution concerns.,5,6,6,0,5,"9월 21일 주식시장 주요공시 | [N2 모닝 경제 브리핑-9월 22일] 美 증시, 유가·금리 하락에 상승 마감... | [주요공시] 삼성물산, 에스엠벡셀, 제이스로보틱스, 셀트리온, 에코프로...",2026-09-22,0.0174,0.021,,failure
042940,상지건설,유상증자1차발행가액결정              ,paid_in_capital_increase,20260921,negative,-70,C,Paid-in capital increases can create dilution concerns.,5,6,6,0,5,"9월 21일 주식시장 주요공시 | [N2 모닝 경제 브리핑-9월 22일] 美 증시, 유가·금리 하락에 상승 마감... | [주요공시] 삼성물산, 에스엠벡셀, 제이스로보틱스, 셀트리온, 에코프로...",2026-09-22,0.0174,0.021,,failure
042940,상지건설,유상증자1차발행가액결정              ,paid_in_capital_increase,20260921,negative,-70,C,Paid-in capital increases can create dilution concerns.,5,6,6,0,5,"9월 21일 주식시장 주요공시 | [N2 모닝 경제 브리핑-9월 22일] 美 증시, 유가·금리 하락에 상승 마감... | [주요공시] 삼성물산, 에스엠벡셀, 제이스로보틱스, 셀트리온, 에코프로...",2026-09-22,0.0174,0.021,,failure
042940,상지건설,유상증자1차발행가액결정              ,paid_in_capital_increase,20260921,negative,-70,C,Paid-in capital increases can create dilution concerns.,5,6,6,0,5,"9월 21일 주식시장 주요공시 | [N2 모닝 경제 브리핑-9월 22일] 美 증시, 유가·금리 하락에 상승 마감... | [주요공시] 삼성물산, 에스엠벡셀, 제이스로보틱스, 셀트리온, 에코프로...",2026-09-22,0.0174,0.021,,failure
042940,상지건설,유상증자1차발행가액결정              ,paid_in_capital_increase,20260921,negative,-70,C,Paid-in capital increases can create dilution concerns.,5,6,6,0,5,"9월 21일 주식시장 주요공시 | [N2 모닝 경제 브리핑-9월 22일] 美 증시, 유가·금리 하락에 상승 마감... | [주요공시] 삼성물산, 에스엠벡셀, 제이스로보틱스, 셀트리온, 에코프로...",2026-09-22,0.0174,0.021,,failure
042940,상지건설,유상증자1차발행가액결정              ,paid_in_capital_increase,20260921,negative,-70,C,Paid-in capital increases can create dilution concerns.,5,6,6,0,5,"9월 21일 주식시장 주요공시 | [N2 모닝 경제 브리핑-9월 22일] 美 증시, 유가·금리 하락에 상승 마감... | [주요공시] 삼성물산, 에스엠벡셀, 제이스로보틱스, 셀트리온, 에코프로...",2026-09-22,0.0174,0.021,,failure
042940,상지건설,유상증자1차발행가액결정              ,paid_in_capital_increase,20260921,negative,-70,C,Paid-in capital increases can create dilution concerns.,5,6,6,0,5,"9월 21일 주식시장 주요공시 | [N2 모닝 경제 브리핑-9월 22일] 美 증시, 유가·금리 하락에 상승 마감... | [주요공시] 삼성물산, 에스엠벡셀, 제이스로보틱스, 셀트리온, 에코프로...",2026-09-22,0.0174,0.021,,failure
042940,상지건설,유상증자1차발행가액결정              ,paid_in_capital_increase,20260921,negative,-70,C,Paid-in capital increases can create dilution concerns.,5,6,6,0,5,"9월 21일 주식시장 주요공시 | [N2 모닝 경제 브리핑-9월 22일] 美 증시, 유가·금리 하락에 상승 마감... | [주요공시] 삼성물산, 에스엠벡셀, 제이스로보틱스, 셀트리온, 에코프로...",2026-09-22,0.0174,0.021,,failure
042940,상지건설,유상증자1차발행가액결정              ,paid_in_capital_increase,20260921,negative,-70,C,Paid-in capital increases can create dilution concerns.,5,6,6,0,5,"9월 21일 주식시장 주요공시 | [N2 모닝 경제 브리핑-9월 22일] 美 증시, 유가·금리 하락에 상승 마감... | [주요공시] 삼성물산, 에스엠벡셀, 제이스로보틱스, 셀트리온, 에코프로...",2026-09-22,0.0174,0.021,,failure
042940,상지건설,유상증자1차발행가액결정              ,paid_in_capital_increase,20260921,negative,-70,C,Paid-in capital increases can create dilution concerns.,5,6,6,0,5,"9월 21일 주식시장 주요공시 | [N2 모닝 경제 브리핑-9월 22일] 美 증시, 유가·금리 하락에 상승 마감... | [주요공시] 삼성물산, 에스엠벡셀, 제이스로보틱스, 셀트리온, 에코프로...",2026-09-22,0.0174,0.021,,failure
042940,상지건설,유상증자1차발행가액결정              ,paid_in_capital_increase,20260921,negative,-70,C,Paid-in capital increases can create dilution concerns.,5,6,6,0,5,"9월 21일 주식시장 주요공시 | [N2 모닝 경제 브리핑-9월 22일] 美 증시, 유가·금리 하락에 상승 마감... | [주요공시] 삼성물산, 에스엠벡셀, 제이스로보틱스, 셀트리온, 에코프로...",2026-09-22,0.0174,0.021,,failure
042940,상지건설,유상증자1차발행가액결정              ,paid_in_capital_increase,20260921,negative,-70,C,Paid-in capital increases can create dilution concerns.,5,6,6,0,5,"9월 21일 주식시장 주요공시 | [N2 모닝 경제 브리핑-9월 22일] 美 증시, 유가·금리 하락에 상승 마감... | [주요공시] 삼성물산, 에스엠벡셀, 제이스로보틱스, 셀트리온, 에코프로...",2026-09-22,0.0174,0.021,,failure
042940,상지건설,유상증자1차발행가액결정              ,paid_in_capital_increase,20260921,negative,-70,C,Paid-in capital increases can create dilution concerns.,5,6,6,0,5,"9월 21일 주식시장 주요공시 | [N2 모닝 경제 브리핑-9월 22일] 美 증시, 유가·금리 하락에 상승 마감... | [주요공시] 삼성물산, 에스엠벡셀, 제이스로보틱스, 셀트리온, 에코프로...",2026-09-22,0.0174,0.021,,failure
042940,상지건설,유상증자1차발행가액결정              ,paid_in_capital_increase,20260921,negative,-70,C,Paid-in capital increases can create dilution concerns.,5,6,6,0,5,"9월 21일 주식시장 주요공시 | [N2 모닝 경제 브리핑-9월 22일] 美 증시, 유가·금리 하락에 상승 마감... | [주요공시] 삼성물산, 에스엠벡셀, 제이스로보틱스, 셀트리온, 에코프로...",2026-09-22,0.0174,0.021,,failure
042940,상지건설,유상증자1차발행가액결정              ,paid_in_capital_increase,20260921,negative,-70,C,Paid-in capital increases can create dilution concerns.,5,6,6,0,5,"9월 21일 주식시장 주요공시 | [N2 모닝 경제 브리핑-9월 22일] 美 증시, 유가·금리 하락에 상승 마감... | [주요공시] 삼성물산, 에스엠벡셀, 제이스로보틱스, 셀트리온, 에코프로...",2026-09-22,0.0174,0.021,,failure
042940,상지건설,유상증자1차발행가액결정              ,paid_in_capital_increase,20260921,negative,-70,C,Paid-in capital increases can create dilution concerns.,5,6,6,0,5,"9월 21일 주식시장 주요공시 | [N2 모닝 경제 브리핑-9월 22일] 美 증시, 유가·금리 하락에 상승 마감... | [주요공시] 삼성물산, 에스엠벡셀, 제이스로보틱스, 셀트리온, 에코프로...",2026-09-22,0.0174,0.021,,failure
042940,상지건설,유상증자1차발행가액결정              ,paid_in_capital_increase,20260921,negative,-70,C,Paid-in capital increases can create dilution concerns.,5,6,6,0,5,"9월 21일 주식시장 주요공시 | [N2 모닝 경제 브리핑-9월 22일] 美 증시, 유가·금리 하락에 상승 마감... | [주요공시] 삼성물산, 에스엠벡셀, 제이스로보틱스, 셀트리온, 에코프로...",2026-09-22,0.0174,0.021,,failure
042940,상지건설,유상증자1차발행가액결정              ,paid_in_capital_increase,20260921,negative,-70,C,Paid-in capital increases can create dilution concerns.,5,6,6,0,5,"9월 21일 주식시장 주요공시 | [N2 모닝 경제 브리핑-9월 22일] 美 증시, 유가·금리 하락에 상승 마감... | [주요공시] 삼성물산, 에스엠벡셀, 제이스로보틱스, 셀트리온, 에코프로...",2026-09-22,0.0174,0.021,,failure
042940,상지건설,유상증자1차발행가액결정              ,paid_in_capital_increase,20260921,negative,-70,C,Paid-in capital increases can create dilution concerns.,5,6,6,0,5,"9월 21일 주식시장 주요공시 | [N2 모닝 경제 브리핑-9월 22일] 美 증시, 유가·금리 하락에 상승 마감... | [주요공시] 삼성물산, 에스엠벡셀, 제이스로보틱스, 셀트리온, 에코프로...",2026-09-22,0.0174,0.021,,failure
042940,상지건설,유상증자1차발행가액결정              ,paid_in_capital_increase,20260921,negative,-70,C,Paid-in capital increases can create dilution concerns.,5,6,6,0,5,"9월 21일 주식시장 주요공시 | [N2 모닝 경제 브리핑-9월 22일] 美 증시, 유가·금리 하락에 상승 마감... | [주요공시] 삼성물산, 에스엠벡셀, 제이스로보틱스, 셀트리온, 에코프로...",2026-09-22,0.0174,0.021,,failure
042940,상지건설,유상증자1차발행가액결정              ,paid_in_capital_increase,20260921,negative,-70,C,Paid-in capital increases can create dilution concerns.,5,6,6,0,5,"9월 21일 주식시장 주요공시 | [N2 모닝 경제 브리핑-9월 22일] 美 증시, 유가·금리 하락에 상승 마감... | [주요공시] 삼성물산, 에스엠벡셀, 제이스로보틱스, 셀트리온, 에코프로...",2026-09-22,0.0174,0.021,,failure
042940,상지건설,유상증자1차발행가액결정              ,paid_in_capital_increase,20260921,negative,-70,C,Paid-in capital increases can create dilution concerns.,5,6,6,0,5,"9월 21일 주식시장 주요공시 | [N2 모닝 경제 브리핑-9월 22일] 美 증시, 유가·금리 하락에 상승 마감... | [주요공시] 삼성물산, 에스엠벡셀, 제이스로보틱스, 셀트리온, 에코프로...",2026-09-22,0.0174,0.021,,failure
042940,상지건설,유상증자1차발행가액결정              ,paid_in_capital_increase,20260921,negative,-70,C,Paid-in capital increases can create dilution concerns.,5,6,6,0,5,"9월 21일 주식시장 주요공시 | [N2 모닝 경제 브리핑-9월 22일] 美 증시, 유가·금리 하락에 상승 마감... | [주요공시] 삼성물산, 에스엠벡셀, 제이스로보틱스, 셀트리온, 에코프로...",2026-09-22,0.0174,0.021,,failure
042940,상지건설,유상증자1차발행가액결정              ,paid_in_capital_increase,20260921,negative,-70,C,Paid-in capital increases can create dilution concerns.,5,6,6,0,5,"9월 21일 주식시장 주요공시 | [N2 모닝 경제 브리핑-9월 22일] 美 증시, 유가·금리 하락에 상승 마감... | [주요공시] 삼성물산, 에스엠벡셀, 제이스로보틱스, 셀트리온, 에코프로...",2026-09-22,0.0174,0.021,,failure
042940,상지건설,유상증자1차발행가액결정              ,paid_in_capital_increase,20260921,negative,-70,C,Paid-in capital increases can create dilution concerns.,5,6,6,0,5,"9월 21일 주식시장 주요공시 | [N2 모닝 경제 브리핑-9월 22일] 美 증시, 유가·금리 하락에 상승 마감... | [주요공시] 삼성물산, 에스엠벡셀, 제이스로보틱스, 셀트리온, 에코프로...",2026-09-22,0.0174,0.021,,failure
042940,상지건설,유상증자1차발행가액결정              ,paid_in_capital_increase,20260921,negative,-70,C,Paid-in capital increases can create dilution concerns.,5,6,6,0,5,"9월 21일 주식시장 주요공시 | [N2 모닝 경제 브리핑-9월 22일] 美 증시, 유가·금리 하락에 상승 마감... | [주요공시] 삼성물산, 에스엠벡셀, 제이스로보틱스, 셀트리온, 에코프로...",2026-09-22,0.0174,0.021,,failure
042940,상지건설,유상증자1차발행가액결정              ,paid_in_capital_increase,20260921,negative,-70,C,Paid-in capital increases can create dilution concerns.,5,6,6,0,5,"9월 21일 주식시장 주요공시 | [N2 모닝 경제 브리핑-9월 22일] 美 증시, 유가·금리 하락에 상승 마감... | [주요공시] 삼성물산, 에스엠벡셀, 제이스로보틱스, 셀트리온, 에코프로...",2026-09-22,0.0174,0.021,,failure
042940,상지건설,유상증자1차발행가액결정              ,paid_in_capital_increase,20260921,negative,-70,C,Paid-in capital increases can create dilution concerns.,5,6,6,0,5,"9월 21일 주식시장 주요공시 | [N2 모닝 경제 브리핑-9월 22일] 美 증시, 유가·금리 하락에 상승 마감... | [주요공시] 삼성물산, 에스엠벡셀, 제이스로보틱스, 셀트리온, 에코프로...",2026-09-22,0.0174,0.021,,failure
042940,상지건설,유상증자1차발행가액결정              ,paid_in_capital_increase,20260921,negative,-70,C,Paid-in capital increases can create dilution concerns.,5,6,6,0,5,"9월 21일 주식시장 주요공시 | [N2 모닝 경제 브리핑-9월 22일] 美 증시, 유가·금리 하락에 상승 마감... | [주요공시] 삼성물산, 에스엠벡셀, 제이스로보틱스, 셀트리온, 에코프로...",2026-09-22,0.0174,0.021,,failure
042940,상지건설,유상증자1차발행가액결정              ,paid_in_capital_increase,20260921,negative,-70,C,Paid-in capital increases can create dilution concerns.,5,6,6,0,5,"9월 21일 주식시장 주요공시 | [N2 모닝 경제 브리핑-9월 22일] 美 증시, 유가·금리 하락에 상승 마감... | [주요공시] 삼성물산, 에스엠벡셀, 제이스로보틱스, 셀트리온, 에코프로...",2026-09-22,0.0174,0.021,,failure
042940,상지건설,유상증자1차발행가액결정              ,paid_in_capital_increase,20260921,negative,-70,C,Paid-in capital increases can create dilution concerns.,5,6,6,0,5,"9월 21일 주식시장 주요공시 | [N2 모닝 경제 브리핑-9월 22일] 美 증시, 유가·금리 하락에 상승 마감... | [주요공시] 삼성물산, 에스엠벡셀, 제이스로보틱스, 셀트리온, 에코프로...",2026-09-22,0.0174,0.021,,failure
042940,상지건설,유상증자1차발행가액결정              ,paid_in_capital_increase,20260921,negative,-70,C,Paid-in capital increases can create dilution concerns.,5,6,6,0,5,"9월 21일 주식시장 주요공시 | [N2 모닝 경제 브리핑-9월 22일] 美 증시, 유가·금리 하락에 상승 마감... | [주요공시] 삼성물산, 에스엠벡셀, 제이스로보틱스, 셀트리온, 에코프로...",2026-09-22,0.0174,0.021,,failure
042940,상지건설,유상증자1차발행가액결정              ,paid_in_capital_increase,20260921,negative,-70,C,Paid-in capital increases can create dilution concerns.,5,6,6,0,5,"9월 21일 주식시장 주요공시 | [N2 모닝 경제 브리핑-9월 22일] 美 증시, 유가·금리 하락에 상승 마감... | [주요공시] 삼성물산, 에스엠벡셀, 제이스로보틱스, 셀트리온, 에코프로...",2026-09-22,0.0174,0.021,,failure
042940,상지건설,유상증자1차발행가액결정              ,paid_in_capital_increase,20260921,negative,-70,C,Paid-in capital increases can create dilution concerns.,5,6,6,0,5,"9월 21일 주식시장 주요공시 | [N2 모닝 경제 브리핑-9월 22일] 美 증시, 유가·금리 하락에 상승 마감... | [주요공시] 삼성물산, 에스엠벡셀, 제이스로보틱스, 셀트리온, 에코프로...",2026-09-22,0.0174,0.021,,failure
042940,상지건설,유상증자1차발행가액결정              ,paid_in_capital_increase,20260921,negative,-70,C,Paid-in capital increases can create dilution concerns.,5,6,6,0,5,"9월 21일 주식시장 주요공시 | [N2 모닝 경제 브리핑-9월 22일] 美 증시, 유가·금리 하락에 상승 마감... | [주요공시] 삼성물산, 에스엠벡셀, 제이스로보틱스, 셀트리온, 에코프로...",2026-09-22,0.0174,0.021,,failure
042940,상지건설,유상증자1차발행가액결정              ,paid_in_capital_increase,20260921,negative,-70,C,Paid-in capital increases can create dilution concerns.,5,6,6,0,5,"9월 21일 주식시장 주요공시 | [N2 모닝 경제 브리핑-9월 22일] 美 증시, 유가·금리 하락에 상승 마감... | [주요공시] 삼성물산, 에스엠벡셀, 제이스로보틱스, 셀트리온, 에코프로...",2026-09-22,0.0174,0.021,,failure
042940,상지건설,유상증자1차발행가액결정              ,paid_in_capital_increase,20260921,negative,-70,C,Paid-in capital increases can create dilution concerns.,5,6,6,0,5,"9월 21일 주식시장 주요공시 | [N2 모닝 경제 브리핑-9월 22일] 美 증시, 유가·금리 하락에 상승 마감... | [주요공시] 삼성물산, 에스엠벡셀, 제이스로보틱스, 셀트리온, 에코프로...",2026-09-22,0.0174,0.021,,failure
042940,상지건설,유상증자1차발행가액결정              ,paid_in_capital_increase,20260921,negative,-70,C,Paid-in capital increases can create dilution concerns.,5,6,6,0,5,"9월 21일 주식시장 주요공시 | [N2 모닝 경제 브리핑-9월 22일] 美 증시, 유가·금리 하락에 상승 마감... | [주요공시] 삼성물산, 에스엠벡셀, 제이스로보틱스, 셀트리온, 에코프로...",2026-09-22,0.0174,0.021,,failure
042940,상지건설,유상증자1차발행가액결정              ,paid_in_capital_increase,20260921,negative,-70,C,Paid-in capital increases can create dilution concerns.,5,6,6,0,5,"9월 21일 주식시장 주요공시 | [N2 모닝 경제 브리핑-9월 22일] 美 증시, 유가·금리 하락에 상승 마감... | [주요공시] 삼성물산, 에스엠벡셀, 제이스로보틱스, 셀트리온, 에코프로...",2026-09-22,0.0174,0.021,,failure
042940,상지건설,유상증자1차발행가액결정              ,paid_in_capital_increase,20260921,negative,-70,C,Paid-in capital increases can create dilution concerns.,5,6,6,0,5,"9월 21일 주식시장 주요공시 | [N2 모닝 경제 브리핑-9월 22일] 美 증시, 유가·금리 하락에 상승 마감... | [주요공시] 삼성물산, 에스엠벡셀, 제이스로보틱스, 셀트리온, 에코프로...",2026-09-22,0.0174,0.021,,failure
042940,상지건설,유상증자1차발행가액결정              ,paid_in_capital_increase,20260921,negative,-70,C,Paid-in capital increases can create dilution concerns.,5,6,6,0,5,"9월 21일 주식시장 주요공시 | [N2 모닝 경제 브리핑-9월 22일] 美 증시, 유가·금리 하락에 상승 마감... | [주요공시] 삼성물산, 에스엠벡셀, 제이스로보틱스, 셀트리온, 에코프로...",2026-09-22,0.0174,0.021,,failure
042940,상지건설,유상증자1차발행가액결정              ,paid_in_capital_increase,20260921,negative,-70,C,Paid-in capital increases can create dilution concerns.,5,6,6,0,5,"9월 21일 주식시장 주요공시 | [N2 모닝 경제 브리핑-9월 22일] 美 증시, 유가·금리 하락에 상승 마감... | [주요공시] 삼성물산, 에스엠벡셀, 제이스로보틱스, 셀트리온, 에코프로...",2026-09-22,0.0174,0.021,,failure
042940,상지건설,유상증자1차발행가액결정              ,paid_in_capital_increase,20260921,negative,-70,C,Paid-in capital increases can create dilution concerns.,5,6,6,0,5,"9월 21일 주식시장 주요공시 | [N2 모닝 경제 브리핑-9월 22일] 美 증시, 유가·금리 하락에 상승 마감... | [주요공시] 삼성물산, 에스엠벡셀, 제이스로보틱스, 셀트리온, 에코프로...",2026-09-22,0.0174,0.021,,failure
042940,상지건설,유상증자1차발행가액결정              ,paid_in_capital_increase,20260921,negative,-70,C,Paid-in capital increases can create dilution concerns.,5,6,6,0,5,"9월 21일 주식시장 주요공시 | [N2 모닝 경제 브리핑-9월 22일] 美 증시, 유가·금리 하락에 상승 마감... | [주요공시] 삼성물산, 에스엠벡셀, 제이스로보틱스, 셀트리온, 에코프로...",2026-09-22,0.0174,0.021,,failure
042940,상지건설,유상증자1차발행가액결정              ,paid_in_capital_increase,20260921,negative,-70,C,Paid-in capital increases can create dilution concerns.,5,6,6,0,5,"9월 21일 주식시장 주요공시 | [N2 모닝 경제 브리핑-9월 22일] 美 증시, 유가·금리 하락에 상승 마감... | [주요공시] 삼성물산, 에스엠벡셀, 제이스로보틱스, 셀트리온, 에코프로...",2026-09-22,0.0174,0.021,,failure
042940,상지건설,유상증자1차발행가액결정              ,paid_in_capital_increase,20260921,negative,-70,C,Paid-in capital increases can create dilution concerns.,5,6,6,0,5,"9월 21일 주식시장 주요공시 | [N2 모닝 경제 브리핑-9월 22일] 美 증시, 유가·금리 하락에 상승 마감... | [주요공시] 삼성물산, 에스엠벡셀, 제이스로보틱스, 셀트리온, 에코프로...",2026-09-22,0.0174,0.021,,failure
042940,상지건설,유상증자1차발행가액결정              ,paid_in_capital_increase,20260921,negative,-70,C,Paid-in capital increases can create dilution concerns.,5,6,6,0,5,"9월 21일 주식시장 주요공시 | [N2 모닝 경제 브리핑-9월 22일] 美 증시, 유가·금리 하락에 상승 마감... | [주요공시] 삼성물산, 에스엠벡셀, 제이스로보틱스, 셀트리온, 에코프로...",2026-09-22,0.0174,0.021,,failure
042940,상지건설,유상증자1차발행가액결정              ,paid_in_capital_increase,20260921,negative,-70,C,Paid-in capital increases can create dilution concerns.,5,6,6,0,5,"9월 21일 주식시장 주요공시 | [N2 모닝 경제 브리핑-9월 22일] 美 증시, 유가·금리 하락에 상승 마감... | [주요공시] 삼성물산, 에스엠벡셀, 제이스로보틱스, 셀트리온, 에코프로...",2026-09-22,0.0174,0.021,,failure
042940,상지건설,유상증자1차발행가액결정              ,paid_in_capital_increase,20260921,negative,-70,C,Paid-in capital increases can create dilution concerns.,5,6,6,0,5,"9월 21일 주식시장 주요공시 | [N2 모닝 경제 브리핑-9월 22일] 美 증시, 유가·금리 하락에 상승 마감... | [주요공시] 삼성물산, 에스엠벡셀, 제이스로보틱스, 셀트리온, 에코프로...",2026-09-22,0.0174,0.021,,failure
042940,상지건설,유상증자1차발행가액결정              ,paid_in_capital_increase,20260921,negative,-70,C,Paid-in capital increases can create dilution concerns.,5,6,6,0,5,"9월 21일 주식시장 주요공시 | [N2 모닝 경제 브리핑-9월 22일] 美 증시, 유가·금리 하락에 상승 마감... | [주요공시] 삼성물산, 에스엠벡셀, 제이스로보틱스, 셀트리온, 에코프로...",2026-09-22,0.0174,0.021,,failure
042940,상지건설,유상증자1차발행가액결정              ,paid_in_capital_increase,20260921,negative,-70,C,Paid-in capital increases can create dilution concerns.,5,6,6,0,5,"9월 21일 주식시장 주요공시 | [N2 모닝 경제 브리핑-9월 22일] 美 증시, 유가·금리 하락에 상승 마감... | [주요공시] 삼성물산, 에스엠벡셀, 제이스로보틱스, 셀트리온, 에코프로...",2026-09-22,0.0174,0.021,,failure
042940,상지건설,유상증자1차발행가액결정              ,paid_in_capital_increase,20260921,negative,-70,C,Paid-in capital increases can create dilution concerns.,5,6,6,0,5,"9월 21일 주식시장 주요공시 | [N2 모닝 경제 브리핑-9월 22일] 美 증시, 유가·금리 하락에 상승 마감... | [주요공시] 삼성물산, 에스엠벡셀, 제이스로보틱스, 셀트리온, 에코프로...",2026-09-22,0.0174,0.021,,failure
042940,상지건설,유상증자1차발행가액결정              ,paid_in_capital_increase,20260921,negative,-70,C,Paid-in capital increases can create dilution concerns.,5,6,6,0,5,"9월 21일 주식시장 주요공시 | [N2 모닝 경제 브리핑-9월 22일] 美 증시, 유가·금리 하락에 상승 마감... | [주요공시] 삼성물산, 에스엠벡셀, 제이스로보틱스, 셀트리온, 에코프로...",2026-09-22,0.0174,0.021,,failure
042940,상지건설,유상증자1차발행가액결정              ,paid_in_capital_increase,20260921,negative,-70,C,Paid-in capital increases can create dilution concerns.,5,6,6,0,5,"9월 21일 주식시장 주요공시 | [N2 모닝 경제 브리핑-9월 22일] 美 증시, 유가·금리 하락에 상승 마감... | [주요공시] 삼성물산, 에스엠벡셀, 제이스로보틱스, 셀트리온, 에코프로...",2026-09-22,0.0174,0.021,,failure
042940,상지건설,유상증자1차발행가액결정              ,paid_in_capital_increase,20260921,negative,-70,C,Paid-in capital increases can create dilution concerns.,5,6,6,0,5,"9월 21일 주식시장 주요공시 | [N2 모닝 경제 브리핑-9월 22일] 美 증시, 유가·금리 하락에 상승 마감... | [주요공시] 삼성물산, 에스엠벡셀, 제이스로보틱스, 셀트리온, 에코프로...",2026-09-22,0.0174,0.021,,failure
042940,상지건설,유상증자1차발행가액결정              ,paid_in_capital_increase,20260921,negative,-70,C,Paid-in capital increases can create dilution concerns.,5,6,6,0,5,"9월 21일 주식시장 주요공시 | [N2 모닝 경제 브리핑-9월 22일] 美 증시, 유가·금리 하락에 상승 마감... | [주요공시] 삼성물산, 에스엠벡셀, 제이스로보틱스, 셀트리온, 에코프로...",2026-09-22,0.0174,0.021,,failure
042940,상지건설,유상증자1차발행가액결정              ,paid_in_capital_increase,20260921,negative,-70,C,Paid-in capital increases can create dilution concerns.,5,6,6,0,5,"9월 21일 주식시장 주요공시 | [N2 모닝 경제 브리핑-9월 22일] 美 증시, 유가·금리 하락에 상승 마감... | [주요공시] 삼성물산, 에스엠벡셀, 제이스로보틱스, 셀트리온, 에코프로...",2026-09-22,0.0174,0.021,,failure
042940,상지건설,유상증자1차발행가액결정              ,paid_in_capital_increase,20260921,negative,-70,C,Paid-in capital increases can create dilution concerns.,5,6,6,0,5,"9월 21일 주식시장 주요공시 | [N2 모닝 경제 브리핑-9월 22일] 美 증시, 유가·금리 하락에 상승 마감... | [주요공시] 삼성물산, 에스엠벡셀, 제이스로보틱스, 셀트리온, 에코프로...",2026-09-22,0.0174,0.021,,failure
042940,상지건설,유상증자1차발행가액결정              ,paid_in_capital_increase,20260921,negative,-70,C,Paid-in capital increases can create dilution concerns.,5,6,6,0,5,"9월 21일 주식시장 주요공시 | [N2 모닝 경제 브리핑-9월 22일] 美 증시, 유가·금리 하락에 상승 마감... | [주요공시] 삼성물산, 에스엠벡셀, 제이스로보틱스, 셀트리온, 에코프로...",2026-09-22,0.0174,0.021,,failure
042940,상지건설,유상증자1차발행가액결정              ,paid_in_capital_increase,20260921,negative,-70,C,Paid-in capital increases can create dilution concerns.,5,6,6,0,5,"9월 21일 주식시장 주요공시 | [N2 모닝 경제 브리핑-9월 22일] 美 증시, 유가·금리 하락에 상승 마감... | [주요공시] 삼성물산, 에스엠벡셀, 제이스로보틱스, 셀트리온, 에코프로...",2026-09-22,0.0174,0.021,,failure
042940,상지건설,유상증자1차발행가액결정              ,paid_in_capital_increase,20260921,negative,-70,C,Paid-in capital increases can create dilution concerns.,5,6,6,0,5,"9월 21일 주식시장 주요공시 | [N2 모닝 경제 브리핑-9월 22일] 美 증시, 유가·금리 하락에 상승 마감... | [주요공시] 삼성물산, 에스엠벡셀, 제이스로보틱스, 셀트리온, 에코프로...",2026-09-22,0.0174,0.021,,failure
042940,상지건설,유상증자1차발행가액결정              ,paid_in_capital_increase,20260921,negative,-70,C,Paid-in capital increases can create dilution concerns.,5,6,6,0,5,"9월 21일 주식시장 주요공시 | [N2 모닝 경제 브리핑-9월 22일] 美 증시, 유가·금리 하락에 상승 마감... | [주요공시] 삼성물산, 에스엠벡셀, 제이스로보틱스, 셀트리온, 에코프로...",2026-09-22,0.0174,0.021,,failure
042940,상지건설,유상증자1차발행가액결정              ,paid_in_capital_increase,20260921,negative,-70,C,Paid-in capital increases can create dilution concerns.,5,6,6,0,5,"9월 21일 주식시장 주요공시 | [N2 모닝 경제 브리핑-9월 22일] 美 증시, 유가·금리 하락에 상승 마감... | [주요공시] 삼성물산, 에스엠벡셀, 제이스로보틱스, 셀트리온, 에코프로...",2026-09-22,0.0174,0.021,,failure
042940,상지건설,유상증자1차발행가액결정              ,paid_in_capital_increase,20260921,negative,-70,C,Paid-in capital increases can create dilution concerns.,5,6,6,0,5,"9월 21일 주식시장 주요공시 | [N2 모닝 경제 브리핑-9월 22일] 美 증시, 유가·금리 하락에 상승 마감... | [주요공시] 삼성물산, 에스엠벡셀, 제이스로보틱스, 셀트리온, 에코프로...",2026-09-22,0.0174,0.021,,failure
028260,삼성물산,투자판단관련주요경영사항              ,investment_decision,20260921,volatile,30,C,Investment decisions can be positive or negative depending on scale and funding source.,5,10,1,9,5,"법무법인 세종, ‘AIDC 인프라센터’ 출범 | 삼성물산, 美 카이로스 파워 '맞손'…""차세대 원전 시장 선도 위한 중요... | 삼성물산, 美 차세대 SMR 시장 공략…카이로스파워와 전략적 협력",2026-09-22,0.038,0.0041,,failure
032790,엠젠솔루션,주요사항보고서(자기전환사채만기전취득결정),convertible_bond,20260921,negative,-60,C,Convertible bonds may create future dilution risk.,5,4,3,1,5,9월 21일 주식시장 주요공시 | 지젠텍 “베트남 국영 석유기업과 현지 사업화 기대” | 9월 18일 주식시장 주요공시,2026-09-22,-0.0016,-0.0211,,success
032790,엠젠솔루션,주요사항보고서(자기전환사채만기전취득결정),convertible_bond,20260921,negative,-60,C,Convertible bonds may create future dilution risk.,5,4,3,1,5,9월 21일 주식시장 주요공시 | 지젠텍 “베트남 국영 석유기업과 현지 사업화 기대” | 9월 18일 주식시장 주요공시,2026-09-22,-0.0016,-0.0211,,success
032790,엠젠솔루션,주요사항보고서(자기전환사채만기전취득결정),convertible_bond,20260921,negative,-60,C,Convertible bonds may create future dilution risk.,5,4,3,1,5,9월 21일 주식시장 주요공시 | 지젠텍 “베트남 국영 석유기업과 현지 사업화 기대” | 9월 18일 주식시장 주요공시,2026-09-22,-0.0016,-0.0211,,success
032790,엠젠솔루션,주요사항보고서(자기전환사채만기전취득결정),convertible_bond,20260921,negative,-60,C,Convertible bonds may create future dilution risk.,5,4,3,1,5,9월 21일 주식시장 주요공시 | 지젠텍 “베트남 국영 석유기업과 현지 사업화 기대” | 9월 18일 주식시장 주요공시,2026-09-22,-0.0016,-0.0211,,success
