stock_code,corp_name,report_nm,event_type,event_date,prediction_direction,event_score,initial_confidence,score_reason,news_count,positive_keyword_count,negative_keyword_count,news_sentiment_score,news_attention_score,top_news_titles,next_trade_date,next_open_return,next_close_return,note,prediction_result
019490,엑시큐어하이트론,[기재정정]단일판매ㆍ공급계약체결              ,supply_contract,20260824,positive,70,C,Supply contract disclosures may indicate future revenue growth.,5,1,2,-1,5,"[아주쉬운 재무제표] 반기보고서 '시즌 마감'…문제된 기업들은 이곳 | 너무 쏟아지는 '상장폐지' 위기 종목…정말, 투자하기 겁난다 | 8월 14일 주식시장 주요공시",,,,No next trading day price data available yet.,pending
351320,넥사다이내믹스,주요사항보고서(전환사채권발행결정),convertible_bond,20260824,negative,-60,C,Convertible bonds may create future dilution risk.,5,7,3,4,5,"[코스피·코스닥, HD한국조선해양 셀트리온 에코프로에이치엔 한미약품... | 코스피·코스닥지수, 주요 기업 공시 잇따라…대규모 유증부터 조선 수... | [공시] 인바이츠바이오코아 '거래정지', 네오이뮨텍·안지오랩 '투자경...",,,,No next trading day price data available yet.,pending
351320,넥사다이내믹스,주요사항보고서(전환사채권발행결정),convertible_bond,20260824,negative,-60,C,Convertible bonds may create future dilution risk.,5,7,3,4,5,"[코스피·코스닥, HD한국조선해양 셀트리온 에코프로에이치엔 한미약품... | 코스피·코스닥지수, 주요 기업 공시 잇따라…대규모 유증부터 조선 수... | [공시] 인바이츠바이오코아 '거래정지', 네오이뮨텍·안지오랩 '투자경...",,,,No next trading day price data available yet.,pending
351320,넥사다이내믹스,주요사항보고서(전환사채권발행결정),convertible_bond,20260824,negative,-60,C,Convertible bonds may create future dilution risk.,5,7,3,4,5,"[코스피·코스닥, HD한국조선해양 셀트리온 에코프로에이치엔 한미약품... | 코스피·코스닥지수, 주요 기업 공시 잇따라…대규모 유증부터 조선 수... | [공시] 인바이츠바이오코아 '거래정지', 네오이뮨텍·안지오랩 '투자경...",,,,No next trading day price data available yet.,pending
351320,넥사다이내믹스,주요사항보고서(전환사채권발행결정),convertible_bond,20260824,negative,-60,C,Convertible bonds may create future dilution risk.,5,7,3,4,5,"[코스피·코스닥, HD한국조선해양 셀트리온 에코프로에이치엔 한미약품... | 코스피·코스닥지수, 주요 기업 공시 잇따라…대규모 유증부터 조선 수... | [공시] 인바이츠바이오코아 '거래정지', 네오이뮨텍·안지오랩 '투자경...",,,,No next trading day price data available yet.,pending
351320,넥사다이내믹스,주요사항보고서(전환사채권발행결정),convertible_bond,20260824,negative,-60,C,Convertible bonds may create future dilution risk.,5,7,3,4,5,"[코스피·코스닥, HD한국조선해양 셀트리온 에코프로에이치엔 한미약품... | 코스피·코스닥지수, 주요 기업 공시 잇따라…대규모 유증부터 조선 수... | [공시] 인바이츠바이오코아 '거래정지', 네오이뮨텍·안지오랩 '투자경...",,,,No next trading day price data available yet.,pending
351320,넥사다이내믹스,주요사항보고서(전환사채권발행결정),convertible_bond,20260824,negative,-60,C,Convertible bonds may create future dilution risk.,5,7,3,4,5,"[코스피·코스닥, HD한국조선해양 셀트리온 에코프로에이치엔 한미약품... | 코스피·코스닥지수, 주요 기업 공시 잇따라…대규모 유증부터 조선 수... | [공시] 인바이츠바이오코아 '거래정지', 네오이뮨텍·안지오랩 '투자경...",,,,No next trading day price data available yet.,pending
351320,넥사다이내믹스,주요사항보고서(전환사채권발행결정),convertible_bond,20260824,negative,-60,C,Convertible bonds may create future dilution risk.,5,7,3,4,5,"[코스피·코스닥, HD한국조선해양 셀트리온 에코프로에이치엔 한미약품... | 코스피·코스닥지수, 주요 기업 공시 잇따라…대규모 유증부터 조선 수... | [공시] 인바이츠바이오코아 '거래정지', 네오이뮨텍·안지오랩 '투자경...",,,,No next trading day price data available yet.,pending
351320,넥사다이내믹스,주요사항보고서(전환사채권발행결정),convertible_bond,20260824,negative,-60,C,Convertible bonds may create future dilution risk.,5,7,3,4,5,"[코스피·코스닥, HD한국조선해양 셀트리온 에코프로에이치엔 한미약품... | 코스피·코스닥지수, 주요 기업 공시 잇따라…대규모 유증부터 조선 수... | [공시] 인바이츠바이오코아 '거래정지', 네오이뮨텍·안지오랩 '투자경...",,,,No next trading day price data available yet.,pending
351320,넥사다이내믹스,주요사항보고서(전환사채권발행결정),convertible_bond,20260824,negative,-60,C,Convertible bonds may create future dilution risk.,5,7,3,4,5,"[코스피·코스닥, HD한국조선해양 셀트리온 에코프로에이치엔 한미약품... | 코스피·코스닥지수, 주요 기업 공시 잇따라…대규모 유증부터 조선 수... | [공시] 인바이츠바이오코아 '거래정지', 네오이뮨텍·안지오랩 '투자경...",,,,No next trading day price data available yet.,pending
351320,넥사다이내믹스,주요사항보고서(전환사채권발행결정),convertible_bond,20260824,negative,-60,C,Convertible bonds may create future dilution risk.,5,7,3,4,5,"[코스피·코스닥, HD한국조선해양 셀트리온 에코프로에이치엔 한미약품... | 코스피·코스닥지수, 주요 기업 공시 잇따라…대규모 유증부터 조선 수... | [공시] 인바이츠바이오코아 '거래정지', 네오이뮨텍·안지오랩 '투자경...",,,,No next trading day price data available yet.,pending
351320,넥사다이내믹스,주요사항보고서(전환사채권발행결정),convertible_bond,20260824,negative,-60,C,Convertible bonds may create future dilution risk.,5,7,3,4,5,"[코스피·코스닥, HD한국조선해양 셀트리온 에코프로에이치엔 한미약품... | 코스피·코스닥지수, 주요 기업 공시 잇따라…대규모 유증부터 조선 수... | [공시] 인바이츠바이오코아 '거래정지', 네오이뮨텍·안지오랩 '투자경...",,,,No next trading day price data available yet.,pending
351320,넥사다이내믹스,주요사항보고서(전환사채권발행결정),convertible_bond,20260824,negative,-60,C,Convertible bonds may create future dilution risk.,5,7,3,4,5,"[코스피·코스닥, HD한국조선해양 셀트리온 에코프로에이치엔 한미약품... | 코스피·코스닥지수, 주요 기업 공시 잇따라…대규모 유증부터 조선 수... | [공시] 인바이츠바이오코아 '거래정지', 네오이뮨텍·안지오랩 '투자경...",,,,No next trading day price data available yet.,pending
351320,넥사다이내믹스,주요사항보고서(전환사채권발행결정),convertible_bond,20260824,negative,-60,C,Convertible bonds may create future dilution risk.,5,7,3,4,5,"[코스피·코스닥, HD한국조선해양 셀트리온 에코프로에이치엔 한미약품... | 코스피·코스닥지수, 주요 기업 공시 잇따라…대규모 유증부터 조선 수... | [공시] 인바이츠바이오코아 '거래정지', 네오이뮨텍·안지오랩 '투자경...",,,,No next trading day price data available yet.,pending
351320,넥사다이내믹스,주요사항보고서(전환사채권발행결정),convertible_bond,20260824,negative,-60,C,Convertible bonds may create future dilution risk.,5,7,3,4,5,"[코스피·코스닥, HD한국조선해양 셀트리온 에코프로에이치엔 한미약품... | 코스피·코스닥지수, 주요 기업 공시 잇따라…대규모 유증부터 조선 수... | [공시] 인바이츠바이오코아 '거래정지', 네오이뮨텍·안지오랩 '투자경...",,,,No next trading day price data available yet.,pending
351320,넥사다이내믹스,주요사항보고서(전환사채권발행결정),convertible_bond,20260824,negative,-60,C,Convertible bonds may create future dilution risk.,5,7,3,4,5,"[코스피·코스닥, HD한국조선해양 셀트리온 에코프로에이치엔 한미약품... | 코스피·코스닥지수, 주요 기업 공시 잇따라…대규모 유증부터 조선 수... | [공시] 인바이츠바이오코아 '거래정지', 네오이뮨텍·안지오랩 '투자경...",,,,No next trading day price data available yet.,pending
351320,넥사다이내믹스,주요사항보고서(전환사채권발행결정),convertible_bond,20260824,negative,-60,C,Convertible bonds may create future dilution risk.,5,7,3,4,5,"[코스피·코스닥, HD한국조선해양 셀트리온 에코프로에이치엔 한미약품... | 코스피·코스닥지수, 주요 기업 공시 잇따라…대규모 유증부터 조선 수... | [공시] 인바이츠바이오코아 '거래정지', 네오이뮨텍·안지오랩 '투자경...",,,,No next trading day price data available yet.,pending
351320,넥사다이내믹스,주요사항보고서(전환사채권발행결정),convertible_bond,20260824,negative,-60,C,Convertible bonds may create future dilution risk.,5,7,3,4,5,"[코스피·코스닥, HD한국조선해양 셀트리온 에코프로에이치엔 한미약품... | 코스피·코스닥지수, 주요 기업 공시 잇따라…대규모 유증부터 조선 수... | [공시] 인바이츠바이오코아 '거래정지', 네오이뮨텍·안지오랩 '투자경...",,,,No next trading day price data available yet.,pending
351320,넥사다이내믹스,주요사항보고서(전환사채권발행결정),convertible_bond,20260824,negative,-60,C,Convertible bonds may create future dilution risk.,5,7,3,4,5,"[코스피·코스닥, HD한국조선해양 셀트리온 에코프로에이치엔 한미약품... | 코스피·코스닥지수, 주요 기업 공시 잇따라…대규모 유증부터 조선 수... | [공시] 인바이츠바이오코아 '거래정지', 네오이뮨텍·안지오랩 '투자경...",,,,No next trading day price data available yet.,pending
351320,넥사다이내믹스,주요사항보고서(전환사채권발행결정),convertible_bond,20260824,negative,-60,C,Convertible bonds may create future dilution risk.,5,7,3,4,5,"[코스피·코스닥, HD한국조선해양 셀트리온 에코프로에이치엔 한미약품... | 코스피·코스닥지수, 주요 기업 공시 잇따라…대규모 유증부터 조선 수... | [공시] 인바이츠바이오코아 '거래정지', 네오이뮨텍·안지오랩 '투자경...",,,,No next trading day price data available yet.,pending
351320,넥사다이내믹스,주요사항보고서(전환사채권발행결정),convertible_bond,20260824,negative,-60,C,Convertible bonds may create future dilution risk.,5,7,3,4,5,"[코스피·코스닥, HD한국조선해양 셀트리온 에코프로에이치엔 한미약품... | 코스피·코스닥지수, 주요 기업 공시 잇따라…대규모 유증부터 조선 수... | [공시] 인바이츠바이오코아 '거래정지', 네오이뮨텍·안지오랩 '투자경...",,,,No next trading day price data available yet.,pending
351320,넥사다이내믹스,주요사항보고서(전환사채권발행결정),convertible_bond,20260824,negative,-60,C,Convertible bonds may create future dilution risk.,5,7,3,4,5,"[코스피·코스닥, HD한국조선해양 셀트리온 에코프로에이치엔 한미약품... | 코스피·코스닥지수, 주요 기업 공시 잇따라…대규모 유증부터 조선 수... | [공시] 인바이츠바이오코아 '거래정지', 네오이뮨텍·안지오랩 '투자경...",,,,No next trading day price data available yet.,pending
351320,넥사다이내믹스,주요사항보고서(전환사채권발행결정),convertible_bond,20260824,negative,-60,C,Convertible bonds may create future dilution risk.,5,7,3,4,5,"[코스피·코스닥, HD한국조선해양 셀트리온 에코프로에이치엔 한미약품... | 코스피·코스닥지수, 주요 기업 공시 잇따라…대규모 유증부터 조선 수... | [공시] 인바이츠바이오코아 '거래정지', 네오이뮨텍·안지오랩 '투자경...",,,,No next trading day price data available yet.,pending
351320,넥사다이내믹스,주요사항보고서(전환사채권발행결정),convertible_bond,20260824,negative,-60,C,Convertible bonds may create future dilution risk.,5,7,3,4,5,"[코스피·코스닥, HD한국조선해양 셀트리온 에코프로에이치엔 한미약품... | 코스피·코스닥지수, 주요 기업 공시 잇따라…대규모 유증부터 조선 수... | [공시] 인바이츠바이오코아 '거래정지', 네오이뮨텍·안지오랩 '투자경...",,,,No next trading day price data available yet.,pending
351320,넥사다이내믹스,주요사항보고서(전환사채권발행결정),convertible_bond,20260824,negative,-60,C,Convertible bonds may create future dilution risk.,5,7,3,4,5,"[코스피·코스닥, HD한국조선해양 셀트리온 에코프로에이치엔 한미약품... | 코스피·코스닥지수, 주요 기업 공시 잇따라…대규모 유증부터 조선 수... | [공시] 인바이츠바이오코아 '거래정지', 네오이뮨텍·안지오랩 '투자경...",,,,No next trading day price data available yet.,pending
351320,넥사다이내믹스,주요사항보고서(전환사채권발행결정),convertible_bond,20260824,negative,-60,C,Convertible bonds may create future dilution risk.,5,7,3,4,5,"[코스피·코스닥, HD한국조선해양 셀트리온 에코프로에이치엔 한미약품... | 코스피·코스닥지수, 주요 기업 공시 잇따라…대규모 유증부터 조선 수... | [공시] 인바이츠바이오코아 '거래정지', 네오이뮨텍·안지오랩 '투자경...",,,,No next trading day price data available yet.,pending
351320,넥사다이내믹스,주요사항보고서(전환사채권발행결정),convertible_bond,20260824,negative,-60,C,Convertible bonds may create future dilution risk.,5,7,3,4,5,"[코스피·코스닥, HD한국조선해양 셀트리온 에코프로에이치엔 한미약품... | 코스피·코스닥지수, 주요 기업 공시 잇따라…대규모 유증부터 조선 수... | [공시] 인바이츠바이오코아 '거래정지', 네오이뮨텍·안지오랩 '투자경...",,,,No next trading day price data available yet.,pending
351320,넥사다이내믹스,주요사항보고서(전환사채권발행결정),convertible_bond,20260824,negative,-60,C,Convertible bonds may create future dilution risk.,5,7,3,4,5,"[코스피·코스닥, HD한국조선해양 셀트리온 에코프로에이치엔 한미약품... | 코스피·코스닥지수, 주요 기업 공시 잇따라…대규모 유증부터 조선 수... | [공시] 인바이츠바이오코아 '거래정지', 네오이뮨텍·안지오랩 '투자경...",,,,No next trading day price data available yet.,pending
351320,넥사다이내믹스,주요사항보고서(전환사채권발행결정),convertible_bond,20260824,negative,-60,C,Convertible bonds may create future dilution risk.,5,7,3,4,5,"[코스피·코스닥, HD한국조선해양 셀트리온 에코프로에이치엔 한미약품... | 코스피·코스닥지수, 주요 기업 공시 잇따라…대규모 유증부터 조선 수... | [공시] 인바이츠바이오코아 '거래정지', 네오이뮨텍·안지오랩 '투자경...",,,,No next trading day price data available yet.,pending
351320,넥사다이내믹스,주요사항보고서(전환사채권발행결정),convertible_bond,20260824,negative,-60,C,Convertible bonds may create future dilution risk.,5,7,3,4,5,"[코스피·코스닥, HD한국조선해양 셀트리온 에코프로에이치엔 한미약품... | 코스피·코스닥지수, 주요 기업 공시 잇따라…대규모 유증부터 조선 수... | [공시] 인바이츠바이오코아 '거래정지', 네오이뮨텍·안지오랩 '투자경...",,,,No next trading day price data available yet.,pending
351320,넥사다이내믹스,주요사항보고서(전환사채권발행결정),convertible_bond,20260824,negative,-60,C,Convertible bonds may create future dilution risk.,5,7,3,4,5,"[코스피·코스닥, HD한국조선해양 셀트리온 에코프로에이치엔 한미약품... | 코스피·코스닥지수, 주요 기업 공시 잇따라…대규모 유증부터 조선 수... | [공시] 인바이츠바이오코아 '거래정지', 네오이뮨텍·안지오랩 '투자경...",,,,No next trading day price data available yet.,pending
351320,넥사다이내믹스,주요사항보고서(전환사채권발행결정),convertible_bond,20260824,negative,-60,C,Convertible bonds may create future dilution risk.,5,7,3,4,5,"[코스피·코스닥, HD한국조선해양 셀트리온 에코프로에이치엔 한미약품... | 코스피·코스닥지수, 주요 기업 공시 잇따라…대규모 유증부터 조선 수... | [공시] 인바이츠바이오코아 '거래정지', 네오이뮨텍·안지오랩 '투자경...",,,,No next trading day price data available yet.,pending
351320,넥사다이내믹스,주요사항보고서(전환사채권발행결정),convertible_bond,20260824,negative,-60,C,Convertible bonds may create future dilution risk.,5,7,3,4,5,"[코스피·코스닥, HD한국조선해양 셀트리온 에코프로에이치엔 한미약품... | 코스피·코스닥지수, 주요 기업 공시 잇따라…대규모 유증부터 조선 수... | [공시] 인바이츠바이오코아 '거래정지', 네오이뮨텍·안지오랩 '투자경...",,,,No next trading day price data available yet.,pending
351320,넥사다이내믹스,주요사항보고서(전환사채권발행결정),convertible_bond,20260824,negative,-60,C,Convertible bonds may create future dilution risk.,5,7,3,4,5,"[코스피·코스닥, HD한국조선해양 셀트리온 에코프로에이치엔 한미약품... | 코스피·코스닥지수, 주요 기업 공시 잇따라…대규모 유증부터 조선 수... | [공시] 인바이츠바이오코아 '거래정지', 네오이뮨텍·안지오랩 '투자경...",,,,No next trading day price data available yet.,pending
351320,넥사다이내믹스,주요사항보고서(전환사채권발행결정),convertible_bond,20260824,negative,-60,C,Convertible bonds may create future dilution risk.,5,7,3,4,5,"[코스피·코스닥, HD한국조선해양 셀트리온 에코프로에이치엔 한미약품... | 코스피·코스닥지수, 주요 기업 공시 잇따라…대규모 유증부터 조선 수... | [공시] 인바이츠바이오코아 '거래정지', 네오이뮨텍·안지오랩 '투자경...",,,,No next trading day price data available yet.,pending
351320,넥사다이내믹스,주요사항보고서(전환사채권발행결정),convertible_bond,20260824,negative,-60,C,Convertible bonds may create future dilution risk.,5,7,3,4,5,"[코스피·코스닥, HD한국조선해양 셀트리온 에코프로에이치엔 한미약품... | 코스피·코스닥지수, 주요 기업 공시 잇따라…대규모 유증부터 조선 수... | [공시] 인바이츠바이오코아 '거래정지', 네오이뮨텍·안지오랩 '투자경...",,,,No next trading day price data available yet.,pending
351320,넥사다이내믹스,주요사항보고서(전환사채권발행결정),convertible_bond,20260824,negative,-60,C,Convertible bonds may create future dilution risk.,5,7,3,4,5,"[코스피·코스닥, HD한국조선해양 셀트리온 에코프로에이치엔 한미약품... | 코스피·코스닥지수, 주요 기업 공시 잇따라…대규모 유증부터 조선 수... | [공시] 인바이츠바이오코아 '거래정지', 네오이뮨텍·안지오랩 '투자경...",,,,No next trading day price data available yet.,pending
351320,넥사다이내믹스,주요사항보고서(전환사채권발행결정),convertible_bond,20260824,negative,-60,C,Convertible bonds may create future dilution risk.,5,7,3,4,5,"[코스피·코스닥, HD한국조선해양 셀트리온 에코프로에이치엔 한미약품... | 코스피·코스닥지수, 주요 기업 공시 잇따라…대규모 유증부터 조선 수... | [공시] 인바이츠바이오코아 '거래정지', 네오이뮨텍·안지오랩 '투자경...",,,,No next trading day price data available yet.,pending
351320,넥사다이내믹스,주요사항보고서(전환사채권발행결정),convertible_bond,20260824,negative,-60,C,Convertible bonds may create future dilution risk.,5,7,3,4,5,"[코스피·코스닥, HD한국조선해양 셀트리온 에코프로에이치엔 한미약품... | 코스피·코스닥지수, 주요 기업 공시 잇따라…대규모 유증부터 조선 수... | [공시] 인바이츠바이오코아 '거래정지', 네오이뮨텍·안지오랩 '투자경...",,,,No next trading day price data available yet.,pending
351320,넥사다이내믹스,주요사항보고서(전환사채권발행결정),convertible_bond,20260824,negative,-60,C,Convertible bonds may create future dilution risk.,5,7,3,4,5,"[코스피·코스닥, HD한국조선해양 셀트리온 에코프로에이치엔 한미약품... | 코스피·코스닥지수, 주요 기업 공시 잇따라…대규모 유증부터 조선 수... | [공시] 인바이츠바이오코아 '거래정지', 네오이뮨텍·안지오랩 '투자경...",,,,No next trading day price data available yet.,pending
351320,넥사다이내믹스,주요사항보고서(전환사채권발행결정),convertible_bond,20260824,negative,-60,C,Convertible bonds may create future dilution risk.,5,7,3,4,5,"[코스피·코스닥, HD한국조선해양 셀트리온 에코프로에이치엔 한미약품... | 코스피·코스닥지수, 주요 기업 공시 잇따라…대규모 유증부터 조선 수... | [공시] 인바이츠바이오코아 '거래정지', 네오이뮨텍·안지오랩 '투자경...",,,,No next trading day price data available yet.,pending
351320,넥사다이내믹스,주요사항보고서(전환사채권발행결정),convertible_bond,20260824,negative,-60,C,Convertible bonds may create future dilution risk.,5,7,3,4,5,"[코스피·코스닥, HD한국조선해양 셀트리온 에코프로에이치엔 한미약품... | 코스피·코스닥지수, 주요 기업 공시 잇따라…대규모 유증부터 조선 수... | [공시] 인바이츠바이오코아 '거래정지', 네오이뮨텍·안지오랩 '투자경...",,,,No next trading day price data available yet.,pending
351320,넥사다이내믹스,주요사항보고서(전환사채권발행결정),convertible_bond,20260824,negative,-60,C,Convertible bonds may create future dilution risk.,5,7,3,4,5,"[코스피·코스닥, HD한국조선해양 셀트리온 에코프로에이치엔 한미약품... | 코스피·코스닥지수, 주요 기업 공시 잇따라…대규모 유증부터 조선 수... | [공시] 인바이츠바이오코아 '거래정지', 네오이뮨텍·안지오랩 '투자경...",,,,No next trading day price data available yet.,pending
351320,넥사다이내믹스,주요사항보고서(전환사채권발행결정),convertible_bond,20260824,negative,-60,C,Convertible bonds may create future dilution risk.,5,7,3,4,5,"[코스피·코스닥, HD한국조선해양 셀트리온 에코프로에이치엔 한미약품... | 코스피·코스닥지수, 주요 기업 공시 잇따라…대규모 유증부터 조선 수... | [공시] 인바이츠바이오코아 '거래정지', 네오이뮨텍·안지오랩 '투자경...",,,,No next trading day price data available yet.,pending
351320,넥사다이내믹스,주요사항보고서(전환사채권발행결정),convertible_bond,20260824,negative,-60,C,Convertible bonds may create future dilution risk.,5,7,3,4,5,"[코스피·코스닥, HD한국조선해양 셀트리온 에코프로에이치엔 한미약품... | 코스피·코스닥지수, 주요 기업 공시 잇따라…대규모 유증부터 조선 수... | [공시] 인바이츠바이오코아 '거래정지', 네오이뮨텍·안지오랩 '투자경...",,,,No next trading day price data available yet.,pending
351320,넥사다이내믹스,주요사항보고서(전환사채권발행결정),convertible_bond,20260824,negative,-60,C,Convertible bonds may create future dilution risk.,5,7,3,4,5,"[코스피·코스닥, HD한국조선해양 셀트리온 에코프로에이치엔 한미약품... | 코스피·코스닥지수, 주요 기업 공시 잇따라…대규모 유증부터 조선 수... | [공시] 인바이츠바이오코아 '거래정지', 네오이뮨텍·안지오랩 '투자경...",,,,No next trading day price data available yet.,pending
351320,넥사다이내믹스,주요사항보고서(전환사채권발행결정),convertible_bond,20260824,negative,-60,C,Convertible bonds may create future dilution risk.,5,7,3,4,5,"[코스피·코스닥, HD한국조선해양 셀트리온 에코프로에이치엔 한미약품... | 코스피·코스닥지수, 주요 기업 공시 잇따라…대규모 유증부터 조선 수... | [공시] 인바이츠바이오코아 '거래정지', 네오이뮨텍·안지오랩 '투자경...",,,,No next trading day price data available yet.,pending
351320,넥사다이내믹스,주요사항보고서(전환사채권발행결정),convertible_bond,20260824,negative,-60,C,Convertible bonds may create future dilution risk.,5,7,3,4,5,"[코스피·코스닥, HD한국조선해양 셀트리온 에코프로에이치엔 한미약품... | 코스피·코스닥지수, 주요 기업 공시 잇따라…대규모 유증부터 조선 수... | [공시] 인바이츠바이오코아 '거래정지', 네오이뮨텍·안지오랩 '투자경...",,,,No next trading day price data available yet.,pending
351320,넥사다이내믹스,주요사항보고서(전환사채권발행결정),convertible_bond,20260824,negative,-60,C,Convertible bonds may create future dilution risk.,5,7,3,4,5,"[코스피·코스닥, HD한국조선해양 셀트리온 에코프로에이치엔 한미약품... | 코스피·코스닥지수, 주요 기업 공시 잇따라…대규모 유증부터 조선 수... | [공시] 인바이츠바이오코아 '거래정지', 네오이뮨텍·안지오랩 '투자경...",,,,No next trading day price data available yet.,pending
351320,넥사다이내믹스,주요사항보고서(전환사채권발행결정),convertible_bond,20260824,negative,-60,C,Convertible bonds may create future dilution risk.,5,7,3,4,5,"[코스피·코스닥, HD한국조선해양 셀트리온 에코프로에이치엔 한미약품... | 코스피·코스닥지수, 주요 기업 공시 잇따라…대규모 유증부터 조선 수... | [공시] 인바이츠바이오코아 '거래정지', 네오이뮨텍·안지오랩 '투자경...",,,,No next trading day price data available yet.,pending
351320,넥사다이내믹스,주요사항보고서(전환사채권발행결정),convertible_bond,20260824,negative,-60,C,Convertible bonds may create future dilution risk.,5,7,3,4,5,"[코스피·코스닥, HD한국조선해양 셀트리온 에코프로에이치엔 한미약품... | 코스피·코스닥지수, 주요 기업 공시 잇따라…대규모 유증부터 조선 수... | [공시] 인바이츠바이오코아 '거래정지', 네오이뮨텍·안지오랩 '투자경...",,,,No next trading day price data available yet.,pending
351320,넥사다이내믹스,주요사항보고서(전환사채권발행결정),convertible_bond,20260824,negative,-60,C,Convertible bonds may create future dilution risk.,5,7,3,4,5,"[코스피·코스닥, HD한국조선해양 셀트리온 에코프로에이치엔 한미약품... | 코스피·코스닥지수, 주요 기업 공시 잇따라…대규모 유증부터 조선 수... | [공시] 인바이츠바이오코아 '거래정지', 네오이뮨텍·안지오랩 '투자경...",,,,No next trading day price data available yet.,pending
351320,넥사다이내믹스,주요사항보고서(전환사채권발행결정),convertible_bond,20260824,negative,-60,C,Convertible bonds may create future dilution risk.,5,7,3,4,5,"[코스피·코스닥, HD한국조선해양 셀트리온 에코프로에이치엔 한미약품... | 코스피·코스닥지수, 주요 기업 공시 잇따라…대규모 유증부터 조선 수... | [공시] 인바이츠바이오코아 '거래정지', 네오이뮨텍·안지오랩 '투자경...",,,,No next trading day price data available yet.,pending
351320,넥사다이내믹스,주요사항보고서(전환사채권발행결정),convertible_bond,20260824,negative,-60,C,Convertible bonds may create future dilution risk.,5,7,3,4,5,"[코스피·코스닥, HD한국조선해양 셀트리온 에코프로에이치엔 한미약품... | 코스피·코스닥지수, 주요 기업 공시 잇따라…대규모 유증부터 조선 수... | [공시] 인바이츠바이오코아 '거래정지', 네오이뮨텍·안지오랩 '투자경...",,,,No next trading day price data available yet.,pending
351320,넥사다이내믹스,주요사항보고서(전환사채권발행결정),convertible_bond,20260824,negative,-60,C,Convertible bonds may create future dilution risk.,5,7,3,4,5,"[코스피·코스닥, HD한국조선해양 셀트리온 에코프로에이치엔 한미약품... | 코스피·코스닥지수, 주요 기업 공시 잇따라…대규모 유증부터 조선 수... | [공시] 인바이츠바이오코아 '거래정지', 네오이뮨텍·안지오랩 '투자경...",,,,No next trading day price data available yet.,pending
351320,넥사다이내믹스,주요사항보고서(전환사채권발행결정),convertible_bond,20260824,negative,-60,C,Convertible bonds may create future dilution risk.,5,7,3,4,5,"[코스피·코스닥, HD한국조선해양 셀트리온 에코프로에이치엔 한미약품... | 코스피·코스닥지수, 주요 기업 공시 잇따라…대규모 유증부터 조선 수... | [공시] 인바이츠바이오코아 '거래정지', 네오이뮨텍·안지오랩 '투자경...",,,,No next trading day price data available yet.,pending
351320,넥사다이내믹스,주요사항보고서(전환사채권발행결정),convertible_bond,20260824,negative,-60,C,Convertible bonds may create future dilution risk.,5,7,3,4,5,"[코스피·코스닥, HD한국조선해양 셀트리온 에코프로에이치엔 한미약품... | 코스피·코스닥지수, 주요 기업 공시 잇따라…대규모 유증부터 조선 수... | [공시] 인바이츠바이오코아 '거래정지', 네오이뮨텍·안지오랩 '투자경...",,,,No next trading day price data available yet.,pending
351320,넥사다이내믹스,주요사항보고서(전환사채권발행결정),convertible_bond,20260824,negative,-60,C,Convertible bonds may create future dilution risk.,5,7,3,4,5,"[코스피·코스닥, HD한국조선해양 셀트리온 에코프로에이치엔 한미약품... | 코스피·코스닥지수, 주요 기업 공시 잇따라…대규모 유증부터 조선 수... | [공시] 인바이츠바이오코아 '거래정지', 네오이뮨텍·안지오랩 '투자경...",,,,No next trading day price data available yet.,pending
351320,넥사다이내믹스,주요사항보고서(전환사채권발행결정),convertible_bond,20260824,negative,-60,C,Convertible bonds may create future dilution risk.,5,7,3,4,5,"[코스피·코스닥, HD한국조선해양 셀트리온 에코프로에이치엔 한미약품... | 코스피·코스닥지수, 주요 기업 공시 잇따라…대규모 유증부터 조선 수... | [공시] 인바이츠바이오코아 '거래정지', 네오이뮨텍·안지오랩 '투자경...",,,,No next trading day price data available yet.,pending
351320,넥사다이내믹스,주요사항보고서(전환사채권발행결정),convertible_bond,20260824,negative,-60,C,Convertible bonds may create future dilution risk.,5,7,3,4,5,"[코스피·코스닥, HD한국조선해양 셀트리온 에코프로에이치엔 한미약품... | 코스피·코스닥지수, 주요 기업 공시 잇따라…대규모 유증부터 조선 수... | [공시] 인바이츠바이오코아 '거래정지', 네오이뮨텍·안지오랩 '투자경...",,,,No next trading day price data available yet.,pending
351320,넥사다이내믹스,주요사항보고서(전환사채권발행결정),convertible_bond,20260824,negative,-60,C,Convertible bonds may create future dilution risk.,5,7,3,4,5,"[코스피·코스닥, HD한국조선해양 셀트리온 에코프로에이치엔 한미약품... | 코스피·코스닥지수, 주요 기업 공시 잇따라…대규모 유증부터 조선 수... | [공시] 인바이츠바이오코아 '거래정지', 네오이뮨텍·안지오랩 '투자경...",,,,No next trading day price data available yet.,pending
351320,넥사다이내믹스,주요사항보고서(전환사채권발행결정),convertible_bond,20260824,negative,-60,C,Convertible bonds may create future dilution risk.,5,7,3,4,5,"[코스피·코스닥, HD한국조선해양 셀트리온 에코프로에이치엔 한미약품... | 코스피·코스닥지수, 주요 기업 공시 잇따라…대규모 유증부터 조선 수... | [공시] 인바이츠바이오코아 '거래정지', 네오이뮨텍·안지오랩 '투자경...",,,,No next trading day price data available yet.,pending
351320,넥사다이내믹스,주요사항보고서(전환사채권발행결정),convertible_bond,20260824,negative,-60,C,Convertible bonds may create future dilution risk.,5,7,3,4,5,"[코스피·코스닥, HD한국조선해양 셀트리온 에코프로에이치엔 한미약품... | 코스피·코스닥지수, 주요 기업 공시 잇따라…대규모 유증부터 조선 수... | [공시] 인바이츠바이오코아 '거래정지', 네오이뮨텍·안지오랩 '투자경...",,,,No next trading day price data available yet.,pending
351320,넥사다이내믹스,주요사항보고서(전환사채권발행결정),convertible_bond,20260824,negative,-60,C,Convertible bonds may create future dilution risk.,5,7,3,4,5,"[코스피·코스닥, HD한국조선해양 셀트리온 에코프로에이치엔 한미약품... | 코스피·코스닥지수, 주요 기업 공시 잇따라…대규모 유증부터 조선 수... | [공시] 인바이츠바이오코아 '거래정지', 네오이뮨텍·안지오랩 '투자경...",,,,No next trading day price data available yet.,pending
351320,넥사다이내믹스,주요사항보고서(전환사채권발행결정),convertible_bond,20260824,negative,-60,C,Convertible bonds may create future dilution risk.,5,7,3,4,5,"[코스피·코스닥, HD한국조선해양 셀트리온 에코프로에이치엔 한미약품... | 코스피·코스닥지수, 주요 기업 공시 잇따라…대규모 유증부터 조선 수... | [공시] 인바이츠바이오코아 '거래정지', 네오이뮨텍·안지오랩 '투자경...",,,,No next trading day price data available yet.,pending
351320,넥사다이내믹스,주요사항보고서(전환사채권발행결정),convertible_bond,20260824,negative,-60,C,Convertible bonds may create future dilution risk.,5,7,3,4,5,"[코스피·코스닥, HD한국조선해양 셀트리온 에코프로에이치엔 한미약품... | 코스피·코스닥지수, 주요 기업 공시 잇따라…대규모 유증부터 조선 수... | [공시] 인바이츠바이오코아 '거래정지', 네오이뮨텍·안지오랩 '투자경...",,,,No next trading day price data available yet.,pending
351320,넥사다이내믹스,주요사항보고서(전환사채권발행결정),convertible_bond,20260824,negative,-60,C,Convertible bonds may create future dilution risk.,5,7,3,4,5,"[코스피·코스닥, HD한국조선해양 셀트리온 에코프로에이치엔 한미약품... | 코스피·코스닥지수, 주요 기업 공시 잇따라…대규모 유증부터 조선 수... | [공시] 인바이츠바이오코아 '거래정지', 네오이뮨텍·안지오랩 '투자경...",,,,No next trading day price data available yet.,pending
351320,넥사다이내믹스,주요사항보고서(전환사채권발행결정),convertible_bond,20260824,negative,-60,C,Convertible bonds may create future dilution risk.,5,7,3,4,5,"[코스피·코스닥, HD한국조선해양 셀트리온 에코프로에이치엔 한미약품... | 코스피·코스닥지수, 주요 기업 공시 잇따라…대규모 유증부터 조선 수... | [공시] 인바이츠바이오코아 '거래정지', 네오이뮨텍·안지오랩 '투자경...",,,,No next trading day price data available yet.,pending
351320,넥사다이내믹스,주요사항보고서(전환사채권발행결정),convertible_bond,20260824,negative,-60,C,Convertible bonds may create future dilution risk.,5,7,3,4,5,"[코스피·코스닥, HD한국조선해양 셀트리온 에코프로에이치엔 한미약품... | 코스피·코스닥지수, 주요 기업 공시 잇따라…대규모 유증부터 조선 수... | [공시] 인바이츠바이오코아 '거래정지', 네오이뮨텍·안지오랩 '투자경...",,,,No next trading day price data available yet.,pending
351320,넥사다이내믹스,주요사항보고서(전환사채권발행결정),convertible_bond,20260824,negative,-60,C,Convertible bonds may create future dilution risk.,5,7,3,4,5,"[코스피·코스닥, HD한국조선해양 셀트리온 에코프로에이치엔 한미약품... | 코스피·코스닥지수, 주요 기업 공시 잇따라…대규모 유증부터 조선 수... | [공시] 인바이츠바이오코아 '거래정지', 네오이뮨텍·안지오랩 '투자경...",,,,No next trading day price data available yet.,pending
351320,넥사다이내믹스,주요사항보고서(전환사채권발행결정),convertible_bond,20260824,negative,-60,C,Convertible bonds may create future dilution risk.,5,7,3,4,5,"[코스피·코스닥, HD한국조선해양 셀트리온 에코프로에이치엔 한미약품... | 코스피·코스닥지수, 주요 기업 공시 잇따라…대규모 유증부터 조선 수... | [공시] 인바이츠바이오코아 '거래정지', 네오이뮨텍·안지오랩 '투자경...",,,,No next trading day price data available yet.,pending
351320,넥사다이내믹스,주요사항보고서(전환사채권발행결정),convertible_bond,20260824,negative,-60,C,Convertible bonds may create future dilution risk.,5,7,3,4,5,"[코스피·코스닥, HD한국조선해양 셀트리온 에코프로에이치엔 한미약품... | 코스피·코스닥지수, 주요 기업 공시 잇따라…대규모 유증부터 조선 수... | [공시] 인바이츠바이오코아 '거래정지', 네오이뮨텍·안지오랩 '투자경...",,,,No next trading day price data available yet.,pending
351320,넥사다이내믹스,주요사항보고서(전환사채권발행결정),convertible_bond,20260824,negative,-60,C,Convertible bonds may create future dilution risk.,5,7,3,4,5,"[코스피·코스닥, HD한국조선해양 셀트리온 에코프로에이치엔 한미약품... | 코스피·코스닥지수, 주요 기업 공시 잇따라…대규모 유증부터 조선 수... | [공시] 인바이츠바이오코아 '거래정지', 네오이뮨텍·안지오랩 '투자경...",,,,No next trading day price data available yet.,pending
351320,넥사다이내믹스,주요사항보고서(전환사채권발행결정),convertible_bond,20260824,negative,-60,C,Convertible bonds may create future dilution risk.,5,7,3,4,5,"[코스피·코스닥, HD한국조선해양 셀트리온 에코프로에이치엔 한미약품... | 코스피·코스닥지수, 주요 기업 공시 잇따라…대규모 유증부터 조선 수... | [공시] 인바이츠바이오코아 '거래정지', 네오이뮨텍·안지오랩 '투자경...",,,,No next trading day price data available yet.,pending
351320,넥사다이내믹스,주요사항보고서(전환사채권발행결정),convertible_bond,20260824,negative,-60,C,Convertible bonds may create future dilution risk.,5,7,3,4,5,"[코스피·코스닥, HD한국조선해양 셀트리온 에코프로에이치엔 한미약품... | 코스피·코스닥지수, 주요 기업 공시 잇따라…대규모 유증부터 조선 수... | [공시] 인바이츠바이오코아 '거래정지', 네오이뮨텍·안지오랩 '투자경...",,,,No next trading day price data available yet.,pending
351320,넥사다이내믹스,주요사항보고서(전환사채권발행결정),convertible_bond,20260824,negative,-60,C,Convertible bonds may create future dilution risk.,5,7,3,4,5,"[코스피·코스닥, HD한국조선해양 셀트리온 에코프로에이치엔 한미약품... | 코스피·코스닥지수, 주요 기업 공시 잇따라…대규모 유증부터 조선 수... | [공시] 인바이츠바이오코아 '거래정지', 네오이뮨텍·안지오랩 '투자경...",,,,No next trading day price data available yet.,pending
351320,넥사다이내믹스,주요사항보고서(전환사채권발행결정),convertible_bond,20260824,negative,-60,C,Convertible bonds may create future dilution risk.,5,7,3,4,5,"[코스피·코스닥, HD한국조선해양 셀트리온 에코프로에이치엔 한미약품... | 코스피·코스닥지수, 주요 기업 공시 잇따라…대규모 유증부터 조선 수... | [공시] 인바이츠바이오코아 '거래정지', 네오이뮨텍·안지오랩 '투자경...",,,,No next trading day price data available yet.,pending
351320,넥사다이내믹스,주요사항보고서(전환사채권발행결정),convertible_bond,20260824,negative,-60,C,Convertible bonds may create future dilution risk.,5,7,3,4,5,"[코스피·코스닥, HD한국조선해양 셀트리온 에코프로에이치엔 한미약품... | 코스피·코스닥지수, 주요 기업 공시 잇따라…대규모 유증부터 조선 수... | [공시] 인바이츠바이오코아 '거래정지', 네오이뮨텍·안지오랩 '투자경...",,,,No next trading day price data available yet.,pending
351320,넥사다이내믹스,주요사항보고서(전환사채권발행결정),convertible_bond,20260824,negative,-60,C,Convertible bonds may create future dilution risk.,5,7,3,4,5,"[코스피·코스닥, HD한국조선해양 셀트리온 에코프로에이치엔 한미약품... | 코스피·코스닥지수, 주요 기업 공시 잇따라…대규모 유증부터 조선 수... | [공시] 인바이츠바이오코아 '거래정지', 네오이뮨텍·안지오랩 '투자경...",,,,No next trading day price data available yet.,pending
351320,넥사다이내믹스,주요사항보고서(전환사채권발행결정),convertible_bond,20260824,negative,-60,C,Convertible bonds may create future dilution risk.,5,7,3,4,5,"[코스피·코스닥, HD한국조선해양 셀트리온 에코프로에이치엔 한미약품... | 코스피·코스닥지수, 주요 기업 공시 잇따라…대규모 유증부터 조선 수... | [공시] 인바이츠바이오코아 '거래정지', 네오이뮨텍·안지오랩 '투자경...",,,,No next trading day price data available yet.,pending
351320,넥사다이내믹스,주요사항보고서(전환사채권발행결정),convertible_bond,20260824,negative,-60,C,Convertible bonds may create future dilution risk.,5,7,3,4,5,"[코스피·코스닥, HD한국조선해양 셀트리온 에코프로에이치엔 한미약품... | 코스피·코스닥지수, 주요 기업 공시 잇따라…대규모 유증부터 조선 수... | [공시] 인바이츠바이오코아 '거래정지', 네오이뮨텍·안지오랩 '투자경...",,,,No next trading day price data available yet.,pending
351320,넥사다이내믹스,주요사항보고서(전환사채권발행결정),convertible_bond,20260824,negative,-60,C,Convertible bonds may create future dilution risk.,5,7,3,4,5,"[코스피·코스닥, HD한국조선해양 셀트리온 에코프로에이치엔 한미약품... | 코스피·코스닥지수, 주요 기업 공시 잇따라…대규모 유증부터 조선 수... | [공시] 인바이츠바이오코아 '거래정지', 네오이뮨텍·안지오랩 '투자경...",,,,No next trading day price data available yet.,pending
351320,넥사다이내믹스,주요사항보고서(전환사채권발행결정),convertible_bond,20260824,negative,-60,C,Convertible bonds may create future dilution risk.,5,7,3,4,5,"[코스피·코스닥, HD한국조선해양 셀트리온 에코프로에이치엔 한미약품... | 코스피·코스닥지수, 주요 기업 공시 잇따라…대규모 유증부터 조선 수... | [공시] 인바이츠바이오코아 '거래정지', 네오이뮨텍·안지오랩 '투자경...",,,,No next trading day price data available yet.,pending
351320,넥사다이내믹스,주요사항보고서(전환사채권발행결정),convertible_bond,20260824,negative,-60,C,Convertible bonds may create future dilution risk.,5,7,3,4,5,"[코스피·코스닥, HD한국조선해양 셀트리온 에코프로에이치엔 한미약품... | 코스피·코스닥지수, 주요 기업 공시 잇따라…대규모 유증부터 조선 수... | [공시] 인바이츠바이오코아 '거래정지', 네오이뮨텍·안지오랩 '투자경...",,,,No next trading day price data available yet.,pending
351320,넥사다이내믹스,주요사항보고서(전환사채권발행결정),convertible_bond,20260824,negative,-60,C,Convertible bonds may create future dilution risk.,5,7,3,4,5,"[코스피·코스닥, HD한국조선해양 셀트리온 에코프로에이치엔 한미약품... | 코스피·코스닥지수, 주요 기업 공시 잇따라…대규모 유증부터 조선 수... | [공시] 인바이츠바이오코아 '거래정지', 네오이뮨텍·안지오랩 '투자경...",,,,No next trading day price data available yet.,pending
351320,넥사다이내믹스,주요사항보고서(전환사채권발행결정),convertible_bond,20260824,negative,-60,C,Convertible bonds may create future dilution risk.,5,7,3,4,5,"[코스피·코스닥, HD한국조선해양 셀트리온 에코프로에이치엔 한미약품... | 코스피·코스닥지수, 주요 기업 공시 잇따라…대규모 유증부터 조선 수... | [공시] 인바이츠바이오코아 '거래정지', 네오이뮨텍·안지오랩 '투자경...",,,,No next trading day price data available yet.,pending
351320,넥사다이내믹스,주요사항보고서(전환사채권발행결정),convertible_bond,20260824,negative,-60,C,Convertible bonds may create future dilution risk.,5,7,3,4,5,"[코스피·코스닥, HD한국조선해양 셀트리온 에코프로에이치엔 한미약품... | 코스피·코스닥지수, 주요 기업 공시 잇따라…대규모 유증부터 조선 수... | [공시] 인바이츠바이오코아 '거래정지', 네오이뮨텍·안지오랩 '투자경...",,,,No next trading day price data available yet.,pending
351320,넥사다이내믹스,주요사항보고서(전환사채권발행결정),convertible_bond,20260824,negative,-60,C,Convertible bonds may create future dilution risk.,5,7,3,4,5,"[코스피·코스닥, HD한국조선해양 셀트리온 에코프로에이치엔 한미약품... | 코스피·코스닥지수, 주요 기업 공시 잇따라…대규모 유증부터 조선 수... | [공시] 인바이츠바이오코아 '거래정지', 네오이뮨텍·안지오랩 '투자경...",,,,No next trading day price data available yet.,pending
351320,넥사다이내믹스,주요사항보고서(전환사채권발행결정),convertible_bond,20260824,negative,-60,C,Convertible bonds may create future dilution risk.,5,7,3,4,5,"[코스피·코스닥, HD한국조선해양 셀트리온 에코프로에이치엔 한미약품... | 코스피·코스닥지수, 주요 기업 공시 잇따라…대규모 유증부터 조선 수... | [공시] 인바이츠바이오코아 '거래정지', 네오이뮨텍·안지오랩 '투자경...",,,,No next trading day price data available yet.,pending
351320,넥사다이내믹스,주요사항보고서(전환사채권발행결정),convertible_bond,20260824,negative,-60,C,Convertible bonds may create future dilution risk.,5,7,3,4,5,"[코스피·코스닥, HD한국조선해양 셀트리온 에코프로에이치엔 한미약품... | 코스피·코스닥지수, 주요 기업 공시 잇따라…대규모 유증부터 조선 수... | [공시] 인바이츠바이오코아 '거래정지', 네오이뮨텍·안지오랩 '투자경...",,,,No next trading day price data available yet.,pending
351320,넥사다이내믹스,주요사항보고서(전환사채권발행결정),convertible_bond,20260824,negative,-60,C,Convertible bonds may create future dilution risk.,5,7,3,4,5,"[코스피·코스닥, HD한국조선해양 셀트리온 에코프로에이치엔 한미약품... | 코스피·코스닥지수, 주요 기업 공시 잇따라…대규모 유증부터 조선 수... | [공시] 인바이츠바이오코아 '거래정지', 네오이뮨텍·안지오랩 '투자경...",,,,No next trading day price data available yet.,pending
351320,넥사다이내믹스,주요사항보고서(전환사채권발행결정),convertible_bond,20260824,negative,-60,C,Convertible bonds may create future dilution risk.,5,7,3,4,5,"[코스피·코스닥, HD한국조선해양 셀트리온 에코프로에이치엔 한미약품... | 코스피·코스닥지수, 주요 기업 공시 잇따라…대규모 유증부터 조선 수... | [공시] 인바이츠바이오코아 '거래정지', 네오이뮨텍·안지오랩 '투자경...",,,,No next trading day price data available yet.,pending
351320,넥사다이내믹스,주요사항보고서(전환사채권발행결정),convertible_bond,20260824,negative,-60,C,Convertible bonds may create future dilution risk.,5,7,3,4,5,"[코스피·코스닥, HD한국조선해양 셀트리온 에코프로에이치엔 한미약품... | 코스피·코스닥지수, 주요 기업 공시 잇따라…대규모 유증부터 조선 수... | [공시] 인바이츠바이오코아 '거래정지', 네오이뮨텍·안지오랩 '투자경...",,,,No next trading day price data available yet.,pending
351320,넥사다이내믹스,주요사항보고서(전환사채권발행결정),convertible_bond,20260824,negative,-60,C,Convertible bonds may create future dilution risk.,5,7,3,4,5,"[코스피·코스닥, HD한국조선해양 셀트리온 에코프로에이치엔 한미약품... | 코스피·코스닥지수, 주요 기업 공시 잇따라…대규모 유증부터 조선 수... | [공시] 인바이츠바이오코아 '거래정지', 네오이뮨텍·안지오랩 '투자경...",,,,No next trading day price data available yet.,pending
351320,넥사다이내믹스,주요사항보고서(전환사채권발행결정),convertible_bond,20260824,negative,-60,C,Convertible bonds may create future dilution risk.,5,7,3,4,5,"[코스피·코스닥, HD한국조선해양 셀트리온 에코프로에이치엔 한미약품... | 코스피·코스닥지수, 주요 기업 공시 잇따라…대규모 유증부터 조선 수... | [공시] 인바이츠바이오코아 '거래정지', 네오이뮨텍·안지오랩 '투자경...",,,,No next trading day price data available yet.,pending
351320,넥사다이내믹스,주요사항보고서(전환사채권발행결정),convertible_bond,20260824,negative,-60,C,Convertible bonds may create future dilution risk.,5,7,3,4,5,"[코스피·코스닥, HD한국조선해양 셀트리온 에코프로에이치엔 한미약품... | 코스피·코스닥지수, 주요 기업 공시 잇따라…대규모 유증부터 조선 수... | [공시] 인바이츠바이오코아 '거래정지', 네오이뮨텍·안지오랩 '투자경...",,,,No next trading day price data available yet.,pending
351320,넥사다이내믹스,주요사항보고서(전환사채권발행결정),convertible_bond,20260824,negative,-60,C,Convertible bonds may create future dilution risk.,5,7,3,4,5,"[코스피·코스닥, HD한국조선해양 셀트리온 에코프로에이치엔 한미약품... | 코스피·코스닥지수, 주요 기업 공시 잇따라…대규모 유증부터 조선 수... | [공시] 인바이츠바이오코아 '거래정지', 네오이뮨텍·안지오랩 '투자경...",,,,No next trading day price data available yet.,pending
351320,넥사다이내믹스,주요사항보고서(전환사채권발행결정),convertible_bond,20260824,negative,-60,C,Convertible bonds may create future dilution risk.,5,7,3,4,5,"[코스피·코스닥, HD한국조선해양 셀트리온 에코프로에이치엔 한미약품... | 코스피·코스닥지수, 주요 기업 공시 잇따라…대규모 유증부터 조선 수... | [공시] 인바이츠바이오코아 '거래정지', 네오이뮨텍·안지오랩 '투자경...",,,,No next trading day price data available yet.,pending
351320,넥사다이내믹스,주요사항보고서(전환사채권발행결정),convertible_bond,20260824,negative,-60,C,Convertible bonds may create future dilution risk.,5,7,3,4,5,"[코스피·코스닥, HD한국조선해양 셀트리온 에코프로에이치엔 한미약품... | 코스피·코스닥지수, 주요 기업 공시 잇따라…대규모 유증부터 조선 수... | [공시] 인바이츠바이오코아 '거래정지', 네오이뮨텍·안지오랩 '투자경...",,,,No next trading day price data available yet.,pending
351320,넥사다이내믹스,주요사항보고서(전환사채권발행결정),convertible_bond,20260824,negative,-60,C,Convertible bonds may create future dilution risk.,5,7,3,4,5,"[코스피·코스닥, HD한국조선해양 셀트리온 에코프로에이치엔 한미약품... | 코스피·코스닥지수, 주요 기업 공시 잇따라…대규모 유증부터 조선 수... | [공시] 인바이츠바이오코아 '거래정지', 네오이뮨텍·안지오랩 '투자경...",,,,No next trading day price data available yet.,pending
351320,넥사다이내믹스,주요사항보고서(전환사채권발행결정),convertible_bond,20260824,negative,-60,C,Convertible bonds may create future dilution risk.,5,7,3,4,5,"[코스피·코스닥, HD한국조선해양 셀트리온 에코프로에이치엔 한미약품... | 코스피·코스닥지수, 주요 기업 공시 잇따라…대규모 유증부터 조선 수... | [공시] 인바이츠바이오코아 '거래정지', 네오이뮨텍·안지오랩 '투자경...",,,,No next trading day price data available yet.,pending
351320,넥사다이내믹스,주요사항보고서(전환사채권발행결정),convertible_bond,20260824,negative,-60,C,Convertible bonds may create future dilution risk.,5,7,3,4,5,"[코스피·코스닥, HD한국조선해양 셀트리온 에코프로에이치엔 한미약품... | 코스피·코스닥지수, 주요 기업 공시 잇따라…대규모 유증부터 조선 수... | [공시] 인바이츠바이오코아 '거래정지', 네오이뮨텍·안지오랩 '투자경...",,,,No next trading day price data available yet.,pending
351320,넥사다이내믹스,주요사항보고서(전환사채권발행결정),convertible_bond,20260824,negative,-60,C,Convertible bonds may create future dilution risk.,5,7,3,4,5,"[코스피·코스닥, HD한국조선해양 셀트리온 에코프로에이치엔 한미약품... | 코스피·코스닥지수, 주요 기업 공시 잇따라…대규모 유증부터 조선 수... | [공시] 인바이츠바이오코아 '거래정지', 네오이뮨텍·안지오랩 '투자경...",,,,No next trading day price data available yet.,pending
351320,넥사다이내믹스,주요사항보고서(전환사채권발행결정),convertible_bond,20260824,negative,-60,C,Convertible bonds may create future dilution risk.,5,7,3,4,5,"[코스피·코스닥, HD한국조선해양 셀트리온 에코프로에이치엔 한미약품... | 코스피·코스닥지수, 주요 기업 공시 잇따라…대규모 유증부터 조선 수... | [공시] 인바이츠바이오코아 '거래정지', 네오이뮨텍·안지오랩 '투자경...",,,,No next trading day price data available yet.,pending
351320,넥사다이내믹스,주요사항보고서(전환사채권발행결정),convertible_bond,20260824,negative,-60,C,Convertible bonds may create future dilution risk.,5,7,3,4,5,"[코스피·코스닥, HD한국조선해양 셀트리온 에코프로에이치엔 한미약품... | 코스피·코스닥지수, 주요 기업 공시 잇따라…대규모 유증부터 조선 수... | [공시] 인바이츠바이오코아 '거래정지', 네오이뮨텍·안지오랩 '투자경...",,,,No next trading day price data available yet.,pending
351320,넥사다이내믹스,주요사항보고서(전환사채권발행결정),convertible_bond,20260824,negative,-60,C,Convertible bonds may create future dilution risk.,5,7,3,4,5,"[코스피·코스닥, HD한국조선해양 셀트리온 에코프로에이치엔 한미약품... | 코스피·코스닥지수, 주요 기업 공시 잇따라…대규모 유증부터 조선 수... | [공시] 인바이츠바이오코아 '거래정지', 네오이뮨텍·안지오랩 '투자경...",,,,No next trading day price data available yet.,pending
351320,넥사다이내믹스,주요사항보고서(전환사채권발행결정),convertible_bond,20260824,negative,-60,C,Convertible bonds may create future dilution risk.,5,7,3,4,5,"[코스피·코스닥, HD한국조선해양 셀트리온 에코프로에이치엔 한미약품... | 코스피·코스닥지수, 주요 기업 공시 잇따라…대규모 유증부터 조선 수... | [공시] 인바이츠바이오코아 '거래정지', 네오이뮨텍·안지오랩 '투자경...",,,,No next trading day price data available yet.,pending
351320,넥사다이내믹스,주요사항보고서(전환사채권발행결정),convertible_bond,20260824,negative,-60,C,Convertible bonds may create future dilution risk.,5,7,3,4,5,"[코스피·코스닥, HD한국조선해양 셀트리온 에코프로에이치엔 한미약품... | 코스피·코스닥지수, 주요 기업 공시 잇따라…대규모 유증부터 조선 수... | [공시] 인바이츠바이오코아 '거래정지', 네오이뮨텍·안지오랩 '투자경...",,,,No next trading day price data available yet.,pending
351320,넥사다이내믹스,주요사항보고서(전환사채권발행결정),convertible_bond,20260824,negative,-60,C,Convertible bonds may create future dilution risk.,5,7,3,4,5,"[코스피·코스닥, HD한국조선해양 셀트리온 에코프로에이치엔 한미약품... | 코스피·코스닥지수, 주요 기업 공시 잇따라…대규모 유증부터 조선 수... | [공시] 인바이츠바이오코아 '거래정지', 네오이뮨텍·안지오랩 '투자경...",,,,No next trading day price data available yet.,pending
351320,넥사다이내믹스,주요사항보고서(전환사채권발행결정),convertible_bond,20260824,negative,-60,C,Convertible bonds may create future dilution risk.,5,7,3,4,5,"[코스피·코스닥, HD한국조선해양 셀트리온 에코프로에이치엔 한미약품... | 코스피·코스닥지수, 주요 기업 공시 잇따라…대규모 유증부터 조선 수... | [공시] 인바이츠바이오코아 '거래정지', 네오이뮨텍·안지오랩 '투자경...",,,,No next trading day price data available yet.,pending
351320,넥사다이내믹스,주요사항보고서(전환사채권발행결정),convertible_bond,20260824,negative,-60,C,Convertible bonds may create future dilution risk.,5,7,3,4,5,"[코스피·코스닥, HD한국조선해양 셀트리온 에코프로에이치엔 한미약품... | 코스피·코스닥지수, 주요 기업 공시 잇따라…대규모 유증부터 조선 수... | [공시] 인바이츠바이오코아 '거래정지', 네오이뮨텍·안지오랩 '투자경...",,,,No next trading day price data available yet.,pending
351320,넥사다이내믹스,주요사항보고서(전환사채권발행결정),convertible_bond,20260824,negative,-60,C,Convertible bonds may create future dilution risk.,5,7,3,4,5,"[코스피·코스닥, HD한국조선해양 셀트리온 에코프로에이치엔 한미약품... | 코스피·코스닥지수, 주요 기업 공시 잇따라…대규모 유증부터 조선 수... | [공시] 인바이츠바이오코아 '거래정지', 네오이뮨텍·안지오랩 '투자경...",,,,No next trading day price data available yet.,pending
351320,넥사다이내믹스,주요사항보고서(전환사채권발행결정),convertible_bond,20260824,negative,-60,C,Convertible bonds may create future dilution risk.,5,7,3,4,5,"[코스피·코스닥, HD한국조선해양 셀트리온 에코프로에이치엔 한미약품... | 코스피·코스닥지수, 주요 기업 공시 잇따라…대규모 유증부터 조선 수... | [공시] 인바이츠바이오코아 '거래정지', 네오이뮨텍·안지오랩 '투자경...",,,,No next trading day price data available yet.,pending
351320,넥사다이내믹스,주요사항보고서(전환사채권발행결정),convertible_bond,20260824,negative,-60,C,Convertible bonds may create future dilution risk.,5,7,3,4,5,"[코스피·코스닥, HD한국조선해양 셀트리온 에코프로에이치엔 한미약품... | 코스피·코스닥지수, 주요 기업 공시 잇따라…대규모 유증부터 조선 수... | [공시] 인바이츠바이오코아 '거래정지', 네오이뮨텍·안지오랩 '투자경...",,,,No next trading day price data available yet.,pending
351320,넥사다이내믹스,주요사항보고서(전환사채권발행결정),convertible_bond,20260824,negative,-60,C,Convertible bonds may create future dilution risk.,5,7,3,4,5,"[코스피·코스닥, HD한국조선해양 셀트리온 에코프로에이치엔 한미약품... | 코스피·코스닥지수, 주요 기업 공시 잇따라…대규모 유증부터 조선 수... | [공시] 인바이츠바이오코아 '거래정지', 네오이뮨텍·안지오랩 '투자경...",,,,No next trading day price data available yet.,pending
351320,넥사다이내믹스,주요사항보고서(전환사채권발행결정),convertible_bond,20260824,negative,-60,C,Convertible bonds may create future dilution risk.,5,7,3,4,5,"[코스피·코스닥, HD한국조선해양 셀트리온 에코프로에이치엔 한미약품... | 코스피·코스닥지수, 주요 기업 공시 잇따라…대규모 유증부터 조선 수... | [공시] 인바이츠바이오코아 '거래정지', 네오이뮨텍·안지오랩 '투자경...",,,,No next trading day price data available yet.,pending
351320,넥사다이내믹스,주요사항보고서(전환사채권발행결정),convertible_bond,20260824,negative,-60,C,Convertible bonds may create future dilution risk.,5,7,3,4,5,"[코스피·코스닥, HD한국조선해양 셀트리온 에코프로에이치엔 한미약품... | 코스피·코스닥지수, 주요 기업 공시 잇따라…대규모 유증부터 조선 수... | [공시] 인바이츠바이오코아 '거래정지', 네오이뮨텍·안지오랩 '투자경...",,,,No next trading day price data available yet.,pending
351320,넥사다이내믹스,주요사항보고서(전환사채권발행결정),convertible_bond,20260824,negative,-60,C,Convertible bonds may create future dilution risk.,5,7,3,4,5,"[코스피·코스닥, HD한국조선해양 셀트리온 에코프로에이치엔 한미약품... | 코스피·코스닥지수, 주요 기업 공시 잇따라…대규모 유증부터 조선 수... | [공시] 인바이츠바이오코아 '거래정지', 네오이뮨텍·안지오랩 '투자경...",,,,No next trading day price data available yet.,pending
351320,넥사다이내믹스,주요사항보고서(전환사채권발행결정),convertible_bond,20260824,negative,-60,C,Convertible bonds may create future dilution risk.,5,7,3,4,5,"[코스피·코스닥, HD한국조선해양 셀트리온 에코프로에이치엔 한미약품... | 코스피·코스닥지수, 주요 기업 공시 잇따라…대규모 유증부터 조선 수... | [공시] 인바이츠바이오코아 '거래정지', 네오이뮨텍·안지오랩 '투자경...",,,,No next trading day price data available yet.,pending
351320,넥사다이내믹스,주요사항보고서(전환사채권발행결정),convertible_bond,20260824,negative,-60,C,Convertible bonds may create future dilution risk.,5,7,3,4,5,"[코스피·코스닥, HD한국조선해양 셀트리온 에코프로에이치엔 한미약품... | 코스피·코스닥지수, 주요 기업 공시 잇따라…대규모 유증부터 조선 수... | [공시] 인바이츠바이오코아 '거래정지', 네오이뮨텍·안지오랩 '투자경...",,,,No next trading day price data available yet.,pending
351320,넥사다이내믹스,주요사항보고서(전환사채권발행결정),convertible_bond,20260824,negative,-60,C,Convertible bonds may create future dilution risk.,5,7,3,4,5,"[코스피·코스닥, HD한국조선해양 셀트리온 에코프로에이치엔 한미약품... | 코스피·코스닥지수, 주요 기업 공시 잇따라…대규모 유증부터 조선 수... | [공시] 인바이츠바이오코아 '거래정지', 네오이뮨텍·안지오랩 '투자경...",,,,No next trading day price data available yet.,pending
351320,넥사다이내믹스,주요사항보고서(유상증자결정),paid_in_capital_increase,20260824,negative,-70,C,Paid-in capital increases can create dilution concerns.,5,7,3,4,5,"[코스피·코스닥, HD한국조선해양 셀트리온 에코프로에이치엔 한미약품... | 코스피·코스닥지수, 주요 기업 공시 잇따라…대규모 유증부터 조선 수... | [공시] 인바이츠바이오코아 '거래정지', 네오이뮨텍·안지오랩 '투자경...",,,,No next trading day price data available yet.,pending
351320,넥사다이내믹스,주요사항보고서(유상증자결정),paid_in_capital_increase,20260824,negative,-70,C,Paid-in capital increases can create dilution concerns.,5,7,3,4,5,"[코스피·코스닥, HD한국조선해양 셀트리온 에코프로에이치엔 한미약품... | 코스피·코스닥지수, 주요 기업 공시 잇따라…대규모 유증부터 조선 수... | [공시] 인바이츠바이오코아 '거래정지', 네오이뮨텍·안지오랩 '투자경...",,,,No next trading day price data available yet.,pending
351320,넥사다이내믹스,주요사항보고서(유상증자결정),paid_in_capital_increase,20260824,negative,-70,C,Paid-in capital increases can create dilution concerns.,5,7,3,4,5,"[코스피·코스닥, HD한국조선해양 셀트리온 에코프로에이치엔 한미약품... | 코스피·코스닥지수, 주요 기업 공시 잇따라…대규모 유증부터 조선 수... | [공시] 인바이츠바이오코아 '거래정지', 네오이뮨텍·안지오랩 '투자경...",,,,No next trading day price data available yet.,pending
351320,넥사다이내믹스,주요사항보고서(유상증자결정),paid_in_capital_increase,20260824,negative,-70,C,Paid-in capital increases can create dilution concerns.,5,7,3,4,5,"[코스피·코스닥, HD한국조선해양 셀트리온 에코프로에이치엔 한미약품... | 코스피·코스닥지수, 주요 기업 공시 잇따라…대규모 유증부터 조선 수... | [공시] 인바이츠바이오코아 '거래정지', 네오이뮨텍·안지오랩 '투자경...",,,,No next trading day price data available yet.,pending
351320,넥사다이내믹스,주요사항보고서(유상증자결정),paid_in_capital_increase,20260824,negative,-70,C,Paid-in capital increases can create dilution concerns.,5,7,3,4,5,"[코스피·코스닥, HD한국조선해양 셀트리온 에코프로에이치엔 한미약품... | 코스피·코스닥지수, 주요 기업 공시 잇따라…대규모 유증부터 조선 수... | [공시] 인바이츠바이오코아 '거래정지', 네오이뮨텍·안지오랩 '투자경...",,,,No next trading day price data available yet.,pending
351320,넥사다이내믹스,주요사항보고서(유상증자결정),paid_in_capital_increase,20260824,negative,-70,C,Paid-in capital increases can create dilution concerns.,5,7,3,4,5,"[코스피·코스닥, HD한국조선해양 셀트리온 에코프로에이치엔 한미약품... | 코스피·코스닥지수, 주요 기업 공시 잇따라…대규모 유증부터 조선 수... | [공시] 인바이츠바이오코아 '거래정지', 네오이뮨텍·안지오랩 '투자경...",,,,No next trading day price data available yet.,pending
351320,넥사다이내믹스,주요사항보고서(유상증자결정),paid_in_capital_increase,20260824,negative,-70,C,Paid-in capital increases can create dilution concerns.,5,7,3,4,5,"[코스피·코스닥, HD한국조선해양 셀트리온 에코프로에이치엔 한미약품... | 코스피·코스닥지수, 주요 기업 공시 잇따라…대규모 유증부터 조선 수... | [공시] 인바이츠바이오코아 '거래정지', 네오이뮨텍·안지오랩 '투자경...",,,,No next trading day price data available yet.,pending
351320,넥사다이내믹스,주요사항보고서(유상증자결정),paid_in_capital_increase,20260824,negative,-70,C,Paid-in capital increases can create dilution concerns.,5,7,3,4,5,"[코스피·코스닥, HD한국조선해양 셀트리온 에코프로에이치엔 한미약품... | 코스피·코스닥지수, 주요 기업 공시 잇따라…대규모 유증부터 조선 수... | [공시] 인바이츠바이오코아 '거래정지', 네오이뮨텍·안지오랩 '투자경...",,,,No next trading day price data available yet.,pending
351320,넥사다이내믹스,주요사항보고서(유상증자결정),paid_in_capital_increase,20260824,negative,-70,C,Paid-in capital increases can create dilution concerns.,5,7,3,4,5,"[코스피·코스닥, HD한국조선해양 셀트리온 에코프로에이치엔 한미약품... | 코스피·코스닥지수, 주요 기업 공시 잇따라…대규모 유증부터 조선 수... | [공시] 인바이츠바이오코아 '거래정지', 네오이뮨텍·안지오랩 '투자경...",,,,No next trading day price data available yet.,pending
351320,넥사다이내믹스,주요사항보고서(유상증자결정),paid_in_capital_increase,20260824,negative,-70,C,Paid-in capital increases can create dilution concerns.,5,7,3,4,5,"[코스피·코스닥, HD한국조선해양 셀트리온 에코프로에이치엔 한미약품... | 코스피·코스닥지수, 주요 기업 공시 잇따라…대규모 유증부터 조선 수... | [공시] 인바이츠바이오코아 '거래정지', 네오이뮨텍·안지오랩 '투자경...",,,,No next trading day price data available yet.,pending
351320,넥사다이내믹스,주요사항보고서(유상증자결정),paid_in_capital_increase,20260824,negative,-70,C,Paid-in capital increases can create dilution concerns.,5,7,3,4,5,"[코스피·코스닥, HD한국조선해양 셀트리온 에코프로에이치엔 한미약품... | 코스피·코스닥지수, 주요 기업 공시 잇따라…대규모 유증부터 조선 수... | [공시] 인바이츠바이오코아 '거래정지', 네오이뮨텍·안지오랩 '투자경...",,,,No next trading day price data available yet.,pending
351320,넥사다이내믹스,주요사항보고서(유상증자결정),paid_in_capital_increase,20260824,negative,-70,C,Paid-in capital increases can create dilution concerns.,5,7,3,4,5,"[코스피·코스닥, HD한국조선해양 셀트리온 에코프로에이치엔 한미약품... | 코스피·코스닥지수, 주요 기업 공시 잇따라…대규모 유증부터 조선 수... | [공시] 인바이츠바이오코아 '거래정지', 네오이뮨텍·안지오랩 '투자경...",,,,No next trading day price data available yet.,pending
351320,넥사다이내믹스,주요사항보고서(유상증자결정),paid_in_capital_increase,20260824,negative,-70,C,Paid-in capital increases can create dilution concerns.,5,7,3,4,5,"[코스피·코스닥, HD한국조선해양 셀트리온 에코프로에이치엔 한미약품... | 코스피·코스닥지수, 주요 기업 공시 잇따라…대규모 유증부터 조선 수... | [공시] 인바이츠바이오코아 '거래정지', 네오이뮨텍·안지오랩 '투자경...",,,,No next trading day price data available yet.,pending
351320,넥사다이내믹스,주요사항보고서(유상증자결정),paid_in_capital_increase,20260824,negative,-70,C,Paid-in capital increases can create dilution concerns.,5,7,3,4,5,"[코스피·코스닥, HD한국조선해양 셀트리온 에코프로에이치엔 한미약품... | 코스피·코스닥지수, 주요 기업 공시 잇따라…대규모 유증부터 조선 수... | [공시] 인바이츠바이오코아 '거래정지', 네오이뮨텍·안지오랩 '투자경...",,,,No next trading day price data available yet.,pending
351320,넥사다이내믹스,주요사항보고서(유상증자결정),paid_in_capital_increase,20260824,negative,-70,C,Paid-in capital increases can create dilution concerns.,5,7,3,4,5,"[코스피·코스닥, HD한국조선해양 셀트리온 에코프로에이치엔 한미약품... | 코스피·코스닥지수, 주요 기업 공시 잇따라…대규모 유증부터 조선 수... | [공시] 인바이츠바이오코아 '거래정지', 네오이뮨텍·안지오랩 '투자경...",,,,No next trading day price data available yet.,pending
351320,넥사다이내믹스,주요사항보고서(유상증자결정),paid_in_capital_increase,20260824,negative,-70,C,Paid-in capital increases can create dilution concerns.,5,7,3,4,5,"[코스피·코스닥, HD한국조선해양 셀트리온 에코프로에이치엔 한미약품... | 코스피·코스닥지수, 주요 기업 공시 잇따라…대규모 유증부터 조선 수... | [공시] 인바이츠바이오코아 '거래정지', 네오이뮨텍·안지오랩 '투자경...",,,,No next trading day price data available yet.,pending
351320,넥사다이내믹스,주요사항보고서(유상증자결정),paid_in_capital_increase,20260824,negative,-70,C,Paid-in capital increases can create dilution concerns.,5,7,3,4,5,"[코스피·코스닥, HD한국조선해양 셀트리온 에코프로에이치엔 한미약품... | 코스피·코스닥지수, 주요 기업 공시 잇따라…대규모 유증부터 조선 수... | [공시] 인바이츠바이오코아 '거래정지', 네오이뮨텍·안지오랩 '투자경...",,,,No next trading day price data available yet.,pending
351320,넥사다이내믹스,주요사항보고서(유상증자결정),paid_in_capital_increase,20260824,negative,-70,C,Paid-in capital increases can create dilution concerns.,5,7,3,4,5,"[코스피·코스닥, HD한국조선해양 셀트리온 에코프로에이치엔 한미약품... | 코스피·코스닥지수, 주요 기업 공시 잇따라…대규모 유증부터 조선 수... | [공시] 인바이츠바이오코아 '거래정지', 네오이뮨텍·안지오랩 '투자경...",,,,No next trading day price data available yet.,pending
351320,넥사다이내믹스,주요사항보고서(유상증자결정),paid_in_capital_increase,20260824,negative,-70,C,Paid-in capital increases can create dilution concerns.,5,7,3,4,5,"[코스피·코스닥, HD한국조선해양 셀트리온 에코프로에이치엔 한미약품... | 코스피·코스닥지수, 주요 기업 공시 잇따라…대규모 유증부터 조선 수... | [공시] 인바이츠바이오코아 '거래정지', 네오이뮨텍·안지오랩 '투자경...",,,,No next trading day price data available yet.,pending
351320,넥사다이내믹스,주요사항보고서(유상증자결정),paid_in_capital_increase,20260824,negative,-70,C,Paid-in capital increases can create dilution concerns.,5,7,3,4,5,"[코스피·코스닥, HD한국조선해양 셀트리온 에코프로에이치엔 한미약품... | 코스피·코스닥지수, 주요 기업 공시 잇따라…대규모 유증부터 조선 수... | [공시] 인바이츠바이오코아 '거래정지', 네오이뮨텍·안지오랩 '투자경...",,,,No next trading day price data available yet.,pending
351320,넥사다이내믹스,주요사항보고서(유상증자결정),paid_in_capital_increase,20260824,negative,-70,C,Paid-in capital increases can create dilution concerns.,5,7,3,4,5,"[코스피·코스닥, HD한국조선해양 셀트리온 에코프로에이치엔 한미약품... | 코스피·코스닥지수, 주요 기업 공시 잇따라…대규모 유증부터 조선 수... | [공시] 인바이츠바이오코아 '거래정지', 네오이뮨텍·안지오랩 '투자경...",,,,No next trading day price data available yet.,pending
351320,넥사다이내믹스,주요사항보고서(유상증자결정),paid_in_capital_increase,20260824,negative,-70,C,Paid-in capital increases can create dilution concerns.,5,7,3,4,5,"[코스피·코스닥, HD한국조선해양 셀트리온 에코프로에이치엔 한미약품... | 코스피·코스닥지수, 주요 기업 공시 잇따라…대규모 유증부터 조선 수... | [공시] 인바이츠바이오코아 '거래정지', 네오이뮨텍·안지오랩 '투자경...",,,,No next trading day price data available yet.,pending
351320,넥사다이내믹스,주요사항보고서(유상증자결정),paid_in_capital_increase,20260824,negative,-70,C,Paid-in capital increases can create dilution concerns.,5,7,3,4,5,"[코스피·코스닥, HD한국조선해양 셀트리온 에코프로에이치엔 한미약품... | 코스피·코스닥지수, 주요 기업 공시 잇따라…대규모 유증부터 조선 수... | [공시] 인바이츠바이오코아 '거래정지', 네오이뮨텍·안지오랩 '투자경...",,,,No next trading day price data available yet.,pending
351320,넥사다이내믹스,주요사항보고서(유상증자결정),paid_in_capital_increase,20260824,negative,-70,C,Paid-in capital increases can create dilution concerns.,5,7,3,4,5,"[코스피·코스닥, HD한국조선해양 셀트리온 에코프로에이치엔 한미약품... | 코스피·코스닥지수, 주요 기업 공시 잇따라…대규모 유증부터 조선 수... | [공시] 인바이츠바이오코아 '거래정지', 네오이뮨텍·안지오랩 '투자경...",,,,No next trading day price data available yet.,pending
351320,넥사다이내믹스,주요사항보고서(유상증자결정),paid_in_capital_increase,20260824,negative,-70,C,Paid-in capital increases can create dilution concerns.,5,7,3,4,5,"[코스피·코스닥, HD한국조선해양 셀트리온 에코프로에이치엔 한미약품... | 코스피·코스닥지수, 주요 기업 공시 잇따라…대규모 유증부터 조선 수... | [공시] 인바이츠바이오코아 '거래정지', 네오이뮨텍·안지오랩 '투자경...",,,,No next trading day price data available yet.,pending
351320,넥사다이내믹스,주요사항보고서(유상증자결정),paid_in_capital_increase,20260824,negative,-70,C,Paid-in capital increases can create dilution concerns.,5,7,3,4,5,"[코스피·코스닥, HD한국조선해양 셀트리온 에코프로에이치엔 한미약품... | 코스피·코스닥지수, 주요 기업 공시 잇따라…대규모 유증부터 조선 수... | [공시] 인바이츠바이오코아 '거래정지', 네오이뮨텍·안지오랩 '투자경...",,,,No next trading day price data available yet.,pending
351320,넥사다이내믹스,주요사항보고서(유상증자결정),paid_in_capital_increase,20260824,negative,-70,C,Paid-in capital increases can create dilution concerns.,5,7,3,4,5,"[코스피·코스닥, HD한국조선해양 셀트리온 에코프로에이치엔 한미약품... | 코스피·코스닥지수, 주요 기업 공시 잇따라…대규모 유증부터 조선 수... | [공시] 인바이츠바이오코아 '거래정지', 네오이뮨텍·안지오랩 '투자경...",,,,No next trading day price data available yet.,pending
351320,넥사다이내믹스,주요사항보고서(유상증자결정),paid_in_capital_increase,20260824,negative,-70,C,Paid-in capital increases can create dilution concerns.,5,7,3,4,5,"[코스피·코스닥, HD한국조선해양 셀트리온 에코프로에이치엔 한미약품... | 코스피·코스닥지수, 주요 기업 공시 잇따라…대규모 유증부터 조선 수... | [공시] 인바이츠바이오코아 '거래정지', 네오이뮨텍·안지오랩 '투자경...",,,,No next trading day price data available yet.,pending
351320,넥사다이내믹스,주요사항보고서(유상증자결정),paid_in_capital_increase,20260824,negative,-70,C,Paid-in capital increases can create dilution concerns.,5,7,3,4,5,"[코스피·코스닥, HD한국조선해양 셀트리온 에코프로에이치엔 한미약품... | 코스피·코스닥지수, 주요 기업 공시 잇따라…대규모 유증부터 조선 수... | [공시] 인바이츠바이오코아 '거래정지', 네오이뮨텍·안지오랩 '투자경...",,,,No next trading day price data available yet.,pending
351320,넥사다이내믹스,주요사항보고서(유상증자결정),paid_in_capital_increase,20260824,negative,-70,C,Paid-in capital increases can create dilution concerns.,5,7,3,4,5,"[코스피·코스닥, HD한국조선해양 셀트리온 에코프로에이치엔 한미약품... | 코스피·코스닥지수, 주요 기업 공시 잇따라…대규모 유증부터 조선 수... | [공시] 인바이츠바이오코아 '거래정지', 네오이뮨텍·안지오랩 '투자경...",,,,No next trading day price data available yet.,pending
005960,동부건설,[기재정정]단일판매ㆍ공급계약체결              ,supply_contract,20260824,positive,70,C,Supply contract disclosures may indicate future revenue growth.,5,2,0,2,5,기술형입찰 설계심의 ‘슈퍼 위크’ | 포항 도시정비사업 '공사비·미분양' 이중고…시공사 선정·착공은 하세... | 동부건설 '로얄캐닌 김제공장' 공사기간 또 연장..10월 말까지,,,,No next trading day price data available yet.,pending
005960,동부건설,[기재정정]단일판매ㆍ공급계약체결              ,supply_contract,20260824,positive,70,C,Supply contract disclosures may indicate future revenue growth.,5,2,0,2,5,기술형입찰 설계심의 ‘슈퍼 위크’ | 포항 도시정비사업 '공사비·미분양' 이중고…시공사 선정·착공은 하세... | 동부건설 '로얄캐닌 김제공장' 공사기간 또 연장..10월 말까지,,,,No next trading day price data available yet.,pending
005960,동부건설,[기재정정]단일판매ㆍ공급계약체결              ,supply_contract,20260824,positive,70,C,Supply contract disclosures may indicate future revenue growth.,5,2,0,2,5,기술형입찰 설계심의 ‘슈퍼 위크’ | 포항 도시정비사업 '공사비·미분양' 이중고…시공사 선정·착공은 하세... | 동부건설 '로얄캐닌 김제공장' 공사기간 또 연장..10월 말까지,,,,No next trading day price data available yet.,pending
005960,동부건설,[기재정정]단일판매ㆍ공급계약체결              ,supply_contract,20260824,positive,70,C,Supply contract disclosures may indicate future revenue growth.,5,2,0,2,5,기술형입찰 설계심의 ‘슈퍼 위크’ | 포항 도시정비사업 '공사비·미분양' 이중고…시공사 선정·착공은 하세... | 동부건설 '로얄캐닌 김제공장' 공사기간 또 연장..10월 말까지,,,,No next trading day price data available yet.,pending
178320,서진시스템,주요사항보고서(전환사채권발행결정),convertible_bond,20260824,negative,-60,C,Convertible bonds may create future dilution risk.,5,7,4,3,5,"[N2 모닝 경제 브리핑-8월 25일] 美 증시, 국채금리 하락에도 AI주 매도…... | [속보] 서진시스템 주가 상승…영구 전환사채 발행, 미국 생산시설 확대 | [속보] 서진시스템, 375억원 규모 영구 전환사채 발행…미국 ESS·반도체...",,,,No next trading day price data available yet.,pending
178320,서진시스템,주요사항보고서(전환사채권발행결정),convertible_bond,20260824,negative,-60,C,Convertible bonds may create future dilution risk.,5,7,4,3,5,"[N2 모닝 경제 브리핑-8월 25일] 美 증시, 국채금리 하락에도 AI주 매도…... | [속보] 서진시스템 주가 상승…영구 전환사채 발행, 미국 생산시설 확대 | [속보] 서진시스템, 375억원 규모 영구 전환사채 발행…미국 ESS·반도체...",,,,No next trading day price data available yet.,pending
178320,서진시스템,주요사항보고서(전환사채권발행결정),convertible_bond,20260824,negative,-60,C,Convertible bonds may create future dilution risk.,5,7,4,3,5,"[N2 모닝 경제 브리핑-8월 25일] 美 증시, 국채금리 하락에도 AI주 매도…... | [속보] 서진시스템 주가 상승…영구 전환사채 발행, 미국 생산시설 확대 | [속보] 서진시스템, 375억원 규모 영구 전환사채 발행…미국 ESS·반도체...",,,,No next trading day price data available yet.,pending
178320,서진시스템,주요사항보고서(전환사채권발행결정),convertible_bond,20260824,negative,-60,C,Convertible bonds may create future dilution risk.,5,7,4,3,5,"[N2 모닝 경제 브리핑-8월 25일] 美 증시, 국채금리 하락에도 AI주 매도…... | [속보] 서진시스템 주가 상승…영구 전환사채 발행, 미국 생산시설 확대 | [속보] 서진시스템, 375억원 규모 영구 전환사채 발행…미국 ESS·반도체...",,,,No next trading day price data available yet.,pending
178320,서진시스템,주요사항보고서(전환사채권발행결정),convertible_bond,20260824,negative,-60,C,Convertible bonds may create future dilution risk.,5,7,4,3,5,"[N2 모닝 경제 브리핑-8월 25일] 美 증시, 국채금리 하락에도 AI주 매도…... | [속보] 서진시스템 주가 상승…영구 전환사채 발행, 미국 생산시설 확대 | [속보] 서진시스템, 375억원 규모 영구 전환사채 발행…미국 ESS·반도체...",,,,No next trading day price data available yet.,pending
178320,서진시스템,주요사항보고서(전환사채권발행결정),convertible_bond,20260824,negative,-60,C,Convertible bonds may create future dilution risk.,5,7,4,3,5,"[N2 모닝 경제 브리핑-8월 25일] 美 증시, 국채금리 하락에도 AI주 매도…... | [속보] 서진시스템 주가 상승…영구 전환사채 발행, 미국 생산시설 확대 | [속보] 서진시스템, 375억원 규모 영구 전환사채 발행…미국 ESS·반도체...",,,,No next trading day price data available yet.,pending
178320,서진시스템,주요사항보고서(전환사채권발행결정),convertible_bond,20260824,negative,-60,C,Convertible bonds may create future dilution risk.,5,7,4,3,5,"[N2 모닝 경제 브리핑-8월 25일] 美 증시, 국채금리 하락에도 AI주 매도…... | [속보] 서진시스템 주가 상승…영구 전환사채 발행, 미국 생산시설 확대 | [속보] 서진시스템, 375억원 규모 영구 전환사채 발행…미국 ESS·반도체...",,,,No next trading day price data available yet.,pending
178320,서진시스템,주요사항보고서(전환사채권발행결정),convertible_bond,20260824,negative,-60,C,Convertible bonds may create future dilution risk.,5,7,4,3,5,"[N2 모닝 경제 브리핑-8월 25일] 美 증시, 국채금리 하락에도 AI주 매도…... | [속보] 서진시스템 주가 상승…영구 전환사채 발행, 미국 생산시설 확대 | [속보] 서진시스템, 375억원 규모 영구 전환사채 발행…미국 ESS·반도체...",,,,No next trading day price data available yet.,pending
178320,서진시스템,주요사항보고서(전환사채권발행결정),convertible_bond,20260824,negative,-60,C,Convertible bonds may create future dilution risk.,5,7,4,3,5,"[N2 모닝 경제 브리핑-8월 25일] 美 증시, 국채금리 하락에도 AI주 매도…... | [속보] 서진시스템 주가 상승…영구 전환사채 발행, 미국 생산시설 확대 | [속보] 서진시스템, 375억원 규모 영구 전환사채 발행…미국 ESS·반도체...",,,,No next trading day price data available yet.,pending
178320,서진시스템,주요사항보고서(전환사채권발행결정),convertible_bond,20260824,negative,-60,C,Convertible bonds may create future dilution risk.,5,7,4,3,5,"[N2 모닝 경제 브리핑-8월 25일] 美 증시, 국채금리 하락에도 AI주 매도…... | [속보] 서진시스템 주가 상승…영구 전환사채 발행, 미국 생산시설 확대 | [속보] 서진시스템, 375억원 규모 영구 전환사채 발행…미국 ESS·반도체...",,,,No next trading day price data available yet.,pending
178320,서진시스템,주요사항보고서(전환사채권발행결정),convertible_bond,20260824,negative,-60,C,Convertible bonds may create future dilution risk.,5,7,4,3,5,"[N2 모닝 경제 브리핑-8월 25일] 美 증시, 국채금리 하락에도 AI주 매도…... | [속보] 서진시스템 주가 상승…영구 전환사채 발행, 미국 생산시설 확대 | [속보] 서진시스템, 375억원 규모 영구 전환사채 발행…미국 ESS·반도체...",,,,No next trading day price data available yet.,pending
178320,서진시스템,주요사항보고서(전환사채권발행결정),convertible_bond,20260824,negative,-60,C,Convertible bonds may create future dilution risk.,5,7,4,3,5,"[N2 모닝 경제 브리핑-8월 25일] 美 증시, 국채금리 하락에도 AI주 매도…... | [속보] 서진시스템 주가 상승…영구 전환사채 발행, 미국 생산시설 확대 | [속보] 서진시스템, 375억원 규모 영구 전환사채 발행…미국 ESS·반도체...",,,,No next trading day price data available yet.,pending
178320,서진시스템,주요사항보고서(전환사채권발행결정),convertible_bond,20260824,negative,-60,C,Convertible bonds may create future dilution risk.,5,7,4,3,5,"[N2 모닝 경제 브리핑-8월 25일] 美 증시, 국채금리 하락에도 AI주 매도…... | [속보] 서진시스템 주가 상승…영구 전환사채 발행, 미국 생산시설 확대 | [속보] 서진시스템, 375억원 규모 영구 전환사채 발행…미국 ESS·반도체...",,,,No next trading day price data available yet.,pending
178320,서진시스템,주요사항보고서(전환사채권발행결정),convertible_bond,20260824,negative,-60,C,Convertible bonds may create future dilution risk.,5,7,4,3,5,"[N2 모닝 경제 브리핑-8월 25일] 美 증시, 국채금리 하락에도 AI주 매도…... | [속보] 서진시스템 주가 상승…영구 전환사채 발행, 미국 생산시설 확대 | [속보] 서진시스템, 375억원 규모 영구 전환사채 발행…미국 ESS·반도체...",,,,No next trading day price data available yet.,pending
178320,서진시스템,주요사항보고서(전환사채권발행결정),convertible_bond,20260824,negative,-60,C,Convertible bonds may create future dilution risk.,5,7,4,3,5,"[N2 모닝 경제 브리핑-8월 25일] 美 증시, 국채금리 하락에도 AI주 매도…... | [속보] 서진시스템 주가 상승…영구 전환사채 발행, 미국 생산시설 확대 | [속보] 서진시스템, 375억원 규모 영구 전환사채 발행…미국 ESS·반도체...",,,,No next trading day price data available yet.,pending
178320,서진시스템,주요사항보고서(전환사채권발행결정),convertible_bond,20260824,negative,-60,C,Convertible bonds may create future dilution risk.,5,7,4,3,5,"[N2 모닝 경제 브리핑-8월 25일] 美 증시, 국채금리 하락에도 AI주 매도…... | [속보] 서진시스템 주가 상승…영구 전환사채 발행, 미국 생산시설 확대 | [속보] 서진시스템, 375억원 규모 영구 전환사채 발행…미국 ESS·반도체...",,,,No next trading day price data available yet.,pending
178320,서진시스템,주요사항보고서(전환사채권발행결정),convertible_bond,20260824,negative,-60,C,Convertible bonds may create future dilution risk.,5,7,4,3,5,"[N2 모닝 경제 브리핑-8월 25일] 美 증시, 국채금리 하락에도 AI주 매도…... | [속보] 서진시스템 주가 상승…영구 전환사채 발행, 미국 생산시설 확대 | [속보] 서진시스템, 375억원 규모 영구 전환사채 발행…미국 ESS·반도체...",,,,No next trading day price data available yet.,pending
178320,서진시스템,주요사항보고서(전환사채권발행결정),convertible_bond,20260824,negative,-60,C,Convertible bonds may create future dilution risk.,5,7,4,3,5,"[N2 모닝 경제 브리핑-8월 25일] 美 증시, 국채금리 하락에도 AI주 매도…... | [속보] 서진시스템 주가 상승…영구 전환사채 발행, 미국 생산시설 확대 | [속보] 서진시스템, 375억원 규모 영구 전환사채 발행…미국 ESS·반도체...",,,,No next trading day price data available yet.,pending
178320,서진시스템,주요사항보고서(전환사채권발행결정),convertible_bond,20260824,negative,-60,C,Convertible bonds may create future dilution risk.,5,7,4,3,5,"[N2 모닝 경제 브리핑-8월 25일] 美 증시, 국채금리 하락에도 AI주 매도…... | [속보] 서진시스템 주가 상승…영구 전환사채 발행, 미국 생산시설 확대 | [속보] 서진시스템, 375억원 규모 영구 전환사채 발행…미국 ESS·반도체...",,,,No next trading day price data available yet.,pending
178320,서진시스템,주요사항보고서(전환사채권발행결정),convertible_bond,20260824,negative,-60,C,Convertible bonds may create future dilution risk.,5,7,4,3,5,"[N2 모닝 경제 브리핑-8월 25일] 美 증시, 국채금리 하락에도 AI주 매도…... | [속보] 서진시스템 주가 상승…영구 전환사채 발행, 미국 생산시설 확대 | [속보] 서진시스템, 375억원 규모 영구 전환사채 발행…미국 ESS·반도체...",,,,No next trading day price data available yet.,pending
178320,서진시스템,주요사항보고서(전환사채권발행결정),convertible_bond,20260824,negative,-60,C,Convertible bonds may create future dilution risk.,5,7,4,3,5,"[N2 모닝 경제 브리핑-8월 25일] 美 증시, 국채금리 하락에도 AI주 매도…... | [속보] 서진시스템 주가 상승…영구 전환사채 발행, 미국 생산시설 확대 | [속보] 서진시스템, 375억원 규모 영구 전환사채 발행…미국 ESS·반도체...",,,,No next trading day price data available yet.,pending
178320,서진시스템,주요사항보고서(전환사채권발행결정),convertible_bond,20260824,negative,-60,C,Convertible bonds may create future dilution risk.,5,7,4,3,5,"[N2 모닝 경제 브리핑-8월 25일] 美 증시, 국채금리 하락에도 AI주 매도…... | [속보] 서진시스템 주가 상승…영구 전환사채 발행, 미국 생산시설 확대 | [속보] 서진시스템, 375억원 규모 영구 전환사채 발행…미국 ESS·반도체...",,,,No next trading day price data available yet.,pending
178320,서진시스템,주요사항보고서(전환사채권발행결정),convertible_bond,20260824,negative,-60,C,Convertible bonds may create future dilution risk.,5,7,4,3,5,"[N2 모닝 경제 브리핑-8월 25일] 美 증시, 국채금리 하락에도 AI주 매도…... | [속보] 서진시스템 주가 상승…영구 전환사채 발행, 미국 생산시설 확대 | [속보] 서진시스템, 375억원 규모 영구 전환사채 발행…미국 ESS·반도체...",,,,No next trading day price data available yet.,pending
178320,서진시스템,주요사항보고서(전환사채권발행결정),convertible_bond,20260824,negative,-60,C,Convertible bonds may create future dilution risk.,5,7,4,3,5,"[N2 모닝 경제 브리핑-8월 25일] 美 증시, 국채금리 하락에도 AI주 매도…... | [속보] 서진시스템 주가 상승…영구 전환사채 발행, 미국 생산시설 확대 | [속보] 서진시스템, 375억원 규모 영구 전환사채 발행…미국 ESS·반도체...",,,,No next trading day price data available yet.,pending
224060,더코디,불성실공시법인지정예고              (공시변경),disclosure_violation,20260824,negative,-80,C,Disclosure violations may damage investor trust.,5,2,8,-6,5,"더코디, 유상증자 납입기일 변경으로 불성실공시법인 지정 예고 | CAR-T 병용부터 독점 임상까지… 네오이뮨텍, 면역항암제 패권 잡나 | [서울데이터랩] 코스닥, 장 초반 3% 넘게 급락…외국인·기관 동반 매도",,,,No next trading day price data available yet.,pending
291230,컴투스엔,투자판단관련주요경영사항              (전환사채 인수계약 조건 일부 변경),convertible_bond,20260824,negative,-60,C,Convertible bonds may create future dilution risk.,5,8,2,6,5,"[속보] 컴투스엔 주가, 합병 승계 전환사채 조건 변경 | [속보] 컴투스엔, 전환사채 인수계약 조건 일부 변경…만기보장수익률... | [공시] 인바이츠바이오코아·좋은사람들·탑코미디어 '투자경고' 등...7...",,,,No next trading day price data available yet.,pending
079190,케스피온,[기재정정]주요사항보고서(유상증자결정),paid_in_capital_increase,20260824,negative,-70,C,Paid-in capital increases can create dilution concerns.,5,3,3,0,5,"8월 21일 주식시장 주요공시 | 동전주 상장사들 주식 합치고 자구책 고심 | [공매도 브리핑] 8월20일 SK하이닉스 4,596억…경남제약 47.08%",,,,No next trading day price data available yet.,pending
054220,비츠로시스,최대주주변경을수반하는주식담보제공계약체결              ,major_shareholder_change,20260824,volatile,10,C,Major shareholder changes can increase volatility depending on context.,5,6,4,2,5,"AI 전력 수요 늘어나는데 스마트그리드주는 왜 밀리나 | 비츠로셀, 차세대 특수전지 경쟁력으로 밸류에이션 재평가 | 전력망부터 신호·건설까지... 철도 인프라 밸류체인 전반 매수 온기 확...",,,,No next trading day price data available yet.,pending
351320,넥사다이내믹스,주요사항보고서(자기전환사채만기전취득결정),convertible_bond,20260824,negative,-60,C,Convertible bonds may create future dilution risk.,5,7,3,4,5,"[코스피·코스닥, HD한국조선해양 셀트리온 에코프로에이치엔 한미약품... | 코스피·코스닥지수, 주요 기업 공시 잇따라…대규모 유증부터 조선 수... | [공시] 인바이츠바이오코아 '거래정지', 네오이뮨텍·안지오랩 '투자경...",,,,No next trading day price data available yet.,pending
351320,넥사다이내믹스,주요사항보고서(자기전환사채만기전취득결정),convertible_bond,20260824,negative,-60,C,Convertible bonds may create future dilution risk.,5,7,3,4,5,"[코스피·코스닥, HD한국조선해양 셀트리온 에코프로에이치엔 한미약품... | 코스피·코스닥지수, 주요 기업 공시 잇따라…대규모 유증부터 조선 수... | [공시] 인바이츠바이오코아 '거래정지', 네오이뮨텍·안지오랩 '투자경...",,,,No next trading day price data available yet.,pending
351320,넥사다이내믹스,주요사항보고서(자기전환사채만기전취득결정),convertible_bond,20260824,negative,-60,C,Convertible bonds may create future dilution risk.,5,7,3,4,5,"[코스피·코스닥, HD한국조선해양 셀트리온 에코프로에이치엔 한미약품... | 코스피·코스닥지수, 주요 기업 공시 잇따라…대규모 유증부터 조선 수... | [공시] 인바이츠바이오코아 '거래정지', 네오이뮨텍·안지오랩 '투자경...",,,,No next trading day price data available yet.,pending
351320,넥사다이내믹스,주요사항보고서(자기전환사채만기전취득결정),convertible_bond,20260824,negative,-60,C,Convertible bonds may create future dilution risk.,5,7,3,4,5,"[코스피·코스닥, HD한국조선해양 셀트리온 에코프로에이치엔 한미약품... | 코스피·코스닥지수, 주요 기업 공시 잇따라…대규모 유증부터 조선 수... | [공시] 인바이츠바이오코아 '거래정지', 네오이뮨텍·안지오랩 '투자경...",,,,No next trading day price data available yet.,pending
351320,넥사다이내믹스,주요사항보고서(자기전환사채만기전취득결정),convertible_bond,20260824,negative,-60,C,Convertible bonds may create future dilution risk.,5,7,3,4,5,"[코스피·코스닥, HD한국조선해양 셀트리온 에코프로에이치엔 한미약품... | 코스피·코스닥지수, 주요 기업 공시 잇따라…대규모 유증부터 조선 수... | [공시] 인바이츠바이오코아 '거래정지', 네오이뮨텍·안지오랩 '투자경...",,,,No next trading day price data available yet.,pending
351320,넥사다이내믹스,주요사항보고서(자기전환사채만기전취득결정),convertible_bond,20260824,negative,-60,C,Convertible bonds may create future dilution risk.,5,7,3,4,5,"[코스피·코스닥, HD한국조선해양 셀트리온 에코프로에이치엔 한미약품... | 코스피·코스닥지수, 주요 기업 공시 잇따라…대규모 유증부터 조선 수... | [공시] 인바이츠바이오코아 '거래정지', 네오이뮨텍·안지오랩 '투자경...",,,,No next trading day price data available yet.,pending
351320,넥사다이내믹스,주요사항보고서(자기전환사채만기전취득결정),convertible_bond,20260824,negative,-60,C,Convertible bonds may create future dilution risk.,5,7,3,4,5,"[코스피·코스닥, HD한국조선해양 셀트리온 에코프로에이치엔 한미약품... | 코스피·코스닥지수, 주요 기업 공시 잇따라…대규모 유증부터 조선 수... | [공시] 인바이츠바이오코아 '거래정지', 네오이뮨텍·안지오랩 '투자경...",,,,No next trading day price data available yet.,pending
351320,넥사다이내믹스,주요사항보고서(자기전환사채만기전취득결정),convertible_bond,20260824,negative,-60,C,Convertible bonds may create future dilution risk.,5,7,3,4,5,"[코스피·코스닥, HD한국조선해양 셀트리온 에코프로에이치엔 한미약품... | 코스피·코스닥지수, 주요 기업 공시 잇따라…대규모 유증부터 조선 수... | [공시] 인바이츠바이오코아 '거래정지', 네오이뮨텍·안지오랩 '투자경...",,,,No next trading day price data available yet.,pending
351320,넥사다이내믹스,주요사항보고서(자기전환사채만기전취득결정),convertible_bond,20260824,negative,-60,C,Convertible bonds may create future dilution risk.,5,7,3,4,5,"[코스피·코스닥, HD한국조선해양 셀트리온 에코프로에이치엔 한미약품... | 코스피·코스닥지수, 주요 기업 공시 잇따라…대규모 유증부터 조선 수... | [공시] 인바이츠바이오코아 '거래정지', 네오이뮨텍·안지오랩 '투자경...",,,,No next trading day price data available yet.,pending
351320,넥사다이내믹스,주요사항보고서(자기전환사채만기전취득결정),convertible_bond,20260824,negative,-60,C,Convertible bonds may create future dilution risk.,5,7,3,4,5,"[코스피·코스닥, HD한국조선해양 셀트리온 에코프로에이치엔 한미약품... | 코스피·코스닥지수, 주요 기업 공시 잇따라…대규모 유증부터 조선 수... | [공시] 인바이츠바이오코아 '거래정지', 네오이뮨텍·안지오랩 '투자경...",,,,No next trading day price data available yet.,pending
351320,넥사다이내믹스,주요사항보고서(자기전환사채만기전취득결정),convertible_bond,20260824,negative,-60,C,Convertible bonds may create future dilution risk.,5,7,3,4,5,"[코스피·코스닥, HD한국조선해양 셀트리온 에코프로에이치엔 한미약품... | 코스피·코스닥지수, 주요 기업 공시 잇따라…대규모 유증부터 조선 수... | [공시] 인바이츠바이오코아 '거래정지', 네오이뮨텍·안지오랩 '투자경...",,,,No next trading day price data available yet.,pending
351320,넥사다이내믹스,주요사항보고서(자기전환사채만기전취득결정),convertible_bond,20260824,negative,-60,C,Convertible bonds may create future dilution risk.,5,7,3,4,5,"[코스피·코스닥, HD한국조선해양 셀트리온 에코프로에이치엔 한미약품... | 코스피·코스닥지수, 주요 기업 공시 잇따라…대규모 유증부터 조선 수... | [공시] 인바이츠바이오코아 '거래정지', 네오이뮨텍·안지오랩 '투자경...",,,,No next trading day price data available yet.,pending
351320,넥사다이내믹스,주요사항보고서(자기전환사채만기전취득결정),convertible_bond,20260824,negative,-60,C,Convertible bonds may create future dilution risk.,5,7,3,4,5,"[코스피·코스닥, HD한국조선해양 셀트리온 에코프로에이치엔 한미약품... | 코스피·코스닥지수, 주요 기업 공시 잇따라…대규모 유증부터 조선 수... | [공시] 인바이츠바이오코아 '거래정지', 네오이뮨텍·안지오랩 '투자경...",,,,No next trading day price data available yet.,pending
351320,넥사다이내믹스,주요사항보고서(자기전환사채만기전취득결정),convertible_bond,20260824,negative,-60,C,Convertible bonds may create future dilution risk.,5,7,3,4,5,"[코스피·코스닥, HD한국조선해양 셀트리온 에코프로에이치엔 한미약품... | 코스피·코스닥지수, 주요 기업 공시 잇따라…대규모 유증부터 조선 수... | [공시] 인바이츠바이오코아 '거래정지', 네오이뮨텍·안지오랩 '투자경...",,,,No next trading day price data available yet.,pending
351320,넥사다이내믹스,주요사항보고서(자기전환사채만기전취득결정),convertible_bond,20260824,negative,-60,C,Convertible bonds may create future dilution risk.,5,7,3,4,5,"[코스피·코스닥, HD한국조선해양 셀트리온 에코프로에이치엔 한미약품... | 코스피·코스닥지수, 주요 기업 공시 잇따라…대규모 유증부터 조선 수... | [공시] 인바이츠바이오코아 '거래정지', 네오이뮨텍·안지오랩 '투자경...",,,,No next trading day price data available yet.,pending
351320,넥사다이내믹스,주요사항보고서(자기전환사채만기전취득결정),convertible_bond,20260824,negative,-60,C,Convertible bonds may create future dilution risk.,5,7,3,4,5,"[코스피·코스닥, HD한국조선해양 셀트리온 에코프로에이치엔 한미약품... | 코스피·코스닥지수, 주요 기업 공시 잇따라…대규모 유증부터 조선 수... | [공시] 인바이츠바이오코아 '거래정지', 네오이뮨텍·안지오랩 '투자경...",,,,No next trading day price data available yet.,pending
351320,넥사다이내믹스,주요사항보고서(자기전환사채만기전취득결정),convertible_bond,20260824,negative,-60,C,Convertible bonds may create future dilution risk.,5,7,3,4,5,"[코스피·코스닥, HD한국조선해양 셀트리온 에코프로에이치엔 한미약품... | 코스피·코스닥지수, 주요 기업 공시 잇따라…대규모 유증부터 조선 수... | [공시] 인바이츠바이오코아 '거래정지', 네오이뮨텍·안지오랩 '투자경...",,,,No next trading day price data available yet.,pending
351320,넥사다이내믹스,주요사항보고서(자기전환사채만기전취득결정),convertible_bond,20260824,negative,-60,C,Convertible bonds may create future dilution risk.,5,7,3,4,5,"[코스피·코스닥, HD한국조선해양 셀트리온 에코프로에이치엔 한미약품... | 코스피·코스닥지수, 주요 기업 공시 잇따라…대규모 유증부터 조선 수... | [공시] 인바이츠바이오코아 '거래정지', 네오이뮨텍·안지오랩 '투자경...",,,,No next trading day price data available yet.,pending
351320,넥사다이내믹스,주요사항보고서(자기전환사채만기전취득결정),convertible_bond,20260824,negative,-60,C,Convertible bonds may create future dilution risk.,5,7,3,4,5,"[코스피·코스닥, HD한국조선해양 셀트리온 에코프로에이치엔 한미약품... | 코스피·코스닥지수, 주요 기업 공시 잇따라…대규모 유증부터 조선 수... | [공시] 인바이츠바이오코아 '거래정지', 네오이뮨텍·안지오랩 '투자경...",,,,No next trading day price data available yet.,pending
351320,넥사다이내믹스,주요사항보고서(자기전환사채만기전취득결정),convertible_bond,20260824,negative,-60,C,Convertible bonds may create future dilution risk.,5,7,3,4,5,"[코스피·코스닥, HD한국조선해양 셀트리온 에코프로에이치엔 한미약품... | 코스피·코스닥지수, 주요 기업 공시 잇따라…대규모 유증부터 조선 수... | [공시] 인바이츠바이오코아 '거래정지', 네오이뮨텍·안지오랩 '투자경...",,,,No next trading day price data available yet.,pending
351320,넥사다이내믹스,주요사항보고서(자기전환사채만기전취득결정),convertible_bond,20260824,negative,-60,C,Convertible bonds may create future dilution risk.,5,7,3,4,5,"[코스피·코스닥, HD한국조선해양 셀트리온 에코프로에이치엔 한미약품... | 코스피·코스닥지수, 주요 기업 공시 잇따라…대규모 유증부터 조선 수... | [공시] 인바이츠바이오코아 '거래정지', 네오이뮨텍·안지오랩 '투자경...",,,,No next trading day price data available yet.,pending
351320,넥사다이내믹스,주요사항보고서(자기전환사채만기전취득결정),convertible_bond,20260824,negative,-60,C,Convertible bonds may create future dilution risk.,5,7,3,4,5,"[코스피·코스닥, HD한국조선해양 셀트리온 에코프로에이치엔 한미약품... | 코스피·코스닥지수, 주요 기업 공시 잇따라…대규모 유증부터 조선 수... | [공시] 인바이츠바이오코아 '거래정지', 네오이뮨텍·안지오랩 '투자경...",,,,No next trading day price data available yet.,pending
351320,넥사다이내믹스,주요사항보고서(자기전환사채만기전취득결정),convertible_bond,20260824,negative,-60,C,Convertible bonds may create future dilution risk.,5,7,3,4,5,"[코스피·코스닥, HD한국조선해양 셀트리온 에코프로에이치엔 한미약품... | 코스피·코스닥지수, 주요 기업 공시 잇따라…대규모 유증부터 조선 수... | [공시] 인바이츠바이오코아 '거래정지', 네오이뮨텍·안지오랩 '투자경...",,,,No next trading day price data available yet.,pending
351320,넥사다이내믹스,주요사항보고서(자기전환사채만기전취득결정),convertible_bond,20260824,negative,-60,C,Convertible bonds may create future dilution risk.,5,7,3,4,5,"[코스피·코스닥, HD한국조선해양 셀트리온 에코프로에이치엔 한미약품... | 코스피·코스닥지수, 주요 기업 공시 잇따라…대규모 유증부터 조선 수... | [공시] 인바이츠바이오코아 '거래정지', 네오이뮨텍·안지오랩 '투자경...",,,,No next trading day price data available yet.,pending
351320,넥사다이내믹스,주요사항보고서(자기전환사채만기전취득결정),convertible_bond,20260824,negative,-60,C,Convertible bonds may create future dilution risk.,5,7,3,4,5,"[코스피·코스닥, HD한국조선해양 셀트리온 에코프로에이치엔 한미약품... | 코스피·코스닥지수, 주요 기업 공시 잇따라…대규모 유증부터 조선 수... | [공시] 인바이츠바이오코아 '거래정지', 네오이뮨텍·안지오랩 '투자경...",,,,No next trading day price data available yet.,pending
351320,넥사다이내믹스,주요사항보고서(자기전환사채만기전취득결정),convertible_bond,20260824,negative,-60,C,Convertible bonds may create future dilution risk.,5,7,3,4,5,"[코스피·코스닥, HD한국조선해양 셀트리온 에코프로에이치엔 한미약품... | 코스피·코스닥지수, 주요 기업 공시 잇따라…대규모 유증부터 조선 수... | [공시] 인바이츠바이오코아 '거래정지', 네오이뮨텍·안지오랩 '투자경...",,,,No next trading day price data available yet.,pending
351320,넥사다이내믹스,주요사항보고서(자기전환사채만기전취득결정),convertible_bond,20260824,negative,-60,C,Convertible bonds may create future dilution risk.,5,7,3,4,5,"[코스피·코스닥, HD한국조선해양 셀트리온 에코프로에이치엔 한미약품... | 코스피·코스닥지수, 주요 기업 공시 잇따라…대규모 유증부터 조선 수... | [공시] 인바이츠바이오코아 '거래정지', 네오이뮨텍·안지오랩 '투자경...",,,,No next trading day price data available yet.,pending
351320,넥사다이내믹스,주요사항보고서(자기전환사채만기전취득결정),convertible_bond,20260824,negative,-60,C,Convertible bonds may create future dilution risk.,5,7,3,4,5,"[코스피·코스닥, HD한국조선해양 셀트리온 에코프로에이치엔 한미약품... | 코스피·코스닥지수, 주요 기업 공시 잇따라…대규모 유증부터 조선 수... | [공시] 인바이츠바이오코아 '거래정지', 네오이뮨텍·안지오랩 '투자경...",,,,No next trading day price data available yet.,pending
351320,넥사다이내믹스,주요사항보고서(자기전환사채만기전취득결정),convertible_bond,20260824,negative,-60,C,Convertible bonds may create future dilution risk.,5,7,3,4,5,"[코스피·코스닥, HD한국조선해양 셀트리온 에코프로에이치엔 한미약품... | 코스피·코스닥지수, 주요 기업 공시 잇따라…대규모 유증부터 조선 수... | [공시] 인바이츠바이오코아 '거래정지', 네오이뮨텍·안지오랩 '투자경...",,,,No next trading day price data available yet.,pending
351320,넥사다이내믹스,주요사항보고서(자기전환사채만기전취득결정),convertible_bond,20260824,negative,-60,C,Convertible bonds may create future dilution risk.,5,7,3,4,5,"[코스피·코스닥, HD한국조선해양 셀트리온 에코프로에이치엔 한미약품... | 코스피·코스닥지수, 주요 기업 공시 잇따라…대규모 유증부터 조선 수... | [공시] 인바이츠바이오코아 '거래정지', 네오이뮨텍·안지오랩 '투자경...",,,,No next trading day price data available yet.,pending
351320,넥사다이내믹스,주요사항보고서(자기전환사채만기전취득결정),convertible_bond,20260824,negative,-60,C,Convertible bonds may create future dilution risk.,5,7,3,4,5,"[코스피·코스닥, HD한국조선해양 셀트리온 에코프로에이치엔 한미약품... | 코스피·코스닥지수, 주요 기업 공시 잇따라…대규모 유증부터 조선 수... | [공시] 인바이츠바이오코아 '거래정지', 네오이뮨텍·안지오랩 '투자경...",,,,No next trading day price data available yet.,pending
351320,넥사다이내믹스,주요사항보고서(자기전환사채만기전취득결정),convertible_bond,20260824,negative,-60,C,Convertible bonds may create future dilution risk.,5,7,3,4,5,"[코스피·코스닥, HD한국조선해양 셀트리온 에코프로에이치엔 한미약품... | 코스피·코스닥지수, 주요 기업 공시 잇따라…대규모 유증부터 조선 수... | [공시] 인바이츠바이오코아 '거래정지', 네오이뮨텍·안지오랩 '투자경...",,,,No next trading day price data available yet.,pending
351320,넥사다이내믹스,주요사항보고서(자기전환사채만기전취득결정),convertible_bond,20260824,negative,-60,C,Convertible bonds may create future dilution risk.,5,7,3,4,5,"[코스피·코스닥, HD한국조선해양 셀트리온 에코프로에이치엔 한미약품... | 코스피·코스닥지수, 주요 기업 공시 잇따라…대규모 유증부터 조선 수... | [공시] 인바이츠바이오코아 '거래정지', 네오이뮨텍·안지오랩 '투자경...",,,,No next trading day price data available yet.,pending
351320,넥사다이내믹스,주요사항보고서(자기전환사채만기전취득결정),convertible_bond,20260824,negative,-60,C,Convertible bonds may create future dilution risk.,5,7,3,4,5,"[코스피·코스닥, HD한국조선해양 셀트리온 에코프로에이치엔 한미약품... | 코스피·코스닥지수, 주요 기업 공시 잇따라…대규모 유증부터 조선 수... | [공시] 인바이츠바이오코아 '거래정지', 네오이뮨텍·안지오랩 '투자경...",,,,No next trading day price data available yet.,pending
351320,넥사다이내믹스,주요사항보고서(자기전환사채만기전취득결정),convertible_bond,20260824,negative,-60,C,Convertible bonds may create future dilution risk.,5,7,3,4,5,"[코스피·코스닥, HD한국조선해양 셀트리온 에코프로에이치엔 한미약품... | 코스피·코스닥지수, 주요 기업 공시 잇따라…대규모 유증부터 조선 수... | [공시] 인바이츠바이오코아 '거래정지', 네오이뮨텍·안지오랩 '투자경...",,,,No next trading day price data available yet.,pending
351320,넥사다이내믹스,주요사항보고서(자기전환사채만기전취득결정),convertible_bond,20260824,negative,-60,C,Convertible bonds may create future dilution risk.,5,7,3,4,5,"[코스피·코스닥, HD한국조선해양 셀트리온 에코프로에이치엔 한미약품... | 코스피·코스닥지수, 주요 기업 공시 잇따라…대규모 유증부터 조선 수... | [공시] 인바이츠바이오코아 '거래정지', 네오이뮨텍·안지오랩 '투자경...",,,,No next trading day price data available yet.,pending
351320,넥사다이내믹스,주요사항보고서(자기전환사채만기전취득결정),convertible_bond,20260824,negative,-60,C,Convertible bonds may create future dilution risk.,5,7,3,4,5,"[코스피·코스닥, HD한국조선해양 셀트리온 에코프로에이치엔 한미약품... | 코스피·코스닥지수, 주요 기업 공시 잇따라…대규모 유증부터 조선 수... | [공시] 인바이츠바이오코아 '거래정지', 네오이뮨텍·안지오랩 '투자경...",,,,No next trading day price data available yet.,pending
351320,넥사다이내믹스,주요사항보고서(자기전환사채만기전취득결정),convertible_bond,20260824,negative,-60,C,Convertible bonds may create future dilution risk.,5,7,3,4,5,"[코스피·코스닥, HD한국조선해양 셀트리온 에코프로에이치엔 한미약품... | 코스피·코스닥지수, 주요 기업 공시 잇따라…대규모 유증부터 조선 수... | [공시] 인바이츠바이오코아 '거래정지', 네오이뮨텍·안지오랩 '투자경...",,,,No next trading day price data available yet.,pending
351320,넥사다이내믹스,주요사항보고서(자기전환사채만기전취득결정),convertible_bond,20260824,negative,-60,C,Convertible bonds may create future dilution risk.,5,7,3,4,5,"[코스피·코스닥, HD한국조선해양 셀트리온 에코프로에이치엔 한미약품... | 코스피·코스닥지수, 주요 기업 공시 잇따라…대규모 유증부터 조선 수... | [공시] 인바이츠바이오코아 '거래정지', 네오이뮨텍·안지오랩 '투자경...",,,,No next trading day price data available yet.,pending
351320,넥사다이내믹스,주요사항보고서(자기전환사채만기전취득결정),convertible_bond,20260824,negative,-60,C,Convertible bonds may create future dilution risk.,5,7,3,4,5,"[코스피·코스닥, HD한국조선해양 셀트리온 에코프로에이치엔 한미약품... | 코스피·코스닥지수, 주요 기업 공시 잇따라…대규모 유증부터 조선 수... | [공시] 인바이츠바이오코아 '거래정지', 네오이뮨텍·안지오랩 '투자경...",,,,No next trading day price data available yet.,pending
351320,넥사다이내믹스,주요사항보고서(자기전환사채만기전취득결정),convertible_bond,20260824,negative,-60,C,Convertible bonds may create future dilution risk.,5,7,3,4,5,"[코스피·코스닥, HD한국조선해양 셀트리온 에코프로에이치엔 한미약품... | 코스피·코스닥지수, 주요 기업 공시 잇따라…대규모 유증부터 조선 수... | [공시] 인바이츠바이오코아 '거래정지', 네오이뮨텍·안지오랩 '투자경...",,,,No next trading day price data available yet.,pending
351320,넥사다이내믹스,주요사항보고서(자기전환사채만기전취득결정),convertible_bond,20260824,negative,-60,C,Convertible bonds may create future dilution risk.,5,7,3,4,5,"[코스피·코스닥, HD한국조선해양 셀트리온 에코프로에이치엔 한미약품... | 코스피·코스닥지수, 주요 기업 공시 잇따라…대규모 유증부터 조선 수... | [공시] 인바이츠바이오코아 '거래정지', 네오이뮨텍·안지오랩 '투자경...",,,,No next trading day price data available yet.,pending
351320,넥사다이내믹스,주요사항보고서(자기전환사채만기전취득결정),convertible_bond,20260824,negative,-60,C,Convertible bonds may create future dilution risk.,5,7,3,4,5,"[코스피·코스닥, HD한국조선해양 셀트리온 에코프로에이치엔 한미약품... | 코스피·코스닥지수, 주요 기업 공시 잇따라…대규모 유증부터 조선 수... | [공시] 인바이츠바이오코아 '거래정지', 네오이뮨텍·안지오랩 '투자경...",,,,No next trading day price data available yet.,pending
351320,넥사다이내믹스,주요사항보고서(자기전환사채만기전취득결정),convertible_bond,20260824,negative,-60,C,Convertible bonds may create future dilution risk.,5,7,3,4,5,"[코스피·코스닥, HD한국조선해양 셀트리온 에코프로에이치엔 한미약품... | 코스피·코스닥지수, 주요 기업 공시 잇따라…대규모 유증부터 조선 수... | [공시] 인바이츠바이오코아 '거래정지', 네오이뮨텍·안지오랩 '투자경...",,,,No next trading day price data available yet.,pending
351320,넥사다이내믹스,주요사항보고서(자기전환사채만기전취득결정),convertible_bond,20260824,negative,-60,C,Convertible bonds may create future dilution risk.,5,7,3,4,5,"[코스피·코스닥, HD한국조선해양 셀트리온 에코프로에이치엔 한미약품... | 코스피·코스닥지수, 주요 기업 공시 잇따라…대규모 유증부터 조선 수... | [공시] 인바이츠바이오코아 '거래정지', 네오이뮨텍·안지오랩 '투자경...",,,,No next trading day price data available yet.,pending
351320,넥사다이내믹스,주요사항보고서(자기전환사채만기전취득결정),convertible_bond,20260824,negative,-60,C,Convertible bonds may create future dilution risk.,5,7,3,4,5,"[코스피·코스닥, HD한국조선해양 셀트리온 에코프로에이치엔 한미약품... | 코스피·코스닥지수, 주요 기업 공시 잇따라…대규모 유증부터 조선 수... | [공시] 인바이츠바이오코아 '거래정지', 네오이뮨텍·안지오랩 '투자경...",,,,No next trading day price data available yet.,pending
351320,넥사다이내믹스,주요사항보고서(자기전환사채만기전취득결정),convertible_bond,20260824,negative,-60,C,Convertible bonds may create future dilution risk.,5,7,3,4,5,"[코스피·코스닥, HD한국조선해양 셀트리온 에코프로에이치엔 한미약품... | 코스피·코스닥지수, 주요 기업 공시 잇따라…대규모 유증부터 조선 수... | [공시] 인바이츠바이오코아 '거래정지', 네오이뮨텍·안지오랩 '투자경...",,,,No next trading day price data available yet.,pending
351320,넥사다이내믹스,주요사항보고서(자기전환사채만기전취득결정),convertible_bond,20260824,negative,-60,C,Convertible bonds may create future dilution risk.,5,7,3,4,5,"[코스피·코스닥, HD한국조선해양 셀트리온 에코프로에이치엔 한미약품... | 코스피·코스닥지수, 주요 기업 공시 잇따라…대규모 유증부터 조선 수... | [공시] 인바이츠바이오코아 '거래정지', 네오이뮨텍·안지오랩 '투자경...",,,,No next trading day price data available yet.,pending
351320,넥사다이내믹스,주요사항보고서(자기전환사채만기전취득결정),convertible_bond,20260824,negative,-60,C,Convertible bonds may create future dilution risk.,5,7,3,4,5,"[코스피·코스닥, HD한국조선해양 셀트리온 에코프로에이치엔 한미약품... | 코스피·코스닥지수, 주요 기업 공시 잇따라…대규모 유증부터 조선 수... | [공시] 인바이츠바이오코아 '거래정지', 네오이뮨텍·안지오랩 '투자경...",,,,No next trading day price data available yet.,pending
351320,넥사다이내믹스,주요사항보고서(자기전환사채만기전취득결정),convertible_bond,20260824,negative,-60,C,Convertible bonds may create future dilution risk.,5,7,3,4,5,"[코스피·코스닥, HD한국조선해양 셀트리온 에코프로에이치엔 한미약품... | 코스피·코스닥지수, 주요 기업 공시 잇따라…대규모 유증부터 조선 수... | [공시] 인바이츠바이오코아 '거래정지', 네오이뮨텍·안지오랩 '투자경...",,,,No next trading day price data available yet.,pending
351320,넥사다이내믹스,주요사항보고서(자기전환사채만기전취득결정),convertible_bond,20260824,negative,-60,C,Convertible bonds may create future dilution risk.,5,7,3,4,5,"[코스피·코스닥, HD한국조선해양 셀트리온 에코프로에이치엔 한미약품... | 코스피·코스닥지수, 주요 기업 공시 잇따라…대규모 유증부터 조선 수... | [공시] 인바이츠바이오코아 '거래정지', 네오이뮨텍·안지오랩 '투자경...",,,,No next trading day price data available yet.,pending
351320,넥사다이내믹스,주요사항보고서(자기전환사채만기전취득결정),convertible_bond,20260824,negative,-60,C,Convertible bonds may create future dilution risk.,5,7,3,4,5,"[코스피·코스닥, HD한국조선해양 셀트리온 에코프로에이치엔 한미약품... | 코스피·코스닥지수, 주요 기업 공시 잇따라…대규모 유증부터 조선 수... | [공시] 인바이츠바이오코아 '거래정지', 네오이뮨텍·안지오랩 '투자경...",,,,No next trading day price data available yet.,pending
351320,넥사다이내믹스,주요사항보고서(자기전환사채만기전취득결정),convertible_bond,20260824,negative,-60,C,Convertible bonds may create future dilution risk.,5,7,3,4,5,"[코스피·코스닥, HD한국조선해양 셀트리온 에코프로에이치엔 한미약품... | 코스피·코스닥지수, 주요 기업 공시 잇따라…대규모 유증부터 조선 수... | [공시] 인바이츠바이오코아 '거래정지', 네오이뮨텍·안지오랩 '투자경...",,,,No next trading day price data available yet.,pending
351320,넥사다이내믹스,주요사항보고서(자기전환사채만기전취득결정),convertible_bond,20260824,negative,-60,C,Convertible bonds may create future dilution risk.,5,7,3,4,5,"[코스피·코스닥, HD한국조선해양 셀트리온 에코프로에이치엔 한미약품... | 코스피·코스닥지수, 주요 기업 공시 잇따라…대규모 유증부터 조선 수... | [공시] 인바이츠바이오코아 '거래정지', 네오이뮨텍·안지오랩 '투자경...",,,,No next trading day price data available yet.,pending
351320,넥사다이내믹스,주요사항보고서(자기전환사채만기전취득결정),convertible_bond,20260824,negative,-60,C,Convertible bonds may create future dilution risk.,5,7,3,4,5,"[코스피·코스닥, HD한국조선해양 셀트리온 에코프로에이치엔 한미약품... | 코스피·코스닥지수, 주요 기업 공시 잇따라…대규모 유증부터 조선 수... | [공시] 인바이츠바이오코아 '거래정지', 네오이뮨텍·안지오랩 '투자경...",,,,No next trading day price data available yet.,pending
351320,넥사다이내믹스,주요사항보고서(자기전환사채만기전취득결정),convertible_bond,20260824,negative,-60,C,Convertible bonds may create future dilution risk.,5,7,3,4,5,"[코스피·코스닥, HD한국조선해양 셀트리온 에코프로에이치엔 한미약품... | 코스피·코스닥지수, 주요 기업 공시 잇따라…대규모 유증부터 조선 수... | [공시] 인바이츠바이오코아 '거래정지', 네오이뮨텍·안지오랩 '투자경...",,,,No next trading day price data available yet.,pending
351320,넥사다이내믹스,주요사항보고서(자기전환사채만기전취득결정),convertible_bond,20260824,negative,-60,C,Convertible bonds may create future dilution risk.,5,7,3,4,5,"[코스피·코스닥, HD한국조선해양 셀트리온 에코프로에이치엔 한미약품... | 코스피·코스닥지수, 주요 기업 공시 잇따라…대규모 유증부터 조선 수... | [공시] 인바이츠바이오코아 '거래정지', 네오이뮨텍·안지오랩 '투자경...",,,,No next trading day price data available yet.,pending
351320,넥사다이내믹스,주요사항보고서(자기전환사채만기전취득결정),convertible_bond,20260824,negative,-60,C,Convertible bonds may create future dilution risk.,5,7,3,4,5,"[코스피·코스닥, HD한국조선해양 셀트리온 에코프로에이치엔 한미약품... | 코스피·코스닥지수, 주요 기업 공시 잇따라…대규모 유증부터 조선 수... | [공시] 인바이츠바이오코아 '거래정지', 네오이뮨텍·안지오랩 '투자경...",,,,No next trading day price data available yet.,pending
351320,넥사다이내믹스,주요사항보고서(자기전환사채만기전취득결정),convertible_bond,20260824,negative,-60,C,Convertible bonds may create future dilution risk.,5,7,3,4,5,"[코스피·코스닥, HD한국조선해양 셀트리온 에코프로에이치엔 한미약품... | 코스피·코스닥지수, 주요 기업 공시 잇따라…대규모 유증부터 조선 수... | [공시] 인바이츠바이오코아 '거래정지', 네오이뮨텍·안지오랩 '투자경...",,,,No next trading day price data available yet.,pending
351320,넥사다이내믹스,주요사항보고서(자기전환사채만기전취득결정),convertible_bond,20260824,negative,-60,C,Convertible bonds may create future dilution risk.,5,7,3,4,5,"[코스피·코스닥, HD한국조선해양 셀트리온 에코프로에이치엔 한미약품... | 코스피·코스닥지수, 주요 기업 공시 잇따라…대규모 유증부터 조선 수... | [공시] 인바이츠바이오코아 '거래정지', 네오이뮨텍·안지오랩 '투자경...",,,,No next trading day price data available yet.,pending
351320,넥사다이내믹스,주요사항보고서(자기전환사채만기전취득결정),convertible_bond,20260824,negative,-60,C,Convertible bonds may create future dilution risk.,5,7,3,4,5,"[코스피·코스닥, HD한국조선해양 셀트리온 에코프로에이치엔 한미약품... | 코스피·코스닥지수, 주요 기업 공시 잇따라…대규모 유증부터 조선 수... | [공시] 인바이츠바이오코아 '거래정지', 네오이뮨텍·안지오랩 '투자경...",,,,No next trading day price data available yet.,pending
351320,넥사다이내믹스,주요사항보고서(자기전환사채만기전취득결정),convertible_bond,20260824,negative,-60,C,Convertible bonds may create future dilution risk.,5,7,3,4,5,"[코스피·코스닥, HD한국조선해양 셀트리온 에코프로에이치엔 한미약품... | 코스피·코스닥지수, 주요 기업 공시 잇따라…대규모 유증부터 조선 수... | [공시] 인바이츠바이오코아 '거래정지', 네오이뮨텍·안지오랩 '투자경...",,,,No next trading day price data available yet.,pending
351320,넥사다이내믹스,주요사항보고서(자기전환사채만기전취득결정),convertible_bond,20260824,negative,-60,C,Convertible bonds may create future dilution risk.,5,7,3,4,5,"[코스피·코스닥, HD한국조선해양 셀트리온 에코프로에이치엔 한미약품... | 코스피·코스닥지수, 주요 기업 공시 잇따라…대규모 유증부터 조선 수... | [공시] 인바이츠바이오코아 '거래정지', 네오이뮨텍·안지오랩 '투자경...",,,,No next trading day price data available yet.,pending
351320,넥사다이내믹스,주요사항보고서(자기전환사채만기전취득결정),convertible_bond,20260824,negative,-60,C,Convertible bonds may create future dilution risk.,5,7,3,4,5,"[코스피·코스닥, HD한국조선해양 셀트리온 에코프로에이치엔 한미약품... | 코스피·코스닥지수, 주요 기업 공시 잇따라…대규모 유증부터 조선 수... | [공시] 인바이츠바이오코아 '거래정지', 네오이뮨텍·안지오랩 '투자경...",,,,No next trading day price data available yet.,pending
351320,넥사다이내믹스,주요사항보고서(자기전환사채만기전취득결정),convertible_bond,20260824,negative,-60,C,Convertible bonds may create future dilution risk.,5,7,3,4,5,"[코스피·코스닥, HD한국조선해양 셀트리온 에코프로에이치엔 한미약품... | 코스피·코스닥지수, 주요 기업 공시 잇따라…대규모 유증부터 조선 수... | [공시] 인바이츠바이오코아 '거래정지', 네오이뮨텍·안지오랩 '투자경...",,,,No next trading day price data available yet.,pending
351320,넥사다이내믹스,주요사항보고서(자기전환사채만기전취득결정),convertible_bond,20260824,negative,-60,C,Convertible bonds may create future dilution risk.,5,7,3,4,5,"[코스피·코스닥, HD한국조선해양 셀트리온 에코프로에이치엔 한미약품... | 코스피·코스닥지수, 주요 기업 공시 잇따라…대규모 유증부터 조선 수... | [공시] 인바이츠바이오코아 '거래정지', 네오이뮨텍·안지오랩 '투자경...",,,,No next trading day price data available yet.,pending
351320,넥사다이내믹스,주요사항보고서(자기전환사채만기전취득결정),convertible_bond,20260824,negative,-60,C,Convertible bonds may create future dilution risk.,5,7,3,4,5,"[코스피·코스닥, HD한국조선해양 셀트리온 에코프로에이치엔 한미약품... | 코스피·코스닥지수, 주요 기업 공시 잇따라…대규모 유증부터 조선 수... | [공시] 인바이츠바이오코아 '거래정지', 네오이뮨텍·안지오랩 '투자경...",,,,No next trading day price data available yet.,pending
351320,넥사다이내믹스,주요사항보고서(자기전환사채만기전취득결정),convertible_bond,20260824,negative,-60,C,Convertible bonds may create future dilution risk.,5,7,3,4,5,"[코스피·코스닥, HD한국조선해양 셀트리온 에코프로에이치엔 한미약품... | 코스피·코스닥지수, 주요 기업 공시 잇따라…대규모 유증부터 조선 수... | [공시] 인바이츠바이오코아 '거래정지', 네오이뮨텍·안지오랩 '투자경...",,,,No next trading day price data available yet.,pending
351320,넥사다이내믹스,주요사항보고서(자기전환사채만기전취득결정),convertible_bond,20260824,negative,-60,C,Convertible bonds may create future dilution risk.,5,7,3,4,5,"[코스피·코스닥, HD한국조선해양 셀트리온 에코프로에이치엔 한미약품... | 코스피·코스닥지수, 주요 기업 공시 잇따라…대규모 유증부터 조선 수... | [공시] 인바이츠바이오코아 '거래정지', 네오이뮨텍·안지오랩 '투자경...",,,,No next trading day price data available yet.,pending
351320,넥사다이내믹스,주요사항보고서(자기전환사채만기전취득결정),convertible_bond,20260824,negative,-60,C,Convertible bonds may create future dilution risk.,5,7,3,4,5,"[코스피·코스닥, HD한국조선해양 셀트리온 에코프로에이치엔 한미약품... | 코스피·코스닥지수, 주요 기업 공시 잇따라…대규모 유증부터 조선 수... | [공시] 인바이츠바이오코아 '거래정지', 네오이뮨텍·안지오랩 '투자경...",,,,No next trading day price data available yet.,pending
351320,넥사다이내믹스,주요사항보고서(자기전환사채만기전취득결정),convertible_bond,20260824,negative,-60,C,Convertible bonds may create future dilution risk.,5,7,3,4,5,"[코스피·코스닥, HD한국조선해양 셀트리온 에코프로에이치엔 한미약품... | 코스피·코스닥지수, 주요 기업 공시 잇따라…대규모 유증부터 조선 수... | [공시] 인바이츠바이오코아 '거래정지', 네오이뮨텍·안지오랩 '투자경...",,,,No next trading day price data available yet.,pending
351320,넥사다이내믹스,주요사항보고서(자기전환사채만기전취득결정),convertible_bond,20260824,negative,-60,C,Convertible bonds may create future dilution risk.,5,7,3,4,5,"[코스피·코스닥, HD한국조선해양 셀트리온 에코프로에이치엔 한미약품... | 코스피·코스닥지수, 주요 기업 공시 잇따라…대규모 유증부터 조선 수... | [공시] 인바이츠바이오코아 '거래정지', 네오이뮨텍·안지오랩 '투자경...",,,,No next trading day price data available yet.,pending
351320,넥사다이내믹스,주요사항보고서(자기전환사채만기전취득결정),convertible_bond,20260824,negative,-60,C,Convertible bonds may create future dilution risk.,5,7,3,4,5,"[코스피·코스닥, HD한국조선해양 셀트리온 에코프로에이치엔 한미약품... | 코스피·코스닥지수, 주요 기업 공시 잇따라…대규모 유증부터 조선 수... | [공시] 인바이츠바이오코아 '거래정지', 네오이뮨텍·안지오랩 '투자경...",,,,No next trading day price data available yet.,pending
351320,넥사다이내믹스,주요사항보고서(자기전환사채만기전취득결정),convertible_bond,20260824,negative,-60,C,Convertible bonds may create future dilution risk.,5,7,3,4,5,"[코스피·코스닥, HD한국조선해양 셀트리온 에코프로에이치엔 한미약품... | 코스피·코스닥지수, 주요 기업 공시 잇따라…대규모 유증부터 조선 수... | [공시] 인바이츠바이오코아 '거래정지', 네오이뮨텍·안지오랩 '투자경...",,,,No next trading day price data available yet.,pending
351320,넥사다이내믹스,주요사항보고서(자기전환사채만기전취득결정),convertible_bond,20260824,negative,-60,C,Convertible bonds may create future dilution risk.,5,7,3,4,5,"[코스피·코스닥, HD한국조선해양 셀트리온 에코프로에이치엔 한미약품... | 코스피·코스닥지수, 주요 기업 공시 잇따라…대규모 유증부터 조선 수... | [공시] 인바이츠바이오코아 '거래정지', 네오이뮨텍·안지오랩 '투자경...",,,,No next trading day price data available yet.,pending
351320,넥사다이내믹스,주요사항보고서(자기전환사채만기전취득결정),convertible_bond,20260824,negative,-60,C,Convertible bonds may create future dilution risk.,5,7,3,4,5,"[코스피·코스닥, HD한국조선해양 셀트리온 에코프로에이치엔 한미약품... | 코스피·코스닥지수, 주요 기업 공시 잇따라…대규모 유증부터 조선 수... | [공시] 인바이츠바이오코아 '거래정지', 네오이뮨텍·안지오랩 '투자경...",,,,No next trading day price data available yet.,pending
351320,넥사다이내믹스,주요사항보고서(자기전환사채만기전취득결정),convertible_bond,20260824,negative,-60,C,Convertible bonds may create future dilution risk.,5,7,3,4,5,"[코스피·코스닥, HD한국조선해양 셀트리온 에코프로에이치엔 한미약품... | 코스피·코스닥지수, 주요 기업 공시 잇따라…대규모 유증부터 조선 수... | [공시] 인바이츠바이오코아 '거래정지', 네오이뮨텍·안지오랩 '투자경...",,,,No next trading day price data available yet.,pending
351320,넥사다이내믹스,주요사항보고서(자기전환사채만기전취득결정),convertible_bond,20260824,negative,-60,C,Convertible bonds may create future dilution risk.,5,7,3,4,5,"[코스피·코스닥, HD한국조선해양 셀트리온 에코프로에이치엔 한미약품... | 코스피·코스닥지수, 주요 기업 공시 잇따라…대규모 유증부터 조선 수... | [공시] 인바이츠바이오코아 '거래정지', 네오이뮨텍·안지오랩 '투자경...",,,,No next trading day price data available yet.,pending
351320,넥사다이내믹스,주요사항보고서(자기전환사채만기전취득결정),convertible_bond,20260824,negative,-60,C,Convertible bonds may create future dilution risk.,5,7,3,4,5,"[코스피·코스닥, HD한국조선해양 셀트리온 에코프로에이치엔 한미약품... | 코스피·코스닥지수, 주요 기업 공시 잇따라…대규모 유증부터 조선 수... | [공시] 인바이츠바이오코아 '거래정지', 네오이뮨텍·안지오랩 '투자경...",,,,No next trading day price data available yet.,pending
351320,넥사다이내믹스,주요사항보고서(자기전환사채만기전취득결정),convertible_bond,20260824,negative,-60,C,Convertible bonds may create future dilution risk.,5,7,3,4,5,"[코스피·코스닥, HD한국조선해양 셀트리온 에코프로에이치엔 한미약품... | 코스피·코스닥지수, 주요 기업 공시 잇따라…대규모 유증부터 조선 수... | [공시] 인바이츠바이오코아 '거래정지', 네오이뮨텍·안지오랩 '투자경...",,,,No next trading day price data available yet.,pending
351320,넥사다이내믹스,주요사항보고서(자기전환사채만기전취득결정),convertible_bond,20260824,negative,-60,C,Convertible bonds may create future dilution risk.,5,7,3,4,5,"[코스피·코스닥, HD한국조선해양 셀트리온 에코프로에이치엔 한미약품... | 코스피·코스닥지수, 주요 기업 공시 잇따라…대규모 유증부터 조선 수... | [공시] 인바이츠바이오코아 '거래정지', 네오이뮨텍·안지오랩 '투자경...",,,,No next trading day price data available yet.,pending
351320,넥사다이내믹스,주요사항보고서(자기전환사채만기전취득결정),convertible_bond,20260824,negative,-60,C,Convertible bonds may create future dilution risk.,5,7,3,4,5,"[코스피·코스닥, HD한국조선해양 셀트리온 에코프로에이치엔 한미약품... | 코스피·코스닥지수, 주요 기업 공시 잇따라…대규모 유증부터 조선 수... | [공시] 인바이츠바이오코아 '거래정지', 네오이뮨텍·안지오랩 '투자경...",,,,No next trading day price data available yet.,pending
351320,넥사다이내믹스,주요사항보고서(자기전환사채만기전취득결정),convertible_bond,20260824,negative,-60,C,Convertible bonds may create future dilution risk.,5,7,3,4,5,"[코스피·코스닥, HD한국조선해양 셀트리온 에코프로에이치엔 한미약품... | 코스피·코스닥지수, 주요 기업 공시 잇따라…대규모 유증부터 조선 수... | [공시] 인바이츠바이오코아 '거래정지', 네오이뮨텍·안지오랩 '투자경...",,,,No next trading day price data available yet.,pending
351320,넥사다이내믹스,주요사항보고서(자기전환사채만기전취득결정),convertible_bond,20260824,negative,-60,C,Convertible bonds may create future dilution risk.,5,7,3,4,5,"[코스피·코스닥, HD한국조선해양 셀트리온 에코프로에이치엔 한미약품... | 코스피·코스닥지수, 주요 기업 공시 잇따라…대규모 유증부터 조선 수... | [공시] 인바이츠바이오코아 '거래정지', 네오이뮨텍·안지오랩 '투자경...",,,,No next trading day price data available yet.,pending
351320,넥사다이내믹스,주요사항보고서(자기전환사채만기전취득결정),convertible_bond,20260824,negative,-60,C,Convertible bonds may create future dilution risk.,5,7,3,4,5,"[코스피·코스닥, HD한국조선해양 셀트리온 에코프로에이치엔 한미약품... | 코스피·코스닥지수, 주요 기업 공시 잇따라…대규모 유증부터 조선 수... | [공시] 인바이츠바이오코아 '거래정지', 네오이뮨텍·안지오랩 '투자경...",,,,No next trading day price data available yet.,pending
351320,넥사다이내믹스,주요사항보고서(자기전환사채만기전취득결정),convertible_bond,20260824,negative,-60,C,Convertible bonds may create future dilution risk.,5,7,3,4,5,"[코스피·코스닥, HD한국조선해양 셀트리온 에코프로에이치엔 한미약품... | 코스피·코스닥지수, 주요 기업 공시 잇따라…대규모 유증부터 조선 수... | [공시] 인바이츠바이오코아 '거래정지', 네오이뮨텍·안지오랩 '투자경...",,,,No next trading day price data available yet.,pending
351320,넥사다이내믹스,주요사항보고서(자기전환사채만기전취득결정),convertible_bond,20260824,negative,-60,C,Convertible bonds may create future dilution risk.,5,7,3,4,5,"[코스피·코스닥, HD한국조선해양 셀트리온 에코프로에이치엔 한미약품... | 코스피·코스닥지수, 주요 기업 공시 잇따라…대규모 유증부터 조선 수... | [공시] 인바이츠바이오코아 '거래정지', 네오이뮨텍·안지오랩 '투자경...",,,,No next trading day price data available yet.,pending
351320,넥사다이내믹스,주요사항보고서(자기전환사채만기전취득결정),convertible_bond,20260824,negative,-60,C,Convertible bonds may create future dilution risk.,5,7,3,4,5,"[코스피·코스닥, HD한국조선해양 셀트리온 에코프로에이치엔 한미약품... | 코스피·코스닥지수, 주요 기업 공시 잇따라…대규모 유증부터 조선 수... | [공시] 인바이츠바이오코아 '거래정지', 네오이뮨텍·안지오랩 '투자경...",,,,No next trading day price data available yet.,pending
351320,넥사다이내믹스,주요사항보고서(자기전환사채만기전취득결정),convertible_bond,20260824,negative,-60,C,Convertible bonds may create future dilution risk.,5,7,3,4,5,"[코스피·코스닥, HD한국조선해양 셀트리온 에코프로에이치엔 한미약품... | 코스피·코스닥지수, 주요 기업 공시 잇따라…대규모 유증부터 조선 수... | [공시] 인바이츠바이오코아 '거래정지', 네오이뮨텍·안지오랩 '투자경...",,,,No next trading day price data available yet.,pending
351320,넥사다이내믹스,주요사항보고서(자기전환사채만기전취득결정),convertible_bond,20260824,negative,-60,C,Convertible bonds may create future dilution risk.,5,7,3,4,5,"[코스피·코스닥, HD한국조선해양 셀트리온 에코프로에이치엔 한미약품... | 코스피·코스닥지수, 주요 기업 공시 잇따라…대규모 유증부터 조선 수... | [공시] 인바이츠바이오코아 '거래정지', 네오이뮨텍·안지오랩 '투자경...",,,,No next trading day price data available yet.,pending
351320,넥사다이내믹스,주요사항보고서(자기전환사채만기전취득결정),convertible_bond,20260824,negative,-60,C,Convertible bonds may create future dilution risk.,5,7,3,4,5,"[코스피·코스닥, HD한국조선해양 셀트리온 에코프로에이치엔 한미약품... | 코스피·코스닥지수, 주요 기업 공시 잇따라…대규모 유증부터 조선 수... | [공시] 인바이츠바이오코아 '거래정지', 네오이뮨텍·안지오랩 '투자경...",,,,No next trading day price data available yet.,pending
351320,넥사다이내믹스,주요사항보고서(자기전환사채만기전취득결정),convertible_bond,20260824,negative,-60,C,Convertible bonds may create future dilution risk.,5,7,3,4,5,"[코스피·코스닥, HD한국조선해양 셀트리온 에코프로에이치엔 한미약품... | 코스피·코스닥지수, 주요 기업 공시 잇따라…대규모 유증부터 조선 수... | [공시] 인바이츠바이오코아 '거래정지', 네오이뮨텍·안지오랩 '투자경...",,,,No next trading day price data available yet.,pending
351320,넥사다이내믹스,주요사항보고서(자기전환사채만기전취득결정),convertible_bond,20260824,negative,-60,C,Convertible bonds may create future dilution risk.,5,7,3,4,5,"[코스피·코스닥, HD한국조선해양 셀트리온 에코프로에이치엔 한미약품... | 코스피·코스닥지수, 주요 기업 공시 잇따라…대규모 유증부터 조선 수... | [공시] 인바이츠바이오코아 '거래정지', 네오이뮨텍·안지오랩 '투자경...",,,,No next trading day price data available yet.,pending
351320,넥사다이내믹스,주요사항보고서(자기전환사채만기전취득결정),convertible_bond,20260824,negative,-60,C,Convertible bonds may create future dilution risk.,5,7,3,4,5,"[코스피·코스닥, HD한국조선해양 셀트리온 에코프로에이치엔 한미약품... | 코스피·코스닥지수, 주요 기업 공시 잇따라…대규모 유증부터 조선 수... | [공시] 인바이츠바이오코아 '거래정지', 네오이뮨텍·안지오랩 '투자경...",,,,No next trading day price data available yet.,pending
351320,넥사다이내믹스,주요사항보고서(자기전환사채만기전취득결정),convertible_bond,20260824,negative,-60,C,Convertible bonds may create future dilution risk.,5,7,3,4,5,"[코스피·코스닥, HD한국조선해양 셀트리온 에코프로에이치엔 한미약품... | 코스피·코스닥지수, 주요 기업 공시 잇따라…대규모 유증부터 조선 수... | [공시] 인바이츠바이오코아 '거래정지', 네오이뮨텍·안지오랩 '투자경...",,,,No next trading day price data available yet.,pending
351320,넥사다이내믹스,주요사항보고서(자기전환사채만기전취득결정),convertible_bond,20260824,negative,-60,C,Convertible bonds may create future dilution risk.,5,7,3,4,5,"[코스피·코스닥, HD한국조선해양 셀트리온 에코프로에이치엔 한미약품... | 코스피·코스닥지수, 주요 기업 공시 잇따라…대규모 유증부터 조선 수... | [공시] 인바이츠바이오코아 '거래정지', 네오이뮨텍·안지오랩 '투자경...",,,,No next trading day price data available yet.,pending
351320,넥사다이내믹스,주요사항보고서(자기전환사채만기전취득결정),convertible_bond,20260824,negative,-60,C,Convertible bonds may create future dilution risk.,5,7,3,4,5,"[코스피·코스닥, HD한국조선해양 셀트리온 에코프로에이치엔 한미약품... | 코스피·코스닥지수, 주요 기업 공시 잇따라…대규모 유증부터 조선 수... | [공시] 인바이츠바이오코아 '거래정지', 네오이뮨텍·안지오랩 '투자경...",,,,No next trading day price data available yet.,pending
351320,넥사다이내믹스,주요사항보고서(자기전환사채만기전취득결정),convertible_bond,20260824,negative,-60,C,Convertible bonds may create future dilution risk.,5,7,3,4,5,"[코스피·코스닥, HD한국조선해양 셀트리온 에코프로에이치엔 한미약품... | 코스피·코스닥지수, 주요 기업 공시 잇따라…대규모 유증부터 조선 수... | [공시] 인바이츠바이오코아 '거래정지', 네오이뮨텍·안지오랩 '투자경...",,,,No next trading day price data available yet.,pending
351320,넥사다이내믹스,주요사항보고서(자기전환사채만기전취득결정),convertible_bond,20260824,negative,-60,C,Convertible bonds may create future dilution risk.,5,7,3,4,5,"[코스피·코스닥, HD한국조선해양 셀트리온 에코프로에이치엔 한미약품... | 코스피·코스닥지수, 주요 기업 공시 잇따라…대규모 유증부터 조선 수... | [공시] 인바이츠바이오코아 '거래정지', 네오이뮨텍·안지오랩 '투자경...",,,,No next trading day price data available yet.,pending
351320,넥사다이내믹스,주요사항보고서(자기전환사채만기전취득결정),convertible_bond,20260824,negative,-60,C,Convertible bonds may create future dilution risk.,5,7,3,4,5,"[코스피·코스닥, HD한국조선해양 셀트리온 에코프로에이치엔 한미약품... | 코스피·코스닥지수, 주요 기업 공시 잇따라…대규모 유증부터 조선 수... | [공시] 인바이츠바이오코아 '거래정지', 네오이뮨텍·안지오랩 '투자경...",,,,No next trading day price data available yet.,pending
351320,넥사다이내믹스,주요사항보고서(자기전환사채만기전취득결정),convertible_bond,20260824,negative,-60,C,Convertible bonds may create future dilution risk.,5,7,3,4,5,"[코스피·코스닥, HD한국조선해양 셀트리온 에코프로에이치엔 한미약품... | 코스피·코스닥지수, 주요 기업 공시 잇따라…대규모 유증부터 조선 수... | [공시] 인바이츠바이오코아 '거래정지', 네오이뮨텍·안지오랩 '투자경...",,,,No next trading day price data available yet.,pending
351320,넥사다이내믹스,주요사항보고서(자기전환사채만기전취득결정),convertible_bond,20260824,negative,-60,C,Convertible bonds may create future dilution risk.,5,7,3,4,5,"[코스피·코스닥, HD한국조선해양 셀트리온 에코프로에이치엔 한미약품... | 코스피·코스닥지수, 주요 기업 공시 잇따라…대규모 유증부터 조선 수... | [공시] 인바이츠바이오코아 '거래정지', 네오이뮨텍·안지오랩 '투자경...",,,,No next trading day price data available yet.,pending
351320,넥사다이내믹스,주요사항보고서(자기전환사채만기전취득결정),convertible_bond,20260824,negative,-60,C,Convertible bonds may create future dilution risk.,5,7,3,4,5,"[코스피·코스닥, HD한국조선해양 셀트리온 에코프로에이치엔 한미약품... | 코스피·코스닥지수, 주요 기업 공시 잇따라…대규모 유증부터 조선 수... | [공시] 인바이츠바이오코아 '거래정지', 네오이뮨텍·안지오랩 '투자경...",,,,No next trading day price data available yet.,pending
351320,넥사다이내믹스,주요사항보고서(자기전환사채만기전취득결정),convertible_bond,20260824,negative,-60,C,Convertible bonds may create future dilution risk.,5,7,3,4,5,"[코스피·코스닥, HD한국조선해양 셀트리온 에코프로에이치엔 한미약품... | 코스피·코스닥지수, 주요 기업 공시 잇따라…대규모 유증부터 조선 수... | [공시] 인바이츠바이오코아 '거래정지', 네오이뮨텍·안지오랩 '투자경...",,,,No next trading day price data available yet.,pending
351320,넥사다이내믹스,주요사항보고서(자기전환사채만기전취득결정),convertible_bond,20260824,negative,-60,C,Convertible bonds may create future dilution risk.,5,7,3,4,5,"[코스피·코스닥, HD한국조선해양 셀트리온 에코프로에이치엔 한미약품... | 코스피·코스닥지수, 주요 기업 공시 잇따라…대규모 유증부터 조선 수... | [공시] 인바이츠바이오코아 '거래정지', 네오이뮨텍·안지오랩 '투자경...",,,,No next trading day price data available yet.,pending
351320,넥사다이내믹스,주요사항보고서(자기전환사채만기전취득결정),convertible_bond,20260824,negative,-60,C,Convertible bonds may create future dilution risk.,5,7,3,4,5,"[코스피·코스닥, HD한국조선해양 셀트리온 에코프로에이치엔 한미약품... | 코스피·코스닥지수, 주요 기업 공시 잇따라…대규모 유증부터 조선 수... | [공시] 인바이츠바이오코아 '거래정지', 네오이뮨텍·안지오랩 '투자경...",,,,No next trading day price data available yet.,pending
351320,넥사다이내믹스,주요사항보고서(자기전환사채만기전취득결정),convertible_bond,20260824,negative,-60,C,Convertible bonds may create future dilution risk.,5,7,3,4,5,"[코스피·코스닥, HD한국조선해양 셀트리온 에코프로에이치엔 한미약품... | 코스피·코스닥지수, 주요 기업 공시 잇따라…대규모 유증부터 조선 수... | [공시] 인바이츠바이오코아 '거래정지', 네오이뮨텍·안지오랩 '투자경...",,,,No next trading day price data available yet.,pending
351320,넥사다이내믹스,주요사항보고서(자기전환사채만기전취득결정),convertible_bond,20260824,negative,-60,C,Convertible bonds may create future dilution risk.,5,7,3,4,5,"[코스피·코스닥, HD한국조선해양 셀트리온 에코프로에이치엔 한미약품... | 코스피·코스닥지수, 주요 기업 공시 잇따라…대규모 유증부터 조선 수... | [공시] 인바이츠바이오코아 '거래정지', 네오이뮨텍·안지오랩 '투자경...",,,,No next trading day price data available yet.,pending
351320,넥사다이내믹스,주요사항보고서(자기전환사채만기전취득결정),convertible_bond,20260824,negative,-60,C,Convertible bonds may create future dilution risk.,5,7,3,4,5,"[코스피·코스닥, HD한국조선해양 셀트리온 에코프로에이치엔 한미약품... | 코스피·코스닥지수, 주요 기업 공시 잇따라…대규모 유증부터 조선 수... | [공시] 인바이츠바이오코아 '거래정지', 네오이뮨텍·안지오랩 '투자경...",,,,No next trading day price data available yet.,pending
351320,넥사다이내믹스,주요사항보고서(자기전환사채만기전취득결정),convertible_bond,20260824,negative,-60,C,Convertible bonds may create future dilution risk.,5,7,3,4,5,"[코스피·코스닥, HD한국조선해양 셀트리온 에코프로에이치엔 한미약품... | 코스피·코스닥지수, 주요 기업 공시 잇따라…대규모 유증부터 조선 수... | [공시] 인바이츠바이오코아 '거래정지', 네오이뮨텍·안지오랩 '투자경...",,,,No next trading day price data available yet.,pending
351320,넥사다이내믹스,주요사항보고서(자기전환사채만기전취득결정),convertible_bond,20260824,negative,-60,C,Convertible bonds may create future dilution risk.,5,7,3,4,5,"[코스피·코스닥, HD한국조선해양 셀트리온 에코프로에이치엔 한미약품... | 코스피·코스닥지수, 주요 기업 공시 잇따라…대규모 유증부터 조선 수... | [공시] 인바이츠바이오코아 '거래정지', 네오이뮨텍·안지오랩 '투자경...",,,,No next trading day price data available yet.,pending
351320,넥사다이내믹스,주요사항보고서(자기전환사채만기전취득결정),convertible_bond,20260824,negative,-60,C,Convertible bonds may create future dilution risk.,5,7,3,4,5,"[코스피·코스닥, HD한국조선해양 셀트리온 에코프로에이치엔 한미약품... | 코스피·코스닥지수, 주요 기업 공시 잇따라…대규모 유증부터 조선 수... | [공시] 인바이츠바이오코아 '거래정지', 네오이뮨텍·안지오랩 '투자경...",,,,No next trading day price data available yet.,pending
351320,넥사다이내믹스,주요사항보고서(자기전환사채만기전취득결정),convertible_bond,20260824,negative,-60,C,Convertible bonds may create future dilution risk.,5,7,3,4,5,"[코스피·코스닥, HD한국조선해양 셀트리온 에코프로에이치엔 한미약품... | 코스피·코스닥지수, 주요 기업 공시 잇따라…대규모 유증부터 조선 수... | [공시] 인바이츠바이오코아 '거래정지', 네오이뮨텍·안지오랩 '투자경...",,,,No next trading day price data available yet.,pending
351320,넥사다이내믹스,주요사항보고서(자기전환사채만기전취득결정),convertible_bond,20260824,negative,-60,C,Convertible bonds may create future dilution risk.,5,7,3,4,5,"[코스피·코스닥, HD한국조선해양 셀트리온 에코프로에이치엔 한미약품... | 코스피·코스닥지수, 주요 기업 공시 잇따라…대규모 유증부터 조선 수... | [공시] 인바이츠바이오코아 '거래정지', 네오이뮨텍·안지오랩 '투자경...",,,,No next trading day price data available yet.,pending
351320,넥사다이내믹스,주요사항보고서(자기전환사채만기전취득결정),convertible_bond,20260824,negative,-60,C,Convertible bonds may create future dilution risk.,5,7,3,4,5,"[코스피·코스닥, HD한국조선해양 셀트리온 에코프로에이치엔 한미약품... | 코스피·코스닥지수, 주요 기업 공시 잇따라…대규모 유증부터 조선 수... | [공시] 인바이츠바이오코아 '거래정지', 네오이뮨텍·안지오랩 '투자경...",,,,No next trading day price data available yet.,pending
351320,넥사다이내믹스,주요사항보고서(자기전환사채만기전취득결정),convertible_bond,20260824,negative,-60,C,Convertible bonds may create future dilution risk.,5,7,3,4,5,"[코스피·코스닥, HD한국조선해양 셀트리온 에코프로에이치엔 한미약품... | 코스피·코스닥지수, 주요 기업 공시 잇따라…대규모 유증부터 조선 수... | [공시] 인바이츠바이오코아 '거래정지', 네오이뮨텍·안지오랩 '투자경...",,,,No next trading day price data available yet.,pending
351320,넥사다이내믹스,주요사항보고서(자기전환사채만기전취득결정),convertible_bond,20260824,negative,-60,C,Convertible bonds may create future dilution risk.,5,7,3,4,5,"[코스피·코스닥, HD한국조선해양 셀트리온 에코프로에이치엔 한미약품... | 코스피·코스닥지수, 주요 기업 공시 잇따라…대규모 유증부터 조선 수... | [공시] 인바이츠바이오코아 '거래정지', 네오이뮨텍·안지오랩 '투자경...",,,,No next trading day price data available yet.,pending
351320,넥사다이내믹스,주요사항보고서(자기전환사채만기전취득결정),convertible_bond,20260824,negative,-60,C,Convertible bonds may create future dilution risk.,5,7,3,4,5,"[코스피·코스닥, HD한국조선해양 셀트리온 에코프로에이치엔 한미약품... | 코스피·코스닥지수, 주요 기업 공시 잇따라…대규모 유증부터 조선 수... | [공시] 인바이츠바이오코아 '거래정지', 네오이뮨텍·안지오랩 '투자경...",,,,No next trading day price data available yet.,pending
351320,넥사다이내믹스,주요사항보고서(자기전환사채만기전취득결정),convertible_bond,20260824,negative,-60,C,Convertible bonds may create future dilution risk.,5,7,3,4,5,"[코스피·코스닥, HD한국조선해양 셀트리온 에코프로에이치엔 한미약품... | 코스피·코스닥지수, 주요 기업 공시 잇따라…대규모 유증부터 조선 수... | [공시] 인바이츠바이오코아 '거래정지', 네오이뮨텍·안지오랩 '투자경...",,,,No next trading day price data available yet.,pending
351320,넥사다이내믹스,주요사항보고서(자기전환사채만기전취득결정),convertible_bond,20260824,negative,-60,C,Convertible bonds may create future dilution risk.,5,7,3,4,5,"[코스피·코스닥, HD한국조선해양 셀트리온 에코프로에이치엔 한미약품... | 코스피·코스닥지수, 주요 기업 공시 잇따라…대규모 유증부터 조선 수... | [공시] 인바이츠바이오코아 '거래정지', 네오이뮨텍·안지오랩 '투자경...",,,,No next trading day price data available yet.,pending
288980,모아데이타,[기재정정]최대주주변경을수반하는주식담보제공계약체결              ,major_shareholder_change,20260824,volatile,10,C,Major shareholder changes can increase volatility depending on context.,5,5,4,1,5,"[공시] 인바이츠바이오코아 '거래정지', 네오이뮨텍·안지오랩 '투자경... | 모아데이타, 단일계좌 거래량 상위 종목으로 투자주의종목 지정 | [주식마감] 코로나19 재확산 우려에 '제약주' 강세... 신풍제약, 셀리드...",,,,No next trading day price data available yet.,pending
002020,코오롱,[기재정정]단일판매ㆍ공급계약체결(자회사의 주요경영사항)              ,supply_contract,20260824,positive,70,C,Supply contract disclosures may indicate future revenue growth.,5,1,0,1,5,"한 쪽 다리로 오른다…인생도, 산도 [화제인물 의족 산악인 최형욱씨] | 코오롱티슈진, TG-C 사업계획 조정에 조직 재편하나...인력 절반 줄인 배... | 제약바이오 94社 상반기 잉여금 57.6조…유보율 2.1%p↓",,,,No next trading day price data available yet.,pending
002020,코오롱,[기재정정]단일판매ㆍ공급계약체결(자회사의 주요경영사항)              ,supply_contract,20260824,positive,70,C,Supply contract disclosures may indicate future revenue growth.,5,1,0,1,5,"한 쪽 다리로 오른다…인생도, 산도 [화제인물 의족 산악인 최형욱씨] | 코오롱티슈진, TG-C 사업계획 조정에 조직 재편하나...인력 절반 줄인 배... | 제약바이오 94社 상반기 잉여금 57.6조…유보율 2.1%p↓",,,,No next trading day price data available yet.,pending
002020,코오롱,[기재정정]단일판매ㆍ공급계약체결(자회사의 주요경영사항)              ,supply_contract,20260824,positive,70,C,Supply contract disclosures may indicate future revenue growth.,5,1,0,1,5,"한 쪽 다리로 오른다…인생도, 산도 [화제인물 의족 산악인 최형욱씨] | 코오롱티슈진, TG-C 사업계획 조정에 조직 재편하나...인력 절반 줄인 배... | 제약바이오 94社 상반기 잉여금 57.6조…유보율 2.1%p↓",,,,No next trading day price data available yet.,pending
002020,코오롱,[기재정정]단일판매ㆍ공급계약체결(자회사의 주요경영사항)              ,supply_contract,20260824,positive,70,C,Supply contract disclosures may indicate future revenue growth.,5,1,0,1,5,"한 쪽 다리로 오른다…인생도, 산도 [화제인물 의족 산악인 최형욱씨] | 코오롱티슈진, TG-C 사업계획 조정에 조직 재편하나...인력 절반 줄인 배... | 제약바이오 94社 상반기 잉여금 57.6조…유보율 2.1%p↓",,,,No next trading day price data available yet.,pending
005820,원림,최대주주등소유주식변동신고서              ,major_shareholder_change,20260824,volatile,10,C,Major shareholder changes can increase volatility depending on context.,5,0,1,-1,5,"[공시]원림 최대주주 일가 지분 승계 본격화 | 폭우 피해 거제에 온정 이어진다···유통업계, 구호물품 지원 잇따라 | 원림, 거제시 수해복구에 산업용 포장백 1만 장 지원",,,,No next trading day price data available yet.,pending
005820,원림,최대주주등소유주식변동신고서              ,major_shareholder_change,20260824,volatile,10,C,Major shareholder changes can increase volatility depending on context.,5,0,1,-1,5,"[공시]원림 최대주주 일가 지분 승계 본격화 | 폭우 피해 거제에 온정 이어진다···유통업계, 구호물품 지원 잇따라 | 원림, 거제시 수해복구에 산업용 포장백 1만 장 지원",,,,No next trading day price data available yet.,pending
005820,원림,최대주주등소유주식변동신고서              ,major_shareholder_change,20260824,volatile,10,C,Major shareholder changes can increase volatility depending on context.,5,0,1,-1,5,"[공시]원림 최대주주 일가 지분 승계 본격화 | 폭우 피해 거제에 온정 이어진다···유통업계, 구호물품 지원 잇따라 | 원림, 거제시 수해복구에 산업용 포장백 1만 장 지원",,,,No next trading day price data available yet.,pending
003070,코오롱글로벌,[기재정정]단일판매ㆍ공급계약체결              ,supply_contract,20260824,positive,70,C,Supply contract disclosures may indicate future revenue growth.,5,7,0,7,5,"포항 도시정비사업 '공사비·미분양' 이중고…시공사 선정·착공은 하세... | 씨지인사이드, 아라미드 공정 '비전 AI 계측' 국책과제 선정 | [기자의눈] 훈풍 올라탄 K-바이오…'팔로워' 넘어 '리더'로",,,,No next trading day price data available yet.,pending
003070,코오롱글로벌,[기재정정]단일판매ㆍ공급계약체결              ,supply_contract,20260824,positive,70,C,Supply contract disclosures may indicate future revenue growth.,5,7,0,7,5,"포항 도시정비사업 '공사비·미분양' 이중고…시공사 선정·착공은 하세... | 씨지인사이드, 아라미드 공정 '비전 AI 계측' 국책과제 선정 | [기자의눈] 훈풍 올라탄 K-바이오…'팔로워' 넘어 '리더'로",,,,No next trading day price data available yet.,pending
003070,코오롱글로벌,[기재정정]단일판매ㆍ공급계약체결              ,supply_contract,20260824,positive,70,C,Supply contract disclosures may indicate future revenue growth.,5,7,0,7,5,"포항 도시정비사업 '공사비·미분양' 이중고…시공사 선정·착공은 하세... | 씨지인사이드, 아라미드 공정 '비전 AI 계측' 국책과제 선정 | [기자의눈] 훈풍 올라탄 K-바이오…'팔로워' 넘어 '리더'로",,,,No next trading day price data available yet.,pending
003070,코오롱글로벌,[기재정정]단일판매ㆍ공급계약체결              ,supply_contract,20260824,positive,70,C,Supply contract disclosures may indicate future revenue growth.,5,7,0,7,5,"포항 도시정비사업 '공사비·미분양' 이중고…시공사 선정·착공은 하세... | 씨지인사이드, 아라미드 공정 '비전 AI 계측' 국책과제 선정 | [기자의눈] 훈풍 올라탄 K-바이오…'팔로워' 넘어 '리더'로",,,,No next trading day price data available yet.,pending
002460,HS화성,[기재정정]단일판매ㆍ공급계약체결              ,supply_contract,20260824,positive,70,C,Supply contract disclosures may indicate future revenue growth.,5,3,0,3,5,"대구 태왕이앤씨, 건설 불황 못넘고 결국 회생절차 | 대구 3대 건설사 태왕 결국 법정관리…지역 건설업계 ‘충격’ | [BBS PLAZA]HS화성 자원봉사단, 치매 어르신 시설 찾아 환경개선 봉사…...",,,,No next trading day price data available yet.,pending
121440,골프존홀딩스,[기재정정]불성실공시법인지정예고              (공시불이행),disclosure_violation,20260824,negative,-80,C,Disclosure violations may damage investor trust.,5,5,2,3,5,"독자 플랫폼 기반 잇단 임상 성과… 한미약품, 블록버스터 신약 가치 부... | [Who Is ?] 조동길 한솔그룹 회장 | [아웃도어 트렌드] K2, FW 신상품 최대 28% 할인 '얼리버드 프로모션' 진...",,,,No next trading day price data available yet.,pending
389500,에스비비테크,단일판매ㆍ공급계약체결              ,supply_contract,20260824,positive,70,C,Supply contract disclosures may indicate future revenue growth.,5,11,2,9,5,"[N2 모닝 경제 브리핑-8월 25일] 美 증시, 국채금리 하락에도 AI주 매도…... | ""일본산 넘어선다""…에스비비테크, 하모닉 감속기 국산화로 승부 | 에스비비테크, 국내 로봇 제조회사와 휴머노이드 로봇용 정밀 감속기 공...",,,,No next trading day price data available yet.,pending
130660,한전산업,[기재정정]단일판매ㆍ공급계약체결              ,supply_contract,20260824,positive,70,C,Supply contract disclosures may indicate future revenue growth.,5,4,2,2,5,"LNG 공백 메운 미국산…전력업계 '고초' | 14조 전력망 예타 면제…풍족한 호남 전기, 용인 반도체로 더 빨리 간다 | [송민 공공노련 상임부위원장] ""발전사 분리 25년, 경쟁효과 없었다, 이...",,,,No next trading day price data available yet.,pending
046120,오르비텍,주요사항보고서(전환사채권발행결정),convertible_bond,20260824,negative,-60,C,Convertible bonds may create future dilution risk.,5,0,8,-8,5,"[N2 모닝 경제 브리핑-8월 25일] 美 증시, 국채금리 하락에도 AI주 매도…... | [속보] 오르비텍 주가, 50억원 CB 발행 | [속보] 오르비텍, 50억원 규모 전환사채 발행…타법인 증권 취득자금",,,,No next trading day price data available yet.,pending
333620,엔시스,[기재정정]단일판매ㆍ공급계약체결              ,supply_contract,20260824,positive,70,C,Supply contract disclosures may indicate future revenue growth.,5,4,1,3,5,"[공시] 25일, 코스닥 상장사 78개 종목 자사주 매수 신청 | 지주사 할인 해제되나… 솔브레인홀딩스, 알짜 계열사 지분 가치 부각 | [공시] 브이티·에스티오·씨유테크 등...24일 코스닥 76개 종목 '자사주...",,,,No next trading day price data available yet.,pending
038530,케이바이오랩스,"주권매매거래정지              (주식의 병합, 분할 등 전자등록 변경, 말소)",spin_off,20260824,volatile,30,C,Spin-offs can create volatility depending on market interpretation.,5,5,1,4,5,"케이바이오랩스, 주식병합에 따른 주권매매거래 정지 결정 | 진단키트·백신 개발사 수급 쏠림…셀리드·신풍제약 폭등랠리 주목 | '글로벌 빅파마' 눈독… 셀리드, 자체 백신 기술이전 대박 터지나",,,,No next trading day price data available yet.,pending
029460,케이씨,최대주주등소유주식변동신고서              ,major_shareholder_change,20260824,volatile,10,C,Major shareholder changes can increase volatility depending on context.,5,0,0,0,5,"[거버넌스워치] ‘주식 부호’ 케이씨 맏딸 고유현, 비상장 KC이앤씨株... | [거버넌스워치] 케이씨그룹 활동 반경 넓히는 딸과 사위…분가 구도는? | 횡성케이씨 도축장에 '전자출하시스템' 도입",,,,No next trading day price data available yet.,pending
003470,유안타증권,최대주주등소유주식변동신고서              ,major_shareholder_change,20260824,volatile,10,C,Major shareholder changes can increase volatility depending on context.,5,6,1,5,5,"에코프로비엠, 헝가리공장 개조 착수…유럽 완성차에 양극재 공급 | [Invest]증시 랠리에 PB만 웃은 줄 알았더니…'연봉킹' 꿰찬 IB맨들 | “SK하이닉스 성과급 안 부러워”… ‘극단의 성과주의’에 MZ들 은행보...",,,,No next trading day price data available yet.,pending
490470,세미파이브,[기재정정]단일판매ㆍ공급계약체결              ,supply_contract,20260824,positive,70,C,Supply contract disclosures may indicate future revenue growth.,5,13,1,12,5,"[N2 모닝 경제 브리핑-8월 25일] 美 증시, 국채금리 하락에도 AI주 매도…... | [마감시황]코스닥, 1.42% 올라 813.33 마감…2차전지 강세에 반등 | 삼성 파운드리 훈풍 타고…국내 DSP 5곳, 반년만에 작년 매출 70% 채웠다",,,,No next trading day price data available yet.,pending
012170,아센디오,소송등의제기ㆍ신청(경영권분쟁소송)              ,lawsuit,20260824,negative,-75,C,Lawsuits may increase uncertainty and downside risk.,5,3,9,-6,5,"8월 14일 주식시장 주요공시 | [코스피·코스닥,삼성전자 SK하이닉스 ㈜코오롱 롯데카드 현대해상 이랜... | 8월 18일 개장 전 주요 공시",,,,No next trading day price data available yet.,pending
028260,삼성물산,최대주주등소유주식변동신고서              ,major_shareholder_change,20260824,volatile,10,C,Major shareholder changes can increase volatility depending on context.,5,4,2,2,5,엇갈린 그룹주…‘주주환원’ 삼성 울고 2차전지 훈풍 포스코 웃었다 [... | [Who Is ?] 김영대 대성산업 회장 | ‘핫플’ 넘어 핵심 업무지구로…강남·판교 기업 끌어당기는 성수동 [...,,,,No next trading day price data available yet.,pending
