stock_code,candidate_date,candidate_pool_date,signal_date,prediction_date,candidate_action,prediction_direction,prediction_score,final_price_signal_score,price_candidate_score,price_signal_score_v1,price_score_base,supplementary_score,base_momentum_score,volume_confirmation_score,liquidity_score,volatility_penalty,overextension_penalty,reversal_risk_penalty,news_risk_penalty,attention_noise_penalty,market_regime_penalty,healthy_context_score,final_price_signal_score_v2,score_version,v3_momentum_quality_score,v3_volume_quality_score,v3_liquidity_quality_score,v3_stability_score,v3_overextension_penalty,v3_reversal_penalty,v3_noise_penalty,v3_final_score,final_price_signal_score_v3,experimental_score_version,signal_label,close,return_1d,return_5d,return_20d,ma5,ma20,volume_ratio_20d,volatility_20d,price_source,corp_name,stock_name,event_type,social_attention_label,social_risk_label,news_risk_score,news_negative_keyword_count,news_risk_keyword_count,source_file,candidate_rank,selected_pick,selection_reason,v3_rank,v3_selected_pick,v3_selection_reason
020560,2026-08-27,2026-08-27,2026-08-27,2026-08-27,BUY_CANDIDATE,positive,84.8,84.8,84.8,109.22,109.22,0,77.93,3.6,3,2.74,0.0,0.0,0.0,0.0,0,3,84.8,v2_conservative_ranker,53.0,8.0,6,13.58,0.0,0.0,0.0,80.58,80.58,v3_stability_ranker,strong_price_momentum,7610.0,0.0079,0.1013,0.1409,7264.0,7120.5,1.7207,0.0228,pykrx,,,,,,,,,data/raw/price_020560_20260429_20260827.csv,1,True,Top 20 by conservative v2 price signal score,2,True,Experimental Top 20 by stability-first v3 score
229000,2026-08-27,2026-08-27,2026-08-27,2026-08-27,BUY_CANDIDATE,positive,80.45,80.45,80.45,109.82,109.82,0,79.0,2.91,3,4.94,2.52,0.0,0.0,0.0,0,3,80.45,v2_conservative_ranker,41.03,8.0,6,3.82,10.97,0.0,0.0,47.88,47.88,v3_stability_ranker,strong_price_momentum,1947.0,0.0757,0.1044,0.3907,1834.2,1734.5,1.5829,0.0412,pykrx,,,,,,,,,data/raw/price_229000_20260429_20260827.csv,2,True,Top 20 by conservative v2 price signal score,171,False,Broad evaluation pool candidate
000760,2026-08-27,2026-08-27,2026-08-27,2026-08-27,WATCHLIST,neutral_positive,73.75,73.75,73.75,104.09,104.09,0,75.75,2.75,3,4.75,0.0,0.0,6.0,0.0,0,3,73.75,v2_conservative_ranker,57.0,8.0,6,11.06,0.0,0.0,9.0,73.06,73.06,v3_stability_ranker,strong_price_momentum,14100.0,-0.0007,0.0475,0.2113,14126.0,13245.0,1.5502,0.0396,pykrx,,,,,,6,2,2,data/raw/price_000760_20260429_20260827.csv,3,True,Top 20 by conservative v2 price signal score,6,True,Experimental Top 20 by stability-first v3 score
003490,2026-08-27,2026-08-27,2026-08-27,2026-08-27,WATCHLIST,neutral_positive,73.04,73.04,73.04,99.05,99.05,0,74.01,0.0,2,2.96,0.0,0.0,0.0,0.0,0,0,73.04,v2_conservative_ranker,53.0,2.0,1,13.29,1.11,0.0,0.0,68.18,68.18,v3_stability_ranker,strong_price_momentum,28350.0,0.0071,0.1317,0.1431,26920.0,26337.5,0.8664,0.0247,pykrx,,,,,,,,,data/raw/price_003490_20260429_20260827.csv,4,True,Top 20 by conservative v2 price signal score,18,True,Experimental Top 20 by stability-first v3 score
294870,2026-08-27,2026-08-27,2026-08-27,2026-08-27,WATCHLIST,neutral_positive,70.17,70.17,70.17,91.43,91.43,0,72.75,-2.0,2,2.58,0.0,0.0,0.0,0.0,0,0,70.17,v2_conservative_ranker,57.0,-3.0,1,13.78,0.0,0.0,0.0,68.78,68.78,v3_stability_ranker,strong_price_momentum,23000.0,0.0,0.0575,0.2093,22380.0,21836.0,0.3046,0.0215,pykrx,,,,,,,,,data/raw/price_294870_20260429_20260827.csv,5,True,Top 20 by conservative v2 price signal score,16,True,Experimental Top 20 by stability-first v3 score
055550,2026-08-27,2026-08-27,2026-08-27,2026-08-27,WATCHLIST,neutral_positive,69.41,69.41,69.41,89.01,89.01,0,71.95,-2.0,2,2.54,0.0,0.0,0.0,0.0,0,0,69.41,v2_conservative_ranker,57.0,-3.0,1,13.82,0.0,0.0,0.0,68.82,68.82,v3_stability_ranker,strong_price_momentum,108500.0,0.0102,0.0732,0.1038,105960.0,104930.0,0.4362,0.0212,pykrx,,,,,,,,,data/raw/price_055550_20260429_20260827.csv,6,True,Top 20 by conservative v2 price signal score,15,True,Experimental Top 20 by stability-first v3 score
130660,2026-08-27,2026-08-27,2026-08-27,2026-08-27,WATCHLIST,neutral_positive,68.3,68.3,68.3,98.27,98.27,0,71.0,3.38,3,5.74,3.34,0.0,0.0,0.0,0,0,68.3,v2_conservative_ranker,35.42,8.0,6,6.83,14.64,0.45,0.0,41.16,41.16,v3_stability_ranker,price_momentum,13200.0,-0.0053,0.1702,0.4163,11994.0,11419.5,1.6753,0.0478,pykrx,,,,,,,,,data/raw/price_130660_20260429_20260827.csv,7,True,Top 20 by conservative v2 price signal score,219,False,Broad evaluation pool candidate
131100,2026-08-27,2026-08-27,2026-08-27,2026-08-27,WATCHLIST,neutral_positive,67.94,67.94,67.94,84.2,84.2,0,58.8,7.0,3,0.85,0.0,0.0,0.0,0.0,0,0,67.94,v2_conservative_ranker,43.0,-0.24,4,15.94,0.0,0.0,0.0,62.7,62.7,v3_stability_ranker,price_momentum,2280.0,-0.0087,0.0133,0.0133,2305.0,2263.75,2.4851,0.0071,pykrx,,,,,,,,,data/raw/price_131100_20260429_20260827.csv,8,True,Top 20 by conservative v2 price signal score,43,False,Broad evaluation pool candidate
006220,2026-08-27,2026-08-27,2026-08-27,2026-08-27,WATCHLIST,neutral_positive,67.5,67.5,67.5,102.45,102.45,0,71.0,0.0,3,2.5,0.0,0.0,4.0,0.0,0,0,67.5,v2_conservative_ranker,57.0,-9.0,4,13.88,0.0,14.0,6.1,45.78,45.78,v3_stability_ranker,price_momentum,9990.0,0.0267,0.0906,0.1893,9532.0,9202.0,6.184,0.0208,pykrx,,,,,,4,2,1,data/raw/price_006220_20260429_20260827.csv,9,True,Top 20 by conservative v2 price signal score,188,False,Broad evaluation pool candidate
134790,2026-08-27,2026-08-27,2026-08-27,2026-08-27,WATCHLIST,neutral_positive,66.49,66.49,66.49,79.15,79.15,0,61.46,2.73,3,3.7,0.0,0.0,0.0,0.0,0,3,66.49,v2_conservative_ranker,57.0,8.0,6,12.38,0.0,0.0,0.0,83.38,83.38,v3_stability_ranker,price_momentum,19790.0,0.0051,0.0329,0.0334,19760.0,19641.0,1.5455,0.0308,pykrx,,,,,,,,,data/raw/price_134790_20260429_20260827.csv,10,True,Top 20 by conservative v2 price signal score,1,True,Experimental Top 20 by stability-first v3 score
178320,2026-08-27,2026-08-27,2026-08-27,2026-08-27,WATCHLIST,neutral_positive,66.21,66.21,66.21,84.26,84.26,0,66.22,2.72,3,7.48,1.03,0.23,0.0,0.0,0,3,66.21,v2_conservative_ranker,46.26,8.0,6,3.65,9.14,2.77,0.0,52.01,52.01,v3_stability_ranker,price_momentum,40050.0,0.0766,0.0322,0.3553,38010.0,36450.0,1.5445,0.0623,pykrx,,,,,,,,,data/raw/price_178320_20260429_20260827.csv,11,True,Top 20 by conservative v2 price signal score,114,False,Broad evaluation pool candidate
012630,2026-08-27,2026-08-27,2026-08-27,2026-08-27,WATCHLIST,neutral_positive,65.55,65.55,65.55,80.91,80.91,0,66.98,0.0,2,3.43,0.0,0.0,0.0,0.0,0,0,65.55,v2_conservative_ranker,49.71,2.0,6,12.71,0.0,0.0,0.0,70.42,70.42,v3_stability_ranker,price_momentum,23000.0,0.0,0.0798,0.2568,21990.0,21761.5,0.9655,0.0286,pykrx,,,,,,,,,data/raw/price_012630_20260429_20260827.csv,12,True,Top 20 by conservative v2 price signal score,10,True,Experimental Top 20 by stability-first v3 score
023760,2026-08-27,2026-08-27,2026-08-27,2026-08-27,WATCHLIST,neutral_positive,64.36,64.36,64.36,107.14,107.14,0,70.44,0.0,3,1.08,0.0,8.0,0.0,0.0,0,0,64.36,v2_conservative_ranker,57.0,-9.0,4,11.65,0.0,14.0,0.0,49.65,49.65,v3_stability_ranker,strong_price_momentum,1394.0,0.0403,0.0403,0.0403,1350.8,1342.7,20.0,0.009,pykrx,,,,,,,,,data/raw/price_023760_20260429_20260827.csv,13,True,Top 20 by conservative v2 price signal score,150,False,Broad evaluation pool candidate
000500,2026-08-27,2026-08-27,2026-08-27,2026-08-27,WATCHLIST,neutral_positive,63.95,63.95,63.95,96.18,96.18,0,75.0,0.98,3,8.77,7.95,1.31,0.0,0.0,0,3,63.95,v2_conservative_ranker,39.0,8.0,6,-0.96,19.38,4.5,0.0,28.16,28.16,v3_stability_ranker,strong_price_momentum,181900.0,0.0751,0.1031,0.4861,165660.0,155445.0,1.1959,0.0731,pykrx,,,,,,,,,data/raw/price_000500_20260429_20260827.csv,14,True,Top 20 by conservative v2 price signal score,268,False,Broad evaluation pool candidate
029460,2026-08-27,2026-08-27,2026-08-27,2026-08-27,WATCHLIST,neutral_positive,63.75,63.75,63.75,100.03,100.03,0,75.0,0.61,3,5.3,10.56,0.0,3.0,0.0,0,4,63.75,v2_conservative_ranker,39.0,8.0,6,3.37,20.43,0.0,4.5,31.44,31.44,v3_stability_ranker,strong_price_momentum,39100.0,0.0771,0.1171,0.5333,36120.0,33177.5,1.1227,0.0442,pykrx,,,,,,3,1,1,data/raw/price_029460_20260429_20260827.csv,15,True,Top 20 by conservative v2 price signal score,257,False,Broad evaluation pool candidate
191410,2026-08-27,2026-08-27,2026-08-27,2026-08-27,WATCHLIST,neutral_positive,63.1,63.1,63.1,86.99,86.99,0,67.0,3.9,3,6.68,7.12,0.0,0.0,0.0,0,3,63.1,v2_conservative_ranker,44.5,8.0,6,1.64,13.89,1.71,0.0,44.54,44.54,v3_stability_ranker,price_momentum,1555.0,0.1293,0.1187,0.2915,1364.2,1369.5,1.7809,0.0557,pykrx,,,,,,,,,data/raw/price_191410_20260429_20260827.csv,16,True,Top 20 by conservative v2 price signal score,192,False,Broad evaluation pool candidate
061040,2026-08-27,2026-08-27,2026-08-27,2026-08-27,WATCHLIST,neutral_positive,62.75,62.75,62.75,84.62,84.62,0,67.0,-2.0,2,4.25,0.0,0.0,0.0,0.0,0,0,62.75,v2_conservative_ranker,53.0,-3.0,1,8.69,3.89,0.0,0.0,55.8,55.8,v3_stability_ranker,price_momentum,7250.0,-0.0176,0.1545,0.2083,6750.0,6432.0,0.5266,0.0354,pykrx,,,,,,,,,data/raw/price_061040_20260429_20260827.csv,17,True,Top 20 by conservative v2 price signal score,87,False,Broad evaluation pool candidate
009160,2026-08-27,2026-08-27,2026-08-27,2026-08-27,WATCHLIST,neutral_positive,62.7,62.7,62.7,88.36,88.36,0,70.62,-2.0,2,1.92,0.0,0.0,6.0,0.0,0,0,62.7,v2_conservative_ranker,57.0,-3.0,1,14.6,0.0,0.0,13.5,56.1,56.1,v3_stability_ranker,strong_price_momentum,5130.0,0.002,0.0459,0.1438,4994.0,4851.0,0.364,0.016,pykrx,,,,,,9,3,3,data/raw/price_009160_20260429_20260827.csv,18,True,Top 20 by conservative v2 price signal score,85,False,Broad evaluation pool candidate
179530,2026-08-27,2026-08-27,2026-08-27,2026-08-27,WATCHLIST,neutral_positive,61.02,61.02,61.02,87.71,87.71,0,66.8,5.85,3,8.53,7.99,1.11,0.0,0.0,0,3,61.02,v2_conservative_ranker,43.0,5.0,6,-0.66,17.66,4.18,0.0,31.5,31.5,v3_stability_ranker,price_momentum,2595.0,0.0701,0.038,0.514,2506.0,2237.25,2.1696,0.0711,pykrx,,,,,,,,,data/raw/price_179530_20260429_20260827.csv,19,True,Top 20 by conservative v2 price signal score,256,False,Broad evaluation pool candidate
028050,2026-08-27,2026-08-27,2026-08-27,2026-08-27,WATCHLIST,neutral_positive,60.93,60.93,60.93,68.7,68.7,0,58.28,0.58,3,3.94,0.0,0.0,0.0,0.0,0,3,60.93,v2_conservative_ranker,47.51,8.0,6,12.08,0.0,0.0,0.0,73.59,73.59,v3_stability_ranker,neutral,49625.0,0.0285,0.0328,0.2484,46735.0,47378.75,1.1167,0.0328,pykrx,,,,,,,,,data/raw/price_028050_20260429_20260827.csv,20,True,Top 20 by conservative v2 price signal score,4,True,Experimental Top 20 by stability-first v3 score
340570,2026-08-27,2026-08-27,2026-08-27,2026-08-27,WATCHLIST,neutral_positive,60.68,60.68,60.68,72.29,72.29,0,65.06,-2.0,2,4.38,0.0,0.0,0.0,0.0,0,0,60.68,v2_conservative_ranker,57.0,-3.0,1,11.53,0.0,0.0,0.0,66.53,66.53,v3_stability_ranker,price_momentum,32250.0,-0.0183,0.0644,0.1607,31720.0,31485.25,0.2434,0.0365,pykrx,,,,,,,,,data/raw/price_340570_20260429_20260827.csv,21,False,Broad evaluation pool candidate,27,False,Broad evaluation pool candidate
900120,2026-08-27,2026-08-27,2026-08-27,2026-08-27,WATCHLIST,neutral_positive,60.51,60.51,60.51,78.25,78.25,0,67.0,0.0,0,6.49,0.0,0.0,0.0,0.0,0,0,60.51,v2_conservative_ranker,46.88,-5.0,0,5.88,2.48,1.46,0.0,43.82,43.82,v3_stability_ranker,price_momentum,1040.0,0.0,0.1366,0.2235,1016.0,919.8,0.0,0.0541,pykrx,,,,,,,,,data/raw/price_900120_20260429_20260827.csv,22,False,Broad evaluation pool candidate,199,False,Broad evaluation pool candidate
006730,2026-08-27,2026-08-27,2026-08-27,2026-08-27,HOLD,neutral,59.85,59.85,59.85,71.72,71.72,0,63.78,-2.0,2,3.92,0.0,0.0,0.0,0.0,0,0,59.85,v2_conservative_ranker,57.0,-3.0,1,12.09,0.0,0.0,0.0,67.09,67.09,v3_stability_ranker,price_momentum,10870.0,-0.0234,0.0513,0.1613,10624.0,10539.5,0.299,0.0327,pykrx,,,,,,,,,data/raw/price_006730_20260429_20260827.csv,23,False,Broad evaluation pool candidate,22,False,Broad evaluation pool candidate
007460,2026-08-27,2026-08-27,2026-08-27,2026-08-27,HOLD,neutral,59.65,59.65,59.65,66.05,66.05,0,58.16,1.5,3,6.01,0.0,0.0,0.0,0.0,0,3,59.65,v2_conservative_ranker,54.5,8.0,6,5.49,0.0,0.82,0.0,73.17,73.17,v3_stability_ranker,neutral,2445.0,-0.0944,0.0426,0.1399,2446.0,2494.25,1.3005,0.0501,pykrx,,,,,,,,,data/raw/price_007460_20260429_20260827.csv,24,False,Broad evaluation pool candidate,5,True,Experimental Top 20 by stability-first v3 score
250060,2026-08-27,2026-08-27,2026-08-27,2026-08-27,HOLD,neutral,59.57,59.57,59.57,74.43,74.43,0,64.29,-2.0,2,4.72,0.0,0.0,0.0,0.0,0,0,59.57,v2_conservative_ranker,48.86,-3.0,1,11.11,0.05,0.0,0.0,57.91,57.91,v3_stability_ranker,price_momentum,2985.0,0.024,0.0529,0.2811,2871.0,2814.25,0.5122,0.0393,pykrx,,,,,,,,,data/raw/price_250060_20260429_20260827.csv,25,False,Broad evaluation pool candidate,71,False,Broad evaluation pool candidate
141000,2026-08-27,2026-08-27,2026-08-27,2026-08-27,HOLD,neutral,59.48,59.48,59.48,75.08,75.08,0,61.56,0.0,2,4.08,0.0,0.0,0.0,0.0,0,0,59.48,v2_conservative_ranker,48.17,2.0,6,11.9,1.04,0.0,0.0,67.02,67.02,v3_stability_ranker,price_momentum,8820.0,-0.0189,0.0256,0.3009,8776.0,8595.0,0.9875,0.034,pykrx,,,,,,,,,data/raw/price_141000_20260429_20260827.csv,26,False,Broad evaluation pool candidate,24,False,Broad evaluation pool candidate
363280,2026-08-27,2026-08-27,2026-08-27,2026-08-27,HOLD,neutral,59.41,59.41,59.41,83.9,83.9,0,66.58,-2.0,2,1.18,0.0,0.0,6.0,0.0,0,0,59.41,v2_conservative_ranker,49.0,-3.0,1,15.53,0.0,0.0,9.0,53.53,53.53,v3_stability_ranker,strong_price_momentum,1957.0,0.0,0.0067,0.1404,1937.8,1879.35,0.1981,0.0098,pykrx,,,,,,6,2,2,data/raw/price_363280_20260429_20260827.csv,27,False,Broad evaluation pool candidate,100,False,Broad evaluation pool candidate
252500,2026-08-27,2026-08-27,2026-08-27,2026-08-27,HOLD,neutral,59.31,59.31,59.31,72.72,72.72,0,61.69,0.0,0,2.39,0.0,0.0,0.0,0.0,0,0,59.31,v2_conservative_ranker,49.0,-5.0,0,14.02,0.0,0.0,0.0,58.02,58.02,v3_stability_ranker,price_momentum,499.0,0.0,0.0,0.1341,499.0,488.2,0.0,0.0199,pykrx,,,,,,,,,data/raw/price_252500_20260429_20260827.csv,28,False,Broad evaluation pool candidate,70,False,Broad evaluation pool candidate
003470,2026-08-27,2026-08-27,2026-08-27,2026-08-27,HOLD,neutral,59.01,59.01,59.01,72.75,72.75,0,62.72,-2.0,2,3.71,0.0,0.0,0.0,0.0,0,0,59.01,v2_conservative_ranker,57.0,-3.0,1,12.37,0.0,0.0,0.0,67.36,67.36,v3_stability_ranker,price_momentum,4745.0,-0.0084,0.0372,0.2074,4664.0,4561.75,0.3541,0.0309,pykrx,,,,,,,,,data/raw/price_003470_20260429_20260827.csv,29,False,Broad evaluation pool candidate,20,True,Experimental Top 20 by stability-first v3 score
375500,2026-08-27,2026-08-27,2026-08-27,2026-08-27,HOLD,neutral,58.86,58.86,58.86,76.43,76.43,0,62.51,0.0,3,4.1,2.54,0.0,0.0,0.0,0,0,58.86,v2_conservative_ranker,44.47,8.0,6,11.87,6.32,0.0,0.0,64.02,64.02,v3_stability_ranker,price_momentum,73700.0,0.0055,0.0351,0.4065,70820.0,69470.0,1.057,0.0342,pykrx,,,,medium_attention,no_risk_noise,,,,data/raw/price_375500_20260429_20260827.csv,30,False,Broad evaluation pool candidate,34,False,Broad evaluation pool candidate
187660,2026-08-27,2026-08-27,2026-08-27,2026-08-27,HOLD,neutral,58.83,58.83,58.83,84.84,84.84,0,63.73,3.0,3,8.7,0.95,1.25,0.0,0.0,0,0,58.83,v2_conservative_ranker,53.0,-0.76,4,2.12,5.75,12.4,0.0,40.22,40.22,v3_stability_ranker,price_momentum,4150.0,0.0779,0.1216,0.0779,3651.0,4018.75,2.6717,0.0725,pykrx,,,,,,,,,data/raw/price_187660_20260429_20260827.csv,31,False,Broad evaluation pool candidate,223,False,Broad evaluation pool candidate
004990,2026-08-27,2026-08-27,2026-08-27,2026-08-27,HOLD,neutral,58.76,58.76,58.76,70.21,70.21,0,61.1,-2.0,2,2.34,0.0,0.0,0.0,0.0,0,0,58.76,v2_conservative_ranker,57.0,-3.0,1,14.07,0.0,0.0,0.0,69.08,69.08,v3_stability_ranker,price_momentum,23800.0,-0.0124,0.0462,0.0993,23420.0,23235.0,0.4296,0.0195,pykrx,,,,,,,,,data/raw/price_004990_20260429_20260827.csv,32,False,Broad evaluation pool candidate,13,True,Experimental Top 20 by stability-first v3 score
403550,2026-08-27,2026-08-27,2026-08-27,2026-08-27,HOLD,neutral,58.69,58.69,58.69,68.92,68.92,0,61.29,-2.0,2,2.6,0.0,0.0,0.0,0.0,0,0,58.69,v2_conservative_ranker,57.0,-3.0,1,13.75,0.0,0.0,0.0,68.75,68.75,v3_stability_ranker,price_momentum,11100.0,-0.0027,0.0316,0.1467,11028.0,10631.5,0.0989,0.0217,pykrx,,,,,,,,,data/raw/price_403550_20260429_20260827.csv,33,False,Broad evaluation pool candidate,17,True,Experimental Top 20 by stability-first v3 score
216080,2026-08-27,2026-08-27,2026-08-27,2026-08-27,HOLD,neutral,58.68,58.68,58.68,72.08,72.08,0,64.56,-2.0,2,5.88,0.0,0.0,0.0,0.0,0,0,58.68,v2_conservative_ranker,57.0,-3.0,1,5.65,0.0,0.64,0.0,60.01,60.01,v3_stability_ranker,price_momentum,4630.0,-0.0532,0.0742,0.1184,4960.0,4474.25,0.6061,0.049,pykrx,,,,,,,,,data/raw/price_216080_20260429_20260827.csv,34,False,Broad evaluation pool candidate,49,False,Broad evaluation pool candidate
407400,2026-08-27,2026-08-27,2026-08-27,2026-08-27,HOLD,neutral,58.55,58.55,58.55,70.5,70.5,0,62.41,-2.0,2,3.85,0.0,0.0,0.0,0.0,0,0,58.55,v2_conservative_ranker,57.0,-3.0,1,12.19,0.0,0.0,0.0,67.19,67.19,v3_stability_ranker,price_momentum,2050.0,-0.0024,0.0459,0.1376,1988.0,1953.75,0.3741,0.0321,pykrx,,,,,,,,,data/raw/price_407400_20260429_20260827.csv,35,False,Broad evaluation pool candidate,21,False,Broad evaluation pool candidate
013520,2026-08-27,2026-08-27,2026-08-27,2026-08-27,HOLD,neutral,58.34,58.34,58.34,67.26,67.26,0,62.18,-2.0,2,3.84,0.0,0.0,0.0,0.0,0,0,58.34,v2_conservative_ranker,54.5,-3.0,1,12.2,0.0,0.0,0.0,64.7,64.7,v3_stability_ranker,neutral,2650.0,0.0271,0.0794,0.1497,2532.0,2604.25,0.5055,0.032,pykrx,,,,,,,,,data/raw/price_013520_20260429_20260827.csv,36,False,Broad evaluation pool candidate,30,False,Broad evaluation pool candidate
033530,2026-08-27,2026-08-27,2026-08-27,2026-08-27,HOLD,neutral,58.27,58.27,58.27,71.02,71.02,0,61.99,-2.0,2,3.72,0.0,0.0,0.0,0.0,0,0,58.27,v2_conservative_ranker,50.56,-3.0,1,12.35,0.0,0.0,0.0,60.91,60.91,v3_stability_ranker,price_momentum,6890.0,-0.0129,0.0299,0.2326,6832.0,6769.0,0.1887,0.031,pykrx,,,,,,,,,data/raw/price_033530_20260429_20260827.csv,37,False,Broad evaluation pool candidate,47,False,Broad evaluation pool candidate
036630,2026-08-27,2026-08-27,2026-08-27,2026-08-27,HOLD,neutral,58.18,58.18,58.18,70.13,70.13,0,61.61,-2.0,2,3.43,0.0,0.0,0.0,0.0,0,0,58.18,v2_conservative_ranker,57.0,-3.0,1,9.71,0.0,0.0,0.0,64.71,64.71,v3_stability_ranker,price_momentum,8250.0,-0.012,0.0261,0.1922,8270.0,7419.5,0.1282,0.0286,pykrx,,,,,,,,,data/raw/price_036630_20260429_20260827.csv,38,False,Broad evaluation pool candidate,29,False,Broad evaluation pool candidate
006060,2026-08-27,2026-08-27,2026-08-27,2026-08-27,HOLD,neutral,57.9,57.9,57.9,70.7,70.7,0,60.41,-2.0,2,2.51,0.0,0.0,0.0,0.0,0,0,57.9,v2_conservative_ranker,57.0,-3.0,1,13.87,0.0,0.0,0.0,68.86,68.86,v3_stability_ranker,price_momentum,2535.0,-0.0039,0.0497,0.0696,2496.0,2492.5,0.7235,0.0209,pykrx,,,,,,,,,data/raw/price_006060_20260429_20260827.csv,39,False,Broad evaluation pool candidate,14,True,Experimental Top 20 by stability-first v3 score
107640,2026-08-27,2026-08-27,2026-08-27,2026-08-27,HOLD,neutral,57.47,57.47,57.47,118.82,118.82,0,79.0,3.0,3,8.27,18.37,0.89,0.0,0.0,0,0,57.47,v2_conservative_ranker,39.0,-1.63,4,-0.34,29.65,18.57,0.0,0.0,0.0,v3_stability_ranker,strong_price_momentum,40750.0,0.1593,0.1383,0.63,36110.0,34257.5,2.9806,0.0689,pykrx,,,,,,,,,data/raw/price_107640_20260429_20260827.csv,40,False,Broad evaluation pool candidate,313,False,Broad evaluation pool candidate
115480,2026-08-27,2026-08-27,2026-08-27,2026-08-27,HOLD,neutral,57.34,57.34,57.34,71.81,71.81,0,61.98,-2.0,2,4.64,0.0,0.0,0.0,0.0,0,0,57.34,v2_conservative_ranker,48.02,-3.0,1,8.2,1.26,0.0,0.0,52.95,52.95,v3_stability_ranker,price_momentum,2245.0,-0.0323,0.0298,0.3052,2307.0,2025.15,0.4496,0.0387,pykrx,,,,,,,,,data/raw/price_115480_20260429_20260827.csv,41,False,Broad evaluation pool candidate,106,False,Broad evaluation pool candidate
101970,2026-08-27,2026-08-27,2026-08-27,2026-08-27,HOLD,neutral,57.19,57.19,57.19,73.98,73.98,0,61.3,0.0,3,5.11,0.0,0.0,3.0,0.0,0,1,57.19,v2_conservative_ranker,57.0,2.0,6,10.61,0.0,0.0,4.5,71.11,71.11,v3_stability_ranker,price_momentum,10670.0,-0.0238,0.023,0.1935,10764.0,9988.5,1.0449,0.0426,pykrx,,,,,,3,1,1,data/raw/price_101970_20260429_20260827.csv,42,False,Broad evaluation pool candidate,9,True,Experimental Top 20 by stability-first v3 score
255220,2026-08-27,2026-08-27,2026-08-27,2026-08-27,HOLD,neutral,57.17,57.17,57.17,68.45,68.45,0,59.08,0.0,3,4.91,0.0,0.0,0.0,0.0,0,0,57.17,v2_conservative_ranker,54.5,8.0,6,10.87,0.0,0.0,0.0,79.36,79.36,v3_stability_ranker,neutral,1300.0,-0.0076,0.0408,0.2026,1250.2,1303.5,1.077,0.0409,pykrx,,,,,,,,,data/raw/price_255220_20260429_20260827.csv,43,False,Broad evaluation pool candidate,3,True,Experimental Top 20 by stability-first v3 score
017670,2026-08-27,2026-08-27,2026-08-27,2026-08-27,HOLD,neutral,57.15,57.15,57.15,71.39,71.39,0,62.11,-2.0,2,4.96,0.0,0.0,0.0,0.0,0,0,57.15,v2_conservative_ranker,49.35,-3.0,1,10.8,0.0,0.0,0.0,58.15,58.15,v3_stability_ranker,price_momentum,99600.0,0.0,0.0311,0.2672,100520.0,92635.0,0.4022,0.0413,pykrx,,,,,,,,,data/raw/price_017670_20260429_20260827.csv,44,False,Broad evaluation pool candidate,69,False,Broad evaluation pool candidate
001340,2026-08-27,2026-08-27,2026-08-27,2026-08-27,HOLD,neutral,57.13,57.13,57.13,70.19,70.19,0,60.39,-2.0,2,3.26,0.0,0.0,0.0,0.0,0,0,57.13,v2_conservative_ranker,49.0,-3.0,1,12.92,0.0,0.0,0.0,59.92,59.92,v3_stability_ranker,price_momentum,5090.0,0.0059,0.0139,0.181,5014.0,4978.25,0.4123,0.0272,pykrx,,,,,,,,,data/raw/price_001340_20260429_20260827.csv,45,False,Broad evaluation pool candidate,50,False,Broad evaluation pool candidate
033310,2026-08-27,2026-08-27,2026-08-27,2026-08-27,HOLD,neutral,57.12,57.12,57.12,69.17,69.17,0,61.16,-2.0,2,4.04,0.0,0.0,0.0,0.0,0,0,57.12,v2_conservative_ranker,57.0,-3.0,1,11.95,0.0,0.0,0.0,66.94,66.94,v3_stability_ranker,price_momentum,1422.0,-0.0111,0.023,0.1675,1418.8,1356.65,0.3102,0.0337,pykrx,,,,,,,,,data/raw/price_033310_20260429_20260827.csv,46,False,Broad evaluation pool candidate,25,False,Broad evaluation pool candidate
002420,2026-08-27,2026-08-27,2026-08-27,2026-08-27,HOLD,neutral,57.0,57.0,57.0,68.55,68.55,0,60.66,-2.0,2,3.66,0.0,0.0,0.0,0.0,0,0,57.0,v2_conservative_ranker,57.0,-3.0,1,12.43,0.0,0.0,0.0,67.42,67.42,v3_stability_ranker,price_momentum,5900.0,0.0155,0.0333,0.1238,5748.0,5711.5,0.3466,0.0305,pykrx,,,,,,,,,data/raw/price_002420_20260429_20260827.csv,47,False,Broad evaluation pool candidate,19,True,Experimental Top 20 by stability-first v3 score
268280,2026-08-27,2026-08-27,2026-08-27,2026-08-27,HOLD,neutral,56.99,56.99,56.99,68.43,68.43,0,61.19,-2.0,2,4.2,0.0,0.0,0.0,0.0,0,0,56.99,v2_conservative_ranker,57.0,-3.0,1,11.75,0.0,0.0,0.0,66.75,66.75,v3_stability_ranker,price_momentum,130400.0,-0.0158,0.0516,0.0867,131660.0,125440.0,0.406,0.035,unknown,미원에스씨,미원에스씨,major_shareholder_change,,,,,,data/raw/price_268280_20260728_20260827.csv,48,False,Broad evaluation pool candidate,26,False,Broad evaluation pool candidate
047040,2026-08-27,2026-08-27,2026-08-27,2026-08-27,HOLD,neutral,56.9,56.9,56.9,102.38,102.38,0,71.0,3.0,3,7.33,12.65,0.11,0.0,0.0,0,0,56.9,v2_conservative_ranker,32.63,-0.51,4,0.83,24.59,8.03,0.0,4.33,4.33,v3_stability_ranker,price_momentum,19950.0,0.0445,0.1939,0.6597,17672.0,16501.0,2.5812,0.0611,pykrx,,,,,,,,,data/raw/price_047040_20260429_20260827.csv,49,False,Broad evaluation pool candidate,311,False,Broad evaluation pool candidate
084870,2026-08-27,2026-08-27,2026-08-27,2026-08-27,HOLD,neutral,56.88,56.88,56.88,76.97,76.97,0,67.0,-2.0,2,4.12,0.0,0.0,6.0,0.0,0,0,56.88,v2_conservative_ranker,49.88,-3.0,1,11.86,0.0,0.0,9.0,50.73,50.73,v3_stability_ranker,price_momentum,2315.0,0.0065,0.0818,0.252,2357.0,2170.5,0.3708,0.0343,pykrx,,,,,,6,2,2,data/raw/price_084870_20260429_20260827.csv,50,False,Broad evaluation pool candidate,122,False,Broad evaluation pool candidate
224060,2026-08-27,2026-08-27,2026-08-27,2026-08-27,HOLD,neutral,56.86,56.86,56.86,61.05,61.05,0,54.28,2.4,3,5.82,0.0,0.0,0.0,0.0,0,3,56.86,v2_conservative_ranker,48.5,8.0,6,9.72,0.0,0.56,0.0,71.66,71.66,v3_stability_ranker,neutral,3420.0,0.0317,0.0588,-0.0172,3128.0,3332.5,1.4803,0.0485,pykrx,,,,,,,,,data/raw/price_224060_20260429_20260827.csv,51,False,Broad evaluation pool candidate,8,True,Experimental Top 20 by stability-first v3 score
112610,2026-08-27,2026-08-27,2026-08-27,2026-08-27,HOLD,neutral,56.84,56.84,56.84,87.24,87.24,0,69.48,-2.0,2,3.71,2.93,0.0,6.0,0.0,0,0,56.84,v2_conservative_ranker,44.17,-3.0,1,9.37,6.75,0.0,10.6,34.18,34.18,v3_stability_ranker,strong_price_momentum,49600.0,-0.008,0.0248,0.4151,48270.0,44347.5,0.3078,0.0309,pykrx,,,,,,7,3,2,data/raw/price_112610_20260429_20260827.csv,52,False,Broad evaluation pool candidate,244,False,Broad evaluation pool candidate
383800,2026-08-27,2026-08-27,2026-08-27,2026-08-27,HOLD,neutral,56.77,56.77,56.77,68.9,68.9,0,58.66,-2.0,2,1.88,0.0,0.0,0.0,0.0,0,0,56.77,v2_conservative_ranker,57.0,-3.0,1,14.64,0.0,0.0,0.0,69.64,69.64,v3_stability_ranker,price_momentum,8170.0,-0.0168,0.0212,0.1011,8176.0,7979.0,0.5496,0.0157,pykrx,,,,,,,,,data/raw/price_383800_20260429_20260827.csv,53,False,Broad evaluation pool candidate,12,True,Experimental Top 20 by stability-first v3 score
032580,2026-08-27,2026-08-27,2026-08-27,2026-08-27,HOLD,neutral,56.08,56.08,56.08,79.65,76.65,3,61.69,4.96,3,10.0,3.91,3.66,0.0,0.0,0,4,56.08,v2_conservative_ranker,43.59,5.0,6,1.0,12.17,8.26,0.0,35.17,35.17,v3_stability_ranker,price_momentum,4395.0,0.072,0.0269,0.4316,4019.0,4230.0,1.9929,0.0966,unknown,피델릭스,피델릭스,supply_contract,,,,,,data/raw/price_032580_20260728_20260827.csv,54,False,Broad evaluation pool candidate,241,False,Broad evaluation pool candidate
009410,2026-08-27,2026-08-27,2026-08-27,2026-08-27,HOLD,neutral,56.03,56.03,56.03,68.37,68.37,0,57.53,-2.0,2,1.5,0.0,0.0,0.0,0.0,0,0,56.03,v2_conservative_ranker,57.0,-3.0,1,15.12,0.0,0.0,0.0,70.12,70.12,v3_stability_ranker,price_momentum,1645.0,-0.0132,0.0262,0.0545,1628.6,1623.75,0.7124,0.0125,pykrx,,,,,,,,,data/raw/price_009410_20260429_20260827.csv,55,False,Broad evaluation pool candidate,11,True,Experimental Top 20 by stability-first v3 score
095270,2026-08-27,2026-08-27,2026-08-27,2026-08-27,HOLD,neutral,55.45,55.45,55.45,63.36,63.36,0,59.61,-2.0,2,4.16,0.0,0.0,0.0,0.0,0,0,55.45,v2_conservative_ranker,54.5,-3.0,1,11.79,0.0,0.0,0.0,64.3,64.3,v3_stability_ranker,neutral,4195.0,0.0084,0.0461,0.1952,4083.0,4205.25,0.0763,0.0347,pykrx,,,,,,,,,data/raw/price_095270_20260429_20260827.csv,56,False,Broad evaluation pool candidate,31,False,Broad evaluation pool candidate
012160,2026-08-27,2026-08-27,2026-08-27,2026-08-27,HOLD,neutral,55.45,55.45,55.45,68.21,68.21,0,59.37,-2.0,2,3.92,0.0,0.0,0.0,0.0,0,0,55.45,v2_conservative_ranker,57.0,-3.0,1,12.09,0.0,0.0,0.0,67.09,67.09,v3_stability_ranker,price_momentum,2660.0,0.0231,0.029,0.0992,2579.0,2472.5,0.6034,0.0327,pykrx,,,,,,,,,data/raw/price_012160_20260429_20260827.csv,57,False,Broad evaluation pool candidate,23,False,Broad evaluation pool candidate
131760,2026-08-27,2026-08-27,2026-08-27,2026-08-27,HOLD,neutral,55.31,55.31,55.31,68.24,68.24,0,59.61,-2.0,2,4.3,0.0,0.0,0.0,0.0,0,0,55.31,v2_conservative_ranker,40.75,-3.0,1,11.63,0.21,0.0,0.0,50.17,50.17,v3_stability_ranker,price_momentum,1821.0,0.0173,0.0061,0.2842,1765.8,1756.15,0.2016,0.0358,pykrx,,,,,,,,,data/raw/price_131760_20260429_20260827.csv,58,False,Broad evaluation pool candidate,126,False,Broad evaluation pool candidate
341170,2026-08-27,2026-08-27,2026-08-27,2026-08-27,HOLD,neutral,55.27,55.27,55.27,71.76,71.76,0,63.0,0.0,0,7.49,0.0,0.24,0.0,0.0,0,0,55.27,v2_conservative_ranker,39.9,-5.0,0,7.64,1.43,2.78,0.0,38.32,38.32,v3_stability_ranker,price_momentum,496.0,0.0,0.0,0.3087,496.0,457.6,0.0,0.0624,pykrx,,,,,,,,,data/raw/price_341170_20260429_20260827.csv,59,False,Broad evaluation pool candidate,227,False,Broad evaluation pool candidate
100840,2026-08-27,2026-08-27,2026-08-27,2026-08-27,HOLD,neutral,55.18,55.18,55.18,88.33,88.33,0,67.0,1.87,3,5.9,7.78,0.0,3.0,0.0,0,0,55.18,v2_conservative_ranker,32.95,8.0,6,6.62,20.57,0.67,4.5,27.83,27.83,v3_stability_ranker,price_momentum,32350.0,0.0,0.1893,0.4839,29050.0,27722.5,1.3745,0.0492,pykrx,,,,,,3,1,1,data/raw/price_100840_20260429_20260827.csv,60,False,Broad evaluation pool candidate,270,False,Broad evaluation pool candidate
009420,2026-08-27,2026-08-27,2026-08-27,2026-08-27,HOLD,neutral,55.1,55.1,55.1,85.59,85.59,0,70.04,-2.0,2,6.71,8.23,0.0,0.0,0.0,0,0,55.1,v2_conservative_ranker,43.0,-3.0,1,5.62,12.87,1.74,0.0,32.0,32.0,v3_stability_ranker,strong_price_momentum,64500.0,0.019,0.0304,0.5468,60960.0,55902.5,0.356,0.0559,pykrx,,,,,,,,,data/raw/price_009420_20260429_20260827.csv,61,False,Broad evaluation pool candidate,255,False,Broad evaluation pool candidate
340810,2026-08-27,2026-08-27,2026-08-27,2026-08-27,HOLD,neutral,54.92,54.92,54.92,68.73,68.73,0,59.14,-2.0,2,4.22,0.0,0.0,0.0,0.0,0,0,54.92,v2_conservative_ranker,40.34,-3.0,1,11.72,0.8,0.0,0.0,49.26,49.26,v3_stability_ranker,price_momentum,3525.0,0.0086,0.0014,0.296,3542.0,3442.0,0.3514,0.0352,pykrx,,,,,,,,,data/raw/price_340810_20260429_20260827.csv,62,False,Broad evaluation pool candidate,156,False,Broad evaluation pool candidate
003100,2026-08-27,2026-08-27,2026-08-27,2026-08-27,HOLD,neutral,54.91,54.91,54.91,64.9,64.9,0,57.73,-2.0,2,2.82,0.0,0.0,0.0,0.0,0,0,54.91,v2_conservative_ranker,49.0,-3.0,1,13.47,0.0,0.0,0.0,60.48,60.48,v3_stability_ranker,price_momentum,20950.0,-0.0095,0.0024,0.1282,20920.0,20403.5,0.0992,0.0235,pykrx,,,,,,,,,data/raw/price_003100_20260429_20260827.csv,63,False,Broad evaluation pool candidate,48,False,Broad evaluation pool candidate
277880,2026-08-27,2026-08-27,2026-08-27,2026-08-27,HOLD,neutral,54.88,54.88,54.88,69.65,69.65,0,59.42,-2.0,2,3.83,0.72,0.0,0.0,0.0,0,0,54.88,v2_conservative_ranker,37.89,-3.0,1,12.21,4.29,0.0,0.0,43.81,43.81,v3_stability_ranker,price_momentum,3565.0,0.023,0.0042,0.3659,3483.0,3278.75,0.4041,0.0319,pykrx,,,,,,,,,data/raw/price_277880_20260429_20260827.csv,64,False,Broad evaluation pool candidate,200,False,Broad evaluation pool candidate
080420,2026-08-27,2026-08-27,2026-08-27,2026-08-27,HOLD,neutral,54.87,54.87,54.87,66.76,66.76,0,59.61,-2.0,2,4.74,0.0,0.0,0.0,0.0,0,0,54.87,v2_conservative_ranker,42.44,-3.0,1,11.07,0.0,0.0,0.0,51.52,51.52,v3_stability_ranker,price_momentum,1650.0,0.0129,0.0061,0.236,1644.8,1627.9,0.0172,0.0395,pykrx,,,,,,,,,data/raw/price_080420_20260429_20260827.csv,65,False,Broad evaluation pool candidate,115,False,Broad evaluation pool candidate
064400,2026-08-27,2026-08-27,2026-08-27,2026-08-27,HOLD,neutral,54.84,54.84,54.84,68.69,68.69,0,59.54,-2.0,2,4.7,0.0,0.0,0.0,0.0,0,0,54.84,v2_conservative_ranker,41.9,-3.0,1,11.12,0.0,0.0,0.0,51.02,51.02,v3_stability_ranker,price_momentum,74200.0,0.0013,0.0054,0.2513,73040.0,71900.0,0.3443,0.0392,pykrx,,,,,,,,,data/raw/price_064400_20260429_20260827.csv,66,False,Broad evaluation pool candidate,117,False,Broad evaluation pool candidate
032800,2026-08-27,2026-08-27,2026-08-27,2026-08-27,HOLD,neutral,54.2,54.2,54.2,64.14,64.14,0,56.35,-2.0,2,2.15,0.0,0.0,0.0,0.0,0,0,54.2,v2_conservative_ranker,49.0,-3.0,1,14.31,0.0,0.0,0.0,61.31,61.31,v3_stability_ranker,price_momentum,1573.0,0.0019,0.0051,0.0811,1566.8,1565.85,0.2274,0.0179,pykrx,,,,,,,,,data/raw/price_032800_20260429_20260827.csv,67,False,Broad evaluation pool candidate,46,False,Broad evaluation pool candidate
282720,2026-08-27,2026-08-27,2026-08-27,2026-08-27,HOLD,neutral,54.17,54.17,54.17,63.57,63.57,0,58.61,-2.0,2,4.44,0.0,0.0,0.0,0.0,0,0,54.17,v2_conservative_ranker,48.41,-3.0,1,11.45,0.0,0.0,0.0,57.86,57.86,v3_stability_ranker,neutral,7740.0,0.0265,0.0361,0.2227,7392.0,7580.0,0.2772,0.037,pykrx,,,,,,,,,data/raw/price_282720_20260429_20260827.csv,68,False,Broad evaluation pool candidate,72,False,Broad evaluation pool candidate
002020,2026-08-27,2026-08-27,2026-08-27,2026-08-27,HOLD,neutral,53.95,53.95,53.95,62.36,62.36,0,58.37,-2.0,2,4.42,0.0,0.0,0.0,0.0,0,0,53.95,v2_conservative_ranker,54.5,-3.0,1,11.48,0.0,0.0,0.0,63.98,63.98,v3_stability_ranker,neutral,26100.0,0.0097,0.0337,0.1945,25190.0,25767.5,0.1568,0.0368,pykrx,,,,,,,,,data/raw/price_002020_20260429_20260827.csv,69,False,Broad evaluation pool candidate,35,False,Broad evaluation pool candidate
290270,2026-08-27,2026-08-27,2026-08-27,2026-08-27,HOLD,neutral,53.8,53.8,53.8,70.59,70.59,0,59.75,-2.0,2,2.95,0.0,0.0,3.0,0.0,0,0,53.8,v2_conservative_ranker,57.0,-3.0,1,13.31,0.0,0.0,4.5,63.81,63.81,v3_stability_ranker,price_momentum,2855.0,0.0,0.0233,0.1262,2832.0,2745.25,0.735,0.0246,pykrx,,,,,,3,1,1,data/raw/price_290270_20260429_20260827.csv,70,False,Broad evaluation pool candidate,37,False,Broad evaluation pool candidate
137400,2026-08-27,2026-08-27,2026-08-27,2026-08-27,HOLD,neutral,53.79,53.79,53.79,65.26,65.26,0,57.18,0.0,2,5.39,0.0,0.0,0.0,0.0,0,0,53.79,v2_conservative_ranker,54.5,2.0,6,10.27,0.0,0.0,0.0,72.77,72.77,v3_stability_ranker,neutral,30500.0,0.0339,0.0218,0.2103,29450.0,30592.5,0.928,0.0449,pykrx,,,,,,,,,data/raw/price_137400_20260429_20260827.csv,71,False,Broad evaluation pool candidate,7,True,Experimental Top 20 by stability-first v3 score
121440,2026-08-27,2026-08-27,2026-08-27,2026-08-27,HOLD,neutral,53.69,53.69,53.69,65.53,65.53,0,58.19,-2.0,2,4.5,0.0,0.0,0.0,0.0,0,0,53.69,v2_conservative_ranker,49.0,-3.0,1,11.38,0.0,0.0,0.0,58.38,58.38,v3_stability_ranker,price_momentum,7570.0,-0.0039,0.0053,0.1332,7588.0,7066.5,0.3477,0.0375,pykrx,,,,,,,,,data/raw/price_121440_20260429_20260827.csv,72,False,Broad evaluation pool candidate,63,False,Broad evaluation pool candidate
028260,2026-08-27,2026-08-27,2026-08-27,2026-08-27,HOLD,neutral,53.57,53.57,53.57,68.12,68.12,0,61.01,-2.0,2,7.33,0.0,0.11,0.0,0.0,0,0,53.57,v2_conservative_ranker,46.93,-3.0,1,7.83,2.81,2.58,0.0,47.37,47.37,v3_stability_ranker,price_momentum,381500.0,-0.0155,0.0201,0.3363,379200.0,353650.0,0.3697,0.0611,pykrx,,,,,,,,,data/raw/price_028260_20260429_20260827.csv,73,False,Broad evaluation pool candidate,176,False,Broad evaluation pool candidate
046120,2026-08-27,2026-08-27,2026-08-27,2026-08-27,HOLD,neutral,53.56,53.56,53.56,66.13,66.13,0,60.36,-2.0,2,6.8,0.0,0.0,0.0,0.0,0,0,53.56,v2_conservative_ranker,45.15,-3.0,1,8.49,1.78,1.87,0.0,48.0,48.0,v3_stability_ranker,neutral,4815.0,0.0223,0.0536,0.3156,4515.0,4629.0,0.74,0.0567,pykrx,,,,,,,,,data/raw/price_046120_20260429_20260827.csv,74,False,Broad evaluation pool candidate,170,False,Broad evaluation pool candidate
011930,2026-08-27,2026-08-27,2026-08-27,2026-08-27,HOLD,neutral,53.47,53.47,53.47,69.23,69.23,0,61.01,-2.0,2,6.14,1.4,0.0,0.0,0.0,0,0,53.47,v2_conservative_ranker,45.36,-3.0,1,9.32,5.05,0.99,0.0,46.63,46.63,v3_stability_ranker,price_momentum,16780.0,0.0108,0.0201,0.3811,16308.0,15954.5,0.3898,0.0512,pykrx,,,,,,,,,data/raw/price_011930_20260429_20260827.csv,75,False,Broad evaluation pool candidate,181,False,Broad evaluation pool candidate
004780,2026-08-27,2026-08-27,2026-08-27,2026-08-27,HOLD,neutral,53.31,53.31,53.31,61.93,61.93,0,54.78,-2.0,2,1.48,0.0,0.0,0.0,0.0,0,0,53.31,v2_conservative_ranker,51.0,-3.0,1,15.15,0.0,0.0,0.0,64.16,64.16,v3_stability_ranker,price_momentum,4095.0,-0.0097,0.0174,0.0012,4091.0,4060.25,0.2265,0.0123,pykrx,,,,,,,,,data/raw/price_004780_20260429_20260827.csv,76,False,Broad evaluation pool candidate,33,False,Broad evaluation pool candidate
229640,2026-08-27,2026-08-27,2026-08-27,2026-08-27,HOLD,neutral,53.14,53.14,53.14,64.65,64.65,0,58.05,0.0,2,6.91,0.0,0.0,0.0,0.0,0,0,53.14,v2_conservative_ranker,44.5,2.0,1,4.36,6.78,2.02,0.0,43.07,43.07,v3_stability_ranker,neutral,47300.0,0.0689,0.0305,0.3343,44370.0,44960.0,0.8929,0.0576,pykrx,,,,,,,,,data/raw/price_229640_20260429_20260827.csv,77,False,Broad evaluation pool candidate,204,False,Broad evaluation pool candidate
009810,2026-08-27,2026-08-27,2026-08-27,2026-08-27,HOLD,neutral,53.04,53.04,53.04,62.04,62.04,0,58.11,-2.0,2,5.08,0.0,0.0,0.0,0.0,0,0,53.04,v2_conservative_ranker,54.5,-3.0,1,10.66,0.0,0.0,0.0,63.16,63.16,v3_stability_ranker,neutral,1883.0,0.0352,0.0828,0.0318,1817.6,1863.15,0.7329,0.0423,pykrx,,,,,,,,,data/raw/price_009810_20260429_20260827.csv,78,False,Broad evaluation pool candidate,40,False,Broad evaluation pool candidate
011420,2026-08-27,2026-08-27,2026-08-27,2026-08-27,HOLD,neutral,53.04,53.04,53.04,69.91,69.91,0,61.44,-2.0,2,3.4,0.0,0.0,6.0,0.0,0,1,53.04,v2_conservative_ranker,57.0,-3.0,1,12.75,0.0,0.0,9.0,58.75,58.75,v3_stability_ranker,price_momentum,1503.0,-0.0033,0.0266,0.1651,1497.4,1465.3,0.3037,0.0283,pykrx,,,,,,6,2,2,data/raw/price_011420_20260429_20260827.csv,79,False,Broad evaluation pool candidate,59,False,Broad evaluation pool candidate
031860,2026-08-27,2026-08-27,2026-08-27,2026-08-27,HOLD,neutral,53.0,53.0,53.0,60.0,60.0,0,53.0,0.0,0,0.0,0.0,0.0,0.0,0.0,0,0,53.0,v2_conservative_ranker,43.0,-5.0,0,17.0,0.0,0.0,0.0,55.0,55.0,v3_stability_ranker,price_momentum,6930.0,0.0,0.0,0.0,6930.0,6930.0,0.0,0.0,pykrx,,,,,,,,,data/raw/price_031860_20260429_20260827.csv,80,False,Broad evaluation pool candidate,89,False,Broad evaluation pool candidate
066790,2026-08-27,2026-08-27,2026-08-27,2026-08-27,HOLD,neutral,53.0,53.0,53.0,60.0,60.0,0,53.0,0.0,0,0.0,0.0,0.0,0.0,0.0,0,0,53.0,v2_conservative_ranker,43.0,-5.0,0,17.0,0.0,0.0,0.0,55.0,55.0,v3_stability_ranker,price_momentum,2205.0,0.0,0.0,0.0,2205.0,2205.0,0.0,0.0,pykrx,,,,,,,,,data/raw/price_066790_20260429_20260827.csv,81,False,Broad evaluation pool candidate,90,False,Broad evaluation pool candidate
230360,2026-06-29,2026-06-29,2026-06-29,2026-08-27,HOLD,neutral,52.98,52.98,52.98,59.98,59.98,0,53.0,0.0,0,0.02,0.0,0.0,0.0,0.0,0,0,52.98,v2_conservative_ranker,43.0,-5.0,0,16.97,0.0,0.0,0.0,54.97,54.97,v3_stability_ranker,price_momentum,16000.0,0.0,0.0,0.0,16000.0,16000.5,0.0,0.0002,pykrx,,,,,,,,,data/raw/price_230360_20260429_20260827.csv,82,False,Broad evaluation pool candidate,91,False,Broad evaluation pool candidate
000210,2026-08-27,2026-08-27,2026-08-27,2026-08-27,HOLD,neutral,52.68,52.68,52.68,61.72,61.72,0,57.35,-2.0,2,4.67,0.0,0.0,0.0,0.0,0,0,52.68,v2_conservative_ranker,54.5,-3.0,1,11.16,0.0,0.0,0.0,63.66,63.66,v3_stability_ranker,neutral,50100.0,0.0091,0.0235,0.2175,48300.0,49032.5,0.2096,0.0389,pykrx,,,,medium_attention,no_risk_noise,,,,data/raw/price_000210_20260429_20260827.csv,83,False,Broad evaluation pool candidate,39,False,Broad evaluation pool candidate
053580,2026-08-27,2026-08-27,2026-08-27,2026-08-27,HOLD,neutral,52.18,52.18,52.18,60.44,60.44,0,54.58,-2.0,2,2.4,0.0,0.0,0.0,0.0,0,0,52.18,v2_conservative_ranker,46.5,-3.0,1,14.0,0.0,0.0,0.0,58.5,58.5,v3_stability_ranker,neutral,7090.0,-0.0056,-0.0042,0.1976,7026.0,6934.5,0.1627,0.02,pykrx,,,,,,,,,data/raw/price_053580_20260429_20260827.csv,84,False,Broad evaluation pool candidate,61,False,Broad evaluation pool candidate
089860,2026-08-27,2026-08-27,2026-08-27,2026-08-27,HOLD,neutral,51.7,51.7,51.7,71.1,71.1,0,60.96,-2.0,2,3.26,0.0,0.0,6.0,0.0,0,0,51.7,v2_conservative_ranker,49.43,-3.0,1,12.92,0.0,0.0,9.0,51.35,51.35,v3_stability_ranker,price_momentum,46800.0,-0.0147,0.0196,0.2649,46770.0,43317.5,0.3094,0.0272,pykrx,,,,,,6,2,2,data/raw/price_089860_20260429_20260827.csv,85,False,Broad evaluation pool candidate,116,False,Broad evaluation pool candidate
236810,2026-08-27,2026-08-27,2026-08-27,2026-08-27,HOLD,neutral,51.62,51.62,51.62,74.46,74.46,0,67.0,-2.0,2,7.3,8.0,0.08,0.0,0.0,0,0,51.62,v2_conservative_ranker,43.0,-3.0,1,4.88,10.0,2.53,0.0,33.35,33.35,v3_stability_ranker,price_momentum,1602.0,0.0044,0.0883,0.6084,1544.6,1451.35,0.2855,0.0608,pykrx,,,,,,,,,data/raw/price_236810_20260429_20260827.csv,86,False,Broad evaluation pool candidate,248,False,Broad evaluation pool candidate
007980,2026-08-27,2026-08-27,2026-08-27,2026-08-27,HOLD,neutral,51.5,51.5,51.5,58.97,58.97,0,53.76,-2.0,2,2.26,0.0,0.0,0.0,0.0,0,0,51.5,v2_conservative_ranker,46.5,-3.0,1,14.18,0.0,0.0,0.0,58.68,58.68,v3_stability_ranker,neutral,1778.0,0.0085,0.0017,0.131,1765.4,1775.0,0.3556,0.0188,pykrx,,,,,,,,,data/raw/price_007980_20260429_20260827.csv,87,False,Broad evaluation pool candidate,60,False,Broad evaluation pool candidate
296160,2026-08-27,2026-08-27,2026-08-27,2026-08-27,HOLD,neutral,51.24,51.24,51.24,56.69,56.69,0,54.24,-2.0,2,3.0,0.0,0.0,0.0,0.0,0,0,51.24,v2_conservative_ranker,54.5,-3.0,1,13.25,0.0,0.0,0.0,65.75,65.75,v3_stability_ranker,neutral,2700.0,0.0,0.0325,0.0568,2667.0,2712.0,0.1837,0.025,pykrx,,,,,,,,,data/raw/price_296160_20260429_20260827.csv,88,False,Broad evaluation pool candidate,28,False,Broad evaluation pool candidate
042370,2026-08-27,2026-08-27,2026-08-27,2026-08-27,HOLD,neutral,51.23,51.23,51.23,61.52,61.52,0,56.76,-2.0,2,5.53,0.0,0.0,0.0,0.0,0,0,51.23,v2_conservative_ranker,45.72,-3.0,1,10.09,0.97,0.18,0.0,52.66,52.66,v3_stability_ranker,neutral,8680.0,0.0212,0.0176,0.2994,8344.0,8482.5,0.3944,0.0461,pykrx,,,,,,,,,data/raw/price_042370_20260429_20260827.csv,89,False,Broad evaluation pool candidate,107,False,Broad evaluation pool candidate
010960,2026-08-27,2026-08-27,2026-08-27,2026-08-27,HOLD,neutral,51.17,51.17,51.17,57.39,57.39,0,53.81,-2.0,2,2.64,0.0,0.0,0.0,0.0,0,0,51.17,v2_conservative_ranker,46.5,-3.0,1,13.7,0.0,0.0,0.0,58.2,58.2,v3_stability_ranker,neutral,3150.0,-0.0047,0.0112,0.1053,3104.0,3110.0,0.2013,0.022,pykrx,,,,,,,,,data/raw/price_010960_20260429_20260827.csv,90,False,Broad evaluation pool candidate,68,False,Broad evaluation pool candidate
005960,2026-08-27,2026-08-27,2026-08-27,2026-08-27,HOLD,neutral,51.15,51.15,51.15,63.13,63.13,0,54.87,-2.0,2,3.72,0.0,0.0,0.0,0.0,0,0,51.15,v2_conservative_ranker,37.77,-3.0,1,12.35,0.89,0.0,0.0,47.23,47.23,v3_stability_ranker,neutral,7580.0,-0.0117,-0.0013,0.2979,7502.0,7200.5,0.7264,0.031,pykrx,,,,,,,,,data/raw/price_005960_20260429_20260827.csv,91,False,Broad evaluation pool candidate,177,False,Broad evaluation pool candidate
330730,2026-08-27,2026-08-27,2026-08-27,2026-08-27,HOLD,neutral,51.11,51.11,51.11,58.65,58.65,0,54.12,-2.0,2,3.01,0.0,0.0,0.0,0.0,0,0,51.11,v2_conservative_ranker,46.5,-3.0,1,13.23,0.0,0.0,0.0,57.73,57.73,v3_stability_ranker,neutral,4860.0,-0.0152,-0.0072,0.1669,4896.0,4852.75,0.2565,0.0251,pykrx,,,,,,,,,data/raw/price_330730_20260429_20260827.csv,92,False,Broad evaluation pool candidate,73,False,Broad evaluation pool candidate
064350,2026-08-27,2026-08-27,2026-08-27,2026-08-27,HOLD,neutral,51.0,51.0,51.0,59.28,59.28,0,56.13,-2.0,2,5.12,0.0,0.0,0.0,0.0,0,0,51.0,v2_conservative_ranker,54.5,-3.0,1,10.59,0.0,0.0,0.0,63.09,63.09,v3_stability_ranker,neutral,139300.0,0.0213,0.0153,0.1599,134720.0,139275.0,0.3369,0.0427,pykrx,,,,,,,,,data/raw/price_064350_20260429_20260827.csv,93,False,Broad evaluation pool candidate,41,False,Broad evaluation pool candidate
038530,2026-08-27,2026-08-27,2026-08-27,2026-08-27,HOLD,neutral,50.95,50.95,50.95,58.69,58.69,0,55.4,0.0,0,4.45,0.0,0.0,0.0,0.0,0,0,50.95,v2_conservative_ranker,39.71,-5.0,0,11.43,0.0,0.0,0.0,46.15,46.15,v3_stability_ranker,neutral,999.0,0.0,0.004,0.2425,987.8,1004.65,0.0,0.0371,pykrx,,,,,,,,,data/raw/price_038530_20260429_20260827.csv,94,False,Broad evaluation pool candidate,185,False,Broad evaluation pool candidate
028080,2026-08-27,2026-08-27,2026-08-27,2026-08-27,HOLD,neutral,50.93,50.93,50.93,57.46,57.46,0,54.31,-2.0,2,3.37,0.0,0.0,0.0,0.0,0,0,50.93,v2_conservative_ranker,48.5,-3.0,1,12.79,0.0,0.0,0.0,59.28,59.28,v3_stability_ranker,neutral,4700.0,0.0273,0.0538,-0.0021,4573.0,4592.25,0.4993,0.0281,pykrx,,,,,,,,,data/raw/price_028080_20260429_20260827.csv,95,False,Broad evaluation pool candidate,54,False,Broad evaluation pool candidate
234300,2026-08-27,2026-08-27,2026-08-27,2026-08-27,HOLD,neutral,50.81,50.81,50.81,56.09,56.09,0,55.47,-2.0,2,4.66,0.0,0.0,0.0,0.0,0,0,50.81,v2_conservative_ranker,54.5,-3.0,1,11.18,0.0,0.0,0.0,63.68,63.68,v3_stability_ranker,neutral,2760.0,0.0073,0.0474,0.0494,2721.0,2758.75,0.1269,0.0388,pykrx,,,,,,,,,data/raw/price_234300_20260429_20260827.csv,96,False,Broad evaluation pool candidate,38,False,Broad evaluation pool candidate
018260,2026-08-27,2026-08-27,2026-08-27,2026-08-27,HOLD,neutral,50.67,50.67,50.67,58.79,58.79,0,54.79,-2.0,2,4.12,0.0,0.0,0.0,0.0,0,0,50.67,v2_conservative_ranker,46.5,-3.0,1,11.86,0.0,0.0,0.0,56.36,56.36,v3_stability_ranker,neutral,232500.0,0.0197,-0.0021,0.1784,228700.0,225910.0,0.2512,0.0343,pykrx,,,,,,,,,data/raw/price_018260_20260429_20260827.csv,97,False,Broad evaluation pool candidate,81,False,Broad evaluation pool candidate
065770,2026-08-27,2026-08-27,2026-08-27,2026-08-27,HOLD,neutral,50.56,50.56,50.56,60.77,60.77,0,55.77,-2.0,2,5.21,0.0,0.0,0.0,0.0,0,0,50.56,v2_conservative_ranker,46.5,-3.0,1,6.49,0.0,0.0,0.0,50.99,50.99,v3_stability_ranker,neutral,1565.0,0.0433,0.0077,0.1802,1545.0,1558.05,0.5542,0.0434,pykrx,,,,,,,,,data/raw/price_065770_20260429_20260827.csv,98,False,Broad evaluation pool candidate,118,False,Broad evaluation pool candidate
192820,2026-08-27,2026-08-27,2026-08-27,2026-08-27,HOLD,neutral,50.37,50.37,50.37,76.03,76.03,0,66.87,-2.0,2,5.64,10.86,0.0,0.0,0.0,0,0,50.37,v2_conservative_ranker,43.0,-3.0,1,6.95,17.01,0.32,0.0,30.62,30.62,v3_stability_ranker,price_momentum,281000.0,-0.0243,0.0787,0.5214,283000.0,233690.0,0.4768,0.047,pykrx,,,,,,,,,data/raw/price_192820_20260429_20260827.csv,99,False,Broad evaluation pool candidate,262,False,Broad evaluation pool candidate
028100,2026-08-27,2026-08-27,2026-08-27,2026-08-27,HOLD,neutral,50.36,50.36,50.36,56.07,56.07,0,52.0,-2.0,2,1.64,0.0,0.0,0.0,0.0,0,0,50.36,v2_conservative_ranker,46.5,-3.0,1,14.95,0.0,0.0,0.0,59.45,59.45,v3_stability_ranker,neutral,17600.0,-0.0028,0.0051,0.0712,17496.0,17650.0,0.2283,0.0137,pykrx,,,,,,,,,data/raw/price_028100_20260429_20260827.csv,100,False,Broad evaluation pool candidate,52,False,Broad evaluation pool candidate
045390,2026-08-27,2026-08-27,2026-08-27,2026-08-27,HOLD,neutral,50.33,50.33,50.33,66.9,66.9,0,59.96,-2.0,2,6.38,3.24,0.0,0.0,0.0,0,0,50.33,v2_conservative_ranker,35.93,-3.0,1,6.02,8.49,1.31,0.0,30.15,30.15,v3_stability_ranker,price_momentum,3150.0,0.0194,0.0096,0.4221,3102.0,2772.25,0.2099,0.0532,pykrx,,,,,,,,,data/raw/price_045390_20260429_20260827.csv,101,False,Broad evaluation pool candidate,264,False,Broad evaluation pool candidate
241840,2026-08-27,2026-08-27,2026-08-27,2026-08-27,HOLD,neutral,50.27,50.27,50.27,69.75,69.75,0,57.54,-2.0,2,1.27,0.0,0.0,6.0,0.0,0,0,50.27,v2_conservative_ranker,49.0,-3.0,1,15.41,0.0,0.0,9.0,53.41,53.41,v3_stability_ranker,price_momentum,2380.0,0.0,-0.0165,0.0625,2379.0,2344.5,0.2222,0.0106,pykrx,,,,,,6,2,2,data/raw/price_241840_20260429_20260827.csv,102,False,Broad evaluation pool candidate,101,False,Broad evaluation pool candidate
000720,2026-08-27,2026-08-27,2026-08-27,2026-08-27,HOLD,neutral,50.26,50.26,50.26,83.48,83.48,0,67.0,0.0,2,7.16,9.58,0.0,3.0,0.0,0,1,50.26,v2_conservative_ranker,39.0,2.0,6,5.04,16.66,2.35,4.5,28.54,28.54,v3_stability_ranker,price_momentum,129700.0,-0.0054,0.1397,0.5331,118520.0,110260.0,0.9135,0.0597,pykrx,,,,,,3,1,1,data/raw/price_000720_20260429_20260827.csv,103,False,Broad evaluation pool candidate,267,False,Broad evaluation pool candidate
003070,2026-08-27,2026-08-27,2026-08-27,2026-08-27,HOLD,neutral,50.12,50.12,50.12,58.97,58.97,0,54.3,-2.0,2,4.18,0.0,0.0,0.0,0.0,0,0,50.12,v2_conservative_ranker,46.5,-3.0,1,11.78,0.0,0.0,0.0,56.28,56.28,v3_stability_ranker,neutral,9900.0,-0.01,-0.007,0.2147,9872.0,9432.0,0.1911,0.0348,pykrx,,,,,,,,,data/raw/price_003070_20260429_20260827.csv,104,False,Broad evaluation pool candidate,83,False,Broad evaluation pool candidate
030610,2026-08-27,2026-08-27,2026-08-27,2026-08-27,HOLD,neutral,50.0,50.0,50.0,58.38,58.38,0,53.55,-2.0,2,3.55,0.0,0.0,0.0,0.0,0,0,50.0,v2_conservative_ranker,46.5,-3.0,1,12.56,0.0,0.0,0.0,57.06,57.06,v3_stability_ranker,neutral,10200.0,-0.0049,-0.0145,0.1888,10132.0,9982.0,0.2256,0.0296,pykrx,,,,,,,,,data/raw/price_030610_20260429_20260827.csv,105,False,Broad evaluation pool candidate,78,False,Broad evaluation pool candidate
017810,2026-08-27,2026-08-27,2026-08-27,2026-08-27,HOLD,neutral,49.98,49.98,49.98,67.65,67.65,0,59.29,-2.0,2,3.31,0.0,0.0,6.0,0.0,0,0,49.98,v2_conservative_ranker,57.0,-3.0,1,12.86,0.0,0.0,9.0,58.86,58.86,v3_stability_ranker,price_momentum,9640.0,-0.0062,0.0255,0.1068,9588.0,9257.0,0.4194,0.0276,pykrx,,,,,,6,2,2,data/raw/price_017810_20260429_20260827.csv,106,False,Broad evaluation pool candidate,57,False,Broad evaluation pool candidate
010140,2026-08-27,2026-08-27,2026-08-27,2026-08-27,HOLD,neutral,49.78,49.78,49.78,56.49,56.49,0,53.01,-2.0,2,3.23,0.0,0.0,0.0,0.0,0,0,49.78,v2_conservative_ranker,46.5,-3.0,1,12.96,0.0,0.0,0.0,57.47,57.47,v3_stability_ranker,neutral,21025.0,0.0157,0.0108,0.0838,20495.0,21316.25,0.319,0.0269,pykrx,,,,,,,,,data/raw/price_010140_20260429_20260827.csv,107,False,Broad evaluation pool candidate,74,False,Broad evaluation pool candidate
226330,2026-08-27,2026-08-27,2026-08-27,2026-08-27,HOLD,neutral,49.73,49.73,49.73,82.0,82.0,0,63.05,5.06,3,10.0,8.0,3.38,0.0,0.0,0,0,49.73,v2_conservative_ranker,48.49,5.0,6,1.0,16.49,7.84,0.0,36.16,36.16,v3_stability_ranker,price_momentum,1465.0,0.194,0.1673,0.0585,1257.2,1405.5,2.0128,0.0938,pykrx,,,,,,,,,data/raw/price_226330_20260429_20260827.csv,108,False,Broad evaluation pool candidate,234,False,Broad evaluation pool candidate
203650,2026-08-27,2026-08-27,2026-08-27,2026-08-27,HOLD,neutral,49.7,49.7,49.7,58.66,58.66,0,54.76,-2.0,2,5.06,0.0,0.0,0.0,0.0,0,0,49.7,v2_conservative_ranker,36.13,-3.0,1,10.67,3.24,0.0,0.0,41.56,41.56,v3_stability_ranker,neutral,2110.0,0.0048,-0.0024,0.3448,2065.0,2003.35,0.187,0.0422,pykrx,,,,,,,,,data/raw/price_203650_20260429_20260827.csv,109,False,Broad evaluation pool candidate,215,False,Broad evaluation pool candidate
368970,2026-08-27,2026-08-27,2026-08-27,2026-08-27,HOLD,neutral,49.58,49.58,49.58,57.57,57.57,0,52.17,-2.0,2,2.59,0.0,0.0,0.0,0.0,0,0,49.58,v2_conservative_ranker,46.5,-3.0,1,13.76,0.0,0.0,0.0,58.26,58.26,v3_stability_ranker,neutral,2365.0,-0.0084,-0.0042,0.1026,2381.0,2309.5,0.5033,0.0216,pykrx,,,,,,,,,data/raw/price_368970_20260429_20260827.csv,110,False,Broad evaluation pool candidate,66,False,Broad evaluation pool candidate
005820,2026-08-27,2026-08-27,2026-08-27,2026-08-27,HOLD,neutral,49.43,49.43,49.43,57.86,57.86,0,51.26,-2.0,2,1.84,0.0,0.0,0.0,0.0,0,0,49.43,v2_conservative_ranker,46.5,-3.0,1,14.71,0.0,0.0,0.0,59.2,59.2,v3_stability_ranker,neutral,14850.0,-0.004,-0.0217,0.1267,15030.0,14524.0,0.5371,0.0153,pykrx,,,,,,,,,data/raw/price_005820_20260429_20260827.csv,111,False,Broad evaluation pool candidate,55,False,Broad evaluation pool candidate
115160,2026-08-27,2026-08-27,2026-08-27,2026-08-27,HOLD,neutral,49.41,49.41,49.41,57.7,57.7,0,53.47,-2.0,2,4.06,0.0,0.0,0.0,0.0,0,0,49.41,v2_conservative_ranker,48.5,-3.0,1,11.93,0.0,0.0,0.0,58.43,58.43,v3_stability_ranker,neutral,5210.0,0.0256,0.042,0.0077,5100.0,5340.0,0.7485,0.0338,pykrx,,,,,,,,,data/raw/price_115160_20260429_20260827.csv,112,False,Broad evaluation pool candidate,62,False,Broad evaluation pool candidate
001040,2026-08-27,2026-08-27,2026-08-27,2026-08-27,HOLD,neutral,49.39,49.39,49.39,55.0,55.0,0,53.61,-2.0,2,4.22,0.0,0.0,0.0,0.0,0,0,49.39,v2_conservative_ranker,54.5,-3.0,1,11.72,0.0,0.0,0.0,64.22,64.22,v3_stability_ranker,neutral,127500.0,-0.0252,0.0374,0.0249,127000.0,132460.0,0.2559,0.0352,pykrx,,,,,,,,,data/raw/price_001040_20260429_20260827.csv,113,False,Broad evaluation pool candidate,32,False,Broad evaluation pool candidate
010400,2026-08-27,2026-08-27,2026-08-27,2026-08-27,HOLD,neutral,49.32,49.32,49.32,61.26,58.26,3,51.67,-2.0,2,3.35,0.0,0.0,0.0,0.0,0,1,49.32,v2_conservative_ranker,39.74,-3.0,1,12.81,0.0,0.0,0.0,50.56,50.56,v3_stability_ranker,price_momentum,4225.0,-0.022,0.012,-0.0724,4238.0,4229.0,0.5781,0.0279,unknown,우진아이엔에스,우진아이엔에스,supply_contract,,,,,,data/raw/price_010400_20260728_20260827.csv,114,False,Broad evaluation pool candidate,123,False,Broad evaluation pool candidate
199150,2026-08-27,2026-08-27,2026-08-27,2026-08-27,HOLD,neutral,49.3,49.3,49.3,61.26,61.26,0,45.33,5.75,3,4.78,0.0,0.0,0.0,0.0,0,0,49.3,v2_conservative_ranker,36.85,5.0,6,7.03,0.0,0.0,0.0,54.88,54.88,v3_stability_ranker,price_momentum,1800.0,-0.0986,-0.0769,0.0006,1957.4,1921.3,2.1498,0.0398,pykrx,,,,,,,,,data/raw/price_199150_20260429_20260827.csv,115,False,Broad evaluation pool candidate,93,False,Broad evaluation pool candidate
006360,2026-08-27,2026-08-27,2026-08-27,2026-08-27,HOLD,neutral,49.26,49.26,49.26,73.06,73.06,0,63.92,-2.0,2,6.66,8.0,0.0,0.0,0.0,0,0,49.26,v2_conservative_ranker,43.0,-3.0,1,5.68,12.18,1.68,0.0,32.81,32.81,v3_stability_ranker,price_momentum,37350.0,-0.0119,0.0492,0.6824,35460.0,32600.0,0.6149,0.0555,pykrx,,,,,,,,,data/raw/price_006360_20260429_20260827.csv,116,False,Broad evaluation pool candidate,251,False,Broad evaluation pool candidate
001630,2026-08-27,2026-08-27,2026-08-27,2026-08-27,HOLD,neutral,49.2,49.2,49.2,54.3,54.3,0,50.9,-2.0,2,1.7,0.0,0.0,0.0,0.0,0,0,49.2,v2_conservative_ranker,46.5,-3.0,1,14.87,0.0,0.0,0.0,59.37,59.37,v3_stability_ranker,neutral,39100.0,-0.0026,0.0026,0.0469,39010.0,39405.0,0.1856,0.0142,pykrx,,,,,,,,,data/raw/price_001630_20260429_20260827.csv,117,False,Broad evaluation pool candidate,53,False,Broad evaluation pool candidate
001260,2026-08-27,2026-08-27,2026-08-27,2026-08-27,HOLD,neutral,48.9,48.9,48.9,56.58,56.58,0,52.63,-2.0,2,3.73,0.0,0.0,0.0,0.0,0,0,48.9,v2_conservative_ranker,46.5,-3.0,1,12.34,0.0,0.0,0.0,56.84,56.84,v3_stability_ranker,neutral,7830.0,0.0026,-0.0237,0.1846,7692.0,7679.0,0.1385,0.0311,pykrx,,,,,,,,,data/raw/price_001260_20260429_20260827.csv,118,False,Broad evaluation pool candidate,80,False,Broad evaluation pool candidate
0126Z0,2026-08-27,2026-08-27,2026-08-27,2026-08-27,HOLD,neutral,48.85,48.85,48.85,56.28,56.28,0,54.36,-2.0,2,5.51,0.0,0.0,0.0,0.0,0,0,48.85,v2_conservative_ranker,54.5,-3.0,1,10.11,0.0,0.14,0.0,62.47,62.47,v3_stability_ranker,neutral,386500.0,0.0171,0.0198,0.0965,372200.0,388125.0,0.3439,0.0459,pykrx,,,,,,,,,data/raw/price_0126Z0_20260429_20260827.csv,119,False,Broad evaluation pool candidate,45,False,Broad evaluation pool candidate
109070,2026-08-27,2026-08-27,2026-08-27,2026-08-27,HOLD,neutral,48.73,48.73,48.73,59.63,59.63,0,52.8,-2.0,2,4.07,0.0,0.0,0.0,0.0,0,0,48.73,v2_conservative_ranker,39.67,-3.0,1,11.91,0.0,0.0,0.0,49.58,49.58,v3_stability_ranker,neutral,1597.0,0.0013,-0.022,0.2438,1598.4,1546.75,0.5364,0.0339,pykrx,,,,,,,,,data/raw/price_109070_20260429_20260827.csv,120,False,Broad evaluation pool candidate,151,False,Broad evaluation pool candidate
114190,2026-08-27,2026-08-27,2026-08-27,2026-08-27,HOLD,neutral,48.67,48.67,48.67,74.75,74.75,0,65.58,-2.0,2,7.15,3.76,0.0,6.0,0.0,0,0,48.67,v2_conservative_ranker,43.52,-3.0,1,8.06,7.68,2.34,13.5,26.07,26.07,v3_stability_ranker,price_momentum,9390.0,0.0173,0.0658,0.4336,8924.0,8734.0,0.6888,0.0596,pykrx,,,,,,9,3,3,data/raw/price_114190_20260429_20260827.csv,121,False,Broad evaluation pool candidate,278,False,Broad evaluation pool candidate
007570,2026-08-27,2026-08-27,2026-08-27,2026-08-27,HOLD,neutral,48.57,48.57,48.57,54.88,54.88,0,50.65,-2.0,2,2.08,0.0,0.0,0.0,0.0,0,0,48.57,v2_conservative_ranker,46.5,-3.0,1,14.41,0.0,0.0,0.0,58.91,58.91,v3_stability_ranker,neutral,8420.0,-0.0117,0.0084,0.0231,8402.0,8507.0,0.4353,0.0173,pykrx,,,,,,,,,data/raw/price_007570_20260429_20260827.csv,122,False,Broad evaluation pool candidate,56,False,Broad evaluation pool candidate
071200,2026-08-27,2026-08-27,2026-08-27,2026-08-27,HOLD,neutral,48.51,48.51,48.51,57.19,57.19,0,55.1,-2.0,2,6.59,0.0,0.0,0.0,0.0,0,0,48.51,v2_conservative_ranker,38.46,-3.0,1,8.77,0.0,1.58,0.0,43.64,43.64,v3_stability_ranker,neutral,9550.0,0.0,0.001,0.2784,9480.0,9498.5,0.0968,0.0549,pykrx,,,,,,,,,data/raw/price_071200_20260429_20260827.csv,123,False,Broad evaluation pool candidate,202,False,Broad evaluation pool candidate
010130,2026-08-27,2026-08-27,2026-08-27,2026-08-27,HOLD,neutral,48.46,48.46,48.46,75.6,75.6,0,67.0,-2.0,2,7.08,5.46,0.0,6.0,0.0,0,0,48.46,v2_conservative_ranker,43.0,-3.0,1,5.15,11.08,2.24,9.0,23.83,23.83,v3_stability_ranker,price_momentum,1358000.0,-0.0102,0.0969,0.4713,1347600.0,1193550.0,0.3016,0.059,pykrx,,,,,,6,2,2,data/raw/price_010130_20260429_20260827.csv,124,False,Broad evaluation pool candidate,286,False,Broad evaluation pool candidate
040910,2026-08-27,2026-08-27,2026-08-27,2026-08-27,HOLD,neutral,48.42,48.42,48.42,58.05,58.05,0,51.88,-2.0,2,3.47,0.0,0.0,0.0,0.0,0,0,48.42,v2_conservative_ranker,46.5,-3.0,1,12.66,0.0,0.0,0.0,57.16,57.16,v3_stability_ranker,neutral,4445.0,-0.0122,-0.0295,0.1667,4429.0,4346.0,0.5931,0.0289,pykrx,,,,,,,,,data/raw/price_040910_20260429_20260827.csv,125,False,Broad evaluation pool candidate,77,False,Broad evaluation pool candidate
185750,2026-08-27,2026-08-27,2026-08-27,2026-08-27,HOLD,neutral,48.34,48.34,48.34,54.62,54.62,0,50.47,-2.0,2,2.12,0.0,0.0,0.0,0.0,0,0,48.34,v2_conservative_ranker,46.5,-3.0,1,14.34,0.0,0.0,0.0,58.84,58.84,v3_stability_ranker,neutral,67500.0,-0.0189,0.0045,0.029,67960.0,68145.0,0.4152,0.0177,pykrx,,,,,,,,,data/raw/price_185750_20260429_20260827.csv,126,False,Broad evaluation pool candidate,58,False,Broad evaluation pool candidate
001060,2026-08-27,2026-08-27,2026-08-27,2026-08-27,HOLD,neutral,48.33,48.33,48.33,57.74,57.74,0,53.54,-2.0,2,5.21,0.0,0.0,0.0,0.0,0,0,48.33,v2_conservative_ranker,40.17,-3.0,1,10.49,0.0,0.0,0.0,48.66,48.66,v3_stability_ranker,neutral,27050.0,-0.0128,-0.0146,0.2295,27130.0,26175.0,0.2574,0.0434,pykrx,,,,,,,,,data/raw/price_001060_20260429_20260827.csv,127,False,Broad evaluation pool candidate,164,False,Broad evaluation pool candidate
001420,2026-08-27,2026-08-27,2026-08-27,2026-08-27,HOLD,neutral,48.23,48.23,48.23,62.53,62.53,0,57.87,-2.0,2,8.53,0.0,1.11,0.0,0.0,0,0,48.23,v2_conservative_ranker,46.0,-3.0,1,6.34,4.47,4.18,0.0,41.69,41.69,v3_stability_ranker,neutral,2480.0,-0.0312,0.1671,0.0248,2463.0,2473.0,0.2331,0.0711,pykrx,,,,,,,,,data/raw/price_001420_20260429_20260827.csv,128,False,Broad evaluation pool candidate,213,False,Broad evaluation pool candidate
019680,2026-08-27,2026-08-27,2026-08-27,2026-08-27,HOLD,neutral,48.21,48.21,48.21,54.48,54.48,0,54.27,0.0,0,6.06,0.0,0.0,0.0,0.0,0,0,48.21,v2_conservative_ranker,46.5,-5.0,0,9.43,0.0,0.88,0.0,50.04,50.04,v3_stability_ranker,neutral,1000.0,0.0,0.0,0.1507,1000.0,998.6,0.0,0.0505,pykrx,,,,,,,,,data/raw/price_019680_20260429_20260827.csv,129,False,Broad evaluation pool candidate,129,False,Broad evaluation pool candidate
297570,2026-08-27,2026-08-27,2026-08-27,2026-08-27,HOLD,neutral,48.18,48.18,48.18,53.4,53.4,0,52.5,0.0,0,4.32,0.0,0.0,0.0,0.0,0,0,48.18,v2_conservative_ranker,46.5,-5.0,0,11.6,0.0,0.0,0.0,53.1,53.1,v3_stability_ranker,neutral,869.0,0.0,0.0,0.1,869.0,858.75,0.0,0.036,pykrx,,,,,,,,,data/raw/price_297570_20260429_20260827.csv,130,False,Broad evaluation pool candidate,103,False,Broad evaluation pool candidate
104460,2026-08-27,2026-08-27,2026-08-27,2026-08-27,HOLD,neutral,48.02,48.02,48.02,52.71,52.71,0,51.25,-2.0,2,3.23,0.0,0.0,0.0,0.0,0,0,48.02,v2_conservative_ranker,48.5,-3.0,1,12.96,0.0,0.0,0.0,59.47,59.47,v3_stability_ranker,neutral,7900.0,0.0051,0.018,0.0128,7704.0,8263.5,0.1594,0.0269,pykrx,,,,,,,,,data/raw/price_104460_20260429_20260827.csv,131,False,Broad evaluation pool candidate,51,False,Broad evaluation pool candidate
079160,2026-08-27,2026-08-27,2026-08-27,2026-08-27,HOLD,neutral,47.9,47.9,47.9,54.76,54.76,0,53.29,-2.0,2,5.39,0.0,0.0,0.0,0.0,0,0,47.9,v2_conservative_ranker,46.5,-3.0,1,10.27,0.0,0.0,0.0,54.77,54.77,v3_stability_ranker,neutral,5250.0,-0.0113,0.0077,0.1006,5230.0,5312.0,0.2415,0.0449,pykrx,,,,,,,,,data/raw/price_079160_20260429_20260827.csv,132,False,Broad evaluation pool candidate,94,False,Broad evaluation pool candidate
159910,2026-08-27,2026-08-27,2026-08-27,2026-08-27,HOLD,neutral,47.89,47.89,47.89,52.54,52.54,0,50.42,-2.0,2,2.53,0.0,0.0,0.0,0.0,0,0,47.89,v2_conservative_ranker,46.5,-3.0,1,13.84,0.0,0.0,0.0,58.34,58.34,v3_stability_ranker,neutral,3180.0,-0.0275,0.0063,0.0225,3186.0,3190.25,0.1499,0.0211,pykrx,,,,,,,,,data/raw/price_159910_20260429_20260827.csv,133,False,Broad evaluation pool candidate,64,False,Broad evaluation pool candidate
354200,2026-08-27,2026-08-27,2026-08-27,2026-08-27,HOLD,neutral,47.76,47.76,47.76,54.83,54.83,0,54.71,-2.0,2,6.95,0.0,0.0,0.0,0.0,0,0,47.76,v2_conservative_ranker,46.5,-3.0,1,8.31,0.0,2.06,0.0,50.75,50.75,v3_stability_ranker,neutral,1792.0,-0.0127,0.0011,0.1599,1745.4,1832.65,0.086,0.0579,pykrx,,,,,,,,,data/raw/price_354200_20260429_20260827.csv,134,False,Broad evaluation pool candidate,121,False,Broad evaluation pool candidate
114450,2026-08-27,2026-08-27,2026-08-27,2026-08-27,HOLD,neutral,47.52,47.52,47.52,52.79,52.79,0,51.64,-2.0,2,4.13,0.0,0.0,0.0,0.0,0,0,47.52,v2_conservative_ranker,48.5,-3.0,1,11.84,0.0,0.0,0.0,58.34,58.34,v3_stability_ranker,neutral,2210.0,-0.0045,0.0208,0.0161,2191.0,2244.5,0.2244,0.0344,pykrx,,,,,,,,,data/raw/price_114450_20260429_20260827.csv,135,False,Broad evaluation pool candidate,65,False,Broad evaluation pool candidate
049950,2026-08-27,2026-08-27,2026-08-27,2026-08-27,HOLD,neutral,47.41,47.41,47.41,56.1,56.1,0,52.59,-2.0,2,5.18,0.0,0.0,0.0,0.0,0,0,47.41,v2_conservative_ranker,38.29,-3.0,1,10.52,0.16,0.0,0.0,46.65,46.65,v3_stability_ranker,neutral,10920.0,0.0083,-0.0241,0.2832,10922.0,10520.0,0.1378,0.0432,pykrx,,,,,,,,,data/raw/price_049950_20260429_20260827.csv,136,False,Broad evaluation pool candidate,180,False,Broad evaluation pool candidate
305090,2026-08-27,2026-08-27,2026-08-27,2026-08-27,HOLD,neutral,47.35,47.35,47.35,55.42,55.42,0,54.49,-2.0,2,7.14,0.0,0.0,0.0,0.0,0,0,47.35,v2_conservative_ranker,54.5,-3.0,1,8.08,0.0,2.32,0.0,58.26,58.26,v3_stability_ranker,neutral,1690.0,0.0036,0.0368,0.0516,1610.4,1798.5,0.518,0.0595,pykrx,,,,,,,,,data/raw/price_305090_20260429_20260827.csv,137,False,Broad evaluation pool candidate,67,False,Broad evaluation pool candidate
206400,2026-08-27,2026-08-27,2026-08-27,2026-08-27,HOLD,neutral,47.16,47.16,47.16,53.18,53.18,0,50.76,-2.0,2,3.6,0.0,0.0,0.0,0.0,0,0,47.16,v2_conservative_ranker,46.5,-3.0,1,12.5,0.0,0.0,0.0,57.0,57.0,v3_stability_ranker,neutral,952.0,0.0149,-0.0286,0.132,954.6,904.4,0.0734,0.03,pykrx,,,,,,,,,data/raw/price_206400_20260429_20260827.csv,138,False,Broad evaluation pool candidate,79,False,Broad evaluation pool candidate
261200,2026-08-27,2026-08-27,2026-08-27,2026-08-27,HOLD,neutral,47.07,47.07,47.07,51.56,51.56,0,51.52,-2.0,2,4.45,0.0,0.0,0.0,0.0,0,0,47.07,v2_conservative_ranker,54.5,-3.0,1,11.43,0.0,0.0,0.0,63.94,63.94,v3_stability_ranker,neutral,2545.0,-0.0097,0.016,0.0262,2515.0,2614.25,0.06,0.0371,pykrx,,,,,,,,,data/raw/price_261200_20260429_20260827.csv,139,False,Broad evaluation pool candidate,36,False,Broad evaluation pool candidate
389500,2026-08-27,2026-08-27,2026-08-27,2026-08-27,HOLD,neutral,47.06,47.06,47.06,67.47,67.47,0,61.25,-2.0,2,8.48,4.64,1.07,0.0,0.0,0,0,47.06,v2_conservative_ranker,43.0,-3.0,1,2.39,8.65,4.11,0.0,30.63,30.63,v3_stability_ranker,price_momentum,38650.0,0.0404,0.0225,0.453,37280.0,36172.5,0.3816,0.0707,pykrx,,,,,,,,,data/raw/price_389500_20260429_20260827.csv,140,False,Broad evaluation pool candidate,261,False,Broad evaluation pool candidate
272110,2026-08-27,2026-08-27,2026-08-27,2026-08-27,HOLD,neutral,46.98,46.98,46.98,57.52,57.52,0,55.39,-2.0,2,7.86,0.0,0.55,0.0,0.0,0,0,46.98,v2_conservative_ranker,39.87,-3.0,1,7.17,0.0,3.28,0.0,41.77,41.77,v3_stability_ranker,neutral,25500.0,0.0099,0.0039,0.2379,25120.0,26420.0,0.2807,0.0655,pykrx,,,,,,,,,data/raw/price_272110_20260429_20260827.csv,141,False,Broad evaluation pool candidate,211,False,Broad evaluation pool candidate
071050,2026-08-27,2026-08-27,2026-08-27,2026-08-27,HOLD,neutral,46.89,46.89,46.89,52.96,52.96,0,52.38,-2.0,2,5.5,0.0,0.0,0.0,0.0,0,0,46.89,v2_conservative_ranker,54.5,-3.0,1,10.13,0.0,0.13,0.0,62.5,62.5,v3_stability_ranker,neutral,190600.0,-0.0031,0.0203,0.0387,188220.0,194395.0,0.2631,0.0458,pykrx,,,,,,,,,data/raw/price_071050_20260429_20260827.csv,142,False,Broad evaluation pool candidate,44,False,Broad evaluation pool candidate
004380,2026-08-27,2026-08-27,2026-08-27,2026-08-27,HOLD,neutral,46.88,46.88,46.88,52.39,52.39,0,50.53,-2.0,2,3.65,0.0,0.0,0.0,0.0,0,0,46.88,v2_conservative_ranker,44.0,-3.0,1,12.44,0.0,0.0,0.0,54.44,54.44,v3_stability_ranker,neutral,8390.0,0.0024,-0.0047,0.1952,8300.0,8441.5,0.3566,0.0304,pykrx,,,,,,,,,data/raw/price_004380_20260429_20260827.csv,143,False,Broad evaluation pool candidate,96,False,Broad evaluation pool candidate
005940,2026-08-27,2026-08-27,2026-08-27,2026-08-27,HOLD,neutral,46.77,46.77,46.77,52.14,52.14,0,50.0,-2.0,2,3.23,0.0,0.0,0.0,0.0,0,0,46.77,v2_conservative_ranker,46.5,-3.0,1,12.96,0.0,0.0,0.0,57.47,57.47,v3_stability_ranker,neutral,26550.0,-0.0038,0.0019,0.0231,26370.0,27452.5,0.2475,0.0269,pykrx,,,,,,,,,data/raw/price_005940_20260429_20260827.csv,144,False,Broad evaluation pool candidate,75,False,Broad evaluation pool candidate
019570,2026-08-27,2026-08-27,2026-08-27,2026-08-27,HOLD,neutral,46.69,46.69,46.69,53.62,53.62,0,52.74,-2.0,2,6.05,0.0,0.0,0.0,0.0,0,0,46.69,v2_conservative_ranker,46.5,-3.0,1,9.44,0.0,0.86,0.0,53.08,53.08,v3_stability_ranker,neutral,2760.0,0.0279,-0.0143,0.1476,2701.0,2637.5,0.1176,0.0504,pykrx,,,,,,,,,data/raw/price_019570_20260429_20260827.csv,145,False,Broad evaluation pool candidate,104,False,Broad evaluation pool candidate
004140,2026-08-27,2026-08-27,2026-08-27,2026-08-27,HOLD,neutral,46.68,46.68,46.68,50.49,50.49,0,49.08,-2.0,2,2.4,0.0,0.0,0.0,0.0,0,0,46.68,v2_conservative_ranker,44.0,-3.0,1,14.0,0.0,0.0,0.0,56.0,56.0,v3_stability_ranker,neutral,1851.0,0.0016,-0.0011,0.1198,1831.6,1838.35,0.4349,0.02,pykrx,,,,,,,,,data/raw/price_004140_20260429_20260827.csv,146,False,Broad evaluation pool candidate,86,False,Broad evaluation pool candidate
086820,2026-08-27,2026-08-27,2026-08-27,2026-08-27,HOLD,neutral,46.66,46.66,46.66,55.24,55.24,0,52.3,-2.0,2,5.64,0.0,0.0,0.0,0.0,0,0,46.66,v2_conservative_ranker,46.5,-3.0,1,9.95,0.0,0.32,0.0,54.13,54.13,v3_stability_ranker,neutral,6830.0,-0.0257,-0.0201,0.1518,6998.0,6432.5,0.3935,0.047,pykrx,,,,,,,,,data/raw/price_086820_20260429_20260827.csv,147,False,Broad evaluation pool candidate,97,False,Broad evaluation pool candidate
089230,2026-08-27,2026-08-27,2026-08-27,2026-08-27,HOLD,neutral,46.56,46.56,46.56,75.05,75.05,0,67.0,-2.0,2,8.06,11.66,0.72,0.0,0.0,0,0,46.56,v2_conservative_ranker,39.0,-3.0,1,3.92,17.73,3.55,0.0,19.64,19.64,v3_stability_ranker,price_momentum,2360.0,-0.0308,0.1028,0.9683,2367.0,1948.85,0.2481,0.0672,pykrx,,,,,,,,,data/raw/price_089230_20260429_20260827.csv,148,False,Broad evaluation pool candidate,294,False,Broad evaluation pool candidate
064800,2026-08-27,2026-08-27,2026-08-27,2026-08-27,HOLD,neutral,46.36,46.36,46.36,101.81,101.81,0,75.0,0.0,2,5.81,18.83,0.0,6.0,0.0,0,0,46.36,v2_conservative_ranker,30.25,2.0,6,6.74,32.25,0.54,13.5,0.0,0.0,v3_stability_ranker,strong_price_momentum,3340.0,0.0293,0.2279,0.7766,3003.0,2373.25,0.9412,0.0484,pykrx,,,,,,9,3,3,data/raw/price_064800_20260429_20260827.csv,149,False,Broad evaluation pool candidate,314,False,Broad evaluation pool candidate
024720,2026-08-27,2026-08-27,2026-08-27,2026-08-27,HOLD,neutral,45.9,45.9,45.9,57.83,57.83,0,52.57,-2.0,2,3.67,0.0,0.0,3.0,0.0,0,0,45.9,v2_conservative_ranker,46.5,-3.0,1,12.41,0.0,0.0,4.5,52.41,52.41,v3_stability_ranker,neutral,10030.0,-0.0243,-0.0243,0.2041,10146.0,9840.0,0.2199,0.0306,pykrx,,,,,,3,1,1,data/raw/price_024720_20260429_20260827.csv,150,False,Broad evaluation pool candidate,111,False,Broad evaluation pool candidate
025950,2026-08-27,2026-08-27,2026-08-27,2026-08-27,HOLD,neutral,45.57,45.57,45.57,48.67,48.67,0,49.17,-2.0,2,3.6,0.0,0.0,0.0,0.0,0,0,45.57,v2_conservative_ranker,44.0,-3.0,1,12.5,0.0,0.0,0.0,54.5,54.5,v3_stability_ranker,neutral,10540.0,-0.0038,-0.0168,0.1672,10358.0,10663.0,0.1652,0.03,pykrx,,,,,,,,,data/raw/price_025950_20260429_20260827.csv,151,False,Broad evaluation pool candidate,95,False,Broad evaluation pool candidate
039200,2026-08-27,2026-08-27,2026-08-27,2026-08-27,HOLD,neutral,45.56,45.56,45.56,55.31,55.31,0,47.0,1.12,3,5.56,0.0,0.0,0.0,0.0,0,0,45.56,v2_conservative_ranker,38.98,8.0,6,10.05,0.0,0.21,0.0,62.83,62.83,v3_stability_ranker,neutral,35200.0,-0.0195,-0.094,0.2075,36670.0,35730.0,1.2234,0.0463,pykrx,,,,,,,,,data/raw/price_039200_20260429_20260827.csv,152,False,Broad evaluation pool candidate,42,False,Broad evaluation pool candidate
002780,2026-08-27,2026-08-27,2026-08-27,2026-08-27,HOLD,neutral,45.47,45.47,45.47,46.34,46.34,0,48.28,0.0,0,2.81,0.0,0.0,0.0,0.0,0,0,45.47,v2_conservative_ranker,44.0,-5.0,0,13.49,0.0,0.0,0.0,52.49,52.49,v3_stability_ranker,neutral,782.0,0.0,0.0,0.0937,782.0,787.05,0.0,0.0234,pykrx,,,,,,,,,data/raw/price_002780_20260429_20260827.csv,153,False,Broad evaluation pool candidate,109,False,Broad evaluation pool candidate
018700,2026-08-27,2026-08-27,2026-08-27,2026-08-27,HOLD,neutral,45.41,45.41,45.41,50.76,50.76,0,47.54,-2.0,2,2.12,0.0,0.0,0.0,0.0,0,0,45.41,v2_conservative_ranker,43.96,-3.0,1,14.34,0.0,0.0,0.0,56.3,56.3,v3_stability_ranker,neutral,1433.0,0.0,-0.0318,0.049,1456.0,1446.45,0.2106,0.0177,pykrx,,,,,,,,,data/raw/price_018700_20260429_20260827.csv,154,False,Broad evaluation pool candidate,82,False,Broad evaluation pool candidate
332290,2026-08-27,2026-08-27,2026-08-27,2026-08-27,HOLD,neutral,45.38,45.38,45.38,47.84,47.84,0,50.93,0.0,0,5.56,0.0,0.0,0.0,0.0,0,0,45.38,v2_conservative_ranker,44.0,-5.0,0,10.05,0.0,0.21,0.0,48.85,48.85,v3_stability_ranker,neutral,897.0,0.0,0.0,0.1695,897.0,913.3,0.0,0.0463,pykrx,,,,,,,,,data/raw/price_332290_20260429_20260827.csv,155,False,Broad evaluation pool candidate,161,False,Broad evaluation pool candidate
297890,2026-08-27,2026-08-27,2026-08-27,2026-08-27,HOLD,neutral,45.37,45.37,45.37,51.11,51.11,0,50.13,-2.0,2,4.76,0.0,0.0,0.0,0.0,0,0,45.37,v2_conservative_ranker,44.0,-3.0,1,11.04,0.0,0.0,0.0,53.05,53.05,v3_stability_ranker,neutral,1701.0,-0.0047,-0.0087,0.2004,1675.2,1717.35,0.3258,0.0397,pykrx,,,,,,,,,data/raw/price_297890_20260429_20260827.csv,156,False,Broad evaluation pool candidate,105,False,Broad evaluation pool candidate
034730,2026-08-27,2026-08-27,2026-08-27,2026-08-27,HOLD,neutral,45.35,45.35,45.35,53.57,53.57,0,52.92,-2.0,2,7.4,0.0,0.17,0.0,0.0,0,0,45.35,v2_conservative_ranker,46.5,-3.0,1,7.75,0.0,2.67,0.0,49.57,49.57,v3_stability_ranker,neutral,561000.0,0.0126,-0.0123,0.1472,561200.0,544025.0,0.268,0.0617,pykrx,,,,medium_attention,no_risk_noise,,,,data/raw/price_034730_20260429_20260827.csv,157,False,Broad evaluation pool candidate,152,False,Broad evaluation pool candidate
307870,2026-08-27,2026-08-27,2026-08-27,2026-08-27,HOLD,neutral,45.18,45.18,45.18,54.97,54.97,0,51.17,-2.0,2,5.99,0.0,0.0,0.0,0.0,0,0,45.18,v2_conservative_ranker,36.81,-3.0,1,9.52,0.0,0.78,0.0,43.54,43.54,v3_stability_ranker,neutral,978.0,-0.0269,-0.0383,0.238,995.6,949.05,0.2982,0.0499,pykrx,,,,,,,,,data/raw/price_307870_20260429_20260827.csv,158,False,Broad evaluation pool candidate,203,False,Broad evaluation pool candidate
148250,2026-08-27,2026-08-27,2026-08-27,2026-08-27,HOLD,neutral,45.01,45.01,45.01,55.99,55.99,0,52.23,-2.0,2,7.21,0.0,0.01,0.0,0.0,0,0,45.01,v2_conservative_ranker,33.6,-3.0,1,3.98,5.62,2.42,0.0,27.55,27.55,v3_stability_ranker,neutral,1642.0,0.0485,0.1729,-0.1362,1508.0,1697.25,0.3022,0.0601,pykrx,,,,,,,,,data/raw/price_148250_20260429_20260827.csv,159,False,Broad evaluation pool candidate,272,False,Broad evaluation pool candidate
001470,2026-08-27,2026-08-27,2026-08-27,2026-08-27,HOLD,neutral,45.0,45.0,45.0,44.0,44.0,0,45.0,0.0,0,0.0,0.0,0.0,0.0,0.0,0,0,45.0,v2_conservative_ranker,38.0,-5.0,0,17.0,0.0,0.0,0.0,50.0,50.0,v3_stability_ranker,neutral,347.0,0.0,0.0,0.0,347.0,347.0,0.0,0.0,pykrx,,,,,,,,,data/raw/price_001470_20260429_20260827.csv,160,False,Broad evaluation pool candidate,130,False,Broad evaluation pool candidate
011000,2026-08-27,2026-08-27,2026-08-27,2026-08-27,HOLD,neutral,45.0,45.0,45.0,44.0,44.0,0,45.0,0.0,0,0.0,0.0,0.0,0.0,0.0,0,0,45.0,v2_conservative_ranker,38.0,-5.0,0,17.0,0.0,0.0,0.0,50.0,50.0,v3_stability_ranker,neutral,2670.0,0.0,0.0,0.0,2670.0,2670.0,0.0,0.0,pykrx,,,,,,,,,data/raw/price_011000_20260429_20260827.csv,161,False,Broad evaluation pool candidate,131,False,Broad evaluation pool candidate
011810,2026-08-27,2026-08-27,2026-08-27,2026-08-27,HOLD,neutral,45.0,45.0,45.0,44.0,44.0,0,45.0,0.0,0,0.0,0.0,0.0,0.0,0.0,0,0,45.0,v2_conservative_ranker,38.0,-5.0,0,17.0,0.0,0.0,0.0,50.0,50.0,v3_stability_ranker,neutral,3530.0,0.0,0.0,0.0,3530.0,3530.0,0.0,0.0,pykrx,,,,,,,,,data/raw/price_011810_20260429_20260827.csv,162,False,Broad evaluation pool candidate,132,False,Broad evaluation pool candidate
019490,2026-08-27,2026-08-27,2026-08-27,2026-08-27,HOLD,neutral,45.0,45.0,45.0,44.0,44.0,0,45.0,0.0,0,0.0,0.0,0.0,0.0,0.0,0,0,45.0,v2_conservative_ranker,38.0,-5.0,0,17.0,0.0,0.0,0.0,50.0,50.0,v3_stability_ranker,neutral,541.0,0.0,0.0,0.0,541.0,541.0,0.0,0.0,pykrx,,,,,,,,,data/raw/price_019490_20260429_20260827.csv,163,False,Broad evaluation pool candidate,133,False,Broad evaluation pool candidate
023440,2026-08-27,2026-08-27,2026-08-27,2026-08-27,HOLD,neutral,45.0,45.0,45.0,44.0,44.0,0,45.0,0.0,0,0.0,0.0,0.0,0.0,0.0,0,0,45.0,v2_conservative_ranker,38.0,-5.0,0,17.0,0.0,0.0,0.0,50.0,50.0,v3_stability_ranker,neutral,521.0,0.0,0.0,0.0,521.0,521.0,0.0,0.0,pykrx,,,,,,,,,data/raw/price_023440_20260429_20260827.csv,164,False,Broad evaluation pool candidate,134,False,Broad evaluation pool candidate
052770,2026-08-27,2026-08-27,2026-08-27,2026-08-27,HOLD,neutral,45.0,45.0,45.0,44.0,44.0,0,45.0,0.0,0,0.0,0.0,0.0,0.0,0.0,0,0,45.0,v2_conservative_ranker,38.0,-5.0,0,17.0,0.0,0.0,0.0,50.0,50.0,v3_stability_ranker,neutral,312.0,0.0,0.0,0.0,312.0,312.0,0.0,0.0,pykrx,,,,,,,,,data/raw/price_052770_20260429_20260827.csv,165,False,Broad evaluation pool candidate,135,False,Broad evaluation pool candidate
065420,2026-08-27,2026-08-27,2026-08-27,2026-08-27,HOLD,neutral,45.0,45.0,45.0,44.0,44.0,0,45.0,0.0,0,0.0,0.0,0.0,0.0,0.0,0,0,45.0,v2_conservative_ranker,38.0,-5.0,0,17.0,0.0,0.0,0.0,50.0,50.0,v3_stability_ranker,neutral,94.0,0.0,0.0,0.0,94.0,94.0,0.0,0.0,pykrx,,,,,,,,,data/raw/price_065420_20260429_20260827.csv,166,False,Broad evaluation pool candidate,136,False,Broad evaluation pool candidate
066410,2026-08-27,2026-08-27,2026-08-27,2026-08-27,HOLD,neutral,45.0,45.0,45.0,44.0,44.0,0,45.0,0.0,0,0.0,0.0,0.0,0.0,0.0,0,0,45.0,v2_conservative_ranker,38.0,-5.0,0,17.0,0.0,0.0,0.0,50.0,50.0,v3_stability_ranker,neutral,1153.0,0.0,0.0,0.0,1153.0,1153.0,0.0,0.0,pykrx,,,,,,,,,data/raw/price_066410_20260429_20260827.csv,167,False,Broad evaluation pool candidate,137,False,Broad evaluation pool candidate
068240,2026-08-27,2026-08-27,2026-08-27,2026-08-27,HOLD,neutral,45.0,45.0,45.0,44.0,44.0,0,45.0,0.0,0,0.0,0.0,0.0,0.0,0.0,0,0,45.0,v2_conservative_ranker,38.0,-5.0,0,17.0,0.0,0.0,0.0,50.0,50.0,v3_stability_ranker,neutral,2530.0,0.0,0.0,0.0,2530.0,2530.0,0.0,0.0,pykrx,,,,,,,,,data/raw/price_068240_20260429_20260827.csv,168,False,Broad evaluation pool candidate,138,False,Broad evaluation pool candidate
069460,2026-08-27,2026-08-27,2026-08-27,2026-08-27,HOLD,neutral,45.0,45.0,45.0,44.0,44.0,0,45.0,0.0,0,0.0,0.0,0.0,0.0,0.0,0,0,45.0,v2_conservative_ranker,38.0,-5.0,0,17.0,0.0,0.0,0.0,50.0,50.0,v3_stability_ranker,neutral,2660.0,0.0,0.0,0.0,2660.0,2660.0,0.0,0.0,pykrx,,,,,,,,,data/raw/price_069460_20260429_20260827.csv,169,False,Broad evaluation pool candidate,139,False,Broad evaluation pool candidate
074610,2026-08-27,2026-08-27,2026-08-27,2026-08-27,HOLD,neutral,45.0,45.0,45.0,44.0,44.0,0,45.0,0.0,0,0.0,0.0,0.0,0.0,0.0,0,0,45.0,v2_conservative_ranker,38.0,-5.0,0,17.0,0.0,0.0,0.0,50.0,50.0,v3_stability_ranker,neutral,5110.0,0.0,0.0,0.0,5110.0,5110.0,0.0,0.0,pykrx,,,,,,,,,data/raw/price_074610_20260429_20260827.csv,170,False,Broad evaluation pool candidate,140,False,Broad evaluation pool candidate
087260,2026-08-27,2026-08-27,2026-08-27,2026-08-27,HOLD,neutral,45.0,45.0,45.0,44.0,44.0,0,45.0,0.0,0,0.0,0.0,0.0,0.0,0.0,0,0,45.0,v2_conservative_ranker,38.0,-5.0,0,17.0,0.0,0.0,0.0,50.0,50.0,v3_stability_ranker,neutral,247.0,0.0,0.0,0.0,247.0,247.0,0.0,0.0,pykrx,,,,,,,,,data/raw/price_087260_20260429_20260827.csv,171,False,Broad evaluation pool candidate,141,False,Broad evaluation pool candidate
175250,2026-08-27,2026-08-27,2026-08-27,2026-08-27,HOLD,neutral,45.0,45.0,45.0,44.0,44.0,0,45.0,0.0,0,0.0,0.0,0.0,0.0,0.0,0,0,45.0,v2_conservative_ranker,38.0,-5.0,0,17.0,0.0,0.0,0.0,50.0,50.0,v3_stability_ranker,neutral,2170.0,0.0,0.0,0.0,2170.0,2170.0,0.0,0.0,pykrx,,,,,,,,,data/raw/price_175250_20260429_20260827.csv,172,False,Broad evaluation pool candidate,142,False,Broad evaluation pool candidate
183490,2026-08-27,2026-08-27,2026-08-27,2026-08-27,HOLD,neutral,45.0,45.0,45.0,44.0,44.0,0,45.0,0.0,0,0.0,0.0,0.0,0.0,0.0,0,0,45.0,v2_conservative_ranker,38.0,-5.0,0,17.0,0.0,0.0,0.0,50.0,50.0,v3_stability_ranker,neutral,990.0,0.0,0.0,0.0,990.0,990.0,0.0,0.0,pykrx,,,,,,,,,data/raw/price_183490_20260429_20260827.csv,173,False,Broad evaluation pool candidate,143,False,Broad evaluation pool candidate
276040,2026-08-27,2026-08-27,2026-08-27,2026-08-27,HOLD,neutral,45.0,45.0,45.0,44.0,44.0,0,45.0,0.0,0,0.0,0.0,0.0,0.0,0.0,0,0,45.0,v2_conservative_ranker,38.0,-5.0,0,17.0,0.0,0.0,0.0,50.0,50.0,v3_stability_ranker,neutral,327.0,0.0,0.0,0.0,327.0,327.0,0.0,0.0,pykrx,,,,,,,,,data/raw/price_276040_20260429_20260827.csv,174,False,Broad evaluation pool candidate,144,False,Broad evaluation pool candidate
288330,2026-08-27,2026-08-27,2026-08-27,2026-08-27,HOLD,neutral,45.0,45.0,45.0,44.0,44.0,0,45.0,0.0,0,0.0,0.0,0.0,0.0,0.0,0,0,45.0,v2_conservative_ranker,38.0,-5.0,0,17.0,0.0,0.0,0.0,50.0,50.0,v3_stability_ranker,neutral,416.0,0.0,0.0,0.0,416.0,416.0,0.0,0.0,pykrx,,,,,,,,,data/raw/price_288330_20260429_20260827.csv,175,False,Broad evaluation pool candidate,145,False,Broad evaluation pool candidate
294090,2026-08-27,2026-08-27,2026-08-27,2026-08-27,HOLD,neutral,45.0,45.0,45.0,44.0,44.0,0,45.0,0.0,0,0.0,0.0,0.0,0.0,0.0,0,0,45.0,v2_conservative_ranker,38.0,-5.0,0,17.0,0.0,0.0,0.0,50.0,50.0,v3_stability_ranker,neutral,1490.0,0.0,0.0,0.0,1490.0,1490.0,0.0,0.0,pykrx,,,,,,,,,data/raw/price_294090_20260429_20260827.csv,176,False,Broad evaluation pool candidate,146,False,Broad evaluation pool candidate
348950,2026-08-27,2026-08-27,2026-08-27,2026-08-27,HOLD,neutral,45.0,45.0,45.0,44.0,44.0,0,45.0,0.0,0,0.0,0.0,0.0,0.0,0.0,0,0,45.0,v2_conservative_ranker,38.0,-5.0,0,17.0,0.0,0.0,0.0,50.0,50.0,v3_stability_ranker,neutral,1182.0,0.0,0.0,0.0,1182.0,1182.0,0.0,0.0,pykrx,,,,,,,,,data/raw/price_348950_20260429_20260827.csv,177,False,Broad evaluation pool candidate,147,False,Broad evaluation pool candidate
380540,2026-08-27,2026-08-27,2026-08-27,2026-08-27,HOLD,neutral,45.0,45.0,45.0,44.0,44.0,0,45.0,0.0,0,0.0,0.0,0.0,0.0,0.0,0,0,45.0,v2_conservative_ranker,38.0,-5.0,0,17.0,0.0,0.0,0.0,50.0,50.0,v3_stability_ranker,neutral,8450.0,0.0,0.0,0.0,8450.0,8450.0,0.0,0.0,pykrx,,,,,,,,,data/raw/price_380540_20260429_20260827.csv,178,False,Broad evaluation pool candidate,148,False,Broad evaluation pool candidate
267250,2026-08-27,2026-08-27,2026-08-27,2026-08-27,HOLD,neutral,44.49,44.49,44.49,48.2,48.2,0,47.47,-2.0,2,2.99,0.0,0.0,0.0,0.0,0,0,44.49,v2_conservative_ranker,44.0,-3.0,1,13.27,0.0,0.0,0.0,55.27,55.27,v3_stability_ranker,neutral,215500.0,-0.0069,-0.0271,0.1481,214600.0,218305.0,0.3324,0.0249,pykrx,,,,medium_attention,no_risk_noise,,,,data/raw/price_267250_20260429_20260827.csv,179,False,Broad evaluation pool candidate,88,False,Broad evaluation pool candidate
445090,2026-08-27,2026-08-27,2026-08-27,2026-08-27,HOLD,neutral,44.22,44.22,44.22,56.01,56.01,0,53.62,-2.0,2,7.43,1.78,0.19,0.0,0.0,0,0,44.22,v2_conservative_ranker,34.56,-3.0,1,7.71,5.48,2.7,0.0,32.09,32.09,v3_stability_ranker,neutral,21400.0,0.0047,-0.0138,0.3896,21000.0,19988.0,0.2633,0.0619,pykrx,,,,,,,,,data/raw/price_445090_20260429_20260827.csv,180,False,Broad evaluation pool candidate,254,False,Broad evaluation pool candidate
078590,2026-08-27,2026-08-27,2026-08-27,2026-08-27,HOLD,neutral,44.18,44.18,44.18,58.42,58.42,0,57.44,-2.0,2,10.0,0.0,3.26,0.0,0.0,0,0,44.18,v2_conservative_ranker,46.63,-3.0,1,5.0,0.0,7.62,0.0,42.02,42.02,v3_stability_ranker,neutral,3145.0,0.0362,0.0244,0.2733,3047.0,3176.75,0.3293,0.0926,pykrx,,,,,,,,,data/raw/price_078590_20260429_20260827.csv,181,False,Broad evaluation pool candidate,208,False,Broad evaluation pool candidate
291230,2026-08-27,2026-08-27,2026-08-27,2026-08-27,HOLD,neutral,44.12,44.12,44.12,50.11,50.11,0,48.5,-2.0,2,4.38,0.0,0.0,0.0,0.0,0,0,44.12,v2_conservative_ranker,42.5,-3.0,1,11.53,0.0,0.0,0.0,52.02,52.02,v3_stability_ranker,neutral,2445.0,-0.0181,0.0539,-0.1684,2384.0,2704.5,0.7985,0.0365,pykrx,,,,,,,,,data/raw/price_291230_20260429_20260827.csv,182,False,Broad evaluation pool candidate,113,False,Broad evaluation pool candidate
490470,2026-08-27,2026-08-27,2026-08-27,2026-08-27,HOLD,neutral,44.1,44.1,44.1,56.78,56.78,0,55.52,-2.0,2,9.5,0.0,1.92,0.0,0.0,0,0,44.1,v2_conservative_ranker,46.5,-3.0,1,5.12,0.0,5.47,0.0,44.15,44.15,v3_stability_ranker,neutral,15490.0,0.0058,0.0052,0.1788,14882.0,16246.0,0.5403,0.0792,pykrx,,,,,,,,,data/raw/price_490470_20260429_20260827.csv,183,False,Broad evaluation pool candidate,194,False,Broad evaluation pool candidate
058730,2026-08-27,2026-08-27,2026-08-27,2026-08-27,HOLD,neutral,43.85,43.85,43.85,49.59,49.59,0,49.74,-2.0,2,5.89,0.0,0.0,0.0,0.0,0,0,43.85,v2_conservative_ranker,44.0,-3.0,1,9.64,0.0,0.66,0.0,50.98,50.98,v3_stability_ranker,neutral,3515.0,0.013,-0.0126,0.1815,3288.0,3352.0,0.4471,0.0491,pykrx,,,,,,,,,data/raw/price_058730_20260429_20260827.csv,184,False,Broad evaluation pool candidate,119,False,Broad evaluation pool candidate
012170,2026-08-27,2026-08-27,2026-08-27,2026-08-27,HOLD,neutral,43.84,43.84,43.84,52.07,52.07,0,54.28,0.0,0,8.96,0.0,1.47,0.0,0.0,0,0,43.84,v2_conservative_ranker,46.5,-5.0,0,5.79,0.0,4.75,0.0,42.54,42.54,v3_stability_ranker,neutral,748.0,0.0,0.0,0.1508,748.0,745.75,0.0,0.0747,pykrx,,,,,,,,,data/raw/price_012170_20260429_20260827.csv,185,False,Broad evaluation pool candidate,205,False,Broad evaluation pool candidate
200230,2026-08-27,2026-08-27,2026-08-27,2026-08-27,HOLD,neutral,43.81,43.81,43.81,48.2,48.2,0,49.03,-2.0,2,5.22,0.0,0.0,0.0,0.0,0,0,43.81,v2_conservative_ranker,44.0,-3.0,1,10.48,0.0,0.0,0.0,52.48,52.48,v3_stability_ranker,neutral,2240.0,0.0113,-0.0197,0.2167,2191.0,2218.45,0.0875,0.0435,pykrx,,,,,,,,,data/raw/price_200230_20260429_20260827.csv,186,False,Broad evaluation pool candidate,110,False,Broad evaluation pool candidate
060230,2026-08-27,2026-08-27,2026-08-27,2026-08-27,HOLD,neutral,43.78,43.78,43.78,50.97,50.97,0,43.77,3.82,3,6.82,0.0,0.0,0.0,0.0,0,0,43.78,v2_conservative_ranker,37.64,8.0,6,4.48,3.33,1.89,0.0,50.9,50.9,v3_stability_ranker,neutral,1269.0,0.0646,-0.0357,-0.0473,1251.6,1351.5,1.7639,0.0568,pykrx,,,,,,,,,data/raw/price_060230_20260429_20260827.csv,187,False,Broad evaluation pool candidate,120,False,Broad evaluation pool candidate
013720,2026-08-27,2026-08-27,2026-08-27,2026-08-27,HOLD,neutral,43.52,43.52,43.52,57.93,57.93,0,51.44,-2.0,2,5.72,2.19,0.0,0.0,0.0,0,0,43.52,v2_conservative_ranker,31.4,-3.0,1,9.84,5.93,0.43,0.0,32.88,32.88,v3_stability_ranker,neutral,2305.0,-0.0356,-0.0356,0.3987,2385.0,2283.65,0.7099,0.0477,pykrx,,,,,,,,,data/raw/price_013720_20260429_20260827.csv,188,False,Broad evaluation pool candidate,250,False,Broad evaluation pool candidate
083640,2026-08-27,2026-08-27,2026-08-27,2026-08-27,HOLD,neutral,43.38,43.38,43.38,44.46,44.46,0,48.05,0.0,0,4.67,0.0,0.0,0.0,0.0,0,0,43.38,v2_conservative_ranker,44.0,-5.0,0,11.16,0.0,0.0,0.0,50.16,50.16,v3_stability_ranker,neutral,1087.0,0.0,0.0,0.087,1087.0,1145.9,0.0,0.0389,pykrx,,,,,,,,,data/raw/price_083640_20260429_20260827.csv,189,False,Broad evaluation pool candidate,127,False,Broad evaluation pool candidate
333620,2026-08-27,2026-08-27,2026-08-27,2026-08-27,HOLD,neutral,43.35,43.35,43.35,45.96,45.96,0,45.63,-2.0,2,2.28,0.0,0.0,0.0,0.0,0,0,43.35,v2_conservative_ranker,44.0,-3.0,1,14.15,0.0,0.0,0.0,56.15,56.15,v3_stability_ranker,neutral,5520.0,0.0279,-0.016,0.0636,5398.0,5505.5,0.3795,0.019,pykrx,,,,,,,,,data/raw/price_333620_20260429_20260827.csv,190,False,Broad evaluation pool candidate,84,False,Broad evaluation pool candidate
008930,2026-08-27,2026-08-27,2026-08-27,2026-08-27,HOLD,neutral,43.21,43.21,43.21,56.49,56.49,0,54.55,-2.0,2,9.46,0.0,1.88,0.0,0.0,0,0,43.21,v2_conservative_ranker,37.24,-3.0,1,5.18,1.65,5.41,0.0,33.37,33.37,v3_stability_ranker,neutral,44050.0,-0.0079,-0.0045,0.313,47240.0,43457.5,0.47,0.0788,pykrx,,,,,,,,,data/raw/price_008930_20260429_20260827.csv,191,False,Broad evaluation pool candidate,247,False,Broad evaluation pool candidate
215570,2026-08-27,2026-08-27,2026-08-27,2026-08-27,HOLD,neutral,43.15,43.15,43.15,45.82,45.82,0,47.0,-2.0,2,3.85,0.0,0.0,0.0,0.0,0,0,43.15,v2_conservative_ranker,37.56,-3.0,1,12.19,0.0,0.0,0.0,47.74,47.74,v3_stability_ranker,neutral,700.0,0.0057,0.0029,-0.0654,698.4,717.25,0.0019,0.0321,pykrx,,,,,,,,,data/raw/price_215570_20260429_20260827.csv,192,False,Broad evaluation pool candidate,173,False,Broad evaluation pool candidate
038680,2026-08-27,2026-08-27,2026-08-27,2026-08-27,HOLD,neutral,43.09,43.09,43.09,52.7,52.7,0,48.87,-2.0,2,5.78,0.0,0.0,0.0,0.0,0,0,43.09,v2_conservative_ranker,34.77,-3.0,1,9.77,0.0,0.51,0.0,42.03,42.03,v3_stability_ranker,neutral,4135.0,0.016,-0.0613,0.2436,4140.0,3881.0,0.2749,0.0482,pykrx,,,,,,,,,data/raw/price_038680_20260429_20260827.csv,193,False,Broad evaluation pool candidate,207,False,Broad evaluation pool candidate
033270,2026-08-27,2026-08-27,2026-08-27,2026-08-27,HOLD,neutral,43.05,43.05,43.05,45.44,45.44,0,44.5,-2.0,2,1.45,0.0,0.0,0.0,0.0,0,0,43.05,v2_conservative_ranker,44.0,-3.0,1,15.19,0.0,0.0,0.0,57.19,57.19,v3_stability_ranker,neutral,17800.0,-0.0139,-0.0198,0.0422,17940.0,18043.5,0.4198,0.0121,pykrx,,,,,,,,,data/raw/price_033270_20260429_20260827.csv,194,False,Broad evaluation pool candidate,76,False,Broad evaluation pool candidate
352940,2026-08-27,2026-08-27,2026-08-27,2026-08-27,HOLD,neutral,42.91,42.91,42.91,47.16,47.16,0,44.24,-2.0,2,1.33,0.0,0.0,0.0,0.0,0,0,42.91,v2_conservative_ranker,36.79,-3.0,1,15.34,0.0,0.0,0.0,50.12,50.12,v3_stability_ranker,neutral,1993.0,0.0015,-0.0464,-0.0035,2020.6,2013.2,0.1814,0.0111,pykrx,,,,,,,,,data/raw/price_352940_20260429_20260827.csv,195,False,Broad evaluation pool candidate,128,False,Broad evaluation pool candidate
0009K0,2026-08-27,2026-08-27,2026-08-27,2026-08-27,HOLD,neutral,42.65,42.65,42.65,55.05,55.05,0,51.79,-2.0,2,6.35,2.79,0.0,0.0,0.0,0,0,42.65,v2_conservative_ranker,31.21,-3.0,1,9.06,6.6,1.26,0.0,30.41,30.41,v3_stability_ranker,neutral,25600.0,0.0079,-0.0321,0.412,25490.0,24910.0,0.2588,0.0529,pykrx,,,,,,,,,data/raw/price_0009K0_20260429_20260827.csv,196,False,Broad evaluation pool candidate,263,False,Broad evaluation pool candidate
009540,2026-08-27,2026-08-27,2026-08-27,2026-08-27,HOLD,neutral,42.61,42.61,42.61,48.64,45.64,3,47.66,-2.0,2,4.36,0.0,0.0,0.0,0.7,0,0,42.61,v2_conservative_ranker,44.0,-3.0,1,11.55,0.0,0.0,1.0,52.55,52.55,v3_stability_ranker,neutral,360500.0,0.0,0.0,0.0761,357100.0,375875.0,0.2448,0.0363,pykrx,,,,high_attention,no_risk_noise,,,,data/raw/price_009540_20260429_20260827.csv,197,False,Broad evaluation pool candidate,108,False,Broad evaluation pool candidate
027040,2026-08-27,2026-08-27,2026-08-27,2026-08-27,HOLD,neutral,42.56,42.56,42.56,46.59,46.59,0,50.49,-2.0,2,7.6,0.0,0.33,0.0,0.0,0,0,42.56,v2_conservative_ranker,44.0,-3.0,1,7.51,0.0,2.93,0.0,46.58,46.58,v3_stability_ranker,neutral,1935.0,0.0036,-0.0051,0.1727,1911.8,1918.5,0.1323,0.0633,pykrx,,,,,,,,,data/raw/price_027040_20260429_20260827.csv,198,False,Broad evaluation pool candidate,183,False,Broad evaluation pool candidate
366030,2026-08-27,2026-08-27,2026-08-27,2026-08-27,HOLD,neutral,42.47,42.47,42.47,53.16,53.16,0,48.07,-2.0,2,5.6,0.0,0.0,0.0,0.0,0,0,42.47,v2_conservative_ranker,40.96,-3.0,1,10.0,0.0,0.27,0.0,48.68,48.68,v3_stability_ranker,neutral,5240.0,-0.0187,-0.0693,0.2186,5219.0,4779.25,0.4599,0.0467,pykrx,,,,,,,,,data/raw/price_366030_20260429_20260827.csv,199,False,Broad evaluation pool candidate,162,False,Broad evaluation pool candidate
126880,2026-08-27,2026-08-27,2026-08-27,2026-08-27,HOLD,neutral,42.42,42.42,42.42,43.04,43.04,0,45.71,-2.0,2,3.29,0.0,0.0,0.0,0.0,0,0,42.42,v2_conservative_ranker,44.0,-3.0,1,12.89,0.0,0.0,0.0,54.89,54.89,v3_stability_ranker,neutral,2560.0,0.0,-0.0116,0.0535,2538.0,2650.5,0.0437,0.0274,pykrx,,,,,,,,,data/raw/price_126880_20260429_20260827.csv,200,False,Broad evaluation pool candidate,92,False,Broad evaluation pool candidate
054220,2026-08-27,2026-08-27,2026-08-27,2026-08-27,HOLD,neutral,42.0,42.0,42.0,50.31,50.31,0,47.92,-2.0,2,5.92,0.0,0.0,0.0,0.0,0,0,42.0,v2_conservative_ranker,34.31,-3.0,1,9.61,0.0,0.69,0.0,41.23,41.23,v3_stability_ranker,neutral,1587.0,0.0141,-0.0708,0.235,1581.8,1565.75,0.0533,0.0493,pykrx,,,,,,,,,data/raw/price_054220_20260429_20260827.csv,201,False,Broad evaluation pool candidate,218,False,Broad evaluation pool candidate
329180,2026-08-27,2026-08-27,2026-08-27,2026-08-27,HOLD,neutral,41.93,41.93,41.93,45.14,45.14,0,46.02,-2.0,2,4.09,0.0,0.0,0.0,0.0,0,0,41.93,v2_conservative_ranker,44.0,-3.0,1,11.89,0.0,0.0,0.0,53.89,53.89,v3_stability_ranker,neutral,467500.0,0.0065,-0.0168,0.0772,461000.0,484275.0,0.3953,0.0341,pykrx,,,,,,,,,data/raw/price_329180_20260429_20260827.csv,202,False,Broad evaluation pool candidate,99,False,Broad evaluation pool candidate
340360,2026-08-27,2026-08-27,2026-08-27,2026-08-27,HOLD,neutral,41.86,41.86,41.86,49.01,49.01,0,47.34,-2.0,2,5.48,0.0,0.0,0.0,0.0,0,0,41.86,v2_conservative_ranker,40.37,-3.0,1,10.14,0.0,0.11,0.0,48.4,48.4,v3_stability_ranker,neutral,868.0,-0.0247,-0.0766,0.1746,891.0,890.55,0.0852,0.0457,pykrx,,,,,,,,,data/raw/price_340360_20260429_20260827.csv,203,False,Broad evaluation pool candidate,167,False,Broad evaluation pool candidate
253450,2026-08-27,2026-08-27,2026-08-27,2026-08-27,HOLD,neutral,41.81,41.81,41.81,44.58,44.58,0,46.45,-2.0,2,4.64,0.0,0.0,0.0,0.0,0,0,41.81,v2_conservative_ranker,44.0,-3.0,1,11.2,0.0,0.0,0.0,53.2,53.2,v3_stability_ranker,neutral,21750.0,-0.0068,-0.0068,0.061,21510.0,22722.5,0.3471,0.0387,pykrx,,,,,,,,,data/raw/price_253450_20260429_20260827.csv,204,False,Broad evaluation pool candidate,102,False,Broad evaluation pool candidate
223220,2026-08-27,2026-08-27,2026-08-27,2026-08-27,HOLD,neutral,41.76,41.76,41.76,47.06,47.06,0,47.24,2.35,3,10.0,0.0,3.83,0.0,0.0,0,3,41.76,v2_conservative_ranker,42.5,8.0,6,2.0,0.0,8.53,0.0,49.97,49.97,v3_stability_ranker,neutral,172.0,0.0,0.0424,-0.4361,180.0,230.9,1.4694,0.0983,pykrx,,,,,,,,,data/raw/price_223220_20260429_20260827.csv,205,False,Broad evaluation pool candidate,149,False,Broad evaluation pool candidate
069640,2026-08-27,2026-08-27,2026-08-27,2026-08-27,HOLD,neutral,41.72,41.72,41.72,51.6,51.6,0,49.2,-2.0,2,6.43,1.05,0.0,0.0,0.0,0,0,41.72,v2_conservative_ranker,30.49,-3.0,1,8.96,4.67,1.38,0.0,31.41,31.41,v3_stability_ranker,neutral,1398.0,-0.0312,-0.058,0.3733,1444.0,1393.8,0.1267,0.0536,pykrx,,,,,,,,,data/raw/price_069640_20260429_20260827.csv,206,False,Broad evaluation pool candidate,258,False,Broad evaluation pool candidate
002460,2026-08-27,2026-08-27,2026-08-27,2026-08-27,HOLD,neutral,41.59,41.59,41.59,41.86,41.86,0,44.43,-2.0,2,2.84,0.0,0.0,0.0,0.0,0,0,41.59,v2_conservative_ranker,38.0,-3.0,1,13.45,0.0,0.0,0.0,49.45,49.45,v3_stability_ranker,neutral,10660.0,-0.0166,-0.0037,-0.0056,10588.0,11165.5,0.1465,0.0237,pykrx,,,,,,,,,data/raw/price_002460_20260429_20260827.csv,207,False,Broad evaluation pool candidate,154,False,Broad evaluation pool candidate
419540,2026-08-27,2026-08-27,2026-08-27,2026-08-27,HOLD,neutral,41.5,41.5,41.5,50.82,50.82,0,47.0,-2.0,2,5.5,0.0,0.0,0.0,0.0,0,0,41.5,v2_conservative_ranker,29.02,-3.0,1,10.13,3.28,0.13,0.0,33.74,33.74,v3_stability_ranker,neutral,3290.0,0.0202,-0.0886,0.3456,3324.0,3182.75,0.3771,0.0458,pykrx,,,,,,,,,data/raw/price_419540_20260429_20260827.csv,208,False,Broad evaluation pool candidate,246,False,Broad evaluation pool candidate
247660,2026-08-27,2026-08-27,2026-08-27,2026-08-27,HOLD,neutral,41.49,41.49,41.49,82.88,82.88,0,66.99,1.1,3,10.0,17.0,2.6,0.0,0.0,0,0,41.49,v2_conservative_ranker,39.0,8.0,6,2.0,26.0,6.56,0.0,22.44,22.44,v3_stability_ranker,price_momentum,3490.0,0.0014,0.4451,0.1711,3019.0,2670.5,1.2207,0.086,pykrx,,,,,,,,,data/raw/price_247660_20260429_20260827.csv,209,False,Broad evaluation pool candidate,290,False,Broad evaluation pool candidate
000950,2026-08-27,2026-08-27,2026-08-27,2026-08-27,HOLD,neutral,41.44,41.44,41.44,51.14,55.14,-4,49.63,-2.0,2,3.49,0.0,0.0,0.0,4.7,0,0,41.44,v2_conservative_ranker,33.26,-3.0,1,12.63,1.2,0.0,7.2,35.49,35.49,v3_stability_ranker,neutral,33450.0,-0.0162,-0.0537,0.3041,34190.0,31815.0,0.2371,0.0291,pykrx,,,,medium_attention,risk_noise_detected,,,,data/raw/price_000950_20260429_20260827.csv,210,False,Broad evaluation pool candidate,238,False,Broad evaluation pool candidate
025980,2026-08-27,2026-08-27,2026-08-27,2026-08-27,HOLD,neutral,41.43,41.43,41.43,66.5,66.5,0,59.96,-2.0,2,6.91,11.62,0.0,0.0,0.0,0,0,41.43,v2_conservative_ranker,35.0,-3.0,1,5.36,17.68,2.02,0.0,18.66,18.66,v3_stability_ranker,price_momentum,5270.0,0.0057,0.0096,0.5685,5242.0,4354.0,0.2164,0.0576,pykrx,,,,,,,,,data/raw/price_025980_20260429_20260827.csv,211,False,Broad evaluation pool candidate,295,False,Broad evaluation pool candidate
014970,2026-08-27,2026-08-27,2026-08-27,2026-08-27,HOLD,neutral,41.42,41.42,41.42,52.7,56.7,-4,52.62,-2.0,2,2.4,0.0,0.0,0.0,8.8,0,0,41.42,v2_conservative_ranker,46.5,-3.0,1,14.0,0.0,0.0,13.4,45.1,45.1,v3_stability_ranker,neutral,4380.0,-0.0045,-0.0135,0.1421,4373.0,4347.5,0.1575,0.02,pykrx,,,,medium_attention,risk_noise_detected,,,,data/raw/price_014970_20260429_20260827.csv,212,False,Broad evaluation pool candidate,190,False,Broad evaluation pool candidate
187870,2026-08-27,2026-08-27,2026-08-27,2026-08-27,HOLD,neutral,41.29,41.29,41.29,46.48,46.48,0,48.47,-2.0,2,7.18,0.0,0.0,0.0,0.0,0,0,41.29,v2_conservative_ranker,37.71,-3.0,1,8.03,0.0,2.37,0.0,41.37,41.37,v3_stability_ranker,neutral,11190.0,-0.0036,-0.0253,0.2283,11040.0,11673.5,0.1657,0.0598,pykrx,,,,,,,,,data/raw/price_187870_20260429_20260827.csv,213,False,Broad evaluation pool candidate,217,False,Broad evaluation pool candidate
005710,2026-08-27,2026-08-27,2026-08-27,2026-08-27,HOLD,neutral,41.16,41.16,41.16,41.51,41.51,0,43.31,-2.0,2,2.15,0.0,0.0,0.0,0.0,0,0,41.16,v2_conservative_ranker,38.0,-3.0,1,14.31,0.0,0.0,0.0,50.31,50.31,v3_stability_ranker,neutral,10820.0,-0.0164,-0.0208,0.0112,10972.0,11244.0,0.1359,0.0179,pykrx,,,,,,,,,data/raw/price_005710_20260429_20260827.csv,214,False,Broad evaluation pool candidate,125,False,Broad evaluation pool candidate
248070,2026-08-27,2026-08-27,2026-08-27,2026-08-27,HOLD,neutral,41.1,41.1,41.1,43.2,43.2,0,45.09,-2.0,2,3.98,0.0,0.0,0.0,0.0,0,0,41.1,v2_conservative_ranker,44.0,-3.0,1,12.02,0.0,0.0,0.0,54.02,54.02,v3_stability_ranker,neutral,13200.0,-0.003,-0.0149,0.0451,13070.0,14033.0,0.2928,0.0332,pykrx,,,,,,,,,data/raw/price_248070_20260429_20260827.csv,215,False,Broad evaluation pool candidate,98,False,Broad evaluation pool candidate
006260,2026-08-27,2026-08-27,2026-08-27,2026-08-27,HOLD,neutral,41.04,41.04,41.04,49.26,49.26,0,49.56,-2.0,2,7.92,0.0,0.6,0.0,0.0,0,0,41.04,v2_conservative_ranker,36.28,-3.0,1,3.1,1.33,3.36,0.0,32.7,32.7,v3_stability_ranker,neutral,309000.0,0.0528,-0.0144,0.269,295800.0,307325.0,0.5497,0.066,pykrx,,,,low_attention,no_risk_noise,,,,data/raw/price_006260_20260429_20260827.csv,216,False,Broad evaluation pool candidate,252,False,Broad evaluation pool candidate
402490,2026-08-27,2026-08-27,2026-08-27,2026-08-27,HOLD,neutral,41.02,41.02,41.02,47.26,47.26,0,48.84,-2.0,2,7.54,0.0,0.28,0.0,0.0,0,0,41.02,v2_conservative_ranker,35.86,-3.0,1,7.58,0.05,2.85,0.0,38.54,38.54,v3_stability_ranker,neutral,6790.0,0.0149,-0.0216,0.2811,6544.0,6842.0,0.2832,0.0628,pykrx,,,,,,,,,data/raw/price_402490_20260429_20260827.csv,217,False,Broad evaluation pool candidate,226,False,Broad evaluation pool candidate
217730,2026-08-27,2026-08-27,2026-08-27,2026-08-27,HOLD,neutral,40.97,40.97,40.97,45.21,45.21,0,48.13,-2.0,2,7.16,0.0,0.0,0.0,0.0,0,0,40.97,v2_conservative_ranker,44.0,-3.0,1,8.04,0.0,2.35,0.0,47.69,47.69,v3_stability_ranker,neutral,2365.0,0.0085,-0.0287,0.1855,2334.0,2435.0,0.1293,0.0597,pykrx,,,,,,,,,data/raw/price_217730_20260429_20260827.csv,218,False,Broad evaluation pool candidate,175,False,Broad evaluation pool candidate
199290,2026-08-27,2026-08-27,2026-08-27,2026-08-27,HOLD,neutral,40.97,40.97,40.97,59.27,59.27,0,45.23,3.0,3,8.87,0.0,1.39,0.0,0.0,0,0,40.97,v2_conservative_ranker,42.69,-1.72,4,5.92,0.0,9.01,0.0,41.88,41.88,v3_stability_ranker,neutral,400.0,0.0256,-0.0476,0.0283,387.4,393.35,3.0143,0.0739,pykrx,,,,,,,,,data/raw/price_199290_20260429_20260827.csv,219,False,Broad evaluation pool candidate,209,False,Broad evaluation pool candidate
059270,2026-08-27,2026-08-27,2026-08-27,2026-08-27,HOLD,neutral,40.84,40.84,40.84,43.91,43.91,0,45.75,-2.0,2,4.91,0.0,0.0,0.0,0.0,0,0,40.84,v2_conservative_ranker,40.62,-3.0,1,10.87,0.0,0.0,0.0,49.48,49.48,v3_stability_ranker,neutral,5660.0,-0.0035,-0.0423,0.1423,5622.0,5815.0,0.1852,0.0409,pykrx,,,,,,,,,data/raw/price_059270_20260429_20260827.csv,220,False,Broad evaluation pool candidate,153,False,Broad evaluation pool candidate
073190,2026-08-27,2026-08-27,2026-08-27,2026-08-27,HOLD,neutral,40.74,40.74,40.74,56.78,56.78,0,55.0,0.0,0,6.26,8.0,0.0,0.0,0.0,0,0,40.74,v2_conservative_ranker,32.5,-5.0,0,6.17,10.0,1.15,0.0,22.52,22.52,v3_stability_ranker,neutral,1622.0,0.0,0.0,0.6931,1622.0,1466.85,0.0,0.0522,pykrx,,,,,,,,,data/raw/price_073190_20260429_20260827.csv,221,False,Broad evaluation pool candidate,289,False,Broad evaluation pool candidate
082270,2026-08-27,2026-08-27,2026-08-27,2026-08-27,HOLD,neutral,40.69,40.69,40.69,45.15,45.15,0,47.71,-2.0,2,7.02,0.0,0.0,0.0,0.0,0,0,40.69,v2_conservative_ranker,44.0,-3.0,1,8.22,0.0,2.16,0.0,48.06,48.06,v3_stability_ranker,neutral,10750.0,-0.0156,-0.0165,0.1245,10510.0,11184.0,0.4039,0.0585,pykrx,,,,,,,,,data/raw/price_082270_20260429_20260827.csv,222,False,Broad evaluation pool candidate,169,False,Broad evaluation pool candidate
460940,2026-08-27,2026-08-27,2026-08-27,2026-08-27,HOLD,neutral,40.68,40.68,40.68,45.35,45.35,0,47.46,-2.0,2,6.78,0.0,0.0,0.0,0.0,0,0,40.68,v2_conservative_ranker,32.14,-3.0,1,8.53,1.32,1.84,0.0,35.51,35.51,v3_stability_ranker,neutral,5180.0,0.0137,-0.0354,0.3064,5100.0,5213.0,0.09,0.0565,pykrx,,,,,,,,,data/raw/price_460940_20260429_20260827.csv,223,False,Broad evaluation pool candidate,237,False,Broad evaluation pool candidate
215480,2026-08-27,2026-08-27,2026-08-27,2026-08-27,HOLD,neutral,40.65,40.65,40.65,46.75,46.75,0,44.76,-2.0,2,4.12,0.0,0.0,0.0,0.0,0,0,40.65,v2_conservative_ranker,40.61,-3.0,1,11.86,0.0,0.0,0.0,50.47,50.47,v3_stability_ranker,neutral,2015.0,0.0126,-0.0736,0.0892,2051.6,2031.65,0.18,0.0343,pykrx,,,,,,,,,data/raw/price_215480_20260429_20260827.csv,224,False,Broad evaluation pool candidate,124,False,Broad evaluation pool candidate
009150,2026-08-27,2026-08-27,2026-08-27,2026-08-27,HOLD,neutral,40.53,40.53,40.53,55.55,55.55,0,54.0,-2.0,2,10.0,0.0,3.47,0.0,0.0,0,0,40.53,v2_conservative_ranker,36.19,-3.0,1,5.0,3.15,7.95,0.0,28.08,28.08,v3_stability_ranker,neutral,1382000.0,0.0391,-0.01,0.3431,1341600.0,1305650.0,0.4252,0.0947,pykrx,,,,,,,,,data/raw/price_009150_20260429_20260827.csv,225,False,Broad evaluation pool candidate,269,False,Broad evaluation pool candidate
475580,2026-08-27,2026-08-27,2026-08-27,2026-08-27,HOLD,neutral,40.44,40.44,40.44,48.54,48.54,0,47.0,-2.0,2,6.56,0.0,0.0,0.0,0.0,0,0,40.44,v2_conservative_ranker,31.09,-3.0,1,8.79,0.37,1.55,0.0,35.97,35.97,v3_stability_ranker,neutral,7660.0,0.0119,-0.0881,0.2874,7610.0,7398.0,0.1363,0.0547,pykrx,,,,,,,,,data/raw/price_475580_20260429_20260827.csv,226,False,Broad evaluation pool candidate,235,False,Broad evaluation pool candidate
018470,2026-08-27,2026-08-27,2026-08-27,2026-08-27,HOLD,neutral,40.38,40.38,40.38,38.92,38.92,0,42.94,0.0,0,2.56,0.0,0.0,0.0,0.0,0,0,40.38,v2_conservative_ranker,35.34,-5.0,0,13.8,0.0,0.0,0.0,44.15,44.15,v3_stability_ranker,neutral,973.0,0.0,0.0,-0.059,973.0,1012.45,0.0,0.0213,pykrx,,,,,,,,,data/raw/price_018470_20260429_20260827.csv,227,False,Broad evaluation pool candidate,195,False,Broad evaluation pool candidate
337840,2026-08-27,2026-08-27,2026-08-27,2026-08-27,HOLD,neutral,40.38,40.38,40.38,52.04,52.04,0,48.93,-2.0,2,2.54,0.0,0.0,6.0,0.0,0,0,40.38,v2_conservative_ranker,46.5,-3.0,1,13.82,0.0,0.0,9.0,49.32,49.32,v3_stability_ranker,neutral,6370.0,0.0,-0.0109,0.0291,6376.0,6259.0,0.2993,0.0212,pykrx,,,,,,6,2,2,data/raw/price_337840_20260429_20260827.csv,228,False,Broad evaluation pool candidate,155,False,Broad evaluation pool candidate
006490,2026-08-27,2026-08-27,2026-08-27,2026-08-27,HOLD,neutral,40.2,40.2,40.2,39.95,39.95,0,44.92,0.0,0,4.73,0.0,0.0,0.0,0.0,0,0,40.2,v2_conservative_ranker,38.0,-5.0,0,11.09,0.0,0.0,0.0,44.09,44.09,v3_stability_ranker,neutral,898.0,0.0,0.0,-0.0022,898.0,900.15,0.0,0.0394,pykrx,,,,,,,,,data/raw/price_006490_20260429_20260827.csv,229,False,Broad evaluation pool candidate,196,False,Broad evaluation pool candidate
215380,2026-08-27,2026-08-27,2026-08-27,2026-08-27,AVOID,negative,39.8,39.8,39.8,40.01,40.01,0,43.32,-2.0,2,3.52,0.0,0.0,0.0,0.0,0,0,39.8,v2_conservative_ranker,38.0,-3.0,1,12.61,0.0,0.0,0.0,48.61,48.61,v3_stability_ranker,neutral,2190.0,-0.0113,-0.009,-0.0223,2185.0,2276.0,0.1584,0.0293,pykrx,,,,,,,,,data/raw/price_215380_20260429_20260827.csv,230,False,Broad evaluation pool candidate,165,False,Broad evaluation pool candidate
440110,2026-08-27,2026-08-27,2026-08-27,2026-08-27,AVOID,negative,39.62,39.62,39.62,52.66,52.66,0,51.97,-2.0,2,10.0,0.0,2.35,0.0,0.0,0,0,39.62,v2_conservative_ranker,36.31,-3.0,1,5.0,0.0,6.16,0.0,33.15,33.15,v3_stability_ranker,neutral,63900.0,0.0208,-0.0303,0.2704,62940.0,62430.0,0.2809,0.0835,pykrx,,,,,,,,,data/raw/price_440110_20260429_20260827.csv,231,False,Broad evaluation pool candidate,249,False,Broad evaluation pool candidate
115530,2026-08-27,2026-08-27,2026-08-27,2026-08-27,AVOID,negative,39.61,39.61,39.61,56.09,56.09,0,53.99,-2.0,2,6.38,8.0,0.0,0.0,0.0,0,0,39.61,v2_conservative_ranker,32.5,-3.0,1,6.02,10.0,1.31,0.0,25.21,25.21,v3_stability_ranker,neutral,2950.0,0.0017,-0.0101,0.6536,2957.0,2648.0,0.0699,0.0532,pykrx,,,,,,,,,data/raw/price_115530_20260429_20260827.csv,232,False,Broad evaluation pool candidate,283,False,Broad evaluation pool candidate
348340,2026-08-27,2026-08-27,2026-08-27,2026-08-27,AVOID,negative,39.35,39.35,39.35,46.56,46.56,0,47.17,-2.0,2,7.54,0.0,0.28,0.0,0.0,0,0,39.35,v2_conservative_ranker,40.94,-3.0,1,7.58,0.0,2.85,0.0,43.67,43.67,v3_stability_ranker,neutral,19330.0,0.0147,-0.0383,0.2132,19226.0,19904.75,0.4444,0.0628,pykrx,,,,,,,,,data/raw/price_348340_20260429_20260827.csv,233,False,Broad evaluation pool candidate,201,False,Broad evaluation pool candidate
166090,2026-08-27,2026-08-27,2026-08-27,2026-08-27,AVOID,negative,39.28,39.28,39.28,45.31,45.31,0,48.13,-2.0,2,8.1,0.0,0.75,0.0,0.0,0,0,39.28,v2_conservative_ranker,44.0,-3.0,1,6.88,0.0,3.6,0.0,45.27,45.27,v3_stability_ranker,neutral,54200.0,0.0246,-0.0287,0.1925,53300.0,55442.5,0.217,0.0675,pykrx,,,,,,,,,data/raw/price_166090_20260429_20260827.csv,234,False,Broad evaluation pool candidate,189,False,Broad evaluation pool candidate
119850,2026-08-27,2026-08-27,2026-08-27,2026-08-27,AVOID,negative,39.09,39.09,39.09,64.38,64.38,0,59.8,-2.0,2,10.0,8.0,2.71,0.0,0.0,0,0,39.09,v2_conservative_ranker,35.0,-3.0,1,5.0,10.0,6.74,0.0,21.26,21.26,v3_stability_ranker,price_momentum,50500.0,-0.0213,0.008,0.7657,50050.0,49165.0,0.2636,0.0871,pykrx,,,,,,,,,data/raw/price_119850_20260429_20260827.csv,235,False,Broad evaluation pool candidate,293,False,Broad evaluation pool candidate
348370,2026-08-27,2026-08-27,2026-08-27,2026-08-27,AVOID,negative,39.07,39.07,39.07,67.24,67.24,0,60.91,1.11,3,10.0,15.4,3.55,0.0,0.0,0,3,39.07,v2_conservative_ranker,40.5,8.0,6,1.0,22.0,8.08,0.0,25.42,25.42,v3_stability_ranker,neutral,22400.0,0.1746,0.0591,0.5145,19188.0,21211.5,1.2221,0.0955,pykrx,,,,,,,,,data/raw/price_348370_20260429_20260827.csv,236,False,Broad evaluation pool candidate,280,False,Broad evaluation pool candidate
263750,2026-08-27,2026-08-27,2026-08-27,2026-08-27,AVOID,negative,38.62,38.62,38.62,40.63,40.63,0,43.52,-2.0,2,4.9,0.0,0.0,0.0,0.0,0,0,38.62,v2_conservative_ranker,38.0,-3.0,1,10.88,0.0,0.0,0.0,46.88,46.88,v3_stability_ranker,neutral,31900.0,-0.0169,-0.0047,-0.0289,32380.0,33137.5,0.4379,0.0408,pykrx,,,,,,,,,data/raw/price_263750_20260429_20260827.csv,237,False,Broad evaluation pool candidate,178,False,Broad evaluation pool candidate
001740,2026-08-27,2026-08-27,2026-08-27,2026-08-27,AVOID,negative,38.49,38.49,38.49,41.4,41.4,0,43.79,-2.0,2,5.3,0.0,0.0,0.0,0.0,0,0,38.49,v2_conservative_ranker,44.0,-3.0,1,10.37,0.0,0.0,0.0,52.37,52.37,v3_stability_ranker,neutral,6880.0,0.0058,-0.0269,0.0424,6834.0,7358.5,0.3979,0.0442,pykrx,,,,,,,,,data/raw/price_001740_20260429_20260827.csv,238,False,Broad evaluation pool candidate,112,False,Broad evaluation pool candidate
084180,2026-08-27,2026-08-27,2026-08-27,2026-08-27,AVOID,negative,38.48,38.48,38.48,48.47,48.47,0,49.88,-2.0,2,9.49,0.0,1.91,0.0,0.0,0,0,38.48,v2_conservative_ranker,42.86,-3.0,1,5.13,0.0,5.46,0.0,40.54,40.54,v3_stability_ranker,neutral,588.0,-0.02,-0.0455,0.1552,609.6,571.2,0.1958,0.0791,pykrx,,,,,,,,,data/raw/price_084180_20260429_20260827.csv,239,False,Broad evaluation pool candidate,220,False,Broad evaluation pool candidate
009830,2026-08-27,2026-08-27,2026-08-27,2026-08-27,AVOID,negative,38.42,38.42,38.42,52.21,52.21,0,49.18,-2.0,2,6.23,4.54,0.0,0.0,0.0,0,0,38.42,v2_conservative_ranker,27.84,-3.0,1,9.21,8.54,1.1,0.0,25.41,25.41,v3_stability_ranker,neutral,33150.0,0.0076,-0.0582,0.4508,32520.0,32037.5,0.203,0.0519,pykrx,,,,,,,,,data/raw/price_009830_20260429_20260827.csv,240,False,Broad evaluation pool candidate,281,False,Broad evaluation pool candidate
270520,2026-08-27,2026-08-27,2026-08-27,2026-08-27,AVOID,negative,38.19,38.19,38.19,44.07,44.07,0,42.46,-2.0,2,4.27,0.0,0.0,0.0,0.0,0,0,38.19,v2_conservative_ranker,39.02,-3.0,1,11.66,0.0,0.0,0.0,48.68,48.68,v3_stability_ranker,neutral,3470.0,-0.0212,-0.0622,0.1051,3616.0,3664.25,0.7663,0.0356,pykrx,,,,medium_attention,no_risk_noise,,,,data/raw/price_270520_20260429_20260827.csv,241,False,Broad evaluation pool candidate,163,False,Broad evaluation pool candidate
109740,2026-08-27,2026-08-27,2026-08-27,2026-08-27,AVOID,negative,38.12,38.12,38.12,41.86,41.86,0,45.13,-2.0,2,7.01,0.0,0.0,0.0,0.0,0,0,38.12,v2_conservative_ranker,44.0,-3.0,1,8.24,0.0,2.14,0.0,48.1,48.1,v3_stability_ranker,neutral,4360.0,0.0259,-0.0147,0.0456,4269.0,4365.5,0.4815,0.0584,pykrx,,,,,,,,,data/raw/price_109740_20260429_20260827.csv,242,False,Broad evaluation pool candidate,168,False,Broad evaluation pool candidate
376270,2026-08-27,2026-08-27,2026-08-27,2026-08-27,AVOID,negative,38.04,38.04,38.04,42.87,42.87,0,43.38,-2.0,2,5.34,0.0,0.0,0.0,0.0,0,0,38.04,v2_conservative_ranker,39.46,-3.0,1,10.32,0.0,0.0,0.0,47.78,47.78,v3_stability_ranker,neutral,39000.0,-0.0262,-0.0568,0.1159,39840.0,41407.5,0.5335,0.0445,pykrx,,,,,,,,,data/raw/price_376270_20260429_20260827.csv,243,False,Broad evaluation pool candidate,172,False,Broad evaluation pool candidate
468530,2026-08-27,2026-08-27,2026-08-27,2026-08-27,AVOID,negative,37.99,37.99,37.99,71.8,71.8,0,64.34,-2.0,2,10.0,13.54,2.81,0.0,0.0,0,0,37.99,v2_conservative_ranker,43.0,-3.0,1,2.0,20.4,6.9,0.0,15.7,15.7,v3_stability_ranker,price_momentum,37500.0,-0.0013,0.0534,1.2852,36210.0,30184.0,0.7434,0.0881,pykrx,,,,,,,,,data/raw/price_468530_20260429_20260827.csv,244,False,Broad evaluation pool candidate,299,False,Broad evaluation pool candidate
196450,2026-08-27,2026-08-27,2026-08-27,2026-08-27,AVOID,negative,37.92,37.92,37.92,37.97,37.97,0,44.78,0.0,0,6.86,0.0,0.0,0.0,0.0,0,0,37.92,v2_conservative_ranker,38.0,-5.0,0,8.42,0.0,1.95,0.0,39.47,39.47,v3_stability_ranker,neutral,790.0,0.0,0.0,-0.0063,790.0,862.85,0.0,0.0572,pykrx,,,,,,,,,data/raw/price_196450_20260429_20260827.csv,245,False,Broad evaluation pool candidate,224,False,Broad evaluation pool candidate
060900,2026-08-27,2026-08-27,2026-08-27,2026-08-27,AVOID,negative,37.82,37.82,37.82,38.27,38.27,0,42.05,-2.0,2,4.24,0.0,0.0,0.0,0.0,0,0,37.82,v2_conservative_ranker,38.0,-3.0,1,11.71,0.0,0.0,0.0,47.7,47.7,v3_stability_ranker,neutral,3720.0,-0.0027,-0.0133,-0.0462,3736.0,4048.25,0.2402,0.0353,pykrx,,,,,,,,,data/raw/price_060900_20260429_20260827.csv,246,False,Broad evaluation pool candidate,174,False,Broad evaluation pool candidate
106240,2026-08-27,2026-08-27,2026-08-27,2026-08-27,AVOID,negative,37.62,37.62,37.62,39.32,39.32,0,42.56,-2.0,2,4.93,0.0,0.0,0.0,0.0,0,0,37.62,v2_conservative_ranker,40.31,-3.0,1,10.84,0.0,0.0,0.0,49.15,49.15,v3_stability_ranker,neutral,1200.0,0.0144,-0.0461,0.0619,1210.6,1248.4,0.1583,0.0411,pykrx,,,,,,,,,data/raw/price_106240_20260429_20260827.csv,247,False,Broad evaluation pool candidate,157,False,Broad evaluation pool candidate
004710,2026-08-27,2026-08-27,2026-08-27,2026-08-27,AVOID,negative,37.49,37.49,37.49,43.44,43.44,0,46.49,-2.0,2,8.18,0.0,0.82,0.0,0.0,0,0,37.49,v2_conservative_ranker,40.39,-3.0,1,6.77,0.0,3.71,0.0,41.45,41.45,v3_stability_ranker,neutral,6990.0,0.0029,-0.0451,0.1949,6898.0,7275.5,0.1712,0.0682,pykrx,,,,,,,,,data/raw/price_004710_20260429_20260827.csv,248,False,Broad evaluation pool candidate,216,False,Broad evaluation pool candidate
088790,2026-08-27,2026-08-27,2026-08-27,2026-08-27,AVOID,negative,37.18,37.18,37.18,39.03,39.03,0,40.37,-2.0,2,3.19,0.0,0.0,0.0,0.0,0,0,37.18,v2_conservative_ranker,35.44,-3.0,1,13.01,0.0,0.0,0.0,46.45,46.45,v3_stability_ranker,neutral,2115.0,-0.0386,-0.032,-0.0408,2121.0,2229.25,0.4882,0.0266,pykrx,,,,,,,,,data/raw/price_088790_20260429_20260827.csv,249,False,Broad evaluation pool candidate,184,False,Broad evaluation pool candidate
036530,2026-08-27,2026-08-27,2026-08-27,2026-08-27,AVOID,negative,36.98,36.98,36.98,39.41,39.41,0,39.56,-2.0,2,2.58,0.0,0.0,0.0,0.0,0,0,36.98,v2_conservative_ranker,34.82,-3.0,1,13.78,0.0,0.0,0.0,46.59,46.59,v3_stability_ranker,neutral,45800.0,-0.0193,-0.0398,-0.0418,45950.0,47747.5,0.6046,0.0215,pykrx,,,,,,,,,data/raw/price_036530_20260429_20260827.csv,250,False,Broad evaluation pool candidate,182,False,Broad evaluation pool candidate
008470,2026-08-27,2026-08-27,2026-08-27,2026-08-27,AVOID,negative,36.93,36.93,36.93,40.01,40.01,0,41.38,-2.0,2,4.45,0.0,0.0,0.0,0.0,0,0,36.93,v2_conservative_ranker,35.45,-3.0,1,8.43,0.0,0.0,0.0,41.88,41.88,v3_stability_ranker,neutral,1699.0,-0.0029,-0.0319,-0.0122,1706.8,1892.55,0.5861,0.0371,pykrx,,,,,,,,,data/raw/price_008470_20260429_20260827.csv,251,False,Broad evaluation pool candidate,210,False,Broad evaluation pool candidate
115450,2026-08-27,2026-08-27,2026-08-27,2026-08-27,AVOID,negative,36.93,36.93,36.93,43.59,43.59,0,43.9,-2.0,2,5.7,1.27,0.0,0.0,0.0,0,0,36.93,v2_conservative_ranker,26.78,-3.0,1,9.88,4.92,0.4,0.0,29.34,29.34,v3_stability_ranker,neutral,2095.0,0.0024,-0.071,0.3783,2058.0,2094.6,0.2403,0.0475,pykrx,,,,,,,,,data/raw/price_115450_20260429_20260827.csv,252,False,Broad evaluation pool candidate,265,False,Broad evaluation pool candidate
005690,2026-08-27,2026-08-27,2026-08-27,2026-08-27,AVOID,negative,36.92,36.92,36.92,42.48,42.48,0,43.0,-2.0,2,6.08,0.0,0.0,0.0,0.0,0,0,36.92,v2_conservative_ranker,37.59,-3.0,1,9.39,0.0,0.91,0.0,44.07,44.07,v3_stability_ranker,neutral,10910.0,0.0018,-0.0801,0.2149,10874.0,11127.0,0.2596,0.0507,pykrx,,,,,,,,,data/raw/price_005690_20260429_20260827.csv,253,False,Broad evaluation pool candidate,197,False,Broad evaluation pool candidate
144510,2026-08-27,2026-08-27,2026-08-27,2026-08-27,AVOID,negative,36.8,36.8,36.8,39.26,39.26,0,40.76,-2.0,2,3.96,0.0,0.0,0.0,0.0,0,0,36.8,v2_conservative_ranker,39.06,-3.0,1,12.05,0.0,0.0,0.0,49.11,49.11,v3_stability_ranker,neutral,13520.0,-0.0131,-0.0618,0.0554,13730.0,14112.0,0.3275,0.033,pykrx,,,,,,,,,data/raw/price_144510_20260429_20260827.csv,254,False,Broad evaluation pool candidate,158,False,Broad evaluation pool candidate
199800,2026-08-27,2026-08-27,2026-08-27,2026-08-27,AVOID,negative,36.36,36.36,36.36,38.0,38.0,0,41.73,-2.0,2,5.38,0.0,0.0,0.0,0.0,0,0,36.36,v2_conservative_ranker,40.71,-3.0,1,10.28,0.0,0.0,0.0,48.99,48.99,v3_stability_ranker,neutral,36200.0,0.0056,-0.0411,0.0241,36420.0,38426.1,0.2307,0.0448,pykrx,,,,,,,,,data/raw/price_199800_20260429_20260827.csv,255,False,Broad evaluation pool candidate,159,False,Broad evaluation pool candidate
141080,2026-08-27,2026-08-27,2026-08-27,2026-08-27,AVOID,negative,36.33,36.33,36.33,42.85,42.85,0,43.52,-2.0,2,7.19,0.0,0.0,0.0,0.0,0,0,36.33,v2_conservative_ranker,38.02,-3.0,1,8.02,0.0,2.38,0.0,41.65,41.65,v3_stability_ranker,neutral,100200.0,0.0193,-0.0748,0.2087,100220.0,105170.0,0.3865,0.0599,pykrx,,,,,,,,,data/raw/price_141080_20260429_20260827.csv,256,False,Broad evaluation pool candidate,214,False,Broad evaluation pool candidate
065650,2026-08-27,2026-08-27,2026-08-27,2026-08-27,AVOID,negative,36.23,36.23,36.23,39.77,39.77,0,41.63,-2.0,2,5.4,0.0,0.0,0.0,0.0,0,0,36.23,v2_conservative_ranker,40.72,-3.0,1,10.25,0.0,0.0,0.0,48.97,48.97,v3_stability_ranker,neutral,1615.0,-0.0218,-0.041,0.0209,1647.8,1707.45,0.5545,0.045,pykrx,,,,,,,,,data/raw/price_065650_20260429_20260827.csv,257,False,Broad evaluation pool candidate,160,False,Broad evaluation pool candidate
010780,2026-08-27,2026-08-27,2026-08-27,2026-08-27,AVOID,negative,36.04,36.04,36.04,36.77,36.77,0,42.09,-2.0,2,6.05,0.0,0.0,0.0,0.0,0,0,36.04,v2_conservative_ranker,35.14,-3.0,1,9.44,0.0,0.86,0.0,41.72,41.72,v3_stability_ranker,neutral,15940.0,-0.0124,-0.0069,-0.0635,15876.0,17478.0,0.2796,0.0504,pykrx,,,,,,,,,data/raw/price_010780_20260429_20260827.csv,258,False,Broad evaluation pool candidate,212,False,Broad evaluation pool candidate
950220,2026-08-27,2026-08-27,2026-08-27,2026-08-27,AVOID,negative,35.94,35.94,35.94,80.21,80.21,0,67.0,-2.0,2,10.0,17.26,3.8,0.0,0.0,0,0,35.94,v2_conservative_ranker,31.63,-3.0,1,-2.0,30.38,8.48,0.0,0.0,0.0,v3_stability_ranker,price_momentum,2652.0,-0.0529,0.2082,1.1791,2837.4,1851.95,0.5351,0.098,pykrx,,,,,,,,,data/raw/price_950220_20260429_20260827.csv,259,False,Broad evaluation pool candidate,315,False,Broad evaluation pool candidate
128940,2026-08-27,2026-08-27,2026-08-27,2026-08-27,AVOID,negative,35.93,35.93,35.93,81.86,81.86,0,67.0,-2.0,2,9.16,20.28,1.63,0.0,0.0,0,0,35.93,v2_conservative_ranker,27.25,-3.0,1,-1.45,33.67,5.01,0.0,0.0,0.0,v3_stability_ranker,price_momentum,507000.0,-0.0434,0.2707,0.5745,498700.0,410925.0,0.7484,0.0763,pykrx,,,,,,,,,data/raw/price_128940_20260429_20260827.csv,260,False,Broad evaluation pool candidate,316,False,Broad evaluation pool candidate
003520,2026-08-27,2026-08-27,2026-08-27,2026-08-27,AVOID,negative,35.83,35.83,35.83,38.85,38.85,0,38.36,-2.0,2,2.53,0.0,0.0,0.0,0.0,0,0,35.83,v2_conservative_ranker,32.62,-3.0,1,13.84,0.0,0.0,0.0,44.45,44.45,v3_stability_ranker,price_weakness,1137.0,-0.013,-0.0673,0.0026,1167.4,1213.05,0.5926,0.0211,pykrx,,,,,,,,,data/raw/price_003520_20260429_20260827.csv,261,False,Broad evaluation pool candidate,193,False,Broad evaluation pool candidate
066430,2026-08-27,2026-08-27,2026-08-27,2026-08-27,AVOID,negative,35.81,35.81,35.81,37.37,37.37,0,42.27,-2.0,2,6.47,0.0,0.0,0.0,0.0,0,0,35.81,v2_conservative_ranker,40.58,-3.0,1,8.91,0.0,1.42,0.0,46.08,46.08,v3_stability_ranker,neutral,2130.0,-0.0093,-0.0427,0.0441,2117.0,2174.1,0.1383,0.0539,pykrx,,,,,,,,,data/raw/price_066430_20260429_20260827.csv,262,False,Broad evaluation pool candidate,186,False,Broad evaluation pool candidate
078350,2026-08-27,2026-08-27,2026-08-27,2026-08-27,AVOID,negative,35.77,35.77,35.77,52.15,52.15,0,48.83,-2.0,2,8.68,3.15,1.23,0.0,0.0,0,0,35.77,v2_conservative_ranker,28.56,-3.0,1,2.15,7.0,4.37,0.0,17.35,17.35,v3_stability_ranker,neutral,21300.0,-0.0554,-0.0617,0.42,21670.0,21228.5,0.5914,0.0723,pykrx,,,,,,,,,data/raw/price_078350_20260429_20260827.csv,263,False,Broad evaluation pool candidate,296,False,Broad evaluation pool candidate
488900,2026-08-27,2026-08-27,2026-08-27,2026-08-27,AVOID,negative,35.71,35.71,35.71,43.27,43.27,0,47.4,-2.0,2,9.65,0.0,2.04,0.0,0.0,0,0,35.71,v2_conservative_ranker,31.3,-3.0,1,5.0,2.46,5.66,0.0,26.17,26.17,v3_stability_ranker,neutral,9650.0,0.0052,-0.036,0.3292,9482.0,9591.5,0.1454,0.0804,pykrx,,,,,,,,,data/raw/price_488900_20260429_20260827.csv,264,False,Broad evaluation pool candidate,276,False,Broad evaluation pool candidate
092040,2026-08-27,2026-08-27,2026-08-27,2026-08-27,AVOID,negative,35.65,35.65,35.65,36.39,36.39,0,40.85,-2.0,2,5.2,0.0,0.0,0.0,0.0,0,0,35.65,v2_conservative_ranker,35.36,-3.0,1,10.5,0.0,0.0,0.0,43.86,43.86,v3_stability_ranker,neutral,979.0,0.0156,-0.021,-0.0587,986.8,1045.15,0.2923,0.0433,pykrx,,,,,,,,,data/raw/price_092040_20260429_20260827.csv,265,False,Broad evaluation pool candidate,198,False,Broad evaluation pool candidate
378800,2026-08-27,2026-08-27,2026-08-27,2026-08-27,AVOID,negative,35.57,35.57,35.57,42.56,42.56,0,48.17,-2.0,2,10.0,0.0,2.6,0.0,0.0,0,0,35.57,v2_conservative_ranker,44.0,-3.0,1,5.0,0.0,6.56,0.0,40.44,40.44,v3_stability_ranker,neutral,480.0,0.0,-0.0283,0.1736,470.2,479.25,0.1185,0.086,pykrx,,,,,,,,,data/raw/price_378800_20260429_20260827.csv,266,False,Broad evaluation pool candidate,222,False,Broad evaluation pool candidate
228670,2026-08-27,2026-08-27,2026-08-27,2026-08-27,AVOID,negative,35.53,35.53,35.53,41.65,41.65,0,47.5,-2.0,2,9.8,0.0,2.17,0.0,0.0,0,0,35.53,v2_conservative_ranker,41.31,-3.0,1,2.0,0.0,5.87,0.0,35.44,35.44,v3_stability_ranker,neutral,4600.0,-0.0108,-0.0336,0.1675,4586.0,5158.25,0.1057,0.0817,pykrx,,,,,,,,,data/raw/price_228670_20260429_20260827.csv,267,False,Broad evaluation pool candidate,239,False,Broad evaluation pool candidate
089140,2026-08-27,2026-08-27,2026-08-27,2026-08-27,AVOID,negative,35.47,35.47,35.47,39.49,39.49,0,39.69,-2.0,2,4.22,0.0,0.0,0.0,0.0,0,0,35.47,v2_conservative_ranker,38.73,-3.0,1,11.72,0.0,0.0,0.0,48.45,48.45,v3_stability_ranker,neutral,2125.0,0.0216,-0.0659,0.0366,2120.0,2251.75,0.6278,0.0352,pykrx,,,,,,,,,data/raw/price_089140_20260429_20260827.csv,268,False,Broad evaluation pool candidate,166,False,Broad evaluation pool candidate
431190,2026-08-27,2026-08-27,2026-08-27,2026-08-27,AVOID,negative,35.15,35.15,35.15,48.5,48.5,0,47.17,-2.0,2,9.83,0.0,2.19,0.0,0.0,0,0,35.15,v2_conservative_ranker,30.85,-3.0,1,1.0,1.83,5.9,0.0,22.11,22.11,v3_stability_ranker,neutral,2765.0,0.0434,-0.0783,0.3167,2705.0,2628.25,0.388,0.0819,pykrx,,,,,,,,,data/raw/price_431190_20260429_20260827.csv,269,False,Broad evaluation pool candidate,291,False,Broad evaluation pool candidate
142760,2026-08-27,2026-08-27,2026-08-27,2026-08-27,AVOID,negative,35.09,35.09,35.09,34.74,34.74,0,42.92,0.0,0,7.55,0.0,0.29,0.0,0.0,0,0,35.09,v2_conservative_ranker,35.33,-5.0,0,7.56,0.0,2.86,0.0,35.03,35.03,v3_stability_ranker,neutral,349.0,0.0,0.0,-0.0593,349.0,364.75,0.0,0.0629,pykrx,,,,,,,,,data/raw/price_142760_20260429_20260827.csv,270,False,Broad evaluation pool candidate,242,False,Broad evaluation pool candidate
210980,2026-08-27,2026-08-27,2026-08-27,2026-08-27,AVOID,negative,34.75,34.75,34.75,41.43,41.43,0,46.37,-2.0,2,9.61,0.0,2.01,0.0,0.0,0,0,34.75,v2_conservative_ranker,40.3,-3.0,1,5.0,0.0,5.62,0.0,37.68,37.68,v3_stability_ranker,neutral,4630.0,-0.0043,-0.0463,0.1933,4543.0,4745.75,0.0653,0.0801,pykrx,,,,,,,,,data/raw/price_210980_20260429_20260827.csv,271,False,Broad evaluation pool candidate,229,False,Broad evaluation pool candidate
475400,2026-08-27,2026-08-27,2026-08-27,2026-08-27,AVOID,negative,34.5,34.5,34.5,40.94,40.94,0,44.98,-2.0,2,8.99,0.0,1.49,0.0,0.0,0,0,34.5,v2_conservative_ranker,30.03,-3.0,1,5.77,1.5,4.78,0.0,27.51,27.51,v3_stability_ranker,neutral,18590.0,0.0054,-0.0602,0.3101,18408.0,19771.0,0.0755,0.0749,pykrx,,,,,,,,,data/raw/price_475400_20260429_20260827.csv,272,False,Broad evaluation pool candidate,273,False,Broad evaluation pool candidate
083470,2026-08-27,2026-08-27,2026-08-27,2026-08-27,AVOID,negative,34.5,34.5,34.5,45.83,45.83,0,47.0,-2.0,2,10.0,0.0,2.5,0.0,0.0,0,0,34.5,v2_conservative_ranker,30.47,-3.0,1,5.0,1.74,6.4,0.0,25.32,25.32,v3_stability_ranker,neutral,906.0,-0.0289,-0.0839,0.3149,946.6,919.15,0.0369,0.085,pykrx,,,,,,,,,data/raw/price_083470_20260429_20260827.csv,273,False,Broad evaluation pool candidate,282,False,Broad evaluation pool candidate
263800,2026-08-27,2026-08-27,2026-08-27,2026-08-27,AVOID,negative,34.44,34.44,34.44,36.26,36.26,0,40.31,-2.0,2,5.87,0.0,0.0,0.0,0.0,0,0,34.44,v2_conservative_ranker,37.77,-3.0,1,9.66,0.0,0.62,0.0,44.81,44.81,v3_stability_ranker,neutral,4915.0,0.001,-0.0779,0.0886,4980.0,5188.25,0.085,0.0489,pykrx,,,,,,,,,data/raw/price_263800_20260429_20260827.csv,274,False,Broad evaluation pool candidate,191,False,Broad evaluation pool candidate
176750,2026-08-27,2026-08-27,2026-08-27,2026-08-27,AVOID,negative,34.42,34.42,34.42,36.79,36.79,0,39.31,-2.0,2,4.9,0.0,0.0,0.0,0.0,0,0,34.42,v2_conservative_ranker,37.98,-3.0,1,10.88,0.0,0.0,0.0,46.86,46.86,v3_stability_ranker,neutral,6030.0,-0.0195,-0.0752,0.0524,6184.0,6383.0,0.2943,0.0408,pykrx,,,,,,,,,data/raw/price_176750_20260429_20260827.csv,275,False,Broad evaluation pool candidate,179,False,Broad evaluation pool candidate
061970,2026-08-27,2026-08-27,2026-08-27,2026-08-27,AVOID,negative,34.37,34.37,34.37,43.13,43.13,0,47.0,-2.0,2,10.0,0.0,2.63,0.0,0.0,0,0,34.37,v2_conservative_ranker,29.62,-3.0,1,5.0,1.11,6.61,0.0,24.9,24.9,v3_stability_ranker,neutral,4545.0,0.033,-0.1293,0.3023,4601.0,4300.25,0.3441,0.0863,pykrx,,,,,,,,,data/raw/price_061970_20260429_20260827.csv,276,False,Broad evaluation pool candidate,284,False,Broad evaluation pool candidate
484870,2026-08-27,2026-08-27,2026-08-27,2026-08-27,AVOID,negative,34.34,34.34,34.34,37.26,37.26,0,41.05,-2.0,2,6.71,0.0,0.0,0.0,0.0,0,0,34.34,v2_conservative_ranker,37.41,-3.0,1,8.62,0.0,1.74,0.0,42.28,42.28,v3_stability_ranker,neutral,15140.0,-0.0066,-0.0824,0.1157,15176.0,16139.0,0.2182,0.0559,pykrx,,,,,,,,,data/raw/price_484870_20260429_20260827.csv,277,False,Broad evaluation pool candidate,206,False,Broad evaluation pool candidate
009190,2026-08-27,2026-08-27,2026-08-27,2026-08-27,AVOID,negative,34.25,34.25,34.25,43.35,43.35,0,41.46,1.43,3,6.52,5.12,0.0,0.0,0.0,0,0,34.25,v2_conservative_ranker,40.05,8.0,6,4.86,11.51,1.49,0.0,45.91,45.91,v3_stability_ranker,neutral,1560.0,0.1127,-0.0494,0.04,1472.6,1648.35,1.2866,0.0543,pykrx,,,,,,,,,data/raw/price_009190_20260429_20260827.csv,278,False,Broad evaluation pool candidate,187,False,Broad evaluation pool candidate
069920,2026-08-27,2026-08-27,2026-08-27,2026-08-27,AVOID,negative,34.08,34.08,34.08,63.38,67.38,-4,55.0,3.0,3,10.0,7.31,4.21,0.0,5.4,0,0,34.08,v2_conservative_ranker,45.0,-1.15,4,1.0,12.0,19.13,8.2,9.53,9.53,v3_stability_ranker,price_momentum,1054.0,0.1309,0.081,-0.1917,975.2,1012.1,2.8103,0.1021,pykrx,,,,medium_attention,risk_noise_detected,,,,data/raw/price_069920_20260429_20260827.csv,279,False,Broad evaluation pool candidate,308,False,Broad evaluation pool candidate
010060,2026-08-27,2026-08-27,2026-08-27,2026-08-27,AVOID,negative,33.94,33.94,33.94,52.09,52.09,0,48.97,-2.0,2,7.03,8.0,0.0,0.0,0.0,0,0,33.94,v2_conservative_ranker,27.68,-3.0,1,8.21,10.0,2.18,0.0,21.71,21.71,v3_stability_ranker,neutral,272500.0,-0.0109,-0.0603,0.602,271400.0,255905.0,0.3293,0.0586,pykrx,,,,,,,,,data/raw/price_010060_20260429_20260827.csv,280,False,Broad evaluation pool candidate,292,False,Broad evaluation pool candidate
465770,2026-08-27,2026-08-27,2026-08-27,2026-08-27,AVOID,negative,33.76,33.76,33.76,40.54,40.54,0,47.0,-2.0,2,10.0,0.0,3.24,0.0,0.0,0,0,33.76,v2_conservative_ranker,38.5,-3.0,1,5.0,0.0,7.58,0.0,33.92,33.92,v3_stability_ranker,neutral,3020.0,0.0067,-0.1297,0.1728,3276.0,3108.5,0.1456,0.0924,pykrx,,,,,,,,,data/raw/price_465770_20260429_20260827.csv,281,False,Broad evaluation pool candidate,245,False,Broad evaluation pool candidate
226340,2026-08-27,2026-08-27,2026-08-27,2026-08-27,AVOID,negative,33.72,33.72,33.72,82.36,82.36,0,67.0,0.0,2,10.0,19.28,6.0,0.0,0.0,0,0,33.72,v2_conservative_ranker,31.89,2.0,1,-2.0,37.57,10.0,0.0,0.0,0.0,v3_stability_ranker,price_momentum,7190.0,0.0894,0.2044,4.8742,5782.0,5242.35,0.8927,0.1807,pykrx,,,,,,,,,data/raw/price_226340_20260429_20260827.csv,282,False,Broad evaluation pool candidate,317,False,Broad evaluation pool candidate
009460,2026-08-27,2026-08-27,2026-08-27,2026-08-27,AVOID,negative,33.54,33.54,33.54,28.68,28.68,0,37.12,-2.0,2,3.58,0.0,0.0,0.0,0.0,0,0,33.54,v2_conservative_ranker,30.0,-3.0,1,12.53,0.0,0.0,0.0,40.53,40.53,v3_stability_ranker,price_weakness,3010.0,-0.0066,-0.1313,0.0033,3176.0,3209.25,0.1042,0.0298,pykrx,,,,,,,,,data/raw/price_009460_20260429_20260827.csv,283,False,Broad evaluation pool candidate,221,False,Broad evaluation pool candidate
127120,2026-08-27,2026-08-27,2026-08-27,2026-08-27,AVOID,negative,33.43,33.43,33.43,38.18,38.18,0,41.56,-2.0,2,7.7,0.0,0.42,0.0,0.0,0,0,33.43,v2_conservative_ranker,36.7,-3.0,1,7.37,0.0,3.07,0.0,38.99,38.99,v3_stability_ranker,neutral,33850.0,0.0104,-0.0913,0.1302,34010.0,35990.0,0.5365,0.0642,pykrx,,,,,,,,,data/raw/price_127120_20260429_20260827.csv,284,False,Broad evaluation pool candidate,225,False,Broad evaluation pool candidate
322780,2026-08-27,2026-08-27,2026-08-27,2026-08-27,AVOID,negative,33.14,33.14,33.14,34.7,34.7,0,35.85,-2.0,2,2.71,0.0,0.0,0.0,0.0,0,0,33.14,v2_conservative_ranker,29.36,-3.0,1,9.61,0.0,0.0,0.0,36.97,36.97,v3_stability_ranker,price_weakness,1881.0,-0.0524,-0.0642,-0.0779,1987.0,1998.6,0.5456,0.0226,pykrx,,,,,,,,,data/raw/price_322780_20260429_20260827.csv,285,False,Broad evaluation pool candidate,232,False,Broad evaluation pool candidate
122640,2026-08-27,2026-08-27,2026-08-27,2026-08-27,AVOID,negative,33.03,33.03,33.03,53.8,53.8,0,51.71,-2.0,2,9.1,8.0,1.58,0.0,0.0,0,0,33.03,v2_conservative_ranker,29.87,-3.0,1,2.63,10.0,4.93,0.0,15.57,15.57,v3_stability_ranker,neutral,27900.0,0.0036,-0.0329,0.5763,28710.0,25300.0,0.4454,0.0758,pykrx,,,,,,,,,data/raw/price_122640_20260429_20260827.csv,286,False,Broad evaluation pool candidate,300,False,Broad evaluation pool candidate
457600,2026-08-27,2026-08-27,2026-08-27,2026-08-27,AVOID,negative,32.98,32.98,32.98,47.29,47.29,0,47.0,-2.0,2,8.92,3.67,1.43,0.0,0.0,0,0,32.98,v2_conservative_ranker,29.54,-3.0,1,1.85,11.01,4.69,0.0,13.7,13.7,v3_stability_ranker,neutral,4320.0,0.1006,-0.0972,0.3111,4361.0,4012.25,0.4069,0.0743,pykrx,,,,,,,,,data/raw/price_457600_20260429_20260827.csv,287,False,Broad evaluation pool candidate,302,False,Broad evaluation pool candidate
011330,2026-08-27,2026-08-27,2026-08-27,2026-08-27,AVOID,negative,32.41,32.41,32.41,41.75,41.75,0,47.0,-2.0,2,10.0,0.0,4.59,0.0,0.0,0,0,32.41,v2_conservative_ranker,38.5,-3.0,1,1.0,0.0,9.74,0.0,27.76,27.76,v3_stability_ranker,neutral,4385.0,-0.061,-0.1351,0.1981,4738.0,4626.75,0.225,0.1059,pykrx,,,,,,,,,data/raw/price_011330_20260429_20260827.csv,288,False,Broad evaluation pool candidate,271,False,Broad evaluation pool candidate
296640,2026-08-27,2026-08-27,2026-08-27,2026-08-27,AVOID,negative,32.4,32.4,32.4,53.41,53.41,0,51.62,-2.0,2,7.81,10.9,0.51,0.0,0.0,0,0,32.4,v2_conservative_ranker,29.8,-3.0,1,4.23,16.66,3.22,0.0,12.16,12.16,v3_stability_ranker,neutral,6280.0,0.0,-0.0338,0.742,6314.0,5240.75,0.2163,0.0651,pykrx,,,,,,,,,data/raw/price_296640_20260429_20260827.csv,289,False,Broad evaluation pool candidate,306,False,Broad evaluation pool candidate
420770,2026-08-27,2026-08-27,2026-08-27,2026-08-27,AVOID,negative,32.38,32.38,32.38,34.8,34.8,0,42.9,-2.0,2,9.01,0.0,1.51,0.0,0.0,0,0,32.38,v2_conservative_ranker,36.0,-3.0,1,5.73,0.0,4.82,0.0,34.92,34.92,v3_stability_ranker,neutral,107500.0,0.0287,-0.116,0.1685,105900.0,112850.0,0.248,0.0751,pykrx,,,,,,,,,data/raw/price_420770_20260429_20260827.csv,290,False,Broad evaluation pool candidate,243,False,Broad evaluation pool candidate
223310,2026-08-27,2026-08-27,2026-08-27,2026-08-27,AVOID,negative,32.26,32.26,32.26,31.83,31.83,0,35.0,3.03,3,8.05,0.0,0.71,0.0,0.0,0,0,32.26,v2_conservative_ranker,26.5,8.0,6,-0.07,0.0,3.54,0.0,36.9,36.9,v3_stability_ranker,neutral,2590.0,-0.1536,-0.1309,-0.3325,2952.0,3491.75,1.6052,0.0671,pykrx,,,,,,,,,data/raw/price_223310_20260429_20260827.csv,291,False,Broad evaluation pool candidate,233,False,Broad evaluation pool candidate
208640,2026-08-27,2026-08-27,2026-08-27,2026-08-27,AVOID,negative,32.03,32.03,32.03,36.94,36.94,0,44.88,-2.0,2,10.0,0.0,2.85,0.0,0.0,0,0,32.03,v2_conservative_ranker,42.5,-3.0,1,2.0,0.0,6.96,0.0,35.54,35.54,v3_stability_ranker,neutral,705.0,0.0398,0.0188,-0.3579,687.6,884.95,0.1764,0.0885,pykrx,,,,,,,,,data/raw/price_208640_20260429_20260827.csv,292,False,Broad evaluation pool candidate,236,False,Broad evaluation pool candidate
033540,2026-08-27,2026-08-27,2026-08-27,2026-08-27,AVOID,negative,31.89,31.89,31.89,29.5,29.5,0,34.45,-2.0,2,2.56,0.0,0.0,0.0,0.0,0,0,31.89,v2_conservative_ranker,28.36,-3.0,1,10.8,0.0,0.0,0.0,37.16,37.16,v3_stability_ranker,neutral,3255.0,0.0062,-0.0455,-0.1728,3266.0,3675.0,0.1367,0.0213,pykrx,,,,,,,,,data/raw/price_033540_20260429_20260827.csv,293,False,Broad evaluation pool candidate,231,False,Broad evaluation pool candidate
163730,2026-08-27,2026-08-27,2026-08-27,2026-08-27,AVOID,negative,31.61,31.61,31.61,52.36,52.36,0,50.38,-2.0,2,9.92,6.58,2.27,0.0,0.0,0,0,31.61,v2_conservative_ranker,28.8,-3.0,1,1.0,10.0,6.03,0.0,11.77,11.77,v3_stability_ranker,neutral,9920.0,0.0409,-0.0462,0.4962,9828.0,9498.5,0.4969,0.0827,pykrx,,,,,,,,,data/raw/price_163730_20260429_20260827.csv,294,False,Broad evaluation pool candidate,307,False,Broad evaluation pool candidate
006370,2026-08-27,2026-08-27,2026-08-27,2026-08-27,AVOID,negative,31.46,31.46,31.46,33.1,33.1,0,35.0,4.64,3,7.55,3.34,0.29,0.0,0.0,0,0,31.46,v2_conservative_ranker,26.5,5.0,6,0.56,8.98,2.86,0.0,26.22,26.22,v3_stability_ranker,neutral,3985.0,0.0978,-0.1521,-0.1834,4234.0,4584.25,1.9275,0.0629,pykrx,,,,,,,,,data/raw/price_006370_20260429_20260827.csv,295,False,Broad evaluation pool candidate,275,False,Broad evaluation pool candidate
071950,2026-08-27,2026-08-27,2026-08-27,2026-08-27,AVOID,negative,30.96,30.96,30.96,36.01,36.01,0,42.1,-2.0,2,9.35,0.0,1.79,0.0,0.0,0,0,30.96,v2_conservative_ranker,37.3,-3.0,1,5.32,0.0,5.26,0.0,35.36,35.36,v3_stability_ranker,neutral,1621.0,0.0195,-0.0837,0.1456,1623.6,1776.6,0.1488,0.0779,pykrx,,,,,,,,,data/raw/price_071950_20260429_20260827.csv,296,False,Broad evaluation pool candidate,240,False,Broad evaluation pool candidate
290720,2026-08-27,2026-08-27,2026-08-27,2026-08-27,AVOID,negative,30.68,30.68,30.68,30.14,30.14,0,35.33,-2.0,2,4.66,0.0,0.0,0.0,0.0,0,0,30.68,v2_conservative_ranker,28.97,-3.0,1,11.18,0.0,0.0,0.0,38.15,38.15,v3_stability_ranker,price_weakness,2790.0,-0.0211,-0.07,-0.0762,2861.0,2997.0,0.1387,0.0388,pykrx,,,,,,,,,data/raw/price_290720_20260429_20260827.csv,297,False,Broad evaluation pool candidate,228,False,Broad evaluation pool candidate
321370,2026-08-27,2026-08-27,2026-08-27,2026-08-27,AVOID,negative,30.27,30.27,30.27,36.94,36.94,0,43.0,-2.0,2,10.0,0.0,2.73,0.0,0.0,0,0,30.27,v2_conservative_ranker,36.0,-3.0,1,5.0,0.0,6.77,0.0,32.23,32.23,v3_stability_ranker,neutral,1288.0,0.019,-0.1037,0.2094,1292.0,1326.2,0.2181,0.0873,pykrx,,,,,,,,,data/raw/price_321370_20260429_20260827.csv,298,False,Broad evaluation pool candidate,253,False,Broad evaluation pool candidate
351320,2026-08-27,2026-08-27,2026-08-27,2026-08-27,AVOID,negative,30.09,30.09,30.09,101.14,101.14,0,71.0,3.0,3,10.0,33.0,3.91,0.0,0.0,0,0,30.09,v2_conservative_ranker,25.0,-0.81,4,-2.0,48.0,24.38,0.0,0.0,0.0,v3_stability_ranker,price_momentum,2380.0,0.2124,0.9637,1.6011,1757.0,1192.1,2.6905,0.0991,pykrx,,,,,,,,,data/raw/price_351320_20260429_20260827.csv,299,False,Broad evaluation pool candidate,318,False,Broad evaluation pool candidate
309930,2026-08-27,2026-08-27,2026-08-27,2026-08-27,AVOID,negative,30.03,30.03,30.03,35.78,35.78,0,42.44,-2.0,2,10.0,0.0,2.41,0.0,0.0,0,0,30.03,v2_conservative_ranker,40.44,-3.0,1,5.0,0.0,6.26,0.0,37.18,37.18,v3_stability_ranker,neutral,880.0,0.0233,-0.0445,0.0539,876.0,936.45,0.2552,0.0841,pykrx,,,,,,,,,data/raw/price_309930_20260429_20260827.csv,300,False,Broad evaluation pool candidate,230,False,Broad evaluation pool candidate
091590,2026-08-27,2026-08-27,2026-08-27,2026-08-27,AVOID,negative,29.73,29.73,29.73,53.38,53.38,0,53.73,-2.0,2,10.0,8.0,6.0,0.0,0.0,0,0,29.73,v2_conservative_ranker,32.5,-3.0,1,2.0,10.15,10.0,0.0,12.35,12.35,v3_stability_ranker,neutral,6240.0,-0.025,-0.0127,0.6421,6284.0,5562.5,0.1076,0.1209,pykrx,,,,,,,,,data/raw/price_091590_20260429_20260827.csv,301,False,Broad evaluation pool candidate,304,False,Broad evaluation pool candidate
043260,2026-08-27,2026-08-27,2026-08-27,2026-08-27,AVOID,negative,29.66,29.66,29.66,34.13,34.13,0,43.0,-2.0,2,10.0,0.0,3.34,0.0,0.0,0,0,29.66,v2_conservative_ranker,28.05,-3.0,1,5.0,0.0,7.74,0.0,23.31,23.31,v3_stability_ranker,neutral,16710.0,-0.0142,-0.1387,0.2756,17482.0,18135.5,0.3341,0.0934,pykrx,,,,,,,,,data/raw/price_043260_20260429_20260827.csv,302,False,Broad evaluation pool candidate,288,False,Broad evaluation pool candidate
389680,2026-08-27,2026-08-27,2026-08-27,2026-08-27,AVOID,negative,29.51,29.51,29.51,103.0,103.0,0,71.0,0.0,3,10.0,25.0,9.49,0.0,0.0,0,0,29.51,v2_conservative_ranker,32.95,-6.56,4,-2.0,38.0,30.55,0.0,0.0,0.0,v3_stability_ranker,price_momentum,1711.0,0.2655,0.6924,0.2213,1207.4,1191.75,4.7429,0.1056,pykrx,,,,,,,,,data/raw/price_389680_20260429_20260827.csv,303,False,Broad evaluation pool candidate,319,False,Broad evaluation pool candidate
079190,2026-08-27,2026-08-27,2026-08-27,2026-08-27,AVOID,negative,29.12,29.12,29.12,40.5,40.5,0,45.12,-2.0,2,10.0,0.0,6.0,0.0,0.0,0,0,29.12,v2_conservative_ranker,32.62,-3.0,1,5.0,0.0,10.0,0.0,25.62,25.62,v3_stability_ranker,neutral,1232.0,-0.0088,-0.0588,0.2394,1247.2,1258.3,0.0639,0.1311,pykrx,,,,,,,,,data/raw/price_079190_20260429_20260827.csv,304,False,Broad evaluation pool candidate,279,False,Broad evaluation pool candidate
009620,2026-08-27,2026-08-27,2026-08-27,2026-08-27,AVOID,negative,28.54,28.54,28.54,30.56,30.56,0,39.68,-2.0,2,9.35,0.0,1.79,0.0,0.0,0,0,28.54,v2_conservative_ranker,32.89,-3.0,1,5.32,0.0,5.26,0.0,30.94,30.94,v3_stability_ranker,neutral,875.0,0.0104,-0.0135,-0.1135,885.0,893.15,0.2296,0.0779,pykrx,,,,,,,,,data/raw/price_009620_20260429_20260827.csv,305,False,Broad evaluation pool candidate,259,False,Broad evaluation pool candidate
025560,2026-08-27,2026-08-27,2026-08-27,2026-08-27,AVOID,negative,28.51,28.51,28.51,30.2,30.2,0,42.11,-2.0,2,10.0,0.0,3.6,0.0,0.0,0,0,28.51,v2_conservative_ranker,36.0,-3.0,1,5.0,0.0,8.16,0.0,30.84,30.84,v3_stability_ranker,neutral,7060.0,0.0247,-0.1743,0.1461,7216.0,7630.5,0.3154,0.096,pykrx,,,,,,,,,data/raw/price_025560_20260429_20260827.csv,306,False,Broad evaluation pool candidate,260,False,Broad evaluation pool candidate
216400,2026-08-27,2026-08-27,2026-08-27,2026-08-27,AVOID,negative,28.22,28.22,28.22,96.23,100.23,-4,75.0,0.0,3,8.39,33.0,0.99,0.0,7.4,0,0,28.22,v2_conservative_ranker,25.0,2.0,6,-0.49,48.0,3.98,11.4,0.0,0.0,v3_stability_ranker,strong_price_momentum,1467.0,0.1488,0.6804,1.4532,1202.0,797.15,1.0375,0.0699,pykrx,,,,low_attention,risk_noise_detected,,,,data/raw/price_216400_20260429_20260827.csv,307,False,Broad evaluation pool candidate,320,False,Broad evaluation pool candidate
347700,2026-08-27,2026-08-27,2026-08-27,2026-08-27,AVOID,negative,27.51,27.51,27.51,45.79,45.79,0,47.0,-2.0,2,9.54,8.0,1.95,0.0,0.0,0,0,27.51,v2_conservative_ranker,24.89,-3.0,1,5.07,10.0,5.52,0.0,12.45,12.45,v3_stability_ranker,neutral,23300.0,0.013,-0.0951,0.7427,23270.0,22439.0,0.2086,0.0795,pykrx,,,,,,,,,data/raw/price_347700_20260429_20260827.csv,308,False,Broad evaluation pool candidate,303,False,Broad evaluation pool candidate
290560,2026-08-27,2026-08-27,2026-08-27,2026-08-27,AVOID,negative,27.15,27.15,27.15,79.29,79.29,0,67.0,-2.0,2,10.0,25.0,4.85,0.0,0.0,0,0,27.15,v2_conservative_ranker,25.0,-3.0,1,2.0,36.0,10.0,0.0,0.0,0.0,v3_stability_ranker,price_momentum,1448.0,0.0063,0.3817,0.6779,1430.6,1086.05,0.3819,0.1085,pykrx,,,,,,,,,data/raw/price_290560_20260429_20260827.csv,309,False,Broad evaluation pool candidate,321,False,Broad evaluation pool candidate
079950,2026-08-27,2026-08-27,2026-08-27,2026-08-27,AVOID,negative,26.5,26.5,26.5,23.91,23.91,0,35.31,-2.0,2,8.08,0.0,0.73,0.0,0.0,0,0,26.5,v2_conservative_ranker,29.05,-3.0,1,3.9,0.0,3.57,0.0,27.39,27.39,v3_stability_ranker,neutral,940.0,-0.0063,-0.0369,-0.2736,947.8,1073.65,0.0557,0.0673,pykrx,,,,,,,,,data/raw/price_079950_20260429_20260827.csv,310,False,Broad evaluation pool candidate,274,False,Broad evaluation pool candidate
038880,2026-08-27,2026-08-27,2026-08-27,2026-08-27,AVOID,negative,26.39,26.39,26.39,21.43,21.43,0,34.43,-2.0,2,7.66,0.0,0.38,0.0,0.0,0,0,26.39,v2_conservative_ranker,26.7,-3.0,1,4.43,0.0,3.01,0.0,26.12,26.12,v3_stability_ranker,price_weakness,3030.0,0.0017,-0.1392,-0.0734,3123.0,3452.75,0.2328,0.0638,pykrx,,,,,,,,,data/raw/price_038880_20260429_20260827.csv,311,False,Broad evaluation pool candidate,277,False,Broad evaluation pool candidate
900300,2026-08-27,2026-08-27,2026-08-27,2026-08-27,AVOID,negative,26.08,26.08,26.08,81.8,81.8,0,67.0,-2.0,2,10.0,25.0,5.92,0.0,0.0,0,0,26.08,v2_conservative_ranker,25.0,-3.0,1,2.0,36.0,10.0,0.0,0.0,0.0,v3_stability_ranker,price_momentum,3550.0,0.0245,0.4343,0.7531,3508.0,2558.05,0.7996,0.1192,pykrx,,,,,,,,,data/raw/price_900300_20260429_20260827.csv,312,False,Broad evaluation pool candidate,322,False,Broad evaluation pool candidate
950160,2026-08-27,2026-08-27,2026-08-27,2026-08-27,AVOID,negative,25.38,25.38,25.38,35.01,35.01,0,43.0,-2.0,2,10.0,3.92,3.7,0.0,0.0,0,0,25.38,v2_conservative_ranker,22.4,-3.0,1,5.0,7.85,8.32,0.0,9.23,9.23,v3_stability_ranker,neutral,18970.0,0.0064,-0.1238,0.4371,19736.0,19852.5,0.2309,0.097,pykrx,,,,,,,,,data/raw/price_950160_20260429_20260827.csv,313,False,Broad evaluation pool candidate,309,False,Broad evaluation pool candidate
189330,2026-08-27,2026-08-27,2026-08-27,2026-08-27,AVOID,negative,25.29,25.29,25.29,40.58,40.58,0,47.0,-2.0,2,10.0,8.0,3.71,0.0,0.0,0,0,25.29,v2_conservative_ranker,24.5,-3.0,1,5.0,10.0,8.34,0.0,9.16,9.16,v3_stability_ranker,neutral,14550.0,-0.0358,-0.1997,0.6553,15248.0,14043.0,0.2629,0.0971,pykrx,,,,,,,,,data/raw/price_189330_20260429_20260827.csv,314,False,Broad evaluation pool candidate,310,False,Broad evaluation pool candidate
302430,2026-08-27,2026-08-27,2026-08-27,2026-08-27,AVOID,negative,25.22,25.22,25.22,106.0,103.0,3,71.0,0.0,3,10.0,31.89,7.89,0.0,0.0,0,1,25.22,v2_conservative_ranker,25.0,-6.28,4,-2.0,48.0,28.09,0.0,0.0,0.0,v3_stability_ranker,price_momentum,8140.0,0.1274,0.5898,0.867,7204.0,5621.0,4.6428,0.0918,unknown,이노메트리,이노메트리,supply_contract,,,,,,data/raw/price_302430_20260728_20260827.csv,315,False,Broad evaluation pool candidate,323,False,Broad evaluation pool candidate
062970,2026-08-27,2026-08-27,2026-08-27,2026-08-27,AVOID,negative,24.84,24.84,24.84,26.72,26.72,0,36.2,0.0,0,9.47,0.0,1.89,0.0,0.0,0,0,24.84,v2_conservative_ranker,32.04,-5.0,0,2.17,0.0,5.42,0.0,23.78,23.78,v3_stability_ranker,neutral,2235.0,0.0,-0.0745,-0.0387,2292.0,2510.0,0.0,0.0789,pykrx,,,,,,,,,data/raw/price_062970_20260429_20260827.csv,316,False,Broad evaluation pool candidate,287,False,Broad evaluation pool candidate
397030,2026-08-27,2026-08-27,2026-08-27,2026-08-27,AVOID,negative,24.67,24.67,24.67,28.11,28.11,0,34.89,-2.0,2,8.84,0.0,1.37,0.0,0.0,0,0,24.67,v2_conservative_ranker,28.51,-3.0,1,2.95,0.0,4.59,0.0,24.86,24.86,v3_stability_ranker,neutral,19450.0,0.0135,-0.0847,-0.0604,19578.0,24589.0,0.4956,0.0737,pykrx,,,,,,,,,data/raw/price_397030_20260429_20260827.csv,317,False,Broad evaluation pool candidate,285,False,Broad evaluation pool candidate
002990,2026-08-27,2026-08-27,2026-08-27,2026-08-27,AVOID,negative,23.36,23.36,23.36,52.27,52.27,0,51.87,-2.0,2,10.0,12.51,6.0,0.0,0.0,0,0,23.36,v2_conservative_ranker,30.0,-3.0,1,2.0,18.95,10.0,0.0,1.05,1.05,v3_stability_ranker,neutral,15160.0,-0.0338,-0.0313,1.0767,15168.0,12373.0,0.2339,0.1314,pykrx,,,,,,,,,data/raw/price_002990_20260429_20260827.csv,318,False,Broad evaluation pool candidate,312,False,Broad evaluation pool candidate
210120,2026-08-27,2026-08-27,2026-08-27,2026-08-27,AVOID,negative,22.95,22.95,22.95,17.47,17.47,0,31.0,0.0,3,9.3,0.0,1.75,0.0,0.0,0,0,22.95,v2_conservative_ranker,24.0,2.0,6,2.38,0.0,5.2,0.0,29.18,29.18,v3_stability_ranker,neutral,1108.0,0.0137,-0.4438,-0.4435,1279.8,1813.25,1.0364,0.0775,pykrx,,,,,,,,,data/raw/price_210120_20260429_20260827.csv,319,False,Broad evaluation pool candidate,266,False,Broad evaluation pool candidate
043090,2026-08-07,2026-08-07,2026-08-07,2026-08-27,AVOID,negative,21.0,21.0,21.0,36.17,36.17,0,35.0,3.0,3,10.0,0.0,10.0,0.0,0.0,0,0,21.0,v2_conservative_ranker,26.5,-1.29,4,-2.0,0.0,10.0,0.0,17.21,17.21,v3_stability_ranker,neutral,103.0,-0.5095,-0.6255,-0.9096,226.2,822.7,2.8619,0.2232,pykrx,,,,,,,,,data/raw/price_043090_20260429_20260827.csv,320,False,Broad evaluation pool candidate,298,False,Broad evaluation pool candidate
288980,2026-08-27,2026-08-27,2026-08-27,2026-08-27,AVOID,negative,18.0,18.0,18.0,37.0,37.0,0,35.0,0.0,3,10.0,0.0,10.0,0.0,0.0,0,0,18.0,v2_conservative_ranker,26.5,-5.21,4,2.0,0.0,10.0,0.0,17.29,17.29,v3_stability_ranker,neutral,265.0,-0.0221,-0.5293,-0.6103,283.4,606.4,4.2624,0.1525,pykrx,,,,,,,,,data/raw/price_288980_20260429_20260827.csv,321,False,Broad evaluation pool candidate,297,False,Broad evaluation pool candidate
276730,2026-08-27,2026-08-27,2026-08-27,2026-08-27,AVOID,negative,17.69,17.69,17.69,15.56,15.56,0,31.0,-2.0,2,10.0,0.0,3.31,0.0,0.0,0,0,17.69,v2_conservative_ranker,24.0,-3.0,1,-2.0,0.0,7.7,0.0,12.3,12.3,v3_stability_ranker,neutral,1125.0,-0.0538,-0.5098,-0.5098,1243.2,2032.05,0.7605,0.0931,pykrx,,,,,,,,,data/raw/price_276730_20260429_20260827.csv,322,False,Broad evaluation pool candidate,305,False,Broad evaluation pool candidate
418620,2026-08-27,2026-08-27,2026-08-27,2026-08-27,AVOID,negative,15.75,15.75,15.75,12.46,12.46,0,31.0,-2.0,2,10.0,0.0,5.25,0.0,0.0,0,0,15.75,v2_conservative_ranker,24.0,-3.0,1,2.0,0.0,10.0,0.0,14.0,14.0,v3_stability_ranker,price_weakness,443.0,-0.0285,-0.1381,-0.394,460.8,623.7,0.0457,0.1125,pykrx,,,,,,,,,data/raw/price_418620_20260429_20260827.csv,323,False,Broad evaluation pool candidate,301,False,Broad evaluation pool candidate
