stock_code,candidate_date,candidate_pool_date,signal_date,prediction_date,candidate_action,prediction_direction,prediction_score,final_price_signal_score,price_candidate_score,price_signal_score_v1,price_score_base,supplementary_score,base_momentum_score,volume_confirmation_score,liquidity_score,volatility_penalty,overextension_penalty,reversal_risk_penalty,news_risk_penalty,attention_noise_penalty,market_regime_penalty,healthy_context_score,final_price_signal_score_v2,score_version,v3_momentum_quality_score,v3_volume_quality_score,v3_liquidity_quality_score,v3_stability_score,v3_overextension_penalty,v3_reversal_penalty,v3_noise_penalty,v3_final_score,final_price_signal_score_v3,experimental_score_version,signal_label,close,return_1d,return_5d,return_20d,ma5,ma20,volume_ratio_20d,volatility_20d,price_source,corp_name,stock_name,event_type,social_attention_label,social_risk_label,news_risk_score,news_negative_keyword_count,news_risk_keyword_count,source_file,candidate_rank,selected_pick,selection_reason,v3_rank,v3_selected_pick,v3_selection_reason
126880,2026-09-22,2026-09-22,2026-09-22,2026-09-22,BUY_CANDIDATE,positive,83.73,83.73,83.73,105.57,105.57,0,75.01,4.62,3,1.9,0.0,0.0,0.0,0.0,0,3,83.73,v2_conservative_ranker,57.0,5.0,6,10.63,0.68,0.0,0.0,77.95,77.95,v3_stability_ranker,strong_price_momentum,2675.0,0.049,0.0874,0.0573,2549.0,2523.25,1.9243,0.0158,kis,,,,,,,,,data/raw/price_126880_20260525_20260922.csv,1,True,Top 20 by conservative v2 price signal score,3,True,Experimental Top 20 by stability-first v3 score
006340,2026-09-22,2026-09-22,2026-09-22,2026-09-22,WATCHLIST,neutral_positive,73.72,73.72,73.72,89.49,89.49,0,66.87,4.72,3,3.86,0.0,0.0,0.0,0.0,0,3,73.72,v2_conservative_ranker,53.0,5.0,6,12.17,0.0,0.0,0.0,76.17,76.17,v3_stability_ranker,price_momentum,14040.0,0.0369,0.1038,0.0533,13414.0,13287.0,1.9446,0.0322,kis,,,,,,,,,data/raw/price_006340_20260525_20260922.csv,2,True,Top 20 by conservative v2 price signal score,6,True,Experimental Top 20 by stability-first v3 score
377480,2026-09-22,2026-09-22,2026-09-22,2026-09-22,WATCHLIST,neutral_positive,72.97,72.97,72.97,85.96,85.96,0,63.1,6.43,3,2.56,0.0,0.0,0.0,0.0,0,3,72.97,v2_conservative_ranker,51.0,5.0,4,9.8,1.62,3.57,0.0,64.62,64.62,v3_stability_ranker,price_momentum,10440.0,0.0545,0.0545,0.0185,10016.0,10010.5,2.2852,0.0213,kis,,,,,,,,,data/raw/price_377480_20260525_20260922.csv,3,True,Top 20 by conservative v2 price signal score,64,False,Broad evaluation pool candidate
253590,2026-09-22,2026-09-22,2026-09-22,2026-09-22,WATCHLIST,neutral_positive,72.53,72.53,72.53,104.38,104.38,0,75.0,0.76,3,4.24,0.0,0.0,3.0,0.0,0,1,72.53,v2_conservative_ranker,48.86,8.0,6,8.71,6.47,0.0,4.5,60.6,60.6,v3_stability_ranker,strong_price_momentum,13270.0,0.0192,0.162,0.1998,12554.0,11547.5,1.1527,0.0353,kis,,,,,,3,1,1,data/raw/price_253590_20260525_20260922.csv,4,True,Top 20 by conservative v2 price signal score,119,False,Broad evaluation pool candidate
028080,2026-09-22,2026-09-22,2026-09-22,2026-09-22,WATCHLIST,neutral_positive,70.72,70.72,70.72,84.78,84.78,0,65.03,2.5,3,2.82,0.0,0.0,0.0,0.0,0,3,70.72,v2_conservative_ranker,57.0,8.0,6,13.47,0.0,0.0,0.0,84.47,84.47,v3_stability_ranker,price_momentum,5260.0,0.0154,0.0314,0.1398,5278.0,5049.25,1.5007,0.0235,kis,,,,,,,,,data/raw/price_028080_20260525_20260922.csv,5,True,Top 20 by conservative v2 price signal score,1,True,Experimental Top 20 by stability-first v3 score
059090,2026-09-22,2026-09-22,2026-09-22,2026-09-22,WATCHLIST,neutral_positive,69.49,69.49,69.49,91.47,91.47,0,72.15,0.0,2,4.66,0.0,0.0,0.0,0.0,0,0,69.49,v2_conservative_ranker,57.0,2.0,6,4.18,3.77,0.0,0.0,65.41,65.41,v3_stability_ranker,strong_price_momentum,21450.0,0.0672,0.0888,0.0899,20316.0,19390.0,0.9962,0.0388,unknown,미코,미코,major_shareholder_change,,,,,,data/raw/price_059090_20260823_20260922.csv,6,True,Top 20 by conservative v2 price signal score,59,False,Broad evaluation pool candidate
005930,2026-09-22,2026-09-22,2026-09-22,2026-09-22,WATCHLIST,neutral_positive,68.21,68.21,68.21,92.21,92.21,0,72.2,-2.0,2,3.29,0.0,0.0,0.0,0.7,0,0,68.21,v2_conservative_ranker,53.0,-3.0,1,12.89,0.84,0.0,1.0,62.05,62.05,v3_stability_ranker,strong_price_momentum,280500.0,0.0237,0.1288,0.0914,264300.0,260900.0,0.2499,0.0274,kis,,,,medium_attention,no_risk_noise,,,,data/raw/price_005930_20260525_20260922.csv,7,True,Top 20 by conservative v2 price signal score,94,False,Broad evaluation pool candidate
189300,2026-09-22,2026-09-22,2026-09-22,2026-09-22,WATCHLIST,neutral_positive,68.19,68.19,68.19,86.76,86.76,0,71.14,-2.0,2,2.95,0.0,0.0,0.0,0.0,0,0,68.19,v2_conservative_ranker,57.0,-3.0,1,13.31,0.0,0.0,0.0,68.31,68.31,v3_stability_ranker,strong_price_momentum,69400.0,0.0176,0.0912,0.0612,68140.0,64635.0,0.1737,0.0246,kis,,,,,,,,,data/raw/price_189300_20260525_20260922.csv,8,True,Top 20 by conservative v2 price signal score,30,False,Broad evaluation pool candidate
142210,2026-09-22,2026-09-22,2026-09-22,2026-09-22,WATCHLIST,neutral_positive,67.89,67.89,67.89,85.52,85.52,0,69.61,-2.0,2,1.72,0.0,0.0,0.0,0.0,0,0,67.89,v2_conservative_ranker,57.0,-3.0,1,14.86,0.0,0.0,0.0,69.86,69.86,v3_stability_ranker,strong_price_momentum,6250.0,0.0163,0.0739,0.0348,6078.0,5988.0,0.3033,0.0143,kis,,,,low_attention,no_risk_noise,,,,data/raw/price_142210_20260525_20260922.csv,9,True,Top 20 by conservative v2 price signal score,17,True,Experimental Top 20 by stability-first v3 score
290720,2026-09-22,2026-09-22,2026-09-22,2026-09-22,WATCHLIST,neutral_positive,67.17,67.17,67.17,91.11,91.11,0,71.46,-2.0,2,4.28,0.0,0.0,0.0,0.0,0,0,67.17,v2_conservative_ranker,53.0,-3.0,1,7.64,2.07,0.0,0.0,56.57,56.57,v3_stability_ranker,strong_price_momentum,3050.0,0.0572,0.1091,0.0702,2899.0,2783.75,0.7094,0.0357,kis,,,,,,,,,data/raw/price_290720_20260525_20260922.csv,10,True,Top 20 by conservative v2 price signal score,196,False,Broad evaluation pool candidate
200710,2026-09-22,2026-09-22,2026-09-22,2026-09-22,WATCHLIST,neutral_positive,67.09,67.09,67.09,95.07,95.07,0,71.26,-2.0,2,4.16,0.0,0.0,0.0,0.0,0,0,67.09,v2_conservative_ranker,47.8,-3.0,1,8.79,5.42,0.0,0.0,49.17,49.17,v3_stability_ranker,strong_price_momentum,27250.0,0.0361,0.1771,0.0645,25330.0,24682.5,0.7184,0.0347,kis,,,,,,,,,data/raw/price_200710_20260525_20260922.csv,11,True,Top 20 by conservative v2 price signal score,425,False,Broad evaluation pool candidate
003490,2026-09-22,2026-09-22,2026-09-22,2026-09-22,WATCHLIST,neutral_positive,66.61,66.61,66.61,87.46,87.46,0,69.56,-2.0,2,2.95,0.0,0.0,0.0,0.0,0,0,66.61,v2_conservative_ranker,57.0,-3.0,1,9.31,0.9,0.0,0.0,63.41,63.41,v3_stability_ranker,strong_price_momentum,30300.0,0.0503,0.0324,0.1521,29380.0,29250.0,0.5125,0.0246,kis,,,,,,,,,data/raw/price_003490_20260525_20260922.csv,12,True,Top 20 by conservative v2 price signal score,76,False,Broad evaluation pool candidate
035760,2026-09-22,2026-09-22,2026-09-22,2026-09-22,WATCHLIST,neutral_positive,66.44,66.44,66.44,86.85,86.85,0,69.76,-2.0,2,3.32,0.0,0.0,0.0,0.0,0,0,66.44,v2_conservative_ranker,57.0,-3.0,1,9.84,0.0,0.0,0.0,64.84,64.84,v3_stability_ranker,strong_price_momentum,39050.0,0.0117,0.0276,0.1979,38130.0,34955.0,0.1609,0.0277,kis,,,,,,,,,data/raw/price_035760_20260525_20260922.csv,13,True,Top 20 by conservative v2 price signal score,62,False,Broad evaluation pool candidate
020560,2026-09-22,2026-09-22,2026-09-22,2026-09-22,WATCHLIST,neutral_positive,65.39,65.39,65.39,86.91,86.91,0,68.19,-2.0,2,2.8,0.0,0.0,0.0,0.0,0,0,65.39,v2_conservative_ranker,57.0,-3.0,1,9.5,0.53,0.0,0.0,63.98,63.98,v3_stability_ranker,strong_price_momentum,8070.0,0.0481,0.0241,0.1366,7832.0,7810.5,0.6662,0.0233,kis,,,,,,,,,data/raw/price_020560_20260525_20260922.csv,14,True,Top 20 by conservative v2 price signal score,69,False,Broad evaluation pool candidate
166090,2026-09-22,2026-09-22,2026-09-22,2026-09-22,WATCHLIST,neutral_positive,64.9,64.9,64.9,86.1,86.1,0,70.72,-2.0,2,3.82,0.0,0.0,3.0,0.0,0,1,64.9,v2_conservative_ranker,57.0,-3.0,1,12.23,0.0,0.0,4.5,62.73,62.73,v3_stability_ranker,strong_price_momentum,57800.0,0.007,0.0968,0.049,55520.0,52742.5,0.1922,0.0318,unknown,하나머티리얼즈,하나머티리얼즈,major_shareholder_change,,,3,1,1,data/raw/price_166090_20260823_20260922.csv,15,True,Top 20 by conservative v2 price signal score,85,False,Broad evaluation pool candidate
016610,2026-09-22,2026-09-22,2026-09-22,2026-09-22,WATCHLIST,neutral_positive,64.82,64.82,64.82,81.85,81.85,0,66.15,-2.0,2,1.33,0.0,0.0,0.0,0.0,0,0,64.82,v2_conservative_ranker,57.0,-3.0,1,15.34,0.0,0.0,0.0,70.34,70.34,v3_stability_ranker,strong_price_momentum,10420.0,0.0087,0.0196,0.0911,10240.0,10034.5,0.0735,0.0111,unknown,DB증권,DB증권,major_shareholder_change,,,,,,data/raw/price_016610_20260823_20260922.csv,16,True,Top 20 by conservative v2 price signal score,13,True,Experimental Top 20 by stability-first v3 score
445090,2026-09-22,2026-09-22,2026-09-22,2026-09-22,WATCHLIST,neutral_positive,64.8,64.8,64.8,90.29,90.29,0,70.39,-2.0,2,2.59,0.0,0.0,3.0,0.0,0,0,64.8,v2_conservative_ranker,53.0,-3.0,1,13.76,0.09,0.0,4.5,60.17,60.17,v3_stability_ranker,strong_price_momentum,22250.0,0.0373,0.1209,0.0397,21030.0,20711.5,0.3963,0.0216,kis,,,,,,3,1,1,data/raw/price_445090_20260525_20260922.csv,17,True,Top 20 by conservative v2 price signal score,126,False,Broad evaluation pool candidate
119850,2026-09-22,2026-09-22,2026-09-22,2026-09-22,WATCHLIST,neutral_positive,63.85,63.85,63.85,93.96,93.96,0,72.99,-2.0,2,6.44,2.69,0.0,0.0,0.0,0,0,63.85,v2_conservative_ranker,48.28,-3.0,1,1.95,15.39,1.39,0.0,31.44,31.44,v3_stability_ranker,strong_price_momentum,56700.0,0.0841,0.1703,0.1139,52370.0,48600.0,0.4394,0.0537,kis,,,,,,,,,data/raw/price_119850_20260525_20260922.csv,18,True,Top 20 by conservative v2 price signal score,672,False,Broad evaluation pool candidate
368970,2026-09-22,2026-09-22,2026-09-22,2026-09-22,WATCHLIST,neutral_positive,63.76,63.76,63.76,78.16,78.16,0,67.0,-2.0,2,3.24,0.0,0.0,0.0,0.0,0,0,63.76,v2_conservative_ranker,53.0,-3.0,1,12.95,0.0,0.0,0.0,63.95,63.95,v3_stability_ranker,price_momentum,2780.0,0.0109,0.1076,0.178,2700.0,2562.5,0.2001,0.027,kis,,,,,,,,,data/raw/price_368970_20260525_20260922.csv,19,True,Top 20 by conservative v2 price signal score,70,False,Broad evaluation pool candidate
176750,2026-09-22,2026-09-22,2026-09-22,2026-09-22,WATCHLIST,neutral_positive,63.66,63.66,63.66,81.5,81.5,0,60.94,3.0,3,3.28,0.0,0.0,0.0,0.0,0,0,63.66,v2_conservative_ranker,57.0,-0.71,4,8.9,1.68,4.88,0.0,62.63,62.63,v3_stability_ranker,price_momentum,6340.0,0.0549,0.0709,0.0242,6068.0,6111.5,2.6544,0.0273,kis,,,,,,,,,data/raw/price_176750_20260525_20260922.csv,20,True,Top 20 by conservative v2 price signal score,87,False,Broad evaluation pool candidate
038870,2026-09-22,2026-09-22,2026-09-22,2026-09-22,WATCHLIST,neutral_positive,63.16,63.16,63.16,82.2,82.2,0,67.0,-2.0,2,3.14,0.0,0.0,0.0,0.7,0,0,63.16,v2_conservative_ranker,46.96,-3.0,1,6.07,1.89,0.0,1.0,48.13,48.13,v3_stability_ranker,price_momentum,2170.0,0.0483,0.1111,0.2212,2049.2,1910.75,0.6189,0.0262,kis,,,,medium_attention,no_risk_noise,,,,data/raw/price_038870_20260525_20260922.csv,21,False,Broad evaluation pool candidate,443,False,Broad evaluation pool candidate
127710,2026-09-22,2026-09-22,2026-09-22,2026-09-22,WATCHLIST,neutral_positive,62.94,62.94,62.94,83.88,83.88,0,67.0,-2.0,2,3.64,0.43,0.0,0.0,0.0,0,0,62.94,v2_conservative_ranker,42.07,-3.0,1,9.46,8.2,0.0,0.0,41.32,41.32,v3_stability_ranker,price_momentum,1240.0,-0.0267,0.1731,0.2205,1230.4,1071.65,0.3181,0.0303,unknown,아시아경제,아시아경제,major_shareholder_change,,,,,,data/raw/price_127710_20260823_20260922.csv,22,False,Broad evaluation pool candidate,581,False,Broad evaluation pool candidate
418420,2026-09-22,2026-09-22,2026-09-22,2026-09-22,WATCHLIST,neutral_positive,62.94,62.94,62.94,77.42,77.42,0,65.4,0.0,2,4.46,0.0,0.0,0.0,0.0,0,0,62.94,v2_conservative_ranker,57.0,2.0,6,7.42,4.2,0.0,0.0,68.22,68.22,v3_stability_ranker,price_momentum,4300.0,0.0697,0.0914,0.1257,4115.0,4041.25,0.9532,0.0372,kis,,,,,,,,,data/raw/price_418420_20260525_20260922.csv,23,False,Broad evaluation pool candidate,32,False,Broad evaluation pool candidate
004710,2026-09-22,2026-09-22,2026-09-22,2026-09-22,WATCHLIST,neutral_positive,62.76,62.76,62.76,93.54,93.54,0,75.0,-2.0,2,6.04,6.2,0.0,0.0,0.0,0,0,62.76,v2_conservative_ranker,39.05,-3.0,1,6.46,13.5,0.85,0.0,29.16,29.16,v3_stability_ranker,strong_price_momentum,9970.0,0.0205,0.1115,0.447,9568.0,8445.0,0.2365,0.0503,kis,,,,,,,,,data/raw/price_004710_20260525_20260922.csv,24,False,Broad evaluation pool candidate,680,False,Broad evaluation pool candidate
141000,2026-09-22,2026-09-22,2026-09-22,2026-09-22,WATCHLIST,neutral_positive,62.67,62.67,62.67,79.75,79.75,0,64.37,-2.0,2,1.7,0.0,0.0,0.0,0.0,0,0,62.67,v2_conservative_ranker,57.0,-3.0,1,14.87,0.0,0.0,0.0,69.87,69.87,v3_stability_ranker,strong_price_momentum,9360.0,0.0141,0.0185,0.0435,9264.0,9031.5,0.191,0.0142,kis,,,,,,,,,data/raw/price_141000_20260525_20260922.csv,25,False,Broad evaluation pool candidate,16,True,Experimental Top 20 by stability-first v3 score
378340,2026-09-22,2026-09-22,2026-09-22,2026-09-22,WATCHLIST,neutral_positive,62.18,62.18,62.18,73.7,73.7,0,66.07,-2.0,2,3.89,0.0,0.0,0.0,0.0,0,0,62.18,v2_conservative_ranker,57.0,-3.0,1,12.14,0.0,0.0,0.0,67.14,67.14,v3_stability_ranker,price_momentum,12270.0,-0.0024,0.0707,0.1764,12048.0,11615.0,0.1749,0.0324,kis,,,,,,,,,data/raw/price_378340_20260525_20260922.csv,26,False,Broad evaluation pool candidate,44,False,Broad evaluation pool candidate
217190,2026-09-22,2026-09-22,2026-09-22,2026-09-22,WATCHLIST,neutral_positive,62.06,62.06,62.06,79.38,79.38,0,66.25,-2.0,2,4.19,0.0,0.0,0.0,0.0,0,0,62.06,v2_conservative_ranker,47.8,-3.0,1,8.77,7.24,0.0,0.0,47.33,47.33,v3_stability_ranker,price_momentum,7440.0,0.0122,0.1772,0.1499,7284.0,6519.5,0.0631,0.0349,kis,,,,,,,,,data/raw/price_217190_20260525_20260922.csv,27,False,Broad evaluation pool candidate,471,False,Broad evaluation pool candidate
474650,2026-09-22,2026-09-22,2026-09-22,2026-09-22,WATCHLIST,neutral_positive,61.94,61.94,61.94,82.02,82.02,0,68.74,-2.0,2,6.8,0.0,0.0,0.0,0.0,0,0,61.94,v2_conservative_ranker,57.0,-3.0,1,1.49,1.42,1.87,0.0,53.2,53.2,v3_stability_ranker,strong_price_momentum,29200.0,0.0429,0.0174,0.1727,28080.0,25687.5,0.2197,0.0567,kis,,,,,,,,,data/raw/price_474650_20260525_20260922.csv,28,False,Broad evaluation pool candidate,298,False,Broad evaluation pool candidate
005960,2026-09-22,2026-09-22,2026-09-22,2026-09-22,WATCHLIST,neutral_positive,61.78,61.78,61.78,72.76,72.76,0,64.49,-2.0,2,2.71,0.0,0.0,0.0,0.0,0,0,61.78,v2_conservative_ranker,57.0,-3.0,1,13.61,0.0,0.0,0.0,68.61,68.61,v3_stability_ranker,price_momentum,8620.0,-0.0046,0.0616,0.1524,8526.0,7940.0,0.2061,0.0226,unknown,동부건설,동부건설,investment_decision,,,,,,data/raw/price_005960_20260823_20260922.csv,29,False,Broad evaluation pool candidate,28,False,Broad evaluation pool candidate
002420,2026-09-22,2026-09-22,2026-09-22,2026-09-22,WATCHLIST,neutral_positive,61.71,61.71,61.71,82.24,82.24,0,64.83,-2.0,2,3.12,0.0,0.0,0.0,0.0,0,0,61.71,v2_conservative_ranker,48.79,-3.0,1,13.1,4.09,0.0,0.0,55.8,55.8,v3_stability_ranker,price_momentum,6280.0,0.0278,0.163,0.1095,5918.0,5788.5,0.7274,0.026,kis,,,,,,,,,data/raw/price_002420_20260525_20260922.csv,30,False,Broad evaluation pool candidate,212,False,Broad evaluation pool candidate
005690,2026-09-22,2026-09-22,2026-09-22,2026-09-22,WATCHLIST,neutral_positive,61.68,61.68,61.68,86.08,86.08,0,67.0,-2.0,2,3.89,1.43,0.0,0.0,0.0,0,0,61.68,v2_conservative_ranker,46.8,-3.0,1,5.14,10.25,0.0,0.0,39.68,39.68,v3_stability_ranker,price_momentum,12940.0,0.0461,0.1915,0.1981,12210.0,11169.5,0.7363,0.0324,kis,,,,,,,,,data/raw/price_005690_20260525_20260922.csv,31,False,Broad evaluation pool candidate,606,False,Broad evaluation pool candidate
077360,2026-09-22,2026-09-22,2026-09-22,2026-09-22,WATCHLIST,neutral_positive,61.54,61.54,61.54,100.24,100.24,0,75.0,-2.0,2,4.21,9.25,0.0,0.0,0.0,0,0,61.54,v2_conservative_ranker,34.5,-3.0,1,8.73,20.51,0.0,0.0,20.72,20.72,v3_stability_ranker,strong_price_momentum,12700.0,0.0283,0.2475,0.288,11708.0,10460.5,0.4591,0.0351,kis,,,,,,,,,data/raw/price_077360_20260525_20260922.csv,32,False,Broad evaluation pool candidate,708,False,Broad evaluation pool candidate
340360,2026-09-22,2026-09-22,2026-09-22,2026-09-22,WATCHLIST,neutral_positive,61.53,61.53,61.53,72.63,72.63,0,65.09,-2.0,2,3.56,0.0,0.0,0.0,0.0,0,0,61.53,v2_conservative_ranker,57.0,-3.0,1,12.54,0.0,0.0,0.0,67.55,67.55,v3_stability_ranker,price_momentum,984.0,-0.002,0.0837,0.1169,952.4,948.8,0.2305,0.0297,kis,,,,,,,,,data/raw/price_340360_20260525_20260922.csv,33,False,Broad evaluation pool candidate,39,False,Broad evaluation pool candidate
037370,2026-09-22,2026-09-22,2026-09-22,2026-09-22,WATCHLIST,neutral_positive,61.51,61.51,61.51,74.19,74.19,0,65.0,-2.0,2,3.49,0.0,0.0,0.0,0.0,0,0,61.51,v2_conservative_ranker,49.93,-3.0,1,9.63,1.35,0.0,0.0,56.21,56.21,v3_stability_ranker,price_momentum,4415.0,-0.0056,0.06,0.2507,4390.0,3886.75,0.183,0.0291,kis,,,,,,,,,data/raw/price_037370_20260525_20260922.csv,34,False,Broad evaluation pool candidate,201,False,Broad evaluation pool candidate
005800,2026-09-22,2026-09-22,2026-09-22,2026-09-22,WATCHLIST,neutral_positive,61.48,61.48,61.48,77.01,77.01,0,62.29,-2.0,2,0.8,0.0,0.0,0.0,0.0,0,0,61.48,v2_conservative_ranker,43.0,-3.0,1,15.99,0.0,0.0,0.0,56.99,56.99,v3_stability_ranker,strong_price_momentum,13580.0,0.003,0.0082,0.0134,13534.0,13489.0,0.0322,0.0067,kis,,,,,,,,,data/raw/price_005800_20260525_20260922.csv,35,False,Broad evaluation pool candidate,187,False,Broad evaluation pool candidate
187870,2026-09-22,2026-09-22,2026-09-22,2026-09-22,WATCHLIST,neutral_positive,61.44,61.44,61.44,68.5,68.5,0,56.34,1.8,3,2.7,0.0,0.0,0.0,0.0,0,3,61.44,v2_conservative_ranker,44.5,8.0,6,9.62,0.0,0.0,0.0,68.12,68.12,v3_stability_ranker,neutral,10930.0,0.0439,0.1153,-0.0189,10368.0,10461.5,1.3603,0.0225,kis,,,,,,,,,data/raw/price_187870_20260525_20260922.csv,36,False,Broad evaluation pool candidate,33,False,Broad evaluation pool candidate
012200,2026-09-22,2026-09-22,2026-09-22,2026-09-22,WATCHLIST,neutral_positive,61.14,61.14,61.14,77.9,77.9,0,61.76,0.0,3,3.62,0.0,0.0,0.0,0.0,0,0,61.14,v2_conservative_ranker,53.0,8.0,6,8.47,1.24,0.0,0.0,74.23,74.23,v3_stability_ranker,price_momentum,4000.0,0.0403,0.1331,0.0217,3794.0,3673.5,1.0882,0.0302,kis,,,,low_attention,no_risk_noise,,,,data/raw/price_012200_20260525_20260922.csv,37,False,Broad evaluation pool candidate,8,True,Experimental Top 20 by stability-first v3 score
000430,2026-09-22,2026-09-22,2026-09-22,2026-09-22,WATCHLIST,neutral_positive,61.13,61.13,61.13,87.21,87.21,0,70.2,-2.0,2,3.07,0.0,0.0,6.0,0.0,0,0,61.13,v2_conservative_ranker,57.0,-3.0,1,13.16,0.0,0.0,13.5,54.66,54.66,v3_stability_ranker,strong_price_momentum,5000.0,-0.0079,0.032,0.1919,4912.0,4623.25,0.1623,0.0256,kis,,,,,,9,3,3,data/raw/price_000430_20260525_20260922.csv,38,False,Broad evaluation pool candidate,261,False,Broad evaluation pool candidate
061040,2026-09-22,2026-09-22,2026-09-22,2026-09-22,WATCHLIST,neutral_positive,61.11,61.11,61.11,74.62,74.62,0,64.63,-2.0,2,3.52,0.0,0.0,0.0,0.0,0,0,61.11,v2_conservative_ranker,57.0,-3.0,1,12.61,0.0,0.0,0.0,67.61,67.61,v3_stability_ranker,price_momentum,7640.0,0.0146,0.0611,0.1576,7438.0,7359.0,0.5937,0.0293,kis,,,,,,,,,data/raw/price_061040_20260525_20260922.csv,39,False,Broad evaluation pool candidate,38,False,Broad evaluation pool candidate
226590,2026-09-22,2026-09-22,2026-09-22,2026-09-22,WATCHLIST,neutral_positive,60.85,60.85,60.85,84.0,84.0,0,67.0,-2.0,2,4.15,0.0,0.0,3.0,0.0,0,1,60.85,v2_conservative_ranker,47.61,-3.0,1,8.81,7.91,0.0,4.5,42.01,42.01,v3_stability_ranker,price_momentum,14690.0,-0.0007,0.1799,0.1752,13692.0,12817.0,0.6159,0.0346,kis,,,,,,3,1,1,data/raw/price_226590_20260525_20260922.csv,40,False,Broad evaluation pool candidate,567,False,Broad evaluation pool candidate
006260,2026-09-22,2026-09-22,2026-09-22,2026-09-22,WATCHLIST,neutral_positive,60.81,60.81,60.81,73.75,73.75,0,65.4,-2.0,2,4.58,0.0,0.0,0.0,0.0,0,0,60.81,v2_conservative_ranker,57.0,-3.0,1,11.27,0.0,0.0,0.0,66.27,66.27,v3_stability_ranker,price_momentum,331500.0,0.0279,0.0923,0.1256,317400.0,311075.0,0.344,0.0382,kis,,,,,,,,,data/raw/price_006260_20260525_20260922.csv,41,False,Broad evaluation pool candidate,50,False,Broad evaluation pool candidate
009240,2026-09-22,2026-09-22,2026-09-22,2026-09-22,WATCHLIST,neutral_positive,60.71,60.71,60.71,76.77,76.77,0,62.51,-2.0,2,1.8,0.0,0.0,0.0,0.0,0,0,60.71,v2_conservative_ranker,43.0,-3.0,1,14.75,0.0,0.0,0.0,55.75,55.75,v3_stability_ranker,strong_price_momentum,39450.0,0.0051,0.0115,0.0102,39140.0,38855.0,0.101,0.015,kis,,,,,,,,,data/raw/price_009240_20260525_20260922.csv,42,False,Broad evaluation pool candidate,213,False,Broad evaluation pool candidate
085670,2026-09-22,2026-09-22,2026-09-22,2026-09-22,WATCHLIST,neutral_positive,60.64,60.64,60.64,118.98,118.98,0,78.1,0.0,3,4.46,8.0,8.0,0.0,0.0,0,0,60.64,v2_conservative_ranker,53.0,-9.0,4,4.42,13.34,22.0,0.0,17.08,17.08,v3_stability_ranker,strong_price_momentum,3340.0,0.1537,0.1341,0.1458,2994.0,2982.25,10.9896,0.0372,kis,,,,,,,,,data/raw/price_085670_20260525_20260922.csv,43,False,Broad evaluation pool candidate,719,False,Broad evaluation pool candidate
009150,2026-09-22,2026-09-22,2026-09-22,2026-09-22,WATCHLIST,neutral_positive,60.56,60.56,60.56,80.8,80.8,0,64.83,-2.0,2,4.27,0.0,0.0,0.0,0.0,0,0,60.56,v2_conservative_ranker,53.0,-3.0,1,7.66,4.7,0.0,0.0,53.96,53.96,v3_stability_ranker,price_momentum,1511000.0,0.0574,0.1473,0.1094,1407800.0,1394700.0,0.6927,0.0356,kis,,,,,,,,,data/raw/price_009150_20260525_20260922.csv,44,False,Broad evaluation pool candidate,273,False,Broad evaluation pool candidate
029460,2026-09-22,2026-09-22,2026-09-22,2026-09-22,WATCHLIST,neutral_positive,60.49,60.49,60.49,80.53,80.53,0,67.0,-2.0,2,4.51,0.0,0.0,3.0,0.0,0,1,60.49,v2_conservative_ranker,53.0,-3.0,1,8.36,0.49,0.0,4.5,54.37,54.37,v3_stability_ranker,price_momentum,43600.0,-0.0224,0.1252,0.2111,41780.0,39585.0,0.2945,0.0376,kis,,,,,,3,1,1,data/raw/price_029460_20260525_20260922.csv,45,False,Broad evaluation pool candidate,268,False,Broad evaluation pool candidate
073490,2026-09-22,2026-09-22,2026-09-22,2026-09-22,WATCHLIST,neutral_positive,60.43,60.43,60.43,70.68,70.68,0,63.39,-2.0,2,2.96,0.0,0.0,0.0,0.0,0,0,60.43,v2_conservative_ranker,57.0,-3.0,1,13.29,0.0,0.0,0.0,68.3,68.3,v3_stability_ranker,price_momentum,32050.0,0.0094,0.0828,0.0683,31880.0,30145.0,0.2429,0.0247,kis,,,,,,,,,data/raw/price_073490_20260525_20260922.csv,46,False,Broad evaluation pool candidate,31,False,Broad evaluation pool candidate
017650,2026-09-22,2026-09-22,2026-09-22,2026-09-22,WATCHLIST,neutral_positive,60.29,60.29,60.29,75.31,75.31,0,60.97,0.0,0,0.67,0.0,0.0,0.0,0.0,0,0,60.29,v2_conservative_ranker,43.0,-5.0,0,16.16,0.0,0.0,0.0,54.16,54.16,v3_stability_ranker,strong_price_momentum,10800.0,0.0,0.0019,-0.0064,10800.0,10779.5,0.0,0.0056,kis,,,,,,,,,data/raw/price_017650_20260525_20260922.csv,47,False,Broad evaluation pool candidate,270,False,Broad evaluation pool candidate
389500,2026-09-22,2026-09-22,2026-09-22,2026-09-22,WATCHLIST,neutral_positive,60.26,60.26,60.26,74.48,74.48,0,65.12,-2.0,2,4.86,0.0,0.0,0.0,0.0,0,0,60.26,v2_conservative_ranker,57.0,-3.0,1,3.92,1.15,0.0,0.0,57.77,57.77,v3_stability_ranker,price_momentum,44150.0,0.0413,0.0703,0.1453,41570.0,38947.5,0.7066,0.0405,kis,,,,,,,,,data/raw/price_389500_20260525_20260922.csv,48,False,Broad evaluation pool candidate,172,False,Broad evaluation pool candidate
009620,2026-09-22,2026-09-22,2026-09-22,2026-09-22,WATCHLIST,neutral_positive,60.09,60.09,60.09,80.31,84.31,-4,65.73,0.0,2,2.94,0.0,0.0,0.0,4.7,0,0,60.09,v2_conservative_ranker,48.45,2.0,1,6.32,9.67,0.0,7.2,40.91,40.91,v3_stability_ranker,price_momentum,5080.0,0.0605,0.1678,0.1352,4633.0,4419.75,0.8325,0.0245,kis,,,,medium_attention,risk_noise_detected,,,,data/raw/price_009620_20260525_20260922.csv,49,False,Broad evaluation pool candidate,589,False,Broad evaluation pool candidate
0004V0,2026-09-22,2026-09-22,2026-09-22,2026-09-22,WATCHLIST,neutral_positive,60.07,60.07,60.07,77.1,77.1,0,65.62,-2.0,2,5.54,0.0,0.0,0.0,0.0,0,0,60.07,v2_conservative_ranker,53.0,-3.0,1,7.07,2.58,0.19,0.0,55.29,55.29,v3_stability_ranker,price_momentum,6520.0,0.0031,0.1359,0.1319,6196.0,5756.5,0.2559,0.0462,kis,,,,,,,,,data/raw/price_0004V0_20260525_20260922.csv,50,False,Broad evaluation pool candidate,221,False,Broad evaluation pool candidate
357880,2026-09-22,2026-09-22,2026-09-22,2026-09-22,HOLD,neutral,59.99,59.99,59.99,98.05,98.05,0,72.73,0.0,2,4.84,3.91,0.0,6.0,0.0,0,0,59.99,v2_conservative_ranker,48.78,2.0,6,3.96,14.91,0.0,13.5,32.33,32.33,v3_stability_ranker,strong_price_momentum,2075.0,0.1026,0.1631,0.1067,1902.8,1833.0,0.957,0.0403,kis,,,,,,9,3,3,data/raw/price_357880_20260525_20260922.csv,51,False,Broad evaluation pool candidate,664,False,Broad evaluation pool candidate
432720,2026-09-22,2026-09-22,2026-09-22,2026-09-22,HOLD,neutral,59.91,59.91,59.91,84.64,84.64,0,67.0,-2.0,2,4.93,2.16,0.0,0.0,0.0,0,0,59.91,v2_conservative_ranker,40.78,-3.0,1,7.83,11.25,0.0,0.0,35.37,35.37,v3_stability_ranker,price_momentum,11090.0,0.0355,0.1836,0.2363,10498.0,9388.5,0.6258,0.0411,kis,,,,,,,,,data/raw/price_432720_20260525_20260922.csv,52,False,Broad evaluation pool candidate,640,False,Broad evaluation pool candidate
045100,2026-09-22,2026-09-22,2026-09-22,2026-09-22,HOLD,neutral,59.91,59.91,59.91,73.33,73.33,0,63.09,-2.0,2,3.18,0.0,0.0,0.0,0.0,0,0,59.91,v2_conservative_ranker,53.0,-3.0,1,13.03,0.0,0.0,0.0,64.03,64.03,v3_stability_ranker,price_momentum,31950.0,0.0031,0.1191,0.0597,31020.0,30195.0,0.1815,0.0265,kis,,,,,,,,,data/raw/price_045100_20260525_20260922.csv,53,False,Broad evaluation pool candidate,68,False,Broad evaluation pool candidate
024900,2026-09-22,2026-09-22,2026-09-22,2026-09-22,HOLD,neutral,59.81,59.81,59.81,79.35,79.35,0,66.84,-2.0,2,5.42,1.61,0.0,0.0,0.0,0,0,59.81,v2_conservative_ranker,46.19,-3.0,1,7.22,9.4,0.03,0.0,41.98,41.98,v3_stability_ranker,price_momentum,2015.0,0.0,0.2001,0.1668,1983.0,1765.95,0.089,0.0452,kis,,,,,,,,,data/raw/price_024900_20260525_20260922.csv,54,False,Broad evaluation pool candidate,568,False,Broad evaluation pool candidate
054220,2026-09-22,2026-09-22,2026-09-22,2026-09-22,HOLD,neutral,59.56,59.56,59.56,69.19,69.19,0,63.43,-2.0,2,3.88,0.0,0.0,0.0,0.0,0,0,59.56,v2_conservative_ranker,57.0,-3.0,1,12.15,0.0,0.0,0.0,67.16,67.16,v3_stability_ranker,price_momentum,1740.0,0.0075,0.0701,0.0978,1701.4,1638.65,0.086,0.0323,pykrx,,,,,,,,,data/raw/price_054220_20260525_20260922.csv,55,False,Broad evaluation pool candidate,43,False,Broad evaluation pool candidate
248070,2026-09-22,2026-09-22,2026-09-22,2026-09-22,HOLD,neutral,59.53,59.53,59.53,63.2,63.2,0,53.36,2.0,3,1.82,0.0,0.0,0.0,0.0,0,3,59.53,v2_conservative_ranker,48.5,8.0,6,14.72,0.0,0.0,0.0,77.22,77.22,v3_stability_ranker,neutral,13180.0,0.0329,0.0444,-0.0023,12748.0,12914.0,1.3993,0.0152,kis,,,,,,,,,data/raw/price_248070_20260525_20260922.csv,56,False,Broad evaluation pool candidate,4,True,Experimental Top 20 by stability-first v3 score
136150,2026-09-22,2026-09-22,2026-09-22,2026-09-22,HOLD,neutral,59.36,59.36,59.36,69.58,69.58,0,63.13,-2.0,2,3.77,0.0,0.0,0.0,0.0,0,0,59.36,v2_conservative_ranker,57.0,-3.0,1,12.29,0.0,0.0,0.0,67.29,67.29,v3_stability_ranker,price_momentum,8390.0,0.0282,0.0729,0.0812,8118.0,7852.0,0.2276,0.0314,kis,,,,,,,,,data/raw/price_136150_20260525_20260922.csv,57,False,Broad evaluation pool candidate,42,False,Broad evaluation pool candidate
123750,2026-09-22,2026-09-22,2026-09-22,2026-09-22,HOLD,neutral,59.26,59.26,59.26,68.79,68.79,0,61.31,-2.0,2,2.05,0.0,0.0,0.0,0.0,0,0,59.26,v2_conservative_ranker,57.0,-3.0,1,14.44,0.0,0.0,0.0,69.44,69.44,v3_stability_ranker,price_momentum,1821.0,-0.0022,0.0526,0.0872,1826.2,1744.45,0.1468,0.0171,kis,,,,,,,,,data/raw/price_123750_20260525_20260922.csv,58,False,Broad evaluation pool candidate,22,False,Broad evaluation pool candidate
039560,2026-09-22,2026-09-22,2026-09-22,2026-09-22,HOLD,neutral,59.23,59.23,59.23,69.97,69.97,0,63.28,-2.0,2,4.04,0.0,0.0,0.0,0.0,0,0,59.23,v2_conservative_ranker,57.0,-3.0,1,11.95,0.0,0.0,0.0,66.94,66.94,v3_stability_ranker,price_momentum,2535.0,0.01,0.0903,0.0651,2566.0,2437.5,0.1759,0.0337,kis,,,,,,,,,data/raw/price_039560_20260525_20260922.csv,59,False,Broad evaluation pool candidate,45,False,Broad evaluation pool candidate
490470,2026-09-22,2026-09-22,2026-09-22,2026-09-22,HOLD,neutral,59.14,59.14,59.14,74.64,74.64,0,63.4,-2.0,2,4.26,0.0,0.0,0.0,0.0,0,0,59.14,v2_conservative_ranker,53.0,-3.0,1,11.68,0.35,0.0,0.0,62.32,62.32,v3_stability_ranker,price_momentum,16170.0,0.0372,0.1237,0.0687,15434.0,15208.0,0.3969,0.0355,kis,,,,,,,,,data/raw/price_490470_20260525_20260922.csv,60,False,Broad evaluation pool candidate,89,False,Broad evaluation pool candidate
032680,2026-09-22,2026-09-22,2026-09-22,2026-09-22,HOLD,neutral,58.89,58.89,58.89,70.37,70.37,0,60.39,0.0,2,3.5,0.0,0.0,0.0,0.0,0,0,58.89,v2_conservative_ranker,51.0,2.0,6,12.62,0.0,0.0,0.0,71.62,71.62,v3_stability_ranker,price_momentum,975.0,-0.024,0.0714,0.0072,931.0,921.95,0.9657,0.0292,kis,,,,,,,,,data/raw/price_032680_20260525_20260922.csv,61,False,Broad evaluation pool candidate,10,True,Experimental Top 20 by stability-first v3 score
298040,2026-09-22,2026-09-22,2026-09-22,2026-09-22,HOLD,neutral,58.85,58.85,58.85,72.82,72.82,0,63.87,-2.0,2,5.02,0.0,0.0,0.0,0.0,0,0,58.85,v2_conservative_ranker,53.0,-3.0,1,10.73,0.0,0.0,0.0,61.73,61.73,v3_stability_ranker,price_momentum,2981000.0,0.0219,0.1086,0.082,2896000.0,2878850.0,0.3397,0.0418,kis,,,,,,,,,data/raw/price_298040_20260525_20260922.csv,62,False,Broad evaluation pool candidate,100,False,Broad evaluation pool candidate
122640,2026-09-22,2026-09-22,2026-09-22,2026-09-22,HOLD,neutral,58.84,58.84,58.84,76.74,76.74,0,64.17,-2.0,2,5.33,0.0,0.0,0.0,0.0,0,0,58.84,v2_conservative_ranker,53.0,-3.0,1,7.34,2.67,0.0,0.0,55.67,55.67,v3_stability_ranker,price_momentum,32550.0,0.0015,0.1481,0.0905,30450.0,29215.0,0.3079,0.0444,kis,,,,,,,,,data/raw/price_122640_20260525_20260922.csv,63,False,Broad evaluation pool candidate,216,False,Broad evaluation pool candidate
420770,2026-09-22,2026-09-22,2026-09-22,2026-09-22,HOLD,neutral,58.77,58.77,58.77,95.44,95.44,0,73.36,-2.0,2,6.18,8.41,0.0,0.0,0.0,0,0,58.77,v2_conservative_ranker,44.39,-3.0,1,2.28,23.57,1.04,0.0,20.05,20.05,v3_stability_ranker,strong_price_momentum,121000.0,0.101,0.2259,0.1245,109960.0,103690.0,0.5612,0.0515,kis,,,,,,,,,data/raw/price_420770_20260525_20260922.csv,64,False,Broad evaluation pool candidate,710,False,Broad evaluation pool candidate
048410,2026-09-22,2026-09-22,2026-09-22,2026-09-22,HOLD,neutral,58.66,58.66,58.66,71.62,71.62,0,63.94,-2.0,2,5.28,0.0,0.0,0.0,0.0,0,0,58.66,v2_conservative_ranker,53.0,-3.0,1,10.4,0.0,0.0,0.0,61.4,61.4,v3_stability_ranker,price_momentum,7100.0,0.0014,0.1059,0.084,6892.0,6597.5,0.2044,0.044,kis,,,,,,,,,data/raw/price_048410_20260525_20260922.csv,65,False,Broad evaluation pool candidate,105,False,Broad evaluation pool candidate
172670,2026-09-22,2026-09-22,2026-09-22,2026-09-22,HOLD,neutral,58.46,58.46,58.46,84.24,84.24,0,67.0,-2.0,2,3.98,4.56,0.0,0.0,0.0,0,0,58.46,v2_conservative_ranker,40.45,-3.0,1,9.02,13.45,0.0,0.0,34.02,34.02,v3_stability_ranker,price_momentum,13580.0,0.0134,0.1617,0.2896,12722.0,11077.0,0.4273,0.0332,kis,,,,,,,,,data/raw/price_172670_20260525_20260922.csv,66,False,Broad evaluation pool candidate,654,False,Broad evaluation pool candidate
438700,2026-09-22,2026-09-22,2026-09-22,2026-09-22,HOLD,neutral,58.45,58.45,58.45,68.16,68.16,0,62.13,-2.0,2,3.68,0.0,0.0,0.0,0.0,0,0,58.45,v2_conservative_ranker,57.0,-3.0,1,12.39,0.0,0.0,0.0,67.39,67.39,v3_stability_ranker,price_momentum,1903.0,0.0021,0.0543,0.1058,1846.8,1795.55,0.0842,0.0307,kis,,,,,,,,,data/raw/price_438700_20260525_20260922.csv,67,False,Broad evaluation pool candidate,41,False,Broad evaluation pool candidate
088790,2026-09-22,2026-09-22,2026-09-22,2026-09-22,HOLD,neutral,58.43,58.43,58.43,69.25,69.25,0,62.69,-2.0,2,4.26,0.0,0.0,0.0,0.0,0,0,58.43,v2_conservative_ranker,57.0,-3.0,1,11.68,0.0,0.0,0.0,66.67,66.67,v3_stability_ranker,price_momentum,2410.0,0.0,0.0433,0.1531,2370.0,2296.75,0.1355,0.0355,kis,,,,,,,,,data/raw/price_088790_20260525_20260922.csv,68,False,Broad evaluation pool candidate,49,False,Broad evaluation pool candidate
018470,2026-09-22,2026-09-22,2026-09-22,2026-09-22,HOLD,neutral,58.21,58.21,58.21,67.06,67.06,0,60.11,-2.0,2,1.9,0.0,0.0,0.0,0.0,0,0,58.21,v2_conservative_ranker,57.0,-3.0,1,14.63,0.0,0.0,0.0,69.63,69.63,v3_stability_ranker,price_momentum,5090.0,-0.0059,0.0549,0.0462,5088.0,4898.5,0.1398,0.0158,kis,,,,,,,,,data/raw/price_018470_20260525_20260922.csv,69,False,Broad evaluation pool candidate,20,True,Experimental Top 20 by stability-first v3 score
317770,2026-09-22,2026-09-22,2026-09-22,2026-09-22,HOLD,neutral,58.07,58.07,58.07,65.75,68.75,-3,57.73,0.51,3,4.18,0.0,0.0,0.0,0.0,2,3,58.07,v2_conservative_ranker,57.0,8.0,6,11.78,0.0,0.0,2.0,80.78,80.78,v3_stability_ranker,price_momentum,2695.0,0.0267,0.0267,0.0589,2619.0,2492.0,1.1028,0.0348,unknown,엑스페릭스,엑스페릭스,convertible_bond,,,,,,data/raw/price_317770_20260823_20260922.csv,70,False,Broad evaluation pool candidate,2,True,Experimental Top 20 by stability-first v3 score
348340,2026-09-22,2026-09-22,2026-09-22,2026-09-22,HOLD,neutral,57.91,57.91,57.91,73.22,73.22,0,62.78,-2.0,2,4.87,0.0,0.0,0.0,0.0,0,0,57.91,v2_conservative_ranker,53.0,-3.0,1,10.91,0.25,0.0,0.0,61.66,61.66,v3_stability_ranker,price_momentum,20050.0,0.007,0.1226,0.0508,19158.0,18307.0,0.4129,0.0406,kis,,,,,,,,,data/raw/price_348340_20260525_20260922.csv,71,False,Broad evaluation pool candidate,101,False,Broad evaluation pool candidate
081180,2026-09-22,2026-09-22,2026-09-22,2026-09-22,HOLD,neutral,57.9,57.9,57.9,81.57,81.57,0,67.0,-2.0,2,5.2,3.91,0.0,0.0,0.0,0,0,57.9,v2_conservative_ranker,38.21,-3.0,1,7.5,13.18,0.0,0.0,30.54,30.54,v3_stability_ranker,price_momentum,6380.0,0.0192,0.2129,0.251,6060.0,5447.25,0.1498,0.0433,kis,,,,,,,,,data/raw/price_081180_20260525_20260922.csv,72,False,Broad evaluation pool candidate,676,False,Broad evaluation pool candidate
489480,2026-09-22,2026-09-22,2026-09-22,2026-09-22,HOLD,neutral,57.86,57.86,57.86,70.13,70.13,0,59.38,0.0,0,1.52,0.0,0.0,0.0,0.0,0,0,57.86,v2_conservative_ranker,49.0,-5.0,0,15.1,0.0,0.0,0.0,59.09,59.09,v3_stability_ranker,price_momentum,2200.0,0.0,0.0,0.068,2200.0,2175.5,0.0,0.0127,kis,,,,,,,,,data/raw/price_489480_20260525_20260922.csv,73,False,Broad evaluation pool candidate,147,False,Broad evaluation pool candidate
004080,2026-09-22,2026-09-22,2026-09-22,2026-09-22,HOLD,neutral,57.68,57.68,57.68,65.96,65.96,0,59.12,-2.0,2,1.44,0.0,0.0,0.0,0.0,0,0,57.68,v2_conservative_ranker,57.0,-3.0,1,15.2,0.0,0.0,0.0,70.2,70.2,v3_stability_ranker,price_momentum,14700.0,0.002,0.0463,0.0426,14448.0,14145.0,0.0664,0.012,unknown,신흥,신흥,major_shareholder_change,,,,,,data/raw/price_004080_20260823_20260922.csv,74,False,Broad evaluation pool candidate,14,True,Experimental Top 20 by stability-first v3 score
011930,2026-09-22,2026-09-22,2026-09-22,2026-09-22,HOLD,neutral,57.66,57.66,57.66,67.42,67.42,0,59.7,-2.0,2,2.04,0.0,0.0,0.0,0.0,0,0,57.66,v2_conservative_ranker,57.0,-3.0,1,14.45,0.0,0.0,0.0,69.45,69.45,v3_stability_ranker,price_momentum,16930.0,0.0101,0.0581,0.0254,16684.0,16475.5,0.3402,0.017,kis,,,,,,,,,data/raw/price_011930_20260525_20260922.csv,75,False,Broad evaluation pool candidate,21,False,Broad evaluation pool candidate
066430,2026-09-22,2026-09-22,2026-09-22,2026-09-22,HOLD,neutral,57.53,57.53,57.53,67.3,67.3,0,59.84,-2.0,2,2.32,0.0,0.0,0.0,0.0,0,0,57.53,v2_conservative_ranker,51.0,-3.0,1,14.11,0.0,0.0,0.0,63.11,63.11,v3_stability_ranker,price_momentum,2155.0,0.007,0.0668,0.0047,2112.0,2087.0,0.3856,0.0193,kis,,,,,,,,,data/raw/price_066430_20260525_20260922.csv,76,False,Broad evaluation pool candidate,81,False,Broad evaluation pool candidate
096870,2026-09-22,2026-09-22,2026-09-22,2026-09-22,HOLD,neutral,57.45,57.45,57.45,68.15,68.15,0,60.82,-2.0,2,3.37,0.0,0.0,0.0,0.0,0,0,57.45,v2_conservative_ranker,51.0,-3.0,1,12.79,0.0,0.0,0.0,61.78,61.78,v3_stability_ranker,price_momentum,2400.0,0.0127,0.0738,0.0127,2395.0,2334.0,0.4912,0.0281,kis,,,,,,,,,data/raw/price_096870_20260525_20260922.csv,77,False,Broad evaluation pool candidate,98,False,Broad evaluation pool candidate
328130,2026-09-22,2026-09-22,2026-09-22,2026-09-22,HOLD,neutral,57.33,57.33,57.33,76.91,76.91,0,63.44,-2.0,2,6.11,0.0,0.0,0.0,0.0,0,0,57.33,v2_conservative_ranker,53.0,-3.0,1,2.37,2.96,0.94,0.0,49.46,49.46,v3_stability_ranker,price_momentum,9820.0,-0.0603,0.1512,0.0697,9124.0,8885.5,0.5856,0.0509,kis,,,,,,,,,data/raw/price_328130_20260525_20260922.csv,78,False,Broad evaluation pool candidate,416,False,Broad evaluation pool candidate
028100,2026-09-22,2026-09-22,2026-09-22,2026-09-22,HOLD,neutral,57.3,57.3,57.3,66.49,66.49,0,59.66,-2.0,2,2.36,0.0,0.0,0.0,0.0,0,0,57.3,v2_conservative_ranker,57.0,-3.0,1,14.04,0.0,0.0,0.0,69.05,69.05,v3_stability_ranker,price_momentum,19320.0,-0.0057,0.0337,0.094,19600.0,18225.5,0.0646,0.0197,kis,,,,,,,,,data/raw/price_028100_20260525_20260922.csv,79,False,Broad evaluation pool candidate,26,False,Broad evaluation pool candidate
009810,2026-09-22,2026-09-22,2026-09-22,2026-09-22,HOLD,neutral,57.26,57.26,57.26,66.55,66.55,0,60.45,-2.0,2,3.19,0.0,0.0,0.0,0.0,0,0,57.26,v2_conservative_ranker,57.0,-3.0,1,13.01,0.0,0.0,0.0,68.01,68.01,v3_stability_ranker,price_momentum,1950.0,0.0104,0.0456,0.0827,1921.8,1899.1,0.0862,0.0266,kis,,,,,,,,,data/raw/price_009810_20260525_20260922.csv,80,False,Broad evaluation pool candidate,35,False,Broad evaluation pool candidate
337840,2026-09-22,2026-09-22,2026-09-22,2026-09-22,HOLD,neutral,57.23,57.23,57.23,68.4,68.4,0,59.11,-2.0,2,1.88,0.0,0.0,0.0,0.0,0,0,57.23,v2_conservative_ranker,51.0,-3.0,1,14.64,0.0,0.0,0.0,63.64,63.64,v3_stability_ranker,price_momentum,6290.0,0.0032,0.0244,-0.0094,6228.0,6247.0,0.0007,0.0157,kis,,,,,,,,,data/raw/price_337840_20260525_20260922.csv,81,False,Broad evaluation pool candidate,74,False,Broad evaluation pool candidate
196300,2026-09-22,2026-09-22,2026-09-22,2026-09-22,HOLD,neutral,57.12,57.12,57.12,59.5,59.5,0,50.93,2.5,3,2.3,0.0,0.0,0.0,0.0,0,3,57.12,v2_conservative_ranker,44.01,8.0,6,14.12,0.0,0.0,0.0,72.13,72.13,v3_stability_ranker,neutral,4375.0,0.021,0.0542,-0.0998,4237.0,4287.25,1.4991,0.0192,kis,,,,,,,,,data/raw/price_196300_20260525_20260922.csv,82,False,Broad evaluation pool candidate,9,True,Experimental Top 20 by stability-first v3 score
138080,2026-09-22,2026-09-22,2026-09-22,2026-09-22,HOLD,neutral,56.78,56.78,56.78,83.43,83.43,0,67.0,-2.0,2,5.88,4.34,0.0,0.0,0.0,0,0,56.78,v2_conservative_ranker,39.86,-3.0,1,2.65,13.98,0.64,0.0,25.89,25.89,v3_stability_ranker,price_momentum,28450.0,0.044,0.203,0.2237,27190.0,23872.5,0.5558,0.049,kis,,,,,,,,,data/raw/price_138080_20260525_20260922.csv,83,False,Broad evaluation pool candidate,696,False,Broad evaluation pool candidate
272210,2026-09-22,2026-09-22,2026-09-22,2026-09-22,HOLD,neutral,56.77,56.77,56.77,69.48,69.48,0,62.92,-2.0,2,5.46,0.0,0.0,0.0,0.7,0,0,56.77,v2_conservative_ranker,53.0,-3.0,1,10.18,0.0,0.08,1.0,60.09,60.09,v3_stability_ranker,price_momentum,76700.0,0.0026,0.1004,0.055,75900.0,72675.0,0.2069,0.0455,kis,,,,medium_attention,no_risk_noise,,,,data/raw/price_272210_20260525_20260922.csv,84,False,Broad evaluation pool candidate,129,False,Broad evaluation pool candidate
131100,2026-09-22,2026-09-22,2026-09-22,2026-09-22,HOLD,neutral,56.59,56.59,56.59,72.07,72.07,0,56.65,0.0,3,3.06,0.0,0.0,0.0,0.0,0,0,56.59,v2_conservative_ranker,49.0,2.0,6,13.18,0.0,0.0,0.0,70.17,70.17,v3_stability_ranker,price_momentum,2450.0,0.0251,-0.02,0.047,2404.0,2323.75,1.0446,0.0255,kis,,,,,,,,,data/raw/price_131100_20260525_20260922.csv,85,False,Broad evaluation pool candidate,15,True,Experimental Top 20 by stability-first v3 score
368770,2026-09-22,2026-09-22,2026-09-22,2026-09-22,HOLD,neutral,56.58,56.58,56.58,73.81,73.81,0,61.13,-2.0,2,4.55,0.0,0.0,0.0,0.0,0,0,56.58,v2_conservative_ranker,47.0,-3.0,1,8.31,3.38,0.0,0.0,49.93,49.93,v3_stability_ranker,price_momentum,13740.0,0.0269,0.1556,0.0037,13342.0,12421.0,0.4023,0.0379,kis,,,,,,,,,data/raw/price_368770_20260525_20260922.csv,86,False,Broad evaluation pool candidate,404,False,Broad evaluation pool candidate
006980,2026-09-22,2026-09-22,2026-09-22,2026-09-22,HOLD,neutral,56.56,56.56,56.56,66.64,66.64,0,60.74,-2.0,2,4.19,0.0,0.0,0.0,0.0,0,0,56.56,v2_conservative_ranker,57.0,-3.0,1,11.77,0.0,0.0,0.0,66.77,66.77,v3_stability_ranker,price_momentum,17690.0,0.0011,0.0225,0.157,17406.0,16804.5,0.0043,0.0349,kis,,,,,,,,,data/raw/price_006980_20260525_20260922.csv,87,False,Broad evaluation pool candidate,47,False,Broad evaluation pool candidate
307180,2026-09-22,2026-09-22,2026-09-22,2026-09-22,HOLD,neutral,56.36,56.36,56.36,71.66,71.66,0,61.06,-2.0,2,4.7,0.0,0.0,0.0,0.0,0,0,56.36,v2_conservative_ranker,47.0,-3.0,1,7.12,1.17,0.0,0.0,50.95,50.95,v3_stability_ranker,price_momentum,5990.0,0.0417,0.1323,0.0017,5746.0,5630.5,0.3775,0.0392,kis,,,,,,,,,data/raw/price_307180_20260525_20260922.csv,88,False,Broad evaluation pool candidate,367,False,Broad evaluation pool candidate
267270,2026-09-22,2026-09-22,2026-09-22,2026-09-22,HOLD,neutral,56.2,56.2,56.2,67.8,67.8,0,60.34,-2.0,2,4.14,0.0,0.0,0.0,0.0,0,0,56.2,v2_conservative_ranker,57.0,-3.0,1,11.82,0.0,0.0,0.0,66.83,66.83,v3_stability_ranker,price_momentum,141900.0,0.038,0.055,0.0527,138820.0,137680.0,0.5199,0.0345,kis,,,,,,,,,data/raw/price_267270_20260525_20260922.csv,89,False,Broad evaluation pool candidate,46,False,Broad evaluation pool candidate
002360,2026-09-22,2026-09-22,2026-09-22,2026-09-22,HOLD,neutral,56.19,56.19,56.19,97.57,97.57,0,75.0,-2.0,2,8.95,8.4,1.46,0.0,0.0,0,0,56.19,v2_conservative_ranker,35.05,-3.0,1,2.81,18.25,4.74,0.0,12.88,12.88,v3_stability_ranker,strong_price_momentum,1924.0,0.04,0.27,0.227,1793.0,1644.45,0.6717,0.0746,kis,,,,,,,,,data/raw/price_002360_20260525_20260922.csv,90,False,Broad evaluation pool candidate,727,False,Broad evaluation pool candidate
417500,2026-09-22,2026-09-22,2026-09-22,2026-09-22,HOLD,neutral,56.12,56.12,56.12,66.55,66.55,0,61.21,-2.0,2,5.09,0.0,0.0,0.0,0.0,0,0,56.12,v2_conservative_ranker,57.0,-3.0,1,10.64,0.0,0.0,0.0,65.64,65.64,v3_stability_ranker,price_momentum,4065.0,0.0087,0.0517,0.0869,4001.0,3794.75,0.2133,0.0424,kis,,,,,,,,,data/raw/price_417500_20260525_20260922.csv,91,False,Broad evaluation pool candidate,56,False,Broad evaluation pool candidate
001230,2026-09-22,2026-09-22,2026-09-22,2026-09-22,HOLD,neutral,56.1,56.1,56.1,65.14,65.14,0,58.27,-2.0,2,2.17,0.0,0.0,0.0,0.0,0,0,56.1,v2_conservative_ranker,57.0,-3.0,1,14.29,0.0,0.0,0.0,69.28,69.28,v3_stability_ranker,price_momentum,2165.0,0.0,0.0285,0.0691,2147.0,2067.5,0.1067,0.0181,kis,,,,,,,,,data/raw/price_001230_20260525_20260922.csv,92,False,Broad evaluation pool candidate,24,False,Broad evaluation pool candidate
028050,2026-09-22,2026-09-22,2026-09-22,2026-09-22,HOLD,neutral,56.05,56.05,56.05,69.59,66.59,3,58.64,-2.0,2,3.59,0.0,0.0,0.0,0.0,0,1,56.05,v2_conservative_ranker,49.0,-3.0,1,12.52,0.0,0.0,0.0,59.52,59.52,v3_stability_ranker,price_momentum,51700.0,-0.0096,0.0117,0.1276,51520.0,49195.0,0.3385,0.0299,unknown,삼성E&A,삼성E&A,supply_contract,,,,,,data/raw/price_028050_20260823_20260922.csv,93,False,Broad evaluation pool candidate,138,False,Broad evaluation pool candidate
236810,2026-09-22,2026-09-22,2026-09-22,2026-09-22,HOLD,neutral,56.04,56.04,56.04,67.29,67.29,0,58.7,-2.0,2,2.66,0.0,0.0,0.0,0.0,0,0,56.04,v2_conservative_ranker,57.0,-3.0,1,13.67,0.0,0.0,0.0,68.67,68.67,v3_stability_ranker,price_momentum,1715.0,-0.0029,0.019,0.1086,1708.2,1696.5,0.3638,0.0222,kis,,,,,,,,,data/raw/price_236810_20260525_20260922.csv,94,False,Broad evaluation pool candidate,27,False,Broad evaluation pool candidate
047050,2026-09-22,2026-09-22,2026-09-22,2026-09-22,HOLD,neutral,56.0,56.0,56.0,64.76,64.76,0,59.33,-2.0,2,3.34,0.0,0.0,0.0,0.0,0,0,56.0,v2_conservative_ranker,57.0,-3.0,1,12.83,0.0,0.0,0.0,67.83,67.83,v3_stability_ranker,price_momentum,57200.0,-0.0104,0.0419,0.0612,56980.0,55425.0,0.0481,0.0278,kis,,,,,,,,,data/raw/price_047050_20260525_20260922.csv,95,False,Broad evaluation pool candidate,36,False,Broad evaluation pool candidate
033290,2026-09-22,2026-09-22,2026-09-22,2026-09-22,HOLD,neutral,55.75,55.75,55.75,68.08,68.08,0,56.91,-2.0,2,0.46,0.0,0.0,0.0,0.7,0,0,55.75,v2_conservative_ranker,43.0,-3.0,1,16.43,0.0,0.0,1.0,56.43,56.43,v3_stability_ranker,price_momentum,1523.0,0.0,-0.0007,-0.0007,1522.4,1521.4,0.0947,0.0038,kis,,,,medium_attention,no_risk_noise,,,,data/raw/price_033290_20260525_20260922.csv,96,False,Broad evaluation pool candidate,198,False,Broad evaluation pool candidate
018310,2026-09-22,2026-09-22,2026-09-22,2026-09-22,HOLD,neutral,55.74,55.74,55.74,66.12,66.12,0,57.57,-2.0,2,1.84,0.0,0.0,0.0,0.0,0,0,55.74,v2_conservative_ranker,57.0,-3.0,1,14.71,0.0,0.0,0.0,69.7,69.7,v3_stability_ranker,price_momentum,14630.0,-0.0048,0.0195,0.0749,14684.0,14180.0,0.3259,0.0153,kis,,,,,,,,,data/raw/price_018310_20260525_20260922.csv,97,False,Broad evaluation pool candidate,19,True,Experimental Top 20 by stability-first v3 score
079550,2026-09-22,2026-09-22,2026-09-22,2026-09-22,HOLD,neutral,55.69,55.69,55.69,64.64,64.64,0,59.61,-2.0,2,3.92,0.0,0.0,0.0,0.0,0,0,55.69,v2_conservative_ranker,51.0,-3.0,1,12.09,0.0,0.0,0.0,61.09,61.09,v3_stability_ranker,price_momentum,716000.0,-0.0124,0.0671,-0.0028,711800.0,691400.0,0.224,0.0327,kis,,,,,,,,,data/raw/price_079550_20260525_20260922.csv,98,False,Broad evaluation pool candidate,112,False,Broad evaluation pool candidate
065450,2026-09-22,2026-09-22,2026-09-22,2026-09-22,HOLD,neutral,55.56,55.56,55.56,63.86,63.86,0,57.81,-2.0,2,2.26,0.0,0.0,0.0,0.0,0,0,55.56,v2_conservative_ranker,51.0,-3.0,1,14.18,0.0,0.0,0.0,63.18,63.18,v3_stability_ranker,price_momentum,2900.0,0.0052,0.0469,0.0035,2865.0,2801.75,0.1462,0.0188,kis,,,,,,,,,data/raw/price_065450_20260525_20260922.csv,99,False,Broad evaluation pool candidate,79,False,Broad evaluation pool candidate
004780,2026-09-22,2026-09-22,2026-09-22,2026-09-22,HOLD,neutral,55.56,55.56,55.56,70.32,70.32,0,56.72,-2.0,2,1.15,0.0,0.0,0.0,0.0,0,0,55.56,v2_conservative_ranker,49.0,-3.0,1,15.56,0.0,0.0,0.0,62.56,62.56,v3_stability_ranker,price_momentum,4245.0,-0.007,-0.0139,0.0316,4256.0,4209.25,0.5151,0.0096,kis,,,,,,,,,data/raw/price_004780_20260525_20260922.csv,100,False,Broad evaluation pool candidate,88,False,Broad evaluation pool candidate
061970,2026-09-22,2026-09-22,2026-09-22,2026-09-22,HOLD,neutral,55.43,55.43,55.43,68.16,68.16,0,59.03,-2.0,2,3.6,0.0,0.0,0.0,0.0,0,0,55.43,v2_conservative_ranker,44.47,-3.0,1,12.5,0.0,0.0,0.0,54.97,54.97,v3_stability_ranker,price_momentum,4360.0,0.0069,0.1179,-0.0563,4167.0,4081.0,0.3642,0.03,kis,,,,,,,,,data/raw/price_061970_20260525_20260922.csv,101,False,Broad evaluation pool candidate,256,False,Broad evaluation pool candidate
277070,2026-09-22,2026-09-22,2026-09-22,2026-09-22,HOLD,neutral,55.38,55.38,55.38,67.74,64.74,3,56.16,0.0,2,3.78,0.0,0.0,0.0,0.0,0,1,55.38,v2_conservative_ranker,51.0,2.0,1,8.28,0.0,0.0,0.0,62.27,62.27,v3_stability_ranker,price_momentum,3440.0,0.0424,0.0424,-0.031,3330.0,3228.25,0.8665,0.0315,unknown,린드먼아시아,린드먼아시아,supply_contract,,,,,,data/raw/price_277070_20260823_20260922.csv,102,False,Broad evaluation pool candidate,90,False,Broad evaluation pool candidate
282880,2026-09-22,2026-09-22,2026-09-22,2026-09-22,HOLD,neutral,55.37,55.37,55.37,70.24,70.24,0,63.23,-2.0,2,2.86,0.0,0.0,6.0,0.0,0,1,55.37,v2_conservative_ranker,57.0,-3.0,1,13.43,0.0,0.0,9.0,59.43,59.43,v3_stability_ranker,price_momentum,11000.0,0.0009,0.0618,0.1156,10936.0,10337.0,0.1093,0.0238,kis,,,,,,6,2,2,data/raw/price_282880_20260525_20260922.csv,103,False,Broad evaluation pool candidate,140,False,Broad evaluation pool candidate
106240,2026-09-22,2026-09-22,2026-09-22,2026-09-22,HOLD,neutral,55.34,55.34,55.34,74.28,77.28,-3,64.21,-2.0,2,4.4,2.47,0.0,0.0,0.0,2,0,55.34,v2_conservative_ranker,45.44,-3.0,1,8.49,10.23,0.0,2.0,39.7,39.7,v3_stability_ranker,price_momentum,1332.0,0.0091,0.2109,0.0918,1260.6,1169.65,0.2272,0.0367,unknown,파인테크닉스,파인테크닉스,convertible_bond,,,,,,data/raw/price_106240_20260823_20260922.csv,104,False,Broad evaluation pool candidate,605,False,Broad evaluation pool candidate
320000,2026-09-22,2026-09-22,2026-09-22,2026-09-22,HOLD,neutral,55.26,55.26,55.26,70.37,70.37,0,65.61,-2.0,2,8.92,0.0,1.43,0.0,0.0,0,0,55.26,v2_conservative_ranker,57.0,-3.0,1,5.85,0.0,4.69,0.0,56.17,56.17,v3_stability_ranker,price_momentum,10840.0,0.0236,0.069,0.1631,10746.0,10146.0,0.4571,0.0743,kis,,,,,,,,,data/raw/price_320000_20260525_20260922.csv,105,False,Broad evaluation pool candidate,202,False,Broad evaluation pool candidate
402490,2026-09-22,2026-09-22,2026-09-22,2026-09-22,HOLD,neutral,55.23,55.23,55.23,83.17,83.17,0,66.3,-2.0,2,3.88,1.2,0.0,6.0,0.0,0,0,55.23,v2_conservative_ranker,46.55,-3.0,1,9.15,9.43,0.0,10.6,33.67,33.67,v3_stability_ranker,price_momentum,7600.0,0.004,0.195,0.1515,7124.0,6625.0,0.6373,0.0323,kis,,,,,,7,3,2,data/raw/price_402490_20260525_20260922.csv,106,False,Broad evaluation pool candidate,656,False,Broad evaluation pool candidate
039200,2026-09-22,2026-09-22,2026-09-22,2026-09-22,HOLD,neutral,55.16,55.16,55.16,63.74,63.74,0,58.89,-2.0,2,3.73,0.0,0.0,0.0,0.0,0,0,55.16,v2_conservative_ranker,51.0,-3.0,1,12.34,0.0,0.0,0.0,61.34,61.34,v3_stability_ranker,price_momentum,36800.0,0.0265,0.0636,-0.0134,36200.0,35712.5,0.1928,0.0311,kis,,,,,,,,,data/raw/price_039200_20260525_20260922.csv,107,False,Broad evaluation pool candidate,108,False,Broad evaluation pool candidate
250060,2026-09-22,2026-09-22,2026-09-22,2026-09-22,HOLD,neutral,55.0,55.0,55.0,64.37,64.37,0,58.18,-2.0,2,3.18,0.0,0.0,0.0,0.0,0,0,55.0,v2_conservative_ranker,57.0,-3.0,1,13.03,0.0,0.0,0.0,68.03,68.03,v3_stability_ranker,price_momentum,3085.0,0.0148,0.0352,0.0475,3063.0,3018.5,0.1872,0.0265,kis,,,,,,,,,data/raw/price_250060_20260525_20260922.csv,108,False,Broad evaluation pool candidate,34,False,Broad evaluation pool candidate
488900,2026-09-22,2026-09-22,2026-09-22,2026-09-22,HOLD,neutral,55.0,55.0,55.0,65.75,65.75,0,60.09,-2.0,2,5.09,0.0,0.0,0.0,0.0,0,0,55.0,v2_conservative_ranker,57.0,-3.0,1,10.64,0.0,0.0,0.0,65.64,65.64,v3_stability_ranker,price_momentum,10710.0,-0.0046,0.0288,0.1203,11138.0,10012.0,0.1829,0.0424,kis,,,,,,,,,data/raw/price_488900_20260525_20260922.csv,109,False,Broad evaluation pool candidate,57,False,Broad evaluation pool candidate
002460,2026-09-22,2026-09-22,2026-09-22,2026-09-22,HOLD,neutral,54.97,54.97,54.97,63.08,63.08,0,56.25,-2.0,2,1.28,0.0,0.0,0.0,0.0,0,0,54.97,v2_conservative_ranker,57.0,-3.0,1,15.39,0.0,0.0,0.0,70.39,70.39,v3_stability_ranker,price_momentum,10970.0,-0.0108,0.0186,0.0398,10968.0,10861.5,0.0498,0.0107,kis,,,,,,,,,data/raw/price_002460_20260525_20260922.csv,110,False,Broad evaluation pool candidate,12,True,Experimental Top 20 by stability-first v3 score
127120,2026-09-22,2026-09-22,2026-09-22,2026-09-22,HOLD,neutral,54.95,54.95,54.95,66.04,66.04,0,59.98,-2.0,2,5.03,0.0,0.0,0.0,0.0,0,0,54.95,v2_conservative_ranker,47.0,-3.0,1,10.71,0.0,0.0,0.0,55.72,55.72,v3_stability_ranker,price_momentum,33400.0,-0.0277,0.1023,-0.0291,32740.0,32297.5,0.2433,0.0419,kis,,,,,,,,,data/raw/price_127120_20260525_20260922.csv,111,False,Broad evaluation pool candidate,214,False,Broad evaluation pool candidate
214430,2026-09-22,2026-09-22,2026-09-22,2026-09-22,HOLD,neutral,54.91,54.91,54.91,77.63,77.63,0,63.89,-2.0,2,2.99,0.0,0.0,6.0,0.0,0,0,54.91,v2_conservative_ranker,53.0,-3.0,1,10.27,1.53,0.0,9.0,50.74,50.74,v3_stability_ranker,price_momentum,66800.0,0.0121,0.1361,0.0827,63200.0,60590.0,0.396,0.0249,kis,,,,,,6,2,2,data/raw/price_214430_20260525_20260922.csv,112,False,Broad evaluation pool candidate,375,False,Broad evaluation pool candidate
023450,2026-09-22,2026-09-22,2026-09-22,2026-09-22,HOLD,neutral,54.83,54.83,54.83,64.01,64.01,0,55.71,-2.0,2,0.88,0.0,0.0,0.0,0.0,0,0,54.83,v2_conservative_ranker,57.0,-3.0,1,15.9,0.0,0.0,0.0,70.91,70.91,v3_stability_ranker,price_momentum,31950.0,-0.0108,0.0175,0.0273,31940.0,31665.0,0.2704,0.0073,unknown,동남합성,동남합성,major_shareholder_change,,,,,,data/raw/price_023450_20260823_20260922.csv,113,False,Broad evaluation pool candidate,11,True,Experimental Top 20 by stability-first v3 score
015590,2026-09-22,2026-09-22,2026-09-22,2026-09-22,HOLD,neutral,54.7,54.7,54.7,91.1,91.1,0,75.0,-2.0,2,5.3,15.0,0.0,0.0,0.0,0,0,54.7,v2_conservative_ranker,43.0,-3.0,1,7.37,22.0,0.0,0.0,26.37,26.37,v3_stability_ranker,strong_price_momentum,2262.0,0.0212,0.0875,0.5398,2182.4,1762.65,0.1285,0.0442,kis,,,,,,,,,data/raw/price_015590_20260525_20260922.csv,114,False,Broad evaluation pool candidate,694,False,Broad evaluation pool candidate
340810,2026-09-22,2026-09-22,2026-09-22,2026-09-22,HOLD,neutral,54.7,54.7,54.7,73.6,76.6,-3,66.97,-2.0,2,4.27,0.0,0.0,6.0,0.0,2,0,54.7,v2_conservative_ranker,48.17,-3.0,1,8.66,2.36,0.0,11.0,41.47,41.47,v3_stability_ranker,price_momentum,4540.0,-0.0152,0.0797,0.3009,4324.0,3998.25,0.3652,0.0356,unknown,시선AI,시선AI,convertible_bond,,,6,2,2,data/raw/price_340810_20260823_20260922.csv,115,False,Broad evaluation pool candidate,578,False,Broad evaluation pool candidate
001420,2026-09-22,2026-09-22,2026-09-22,2026-09-22,HOLD,neutral,54.62,54.62,54.62,67.18,67.18,0,60.01,-2.0,2,5.39,0.0,0.0,0.0,0.0,0,0,54.62,v2_conservative_ranker,49.0,-3.0,1,10.27,0.0,0.0,0.0,57.27,57.27,v3_stability_ranker,price_momentum,3005.0,0.0067,0.0101,0.2117,2996.0,2799.5,0.1092,0.0449,kis,,,,,,,,,data/raw/price_001420_20260525_20260922.csv,116,False,Broad evaluation pool candidate,183,False,Broad evaluation pool candidate
004800,2026-09-22,2026-09-22,2026-09-22,2026-09-22,HOLD,neutral,54.56,54.56,54.56,59.92,59.92,0,58.52,-2.0,2,3.96,0.0,0.0,0.0,0.0,0,0,54.56,v2_conservative_ranker,54.5,-3.0,1,12.05,0.0,0.0,0.0,64.55,64.55,v3_stability_ranker,neutral,165600.0,0.016,0.0774,0.0508,161340.0,162945.0,0.1567,0.033,kis,,,,,,,,,data/raw/price_004800_20260525_20260922.csv,117,False,Broad evaluation pool candidate,65,False,Broad evaluation pool candidate
294630,2026-09-22,2026-09-22,2026-09-22,2026-09-22,HOLD,neutral,54.52,54.52,54.52,70.81,70.81,0,62.64,-2.0,2,3.12,0.0,0.0,6.0,0.0,0,1,54.52,v2_conservative_ranker,57.0,-3.0,1,13.1,0.0,0.0,9.0,59.1,59.1,v3_stability_ranker,price_momentum,3130.0,-0.0095,0.0364,0.1811,3152.0,2969.75,0.1195,0.026,kis,,,,,,6,2,2,data/raw/price_294630_20260525_20260922.csv,118,False,Broad evaluation pool candidate,146,False,Broad evaluation pool candidate
480370,2026-09-22,2026-09-22,2026-09-22,2026-09-22,HOLD,neutral,54.47,54.47,54.47,71.84,71.84,0,67.0,-2.0,2,8.47,3.0,1.06,0.0,0.0,0,0,54.47,v2_conservative_ranker,44.55,-3.0,1,3.41,9.55,4.1,0.0,32.31,32.31,v3_stability_ranker,price_momentum,1907.0,0.0063,0.0829,0.4043,1917.4,1645.05,0.1021,0.0706,kis,,,,,,,,,data/raw/price_480370_20260525_20260922.csv,119,False,Broad evaluation pool candidate,665,False,Broad evaluation pool candidate
204270,2026-09-22,2026-09-22,2026-09-22,2026-09-22,HOLD,neutral,54.4,54.4,54.4,84.67,84.67,0,67.0,-2.0,2,4.76,1.83,0.0,6.0,0.0,0,0,54.4,v2_conservative_ranker,40.77,-3.0,1,8.04,10.83,0.0,9.0,26.99,26.99,v3_stability_ranker,price_momentum,25150.0,-0.002,0.1808,0.242,23570.0,21323.0,0.6067,0.0397,kis,,,,,,6,2,2,data/raw/price_204270_20260525_20260922.csv,120,False,Broad evaluation pool candidate,693,False,Broad evaluation pool candidate
006120,2026-09-22,2026-09-22,2026-09-22,2026-09-22,HOLD,neutral,54.33,54.33,54.33,66.51,66.51,0,57.31,-2.0,2,2.98,0.0,0.0,0.0,0.0,0,0,54.33,v2_conservative_ranker,49.0,-3.0,1,13.28,0.0,0.0,0.0,60.28,60.28,v3_stability_ranker,price_momentum,57100.0,0.0071,0.0035,0.1131,56320.0,54887.5,0.4978,0.0248,kis,,,,,,,,,data/raw/price_006120_20260525_20260922.csv,121,False,Broad evaluation pool candidate,125,False,Broad evaluation pool candidate
272110,2026-09-22,2026-09-22,2026-09-22,2026-09-22,HOLD,neutral,54.29,54.29,54.29,82.96,82.96,0,67.0,-2.0,2,3.71,3.0,0.0,6.0,0.0,0,0,54.29,v2_conservative_ranker,46.84,-3.0,1,9.37,12.3,0.0,9.0,32.9,32.9,v3_stability_ranker,price_momentum,30250.0,0.0117,0.1909,0.177,27730.0,25517.5,0.3672,0.0309,kis,,,,,,6,2,2,data/raw/price_272110_20260525_20260922.csv,122,False,Broad evaluation pool candidate,660,False,Broad evaluation pool candidate
347700,2026-09-22,2026-09-22,2026-09-22,2026-09-22,HOLD,neutral,54.1,54.1,54.1,70.62,70.62,0,60.18,-2.0,2,6.08,0.0,0.0,0.0,0.0,0,0,54.1,v2_conservative_ranker,47.0,-3.0,1,9.39,2.85,0.91,0.0,50.63,50.63,v3_stability_ranker,price_momentum,23000.0,-0.0129,0.15,-0.0234,22910.0,21097.5,0.3092,0.0507,kis,,,,,,,,,data/raw/price_347700_20260525_20260922.csv,123,False,Broad evaluation pool candidate,383,False,Broad evaluation pool candidate
023410,2026-09-22,2026-09-22,2026-09-22,2026-09-22,HOLD,neutral,53.96,53.96,53.96,62.46,62.46,0,55.23,-2.0,2,1.27,0.0,0.0,0.0,0.0,0,0,53.96,v2_conservative_ranker,51.0,-3.0,1,15.41,0.0,0.0,0.0,64.41,64.41,v3_stability_ranker,price_momentum,3285.0,-0.0015,0.0202,0.0061,3254.0,3250.5,0.1989,0.0106,unknown,유진기업,유진기업,merger,,,,,,data/raw/price_023410_20260823_20260922.csv,124,False,Broad evaluation pool candidate,66,False,Broad evaluation pool candidate
054930,2026-09-22,2026-09-22,2026-09-22,2026-09-22,HOLD,neutral,53.83,53.83,53.83,61.35,61.35,0,53.93,0.0,2,2.1,0.0,0.0,0.0,0.0,0,0,53.83,v2_conservative_ranker,54.5,2.0,6,14.38,0.0,0.0,0.0,76.88,76.88,v3_stability_ranker,neutral,18560.0,-0.0159,0.0386,0.0305,18206.0,18455.0,0.9523,0.0175,kis,,,,,,,,,data/raw/price_054930_20260525_20260922.csv,125,False,Broad evaluation pool candidate,5,True,Experimental Top 20 by stability-first v3 score
089140,2026-09-22,2026-09-22,2026-09-22,2026-09-22,HOLD,neutral,53.78,53.78,53.78,61.79,61.79,0,56.01,-2.0,2,2.23,0.0,0.0,0.0,0.0,0,0,53.78,v2_conservative_ranker,51.0,-3.0,1,14.21,0.0,0.0,0.0,63.21,63.21,v3_stability_ranker,price_momentum,2125.0,-0.0139,0.0366,-0.0185,2103.0,2102.0,0.152,0.0186,kis,,,,,,,,,data/raw/price_089140_20260525_20260922.csv,126,False,Broad evaluation pool candidate,78,False,Broad evaluation pool candidate
261200,2026-09-22,2026-09-22,2026-09-22,2026-09-22,HOLD,neutral,53.7,53.7,53.7,62.33,62.33,0,55.9,-2.0,2,2.2,0.0,0.0,0.0,0.0,0,0,53.7,v2_conservative_ranker,57.0,-3.0,1,14.25,0.0,0.0,0.0,69.25,69.25,v3_stability_ranker,price_momentum,2595.0,-0.0019,0.0157,0.038,2572.0,2560.25,0.1144,0.0183,kis,,,,,,,,,data/raw/price_261200_20260525_20260922.csv,127,False,Broad evaluation pool candidate,25,False,Broad evaluation pool candidate
060370,2026-09-22,2026-09-22,2026-09-22,2026-09-22,HOLD,neutral,53.62,53.62,53.62,63.55,63.55,0,57.19,-2.0,2,3.58,0.0,0.0,0.0,0.0,0,0,53.62,v2_conservative_ranker,57.0,-3.0,1,12.53,0.0,0.0,0.0,67.53,67.53,v3_stability_ranker,price_momentum,33350.0,0.023,0.0277,0.0406,32840.0,32237.5,0.289,0.0298,kis,,,,medium_attention,no_risk_noise,,,,data/raw/price_060370_20260525_20260922.csv,128,False,Broad evaluation pool candidate,40,False,Broad evaluation pool candidate
082740,2026-09-22,2026-09-22,2026-09-22,2026-09-22,HOLD,neutral,53.55,53.55,53.55,64.3,64.3,0,58.21,-2.0,2,4.66,0.0,0.0,0.0,0.0,0,0,53.55,v2_conservative_ranker,57.0,-3.0,1,11.18,0.0,0.0,0.0,66.18,66.18,v3_stability_ranker,price_momentum,49550.0,-0.007,0.0366,0.0443,50360.0,48257.5,0.3835,0.0388,kis,,,,,,,,,data/raw/price_082740_20260525_20260922.csv,129,False,Broad evaluation pool candidate,51,False,Broad evaluation pool candidate
083640,2026-09-22,2026-09-22,2026-09-22,2026-09-22,HOLD,neutral,53.49,53.49,53.49,63.74,63.74,0,56.82,-2.0,2,3.32,0.0,0.0,0.0,0.0,0,0,53.49,v2_conservative_ranker,51.0,-3.0,1,12.84,0.0,0.0,0.0,61.84,61.84,v3_stability_ranker,price_momentum,5370.0,-0.0219,0.0427,-0.0129,5452.0,5441.5,0.4814,0.0277,kis,,,,,,,,,data/raw/price_083640_20260525_20260922.csv,130,False,Broad evaluation pool candidate,95,False,Broad evaluation pool candidate
267320,2026-09-22,2026-09-22,2026-09-22,2026-09-22,HOLD,neutral,53.43,53.43,53.43,62.66,62.66,0,55.45,-2.0,2,2.02,0.0,0.0,0.0,0.0,0,0,53.43,v2_conservative_ranker,49.0,-3.0,1,14.48,0.0,0.0,0.0,61.48,61.48,v3_stability_ranker,price_momentum,2220.0,0.0068,0.0045,0.0571,2218.0,2205.0,0.1724,0.0168,kis,,,,,,,,,data/raw/price_267320_20260525_20260922.csv,131,False,Broad evaluation pool candidate,103,False,Broad evaluation pool candidate
126600,2026-09-22,2026-09-22,2026-09-22,2026-09-22,HOLD,neutral,53.43,53.43,53.43,62.89,62.89,0,55.86,-2.0,2,2.44,0.0,0.0,0.0,0.0,0,0,53.43,v2_conservative_ranker,49.0,-3.0,1,13.96,0.0,0.0,0.0,60.95,60.95,v3_stability_ranker,price_momentum,3035.0,-0.0098,0.0033,0.0724,3051.0,3000.5,0.1609,0.0203,kis,,,,,,,,,data/raw/price_126600_20260525_20260922.csv,132,False,Broad evaluation pool candidate,114,False,Broad evaluation pool candidate
382150,2026-09-22,2026-09-22,2026-09-22,2026-09-22,HOLD,neutral,53.32,53.32,53.32,65.85,69.85,-4,63.36,-2.0,2,5.34,0.0,0.0,0.0,4.7,0,0,53.32,v2_conservative_ranker,57.0,-3.0,1,10.32,0.0,0.0,7.2,58.12,58.12,v3_stability_ranker,price_momentum,3715.0,-0.004,0.0943,0.0675,3494.0,3460.25,0.2496,0.0445,kis,,,,low_attention,risk_noise_detected,,,,data/raw/price_382150_20260525_20260922.csv,133,False,Broad evaluation pool candidate,165,False,Broad evaluation pool candidate
145720,2026-09-22,2026-09-22,2026-09-22,2026-09-22,HOLD,neutral,53.23,53.23,53.23,61.52,61.52,0,55.19,-2.0,2,1.97,0.0,0.0,0.0,0.0,0,0,53.23,v2_conservative_ranker,49.0,-3.0,1,14.54,0.0,0.0,0.0,61.54,61.54,v3_stability_ranker,price_momentum,37800.0,0.0107,0.0134,0.0244,37700.0,37497.5,0.0993,0.0164,kis,,,,,,,,,data/raw/price_145720_20260525_20260922.csv,134,False,Broad evaluation pool candidate,102,False,Broad evaluation pool candidate
083790,2026-09-22,2026-09-22,2026-09-22,2026-09-22,HOLD,neutral,53.14,53.14,53.14,62.81,62.81,0,57.82,-2.0,2,4.68,0.0,0.0,0.0,0.0,0,0,53.14,v2_conservative_ranker,57.0,-3.0,1,11.15,0.0,0.0,0.0,66.15,66.15,v3_stability_ranker,price_momentum,964.0,-0.0103,0.0169,0.0893,976.4,937.65,0.0929,0.039,kis,,,,,,,,,data/raw/price_083790_20260525_20260922.csv,135,False,Broad evaluation pool candidate,53,False,Broad evaluation pool candidate
078860,2026-09-22,2026-09-22,2026-09-22,2026-09-22,HOLD,neutral,53.06,53.06,53.06,79.84,79.84,0,66.64,-2.0,2,9.84,1.54,2.2,0.0,0.0,0,0,53.06,v2_conservative_ranker,46.26,-3.0,1,-2.0,10.61,5.92,0.0,25.72,25.72,v3_stability_ranker,price_momentum,3100.0,0.0508,0.1992,0.161,2847.0,2708.0,0.7987,0.082,kis,,,,,,,,,data/raw/price_078860_20260525_20260922.csv,136,False,Broad evaluation pool candidate,697,False,Broad evaluation pool candidate
088390,2026-09-22,2026-09-22,2026-09-22,2026-09-22,HOLD,neutral,53.03,53.03,53.03,65.8,65.8,0,55.38,-2.0,2,2.35,0.0,0.0,0.0,0.0,0,0,53.03,v2_conservative_ranker,49.0,-3.0,1,14.06,0.0,0.0,0.0,61.06,61.06,v3_stability_ranker,price_momentum,8110.0,-0.0012,0.0075,0.0465,8110.0,8006.5,0.7806,0.0196,kis,,,,,,,,,data/raw/price_088390_20260525_20260922.csv,137,False,Broad evaluation pool candidate,113,False,Broad evaluation pool candidate
171090,2026-09-22,2026-09-22,2026-09-22,2026-09-22,HOLD,neutral,53.02,53.02,53.02,62.84,62.84,0,56.9,-2.0,2,3.88,0.0,0.0,0.0,0.0,0,0,53.02,v2_conservative_ranker,49.0,-3.0,1,12.15,0.0,0.0,0.0,59.16,59.16,v3_stability_ranker,price_momentum,70700.0,0.0071,0.0071,0.091,70640.0,69025.0,0.1342,0.0323,pykrx,,,,,,,,,data/raw/price_171090_20260525_20260922.csv,138,False,Broad evaluation pool candidate,143,False,Broad evaluation pool candidate
000300,2026-09-22,2026-09-22,2026-09-22,2026-09-22,HOLD,neutral,53.0,53.0,53.0,60.0,60.0,0,53.0,0.0,0,0.0,0.0,0.0,0.0,0.0,0,0,53.0,v2_conservative_ranker,43.0,-5.0,0,17.0,0.0,0.0,0.0,55.0,55.0,v3_stability_ranker,price_momentum,4200.0,0.0,0.0,0.0,4200.0,4200.0,0.0,0.0,kis,,,,medium_attention,no_risk_noise,,,,data/raw/price_000300_20260525_20260922.csv,139,False,Broad evaluation pool candidate,226,False,Broad evaluation pool candidate
001570,2026-09-22,2026-09-22,2026-09-22,2026-09-22,HOLD,neutral,53.0,53.0,53.0,60.0,60.0,0,53.0,0.0,0,0.0,0.0,0.0,0.0,0.0,0,0,53.0,v2_conservative_ranker,43.0,-5.0,0,17.0,0.0,0.0,0.0,55.0,55.0,v3_stability_ranker,price_momentum,9900.0,0.0,0.0,0.0,9900.0,9900.0,0.0,0.0,kis,,,,low_attention,no_risk_noise,,,,data/raw/price_001570_20260525_20260922.csv,140,False,Broad evaluation pool candidate,227,False,Broad evaluation pool candidate
005110,2026-09-22,2026-09-22,2026-09-22,2026-09-22,HOLD,neutral,53.0,53.0,53.0,60.0,60.0,0,53.0,0.0,0,0.0,0.0,0.0,0.0,0.0,0,0,53.0,v2_conservative_ranker,43.0,-5.0,0,17.0,0.0,0.0,0.0,55.0,55.0,v3_stability_ranker,price_momentum,1254.0,0.0,0.0,0.0,1254.0,1254.0,0.0,0.0,kis,,,,,,,,,data/raw/price_005110_20260525_20260922.csv,141,False,Broad evaluation pool candidate,228,False,Broad evaluation pool candidate
011000,2026-09-22,2026-09-22,2026-09-22,2026-09-22,HOLD,neutral,53.0,53.0,53.0,60.0,60.0,0,53.0,0.0,0,0.0,0.0,0.0,0.0,0.0,0,0,53.0,v2_conservative_ranker,43.0,-5.0,0,17.0,0.0,0.0,0.0,55.0,55.0,v3_stability_ranker,price_momentum,2670.0,0.0,0.0,0.0,2670.0,2670.0,0.0,0.0,kis,,,,,,,,,data/raw/price_011000_20260525_20260922.csv,142,False,Broad evaluation pool candidate,229,False,Broad evaluation pool candidate
017040,2026-09-22,2026-09-22,2026-09-22,2026-09-22,HOLD,neutral,53.0,53.0,53.0,60.0,60.0,0,53.0,0.0,0,0.0,0.0,0.0,0.0,0.0,0,0,53.0,v2_conservative_ranker,43.0,-5.0,0,17.0,0.0,0.0,0.0,55.0,55.0,v3_stability_ranker,price_momentum,932.0,0.0,0.0,0.0,932.0,932.0,0.0,0.0,kis,,,,,,,,,data/raw/price_017040_20260525_20260922.csv,143,False,Broad evaluation pool candidate,230,False,Broad evaluation pool candidate
019490,2026-09-22,2026-09-22,2026-09-22,2026-09-22,HOLD,neutral,53.0,53.0,53.0,60.0,60.0,0,53.0,0.0,0,0.0,0.0,0.0,0.0,0.0,0,0,53.0,v2_conservative_ranker,43.0,-5.0,0,17.0,0.0,0.0,0.0,55.0,55.0,v3_stability_ranker,price_momentum,541.0,0.0,0.0,0.0,541.0,541.0,0.0,0.0,kis,,,,,,,,,data/raw/price_019490_20260525_20260922.csv,144,False,Broad evaluation pool candidate,231,False,Broad evaluation pool candidate
023440,2026-09-22,2026-09-22,2026-09-22,2026-09-22,HOLD,neutral,53.0,53.0,53.0,60.0,60.0,0,53.0,0.0,0,0.0,0.0,0.0,0.0,0.0,0,0,53.0,v2_conservative_ranker,43.0,-5.0,0,17.0,0.0,0.0,0.0,55.0,55.0,v3_stability_ranker,price_momentum,521.0,0.0,0.0,0.0,521.0,521.0,0.0,0.0,kis,,,,,,,,,data/raw/price_023440_20260525_20260922.csv,145,False,Broad evaluation pool candidate,232,False,Broad evaluation pool candidate
052770,2026-09-22,2026-09-22,2026-09-22,2026-09-22,HOLD,neutral,53.0,53.0,53.0,60.0,60.0,0,53.0,0.0,0,0.0,0.0,0.0,0.0,0.0,0,0,53.0,v2_conservative_ranker,43.0,-5.0,0,17.0,0.0,0.0,0.0,55.0,55.0,v3_stability_ranker,price_momentum,312.0,0.0,0.0,0.0,312.0,312.0,0.0,0.0,kis,,,,,,,,,data/raw/price_052770_20260525_20260922.csv,146,False,Broad evaluation pool candidate,233,False,Broad evaluation pool candidate
065420,2026-09-22,2026-09-22,2026-09-22,2026-09-22,HOLD,neutral,53.0,53.0,53.0,60.0,60.0,0,53.0,0.0,0,0.0,0.0,0.0,0.0,0.0,0,0,53.0,v2_conservative_ranker,43.0,-5.0,0,17.0,0.0,0.0,0.0,55.0,55.0,v3_stability_ranker,price_momentum,940.0,0.0,0.0,0.0,940.0,940.0,0.0,0.0,kis,,,,,,,,,data/raw/price_065420_20260525_20260922.csv,147,False,Broad evaluation pool candidate,234,False,Broad evaluation pool candidate
066410,2026-09-22,2026-09-22,2026-09-22,2026-09-22,HOLD,neutral,53.0,53.0,53.0,60.0,60.0,0,53.0,0.0,0,0.0,0.0,0.0,0.0,0.0,0,0,53.0,v2_conservative_ranker,43.0,-5.0,0,17.0,0.0,0.0,0.0,55.0,55.0,v3_stability_ranker,price_momentum,1153.0,0.0,0.0,0.0,1153.0,1153.0,0.0,0.0,kis,,,,,,,,,data/raw/price_066410_20260525_20260922.csv,148,False,Broad evaluation pool candidate,235,False,Broad evaluation pool candidate
066790,2026-09-22,2026-09-22,2026-09-22,2026-09-22,HOLD,neutral,53.0,53.0,53.0,60.0,60.0,0,53.0,0.0,0,0.0,0.0,0.0,0.0,0.0,0,0,53.0,v2_conservative_ranker,43.0,-5.0,0,17.0,0.0,0.0,0.0,55.0,55.0,v3_stability_ranker,price_momentum,2205.0,0.0,0.0,0.0,2205.0,2205.0,0.0,0.0,kis,,,,low_attention,no_risk_noise,,,,data/raw/price_066790_20260525_20260922.csv,149,False,Broad evaluation pool candidate,236,False,Broad evaluation pool candidate
068240,2026-09-22,2026-09-22,2026-09-22,2026-09-22,HOLD,neutral,53.0,53.0,53.0,60.0,60.0,0,53.0,0.0,0,0.0,0.0,0.0,0.0,0.0,0,0,53.0,v2_conservative_ranker,43.0,-5.0,0,17.0,0.0,0.0,0.0,55.0,55.0,v3_stability_ranker,price_momentum,2530.0,0.0,0.0,0.0,2530.0,2530.0,0.0,0.0,kis,,,,,,,,,data/raw/price_068240_20260525_20260922.csv,150,False,Broad evaluation pool candidate,237,False,Broad evaluation pool candidate
068940,2026-09-22,2026-09-22,2026-09-22,2026-09-22,HOLD,neutral,53.0,53.0,53.0,60.0,60.0,0,53.0,0.0,0,0.0,0.0,0.0,0.0,0.0,0,0,53.0,v2_conservative_ranker,43.0,-5.0,0,17.0,0.0,0.0,0.0,55.0,55.0,v3_stability_ranker,price_momentum,778.0,0.0,0.0,0.0,778.0,778.0,0.0,0.0,kis,,,,,,,,,data/raw/price_068940_20260525_20260922.csv,151,False,Broad evaluation pool candidate,238,False,Broad evaluation pool candidate
069460,2026-09-22,2026-09-22,2026-09-22,2026-09-22,HOLD,neutral,53.0,53.0,53.0,60.0,60.0,0,53.0,0.0,0,0.0,0.0,0.0,0.0,0.0,0,0,53.0,v2_conservative_ranker,43.0,-5.0,0,17.0,0.0,0.0,0.0,55.0,55.0,v3_stability_ranker,price_momentum,2660.0,0.0,0.0,0.0,2660.0,2660.0,0.0,0.0,kis,,,,,,,,,data/raw/price_069460_20260525_20260922.csv,152,False,Broad evaluation pool candidate,239,False,Broad evaluation pool candidate
073190,2026-09-22,2026-09-22,2026-09-22,2026-09-22,HOLD,neutral,53.0,53.0,53.0,60.0,60.0,0,53.0,0.0,0,0.0,0.0,0.0,0.0,0.0,0,0,53.0,v2_conservative_ranker,43.0,-5.0,0,17.0,0.0,0.0,0.0,55.0,55.0,v3_stability_ranker,price_momentum,1622.0,0.0,0.0,0.0,1622.0,1622.0,0.0,0.0,kis,,,,low_attention,no_risk_noise,,,,data/raw/price_073190_20260525_20260922.csv,153,False,Broad evaluation pool candidate,240,False,Broad evaluation pool candidate
073640,2026-09-22,2026-09-22,2026-09-22,2026-09-22,HOLD,neutral,53.0,53.0,53.0,60.0,60.0,0,53.0,0.0,0,0.0,0.0,0.0,0.0,0.0,0,0,53.0,v2_conservative_ranker,43.0,-5.0,0,17.0,0.0,0.0,0.0,55.0,55.0,v3_stability_ranker,price_momentum,654.0,0.0,0.0,0.0,654.0,654.0,0.0,0.0,kis,,,,,,,,,data/raw/price_073640_20260525_20260922.csv,154,False,Broad evaluation pool candidate,241,False,Broad evaluation pool candidate
074610,2026-09-22,2026-09-22,2026-09-22,2026-09-22,HOLD,neutral,53.0,53.0,53.0,60.0,60.0,0,53.0,0.0,0,0.0,0.0,0.0,0.0,0.0,0,0,53.0,v2_conservative_ranker,43.0,-5.0,0,17.0,0.0,0.0,0.0,55.0,55.0,v3_stability_ranker,price_momentum,5110.0,0.0,0.0,0.0,5110.0,5110.0,0.0,0.0,kis,,,,,,,,,data/raw/price_074610_20260525_20260922.csv,155,False,Broad evaluation pool candidate,242,False,Broad evaluation pool candidate
079970,2026-09-22,2026-09-22,2026-09-22,2026-09-22,HOLD,neutral,53.0,53.0,53.0,60.0,60.0,0,53.0,0.0,0,0.0,0.0,0.0,0.0,0.0,0,0,53.0,v2_conservative_ranker,43.0,-5.0,0,17.0,0.0,0.0,0.0,55.0,55.0,v3_stability_ranker,price_momentum,596.0,0.0,0.0,0.0,596.0,596.0,0.0,0.0,kis,,,,,,,,,data/raw/price_079970_20260525_20260922.csv,156,False,Broad evaluation pool candidate,243,False,Broad evaluation pool candidate
145210,2026-09-22,2026-09-22,2026-09-22,2026-09-22,HOLD,neutral,53.0,53.0,53.0,60.0,60.0,0,53.0,0.0,0,0.0,0.0,0.0,0.0,0.0,0,0,53.0,v2_conservative_ranker,43.0,-5.0,0,17.0,0.0,0.0,0.0,55.0,55.0,v3_stability_ranker,price_momentum,2240.0,0.0,0.0,0.0,2240.0,2240.0,0.0,0.0,kis,,,,,,,,,data/raw/price_145210_20260525_20260922.csv,157,False,Broad evaluation pool candidate,244,False,Broad evaluation pool candidate
183490,2026-09-22,2026-09-22,2026-09-22,2026-09-22,HOLD,neutral,53.0,53.0,53.0,60.0,60.0,0,53.0,0.0,0,0.0,0.0,0.0,0.0,0.0,0,0,53.0,v2_conservative_ranker,43.0,-5.0,0,17.0,0.0,0.0,0.0,55.0,55.0,v3_stability_ranker,price_momentum,990.0,0.0,0.0,0.0,990.0,990.0,0.0,0.0,kis,,,,,,,,,data/raw/price_183490_20260525_20260922.csv,158,False,Broad evaluation pool candidate,245,False,Broad evaluation pool candidate
203400,2026-09-22,2026-09-22,2026-09-22,2026-09-22,HOLD,neutral,53.0,53.0,53.0,60.0,60.0,0,53.0,0.0,0,0.0,0.0,0.0,0.0,0.0,0,0,53.0,v2_conservative_ranker,43.0,-5.0,0,17.0,0.0,0.0,0.0,55.0,55.0,v3_stability_ranker,price_momentum,676.0,0.0,0.0,0.0,676.0,676.0,0.0,0.0,kis,,,,,,,,,data/raw/price_203400_20260525_20260922.csv,159,False,Broad evaluation pool candidate,246,False,Broad evaluation pool candidate
276040,2026-09-22,2026-09-22,2026-09-22,2026-09-22,HOLD,neutral,53.0,53.0,53.0,60.0,60.0,0,53.0,0.0,0,0.0,0.0,0.0,0.0,0.0,0,0,53.0,v2_conservative_ranker,43.0,-5.0,0,17.0,0.0,0.0,0.0,55.0,55.0,v3_stability_ranker,price_momentum,327.0,0.0,0.0,0.0,327.0,327.0,0.0,0.0,kis,,,,,,,,,data/raw/price_276040_20260525_20260922.csv,160,False,Broad evaluation pool candidate,247,False,Broad evaluation pool candidate
288330,2026-09-22,2026-09-22,2026-09-22,2026-09-22,HOLD,neutral,53.0,53.0,53.0,60.0,60.0,0,53.0,0.0,0,0.0,0.0,0.0,0.0,0.0,0,0,53.0,v2_conservative_ranker,43.0,-5.0,0,17.0,0.0,0.0,0.0,55.0,55.0,v3_stability_ranker,price_momentum,416.0,0.0,0.0,0.0,416.0,416.0,0.0,0.0,kis,,,,,,,,,data/raw/price_288330_20260525_20260922.csv,161,False,Broad evaluation pool candidate,248,False,Broad evaluation pool candidate
294090,2026-09-22,2026-09-22,2026-09-22,2026-09-22,HOLD,neutral,53.0,53.0,53.0,60.0,60.0,0,53.0,0.0,0,0.0,0.0,0.0,0.0,0.0,0,0,53.0,v2_conservative_ranker,43.0,-5.0,0,17.0,0.0,0.0,0.0,55.0,55.0,v3_stability_ranker,price_momentum,1490.0,0.0,0.0,0.0,1490.0,1490.0,0.0,0.0,kis,,,,,,,,,data/raw/price_294090_20260525_20260922.csv,162,False,Broad evaluation pool candidate,249,False,Broad evaluation pool candidate
313760,2026-09-22,2026-09-22,2026-09-22,2026-09-22,HOLD,neutral,53.0,53.0,53.0,60.0,60.0,0,53.0,0.0,0,0.0,0.0,0.0,0.0,0.0,0,0,53.0,v2_conservative_ranker,43.0,-5.0,0,17.0,0.0,0.0,0.0,55.0,55.0,v3_stability_ranker,price_momentum,468.0,0.0,0.0,0.0,468.0,468.0,0.0,0.0,kis,,,,,,,,,data/raw/price_313760_20260525_20260922.csv,163,False,Broad evaluation pool candidate,250,False,Broad evaluation pool candidate
341170,2026-09-22,2026-09-22,2026-09-22,2026-09-22,HOLD,neutral,53.0,53.0,53.0,60.0,60.0,0,53.0,0.0,0,0.0,0.0,0.0,0.0,0.0,0,0,53.0,v2_conservative_ranker,43.0,-5.0,0,17.0,0.0,0.0,0.0,55.0,55.0,v3_stability_ranker,price_momentum,496.0,0.0,0.0,0.0,496.0,496.0,0.0,0.0,kis,,,,,,,,,data/raw/price_341170_20260525_20260922.csv,164,False,Broad evaluation pool candidate,251,False,Broad evaluation pool candidate
348950,2026-09-22,2026-09-22,2026-09-22,2026-09-22,HOLD,neutral,53.0,53.0,53.0,60.0,60.0,0,53.0,0.0,0,0.0,0.0,0.0,0.0,0.0,0,0,53.0,v2_conservative_ranker,43.0,-5.0,0,17.0,0.0,0.0,0.0,55.0,55.0,v3_stability_ranker,price_momentum,1182.0,0.0,0.0,0.0,1182.0,1182.0,0.0,0.0,kis,,,,,,,,,data/raw/price_348950_20260525_20260922.csv,165,False,Broad evaluation pool candidate,252,False,Broad evaluation pool candidate
380540,2026-09-22,2026-09-22,2026-09-22,2026-09-22,HOLD,neutral,53.0,53.0,53.0,60.0,60.0,0,53.0,0.0,0,0.0,0.0,0.0,0.0,0.0,0,0,53.0,v2_conservative_ranker,43.0,-5.0,0,17.0,0.0,0.0,0.0,55.0,55.0,v3_stability_ranker,price_momentum,8450.0,0.0,0.0,0.0,8450.0,8450.0,0.0,0.0,kis,,,,,,,,,data/raw/price_380540_20260525_20260922.csv,166,False,Broad evaluation pool candidate,253,False,Broad evaluation pool candidate
900120,2026-09-22,2026-09-22,2026-09-22,2026-09-22,HOLD,neutral,53.0,53.0,53.0,60.0,60.0,0,53.0,0.0,0,0.0,0.0,0.0,0.0,0.0,0,0,53.0,v2_conservative_ranker,43.0,-5.0,0,17.0,0.0,0.0,0.0,55.0,55.0,v3_stability_ranker,price_momentum,1040.0,0.0,0.0,0.0,1040.0,1040.0,0.0,0.0,kis,,,,,,,,,data/raw/price_900120_20260525_20260922.csv,167,False,Broad evaluation pool candidate,254,False,Broad evaluation pool candidate
003920,2026-09-22,2026-09-22,2026-09-22,2026-09-22,HOLD,neutral,53.0,53.0,53.0,59.93,59.93,0,47.61,3.75,3,1.36,0.0,0.0,0.0,0.0,0,0,53.0,v2_conservative_ranker,40.5,8.0,6,15.3,0.0,0.0,0.0,69.81,69.81,v3_stability_ranker,neutral,42600.0,0.0024,-0.0127,-0.0035,42840.0,43292.5,1.7503,0.0113,kis,,,,,,,,,data/raw/price_003920_20260525_20260922.csv,168,False,Broad evaluation pool candidate,18,True,Experimental Top 20 by stability-first v3 score
034730,2026-09-22,2026-09-22,2026-09-22,2026-09-22,HOLD,neutral,52.98,52.98,52.98,58.8,58.8,0,57.44,-2.0,2,4.46,0.0,0.0,0.0,0.0,0,0,52.98,v2_conservative_ranker,54.5,-3.0,1,11.42,0.0,0.0,0.0,63.92,63.92,v3_stability_ranker,neutral,586000.0,0.0191,0.0655,0.054,559200.0,568800.0,0.2118,0.0372,kis,,,,,,,,,data/raw/price_034730_20260525_20260922.csv,169,False,Broad evaluation pool candidate,71,False,Broad evaluation pool candidate
230360,2026-06-29,2026-06-29,2026-06-29,2026-09-22,HOLD,neutral,52.98,52.98,52.98,59.98,59.98,0,53.0,0.0,0,0.02,0.0,0.0,0.0,0.0,0,0,52.98,v2_conservative_ranker,43.0,-5.0,0,16.97,0.0,0.0,0.0,54.97,54.97,v3_stability_ranker,price_momentum,16000.0,0.0,0.0,0.0,16000.0,16000.5,0.0,0.0002,kis,,,,,,,,,data/raw/price_230360_20260525_20260922.csv,170,False,Broad evaluation pool candidate,257,False,Broad evaluation pool candidate
002840,2026-09-22,2026-09-22,2026-09-22,2026-09-22,HOLD,neutral,52.94,52.94,52.94,62.26,62.26,0,55.54,-2.0,2,2.6,0.0,0.0,0.0,0.0,0,0,52.94,v2_conservative_ranker,51.0,-3.0,1,13.75,0.0,0.0,0.0,62.75,62.75,v3_stability_ranker,price_momentum,135900.0,-0.0022,0.0218,0.0104,134740.0,133975.0,0.288,0.0217,kis,,,,,,,,,data/raw/price_002840_20260525_20260922.csv,171,False,Broad evaluation pool candidate,84,False,Broad evaluation pool candidate
045300,2026-09-22,2026-09-22,2026-09-22,2026-09-22,HOLD,neutral,52.94,52.94,52.94,62.89,62.89,0,54.47,-2.0,2,1.54,0.0,0.0,0.0,0.0,0,0,52.94,v2_conservative_ranker,49.0,-3.0,1,15.08,0.0,0.0,0.0,62.08,62.08,v3_stability_ranker,price_momentum,2720.0,0.0093,0.0055,0.0264,2691.0,2679.5,0.3839,0.0128,kis,,,,,,,,,data/raw/price_045300_20260525_20260922.csv,172,False,Broad evaluation pool candidate,93,False,Broad evaluation pool candidate
049950,2026-09-22,2026-09-22,2026-09-22,2026-09-22,HOLD,neutral,52.93,52.93,52.93,62.93,62.93,0,55.02,-2.0,2,2.09,0.0,0.0,0.0,0.0,0,0,52.93,v2_conservative_ranker,51.0,-3.0,1,14.39,0.0,0.0,0.0,63.39,63.39,v3_stability_ranker,price_momentum,10730.0,0.0094,0.0288,-0.0245,10648.0,10583.5,0.5033,0.0174,kis,,,,,,,,,data/raw/price_049950_20260525_20260922.csv,173,False,Broad evaluation pool candidate,77,False,Broad evaluation pool candidate
451220,2026-09-22,2026-09-22,2026-09-22,2026-09-22,HOLD,neutral,52.88,52.88,52.88,58.73,58.73,0,52.69,0.0,3,2.81,0.0,0.0,0.0,0.0,0,0,52.88,v2_conservative_ranker,46.17,2.0,6,13.49,0.0,0.0,0.0,67.66,67.66,v3_stability_ranker,neutral,8440.0,0.0356,0.055,-0.0517,8218.0,8333.0,1.0255,0.0234,kis,,,,,,,,,data/raw/price_451220_20260525_20260922.csv,174,False,Broad evaluation pool candidate,37,False,Broad evaluation pool candidate
075180,2026-09-22,2026-09-22,2026-09-22,2026-09-22,HOLD,neutral,52.88,52.88,52.88,63.51,63.51,0,53.91,-2.0,2,1.03,0.0,0.0,0.0,0.0,0,0,52.88,v2_conservative_ranker,43.0,-3.0,1,15.71,0.0,0.0,0.0,56.71,56.71,v3_stability_ranker,price_momentum,2960.0,-0.0067,0.0085,0.0017,2968.0,2954.75,0.5733,0.0086,kis,,,,,,,,,data/raw/price_075180_20260525_20260922.csv,175,False,Broad evaluation pool candidate,192,False,Broad evaluation pool candidate
397030,2026-09-22,2026-09-22,2026-09-22,2026-09-22,HOLD,neutral,52.84,52.84,52.84,60.38,60.38,0,56.04,-2.0,2,3.2,0.0,0.0,0.0,0.0,0,0,52.84,v2_conservative_ranker,47.88,-3.0,1,13.0,0.0,0.0,0.0,58.88,58.88,v3_stability_ranker,price_momentum,18120.0,-0.0152,0.0547,-0.0693,18104.0,17841.5,0.1749,0.0267,kis,,,,,,,,,data/raw/price_397030_20260525_20260922.csv,176,False,Broad evaluation pool candidate,153,False,Broad evaluation pool candidate
013580,2026-09-22,2026-09-22,2026-09-22,2026-09-22,HOLD,neutral,52.76,52.76,52.76,61.5,61.5,0,54.52,-2.0,2,1.76,0.0,0.0,0.0,0.0,0,0,52.76,v2_conservative_ranker,49.0,-3.0,1,14.79,0.0,0.0,0.0,61.8,61.8,v3_stability_ranker,price_momentum,22900.0,-0.0065,0.0066,0.0246,23030.0,22385.0,0.1803,0.0147,kis,,,,,,,,,data/raw/price_013580_20260525_20260922.csv,177,False,Broad evaluation pool candidate,96,False,Broad evaluation pool candidate
005710,2026-09-22,2026-09-22,2026-09-22,2026-09-22,HOLD,neutral,52.73,52.73,52.73,60.73,60.73,0,55.01,-2.0,2,2.28,0.0,0.0,0.0,0.0,0,0,52.73,v2_conservative_ranker,51.0,-3.0,1,14.15,0.0,0.0,0.0,63.15,63.15,v3_stability_ranker,price_momentum,10830.0,-0.0082,0.0314,-0.0322,10786.0,10673.0,0.1836,0.019,kis,,,,,,,,,data/raw/price_005710_20260525_20260922.csv,178,False,Broad evaluation pool candidate,80,False,Broad evaluation pool candidate
036710,2026-09-22,2026-09-22,2026-09-22,2026-09-22,HOLD,neutral,52.68,52.68,52.68,84.42,84.42,0,61.16,0.0,3,4.26,2.29,4.93,0.0,0.0,0,0,52.68,v2_conservative_ranker,51.0,-6.56,4,7.68,7.5,14.0,0.0,34.62,34.62,v3_stability_ranker,price_momentum,4280.0,0.0891,0.0974,0.0047,4010.0,4019.0,4.7423,0.0355,kis,,,,,,,,,data/raw/price_036710_20260525_20260922.csv,179,False,Broad evaluation pool candidate,646,False,Broad evaluation pool candidate
095270,2026-09-22,2026-09-22,2026-09-22,2026-09-22,HOLD,neutral,52.63,52.63,52.63,63.08,63.08,0,55.16,-2.0,2,2.53,0.0,0.0,0.0,0.0,0,0,52.63,v2_conservative_ranker,51.0,-3.0,1,13.84,0.0,0.0,0.0,62.84,62.84,v3_stability_ranker,price_momentum,4185.0,-0.0083,0.0182,0.0097,4246.0,4125.5,0.481,0.0211,kis,,,,,,,,,data/raw/price_095270_20260525_20260922.csv,180,False,Broad evaluation pool candidate,83,False,Broad evaluation pool candidate
055550,2026-09-22,2026-09-22,2026-09-22,2026-09-22,HOLD,neutral,52.56,52.56,52.56,61.88,61.88,0,55.0,-2.0,2,2.44,0.0,0.0,0.0,0.0,0,0,52.56,v2_conservative_ranker,49.0,-3.0,1,13.96,0.0,0.0,0.0,60.95,60.95,v3_stability_ranker,price_momentum,112300.0,-0.0071,0.0009,0.0545,112180.0,111490.0,0.1819,0.0203,kis,,,,,,,,,data/raw/price_055550_20260525_20260922.csv,181,False,Broad evaluation pool candidate,115,False,Broad evaluation pool candidate
016380,2026-09-22,2026-09-22,2026-09-22,2026-09-22,HOLD,neutral,52.53,52.53,52.53,60.88,60.88,0,53.94,-2.0,2,1.42,0.0,0.0,0.0,0.0,0,0,52.53,v2_conservative_ranker,43.0,-3.0,1,15.23,0.0,0.0,0.0,56.23,56.23,v3_stability_ranker,price_momentum,5650.0,0.0018,0.0125,-0.0088,5658.0,5605.0,0.2086,0.0118,kis,,,,,,,,,data/raw/price_016380_20260525_20260922.csv,182,False,Broad evaluation pool candidate,200,False,Broad evaluation pool candidate
100840,2026-09-22,2026-09-22,2026-09-22,2026-09-22,HOLD,neutral,52.47,52.47,52.47,65.16,65.16,0,59.41,-2.0,2,6.94,0.0,0.0,0.0,0.0,0,0,52.47,v2_conservative_ranker,39.84,-3.0,1,8.33,1.51,2.05,0.0,42.62,42.62,v3_stability_ranker,price_momentum,36750.0,0.0,0.0041,0.3102,37150.0,35265.0,0.0891,0.0578,kis,,,,,,,,,data/raw/price_100840_20260525_20260922.csv,183,False,Broad evaluation pool candidate,555,False,Broad evaluation pool candidate
095190,2026-09-22,2026-09-22,2026-09-22,2026-09-22,HOLD,neutral,52.46,52.46,52.46,60.04,60.04,0,54.44,-2.0,2,1.98,0.0,0.0,0.0,0.0,0,0,52.46,v2_conservative_ranker,51.0,-3.0,1,14.53,0.0,0.0,0.0,63.52,63.52,v3_stability_ranker,price_momentum,1852.0,0.0098,0.0159,-0.0043,1871.4,1861.7,0.0525,0.0165,kis,,,,,,,,,data/raw/price_095190_20260525_20260922.csv,184,False,Broad evaluation pool candidate,75,False,Broad evaluation pool candidate
482520,2026-09-22,2026-09-22,2026-09-22,2026-09-22,HOLD,neutral,52.32,52.32,52.32,64.12,68.12,-4,57.17,0.0,0,0.16,0.0,0.0,0.0,4.7,0,0,52.32,v2_conservative_ranker,43.0,-5.0,0,16.8,0.0,0.0,7.2,47.61,47.61,v3_stability_ranker,price_momentum,2065.0,0.0,0.0,0.0049,2065.0,2060.25,0.0,0.0013,kis,,,,low_attention,risk_noise_detected,,,,data/raw/price_482520_20260525_20260922.csv,185,False,Broad evaluation pool candidate,465,False,Broad evaluation pool candidate
460940,2026-09-22,2026-09-22,2026-09-22,2026-09-22,HOLD,neutral,52.3,52.3,52.3,60.68,60.68,0,55.31,-2.0,2,3.01,0.0,0.0,0.0,0.0,0,0,52.3,v2_conservative_ranker,51.0,-3.0,1,13.23,0.0,0.0,0.0,62.23,62.23,v3_stability_ranker,price_momentum,5170.0,-0.0019,0.0197,0.0098,5144.0,5077.25,0.1221,0.0251,kis,,,,,,,,,data/raw/price_460940_20260525_20260922.csv,186,False,Broad evaluation pool candidate,91,False,Broad evaluation pool candidate
352940,2026-09-22,2026-09-22,2026-09-22,2026-09-22,HOLD,neutral,52.24,52.24,52.24,61.74,61.74,0,56.37,-2.0,2,4.13,0.0,0.0,0.0,0.0,0,0,52.24,v2_conservative_ranker,49.0,-3.0,1,11.84,0.0,0.0,0.0,58.84,58.84,v3_stability_ranker,price_momentum,2155.0,0.0094,0.0094,0.0695,2137.0,2067.2,0.1272,0.0344,kis,,,,,,,,,data/raw/price_352940_20260525_20260922.csv,187,False,Broad evaluation pool candidate,154,False,Broad evaluation pool candidate
094820,2026-09-22,2026-09-22,2026-09-22,2026-09-22,HOLD,neutral,52.04,52.04,52.04,61.38,61.38,0,55.29,-2.0,2,3.25,0.0,0.0,0.0,0.0,0,0,52.04,v2_conservative_ranker,49.0,-3.0,1,12.94,0.0,0.0,0.0,59.94,59.94,v3_stability_ranker,price_momentum,12200.0,0.0124,0.0141,0.0252,12148.0,11973.0,0.2374,0.0271,kis,,,,,,,,,data/raw/price_094820_20260525_20260922.csv,188,False,Broad evaluation pool candidate,131,False,Broad evaluation pool candidate
206560,2026-09-22,2026-09-22,2026-09-22,2026-09-22,HOLD,neutral,52.04,52.04,52.04,73.71,70.71,3,50.33,0.0,3,2.29,0.0,0.0,0.0,0.0,0,1,52.04,v2_conservative_ranker,46.5,-3.76,4,14.13,0.0,0.0,0.0,60.88,60.88,v3_stability_ranker,neutral,932.0,0.0153,-0.0169,0.0862,922.8,926.6,3.7427,0.0191,unknown,덱스터,덱스터,supply_contract,medium_attention,no_risk_noise,,,,data/raw/price_206560_20260823_20260922.csv,189,False,Broad evaluation pool candidate,117,False,Broad evaluation pool candidate
007610,2026-09-22,2026-09-22,2026-09-22,2026-09-22,HOLD,neutral,51.93,51.93,51.93,81.37,81.37,0,67.0,-2.0,2,8.63,5.25,1.19,0.0,0.0,0,0,51.93,v2_conservative_ranker,43.16,-3.0,1,3.21,14.52,4.3,0.0,25.55,25.55,v3_stability_ranker,price_momentum,4725.0,0.0011,0.2434,0.1768,4400.0,4098.25,0.7866,0.0719,kis,,,,,,,,,data/raw/price_007610_20260525_20260922.csv,190,False,Broad evaluation pool candidate,698,False,Broad evaluation pool candidate
406820,2026-09-22,2026-09-22,2026-09-22,2026-09-22,HOLD,neutral,51.6,51.6,51.6,78.26,78.26,0,67.0,-2.0,2,9.84,3.36,2.2,0.0,0.0,0,0,51.6,v2_conservative_ranker,37.89,-3.0,1,2.0,12.29,5.92,0.0,19.68,19.68,v3_stability_ranker,price_momentum,2385.0,-0.0165,0.2193,0.2474,2457.0,2067.5,0.21,0.082,kis,,,,,,,,,data/raw/price_406820_20260525_20260922.csv,191,False,Broad evaluation pool candidate,711,False,Broad evaluation pool candidate
094280,2026-09-22,2026-09-22,2026-09-22,2026-09-22,HOLD,neutral,51.49,51.49,51.49,63.53,60.53,3,52.61,-2.0,2,0.42,0.0,0.0,0.0,0.7,0,0,51.49,v2_conservative_ranker,43.0,-3.0,1,16.48,0.0,0.0,1.0,56.48,56.48,v3_stability_ranker,price_momentum,11990.0,0.0008,-0.0033,-0.0017,11994.0,12030.0,0.2153,0.0035,kis,,,,high_attention,no_risk_noise,,,,data/raw/price_094280_20260525_20260922.csv,192,False,Broad evaluation pool candidate,197,False,Broad evaluation pool candidate
033310,2026-09-22,2026-09-22,2026-09-22,2026-09-22,HOLD,neutral,51.46,51.46,51.46,58.67,58.67,0,54.11,-2.0,2,2.65,0.0,0.0,0.0,0.0,0,0,51.46,v2_conservative_ranker,51.0,-3.0,1,13.68,0.0,0.0,0.0,62.69,62.69,v3_stability_ranker,price_momentum,1453.0,0.0041,0.0261,-0.0428,1445.0,1444.85,0.068,0.0221,kis,,,,,,,,,data/raw/price_033310_20260525_20260922.csv,193,False,Broad evaluation pool candidate,86,False,Broad evaluation pool candidate
009290,2026-09-22,2026-09-22,2026-09-22,2026-09-22,HOLD,neutral,51.46,51.46,51.46,58.37,58.37,0,50.27,0.55,3,2.35,0.0,0.0,0.0,0.0,0,0,51.46,v2_conservative_ranker,46.5,8.0,6,14.06,0.0,0.0,0.0,74.56,74.56,v3_stability_ranker,neutral,6390.0,-0.0016,0.0031,0.0273,6342.0,6356.0,1.1094,0.0196,kis,,,,,,,,,data/raw/price_009290_20260525_20260922.csv,194,False,Broad evaluation pool candidate,7,True,Experimental Top 20 by stability-first v3 score
229640,2026-09-22,2026-09-22,2026-09-22,2026-09-22,HOLD,neutral,51.45,51.45,51.45,82.54,82.54,0,67.0,-2.0,2,6.94,8.61,0.0,0.0,0.0,0,0,51.45,v2_conservative_ranker,33.53,-3.0,1,5.33,22.96,2.05,0.0,11.85,11.85,v3_stability_ranker,price_momentum,61000.0,0.0184,0.2237,0.3631,58200.0,49780.0,0.5537,0.0578,kis,,,,,,,,,data/raw/price_229640_20260525_20260922.csv,195,False,Broad evaluation pool candidate,728,False,Broad evaluation pool candidate
128940,2026-09-22,2026-09-22,2026-09-22,2026-09-22,HOLD,neutral,51.4,51.4,51.4,59.93,59.93,0,55.2,-2.0,2,3.8,0.0,0.0,0.0,0.0,0,0,51.4,v2_conservative_ranker,51.0,-3.0,1,12.25,0.0,0.0,0.0,61.25,61.25,v3_stability_ranker,price_momentum,505000.0,-0.002,0.0192,0.008,506400.0,490900.0,0.1296,0.0317,pykrx,,,,,,,,,data/raw/price_128940_20260525_20260922.csv,196,False,Broad evaluation pool candidate,110,False,Broad evaluation pool candidate
126340,2026-09-22,2026-09-22,2026-09-22,2026-09-22,HOLD,neutral,51.39,51.39,51.39,97.83,97.83,0,75.0,-2.0,2,6.61,17.0,0.0,0.0,0.0,0,0,51.39,v2_conservative_ranker,29.89,-3.0,1,5.73,27.45,1.62,0.0,4.55,4.55,v3_stability_ranker,strong_price_momentum,86000.0,0.0299,0.319,0.309,80560.0,67835.0,0.3896,0.0551,kis,,,,,,,,,data/raw/price_126340_20260525_20260922.csv,197,False,Broad evaluation pool candidate,741,False,Broad evaluation pool candidate
251370,2026-09-22,2026-09-22,2026-09-22,2026-09-22,HOLD,neutral,51.39,51.39,51.39,56.05,56.05,0,55.63,-2.0,2,4.25,0.0,0.0,0.0,0.0,0,0,51.39,v2_conservative_ranker,48.5,-3.0,1,11.69,0.0,0.0,0.0,58.19,58.19,v3_stability_ranker,neutral,7650.0,0.0227,0.0744,-0.023,7358.0,7411.5,0.2165,0.0354,kis,,,,,,,,,data/raw/price_251370_20260525_20260922.csv,198,False,Broad evaluation pool candidate,164,False,Broad evaluation pool candidate
028260,2026-09-22,2026-09-22,2026-09-22,2026-09-22,HOLD,neutral,51.22,51.22,51.22,59.87,56.87,3,55.31,-2.0,2,3.38,0.0,0.0,0.0,0.7,0,0,51.22,v2_conservative_ranker,48.5,-3.0,1,12.77,0.0,0.0,1.0,58.27,58.27,v3_stability_ranker,neutral,370000.0,0.0041,0.0602,0.0082,360200.0,370425.0,0.2101,0.0282,unknown,삼성물산,삼성물산,investment_decision,high_attention,no_risk_noise,,,,data/raw/price_028260_20260823_20260922.csv,199,False,Broad evaluation pool candidate,161,False,Broad evaluation pool candidate
009070,2026-09-22,2026-09-22,2026-09-22,2026-09-22,HOLD,neutral,51.17,51.17,51.17,66.95,66.95,0,59.08,-2.0,2,1.91,0.0,0.0,6.0,0.0,0,0,51.17,v2_conservative_ranker,57.0,-3.0,1,14.62,0.0,0.0,9.0,60.61,60.61,v3_stability_ranker,price_momentum,4170.0,-0.0048,0.0491,0.0335,4077.0,4057.0,0.3253,0.0159,kis,,,,,,6,2,2,data/raw/price_009070_20260525_20260922.csv,200,False,Broad evaluation pool candidate,118,False,Broad evaluation pool candidate
006800,2026-09-22,2026-09-22,2026-09-22,2026-09-22,HOLD,neutral,51.15,51.15,51.15,57.21,57.21,0,51.07,0.0,3,2.93,0.0,0.0,0.0,0.0,0,0,51.15,v2_conservative_ranker,45.55,8.0,6,9.34,0.32,0.0,0.0,68.57,68.57,v3_stability_ranker,neutral,33450.0,0.0469,0.0437,-0.0656,32120.0,33880.0,1.094,0.0244,kis,,,,,,,,,data/raw/price_006800_20260525_20260922.csv,201,False,Broad evaluation pool candidate,29,False,Broad evaluation pool candidate
378800,2026-09-22,2026-09-22,2026-09-22,2026-09-22,HOLD,neutral,50.97,50.97,50.97,55.95,55.95,0,52.89,0.0,0,1.92,0.0,0.0,0.0,0.0,0,0,50.97,v2_conservative_ranker,46.5,-5.0,0,14.6,0.0,0.0,0.0,56.1,56.1,v3_stability_ranker,neutral,510.0,0.0,0.0,0.1111,510.0,505.75,0.0,0.016,kis,,,,,,,,,data/raw/price_378800_20260525_20260922.csv,202,False,Broad evaluation pool candidate,204,False,Broad evaluation pool candidate
004440,2026-09-22,2026-09-22,2026-09-22,2026-09-22,HOLD,neutral,50.95,50.95,50.95,55.5,55.5,0,53.66,-2.0,2,2.71,0.0,0.0,0.0,0.0,0,0,50.95,v2_conservative_ranker,48.5,-3.0,1,13.61,0.0,0.0,0.0,60.11,60.11,v3_stability_ranker,neutral,5170.0,-0.0096,0.0466,0.0,5123.0,5217.0,0.1837,0.0226,kis,,,,,,,,,data/raw/price_004440_20260525_20260922.csv,203,False,Broad evaluation pool candidate,127,False,Broad evaluation pool candidate
026150,2026-09-22,2026-09-22,2026-09-22,2026-09-22,HOLD,neutral,50.91,50.91,50.91,61.11,64.11,-3,55.39,-2.0,2,2.48,0.0,0.0,0.0,0.0,2,0,50.91,v2_conservative_ranker,49.0,-3.0,1,13.89,0.0,0.0,2.0,58.89,58.89,v3_stability_ranker,price_momentum,4020.0,-0.0278,0.0075,0.0469,4062.0,3939.75,0.5134,0.0207,unknown,특수건설,특수건설,convertible_bond,medium_attention,no_risk_noise,,,,data/raw/price_026150_20260823_20260922.csv,204,False,Broad evaluation pool candidate,151,False,Broad evaluation pool candidate
092790,2026-09-22,2026-09-22,2026-09-22,2026-09-22,HOLD,neutral,50.85,50.85,50.85,57.26,57.26,0,53.85,-2.0,2,3.0,0.0,0.0,0.0,0.0,0,0,50.85,v2_conservative_ranker,46.5,-3.0,1,13.25,0.0,0.0,0.0,57.75,57.75,v3_stability_ranker,neutral,13950.0,0.0,-0.005,0.1529,13972.0,13441.0,0.102,0.025,kis,,,,,,,,,data/raw/price_092790_20260525_20260922.csv,205,False,Broad evaluation pool candidate,173,False,Broad evaluation pool candidate
440110,2026-09-22,2026-09-22,2026-09-22,2026-09-22,HOLD,neutral,50.81,50.81,50.81,70.23,70.23,0,60.76,-2.0,2,7.58,2.04,0.32,0.0,0.0,0,0,50.81,v2_conservative_ranker,50.5,-3.0,1,3.52,10.72,2.91,0.0,38.39,38.39,v3_stability_ranker,neutral,71200.0,0.087,0.1577,0.1073,64120.0,65820.0,0.6982,0.0632,kis,,,,,,,,,data/raw/price_440110_20260525_20260922.csv,206,False,Broad evaluation pool candidate,620,False,Broad evaluation pool candidate
079810,2026-09-22,2026-09-22,2026-09-22,2026-09-22,HOLD,neutral,50.8,50.8,50.8,57.08,57.08,0,54.4,-2.0,2,3.6,0.0,0.0,0.0,0.0,0,0,50.8,v2_conservative_ranker,54.5,-3.0,1,12.5,0.0,0.0,0.0,65.0,65.0,v3_stability_ranker,neutral,3700.0,0.0207,0.0151,0.1111,3707.0,3768.75,0.1695,0.03,kis,,,,,,,,,data/raw/price_079810_20260525_20260922.csv,207,False,Broad evaluation pool candidate,61,False,Broad evaluation pool candidate
279600,2026-09-22,2026-09-22,2026-09-22,2026-09-22,HOLD,neutral,50.76,50.76,50.76,58.17,58.17,0,52.91,0.0,2,4.15,0.0,0.0,0.0,0.0,0,0,50.76,v2_conservative_ranker,54.5,2.0,1,11.81,0.0,0.0,0.0,69.31,69.31,v3_stability_ranker,neutral,3945.0,-0.0088,0.03,0.026,3898.0,3914.75,0.8877,0.0346,kis,,,,,,,,,data/raw/price_279600_20260525_20260922.csv,208,False,Broad evaluation pool candidate,23,False,Broad evaluation pool candidate
025980,2026-09-22,2026-09-22,2026-09-22,2026-09-22,HOLD,neutral,50.72,50.72,50.72,56.16,56.16,0,54.53,-2.0,2,3.82,0.0,0.0,0.0,0.0,0,0,50.72,v2_conservative_ranker,54.5,-3.0,1,12.23,0.0,0.0,0.0,64.73,64.73,v3_stability_ranker,neutral,5360.0,0.0288,0.0368,0.053,5190.0,5259.0,0.1683,0.0318,kis,,,,,,,,,data/raw/price_025980_20260525_20260922.csv,209,False,Broad evaluation pool candidate,63,False,Broad evaluation pool candidate
030530,2026-09-22,2026-09-22,2026-09-22,2026-09-22,HOLD,neutral,50.7,50.7,50.7,69.18,69.18,0,64.99,-2.0,2,9.5,2.86,1.92,0.0,0.0,0,0,50.7,v2_conservative_ranker,46.53,-3.0,1,2.12,9.99,5.47,0.0,31.19,31.19,v3_stability_ranker,price_momentum,26550.0,-0.013,0.0599,0.3477,26060.0,22167.0,0.1854,0.0792,kis,,,,,,,,,data/raw/price_030530_20260525_20260922.csv,210,False,Broad evaluation pool candidate,674,False,Broad evaluation pool candidate
138040,2026-09-22,2026-09-22,2026-09-22,2026-09-22,HOLD,neutral,50.6,50.6,50.6,56.29,56.29,0,53.67,-2.0,2,3.07,0.0,0.0,0.0,0.0,0,0,50.6,v2_conservative_ranker,54.5,-3.0,1,13.16,0.0,0.0,0.0,65.66,65.66,v3_stability_ranker,neutral,129300.0,-0.0046,0.0221,0.0704,127500.0,127505.0,0.1864,0.0256,kis,,,,,,,,,data/raw/price_138040_20260525_20260922.csv,211,False,Broad evaluation pool candidate,55,False,Broad evaluation pool candidate
035620,2026-09-22,2026-09-22,2026-09-22,2026-09-22,HOLD,neutral,50.52,50.52,50.52,55.69,55.69,0,52.06,0.0,2,3.54,0.0,0.0,0.0,0.0,0,0,50.52,v2_conservative_ranker,44.72,2.0,1,12.57,0.0,0.0,0.0,60.3,60.3,v3_stability_ranker,neutral,654.0,0.0283,0.06,-0.084,628.8,675.05,0.8063,0.0295,kis,,,,,,,,,data/raw/price_035620_20260525_20260922.csv,212,False,Broad evaluation pool candidate,124,False,Broad evaluation pool candidate
083470,2026-09-22,2026-09-22,2026-09-22,2026-09-22,HOLD,neutral,50.48,50.48,50.48,56.29,56.29,0,55.26,-2.0,2,4.78,0.0,0.0,0.0,0.0,0,0,50.48,v2_conservative_ranker,48.5,-3.0,1,11.03,0.0,0.0,0.0,57.53,57.53,v3_stability_ranker,neutral,915.0,0.0,0.0841,-0.0498,890.2,898.9,0.3921,0.0398,kis,,,,,,,,,data/raw/price_083470_20260525_20260922.csv,213,False,Broad evaluation pool candidate,179,False,Broad evaluation pool candidate
178780,2026-09-22,2026-09-22,2026-09-22,2026-09-22,HOLD,neutral,50.4,50.4,50.4,59.11,59.11,0,54.94,-2.0,2,4.55,0.0,0.0,0.0,0.0,0,0,50.4,v2_conservative_ranker,49.0,-3.0,1,11.31,0.0,0.0,0.0,58.31,58.31,v3_stability_ranker,price_momentum,2530.0,0.0327,0.008,0.0327,2485.0,2434.25,0.0773,0.0379,kis,,,,,,,,,data/raw/price_178780_20260525_20260922.csv,214,False,Broad evaluation pool candidate,160,False,Broad evaluation pool candidate
007110,2026-09-22,2026-09-22,2026-09-22,2026-09-22,HOLD,neutral,50.36,50.36,50.36,55.1,55.1,0,52.3,0.0,0,1.94,0.0,0.0,0.0,0.0,0,0,50.36,v2_conservative_ranker,46.5,-5.0,0,14.57,0.0,0.0,0.0,56.07,56.07,v3_stability_ranker,neutral,603.0,0.0,0.0,0.0944,603.0,601.4,0.0,0.0162,kis,,,,,,,,,data/raw/price_007110_20260525_20260922.csv,215,False,Broad evaluation pool candidate,205,False,Broad evaluation pool candidate
226330,2026-09-22,2026-09-22,2026-09-22,2026-09-22,HOLD,neutral,50.3,50.3,50.3,64.19,64.19,0,60.44,-2.0,2,7.72,1.99,0.43,0.0,0.0,0,0,50.3,v2_conservative_ranker,54.5,-3.0,1,3.36,7.07,3.09,0.0,45.7,45.7,v3_stability_ranker,neutral,1342.0,0.0866,0.0991,0.0982,1226.0,1292.6,0.6335,0.0643,kis,,,,,,,,,data/raw/price_226330_20260525_20260922.csv,216,False,Broad evaluation pool candidate,513,False,Broad evaluation pool candidate
066980,2026-09-22,2026-09-22,2026-09-22,2026-09-22,HOLD,neutral,50.24,50.24,50.24,55.13,55.13,0,52.32,-2.0,2,2.08,0.0,0.0,0.0,0.0,0,0,50.24,v2_conservative_ranker,48.5,-3.0,1,14.41,0.0,0.0,0.0,60.91,60.91,v3_stability_ranker,neutral,1516.0,0.0161,0.0448,-0.0332,1489.8,1525.4,0.3402,0.0173,kis,,,,,,,,,data/raw/price_066980_20260525_20260922.csv,217,False,Broad evaluation pool candidate,116,False,Broad evaluation pool candidate
208640,2026-09-22,2026-09-22,2026-09-22,2026-09-22,HOLD,neutral,50.21,50.21,50.21,82.09,82.09,0,67.0,-2.0,2,7.08,9.71,0.0,0.0,0.0,0,0,50.21,v2_conservative_ranker,33.4,-3.0,1,1.15,24.01,2.24,0.0,6.3,6.3,v3_stability_ranker,price_momentum,893.0,-0.0832,0.2368,0.3408,824.2,722.4,0.498,0.059,kis,,,,,,,,,data/raw/price_208640_20260525_20260922.csv,218,False,Broad evaluation pool candidate,740,False,Broad evaluation pool candidate
182360,2026-09-22,2026-09-22,2026-09-22,2026-09-22,HOLD,neutral,50.02,50.02,50.02,57.38,57.38,0,53.19,-2.0,2,3.17,0.0,0.0,0.0,0.0,0,0,50.02,v2_conservative_ranker,46.5,-3.0,1,13.04,0.0,0.0,0.0,57.54,57.54,v3_stability_ranker,neutral,6330.0,0.0177,-0.0109,0.1509,6446.0,6025.0,0.2608,0.0264,kis,,,,,,,,,data/raw/price_182360_20260525_20260922.csv,219,False,Broad evaluation pool candidate,178,False,Broad evaluation pool candidate
009320,2026-09-22,2026-09-22,2026-09-22,2026-09-22,HOLD,neutral,50.0,50.0,50.0,53.57,53.57,0,51.36,-2.0,2,1.36,0.0,0.0,0.0,0.0,0,0,50.0,v2_conservative_ranker,48.5,-3.0,1,15.3,0.0,0.0,0.0,61.8,61.8,v3_stability_ranker,neutral,968.0,0.001,0.0243,-0.0021,953.8,956.4,0.0618,0.0113,kis,,,,,,,,,data/raw/price_009320_20260525_20260922.csv,220,False,Broad evaluation pool candidate,97,False,Broad evaluation pool candidate
121600,2026-09-22,2026-09-22,2026-09-22,2026-09-22,HOLD,neutral,49.87,49.87,49.87,59.02,62.02,-3,56.05,-2.0,2,4.18,0.0,0.0,0.0,0.0,2,0,49.87,v2_conservative_ranker,49.0,-3.0,1,11.78,0.0,0.0,2.0,56.78,56.78,v3_stability_ranker,price_momentum,51600.0,-0.0077,0.0058,0.0705,51780.0,49435.0,0.2322,0.0348,unknown,나노신소재,나노신소재,convertible_bond,,,,,,data/raw/price_121600_20260823_20260922.csv,221,False,Broad evaluation pool candidate,189,False,Broad evaluation pool candidate
277410,2026-09-22,2026-09-22,2026-09-22,2026-09-22,HOLD,neutral,49.86,49.86,49.86,59.39,63.39,-4,56.33,-2.0,2,1.78,0.0,0.0,0.0,4.7,0,0,49.86,v2_conservative_ranker,51.0,-3.0,1,14.78,0.0,0.0,7.2,56.58,56.58,v3_stability_ranker,price_momentum,5590.0,-0.0158,0.0352,-0.0053,5658.0,5570.0,0.2685,0.0148,kis,,,,low_attention,risk_noise_detected,,,,data/raw/price_277410_20260525_20260922.csv,222,False,Broad evaluation pool candidate,195,False,Broad evaluation pool candidate
120110,2026-09-22,2026-09-22,2026-09-22,2026-09-22,HOLD,neutral,49.83,49.83,49.83,55.14,55.14,0,54.04,-2.0,2,4.21,0.0,0.0,0.0,0.0,0,0,49.83,v2_conservative_ranker,48.5,-3.0,1,11.73,0.0,0.0,0.0,58.23,58.23,v3_stability_ranker,neutral,56100.0,-0.0175,0.0447,0.0163,55940.0,55945.0,0.2271,0.0351,kis,,,,,,,,,data/raw/price_120110_20260525_20260922.csv,223,False,Broad evaluation pool candidate,163,False,Broad evaluation pool candidate
059270,2026-09-22,2026-09-22,2026-09-22,2026-09-22,HOLD,neutral,49.77,49.77,49.77,52.91,52.91,0,52.83,-2.0,2,3.06,0.0,0.0,0.0,0.0,0,0,49.77,v2_conservative_ranker,44.99,-3.0,1,13.18,0.0,0.0,0.0,56.17,56.17,v3_stability_ranker,neutral,5200.0,0.0039,0.0656,-0.078,5060.0,5288.0,0.1326,0.0255,kis,,,,,,,,,data/raw/price_059270_20260525_20260922.csv,224,False,Broad evaluation pool candidate,203,False,Broad evaluation pool candidate
089860,2026-09-22,2026-09-22,2026-09-22,2026-09-22,HOLD,neutral,49.7,49.7,49.7,54.2,54.2,0,52.36,-2.0,2,2.66,0.0,0.0,0.0,0.0,0,0,49.7,v2_conservative_ranker,54.5,-3.0,1,13.67,0.0,0.0,0.0,66.17,66.17,v3_stability_ranker,neutral,49350.0,0.003,0.0196,0.04,48840.0,49110.0,0.0765,0.0222,kis,,,,,,,,,data/raw/price_089860_20260525_20260922.csv,225,False,Broad evaluation pool candidate,52,False,Broad evaluation pool candidate
025560,2026-09-22,2026-09-22,2026-09-22,2026-09-22,HOLD,neutral,49.67,49.67,49.67,55.38,55.38,0,52.75,-2.0,2,3.07,0.0,0.0,0.0,0.0,0,0,49.67,v2_conservative_ranker,43.11,-3.0,1,13.16,0.0,0.0,0.0,54.27,54.27,v3_stability_ranker,neutral,6390.0,0.0357,0.0794,-0.1198,6110.0,6226.5,0.6651,0.0256,kis,,,,,,,,,data/raw/price_025560_20260525_20260922.csv,226,False,Broad evaluation pool candidate,269,False,Broad evaluation pool candidate
291230,2026-09-22,2026-09-22,2026-09-22,2026-09-22,HOLD,neutral,49.6,49.6,49.6,55.16,55.16,0,51.54,-2.0,2,1.94,0.0,0.0,0.0,0.0,0,0,49.6,v2_conservative_ranker,46.5,-3.0,1,14.57,0.0,0.0,0.0,59.07,59.07,v3_stability_ranker,neutral,2525.0,-0.0039,-0.0039,0.0837,2533.0,2530.25,0.1649,0.0162,kis,,,,,,,,,data/raw/price_291230_20260525_20260922.csv,227,False,Broad evaluation pool candidate,148,False,Broad evaluation pool candidate
196450,2026-09-22,2026-09-22,2026-09-22,2026-09-22,HOLD,neutral,49.59,49.59,49.59,54.79,54.79,0,50.64,-2.0,2,1.04,0.0,0.0,0.0,0.0,0,0,49.59,v2_conservative_ranker,48.5,-3.0,1,15.7,0.0,0.0,0.0,62.2,62.2,v3_stability_ranker,neutral,3915.0,0.0,0.0195,-0.0089,3889.0,3927.5,0.359,0.0087,kis,,,,,,,,,data/raw/price_196450_20260525_20260922.csv,228,False,Broad evaluation pool candidate,92,False,Broad evaluation pool candidate
108230,2026-09-22,2026-09-22,2026-09-22,2026-09-22,HOLD,neutral,49.57,49.57,49.57,54.27,54.27,0,53.11,-2.0,2,3.54,0.0,0.0,0.0,0.0,0,0,49.57,v2_conservative_ranker,54.5,-3.0,1,12.57,0.0,0.0,0.0,65.08,65.08,v3_stability_ranker,neutral,3255.0,0.0,0.0188,0.0637,3232.0,3256.5,0.0262,0.0295,kis,,,,,,,,,data/raw/price_108230_20260525_20260922.csv,229,False,Broad evaluation pool candidate,60,False,Broad evaluation pool candidate
199290,2026-09-22,2026-09-22,2026-09-22,2026-09-22,HOLD,neutral,49.52,49.52,49.52,67.6,67.6,0,61.9,-2.0,2,10.0,0.0,2.38,0.0,0.0,0,0,49.52,v2_conservative_ranker,53.0,-3.0,1,5.0,2.18,6.21,0.0,47.62,47.62,v3_stability_ranker,price_momentum,400.0,0.039,0.1429,0.0256,395.0,380.3,0.0042,0.0838,kis,,,,,,,,,data/raw/price_199290_20260525_20260922.csv,230,False,Broad evaluation pool candidate,463,False,Broad evaluation pool candidate
069920,2026-09-22,2026-09-22,2026-09-22,2026-09-22,HOLD,neutral,49.52,49.52,49.52,65.87,65.87,0,62.13,-2.0,2,10.0,0.0,2.61,0.0,0.0,0,0,49.52,v2_conservative_ranker,50.27,-3.0,1,5.0,0.0,6.58,0.0,46.7,46.7,v3_stability_ranker,price_momentum,1252.0,-0.0103,0.0313,0.2408,1253.2,1208.45,0.1234,0.0861,kis,,,,,,,,,data/raw/price_069920_20260525_20260922.csv,231,False,Broad evaluation pool candidate,493,False,Broad evaluation pool candidate
070590,2026-09-22,2026-09-22,2026-09-22,2026-09-22,HOLD,neutral,49.52,49.52,49.52,54.87,54.87,0,52.24,-2.0,2,2.72,0.0,0.0,0.0,0.0,0,0,49.52,v2_conservative_ranker,46.5,-3.0,1,13.59,0.0,0.0,0.0,58.09,58.09,v3_stability_ranker,neutral,2110.0,-0.0024,0.0,0.0927,2095.0,2027.65,0.0837,0.0227,kis,,,,,,,,,data/raw/price_070590_20260525_20260922.csv,232,False,Broad evaluation pool candidate,166,False,Broad evaluation pool candidate
005940,2026-09-22,2026-09-22,2026-09-22,2026-09-22,HOLD,neutral,49.49,49.49,49.49,55.55,55.55,0,50.87,-2.0,2,1.38,0.0,0.0,0.0,0.0,0,0,49.49,v2_conservative_ranker,48.5,-3.0,1,15.28,0.0,0.0,0.0,61.77,61.77,v3_stability_ranker,neutral,26400.0,0.0038,0.0213,-0.0075,25810.0,26297.5,0.4902,0.0115,kis,,,,,,,,,data/raw/price_005940_20260525_20260922.csv,233,False,Broad evaluation pool candidate,99,False,Broad evaluation pool candidate
163730,2026-09-22,2026-09-22,2026-09-22,2026-09-22,HOLD,neutral,49.45,49.45,49.45,101.42,101.42,0,74.95,0.0,3,5.4,18.1,0.0,6.0,0.0,0,1,49.45,v2_conservative_ranker,39.93,8.0,6,3.25,34.02,0.0,9.0,14.16,14.16,v3_stability_ranker,strong_price_momentum,11980.0,0.1052,0.2896,0.1699,10316.0,9699.5,1.0701,0.045,kis,,,,,,6,2,2,data/raw/price_163730_20260525_20260922.csv,234,False,Broad evaluation pool candidate,726,False,Broad evaluation pool candidate
008470,2026-09-22,2026-09-22,2026-09-22,2026-09-22,HOLD,neutral,49.4,49.4,49.4,54.27,54.27,0,50.15,-2.0,2,0.76,0.0,0.0,0.0,0.0,0,0,49.4,v2_conservative_ranker,40.5,-3.0,1,16.05,0.0,0.0,0.0,54.55,54.55,v3_stability_ranker,neutral,1690.0,0.0,0.0138,-0.0065,1679.0,1688.8,0.3069,0.0063,kis,,,,,,,,,data/raw/price_008470_20260525_20260922.csv,235,False,Broad evaluation pool candidate,262,False,Broad evaluation pool candidate
333050,2026-09-22,2026-09-22,2026-09-22,2026-09-22,HOLD,neutral,49.37,49.37,49.37,55.43,55.43,0,51.62,-2.0,2,2.26,0.0,0.0,0.0,0.0,0,0,49.37,v2_conservative_ranker,46.5,-3.0,1,14.18,0.0,0.0,0.0,58.68,58.68,v3_stability_ranker,neutral,5630.0,-0.0105,-0.014,0.1149,5658.0,5314.75,0.1609,0.0188,kis,,,,,,,,,data/raw/price_333050_20260525_20260922.csv,236,False,Broad evaluation pool candidate,156,False,Broad evaluation pool candidate
011560,2026-09-22,2026-09-22,2026-09-22,2026-09-22,HOLD,neutral,49.33,49.33,49.33,56.0,56.0,0,54.49,-2.0,2,5.16,0.0,0.0,0.0,0.0,0,0,49.33,v2_conservative_ranker,54.5,-3.0,1,10.55,0.0,0.0,0.0,63.05,63.05,v3_stability_ranker,neutral,24550.0,-0.0081,0.0272,0.0791,24490.0,24540.0,0.2702,0.043,pykrx,,,,,,,,,data/raw/price_011560_20260525_20260922.csv,237,False,Broad evaluation pool candidate,82,False,Broad evaluation pool candidate
004410,2026-09-22,2026-09-22,2026-09-22,2026-09-22,HOLD,neutral,49.18,49.18,49.18,54.2,54.2,0,51.61,-2.0,2,2.44,0.0,0.0,0.0,0.0,0,0,49.18,v2_conservative_ranker,48.5,-3.0,1,13.96,0.0,0.0,0.0,60.45,60.45,v3_stability_ranker,neutral,1227.0,0.0251,0.032,-0.0168,1192.2,1221.05,0.3118,0.0203,kis,,,,,,,,,data/raw/price_004410_20260525_20260922.csv,238,False,Broad evaluation pool candidate,122,False,Broad evaluation pool candidate
208860,2026-09-22,2026-09-22,2026-09-22,2026-09-22,HOLD,neutral,49.11,49.11,49.11,52.63,52.63,0,49.91,0.0,0,0.8,0.0,0.0,0.0,0.0,0,0,49.11,v2_conservative_ranker,46.5,-5.0,0,15.99,0.0,0.0,0.0,57.49,57.49,v3_stability_ranker,neutral,1303.0,0.0,0.0,0.026,1303.0,1302.5,0.0,0.0067,kis,,,,,,,,,data/raw/price_208860_20260525_20260922.csv,239,False,Broad evaluation pool candidate,181,False,Broad evaluation pool candidate
247660,2026-09-22,2026-09-22,2026-09-22,2026-09-22,HOLD,neutral,48.99,48.99,48.99,68.36,68.36,0,64.28,-2.0,2,8.92,4.95,1.43,0.0,0.0,0,0,48.99,v2_conservative_ranker,43.0,-3.0,1,5.85,8.99,4.69,0.0,33.17,33.17,v3_stability_ranker,price_momentum,4190.0,-0.0176,0.0528,0.4599,4214.0,3837.25,0.0849,0.0743,kis,,,,,,,,,data/raw/price_247660_20260525_20260922.csv,240,False,Broad evaluation pool candidate,657,False,Broad evaluation pool candidate
051630,2026-09-22,2026-09-22,2026-09-22,2026-09-22,HOLD,neutral,48.98,48.98,48.98,78.05,78.05,0,67.0,-2.0,2,9.74,6.16,2.12,0.0,0.0,0,0,48.98,v2_conservative_ranker,39.0,-3.0,1,2.0,13.13,5.79,0.0,20.08,20.08,v3_stability_ranker,price_momentum,1576.0,0.0116,0.1529,0.4868,1582.0,1416.65,0.1746,0.0812,kis,,,,,,,,,data/raw/price_051630_20260525_20260922.csv,241,False,Broad evaluation pool candidate,709,False,Broad evaluation pool candidate
431190,2026-09-22,2026-09-22,2026-09-22,2026-09-22,HOLD,neutral,48.89,48.89,48.89,70.11,70.11,0,63.99,-2.0,2,7.78,6.85,0.48,0.0,0.0,0,0,48.89,v2_conservative_ranker,43.21,-3.0,1,4.28,14.48,3.17,0.0,27.84,27.84,v3_stability_ranker,price_momentum,3895.0,0.0318,0.0499,0.4426,3679.0,3260.25,0.2667,0.0648,kis,,,,,,,,,data/raw/price_431190_20260525_20260922.csv,242,False,Broad evaluation pool candidate,687,False,Broad evaluation pool candidate
056090,2026-09-22,2026-09-22,2026-09-22,2026-09-22,HOLD,neutral,48.86,48.86,48.86,53.38,53.38,0,51.52,0.0,0,2.66,0.0,0.0,0.0,0.0,0,0,48.86,v2_conservative_ranker,46.5,-5.0,0,13.67,0.0,0.0,0.0,55.17,55.17,v3_stability_ranker,neutral,1190.0,0.0,0.0,0.0721,1190.0,1180.2,0.0,0.0222,kis,,,,,,,,,data/raw/price_056090_20260525_20260922.csv,243,False,Broad evaluation pool candidate,223,False,Broad evaluation pool candidate
051980,2026-09-22,2026-09-22,2026-09-22,2026-09-22,HOLD,neutral,48.84,48.84,48.84,53.7,53.7,0,52.09,0.0,0,3.25,0.0,0.0,0.0,0.0,0,0,48.84,v2_conservative_ranker,46.5,-5.0,0,12.94,0.0,0.0,0.0,54.44,54.44,v3_stability_ranker,neutral,1035.0,0.0,0.0,0.0883,1035.0,1018.15,0.0,0.0271,kis,,,,low_attention,no_risk_noise,,,,data/raw/price_051980_20260525_20260922.csv,244,False,Broad evaluation pool candidate,266,False,Broad evaluation pool candidate
115530,2026-09-22,2026-09-22,2026-09-22,2026-09-22,HOLD,neutral,48.77,48.77,48.77,60.26,60.26,0,54.87,-2.0,2,6.1,0.0,0.0,0.0,0.0,0,0,48.77,v2_conservative_ranker,41.76,-3.0,1,5.38,1.68,0.93,0.0,42.53,42.53,v3_stability_ranker,neutral,2850.0,-0.064,0.1377,-0.061,2761.0,2914.5,0.4361,0.0508,kis,,,,,,,,,data/raw/price_115530_20260525_20260922.csv,245,False,Broad evaluation pool candidate,558,False,Broad evaluation pool candidate
107590,2026-09-22,2026-09-22,2026-09-22,2026-09-22,HOLD,neutral,48.77,48.77,48.77,53.12,53.12,0,50.37,-2.0,2,1.6,0.0,0.0,0.0,0.0,0,0,48.77,v2_conservative_ranker,46.5,-3.0,1,15.01,0.0,0.0,0.0,59.51,59.51,v3_stability_ranker,neutral,61500.0,0.0216,0.0049,0.025,60800.0,62130.0,0.119,0.0133,kis,,,,low_attention,no_risk_noise,,,,data/raw/price_107590_20260525_20260922.csv,246,False,Broad evaluation pool candidate,139,False,Broad evaluation pool candidate
076080,2026-09-22,2026-09-22,2026-09-22,2026-09-22,HOLD,neutral,48.75,48.75,48.75,57.82,61.82,-4,56.17,-2.0,2,2.72,0.0,0.0,0.0,4.7,0,0,48.75,v2_conservative_ranker,57.0,-3.0,1,13.59,0.0,0.0,7.2,61.39,61.39,v3_stability_ranker,price_momentum,1122.0,-0.0062,0.0247,0.02,1131.4,1122.75,0.1029,0.0227,kis,,,,low_attention,risk_noise_detected,,,,data/raw/price_076080_20260525_20260922.csv,247,False,Broad evaluation pool candidate,106,False,Broad evaluation pool candidate
057540,2026-09-22,2026-09-22,2026-09-22,2026-09-22,HOLD,neutral,48.74,48.74,48.74,55.39,59.39,-4,52.46,0.0,3,2.02,0.0,0.0,0.0,4.7,0,0,48.74,v2_conservative_ranker,48.5,2.0,6,14.48,0.0,0.0,7.2,63.78,63.78,v3_stability_ranker,neutral,605.0,0.0017,0.0485,-0.0397,588.8,598.45,1.034,0.0168,kis,,,,low_attention,risk_noise_detected,,,,data/raw/price_057540_20260525_20260922.csv,248,False,Broad evaluation pool candidate,73,False,Broad evaluation pool candidate
047400,2026-09-22,2026-09-22,2026-09-22,2026-09-22,HOLD,neutral,48.73,48.73,48.73,95.31,95.31,0,66.95,0.0,3,5.22,8.0,8.0,0.0,0.0,0,0,48.73,v2_conservative_ranker,53.0,-9.0,4,3.48,12.0,14.0,0.0,25.48,25.48,v3_stability_ranker,price_momentum,1040.0,0.1391,0.1087,0.0558,938.0,931.8,11.6901,0.0435,kis,,,,,,,,,data/raw/price_047400_20260525_20260922.csv,249,False,Broad evaluation pool candidate,699,False,Broad evaluation pool candidate
203650,2026-09-22,2026-09-22,2026-09-22,2026-09-22,HOLD,neutral,48.68,48.68,48.68,66.18,66.18,0,59.54,-2.0,2,7.16,3.69,0.0,0.0,0.0,0,0,48.68,v2_conservative_ranker,37.99,-3.0,1,1.04,11.68,2.35,0.0,23.0,23.0,v3_stability_ranker,price_momentum,2815.0,0.0484,0.0054,0.3632,2751.0,2342.6,0.2681,0.0597,kis,,,,,,,,,data/raw/price_203650_20260525_20260922.csv,250,False,Broad evaluation pool candidate,702,False,Broad evaluation pool candidate
235980,2026-09-22,2026-09-22,2026-09-22,2026-09-22,HOLD,neutral,48.67,48.67,48.67,54.64,54.64,0,51.63,-2.0,2,2.96,0.0,0.0,0.0,0.0,0,0,48.67,v2_conservative_ranker,46.5,-3.0,1,13.29,0.0,0.0,0.0,57.8,57.8,v3_stability_ranker,neutral,2780.0,0.0183,0.0146,0.0335,2775.0,2785.25,0.329,0.0247,kis,,,,medium_attention,no_risk_noise,,,,data/raw/price_235980_20260525_20260922.csv,251,False,Broad evaluation pool candidate,171,False,Broad evaluation pool candidate
352700,2026-09-22,2026-09-22,2026-09-22,2026-09-22,HOLD,neutral,48.54,48.54,48.54,55.26,55.26,0,50.02,-2.0,2,1.48,0.0,0.0,0.0,0.0,0,0,48.54,v2_conservative_ranker,46.5,-3.0,1,15.15,0.0,0.0,0.0,59.66,59.66,v3_stability_ranker,neutral,1449.0,-0.0041,-0.0223,0.0928,1464.4,1450.25,0.3473,0.0123,kis,,,,,,,,,data/raw/price_352700_20260525_20260922.csv,252,False,Broad evaluation pool candidate,136,False,Broad evaluation pool candidate
049830,2026-09-22,2026-09-22,2026-09-22,2026-09-22,HOLD,neutral,48.5,48.5,48.5,54.36,51.36,3,48.67,-2.0,2,1.16,0.0,0.0,0.0,0.0,0,1,48.5,v2_conservative_ranker,40.5,-3.0,1,15.54,0.0,0.0,0.0,54.05,54.05,v3_stability_ranker,neutral,6300.0,-0.0063,0.0064,-0.0278,6346.0,6364.5,0.1796,0.0097,unknown,승일,승일,supply_contract,,,,,,data/raw/price_049830_20260823_20260922.csv,253,False,Broad evaluation pool candidate,272,False,Broad evaluation pool candidate
060230,2026-09-22,2026-09-22,2026-09-22,2026-09-22,HOLD,neutral,48.44,48.44,48.44,54.02,54.02,0,54.68,-2.0,2,6.24,0.0,0.0,0.0,0.0,0,0,48.44,v2_conservative_ranker,54.5,-3.0,1,9.2,0.0,1.12,0.0,60.58,60.58,v3_stability_ranker,neutral,1224.0,-0.0362,0.0444,0.0355,1200.4,1218.95,0.168,0.052,kis,,,,,,,,,data/raw/price_060230_20260525_20260922.csv,254,False,Broad evaluation pool candidate,120,False,Broad evaluation pool candidate
004140,2026-09-22,2026-09-22,2026-09-22,2026-09-22,HOLD,neutral,48.38,48.38,48.38,52.65,52.65,0,49.49,-2.0,2,1.1,0.0,0.0,0.0,0.0,0,0,48.38,v2_conservative_ranker,40.5,-3.0,1,15.62,0.0,0.0,0.0,54.12,54.12,v3_stability_ranker,neutral,1796.0,-0.0033,0.0147,-0.0281,1785.0,1806.2,0.251,0.0092,kis,,,,,,,,,data/raw/price_004140_20260525_20260922.csv,255,False,Broad evaluation pool candidate,271,False,Broad evaluation pool candidate
469750,2026-09-22,2026-09-22,2026-09-22,2026-09-22,HOLD,neutral,48.35,48.35,48.35,51.91,51.91,0,49.76,0.0,0,1.4,0.0,0.0,0.0,0.0,0,0,48.35,v2_conservative_ranker,46.5,-5.0,0,15.24,0.0,0.0,0.0,56.74,56.74,v3_stability_ranker,neutral,991.0,0.0,0.0,0.0216,991.0,980.2,0.0,0.0117,kis,,,,,,,,,data/raw/price_469750_20260525_20260922.csv,256,False,Broad evaluation pool candidate,191,False,Broad evaluation pool candidate
069730,2026-09-22,2026-09-22,2026-09-22,2026-09-22,HOLD,neutral,48.33,48.33,48.33,51.88,51.88,0,50.09,-2.0,2,1.75,0.0,0.0,0.0,0.0,0,0,48.33,v2_conservative_ranker,48.5,-3.0,1,14.81,0.0,0.0,0.0,61.31,61.31,v3_stability_ranker,neutral,5360.0,-0.0074,0.021,-0.029,5336.0,5422.5,0.1148,0.0146,kis,,,,,,,,,data/raw/price_069730_20260525_20260922.csv,257,False,Broad evaluation pool candidate,109,False,Broad evaluation pool candidate
031860,2026-09-22,2026-09-22,2026-09-22,2026-09-22,HOLD,neutral,48.3,48.3,48.3,56.0,60.0,-4,53.0,0.0,0,0.0,0.0,0.0,0.0,4.7,0,0,48.3,v2_conservative_ranker,43.0,-5.0,0,17.0,0.0,0.0,7.2,47.8,47.8,v3_stability_ranker,price_momentum,6930.0,0.0,0.0,0.0,6930.0,6930.0,0.0,0.0,kis,,,,low_attention,risk_noise_detected,,,,data/raw/price_031860_20260525_20260922.csv,258,False,Broad evaluation pool candidate,457,False,Broad evaluation pool candidate
005820,2026-09-22,2026-09-22,2026-09-22,2026-09-22,HOLD,neutral,48.26,48.26,48.26,52.16,52.16,0,49.88,-2.0,2,1.62,0.0,0.0,0.0,0.0,0,0,48.26,v2_conservative_ranker,48.5,-3.0,1,14.97,0.0,0.0,0.0,61.48,61.48,v3_stability_ranker,neutral,14630.0,-0.0027,0.0174,-0.0247,14540.0,14807.5,0.1667,0.0135,kis,,,,,,,,,data/raw/price_005820_20260525_20260922.csv,259,False,Broad evaluation pool candidate,104,False,Broad evaluation pool candidate
383800,2026-09-22,2026-09-22,2026-09-22,2026-09-22,HOLD,neutral,48.24,48.24,48.24,54.52,54.52,0,49.66,-2.0,2,1.42,0.0,0.0,0.0,0.0,0,0,48.24,v2_conservative_ranker,40.5,-3.0,1,15.23,0.0,0.0,0.0,53.73,53.73,v3_stability_ranker,neutral,8090.0,0.0037,0.01,-0.0098,8060.0,8115.5,0.5311,0.0118,kis,,,,,,,,,data/raw/price_383800_20260525_20260922.csv,260,False,Broad evaluation pool candidate,280,False,Broad evaluation pool candidate
033530,2026-09-22,2026-09-22,2026-09-22,2026-09-22,HOLD,neutral,48.21,48.21,48.21,52.57,52.57,0,50.11,-2.0,2,1.9,0.0,0.0,0.0,0.0,0,0,48.21,v2_conservative_ranker,48.5,-3.0,1,14.63,0.0,0.0,0.0,61.13,61.13,v3_stability_ranker,neutral,6730.0,0.0,0.0197,-0.0246,6736.0,6824.0,0.2352,0.0158,kis,,,,,,,,,data/raw/price_033530_20260525_20260922.csv,261,False,Broad evaluation pool candidate,111,False,Broad evaluation pool candidate
101680,2026-09-22,2026-09-22,2026-09-22,2026-09-22,HOLD,neutral,48.14,48.14,48.14,53.19,53.19,0,50.98,-2.0,2,2.84,0.0,0.0,0.0,0.0,0,0,48.14,v2_conservative_ranker,46.5,-3.0,1,13.45,0.0,0.0,0.0,57.95,57.95,v3_stability_ranker,neutral,2990.0,-0.0017,-0.0066,0.0755,2978.0,2884.25,0.0738,0.0237,kis,,,,,,,,,data/raw/price_101680_20260525_20260922.csv,262,False,Broad evaluation pool candidate,168,False,Broad evaluation pool candidate
222080,2026-09-22,2026-09-22,2026-09-22,2026-09-22,HOLD,neutral,48.09,48.09,48.09,53.57,53.57,0,50.8,-2.0,2,2.71,0.0,0.0,0.0,0.0,0,0,48.09,v2_conservative_ranker,48.5,-3.0,1,13.61,0.0,0.0,0.0,60.11,60.11,v3_stability_ranker,neutral,7750.0,0.0065,0.0238,-0.0165,7670.0,7702.0,0.3789,0.0226,kis,,,,,,,,,data/raw/price_222080_20260525_20260922.csv,263,False,Broad evaluation pool candidate,128,False,Broad evaluation pool candidate
040910,2026-09-22,2026-09-22,2026-09-22,2026-09-22,HOLD,neutral,48.09,48.09,48.09,53.47,53.47,0,47.63,0.0,2,1.54,0.0,0.0,0.0,0.0,0,0,48.09,v2_conservative_ranker,37.8,2.0,1,15.08,0.0,0.0,0.0,55.88,55.88,v3_stability_ranker,neutral,4145.0,0.0134,0.0073,-0.0601,4099.0,4336.0,0.8372,0.0128,kis,,,,,,,,,data/raw/price_040910_20260525_20260922.csv,264,False,Broad evaluation pool candidate,209,False,Broad evaluation pool candidate
042940,2026-09-22,2026-09-22,2026-09-22,2026-09-22,HOLD,neutral,48.07,48.07,48.07,52.13,55.13,-3,52.53,-2.0,2,2.46,0.0,0.0,0.0,0.0,2,0,48.07,v2_conservative_ranker,48.5,-3.0,1,13.93,0.0,0.0,2.0,58.42,58.42,v3_stability_ranker,neutral,5700.0,0.021,0.0352,0.0002,5573.6,5703.5,0.2749,0.0205,unknown,상지건설,상지건설,paid_in_capital_increase,,,,,,data/raw/price_042940_20260823_20260922.csv,265,False,Broad evaluation pool candidate,159,False,Broad evaluation pool candidate
003030,2026-09-22,2026-09-22,2026-09-22,2026-09-22,HOLD,neutral,48.05,48.05,48.05,63.13,63.13,0,56.36,-2.0,2,2.32,0.0,0.0,6.0,0.0,0,0,48.05,v2_conservative_ranker,57.0,-3.0,1,14.11,0.0,0.0,10.6,58.51,58.51,v3_stability_ranker,price_momentum,106500.0,-0.0037,0.0182,0.0441,106160.0,104420.0,0.1727,0.0193,kis,,,,,,7,3,2,data/raw/price_003030_20260525_20260922.csv,266,False,Broad evaluation pool candidate,158,False,Broad evaluation pool candidate
018260,2026-09-22,2026-09-22,2026-09-22,2026-09-22,HOLD,neutral,48.02,48.02,48.02,52.79,52.79,0,51.34,-2.0,2,3.31,0.0,0.0,0.0,0.0,0,0,48.02,v2_conservative_ranker,48.5,-3.0,1,12.86,0.0,0.0,0.0,59.36,59.36,v3_stability_ranker,neutral,226000.0,0.0067,0.0249,-0.0044,220700.0,228800.0,0.2132,0.0276,kis,,,,,,,,,data/raw/price_018260_20260525_20260922.csv,267,False,Broad evaluation pool candidate,141,False,Broad evaluation pool candidate
010960,2026-09-22,2026-09-22,2026-09-22,2026-09-22,HOLD,neutral,47.96,47.96,47.96,51.97,51.97,0,49.43,-2.0,2,1.48,0.0,0.0,0.0,0.0,0,0,47.96,v2_conservative_ranker,40.5,-3.0,1,15.15,0.0,0.0,0.0,53.66,53.66,v3_stability_ranker,neutral,3060.0,0.0,0.0066,-0.0065,3068.0,3098.0,0.1446,0.0123,kis,,,,,,,,,data/raw/price_010960_20260525_20260922.csv,268,False,Broad evaluation pool candidate,284,False,Broad evaluation pool candidate
079940,2026-09-22,2026-09-22,2026-09-22,2026-09-22,HOLD,neutral,47.94,47.94,47.94,50.43,50.43,0,51.5,-2.0,2,3.56,0.0,0.0,0.0,0.0,0,0,47.94,v2_conservative_ranker,44.19,-3.0,1,12.54,0.0,0.0,0.0,54.74,54.74,v3_stability_ranker,neutral,41600.0,0.0012,0.0585,-0.0957,39910.0,42445.0,0.0552,0.0297,kis,,,,,,,,,data/raw/price_079940_20260525_20260922.csv,269,False,Broad evaluation pool candidate,260,False,Broad evaluation pool candidate
267850,2026-09-22,2026-09-22,2026-09-22,2026-09-22,HOLD,neutral,47.94,47.94,47.94,52.05,52.05,0,48.73,-2.0,2,0.79,0.0,0.0,0.0,0.0,0,0,47.94,v2_conservative_ranker,40.5,-3.0,1,16.01,0.0,0.0,0.0,54.51,54.51,v3_stability_ranker,neutral,9140.0,0.0066,0.0011,-0.0108,9118.0,9233.0,0.1896,0.0066,kis,,,,,,,,,data/raw/price_267850_20260525_20260922.csv,270,False,Broad evaluation pool candidate,265,False,Broad evaluation pool candidate
484870,2026-09-22,2026-09-22,2026-09-22,2026-09-22,HOLD,neutral,47.93,47.93,47.93,55.61,55.61,0,54.61,-2.0,2,6.68,0.0,0.0,0.0,0.0,0,0,47.93,v2_conservative_ranker,46.5,-3.0,1,8.64,0.0,1.71,0.0,51.43,51.43,v3_stability_ranker,neutral,18040.0,-0.0061,-0.0039,0.1768,18396.0,17513.0,0.1219,0.0557,kis,,,,,,,,,data/raw/price_484870_20260525_20260922.csv,271,False,Broad evaluation pool candidate,343,False,Broad evaluation pool candidate
092040,2026-09-22,2026-09-22,2026-09-22,2026-09-22,HOLD,neutral,47.82,47.82,47.82,51.11,51.11,0,52.58,-2.0,2,4.76,0.0,0.0,0.0,0.0,0,0,47.82,v2_conservative_ranker,44.0,-3.0,1,11.04,0.0,0.0,0.0,53.05,53.05,v3_stability_ranker,neutral,892.0,0.0045,0.0708,-0.0999,894.4,942.6,0.166,0.0397,kis,,,,,,,,,data/raw/price_092040_20260525_20260922.csv,272,False,Broad evaluation pool candidate,303,False,Broad evaluation pool candidate
333620,2026-09-22,2026-09-22,2026-09-22,2026-09-22,HOLD,neutral,47.77,47.77,47.77,54.01,54.01,0,41.21,5.64,3,2.08,0.0,0.0,0.0,0.0,0,0,47.77,v2_conservative_ranker,32.86,5.0,6,14.41,0.0,0.0,0.0,58.27,58.27,v3_stability_ranker,neutral,4945.0,-0.0398,-0.049,-0.0826,5125.0,5256.25,2.1277,0.0173,kis,,,,,,,,,data/raw/price_333620_20260525_20260922.csv,273,False,Broad evaluation pool candidate,162,False,Broad evaluation pool candidate
419540,2026-09-22,2026-09-22,2026-09-22,2026-09-22,HOLD,neutral,47.75,47.75,47.75,52.79,52.79,0,50.18,-2.0,2,2.42,0.0,0.0,0.0,0.0,0,0,47.75,v2_conservative_ranker,40.5,-3.0,1,13.97,0.0,0.0,0.0,52.47,52.47,v3_stability_ranker,neutral,3170.0,-0.0094,0.0112,0.0016,3169.0,3267.0,0.2689,0.0202,kis,,,,,,,,,data/raw/price_419540_20260525_20260922.csv,274,False,Broad evaluation pool candidate,320,False,Broad evaluation pool candidate
191410,2026-09-22,2026-09-22,2026-09-22,2026-09-22,HOLD,neutral,47.75,47.75,47.75,56.05,56.05,0,54.4,-2.0,2,6.65,0.0,0.0,0.0,0.0,0,0,47.75,v2_conservative_ranker,36.44,-3.0,1,8.69,2.8,1.66,0.0,38.67,38.67,v3_stability_ranker,neutral,1817.0,-0.02,-0.006,0.336,1832.0,1807.45,0.0322,0.0554,kis,,,,,,,,,data/raw/price_191410_20260525_20260922.csv,275,False,Broad evaluation pool candidate,618,False,Broad evaluation pool candidate
005810,2026-09-22,2026-09-22,2026-09-22,2026-09-22,HOLD,neutral,47.73,47.73,47.73,52.65,52.65,0,49.28,-2.0,2,1.55,0.0,0.0,0.0,0.0,0,0,47.73,v2_conservative_ranker,40.5,-3.0,1,15.06,0.0,0.0,0.0,53.56,53.56,v3_stability_ranker,neutral,37500.0,0.004,0.0149,-0.0347,37350.0,37557.5,0.3647,0.0129,kis,,,,,,,,,data/raw/price_005810_20260525_20260922.csv,276,False,Broad evaluation pool candidate,287,False,Broad evaluation pool candidate
010950,2026-09-22,2026-09-22,2026-09-22,2026-09-22,HOLD,neutral,47.71,47.71,47.71,54.47,54.47,0,52.22,-2.0,2,4.51,0.0,0.0,0.0,0.0,0,0,47.71,v2_conservative_ranker,46.5,-3.0,1,11.36,0.0,0.0,0.0,55.86,55.86,v3_stability_ranker,neutral,149800.0,-0.0266,0.0074,0.0708,149900.0,150970.0,0.3243,0.0376,kis,,,,,,,,,data/raw/price_010950_20260525_20260922.csv,277,False,Broad evaluation pool candidate,210,False,Broad evaluation pool candidate
215380,2026-09-22,2026-09-22,2026-09-22,2026-09-22,HOLD,neutral,47.65,47.65,47.65,53.65,53.65,0,50.45,-2.0,2,2.81,0.0,0.0,0.0,0.0,0,0,47.65,v2_conservative_ranker,48.5,-3.0,1,13.49,0.0,0.0,0.0,59.99,59.99,v3_stability_ranker,neutral,2135.0,0.0118,0.0264,-0.0339,2142.0,2155.75,0.5069,0.0234,kis,,,,,,,,,data/raw/price_215380_20260525_20260922.csv,278,False,Broad evaluation pool candidate,130,False,Broad evaluation pool candidate
009160,2026-09-22,2026-09-22,2026-09-22,2026-09-22,HOLD,neutral,47.62,47.62,47.62,52.5,52.5,0,50.03,-2.0,2,2.41,0.0,0.0,0.0,0.0,0,0,47.62,v2_conservative_ranker,48.5,-3.0,1,13.98,0.0,0.0,0.0,60.48,60.48,v3_stability_ranker,neutral,4760.0,0.0085,0.0248,-0.0413,4699.0,4902.0,0.3485,0.0201,kis,,,,,,,,,data/raw/price_009160_20260525_20260922.csv,279,False,Broad evaluation pool candidate,121,False,Broad evaluation pool candidate
023350,2026-09-22,2026-09-22,2026-09-22,2026-09-22,HOLD,neutral,47.6,47.6,47.6,51.91,51.91,0,50.66,-2.0,2,3.06,0.0,0.0,0.0,0.0,0,0,47.6,v2_conservative_ranker,46.5,-3.0,1,13.18,0.0,0.0,0.0,57.67,57.67,v3_stability_ranker,neutral,4015.0,-0.0111,0.0063,0.0295,4007.0,4056.75,0.0586,0.0255,kis,,,,,,,,,data/raw/price_023350_20260525_20260922.csv,280,False,Broad evaluation pool candidate,175,False,Broad evaluation pool candidate
043100,2026-09-22,2026-09-22,2026-09-22,2026-09-22,HOLD,neutral,47.6,47.6,47.6,59.0,60.0,-1,53.0,0.0,0,0.0,0.0,0.0,0.0,5.4,0,0,47.6,v2_conservative_ranker,43.0,-5.0,0,17.0,0.0,0.0,8.2,46.8,46.8,v3_stability_ranker,price_momentum,520.0,0.0,0.0,0.0,520.0,520.0,0.0,0.0,kis,,,,high_attention,risk_noise_detected,,,,data/raw/price_043100_20260525_20260922.csv,281,False,Broad evaluation pool candidate,491,False,Broad evaluation pool candidate
004830,2026-09-22,2026-09-22,2026-09-22,2026-09-22,HOLD,neutral,47.59,47.59,47.59,51.48,51.48,0,48.88,-2.0,2,1.3,0.0,0.0,0.0,0.0,0,0,47.59,v2_conservative_ranker,40.5,-3.0,1,15.38,0.0,0.0,0.0,53.88,53.88,v3_stability_ranker,neutral,3270.0,0.0062,0.0015,-0.0076,3258.0,3313.5,0.132,0.0108,kis,,,,,,,,,data/raw/price_004830_20260525_20260922.csv,282,False,Broad evaluation pool candidate,276,False,Broad evaluation pool candidate
003550,2026-09-22,2026-09-22,2026-09-22,2026-09-22,HOLD,neutral,47.57,47.57,47.57,52.56,52.56,0,50.12,-2.0,2,2.56,0.0,0.0,0.0,0.0,0,0,47.57,v2_conservative_ranker,40.5,-3.0,1,13.8,0.0,0.0,0.0,52.3,52.3,v3_stability_ranker,neutral,114800.0,0.0314,0.0044,0.0195,112400.0,116265.0,0.2132,0.0213,kis,,,,,,,,,data/raw/price_003550_20260525_20260922.csv,283,False,Broad evaluation pool candidate,322,False,Broad evaluation pool candidate
215480,2026-09-22,2026-09-22,2026-09-22,2026-09-22,HOLD,neutral,47.56,47.56,47.56,53.83,53.83,0,49.97,-2.0,2,2.41,0.0,0.0,0.0,0.0,0,0,47.56,v2_conservative_ranker,40.5,-3.0,1,13.98,0.0,0.0,0.0,52.48,52.48,v3_stability_ranker,neutral,2020.0,0.01,0.005,0.0135,2002.0,2011.25,0.4438,0.0201,kis,,,,,,,,,data/raw/price_215480_20260525_20260922.csv,284,False,Broad evaluation pool candidate,319,False,Broad evaluation pool candidate
355390,2026-09-22,2026-09-22,2026-09-22,2026-09-22,HOLD,neutral,47.51,47.51,47.51,64.59,64.59,0,58.19,-2.0,2,9.1,0.0,1.58,0.0,0.0,0,0,47.51,v2_conservative_ranker,38.84,-3.0,1,5.63,4.54,4.93,0.0,33.0,33.0,v3_stability_ranker,price_momentum,1406.0,-0.0182,0.1678,-0.0804,1424.2,1349.05,0.1986,0.0758,kis,,,,,,,,,data/raw/price_355390_20260525_20260922.csv,285,False,Broad evaluation pool candidate,658,False,Broad evaluation pool candidate
216080,2026-09-22,2026-09-22,2026-09-22,2026-09-22,HOLD,neutral,47.5,47.5,47.5,67.6,67.6,0,61.36,-2.0,2,7.5,6.11,0.25,0.0,0.0,0,0,47.5,v2_conservative_ranker,43.0,-3.0,1,4.62,13.23,2.8,0.0,29.59,29.59,v3_stability_ranker,price_momentum,7360.0,0.0027,0.0236,0.4574,7086.0,6283.5,0.2485,0.0625,kis,,,,,,,,,data/raw/price_216080_20260525_20260922.csv,286,False,Broad evaluation pool candidate,679,False,Broad evaluation pool candidate
053580,2026-09-22,2026-09-22,2026-09-22,2026-09-22,HOLD,neutral,47.48,47.48,47.48,52.86,52.86,0,49.48,-2.0,2,2.0,0.0,0.0,0.0,0.0,0,0,47.48,v2_conservative_ranker,40.5,-3.0,1,14.5,0.0,0.0,0.0,53.0,53.0,v3_stability_ranker,neutral,7070.0,0.0276,0.0028,0.0057,6932.0,7051.5,0.3268,0.0167,kis,,,,,,,,,data/raw/price_053580_20260525_20260922.csv,287,False,Broad evaluation pool candidate,308,False,Broad evaluation pool candidate
103140,2026-09-22,2026-09-22,2026-09-22,2026-09-22,HOLD,neutral,47.42,47.42,47.42,50.98,50.98,0,50.74,-2.0,2,3.32,0.0,0.0,0.0,0.0,0,0,47.42,v2_conservative_ranker,44.49,-3.0,1,12.84,0.0,0.0,0.0,55.34,55.34,v3_stability_ranker,neutral,79800.0,0.0231,0.0486,-0.089,78400.0,79320.0,0.2237,0.0277,kis,,,,,,,,,data/raw/price_103140_20260525_20260922.csv,288,False,Broad evaluation pool candidate,220,False,Broad evaluation pool candidate
000640,2026-09-22,2026-09-22,2026-09-22,2026-09-22,HOLD,neutral,47.4,47.4,47.4,52.26,52.26,0,49.27,-2.0,2,1.87,0.0,0.0,0.0,0.0,0,0,47.4,v2_conservative_ranker,46.5,-3.0,1,14.66,0.0,0.0,0.0,59.16,59.16,v3_stability_ranker,neutral,93900.0,0.014,-0.0053,0.0229,93440.0,92955.0,0.2004,0.0156,kis,,,,medium_attention,no_risk_noise,,,,data/raw/price_000640_20260525_20260922.csv,289,False,Broad evaluation pool candidate,144,False,Broad evaluation pool candidate
023760,2026-09-22,2026-09-22,2026-09-22,2026-09-22,HOLD,neutral,47.4,47.4,47.4,52.16,52.16,0,48.77,-2.0,2,1.37,0.0,0.0,0.0,0.0,0,0,47.4,v2_conservative_ranker,46.5,-3.0,1,15.29,0.0,0.0,0.0,59.79,59.79,v3_stability_ranker,neutral,1401.0,-0.0071,-0.0182,0.0455,1409.2,1406.45,0.1411,0.0114,kis,,,,,,,,,data/raw/price_023760_20260525_20260922.csv,290,False,Broad evaluation pool candidate,134,False,Broad evaluation pool candidate
003850,2026-09-22,2026-09-22,2026-09-22,2026-09-22,HOLD,neutral,47.38,47.38,47.38,53.51,53.51,0,43.69,3.74,3,3.05,0.0,0.0,0.0,0.0,0,0,47.38,v2_conservative_ranker,37.12,8.0,6,13.19,0.0,0.0,0.0,64.31,64.31,v3_stability_ranker,neutral,8360.0,0.017,-0.0268,-0.0752,8422.0,8823.5,1.7483,0.0254,kis,,,,,,,,,data/raw/price_003850_20260525_20260922.csv,291,False,Broad evaluation pool candidate,67,False,Broad evaluation pool candidate
046390,2026-09-22,2026-09-22,2026-09-22,2026-09-22,HOLD,neutral,47.37,47.37,47.37,51.72,51.72,0,49.48,-2.0,2,2.11,0.0,0.0,0.0,0.0,0,0,47.37,v2_conservative_ranker,40.5,-3.0,1,14.36,0.0,0.0,0.0,52.86,52.86,v3_stability_ranker,neutral,2100.0,0.0,0.0145,-0.0278,2085.0,2100.2,0.2374,0.0176,kis,,,,,,,,,data/raw/price_046390_20260525_20260922.csv,292,False,Broad evaluation pool candidate,310,False,Broad evaluation pool candidate
047920,2026-09-22,2026-09-22,2026-09-22,2026-09-22,HOLD,neutral,47.34,47.34,47.34,58.96,58.96,0,56.04,-2.0,2,8.02,0.0,0.68,0.0,0.0,0,0,47.34,v2_conservative_ranker,44.5,-3.0,1,6.98,0.0,3.49,0.0,45.99,45.99,v3_stability_ranker,neutral,7420.0,-0.0301,0.1075,-0.0275,6878.0,7086.0,0.7107,0.0668,kis,,,,,,,,,data/raw/price_047920_20260525_20260922.csv,293,False,Broad evaluation pool candidate,506,False,Broad evaluation pool candidate
023590,2026-09-22,2026-09-22,2026-09-22,2026-09-22,HOLD,neutral,47.26,47.26,47.26,52.47,52.47,0,49.52,-2.0,2,2.27,0.0,0.0,0.0,0.0,0,0,47.26,v2_conservative_ranker,46.5,-3.0,1,14.16,0.0,0.0,0.0,58.66,58.66,v3_stability_ranker,neutral,39850.0,0.0114,-0.0075,0.0364,39650.0,39177.5,0.2149,0.0189,kis,,,,,,,,,data/raw/price_023590_20260525_20260922.csv,294,False,Broad evaluation pool candidate,157,False,Broad evaluation pool candidate
068290,2026-09-22,2026-09-22,2026-09-22,2026-09-22,HOLD,neutral,47.21,47.21,47.21,51.04,51.04,0,48.5,-2.0,2,1.3,0.0,0.0,0.0,0.0,0,0,47.21,v2_conservative_ranker,40.5,-3.0,1,15.38,0.0,0.0,0.0,53.88,53.88,v3_stability_ranker,neutral,6200.0,0.0049,0.0049,-0.0282,6200.0,6282.5,0.1731,0.0108,kis,,,,,,,,,data/raw/price_068290_20260525_20260922.csv,295,False,Broad evaluation pool candidate,277,False,Broad evaluation pool candidate
025950,2026-09-22,2026-09-22,2026-09-22,2026-09-22,HOLD,neutral,47.2,47.2,47.2,51.1,51.1,0,48.76,-2.0,2,1.56,0.0,0.0,0.0,0.0,0,0,47.2,v2_conservative_ranker,40.5,-3.0,1,15.05,0.0,0.0,0.0,53.55,53.55,v3_stability_ranker,neutral,9990.0,0.004,0.0091,-0.0329,9984.0,10194.0,0.1888,0.013,kis,,,,,,,,,data/raw/price_025950_20260525_20260922.csv,296,False,Broad evaluation pool candidate,288,False,Broad evaluation pool candidate
038290,2026-09-22,2026-09-22,2026-09-22,2026-09-22,HOLD,neutral,47.16,47.16,47.16,51.6,51.6,0,48.65,-2.0,2,1.49,0.0,0.0,0.0,0.0,0,0,47.16,v2_conservative_ranker,45.75,-3.0,1,15.14,0.0,0.0,0.0,58.89,58.89,v3_stability_ranker,neutral,11960.0,0.0042,0.0179,-0.0612,11870.0,12186.5,0.3522,0.0124,kis,,,,,,,,,data/raw/price_038290_20260525_20260922.csv,297,False,Broad evaluation pool candidate,152,False,Broad evaluation pool candidate
089230,2026-09-22,2026-09-22,2026-09-22,2026-09-22,HOLD,neutral,47.09,47.09,47.09,59.92,59.92,0,53.06,-2.0,2,4.09,1.87,0.0,0.0,0.0,0,0,47.09,v2_conservative_ranker,32.39,-3.0,1,11.89,7.92,0.0,0.0,34.35,34.35,v3_stability_ranker,neutral,2165.0,0.0093,0.2034,-0.1127,2016.8,2022.75,0.3274,0.0341,kis,,,,,,,,,data/raw/price_089230_20260525_20260922.csv,298,False,Broad evaluation pool candidate,651,False,Broad evaluation pool candidate
004150,2026-09-22,2026-09-22,2026-09-22,2026-09-22,HOLD,neutral,47.06,47.06,47.06,51.92,51.92,0,48.34,-2.0,2,1.28,0.0,0.0,0.0,0.0,0,0,47.06,v2_conservative_ranker,46.5,-3.0,1,15.39,0.0,0.0,0.0,59.89,59.89,v3_stability_ranker,neutral,3485.0,0.0072,-0.0169,0.0295,3494.0,3483.0,0.2008,0.0107,kis,,,,,,,,,data/raw/price_004150_20260525_20260922.csv,299,False,Broad evaluation pool candidate,132,False,Broad evaluation pool candidate
086820,2026-09-22,2026-09-22,2026-09-22,2026-09-22,HOLD,neutral,47.05,47.05,47.05,53.04,53.04,0,47.97,0.0,2,2.93,0.0,0.0,0.0,0.0,0,0,47.05,v2_conservative_ranker,44.18,2.0,6,13.34,0.0,0.0,0.0,65.52,65.52,v3_stability_ranker,neutral,6600.0,0.0394,0.0233,-0.0959,6498.0,6501.0,0.9906,0.0244,kis,,,,,,,,,data/raw/price_086820_20260525_20260922.csv,300,False,Broad evaluation pool candidate,58,False,Broad evaluation pool candidate
047810,2026-09-22,2026-09-22,2026-09-22,2026-09-22,HOLD,neutral,47.04,47.04,47.04,51.29,51.29,0,50.05,-2.0,2,3.01,0.0,0.0,0.0,0.0,0,0,47.04,v2_conservative_ranker,40.5,-3.0,1,13.23,0.0,0.0,0.0,51.73,51.73,v3_stability_ranker,neutral,130500.0,0.0069,0.0116,-0.0031,129080.0,129620.0,0.1325,0.0251,kis,,,,,,,,,data/raw/price_047810_20260525_20260922.csv,301,False,Broad evaluation pool candidate,337,False,Broad evaluation pool candidate
008870,2026-09-22,2026-09-22,2026-09-22,2026-09-22,HOLD,neutral,47.04,47.04,47.04,50.89,50.89,0,48.54,-2.0,2,1.5,0.0,0.0,0.0,0.0,0,0,47.04,v2_conservative_ranker,46.5,-3.0,1,15.12,0.0,0.0,0.0,59.62,59.62,v3_stability_ranker,neutral,39850.0,0.005,-0.0136,0.0257,40090.0,40027.5,0.0353,0.0125,kis,,,,,,,,,data/raw/price_008870_20260525_20260922.csv,302,False,Broad evaluation pool candidate,137,False,Broad evaluation pool candidate
078130,2026-09-22,2026-09-22,2026-09-22,2026-09-22,HOLD,neutral,47.02,47.02,47.02,51.91,51.91,0,49.33,-2.0,2,1.61,0.0,0.0,0.0,0.7,0,0,47.02,v2_conservative_ranker,40.5,-3.0,1,14.99,0.0,0.0,1.0,52.49,52.49,v3_stability_ranker,neutral,3430.0,-0.0015,0.0118,-0.0242,3488.0,3495.25,0.2133,0.0134,kis,,,,medium_attention,no_risk_noise,,,,data/raw/price_078130_20260525_20260922.csv,303,False,Broad evaluation pool candidate,318,False,Broad evaluation pool candidate
004990,2026-09-22,2026-09-22,2026-09-22,2026-09-22,HOLD,neutral,47.02,47.02,47.02,52.0,52.0,0,49.0,-2.0,2,1.98,0.0,0.0,0.0,0.0,0,0,47.02,v2_conservative_ranker,46.5,-3.0,1,14.53,0.0,0.0,0.0,59.02,59.02,v3_stability_ranker,neutral,24500.0,0.0041,-0.018,0.0515,24700.0,24585.0,0.146,0.0165,kis,,,,,,,,,data/raw/price_004990_20260525_20260922.csv,304,False,Broad evaluation pool candidate,149,False,Broad evaluation pool candidate
403550,2026-09-22,2026-09-22,2026-09-22,2026-09-22,HOLD,neutral,47.01,47.01,47.01,50.73,50.73,0,48.47,-2.0,2,1.45,0.0,0.0,0.0,0.0,0,0,47.01,v2_conservative_ranker,40.5,-3.0,1,15.19,0.0,0.0,0.0,53.69,53.69,v3_stability_ranker,neutral,10770.0,-0.0083,0.0075,-0.0367,10830.0,11012.5,0.1714,0.0121,kis,,,,,,,,,data/raw/price_403550_20260525_20260922.csv,305,False,Broad evaluation pool candidate,282,False,Broad evaluation pool candidate
297570,2026-09-22,2026-09-22,2026-09-22,2026-09-22,HOLD,neutral,46.97,46.97,46.97,52.1,55.1,-3,40.24,6.87,3,1.14,0.0,0.0,0.0,0.0,2,0,46.97,v2_conservative_ranker,31.87,5.0,4,15.57,0.0,0.0,2.0,54.44,54.44,v3_stability_ranker,neutral,3930.0,-0.026,-0.0542,-0.0955,4047.0,4253.5,2.3748,0.0095,unknown,아틀라스링크,아틀라스링크,convertible_bond,,,,,,data/raw/price_297570_20260823_20260922.csv,306,False,Broad evaluation pool candidate,267,False,Broad evaluation pool candidate
068270,2026-09-22,2026-09-22,2026-09-22,2026-09-22,HOLD,neutral,46.92,46.92,46.92,50.71,50.71,0,48.2,-2.0,2,1.28,0.0,0.0,0.0,0.0,0,0,46.92,v2_conservative_ranker,38.17,-3.0,1,15.39,0.0,0.0,0.0,51.57,51.57,v3_stability_ranker,neutral,179800.0,-0.0105,0.0101,-0.0517,180060.0,184030.0,0.2252,0.0107,unknown,셀트리온,셀트리온,investment_decision,,,,,,data/raw/price_068270_20260823_20260922.csv,307,False,Broad evaluation pool candidate,340,False,Broad evaluation pool candidate
003100,2026-09-22,2026-09-22,2026-09-22,2026-09-22,HOLD,neutral,46.92,46.92,46.92,51.22,51.22,0,48.16,-2.0,2,1.25,0.0,0.0,0.0,0.0,0,0,46.92,v2_conservative_ranker,40.5,-3.0,1,15.44,0.0,0.0,0.0,53.94,53.94,v3_stability_ranker,neutral,20350.0,-0.0025,0.0025,-0.031,20360.0,20690.0,0.2608,0.0104,kis,,,,,,,,,data/raw/price_003100_20260525_20260922.csv,308,False,Broad evaluation pool candidate,274,False,Broad evaluation pool candidate
273060,2026-09-22,2026-09-22,2026-09-22,2026-09-22,HOLD,neutral,46.89,46.89,46.89,51.81,51.81,0,46.9,0.0,2,2.0,0.0,0.0,0.0,0.0,0,0,46.89,v2_conservative_ranker,36.13,2.0,1,14.5,0.0,0.0,0.0,53.62,53.62,v3_stability_ranker,neutral,3900.0,0.0236,0.013,-0.0972,3875.0,4119.25,0.8399,0.0167,kis,,,,,,,,,data/raw/price_273060_20260525_20260922.csv,309,False,Broad evaluation pool candidate,285,False,Broad evaluation pool candidate
002920,2026-09-22,2026-09-22,2026-09-22,2026-09-22,HOLD,neutral,46.88,46.88,46.88,54.53,54.53,0,50.82,-2.0,2,0.94,0.0,0.0,3.0,0.0,0,0,46.88,v2_conservative_ranker,46.5,-3.0,1,15.83,0.0,0.0,4.5,55.83,55.83,v3_stability_ranker,neutral,1851.0,-0.0016,-0.0048,0.0656,1853.4,1813.0,0.0849,0.0078,kis,,,,,,3,1,1,data/raw/price_002920_20260525_20260922.csv,310,False,Broad evaluation pool candidate,211,False,Broad evaluation pool candidate
219550,2026-09-22,2026-09-22,2026-09-22,2026-09-22,HOLD,neutral,46.83,46.83,46.83,52.43,52.43,0,51.31,-2.0,2,4.48,0.0,0.0,0.0,0.0,0,0,46.83,v2_conservative_ranker,48.5,-3.0,1,11.41,0.0,0.0,0.0,57.91,57.91,v3_stability_ranker,neutral,1130.0,0.0125,0.0171,0.0171,1139.0,1185.4,0.2665,0.0373,kis,,,,,,,,,data/raw/price_219550_20260525_20260922.csv,311,False,Broad evaluation pool candidate,169,False,Broad evaluation pool candidate
001260,2026-09-22,2026-09-22,2026-09-22,2026-09-22,HOLD,neutral,46.81,46.81,46.81,50.66,50.66,0,48.76,-2.0,2,1.96,0.0,0.0,0.0,0.0,0,0,46.81,v2_conservative_ranker,40.5,-3.0,1,14.55,0.0,0.0,0.0,53.05,53.05,v3_stability_ranker,neutral,7540.0,-0.0013,0.0013,-0.0105,7548.0,7727.5,0.1143,0.0163,kis,,,,medium_attention,no_risk_noise,,,,data/raw/price_001260_20260525_20260922.csv,312,False,Broad evaluation pool candidate,304,False,Broad evaluation pool candidate
090430,2026-09-22,2026-09-22,2026-09-22,2026-09-22,HOLD,neutral,46.8,46.8,46.8,51.36,51.36,0,49.17,-2.0,2,2.38,0.0,0.0,0.0,0.0,0,0,46.8,v2_conservative_ranker,40.5,-3.0,1,14.03,0.0,0.0,0.0,52.53,52.53,v3_stability_ranker,neutral,144000.0,-0.0069,0.0,0.0049,144020.0,143315.0,0.1829,0.0198,kis,,,,,,,,,data/raw/price_090430_20260525_20260922.csv,313,False,Broad evaluation pool candidate,317,False,Broad evaluation pool candidate
015360,2026-09-22,2026-09-22,2026-09-22,2026-09-22,HOLD,neutral,46.79,46.79,46.79,50.79,50.79,0,48.09,-2.0,2,1.31,0.0,0.0,0.0,0.0,0,0,46.79,v2_conservative_ranker,46.5,-3.0,1,15.37,0.0,0.0,0.0,59.87,59.87,v3_stability_ranker,neutral,14460.0,0.0042,-0.0203,0.0321,14444.0,14333.0,0.051,0.0109,kis,,,,,,,,,data/raw/price_015360_20260525_20260922.csv,314,False,Broad evaluation pool candidate,133,False,Broad evaluation pool candidate
290560,2026-09-22,2026-09-22,2026-09-22,2026-09-22,HOLD,neutral,46.59,46.59,46.59,52.16,52.16,0,51.84,-2.0,2,5.26,0.0,0.0,0.0,0.0,0,0,46.59,v2_conservative_ranker,42.5,-3.0,1,10.43,0.0,0.0,0.0,50.93,50.93,v3_stability_ranker,neutral,1349.0,-0.0095,0.0758,-0.1353,1293.4,1304.5,0.6211,0.0438,pykrx,,,,,,,,,data/raw/price_290560_20260525_20260922.csv,315,False,Broad evaluation pool candidate,368,False,Broad evaluation pool candidate
134790,2026-09-22,2026-09-22,2026-09-22,2026-09-22,HOLD,neutral,46.59,46.59,46.59,51.35,51.35,0,47.88,-2.0,2,1.28,0.0,0.0,0.0,0.0,0,0,46.59,v2_conservative_ranker,40.5,-3.0,1,15.39,0.0,0.0,0.0,53.89,53.89,v3_stability_ranker,neutral,19050.0,0.0,0.0005,-0.0335,19044.0,19409.5,0.3415,0.0107,kis,,,,,,,,,data/raw/price_134790_20260525_20260922.csv,316,False,Broad evaluation pool candidate,275,False,Broad evaluation pool candidate
389260,2026-09-22,2026-09-22,2026-09-22,2026-09-22,HOLD,neutral,46.58,46.58,46.58,50.93,50.93,0,48.7,-2.0,2,2.12,0.0,0.0,0.0,0.0,0,0,46.58,v2_conservative_ranker,40.5,-3.0,1,14.34,0.0,0.0,0.0,52.84,52.84,v3_stability_ranker,neutral,13060.0,0.0023,0.0054,-0.0239,13050.0,13175.0,0.2257,0.0177,kis,,,,,,,,,data/raw/price_389260_20260525_20260922.csv,317,False,Broad evaluation pool candidate,311,False,Broad evaluation pool candidate
021320,2026-09-22,2026-09-22,2026-09-22,2026-09-22,HOLD,neutral,46.51,46.51,46.51,51.47,51.47,0,49.32,-2.0,2,2.81,0.0,0.0,0.0,0.0,0,0,46.51,v2_conservative_ranker,46.5,-3.0,1,13.49,0.0,0.0,0.0,57.99,57.99,v3_stability_ranker,neutral,5890.0,0.0051,-0.0117,0.0425,5900.0,5745.0,0.1429,0.0234,kis,,,,,,,,,data/raw/price_021320_20260525_20260922.csv,318,False,Broad evaluation pool candidate,167,False,Broad evaluation pool candidate
041960,2026-09-22,2026-09-22,2026-09-22,2026-09-22,HOLD,neutral,46.47,46.47,46.47,51.57,51.57,0,50.54,-2.0,2,4.07,0.0,0.0,0.0,0.0,0,0,46.47,v2_conservative_ranker,46.5,-3.0,1,11.91,0.0,0.0,0.0,56.41,56.41,v3_stability_ranker,neutral,9770.0,0.0051,-0.0051,0.0585,9726.0,9479.0,0.0907,0.0339,kis,,,,,,,,,data/raw/price_041960_20260525_20260922.csv,319,False,Broad evaluation pool candidate,199,False,Broad evaluation pool candidate
067630,2026-09-22,2026-09-22,2026-09-22,2026-09-22,HOLD,neutral,46.38,46.38,46.38,52.53,52.53,0,50.9,-2.0,2,4.52,0.0,0.0,0.0,0.0,0,0,46.38,v2_conservative_ranker,48.5,-3.0,1,11.35,0.0,0.0,0.0,57.84,57.84,v3_stability_ranker,neutral,2680.0,0.0019,0.0328,-0.0394,2582.0,2607.5,0.4989,0.0377,kis,,,,,,,,,data/raw/price_067630_20260525_20260922.csv,320,False,Broad evaluation pool candidate,170,False,Broad evaluation pool candidate
002790,2026-09-22,2026-09-22,2026-09-22,2026-09-22,HOLD,neutral,46.38,46.38,46.38,50.62,50.62,0,49.05,-2.0,2,2.66,0.0,0.0,0.0,0.0,0,0,46.38,v2_conservative_ranker,40.5,-3.0,1,13.67,0.0,0.0,0.0,52.17,52.17,v3_stability_ranker,neutral,26450.0,-0.0056,0.0057,-0.0149,26400.0,26455.0,0.1684,0.0222,kis,,,,,,,,,data/raw/price_002790_20260525_20260922.csv,321,False,Broad evaluation pool candidate,327,False,Broad evaluation pool candidate
095570,2026-09-22,2026-09-22,2026-09-22,2026-09-22,HOLD,neutral,46.27,46.27,46.27,50.44,50.44,0,47.39,-2.0,2,1.12,0.0,0.0,0.0,0.0,0,0,46.27,v2_conservative_ranker,37.81,-3.0,1,15.61,0.0,0.0,0.0,51.42,51.42,v3_stability_ranker,neutral,4175.0,0.006,0.0048,-0.0597,4138.0,4242.5,0.3117,0.0093,kis,,,,,,,,,data/raw/price_095570_20260525_20260922.csv,322,False,Broad evaluation pool candidate,344,False,Broad evaluation pool candidate
229000,2026-09-22,2026-09-22,2026-09-22,2026-09-22,HOLD,neutral,46.26,46.26,46.26,51.29,51.29,0,51.64,0.0,0,5.38,0.0,0.0,0.0,0.0,0,0,46.26,v2_conservative_ranker,46.5,-5.0,0,10.28,0.0,0.0,0.0,51.78,51.78,v3_stability_ranker,neutral,1957.0,0.0,0.0,0.0753,1957.0,1935.4,0.0,0.0448,kis,,,,,,,,,data/raw/price_229000_20260525_20260922.csv,323,False,Broad evaluation pool candidate,336,False,Broad evaluation pool candidate
217330,2026-09-22,2026-09-22,2026-09-22,2026-09-22,HOLD,neutral,46.24,46.24,46.24,49.35,49.35,0,48.07,-2.0,2,1.84,0.0,0.0,0.0,0.0,0,0,46.24,v2_conservative_ranker,44.75,-3.0,1,14.71,0.0,0.0,0.0,57.46,57.46,v3_stability_ranker,neutral,3080.0,0.0049,0.0199,-0.0833,3049.0,3081.0,0.1755,0.0153,kis,,,,,,,,,data/raw/price_217330_20260525_20260922.csv,324,False,Broad evaluation pool candidate,182,False,Broad evaluation pool candidate
130660,2026-09-22,2026-09-22,2026-09-22,2026-09-22,HOLD,neutral,46.22,46.22,46.22,51.75,51.75,0,50.95,-2.0,2,4.73,0.0,0.0,0.0,0.0,0,0,46.22,v2_conservative_ranker,46.5,-3.0,1,11.09,0.0,0.0,0.0,55.59,55.59,v3_stability_ranker,neutral,12840.0,-0.0039,-0.0123,0.0909,12864.0,12803.0,0.0621,0.0394,kis,,,,,,,,,data/raw/price_130660_20260525_20260922.csv,325,False,Broad evaluation pool candidate,217,False,Broad evaluation pool candidate
429270,2026-09-22,2026-09-22,2026-09-22,2026-09-22,HOLD,neutral,46.2,46.2,46.2,51.21,51.21,0,51.32,-2.0,2,5.11,0.0,0.0,0.0,0.0,0,0,46.2,v2_conservative_ranker,46.5,-3.0,1,10.61,0.0,0.0,0.0,55.11,55.11,v3_stability_ranker,neutral,3430.0,0.03,0.0148,0.0239,3324.0,3326.0,0.133,0.0426,kis,,,,,,,,,data/raw/price_429270_20260525_20260922.csv,326,False,Broad evaluation pool candidate,225,False,Broad evaluation pool candidate
115450,2026-09-22,2026-09-22,2026-09-22,2026-09-22,HOLD,neutral,46.18,46.18,46.18,53.23,53.23,0,49.54,-2.0,2,3.36,0.0,0.0,0.0,0.0,0,0,46.18,v2_conservative_ranker,40.5,-3.0,1,12.8,0.0,0.0,0.0,51.3,51.3,v3_stability_ranker,neutral,2005.0,-0.0025,0.0045,0.0025,2003.6,2045.45,0.5764,0.028,kis,,,,,,,,,data/raw/price_115450_20260525_20260922.csv,327,False,Broad evaluation pool candidate,348,False,Broad evaluation pool candidate
148250,2026-09-22,2026-09-22,2026-09-22,2026-09-22,HOLD,neutral,46.17,46.17,46.17,53.45,56.45,-3,53.31,-2.0,2,5.14,0.0,0.0,0.0,0.0,2,0,46.17,v2_conservative_ranker,36.96,-3.0,1,10.58,2.06,0.0,2.0,41.48,41.48,v3_stability_ranker,neutral,2040.0,-0.0049,-0.0169,0.3212,2084.0,1887.0,0.0694,0.0428,unknown,알엔투테크놀로지,알엔투테크놀로지,lawsuit,,,,,,data/raw/price_148250_20260823_20260922.csv,328,False,Broad evaluation pool candidate,577,False,Broad evaluation pool candidate
381970,2026-09-22,2026-09-22,2026-09-22,2026-09-22,HOLD,neutral,46.15,46.15,46.15,50.22,50.22,0,48.2,-2.0,2,2.05,0.0,0.0,0.0,0.0,0,0,46.15,v2_conservative_ranker,46.5,-3.0,1,14.44,0.0,0.0,0.0,58.94,58.94,v3_stability_ranker,neutral,6370.0,0.0031,-0.017,0.0258,6410.0,6394.5,0.0568,0.0171,kis,,,,,,,,,data/raw/price_381970_20260525_20260922.csv,329,False,Broad evaluation pool candidate,150,False,Broad evaluation pool candidate
042370,2026-09-22,2026-09-22,2026-09-22,2026-09-22,HOLD,neutral,46.11,46.11,46.11,82.92,82.92,0,67.0,0.0,2,8.58,13.16,1.15,0.0,0.0,0,0,46.11,v2_conservative_ranker,31.03,2.0,1,3.28,23.29,4.24,0.0,9.78,9.78,v3_stability_ranker,price_momentum,10960.0,0.0046,0.2925,0.297,10710.0,8989.0,0.8451,0.0715,kis,,,,,,,,,data/raw/price_042370_20260525_20260922.csv,330,False,Broad evaluation pool candidate,733,False,Broad evaluation pool candidate
330730,2026-09-22,2026-09-22,2026-09-22,2026-09-22,HOLD,neutral,46.11,46.11,46.11,48.91,48.91,0,48.35,-2.0,2,2.24,0.0,0.0,0.0,0.0,0,0,46.11,v2_conservative_ranker,45.54,-3.0,1,14.2,0.0,0.0,0.0,57.74,57.74,v3_stability_ranker,neutral,4625.0,0.0022,0.0165,-0.0657,4597.0,4739.75,0.0687,0.0187,kis,,,,,,,,,data/raw/price_330730_20260525_20260922.csv,331,False,Broad evaluation pool candidate,174,False,Broad evaluation pool candidate
105840,2026-09-22,2026-09-22,2026-09-22,2026-09-22,HOLD,neutral,46.07,46.07,46.07,54.91,51.91,3,50.15,-2.0,2,5.08,0.0,0.0,0.0,0.0,0,1,46.07,v2_conservative_ranker,46.5,-3.0,1,10.66,0.0,0.0,0.0,55.16,55.16,v3_stability_ranker,neutral,14560.0,-0.0202,-0.0293,0.1166,14744.0,14213.0,0.2068,0.0423,unknown,우진,우진,supply_contract,,,,,,data/raw/price_105840_20260823_20260922.csv,332,False,Broad evaluation pool candidate,224,False,Broad evaluation pool candidate
375500,2026-09-22,2026-09-22,2026-09-22,2026-09-22,HOLD,neutral,46.06,46.06,46.06,54.39,54.39,0,49.41,-2.0,2,3.35,0.0,0.0,0.0,0.0,0,0,46.06,v2_conservative_ranker,42.03,-3.0,1,12.81,0.0,0.0,0.0,52.84,52.84,v3_stability_ranker,neutral,84400.0,-0.0082,-0.0559,0.2006,85520.0,79525.0,0.1286,0.0279,kis,,,,,,,,,data/raw/price_375500_20260525_20260922.csv,333,False,Broad evaluation pool candidate,312,False,Broad evaluation pool candidate
413630,2026-09-22,2026-09-22,2026-09-22,2026-09-22,HOLD,neutral,45.95,45.95,45.95,54.59,54.59,0,53.22,-2.0,2,7.24,0.0,0.03,0.0,0.0,0,0,45.95,v2_conservative_ranker,36.88,-3.0,1,7.96,2.17,2.45,0.0,38.22,38.22,v3_stability_ranker,neutral,4420.0,0.0091,-0.0178,0.3234,4483.0,4199.5,0.0659,0.0603,kis,,,,,,,,,data/raw/price_413630_20260525_20260922.csv,334,False,Broad evaluation pool candidate,623,False,Broad evaluation pool candidate
006570,2026-09-22,2026-09-22,2026-09-22,2026-09-22,HOLD,neutral,45.86,45.86,45.86,51.65,51.65,0,49.45,-2.0,2,3.59,0.0,0.0,0.0,0.0,0,0,45.86,v2_conservative_ranker,46.5,-3.0,1,12.52,0.0,0.0,0.0,57.02,57.02,v3_stability_ranker,neutral,1938.0,0.0163,-0.0172,0.0619,1934.0,1927.15,0.2103,0.0299,kis,,,,,,,,,data/raw/price_006570_20260525_20260922.csv,335,False,Broad evaluation pool candidate,186,False,Broad evaluation pool candidate
032800,2026-09-22,2026-09-22,2026-09-22,2026-09-22,HOLD,neutral,45.79,45.79,45.79,49.47,46.47,3,43.05,0.53,3,1.79,0.0,0.0,0.0,0.0,0,1,45.79,v2_conservative_ranker,38.0,8.0,6,14.77,0.0,0.0,0.0,66.77,66.77,v3_stability_ranker,neutral,1485.0,0.0164,-0.0027,-0.0481,1477.6,1497.55,1.1063,0.0149,unknown,판타지오,판타지오,supply_contract,,,,,,data/raw/price_032800_20260823_20260922.csv,336,False,Broad evaluation pool candidate,48,False,Broad evaluation pool candidate
109740,2026-09-22,2026-09-22,2026-09-22,2026-09-22,HOLD,neutral,45.76,45.76,45.76,52.66,52.66,0,40.96,5.08,3,3.29,0.0,0.0,0.0,0.0,0,0,45.76,v2_conservative_ranker,35.3,5.0,6,12.89,0.0,0.0,0.0,59.19,59.19,v3_stability_ranker,price_weakness,4030.0,0.0113,-0.065,-0.0439,4099.0,4218.75,2.0163,0.0274,kis,,,,,,,,,data/raw/price_109740_20260525_20260922.csv,337,False,Broad evaluation pool candidate,142,False,Broad evaluation pool candidate
011200,2026-09-22,2026-09-22,2026-09-22,2026-09-22,HOLD,neutral,45.73,45.73,45.73,48.65,48.65,0,48.14,-2.0,2,2.41,0.0,0.0,0.0,0.0,0,0,45.73,v2_conservative_ranker,45.22,-3.0,1,13.98,0.0,0.0,0.0,57.21,57.21,v3_stability_ranker,neutral,21000.0,-0.0047,0.0169,-0.0728,20800.0,21077.5,0.1019,0.0201,kis,,,,,,,,,data/raw/price_011200_20260525_20260922.csv,338,False,Broad evaluation pool candidate,184,False,Broad evaluation pool candidate
363280,2026-09-22,2026-09-22,2026-09-22,2026-09-22,HOLD,neutral,45.72,45.72,45.72,51.78,51.78,0,47.21,-2.0,2,1.49,0.0,0.0,0.0,0.0,0,0,45.72,v2_conservative_ranker,43.64,-3.0,1,15.14,0.0,0.0,0.0,56.78,56.78,v3_stability_ranker,neutral,2025.0,-0.017,-0.0357,0.0509,2075.0,2042.95,0.3401,0.0124,kis,,,,,,,,,data/raw/price_363280_20260525_20260922.csv,339,False,Broad evaluation pool candidate,190,False,Broad evaluation pool candidate
0013V0,2026-09-22,2026-09-22,2026-09-22,2026-09-22,HOLD,neutral,45.71,45.71,45.71,49.41,49.41,0,47.51,-2.0,2,1.8,0.0,0.0,0.0,0.0,0,0,45.71,v2_conservative_ranker,40.5,-3.0,1,14.75,0.0,0.0,0.0,53.25,53.25,v3_stability_ranker,neutral,5180.0,-0.0038,-0.0096,-0.0152,5194.0,5132.75,0.1058,0.015,kis,,,,,,,,,data/raw/price_0013V0_20260525_20260922.csv,340,False,Broad evaluation pool candidate,296,False,Broad evaluation pool candidate
476060,2026-09-22,2026-09-22,2026-09-22,2026-09-22,HOLD,neutral,45.69,45.69,45.69,50.89,50.89,0,52.48,-2.0,2,6.79,0.0,0.0,0.0,0.0,0,0,45.69,v2_conservative_ranker,54.5,-3.0,1,8.51,0.0,1.86,0.0,59.15,59.15,v3_stability_ranker,neutral,14990.0,-0.004,0.0197,0.0431,14924.0,15646.0,0.0702,0.0566,kis,,,,,,,,,data/raw/price_476060_20260525_20260922.csv,341,False,Broad evaluation pool candidate,145,False,Broad evaluation pool candidate
001060,2026-09-22,2026-09-22,2026-09-22,2026-09-22,HOLD,neutral,45.69,45.69,45.69,49.8,49.8,0,47.88,-2.0,2,2.18,0.0,0.0,0.0,0.0,0,0,45.69,v2_conservative_ranker,40.5,-3.0,1,14.27,0.0,0.0,0.0,52.77,52.77,v3_stability_ranker,neutral,26900.0,-0.011,-0.0074,-0.011,27450.0,27372.5,0.1516,0.0182,kis,,,,,,,,,data/raw/price_001060_20260525_20260922.csv,342,False,Broad evaluation pool candidate,314,False,Broad evaluation pool candidate
199800,2026-09-22,2026-09-22,2026-09-22,2026-09-22,HOLD,neutral,45.66,45.66,45.66,52.29,56.29,-4,54.6,-2.0,2,4.24,0.0,0.0,0.0,4.7,0,0,45.66,v2_conservative_ranker,45.41,-3.0,1,11.71,0.0,0.0,7.2,47.91,47.91,v3_stability_ranker,neutral,33900.0,0.0399,0.0831,-0.0687,32690.0,33842.5,0.4912,0.0353,kis,,,,low_attention,risk_noise_detected,,,,data/raw/price_199800_20260525_20260922.csv,343,False,Broad evaluation pool candidate,452,False,Broad evaluation pool candidate
199150,2026-09-22,2026-09-22,2026-09-22,2026-09-22,HOLD,neutral,45.65,45.65,45.65,48.28,48.28,0,52.19,-2.0,2,6.54,0.0,0.0,0.0,0.0,0,0,45.65,v2_conservative_ranker,44.06,-3.0,1,8.82,0.0,1.52,0.0,49.37,49.37,v3_stability_ranker,neutral,1800.0,-0.0354,0.0664,-0.0986,1745.2,1809.05,0.0031,0.0545,kis,,,,,,,,,data/raw/price_199150_20260525_20260922.csv,344,False,Broad evaluation pool candidate,418,False,Broad evaluation pool candidate
067080,2026-09-22,2026-09-22,2026-09-22,2026-09-22,HOLD,neutral,45.62,45.62,45.62,50.87,50.87,0,48.71,-2.0,2,3.08,0.0,0.0,0.0,0.0,0,0,45.62,v2_conservative_ranker,46.5,-3.0,1,13.14,0.0,0.0,0.0,57.64,57.64,v3_stability_ranker,neutral,11070.0,0.0184,-0.0195,0.0473,11162.0,10939.5,0.1702,0.0257,kis,,,,medium_attention,no_risk_noise,,,,data/raw/price_067080_20260525_20260922.csv,345,False,Broad evaluation pool candidate,176,False,Broad evaluation pool candidate
002710,2026-09-22,2026-09-22,2026-09-22,2026-09-22,HOLD,neutral,45.6,45.6,45.6,52.22,52.22,0,50.44,-2.0,2,4.84,0.0,0.0,0.0,0.0,0,0,45.6,v2_conservative_ranker,46.5,-3.0,1,10.96,0.0,0.0,0.0,55.45,55.45,v3_stability_ranker,neutral,11680.0,0.0139,-0.0177,0.0916,11484.0,11481.5,0.2403,0.0403,pykrx,,,,,,,,,data/raw/price_002710_20260525_20260922.csv,346,False,Broad evaluation pool candidate,219,False,Broad evaluation pool candidate
008040,2026-09-22,2026-09-22,2026-09-22,2026-09-22,HOLD,neutral,45.6,45.6,45.6,52.34,52.34,0,51.98,-2.0,2,6.38,0.0,0.0,0.0,0.0,0,0,45.6,v2_conservative_ranker,46.5,-3.0,1,9.02,0.0,1.31,0.0,52.21,52.21,v3_stability_ranker,neutral,7510.0,-0.0105,-0.0221,0.1483,7748.0,7645.5,0.0752,0.0532,kis,,,,,,,,,data/raw/price_008040_20260525_20260922.csv,347,False,Broad evaluation pool candidate,325,False,Broad evaluation pool candidate
234300,2026-09-22,2026-09-22,2026-09-22,2026-09-22,HOLD,neutral,45.57,45.57,45.57,49.01,49.01,0,50.69,-2.0,2,5.12,0.0,0.0,0.0,0.0,0,0,45.57,v2_conservative_ranker,44.0,-3.0,1,10.59,0.0,0.0,0.0,52.59,52.59,v3_stability_ranker,neutral,3210.0,0.0078,-0.0031,0.1758,3072.0,3091.0,0.134,0.0427,kis,,,,,,,,,data/raw/price_234300_20260525_20260922.csv,348,False,Broad evaluation pool candidate,315,False,Broad evaluation pool candidate
071970,2026-09-22,2026-09-22,2026-09-22,2026-09-22,HOLD,neutral,45.56,45.56,45.56,52.13,52.13,0,49.17,-2.0,2,3.61,0.0,0.0,0.0,0.0,0,0,45.56,v2_conservative_ranker,40.5,-3.0,1,12.48,0.0,0.0,0.0,50.98,50.98,v3_stability_ranker,neutral,50400.0,-0.0137,0.0131,-0.0326,50830.0,51362.5,0.577,0.0301,kis,,,,medium_attention,no_risk_noise,,,,data/raw/price_071970_20260525_20260922.csv,349,False,Broad evaluation pool candidate,364,False,Broad evaluation pool candidate
0126Z0,2026-09-22,2026-09-22,2026-09-22,2026-09-22,HOLD,neutral,45.55,45.55,45.55,48.83,48.83,0,48.42,-2.0,2,2.87,0.0,0.0,0.0,0.0,0,0,45.55,v2_conservative_ranker,45.24,-3.0,1,13.41,0.0,0.0,0.0,56.66,56.66,v3_stability_ranker,neutral,339500.0,0.0382,0.0195,-0.0724,330600.0,352175.0,0.1484,0.0239,kis,,,,,,,,,data/raw/price_0126Z0_20260525_20260922.csv,350,False,Broad evaluation pool candidate,193,False,Broad evaluation pool candidate
002880,2026-09-22,2026-09-22,2026-09-22,2026-09-22,HOLD,neutral,45.55,45.55,45.55,50.25,50.25,0,47.63,-2.0,2,2.09,0.0,0.0,0.0,0.0,0,0,45.55,v2_conservative_ranker,36.85,-3.0,1,14.39,0.0,0.0,0.0,49.24,49.24,v3_stability_ranker,neutral,3460.0,0.0132,0.0147,-0.081,3437.0,3636.25,0.4282,0.0174,kis,,,,,,,,,data/raw/price_002880_20260525_20260922.csv,351,False,Broad evaluation pool candidate,422,False,Broad evaluation pool candidate
038500,2026-09-22,2026-09-22,2026-09-22,2026-09-22,HOLD,neutral,45.49,45.49,45.49,50.24,50.24,0,47.82,-2.0,2,2.33,0.0,0.0,0.0,0.0,0,0,45.49,v2_conservative_ranker,44.53,-3.0,1,14.09,0.0,0.0,0.0,56.62,56.62,v3_stability_ranker,neutral,6930.0,0.0343,0.0191,-0.0882,6826.0,7211.5,0.4472,0.0194,unknown,삼표시멘트,삼표시멘트,major_shareholder_change,,,,,,data/raw/price_038500_20260823_20260922.csv,352,False,Broad evaluation pool candidate,194,False,Broad evaluation pool candidate
013360,2026-09-22,2026-09-22,2026-09-22,2026-09-22,HOLD,neutral,45.42,45.42,45.42,49.39,49.39,0,47.42,-2.0,2,2.0,0.0,0.0,0.0,0.0,0,0,45.42,v2_conservative_ranker,38.01,-3.0,1,14.5,0.0,0.0,0.0,50.51,50.51,v3_stability_ranker,neutral,1385.0,-0.0014,0.0036,-0.0553,1382.6,1451.15,0.2446,0.0167,kis,,,,,,,,,data/raw/price_013360_20260525_20260922.csv,353,False,Broad evaluation pool candidate,384,False,Broad evaluation pool candidate
056730,2026-09-22,2026-09-22,2026-09-22,2026-09-22,HOLD,neutral,45.4,45.4,45.4,49.9,49.9,0,48.8,-2.0,2,3.4,0.0,0.0,0.0,0.0,0,0,45.4,v2_conservative_ranker,40.5,-3.0,1,12.75,0.0,0.0,0.0,51.25,51.25,v3_stability_ranker,neutral,1270.0,-0.0039,0.012,-0.0401,1276.6,1282.75,0.2566,0.0283,kis,,,,,,,,,data/raw/price_056730_20260525_20260922.csv,354,False,Broad evaluation pool candidate,350,False,Broad evaluation pool candidate
098070,2026-09-22,2026-09-22,2026-09-22,2026-09-22,HOLD,neutral,45.36,45.36,45.36,50.15,50.15,0,49.05,-2.0,2,3.7,0.0,0.0,0.0,0.0,0,0,45.36,v2_conservative_ranker,40.5,-3.0,1,12.38,0.0,0.0,0.0,50.88,50.88,v3_stability_ranker,neutral,24250.0,-0.0041,0.0041,-0.0102,24580.0,24747.5,0.2224,0.0308,kis,,,,,,,,,data/raw/price_098070_20260525_20260922.csv,355,False,Broad evaluation pool candidate,369,False,Broad evaluation pool candidate
070960,2026-09-22,2026-09-22,2026-09-22,2026-09-22,HOLD,neutral,45.3,45.3,45.3,49.83,49.83,0,47.35,-2.0,2,2.05,0.0,0.0,0.0,0.0,0,0,45.3,v2_conservative_ranker,36.91,-3.0,1,14.44,0.0,0.0,0.0,49.34,49.34,v3_stability_ranker,neutral,1960.0,0.0289,0.0114,-0.0798,1933.4,2008.9,0.3989,0.0171,kis,,,,,,,,,data/raw/price_070960_20260525_20260922.csv,356,False,Broad evaluation pool candidate,420,False,Broad evaluation pool candidate
009540,2026-09-22,2026-09-22,2026-09-22,2026-09-22,HOLD,neutral,45.22,45.22,45.22,49.61,49.61,0,48.98,-2.0,2,3.77,0.0,0.0,0.0,0.0,0,0,45.22,v2_conservative_ranker,48.5,-3.0,1,12.29,0.0,0.0,0.0,58.79,58.79,v3_stability_ranker,neutral,344750.0,0.017,0.017,-0.049,340450.0,348762.5,0.2507,0.0314,kis,,,,,,,,,data/raw/price_009540_20260525_20260922.csv,357,False,Broad evaluation pool candidate,155,False,Broad evaluation pool candidate
278650,2026-09-22,2026-09-22,2026-09-22,2026-09-22,HOLD,neutral,45.19,45.19,45.19,51.16,51.16,0,49.98,-2.0,2,4.79,0.0,0.0,0.0,0.0,0,0,45.19,v2_conservative_ranker,46.5,-3.0,1,11.02,0.0,0.0,0.0,55.52,55.52,v3_stability_ranker,neutral,2550.0,-0.0173,-0.0192,0.0828,2527.0,2407.5,0.1556,0.0399,kis,,,,,,,,,data/raw/price_278650_20260525_20260922.csv,358,False,Broad evaluation pool candidate,218,False,Broad evaluation pool candidate
011330,2026-09-22,2026-09-22,2026-09-22,2026-09-22,HOLD,neutral,45.18,45.18,45.18,71.38,71.38,0,51.04,0.0,3,3.68,0.0,5.17,0.0,0.0,0,0,45.18,v2_conservative_ranker,46.21,-6.87,4,8.39,3.01,13.04,0.0,35.68,35.68,v3_stability_ranker,price_momentum,4320.0,0.0627,0.0177,-0.1065,4194.0,4328.75,4.8522,0.0307,kis,,,,,,,,,data/raw/price_011330_20260525_20260922.csv,359,False,Broad evaluation pool candidate,637,False,Broad evaluation pool candidate
464080,2026-09-22,2026-09-22,2026-09-22,2026-09-22,HOLD,neutral,45.13,45.13,45.13,50.32,50.32,0,48.64,-2.0,2,3.5,0.0,0.0,0.0,0.0,0,0,45.13,v2_conservative_ranker,40.5,-3.0,1,12.62,0.0,0.0,0.0,51.12,51.12,v3_stability_ranker,neutral,9860.0,-0.004,0.0123,-0.0455,9762.0,9905.0,0.3801,0.0292,kis,,,,,,,,,data/raw/price_464080_20260525_20260922.csv,360,False,Broad evaluation pool candidate,357,False,Broad evaluation pool candidate
475580,2026-09-22,2026-09-22,2026-09-22,2026-09-22,HOLD,neutral,45.04,45.04,45.04,49.42,49.42,0,48.24,-2.0,2,3.2,0.0,0.0,0.0,0.0,0,0,45.04,v2_conservative_ranker,46.5,-3.0,1,13.0,0.0,0.0,0.0,57.5,57.5,v3_stability_ranker,neutral,7580.0,-0.0052,-0.0156,0.0229,7678.0,7387.0,0.0837,0.0267,kis,,,,,,,,,data/raw/price_475580_20260525_20260922.csv,361,False,Broad evaluation pool candidate,180,False,Broad evaluation pool candidate
123010,2026-09-22,2026-09-22,2026-09-22,2026-09-22,HOLD,neutral,45.02,45.02,45.02,84.33,88.33,-4,67.0,1.42,3,5.17,16.52,0.0,0.0,4.7,0,0,45.02,v2_conservative_ranker,39.0,8.0,6,3.54,31.22,0.0,7.2,18.12,18.12,v3_stability_ranker,price_momentum,3270.0,0.0828,0.1494,0.599,3038.0,2582.0,1.2834,0.0431,kis,,,,low_attention,risk_noise_detected,,,,data/raw/price_123010_20260525_20260922.csv,362,False,Broad evaluation pool candidate,715,False,Broad evaluation pool candidate
011810,2026-09-22,2026-09-22,2026-09-22,2026-09-22,HOLD,neutral,45.0,45.0,45.0,44.0,44.0,0,45.0,0.0,0,0.0,0.0,0.0,0.0,0.0,0,0,45.0,v2_conservative_ranker,38.0,-5.0,0,17.0,0.0,0.0,0.0,50.0,50.0,v3_stability_ranker,neutral,3530.0,0.0,0.0,0.0,3530.0,3530.0,0.0,0.0,unknown,STX,STX,major_shareholder_change,,,,,,data/raw/price_011810_20260823_20260922.csv,363,False,Broad evaluation pool candidate,401,False,Broad evaluation pool candidate
263800,2026-09-22,2026-09-22,2026-09-22,2026-09-22,HOLD,neutral,44.99,44.99,44.99,48.68,48.68,0,46.9,-2.0,2,1.91,0.0,0.0,0.0,0.0,0,0,44.99,v2_conservative_ranker,40.5,-3.0,1,14.62,0.0,0.0,0.0,53.12,53.12,v3_stability_ranker,neutral,4745.0,0.0182,-0.0042,-0.0481,4791.0,4768.5,0.1833,0.0159,kis,,,,,,,,,data/raw/price_263800_20260525_20260922.csv,364,False,Broad evaluation pool candidate,300,False,Broad evaluation pool candidate
000210,2026-09-22,2026-09-22,2026-09-22,2026-09-22,HOLD,neutral,44.9,44.9,44.9,50.36,50.36,0,47.96,-2.0,2,3.06,0.0,0.0,0.0,0.0,0,0,44.9,v2_conservative_ranker,43.66,-3.0,1,13.18,0.0,0.0,0.0,54.83,54.83,v3_stability_ranker,neutral,51600.0,-0.0058,-0.0355,0.0717,53380.0,52907.5,0.1464,0.0255,kis,,,,,,,,,data/raw/price_000210_20260525_20260922.csv,365,False,Broad evaluation pool candidate,258,False,Broad evaluation pool candidate
082270,2026-09-22,2026-09-22,2026-09-22,2026-09-22,HOLD,neutral,44.86,44.86,44.86,49.42,49.42,0,48.72,-2.0,2,3.86,0.0,0.0,0.0,0.0,0,0,44.86,v2_conservative_ranker,40.5,-3.0,1,12.17,0.0,0.0,0.0,50.67,50.67,v3_stability_ranker,neutral,10390.0,-0.0189,0.0019,-0.0133,10296.0,10486.5,0.1864,0.0322,kis,,,,,,,,,data/raw/price_082270_20260525_20260922.csv,366,False,Broad evaluation pool candidate,380,False,Broad evaluation pool candidate
144510,2026-09-22,2026-09-22,2026-09-22,2026-09-22,HOLD,neutral,44.83,44.83,44.83,52.12,52.12,0,48.3,-2.0,2,3.47,0.0,0.0,0.0,0.0,0,0,44.83,v2_conservative_ranker,40.5,-3.0,1,12.66,0.0,0.0,0.0,51.16,51.16,v3_stability_ranker,neutral,13910.0,-0.0225,-0.0078,0.0022,14168.0,14154.0,0.6139,0.0289,kis,,,,,,,,,data/raw/price_144510_20260525_20260922.csv,367,False,Broad evaluation pool candidate,352,False,Broad evaluation pool candidate
006360,2026-09-22,2026-09-22,2026-09-22,2026-09-22,HOLD,neutral,44.82,44.82,44.82,50.92,50.92,0,49.25,-2.0,2,4.43,0.0,0.0,0.0,0.0,0,0,44.82,v2_conservative_ranker,46.5,-3.0,1,11.46,0.0,0.0,0.0,55.97,55.97,v3_stability_ranker,neutral,37100.0,0.0137,-0.0185,0.06,36770.0,36080.0,0.2439,0.0369,kis,,,,medium_attention,no_risk_noise,,,,data/raw/price_006360_20260525_20260922.csv,368,False,Broad evaluation pool candidate,207,False,Broad evaluation pool candidate
071950,2026-09-22,2026-09-22,2026-09-22,2026-09-22,HOLD,neutral,44.76,44.76,44.76,51.89,54.89,-3,51.61,-2.0,2,4.85,0.0,0.0,0.0,0.0,2,0,44.76,v2_conservative_ranker,46.5,-3.0,1,10.94,0.0,0.0,2.0,53.44,53.44,v3_stability_ranker,neutral,1805.0,0.0006,-0.0153,0.1183,1832.2,1823.1,0.4246,0.0404,unknown,코아스,코아스,convertible_bond,,,,,,data/raw/price_071950_20260823_20260922.csv,369,False,Broad evaluation pool candidate,292,False,Broad evaluation pool candidate
356890,2026-09-22,2026-09-22,2026-09-22,2026-09-22,HOLD,neutral,44.74,44.74,44.74,50.34,50.34,0,48.48,-2.0,2,3.74,0.0,0.0,0.0,0.0,0,0,44.74,v2_conservative_ranker,42.89,-3.0,1,12.32,0.0,0.0,0.0,53.21,53.21,v3_stability_ranker,neutral,2540.0,0.0099,-0.0451,0.114,2547.0,2423.0,0.0456,0.0312,kis,,,,,,,,,data/raw/price_356890_20260525_20260922.csv,370,False,Broad evaluation pool candidate,297,False,Broad evaluation pool candidate
032820,2026-09-22,2026-09-22,2026-09-22,2026-09-22,HOLD,neutral,44.72,44.72,44.72,53.6,50.6,3,51.29,-2.0,2,7.4,0.0,0.17,0.0,0.0,0,1,44.72,v2_conservative_ranker,46.5,-3.0,1,7.75,0.0,2.67,0.0,49.57,49.57,v3_stability_ranker,neutral,13390.0,-0.0111,-0.0081,0.0886,13454.0,12569.0,0.1921,0.0617,unknown,우리기술,우리기술,supply_contract,,,,,,data/raw/price_032820_20260823_20260922.csv,371,False,Broad evaluation pool candidate,412,False,Broad evaluation pool candidate
161890,2026-09-22,2026-09-22,2026-09-22,2026-09-22,HOLD,neutral,44.71,44.71,44.71,50.49,50.49,0,48.55,-2.0,2,3.84,0.0,0.0,0.0,0.0,0,0,44.71,v2_conservative_ranker,40.5,-3.0,1,12.2,0.0,0.0,0.0,50.7,50.7,v3_stability_ranker,neutral,145400.0,-0.0007,0.0062,-0.0307,146700.0,147660.0,0.4345,0.032,kis,,,,,,,,,data/raw/price_161890_20260525_20260922.csv,372,False,Broad evaluation pool candidate,378,False,Broad evaluation pool candidate
033790,2026-09-22,2026-09-22,2026-09-22,2026-09-22,HOLD,neutral,44.67,44.67,44.67,56.64,56.64,0,56.86,-2.0,2,9.92,0.0,2.27,0.0,0.0,0,0,44.67,v2_conservative_ranker,47.12,-3.0,1,5.0,0.0,6.03,0.0,44.09,44.09,v3_stability_ranker,neutral,7670.0,-0.0242,0.0186,0.2594,7780.0,7864.5,0.1294,0.0827,pykrx,,,,,,,,,data/raw/price_033790_20260525_20260922.csv,373,False,Broad evaluation pool candidate,535,False,Broad evaluation pool candidate
090370,2026-09-22,2026-09-22,2026-09-22,2026-09-22,HOLD,neutral,44.64,44.64,44.64,49.54,49.54,0,48.28,-2.0,2,3.64,0.0,0.0,0.0,0.0,0,0,44.64,v2_conservative_ranker,46.5,-3.0,1,12.46,0.0,0.0,0.0,56.95,56.95,v3_stability_ranker,neutral,1174.0,-0.0101,-0.0281,0.0596,1189.0,1185.6,0.0666,0.0303,kis,,,,,,,,,data/raw/price_090370_20260525_20260922.csv,374,False,Broad evaluation pool candidate,188,False,Broad evaluation pool candidate
032790,2026-09-22,2026-09-22,2026-09-22,2026-09-22,HOLD,neutral,44.56,44.56,44.56,58.94,65.94,-7,62.13,-2.0,2,9.2,0.0,1.67,0.0,4.7,2,0,44.56,v2_conservative_ranker,47.12,-3.0,1,5.49,2.54,5.07,9.2,33.8,33.8,v3_stability_ranker,price_momentum,1251.0,-0.0211,0.0313,0.3309,1264.8,1261.45,0.0793,0.0767,unknown,엠젠솔루션,엠젠솔루션,convertible_bond,low_attention,risk_noise_detected,,,,data/raw/price_032790_20260823_20260922.csv,375,False,Broad evaluation pool candidate,655,False,Broad evaluation pool candidate
008930,2026-09-22,2026-09-22,2026-09-22,2026-09-22,HOLD,neutral,44.55,44.55,44.55,50.25,50.25,0,49.77,-2.0,2,5.22,0.0,0.0,0.0,0.0,0,0,44.55,v2_conservative_ranker,46.5,-3.0,1,10.48,0.0,0.0,0.0,54.98,54.98,v3_stability_ranker,neutral,50400.0,-0.0079,-0.0233,0.0886,50340.0,50000.0,0.0828,0.0435,kis,,,,,,,,,data/raw/price_008930_20260525_20260922.csv,376,False,Broad evaluation pool candidate,255,False,Broad evaluation pool candidate
038680,2026-09-22,2026-09-22,2026-09-22,2026-09-22,HOLD,neutral,44.53,44.53,44.53,47.33,47.33,0,46.21,-2.0,2,1.68,0.0,0.0,0.0,0.0,0,0,44.53,v2_conservative_ranker,36.57,-3.0,1,14.9,0.0,0.0,0.0,49.47,49.47,v3_stability_ranker,neutral,3760.0,0.004,0.0027,-0.0874,3797.0,3879.0,0.1376,0.014,kis,,,,,,,,,data/raw/price_038680_20260525_20260922.csv,377,False,Broad evaluation pool candidate,414,False,Broad evaluation pool candidate
457600,2026-09-22,2026-09-22,2026-09-22,2026-09-22,HOLD,neutral,44.49,44.49,44.49,52.56,52.56,0,54.84,-2.0,2,8.92,0.0,1.43,0.0,0.0,0,0,44.49,v2_conservative_ranker,54.5,-3.0,1,5.85,0.0,4.69,0.0,53.67,53.67,v3_stability_ranker,neutral,4435.0,0.0034,0.0184,0.1143,4498.0,4784.75,0.0724,0.0743,kis,,,,low_attention,no_risk_noise,,,,data/raw/price_457600_20260525_20260922.csv,378,False,Broad evaluation pool candidate,283,False,Broad evaluation pool candidate
294870,2026-09-22,2026-09-22,2026-09-22,2026-09-22,HOLD,neutral,44.47,44.47,44.47,49.5,49.5,0,46.35,-2.0,2,1.88,0.0,0.0,0.0,0.0,0,0,44.47,v2_conservative_ranker,43.07,-3.0,1,14.64,0.0,0.0,0.0,55.71,55.71,v3_stability_ranker,neutral,23450.0,-0.0021,-0.0429,0.0469,23610.0,23530.0,0.1691,0.0157,kis,,,,medium_attention,no_risk_noise,,,,data/raw/price_294870_20260525_20260922.csv,379,False,Broad evaluation pool candidate,215,False,Broad evaluation pool candidate
310210,2026-09-22,2026-09-22,2026-09-22,2026-09-22,HOLD,neutral,44.42,44.42,44.42,50.95,50.95,0,51.15,-2.0,2,6.73,0.0,0.0,0.0,0.0,0,0,44.42,v2_conservative_ranker,43.63,-3.0,1,8.59,0.0,1.78,0.0,48.44,48.44,v3_stability_ranker,neutral,149900.0,-0.0304,0.0594,-0.1083,143980.0,152920.0,0.6725,0.0561,kis,,,,medium_attention,no_risk_noise,,,,data/raw/price_310210_20260525_20260922.csv,380,False,Broad evaluation pool candidate,436,False,Broad evaluation pool candidate
256940,2026-09-22,2026-09-22,2026-09-22,2026-09-22,HOLD,neutral,44.41,44.41,44.41,48.26,48.26,0,47.28,-2.0,2,2.87,0.0,0.0,0.0,0.0,0,0,44.41,v2_conservative_ranker,40.5,-3.0,1,13.41,0.0,0.0,0.0,51.91,51.91,v3_stability_ranker,neutral,5940.0,0.0068,-0.0214,0.0119,5986.0,5756.0,0.0329,0.0239,kis,,,,,,,,,data/raw/price_256940_20260525_20260922.csv,381,False,Broad evaluation pool candidate,331,False,Broad evaluation pool candidate
050110,2026-09-22,2026-09-22,2026-09-22,2026-09-22,HOLD,neutral,44.32,44.32,44.32,44.3,44.3,0,46.45,0.0,0,2.14,0.0,0.0,0.0,0.0,0,0,44.32,v2_conservative_ranker,44.0,-5.0,0,14.33,0.0,0.0,0.0,53.33,53.33,v3_stability_ranker,neutral,1079.0,0.0,0.0,0.0415,1079.0,1082.5,0.0,0.0178,kis,,,,,,,,,data/raw/price_050110_20260525_20260922.csv,382,False,Broad evaluation pool candidate,295,False,Broad evaluation pool candidate
052400,2026-09-22,2026-09-22,2026-09-22,2026-09-22,HOLD,neutral,44.29,44.29,44.29,48.33,48.33,0,48.03,-2.0,2,3.74,0.0,0.0,0.0,0.0,0,0,44.29,v2_conservative_ranker,40.5,-3.0,1,12.32,0.0,0.0,0.0,50.82,50.82,v3_stability_ranker,neutral,38000.0,0.0013,0.0053,-0.0428,37530.0,37712.5,0.1766,0.0312,kis,,,,,,,,,data/raw/price_052400_20260525_20260922.csv,383,False,Broad evaluation pool candidate,372,False,Broad evaluation pool candidate
090080,2026-09-22,2026-09-22,2026-09-22,2026-09-22,HOLD,neutral,44.22,44.22,44.22,48.29,48.29,0,45.64,-2.0,2,1.43,0.0,0.0,0.0,0.0,0,0,44.22,v2_conservative_ranker,40.5,-3.0,1,15.21,0.0,0.0,0.0,53.72,53.72,v3_stability_ranker,neutral,985.0,0.0,-0.0199,-0.039,993.6,988.55,0.236,0.0119,kis,,,,,,,,,data/raw/price_090080_20260525_20260922.csv,384,False,Broad evaluation pool candidate,281,False,Broad evaluation pool candidate
036530,2026-09-22,2026-09-22,2026-09-22,2026-09-22,HOLD,neutral,44.17,44.17,44.17,47.19,47.19,0,43.53,0.0,3,2.35,0.0,0.0,0.0,0.0,0,0,44.17,v2_conservative_ranker,38.0,8.0,6,14.06,0.0,0.0,0.0,66.06,66.06,v3_stability_ranker,neutral,45850.0,-0.0097,-0.0182,0.0099,46030.0,46450.0,1.0788,0.0196,kis,,,,,,,,,data/raw/price_036530_20260525_20260922.csv,385,False,Broad evaluation pool candidate,54,False,Broad evaluation pool candidate
187420,2026-09-22,2026-09-22,2026-09-22,2026-09-22,HOLD,neutral,44.16,44.16,44.16,50.54,50.54,0,47.06,-2.0,2,2.9,0.0,0.0,0.0,0.0,0,0,44.16,v2_conservative_ranker,37.79,-3.0,1,13.37,0.0,0.0,0.0,49.16,49.16,v3_stability_ranker,neutral,1796.0,-0.0077,0.0017,-0.0602,1787.6,1851.85,0.6329,0.0242,kis,,,,,,,,,data/raw/price_187420_20260525_20260922.csv,386,False,Broad evaluation pool candidate,427,False,Broad evaluation pool candidate
006730,2026-09-22,2026-09-22,2026-09-22,2026-09-22,HOLD,neutral,44.16,44.16,44.16,49.6,49.6,0,46.87,-2.0,2,2.71,0.0,0.0,0.0,0.0,0,0,44.16,v2_conservative_ranker,40.5,-3.0,1,13.61,0.0,0.0,0.0,52.11,52.11,v3_stability_ranker,neutral,10910.0,-0.0073,-0.0268,0.0158,11160.0,11129.5,0.2909,0.0226,kis,,,,,,,,,data/raw/price_006730_20260525_20260922.csv,387,False,Broad evaluation pool candidate,329,False,Broad evaluation pool candidate
024720,2026-09-22,2026-09-22,2026-09-22,2026-09-22,HOLD,neutral,44.15,44.15,44.15,46.66,46.66,0,46.03,-2.0,2,1.88,0.0,0.0,0.0,0.0,0,0,44.15,v2_conservative_ranker,36.54,-3.0,1,14.64,0.0,0.0,0.0,49.19,49.19,v3_stability_ranker,neutral,9440.0,-0.0063,0.0011,-0.0879,9424.0,9750.0,0.0854,0.0157,kis,,,,,,,,,data/raw/price_024720_20260525_20260922.csv,388,False,Broad evaluation pool candidate,423,False,Broad evaluation pool candidate
154040,2026-09-22,2026-09-22,2026-09-22,2026-09-22,HOLD,neutral,44.14,44.14,44.14,42.99,42.99,0,44.51,0.0,0,0.37,0.0,0.0,0.0,0.0,0,0,44.14,v2_conservative_ranker,38.0,-5.0,0,16.54,0.0,0.0,0.0,49.53,49.53,v3_stability_ranker,neutral,1055.0,0.0,0.0,-0.014,1055.0,1058.05,0.0,0.0031,kis,,,,,,,,,data/raw/price_154040_20260525_20260922.csv,389,False,Broad evaluation pool candidate,413,False,Broad evaluation pool candidate
049480,2026-09-22,2026-09-22,2026-09-22,2026-09-22,HOLD,neutral,44.09,44.09,44.09,48.28,48.28,0,46.38,-2.0,2,2.29,0.0,0.0,0.0,0.0,0,0,44.09,v2_conservative_ranker,43.78,-3.0,1,14.13,0.0,0.0,0.0,55.91,55.91,v3_stability_ranker,neutral,1930.0,0.0126,-0.034,0.0222,1936.4,1888.4,0.0807,0.0191,kis,,,,,,,,,data/raw/price_049480_20260525_20260922.csv,390,False,Broad evaluation pool candidate,208,False,Broad evaluation pool candidate
065710,2026-09-22,2026-09-22,2026-09-22,2026-09-22,HOLD,neutral,44.05,44.05,44.05,46.04,46.04,0,45.6,-2.0,2,1.55,0.0,0.0,0.0,0.0,0,0,44.05,v2_conservative_ranker,44.0,-3.0,1,15.06,0.0,0.0,0.0,57.06,57.06,v3_stability_ranker,neutral,45150.0,-0.0011,-0.0077,0.0391,45230.0,45382.5,0.3581,0.0129,kis,,,,,,,,,data/raw/price_065710_20260525_20260922.csv,391,False,Broad evaluation pool candidate,185,False,Broad evaluation pool candidate
366030,2026-09-22,2026-09-22,2026-09-22,2026-09-22,HOLD,neutral,44.03,44.03,44.03,46.84,46.84,0,47.72,-2.0,2,3.7,0.0,0.0,0.0,0.0,0,0,44.03,v2_conservative_ranker,42.64,-3.0,1,12.38,0.0,0.0,0.0,53.02,53.02,v3_stability_ranker,neutral,4410.0,-0.0222,0.0328,-0.1302,4417.0,4733.0,0.1922,0.0308,kis,,,,,,,,,data/raw/price_366030_20260525_20260922.csv,392,False,Broad evaluation pool candidate,307,False,Broad evaluation pool candidate
096770,2026-09-22,2026-09-22,2026-09-22,2026-09-22,HOLD,neutral,44.01,44.01,44.01,50.88,50.88,0,50.32,-2.0,2,6.31,0.0,0.0,0.0,0.0,0,0,44.01,v2_conservative_ranker,46.5,-3.0,1,9.11,0.0,1.22,0.0,52.39,52.39,v3_stability_ranker,neutral,138300.0,-0.0171,-0.024,0.1064,138260.0,134925.0,0.2025,0.0526,kis,,,,,,,,,data/raw/price_096770_20260525_20260922.csv,393,False,Broad evaluation pool candidate,321,False,Broad evaluation pool candidate
013520,2026-09-22,2026-09-22,2026-09-22,2026-09-22,HOLD,neutral,44.01,44.01,44.01,46.33,46.33,0,40.35,2.48,3,1.82,0.0,0.0,0.0,0.0,0,0,44.01,v2_conservative_ranker,35.17,8.0,6,14.72,0.0,0.0,0.0,63.89,63.89,v3_stability_ranker,neutral,2450.0,-0.0061,-0.0354,-0.0316,2502.0,2563.5,1.4953,0.0152,kis,,,,,,,,,data/raw/price_013520_20260525_20260922.csv,394,False,Broad evaluation pool candidate,72,False,Broad evaluation pool candidate
001360,2026-09-22,2026-09-22,2026-09-22,2026-09-22,HOLD,neutral,44.0,44.0,44.0,50.11,50.11,0,46.87,-2.0,2,2.87,0.0,0.0,0.0,0.0,0,0,44.0,v2_conservative_ranker,43.38,-3.0,1,13.41,0.0,0.0,0.0,54.8,54.8,v3_stability_ranker,neutral,1330.0,0.003,-0.039,0.0506,1347.2,1341.15,0.3113,0.0239,kis,,,,,,,,,data/raw/price_001360_20260525_20260922.csv,395,False,Broad evaluation pool candidate,259,False,Broad evaluation pool candidate
053620,2026-09-22,2026-09-22,2026-09-22,2026-09-22,HOLD,neutral,43.99,43.99,43.99,46.66,43.66,3,44.48,-2.0,2,1.49,0.0,0.0,0.0,0.0,0,1,43.99,v2_conservative_ranker,38.0,-3.0,1,15.14,0.0,0.0,0.0,51.14,51.14,v3_stability_ranker,neutral,6830.0,-0.0058,-0.0073,0.0059,6878.0,6919.0,0.222,0.0124,unknown,태양,태양,supply_contract,,,,,,data/raw/price_053620_20260823_20260922.csv,396,False,Broad evaluation pool candidate,354,False,Broad evaluation pool candidate
097230,2026-09-22,2026-09-22,2026-09-22,2026-09-22,HOLD,neutral,43.88,43.88,43.88,49.06,49.06,0,46.04,-2.0,2,2.16,0.0,0.0,0.0,0.0,0,0,43.88,v2_conservative_ranker,36.11,-3.0,1,14.3,0.0,0.0,0.0,48.41,48.41,v3_stability_ranker,neutral,15350.0,0.0052,0.0046,-0.0976,15376.0,15996.5,0.546,0.018,unknown,HJ중공업,HJ중공업,investment_decision,medium_attention,no_risk_noise,,,,data/raw/price_097230_20260823_20260922.csv,397,False,Broad evaluation pool candidate,437,False,Broad evaluation pool candidate
237690,2026-09-22,2026-09-22,2026-09-22,2026-09-22,HOLD,neutral,43.82,43.82,43.82,46.09,46.09,0,47.12,-2.0,2,3.3,0.0,0.0,0.0,0.0,0,0,43.82,v2_conservative_ranker,42.5,-3.0,1,12.88,0.0,0.0,0.0,53.38,53.38,v3_stability_ranker,neutral,92100.0,0.0121,0.0291,-0.1368,91620.0,96675.0,0.1281,0.0275,kis,,,,medium_attention,no_risk_noise,,,,data/raw/price_237690_20260525_20260922.csv,398,False,Broad evaluation pool candidate,294,False,Broad evaluation pool candidate
475400,2026-09-22,2026-09-22,2026-09-22,2026-09-22,HOLD,neutral,43.8,43.8,43.8,48.55,48.55,0,48.88,-2.0,2,5.09,0.0,0.0,0.0,0.0,0,0,43.8,v2_conservative_ranker,40.5,-3.0,1,10.64,0.0,0.0,0.0,49.14,49.14,v3_stability_ranker,neutral,18620.0,0.0054,-0.0021,0.0027,18430.0,18212.5,0.1449,0.0424,kis,,,,,,,,,data/raw/price_475400_20260525_20260922.csv,399,False,Broad evaluation pool candidate,428,False,Broad evaluation pool candidate
014530,2026-09-22,2026-09-22,2026-09-22,2026-09-22,HOLD,neutral,43.72,43.72,43.72,47.82,47.82,0,45.12,-2.0,2,1.4,0.0,0.0,0.0,0.0,0,0,43.72,v2_conservative_ranker,37.23,-3.0,1,15.24,0.0,0.0,0.0,50.47,50.47,v3_stability_ranker,neutral,3285.0,-0.012,-0.0409,0.0061,3353.0,3301.5,0.1286,0.0117,kis,,,,,,,,,data/raw/price_014530_20260525_20260922.csv,400,False,Broad evaluation pool candidate,385,False,Broad evaluation pool candidate
340570,2026-09-22,2026-09-22,2026-09-22,2026-09-22,HOLD,neutral,43.67,43.67,43.67,46.62,46.62,0,46.06,-2.0,2,2.39,0.0,0.0,0.0,0.0,0,0,43.67,v2_conservative_ranker,42.5,-3.0,1,14.02,0.0,0.0,0.0,54.52,54.52,v3_stability_ranker,neutral,27800.0,-0.0159,0.0221,-0.1472,27480.0,28977.5,0.294,0.0199,kis,,,,,,,,,data/raw/price_340570_20260525_20260922.csv,401,False,Broad evaluation pool candidate,264,False,Broad evaluation pool candidate
033270,2026-09-22,2026-09-22,2026-09-22,2026-09-22,HOLD,neutral,43.64,43.64,43.64,46.14,46.14,0,42.92,0.0,2,1.28,0.0,0.0,0.0,0.0,0,0,43.64,v2_conservative_ranker,38.0,2.0,6,15.39,0.0,0.0,0.0,61.39,61.39,v3_stability_ranker,neutral,17670.0,-0.0151,-0.0167,-0.0117,17892.0,18094.5,0.9106,0.0107,kis,,,,,,,,,data/raw/price_033270_20260525_20260922.csv,402,False,Broad evaluation pool candidate,107,False,Broad evaluation pool candidate
038880,2026-09-22,2026-09-22,2026-09-22,2026-09-22,HOLD,neutral,43.56,43.56,43.56,51.79,51.79,0,47.8,-2.0,2,4.24,0.0,0.0,0.0,0.0,0,0,43.56,v2_conservative_ranker,40.5,-3.0,1,11.71,0.0,0.0,0.0,50.2,50.2,v3_stability_ranker,neutral,3215.0,-0.0168,-0.0153,0.0094,3248.0,3188.25,0.7305,0.0353,kis,,,,,,,,,data/raw/price_038880_20260525_20260922.csv,403,False,Broad evaluation pool candidate,394,False,Broad evaluation pool candidate
402030,2026-09-22,2026-09-22,2026-09-22,2026-09-22,HOLD,neutral,43.52,43.52,43.52,48.77,48.77,0,46.28,-2.0,2,2.76,0.0,0.0,0.0,0.0,0,0,43.52,v2_conservative_ranker,36.22,-3.0,1,13.55,0.0,0.0,0.0,47.77,47.77,v3_stability_ranker,neutral,13230.0,0.0264,0.0061,-0.0951,12946.0,13536.5,0.5364,0.023,kis,,,,,,,,,data/raw/price_402030_20260525_20260922.csv,404,False,Broad evaluation pool candidate,459,False,Broad evaluation pool candidate
475460,2026-09-22,2026-09-22,2026-09-22,2026-09-22,HOLD,neutral,43.52,43.52,43.52,51.79,51.79,0,48.16,-2.0,2,4.64,0.0,0.0,0.0,0.0,0,0,43.52,v2_conservative_ranker,34.48,-3.0,1,11.2,0.0,0.0,0.0,43.68,43.68,v3_stability_ranker,neutral,2575.0,-0.0246,-0.0684,0.2356,2644.0,2585.9,0.0829,0.0387,kis,,,,,,,,,data/raw/price_475460_20260525_20260922.csv,405,False,Broad evaluation pool candidate,545,False,Broad evaluation pool candidate
900110,2026-09-22,2026-09-22,2026-09-22,2026-09-22,HOLD,neutral,43.5,43.5,43.5,48.09,48.09,0,37.8,4.21,3,1.51,0.0,0.0,0.0,0.0,0,0,43.5,v2_conservative_ranker,29.08,5.0,6,15.11,0.0,0.0,0.0,55.19,55.19,v3_stability_ranker,price_weakness,5460.0,-0.0353,-0.0914,-0.0914,5775.6,5950.65,1.8427,0.0126,kis,,,,,,,,,data/raw/price_900110_20260525_20260922.csv,406,False,Broad evaluation pool candidate,222,False,Broad evaluation pool candidate
195990,2026-09-22,2026-09-22,2026-09-22,2026-09-22,HOLD,neutral,43.47,43.47,43.47,47.14,47.14,0,44.66,-2.0,2,1.19,0.0,0.0,0.0,0.0,0,0,43.47,v2_conservative_ranker,34.5,-3.0,1,15.52,0.0,0.0,0.0,48.02,48.02,v3_stability_ranker,neutral,1180.0,0.0025,0.0043,-0.1362,1175.8,1258.7,0.4178,0.0099,kis,,,,,,,,,data/raw/price_195990_20260525_20260922.csv,407,False,Broad evaluation pool candidate,448,False,Broad evaluation pool candidate
468530,2026-09-22,2026-09-22,2026-09-22,2026-09-22,HOLD,neutral,43.43,43.43,43.43,79.27,79.27,0,66.36,-2.0,2,7.52,15.14,0.27,0.0,0.0,0,0,43.43,v2_conservative_ranker,39.0,-3.0,1,4.59,23.83,2.83,0.0,14.93,14.93,v3_stability_ranker,price_momentum,40300.0,0.0215,0.4066,0.1531,36250.0,32615.0,0.4808,0.0627,kis,,,,,,,,,data/raw/price_468530_20260525_20260922.csv,408,False,Broad evaluation pool candidate,724,False,Broad evaluation pool candidate
206950,2026-09-22,2026-09-22,2026-09-22,2026-09-22,HOLD,neutral,43.42,43.42,43.42,53.89,53.89,0,57.71,-2.0,2,10.0,0.0,4.29,0.0,0.0,0,0,43.42,v2_conservative_ranker,54.5,-3.0,1,1.0,0.0,9.26,0.0,44.24,44.24,v3_stability_ranker,neutral,1613.0,-0.1497,0.0605,0.0761,1687.2,1719.45,0.0052,0.1029,kis,,,,,,,,,data/raw/price_206950_20260525_20260922.csv,409,False,Broad evaluation pool candidate,533,False,Broad evaluation pool candidate
050090,2026-09-22,2026-09-22,2026-09-22,2026-09-22,HOLD,neutral,43.38,43.38,43.38,50.59,50.59,0,49.22,-2.0,2,5.84,0.0,0.0,0.0,0.0,0,0,43.38,v2_conservative_ranker,41.88,-3.0,1,9.7,0.0,0.59,0.0,48.98,48.98,v3_stability_ranker,neutral,848.0,-0.0093,-0.0578,0.1827,858.0,831.05,0.0172,0.0487,kis,,,,,,,,,data/raw/price_050090_20260525_20260922.csv,410,False,Broad evaluation pool candidate,431,False,Broad evaluation pool candidate
023530,2026-09-22,2026-09-22,2026-09-22,2026-09-22,HOLD,neutral,43.33,43.33,43.33,50.03,50.03,0,48.21,-2.0,2,4.88,0.0,0.0,0.0,0.0,0,0,43.33,v2_conservative_ranker,42.76,-3.0,1,10.89,0.0,0.0,0.0,51.65,51.65,v3_stability_ranker,neutral,109900.0,0.0037,-0.0468,0.1112,113400.0,110775.0,0.203,0.0407,kis,,,,,,,,,data/raw/price_023530_20260525_20260922.csv,411,False,Broad evaluation pool candidate,338,False,Broad evaluation pool candidate
003200,2026-09-22,2026-09-22,2026-09-22,2026-09-22,HOLD,neutral,43.32,43.32,43.32,48.89,48.89,0,49.36,-2.0,2,6.04,0.0,0.0,0.0,0.0,0,0,43.32,v2_conservative_ranker,46.5,-3.0,1,9.46,0.0,0.85,0.0,53.11,53.11,v3_stability_ranker,neutral,11290.0,-0.0157,-0.0096,0.0377,11684.0,10985.0,0.1663,0.0503,kis,,,,,,,,,data/raw/price_003200_20260525_20260922.csv,412,False,Broad evaluation pool candidate,301,False,Broad evaluation pool candidate
009730,2026-09-22,2026-09-22,2026-09-22,2026-09-22,HOLD,neutral,43.25,43.25,43.25,58.2,58.2,0,53.66,0.0,2,10.0,0.0,2.41,0.0,0.0,0,0,43.25,v2_conservative_ranker,43.0,2.0,6,5.0,0.0,6.26,0.0,49.74,49.74,v3_stability_ranker,price_momentum,1999.0,0.0005,0.0045,0.006,2048.4,2043.45,0.9084,0.0841,kis,,,,,,,,,data/raw/price_009730_20260525_20260922.csv,413,False,Broad evaluation pool candidate,408,False,Broad evaluation pool candidate
340440,2026-09-22,2026-09-22,2026-09-22,2026-09-22,HOLD,neutral,43.23,43.23,43.23,42.5,42.5,0,44.95,0.0,0,1.73,0.0,0.0,0.0,0.0,0,0,43.23,v2_conservative_ranker,38.0,-5.0,0,14.84,0.0,0.0,0.0,47.84,47.84,v3_stability_ranker,neutral,756.0,0.0,0.0,-0.0013,756.0,756.25,0.0,0.0144,kis,,,,,,,,,data/raw/price_340440_20260525_20260922.csv,414,False,Broad evaluation pool candidate,455,False,Broad evaluation pool candidate
021240,2026-09-22,2026-09-22,2026-09-22,2026-09-22,HOLD,neutral,43.21,43.21,43.21,47.65,47.65,0,46.51,-2.0,2,3.3,0.0,0.0,0.0,0.0,0,0,43.21,v2_conservative_ranker,40.5,-3.0,1,12.88,0.0,0.0,0.0,51.38,51.38,v3_stability_ranker,neutral,98900.0,-0.006,-0.0256,0.002,102880.0,99640.0,0.1431,0.0275,kis,,,,,,,,,data/raw/price_021240_20260525_20260922.csv,415,False,Broad evaluation pool candidate,345,False,Broad evaluation pool candidate
329180,2026-09-22,2026-09-22,2026-09-22,2026-09-22,HOLD,neutral,43.19,43.19,43.19,47.4,47.4,0,47.29,-2.0,2,4.09,0.0,0.0,0.0,0.0,0,0,43.19,v2_conservative_ranker,40.5,-3.0,1,11.89,0.0,0.0,0.0,50.39,50.39,v3_stability_ranker,neutral,450500.0,0.0,-0.0066,-0.0301,454200.0,454025.0,0.1619,0.0341,kis,,,,,,,,,data/raw/price_329180_20260525_20260922.csv,416,False,Broad evaluation pool candidate,390,False,Broad evaluation pool candidate
487570,2026-09-22,2026-09-22,2026-09-22,2026-09-22,HOLD,neutral,43.16,43.16,43.16,43.94,43.94,0,44.28,-2.0,2,1.13,0.0,0.0,0.0,0.0,0,0,43.16,v2_conservative_ranker,44.0,-3.0,1,15.59,0.0,0.0,0.0,57.59,57.59,v3_stability_ranker,neutral,47850.0,-0.0031,-0.0185,0.0324,47850.0,48242.5,0.1854,0.0094,kis,,,,,,,,,data/raw/price_487570_20260525_20260922.csv,417,False,Broad evaluation pool candidate,177,False,Broad evaluation pool candidate
210120,2026-09-22,2026-09-22,2026-09-22,2026-09-22,HOLD,neutral,43.15,43.15,43.15,83.51,83.51,0,67.0,0.0,3,10.0,11.8,5.05,0.0,0.0,0,0,43.15,v2_conservative_ranker,31.55,8.0,6,-2.0,23.09,10.0,0.0,10.46,10.46,v3_stability_ranker,price_momentum,1959.0,-0.0716,0.2093,0.8412,1884.8,1668.35,1.0855,0.1105,pykrx,,,,,,,,,data/raw/price_210120_20260525_20260922.csv,418,False,Broad evaluation pool candidate,730,False,Broad evaluation pool candidate
014970,2026-09-22,2026-09-22,2026-09-22,2026-09-22,HOLD,neutral,43.14,43.14,43.14,47.43,47.43,0,44.95,-2.0,2,1.81,0.0,0.0,0.0,0.0,0,0,43.14,v2_conservative_ranker,36.97,-3.0,1,14.73,0.0,0.0,0.0,49.71,49.71,v3_stability_ranker,neutral,4445.0,0.0045,-0.0441,0.0102,4488.0,4478.25,0.1399,0.0151,kis,,,,,,,,,data/raw/price_014970_20260525_20260922.csv,419,False,Broad evaluation pool candidate,409,False,Broad evaluation pool candidate
339770,2026-09-22,2026-09-22,2026-09-22,2026-09-22,HOLD,neutral,43.07,43.07,43.07,43.07,43.07,0,43.64,-2.0,2,0.58,0.0,0.0,0.0,0.0,0,0,43.07,v2_conservative_ranker,38.0,-3.0,1,16.28,0.0,0.0,0.0,52.28,52.28,v3_stability_ranker,neutral,3805.0,0.0,-0.0104,-0.0091,3816.0,3820.25,0.1743,0.0048,kis,,,,,,,,,data/raw/price_339770_20260525_20260922.csv,420,False,Broad evaluation pool candidate,323,False,Broad evaluation pool candidate
087260,2026-09-22,2026-09-22,2026-09-22,2026-09-22,HOLD,neutral,43.0,43.0,43.0,41.0,44.0,-3,45.0,0.0,0,0.0,0.0,0.0,0.0,0.0,2,0,43.0,v2_conservative_ranker,38.0,-5.0,0,17.0,0.0,0.0,2.0,48.0,48.0,v3_stability_ranker,neutral,247.0,0.0,0.0,0.0,247.0,247.0,0.0,0.0,unknown,모바일어플라이언스,모바일어플라이언스,lawsuit,,,,,,data/raw/price_087260_20260823_20260922.csv,421,False,Broad evaluation pool candidate,449,False,Broad evaluation pool candidate
012160,2026-09-22,2026-09-22,2026-09-22,2026-09-22,HOLD,neutral,42.98,42.98,42.98,44.4,44.4,0,45.91,-2.0,2,2.93,0.0,0.0,0.0,0.0,0,0,42.98,v2_conservative_ranker,42.5,-3.0,1,13.34,0.0,0.0,0.0,53.84,53.84,v3_stability_ranker,neutral,2170.0,-0.0023,0.0212,-0.149,2145.0,2332.5,0.0276,0.0244,kis,,,,,,,,,data/raw/price_012160_20260525_20260922.csv,422,False,Broad evaluation pool candidate,278,False,Broad evaluation pool candidate
145270,2026-09-22,2026-09-22,2026-09-22,2026-09-22,HOLD,neutral,42.98,42.98,42.98,43.29,43.29,0,44.11,-2.0,2,1.13,0.0,0.0,0.0,0.0,0,0,42.98,v2_conservative_ranker,38.0,-3.0,1,15.59,0.0,0.0,0.0,51.59,51.59,v3_stability_ranker,neutral,783.0,-0.0025,-0.0076,-0.0038,785.0,786.6,0.1963,0.0094,kis,,,,,,,,,data/raw/price_145270_20260525_20260922.csv,423,False,Broad evaluation pool candidate,339,False,Broad evaluation pool candidate
012630,2026-09-22,2026-09-22,2026-09-22,2026-09-22,HOLD,neutral,42.97,42.97,42.97,51.52,51.52,0,47.31,-2.0,2,4.34,0.0,0.0,0.0,0.0,0,0,42.97,v2_conservative_ranker,40.35,-3.0,1,11.57,0.0,0.0,0.0,49.92,49.92,v3_stability_ranker,neutral,25800.0,-0.0039,-0.0769,0.1972,26360.0,24820.0,0.1614,0.0362,kis,,,,medium_attention,no_risk_noise,,,,data/raw/price_012630_20260525_20260922.csv,424,False,Broad evaluation pool candidate,405,False,Broad evaluation pool candidate
047040,2026-09-22,2026-09-22,2026-09-22,2026-09-22,HOLD,neutral,42.94,42.94,42.94,52.21,49.21,3,48.16,-2.0,2,6.22,0.0,0.0,0.0,0.0,0,1,42.94,v2_conservative_ranker,44.06,-3.0,1,9.23,0.0,1.09,0.0,50.2,50.2,v3_stability_ranker,neutral,18730.0,0.0135,-0.0305,0.063,18688.0,18612.5,0.3812,0.0518,unknown,대우건설,대우건설,supply_contract,medium_attention,no_risk_noise,,,,data/raw/price_047040_20260823_20260922.csv,425,False,Broad evaluation pool candidate,395,False,Broad evaluation pool candidate
241710,2026-09-22,2026-09-22,2026-09-22,2026-09-22,HOLD,neutral,42.9,42.9,42.9,46.46,46.46,0,47.85,-2.0,2,4.94,0.0,0.0,0.0,0.0,0,0,42.9,v2_conservative_ranker,44.99,-3.0,1,10.82,0.0,0.0,0.0,53.81,53.81,v3_stability_ranker,neutral,128600.0,-0.01,0.0158,-0.0781,131420.0,133540.0,0.1502,0.0412,kis,,,,medium_attention,no_risk_noise,,,,data/raw/price_241710_20260525_20260922.csv,426,False,Broad evaluation pool candidate,279,False,Broad evaluation pool candidate
200230,2026-09-22,2026-09-22,2026-09-22,2026-09-22,HOLD,neutral,42.75,42.75,42.75,42.53,42.53,0,44.31,-2.0,2,1.56,0.0,0.0,0.0,0.0,0,0,42.75,v2_conservative_ranker,38.0,-3.0,1,15.05,0.0,0.0,0.0,51.05,51.05,v3_stability_ranker,neutral,2170.0,-0.0091,-0.0069,0.0,2179.0,2204.75,0.0873,0.013,kis,,,,,,,,,data/raw/price_200230_20260525_20260922.csv,427,False,Broad evaluation pool candidate,362,False,Broad evaluation pool candidate
453450,2026-09-22,2026-09-22,2026-09-22,2026-09-22,HOLD,neutral,42.67,42.67,42.67,45.54,45.54,0,45.18,-2.0,2,2.51,0.0,0.0,0.0,0.0,0,0,42.67,v2_conservative_ranker,34.97,-3.0,1,13.87,0.0,0.0,0.0,46.83,46.83,v3_stability_ranker,neutral,12630.0,0.0064,0.0048,-0.1229,12632.0,13167.0,0.2155,0.0209,kis,,,,,,,,,data/raw/price_453450_20260525_20260922.csv,428,False,Broad evaluation pool candidate,489,False,Broad evaluation pool candidate
296640,2026-09-22,2026-09-22,2026-09-22,2026-09-22,HOLD,neutral,42.58,42.58,42.58,42.7,42.7,0,43.9,-2.0,2,1.32,0.0,0.0,0.0,0.0,0,0,42.58,v2_conservative_ranker,38.0,-3.0,1,15.35,0.0,0.0,0.0,51.35,51.35,v3_stability_ranker,neutral,6110.0,0.0016,-0.0065,-0.0129,6126.0,6179.0,0.1824,0.011,kis,,,,,,,,,data/raw/price_296640_20260525_20260922.csv,429,False,Broad evaluation pool candidate,347,False,Broad evaluation pool candidate
107640,2026-09-22,2026-09-22,2026-09-22,2026-09-22,HOLD,neutral,42.58,42.58,42.58,49.13,49.13,0,47.79,-2.0,2,5.21,0.0,0.0,0.0,0.0,0,0,42.58,v2_conservative_ranker,42.49,-3.0,1,10.49,0.0,0.0,0.0,50.98,50.98,v3_stability_ranker,neutral,39800.0,-0.0185,-0.0501,0.1086,41330.0,40940.0,0.1749,0.0434,kis,,,,,,,,,data/raw/price_107640_20260525_20260922.csv,430,False,Broad evaluation pool candidate,365,False,Broad evaluation pool candidate
019210,2026-09-22,2026-09-22,2026-09-22,2026-09-22,HOLD,neutral,42.57,42.57,42.57,47.14,47.14,0,46.6,-2.0,2,4.03,0.0,0.0,0.0,0.0,0,0,42.57,v2_conservative_ranker,42.88,-3.0,1,11.96,0.0,0.0,0.0,52.84,52.84,v3_stability_ranker,neutral,12880.0,0.0158,0.0198,-0.125,13042.0,13532.5,0.4621,0.0336,kis,,,,,,,,,data/raw/price_019210_20260525_20260922.csv,431,False,Broad evaluation pool candidate,313,False,Broad evaluation pool candidate
131400,2026-09-22,2026-09-22,2026-09-22,2026-09-22,HOLD,neutral,42.57,42.57,42.57,42.68,42.68,0,46.18,0.0,0,3.61,0.0,0.0,0.0,0.0,0,0,42.57,v2_conservative_ranker,44.0,-5.0,0,12.48,0.0,0.0,0.0,51.48,51.48,v3_stability_ranker,neutral,766.0,0.0,0.0,0.0337,766.0,770.2,0.0,0.0301,kis,,,,,,,,,data/raw/price_131400_20260525_20260922.csv,432,False,Broad evaluation pool candidate,342,False,Broad evaluation pool candidate
376270,2026-09-22,2026-09-22,2026-09-22,2026-09-22,HOLD,neutral,42.51,42.51,42.51,44.35,44.35,0,44.88,-2.0,2,2.36,0.0,0.0,0.0,0.0,0,0,42.51,v2_conservative_ranker,42.5,-3.0,1,14.04,0.0,0.0,0.0,54.55,54.55,v3_stability_ranker,neutral,34200.0,0.0074,0.0179,-0.1689,33980.0,36632.5,0.1622,0.0197,kis,,,,,,,,,data/raw/price_376270_20260525_20260922.csv,433,False,Broad evaluation pool candidate,263,False,Broad evaluation pool candidate
115160,2026-09-22,2026-09-22,2026-09-22,2026-09-22,HOLD,neutral,42.5,42.5,42.5,48.31,48.31,0,46.46,-2.0,2,3.96,0.0,0.0,0.0,0.0,0,0,42.5,v2_conservative_ranker,43.12,-3.0,1,12.05,0.0,0.0,0.0,53.17,53.17,v3_stability_ranker,neutral,5440.0,-0.0145,-0.0423,0.0482,5636.0,5446.5,0.2375,0.033,kis,,,,,,,,,data/raw/price_115160_20260525_20260922.csv,434,False,Broad evaluation pool candidate,299,False,Broad evaluation pool candidate
026960,2026-09-22,2026-09-22,2026-09-22,2026-09-22,HOLD,neutral,42.49,42.49,42.49,42.62,42.62,0,43.93,-2.0,2,1.44,0.0,0.0,0.0,0.0,0,0,42.49,v2_conservative_ranker,38.0,-3.0,1,15.2,0.0,0.0,0.0,51.2,51.2,v3_stability_ranker,neutral,25375.0,-0.001,-0.0029,-0.0222,25425.0,25658.75,0.204,0.012,kis,,,,,,,,,data/raw/price_026960_20260525_20260922.csv,435,False,Broad evaluation pool candidate,351,False,Broad evaluation pool candidate
083660,2026-09-22,2026-09-22,2026-09-22,2026-09-22,HOLD,neutral,42.48,42.48,42.48,51.1,55.1,-4,57.99,-2.0,2,9.17,0.0,1.64,0.0,4.7,0,0,42.48,v2_conservative_ranker,54.5,-3.0,1,5.54,0.0,5.02,7.2,45.82,45.82,v3_stability_ranker,neutral,1569.0,-0.0291,0.0559,0.0972,1552.2,1615.35,0.0485,0.0764,kis,,,,low_attention,risk_noise_detected,,,,data/raw/price_083660_20260525_20260922.csv,436,False,Broad evaluation pool candidate,509,False,Broad evaluation pool candidate
290650,2026-09-22,2026-09-22,2026-09-22,2026-09-22,HOLD,neutral,42.41,42.41,42.41,47.63,47.63,0,46.86,-2.0,2,4.45,0.0,0.0,0.0,0.0,0,0,42.41,v2_conservative_ranker,37.48,-3.0,1,11.43,0.0,0.0,0.0,46.91,46.91,v3_stability_ranker,neutral,47250.0,0.0317,0.0021,-0.0672,46270.0,48624.35,0.4148,0.0371,kis,,,,,,,,,data/raw/price_290650_20260525_20260922.csv,437,False,Broad evaluation pool candidate,486,False,Broad evaluation pool candidate
007280,2026-09-22,2026-09-22,2026-09-22,2026-09-22,HOLD,neutral,42.34,42.34,42.34,42.75,42.75,0,44.41,-2.0,2,2.06,0.0,0.0,0.0,0.0,0,0,42.34,v2_conservative_ranker,38.0,-3.0,1,14.42,0.0,0.0,0.0,50.42,50.42,v3_stability_ranker,neutral,2315.0,-0.0149,0.0,-0.017,2337.0,2349.25,0.22,0.0172,kis,,,,,,,,,data/raw/price_007280_20260525_20260922.csv,438,False,Broad evaluation pool candidate,388,False,Broad evaluation pool candidate
014790,2026-09-22,2026-09-22,2026-09-22,2026-09-22,HOLD,neutral,42.32,42.32,42.32,42.37,42.37,0,44.38,-2.0,2,2.06,0.0,0.0,0.0,0.0,0,0,42.32,v2_conservative_ranker,38.0,-3.0,1,14.42,0.0,0.0,0.0,50.42,50.42,v3_stability_ranker,neutral,2470.0,0.002,-0.002,-0.012,2472.0,2541.25,0.1488,0.0172,kis,,,,,,,,,data/raw/price_014790_20260525_20260922.csv,439,False,Broad evaluation pool candidate,389,False,Broad evaluation pool candidate
033780,2026-09-22,2026-09-22,2026-09-22,2026-09-22,HOLD,neutral,42.29,42.29,42.29,47.93,51.93,-4,48.24,-2.0,2,1.25,0.0,0.0,0.0,4.7,0,0,42.29,v2_conservative_ranker,40.5,-3.0,1,15.44,0.0,0.0,7.2,46.74,46.74,v3_stability_ranker,neutral,171000.0,-0.0161,0.0012,-0.0251,172520.0,172800.0,0.3502,0.0104,kis,,,,low_attention,risk_noise_detected,,,,data/raw/price_033780_20260525_20260922.csv,440,False,Broad evaluation pool candidate,492,False,Broad evaluation pool candidate
003540,2026-09-22,2026-09-22,2026-09-22,2026-09-22,HOLD,neutral,42.26,42.26,42.26,43.79,43.79,0,43.79,-2.0,2,1.52,0.0,0.0,0.0,0.0,0,0,42.26,v2_conservative_ranker,38.0,-3.0,1,15.1,0.0,0.0,0.0,51.09,51.09,v3_stability_ranker,neutral,26600.0,0.0076,-0.0148,0.0076,26430.0,26765.0,0.3601,0.0127,kis,,,,,,,,,data/raw/price_003540_20260525_20260922.csv,441,False,Broad evaluation pool candidate,359,False,Broad evaluation pool candidate
006090,2026-09-22,2026-09-22,2026-09-22,2026-09-22,HOLD,neutral,42.25,42.25,42.25,41.51,41.51,0,44.31,-2.0,2,2.05,0.0,0.0,0.0,0.0,0,0,42.25,v2_conservative_ranker,38.0,-3.0,1,14.44,0.0,0.0,0.0,50.44,50.44,v3_stability_ranker,neutral,8830.0,-0.0232,-0.0034,-0.0101,8890.0,8975.5,0.0109,0.0171,kis,,,,,,,,,data/raw/price_006090_20260525_20260922.csv,442,False,Broad evaluation pool candidate,386,False,Broad evaluation pool candidate
007980,2026-09-22,2026-09-22,2026-09-22,2026-09-22,HOLD,neutral,42.21,42.21,42.21,43.96,43.96,0,42.91,-2.0,2,0.7,0.0,0.0,0.0,0.0,0,0,42.21,v2_conservative_ranker,38.0,-3.0,1,16.13,0.0,0.0,0.0,52.13,52.13,v3_stability_ranker,neutral,1709.0,0.0041,-0.0104,-0.0301,1715.0,1727.75,0.5138,0.0058,kis,,,,,,,,,data/raw/price_007980_20260525_20260922.csv,443,False,Broad evaluation pool candidate,328,False,Broad evaluation pool candidate
277880,2026-09-22,2026-09-22,2026-09-22,2026-09-22,HOLD,neutral,42.2,42.2,42.2,44.76,44.76,0,44.48,-2.0,2,2.28,0.0,0.0,0.0,0.0,0,0,42.2,v2_conservative_ranker,38.0,-3.0,1,14.15,0.0,0.0,0.0,50.15,50.15,v3_stability_ranker,neutral,3505.0,0.0043,-0.0057,0.0014,3537.0,3576.25,0.5262,0.019,kis,,,,,,,,,data/raw/price_277880_20260525_20260922.csv,444,False,Broad evaluation pool candidate,398,False,Broad evaluation pool candidate
126720,2026-09-22,2026-09-22,2026-09-22,2026-09-22,HOLD,neutral,42.16,42.16,42.16,42.84,42.84,0,44.21,-2.0,2,2.05,0.0,0.0,0.0,0.0,0,0,42.16,v2_conservative_ranker,38.0,-3.0,1,14.44,0.0,0.0,0.0,50.44,50.44,v3_stability_ranker,neutral,21550.0,0.0023,-0.0023,-0.016,21610.0,21690.0,0.2636,0.0171,kis,,,,,,,,,data/raw/price_126720_20260525_20260922.csv,445,False,Broad evaluation pool candidate,387,False,Broad evaluation pool candidate
036190,2026-09-22,2026-09-22,2026-09-22,2026-09-22,HOLD,neutral,42.16,42.16,42.16,41.73,41.73,0,43.9,-2.0,2,1.74,0.0,0.0,0.0,0.0,0,0,42.16,v2_conservative_ranker,38.0,-3.0,1,14.82,0.0,0.0,0.0,50.83,50.83,v3_stability_ranker,neutral,33800.0,-0.0059,-0.0044,-0.0189,34130.0,34327.5,0.0936,0.0145,kis,,,,,,,,,data/raw/price_036190_20260525_20260922.csv,446,False,Broad evaluation pool candidate,371,False,Broad evaluation pool candidate
112610,2026-09-22,2026-09-22,2026-09-22,2026-09-22,HOLD,neutral,42.08,42.08,42.08,47.71,47.71,0,45.02,-2.0,2,2.94,0.0,0.0,0.0,0.0,0,0,42.08,v2_conservative_ranker,42.12,-3.0,1,13.32,0.0,0.0,0.0,53.45,53.45,v3_stability_ranker,neutral,50100.0,-0.006,-0.0547,0.0427,51200.0,49875.0,0.25,0.0245,kis,,,,,,,,,data/raw/price_112610_20260525_20260922.csv,447,False,Broad evaluation pool candidate,291,False,Broad evaluation pool candidate
489460,2026-09-22,2026-09-22,2026-09-22,2026-09-22,HOLD,neutral,42.04,42.04,42.04,47.61,51.61,-4,50.69,-2.0,2,3.95,0.0,0.0,0.0,4.7,0,0,42.04,v2_conservative_ranker,46.5,-3.0,1,12.07,0.0,0.0,7.2,49.36,49.36,v3_stability_ranker,neutral,11400.0,0.0035,-0.0026,0.0556,11482.0,11357.5,0.0633,0.0329,kis,,,,low_attention,risk_noise_detected,,,,data/raw/price_489460_20260525_20260922.csv,448,False,Broad evaluation pool candidate,419,False,Broad evaluation pool candidate
478340,2026-09-22,2026-09-22,2026-09-22,2026-09-22,HOLD,neutral,42.02,42.02,42.02,80.64,80.64,0,67.0,-2.0,2,8.28,15.8,0.9,0.0,0.0,0,0,42.02,v2_conservative_ranker,28.49,-3.0,1,3.65,28.2,3.84,0.0,0.0,0.0,v3_stability_ranker,price_momentum,13690.0,-0.0366,0.3113,0.3488,13310.0,10982.0,0.4227,0.069,unknown,나라스페이스테크놀로지,나라스페이스테크놀로지,investment_decision,,,,,,data/raw/price_478340_20260823_20260922.csv,449,False,Broad evaluation pool candidate,746,False,Broad evaluation pool candidate
086710,2026-09-22,2026-09-22,2026-09-22,2026-09-22,HOLD,neutral,41.97,41.97,41.97,43.33,43.33,0,44.26,-2.0,2,2.29,0.0,0.0,0.0,0.0,0,0,41.97,v2_conservative_ranker,34.5,-3.0,1,14.13,0.0,0.0,0.0,46.63,46.63,v3_stability_ranker,neutral,6830.0,0.0104,0.0089,-0.1609,6776.0,7223.0,0.0658,0.0191,kis,,,,,,,,,data/raw/price_086710_20260525_20260922.csv,450,False,Broad evaluation pool candidate,494,False,Broad evaluation pool candidate
263750,2026-09-22,2026-09-22,2026-09-22,2026-09-22,HOLD,neutral,41.97,41.97,41.97,48.76,48.76,0,46.29,-2.0,2,4.32,0.0,0.0,0.0,0.0,0,0,41.97,v2_conservative_ranker,43.36,-3.0,1,11.6,0.0,0.0,0.0,52.96,52.96,v3_stability_ranker,neutral,34300.0,-0.0129,-0.0392,0.0347,34560.0,33702.5,0.4237,0.036,kis,,,,,,,,,data/raw/price_263750_20260525_20260922.csv,451,False,Broad evaluation pool candidate,309,False,Broad evaluation pool candidate
001340,2026-09-22,2026-09-22,2026-09-22,2026-09-22,HOLD,neutral,41.96,41.96,41.96,44.87,44.87,0,43.66,-2.0,2,1.7,0.0,0.0,0.0,0.0,0,0,41.96,v2_conservative_ranker,38.0,-3.0,1,14.87,0.0,0.0,0.0,50.87,50.87,v3_stability_ranker,neutral,4905.0,-0.0071,-0.002,-0.0325,4898.0,5022.5,0.6854,0.0142,kis,,,,,,,,,data/raw/price_001340_20260525_20260922.csv,452,False,Broad evaluation pool candidate,370,False,Broad evaluation pool candidate
060980,2026-09-22,2026-09-22,2026-09-22,2026-09-22,HOLD,neutral,41.96,41.96,41.96,43.5,43.5,0,43.47,-2.0,2,1.51,0.0,0.0,0.0,0.0,0,0,41.96,v2_conservative_ranker,38.0,-3.0,1,15.11,0.0,0.0,0.0,51.11,51.11,v3_stability_ranker,neutral,39300.0,-0.0163,-0.0113,-0.0113,39710.0,39945.0,0.4092,0.0126,kis,,,,,,,,,data/raw/price_060980_20260525_20260922.csv,453,False,Broad evaluation pool candidate,358,False,Broad evaluation pool candidate
455180,2026-09-22,2026-09-22,2026-09-22,2026-09-22,HOLD,neutral,41.94,41.94,41.94,47.07,47.07,0,46.44,-2.0,2,4.5,0.0,0.0,0.0,0.0,0,0,41.94,v2_conservative_ranker,40.5,-3.0,1,11.38,0.0,0.0,0.0,49.88,49.88,v3_stability_ranker,neutral,1274.0,0.0151,-0.0275,0.0055,1307.4,1306.0,0.2157,0.0375,kis,,,,,,,,,data/raw/price_455180_20260525_20260922.csv,454,False,Broad evaluation pool candidate,406,False,Broad evaluation pool candidate
307870,2026-09-22,2026-09-22,2026-09-22,2026-09-22,HOLD,neutral,41.82,41.82,41.82,45.86,45.86,0,48.96,-2.0,2,7.14,0.0,0.0,0.0,0.0,0,0,41.82,v2_conservative_ranker,44.0,-3.0,1,8.08,0.0,2.32,0.0,47.76,47.76,v3_stability_ranker,neutral,1198.0,-0.0196,-0.0204,0.1803,1211.6,1236.7,0.1384,0.0595,kis,,,,,,,,,data/raw/price_307870_20260525_20260922.csv,455,False,Broad evaluation pool candidate,460,False,Broad evaluation pool candidate
002680,2026-09-22,2026-09-22,2026-09-22,2026-09-22,HOLD,neutral,41.82,41.82,41.82,44.84,44.84,0,47.39,-2.0,2,5.57,0.0,0.0,0.0,0.0,0,0,41.82,v2_conservative_ranker,44.0,-3.0,1,10.04,0.0,0.22,0.0,51.82,51.82,v3_stability_ranker,neutral,2605.0,-0.017,-0.0243,0.1376,2616.0,2641.75,0.1711,0.0464,kis,,,,,,,,,data/raw/price_002680_20260525_20260922.csv,456,False,Broad evaluation pool candidate,334,False,Broad evaluation pool candidate
0007J0,2026-09-22,2026-09-22,2026-09-22,2026-09-22,HOLD,neutral,41.8,41.8,41.8,86.08,86.08,0,67.0,0.96,3,7.28,21.8,0.07,0.0,0.0,0,0,41.8,v2_conservative_ranker,26.48,8.0,6,4.89,36.0,2.51,0.0,6.86,6.86,v3_stability_ranker,price_momentum,12420.0,0.0376,0.2817,0.4982,11110.0,9208.5,1.192,0.0607,unknown,인벤테라,인벤테라,investment_decision,,,,,,data/raw/price_0007J0_20260823_20260922.csv,457,False,Broad evaluation pool candidate,737,False,Broad evaluation pool candidate
013700,2026-09-22,2026-09-22,2026-09-22,2026-09-22,HOLD,neutral,41.72,41.72,41.72,44.84,44.84,0,45.88,-2.0,2,4.16,0.0,0.0,0.0,0.0,0,0,41.72,v2_conservative_ranker,37.43,-3.0,1,11.79,0.0,0.0,0.0,47.23,47.23,v3_stability_ranker,neutral,1640.0,-0.0209,-0.0073,-0.0682,1665.2,1650.65,0.0742,0.0347,kis,,,,,,,,,data/raw/price_013700_20260525_20260922.csv,458,False,Broad evaluation pool candidate,473,False,Broad evaluation pool candidate
181710,2026-09-22,2026-09-22,2026-09-22,2026-09-22,HOLD,neutral,41.65,41.65,41.65,45.73,45.73,0,48.05,-2.0,2,6.4,0.0,0.0,0.0,0.0,0,0,41.65,v2_conservative_ranker,42.64,-3.0,1,9.0,0.0,1.33,0.0,48.31,48.31,v3_stability_ranker,neutral,57400.0,0.0195,0.0361,-0.1303,56080.0,62565.0,0.3276,0.0533,kis,,,,,,,,,data/raw/price_181710_20260525_20260922.csv,459,False,Broad evaluation pool candidate,438,False,Broad evaluation pool candidate
016090,2026-09-22,2026-09-22,2026-09-22,2026-09-22,HOLD,neutral,41.65,41.65,41.65,40.36,40.36,0,42.49,-2.0,2,0.84,0.0,0.0,0.0,0.0,0,0,41.65,v2_conservative_ranker,35.33,-3.0,1,15.95,0.0,0.0,0.0,49.28,49.28,v3_stability_ranker,neutral,1395.0,-0.0029,-0.0043,-0.0593,1394.0,1431.75,0.0764,0.007,kis,,,,,,,,,data/raw/price_016090_20260525_20260922.csv,460,False,Broad evaluation pool candidate,421,False,Broad evaluation pool candidate
001630,2026-09-22,2026-09-22,2026-09-22,2026-09-22,HOLD,neutral,41.64,41.64,41.64,40.74,40.74,0,42.24,-2.0,2,0.6,0.0,0.0,0.0,0.0,0,0,41.64,v2_conservative_ranker,38.0,-3.0,1,16.25,0.0,0.0,0.0,52.25,52.25,v3_stability_ranker,neutral,37900.0,0.0066,-0.0169,-0.0307,37980.0,38745.0,0.077,0.005,kis,,,,,,,,,data/raw/price_001630_20260525_20260922.csv,461,False,Broad evaluation pool candidate,324,False,Broad evaluation pool candidate
032080,2026-09-22,2026-09-22,2026-09-22,2026-09-22,HOLD,neutral,41.63,41.63,41.63,40.3,40.3,0,43.51,0.0,0,1.87,0.0,0.0,0.0,0.0,0,0,41.63,v2_conservative_ranker,38.0,-5.0,0,14.66,0.0,0.0,0.0,47.66,47.66,v3_stability_ranker,neutral,1010.0,0.0,0.0,-0.0427,1010.0,1044.1,0.0,0.0156,kis,,,,,,,,,data/raw/price_032080_20260525_20260922.csv,462,False,Broad evaluation pool candidate,462,False,Broad evaluation pool candidate
048470,2026-09-22,2026-09-22,2026-09-22,2026-09-22,HOLD,neutral,41.63,41.63,41.63,41.25,41.25,0,43.45,-2.0,2,1.82,0.0,0.0,0.0,0.0,0,0,41.63,v2_conservative_ranker,38.0,-3.0,1,14.72,0.0,0.0,0.0,50.72,50.72,v3_stability_ranker,neutral,2770.0,0.0054,-0.0142,-0.0036,2767.0,2813.0,0.0623,0.0152,kis,,,,low_attention,no_risk_noise,,,,data/raw/price_048470_20260525_20260922.csv,463,False,Broad evaluation pool candidate,377,False,Broad evaluation pool candidate
054800,2026-09-22,2026-09-22,2026-09-22,2026-09-22,HOLD,neutral,41.54,41.54,41.54,44.54,41.54,3,41.69,-2.0,2,1.15,0.0,0.0,0.0,0.0,0,1,41.54,v2_conservative_ranker,38.0,-3.0,1,15.56,0.0,0.0,0.0,51.56,51.56,v3_stability_ranker,neutral,14610.0,0.0,-0.024,-0.026,14860.0,15089.0,0.367,0.0096,unknown,아이디스홀딩스,아이디스홀딩스,supply_contract,,,,,,data/raw/price_054800_20260823_20260922.csv,464,False,Broad evaluation pool candidate,341,False,Broad evaluation pool candidate
071050,2026-09-22,2026-09-22,2026-09-22,2026-09-22,HOLD,neutral,41.48,41.48,41.48,44.84,44.84,0,42.97,-2.0,2,1.49,0.0,0.0,0.0,0.0,0,0,41.48,v2_conservative_ranker,38.0,-3.0,1,15.14,0.0,0.0,0.0,51.14,51.14,v3_stability_ranker,neutral,188400.0,0.0217,-0.0146,-0.0162,185520.0,189680.0,0.7258,0.0124,kis,,,,,,,,,data/raw/price_071050_20260525_20260922.csv,465,False,Broad evaluation pool candidate,355,False,Broad evaluation pool candidate
046120,2026-09-22,2026-09-22,2026-09-22,2026-09-22,HOLD,neutral,41.47,41.47,41.47,52.44,52.44,0,52.37,-2.0,2,9.22,0.0,1.68,0.0,0.0,0,0,41.47,v2_conservative_ranker,46.5,-3.0,1,5.48,0.0,5.09,0.0,44.89,44.89,v3_stability_ranker,neutral,5550.0,-0.0036,-0.0263,0.2065,5632.0,5248.0,0.1249,0.0768,kis,,,,,,,,,data/raw/price_046120_20260525_20260922.csv,466,False,Broad evaluation pool candidate,522,False,Broad evaluation pool candidate
085620,2026-09-22,2026-09-22,2026-09-22,2026-09-22,HOLD,neutral,41.43,41.43,41.43,43.22,43.22,0,46.99,-2.0,2,5.56,0.0,0.0,0.0,0.0,0,0,41.43,v2_conservative_ranker,42.5,-3.0,1,10.05,0.0,0.21,0.0,50.35,50.35,v3_stability_ranker,neutral,20050.0,0.0362,0.0399,-0.3122,19626.0,20955.0,0.3102,0.0463,kis,,,,,,,,,data/raw/price_085620_20260525_20260922.csv,467,False,Broad evaluation pool candidate,391,False,Broad evaluation pool candidate
027410,2026-09-22,2026-09-22,2026-09-22,2026-09-22,HOLD,neutral,41.37,41.37,41.37,42.56,42.56,0,42.48,-2.0,2,1.1,0.0,0.0,0.0,0.0,0,0,41.37,v2_conservative_ranker,35.44,-3.0,1,15.62,0.0,0.0,0.0,49.06,49.06,v3_stability_ranker,neutral,3725.0,0.004,-0.0053,-0.057,3736.0,3837.0,0.4766,0.0092,kis,,,,,,,,,data/raw/price_027410_20260525_20260922.csv,468,False,Broad evaluation pool candidate,430,False,Broad evaluation pool candidate
003520,2026-09-22,2026-09-22,2026-09-22,2026-09-22,HOLD,neutral,41.36,41.36,41.36,41.92,41.92,0,39.87,0.0,3,1.51,0.0,0.0,0.0,0.0,0,0,41.36,v2_conservative_ranker,32.88,2.0,6,15.11,0.0,0.0,0.0,55.99,55.99,v3_stability_ranker,neutral,1028.0,-0.0048,-0.0115,-0.1138,1040.0,1087.1,1.003,0.0126,kis,,,,,,,,,data/raw/price_003520_20260525_20260922.csv,469,False,Broad evaluation pool candidate,206,False,Broad evaluation pool candidate
010140,2026-09-22,2026-09-22,2026-09-22,2026-09-22,HOLD,neutral,41.35,41.35,41.35,42.49,42.49,0,45.43,-2.0,2,4.08,0.0,0.0,0.0,0.0,0,0,41.35,v2_conservative_ranker,38.0,-3.0,1,11.9,0.0,0.0,0.0,47.9,47.9,v3_stability_ranker,neutral,20700.0,0.0049,0.0,0.0122,20760.0,21072.0,0.2127,0.034,kis,,,,,,,,,data/raw/price_010140_20260525_20260922.csv,470,False,Broad evaluation pool candidate,453,False,Broad evaluation pool candidate
034020,2026-09-22,2026-09-22,2026-09-22,2026-09-22,HOLD,neutral,41.34,41.34,41.34,43.33,43.33,0,46.11,-2.0,2,4.76,0.0,0.0,0.0,0.0,0,0,41.34,v2_conservative_ranker,44.0,-3.0,1,11.04,0.0,0.0,0.0,53.05,53.05,v3_stability_ranker,neutral,85400.0,0.0012,-0.0093,0.0582,84960.0,85330.0,0.2195,0.0397,kis,,,,,,,,,data/raw/price_034020_20260525_20260922.csv,471,False,Broad evaluation pool candidate,305,False,Broad evaluation pool candidate
348370,2026-09-22,2026-09-22,2026-09-22,2026-09-22,HOLD,neutral,41.33,41.33,41.33,44.48,44.48,0,48.95,-2.0,2,7.43,0.0,0.19,0.0,0.0,0,0,41.33,v2_conservative_ranker,44.0,-3.0,1,7.71,0.0,2.7,0.0,47.01,47.01,v3_stability_ranker,neutral,20600.0,0.0098,0.0,0.1129,20440.0,20939.0,0.171,0.0619,unknown,엔켐,엔켐,major_shareholder_change,,,,,,data/raw/price_348370_20260823_20260922.csv,472,False,Broad evaluation pool candidate,478,False,Broad evaluation pool candidate
030610,2026-09-22,2026-09-22,2026-09-22,2026-09-22,HOLD,neutral,41.33,41.33,41.33,41.58,41.58,0,42.92,-2.0,2,1.58,0.0,0.0,0.0,0.0,0,0,41.33,v2_conservative_ranker,38.0,-3.0,1,15.02,0.0,0.0,0.0,51.02,51.02,v3_stability_ranker,neutral,10110.0,0.011,-0.0184,-0.0069,10032.0,10189.0,0.1812,0.0132,kis,,,,,,,,,data/raw/price_030610_20260525_20260922.csv,473,False,Broad evaluation pool candidate,363,False,Broad evaluation pool candidate
008770,2026-09-22,2026-09-22,2026-09-22,2026-09-22,HOLD,neutral,41.17,41.17,41.17,41.05,41.05,0,43.42,-2.0,2,2.26,0.0,0.0,0.0,0.0,0,0,41.17,v2_conservative_ranker,38.0,-3.0,1,14.18,0.0,0.0,0.0,50.18,50.18,v3_stability_ranker,neutral,40600.0,0.0125,-0.0049,-0.031,40540.0,41845.0,0.1617,0.0188,kis,,,,,,,,,data/raw/price_008770_20260525_20260922.csv,474,False,Broad evaluation pool candidate,396,False,Broad evaluation pool candidate
064400,2026-09-22,2026-09-22,2026-09-22,2026-09-22,HOLD,neutral,41.15,41.15,41.15,42.73,42.73,0,43.48,-2.0,2,2.33,0.0,0.0,0.0,0.0,0,0,41.15,v2_conservative_ranker,38.0,-3.0,1,14.09,0.0,0.0,0.0,50.09,50.09,v3_stability_ranker,neutral,70700.0,0.0173,-0.0042,-0.0315,69920.0,72785.0,0.4444,0.0194,kis,,,,,,,,,data/raw/price_064400_20260525_20260922.csv,475,False,Broad evaluation pool candidate,400,False,Broad evaluation pool candidate
002150,2026-09-22,2026-09-22,2026-09-22,2026-09-22,HOLD,neutral,41.14,41.14,41.14,42.01,42.01,0,42.89,-2.0,2,1.75,0.0,0.0,0.0,0.0,0,0,41.14,v2_conservative_ranker,38.0,-3.0,1,14.81,0.0,0.0,0.0,50.81,50.81,v3_stability_ranker,neutral,5050.0,-0.0039,-0.0156,-0.0156,5082.0,5249.0,0.3016,0.0146,kis,,,,medium_attention,no_risk_noise,,,,data/raw/price_002150_20260525_20260922.csv,476,False,Broad evaluation pool candidate,373,False,Broad evaluation pool candidate
007570,2026-09-22,2026-09-22,2026-09-22,2026-09-22,HOLD,neutral,41.12,41.12,41.12,40.6,40.6,0,42.51,-2.0,2,1.39,0.0,0.0,0.0,0.0,0,0,41.12,v2_conservative_ranker,34.97,-3.0,1,15.26,0.0,0.0,0.0,48.23,48.23,v3_stability_ranker,neutral,7900.0,0.0013,-0.0013,-0.0673,7964.0,8230.0,0.2092,0.0116,kis,,,,,,,,,data/raw/price_007570_20260525_20260922.csv,477,False,Broad evaluation pool candidate,440,False,Broad evaluation pool candidate
006220,2026-09-22,2026-09-22,2026-09-22,2026-09-22,HOLD,neutral,41.11,41.11,41.11,40.81,40.81,0,43.0,-2.0,2,1.88,0.0,0.0,0.0,0.0,0,0,41.11,v2_conservative_ranker,38.0,-3.0,1,14.64,0.0,0.0,0.0,50.64,50.64,v3_stability_ranker,neutral,9690.0,0.0021,-0.0222,0.0062,9810.0,9977.5,0.0478,0.0157,kis,,,,,,,,,data/raw/price_006220_20260525_20260922.csv,478,False,Broad evaluation pool candidate,382,False,Broad evaluation pool candidate
003070,2026-09-22,2026-09-22,2026-09-22,2026-09-22,HOLD,neutral,41.07,41.07,41.07,45.32,49.32,-4,47.24,-2.0,2,1.46,0.0,0.0,0.0,4.7,0,0,41.07,v2_conservative_ranker,37.26,-3.0,1,15.17,0.0,0.0,7.2,43.23,43.23,v3_stability_ranker,neutral,9270.0,-0.017,0.0076,-0.0721,9272.0,9444.0,0.2302,0.0122,kis,,,,low_attention,risk_noise_detected,,,,data/raw/price_003070_20260525_20260922.csv,479,False,Broad evaluation pool candidate,550,False,Broad evaluation pool candidate
004890,2026-09-22,2026-09-22,2026-09-22,2026-09-22,HOLD,neutral,41.04,41.04,41.04,40.84,40.84,0,42.53,-2.0,2,1.49,0.0,0.0,0.0,0.0,0,0,41.04,v2_conservative_ranker,38.0,-3.0,1,15.14,0.0,0.0,0.0,51.14,51.14,v3_stability_ranker,neutral,34850.0,0.0014,-0.0169,-0.0224,34860.0,35770.0,0.1488,0.0124,kis,,,,low_attention,no_risk_noise,,,,data/raw/price_004890_20260525_20260922.csv,480,False,Broad evaluation pool candidate,356,False,Broad evaluation pool candidate
013720,2026-09-22,2026-09-22,2026-09-22,2026-09-22,HOLD,neutral,41.02,41.02,41.02,42.38,42.38,0,38.85,1.44,3,2.28,0.0,0.0,0.0,0.0,0,0,41.02,v2_conservative_ranker,31.6,8.0,6,14.15,0.0,0.0,0.0,59.75,59.75,v3_stability_ranker,neutral,2195.0,0.0,-0.0309,-0.0873,2179.0,2279.25,1.2888,0.019,kis,,,,,,,,,data/raw/price_013720_20260525_20260922.csv,481,False,Broad evaluation pool candidate,135,False,Broad evaluation pool candidate
009410,2026-09-22,2026-09-22,2026-09-22,2026-09-22,HOLD,neutral,41.01,41.01,41.01,41.42,41.42,0,42.84,-2.0,2,1.84,0.0,0.0,0.0,0.0,0,0,41.01,v2_conservative_ranker,38.0,-3.0,1,14.71,0.0,0.0,0.0,50.7,50.7,v3_stability_ranker,neutral,1631.0,-0.0043,-0.0222,0.0018,1662.0,1676.35,0.1792,0.0153,kis,,,,,,,,,data/raw/price_009410_20260525_20260922.csv,482,False,Broad evaluation pool candidate,379,False,Broad evaluation pool candidate
000180,2026-09-22,2026-09-22,2026-09-22,2026-09-22,HOLD,neutral,40.88,40.88,40.88,39.99,39.99,0,41.51,-2.0,2,0.64,0.0,0.0,0.0,0.0,0,0,40.88,v2_conservative_ranker,38.0,-3.0,1,16.2,0.0,0.0,0.0,52.2,52.2,v3_stability_ranker,neutral,5010.0,0.002,-0.0176,-0.0493,5007.0,5136.25,0.1242,0.0053,kis,,,,,,,,,data/raw/price_000180_20260525_20260922.csv,483,False,Broad evaluation pool candidate,326,False,Broad evaluation pool candidate
006650,2026-09-22,2026-09-22,2026-09-22,2026-09-22,HOLD,neutral,40.82,40.82,40.82,44.64,44.64,0,46.59,-2.0,2,5.77,0.0,0.0,0.0,0.0,0,0,40.82,v2_conservative_ranker,40.56,-3.0,1,9.79,0.0,0.5,0.0,47.85,47.85,v3_stability_ranker,neutral,95800.0,-0.0093,-0.043,0.1683,97680.0,98005.0,0.2229,0.0481,kis,,,,,,,,,data/raw/price_006650_20260525_20260922.csv,484,False,Broad evaluation pool candidate,454,False,Broad evaluation pool candidate
177830,2026-09-22,2026-09-22,2026-09-22,2026-09-22,HOLD,neutral,40.78,40.78,40.78,40.11,40.11,0,42.3,-2.0,2,1.52,0.0,0.0,0.0,0.0,0,0,40.78,v2_conservative_ranker,38.0,-3.0,1,15.1,0.0,0.0,0.0,51.09,51.09,v3_stability_ranker,neutral,2155.0,-0.0023,-0.0137,-0.0379,2175.0,2237.75,0.1073,0.0127,kis,,,,,,,,,data/raw/price_177830_20260525_20260922.csv,485,False,Broad evaluation pool candidate,360,False,Broad evaluation pool candidate
035890,2026-09-22,2026-09-22,2026-09-22,2026-09-22,HOLD,neutral,40.76,40.76,40.76,44.63,41.63,3,42.03,-2.0,2,2.27,0.0,0.0,0.0,0.0,0,1,40.76,v2_conservative_ranker,40.92,-3.0,1,14.16,0.0,0.0,0.0,53.09,53.09,v3_stability_ranker,neutral,2245.0,-0.0239,-0.0385,0.0251,2309.0,2317.5,0.3532,0.0189,unknown,서희건설,서희건설,supply_contract,,,,,,data/raw/price_035890_20260823_20260922.csv,486,False,Broad evaluation pool candidate,302,False,Broad evaluation pool candidate
079950,2026-09-22,2026-09-22,2026-09-22,2026-09-22,HOLD,neutral,40.73,40.73,40.73,52.36,52.36,0,50.81,-2.0,2,7.0,3.08,0.0,0.0,0.0,0,0,40.73,v2_conservative_ranker,30.2,-3.0,1,8.26,6.92,2.13,0.0,27.4,27.4,v3_stability_ranker,neutral,1349.0,-0.0117,-0.0419,0.4185,1371.6,1275.05,0.0637,0.0583,kis,,,,,,,,,data/raw/price_079950_20260525_20260922.csv,487,False,Broad evaluation pool candidate,691,False,Broad evaluation pool candidate
000720,2026-09-22,2026-09-22,2026-09-22,2026-09-22,HOLD,neutral,40.71,40.71,40.71,42.73,42.73,0,45.14,-2.0,2,4.43,0.0,0.0,0.0,0.0,0,0,40.71,v2_conservative_ranker,44.0,-3.0,1,11.46,0.0,0.0,0.0,53.47,53.47,v3_stability_ranker,neutral,126400.0,0.0064,-0.0133,0.042,125280.0,126255.0,0.2753,0.0369,kis,,,,,,,,,data/raw/price_000720_20260525_20260922.csv,488,False,Broad evaluation pool candidate,290,False,Broad evaluation pool candidate
122830,2026-09-22,2026-09-22,2026-09-22,2026-09-22,HOLD,neutral,40.71,40.71,40.71,41.35,41.35,0,45.2,-2.0,2,4.49,0.0,0.0,0.0,0.0,0,0,40.71,v2_conservative_ranker,44.0,-3.0,1,11.39,0.0,0.0,0.0,53.39,53.39,v3_stability_ranker,neutral,1273.0,0.0274,-0.0147,0.0477,1260.8,1286.35,0.0297,0.0374,kis,,,,,,,,,data/raw/price_122830_20260525_20260922.csv,489,False,Broad evaluation pool candidate,293,False,Broad evaluation pool candidate
092870,2026-09-22,2026-09-22,2026-09-22,2026-09-22,HOLD,neutral,40.7,40.7,40.7,81.19,81.19,0,67.0,-2.0,2,8.16,17.34,0.8,0.0,0.0,0,0,40.7,v2_conservative_ranker,30.13,-3.0,1,3.8,30.79,3.68,0.0,0.0,0.0,v3_stability_ranker,price_momentum,37500.0,-0.017,0.2295,0.5244,35350.0,30187.5,0.4982,0.068,kis,,,,,,,,,data/raw/price_092870_20260525_20260922.csv,490,False,Broad evaluation pool candidate,747,False,Broad evaluation pool candidate
003090,2026-09-22,2026-09-22,2026-09-22,2026-09-22,HOLD,neutral,40.7,40.7,40.7,41.94,41.94,0,42.89,-2.0,2,2.18,0.0,0.0,0.0,0.0,0,0,40.7,v2_conservative_ranker,35.68,-3.0,1,14.27,0.0,0.0,0.0,47.95,47.95,v3_stability_ranker,neutral,16010.0,0.0069,-0.0031,-0.0515,15864.0,16781.0,0.4415,0.0182,kis,,,,,,,,,data/raw/price_003090_20260525_20260922.csv,491,False,Broad evaluation pool candidate,451,False,Broad evaluation pool candidate
046940,2026-09-22,2026-09-22,2026-09-22,2026-09-22,HOLD,neutral,40.61,40.61,40.61,41.82,41.82,0,42.21,-2.0,2,1.6,0.0,0.0,0.0,0.0,0,0,40.61,v2_conservative_ranker,35.1,-3.0,1,15.01,0.0,0.0,0.0,48.11,48.11,v3_stability_ranker,neutral,2760.0,-0.0072,-0.0054,-0.0644,2791.0,2897.0,0.4852,0.0133,kis,,,,,,,,,data/raw/price_046940_20260525_20260922.csv,492,False,Broad evaluation pool candidate,445,False,Broad evaluation pool candidate
282720,2026-09-22,2026-09-22,2026-09-22,2026-09-22,HOLD,neutral,40.59,40.59,40.59,40.64,40.64,0,42.99,-2.0,2,2.4,0.0,0.0,0.0,0.0,0,0,40.59,v2_conservative_ranker,38.0,-3.0,1,14.0,0.0,0.0,0.0,50.0,50.0,v3_stability_ranker,neutral,7390.0,-0.0014,-0.0173,-0.0081,7418.0,7498.5,0.1284,0.02,kis,,,,,,,,,data/raw/price_282720_20260525_20260922.csv,493,False,Broad evaluation pool candidate,402,False,Broad evaluation pool candidate
123860,2026-09-22,2026-09-22,2026-09-22,2026-09-22,HOLD,neutral,40.57,40.57,40.57,41.54,41.54,0,41.87,-2.0,2,1.31,0.0,0.0,0.0,0.0,0,0,40.57,v2_conservative_ranker,38.0,-3.0,1,15.37,0.0,0.0,0.0,51.37,51.37,v3_stability_ranker,neutral,13180.0,-0.0127,-0.0273,-0.0113,13452.0,13475.0,0.3216,0.0109,kis,,,,,,,,,data/raw/price_123860_20260525_20260922.csv,494,False,Broad evaluation pool candidate,346,False,Broad evaluation pool candidate
338220,2026-09-22,2026-09-22,2026-09-22,2026-09-22,HOLD,neutral,40.54,40.54,40.54,51.38,51.38,0,51.0,-2.0,2,8.98,0.0,1.48,0.0,0.0,0,0,40.54,v2_conservative_ranker,38.5,-3.0,1,1.78,0.58,4.77,0.0,32.93,32.93,v3_stability_ranker,neutral,5180.0,-0.0547,0.1261,-0.3009,4867.0,5382.5,0.7088,0.0748,kis,,,,,,,,,data/raw/price_338220_20260525_20260922.csv,495,False,Broad evaluation pool candidate,659,False,Broad evaluation pool candidate
033920,2026-09-22,2026-09-22,2026-09-22,2026-09-22,HOLD,neutral,40.53,40.53,40.53,40.01,40.01,0,41.34,-2.0,2,0.82,0.0,0.0,0.0,0.0,0,0,40.53,v2_conservative_ranker,38.0,-3.0,1,15.98,0.0,0.0,0.0,51.98,51.98,v3_stability_ranker,neutral,7480.0,0.0027,-0.0222,-0.041,7552.0,7706.5,0.1606,0.0068,kis,,,,,,,,,data/raw/price_033920_20260525_20260922.csv,496,False,Broad evaluation pool candidate,330,False,Broad evaluation pool candidate
004380,2026-09-22,2026-09-22,2026-09-22,2026-09-22,HOLD,neutral,40.5,40.5,40.5,41.22,41.22,0,42.13,-2.0,2,1.63,0.0,0.0,0.0,0.0,0,0,40.5,v2_conservative_ranker,34.31,-3.0,1,14.96,0.0,0.0,0.0,47.27,47.27,v3_stability_ranker,neutral,7620.0,0.016,0.0,-0.0819,7568.0,7918.5,0.4458,0.0136,kis,,,,,,,,,data/raw/price_004380_20260525_20260922.csv,497,False,Broad evaluation pool candidate,472,False,Broad evaluation pool candidate
290120,2026-09-22,2026-09-22,2026-09-22,2026-09-22,HOLD,neutral,40.47,40.47,40.47,41.31,41.31,0,41.42,-2.0,2,0.95,0.0,0.0,0.0,0.0,0,0,40.47,v2_conservative_ranker,34.29,-3.0,1,15.81,0.0,0.0,0.0,48.11,48.11,v3_stability_ranker,neutral,2115.0,-0.0024,-0.007,-0.0824,2119.0,2210.5,0.4869,0.0079,kis,,,,,,,,,data/raw/price_290120_20260525_20260922.csv,498,False,Broad evaluation pool candidate,446,False,Broad evaluation pool candidate
950210,2026-09-22,2026-09-22,2026-09-22,2026-09-22,HOLD,neutral,40.44,40.44,40.44,41.36,41.36,0,42.7,-2.0,2,2.26,0.0,0.0,0.0,0.0,0,0,40.44,v2_conservative_ranker,38.0,-3.0,1,14.18,0.0,0.0,0.0,50.18,50.18,v3_stability_ranker,neutral,5920.0,0.0172,-0.0067,-0.0467,5934.0,6256.5,0.3747,0.0188,kis,,,,,,,,,data/raw/price_950210_20260525_20260922.csv,499,False,Broad evaluation pool candidate,397,False,Broad evaluation pool candidate
101970,2026-09-22,2026-09-22,2026-09-22,2026-09-22,HOLD,neutral,40.41,40.41,40.41,42.82,42.82,0,44.5,-2.0,2,4.09,0.0,0.0,0.0,0.0,0,0,40.41,v2_conservative_ranker,34.58,-3.0,1,11.89,0.0,0.0,0.0,44.47,44.47,v3_stability_ranker,neutral,9710.0,-0.0142,0.001,-0.1315,9690.0,10246.5,0.1169,0.0341,kis,,,,,,,,,data/raw/price_101970_20260525_20260922.csv,500,False,Broad evaluation pool candidate,528,False,Broad evaluation pool candidate
012280,2026-09-22,2026-09-22,2026-09-22,2026-09-22,HOLD,neutral,40.36,40.36,40.36,42.79,42.79,0,41.86,-2.0,2,1.5,0.0,0.0,0.0,0.0,0,0,40.36,v2_conservative_ranker,33.96,-3.0,1,15.12,0.0,0.0,0.0,47.09,47.09,v3_stability_ranker,neutral,3655.0,0.0,0.0,-0.0897,3638.0,3864.5,0.7542,0.0125,kis,,,,,,,,,data/raw/price_012280_20260525_20260922.csv,501,False,Broad evaluation pool candidate,476,False,Broad evaluation pool candidate
332290,2026-09-22,2026-09-22,2026-09-22,2026-09-22,HOLD,neutral,40.36,40.36,40.36,40.29,40.29,0,41.31,-2.0,2,0.95,0.0,0.0,0.0,0.0,0,0,40.36,v2_conservative_ranker,38.0,-3.0,1,15.81,0.0,0.0,0.0,51.81,51.81,v3_stability_ranker,neutral,4330.0,-0.0069,-0.0248,-0.0346,4349.0,4452.0,0.2142,0.0079,kis,,,,,,,,,data/raw/price_332290_20260525_20260922.csv,502,False,Broad evaluation pool candidate,335,False,Broad evaluation pool candidate
046970,2026-09-22,2026-09-22,2026-09-22,2026-09-22,HOLD,neutral,40.33,40.33,40.33,72.96,72.96,0,67.0,-2.0,2,9.64,15.0,2.03,0.0,0.0,0,0,40.33,v2_conservative_ranker,43.0,-3.0,1,2.0,22.0,5.65,0.0,15.35,15.35,v3_stability_ranker,price_momentum,7800.0,-0.0026,0.097,0.7972,7592.0,6070.5,0.2108,0.0803,kis,,,,,,,,,data/raw/price_046970_20260525_20260922.csv,503,False,Broad evaluation pool candidate,721,False,Broad evaluation pool candidate
006740,2026-09-22,2026-09-22,2026-09-22,2026-09-22,HOLD,neutral,40.31,40.31,40.31,39.28,39.28,0,41.28,-2.0,2,0.97,0.0,0.0,0.0,0.0,0,0,40.31,v2_conservative_ranker,35.39,-3.0,1,15.79,0.0,0.0,0.0,49.17,49.17,v3_stability_ranker,neutral,4955.0,0.001,-0.0169,-0.058,4999.0,5150.75,0.113,0.0081,kis,,,,,,,,,data/raw/price_006740_20260525_20260922.csv,504,False,Broad evaluation pool candidate,426,False,Broad evaluation pool candidate
069640,2026-09-22,2026-09-22,2026-09-22,2026-09-22,HOLD,neutral,40.29,40.29,40.29,40.65,40.65,0,41.92,-2.0,2,1.63,0.0,0.0,0.0,0.0,0,0,40.29,v2_conservative_ranker,38.0,-3.0,1,14.96,0.0,0.0,0.0,50.96,50.96,v3_stability_ranker,neutral,1386.0,0.0022,-0.0142,-0.0474,1390.8,1404.7,0.3006,0.0136,kis,,,,,,,,,data/raw/price_069640_20260525_20260922.csv,505,False,Broad evaluation pool candidate,366,False,Broad evaluation pool candidate
051900,2026-09-22,2026-09-22,2026-09-22,2026-09-22,HOLD,neutral,40.27,40.27,40.27,40.42,40.42,0,43.01,-2.0,2,2.74,0.0,0.0,0.0,0.0,0,0,40.27,v2_conservative_ranker,38.0,-3.0,1,13.58,0.0,0.0,0.0,49.58,49.58,v3_stability_ranker,neutral,301000.0,0.0067,-0.0033,-0.0475,298700.0,299200.0,0.2338,0.0228,kis,,,,,,,,,data/raw/price_051900_20260525_20260922.csv,506,False,Broad evaluation pool candidate,411,False,Broad evaluation pool candidate
114450,2026-09-22,2026-09-22,2026-09-22,2026-09-22,HOLD,neutral,40.27,40.27,40.27,40.51,40.51,0,42.43,-2.0,2,2.16,0.0,0.0,0.0,0.0,0,0,40.27,v2_conservative_ranker,38.0,-3.0,1,14.3,0.0,0.0,0.0,50.3,50.3,v3_stability_ranker,neutral,2200.0,0.0115,-0.0179,-0.0222,2197.0,2251.75,0.2024,0.018,kis,,,,,,,,,data/raw/price_114450_20260525_20260922.csv,507,False,Broad evaluation pool candidate,392,False,Broad evaluation pool candidate
000050,2026-09-22,2026-09-22,2026-09-22,2026-09-22,HOLD,neutral,40.27,40.27,40.27,41.58,41.58,0,41.17,-2.0,2,0.9,0.0,0.0,0.0,0.0,0,0,40.27,v2_conservative_ranker,38.0,-3.0,1,15.88,0.0,0.0,0.0,51.88,51.88,v3_stability_ranker,neutral,7940.0,-0.0063,-0.0293,-0.0258,8072.0,8174.0,0.4244,0.0075,kis,,,,,,,,,data/raw/price_000050_20260525_20260922.csv,508,False,Broad evaluation pool candidate,332,False,Broad evaluation pool candidate
278470,2026-09-22,2026-09-22,2026-09-22,2026-09-22,HOLD,neutral,40.26,40.26,40.26,43.03,43.03,0,43.69,-2.0,2,3.43,0.0,0.0,0.0,0.0,0,0,40.26,v2_conservative_ranker,34.5,-3.0,1,12.71,0.0,0.0,0.0,45.21,45.21,v3_stability_ranker,neutral,364000.0,-0.0055,0.0069,-0.1737,360600.0,392500.0,0.3146,0.0286,kis,,,,,,,,,data/raw/price_278470_20260525_20260922.csv,509,False,Broad evaluation pool candidate,519,False,Broad evaluation pool candidate
459510,2026-09-22,2026-09-22,2026-09-22,2026-09-22,HOLD,neutral,40.17,40.17,40.17,45.13,45.13,0,46.63,-2.0,2,6.46,0.0,0.0,0.0,0.0,0,0,40.17,v2_conservative_ranker,43.95,-3.0,1,8.93,0.0,1.41,0.0,49.47,49.47,v3_stability_ranker,neutral,15760.0,0.0006,-0.0319,0.0234,15886.0,15267.0,0.0882,0.0538,kis,,,,medium_attention,no_risk_noise,,,,data/raw/price_459510_20260525_20260922.csv,510,False,Broad evaluation pool candidate,415,False,Broad evaluation pool candidate
042660,2026-09-22,2026-09-22,2026-09-22,2026-09-22,HOLD,neutral,40.13,40.13,40.13,41.74,38.74,3,42.14,-2.0,2,3.01,0.0,0.0,0.0,0.0,0,1,40.13,v2_conservative_ranker,35.71,-3.0,1,13.23,0.0,0.0,0.0,46.95,46.95,v3_stability_ranker,neutral,82200.0,-0.0036,-0.0108,-0.0508,82880.0,85595.0,0.1457,0.0251,unknown,한화오션,한화오션,supply_contract,,,,,,data/raw/price_042660_20260823_20260922.csv,511,False,Broad evaluation pool candidate,483,False,Broad evaluation pool candidate
004090,2026-09-22,2026-09-22,2026-09-22,2026-09-22,HOLD,neutral,40.13,40.13,40.13,44.4,44.4,0,43.41,-2.0,2,3.29,0.0,0.0,0.0,0.0,0,0,40.13,v2_conservative_ranker,35.56,-3.0,1,12.89,0.0,0.0,0.0,46.45,46.45,v3_stability_ranker,neutral,11550.0,-0.0103,-0.0617,0.0167,11724.0,11629.5,0.0787,0.0274,kis,,,,,,,,,data/raw/price_004090_20260525_20260922.csv,512,False,Broad evaluation pool candidate,497,False,Broad evaluation pool candidate
005880,2026-09-22,2026-09-22,2026-09-22,2026-09-22,HOLD,neutral,40.08,40.08,40.08,39.81,39.81,0,42.48,-2.0,2,2.4,0.0,0.0,0.0,0.0,0,0,40.08,v2_conservative_ranker,35.39,-3.0,1,14.0,0.0,0.0,0.0,47.39,47.39,v3_stability_ranker,neutral,2025.0,-0.0049,-0.0049,-0.0581,2039.0,2074.0,0.2006,0.02,pykrx,,,,,,,,,data/raw/price_005880_20260525_20260922.csv,513,False,Broad evaluation pool candidate,467,False,Broad evaluation pool candidate
096350,2026-09-22,2026-09-22,2026-09-22,2026-09-22,AVOID,negative,39.92,39.92,39.92,40.1,40.1,0,42.51,-2.0,2,2.59,0.0,0.0,0.0,0.0,0,0,39.92,v2_conservative_ranker,38.0,-3.0,1,13.76,0.0,0.0,0.0,49.76,49.76,v3_stability_ranker,neutral,1913.0,0.0149,-0.0165,-0.024,1918.4,1941.0,0.1845,0.0216,kis,,,,,,,,,data/raw/price_096350_20260525_20260922.csv,514,False,Broad evaluation pool candidate,407,False,Broad evaluation pool candidate
017810,2026-09-22,2026-09-22,2026-09-22,2026-09-22,AVOID,negative,39.91,39.91,39.91,38.62,38.62,0,41.74,-2.0,2,1.82,0.0,0.0,0.0,0.0,0,0,39.91,v2_conservative_ranker,34.24,-3.0,1,14.72,0.0,0.0,0.0,46.96,46.96,v3_stability_ranker,neutral,8890.0,0.0091,-0.0034,-0.0835,8844.0,9355.0,0.109,0.0152,kis,,,,,,,,,data/raw/price_017810_20260525_20260922.csv,515,False,Broad evaluation pool candidate,481,False,Broad evaluation pool candidate
010780,2026-09-22,2026-09-22,2026-09-22,2026-09-22,AVOID,negative,39.85,39.85,39.85,40.41,40.41,0,42.22,-2.0,2,2.36,0.0,0.0,0.0,0.0,0,0,39.85,v2_conservative_ranker,35.75,-3.0,1,14.04,0.0,0.0,0.0,47.79,47.79,v3_stability_ranker,neutral,15350.0,0.0139,-0.0103,-0.0501,15302.0,15649.5,0.3189,0.0197,kis,,,,,,,,,data/raw/price_010780_20260525_20260922.csv,516,False,Broad evaluation pool candidate,458,False,Broad evaluation pool candidate
019570,2026-09-22,2026-09-22,2026-09-22,2026-09-22,AVOID,negative,39.84,39.84,39.84,41.97,41.97,0,41.88,-2.0,2,2.04,0.0,0.0,0.0,0.0,0,0,39.84,v2_conservative_ranker,40.11,-3.0,1,14.45,0.0,0.0,0.0,52.56,52.56,v3_stability_ranker,neutral,2740.0,0.0018,-0.0486,0.0498,2772.0,2817.25,0.3408,0.017,kis,,,,,,,,,data/raw/price_019570_20260525_20260922.csv,517,False,Broad evaluation pool candidate,316,False,Broad evaluation pool candidate
045390,2026-09-22,2026-09-22,2026-09-22,2026-09-22,AVOID,negative,39.79,39.79,39.79,45.74,42.74,3,44.35,-2.0,2,5.56,0.0,0.0,0.0,0.0,0,1,39.79,v2_conservative_ranker,44.0,-3.0,1,10.05,0.0,0.21,0.0,51.85,51.85,v3_stability_ranker,neutral,3195.0,-0.0333,-0.0184,0.034,3283.0,3378.75,0.5849,0.0463,unknown,대아티아이,대아티아이,supply_contract,,,,,,data/raw/price_045390_20260823_20260922.csv,518,False,Broad evaluation pool candidate,333,False,Broad evaluation pool candidate
297890,2026-09-22,2026-09-22,2026-09-22,2026-09-22,AVOID,negative,39.78,39.78,39.78,41.47,41.47,0,39.05,0.0,2,1.27,0.0,0.0,0.0,0.0,0,0,39.78,v2_conservative_ranker,34.62,2.0,1,15.41,0.0,0.0,0.0,53.03,53.03,v3_stability_ranker,neutral,1607.0,0.0019,-0.0423,-0.0491,1632.4,1664.7,0.8698,0.0106,kis,,,,,,,,,data/raw/price_297890_20260525_20260922.csv,519,False,Broad evaluation pool candidate,306,False,Broad evaluation pool candidate
096240,2026-09-22,2026-09-22,2026-09-22,2026-09-22,AVOID,negative,39.71,39.71,39.71,41.55,41.55,0,41.49,-2.0,2,1.78,0.0,0.0,0.0,0.0,0,0,39.71,v2_conservative_ranker,38.0,-3.0,1,14.78,0.0,0.0,0.0,50.78,50.78,v3_stability_ranker,neutral,8450.0,0.0036,-0.0231,-0.0343,8532.0,8593.5,0.5097,0.0148,kis,,,,,,,,,data/raw/price_096240_20260525_20260922.csv,520,False,Broad evaluation pool candidate,374,False,Broad evaluation pool candidate
252500,2026-09-22,2026-09-22,2026-09-22,2026-09-22,AVOID,negative,39.7,39.7,39.7,38.05,38.05,0,42.05,-2.0,2,2.35,0.0,0.0,0.0,0.0,0,0,39.7,v2_conservative_ranker,34.21,-3.0,1,14.06,0.0,0.0,0.0,46.27,46.27,v3_stability_ranker,neutral,2285.0,-0.0022,0.0,-0.0842,2301.0,2324.0,0.0364,0.0196,kis,,,,,,,,,data/raw/price_252500_20260525_20260922.csv,521,False,Broad evaluation pool candidate,501,False,Broad evaluation pool candidate
000480,2026-09-22,2026-09-22,2026-09-22,2026-09-22,AVOID,negative,39.55,39.55,39.55,38.01,38.01,0,40.39,-2.0,2,0.84,0.0,0.0,0.0,0.0,0,0,39.55,v2_conservative_ranker,35.43,-3.0,1,15.95,0.0,0.0,0.0,49.38,49.38,v3_stability_ranker,neutral,4290.0,-0.0035,-0.0261,-0.0571,4322.0,4461.75,0.0293,0.007,unknown,시알홀딩스,시알홀딩스,major_shareholder_change,,,,,,data/raw/price_000480_20260823_20260922.csv,522,False,Broad evaluation pool candidate,417,False,Broad evaluation pool candidate
007460,2026-09-22,2026-09-22,2026-09-22,2026-09-22,AVOID,negative,39.49,39.49,39.49,39.57,42.57,-3,46.59,-2.0,2,5.1,0.0,0.0,0.0,0.0,2,0,39.49,v2_conservative_ranker,42.5,-3.0,1,10.62,0.0,0.0,2.0,49.12,49.12,v3_stability_ranker,neutral,2050.0,0.025,0.0359,-0.18,2003.8,2121.1,0.0381,0.0425,unknown,에이프로젠,에이프로젠,convertible_bond,,,,,,data/raw/price_007460_20260823_20260922.csv,523,False,Broad evaluation pool candidate,429,False,Broad evaluation pool candidate
288980,2026-09-22,2026-09-22,2026-09-22,2026-09-22,AVOID,negative,39.48,39.48,39.48,53.12,56.12,-3,56.98,-2.0,2,10.0,0.0,5.5,0.0,0.0,2,0,39.48,v2_conservative_ranker,48.16,-3.0,1,2.0,0.0,10.0,2.0,36.16,36.16,v3_stability_ranker,neutral,257.0,-0.0228,0.0198,0.2297,268.8,292.25,0.0236,0.115,unknown,모아데이타,모아데이타,paid_in_capital_increase,,,,,,data/raw/price_288980_20260823_20260922.csv,524,False,Broad evaluation pool candidate,631,False,Broad evaluation pool candidate
226950,2026-09-22,2026-09-22,2026-09-22,2026-09-22,AVOID,negative,39.47,39.47,39.47,44.97,44.97,0,45.27,-2.0,2,5.8,0.0,0.0,0.0,0.0,0,0,39.47,v2_conservative_ranker,42.73,-3.0,1,9.75,0.0,0.53,0.0,49.96,49.96,v3_stability_ranker,neutral,103200.0,-0.0273,-0.0471,0.0279,109240.0,103315.0,0.186,0.0483,kis,,,,,,,,,data/raw/price_226950_20260525_20260922.csv,525,False,Broad evaluation pool candidate,403,False,Broad evaluation pool candidate
025770,2026-09-22,2026-09-22,2026-09-22,2026-09-22,AVOID,negative,39.46,39.46,39.46,39.59,39.59,0,40.84,-2.0,2,1.38,0.0,0.0,0.0,0.0,0,0,39.46,v2_conservative_ranker,34.91,-3.0,1,15.28,0.0,0.0,0.0,48.19,48.19,v3_stability_ranker,neutral,7960.0,-0.005,-0.0386,-0.0087,8006.0,8034.0,0.1722,0.0115,kis,,,,,,,,,data/raw/price_025770_20260525_20260922.csv,526,False,Broad evaluation pool candidate,441,False,Broad evaluation pool candidate
322780,2026-09-22,2026-09-22,2026-09-22,2026-09-22,AVOID,negative,39.45,39.45,39.45,38.28,38.28,0,41.96,-2.0,2,2.51,0.0,0.0,0.0,0.0,0,0,39.45,v2_conservative_ranker,35.52,-3.0,1,13.87,0.0,0.0,0.0,47.39,47.39,v3_stability_ranker,neutral,1870.0,-0.0037,-0.0111,-0.0551,1867.8,1869.9,0.0399,0.0209,kis,,,,,,,,,data/raw/price_322780_20260525_20260922.csv,527,False,Broad evaluation pool candidate,468,False,Broad evaluation pool candidate
078350,2026-09-22,2026-09-22,2026-09-22,2026-09-22,AVOID,negative,39.43,39.43,39.43,81.08,81.08,0,67.0,-2.0,2,9.04,17.0,1.53,0.0,0.0,0,0,39.43,v2_conservative_ranker,30.92,-3.0,1,2.7,26.0,4.85,0.0,0.78,0.78,v3_stability_ranker,price_momentum,28400.0,0.0071,0.6464,0.2793,24462.0,20561.0,0.6022,0.0753,kis,,,,,,,,,data/raw/price_078350_20260525_20260922.csv,528,False,Broad evaluation pool candidate,745,False,Broad evaluation pool candidate
137400,2026-09-22,2026-09-22,2026-09-22,2026-09-22,AVOID,negative,39.4,39.4,39.4,41.12,41.12,0,42.09,-2.0,2,2.69,0.0,0.0,0.0,0.0,0,0,39.4,v2_conservative_ranker,38.0,-3.0,1,13.64,0.0,0.0,0.0,49.64,49.64,v3_stability_ranker,neutral,28900.0,-0.0103,-0.022,-0.0203,28910.0,29472.5,0.4294,0.0224,kis,,,,,,,,,data/raw/price_137400_20260525_20260922.csv,529,False,Broad evaluation pool candidate,410,False,Broad evaluation pool candidate
290270,2026-09-22,2026-09-22,2026-09-22,2026-09-22,AVOID,negative,39.39,39.39,39.39,39.2,39.2,0,41.67,-2.0,2,2.28,0.0,0.0,0.0,0.0,0,0,39.39,v2_conservative_ranker,38.0,-3.0,1,14.15,0.0,0.0,0.0,50.15,50.15,v3_stability_ranker,neutral,2815.0,-0.0053,-0.026,-0.0209,2865.0,2867.0,0.1238,0.019,kis,,,,,,,,,data/raw/price_290270_20260525_20260922.csv,530,False,Broad evaluation pool candidate,399,False,Broad evaluation pool candidate
003620,2026-09-22,2026-09-22,2026-09-22,2026-09-22,AVOID,negative,39.35,39.35,39.35,39.47,39.47,0,41.21,-2.0,2,1.86,0.0,0.0,0.0,0.0,0,0,39.35,v2_conservative_ranker,38.0,-3.0,1,14.68,0.0,0.0,0.0,50.67,50.67,v3_stability_ranker,neutral,2565.0,-0.0019,-0.021,-0.0482,2581.0,2650.0,0.2554,0.0155,kis,,,,,,,,,data/raw/price_003620_20260525_20260922.csv,531,False,Broad evaluation pool candidate,381,False,Broad evaluation pool candidate
001390,2026-09-22,2026-09-22,2026-09-22,2026-09-22,AVOID,negative,39.32,39.32,39.32,39.93,39.93,0,40.79,-2.0,2,1.48,0.0,0.0,0.0,0.0,0,0,39.32,v2_conservative_ranker,38.0,-3.0,1,15.15,0.0,0.0,0.0,51.16,51.16,v3_stability_ranker,neutral,4250.0,-0.0012,-0.0286,-0.0385,4332.0,4430.25,0.3236,0.0123,kis,,,,,,,,,data/raw/price_001390_20260525_20260922.csv,532,False,Broad evaluation pool candidate,353,False,Broad evaluation pool candidate
161000,2026-09-22,2026-09-22,2026-09-22,2026-09-22,AVOID,negative,39.28,39.28,39.28,40.3,40.3,0,43.69,-2.0,2,4.4,0.0,0.0,0.0,0.0,0,0,39.28,v2_conservative_ranker,44.0,-3.0,1,11.49,0.0,0.0,0.0,53.49,53.49,v3_stability_ranker,neutral,10060.0,0.0255,-0.0224,0.0265,9980.0,10356.5,0.1468,0.0367,kis,,,,,,,,,data/raw/price_161000_20260525_20260922.csv,533,False,Broad evaluation pool candidate,289,False,Broad evaluation pool candidate
185750,2026-09-22,2026-09-22,2026-09-22,2026-09-22,AVOID,negative,39.18,39.18,39.18,41.72,41.72,0,40.71,-2.0,2,1.52,0.0,0.0,0.0,0.0,0,0,39.18,v2_conservative_ranker,38.0,-3.0,1,15.1,0.0,0.0,0.0,51.09,51.09,v3_stability_ranker,neutral,64200.0,-0.0062,-0.0258,-0.0489,64720.0,67080.0,0.6693,0.0127,kis,,,,,,,,,data/raw/price_185750_20260525_20260922.csv,534,False,Broad evaluation pool candidate,361,False,Broad evaluation pool candidate
290670,2026-09-22,2026-09-22,2026-09-22,2026-09-22,AVOID,negative,39.17,39.17,39.17,44.77,44.77,0,44.09,-2.0,2,4.92,0.0,0.0,0.0,0.0,0,0,39.17,v2_conservative_ranker,39.76,-3.0,1,10.85,0.0,0.0,0.0,48.61,48.61,v3_stability_ranker,neutral,5550.0,-0.0018,-0.0842,0.0882,5660.0,5644.0,0.1467,0.041,kis,,,,,,,,,data/raw/price_290670_20260525_20260922.csv,535,False,Broad evaluation pool candidate,433,False,Broad evaluation pool candidate
031820,2026-09-22,2026-09-22,2026-09-22,2026-09-22,AVOID,negative,39.1,39.1,39.1,39.16,39.16,0,40.65,-2.0,2,1.55,0.0,0.0,0.0,0.0,0,0,39.1,v2_conservative_ranker,33.53,-3.0,1,15.06,0.0,0.0,0.0,46.59,46.59,v3_stability_ranker,neutral,5710.0,0.0053,-0.0087,-0.0994,5714.0,5801.0,0.3812,0.0129,kis,,,,,,,,,data/raw/price_031820_20260525_20260922.csv,536,False,Broad evaluation pool candidate,496,False,Broad evaluation pool candidate
011420,2026-09-22,2026-09-22,2026-09-22,2026-09-22,AVOID,negative,39.09,39.09,39.09,38.18,38.18,0,41.19,-2.0,2,2.1,0.0,0.0,0.0,0.0,0,0,39.09,v2_conservative_ranker,35.22,-3.0,1,14.38,0.0,0.0,0.0,47.6,47.6,v3_stability_ranker,neutral,1430.0,0.0142,-0.0165,-0.0617,1403.4,1460.7,0.1103,0.0175,kis,,,,,,,,,data/raw/price_011420_20260525_20260922.csv,537,False,Broad evaluation pool candidate,466,False,Broad evaluation pool candidate
336260,2026-09-22,2026-09-22,2026-09-22,2026-09-22,AVOID,negative,39.09,39.09,39.09,47.25,47.25,0,47.39,-2.0,2,7.8,0.0,0.5,0.0,0.0,0,0,39.09,v2_conservative_ranker,41.31,-3.0,1,7.25,0.0,3.2,0.0,43.36,43.36,v3_stability_ranker,neutral,48250.0,0.0021,-0.0649,0.1393,49780.0,47370.0,0.2118,0.065,kis,,,,,,,,,data/raw/price_336260_20260525_20260922.csv,538,False,Broad evaluation pool candidate,548,False,Broad evaluation pool candidate
321370,2026-09-22,2026-09-22,2026-09-22,2026-09-22,AVOID,negative,39.08,39.08,39.08,82.87,82.87,0,67.0,0.0,2,9.19,19.07,1.66,0.0,0.0,0,0,39.08,v2_conservative_ranker,26.84,2.0,6,-1.49,33.29,5.06,0.0,0.0,0.0,v3_stability_ranker,price_momentum,1784.0,0.0538,0.5209,0.3959,1684.6,1300.0,0.921,0.0766,kis,,,,,,,,,data/raw/price_321370_20260525_20260922.csv,539,False,Broad evaluation pool candidate,748,False,Broad evaluation pool candidate
121440,2026-09-22,2026-09-22,2026-09-22,2026-09-22,AVOID,negative,39.08,39.08,39.08,39.65,39.65,0,44.86,-2.0,2,5.78,0.0,0.0,0.0,0.0,0,0,39.08,v2_conservative_ranker,44.0,-3.0,1,9.77,0.0,0.51,0.0,51.26,51.26,v3_stability_ranker,neutral,7770.0,-0.0038,-0.014,0.036,7802.0,7823.5,0.0124,0.0482,pykrx,,,,,,,,,data/raw/price_121440_20260525_20260922.csv,540,False,Broad evaluation pool candidate,349,False,Broad evaluation pool candidate
006400,2026-09-22,2026-09-22,2026-09-22,2026-09-22,AVOID,negative,39.06,39.06,39.06,40.01,40.01,0,43.38,-2.0,2,4.32,0.0,0.0,0.0,0.0,0,0,39.06,v2_conservative_ranker,44.0,-3.0,1,11.6,0.0,0.0,0.0,53.6,53.6,v3_stability_ranker,neutral,533000.0,0.0,-0.0256,0.027,538000.0,547350.0,0.1372,0.036,kis,,,,,,,,,data/raw/price_006400_20260525_20260922.csv,541,False,Broad evaluation pool candidate,286,False,Broad evaluation pool candidate
030210,2026-09-22,2026-09-22,2026-09-22,2026-09-22,AVOID,negative,39.0,39.0,39.0,38.94,38.94,0,40.78,-2.0,2,1.78,0.0,0.0,0.0,0.0,0,0,39.0,v2_conservative_ranker,35.19,-3.0,1,14.78,0.0,0.0,0.0,47.97,47.97,v3_stability_ranker,neutral,3850.0,0.0026,-0.0351,-0.0204,3847.0,3911.25,0.1585,0.0148,kis,,,,,,,,,data/raw/price_030210_20260525_20260922.csv,542,False,Broad evaluation pool candidate,450,False,Broad evaluation pool candidate
103840,2026-09-22,2026-09-22,2026-09-22,2026-09-22,AVOID,negative,38.98,38.98,38.98,37.56,37.56,0,40.02,-2.0,2,1.04,0.0,0.0,0.0,0.0,0,0,38.98,v2_conservative_ranker,33.2,-3.0,1,15.7,0.0,0.0,0.0,46.9,46.9,v3_stability_ranker,neutral,1584.0,0.0025,-0.0125,-0.1066,1582.2,1651.95,0.1688,0.0087,kis,,,,,,,,,data/raw/price_103840_20260525_20260922.csv,543,False,Broad evaluation pool candidate,487,False,Broad evaluation pool candidate
090470,2026-09-22,2026-09-22,2026-09-22,2026-09-22,AVOID,negative,38.97,38.97,38.97,41.04,38.04,3,43.8,-2.0,2,5.83,0.0,0.0,0.0,0.0,0,1,38.97,v2_conservative_ranker,38.0,-3.0,1,9.71,0.0,0.58,0.0,45.13,45.13,v3_stability_ranker,neutral,4355.0,-0.0057,-0.0011,-0.0311,4325.0,4462.5,0.0939,0.0486,unknown,제이스로보틱스,제이스로보틱스,supply_contract,,,,,,data/raw/price_090470_20260823_20260922.csv,544,False,Broad evaluation pool candidate,520,False,Broad evaluation pool candidate
084680,2026-09-22,2026-09-22,2026-09-22,2026-09-22,AVOID,negative,38.93,38.93,38.93,43.26,43.26,0,49.87,0.0,0,9.24,0.0,1.7,0.0,0.0,0,0,38.93,v2_conservative_ranker,44.0,-5.0,0,5.45,0.0,5.12,0.0,39.33,39.33,v3_stability_ranker,neutral,532.0,0.0,0.0,0.1392,532.0,540.4,0.0,0.077,kis,,,,,,,,,data/raw/price_084680_20260525_20260922.csv,545,False,Broad evaluation pool candidate,613,False,Broad evaluation pool candidate
001740,2026-09-22,2026-09-22,2026-09-22,2026-09-22,AVOID,negative,38.91,38.91,38.91,39.42,39.42,0,41.31,-2.0,2,2.4,0.0,0.0,0.0,0.0,0,0,38.91,v2_conservative_ranker,34.06,-3.0,1,14.0,0.0,0.0,0.0,46.06,46.06,v3_stability_ranker,neutral,6260.0,0.0279,-0.0063,-0.0875,6242.0,6422.5,0.4044,0.02,kis,,,,,,,,,data/raw/price_001740_20260525_20260922.csv,546,False,Broad evaluation pool candidate,504,False,Broad evaluation pool candidate
001040,2026-09-22,2026-09-22,2026-09-22,2026-09-22,AVOID,negative,38.91,38.91,38.91,38.03,41.03,-3,43.23,-2.0,2,2.32,0.0,0.0,0.0,0.0,2,0,38.91,v2_conservative_ranker,38.0,-3.0,1,14.11,0.0,0.0,2.0,48.11,48.11,v3_stability_ranker,neutral,128700.0,0.0031,-0.0191,0.0039,129260.0,130080.0,0.1123,0.0193,unknown,CJ,CJ,lawsuit,,,,,,data/raw/price_001040_20260823_20260922.csv,547,False,Broad evaluation pool candidate,447,False,Broad evaluation pool candidate
216400,2026-09-22,2026-09-22,2026-09-22,2026-09-22,AVOID,negative,38.9,38.9,38.9,69.11,69.11,0,63.0,-2.0,2,10.0,10.0,4.1,0.0,0.0,0,0,38.9,v2_conservative_ranker,27.37,-3.0,1,1.0,19.0,8.96,0.0,0.0,0.0,v3_stability_ranker,neutral,1490.0,0.0658,0.3796,0.3093,1350.6,1461.95,0.0186,0.101,kis,,,,,,,,,data/raw/price_216400_20260525_20260922.csv,548,False,Broad evaluation pool candidate,749,False,Broad evaluation pool candidate
377450,2026-09-22,2026-09-22,2026-09-22,2026-09-22,AVOID,negative,38.9,38.9,38.9,39.86,42.86,-3,46.11,-2.0,2,5.21,0.0,0.0,0.0,0.0,2,0,38.9,v2_conservative_ranker,42.53,-3.0,1,7.49,0.0,0.0,2.0,46.02,46.02,v3_stability_ranker,neutral,14520.0,-0.0034,0.0175,-0.1326,14928.0,16203.5,0.014,0.0434,unknown,리파인,리파인,disclosure_violation,low_attention,no_risk_noise,,,,data/raw/price_377450_20260823_20260922.csv,549,False,Broad evaluation pool candidate,505,False,Broad evaluation pool candidate
263600,2026-09-22,2026-09-22,2026-09-22,2026-09-22,AVOID,negative,38.9,38.9,38.9,38.91,38.91,0,40.92,-2.0,2,2.02,0.0,0.0,0.0,0.0,0,0,38.9,v2_conservative_ranker,35.66,-3.0,1,14.48,0.0,0.0,0.0,48.14,48.14,v3_stability_ranker,neutral,3460.0,-0.0057,-0.0226,-0.0521,3493.0,3584.0,0.2426,0.0168,kis,,,,,,,,,data/raw/price_263600_20260525_20260922.csv,550,False,Broad evaluation pool candidate,442,False,Broad evaluation pool candidate
065770,2026-09-22,2026-09-22,2026-09-22,2026-09-22,AVOID,negative,38.89,38.89,38.89,39.99,39.99,0,44.12,-2.0,2,5.23,0.0,0.0,0.0,0.0,0,0,38.89,v2_conservative_ranker,34.5,-3.0,1,7.46,0.0,0.0,0.0,39.96,39.96,v3_stability_ranker,neutral,902.0,-0.011,0.0112,-0.4112,924.6,1124.25,0.2044,0.0436,kis,,,,,,,,,data/raw/price_065770_20260525_20260922.csv,551,False,Broad evaluation pool candidate,600,False,Broad evaluation pool candidate
012450,2026-09-22,2026-09-22,2026-09-22,2026-09-22,AVOID,negative,38.87,38.87,38.87,39.7,39.7,0,43.39,-2.0,2,3.82,0.0,0.0,0.0,0.7,0,0,38.87,v2_conservative_ranker,38.0,-3.0,1,12.23,0.0,0.0,1.0,47.23,47.23,v3_stability_ranker,neutral,1060000.0,-0.0066,-0.0028,-0.0381,1071400.0,1074950.0,0.1783,0.0318,kis,,,,medium_attention,no_risk_noise,,,,data/raw/price_012450_20260525_20260922.csv,552,False,Broad evaluation pool candidate,474,False,Broad evaluation pool candidate
053060,2026-09-22,2026-09-22,2026-09-22,2026-09-22,AVOID,negative,38.84,38.84,38.84,37.3,37.3,0,40.44,-2.0,2,1.6,0.0,0.0,0.0,0.0,0,0,38.84,v2_conservative_ranker,34.09,-3.0,1,15.01,0.0,0.0,0.0,47.09,47.09,v3_stability_ranker,neutral,1230.0,-0.0016,-0.0152,-0.0869,1241.0,1262.95,0.0831,0.0133,kis,,,,,,,,,data/raw/price_053060_20260525_20260922.csv,553,False,Broad evaluation pool candidate,477,False,Broad evaluation pool candidate
389680,2026-09-22,2026-09-22,2026-09-22,2026-09-22,AVOID,negative,38.8,38.8,38.8,70.7,70.7,0,66.31,-2.0,2,10.0,13.44,4.07,0.0,0.0,0,0,38.8,v2_conservative_ranker,43.0,-3.0,1,-2.0,20.26,8.91,0.0,9.83,9.83,v3_stability_ranker,price_momentum,2715.0,-0.0507,0.0731,1.6106,2791.0,2188.35,0.2315,0.1007,kis,,,,,,,,,data/raw/price_389680_20260525_20260922.csv,554,False,Broad evaluation pool candidate,732,False,Broad evaluation pool candidate
317690,2026-09-22,2026-09-22,2026-09-22,2026-09-22,AVOID,negative,38.8,38.8,38.8,38.5,38.5,0,42.06,-2.0,2,3.26,0.0,0.0,0.0,0.0,0,0,38.8,v2_conservative_ranker,38.0,-3.0,1,12.92,0.0,0.0,0.0,48.92,48.92,v3_stability_ranker,neutral,2255.0,0.0135,-0.0131,-0.0465,2239.0,2359.25,0.1429,0.0272,kis,,,,,,,,,data/raw/price_317690_20260525_20260922.csv,555,False,Broad evaluation pool candidate,432,False,Broad evaluation pool candidate
241840,2026-09-22,2026-09-22,2026-09-22,2026-09-22,AVOID,negative,38.78,38.78,38.78,37.8,37.8,0,40.87,-2.0,2,2.09,0.0,0.0,0.0,0.0,0,0,38.78,v2_conservative_ranker,35.74,-3.0,1,14.39,0.0,0.0,0.0,48.13,48.13,v3_stability_ranker,neutral,2265.0,-0.0152,-0.0237,-0.0503,2305.0,2381.25,0.0702,0.0174,kis,,,,,,,,,data/raw/price_241840_20260525_20260922.csv,556,False,Broad evaluation pool candidate,444,False,Broad evaluation pool candidate
175250,2026-09-22,2026-09-22,2026-09-22,2026-09-22,AVOID,negative,38.69,38.69,38.69,44.77,44.77,0,50.06,-2.0,2,8.4,1.97,1.0,0.0,0.0,0,0,38.69,v2_conservative_ranker,42.5,-3.0,1,-0.5,7.04,4.0,0.0,28.96,28.96,v3_stability_ranker,neutral,1849.0,0.0864,0.0706,-0.3557,1691.0,2126.2,0.4524,0.07,kis,,,,,,,,,data/raw/price_175250_20260525_20260922.csv,557,False,Broad evaluation pool candidate,682,False,Broad evaluation pool candidate
300080,2026-09-22,2026-09-22,2026-09-22,2026-09-22,AVOID,negative,38.68,38.68,38.68,39.87,39.87,0,43.32,-2.0,2,4.64,0.0,0.0,0.0,0.0,0,0,38.68,v2_conservative_ranker,41.54,-3.0,1,11.2,0.0,0.0,0.0,50.73,50.73,v3_stability_ranker,neutral,8810.0,0.0,-0.0308,0.0401,8974.0,9045.0,0.1358,0.0387,kis,,,,,,,,,data/raw/price_300080_20260525_20260922.csv,558,False,Broad evaluation pool candidate,376,False,Broad evaluation pool candidate
080420,2026-09-22,2026-09-22,2026-09-22,2026-09-22,AVOID,negative,38.66,38.66,38.66,39.76,39.76,0,40.04,-2.0,2,1.38,0.0,0.0,0.0,0.0,0,0,38.66,v2_conservative_ranker,35.0,-3.0,1,15.28,0.0,0.0,0.0,48.27,48.27,v3_stability_ranker,neutral,1592.0,-0.0019,-0.0375,-0.0346,1627.6,1650.5,0.3988,0.0115,kis,,,,,,,,,data/raw/price_080420_20260525_20260922.csv,559,False,Broad evaluation pool candidate,439,False,Broad evaluation pool candidate
159910,2026-09-22,2026-09-22,2026-09-22,2026-09-22,AVOID,negative,38.59,38.59,38.59,36.47,39.47,-3,42.51,-2.0,2,1.92,0.0,0.0,0.0,0.0,2,0,38.59,v2_conservative_ranker,38.0,-3.0,1,14.6,0.0,0.0,2.0,48.6,48.6,v3_stability_ranker,neutral,3070.0,0.0033,-0.0144,-0.03,3110.0,3168.0,0.0022,0.016,unknown,에코글로우,에코글로우,convertible_bond,,,,,,data/raw/price_159910_20260823_20260922.csv,560,False,Broad evaluation pool candidate,434,False,Broad evaluation pool candidate
122450,2026-09-22,2026-09-22,2026-09-22,2026-09-22,AVOID,negative,38.48,38.48,38.48,37.36,37.36,0,40.8,-2.0,2,2.33,0.0,0.0,0.0,0.0,0,0,38.48,v2_conservative_ranker,35.26,-3.0,1,14.09,0.0,0.0,0.0,47.34,47.34,v3_stability_ranker,neutral,2615.0,-0.0038,-0.0206,-0.061,2643.0,2688.75,0.0678,0.0194,unknown,KX,KX,merger,,,,,,data/raw/price_122450_20260823_20260922.csv,561,False,Broad evaluation pool candidate,469,False,Broad evaluation pool candidate
228670,2026-09-22,2026-09-22,2026-09-22,2026-09-22,AVOID,negative,38.45,38.45,38.45,40.3,40.3,0,40.67,-2.0,2,2.22,0.0,0.0,0.0,0.0,0,0,38.45,v2_conservative_ranker,38.0,-3.0,1,14.22,0.0,0.0,0.0,50.23,50.23,v3_stability_ranker,neutral,4390.0,-0.0179,-0.0288,-0.0415,4528.0,4618.25,0.5178,0.0185,kis,,,,,,,,,data/raw/price_228670_20260525_20260922.csv,562,False,Broad evaluation pool candidate,393,False,Broad evaluation pool candidate
214330,2026-09-22,2026-09-22,2026-09-22,2026-09-22,AVOID,negative,38.39,38.39,38.39,43.66,43.66,0,47.15,-2.0,2,8.05,0.0,0.71,0.0,0.0,0,0,38.39,v2_conservative_ranker,37.0,-3.0,1,6.93,0.0,3.54,0.0,38.4,38.4,v3_stability_ranker,price_momentum,6520.0,0.0062,0.0015,-0.2374,6540.0,6480.0,0.0372,0.0671,kis,,,,,,,,,data/raw/price_214330_20260525_20260922.csv,563,False,Broad evaluation pool candidate,619,False,Broad evaluation pool candidate
450080,2026-09-22,2026-09-22,2026-09-22,2026-09-22,AVOID,negative,38.38,38.38,38.38,39.7,39.7,0,41.95,-2.0,2,3.58,0.0,0.0,0.0,0.0,0,0,38.38,v2_conservative_ranker,38.0,-3.0,1,12.53,0.0,0.0,0.0,48.53,48.53,v3_stability_ranker,neutral,35200.0,0.0277,-0.0222,-0.0236,34930.0,36295.0,0.3459,0.0298,kis,,,,,,,,,data/raw/price_450080_20260525_20260922.csv,564,False,Broad evaluation pool candidate,435,False,Broad evaluation pool candidate
003580,2026-09-22,2026-09-22,2026-09-22,2026-09-22,AVOID,negative,38.37,38.37,38.37,39.26,39.26,0,41.89,-2.0,2,3.52,0.0,0.0,0.0,0.0,0,0,38.37,v2_conservative_ranker,35.14,-3.0,1,12.61,0.0,0.0,0.0,45.74,45.74,v3_stability_ranker,neutral,1590.0,0.0013,-0.0358,0.0134,1599.0,1615.95,0.1834,0.0293,kis,,,,,,,,,data/raw/price_003580_20260525_20260922.csv,565,False,Broad evaluation pool candidate,512,False,Broad evaluation pool candidate
326030,2026-09-22,2026-09-22,2026-09-22,2026-09-22,AVOID,negative,38.31,38.31,38.31,37.47,37.47,0,41.54,-2.0,2,3.23,0.0,0.0,0.0,0.0,0,0,38.31,v2_conservative_ranker,34.37,-3.0,1,12.96,0.0,0.0,0.0,45.34,45.34,v3_stability_ranker,neutral,77600.0,0.0,-0.0064,-0.0806,78060.0,83275.0,0.1385,0.0269,kis,,,,,,,,,data/raw/price_326030_20260525_20260922.csv,566,False,Broad evaluation pool candidate,517,False,Broad evaluation pool candidate
032350,2026-09-22,2026-09-22,2026-09-22,2026-09-22,AVOID,negative,38.28,38.28,38.28,37.14,37.14,0,40.62,-2.0,2,2.34,0.0,0.0,0.0,0.0,0,0,38.28,v2_conservative_ranker,32.37,-3.0,1,14.07,0.0,0.0,0.0,44.45,44.45,v3_stability_ranker,neutral,11680.0,-0.0009,0.0,-0.1251,11700.0,12399.0,0.2247,0.0195,kis,,,,,,,,,data/raw/price_032350_20260525_20260922.csv,567,False,Broad evaluation pool candidate,529,False,Broad evaluation pool candidate
204840,2026-09-22,2026-09-22,2026-09-22,2026-09-22,AVOID,negative,38.22,38.22,38.22,40.56,37.56,3,42.49,-2.0,2,5.27,0.0,0.0,0.0,0.0,0,1,38.22,v2_conservative_ranker,38.0,-3.0,1,10.41,0.0,0.0,0.0,46.41,46.41,v3_stability_ranker,neutral,4480.0,-0.0044,-0.0186,-0.0186,4532.0,4840.25,0.1232,0.0439,unknown,지엘팜텍,지엘팜텍,supply_contract,,,,,,data/raw/price_204840_20260823_20260922.csv,568,False,Broad evaluation pool candidate,498,False,Broad evaluation pool candidate
109070,2026-09-22,2026-09-22,2026-09-22,2026-09-22,AVOID,negative,38.18,38.18,38.18,37.66,41.66,-4,44.03,0.0,0,1.15,0.0,0.0,0.0,4.7,0,0,38.18,v2_conservative_ranker,38.0,-5.0,0,15.56,0.0,0.0,7.2,41.36,41.36,v3_stability_ranker,neutral,1550.0,0.0,0.0,-0.0276,1550.0,1555.5,0.0,0.0096,unknown,주성코퍼레이션,주성코퍼레이션,major_shareholder_change,low_attention,risk_noise_detected,,,,data/raw/price_109070_20260823_20260922.csv,569,False,Broad evaluation pool candidate,579,False,Broad evaluation pool candidate
067370,2026-09-22,2026-09-22,2026-09-22,2026-09-22,AVOID,negative,38.17,38.17,38.17,40.11,40.11,0,36.96,1.0,3,2.78,0.0,0.0,0.0,0.0,0,0,38.17,v2_conservative_ranker,32.91,8.0,6,13.52,0.0,0.0,0.0,60.43,60.43,v3_stability_ranker,price_weakness,5740.0,0.0305,-0.0636,-0.0481,5752.0,6087.0,1.1997,0.0232,kis,,,,,,,,,data/raw/price_067370_20260525_20260922.csv,570,False,Broad evaluation pool candidate,123,False,Broad evaluation pool candidate
179530,2026-09-22,2026-09-22,2026-09-22,2026-09-22,AVOID,negative,38.12,38.12,38.12,39.0,39.0,0,35.0,4.23,3,4.12,0.0,0.0,0.0,0.0,0,0,38.12,v2_conservative_ranker,26.5,5.0,6,8.86,0.0,0.0,0.0,46.36,46.36,v3_stability_ranker,neutral,1787.0,-0.0367,-0.1065,-0.2736,1854.4,2259.6,1.8469,0.0343,kis,,,,,,,,,data/raw/price_179530_20260525_20260922.csv,571,False,Broad evaluation pool candidate,500,False,Broad evaluation pool candidate
368600,2026-09-22,2026-09-22,2026-09-22,2026-09-22,AVOID,negative,38.07,38.07,38.07,46.0,46.0,0,51.0,0.0,0,10.0,0.0,2.93,0.0,0.0,0,0,38.07,v2_conservative_ranker,35.42,-5.0,0,5.0,0.68,7.09,0.0,27.66,27.66,v3_stability_ranker,neutral,956.0,0.0,0.0,0.2936,956.0,988.75,0.0,0.0893,kis,,,,,,,,,data/raw/price_368600_20260525_20260922.csv,572,False,Broad evaluation pool candidate,689,False,Broad evaluation pool candidate
192820,2026-09-22,2026-09-22,2026-09-22,2026-09-22,AVOID,negative,38.07,38.07,38.07,37.32,37.32,0,41.11,-2.0,2,3.04,0.0,0.0,0.0,0.0,0,0,38.07,v2_conservative_ranker,34.89,-3.0,1,13.21,0.0,0.0,0.0,46.09,46.09,v3_stability_ranker,neutral,269000.0,-0.0218,-0.0147,-0.0692,273900.0,278175.0,0.1293,0.0253,kis,,,,,,,,,data/raw/price_192820_20260525_20260922.csv,573,False,Broad evaluation pool candidate,503,False,Broad evaluation pool candidate
064960,2026-09-22,2026-09-22,2026-09-22,2026-09-22,AVOID,negative,38.0,38.0,38.0,39.12,39.12,0,40.34,-2.0,2,2.34,0.0,0.0,0.0,0.0,0,0,38.0,v2_conservative_ranker,35.54,-3.0,1,14.07,0.0,0.0,0.0,47.62,47.62,v3_stability_ranker,neutral,25300.0,-0.0098,-0.0307,-0.0453,25790.0,26172.5,0.4011,0.0195,kis,,,,,,,,,data/raw/price_064960_20260525_20260922.csv,574,False,Broad evaluation pool candidate,464,False,Broad evaluation pool candidate
045660,2026-09-22,2026-09-22,2026-09-22,2026-09-22,AVOID,negative,37.99,37.99,37.99,36.85,36.85,0,40.14,-2.0,2,2.15,0.0,0.0,0.0,0.0,0,0,37.99,v2_conservative_ranker,34.5,-3.0,1,14.31,0.0,0.0,0.0,46.82,46.82,v3_stability_ranker,neutral,8670.0,-0.0012,-0.0214,-0.0777,8696.0,9179.0,0.1114,0.0179,kis,,,,,,,,,data/raw/price_045660_20260525_20260922.csv,575,False,Broad evaluation pool candidate,490,False,Broad evaluation pool candidate
119830,2026-09-22,2026-09-22,2026-09-22,2026-09-22,AVOID,negative,37.98,37.98,37.98,43.81,47.81,-4,49.37,-2.0,2,5.29,0.0,0.0,0.0,6.1,0,0,37.98,v2_conservative_ranker,42.92,-3.0,1,10.38,0.0,0.0,9.2,42.11,42.11,v3_stability_ranker,neutral,6220.0,0.0048,0.0471,-0.1239,6174.0,6335.0,0.2842,0.0441,kis,,,,medium_attention,risk_noise_detected,,,,data/raw/price_119830_20260525_20260922.csv,576,False,Broad evaluation pool candidate,565,False,Broad evaluation pool candidate
004960,2026-09-22,2026-09-22,2026-09-22,2026-09-22,AVOID,negative,37.97,37.97,37.97,38.9,38.9,0,41.36,-2.0,2,3.38,0.0,0.0,0.0,0.0,0,0,37.97,v2_conservative_ranker,34.58,-3.0,1,12.77,0.0,0.0,0.0,45.35,45.35,v3_stability_ranker,neutral,11190.0,-0.0009,-0.0428,0.0182,11302.0,11875.5,0.1825,0.0282,kis,,,,,,,,,data/raw/price_004960_20260525_20260922.csv,577,False,Broad evaluation pool candidate,516,False,Broad evaluation pool candidate
052690,2026-09-22,2026-09-22,2026-09-22,2026-09-22,AVOID,negative,37.97,37.97,37.97,47.02,47.02,0,47.0,-2.0,2,8.2,0.0,0.83,0.0,0.0,0,0,37.97,v2_conservative_ranker,38.65,-3.0,1,6.76,0.0,3.73,0.0,39.68,39.68,v3_stability_ranker,neutral,129700.0,0.0008,-0.0981,0.1943,133220.0,128645.0,0.3238,0.0683,kis,,,,,,,,,data/raw/price_052690_20260525_20260922.csv,578,False,Broad evaluation pool candidate,607,False,Broad evaluation pool candidate
011370,2026-09-22,2026-09-22,2026-09-22,2026-09-22,AVOID,negative,37.94,37.94,37.94,40.52,40.52,0,39.14,-2.0,2,1.2,0.0,0.0,0.0,0.0,0,0,37.94,v2_conservative_ranker,32.25,-3.0,1,15.5,0.0,0.0,0.0,45.75,45.75,v3_stability_ranker,neutral,3670.0,-0.0134,-0.0367,-0.0626,3715.0,3836.75,0.7205,0.01,kis,,,,,,,,,data/raw/price_011370_20260525_20260922.csv,579,False,Broad evaluation pool candidate,510,False,Broad evaluation pool candidate
017670,2026-09-22,2026-09-22,2026-09-22,2026-09-22,AVOID,negative,37.93,37.93,37.93,37.96,37.96,0,40.25,-2.0,2,2.32,0.0,0.0,0.0,0.0,0,0,37.93,v2_conservative_ranker,32.77,-3.0,1,14.11,0.0,0.0,0.0,44.87,44.87,v3_stability_ranker,neutral,87400.0,0.0046,-0.0068,-0.1163,87860.0,91760.0,0.3976,0.0193,kis,,,,,,,,,data/raw/price_017670_20260525_20260922.csv,580,False,Broad evaluation pool candidate,523,False,Broad evaluation pool candidate
053690,2026-09-22,2026-09-22,2026-09-22,2026-09-22,AVOID,negative,37.93,37.93,37.93,42.65,42.65,0,44.49,-2.0,2,6.56,0.0,0.0,0.0,0.0,0,0,37.93,v2_conservative_ranker,38.79,-3.0,1,8.79,0.0,1.55,0.0,44.04,44.04,v3_stability_ranker,neutral,21550.0,-0.0227,-0.0651,0.2093,22170.0,22457.5,0.1053,0.0547,kis,,,,,,,,,data/raw/price_053690_20260525_20260922.csv,581,False,Broad evaluation pool candidate,539,False,Broad evaluation pool candidate
407400,2026-09-22,2026-09-22,2026-09-22,2026-09-22,AVOID,negative,37.92,37.92,37.92,39.77,39.77,0,39.63,-2.0,2,1.72,0.0,0.0,0.0,0.0,0,0,37.92,v2_conservative_ranker,34.97,-3.0,1,14.86,0.0,0.0,0.0,47.82,47.82,v3_stability_ranker,neutral,1929.0,-0.0208,-0.0379,-0.045,1976.6,2065.65,0.5397,0.0143,kis,,,,,,,,,data/raw/price_407400_20260525_20260922.csv,582,False,Broad evaluation pool candidate,456,False,Broad evaluation pool candidate
011780,2026-09-22,2026-09-22,2026-09-22,2026-09-22,AVOID,negative,37.89,37.89,37.89,38.48,38.48,0,40.94,-2.0,2,3.05,0.0,0.0,0.0,0.0,0,0,37.89,v2_conservative_ranker,35.19,-3.0,1,13.19,0.0,0.0,0.0,46.38,46.38,v3_stability_ranker,neutral,118300.0,-0.0092,-0.0351,-0.0158,119960.0,124805.0,0.2204,0.0254,kis,,,,,,,,,data/raw/price_011780_20260525_20260922.csv,583,False,Broad evaluation pool candidate,499,False,Broad evaluation pool candidate
207940,2026-09-22,2026-09-22,2026-09-22,2026-09-22,AVOID,negative,37.87,37.87,37.87,36.5,36.5,0,40.07,-2.0,2,2.2,0.0,0.0,0.0,0.0,0,0,37.87,v2_conservative_ranker,32.75,-3.0,1,14.25,0.0,0.0,0.0,45.0,45.0,v3_stability_ranker,neutral,1400000.0,-0.0014,-0.0085,-0.1167,1401000.0,1458750.0,0.1687,0.0183,kis,,,,,,,,,data/raw/price_207940_20260525_20260922.csv,584,False,Broad evaluation pool candidate,521,False,Broad evaluation pool candidate
222420,2026-09-22,2026-09-22,2026-09-22,2026-09-22,AVOID,negative,37.81,37.81,37.81,43.29,43.29,0,42.24,-2.0,2,4.43,0.0,0.0,0.0,0.0,0,0,37.81,v2_conservative_ranker,34.65,-3.0,1,11.46,0.0,0.0,0.0,44.12,44.12,v3_stability_ranker,neutral,913.0,-0.0183,-0.0731,0.0156,934.8,902.65,0.252,0.0369,kis,,,,,,,,,data/raw/price_222420_20260525_20260922.csv,585,False,Broad evaluation pool candidate,534,False,Broad evaluation pool candidate
058730,2026-09-22,2026-09-22,2026-09-22,2026-09-22,AVOID,negative,37.74,37.74,37.74,37.92,37.92,0,42.43,-2.0,2,4.69,0.0,0.0,0.0,0.0,0,0,37.74,v2_conservative_ranker,38.0,-3.0,1,11.13,0.0,0.0,0.0,47.13,47.13,v3_stability_ranker,neutral,3205.0,0.0158,-0.0273,0.0047,3212.0,3434.75,0.0541,0.0391,kis,,,,,,,,,data/raw/price_058730_20260525_20260922.csv,586,False,Broad evaluation pool candidate,475,False,Broad evaluation pool candidate
078590,2026-09-22,2026-09-22,2026-09-22,2026-09-22,AVOID,negative,37.71,37.71,37.71,36.49,36.49,0,40.69,-2.0,2,2.98,0.0,0.0,0.0,0.0,0,0,37.71,v2_conservative_ranker,33.33,-3.0,1,13.28,0.0,0.0,0.0,44.61,44.61,v3_stability_ranker,neutral,2940.0,-0.0101,-0.0068,-0.1037,2956.0,3019.0,0.1389,0.0248,kis,,,,,,,,,data/raw/price_078590_20260525_20260922.csv,587,False,Broad evaluation pool candidate,526,False,Broad evaluation pool candidate
032300,2026-09-22,2026-09-22,2026-09-22,2026-09-22,AVOID,negative,37.7,37.7,37.7,36.25,36.25,0,39.49,-2.0,2,1.79,0.0,0.0,0.0,0.0,0,0,37.7,v2_conservative_ranker,34.2,-3.0,1,14.77,0.0,0.0,0.0,46.96,46.96,v3_stability_ranker,neutral,7260.0,0.0069,-0.0255,-0.0845,7344.0,7685.5,0.0858,0.0149,kis,,,,,,,,,data/raw/price_032300_20260525_20260922.csv,588,False,Broad evaluation pool candidate,482,False,Broad evaluation pool candidate
010580,2026-09-22,2026-09-22,2026-09-22,2026-09-22,AVOID,negative,37.65,37.65,37.65,69.31,69.31,0,65.36,-2.0,2,10.0,15.0,2.71,0.0,0.0,0,0,37.65,v2_conservative_ranker,43.0,-3.0,1,2.0,22.0,6.74,0.0,14.26,14.26,v3_stability_ranker,price_momentum,2845.0,0.0197,0.0636,0.8607,2658.0,2157.55,0.1577,0.0871,unknown,에스엠벡셀,에스엠벡셀,major_shareholder_change,,,,,,data/raw/price_010580_20260823_20260922.csv,589,False,Broad evaluation pool candidate,725,False,Broad evaluation pool candidate
257370,2026-09-22,2026-09-22,2026-09-22,2026-09-22,AVOID,negative,37.65,37.65,37.65,38.15,38.15,0,41.89,-2.0,2,4.24,0.0,0.0,0.0,0.0,0,0,37.65,v2_conservative_ranker,38.0,-3.0,1,11.71,0.0,0.0,0.0,47.7,47.7,v3_stability_ranker,neutral,1874.0,0.0229,-0.0194,-0.0335,1841.6,1913.15,0.2159,0.0353,kis,,,,,,,,,data/raw/price_257370_20260525_20260922.csv,590,False,Broad evaluation pool candidate,461,False,Broad evaluation pool candidate
003470,2026-09-22,2026-09-22,2026-09-22,2026-09-22,AVOID,negative,37.65,37.65,37.65,40.2,40.2,0,39.34,-2.0,2,1.69,0.0,0.0,0.0,0.0,0,0,37.65,v2_conservative_ranker,34.46,-3.0,1,14.88,0.0,0.0,0.0,47.34,47.34,v3_stability_ranker,neutral,4530.0,-0.0011,-0.0443,-0.0351,4548.0,4695.0,0.6322,0.0141,kis,,,,,,,,,data/raw/price_003470_20260525_20260922.csv,591,False,Broad evaluation pool candidate,470,False,Broad evaluation pool candidate
123890,2026-09-22,2026-09-22,2026-09-22,2026-09-22,AVOID,negative,37.64,37.64,37.64,35.7,38.7,-3,40.84,-2.0,2,1.2,0.0,0.0,0.0,0.0,2,0,37.64,v2_conservative_ranker,35.48,-3.0,1,15.5,0.0,0.0,2.0,46.98,46.98,v3_stability_ranker,neutral,2445.0,-0.0041,-0.022,-0.056,2460.0,2546.5,0.1161,0.01,unknown,한국자산신탁,한국자산신탁,lawsuit,,,,,,data/raw/price_123890_20260823_20260922.csv,592,False,Broad evaluation pool candidate,480,False,Broad evaluation pool candidate
115480,2026-09-22,2026-09-22,2026-09-22,2026-09-22,AVOID,negative,37.55,37.55,37.55,37.55,37.55,0,40.23,-2.0,2,2.68,0.0,0.0,0.0,0.0,0,0,37.55,v2_conservative_ranker,34.96,-3.0,1,13.65,0.0,0.0,0.0,46.62,46.62,v3_stability_ranker,neutral,2280.0,-0.0044,-0.038,-0.0277,2315.0,2345.25,0.1614,0.0223,kis,,,,,,,,,data/raw/price_115480_20260525_20260922.csv,593,False,Broad evaluation pool candidate,495,False,Broad evaluation pool candidate
153460,2026-09-22,2026-09-22,2026-09-22,2026-09-22,AVOID,negative,37.48,37.48,37.48,39.79,39.79,0,40.12,-2.0,2,2.64,0.0,0.0,0.0,0.0,0,0,37.48,v2_conservative_ranker,35.25,-3.0,1,13.7,0.0,0.0,0.0,46.95,46.95,v3_stability_ranker,neutral,5610.0,-0.0209,-0.0344,-0.041,5692.0,5858.5,0.5808,0.022,kis,,,,,,,,,data/raw/price_153460_20260525_20260922.csv,594,False,Broad evaluation pool candidate,484,False,Broad evaluation pool candidate
095660,2026-09-22,2026-09-22,2026-09-22,2026-09-22,AVOID,negative,37.42,37.42,37.42,37.55,37.55,0,39.66,-2.0,2,2.24,0.0,0.0,0.0,0.0,0,0,37.42,v2_conservative_ranker,34.76,-3.0,1,14.2,0.0,0.0,0.0,46.95,46.95,v3_stability_ranker,neutral,17520.0,-0.0107,-0.0405,-0.0368,17730.0,17861.0,0.2187,0.0187,kis,,,,,,,,,data/raw/price_095660_20260525_20260922.csv,595,False,Broad evaluation pool candidate,485,False,Broad evaluation pool candidate
290690,2026-09-22,2026-09-22,2026-09-22,2026-09-22,AVOID,negative,37.4,37.4,37.4,39.61,39.61,0,39.53,-2.0,2,2.12,0.0,0.0,0.0,0.0,0,0,37.4,v2_conservative_ranker,32.45,-3.0,1,14.34,0.0,0.0,0.0,44.79,44.79,v3_stability_ranker,neutral,3970.0,0.0102,-0.0305,-0.0692,3960.0,4083.0,0.6483,0.0177,kis,,,,,,,,,data/raw/price_290690_20260525_20260922.csv,596,False,Broad evaluation pool candidate,524,False,Broad evaluation pool candidate
036460,2026-09-22,2026-09-22,2026-09-22,2026-09-22,AVOID,negative,37.37,37.37,37.37,37.27,37.27,0,39.79,-2.0,2,2.41,0.0,0.0,0.0,0.0,0,0,37.37,v2_conservative_ranker,34.86,-3.0,1,13.98,0.0,0.0,0.0,46.84,46.84,v3_stability_ranker,neutral,35450.0,-0.0028,-0.0393,-0.0367,35790.0,36432.5,0.1742,0.0201,kis,,,,low_attention,no_risk_noise,,,,data/raw/price_036460_20260525_20260922.csv,597,False,Broad evaluation pool candidate,488,False,Broad evaluation pool candidate
002780,2026-09-22,2026-09-22,2026-09-22,2026-09-22,AVOID,negative,37.26,37.26,37.26,35.76,35.76,0,39.79,-2.0,2,2.53,0.0,0.0,0.0,0.0,0,0,37.26,v2_conservative_ranker,32.24,-3.0,1,13.84,0.0,0.0,0.0,44.08,44.08,v3_stability_ranker,neutral,6820.0,0.0,-0.0073,-0.1279,6886.0,7359.0,0.1664,0.0211,kis,,,,,,,,,data/raw/price_002780_20260525_20260922.csv,598,False,Broad evaluation pool candidate,536,False,Broad evaluation pool candidate
071200,2026-09-22,2026-09-22,2026-09-22,2026-09-22,AVOID,negative,37.25,37.25,37.25,49.03,49.03,0,49.69,-2.0,2,9.58,0.88,1.98,0.0,0.0,0,0,37.25,v2_conservative_ranker,34.67,-3.0,1,2.03,3.8,5.57,0.0,25.34,25.34,v3_stability_ranker,neutral,12120.0,0.0066,-0.0531,0.2651,12636.0,10406.5,0.0531,0.0798,pykrx,,,,,,,,,data/raw/price_071200_20260525_20260922.csv,599,False,Broad evaluation pool candidate,700,False,Broad evaluation pool candidate
014710,2026-09-22,2026-09-22,2026-09-22,2026-09-22,AVOID,negative,37.2,37.2,37.2,38.98,38.98,0,39.94,-2.0,2,2.74,0.0,0.0,0.0,0.0,0,0,37.2,v2_conservative_ranker,34.41,-3.0,1,13.58,0.0,0.0,0.0,45.99,45.99,v3_stability_ranker,neutral,9580.0,-0.0304,-0.0449,-0.0164,9890.0,10329.5,0.4278,0.0228,kis,,,,,,,,,data/raw/price_014710_20260525_20260922.csv,600,False,Broad evaluation pool candidate,507,False,Broad evaluation pool candidate
058110,2026-09-22,2026-09-22,2026-09-22,2026-09-22,AVOID,negative,37.18,37.18,37.18,36.43,36.43,0,39.6,-2.0,2,2.42,0.0,0.0,0.0,0.0,0,0,37.18,v2_conservative_ranker,32.59,-3.0,1,13.97,0.0,0.0,0.0,44.56,44.56,v3_stability_ranker,neutral,1500.0,-0.031,-0.0119,-0.1202,1522.2,1592.8,0.2743,0.0202,kis,,,,,,,,,data/raw/price_058110_20260525_20260922.csv,601,False,Broad evaluation pool candidate,527,False,Broad evaluation pool candidate
022100,2026-09-22,2026-09-22,2026-09-22,2026-09-22,AVOID,negative,37.09,37.09,37.09,36.41,36.41,0,39.34,-2.0,2,2.24,0.0,0.0,0.0,0.0,0,0,37.09,v2_conservative_ranker,33.94,-3.0,1,14.2,0.0,0.0,0.0,46.13,46.13,v3_stability_ranker,price_weakness,20550.0,0.0098,-0.0508,-0.0167,20850.0,21385.0,0.0332,0.0187,kis,,,,,,,,,data/raw/price_022100_20260525_20260922.csv,602,False,Broad evaluation pool candidate,502,False,Broad evaluation pool candidate
189330,2026-09-22,2026-09-22,2026-09-22,2026-09-22,AVOID,negative,37.07,37.07,37.07,38.39,38.39,0,43.53,-2.0,2,6.46,0.0,0.0,0.0,0.0,0,0,37.07,v2_conservative_ranker,34.5,-3.0,1,4.93,0.0,1.41,0.0,36.02,36.02,v3_stability_ranker,neutral,11470.0,0.0408,0.0053,-0.2302,11642.0,11838.5,0.207,0.0538,kis,,,,,,,,,data/raw/price_189330_20260525_20260922.csv,603,False,Broad evaluation pool candidate,633,False,Broad evaluation pool candidate
214420,2026-09-22,2026-09-22,2026-09-22,2026-09-22,AVOID,negative,36.82,36.82,36.82,36.11,36.11,0,39.4,-2.0,2,2.58,0.0,0.0,0.0,0.0,0,0,36.82,v2_conservative_ranker,33.52,-3.0,1,13.78,0.0,0.0,0.0,45.3,45.3,v3_stability_ranker,neutral,5070.0,0.012,-0.0212,-0.0995,5070.0,5278.5,0.2265,0.0215,kis,,,,,,,,,data/raw/price_214420_20260525_20260922.csv,604,False,Broad evaluation pool candidate,518,False,Broad evaluation pool candidate
064350,2026-09-22,2026-09-22,2026-09-22,2026-09-22,AVOID,negative,36.82,36.82,36.82,37.93,34.93,3,38.4,-2.0,2,2.58,0.0,0.0,0.0,0.0,0,1,36.82,v2_conservative_ranker,32.98,-3.0,1,13.78,0.0,0.0,0.0,44.76,44.76,v3_stability_ranker,neutral,118700.0,-0.0149,-0.027,-0.1115,121080.0,126735.0,0.2258,0.0215,unknown,현대로템,현대로템,supply_contract,,,,,,data/raw/price_064350_20260823_20260922.csv,605,False,Broad evaluation pool candidate,525,False,Broad evaluation pool candidate
268280,2026-09-22,2026-09-22,2026-09-22,2026-09-22,AVOID,negative,36.81,36.81,36.81,38.75,38.75,0,38.86,-2.0,2,2.05,0.0,0.0,0.0,0.0,0,0,36.81,v2_conservative_ranker,33.22,-3.0,1,14.44,0.0,0.0,0.0,45.65,45.65,v3_stability_ranker,price_weakness,130500.0,0.0,-0.0598,-0.0046,132880.0,133025.0,0.4446,0.0171,kis,,,,,,,,,data/raw/price_268280_20260525_20260922.csv,606,False,Broad evaluation pool candidate,515,False,Broad evaluation pool candidate
389020,2026-09-22,2026-09-22,2026-09-22,2026-09-22,AVOID,negative,36.79,36.79,36.79,41.8,41.8,0,45.46,-2.0,2,8.0,0.0,0.67,0.0,0.0,0,0,36.79,v2_conservative_ranker,42.5,-3.0,1,4.0,0.0,3.47,0.0,41.02,41.02,v3_stability_ranker,neutral,16640.0,0.0284,0.0246,-0.2151,15920.0,20109.5,0.668,0.0667,kis,,,,,,,,,data/raw/price_389020_20260525_20260922.csv,607,False,Broad evaluation pool candidate,586,False,Broad evaluation pool candidate
064290,2026-09-22,2026-09-22,2026-09-22,2026-09-22,AVOID,negative,36.78,36.78,36.78,85.48,85.48,0,67.0,0.97,3,8.03,25.48,0.69,0.0,0.0,0,0,36.78,v2_conservative_ranker,29.48,8.0,6,-0.04,45.29,3.5,0.0,0.0,0.0,v3_stability_ranker,price_momentum,56800.0,0.1181,0.2388,0.5866,50660.0,42075.0,1.1943,0.0669,kis,,,,,,,,,data/raw/price_064290_20260525_20260922.csv,608,False,Broad evaluation pool candidate,750,False,Broad evaluation pool candidate
069620,2026-09-22,2026-09-22,2026-09-22,2026-09-22,AVOID,negative,36.75,36.75,36.75,36.33,36.33,0,39.65,-2.0,2,2.9,0.0,0.0,0.0,0.0,0,0,36.75,v2_conservative_ranker,32.88,-3.0,1,13.37,0.0,0.0,0.0,44.25,44.25,v3_stability_ranker,neutral,108300.0,0.0,-0.0137,-0.1137,109200.0,116455.0,0.3008,0.0242,kis,,,,,,,,,data/raw/price_069620_20260525_20260922.csv,609,False,Broad evaluation pool candidate,532,False,Broad evaluation pool candidate
114190,2026-09-22,2026-09-22,2026-09-22,2026-09-22,AVOID,negative,36.75,36.75,36.75,36.06,36.06,0,39.53,-2.0,2,2.77,0.0,0.0,0.0,0.0,0,0,36.75,v2_conservative_ranker,34.22,-3.0,1,13.54,0.0,0.0,0.0,45.75,45.75,v3_stability_ranker,neutral,8490.0,0.0,-0.0253,-0.0841,8598.0,8884.5,0.1842,0.0231,kis,,,,,,,,,data/raw/price_114190_20260525_20260922.csv,610,False,Broad evaluation pool candidate,511,False,Broad evaluation pool candidate
027040,2026-09-22,2026-09-22,2026-09-22,2026-09-22,AVOID,negative,36.7,36.7,36.7,35.47,35.47,0,39.59,-2.0,2,2.89,0.0,0.0,0.0,0.0,0,0,36.7,v2_conservative_ranker,32.63,-3.0,1,13.38,0.0,0.0,0.0,44.01,44.01,v3_stability_ranker,neutral,1681.0,-0.0083,-0.0123,-0.1194,1708.8,1816.3,0.1801,0.0241,kis,,,,,,,,,data/raw/price_027040_20260525_20260922.csv,611,False,Broad evaluation pool candidate,540,False,Broad evaluation pool candidate
205500,2026-09-22,2026-09-22,2026-09-22,2026-09-22,AVOID,negative,36.58,36.58,36.58,37.68,37.68,0,39.06,-2.0,2,2.48,0.0,0.0,0.0,0.0,0,0,36.58,v2_conservative_ranker,37.3,-3.0,1,13.89,0.0,0.0,0.0,49.19,49.19,v3_stability_ranker,neutral,1794.0,-0.0223,-0.0838,0.059,1830.0,1837.45,0.1971,0.0207,kis,,,,,,,,,data/raw/price_205500_20260525_20260922.csv,612,False,Broad evaluation pool candidate,424,False,Broad evaluation pool candidate
255220,2026-09-22,2026-09-22,2026-09-22,2026-09-22,AVOID,negative,36.56,36.56,36.56,37.5,37.5,0,41.89,-2.0,2,5.33,0.0,0.0,0.0,0.0,0,0,36.56,v2_conservative_ranker,35.34,-3.0,1,6.34,0.0,0.0,0.0,39.68,39.68,v3_stability_ranker,neutral,1144.0,0.0409,-0.0104,-0.0592,1121.4,1179.25,0.3231,0.0444,kis,,,,,,,,,data/raw/price_255220_20260525_20260922.csv,613,False,Broad evaluation pool candidate,608,False,Broad evaluation pool candidate
032580,2026-09-22,2026-09-22,2026-09-22,2026-09-22,AVOID,negative,36.37,36.37,36.37,84.33,84.33,0,67.0,-2.0,2,5.63,25.0,0.0,0.0,0.0,0,0,36.37,v2_conservative_ranker,25.0,-3.0,1,6.97,36.0,0.3,0.0,0.0,0.0,v3_stability_ranker,price_momentum,6780.0,0.0351,0.3753,0.7121,5848.0,5024.25,0.6707,0.0469,kis,,,,,,,,,data/raw/price_032580_20260525_20260922.csv,614,False,Broad evaluation pool candidate,751,False,Broad evaluation pool candidate
033540,2026-09-22,2026-09-22,2026-09-22,2026-09-22,AVOID,negative,36.34,36.34,36.34,35.71,35.71,0,38.83,-2.0,2,2.48,0.0,0.0,0.0,0.0,0,0,36.34,v2_conservative_ranker,32.0,-3.0,1,13.89,0.0,0.0,0.0,43.89,43.89,v3_stability_ranker,neutral,2760.0,0.0185,-0.0108,-0.1455,2759.0,3043.75,0.3557,0.0207,kis,,,,,,,,,data/raw/price_033540_20260525_20260922.csv,615,False,Broad evaluation pool candidate,541,False,Broad evaluation pool candidate
261780,2026-09-22,2026-09-22,2026-09-22,2026-09-22,AVOID,negative,36.24,36.24,36.24,52.19,52.19,0,48.81,-2.0,2,7.6,4.64,0.33,0.0,0.0,0,0,36.24,v2_conservative_ranker,27.55,-3.0,1,4.51,8.65,2.93,0.0,18.47,18.47,v3_stability_ranker,neutral,3560.0,0.023,-0.0619,0.4531,3909.0,3196.25,0.4513,0.0633,kis,,,,,,,,,data/raw/price_261780_20260525_20260922.csv,616,False,Broad evaluation pool candidate,714,False,Broad evaluation pool candidate
227950,2026-09-22,2026-09-22,2026-09-22,2026-09-22,AVOID,negative,36.12,36.12,36.12,35.92,35.92,0,38.85,-2.0,2,2.74,0.0,0.0,0.0,0.0,0,0,36.12,v2_conservative_ranker,31.87,-3.0,1,13.58,0.0,0.0,0.0,43.45,43.45,v3_stability_ranker,neutral,1245.0,-0.0056,-0.0364,-0.0716,1265.6,1306.0,0.2362,0.0228,kis,,,,,,,,,data/raw/price_227950_20260525_20260922.csv,617,False,Broad evaluation pool candidate,546,False,Broad evaluation pool candidate
012210,2026-09-22,2026-09-22,2026-09-22,2026-09-22,AVOID,negative,36.0,36.0,36.0,71.92,71.92,0,65.44,-2.0,2,10.0,16.24,3.2,0.0,0.0,0,0,36.0,v2_conservative_ranker,43.0,-3.0,1,-2.0,28.48,7.52,0.0,3.0,3.0,v3_stability_ranker,price_momentum,12390.0,0.1142,0.0644,0.5703,11380.0,10334.0,0.5801,0.092,kis,,,,,,,,,data/raw/price_012210_20260525_20260922.csv,618,False,Broad evaluation pool candidate,742,False,Broad evaluation pool candidate
253450,2026-09-22,2026-09-22,2026-09-22,2026-09-22,AVOID,negative,35.95,35.95,35.95,35.78,35.78,0,38.01,-2.0,2,2.06,0.0,0.0,0.0,0.0,0,0,35.95,v2_conservative_ranker,33.26,-3.0,1,14.42,0.0,0.0,0.0,45.68,45.68,v3_stability_ranker,price_weakness,20650.0,-0.0072,-0.0592,-0.0305,20920.0,21485.0,0.1568,0.0172,kis,,,,medium_attention,no_risk_noise,,,,data/raw/price_253450_20260525_20260922.csv,619,False,Broad evaluation pool candidate,514,False,Broad evaluation pool candidate
105550,2026-09-22,2026-09-22,2026-09-22,2026-09-22,AVOID,negative,35.91,35.91,35.91,33.04,33.04,0,38.08,-2.0,2,2.17,0.0,0.0,0.0,0.0,0,0,35.91,v2_conservative_ranker,32.0,-3.0,1,14.29,0.0,0.0,0.0,44.28,44.28,v3_stability_ranker,neutral,1717.0,-0.0121,-0.0092,-0.1958,1706.2,1849.0,0.2593,0.0181,kis,,,,,,,,,data/raw/price_105550_20260525_20260922.csv,620,False,Broad evaluation pool candidate,531,False,Broad evaluation pool candidate
247540,2026-09-22,2026-09-22,2026-09-22,2026-09-22,AVOID,negative,35.89,35.89,35.89,36.05,36.05,0,40.82,-2.0,2,4.93,0.0,0.0,0.0,0.0,0,0,35.89,v2_conservative_ranker,35.51,-3.0,1,10.84,0.0,0.0,0.0,44.34,44.34,v3_stability_ranker,neutral,104600.0,0.0116,-0.0224,-0.0554,103940.0,109014.6,0.1952,0.0411,kis,,,,,,,,,data/raw/price_247540_20260525_20260922.csv,621,False,Broad evaluation pool candidate,530,False,Broad evaluation pool candidate
215600,2026-09-22,2026-09-22,2026-09-22,2026-09-22,AVOID,negative,35.72,35.72,35.72,31.87,31.87,0,38.56,-2.0,2,2.84,0.0,0.0,0.0,0.0,0,0,35.72,v2_conservative_ranker,32.0,-3.0,1,13.45,0.0,0.0,0.0,43.45,43.45,v3_stability_ranker,neutral,2270.0,0.0248,-0.0044,-0.2331,2222.0,2382.75,0.1129,0.0237,kis,,,,,,,,,data/raw/price_215600_20260525_20260922.csv,622,False,Broad evaluation pool candidate,547,False,Broad evaluation pool candidate
038060,2026-09-22,2026-09-22,2026-09-22,2026-09-22,AVOID,negative,35.69,35.69,35.69,32.25,32.25,0,39.0,0.0,0,3.31,0.0,0.0,0.0,0.0,0,0,35.69,v2_conservative_ranker,32.0,-5.0,0,9.86,0.0,0.0,0.0,36.86,36.86,v3_stability_ranker,neutral,689.0,0.0,0.0,-0.1798,689.0,776.5,0.0,0.0276,kis,,,,,,,,,data/raw/price_038060_20260525_20260922.csv,623,False,Broad evaluation pool candidate,629,False,Broad evaluation pool candidate
083650,2026-09-22,2026-09-22,2026-09-22,2026-09-22,AVOID,negative,35.67,35.67,35.67,37.98,34.98,3,39.43,-2.0,2,4.76,0.0,0.0,0.0,0.0,0,1,35.67,v2_conservative_ranker,33.98,-3.0,1,11.04,0.0,0.0,0.0,43.03,43.03,v3_stability_ranker,neutral,62500.0,0.0048,-0.0502,-0.0157,63360.0,63955.0,0.1252,0.0397,unknown,비에이치아이,비에이치아이,supply_contract,,,,,,data/raw/price_083650_20260823_20260922.csv,624,False,Broad evaluation pool candidate,551,False,Broad evaluation pool candidate
002020,2026-09-22,2026-09-22,2026-09-22,2026-09-22,AVOID,negative,35.63,35.63,35.63,36.01,40.01,-4,42.4,-2.0,2,2.06,0.0,0.0,0.0,4.7,0,0,35.63,v2_conservative_ranker,35.7,-3.0,1,14.42,0.0,0.0,7.2,40.92,40.92,v3_stability_ranker,neutral,24200.0,-0.0062,-0.0082,-0.051,24590.0,25295.0,0.1832,0.0172,kis,,,,low_attention,risk_noise_detected,,,,data/raw/price_002020_20260525_20260922.csv,625,False,Broad evaluation pool candidate,588,False,Broad evaluation pool candidate
002210,2026-09-22,2026-09-22,2026-09-22,2026-09-22,AVOID,negative,35.59,35.59,35.59,34.37,34.37,0,38.15,-2.0,2,2.56,0.0,0.0,0.0,0.0,0,0,35.59,v2_conservative_ranker,30.76,-3.0,1,13.8,0.0,0.0,0.0,42.56,42.56,v3_stability_ranker,neutral,1322.0,0.0008,-0.0322,-0.1037,1341.0,1421.5,0.1504,0.0213,kis,,,,,,,,,data/raw/price_002210_20260525_20260922.csv,626,False,Broad evaluation pool candidate,557,False,Broad evaluation pool candidate
217730,2026-09-22,2026-09-22,2026-09-22,2026-09-22,AVOID,negative,35.52,35.52,35.52,35.72,35.72,0,37.84,-2.0,2,2.33,0.0,0.0,0.0,0.0,0,0,35.52,v2_conservative_ranker,30.38,-3.0,1,14.09,0.0,0.0,0.0,42.47,42.47,v3_stability_ranker,neutral,2075.0,-0.0212,-0.0326,-0.1113,2121.0,2218.75,0.414,0.0194,kis,,,,,,,,,data/raw/price_217730_20260525_20260922.csv,627,False,Broad evaluation pool candidate,560,False,Broad evaluation pool candidate
200350,2026-09-22,2026-09-22,2026-09-22,2026-09-22,AVOID,negative,35.35,35.35,35.35,43.19,43.19,0,46.48,-2.0,2,9.35,0.0,1.79,0.0,0.0,0,0,35.35,v2_conservative_ranker,42.5,-3.0,1,5.32,0.0,5.26,0.0,40.55,40.55,v3_stability_ranker,neutral,2565.0,0.0364,-0.05,0.071,2569.0,2524.0,0.0718,0.0779,kis,,,,,,,,,data/raw/price_200350_20260525_20260922.csv,628,False,Broad evaluation pool candidate,592,False,Broad evaluation pool candidate
010130,2026-09-22,2026-09-22,2026-09-22,2026-09-22,AVOID,negative,35.23,35.23,35.23,32.66,32.66,0,37.59,-2.0,2,2.36,0.0,0.0,0.0,0.0,0,0,35.23,v2_conservative_ranker,32.0,-3.0,1,14.04,0.0,0.0,0.0,44.05,44.05,v3_stability_ranker,neutral,1122000.0,-0.0009,-0.0141,-0.2137,1125200.0,1215150.0,0.3394,0.0197,kis,,,,,,,,,data/raw/price_010130_20260525_20260922.csv,629,False,Broad evaluation pool candidate,538,False,Broad evaluation pool candidate
259960,2026-09-22,2026-09-22,2026-09-22,2026-09-22,AVOID,negative,35.23,35.23,35.23,34.7,34.7,0,37.66,-2.0,2,2.44,0.0,0.0,0.0,0.0,0,0,35.23,v2_conservative_ranker,30.53,-3.0,1,13.96,0.0,0.0,0.0,42.48,42.48,v3_stability_ranker,neutral,202000.0,0.01,-0.0404,-0.0942,202600.0,214025.0,0.2475,0.0203,kis,,,,,,,,,data/raw/price_259960_20260525_20260922.csv,630,False,Broad evaluation pool candidate,559,False,Broad evaluation pool candidate
010400,2026-09-22,2026-09-22,2026-09-22,2026-09-22,AVOID,negative,35.18,35.18,35.18,37.6,34.6,3,38.36,-2.0,2,4.19,0.0,0.0,0.0,0.0,0,1,35.18,v2_conservative_ranker,33.95,-3.0,1,7.76,0.0,0.0,0.0,39.72,39.72,v3_stability_ranker,price_weakness,4035.0,-0.0427,-0.0506,-0.045,4112.0,4267.75,0.233,0.0349,unknown,우진아이엔에스,우진아이엔에스,supply_contract,,,,,,data/raw/price_010400_20260823_20260922.csv,631,False,Broad evaluation pool candidate,604,False,Broad evaluation pool candidate
383310,2026-09-22,2026-09-22,2026-09-22,2026-09-22,AVOID,negative,35.16,35.16,35.16,35.31,35.31,0,38.63,-2.0,2,3.47,0.0,0.0,0.0,0.0,0,0,35.16,v2_conservative_ranker,31.92,-3.0,1,12.66,0.0,0.0,0.0,42.58,42.58,v3_stability_ranker,neutral,22000.0,0.0046,-0.0435,-0.0578,22280.0,23157.5,0.24,0.0289,kis,,,,,,,,,data/raw/price_383310_20260525_20260922.csv,632,False,Broad evaluation pool candidate,556,False,Broad evaluation pool candidate
043910,2026-09-22,2026-09-22,2026-09-22,2026-09-22,AVOID,negative,35.04,35.04,35.04,34.42,34.42,0,39.23,-2.0,2,4.19,0.0,0.0,0.0,0.0,0,0,35.04,v2_conservative_ranker,34.31,-3.0,1,11.77,0.0,0.0,0.0,44.08,44.08,v3_stability_ranker,neutral,3205.0,0.0016,-0.0461,-0.0332,3237.0,3445.0,0.0296,0.0349,kis,,,,,,,,,data/raw/price_043910_20260525_20260922.csv,633,False,Broad evaluation pool candidate,537,False,Broad evaluation pool candidate
270520,2026-09-22,2026-09-22,2026-09-22,2026-09-22,AVOID,negative,35.01,35.01,35.01,31.86,31.86,0,35.0,3.68,3,6.67,0.0,0.0,0.0,0.0,0,0,35.01,v2_conservative_ranker,26.5,8.0,6,1.66,0.0,1.7,0.0,40.46,40.46,v3_stability_ranker,neutral,2390.0,-0.1277,-0.2073,-0.3398,2756.0,3026.0,1.7368,0.0556,kis,,,,,,,,,data/raw/price_270520_20260525_20260922.csv,634,False,Broad evaluation pool candidate,594,False,Broad evaluation pool candidate
391710,2026-09-22,2026-09-22,2026-09-22,2026-09-22,AVOID,negative,34.99,34.99,34.99,35.17,35.17,0,43.79,-2.0,2,8.08,0.0,0.73,0.0,0.0,0,0,34.99,v2_conservative_ranker,38.5,-3.0,1,6.9,0.0,3.57,0.0,39.84,39.84,v3_stability_ranker,neutral,1285.0,-0.0046,-0.1445,0.0798,1323.4,1207.8,0.0604,0.0673,kis,,,,,,,,,data/raw/price_391710_20260525_20260922.csv,635,False,Broad evaluation pool candidate,603,False,Broad evaluation pool candidate
282330,2026-09-22,2026-09-22,2026-09-22,2026-09-22,AVOID,negative,34.94,34.94,34.94,34.36,34.36,0,37.92,-2.0,2,2.98,0.0,0.0,0.0,0.0,0,0,34.94,v2_conservative_ranker,31.15,-3.0,1,13.28,0.0,0.0,0.0,42.43,42.43,v3_stability_ranker,neutral,135200.0,-0.0252,-0.0465,-0.0695,139460.0,145195.0,0.1603,0.0248,kis,,,,,,,,,data/raw/price_282330_20260525_20260922.csv,636,False,Broad evaluation pool candidate,561,False,Broad evaluation pool candidate
086520,2026-09-22,2026-09-22,2026-09-22,2026-09-22,AVOID,negative,34.92,34.92,34.92,34.95,34.95,0,38.77,-2.0,2,3.85,0.0,0.0,0.0,0.0,0,0,34.92,v2_conservative_ranker,32.12,-3.0,1,12.19,0.0,0.0,0.0,42.31,42.31,v3_stability_ranker,neutral,80700.0,0.01,-0.0438,-0.0528,81240.0,84380.0,0.1967,0.0321,kis,,,,,,,,,data/raw/price_086520_20260525_20260922.csv,637,False,Broad evaluation pool candidate,564,False,Broad evaluation pool candidate
309930,2026-09-22,2026-09-22,2026-09-22,2026-09-22,AVOID,negative,34.89,34.89,34.89,36.48,36.48,0,39.61,-2.0,2,4.72,0.0,0.0,0.0,0.0,0,0,34.89,v2_conservative_ranker,34.21,-3.0,1,11.11,0.0,0.0,0.0,43.31,43.31,v3_stability_ranker,neutral,844.0,-0.0117,-0.0474,-0.0186,862.0,900.8,0.3472,0.0393,kis,,,,,,,,,data/raw/price_309930_20260525_20260922.csv,638,False,Broad evaluation pool candidate,549,False,Broad evaluation pool candidate
000760,2026-09-22,2026-09-22,2026-09-22,2026-09-22,AVOID,negative,34.69,34.69,34.69,32.71,32.71,0,37.2,-2.0,2,2.51,0.0,0.0,0.0,0.0,0,0,34.69,v2_conservative_ranker,30.16,-3.0,1,13.87,0.0,0.0,0.0,42.02,42.02,v3_stability_ranker,neutral,12750.0,0.0,-0.0449,-0.0945,12826.0,13648.0,0.0017,0.0209,kis,,,,,,,,,data/raw/price_000760_20260525_20260922.csv,639,False,Broad evaluation pool candidate,566,False,Broad evaluation pool candidate
009460,2026-09-22,2026-09-22,2026-09-22,2026-09-22,AVOID,negative,34.63,34.63,34.63,31.77,31.77,0,36.09,-2.0,2,1.45,0.0,0.0,0.0,0.0,0,0,34.63,v2_conservative_ranker,29.15,-3.0,1,15.19,0.0,0.0,0.0,42.34,42.34,v3_stability_ranker,neutral,2575.0,-0.0039,-0.0356,-0.153,2606.0,2732.75,0.0309,0.0121,kis,,,,,,,,,data/raw/price_009460_20260525_20260922.csv,640,False,Broad evaluation pool candidate,563,False,Broad evaluation pool candidate
900290,2026-09-22,2026-09-22,2026-09-22,2026-09-22,AVOID,negative,34.54,34.54,34.54,34.87,34.87,0,38.87,-2.0,2,4.33,0.0,0.0,0.0,0.0,0,0,34.54,v2_conservative_ranker,32.77,-3.0,1,11.59,0.0,0.0,0.0,42.35,42.35,v3_stability_ranker,neutral,3570.0,-0.0272,-0.0206,-0.1163,3539.0,3817.0,0.3922,0.0361,kis,,,,,,,,,data/raw/price_900290_20260525_20260922.csv,641,False,Broad evaluation pool candidate,562,False,Broad evaluation pool candidate
079160,2026-09-22,2026-09-22,2026-09-22,2026-09-22,AVOID,negative,34.51,34.51,34.51,33.5,36.5,-3,39.13,-2.0,2,2.62,0.0,0.0,0.0,0.0,2,0,34.51,v2_conservative_ranker,33.14,-3.0,1,13.73,0.0,0.0,2.0,42.87,42.87,v3_stability_ranker,price_weakness,5260.0,-0.0075,-0.0607,0.0057,5294.0,5382.0,0.0768,0.0218,unknown,CJ CGV,CJ CGV,lawsuit,,,,,,data/raw/price_079160_20260823_20260922.csv,642,False,Broad evaluation pool candidate,553,False,Broad evaluation pool candidate
084870,2026-09-22,2026-09-22,2026-09-22,2026-09-22,AVOID,negative,34.49,34.49,34.49,32.95,32.95,0,37.55,-2.0,2,3.06,0.0,0.0,0.0,0.0,0,0,34.49,v2_conservative_ranker,30.17,-3.0,1,13.18,0.0,0.0,0.0,41.34,41.34,v3_stability_ranker,neutral,2145.0,-0.0205,-0.036,-0.11,2183.0,2244.5,0.0998,0.0255,kis,,,,,,,,,data/raw/price_084870_20260525_20260922.csv,643,False,Broad evaluation pool candidate,580,False,Broad evaluation pool candidate
227610,2026-09-22,2026-09-22,2026-09-22,2026-09-22,AVOID,negative,34.48,34.48,34.48,31.03,31.03,0,37.1,-2.0,2,2.62,0.0,0.0,0.0,0.0,0,0,34.48,v2_conservative_ranker,32.0,-3.0,1,13.73,0.0,0.0,0.0,43.73,43.73,v3_stability_ranker,neutral,1033.0,-0.0143,-0.019,-0.2133,1044.4,1108.3,0.1846,0.0218,kis,,,,,,,,,data/raw/price_227610_20260525_20260922.csv,644,False,Broad evaluation pool candidate,544,False,Broad evaluation pool candidate
019170,2026-09-22,2026-09-22,2026-09-22,2026-09-22,AVOID,negative,34.44,34.44,34.44,34.93,34.93,0,39.37,-2.0,2,4.93,0.0,0.0,0.0,0.0,0,0,34.44,v2_conservative_ranker,33.1,-3.0,1,10.84,0.0,0.0,0.0,41.94,41.94,v3_stability_ranker,neutral,9360.0,0.0011,-0.0612,0.0141,9346.0,9792.5,0.0752,0.0411,kis,,,,,,,,,data/raw/price_019170_20260525_20260922.csv,645,False,Broad evaluation pool candidate,569,False,Broad evaluation pool candidate
296160,2026-09-22,2026-09-22,2026-09-22,2026-09-22,AVOID,negative,34.36,34.36,34.36,33.04,33.04,0,37.81,-2.0,2,3.44,0.0,0.0,0.0,0.0,0,0,34.36,v2_conservative_ranker,30.91,-3.0,1,12.7,0.0,0.0,0.0,41.61,41.61,v3_stability_ranker,neutral,2470.0,-0.002,-0.0445,-0.0784,2488.0,2604.75,0.0464,0.0287,kis,,,,,,,,,data/raw/price_296160_20260525_20260922.csv,646,False,Broad evaluation pool candidate,573,False,Broad evaluation pool candidate
091970,2026-09-22,2026-09-22,2026-09-22,2026-09-22,AVOID,negative,34.32,34.32,34.32,34.54,34.54,0,36.67,-2.0,2,2.35,0.0,0.0,0.0,0.0,0,0,34.32,v2_conservative_ranker,29.88,-3.0,1,14.06,0.0,0.0,0.0,41.94,41.94,v3_stability_ranker,neutral,3702.0,0.0283,-0.0532,-0.0859,3741.4,3907.35,0.3524,0.0196,kis,,,,,,,,,data/raw/price_091970_20260525_20260922.csv,647,False,Broad evaluation pool candidate,570,False,Broad evaluation pool candidate
000100,2026-09-22,2026-09-22,2026-09-22,2026-09-22,AVOID,negative,34.2,34.2,34.2,33.34,33.34,0,36.43,-2.0,2,2.23,0.0,0.0,0.0,0.0,0,0,34.2,v2_conservative_ranker,29.49,-3.0,1,14.21,0.0,0.0,0.0,41.7,41.7,v3_stability_ranker,price_weakness,75200.0,-0.0053,-0.0517,-0.0972,76300.0,80140.0,0.2047,0.0186,kis,,,,,,,,,data/raw/price_000100_20260525_20260922.csv,648,False,Broad evaluation pool candidate,572,False,Broad evaluation pool candidate
001470,2026-09-22,2026-09-22,2026-09-22,2026-09-22,AVOID,negative,34.1,34.1,34.1,70.0,70.0,0,63.0,0.0,0,10.0,12.9,6.0,0.0,0.0,0,0,34.1,v2_conservative_ranker,35.0,-5.0,0,2.0,19.49,10.0,0.0,2.51,2.51,v3_stability_ranker,price_momentum,5820.0,0.0,0.0,15.7723,5820.0,4725.4,0.0,3.5268,kis,,,,,,,,,data/raw/price_001470_20260525_20260922.csv,649,False,Broad evaluation pool candidate,743,False,Broad evaluation pool candidate
196170,2026-09-22,2026-09-22,2026-09-22,2026-09-22,AVOID,negative,34.06,34.06,34.06,31.83,31.83,0,36.54,-2.0,2,2.48,0.0,0.0,0.0,0.0,0,0,34.06,v2_conservative_ranker,32.0,-3.0,1,13.89,0.0,0.0,0.0,43.89,43.89,v3_stability_ranker,neutral,253500.0,-0.0059,-0.025,-0.1702,254300.0,280025.0,0.1514,0.0207,kis,,,,,,,,,data/raw/price_196170_20260525_20260922.csv,650,False,Broad evaluation pool candidate,542,False,Broad evaluation pool candidate
091810,2026-09-22,2026-09-22,2026-09-22,2026-09-22,AVOID,negative,34.06,34.06,34.06,34.47,34.47,0,36.28,-2.0,2,2.22,0.0,0.0,0.0,0.0,0,0,34.06,v2_conservative_ranker,29.5,-3.0,1,14.22,0.0,0.0,0.0,41.72,41.72,v3_stability_ranker,neutral,2630.0,0.0314,-0.0313,-0.1597,2617.0,2790.25,0.5728,0.0185,kis,,,,,,,,,data/raw/price_091810_20260525_20260922.csv,651,False,Broad evaluation pool candidate,571,False,Broad evaluation pool candidate
141080,2026-09-22,2026-09-22,2026-09-22,2026-09-22,AVOID,negative,34.04,34.04,34.04,32.07,32.07,0,36.61,-2.0,2,2.57,0.0,0.0,0.0,0.0,0,0,34.04,v2_conservative_ranker,32.0,-3.0,1,13.79,0.0,0.0,0.0,43.79,43.79,v3_stability_ranker,neutral,81700.0,-0.0024,-0.0239,-0.1805,82320.0,89305.0,0.2706,0.0214,kis,,,,,,,,,data/raw/price_141080_20260525_20260922.csv,652,False,Broad evaluation pool candidate,543,False,Broad evaluation pool candidate
019680,2026-09-22,2026-09-22,2026-09-22,2026-09-22,AVOID,negative,33.87,33.87,33.87,33.9,33.9,0,36.27,-2.0,2,2.4,0.0,0.0,0.0,0.0,0,0,33.87,v2_conservative_ranker,32.0,-3.0,1,11.0,0.0,0.0,0.0,41.0,41.0,v3_stability_ranker,neutral,1642.0,0.0,-0.0273,-0.179,1634.8,1863.5,0.5959,0.02,kis,,,,,,,,,data/raw/price_019680_20260525_20260922.csv,653,False,Broad evaluation pool candidate,587,False,Broad evaluation pool candidate
424870,2026-09-22,2026-09-22,2026-09-22,2026-09-22,AVOID,negative,33.84,33.84,33.84,42.77,42.77,0,43.66,-2.0,2,8.63,0.0,1.19,0.0,0.0,0,0,33.84,v2_conservative_ranker,39.1,-3.0,1,6.21,0.0,4.3,0.0,39.01,39.01,v3_stability_ranker,neutral,3190.0,-0.0392,-0.0925,0.0759,3353.0,3042.25,0.5687,0.0719,kis,,,,,,,,,data/raw/price_424870_20260525_20260922.csv,654,False,Broad evaluation pool candidate,617,False,Broad evaluation pool candidate
302430,2026-09-22,2026-09-22,2026-09-22,2026-09-22,AVOID,negative,33.76,33.76,33.76,33.67,33.67,0,41.25,-2.0,2,7.36,0.0,0.13,0.0,0.0,0,0,33.76,v2_conservative_ranker,38.0,-3.0,1,7.8,0.0,2.61,0.0,41.2,41.2,v3_stability_ranker,neutral,7370.0,0.0208,-0.0225,-0.0429,7416.0,7630.5,0.0324,0.0613,kis,,,,,,,,,data/raw/price_302430_20260525_20260922.csv,655,False,Broad evaluation pool candidate,582,False,Broad evaluation pool candidate
009190,2026-09-22,2026-09-22,2026-09-22,2026-09-22,AVOID,negative,33.75,33.75,33.75,29.57,29.57,0,38.65,0.0,0,4.9,0.0,0.0,0.0,0.0,0,0,33.75,v2_conservative_ranker,32.0,-5.0,0,7.88,0.0,0.0,0.0,34.88,34.88,v3_stability_ranker,neutral,1131.0,0.0,-0.0035,-0.2275,1111.2,1269.4,0.0,0.0408,kis,,,,,,,,,data/raw/price_009190_20260525_20260922.csv,656,False,Broad evaluation pool candidate,644,False,Broad evaluation pool candidate
101400,2026-09-22,2026-09-22,2026-09-22,2026-09-22,AVOID,negative,33.68,33.68,33.68,35.2,35.2,0,37.92,-2.0,2,4.25,0.0,0.0,0.0,0.0,0,0,33.68,v2_conservative_ranker,32.27,-3.0,1,7.69,0.0,0.0,0.0,37.96,37.96,v3_stability_ranker,neutral,1597.0,-0.0437,-0.0262,-0.1273,1666.8,1756.4,0.6206,0.0354,kis,,,,,,,,,data/raw/price_101400_20260525_20260922.csv,657,False,Broad evaluation pool candidate,624,False,Broad evaluation pool candidate
213420,2026-09-22,2026-09-22,2026-09-22,2026-09-22,AVOID,negative,33.66,33.66,33.66,32.64,32.64,0,37.97,-2.0,2,4.31,0.0,0.0,0.0,0.0,0,0,33.66,v2_conservative_ranker,30.86,-3.0,1,11.62,0.0,0.0,0.0,40.47,40.47,v3_stability_ranker,neutral,29550.0,0.0034,-0.039,-0.0894,29790.0,31495.0,0.1004,0.0359,kis,,,,,,,,,data/raw/price_213420_20260525_20260922.csv,658,False,Broad evaluation pool candidate,593,False,Broad evaluation pool candidate
009830,2026-09-22,2026-09-22,2026-09-22,2026-09-22,AVOID,negative,33.54,33.54,33.54,32.6,32.6,0,36.76,-2.0,2,3.23,0.0,0.0,0.0,0.0,0,0,33.54,v2_conservative_ranker,29.48,-3.0,1,12.96,0.0,0.0,0.0,40.44,40.44,v3_stability_ranker,neutral,27650.0,0.0018,-0.0315,-0.1453,28110.0,30235.0,0.284,0.0269,kis,,,,,,,,,data/raw/price_009830_20260525_20260922.csv,659,False,Broad evaluation pool candidate,596,False,Broad evaluation pool candidate
291810,2026-09-22,2026-09-22,2026-09-22,2026-09-22,AVOID,negative,33.51,33.51,33.51,58.08,58.08,0,47.16,0.0,3,10.0,0.0,6.65,0.0,0.0,0,0,33.51,v2_conservative_ranker,41.0,-5.16,4,2.0,0.0,6.64,0.0,35.2,35.2,v3_stability_ranker,price_momentum,1327.0,-0.0314,-0.2721,0.0616,1569.6,1525.6,4.2442,0.0865,kis,,,,,,,,,data/raw/price_291810_20260525_20260922.csv,660,False,Broad evaluation pool candidate,642,False,Broad evaluation pool candidate
020120,2026-09-22,2026-09-22,2026-09-22,2026-09-22,AVOID,negative,33.5,33.5,33.5,41.89,41.89,0,47.0,-2.0,2,10.0,0.79,2.71,0.0,0.0,0,0,33.5,v2_conservative_ranker,27.33,-3.0,1,1.0,4.38,6.74,0.0,15.22,15.22,v3_stability_ranker,neutral,7590.0,-0.0954,-0.1529,0.3676,8526.0,7543.0,0.4812,0.0871,kis,,,,,,,,,data/raw/price_020120_20260525_20260922.csv,661,False,Broad evaluation pool candidate,722,False,Broad evaluation pool candidate
018700,2026-09-22,2026-09-22,2026-09-22,2026-09-22,AVOID,negative,33.46,33.46,33.46,34.05,34.05,0,35.33,-2.0,2,1.87,0.0,0.0,0.0,0.0,0,0,33.46,v2_conservative_ranker,28.38,-3.0,1,14.66,0.0,0.0,0.0,41.04,41.04,v3_stability_ranker,price_weakness,1304.0,0.0268,-0.0578,-0.1111,1309.2,1379.5,0.4908,0.0156,kis,,,,,,,,,data/raw/price_018700_20260525_20260922.csv,662,False,Broad evaluation pool candidate,585,False,Broad evaluation pool candidate
464490,2026-09-22,2026-09-22,2026-09-22,2026-09-22,AVOID,negative,33.45,33.45,33.45,34.85,34.85,0,36.39,-2.0,2,2.94,0.0,0.0,0.0,0.0,0,0,33.45,v2_conservative_ranker,29.0,-3.0,1,13.32,0.0,0.0,0.0,40.33,40.33,v3_stability_ranker,neutral,4485.0,0.0159,-0.0427,-0.124,4511.0,4855.25,0.6282,0.0245,kis,,,,,,,,,data/raw/price_464490_20260525_20260922.csv,663,False,Broad evaluation pool candidate,597,False,Broad evaluation pool candidate
003060,2026-09-22,2026-09-22,2026-09-22,2026-09-22,AVOID,negative,33.38,33.38,33.38,29.3,29.3,0,36.62,-2.0,2,3.24,0.0,0.0,0.0,0.0,0,0,33.38,v2_conservative_ranker,32.0,-3.0,1,12.95,0.0,0.0,0.0,42.95,42.95,v3_stability_ranker,neutral,1601.0,-0.0006,-0.0238,-0.2228,1622.2,1719.3,0.0631,0.027,kis,,,,,,,,,data/raw/price_003060_20260525_20260922.csv,664,False,Broad evaluation pool candidate,552,False,Broad evaluation pool candidate
286750,2026-09-22,2026-09-22,2026-09-22,2026-09-22,AVOID,negative,33.23,33.23,33.23,31.62,31.62,0,37.4,-2.0,2,4.16,0.0,0.0,0.0,0.0,0,0,33.23,v2_conservative_ranker,29.74,-3.0,1,11.79,0.0,0.0,0.0,39.53,39.53,v3_stability_ranker,neutral,2485.0,0.0,-0.0312,-0.1281,2532.0,2664.25,0.1022,0.0347,kis,,,,,,,,,data/raw/price_286750_20260525_20260922.csv,665,False,Broad evaluation pool candidate,611,False,Broad evaluation pool candidate
373170,2026-09-22,2026-09-22,2026-09-22,2026-09-22,AVOID,negative,33.18,33.18,33.18,36.66,36.66,0,44.14,-2.0,2,9.25,0.0,1.71,0.0,0.0,0,0,33.18,v2_conservative_ranker,41.27,-3.0,1,5.44,0.0,5.14,0.0,39.57,39.57,v3_stability_ranker,neutral,1842.0,-0.0305,-0.0341,0.0728,1893.6,1935.95,0.024,0.0771,kis,,,,,,,,,data/raw/price_373170_20260525_20260922.csv,666,False,Broad evaluation pool candidate,610,False,Broad evaluation pool candidate
024850,2026-09-22,2026-09-22,2026-09-22,2026-09-22,AVOID,negative,33.16,33.16,33.16,35.79,35.79,0,40.95,-2.0,2,7.52,0.0,0.27,0.0,0.0,0,0,33.16,v2_conservative_ranker,38.76,-3.0,1,7.59,0.0,2.83,0.0,41.52,41.52,v3_stability_ranker,neutral,14840.0,0.0144,-0.0655,0.0715,14838.0,15170.5,0.1721,0.0627,kis,,,,,,,,,data/raw/price_024850_20260525_20260922.csv,667,False,Broad evaluation pool candidate,575,False,Broad evaluation pool candidate
030000,2026-09-22,2026-09-22,2026-09-22,2026-09-22,AVOID,negative,33.11,33.11,33.11,32.16,32.16,0,35.08,-2.0,2,1.97,0.0,0.0,0.0,0.0,0,0,33.11,v2_conservative_ranker,28.61,-3.0,1,14.54,0.0,0.0,0.0,41.15,41.15,v3_stability_ranker,price_weakness,17490.0,0.0034,-0.0692,-0.0857,17430.0,18609.0,0.167,0.0164,kis,,,,,,,,,data/raw/price_030000_20260525_20260922.csv,668,False,Broad evaluation pool candidate,583,False,Broad evaluation pool candidate
001530,2026-09-22,2026-09-22,2026-09-22,2026-09-22,AVOID,negative,33.05,33.05,33.05,33.83,33.83,0,37.36,-2.0,2,4.31,0.0,0.0,0.0,0.0,0,0,33.05,v2_conservative_ranker,31.5,-3.0,1,11.62,0.0,0.0,0.0,41.11,41.11,v3_stability_ranker,neutral,24850.0,-0.0197,-0.0813,0.0102,26100.0,26872.5,0.1741,0.0359,kis,,,,,,,,,data/raw/price_001530_20260525_20260922.csv,669,False,Broad evaluation pool candidate,584,False,Broad evaluation pool candidate
493330,2026-09-22,2026-09-22,2026-09-22,2026-09-22,AVOID,negative,32.89,32.89,32.89,33.64,33.64,0,38.18,-2.0,2,5.29,0.0,0.0,0.0,0.0,0,0,32.89,v2_conservative_ranker,37.39,-3.0,1,7.38,0.0,0.0,0.0,42.78,42.78,v3_stability_ranker,neutral,11330.0,-0.0061,-0.0826,0.0338,11562.0,12766.0,0.1032,0.0441,kis,,,,,,,,,data/raw/price_493330_20260525_20260922.csv,670,False,Broad evaluation pool candidate,554,False,Broad evaluation pool candidate
215570,2026-09-22,2026-09-22,2026-09-22,2026-09-22,AVOID,negative,32.73,32.73,32.73,30.83,30.83,0,40.0,-2.0,2,7.24,0.0,0.03,0.0,0.0,0,0,32.73,v2_conservative_ranker,32.0,-3.0,1,7.96,0.0,2.45,0.0,35.51,35.51,v3_stability_ranker,neutral,600.0,0.0,0.0,-0.1429,599.6,653.45,0.0005,0.0603,kis,,,,,,,,,data/raw/price_215570_20260525_20260922.csv,671,False,Broad evaluation pool candidate,639,False,Broad evaluation pool candidate
030720,2026-09-22,2026-09-22,2026-09-22,2026-09-22,AVOID,negative,32.72,32.72,32.72,30.76,30.76,0,36.1,-2.0,2,3.38,0.0,0.0,0.0,0.0,0,0,32.72,v2_conservative_ranker,28.84,-3.0,1,12.77,0.0,0.0,0.0,39.61,39.61,v3_stability_ranker,neutral,5100.0,0.0099,-0.0395,-0.1414,5136.0,5325.5,0.1001,0.0282,kis,,,,,,,,,data/raw/price_030720_20260525_20260922.csv,672,False,Broad evaluation pool candidate,609,False,Broad evaluation pool candidate
002820,2026-09-22,2026-09-22,2026-09-22,2026-09-22,AVOID,negative,32.72,32.72,32.72,32.8,32.8,0,38.49,-2.0,2,5.77,0.0,0.0,0.0,0.0,0,0,32.72,v2_conservative_ranker,31.91,-3.0,1,6.79,0.0,0.5,0.0,36.2,36.2,v3_stability_ranker,neutral,1403.0,-0.0331,-0.0469,-0.052,1435.6,1577.35,0.1493,0.0481,kis,,,,,,,,,data/raw/price_002820_20260525_20260922.csv,673,False,Broad evaluation pool candidate,630,False,Broad evaluation pool candidate
002990,2026-09-22,2026-09-22,2026-09-22,2026-09-22,AVOID,negative,32.68,32.68,32.68,30.62,33.62,-3,39.69,-2.0,2,5.0,0.0,0.0,0.0,0.0,2,0,32.68,v2_conservative_ranker,32.21,-3.0,1,7.75,0.0,0.0,2.0,35.95,35.95,v3_stability_ranker,neutral,13400.0,-0.0247,-0.0081,-0.1287,13562.0,15119.0,0.1717,0.0417,unknown,금호건설,금호건설,lawsuit,low_attention,no_risk_noise,,,,data/raw/price_002990_20260823_20260922.csv,674,False,Broad evaluation pool candidate,634,False,Broad evaluation pool candidate
011300,2026-09-22,2026-09-22,2026-09-22,2026-09-22,AVOID,negative,32.53,32.53,32.53,37.79,44.79,-7,49.04,-2.0,2,8.24,0.0,0.87,0.0,5.4,2,0,32.53,v2_conservative_ranker,42.5,-3.0,1,2.7,1.5,3.79,10.2,27.71,27.71,v3_stability_ranker,neutral,2545.0,0.0538,0.0604,-0.2009,2389.0,2497.75,0.6035,0.0687,unknown,우성머티리얼스,우성머티리얼스,paid_in_capital_increase,medium_attention,risk_noise_detected,,,,data/raw/price_011300_20260823_20260922.csv,675,False,Broad evaluation pool candidate,688,False,Broad evaluation pool candidate
006840,2026-09-22,2026-09-22,2026-09-22,2026-09-22,AVOID,negative,32.52,32.52,32.52,31.89,31.89,0,35.58,-2.0,2,3.06,0.0,0.0,0.0,0.0,0,0,32.52,v2_conservative_ranker,28.94,-3.0,1,13.18,0.0,0.0,0.0,40.12,40.12,v3_stability_ranker,price_weakness,7010.0,0.0174,-0.0628,-0.0896,6888.0,7460.5,0.1995,0.0255,kis,,,,,,,,,data/raw/price_006840_20260525_20260922.csv,676,False,Broad evaluation pool candidate,598,False,Broad evaluation pool candidate
039020,2026-09-22,2026-09-22,2026-09-22,2026-09-22,AVOID,negative,32.49,32.49,32.49,30.07,30.07,0,34.58,-2.0,2,2.09,0.0,0.0,0.0,0.0,0,0,32.49,v2_conservative_ranker,28.46,-3.0,1,14.39,0.0,0.0,0.0,40.85,40.85,v3_stability_ranker,neutral,2485.0,0.0,-0.0442,-0.1758,2520.0,2637.75,0.1697,0.0174,kis,,,,,,,,,data/raw/price_039020_20260525_20260922.csv,677,False,Broad evaluation pool candidate,590,False,Broad evaluation pool candidate
065650,2026-09-22,2026-09-22,2026-09-22,2026-09-22,AVOID,negative,32.42,32.42,32.42,32.41,32.41,0,38.23,-2.0,2,5.81,0.0,0.0,0.0,0.0,0,0,32.42,v2_conservative_ranker,30.76,-3.0,1,9.74,0.0,0.54,0.0,37.96,37.96,v3_stability_ranker,neutral,1480.0,-0.01,-0.0301,-0.1074,1477.2,1586.05,0.2724,0.0484,kis,,,,,,,,,data/raw/price_065650_20260525_20260922.csv,678,False,Broad evaluation pool candidate,625,False,Broad evaluation pool candidate
003960,2026-09-22,2026-09-22,2026-09-22,2026-09-22,AVOID,negative,32.41,32.41,32.41,30.37,30.37,0,34.45,-2.0,2,2.04,0.0,0.0,0.0,0.0,0,0,32.41,v2_conservative_ranker,27.57,-3.0,1,14.45,0.0,0.0,0.0,40.02,40.02,v3_stability_ranker,price_weakness,26800.0,0.0,-0.0646,-0.117,27410.0,29345.0,0.0626,0.017,kis,,,,,,,,,data/raw/price_003960_20260525_20260922.csv,679,False,Broad evaluation pool candidate,599,False,Broad evaluation pool candidate
078930,2026-09-22,2026-09-22,2026-09-22,2026-09-22,AVOID,negative,32.36,32.36,32.36,32.96,32.96,0,35.67,-2.0,2,3.31,0.0,0.0,0.0,0.0,0,0,32.36,v2_conservative_ranker,28.71,-3.0,1,8.86,0.0,0.0,0.0,35.57,35.57,v3_stability_ranker,price_weakness,108700.0,-0.0406,-0.0556,-0.1076,112380.0,119860.0,0.4434,0.0276,kis,,,,,,,,,data/raw/price_078930_20260525_20260922.csv,680,False,Broad evaluation pool candidate,638,False,Broad evaluation pool candidate
223310,2026-09-22,2026-09-22,2026-09-22,2026-09-22,AVOID,negative,32.25,32.25,32.25,41.77,45.77,-4,50.17,-2.0,2,10.0,0.0,3.22,0.0,4.7,0,0,32.25,v2_conservative_ranker,40.5,-3.0,1,5.0,0.0,7.55,7.2,28.75,28.75,v3_stability_ranker,neutral,3090.0,0.0198,0.0065,0.0148,3089.0,3144.0,0.063,0.0922,kis,,,,low_attention,risk_noise_detected,,,,data/raw/price_223310_20260525_20260922.csv,681,False,Broad evaluation pool candidate,683,False,Broad evaluation pool candidate
074430,2026-09-22,2026-09-22,2026-09-22,2026-09-22,AVOID,negative,32.22,32.22,32.22,30.29,30.29,0,34.76,-2.0,2,2.54,0.0,0.0,0.0,0.0,0,0,32.22,v2_conservative_ranker,28.04,-3.0,1,13.82,0.0,0.0,0.0,39.86,39.86,v3_stability_ranker,neutral,1017.0,0.0069,-0.0495,-0.1511,1011.8,1096.55,0.1532,0.0212,kis,,,,,,,,,data/raw/price_074430_20260525_20260922.csv,682,False,Broad evaluation pool candidate,602,False,Broad evaluation pool candidate
036630,2026-09-22,2026-09-22,2026-09-22,2026-09-22,AVOID,negative,32.21,32.21,32.21,32.12,32.12,0,38.27,-2.0,2,6.06,0.0,0.0,0.0,0.0,0,0,32.21,v2_conservative_ranker,33.92,-3.0,1,9.43,0.0,0.88,0.0,40.46,40.46,v3_stability_ranker,neutral,8000.0,0.0139,-0.051,-0.0465,8096.0,8675.5,0.0989,0.0505,kis,,,,,,,,,data/raw/price_036630_20260525_20260922.csv,683,False,Broad evaluation pool candidate,595,False,Broad evaluation pool candidate
104460,2026-09-22,2026-09-22,2026-09-22,2026-09-22,AVOID,negative,32.17,32.17,32.17,31.24,31.24,0,34.14,-2.0,2,1.97,0.0,0.0,0.0,0.0,0,0,32.17,v2_conservative_ranker,27.8,-3.0,1,11.54,0.0,0.0,0.0,37.34,37.34,v3_stability_ranker,price_weakness,6500.0,0.0109,-0.0525,-0.1602,6648.0,7278.5,0.3574,0.0164,kis,,,,,,,,,data/raw/price_104460_20260525_20260922.csv,684,False,Broad evaluation pool candidate,628,False,Broad evaluation pool candidate
028300,2026-09-22,2026-09-22,2026-09-22,2026-09-22,AVOID,negative,32.15,32.15,32.15,30.3,30.3,0,36.53,-2.0,2,4.38,0.0,0.0,0.0,0.0,0,0,32.15,v2_conservative_ranker,32.0,-3.0,1,11.53,0.0,0.0,0.0,41.52,41.52,v3_stability_ranker,neutral,31650.0,-0.0094,-0.0247,-0.1736,31430.0,32832.5,0.1828,0.0365,kis,,,,,,,,,data/raw/price_028300_20260525_20260922.csv,685,False,Broad evaluation pool candidate,576,False,Broad evaluation pool candidate
026910,2026-09-22,2026-09-22,2026-09-22,2026-09-22,AVOID,negative,32.0,32.0,32.0,33.13,33.13,0,35.57,0.0,3,6.56,0.0,0.0,0.0,0.0,0,0,32.0,v2_conservative_ranker,28.2,2.0,6,4.79,0.0,1.55,0.0,39.44,39.44,v3_stability_ranker,neutral,3205.0,-0.0843,-0.0475,-0.1338,3333.0,3421.0,1.0066,0.0547,kis,,,,,,,,,data/raw/price_026910_20260525_20260922.csv,686,False,Broad evaluation pool candidate,612,False,Broad evaluation pool candidate
950160,2026-09-22,2026-09-22,2026-09-22,2026-09-22,AVOID,negative,31.94,31.94,31.94,29.37,29.37,0,35.02,-2.0,2,3.08,0.0,0.0,0.0,0.0,0,0,31.94,v2_conservative_ranker,28.82,-3.0,1,13.14,0.0,0.0,0.0,39.96,39.96,v3_stability_ranker,neutral,15450.0,0.0138,-0.0398,-0.2181,15764.0,17064.5,0.3207,0.0257,kis,,,,,,,,,data/raw/price_950160_20260525_20260922.csv,687,False,Broad evaluation pool candidate,601,False,Broad evaluation pool candidate
225190,2026-09-22,2026-09-22,2026-09-22,2026-09-22,AVOID,negative,31.88,31.88,31.88,33.8,33.8,0,43.45,0.0,0,9.59,0.0,1.99,0.0,0.0,0,0,31.88,v2_conservative_ranker,38.0,-5.0,0,5.02,0.0,5.58,0.0,32.43,32.43,v3_stability_ranker,neutral,821.0,0.0,0.0,-0.0442,821.0,834.6,0.0,0.0799,kis,,,,,,,,,data/raw/price_225190_20260525_20260922.csv,688,False,Broad evaluation pool candidate,662,False,Broad evaluation pool candidate
206400,2026-09-22,2026-09-22,2026-09-22,2026-09-22,AVOID,negative,31.84,31.84,31.84,29.66,29.66,0,37.67,-2.0,2,5.83,0.0,0.0,0.0,0.0,0,0,31.84,v2_conservative_ranker,32.0,-3.0,1,6.71,0.0,0.58,0.0,36.13,36.13,v3_stability_ranker,neutral,669.0,0.0214,-0.0133,-0.306,660.4,756.85,0.3078,0.0486,kis,,,,,,,,,data/raw/price_206400_20260525_20260922.csv,689,False,Broad evaluation pool candidate,632,False,Broad evaluation pool candidate
001210,2026-09-22,2026-09-22,2026-09-22,2026-09-22,AVOID,negative,31.79,31.79,31.79,39.24,42.24,-3,46.57,-2.0,2,10.0,0.0,2.78,0.0,0.0,2,0,31.79,v2_conservative_ranker,40.46,-3.0,1,5.0,0.0,6.85,2.0,34.61,34.61,v3_stability_ranker,neutral,10360.0,-0.0143,-0.0443,0.2075,10724.0,11402.5,0.1111,0.0878,unknown,금호전기,금호전기,paid_in_capital_increase,,,,,,data/raw/price_001210_20260823_20260922.csv,690,False,Broad evaluation pool candidate,647,False,Broad evaluation pool candidate
049120,2026-09-22,2026-09-22,2026-09-22,2026-09-22,AVOID,negative,31.74,31.74,31.74,30.03,33.03,-3,39.4,-2.0,2,5.66,0.0,0.0,0.0,0.0,2,0,31.74,v2_conservative_ranker,36.0,-3.0,1,9.92,0.0,0.35,2.0,41.57,41.57,v3_stability_ranker,neutral,2880.0,0.0177,-0.1042,0.0686,2883.0,3050.5,0.1238,0.0472,unknown,파인디앤씨,파인디앤씨,convertible_bond,,,,,,data/raw/price_049120_20260823_20260922.csv,691,False,Broad evaluation pool candidate,574,False,Broad evaluation pool candidate
100090,2026-09-22,2026-09-22,2026-09-22,2026-09-22,AVOID,negative,31.52,31.52,31.52,30.05,30.05,0,36.14,-2.0,2,4.62,0.0,0.0,0.0,0.0,0,0,31.52,v2_conservative_ranker,28.69,-3.0,1,11.22,0.0,0.0,0.0,37.91,37.91,v3_stability_ranker,neutral,11630.0,0.0052,-0.0428,-0.1308,11792.0,12704.5,0.1194,0.0385,kis,,,,,,,,,data/raw/price_100090_20260525_20260922.csv,692,False,Broad evaluation pool candidate,626,False,Broad evaluation pool candidate
175140,2026-09-22,2026-09-22,2026-09-22,2026-09-22,AVOID,negative,31.39,31.39,31.39,30.32,30.32,0,36.25,-2.0,2,4.86,0.0,0.0,0.0,0.0,0,0,31.39,v2_conservative_ranker,30.28,-3.0,1,10.93,0.0,0.0,0.0,39.2,39.2,v3_stability_ranker,neutral,2295.0,0.0155,-0.0965,-0.0213,2278.0,2476.0,0.1809,0.0405,kis,,,,,,,,,data/raw/price_175140_20260525_20260922.csv,693,False,Broad evaluation pool candidate,615,False,Broad evaluation pool candidate
201490,2026-09-22,2026-09-22,2026-09-22,2026-09-22,AVOID,negative,31.28,31.28,31.28,78.77,78.77,0,67.0,-2.0,2,10.0,22.08,3.64,0.0,0.0,0,0,31.28,v2_conservative_ranker,25.0,-3.0,1,-2.0,35.34,8.22,0.0,0.0,0.0,v3_stability_ranker,price_momentum,3850.0,-0.0506,0.3029,0.4667,4120.0,3019.25,0.2943,0.0964,kis,,,,,,,,,data/raw/price_201490_20260525_20260922.csv,694,False,Broad evaluation pool candidate,752,False,Broad evaluation pool candidate
267250,2026-09-22,2026-09-22,2026-09-22,2026-09-22,AVOID,negative,31.28,31.28,31.28,32.97,32.97,0,36.53,-2.0,2,5.26,0.0,0.0,0.0,0.0,0,0,31.28,v2_conservative_ranker,32.14,-3.0,1,10.43,0.0,0.0,0.0,40.57,40.57,v3_stability_ranker,price_weakness,208500.0,-0.0118,-0.0733,-0.0325,213100.0,226375.0,0.3842,0.0438,kis,,,,,,,,,data/raw/price_267250_20260525_20260922.csv,695,False,Broad evaluation pool candidate,591,False,Broad evaluation pool candidate
006060,2026-09-22,2026-09-22,2026-09-22,2026-09-22,AVOID,negative,31.14,31.14,31.14,33.1,33.1,0,32.52,-2.0,2,1.38,0.0,0.0,0.0,0.0,0,0,31.14,v2_conservative_ranker,25.77,-3.0,1,15.28,0.0,0.0,0.0,39.04,39.04,v3_stability_ranker,price_weakness,2215.0,-0.0045,-0.0809,-0.128,2307.0,2427.5,0.7904,0.0115,kis,,,,,,,,,data/raw/price_006060_20260525_20260922.csv,696,False,Broad evaluation pool candidate,616,False,Broad evaluation pool candidate
038530,2026-09-22,2026-09-22,2026-09-22,2026-09-22,AVOID,negative,31.13,31.13,31.13,24.96,24.96,0,31.82,1.18,3,4.87,0.0,0.0,0.0,0.0,0,0,31.13,v2_conservative_ranker,24.0,8.0,6,7.91,0.0,0.0,0.0,45.91,45.91,v3_stability_ranker,price_weakness,4090.0,-0.0073,-0.1812,-0.1479,4639.0,4906.0,1.2355,0.0406,kis,,,,,,,,,data/raw/price_038530_20260525_20260922.csv,697,False,Broad evaluation pool candidate,508,False,Broad evaluation pool candidate
0009K0,2026-09-22,2026-09-22,2026-09-22,2026-09-22,AVOID,negative,30.99,30.99,30.99,31.23,31.23,0,33.91,-2.0,2,2.92,0.0,0.0,0.0,0.0,0,0,30.99,v2_conservative_ranker,27.93,-3.0,1,13.36,0.0,0.0,0.0,39.28,39.28,v3_stability_ranker,price_weakness,21450.0,-0.0092,-0.0509,-0.175,22020.0,23312.5,0.5826,0.0243,kis,,,,,,,,,data/raw/price_0009K0_20260525_20260922.csv,698,False,Broad evaluation pool candidate,614,False,Broad evaluation pool candidate
092600,2026-09-22,2026-09-22,2026-09-22,2026-09-22,AVOID,negative,30.88,30.88,30.88,90.94,94.94,-4,71.0,3.28,3,10.0,25.0,6.0,0.0,5.4,0,0,30.88,v2_conservative_ranker,25.0,8.0,6,-2.0,36.0,10.0,8.2,0.0,0.0,v3_stability_ranker,price_momentum,2900.0,-0.0938,0.3583,0.5882,2954.0,2237.4,1.6568,0.132,kis,,,,medium_attention,risk_noise_detected,,,,data/raw/price_092600_20260525_20260922.csv,699,False,Broad evaluation pool candidate,753,False,Broad evaluation pool candidate
004770,2026-09-22,2026-09-22,2026-09-22,2026-09-22,AVOID,negative,30.81,30.81,30.81,36.65,36.65,0,43.33,-2.0,2,10.0,0.0,2.52,0.0,0.0,0,0,30.81,v2_conservative_ranker,39.3,-3.0,1,5.0,0.0,6.43,0.0,35.87,35.87,v3_stability_ranker,neutral,2005.0,-0.005,-0.0587,0.1201,2081.0,2087.6,0.0854,0.0852,kis,,,,,,,,,data/raw/price_004770_20260525_20260922.csv,700,False,Broad evaluation pool candidate,635,False,Broad evaluation pool candidate
361610,2026-09-22,2026-09-22,2026-09-22,2026-09-22,AVOID,negative,30.79,30.79,30.79,34.91,34.91,0,42.81,-2.0,2,9.83,0.0,2.19,0.0,0.0,0,0,30.79,v2_conservative_ranker,41.15,-3.0,1,5.0,0.0,5.9,0.0,38.25,38.25,v3_stability_ranker,neutral,15960.0,-0.0154,-0.0356,0.0391,15952.0,16595.5,0.086,0.0819,kis,,,,,,,,,data/raw/price_361610_20260525_20260922.csv,701,False,Broad evaluation pool candidate,622,False,Broad evaluation pool candidate
009420,2026-09-22,2026-09-22,2026-09-22,2026-09-22,AVOID,negative,30.77,30.77,30.77,27.86,27.86,0,34.27,-2.0,2,3.5,0.0,0.0,0.0,0.0,0,0,30.77,v2_conservative_ranker,28.22,-3.0,1,9.62,0.0,0.0,0.0,35.84,35.84,v3_stability_ranker,neutral,46300.0,-0.0107,-0.0473,-0.2372,47330.0,53602.5,0.2524,0.0292,kis,,,,,,,,,data/raw/price_009420_20260525_20260922.csv,702,False,Broad evaluation pool candidate,636,False,Broad evaluation pool candidate
004870,2026-09-22,2026-09-22,2026-09-22,2026-09-22,AVOID,negative,30.6,30.6,30.6,23.0,23.0,0,31.0,0.6,3,4.0,0.0,0.0,0.0,0.0,0,0,30.6,v2_conservative_ranker,24.0,8.0,6,9.0,0.0,0.0,0.0,47.0,47.0,v3_stability_ranker,neutral,922.0,0.0154,-0.151,-0.1877,1004.4,1097.35,1.1195,0.0333,kis,,,,,,,,,data/raw/price_004870_20260525_20260922.csv,703,False,Broad evaluation pool candidate,479,False,Broad evaluation pool candidate
448730,2026-09-22,2026-09-22,2026-09-22,2026-09-22,AVOID,negative,30.48,30.48,30.48,31.7,34.7,-3,34.98,-2.0,2,2.5,0.0,0.0,0.0,0.0,2,0,30.48,v2_conservative_ranker,28.48,-3.0,1,13.88,0.0,0.0,2.0,38.36,38.36,v3_stability_ranker,price_weakness,4905.0,-0.0306,-0.0693,-0.0883,5207.0,5310.25,0.687,0.0208,unknown,삼성FN리츠,삼성FN리츠,paid_in_capital_increase,,,,,,data/raw/price_448730_20260823_20260922.csv,704,False,Broad evaluation pool candidate,621,False,Broad evaluation pool candidate
091590,2026-09-22,2026-09-22,2026-09-22,2026-09-22,AVOID,negative,30.4,30.4,30.4,30.19,30.19,0,37.38,-2.0,2,6.98,0.0,0.0,0.0,0.0,0,0,30.4,v2_conservative_ranker,33.3,-3.0,1,5.27,0.0,2.11,0.0,34.46,34.46,v3_stability_ranker,price_weakness,6090.0,0.0184,-0.0587,-0.0499,6228.0,6795.5,0.0625,0.0582,kis,,,,,,,,,data/raw/price_091590_20260525_20260922.csv,705,False,Broad evaluation pool candidate,648,False,Broad evaluation pool candidate
115180,2026-09-22,2026-09-22,2026-09-22,2026-09-22,AVOID,negative,30.34,30.34,30.34,30.85,30.85,0,39.63,-2.0,2,8.34,0.0,0.95,0.0,0.0,0,0,30.34,v2_conservative_ranker,32.0,-3.0,1,6.57,0.0,3.92,0.0,32.66,32.66,v3_stability_ranker,neutral,21700.0,-0.0225,-0.0069,-0.1337,21930.0,22085.0,0.1959,0.0695,kis,,,,,,,,,data/raw/price_115180_20260525_20260922.csv,706,False,Broad evaluation pool candidate,661,False,Broad evaluation pool candidate
079190,2026-09-22,2026-09-22,2026-09-22,2026-09-22,AVOID,negative,30.32,30.32,30.32,39.94,43.94,-4,47.13,-2.0,2,9.88,0.0,2.23,0.0,4.7,0,0,30.32,v2_conservative_ranker,41.88,-3.0,1,5.0,0.0,5.97,7.2,31.72,31.72,v3_stability_ranker,neutral,1388.0,-0.0149,-0.0577,0.1113,1361.8,1293.65,0.0242,0.0823,kis,,,,low_attention,risk_noise_detected,,,,data/raw/price_079190_20260525_20260922.csv,707,False,Broad evaluation pool candidate,669,False,Broad evaluation pool candidate
331920,2026-09-22,2026-09-22,2026-09-22,2026-09-22,AVOID,negative,30.21,30.21,30.21,35.49,35.49,0,43.0,-2.0,2,10.0,0.0,2.79,0.0,0.0,0,0,30.21,v2_conservative_ranker,29.26,-3.0,1,2.0,0.0,6.86,0.0,22.4,22.4,v3_stability_ranker,neutral,10760.0,-0.0092,-0.1085,0.2411,11114.0,12668.0,0.0561,0.0879,kis,,,,,,,,,data/raw/price_331920_20260525_20260922.csv,708,False,Broad evaluation pool candidate,704,False,Broad evaluation pool candidate
174900,2026-09-22,2026-09-22,2026-09-22,2026-09-22,AVOID,negative,30.08,30.08,30.08,28.07,28.07,0,34.36,-2.0,2,4.28,0.0,0.0,0.0,0.0,0,0,30.08,v2_conservative_ranker,28.29,-3.0,1,8.64,0.0,0.0,0.0,34.93,34.93,v3_stability_ranker,neutral,19740.0,0.0144,-0.0464,-0.3025,19832.0,21973.0,0.3799,0.0357,kis,,,,,,,,,data/raw/price_174900_20260525_20260922.csv,709,False,Broad evaluation pool candidate,643,False,Broad evaluation pool candidate
000950,2026-09-22,2026-09-22,2026-09-22,2026-09-22,AVOID,negative,29.88,29.88,29.88,29.16,29.16,0,33.84,-2.0,2,3.96,0.0,0.0,0.0,0.0,0,0,29.88,v2_conservative_ranker,27.39,-3.0,1,12.05,0.0,0.0,0.0,37.44,37.44,v3_stability_ranker,price_weakness,30000.0,-0.0066,-0.0769,-0.0991,30530.0,32057.5,0.1849,0.033,kis,,,,,,,,,data/raw/price_000950_20260525_20260922.csv,710,False,Broad evaluation pool candidate,627,False,Broad evaluation pool candidate
053950,2026-09-22,2026-09-22,2026-09-22,2026-09-22,AVOID,negative,29.74,29.74,29.74,40.92,44.92,-4,47.0,-2.0,2,10.0,0.0,2.56,0.0,4.7,0,0,29.74,v2_conservative_ranker,29.75,-3.0,1,5.0,1.65,6.5,7.2,17.39,17.39,v3_stability_ranker,neutral,2080.0,-0.0142,-0.0937,0.3131,2189.0,2022.85,0.0478,0.0856,kis,,,,low_attention,risk_noise_detected,,,,data/raw/price_053950_20260525_20260922.csv,711,False,Broad evaluation pool candidate,718,False,Broad evaluation pool candidate
317400,2026-09-22,2026-09-22,2026-09-22,2026-09-22,AVOID,negative,29.61,29.61,29.61,29.37,29.37,0,36.48,-2.0,2,6.88,0.0,0.0,0.0,0.0,0,0,29.61,v2_conservative_ranker,30.0,-3.0,1,8.41,0.0,1.97,0.0,34.44,34.44,v3_stability_ranker,neutral,10000.0,0.0215,-0.1023,-0.0148,9998.0,10656.0,0.3452,0.0573,kis,,,,,,,,,data/raw/price_317400_20260525_20260922.csv,712,False,Broad evaluation pool candidate,650,False,Broad evaluation pool candidate
043260,2026-09-22,2026-09-22,2026-09-22,2026-09-22,AVOID,negative,29.47,29.47,29.47,79.89,83.89,-4,67.0,0.73,3,9.58,25.0,1.98,0.0,4.7,0,0,29.47,v2_conservative_ranker,25.0,8.0,6,2.03,36.0,5.57,7.2,0.0,0.0,v3_stability_ranker,price_momentum,27200.0,0.013,0.6181,0.5376,24202.0,18608.0,1.1455,0.0798,kis,,,,medium_attention,risk_noise_detected,,,,data/raw/price_043260_20260525_20260922.csv,713,False,Broad evaluation pool candidate,754,False,Broad evaluation pool candidate
033340,2026-09-22,2026-09-22,2026-09-22,2026-09-22,AVOID,negative,29.47,29.47,29.47,35.35,35.35,0,44.55,0.0,0,10.0,0.0,5.08,0.0,0.0,0,0,29.47,v2_conservative_ranker,38.0,-5.0,0,5.0,0.0,10.0,0.0,28.0,28.0,v3_stability_ranker,neutral,460.0,0.0,0.0,-0.0129,460.0,494.3,0.0,0.1108,kis,,,,,,,,,data/raw/price_033340_20260525_20260922.csv,714,False,Broad evaluation pool candidate,686,False,Broad evaluation pool candidate
443250,2026-09-22,2026-09-22,2026-09-22,2026-09-22,AVOID,negative,29.25,29.25,29.25,28.65,28.65,0,31.75,-2.0,2,2.5,0.0,0.0,0.0,0.0,0,0,29.25,v2_conservative_ranker,25.58,-3.0,1,10.88,0.0,0.0,0.0,34.46,34.46,v3_stability_ranker,price_weakness,5040.0,-0.0233,-0.0803,-0.1501,5170.0,5642.0,0.3768,0.0208,kis,,,,,,,,,data/raw/price_443250_20260525_20260922.csv,715,False,Broad evaluation pool candidate,649,False,Broad evaluation pool candidate
377300,2026-09-22,2026-09-22,2026-09-22,2026-09-22,AVOID,negative,29.19,29.19,29.19,29.6,29.6,0,33.36,-2.0,2,4.16,0.0,0.0,0.0,0.0,0,0,29.19,v2_conservative_ranker,25.53,-3.0,1,11.79,0.0,0.0,0.0,35.33,35.33,v3_stability_ranker,price_weakness,41300.0,0.0351,-0.0973,-0.1041,40390.0,44962.5,0.6669,0.0347,kis,,,,low_attention,no_risk_noise,,,,data/raw/price_377300_20260525_20260922.csv,716,False,Broad evaluation pool candidate,641,False,Broad evaluation pool candidate
000500,2026-09-22,2026-09-22,2026-09-22,2026-09-22,AVOID,negative,28.99,28.99,28.99,81.75,81.75,0,67.0,-2.0,2,10.0,25.0,3.01,0.0,0.0,0,0,28.99,v2_conservative_ranker,25.0,-3.0,1,2.0,36.0,7.22,0.0,0.0,0.0,v3_stability_ranker,price_momentum,330500.0,0.0377,0.3771,1.0464,297200.0,241385.0,0.7913,0.0901,kis,,,,,,,,,data/raw/price_000500_20260525_20260922.csv,717,False,Broad evaluation pool candidate,755,False,Broad evaluation pool candidate
010060,2026-09-22,2026-09-22,2026-09-22,2026-09-22,AVOID,negative,28.94,28.94,28.94,27.89,27.89,0,32.76,-2.0,2,3.82,0.0,0.0,0.0,0.0,0,0,28.94,v2_conservative_ranker,27.01,-3.0,1,9.23,0.0,0.0,0.0,34.24,34.24,v3_stability_ranker,price_weakness,190800.0,-0.001,-0.0624,-0.3062,198160.0,228365.0,0.5514,0.0318,kis,,,,,,,,,data/raw/price_010060_20260525_20260922.csv,718,False,Broad evaluation pool candidate,653,False,Broad evaluation pool candidate
226340,2026-09-22,2026-09-22,2026-09-22,2026-09-22,AVOID,negative,28.62,28.62,28.62,32.01,32.01,0,41.34,-2.0,2,10.0,0.0,2.72,0.0,0.0,0,0,28.62,v2_conservative_ranker,38.0,-3.0,1,2.0,0.0,6.75,0.0,31.25,31.25,v3_stability_ranker,neutral,4870.0,-0.0172,-0.0221,-0.0413,5019.0,5730.75,0.0482,0.0872,kis,,,,,,,,,data/raw/price_226340_20260525_20260922.csv,719,False,Broad evaluation pool candidate,673,False,Broad evaluation pool candidate
220100,2026-09-22,2026-09-22,2026-09-22,2026-09-22,AVOID,negative,28.58,28.58,28.58,25.12,25.12,0,31.88,-2.0,2,3.3,0.0,0.0,0.0,0.0,0,0,28.58,v2_conservative_ranker,24.0,-3.0,1,12.88,0.0,0.0,0.0,34.88,34.88,v3_stability_ranker,price_weakness,6090.0,-0.0114,-0.1162,-0.1462,6285.8,6628.85,0.4668,0.0275,kis,,,,,,,,,data/raw/price_220100_20260525_20260922.csv,720,False,Broad evaluation pool candidate,645,False,Broad evaluation pool candidate
334970,2026-09-22,2026-09-22,2026-09-22,2026-09-22,AVOID,negative,28.38,28.38,28.38,23.95,20.95,3,31.0,-2.0,2,3.62,0.0,0.0,0.0,0.0,0,1,28.38,v2_conservative_ranker,24.0,-3.0,1,9.47,0.0,0.0,0.0,31.47,31.47,v3_stability_ranker,neutral,1327.0,0.0015,-0.1366,-0.2482,1337.8,1623.8,0.6042,0.0302,unknown,프레스티지바이오로직스,프레스티지바이오로직스,supply_contract,,,,,,data/raw/price_334970_20260823_20260922.csv,721,False,Broad evaluation pool candidate,671,False,Broad evaluation pool candidate
210980,2026-09-22,2026-09-22,2026-09-22,2026-09-22,AVOID,negative,28.25,28.25,28.25,32.72,32.72,0,41.08,-2.0,2,10.0,0.0,2.83,0.0,0.0,0,0,28.25,v2_conservative_ranker,36.36,-3.0,1,5.0,0.0,6.93,0.0,32.43,32.43,v3_stability_ranker,neutral,3410.0,0.021,-0.0955,0.1166,3557.0,3667.5,0.0731,0.0883,kis,,,,,,,,,data/raw/price_210980_20260525_20260922.csv,722,False,Broad evaluation pool candidate,663,False,Broad evaluation pool candidate
049470,2026-09-22,2026-09-22,2026-09-22,2026-09-22,AVOID,negative,28.01,28.01,28.01,103.0,103.0,0,71.0,0.0,3,10.0,25.0,10.99,0.0,0.0,0,0,28.01,v2_conservative_ranker,39.0,-9.0,4,-2.0,38.0,29.18,0.0,0.0,0.0,v3_stability_ranker,price_momentum,3370.0,0.2232,0.5283,0.2057,2488.0,2468.0,9.3919,0.0899,kis,,,,,,,,,data/raw/price_049470_20260525_20260922.csv,723,False,Broad evaluation pool candidate,756,False,Broad evaluation pool candidate
060900,2026-09-22,2026-09-22,2026-09-22,2026-09-22,AVOID,negative,27.92,27.92,27.92,22.19,22.19,0,31.0,-2.0,2,3.08,0.0,0.0,0.0,0.0,0,0,27.92,v2_conservative_ranker,24.0,-3.0,1,10.14,0.0,0.0,0.0,32.14,32.14,v3_stability_ranker,price_weakness,2975.0,-0.0294,-0.1066,-0.2077,3073.0,3438.5,0.2371,0.0257,kis,,,,,,,,,data/raw/price_060900_20260525_20260922.csv,724,False,Broad evaluation pool candidate,666,False,Broad evaluation pool candidate
254120,2026-09-22,2026-09-22,2026-09-22,2026-09-22,AVOID,negative,27.89,27.89,27.89,28.32,32.32,-4,36.11,-2.0,2,3.52,0.0,0.0,0.0,4.7,0,0,27.89,v2_conservative_ranker,30.89,-3.0,1,12.61,0.0,0.0,7.2,34.29,34.29,v3_stability_ranker,price_weakness,922.0,-0.0011,-0.0889,-0.0254,948.8,1006.6,0.2354,0.0293,kis,,,,low_attention,risk_noise_detected,,,,data/raw/price_254120_20260525_20260922.csv,725,False,Broad evaluation pool candidate,652,False,Broad evaluation pool candidate
223220,2026-09-22,2026-09-22,2026-09-22,2026-09-22,AVOID,negative,27.73,27.73,27.73,36.78,36.78,0,45.78,-2.0,2,10.0,4.8,3.25,0.0,0.0,0,0,27.73,v2_conservative_ranker,42.5,-3.0,1,1.0,11.05,7.6,0.0,22.85,22.85,v3_stability_ranker,neutral,111.0,0.11,0.0278,-0.3584,97.0,121.75,0.0003,0.0925,kis,,,,,,,,,data/raw/price_223220_20260525_20260922.csv,726,False,Broad evaluation pool candidate,703,False,Broad evaluation pool candidate
027740,2026-09-22,2026-09-22,2026-09-22,2026-09-22,AVOID,negative,27.68,27.68,27.68,17.04,17.04,0,31.0,-2.0,2,3.32,0.0,0.0,0.0,0.0,0,0,27.68,v2_conservative_ranker,24.0,-3.0,1,9.84,0.0,0.0,0.0,31.84,31.84,v3_stability_ranker,price_weakness,1204.0,-0.0163,-0.2074,-0.2156,1292.2,1464.05,0.1352,0.0277,kis,,,,,,,,,data/raw/price_027740_20260525_20260922.csv,727,False,Broad evaluation pool candidate,668,False,Broad evaluation pool candidate
012170,2026-09-22,2026-09-22,2026-09-22,2026-09-22,AVOID,negative,27.29,27.29,27.29,51.48,54.48,-3,53.29,-2.0,2,10.0,8.0,6.0,0.0,0.0,2,0,27.29,v2_conservative_ranker,32.5,-3.0,1,1.0,10.0,10.0,2.0,9.5,9.5,v3_stability_ranker,neutral,2875.0,-0.1016,-0.0171,2.8436,3004.0,2808.55,0.3653,0.888,unknown,아센디오,아센디오,paid_in_capital_increase,,,,,,data/raw/price_012170_20260823_20260922.csv,728,False,Broad evaluation pool candidate,734,False,Broad evaluation pool candidate
900300,2026-09-22,2026-09-22,2026-09-22,2026-09-22,AVOID,negative,27.24,27.24,27.24,23.76,23.76,0,34.0,-2.0,2,6.76,0.0,0.0,0.0,0.0,0,0,27.24,v2_conservative_ranker,28.0,-3.0,1,5.55,0.0,1.81,0.0,29.75,29.75,v3_stability_ranker,price_weakness,3040.0,0.0066,-0.05,-0.2255,3037.0,3460.5,0.0655,0.0563,kis,,,,,,,,,data/raw/price_900300_20260525_20260922.csv,729,False,Broad evaluation pool candidate,678,False,Broad evaluation pool candidate
131760,2026-09-22,2026-09-22,2026-09-22,2026-09-22,AVOID,negative,27.07,27.07,27.07,26.97,26.97,0,34.08,-2.0,2,7.01,0.0,0.0,0.0,0.0,0,0,27.07,v2_conservative_ranker,28.06,-3.0,1,5.24,0.0,2.14,0.0,29.16,29.16,v3_stability_ranker,neutral,1237.0,0.0291,-0.0492,-0.3023,1254.4,1459.15,0.6214,0.0584,kis,,,,,,,,,data/raw/price_131760_20260525_20260922.csv,730,False,Broad evaluation pool candidate,681,False,Broad evaluation pool candidate
006490,2026-09-22,2026-09-22,2026-09-22,2026-09-22,AVOID,negative,26.88,26.88,26.88,34.04,34.04,0,42.88,-2.0,2,10.0,0.0,6.0,0.0,0.0,0,0,26.88,v2_conservative_ranker,38.5,-3.0,1,2.0,0.0,10.0,0.0,28.5,28.5,v3_stability_ranker,neutral,1491.0,0.0108,-0.3373,0.0537,1744.2,1667.8,0.3921,0.1274,kis,,,,,,,,,data/raw/price_006490_20260525_20260922.csv,731,False,Broad evaluation pool candidate,684,False,Broad evaluation pool candidate
192410,2026-09-22,2026-09-22,2026-09-22,2026-09-22,AVOID,negative,26.76,26.76,26.76,19.11,19.11,0,31.0,-2.0,2,4.24,0.0,0.0,0.0,0.0,0,0,26.76,v2_conservative_ranker,24.0,-3.0,1,8.71,0.0,0.0,0.0,30.7,30.7,v3_stability_ranker,price_weakness,3890.0,-0.0077,-0.1159,-0.2021,4031.0,4656.75,0.0384,0.0353,kis,,,,,,,,,data/raw/price_192410_20260525_20260922.csv,732,False,Broad evaluation pool candidate,675,False,Broad evaluation pool candidate
950220,2026-09-22,2026-09-22,2026-09-22,2026-09-22,AVOID,negative,26.65,26.65,26.65,23.18,23.18,0,32.16,-2.0,2,5.51,0.0,0.0,0.0,0.0,0,0,26.65,v2_conservative_ranker,26.53,-3.0,1,7.11,0.0,0.14,0.0,31.5,31.5,v3_stability_ranker,price_weakness,1919.0,-0.0184,-0.0684,-0.3231,1952.6,2273.85,0.1016,0.0459,kis,,,,,,,,,data/raw/price_950220_20260525_20260922.csv,733,False,Broad evaluation pool candidate,670,False,Broad evaluation pool candidate
062970,2026-09-22,2026-09-22,2026-09-22,2026-09-22,AVOID,negative,26.55,26.55,26.55,43.99,43.99,0,47.0,-2.0,2,10.0,6.19,4.26,0.0,0.0,0,0,26.55,v2_conservative_ranker,29.85,-3.0,1,2.0,12.11,9.22,0.0,8.52,8.52,v3_stability_ranker,neutral,2980.0,0.0136,-0.1131,0.2957,3073.0,2377.85,0.2166,0.1026,kis,,,,,,,,,data/raw/price_062970_20260525_20260922.csv,734,False,Broad evaluation pool candidate,735,False,Broad evaluation pool candidate
418620,2026-09-22,2026-09-22,2026-09-22,2026-09-22,AVOID,negative,26.24,26.24,26.24,47.7,47.7,0,47.17,-2.0,2,10.0,7.82,3.11,0.0,0.0,0,0,26.24,v2_conservative_ranker,26.24,-3.0,1,-2.0,12.87,7.38,0.0,1.99,1.99,v3_stability_ranker,neutral,683.0,0.0459,-0.0783,0.5212,684.6,592.9,0.2557,0.0911,kis,,,,,,,,,data/raw/price_418620_20260525_20260922.csv,735,False,Broad evaluation pool candidate,744,False,Broad evaluation pool candidate
064800,2026-09-22,2026-09-22,2026-09-22,2026-09-22,AVOID,negative,25.83,25.83,25.83,22.78,22.78,0,31.6,-2.0,2,5.77,0.0,0.0,0.0,0.0,0,0,25.83,v2_conservative_ranker,26.08,-3.0,1,6.79,0.0,0.5,0.0,30.37,30.37,v3_stability_ranker,price_weakness,2190.0,-0.0201,-0.074,-0.2614,2272.0,2648.5,0.1647,0.0481,kis,,,,,,,,,data/raw/price_064800_20260525_20260922.csv,736,False,Broad evaluation pool candidate,677,False,Broad evaluation pool candidate
178320,2026-09-22,2026-09-22,2026-09-22,2026-09-22,AVOID,negative,25.73,25.73,25.73,24.6,24.6,0,31.53,-2.0,2,5.81,0.0,0.0,0.0,0.0,0,0,25.73,v2_conservative_ranker,24.81,-3.0,1,9.74,0.0,0.54,0.0,32.0,32.0,v3_stability_ranker,price_weakness,32400.0,-0.0031,-0.0899,-0.1562,33780.0,35672.5,0.3736,0.0484,kis,,,,,,,,,data/raw/price_178320_20260525_20260922.csv,737,False,Broad evaluation pool candidate,667,False,Broad evaluation pool candidate
040350,2026-09-22,2026-09-22,2026-09-22,2026-09-22,AVOID,negative,25.59,25.59,25.59,25.6,25.6,0,36.33,-2.0,2,9.13,0.0,1.61,0.0,0.0,0,0,25.59,v2_conservative_ranker,32.0,-3.0,1,2.58,0.0,4.98,0.0,27.61,27.61,v3_stability_ranker,neutral,3830.0,-0.034,-0.0267,-0.3823,3963.0,4646.75,0.3134,0.0761,kis,,,,,,,,,data/raw/price_040350_20260525_20260922.csv,738,False,Broad evaluation pool candidate,690,False,Broad evaluation pool candidate
006370,2026-09-22,2026-09-22,2026-09-22,2026-09-22,AVOID,negative,25.18,25.18,25.18,22.22,22.22,0,31.76,-2.0,2,6.58,0.0,0.0,0.0,0.0,0,0,25.18,v2_conservative_ranker,26.21,-3.0,1,5.78,0.0,1.57,0.0,28.42,28.42,v3_stability_ranker,price_weakness,3075.0,-0.0176,-0.0724,-0.3027,3154.0,3482.25,0.1565,0.0548,kis,,,,,,,,,data/raw/price_006370_20260525_20260922.csv,739,False,Broad evaluation pool candidate,685,False,Broad evaluation pool candidate
002070,2026-09-22,2026-09-22,2026-09-22,2026-09-22,AVOID,negative,24.7,24.7,24.7,17.72,17.72,0,31.76,-2.0,2,7.06,0.0,0.0,0.0,0.0,0,0,24.7,v2_conservative_ranker,24.0,-3.0,1,5.18,0.0,2.21,0.0,24.97,24.97,v3_stability_ranker,price_weakness,3860.0,-0.035,-0.2891,-0.1498,4377.0,4919.25,0.3486,0.0588,kis,,,,,,,,,data/raw/price_002070_20260525_20260922.csv,740,False,Broad evaluation pool candidate,701,False,Broad evaluation pool candidate
187660,2026-09-22,2026-09-22,2026-09-22,2026-09-22,AVOID,negative,24.66,24.66,24.66,39.76,39.76,0,47.0,-2.0,2,10.0,8.0,4.34,0.0,0.0,0,0,24.66,v2_conservative_ranker,24.5,-3.0,1,5.0,10.0,9.34,0.0,8.16,8.16,v3_stability_ranker,neutral,6400.0,0.0,-0.1795,0.8338,6510.0,6132.5,0.1267,0.1034,kis,,,,,,,,,data/raw/price_187660_20260525_20260922.csv,741,False,Broad evaluation pool candidate,736,False,Broad evaluation pool candidate
276730,2026-09-22,2026-09-22,2026-09-22,2026-09-22,AVOID,negative,24.5,24.5,24.5,22.35,22.35,0,32.62,-2.0,2,7.7,0.0,0.42,0.0,0.0,0,0,24.5,v2_conservative_ranker,24.38,-3.0,1,0.37,0.0,3.07,0.0,19.67,19.67,v3_stability_ranker,price_weakness,924.0,-0.0695,-0.1217,-0.125,1002.0,1173.9,0.5324,0.0642,kis,,,,,,,,,data/raw/price_276730_20260525_20260922.csv,742,False,Broad evaluation pool candidate,712,False,Broad evaluation pool candidate
305090,2026-09-22,2026-09-22,2026-09-22,2026-09-22,AVOID,negative,23.91,23.91,23.91,26.0,26.0,0,39.0,0.0,0,10.0,0.0,5.09,0.0,0.0,0,0,23.91,v2_conservative_ranker,32.0,-5.0,0,2.0,0.0,10.0,0.0,19.0,19.0,v3_stability_ranker,neutral,538.0,0.0,0.0,-0.6642,538.0,800.4,0.0,0.1109,kis,,,,,,,,,data/raw/price_305090_20260525_20260922.csv,743,False,Broad evaluation pool candidate,713,False,Broad evaluation pool candidate
900270,2026-09-22,2026-09-22,2026-09-22,2026-09-22,AVOID,negative,23.16,23.16,23.16,25.39,28.39,-3,38.6,-2.0,2,10.0,0.0,3.44,0.0,0.0,2,0,23.16,v2_conservative_ranker,36.0,-3.0,1,2.0,0.0,7.9,2.0,26.1,26.1,v3_stability_ranker,price_weakness,2855.0,-0.0206,-0.1008,0.0458,2937.0,3263.25,0.0293,0.0944,unknown,헝셩그룹,헝셩그룹,paid_in_capital_increase,,,,,,data/raw/price_900270_20260823_20260922.csv,744,False,Broad evaluation pool candidate,695,False,Broad evaluation pool candidate
199730,2026-09-22,2026-09-22,2026-09-22,2026-09-22,AVOID,negative,22.63,22.63,22.63,16.75,16.75,0,31.0,0.0,2,8.93,0.0,1.44,0.0,0.0,0,0,22.63,v2_conservative_ranker,24.0,2.0,1,-1.16,0.0,4.7,0.0,21.14,21.14,v3_stability_ranker,neutral,729.0,-0.063,-0.3219,-0.5333,817.2,1274.4,0.8655,0.0744,kis,,,,,,,,,data/raw/price_199730_20260525_20260922.csv,745,False,Broad evaluation pool candidate,706,False,Broad evaluation pool candidate
064260,2026-09-22,2026-09-22,2026-09-22,2026-09-22,AVOID,negative,22.26,22.26,22.26,21.89,25.89,-4,31.0,-2.0,2,4.04,0.0,0.0,0.0,4.7,0,0,22.26,v2_conservative_ranker,24.49,-3.0,1,11.95,0.0,0.0,7.2,27.23,27.23,v3_stability_ranker,price_weakness,4485.0,0.0182,-0.0939,-0.1801,4456.0,4960.5,0.6096,0.0337,kis,,,,low_attention,risk_noise_detected,,,,data/raw/price_064260_20260525_20260922.csv,746,False,Broad evaluation pool candidate,692,False,Broad evaluation pool candidate
351320,2026-09-22,2026-09-22,2026-09-22,2026-09-22,AVOID,negative,22.17,22.17,22.17,42.78,45.78,-3,47.0,-2.0,2,10.0,8.0,4.83,0.0,0.0,2,0,22.17,v2_conservative_ranker,25.78,-3.0,1,5.0,10.0,10.0,2.0,6.78,6.78,v3_stability_ranker,neutral,3760.0,0.0053,-0.084,1.2719,3841.0,3648.65,0.0299,0.1083,unknown,넥사다이내믹스,넥사다이내믹스,lawsuit,medium_attention,no_risk_noise,,,,data/raw/price_351320_20260823_20260922.csv,747,False,Broad evaluation pool candidate,739,False,Broad evaluation pool candidate
011090,2026-09-22,2026-09-22,2026-09-22,2026-09-22,AVOID,negative,21.12,21.12,21.12,25.19,25.19,0,35.0,-2.0,2,10.0,0.0,3.88,0.0,0.0,0,0,21.12,v2_conservative_ranker,27.13,-3.0,1,5.0,0.0,8.61,0.0,21.52,21.52,v3_stability_ranker,neutral,1607.0,-0.0171,-0.0921,-0.2952,1676.4,1599.9,0.0667,0.0988,kis,,,,,,,,,data/raw/price_011090_20260525_20260922.csv,748,False,Broad evaluation pool candidate,705,False,Broad evaluation pool candidate
061250,2026-09-22,2026-09-22,2026-09-22,2026-09-22,AVOID,negative,21.07,21.07,21.07,13.15,13.15,0,31.0,-2.0,2,8.69,0.0,1.24,0.0,0.0,0,0,21.07,v2_conservative_ranker,24.0,-3.0,1,3.14,0.0,4.38,0.0,20.76,20.76,v3_stability_ranker,price_weakness,6340.0,-0.014,-0.3161,-0.1924,6670.0,8048.0,0.1687,0.0724,kis,,,,,,,,,data/raw/price_061250_20260525_20260922.csv,749,False,Broad evaluation pool candidate,707,False,Broad evaluation pool candidate
046070,2026-09-18,2026-09-18,2026-09-18,2026-09-22,AVOID,negative,21.0,21.0,21.0,35.0,35.0,0,35.0,3.0,3,10.0,0.0,10.0,0.0,0.0,0,0,21.0,v2_conservative_ranker,26.5,-0.75,4,-2.0,0.0,10.0,0.0,17.75,17.75,v3_stability_ranker,price_weakness,140.0,-0.451,-0.6903,-0.9864,236.0,21188.1,2.6663,1.6078,kis,,,,,,,,,data/raw/price_046070_20260525_20260922.csv,750,False,Broad evaluation pool candidate,717,False,Broad evaluation pool candidate
084180,2026-09-22,2026-09-22,2026-09-22,2026-09-22,AVOID,negative,19.0,19.0,19.0,54.2,54.2,0,51.0,0.0,2,10.0,18.0,6.0,0.0,0.0,0,0,19.0,v2_conservative_ranker,24.5,2.0,1,-2.0,26.0,10.0,0.0,0.0,0.0,v3_stability_ranker,neutral,223.0,0.3765,0.5816,-0.6314,163.6,365.1,0.8669,0.1808,kis,,,,,,,,,data/raw/price_084180_20260525_20260922.csv,751,False,Broad evaluation pool candidate,757,False,Broad evaluation pool candidate
465770,2026-09-22,2026-09-22,2026-09-22,2026-09-22,AVOID,negative,18.83,18.83,18.83,11.55,11.55,0,31.0,-2.0,2,9.91,0.0,2.26,0.0,0.0,0,0,18.83,v2_conservative_ranker,24.0,-3.0,1,2.0,0.0,6.02,0.0,17.98,17.98,v3_stability_ranker,neutral,2650.0,-0.0019,-0.1601,-0.197,2819.0,3263.25,0.0673,0.0826,kis,,,,,,,,,data/raw/price_465770_20260525_20260922.csv,752,False,Broad evaluation pool candidate,716,False,Broad evaluation pool candidate
101000,2026-09-22,2026-09-22,2026-09-22,2026-09-22,AVOID,negative,18.61,18.61,18.61,47.54,47.54,0,48.12,-2.0,2,10.0,15.0,4.51,0.0,0.0,0,0,18.61,v2_conservative_ranker,27.0,-3.0,1,2.0,22.0,9.62,0.0,0.0,0.0,v3_stability_ranker,neutral,1923.0,-0.0239,-0.0688,1.5986,2005.6,1357.9,0.0707,0.1051,kis,,,,,,,,,data/raw/price_101000_20260525_20260922.csv,753,False,Broad evaluation pool candidate,758,False,Broad evaluation pool candidate
043090,2026-08-07,2026-08-07,2026-08-07,2026-09-22,AVOID,negative,18.0,18.0,18.0,37.0,37.0,0,35.0,0.0,3,10.0,0.0,10.0,0.0,0.0,0,0,18.0,v2_conservative_ranker,26.5,-3.35,4,-2.0,0.0,10.0,0.0,15.15,15.15,v3_stability_ranker,neutral,103.0,-0.5095,-0.6255,-0.9096,226.2,822.7,3.5952,0.2232,kis,,,,,,,,,data/raw/price_043090_20260525_20260922.csv,754,False,Broad evaluation pool candidate,723,False,Broad evaluation pool candidate
224060,2026-09-22,2026-09-22,2026-09-22,2026-09-22,AVOID,negative,16.9,16.9,16.9,39.3,43.3,-4,47.0,-2.0,2,10.0,8.0,6.0,0.0,6.1,0,0,16.9,v2_conservative_ranker,24.5,-3.0,1,-2.0,10.0,10.0,9.2,0.0,0.0,v3_stability_ranker,neutral,4790.0,-0.0841,-0.3177,0.6748,6154.0,5635.75,0.7162,0.1674,kis,,,,medium_attention,risk_noise_detected,,,,data/raw/price_224060_20260525_20260922.csv,755,False,Broad evaluation pool candidate,759,False,Broad evaluation pool candidate
044380,2026-09-22,2026-09-22,2026-09-22,2026-09-22,AVOID,negative,16.34,16.34,16.34,22.37,19.37,3,31.0,-2.0,2,9.74,0.0,2.12,0.0,2.8,0,0,16.34,v2_conservative_ranker,25.38,-3.0,1,-2.0,0.0,5.79,4.0,11.58,11.58,v3_stability_ranker,neutral,454.0,-0.062,-0.0828,-0.4524,481.2,766.6,0.2755,0.0812,kis,,,,high_attention,no_risk_noise,,,,data/raw/price_044380_20260525_20260922.csv,756,False,Broad evaluation pool candidate,729,False,Broad evaluation pool candidate
900100,2026-09-22,2026-09-22,2026-09-22,2026-09-22,AVOID,negative,15.29,15.29,15.29,14.13,14.13,0,31.0,-2.0,2,10.0,0.0,5.71,0.0,0.0,0,0,15.29,v2_conservative_ranker,24.0,-3.0,1,-2.0,0.0,10.0,0.0,10.0,10.0,v3_stability_ranker,price_weakness,1044.0,-0.0679,-0.452,-0.4125,1465.6,1894.35,0.5217,0.1171,kis,,,,,,,,,data/raw/price_900100_20260525_20260922.csv,757,False,Broad evaluation pool candidate,731,False,Broad evaluation pool candidate
142760,2026-09-22,2026-09-22,2026-09-22,2026-09-22,AVOID,negative,15.23,15.23,15.23,17.28,20.28,-3,33.23,-2.0,2,10.0,0.0,6.0,0.0,0.0,2,0,15.23,v2_conservative_ranker,27.38,-3.0,1,2.0,0.0,10.0,2.0,15.38,15.38,v3_stability_ranker,price_weakness,474.0,0.0085,-0.0577,-0.3209,481.6,591.0,0.0086,0.1204,unknown,모아라이프플러스,모아라이프플러스,paid_in_capital_increase,,,,,,data/raw/price_142760_20260823_20260922.csv,758,False,Broad evaluation pool candidate,720,False,Broad evaluation pool candidate
354200,2026-09-22,2026-09-22,2026-09-22,2026-09-22,AVOID,negative,14.15,14.15,14.15,8.14,12.14,-4,31.0,-2.0,2,9.9,0.0,2.25,0.0,4.7,0,0,14.15,v2_conservative_ranker,24.0,-3.0,1,-2.0,0.0,6.0,7.2,6.8,6.8,v3_stability_ranker,neutral,1329.0,-0.0404,-0.1941,-0.2384,1416.6,1531.05,0.1895,0.0825,kis,,,,low_attention,risk_noise_detected,,,,data/raw/price_354200_20260525_20260922.csv,759,False,Broad evaluation pool candidate,738,False,Broad evaluation pool candidate
