stock_code,candidate_date,candidate_pool_date,signal_date,prediction_date,candidate_action,prediction_direction,prediction_score,final_price_signal_score,price_candidate_score,price_signal_score_v1,price_score_base,supplementary_score,base_momentum_score,volume_confirmation_score,liquidity_score,volatility_penalty,overextension_penalty,reversal_risk_penalty,news_risk_penalty,attention_noise_penalty,market_regime_penalty,healthy_context_score,final_price_signal_score_v2,score_version,v3_momentum_quality_score,v3_volume_quality_score,v3_liquidity_quality_score,v3_stability_score,v3_overextension_penalty,v3_reversal_penalty,v3_noise_penalty,v3_final_score,final_price_signal_score_v3,experimental_score_version,signal_label,close,return_1d,return_5d,return_20d,ma5,ma20,volume_ratio_20d,volatility_20d,price_source,corp_name,stock_name,event_type,social_attention_label,social_risk_label,news_risk_score,news_negative_keyword_count,news_risk_keyword_count,source_file,candidate_rank,selected_pick,selection_reason,v3_rank,v3_selected_pick,v3_selection_reason
036630,2026-09-04,2026-09-04,2026-09-04,2026-09-04,WATCHLIST,neutral_positive,70.73,70.73,70.73,90.44,90.44,0,74.58,-2.0,2,3.85,0.0,0.0,0.0,0.0,0,0,70.73,v2_conservative_ranker,50.07,-3.0,1,9.19,0.0,0.0,0.0,57.26,57.26,v3_stability_ranker,strong_price_momentum,8800.0,0.0,0.0758,0.2465,8568.0,7890.0,0.0119,0.0321,kis,,,,,,,,,data/raw/price_036630_20260507_20260904.csv,1,True,Top 20 by conservative v2 price signal score,95,False,Broad evaluation pool candidate
000210,2026-09-04,2026-09-04,2026-09-04,2026-09-04,WATCHLIST,neutral_positive,69.68,69.68,69.68,89.03,89.03,0,72.73,-2.0,2,3.05,0.0,0.0,0.0,0.0,0,0,69.68,v2_conservative_ranker,57.0,-3.0,1,13.19,0.0,0.0,0.0,68.19,68.19,v3_stability_ranker,strong_price_momentum,55000.0,0.0,0.1,0.1066,52440.0,50472.5,0.0406,0.0254,kis,,,,,,,,,data/raw/price_000210_20260507_20260904.csv,2,True,Top 20 by conservative v2 price signal score,8,True,Experimental Top 20 by stability-first v3 score
020560,2026-09-04,2026-09-04,2026-09-04,2026-09-04,WATCHLIST,neutral_positive,69.13,69.13,69.13,89.17,89.17,0,69.83,0.0,2,2.7,0.0,0.0,0.0,0.0,0,0,69.13,v2_conservative_ranker,57.0,2.0,1,6.62,0.0,0.0,0.0,66.62,66.62,v3_stability_ranker,strong_price_momentum,8100.0,0.0411,0.0547,0.0961,7778.0,7327.5,0.8568,0.0225,kis,,,,,,,,,data/raw/price_020560_20260507_20260904.csv,3,True,Top 20 by conservative v2 price signal score,17,True,Experimental Top 20 by stability-first v3 score
123010,2026-09-04,2026-09-04,2026-09-04,2026-09-04,WATCHLIST,neutral_positive,65.15,65.15,65.15,94.65,98.65,-4,75.0,-2.0,2,3.61,1.54,0.0,0.0,4.7,0,0,65.15,v2_conservative_ranker,47.37,-3.0,1,5.49,12.48,0.0,7.2,31.18,31.18,v3_stability_ranker,strong_price_momentum,2485.0,0.0574,0.1833,0.1833,2279.0,2121.7,0.2496,0.0301,kis,,,,low_attention,risk_noise_detected,,,,data/raw/price_123010_20260507_20260904.csv,4,True,Top 20 by conservative v2 price signal score,442,False,Broad evaluation pool candidate
368970,2026-09-04,2026-09-04,2026-09-04,2026-09-04,WATCHLIST,neutral_positive,64.7,64.7,64.7,88.0,88.0,0,72.79,-2.0,2,2.09,0.0,0.0,6.0,0.0,0,0,64.7,v2_conservative_ranker,57.0,-3.0,1,14.39,0.0,0.0,9.0,60.39,60.39,v3_stability_ranker,strong_price_momentum,2575.0,0.0059,0.0752,0.122,2529.0,2386.25,0.0195,0.0174,kis,,,,,,6,2,2,data/raw/price_368970_20260507_20260904.csv,5,True,Top 20 by conservative v2 price signal score,52,False,Broad evaluation pool candidate
016610,2026-09-04,2026-09-04,2026-09-04,2026-09-04,WATCHLIST,neutral_positive,64.63,64.63,64.63,82.34,82.34,0,67.18,-2.0,2,2.54,0.0,0.0,0.0,0.0,0,0,64.63,v2_conservative_ranker,57.0,-3.0,1,13.82,0.0,0.0,0.0,68.82,68.82,v3_stability_ranker,strong_price_momentum,10100.0,0.0202,0.0233,0.1099,9928.0,9583.5,0.1065,0.0212,kis,,,,,,,,,data/raw/price_016610_20260507_20260904.csv,6,True,Top 20 by conservative v2 price signal score,5,True,Experimental Top 20 by stability-first v3 score
030210,2026-09-04,2026-09-04,2026-09-04,2026-09-04,WATCHLIST,neutral_positive,64.48,64.48,64.48,82.38,82.38,0,66.78,-2.0,2,2.3,0.0,0.0,0.0,0.0,0,0,64.48,v2_conservative_ranker,57.0,-3.0,1,14.12,0.0,0.0,0.0,69.12,69.12,v3_stability_ranker,strong_price_momentum,3975.0,0.0219,0.0219,0.1026,3891.0,3851.5,0.164,0.0192,kis,,,,,,,,,data/raw/price_030210_20260507_20260904.csv,7,True,Top 20 by conservative v2 price signal score,4,True,Experimental Top 20 by stability-first v3 score
340810,2026-09-04,2026-09-04,2026-09-04,2026-09-04,WATCHLIST,neutral_positive,64.2,64.2,64.2,90.24,90.24,0,73.54,-2.0,2,3.34,0.0,0.0,6.0,0.0,0,0,64.2,v2_conservative_ranker,57.0,-3.0,1,12.83,0.0,0.0,9.0,58.83,58.83,v3_stability_ranker,strong_price_momentum,3910.0,0.0222,0.0654,0.2105,3836.0,3633.25,0.08,0.0278,kis,,,,,,6,2,2,data/raw/price_340810_20260507_20260904.csv,8,True,Top 20 by conservative v2 price signal score,73,False,Broad evaluation pool candidate
003490,2026-09-04,2026-09-04,2026-09-04,2026-09-04,WATCHLIST,neutral_positive,63.72,63.72,63.72,81.3,84.3,-3,68.48,-2.0,2,2.76,0.0,0.0,0.0,0.0,2,0,63.72,v2_conservative_ranker,57.0,-3.0,1,10.55,0.0,0.0,2.0,63.55,63.55,v3_stability_ranker,strong_price_momentum,29950.0,0.0274,0.0436,0.0891,28970.0,27145.0,0.2967,0.023,unknown,대한항공,대한항공,lawsuit,,,,,,data/raw/price_003490_20260805_20260904.csv,9,True,Top 20 by conservative v2 price signal score,29,False,Broad evaluation pool candidate
363280,2026-09-04,2026-09-04,2026-09-04,2026-09-04,WATCHLIST,neutral_positive,63.35,63.35,63.35,79.71,79.71,0,64.26,-2.0,2,0.91,0.0,0.0,0.0,0.0,0,0,63.35,v2_conservative_ranker,49.0,-3.0,1,15.86,0.0,0.0,0.0,62.86,62.86,v3_stability_ranker,strong_price_momentum,1975.0,-0.0005,0.0061,0.0757,1970.2,1934.55,0.0131,0.0076,kis,,,,,,,,,data/raw/price_363280_20260507_20260904.csv,10,True,Top 20 by conservative v2 price signal score,32,False,Broad evaluation pool candidate
096240,2026-09-04,2026-09-04,2026-09-04,2026-09-04,WATCHLIST,neutral_positive,63.1,63.1,63.1,79.16,79.16,0,65.37,-2.0,2,2.27,0.0,0.0,0.0,0.0,0,0,63.1,v2_conservative_ranker,57.0,-3.0,1,14.16,0.0,0.0,0.0,69.16,69.16,v3_stability_ranker,strong_price_momentum,8740.0,-0.0091,0.0282,0.0442,8676.0,8595.5,0.0038,0.0189,unknown,크레버스,크레버스,major_shareholder_change,,,,,,data/raw/price_096240_20260805_20260904.csv,11,True,Top 20 by conservative v2 price signal score,3,True,Experimental Top 20 by stability-first v3 score
004780,2026-09-04,2026-09-04,2026-09-04,2026-09-04,WATCHLIST,neutral_positive,62.7,62.7,62.7,78.55,78.55,0,63.9,-2.0,2,1.2,0.0,0.0,0.0,0.0,0,0,62.7,v2_conservative_ranker,49.0,-3.0,1,15.5,0.0,0.0,0.0,62.5,62.5,v3_stability_ranker,strong_price_momentum,4175.0,0.0024,0.0146,0.0411,4159.0,4090.5,0.0061,0.01,kis,,,,,,,,,data/raw/price_004780_20260507_20260904.csv,12,True,Top 20 by conservative v2 price signal score,34,False,Broad evaluation pool candidate
431190,2026-09-04,2026-09-04,2026-09-04,2026-09-04,WATCHLIST,neutral_positive,62.4,62.4,62.4,79.3,79.3,0,67.0,-2.0,2,4.6,0.0,0.0,0.0,0.0,0,0,62.4,v2_conservative_ranker,46.15,-3.0,1,8.25,2.52,0.0,0.0,49.88,49.88,v3_stability_ranker,price_momentum,3210.0,0.0223,0.1283,0.2442,3086.0,2814.75,0.0505,0.0383,kis,,,,,,,,,data/raw/price_431190_20260507_20260904.csv,13,True,Top 20 by conservative v2 price signal score,213,False,Broad evaluation pool candidate
234300,2026-09-04,2026-09-04,2026-09-04,2026-09-04,WATCHLIST,neutral_positive,61.62,61.62,61.62,79.55,79.55,0,67.0,-2.0,2,5.38,0.0,0.0,0.0,0.0,0,0,61.62,v2_conservative_ranker,53.0,-3.0,1,7.28,2.61,0.0,0.0,55.67,55.67,v3_stability_ranker,price_momentum,3190.0,0.0063,0.1475,0.1837,3066.0,2859.5,0.0164,0.0448,kis,,,,medium_attention,no_risk_noise,,,,data/raw/price_234300_20260507_20260904.csv,14,True,Top 20 by conservative v2 price signal score,113,False,Broad evaluation pool candidate
090370,2026-09-04,2026-09-04,2026-09-04,2026-09-04,WATCHLIST,neutral_positive,61.61,61.61,61.61,77.69,77.69,0,65.58,-2.0,2,3.97,0.0,0.0,0.0,0.0,0,0,61.61,v2_conservative_ranker,53.0,-3.0,1,12.04,0.14,0.0,0.0,62.89,62.89,v3_stability_ranker,price_momentum,1228.0,0.0242,0.1215,0.1308,1182.2,1123.7,0.3842,0.0331,kis,,,,,,,,,data/raw/price_090370_20260507_20260904.csv,15,True,Top 20 by conservative v2 price signal score,31,False,Broad evaluation pool candidate
403550,2026-09-04,2026-09-04,2026-09-04,2026-09-04,WATCHLIST,neutral_positive,61.44,61.44,61.44,78.04,78.04,0,63.84,-2.0,2,2.4,0.0,0.0,0.0,0.0,0,0,61.44,v2_conservative_ranker,49.0,-3.0,1,14.0,0.0,0.0,0.0,61.0,61.0,v3_stability_ranker,strong_price_momentum,11270.0,0.0144,0.0009,0.0785,11304.0,10972.5,0.0049,0.02,kis,,,,,,,,,data/raw/price_403550_20260507_20260904.csv,16,True,Top 20 by conservative v2 price signal score,46,False,Broad evaluation pool candidate
023760,2026-09-04,2026-09-04,2026-09-04,2026-09-04,WATCHLIST,neutral_positive,61.2,61.2,61.2,79.75,79.75,0,64.37,-2.0,2,1.18,0.0,0.0,3.0,0.0,0,1,61.2,v2_conservative_ranker,49.0,-3.0,1,15.53,0.0,0.0,4.5,58.03,58.03,v3_stability_ranker,strong_price_momentum,1417.0,0.0064,0.0136,0.0575,1414.6,1364.3,0.0818,0.0098,kis,,,,,,3,1,1,data/raw/price_023760_20260507_20260904.csv,17,True,Top 20 by conservative v2 price signal score,89,False,Broad evaluation pool candidate
010400,2026-09-04,2026-09-04,2026-09-04,2026-09-04,WATCHLIST,neutral_positive,61.08,61.08,61.08,70.68,70.68,0,65.03,-2.0,2,3.95,0.0,0.0,0.0,0.0,0,0,61.08,v2_conservative_ranker,57.0,-3.0,1,12.07,0.0,0.0,0.0,67.06,67.06,v3_stability_ranker,price_momentum,4555.0,0.0055,0.0819,0.1151,4488.0,4299.25,0.004,0.0329,kis,,,,,,,,,data/raw/price_010400_20260507_20260904.csv,18,True,Top 20 by conservative v2 price signal score,14,True,Experimental Top 20 by stability-first v3 score
003470,2026-09-04,2026-09-04,2026-09-04,2026-09-04,WATCHLIST,neutral_positive,60.89,60.89,60.89,78.14,78.14,0,63.96,-2.0,2,2.36,0.0,0.0,0.0,0.7,0,0,60.89,v2_conservative_ranker,49.0,-3.0,1,14.04,0.0,0.0,1.0,60.05,60.05,v3_stability_ranker,strong_price_momentum,4810.0,0.0234,0.0116,0.0514,4739.0,4670.0,0.0628,0.0197,unknown,유안타증권,유안타증권,major_shareholder_change,medium_attention,no_risk_noise,,,,data/raw/price_003470_20260805_20260904.csv,19,True,Top 20 by conservative v2 price signal score,58,False,Broad evaluation pool candidate
004080,2026-09-04,2026-09-04,2026-09-04,2026-09-04,WATCHLIST,neutral_positive,60.89,60.89,60.89,75.92,75.92,0,61.07,0.0,0,0.18,0.0,0.0,0.0,0.0,0,0,60.89,v2_conservative_ranker,43.0,-5.0,0,16.77,0.0,0.0,0.0,54.77,54.77,v3_stability_ranker,strong_price_momentum,14060.0,0.0,0.0007,0.0,14076.0,14063.0,0.0,0.0015,kis,,,,low_attention,no_risk_noise,,,,data/raw/price_004080_20260507_20260904.csv,20,True,Top 20 by conservative v2 price signal score,142,False,Broad evaluation pool candidate
294870,2026-09-04,2026-09-04,2026-09-04,2026-09-04,WATCHLIST,neutral_positive,60.19,60.19,60.19,75.95,75.95,0,61.99,-2.0,2,1.8,0.0,0.0,0.0,0.0,0,0,60.19,v2_conservative_ranker,49.0,-3.0,1,14.75,0.0,0.0,0.0,61.75,61.75,v3_stability_ranker,strong_price_momentum,23200.0,0.0,0.0022,0.022,23130.0,22530.0,0.0221,0.015,kis,,,,,,,,,data/raw/price_294870_20260507_20260904.csv,21,False,Broad evaluation pool candidate,39,False,Broad evaluation pool candidate
024850,2026-09-04,2026-09-04,2026-09-04,2026-09-04,WATCHLIST,neutral_positive,60.07,60.07,60.07,74.02,74.02,0,67.0,-2.0,2,6.35,0.59,0.0,0.0,0.0,0,0,60.07,v2_conservative_ranker,45.99,-3.0,1,6.06,6.41,1.26,0.0,42.39,42.39,v3_stability_ranker,price_momentum,16070.0,0.012,0.0888,0.363,15072.0,14016.0,0.0714,0.0529,kis,,,,,,,,,data/raw/price_024850_20260507_20260904.csv,22,False,Broad evaluation pool candidate,323,False,Broad evaluation pool candidate
290670,2026-09-04,2026-09-04,2026-09-04,2026-09-04,HOLD,neutral,59.86,59.86,59.86,73.64,73.64,0,65.45,-2.0,2,5.59,0.0,0.0,0.0,0.0,0,0,59.86,v2_conservative_ranker,53.0,-3.0,1,10.01,0.0,0.26,0.0,60.75,60.75,v3_stability_ranker,price_momentum,5760.0,-0.0137,0.1098,0.1272,5678.0,5354.5,0.1605,0.0466,kis,,,,,,,,,data/raw/price_290670_20260507_20260904.csv,23,False,Broad evaluation pool candidate,48,False,Broad evaluation pool candidate
115530,2026-09-04,2026-09-04,2026-09-04,2026-09-04,HOLD,neutral,59.57,59.57,59.57,74.92,74.92,0,67.0,-2.0,2,4.43,0.0,0.0,3.0,0.0,0,0,59.57,v2_conservative_ranker,47.2,-3.0,1,8.46,2.43,0.0,4.5,46.73,46.73,v3_stability_ranker,price_momentum,3255.0,0.0172,0.085,0.3286,3166.0,2921.25,0.018,0.0369,kis,,,,,,3,1,1,data/raw/price_115530_20260507_20260904.csv,24,False,Broad evaluation pool candidate,266,False,Broad evaluation pool candidate
378340,2026-09-04,2026-09-04,2026-09-04,2026-09-04,HOLD,neutral,59.47,59.47,59.47,70.08,70.08,0,63.97,-2.0,2,4.5,0.0,0.0,0.0,0.0,0,0,59.47,v2_conservative_ranker,57.0,-3.0,1,11.38,0.0,0.0,0.0,66.38,66.38,v3_stability_ranker,price_momentum,11510.0,0.0304,0.056,0.1533,11362.0,10840.5,0.0949,0.0375,kis,,,,,,,,,data/raw/price_378340_20260507_20260904.csv,25,False,Broad evaluation pool candidate,18,True,Experimental Top 20 by stability-first v3 score
011780,2026-09-04,2026-09-04,2026-09-04,2026-09-04,HOLD,neutral,59.18,59.18,59.18,68.31,68.31,0,62.44,-2.0,2,3.25,0.0,0.0,0.0,0.0,0,0,59.18,v2_conservative_ranker,57.0,-3.0,1,12.94,0.0,0.0,0.0,67.94,67.94,v3_stability_ranker,price_momentum,133500.0,0.003,0.0604,0.097,130280.0,126015.0,0.0213,0.0271,unknown,금호석유화학,금호석유화학,major_shareholder_change,,,,,,data/raw/price_011780_20260805_20260904.csv,26,False,Broad evaluation pool candidate,9,True,Experimental Top 20 by stability-first v3 score
004990,2026-09-04,2026-09-04,2026-09-04,2026-09-04,HOLD,neutral,59.14,59.14,59.14,80.76,80.76,0,66.55,-2.0,2,2.41,0.0,0.0,6.0,0.0,0,1,59.14,v2_conservative_ranker,57.0,-3.0,1,13.98,0.0,0.0,9.0,59.98,59.98,v3_stability_ranker,strong_price_momentum,24950.0,0.004,0.0331,0.064,24380.0,23737.5,0.0426,0.0201,kis,,,,,,6,2,2,data/raw/price_004990_20260507_20260904.csv,27,False,Broad evaluation pool candidate,59,False,Broad evaluation pool candidate
019570,2026-09-04,2026-09-04,2026-09-04,2026-09-04,HOLD,neutral,58.98,58.98,58.98,70.4,70.4,0,64.61,-2.0,2,5.63,0.0,0.0,0.0,0.0,0,0,58.98,v2_conservative_ranker,57.0,-3.0,1,9.96,0.0,0.3,0.0,64.66,64.66,v3_stability_ranker,price_momentum,2920.0,0.0192,0.0561,0.1894,2860.0,2769.5,0.0024,0.0469,kis,,,,,,,,,data/raw/price_019570_20260507_20260904.csv,28,False,Broad evaluation pool candidate,25,False,Broad evaluation pool candidate
055550,2026-09-04,2026-09-04,2026-09-04,2026-09-04,HOLD,neutral,58.82,58.82,58.82,81.9,81.9,0,67.32,-2.0,2,2.5,0.0,0.0,6.0,0.0,0,0,58.82,v2_conservative_ranker,57.0,-3.0,1,13.88,0.0,0.0,10.6,58.28,58.28,v3_stability_ranker,strong_price_momentum,114200.0,-0.0026,0.041,0.0633,111840.0,107515.0,0.1199,0.0208,kis,,,,,,7,3,2,data/raw/price_055550_20260507_20260904.csv,29,False,Broad evaluation pool candidate,86,False,Broad evaluation pool candidate
341170,2026-09-04,2026-09-04,2026-09-04,2026-09-04,HOLD,neutral,58.7,58.7,58.7,74.42,74.42,0,63.0,0.0,0,4.3,0.0,0.0,0.0,0.0,0,0,58.7,v2_conservative_ranker,42.19,-5.0,0,11.63,0.0,0.0,0.0,48.82,48.82,v3_stability_ranker,price_momentum,496.0,0.0,0.0,0.2431,496.0,492.75,0.0,0.0358,kis,,,,,,,,,data/raw/price_341170_20260507_20260904.csv,30,False,Broad evaluation pool candidate,228,False,Broad evaluation pool candidate
199150,2026-09-04,2026-09-04,2026-09-04,2026-09-04,HOLD,neutral,58.62,58.62,58.62,70.31,70.31,0,62.9,0.0,0,4.28,0.0,0.0,0.0,0.0,0,0,58.62,v2_conservative_ranker,53.0,-5.0,0,11.64,0.0,0.0,0.0,59.64,59.64,v3_stability_ranker,price_momentum,2000.0,0.0,0.1117,0.0543,1955.6,1954.95,0.0,0.0357,kis,,,,,,,,,data/raw/price_199150_20260507_20260904.csv,31,False,Broad evaluation pool candidate,63,False,Broad evaluation pool candidate
033270,2026-09-04,2026-09-04,2026-09-04,2026-09-04,HOLD,neutral,58.58,58.58,58.58,80.35,80.35,0,65.92,-2.0,2,1.34,0.0,0.0,6.0,0.0,0,0,58.58,v2_conservative_ranker,57.0,-3.0,1,15.32,0.0,0.0,9.0,61.32,61.32,v3_stability_ranker,strong_price_momentum,18540.0,0.0038,0.0381,0.0317,18242.0,18157.5,0.0131,0.0112,kis,,,,,,6,2,2,data/raw/price_033270_20260507_20260904.csv,32,False,Broad evaluation pool candidate,44,False,Broad evaluation pool candidate
033310,2026-09-04,2026-09-04,2026-09-04,2026-09-04,HOLD,neutral,58.36,58.36,58.36,71.6,71.6,0,62.33,-2.0,2,3.97,0.0,0.0,0.0,0.0,0,0,58.36,v2_conservative_ranker,57.0,-3.0,1,12.04,0.0,0.0,0.0,67.03,67.03,v3_stability_ranker,price_momentum,1507.0,0.0203,0.0473,0.1314,1470.4,1404.65,0.6015,0.0331,kis,,,,,,,,,data/raw/price_033310_20260507_20260904.csv,33,False,Broad evaluation pool candidate,15,True,Experimental Top 20 by stability-first v3 score
161000,2026-09-04,2026-09-04,2026-09-04,2026-09-04,HOLD,neutral,58.25,58.25,58.25,70.53,70.53,0,62.97,-2.0,2,4.72,0.0,0.0,0.0,0.0,0,0,58.25,v2_conservative_ranker,57.0,-3.0,1,11.11,0.0,0.0,0.0,66.11,66.11,v3_stability_ranker,price_momentum,10605.0,0.0178,0.0397,0.1997,10647.0,9859.75,0.0846,0.0393,kis,,,,,,,,,data/raw/price_161000_20260507_20260904.csv,34,False,Broad evaluation pool candidate,20,True,Experimental Top 20 by stability-first v3 score
418420,2026-09-04,2026-09-04,2026-09-04,2026-09-04,HOLD,neutral,58.12,58.12,58.12,68.37,68.37,0,63.64,-2.0,2,5.52,0.0,0.0,0.0,0.0,0,0,58.12,v2_conservative_ranker,57.0,-3.0,1,10.1,0.0,0.16,0.0,64.94,64.94,v3_stability_ranker,price_momentum,4110.0,0.0224,0.0579,0.1385,4177.0,4009.75,0.0429,0.046,kis,,,,,,,,,data/raw/price_418420_20260507_20260904.csv,35,False,Broad evaluation pool candidate,23,False,Broad evaluation pool candidate
278650,2026-09-04,2026-09-04,2026-09-04,2026-09-04,HOLD,neutral,58.1,58.1,58.1,67.78,70.78,-3,63.75,-2.0,2,3.65,0.0,0.0,0.0,0.0,2,0,58.1,v2_conservative_ranker,57.0,-3.0,1,12.44,0.0,0.0,2.0,65.44,65.44,v3_stability_ranker,price_momentum,2425.0,0.0021,0.0475,0.1772,2411.0,2369.25,0.0347,0.0304,unknown,HLB바이오스텝,HLB바이오스텝,convertible_bond,,,,,,data/raw/price_278650_20260805_20260904.csv,36,False,Broad evaluation pool candidate,22,False,Broad evaluation pool candidate
296160,2026-09-04,2026-09-04,2026-09-04,2026-09-04,HOLD,neutral,57.92,57.92,57.92,62.46,62.46,0,53.07,1.93,3,3.08,0.0,0.0,0.0,0.0,0,3,57.92,v2_conservative_ranker,54.5,8.0,6,9.14,0.31,0.0,0.0,77.34,77.34,v3_stability_ranker,neutral,2795.0,0.0468,0.0257,0.0429,2691.0,2702.75,1.3864,0.0257,kis,,,,,,,,,data/raw/price_296160_20260507_20260904.csv,37,False,Broad evaluation pool candidate,1,True,Experimental Top 20 by stability-first v3 score
277880,2026-09-04,2026-09-04,2026-09-04,2026-09-04,HOLD,neutral,57.88,57.88,57.88,71.1,68.1,3,60.68,-2.0,2,3.8,0.0,0.0,0.0,0.0,0,1,57.88,v2_conservative_ranker,57.0,-3.0,1,12.25,0.0,0.0,0.0,67.25,67.25,v3_stability_ranker,price_momentum,3630.0,0.0154,0.0168,0.1863,3636.0,3496.75,0.0458,0.0317,unknown,티에스아이,티에스아이,supply_contract,,,,,,data/raw/price_277880_20260805_20260904.csv,38,False,Broad evaluation pool candidate,13,True,Experimental Top 20 by stability-first v3 score
061040,2026-09-04,2026-09-04,2026-09-04,2026-09-04,HOLD,neutral,57.8,57.8,57.8,67.87,67.87,0,61.64,-2.0,2,3.84,0.0,0.0,0.0,0.0,0,0,57.8,v2_conservative_ranker,57.0,-3.0,1,9.2,0.0,0.0,0.0,64.2,64.2,v3_stability_ranker,price_momentum,7490.0,0.0149,0.0374,0.14,7346.0,6762.0,0.0542,0.032,kis,,,,,,,,,data/raw/price_061040_20260507_20260904.csv,39,False,Broad evaluation pool candidate,27,False,Broad evaluation pool candidate
088790,2026-09-04,2026-09-04,2026-09-04,2026-09-04,HOLD,neutral,57.71,57.71,57.71,72.51,72.51,0,62.05,-2.0,2,4.34,0.0,0.0,0.0,0.0,0,0,57.71,v2_conservative_ranker,53.0,-3.0,1,11.57,1.91,0.0,0.0,60.66,60.66,v3_stability_ranker,price_momentum,2400.0,-0.0062,0.1401,0.03,2333.0,2237.25,0.1026,0.0362,kis,,,,,,,,,data/raw/price_088790_20260507_20260904.csv,40,False,Broad evaluation pool candidate,49,False,Broad evaluation pool candidate
007280,2026-09-04,2026-09-04,2026-09-04,2026-09-04,HOLD,neutral,57.38,57.38,57.38,69.1,69.1,0,61.6,-2.0,2,4.22,0.0,0.0,0.0,0.0,0,0,57.38,v2_conservative_ranker,48.79,-3.0,1,11.72,0.16,0.0,0.0,58.35,58.35,v3_stability_ranker,price_momentum,2370.0,0.0021,0.026,0.2832,2363.0,2288.4,0.004,0.0352,kis,,,,,,,,,data/raw/price_007280_20260507_20260904.csv,41,False,Broad evaluation pool candidate,84,False,Broad evaluation pool candidate
352700,2026-09-04,2026-09-04,2026-09-04,2026-09-04,HOLD,neutral,57.29,57.29,57.29,79.39,79.39,0,65.75,-2.0,2,2.46,0.0,0.0,6.0,0.0,0,0,57.29,v2_conservative_ranker,57.0,-3.0,1,13.93,0.0,0.0,9.0,59.92,59.92,v3_stability_ranker,strong_price_momentum,1446.0,-0.0007,0.0321,0.044,1438.0,1390.55,0.0044,0.0205,kis,,,,,,6,2,2,data/raw/price_352700_20260507_20260904.csv,42,False,Broad evaluation pool candidate,60,False,Broad evaluation pool candidate
006840,2026-09-04,2026-09-04,2026-09-04,2026-09-04,HOLD,neutral,57.19,57.19,57.19,66.14,66.14,0,59.77,-2.0,2,2.58,0.0,0.0,0.0,0.0,0,0,57.19,v2_conservative_ranker,57.0,-3.0,1,13.78,0.0,0.0,0.0,68.78,68.78,v3_stability_ranker,price_momentum,7870.0,-0.0163,0.0424,0.0722,7684.0,7555.5,0.0736,0.0215,kis,,,,,,,,,data/raw/price_006840_20260507_20260904.csv,43,False,Broad evaluation pool candidate,6,True,Experimental Top 20 by stability-first v3 score
253590,2026-09-04,2026-09-04,2026-09-04,2026-09-04,HOLD,neutral,57.16,57.16,57.16,69.58,69.58,0,62.76,-2.0,2,5.6,0.0,0.0,0.0,0.0,0,0,57.16,v2_conservative_ranker,50.81,-3.0,1,10.0,0.0,0.27,0.0,58.53,58.53,v3_stability_ranker,price_momentum,11310.0,0.0153,0.0376,0.2254,11080.0,10783.0,0.0824,0.0467,kis,,,,,,,,,data/raw/price_253590_20260507_20260904.csv,44,False,Broad evaluation pool candidate,80,False,Broad evaluation pool candidate
064290,2026-09-04,2026-09-04,2026-09-04,2026-09-04,HOLD,neutral,57.03,57.03,57.03,95.5,95.5,0,75.0,-2.0,2,8.29,8.77,0.91,0.0,0.0,0,0,57.03,v2_conservative_ranker,35.77,-3.0,1,-0.36,26.42,3.86,0.0,3.13,3.13,v3_stability_ranker,strong_price_momentum,38700.0,0.125,0.1908,0.3651,34430.0,33350.0,0.2345,0.0691,kis,,,,,,,,,data/raw/price_064290_20260507_20260904.csv,45,False,Broad evaluation pool candidate,516,False,Broad evaluation pool candidate
340360,2026-09-04,2026-09-04,2026-09-04,2026-09-04,HOLD,neutral,56.89,56.89,56.89,68.05,68.05,0,63.4,-2.0,2,4.51,0.0,0.0,3.0,0.0,0,1,56.89,v2_conservative_ranker,57.0,-3.0,1,11.36,0.0,0.0,4.5,61.86,61.86,v3_stability_ranker,price_momentum,979.0,-0.0268,0.0758,0.0806,962.8,931.3,0.0332,0.0376,unknown,다보링크,다보링크,major_shareholder_change,,,3,1,1,data/raw/price_340360_20260805_20260904.csv,46,False,Broad evaluation pool candidate,38,False,Broad evaluation pool candidate
088390,2026-09-04,2026-09-04,2026-09-04,2026-09-04,HOLD,neutral,56.44,56.44,56.44,66.11,66.11,0,60.05,-2.0,2,3.61,0.0,0.0,0.0,0.0,0,0,56.44,v2_conservative_ranker,57.0,-3.0,1,12.48,0.0,0.0,0.0,67.48,67.48,v3_stability_ranker,price_momentum,8050.0,0.0,0.0281,0.1212,8072.0,7726.5,0.042,0.0301,kis,,,,,,,,,data/raw/price_088390_20260507_20260904.csv,47,False,Broad evaluation pool candidate,12,True,Experimental Top 20 by stability-first v3 score
267320,2026-09-04,2026-09-04,2026-09-04,2026-09-04,HOLD,neutral,56.38,56.38,56.38,66.08,66.08,0,59.3,-2.0,2,2.92,0.0,0.0,0.0,0.0,0,0,56.38,v2_conservative_ranker,57.0,-3.0,1,13.36,0.0,0.0,0.0,68.36,68.36,v3_stability_ranker,price_momentum,2225.0,0.016,0.023,0.1142,2218.0,2161.5,0.0828,0.0243,kis,,,,,,,,,data/raw/price_267320_20260507_20260904.csv,48,False,Broad evaluation pool candidate,7,True,Experimental Top 20 by stability-first v3 score
493330,2026-09-04,2026-09-04,2026-09-04,2026-09-04,HOLD,neutral,56.3,56.3,56.3,77.04,81.04,-4,67.0,-2.0,2,5.03,0.97,0.0,0.0,4.7,0,0,56.3,v2_conservative_ranker,42.01,-3.0,1,7.71,10.48,0.0,7.2,30.04,30.04,v3_stability_ranker,price_momentum,13640.0,0.0225,0.154,0.3626,13398.0,11792.0,0.0391,0.0419,kis,,,,medium_attention,risk_noise_detected,,,,data/raw/price_493330_20260507_20260904.csv,49,False,Broad evaluation pool candidate,450,False,Broad evaluation pool candidate
006120,2026-09-04,2026-09-04,2026-09-04,2026-09-04,HOLD,neutral,56.29,56.29,56.29,63.75,63.75,0,58.85,-2.0,2,2.56,0.0,0.0,0.0,0.0,0,0,56.29,v2_conservative_ranker,51.0,-3.0,1,13.8,0.0,0.0,0.0,62.8,62.8,v3_stability_ranker,price_momentum,53500.0,-0.0074,0.0636,-0.0147,53240.0,52222.5,0.0421,0.0213,kis,,,,,,,,,data/raw/price_006120_20260507_20260904.csv,50,False,Broad evaluation pool candidate,33,False,Broad evaluation pool candidate
208860,2026-09-04,2026-09-04,2026-09-04,2026-09-04,HOLD,neutral,56.23,56.23,56.23,67.76,67.76,0,59.39,0.0,0,3.16,0.0,0.0,0.0,0.0,0,0,56.23,v2_conservative_ranker,40.23,-5.0,0,10.05,0.95,0.0,0.0,44.33,44.33,v3_stability_ranker,price_momentum,1303.0,0.0,0.0039,0.2991,1304.8,1168.05,0.0,0.0263,kis,,,,,,,,,data/raw/price_208860_20260507_20260904.csv,51,False,Broad evaluation pool candidate,300,False,Broad evaluation pool candidate
187660,2026-09-04,2026-09-04,2026-09-04,2026-09-04,HOLD,neutral,56.04,56.04,56.04,76.54,76.54,0,67.0,-2.0,2,9.25,0.0,1.71,0.0,0.0,0,0,56.04,v2_conservative_ranker,53.0,-3.0,1,-1.56,1.87,5.14,0.0,42.43,42.43,v3_stability_ranker,price_momentum,4780.0,-0.0627,0.13,0.2055,4904.0,4227.0,0.2079,0.0771,unknown,페니트리움바이오,페니트리움바이오,investment_decision,,,,,,data/raw/price_187660_20260805_20260904.csv,52,False,Broad evaluation pool candidate,322,False,Broad evaluation pool candidate
484870,2026-09-04,2026-09-04,2026-09-04,2026-09-04,HOLD,neutral,55.78,55.78,55.78,72.82,72.82,0,63.68,-2.0,2,7.58,0.0,0.32,0.0,0.0,0,0,55.78,v2_conservative_ranker,53.0,-3.0,1,7.52,3.18,2.91,0.0,52.43,52.43,v3_stability_ranker,price_momentum,17430.0,0.0087,0.1535,0.0766,17822.0,16705.0,0.0525,0.0632,kis,,,,,,,,,data/raw/price_484870_20260507_20260904.csv,53,False,Broad evaluation pool candidate,167,False,Broad evaluation pool candidate
071950,2026-09-04,2026-09-04,2026-09-04,2026-09-04,HOLD,neutral,55.4,55.4,55.4,62.32,62.32,0,58.86,-2.0,2,3.46,0.0,0.0,0.0,0.0,0,0,55.4,v2_conservative_ranker,48.25,-3.0,1,12.68,0.0,0.0,0.0,58.93,58.93,v3_stability_ranker,price_momentum,1794.0,-0.0234,0.0807,-0.0612,1782.4,1735.35,0.0316,0.0288,kis,,,,,,,,,data/raw/price_071950_20260507_20260904.csv,54,False,Broad evaluation pool candidate,72,False,Broad evaluation pool candidate
089860,2026-09-04,2026-09-04,2026-09-04,2026-09-04,HOLD,neutral,55.25,55.25,55.25,71.92,71.92,0,64.03,-2.0,2,3.78,0.0,0.0,6.0,0.0,0,1,55.25,v2_conservative_ranker,49.97,-3.0,1,12.28,0.0,0.0,9.0,51.25,51.25,v3_stability_ranker,price_momentum,50100.0,-0.006,0.0503,0.2494,49950.0,46475.0,0.0061,0.0315,kis,,,,,,6,2,2,data/raw/price_089860_20260507_20260904.csv,55,False,Broad evaluation pool candidate,189,False,Broad evaluation pool candidate
004710,2026-09-04,2026-09-04,2026-09-04,2026-09-04,HOLD,neutral,55.11,55.11,55.11,98.59,98.59,0,75.0,-2.0,2,6.48,13.41,0.0,0.0,0.0,0,0,55.11,v2_conservative_ranker,39.0,-3.0,1,1.9,22.94,1.44,0.0,14.52,14.52,v3_stability_ranker,strong_price_momentum,8950.0,0.0542,0.322,0.2062,7698.0,7416.5,0.4984,0.054,kis,,,,,,,,,data/raw/price_004710_20260507_20260904.csv,56,False,Broad evaluation pool candidate,499,False,Broad evaluation pool candidate
058730,2026-09-04,2026-09-04,2026-09-04,2026-09-04,HOLD,neutral,55.04,55.04,55.04,73.51,73.51,0,66.53,-2.0,2,6.49,0.0,0.0,6.0,0.0,0,1,55.04,v2_conservative_ranker,53.0,-3.0,1,8.88,0.0,1.46,9.0,49.43,49.43,v3_stability_ranker,price_momentum,3775.0,0.0189,0.1038,0.158,3697.0,3508.75,0.1062,0.0541,kis,,,,,,6,2,2,data/raw/price_058730_20260507_20260904.csv,57,False,Broad evaluation pool candidate,221,False,Broad evaluation pool candidate
028080,2026-09-04,2026-09-04,2026-09-04,2026-09-04,HOLD,neutral,54.89,54.89,54.89,63.8,63.8,0,58.26,-2.0,2,3.37,0.0,0.0,0.0,0.0,0,0,54.89,v2_conservative_ranker,57.0,-3.0,1,12.79,0.0,0.0,0.0,67.78,67.78,v3_stability_ranker,price_momentum,4875.0,-0.0366,0.0317,0.0598,4997.0,4683.0,0.0743,0.0281,kis,,,,,,,,,data/raw/price_028080_20260507_20260904.csv,58,False,Broad evaluation pool candidate,10,True,Experimental Top 20 by stability-first v3 score
044380,2026-09-04,2026-09-04,2026-09-04,2026-09-04,HOLD,neutral,54.69,54.69,54.69,81.08,81.08,0,67.0,-2.0,2,5.95,6.36,0.0,0.0,0.0,0,0,54.69,v2_conservative_ranker,34.81,-3.0,1,6.56,19.9,0.74,0.0,18.73,18.73,v3_stability_ranker,price_momentum,1098.0,0.012,0.1832,0.4077,1092.6,908.65,0.1738,0.0496,kis,,,,,,,,,data/raw/price_044380_20260507_20260904.csv,59,False,Broad evaluation pool candidate,488,False,Broad evaluation pool candidate
021240,2026-09-04,2026-09-04,2026-09-04,2026-09-04,HOLD,neutral,54.67,54.67,54.67,67.57,67.57,0,57.7,-2.0,2,2.33,0.0,0.0,0.0,0.7,0,0,54.67,v2_conservative_ranker,49.0,-3.0,1,14.09,0.0,0.0,1.0,60.09,60.09,v3_stability_ranker,price_momentum,99900.0,0.0173,-0.005,0.0342,98300.0,97225.0,0.0499,0.0194,kis,,,,medium_attention,no_risk_noise,,,,data/raw/price_021240_20260507_20260904.csv,60,False,Broad evaluation pool candidate,57,False,Broad evaluation pool candidate
126600,2026-09-04,2026-09-04,2026-09-04,2026-09-04,HOLD,neutral,54.54,54.54,54.54,62.36,62.36,0,56.32,-2.0,2,1.78,0.0,0.0,0.0,0.0,0,0,54.54,v2_conservative_ranker,57.0,-3.0,1,14.78,0.0,0.0,0.0,69.78,69.78,v3_stability_ranker,price_momentum,2975.0,0.0034,0.0241,0.0259,2983.0,2928.25,0.0222,0.0148,kis,,,,,,,,,data/raw/price_126600_20260507_20260904.csv,61,False,Broad evaluation pool candidate,2,True,Experimental Top 20 by stability-first v3 score
013700,2026-09-04,2026-09-04,2026-09-04,2026-09-04,HOLD,neutral,54.36,54.36,54.36,63.8,63.8,0,60.52,-2.0,2,6.16,0.0,0.0,0.0,0.0,0,0,54.36,v2_conservative_ranker,57.0,-3.0,1,9.3,0.0,1.01,0.0,63.3,63.3,v3_stability_ranker,price_momentum,1621.0,-0.0223,0.0492,0.0742,1649.2,1648.45,0.0508,0.0513,kis,,,,,,,,,data/raw/price_013700_20260507_20260904.csv,62,False,Broad evaluation pool candidate,30,False,Broad evaluation pool candidate
001260,2026-09-04,2026-09-04,2026-09-04,2026-09-04,HOLD,neutral,54.34,54.34,54.34,63.2,63.2,0,57.78,-2.0,2,3.44,0.0,0.0,0.0,0.0,0,0,54.34,v2_conservative_ranker,57.0,-3.0,1,12.7,0.0,0.0,0.0,67.69,67.69,v3_stability_ranker,price_momentum,7990.0,0.005,0.023,0.071,7870.0,7847.5,0.0365,0.0287,kis,,,,,,,,,data/raw/price_001260_20260507_20260904.csv,63,False,Broad evaluation pool candidate,11,True,Experimental Top 20 by stability-first v3 score
034730,2026-09-04,2026-09-04,2026-09-04,2026-09-04,HOLD,neutral,54.33,54.33,54.33,64.16,64.16,0,58.88,-2.0,2,4.55,0.0,0.0,0.0,0.0,0,0,54.33,v2_conservative_ranker,57.0,-3.0,1,11.31,0.0,0.0,0.0,66.31,66.31,v3_stability_ranker,price_momentum,557000.0,0.022,0.0258,0.0943,555600.0,552950.0,0.1099,0.0379,kis,,,,,,,,,data/raw/price_034730_20260507_20260904.csv,64,False,Broad evaluation pool candidate,19,True,Experimental Top 20 by stability-first v3 score
476060,2026-09-04,2026-09-04,2026-09-04,2026-09-04,HOLD,neutral,54.24,54.24,54.24,69.43,69.43,0,62.67,-2.0,2,7.87,0.0,0.56,0.0,0.0,0,0,54.24,v2_conservative_ranker,53.0,-3.0,1,7.16,1.02,3.3,0.0,53.85,53.85,v3_stability_ranker,price_momentum,16700.0,-0.024,0.1307,0.0477,17326.0,15314.0,0.0892,0.0656,kis,,,,medium_attention,no_risk_noise,,,,data/raw/price_476060_20260507_20260904.csv,65,False,Broad evaluation pool candidate,148,False,Broad evaluation pool candidate
407400,2026-09-04,2026-09-04,2026-09-04,2026-09-04,HOLD,neutral,54.19,54.19,54.19,63.02,63.02,0,57.09,-2.0,2,2.9,0.0,0.0,0.0,0.0,0,0,54.19,v2_conservative_ranker,49.0,-3.0,1,13.37,0.0,0.0,0.0,60.37,60.37,v3_stability_ranker,price_momentum,2135.0,0.0191,0.0143,0.0761,2130.0,2042.2,0.0343,0.0242,kis,,,,,,,,,data/raw/price_407400_20260507_20260904.csv,66,False,Broad evaluation pool candidate,53,False,Broad evaluation pool candidate
241840,2026-09-04,2026-09-04,2026-09-04,2026-09-04,HOLD,neutral,54.12,54.12,54.12,62.07,62.07,0,55.46,-2.0,2,1.34,0.0,0.0,0.0,0.0,0,0,54.12,v2_conservative_ranker,49.0,-3.0,1,15.32,0.0,0.0,0.0,62.32,62.32,v3_stability_ranker,price_momentum,2435.0,0.0,0.0104,0.0406,2453.0,2395.5,0.0203,0.0112,kis,,,,,,,,,data/raw/price_241840_20260507_20260904.csv,67,False,Broad evaluation pool candidate,35,False,Broad evaluation pool candidate
008930,2026-09-04,2026-09-04,2026-09-04,2026-09-04,HOLD,neutral,54.11,54.11,54.11,77.75,77.75,0,67.0,-2.0,2,9.44,1.58,1.87,0.0,0.0,0,0,54.11,v2_conservative_ranker,46.35,-3.0,1,2.19,10.16,5.39,0.0,31.0,31.0,v3_stability_ranker,price_momentum,53300.0,0.035,0.1978,0.2169,48640.0,46245.0,0.104,0.0787,kis,,,,,,,,,data/raw/price_008930_20260507_20260904.csv,68,False,Broad evaluation pool candidate,444,False,Broad evaluation pool candidate
040910,2026-09-04,2026-09-04,2026-09-04,2026-09-04,HOLD,neutral,53.95,53.95,53.95,63.0,63.0,0,56.23,-2.0,2,2.28,0.0,0.0,0.0,0.0,0,0,53.95,v2_conservative_ranker,49.0,-3.0,1,14.15,0.0,0.0,0.0,61.15,61.15,v3_stability_ranker,price_momentum,4525.0,0.0146,0.0011,0.089,4519.0,4479.0,0.0568,0.019,kis,,,,,,,,,data/raw/price_040910_20260507_20260904.csv,69,False,Broad evaluation pool candidate,45,False,Broad evaluation pool candidate
236810,2026-09-04,2026-09-04,2026-09-04,2026-09-04,HOLD,neutral,53.91,53.91,53.91,63.29,63.29,0,57.29,-2.0,2,3.38,0.0,0.0,0.0,0.0,0,0,53.91,v2_conservative_ranker,49.0,-3.0,1,12.77,0.0,0.0,0.0,59.77,59.77,v3_stability_ranker,price_momentum,1606.0,-0.0255,0.0012,0.1192,1632.4,1533.45,0.0044,0.0282,kis,,,,,,,,,data/raw/price_236810_20260507_20260904.csv,70,False,Broad evaluation pool candidate,61,False,Broad evaluation pool candidate
006730,2026-09-04,2026-09-04,2026-09-04,2026-09-04,HOLD,neutral,53.46,53.46,53.46,62.4,62.4,0,57.44,-2.0,2,3.98,0.0,0.0,0.0,0.0,0,0,53.46,v2_conservative_ranker,57.0,-3.0,1,12.02,0.0,0.0,0.0,67.02,67.02,v3_stability_ranker,price_momentum,11410.0,0.027,0.0233,0.0604,11210.0,10877.5,0.0619,0.0332,kis,,,,,,,,,data/raw/price_006730_20260507_20260904.csv,71,False,Broad evaluation pool candidate,16,True,Experimental Top 20 by stability-first v3 score
307870,2026-09-04,2026-09-04,2026-09-04,2026-09-04,HOLD,neutral,53.39,53.39,53.39,76.71,76.71,0,67.0,-2.0,2,7.82,5.27,0.52,0.0,0.0,0,0,53.39,v2_conservative_ranker,43.79,-3.0,1,4.22,12.48,3.23,0.0,30.3,30.3,v3_stability_ranker,price_momentum,1309.0,-0.0061,0.1294,0.3116,1286.4,1057.55,0.0482,0.0652,kis,,,,,,,,,data/raw/price_307870_20260507_20260904.csv,72,False,Broad evaluation pool candidate,449,False,Broad evaluation pool candidate
120110,2026-09-04,2026-09-04,2026-09-04,2026-09-04,HOLD,neutral,53.21,53.21,53.21,61.86,61.86,0,58.24,-2.0,2,5.03,0.0,0.0,0.0,0.0,0,0,53.21,v2_conservative_ranker,57.0,-3.0,1,10.71,0.0,0.0,0.0,65.72,65.72,v3_stability_ranker,price_momentum,58800.0,0.0103,0.0407,0.0334,58340.0,55732.5,0.051,0.0419,kis,,,,,,,,,data/raw/price_120110_20260507_20260904.csv,73,False,Broad evaluation pool candidate,21,False,Broad evaluation pool candidate
011000,2026-09-04,2026-09-04,2026-09-04,2026-09-04,HOLD,neutral,53.0,53.0,53.0,60.0,60.0,0,53.0,0.0,0,0.0,0.0,0.0,0.0,0.0,0,0,53.0,v2_conservative_ranker,43.0,-5.0,0,17.0,0.0,0.0,0.0,55.0,55.0,v3_stability_ranker,price_momentum,2670.0,0.0,0.0,0.0,2670.0,2670.0,0.0,0.0,kis,,,,,,,,,data/raw/price_011000_20260507_20260904.csv,74,False,Broad evaluation pool candidate,119,False,Broad evaluation pool candidate
011810,2026-09-04,2026-09-04,2026-09-04,2026-09-04,HOLD,neutral,53.0,53.0,53.0,60.0,60.0,0,53.0,0.0,0,0.0,0.0,0.0,0.0,0.0,0,0,53.0,v2_conservative_ranker,43.0,-5.0,0,17.0,0.0,0.0,0.0,55.0,55.0,v3_stability_ranker,price_momentum,3530.0,0.0,0.0,0.0,3530.0,3530.0,0.0,0.0,kis,,,,,,,,,data/raw/price_011810_20260507_20260904.csv,75,False,Broad evaluation pool candidate,120,False,Broad evaluation pool candidate
017040,2026-09-04,2026-09-04,2026-09-04,2026-09-04,HOLD,neutral,53.0,53.0,53.0,60.0,60.0,0,53.0,0.0,0,0.0,0.0,0.0,0.0,0.0,0,0,53.0,v2_conservative_ranker,43.0,-5.0,0,17.0,0.0,0.0,0.0,55.0,55.0,v3_stability_ranker,price_momentum,932.0,0.0,0.0,0.0,932.0,932.0,0.0,0.0,kis,,,,,,,,,data/raw/price_017040_20260507_20260904.csv,76,False,Broad evaluation pool candidate,121,False,Broad evaluation pool candidate
019490,2026-09-04,2026-09-04,2026-09-04,2026-09-04,HOLD,neutral,53.0,53.0,53.0,60.0,60.0,0,53.0,0.0,0,0.0,0.0,0.0,0.0,0.0,0,0,53.0,v2_conservative_ranker,43.0,-5.0,0,17.0,0.0,0.0,0.0,55.0,55.0,v3_stability_ranker,price_momentum,541.0,0.0,0.0,0.0,541.0,541.0,0.0,0.0,kis,,,,,,,,,data/raw/price_019490_20260507_20260904.csv,77,False,Broad evaluation pool candidate,122,False,Broad evaluation pool candidate
023440,2026-09-04,2026-09-04,2026-09-04,2026-09-04,HOLD,neutral,53.0,53.0,53.0,60.0,60.0,0,53.0,0.0,0,0.0,0.0,0.0,0.0,0.0,0,0,53.0,v2_conservative_ranker,43.0,-5.0,0,17.0,0.0,0.0,0.0,55.0,55.0,v3_stability_ranker,price_momentum,521.0,0.0,0.0,0.0,521.0,521.0,0.0,0.0,kis,,,,,,,,,data/raw/price_023440_20260507_20260904.csv,78,False,Broad evaluation pool candidate,123,False,Broad evaluation pool candidate
031860,2026-09-04,2026-09-04,2026-09-04,2026-09-04,HOLD,neutral,53.0,53.0,53.0,60.0,60.0,0,53.0,0.0,0,0.0,0.0,0.0,0.0,0.0,0,0,53.0,v2_conservative_ranker,43.0,-5.0,0,17.0,0.0,0.0,0.0,55.0,55.0,v3_stability_ranker,price_momentum,6930.0,0.0,0.0,0.0,6930.0,6930.0,0.0,0.0,kis,,,,,,,,,data/raw/price_031860_20260507_20260904.csv,79,False,Broad evaluation pool candidate,124,False,Broad evaluation pool candidate
052770,2026-09-04,2026-09-04,2026-09-04,2026-09-04,HOLD,neutral,53.0,53.0,53.0,60.0,60.0,0,53.0,0.0,0,0.0,0.0,0.0,0.0,0.0,0,0,53.0,v2_conservative_ranker,43.0,-5.0,0,17.0,0.0,0.0,0.0,55.0,55.0,v3_stability_ranker,price_momentum,312.0,0.0,0.0,0.0,312.0,312.0,0.0,0.0,kis,,,,,,,,,data/raw/price_052770_20260507_20260904.csv,80,False,Broad evaluation pool candidate,125,False,Broad evaluation pool candidate
065420,2026-09-04,2026-09-04,2026-09-04,2026-09-04,HOLD,neutral,53.0,53.0,53.0,60.0,60.0,0,53.0,0.0,0,0.0,0.0,0.0,0.0,0.0,0,0,53.0,v2_conservative_ranker,43.0,-5.0,0,17.0,0.0,0.0,0.0,55.0,55.0,v3_stability_ranker,price_momentum,940.0,0.0,0.0,0.0,940.0,940.0,0.0,0.0,kis,,,,,,,,,data/raw/price_065420_20260507_20260904.csv,81,False,Broad evaluation pool candidate,126,False,Broad evaluation pool candidate
066410,2026-09-04,2026-09-04,2026-09-04,2026-09-04,HOLD,neutral,53.0,53.0,53.0,60.0,60.0,0,53.0,0.0,0,0.0,0.0,0.0,0.0,0.0,0,0,53.0,v2_conservative_ranker,43.0,-5.0,0,17.0,0.0,0.0,0.0,55.0,55.0,v3_stability_ranker,price_momentum,1153.0,0.0,0.0,0.0,1153.0,1153.0,0.0,0.0,kis,,,,,,,,,data/raw/price_066410_20260507_20260904.csv,82,False,Broad evaluation pool candidate,127,False,Broad evaluation pool candidate
066790,2026-09-04,2026-09-04,2026-09-04,2026-09-04,HOLD,neutral,53.0,53.0,53.0,60.0,60.0,0,53.0,0.0,0,0.0,0.0,0.0,0.0,0.0,0,0,53.0,v2_conservative_ranker,43.0,-5.0,0,17.0,0.0,0.0,0.0,55.0,55.0,v3_stability_ranker,price_momentum,2205.0,0.0,0.0,0.0,2205.0,2205.0,0.0,0.0,kis,,,,low_attention,no_risk_noise,,,,data/raw/price_066790_20260507_20260904.csv,83,False,Broad evaluation pool candidate,128,False,Broad evaluation pool candidate
068240,2026-09-04,2026-09-04,2026-09-04,2026-09-04,HOLD,neutral,53.0,53.0,53.0,60.0,60.0,0,53.0,0.0,0,0.0,0.0,0.0,0.0,0.0,0,0,53.0,v2_conservative_ranker,43.0,-5.0,0,17.0,0.0,0.0,0.0,55.0,55.0,v3_stability_ranker,price_momentum,2530.0,0.0,0.0,0.0,2530.0,2530.0,0.0,0.0,kis,,,,,,,,,data/raw/price_068240_20260507_20260904.csv,84,False,Broad evaluation pool candidate,129,False,Broad evaluation pool candidate
069460,2026-09-04,2026-09-04,2026-09-04,2026-09-04,HOLD,neutral,53.0,53.0,53.0,60.0,60.0,0,53.0,0.0,0,0.0,0.0,0.0,0.0,0.0,0,0,53.0,v2_conservative_ranker,43.0,-5.0,0,17.0,0.0,0.0,0.0,55.0,55.0,v3_stability_ranker,price_momentum,2660.0,0.0,0.0,0.0,2660.0,2660.0,0.0,0.0,kis,,,,,,,,,data/raw/price_069460_20260507_20260904.csv,85,False,Broad evaluation pool candidate,130,False,Broad evaluation pool candidate
073640,2026-09-04,2026-09-04,2026-09-04,2026-09-04,HOLD,neutral,53.0,53.0,53.0,60.0,60.0,0,53.0,0.0,0,0.0,0.0,0.0,0.0,0.0,0,0,53.0,v2_conservative_ranker,43.0,-5.0,0,17.0,0.0,0.0,0.0,55.0,55.0,v3_stability_ranker,price_momentum,654.0,0.0,0.0,0.0,654.0,654.0,0.0,0.0,kis,,,,,,,,,data/raw/price_073640_20260507_20260904.csv,86,False,Broad evaluation pool candidate,131,False,Broad evaluation pool candidate
074610,2026-09-04,2026-09-04,2026-09-04,2026-09-04,HOLD,neutral,53.0,53.0,53.0,60.0,60.0,0,53.0,0.0,0,0.0,0.0,0.0,0.0,0.0,0,0,53.0,v2_conservative_ranker,43.0,-5.0,0,17.0,0.0,0.0,0.0,55.0,55.0,v3_stability_ranker,price_momentum,5110.0,0.0,0.0,0.0,5110.0,5110.0,0.0,0.0,kis,,,,,,,,,data/raw/price_074610_20260507_20260904.csv,87,False,Broad evaluation pool candidate,132,False,Broad evaluation pool candidate
087260,2026-09-04,2026-09-04,2026-09-04,2026-09-04,HOLD,neutral,53.0,53.0,53.0,60.0,60.0,0,53.0,0.0,0,0.0,0.0,0.0,0.0,0.0,0,0,53.0,v2_conservative_ranker,43.0,-5.0,0,17.0,0.0,0.0,0.0,55.0,55.0,v3_stability_ranker,price_momentum,247.0,0.0,0.0,0.0,247.0,247.0,0.0,0.0,kis,,,,,,,,,data/raw/price_087260_20260507_20260904.csv,88,False,Broad evaluation pool candidate,133,False,Broad evaluation pool candidate
183490,2026-09-04,2026-09-04,2026-09-04,2026-09-04,HOLD,neutral,53.0,53.0,53.0,60.0,60.0,0,53.0,0.0,0,0.0,0.0,0.0,0.0,0.0,0,0,53.0,v2_conservative_ranker,43.0,-5.0,0,17.0,0.0,0.0,0.0,55.0,55.0,v3_stability_ranker,price_momentum,990.0,0.0,0.0,0.0,990.0,990.0,0.0,0.0,kis,,,,,,,,,data/raw/price_183490_20260507_20260904.csv,89,False,Broad evaluation pool candidate,134,False,Broad evaluation pool candidate
276040,2026-09-04,2026-09-04,2026-09-04,2026-09-04,HOLD,neutral,53.0,53.0,53.0,60.0,60.0,0,53.0,0.0,0,0.0,0.0,0.0,0.0,0.0,0,0,53.0,v2_conservative_ranker,43.0,-5.0,0,17.0,0.0,0.0,0.0,55.0,55.0,v3_stability_ranker,price_momentum,327.0,0.0,0.0,0.0,327.0,327.0,0.0,0.0,kis,,,,,,,,,data/raw/price_276040_20260507_20260904.csv,90,False,Broad evaluation pool candidate,135,False,Broad evaluation pool candidate
288330,2026-09-04,2026-09-04,2026-09-04,2026-09-04,HOLD,neutral,53.0,53.0,53.0,60.0,60.0,0,53.0,0.0,0,0.0,0.0,0.0,0.0,0.0,0,0,53.0,v2_conservative_ranker,43.0,-5.0,0,17.0,0.0,0.0,0.0,55.0,55.0,v3_stability_ranker,price_momentum,416.0,0.0,0.0,0.0,416.0,416.0,0.0,0.0,kis,,,,,,,,,data/raw/price_288330_20260507_20260904.csv,91,False,Broad evaluation pool candidate,136,False,Broad evaluation pool candidate
294090,2026-09-04,2026-09-04,2026-09-04,2026-09-04,HOLD,neutral,53.0,53.0,53.0,60.0,60.0,0,53.0,0.0,0,0.0,0.0,0.0,0.0,0.0,0,0,53.0,v2_conservative_ranker,43.0,-5.0,0,17.0,0.0,0.0,0.0,55.0,55.0,v3_stability_ranker,price_momentum,1490.0,0.0,0.0,0.0,1490.0,1490.0,0.0,0.0,kis,,,,,,,,,data/raw/price_294090_20260507_20260904.csv,92,False,Broad evaluation pool candidate,137,False,Broad evaluation pool candidate
348950,2026-09-04,2026-09-04,2026-09-04,2026-09-04,HOLD,neutral,53.0,53.0,53.0,60.0,60.0,0,53.0,0.0,0,0.0,0.0,0.0,0.0,0.0,0,0,53.0,v2_conservative_ranker,43.0,-5.0,0,17.0,0.0,0.0,0.0,55.0,55.0,v3_stability_ranker,price_momentum,1182.0,0.0,0.0,0.0,1182.0,1182.0,0.0,0.0,kis,,,,,,,,,data/raw/price_348950_20260507_20260904.csv,93,False,Broad evaluation pool candidate,138,False,Broad evaluation pool candidate
380540,2026-09-04,2026-09-04,2026-09-04,2026-09-04,HOLD,neutral,53.0,53.0,53.0,60.0,60.0,0,53.0,0.0,0,0.0,0.0,0.0,0.0,0.0,0,0,53.0,v2_conservative_ranker,43.0,-5.0,0,17.0,0.0,0.0,0.0,55.0,55.0,v3_stability_ranker,price_momentum,8450.0,0.0,0.0,0.0,8450.0,8450.0,0.0,0.0,kis,,,,,,,,,data/raw/price_380540_20260507_20260904.csv,94,False,Broad evaluation pool candidate,139,False,Broad evaluation pool candidate
006220,2026-09-04,2026-09-04,2026-09-04,2026-09-04,HOLD,neutral,52.99,52.99,52.99,69.09,69.09,0,60.89,-2.0,2,1.9,0.0,0.0,6.0,0.0,0,0,52.99,v2_conservative_ranker,57.0,-3.0,1,14.63,0.0,0.0,10.6,59.03,59.03,v3_stability_ranker,price_momentum,10250.0,0.0179,0.0364,0.1214,10132.0,9561.5,0.1592,0.0158,kis,,,,,,7,3,2,data/raw/price_006220_20260507_20260904.csv,95,False,Broad evaluation pool candidate,70,False,Broad evaluation pool candidate
114450,2026-09-04,2026-09-04,2026-09-04,2026-09-04,HOLD,neutral,52.98,52.98,52.98,60.79,60.79,0,56.26,-2.0,2,3.28,0.0,0.0,0.0,0.0,0,0,52.98,v2_conservative_ranker,51.0,-3.0,1,12.9,0.0,0.0,0.0,61.91,61.91,v3_stability_ranker,price_momentum,2320.0,-0.0064,0.0311,0.0043,2286.0,2250.25,0.0318,0.0273,kis,,,,,,,,,data/raw/price_114450_20260507_20260904.csv,96,False,Broad evaluation pool candidate,37,False,Broad evaluation pool candidate
230360,2026-06-29,2026-06-29,2026-06-29,2026-09-04,HOLD,neutral,52.98,52.98,52.98,59.98,59.98,0,53.0,0.0,0,0.02,0.0,0.0,0.0,0.0,0,0,52.98,v2_conservative_ranker,43.0,-5.0,0,16.97,0.0,0.0,0.0,54.97,54.97,v3_stability_ranker,price_momentum,16000.0,0.0,0.0,0.0,16000.0,16000.5,0.0,0.0002,kis,,,,,,,,,data/raw/price_230360_20260507_20260904.csv,97,False,Broad evaluation pool candidate,140,False,Broad evaluation pool candidate
480370,2026-09-04,2026-09-04,2026-09-04,2026-09-04,HOLD,neutral,52.84,52.84,52.84,62.29,62.29,0,57.07,-2.0,2,4.24,0.0,0.0,0.0,0.0,0,0,52.84,v2_conservative_ranker,49.0,-3.0,1,11.71,0.0,0.0,0.0,58.7,58.7,v3_stability_ranker,price_momentum,1442.0,0.0155,0.0028,0.1084,1436.4,1418.45,0.0201,0.0353,kis,,,,,,,,,data/raw/price_480370_20260507_20260904.csv,98,False,Broad evaluation pool candidate,77,False,Broad evaluation pool candidate
025980,2026-09-04,2026-09-04,2026-09-04,2026-09-04,HOLD,neutral,52.79,52.79,52.79,74.67,74.67,0,67.0,-2.0,2,6.95,7.26,0.0,0.0,0.0,0,0,52.79,v2_conservative_ranker,43.0,-3.0,1,1.31,17.41,2.06,0.0,22.84,22.84,v3_stability_ranker,price_momentum,5730.0,0.0611,0.0873,0.4711,5386.0,4855.0,0.288,0.0579,kis,,,,,,,,,data/raw/price_025980_20260507_20260904.csv,99,False,Broad evaluation pool candidate,479,False,Broad evaluation pool candidate
046390,2026-09-04,2026-09-04,2026-09-04,2026-09-04,HOLD,neutral,52.78,52.78,52.78,61.02,61.02,0,55.63,-2.0,2,2.84,0.0,0.0,0.0,0.0,0,0,52.78,v2_conservative_ranker,49.0,-3.0,1,13.45,0.0,0.0,0.0,60.45,60.45,v3_stability_ranker,price_momentum,2160.0,0.0117,0.0093,0.0485,2116.0,2090.5,0.0053,0.0237,kis,,,,,,,,,data/raw/price_046390_20260507_20260904.csv,100,False,Broad evaluation pool candidate,51,False,Broad evaluation pool candidate
182360,2026-09-04,2026-09-04,2026-09-04,2026-09-04,HOLD,neutral,52.56,52.56,52.56,60.79,60.79,0,55.58,-2.0,2,3.02,0.0,0.0,0.0,0.0,0,0,52.56,v2_conservative_ranker,51.0,-3.0,1,13.22,0.0,0.0,0.0,62.22,62.22,v3_stability_ranker,price_momentum,5830.0,0.0282,0.0228,0.0087,5754.0,5742.0,0.0984,0.0252,kis,,,,,,,,,data/raw/price_182360_20260507_20260904.csv,101,False,Broad evaluation pool candidate,36,False,Broad evaluation pool candidate
206950,2026-09-04,2026-09-04,2026-09-04,2026-09-04,HOLD,neutral,52.35,52.35,52.35,88.89,92.89,-4,75.0,0.0,0,10.0,4.04,3.91,0.0,4.7,0,0,52.35,v2_conservative_ranker,47.31,-5.0,0,2.0,13.9,8.66,7.2,14.55,14.55,v3_stability_ranker,strong_price_momentum,1999.0,0.0,0.1842,0.1977,1824.8,1649.65,0.0,0.0991,kis,,,,low_attention,risk_noise_detected,,,,data/raw/price_206950_20260507_20260904.csv,102,False,Broad evaluation pool candidate,498,False,Broad evaluation pool candidate
317400,2026-09-04,2026-09-04,2026-09-04,2026-09-04,HOLD,neutral,52.23,52.23,52.23,67.66,67.66,0,60.96,-2.0,2,6.07,2.66,0.0,0.0,0.0,0,0,52.23,v2_conservative_ranker,44.38,-3.0,1,6.41,6.89,0.9,0.0,41.0,41.0,v3_stability_ranker,price_momentum,11470.0,0.0205,0.0196,0.4091,11052.0,10194.0,0.1274,0.0506,kis,,,,,,,,,data/raw/price_317400_20260507_20260904.csv,103,False,Broad evaluation pool candidate,348,False,Broad evaluation pool candidate
148250,2026-09-04,2026-09-04,2026-09-04,2026-09-04,HOLD,neutral,51.93,51.93,51.93,61.82,61.82,0,61.4,-2.0,2,8.44,0.0,1.03,0.0,0.0,0,0,51.93,v2_conservative_ranker,51.0,-3.0,1,6.46,0.0,4.05,0.0,51.41,51.41,v3_stability_ranker,price_momentum,1795.0,0.0199,0.0807,0.0113,1753.8,1679.9,0.0358,0.0703,kis,,,,,,,,,data/raw/price_148250_20260507_20260904.csv,104,False,Broad evaluation pool candidate,186,False,Broad evaluation pool candidate
045390,2026-09-04,2026-09-04,2026-09-04,2026-09-04,HOLD,neutral,51.87,51.87,51.87,79.63,79.63,0,67.0,-2.0,2,7.28,7.77,0.07,0.0,0.0,0,0,51.87,v2_conservative_ranker,33.91,-3.0,1,4.89,21.58,2.51,0.0,12.71,12.71,v3_stability_ranker,price_momentum,3735.0,0.0122,0.1857,0.4283,3563.0,3078.5,0.1165,0.0607,kis,,,,,,,,,data/raw/price_045390_20260507_20260904.csv,105,False,Broad evaluation pool candidate,502,False,Broad evaluation pool candidate
033530,2026-09-04,2026-09-04,2026-09-04,2026-09-04,HOLD,neutral,51.76,51.76,51.76,60.44,60.44,0,54.51,-2.0,2,2.75,0.0,0.0,0.0,0.0,0,0,51.76,v2_conservative_ranker,49.0,-3.0,1,13.56,0.0,0.0,0.0,60.56,60.56,v3_stability_ranker,price_momentum,7060.0,0.0247,0.0028,0.0352,6964.0,6935.5,0.1148,0.0229,kis,,,,,,,,,data/raw/price_033530_20260507_20260904.csv,106,False,Broad evaluation pool candidate,50,False,Broad evaluation pool candidate
144510,2026-09-04,2026-09-04,2026-09-04,2026-09-04,HOLD,neutral,51.67,51.67,51.67,56.39,56.39,0,55.68,-2.0,2,4.01,0.0,0.0,0.0,0.0,0,0,51.67,v2_conservative_ranker,48.5,-3.0,1,11.99,0.0,0.0,0.0,58.49,58.49,v3_stability_ranker,neutral,14430.0,-0.0224,0.0697,-0.0082,13998.0,14143.0,0.1951,0.0334,kis,,,,,,,,,data/raw/price_144510_20260507_20260904.csv,107,False,Broad evaluation pool candidate,81,False,Broad evaluation pool candidate
054220,2026-09-04,2026-09-04,2026-09-04,2026-09-04,HOLD,neutral,51.6,51.6,51.6,59.1,59.1,0,57.93,-2.0,2,6.34,0.0,0.0,0.0,0.0,0,0,51.6,v2_conservative_ranker,54.5,-3.0,1,9.08,0.0,1.25,0.0,60.33,60.33,v3_stability_ranker,neutral,1679.0,-0.0006,0.0301,0.1692,1604.0,1637.65,0.1514,0.0528,kis,,,,,,,,,data/raw/price_054220_20260507_20260904.csv,108,False,Broad evaluation pool candidate,55,False,Broad evaluation pool candidate
080420,2026-09-04,2026-09-04,2026-09-04,2026-09-04,HOLD,neutral,51.53,51.53,51.53,58.11,58.11,0,53.72,-2.0,2,2.2,0.0,0.0,0.0,0.0,0,0,51.53,v2_conservative_ranker,48.64,-3.0,1,14.25,0.0,0.0,0.0,60.89,60.89,v3_stability_ranker,price_momentum,1680.0,-0.0006,0.0256,-0.0525,1663.2,1655.3,0.0009,0.0183,kis,,,,,,,,,data/raw/price_080420_20260507_20260904.csv,109,False,Broad evaluation pool candidate,47,False,Broad evaluation pool candidate
079950,2026-09-04,2026-09-04,2026-09-04,2026-09-04,HOLD,neutral,51.37,51.37,51.37,94.97,94.97,0,74.91,-2.0,2,6.54,17.0,0.0,0.0,0.0,0,0,51.37,v2_conservative_ranker,39.0,-3.0,1,1.82,26.0,1.52,0.0,11.31,11.31,v3_stability_ranker,strong_price_momentum,1350.0,0.0425,0.3932,0.1688,1182.0,1039.6,0.1635,0.0545,kis,,,,,,,,,data/raw/price_079950_20260507_20260904.csv,110,False,Broad evaluation pool candidate,506,False,Broad evaluation pool candidate
134790,2026-09-04,2026-09-04,2026-09-04,2026-09-04,HOLD,neutral,51.36,51.36,51.36,60.53,60.53,0,55.13,-2.0,2,3.77,0.0,0.0,0.0,0.0,0,0,51.36,v2_conservative_ranker,49.0,-3.0,1,12.29,0.0,0.0,0.0,59.29,59.29,v3_stability_ranker,price_momentum,19920.0,0.0025,0.0112,0.0289,19950.0,19788.0,0.1842,0.0314,kis,,,,,,,,,data/raw/price_134790_20260507_20260904.csv,111,False,Broad evaluation pool candidate,68,False,Broad evaluation pool candidate
199290,2026-09-04,2026-09-04,2026-09-04,2026-09-04,HOLD,neutral,51.35,51.35,51.35,74.29,74.29,0,55.16,0.0,3,6.82,0.0,0.0,0.0,0.0,0,0,51.35,v2_conservative_ranker,51.0,-9.0,4,8.48,0.0,1.89,0.0,52.59,52.59,v3_stability_ranker,price_momentum,395.0,0.0128,0.026,-0.0125,392.0,393.35,8.6195,0.0568,kis,,,,,,,,,data/raw/price_199290_20260507_20260904.csv,112,False,Broad evaluation pool candidate,165,False,Broad evaluation pool candidate
000500,2026-09-04,2026-09-04,2026-09-04,2026-09-04,HOLD,neutral,51.33,51.33,51.33,72.23,72.23,0,62.92,-2.0,2,7.67,3.53,0.39,0.0,0.0,0,0,51.33,v2_conservative_ranker,45.86,-3.0,1,4.42,10.82,3.02,0.0,34.43,34.43,v3_stability_ranker,price_momentum,212000.0,0.0168,0.0392,0.3669,208000.0,177230.0,0.7833,0.0639,kis,,,,,,,,,data/raw/price_000500_20260507_20260904.csv,113,False,Broad evaluation pool candidate,421,False,Broad evaluation pool candidate
073190,2026-09-04,2026-09-04,2026-09-04,2026-09-04,HOLD,neutral,51.29,51.29,51.29,57.48,57.48,0,54.99,0.0,0,3.7,0.0,0.0,0.0,0.0,0,0,51.29,v2_conservative_ranker,46.5,-5.0,0,12.38,0.0,0.0,0.0,53.88,53.88,v3_stability_ranker,neutral,1622.0,0.0,0.0,0.1711,1622.0,1611.4,0.0,0.0308,kis,,,,,,,,,data/raw/price_073190_20260507_20260904.csv,114,False,Broad evaluation pool candidate,147,False,Broad evaluation pool candidate
067630,2026-09-04,2026-09-04,2026-09-04,2026-09-04,HOLD,neutral,51.09,51.09,51.09,57.07,57.07,0,55.51,-2.0,2,4.42,0.0,0.0,0.0,0.0,0,0,51.09,v2_conservative_ranker,54.5,-3.0,1,11.48,0.0,0.0,0.0,63.98,63.98,v3_stability_ranker,neutral,2690.0,0.0228,0.017,0.1374,2684.0,2829.25,0.0295,0.0368,kis,,,,,,,,,data/raw/price_067630_20260507_20260904.csv,115,False,Broad evaluation pool candidate,28,False,Broad evaluation pool candidate
131100,2026-09-04,2026-09-04,2026-09-04,2026-09-04,HOLD,neutral,50.98,50.98,50.98,57.75,57.75,0,50.13,0.0,3,2.15,0.0,0.0,0.0,0.0,0,0,50.98,v2_conservative_ranker,40.5,2.0,6,10.31,0.15,0.0,0.0,58.66,58.66,v3_stability_ranker,neutral,2280.0,0.0459,0.0066,0.0133,2261.0,2266.75,1.0354,0.0179,kis,,,,,,,,,data/raw/price_131100_20260507_20260904.csv,116,False,Broad evaluation pool candidate,78,False,Broad evaluation pool candidate
030000,2026-09-04,2026-09-04,2026-09-04,2026-09-04,HOLD,neutral,50.93,50.93,50.93,65.14,65.14,0,55.02,-2.0,2,1.09,0.0,0.0,3.0,0.0,0,0,50.93,v2_conservative_ranker,43.0,-3.0,1,15.63,0.0,0.0,4.5,52.13,52.13,v3_stability_ranker,price_momentum,19000.0,0.0032,-0.0176,-0.0063,19038.0,19004.5,0.0209,0.0091,kis,,,,,,3,1,1,data/raw/price_030000_20260507_20260904.csv,117,False,Broad evaluation pool candidate,174,False,Broad evaluation pool candidate
469750,2026-09-04,2026-09-04,2026-09-04,2026-09-04,HOLD,neutral,50.69,50.69,50.69,62.43,59.43,3,55.53,-2.0,2,3.43,0.0,0.0,0.0,1.4,0,0,50.69,v2_conservative_ranker,51.0,-3.0,1,12.71,0.0,0.0,2.0,59.71,59.71,v3_stability_ranker,price_momentum,979.0,0.0,0.036,-0.0307,975.6,965.95,0.038,0.0286,kis,,,,high_attention,no_risk_noise,,,,data/raw/price_469750_20260507_20260904.csv,118,False,Broad evaluation pool candidate,62,False,Broad evaluation pool candidate
083470,2026-09-04,2026-09-04,2026-09-04,2026-09-04,HOLD,neutral,50.58,50.58,50.58,57.79,57.79,0,58.64,-2.0,2,7.67,0.0,0.39,0.0,0.0,0,0,50.58,v2_conservative_ranker,54.5,-3.0,1,7.42,0.0,3.02,0.0,56.89,56.89,v3_stability_ranker,neutral,944.0,0.0151,0.0385,0.1654,940.8,946.9,0.0095,0.0639,kis,,,,,,,,,data/raw/price_083470_20260507_20260904.csv,119,False,Broad evaluation pool candidate,99,False,Broad evaluation pool candidate
005820,2026-09-04,2026-09-04,2026-09-04,2026-09-04,HOLD,neutral,50.5,50.5,50.5,66.05,66.05,0,58.52,-2.0,2,2.02,0.0,0.0,6.0,0.0,0,0,50.5,v2_conservative_ranker,49.0,-3.0,1,14.48,0.0,0.0,9.0,52.48,52.48,v3_stability_ranker,price_momentum,15420.0,0.0219,0.0138,0.1182,15368.0,15085.0,0.074,0.0168,kis,,,,,,6,2,2,data/raw/price_005820_20260507_20260904.csv,120,False,Broad evaluation pool candidate,166,False,Broad evaluation pool candidate
010960,2026-09-04,2026-09-04,2026-09-04,2026-09-04,HOLD,neutral,50.39,50.39,50.39,56.54,53.54,3,51.56,-2.0,2,2.17,0.0,0.0,0.0,0.0,0,1,50.39,v2_conservative_ranker,46.5,-3.0,1,14.29,0.0,0.0,0.0,58.78,58.78,v3_stability_ranker,neutral,3170.0,0.0048,0.0112,0.0411,3132.0,3152.25,0.0292,0.0181,unknown,삼호개발,삼호개발,supply_contract,,,,,,data/raw/price_010960_20260805_20260904.csv,121,False,Broad evaluation pool candidate,75,False,Broad evaluation pool candidate
413630,2026-09-04,2026-09-04,2026-09-04,2026-09-04,HOLD,neutral,50.21,50.21,50.21,58.77,61.77,-3,60.12,-2.0,2,7.58,0.0,0.32,0.0,0.0,2,0,50.21,v2_conservative_ranker,57.0,-3.0,1,3.52,0.17,2.91,2.0,53.44,53.44,v3_stability_ranker,price_momentum,4210.0,0.046,0.0631,0.0231,4162.0,3830.5,0.1042,0.0632,unknown,씨피시스템,씨피시스템,convertible_bond,,,,,,data/raw/price_413630_20260805_20260904.csv,122,False,Broad evaluation pool candidate,152,False,Broad evaluation pool candidate
027740,2026-09-04,2026-09-04,2026-09-04,2026-09-04,HOLD,neutral,49.87,49.87,49.87,57.84,57.84,0,54.67,-2.0,2,4.8,0.0,0.0,0.0,0.0,0,0,49.87,v2_conservative_ranker,39.59,-3.0,1,8.0,0.0,0.0,0.0,45.59,45.59,v3_stability_ranker,neutral,1520.0,0.0086,-0.0033,0.2459,1524.2,1358.3,0.0279,0.04,kis,,,,,,,,,data/raw/price_027740_20260507_20260904.csv,123,False,Broad evaluation pool candidate,285,False,Broad evaluation pool candidate
064960,2026-09-04,2026-09-04,2026-09-04,2026-09-04,HOLD,neutral,49.84,49.84,49.84,53.23,53.23,0,52.36,-2.0,2,2.52,0.0,0.0,0.0,0.0,0,0,49.84,v2_conservative_ranker,48.5,-3.0,1,13.85,0.0,0.0,0.0,60.35,60.35,v3_stability_ranker,neutral,26850.0,0.0019,0.0387,-0.0147,26400.0,26895.0,0.0329,0.021,kis,,,,,,,,,data/raw/price_064960_20260507_20260904.csv,124,False,Broad evaluation pool candidate,54,False,Broad evaluation pool candidate
352940,2026-09-04,2026-09-04,2026-09-04,2026-09-04,HOLD,neutral,49.7,49.7,49.7,53.28,53.28,0,51.25,-2.0,2,1.55,0.0,0.0,0.0,0.0,0,0,49.7,v2_conservative_ranker,48.5,-3.0,1,15.06,0.0,0.0,0.0,61.56,61.56,v3_stability_ranker,neutral,2015.0,0.0025,0.0177,0.0136,2014.0,2015.85,0.0208,0.0129,kis,,,,,,,,,data/raw/price_352940_20260507_20260904.csv,125,False,Broad evaluation pool candidate,41,False,Broad evaluation pool candidate
009730,2026-09-04,2026-09-04,2026-09-04,2026-09-04,HOLD,neutral,49.27,49.27,49.27,54.73,54.73,0,56.35,-2.0,2,7.08,0.0,0.0,0.0,0.0,0,0,49.27,v2_conservative_ranker,54.5,-3.0,1,8.15,0.0,2.24,0.0,58.41,58.41,v3_stability_ranker,neutral,2030.0,-0.0098,0.0464,0.0775,2001.8,2108.3,0.019,0.059,kis,,,,,,,,,data/raw/price_009730_20260507_20260904.csv,126,False,Broad evaluation pool candidate,82,False,Broad evaluation pool candidate
015360,2026-09-04,2026-09-04,2026-09-04,2026-09-04,HOLD,neutral,49.01,49.01,49.01,52.34,52.34,0,50.42,-2.0,2,1.42,0.0,0.0,0.0,0.0,0,0,49.01,v2_conservative_ranker,48.5,-3.0,1,15.23,0.0,0.0,0.0,61.73,61.73,v3_stability_ranker,neutral,14230.0,0.0121,0.0157,-0.0042,14138.0,14158.5,0.0264,0.0118,kis,,,,,,,,,data/raw/price_015360_20260507_20260904.csv,127,False,Broad evaluation pool candidate,40,False,Broad evaluation pool candidate
010580,2026-09-04,2026-09-04,2026-09-04,2026-09-04,HOLD,neutral,49.0,49.0,49.0,65.16,65.16,0,59.37,-2.0,2,4.37,0.0,0.0,6.0,0.0,0,0,49.0,v2_conservative_ranker,49.0,-3.0,1,11.54,0.0,0.0,9.0,49.54,49.54,v3_stability_ranker,price_momentum,1740.0,0.0017,0.0128,0.1455,1731.6,1601.35,0.0408,0.0364,kis,,,,,,6,2,2,data/raw/price_010580_20260507_20260904.csv,128,False,Broad evaluation pool candidate,219,False,Broad evaluation pool candidate
383800,2026-09-04,2026-09-04,2026-09-04,2026-09-04,HOLD,neutral,48.97,48.97,48.97,53.37,53.37,0,50.68,-2.0,2,1.72,0.0,0.0,0.0,0.0,0,0,48.97,v2_conservative_ranker,46.5,-3.0,1,14.86,0.0,0.0,0.0,59.36,59.36,v3_stability_ranker,neutral,8160.0,0.0049,-0.0012,0.0515,8162.0,8123.5,0.0575,0.0143,kis,,,,,,,,,data/raw/price_383800_20260507_20260904.csv,129,False,Broad evaluation pool candidate,66,False,Broad evaluation pool candidate
373170,2026-09-04,2026-09-04,2026-09-04,2026-09-04,HOLD,neutral,48.96,48.96,48.96,83.64,83.64,0,67.0,0.0,2,8.76,9.98,1.3,0.0,0.0,0,0,48.96,v2_conservative_ranker,32.25,2.0,6,-0.95,22.58,4.48,0.0,12.24,12.24,v3_stability_ranker,price_momentum,2170.0,-0.0586,0.266,0.3152,2018.4,1805.75,0.9895,0.073,kis,,,,medium_attention,no_risk_noise,,,,data/raw/price_373170_20260507_20260904.csv,130,False,Broad evaluation pool candidate,505,False,Broad evaluation pool candidate
053580,2026-09-04,2026-09-04,2026-09-04,2026-09-04,HOLD,neutral,48.93,48.93,48.93,54.53,54.53,0,50.98,-2.0,2,2.05,0.0,0.0,0.0,0.0,0,0,48.93,v2_conservative_ranker,46.5,-3.0,1,14.44,0.0,0.0,0.0,58.94,58.94,v3_stability_ranker,neutral,7180.0,0.0243,0.0056,0.0406,7048.0,7083.0,0.2742,0.0171,kis,,,,,,,,,data/raw/price_053580_20260507_20260904.csv,131,False,Broad evaluation pool candidate,71,False,Broad evaluation pool candidate
191410,2026-09-04,2026-09-04,2026-09-04,2026-09-04,HOLD,neutral,48.91,48.91,48.91,63.17,66.17,-3,60.89,-2.0,2,6.98,3.0,0.0,0.0,0.0,2,0,48.91,v2_conservative_ranker,48.17,-3.0,1,5.27,7.85,2.11,2.0,39.48,39.48,v3_stability_ranker,price_momentum,1829.0,0.0005,0.0189,0.3009,1830.4,1524.15,0.016,0.0582,unknown,육일씨엔에쓰,육일씨엔에쓰,paid_in_capital_increase,,,,,,data/raw/price_191410_20260805_20260904.csv,132,False,Broad evaluation pool candidate,368,False,Broad evaluation pool candidate
007460,2026-09-04,2026-09-04,2026-09-04,2026-09-04,HOLD,neutral,48.89,48.89,48.89,66.04,69.04,-3,60.48,2.6,3,8.83,8.0,1.36,0.0,0.0,2,3,48.89,v2_conservative_ranker,51.0,8.0,6,1.96,12.0,4.58,2.0,48.38,48.38,v3_stability_ranker,price_momentum,2580.0,0.2404,0.0795,-0.0134,2244.0,2433.0,1.5195,0.0736,unknown,에이프로젠,에이프로젠,convertible_bond,,,,,,data/raw/price_007460_20260805_20260904.csv,133,False,Broad evaluation pool candidate,237,False,Broad evaluation pool candidate
900120,2026-09-04,2026-09-04,2026-09-04,2026-09-04,HOLD,neutral,48.84,48.84,48.84,56.87,56.87,0,55.0,0.0,0,6.16,0.0,0.0,0.0,0.0,0,0,48.84,v2_conservative_ranker,37.64,-5.0,0,9.3,1.08,1.01,0.0,39.86,39.86,v3_stability_ranker,neutral,1040.0,0.0,0.0,0.3016,1040.0,982.05,0.0,0.0513,kis,,,,,,,,,data/raw/price_900120_20260507_20260904.csv,134,False,Broad evaluation pool candidate,362,False,Broad evaluation pool candidate
115160,2026-09-04,2026-09-04,2026-09-04,2026-09-04,HOLD,neutral,48.68,48.68,48.68,56.44,56.44,0,52.81,-2.0,2,4.13,0.0,0.0,0.0,0.0,0,0,48.68,v2_conservative_ranker,43.0,-3.0,1,11.84,0.0,0.0,0.0,52.84,52.84,v3_stability_ranker,price_momentum,5320.0,-0.0112,0.0095,-0.0327,5374.0,5347.5,0.0937,0.0344,kis,,,,,,,,,data/raw/price_115160_20260507_20260904.csv,135,False,Broad evaluation pool candidate,160,False,Broad evaluation pool candidate
115480,2026-09-04,2026-09-04,2026-09-04,2026-09-04,HOLD,neutral,48.6,48.6,48.6,56.61,56.61,0,53.29,-2.0,2,4.69,0.0,0.0,0.0,0.0,0,0,48.6,v2_conservative_ranker,40.27,-3.0,1,11.13,0.0,0.0,0.0,49.4,49.4,v3_stability_ranker,neutral,2300.0,0.0132,-0.0171,0.2267,2342.0,2187.2,0.0385,0.0391,kis,,,,,,,,,data/raw/price_115480_20260507_20260904.csv,136,False,Broad evaluation pool candidate,223,False,Broad evaluation pool candidate
457600,2026-09-04,2026-09-04,2026-09-04,2026-09-04,HOLD,neutral,48.5,48.5,48.5,66.94,66.94,0,62.99,-2.0,2,10.0,1.03,3.46,0.0,0.0,0,0,48.5,v2_conservative_ranker,45.65,-3.0,1,2.0,6.48,7.94,0.0,31.24,31.24,v3_stability_ranker,price_momentum,5210.0,-0.0114,0.0399,0.3729,5378.0,4564.0,0.1576,0.0946,kis,,,,,,,,,data/raw/price_457600_20260507_20260904.csv,137,False,Broad evaluation pool candidate,441,False,Broad evaluation pool candidate
267250,2026-09-04,2026-09-04,2026-09-04,2026-09-04,HOLD,neutral,48.45,48.45,48.45,54.23,51.23,3,50.08,-2.0,2,2.63,0.0,0.0,0.0,0.0,0,1,48.45,v2_conservative_ranker,40.5,-3.0,1,13.71,0.0,0.0,0.0,52.22,52.22,v3_stability_ranker,neutral,220000.0,0.0304,0.0092,0.0046,216200.0,221350.0,0.045,0.0219,unknown,HD현대,HD현대,supply_contract,,,,,,data/raw/price_267250_20260805_20260904.csv,138,False,Broad evaluation pool candidate,171,False,Broad evaluation pool candidate
309930,2026-09-04,2026-09-04,2026-09-04,2026-09-04,HOLD,neutral,48.42,48.42,48.42,52.75,52.75,0,52.36,-2.0,2,3.95,0.0,0.0,0.0,0.0,0,0,48.42,v2_conservative_ranker,54.5,-3.0,1,12.07,0.0,0.0,0.0,64.56,64.56,v3_stability_ranker,neutral,912.0,-0.0151,0.0201,0.0387,915.0,926.7,0.0155,0.0329,kis,,,,,,,,,data/raw/price_309930_20260507_20260904.csv,139,False,Broad evaluation pool candidate,26,False,Broad evaluation pool candidate
035890,2026-09-04,2026-09-04,2026-09-04,2026-09-04,HOLD,neutral,48.37,48.37,48.37,53.19,56.19,-3,52.77,-2.0,2,2.4,0.0,0.0,0.0,0.0,2,0,48.37,v2_conservative_ranker,46.5,-3.0,1,14.0,0.0,0.0,2.0,56.5,56.5,v3_stability_ranker,neutral,2270.0,0.0022,-0.0066,0.1266,2257.0,2168.0,0.0859,0.02,unknown,서희건설,서희건설,lawsuit,,,,,,data/raw/price_035890_20260805_20260904.csv,140,False,Broad evaluation pool candidate,105,False,Broad evaluation pool candidate
002920,2026-09-04,2026-09-04,2026-09-04,2026-09-04,HOLD,neutral,48.32,48.32,48.32,51.02,51.02,0,49.99,-2.0,2,1.67,0.0,0.0,0.0,0.0,0,0,48.32,v2_conservative_ranker,48.5,-3.0,1,14.91,0.0,0.0,0.0,61.41,61.41,v3_stability_ranker,neutral,1786.0,0.0,0.0235,-0.0388,1788.8,1797.75,0.0002,0.0139,kis,,,,,,,,,data/raw/price_002920_20260507_20260904.csv,141,False,Broad evaluation pool candidate,43,False,Broad evaluation pool candidate
004440,2026-09-04,2026-09-04,2026-09-04,2026-09-04,HOLD,neutral,48.32,48.32,48.32,53.82,53.82,0,52.22,-2.0,2,3.9,0.0,0.0,0.0,0.0,0,0,48.32,v2_conservative_ranker,46.5,-3.0,1,12.12,0.0,0.0,0.0,56.62,56.62,v3_stability_ranker,neutral,5330.0,0.0019,-0.0056,0.1081,5302.0,5133.75,0.0382,0.0325,kis,,,,,,,,,data/raw/price_004440_20260507_20260904.csv,142,False,Broad evaluation pool candidate,103,False,Broad evaluation pool candidate
078590,2026-09-04,2026-09-04,2026-09-04,2026-09-04,HOLD,neutral,48.23,48.23,48.23,52.12,52.12,0,54.19,-2.0,2,5.96,0.0,0.0,0.0,0.0,0,0,48.23,v2_conservative_ranker,46.0,-3.0,1,9.54,0.0,0.75,0.0,52.79,52.79,v3_stability_ranker,neutral,3225.0,0.0337,0.0714,-0.0556,3127.0,3213.75,0.1218,0.0497,kis,,,,,,,,,data/raw/price_078590_20260507_20260904.csv,143,False,Broad evaluation pool candidate,161,False,Broad evaluation pool candidate
054930,2026-09-04,2026-09-04,2026-09-04,2026-09-04,HOLD,neutral,48.19,48.19,48.19,53.43,53.43,0,50.1,-2.0,2,1.91,0.0,0.0,0.0,0.0,0,0,48.19,v2_conservative_ranker,46.5,-3.0,1,14.62,0.0,0.0,0.0,59.12,59.12,v3_stability_ranker,neutral,18510.0,-0.0102,-0.0133,0.0693,18624.0,18291.5,0.1481,0.0159,kis,,,,,,,,,data/raw/price_054930_20260507_20260904.csv,144,False,Broad evaluation pool candidate,69,False,Broad evaluation pool candidate
009810,2026-09-04,2026-09-04,2026-09-04,2026-09-04,HOLD,neutral,48.1,48.1,48.1,56.13,56.13,0,52.98,-2.0,2,4.88,0.0,0.0,0.0,0.0,0,0,48.1,v2_conservative_ranker,43.0,-3.0,1,10.89,0.0,0.0,0.0,51.89,51.89,v3_stability_ranker,price_momentum,1906.0,-0.001,0.0058,-0.017,1910.6,1857.25,0.0778,0.0407,kis,,,,,,,,,data/raw/price_009810_20260507_20260904.csv,145,False,Broad evaluation pool candidate,179,False,Broad evaluation pool candidate
009410,2026-09-04,2026-09-04,2026-09-04,2026-09-04,HOLD,neutral,47.97,47.97,47.97,51.9,51.9,0,49.73,-2.0,2,1.76,0.0,0.0,0.0,0.0,0,0,47.97,v2_conservative_ranker,46.5,-3.0,1,14.79,0.0,0.0,0.0,59.3,59.3,v3_stability_ranker,neutral,1690.0,0.009,-0.0018,0.0261,1680.6,1641.65,0.0404,0.0147,kis,,,,,,,,,data/raw/price_009410_20260507_20260904.csv,146,False,Broad evaluation pool candidate,67,False,Broad evaluation pool candidate
115450,2026-09-04,2026-09-04,2026-09-04,2026-09-04,HOLD,neutral,47.92,47.92,47.92,52.93,52.93,0,52.58,-2.0,2,4.66,0.0,0.0,0.0,0.0,0,0,47.92,v2_conservative_ranker,46.5,-3.0,1,11.18,0.0,0.0,0.0,55.68,55.68,v3_stability_ranker,neutral,2150.0,0.0263,0.0142,0.0617,2109.0,2190.75,0.0512,0.0388,kis,,,,,,,,,data/raw/price_115450_20260507_20260904.csv,147,False,Broad evaluation pool candidate,112,False,Broad evaluation pool candidate
154040,2026-09-04,2026-09-04,2026-09-04,2026-09-04,HOLD,neutral,47.87,47.87,47.87,51.86,51.86,0,49.34,0.0,0,1.48,0.0,0.0,0.0,0.0,0,0,47.87,v2_conservative_ranker,46.5,-5.0,0,15.15,0.0,0.0,0.0,56.66,56.66,v3_stability_ranker,neutral,1055.0,0.0,-0.014,0.0498,1057.8,1037.9,0.0,0.0123,kis,,,,,,,,,data/raw/price_154040_20260507_20260904.csv,148,False,Broad evaluation pool candidate,102,False,Broad evaluation pool candidate
123750,2026-09-04,2026-09-04,2026-09-04,2026-09-04,HOLD,neutral,47.72,47.72,47.72,50.31,50.31,0,49.29,-2.0,2,1.57,0.0,0.0,0.0,0.0,0,0,47.72,v2_conservative_ranker,48.5,-3.0,1,15.04,0.0,0.0,0.0,61.53,61.53,v3_stability_ranker,neutral,1705.0,0.0029,0.0197,-0.048,1706.2,1714.3,0.0085,0.0131,kis,,,,,,,,,data/raw/price_123750_20260507_20260904.csv,149,False,Broad evaluation pool candidate,42,False,Broad evaluation pool candidate
065710,2026-09-04,2026-09-04,2026-09-04,2026-09-04,HOLD,neutral,47.65,47.65,47.65,51.37,51.37,0,49.18,-2.0,2,1.52,0.0,0.0,0.0,0.0,0,0,47.65,v2_conservative_ranker,46.5,-3.0,1,15.1,0.0,0.0,0.0,59.59,59.59,v3_stability_ranker,neutral,45050.0,0.0146,-0.0066,0.0239,45250.0,44487.5,0.0176,0.0127,kis,,,,,,,,,data/raw/price_065710_20260507_20260904.csv,150,False,Broad evaluation pool candidate,64,False,Broad evaluation pool candidate
092790,2026-09-04,2026-09-04,2026-09-04,2026-09-04,HOLD,neutral,47.62,47.62,47.62,62.86,62.86,0,57.17,-2.0,2,3.55,0.0,0.0,6.0,0.0,0,0,47.62,v2_conservative_ranker,57.0,-3.0,1,12.56,0.0,0.0,9.0,58.56,58.56,v3_stability_ranker,price_momentum,12940.0,-0.0038,0.0165,0.0721,12800.0,12479.0,0.0942,0.0296,kis,,,,,,6,2,2,data/raw/price_092790_20260507_20260904.csv,151,False,Broad evaluation pool candidate,79,False,Broad evaluation pool candidate
900290,2026-09-04,2026-09-04,2026-09-04,2026-09-04,HOLD,neutral,47.58,47.58,47.58,55.98,58.98,-3,56.7,-2.0,2,7.12,0.0,0.0,0.0,0.0,2,0,47.58,v2_conservative_ranker,57.0,-3.0,1,8.11,0.0,2.29,2.0,58.82,58.82,v3_stability_ranker,price_momentum,3960.0,0.0089,0.0154,0.0617,4099.0,3856.0,0.0483,0.0593,unknown,GRT,GRT,paid_in_capital_increase,,,,,,data/raw/price_900290_20260805_20260904.csv,152,False,Broad evaluation pool candidate,74,False,Broad evaluation pool candidate
159910,2026-09-04,2026-09-04,2026-09-04,2026-09-04,HOLD,neutral,47.55,47.55,47.55,51.29,51.29,0,49.83,-2.0,2,2.28,0.0,0.0,0.0,0.0,0,0,47.55,v2_conservative_ranker,40.5,-3.0,1,14.15,0.0,0.0,0.0,52.65,52.65,v3_stability_ranker,neutral,3195.0,0.0,0.0016,0.0191,3189.0,3205.0,0.0126,0.019,kis,,,,,,,,,data/raw/price_159910_20260507_20260904.csv,153,False,Broad evaluation pool candidate,163,False,Broad evaluation pool candidate
291810,2026-09-04,2026-09-04,2026-09-04,2026-09-04,HOLD,neutral,47.5,47.5,47.5,59.48,62.48,-3,60.92,-2.0,2,9.5,0.0,1.92,0.0,0.0,2,0,47.5,v2_conservative_ranker,50.5,-3.0,1,5.12,0.29,5.47,2.0,45.86,45.86,v3_stability_ranker,neutral,1370.0,-0.0065,0.123,0.112,1316.6,1332.85,0.0837,0.0792,unknown,핀텔,핀텔,paid_in_capital_increase,,,,,,data/raw/price_291810_20260805_20260904.csv,154,False,Broad evaluation pool candidate,278,False,Broad evaluation pool candidate
066980,2026-09-04,2026-09-04,2026-09-04,2026-09-04,HOLD,neutral,47.44,47.44,47.44,53.55,53.55,0,53.9,-2.0,2,6.46,0.0,0.0,0.0,0.0,0,0,47.44,v2_conservative_ranker,46.5,-3.0,1,8.93,0.0,1.41,0.0,52.02,52.02,v3_stability_ranker,neutral,1596.0,0.0377,0.0108,0.1091,1571.6,1619.85,0.0651,0.0538,kis,,,,,,,,,data/raw/price_066980_20260507_20260904.csv,155,False,Broad evaluation pool candidate,177,False,Broad evaluation pool candidate
268280,2026-09-04,2026-09-04,2026-09-04,2026-09-04,HOLD,neutral,47.41,47.41,47.41,53.52,53.52,0,51.92,-2.0,2,3.8,0.0,0.0,0.0,0.7,0,0,47.41,v2_conservative_ranker,46.5,-3.0,1,12.25,0.0,0.0,1.0,55.75,55.75,v3_stability_ranker,neutral,132500.0,0.0008,-0.0112,0.1153,131940.0,129425.0,0.0067,0.0317,unknown,미원에스씨,미원에스씨,major_shareholder_change,medium_attention,no_risk_noise,,,,data/raw/price_268280_20260805_20260904.csv,156,False,Broad evaluation pool candidate,111,False,Broad evaluation pool candidate
100840,2026-09-04,2026-09-04,2026-09-04,2026-09-04,HOLD,neutral,47.38,47.38,47.38,54.73,54.73,0,53.47,-2.0,2,6.1,0.0,0.0,0.0,0.0,0,0,47.38,v2_conservative_ranker,46.5,-3.0,1,9.38,0.0,0.93,0.0,52.95,52.95,v3_stability_ranker,neutral,32200.0,-0.0388,-0.0092,0.1541,32080.0,29497.5,0.171,0.0508,kis,,,,medium_attention,no_risk_noise,,,,data/raw/price_100840_20260507_20260904.csv,157,False,Broad evaluation pool candidate,156,False,Broad evaluation pool candidate
004770,2026-09-04,2026-09-04,2026-09-04,2026-09-04,HOLD,neutral,47.33,47.33,47.33,71.55,75.55,-4,67.0,-2.0,2,9.46,0.93,1.88,0.0,7.4,0,0,47.33,v2_conservative_ranker,45.18,-3.0,1,2.18,3.87,5.41,11.4,24.68,24.68,v3_stability_ranker,price_momentum,2155.0,0.0336,0.108,0.2721,2170.0,1848.9,0.4375,0.0788,kis,,,,low_attention,risk_noise_detected,,,,data/raw/price_004770_20260507_20260904.csv,158,False,Broad evaluation pool candidate,474,False,Broad evaluation pool candidate
023530,2026-09-04,2026-09-04,2026-09-04,2026-09-04,HOLD,neutral,47.32,47.32,47.32,54.51,54.51,0,53.32,-2.0,2,6.0,0.0,0.0,0.0,0.0,0,0,47.32,v2_conservative_ranker,47.39,-3.0,1,9.5,0.0,0.8,0.0,54.09,54.09,v3_stability_ranker,price_momentum,105300.0,0.0,0.0313,-0.0803,107120.0,102030.0,0.0665,0.05,kis,,,,,,,,,data/raw/price_023530_20260507_20260904.csv,159,False,Broad evaluation pool candidate,146,False,Broad evaluation pool candidate
475460,2026-09-04,2026-09-04,2026-09-04,2026-09-04,HOLD,neutral,47.26,47.26,47.26,80.04,84.04,-4,67.0,-2.0,2,3.65,8.0,0.0,0.0,8.1,0,0,47.26,v2_conservative_ranker,33.82,-3.0,1,9.44,22.15,0.0,12.4,6.71,6.71,v3_stability_ranker,price_momentum,7910.0,-0.0038,0.2169,0.3685,7374.0,6482.5,0.347,0.0304,kis,,,,medium_attention,risk_noise_detected,,,,data/raw/price_475460_20260507_20260904.csv,160,False,Broad evaluation pool candidate,514,False,Broad evaluation pool candidate
176750,2026-09-04,2026-09-04,2026-09-04,2026-09-04,HOLD,neutral,47.25,47.25,47.25,49.39,49.39,0,48.87,-2.0,2,1.62,0.0,0.0,0.0,0.0,0,0,47.25,v2_conservative_ranker,44.71,-3.0,1,14.97,0.0,0.0,0.0,57.69,57.69,v3_stability_ranker,neutral,6200.0,0.0016,0.0282,-0.0842,6192.0,6356.0,0.0216,0.0135,kis,,,,,,,,,data/raw/price_176750_20260507_20260904.csv,161,False,Broad evaluation pool candidate,92,False,Broad evaluation pool candidate
001060,2026-09-04,2026-09-04,2026-09-04,2026-09-04,HOLD,neutral,47.17,47.17,47.17,52.88,52.88,0,52.48,-2.0,2,5.32,0.0,0.0,0.0,0.0,0,0,47.17,v2_conservative_ranker,46.5,-3.0,1,10.36,0.0,0.0,0.0,54.86,54.86,v3_stability_ranker,neutral,27300.0,0.0055,-0.0036,0.1098,27880.0,27390.0,0.0307,0.0443,kis,,,,,,,,,data/raw/price_001060_20260507_20260904.csv,162,False,Broad evaluation pool candidate,141,False,Broad evaluation pool candidate
012280,2026-09-04,2026-09-04,2026-09-04,2026-09-04,HOLD,neutral,47.17,47.17,47.17,51.01,51.01,0,48.27,-2.0,2,1.1,0.0,0.0,0.0,0.0,0,0,47.17,v2_conservative_ranker,46.5,-3.0,1,15.62,0.0,0.0,0.0,60.12,60.12,v3_stability_ranker,neutral,4030.0,0.0062,-0.0171,0.0281,4064.0,4030.5,0.0393,0.0092,kis,,,,low_attention,no_risk_noise,,,,data/raw/price_012280_20260507_20260904.csv,163,False,Broad evaluation pool candidate,56,False,Broad evaluation pool candidate
039200,2026-09-04,2026-09-04,2026-09-04,2026-09-04,HOLD,neutral,47.02,47.02,47.02,51.34,51.34,0,51.34,-2.0,2,4.32,0.0,0.0,0.0,0.0,0,0,47.02,v2_conservative_ranker,46.5,-3.0,1,11.6,0.0,0.0,0.0,56.1,56.1,v3_stability_ranker,neutral,36300.0,0.0111,0.014,0.0269,36170.0,36912.5,0.032,0.036,kis,,,,,,,,,data/raw/price_039200_20260507_20260904.csv,164,False,Broad evaluation pool candidate,107,False,Broad evaluation pool candidate
002360,2026-09-04,2026-09-04,2026-09-04,2026-09-04,HOLD,neutral,47.01,47.01,47.01,50.39,50.39,0,50.8,-2.0,2,3.79,0.0,0.0,0.0,0.0,0,0,47.01,v2_conservative_ranker,48.5,-3.0,1,12.26,0.0,0.0,0.0,58.76,58.76,v3_stability_ranker,neutral,1600.0,-0.0111,0.0276,-0.0274,1615.0,1639.45,0.0267,0.0316,kis,,,,,,,,,data/raw/price_002360_20260507_20260904.csv,165,False,Broad evaluation pool candidate,76,False,Broad evaluation pool candidate
045660,2026-09-04,2026-09-04,2026-09-04,2026-09-04,HOLD,neutral,46.97,46.97,46.97,52.41,52.41,0,50.45,-2.0,2,3.48,0.0,0.0,0.0,0.0,0,0,46.97,v2_conservative_ranker,46.5,-3.0,1,12.65,0.0,0.0,0.0,57.15,57.15,v3_stability_ranker,neutral,9350.0,0.0119,-0.026,0.1158,9368.0,9149.5,0.0204,0.029,kis,,,,,,,,,data/raw/price_045660_20260507_20260904.csv,166,False,Broad evaluation pool candidate,97,False,Broad evaluation pool candidate
014790,2026-09-04,2026-09-04,2026-09-04,2026-09-04,HOLD,neutral,46.93,46.93,46.93,51.18,51.18,0,49.4,-2.0,2,2.47,0.0,0.0,0.0,0.0,0,0,46.93,v2_conservative_ranker,46.5,-3.0,1,13.91,0.0,0.0,0.0,58.41,58.41,v3_stability_ranker,neutral,2590.0,0.0137,-0.0115,0.0444,2576.0,2553.25,0.028,0.0206,kis,,,,medium_attention,no_risk_noise,,,,data/raw/price_014790_20260507_20260904.csv,167,False,Broad evaluation pool candidate,83,False,Broad evaluation pool candidate
003100,2026-09-04,2026-09-04,2026-09-04,2026-09-04,HOLD,neutral,46.9,46.9,46.9,51.13,51.13,0,49.62,-2.0,2,2.72,0.0,0.0,0.0,0.0,0,0,46.9,v2_conservative_ranker,46.5,-3.0,1,13.59,0.0,0.0,0.0,58.09,58.09,v3_stability_ranker,neutral,20900.0,0.0,-0.0095,0.045,20830.0,20790.0,0.0159,0.0227,kis,,,,,,,,,data/raw/price_003100_20260507_20260904.csv,168,False,Broad evaluation pool candidate,88,False,Broad evaluation pool candidate
215570,2026-09-04,2026-09-04,2026-09-04,2026-09-04,HOLD,neutral,46.87,46.87,46.87,52.7,52.7,0,46.72,0.56,3,3.41,0.0,0.0,0.0,0.0,0,0,46.87,v2_conservative_ranker,37.94,8.0,6,12.74,0.0,0.0,0.0,64.68,64.68,v3_stability_ranker,neutral,698.0,-0.0014,-0.0029,-0.0568,698.2,695.35,1.1111,0.0284,kis,,,,,,,,,data/raw/price_215570_20260507_20260904.csv,169,False,Broad evaluation pool candidate,24,False,Broad evaluation pool candidate
013720,2026-09-04,2026-09-04,2026-09-04,2026-09-04,HOLD,neutral,46.78,46.78,46.78,50.8,50.8,0,49.72,-2.0,2,2.94,0.0,0.0,0.0,0.0,0,0,46.78,v2_conservative_ranker,40.5,-3.0,1,13.32,0.0,0.0,0.0,51.83,51.83,v3_stability_ranker,neutral,2365.0,-0.0125,0.0042,0.0085,2328.0,2341.5,0.0683,0.0245,kis,,,,,,,,,data/raw/price_013720_20260507_20260904.csv,170,False,Broad evaluation pool candidate,180,False,Broad evaluation pool candidate
016380,2026-09-04,2026-09-04,2026-09-04,2026-09-04,HOLD,neutral,46.73,46.73,46.73,50.7,50.7,0,49.47,-2.0,2,2.74,0.0,0.0,0.0,0.0,0,0,46.73,v2_conservative_ranker,40.5,-3.0,1,13.58,0.0,0.0,0.0,52.08,52.08,v3_stability_ranker,neutral,5650.0,0.0107,0.0053,-0.0018,5552.0,5597.5,0.0895,0.0228,kis,,,,,,,,,data/raw/price_016380_20260507_20260904.csv,171,False,Broad evaluation pool candidate,175,False,Broad evaluation pool candidate
004960,2026-09-04,2026-09-04,2026-09-04,2026-09-04,HOLD,neutral,46.7,46.7,46.7,52.41,52.41,0,50.43,-2.0,2,3.73,0.0,0.0,0.0,0.0,0,0,46.7,v2_conservative_ranker,43.99,-3.0,1,12.34,0.0,0.0,0.0,54.32,54.32,v3_stability_ranker,neutral,12030.0,0.0042,-0.0314,0.1306,11888.0,11377.5,0.0218,0.0311,kis,,,,,,,,,data/raw/price_004960_20260507_20260904.csv,172,False,Broad evaluation pool candidate,144,False,Broad evaluation pool candidate
033920,2026-09-04,2026-09-04,2026-09-04,2026-09-04,HOLD,neutral,46.65,46.65,46.65,50.7,50.7,0,48.35,-2.0,2,1.7,0.0,0.0,0.0,0.0,0,0,46.65,v2_conservative_ranker,46.5,-3.0,1,14.87,0.0,0.0,0.0,59.37,59.37,v3_stability_ranker,neutral,7790.0,0.0065,-0.0152,0.025,7830.0,7785.5,0.0651,0.0142,kis,,,,,,,,,data/raw/price_033920_20260507_20260904.csv,173,False,Broad evaluation pool candidate,65,False,Broad evaluation pool candidate
178780,2026-09-04,2026-09-04,2026-09-04,2026-09-04,HOLD,neutral,46.55,46.55,46.55,51.42,51.42,0,50.92,-2.0,2,4.37,0.0,0.0,0.0,0.0,0,0,46.55,v2_conservative_ranker,46.5,-3.0,1,11.54,0.0,0.0,0.0,56.04,56.04,v3_stability_ranker,neutral,2355.0,0.0,-0.0063,0.0729,2354.0,2260.5,0.0082,0.0364,kis,,,,,,,,,data/raw/price_178780_20260507_20260904.csv,174,False,Broad evaluation pool candidate,108,False,Broad evaluation pool candidate
002710,2026-09-04,2026-09-04,2026-09-04,2026-09-04,HOLD,neutral,46.49,46.49,46.49,55.63,55.63,0,51.34,-2.0,2,4.85,0.0,0.0,0.0,0.0,0,0,46.49,v2_conservative_ranker,44.04,-3.0,1,6.94,0.0,0.0,0.0,48.98,48.98,v3_stability_ranker,neutral,11050.0,-0.0556,-0.0307,0.1546,11318.0,10689.5,0.5022,0.0404,unknown,TCC스틸,TCC스틸,major_shareholder_change,,,,,,data/raw/price_002710_20260805_20260904.csv,175,False,Broad evaluation pool candidate,227,False,Broad evaluation pool candidate
090080,2026-09-04,2026-09-04,2026-09-04,2026-09-04,HOLD,neutral,46.38,46.38,46.38,49.23,49.23,0,48.27,-2.0,2,1.88,0.0,0.0,0.0,0.0,0,0,46.38,v2_conservative_ranker,40.5,-3.0,1,14.64,0.0,0.0,0.0,53.14,53.14,v3_stability_ranker,neutral,976.0,0.0083,0.0041,-0.0327,973.6,1018.2,0.0044,0.0157,kis,,,,,,,,,data/raw/price_090080_20260507_20260904.csv,176,False,Broad evaluation pool candidate,155,False,Broad evaluation pool candidate
069730,2026-09-04,2026-09-04,2026-09-04,2026-09-04,HOLD,neutral,46.35,46.35,46.35,49.41,49.41,0,48.57,-2.0,2,2.22,0.0,0.0,0.0,0.0,0,0,46.35,v2_conservative_ranker,40.5,-3.0,1,14.22,0.0,0.0,0.0,52.73,52.73,v3_stability_ranker,neutral,5530.0,-0.0178,0.0055,-0.0281,5598.0,5678.0,0.0189,0.0185,kis,,,,,,,,,data/raw/price_069730_20260507_20260904.csv,177,False,Broad evaluation pool candidate,162,False,Broad evaluation pool candidate
185750,2026-09-04,2026-09-04,2026-09-04,2026-09-04,HOLD,neutral,46.19,46.19,46.19,49.71,49.71,0,48.26,-2.0,2,2.06,0.0,0.0,0.0,0.0,0,0,46.19,v2_conservative_ranker,40.5,-3.0,1,14.42,0.0,0.0,0.0,52.92,52.92,v3_stability_ranker,neutral,68200.0,0.0,-0.0044,-0.0087,68580.0,68485.0,0.0501,0.0172,kis,,,,,,,,,data/raw/price_185750_20260507_20260904.csv,178,False,Broad evaluation pool candidate,159,False,Broad evaluation pool candidate
005880,2026-09-04,2026-09-04,2026-09-04,2026-09-04,HOLD,neutral,46.17,46.17,46.17,51.12,51.12,0,49.16,-2.0,2,2.99,0.0,0.0,0.0,0.0,0,0,46.17,v2_conservative_ranker,46.5,-3.0,1,13.27,0.0,0.0,0.0,57.77,57.77,v3_stability_ranker,neutral,2120.0,0.0217,-0.0185,0.0574,2071.0,2060.4,0.0976,0.0249,kis,,,,,,,,,data/raw/price_005880_20260507_20260904.csv,179,False,Broad evaluation pool candidate,91,False,Broad evaluation pool candidate
326030,2026-09-04,2026-09-04,2026-09-04,2026-09-04,HOLD,neutral,46.09,46.09,46.09,50.57,50.57,0,49.64,-2.0,2,3.55,0.0,0.0,0.0,0.0,0,0,46.09,v2_conservative_ranker,46.5,-3.0,1,12.56,0.0,0.0,0.0,57.06,57.06,v3_stability_ranker,neutral,87200.0,0.0093,-0.0091,0.0443,87240.0,87150.0,0.0367,0.0296,kis,,,,,,,,,data/raw/price_326030_20260507_20260904.csv,180,False,Broad evaluation pool candidate,98,False,Broad evaluation pool candidate
112610,2026-09-04,2026-09-04,2026-09-04,2026-09-04,HOLD,neutral,46.07,46.07,46.07,52.46,52.46,0,50.08,-2.0,2,4.01,0.0,0.0,0.0,0.0,0,0,46.07,v2_conservative_ranker,43.75,-3.0,1,11.99,0.0,0.0,0.0,53.74,53.74,v3_stability_ranker,neutral,47700.0,0.0392,-0.0344,0.129,47070.0,46882.5,0.1322,0.0334,kis,,,,,,,,,data/raw/price_112610_20260507_20260904.csv,181,False,Broad evaluation pool candidate,150,False,Broad evaluation pool candidate
089140,2026-09-04,2026-09-04,2026-09-04,2026-09-04,HOLD,neutral,46.04,46.04,46.04,49.02,49.02,0,49.61,-2.0,2,3.56,0.0,0.0,0.0,0.0,0,0,46.04,v2_conservative_ranker,46.2,-3.0,1,12.54,0.0,0.0,0.0,56.75,56.75,v3_stability_ranker,neutral,2140.0,0.0071,0.0239,-0.051,2129.0,2229.25,0.025,0.0297,kis,,,,,,,,,data/raw/price_089140_20260507_20260904.csv,182,False,Broad evaluation pool candidate,101,False,Broad evaluation pool candidate
051630,2026-09-04,2026-09-04,2026-09-04,2026-09-04,HOLD,neutral,45.91,45.91,45.91,57.86,57.86,0,55.0,-2.0,2,4.99,4.1,0.0,0.0,0.0,0,0,45.91,v2_conservative_ranker,35.42,-3.0,1,7.76,11.65,0.0,0.0,29.54,29.54,v3_stability_ranker,neutral,1410.0,-0.0105,0.0,0.365,1410.6,1168.15,0.0031,0.0416,unknown,진양화학,진양화학,major_shareholder_change,,,,,,data/raw/price_051630_20260805_20260904.csv,183,False,Broad evaluation pool candidate,452,False,Broad evaluation pool candidate
000640,2026-09-04,2026-09-04,2026-09-04,2026-09-04,HOLD,neutral,45.88,45.88,45.88,55.0,52.0,3,50.24,-2.0,2,2.96,0.0,0.0,0.0,1.4,0,0,45.88,v2_conservative_ranker,46.5,-3.0,1,13.29,0.0,0.0,2.0,55.8,55.8,v3_stability_ranker,neutral,94800.0,0.0085,-0.0125,0.0712,93780.0,92745.0,0.0271,0.0247,kis,,,,high_attention,no_risk_noise,,,,data/raw/price_000640_20260507_20260904.csv,184,False,Broad evaluation pool candidate,110,False,Broad evaluation pool candidate
060980,2026-09-04,2026-09-04,2026-09-04,2026-09-04,HOLD,neutral,45.66,45.66,45.66,49.22,49.22,0,47.71,-2.0,2,2.05,0.0,0.0,0.0,0.0,0,0,45.66,v2_conservative_ranker,40.5,-3.0,1,14.44,0.0,0.0,0.0,52.94,52.94,v3_stability_ranker,neutral,39850.0,0.0025,-0.016,0.0089,40120.0,39930.0,0.0146,0.0171,kis,,,,medium_attention,no_risk_noise,,,,data/raw/price_060980_20260507_20260904.csv,185,False,Broad evaluation pool candidate,157,False,Broad evaluation pool candidate
464080,2026-09-04,2026-09-04,2026-09-04,2026-09-04,HOLD,neutral,45.62,45.62,45.62,52.43,52.43,0,51.0,-2.0,2,5.39,0.0,0.0,0.0,0.0,0,0,45.62,v2_conservative_ranker,46.5,-3.0,1,6.26,2.14,0.0,0.0,48.62,48.62,v3_stability_ranker,neutral,9910.0,0.0576,-0.0188,0.111,9836.0,9739.5,0.2088,0.0449,kis,,,,,,,,,data/raw/price_464080_20260507_20260904.csv,186,False,Broad evaluation pool candidate,232,False,Broad evaluation pool candidate
121440,2026-09-04,2026-09-04,2026-09-04,2026-09-04,HOLD,neutral,45.58,45.58,45.58,53.54,53.54,0,50.88,-2.0,2,5.3,0.0,0.0,0.0,0.0,0,0,45.58,v2_conservative_ranker,43.2,-3.0,1,10.37,0.0,0.0,0.0,51.57,51.57,v3_stability_ranker,neutral,7910.0,0.0064,-0.0412,0.2003,7834.0,7443.5,0.0141,0.0442,kis,,,,,,,,,data/raw/price_121440_20260507_20260904.csv,187,False,Broad evaluation pool candidate,182,False,Broad evaluation pool candidate
290270,2026-09-04,2026-09-04,2026-09-04,2026-09-04,HOLD,neutral,45.52,45.52,45.52,49.69,49.69,0,48.1,-2.0,2,2.58,0.0,0.0,0.0,0.0,0,0,45.52,v2_conservative_ranker,46.5,-3.0,1,13.78,0.0,0.0,0.0,58.27,58.27,v3_stability_ranker,neutral,2820.0,0.0126,-0.0225,0.0387,2835.0,2802.75,0.0264,0.0215,kis,,,,,,,,,data/raw/price_290270_20260507_20260904.csv,188,False,Broad evaluation pool candidate,87,False,Broad evaluation pool candidate
261200,2026-09-04,2026-09-04,2026-09-04,2026-09-04,HOLD,neutral,45.5,45.5,45.5,49.01,49.01,0,49.91,-2.0,2,4.42,0.0,0.0,0.0,0.0,0,0,45.5,v2_conservative_ranker,48.5,-3.0,1,11.48,0.0,0.0,0.0,57.98,57.98,v3_stability_ranker,neutral,2585.0,0.0117,0.0177,-0.0245,2551.0,2612.25,0.0234,0.0368,kis,,,,,,,,,data/raw/price_261200_20260507_20260904.csv,189,False,Broad evaluation pool candidate,90,False,Broad evaluation pool candidate
017810,2026-09-04,2026-09-04,2026-09-04,2026-09-04,HOLD,neutral,45.47,45.47,45.47,49.93,49.93,0,48.88,-2.0,2,3.41,0.0,0.0,0.0,0.0,0,0,45.47,v2_conservative_ranker,46.5,-3.0,1,12.74,0.0,0.0,0.0,57.24,57.24,v3_stability_ranker,neutral,9600.0,0.0,-0.0204,0.0549,9716.0,9509.5,0.0103,0.0284,kis,,,,,,,,,data/raw/price_017810_20260507_20260904.csv,190,False,Broad evaluation pool candidate,96,False,Broad evaluation pool candidate
001340,2026-09-04,2026-09-04,2026-09-04,2026-09-04,HOLD,neutral,45.4,45.4,45.4,48.89,48.89,0,47.69,-2.0,2,2.29,0.0,0.0,0.0,0.0,0,0,45.4,v2_conservative_ranker,40.5,-3.0,1,14.13,0.0,0.0,0.0,52.63,52.63,v3_stability_ranker,neutral,5090.0,0.018,-0.0097,-0.0097,5094.0,5088.25,0.0421,0.0191,kis,,,,,,,,,data/raw/price_001340_20260507_20260904.csv,191,False,Broad evaluation pool candidate,164,False,Broad evaluation pool candidate
003920,2026-09-04,2026-09-04,2026-09-04,2026-09-04,HOLD,neutral,45.35,45.35,45.35,48.57,48.57,0,47.13,-2.0,2,1.78,0.0,0.0,0.0,0.0,0,0,45.35,v2_conservative_ranker,40.5,-3.0,1,14.78,0.0,0.0,0.0,53.28,53.28,v3_stability_ranker,neutral,43500.0,0.0023,-0.0147,-0.0114,43990.0,43772.5,0.0149,0.0148,kis,,,,,,,,,data/raw/price_003920_20260507_20260904.csv,192,False,Broad evaluation pool candidate,153,False,Broad evaluation pool candidate
009160,2026-09-04,2026-09-04,2026-09-04,2026-09-04,HOLD,neutral,45.28,45.28,45.28,49.87,49.87,0,47.38,-2.0,2,2.1,0.0,0.0,0.0,0.0,0,0,45.28,v2_conservative_ranker,43.04,-3.0,1,14.38,0.0,0.0,0.0,55.42,55.42,v3_stability_ranker,neutral,5090.0,-0.0039,-0.0432,0.0772,5136.0,5001.75,0.0141,0.0175,kis,,,,,,,,,data/raw/price_009160_20260507_20260904.csv,193,False,Broad evaluation pool candidate,114,False,Broad evaluation pool candidate
012210,2026-09-04,2026-09-04,2026-09-04,2026-09-04,HOLD,neutral,45.21,45.21,45.21,53.56,53.56,0,51.05,-2.0,2,5.84,0.0,0.0,0.0,0.0,0,0,45.21,v2_conservative_ranker,35.26,-3.0,1,9.7,0.0,0.59,0.0,42.37,42.37,v3_stability_ranker,neutral,8520.0,0.0216,-0.0395,0.2793,8476.0,7972.0,0.0631,0.0487,kis,,,,,,,,,data/raw/price_012210_20260507_20260904.csv,194,False,Broad evaluation pool candidate,324,False,Broad evaluation pool candidate
228670,2026-09-04,2026-09-04,2026-09-04,2026-09-04,HOLD,neutral,45.02,45.02,45.02,46.71,46.71,0,48.78,-2.0,2,3.77,0.0,0.0,0.0,0.0,0,0,45.02,v2_conservative_ranker,42.64,-3.0,1,12.29,0.0,0.0,0.0,52.93,52.93,v3_stability_ranker,neutral,4810.0,0.0031,0.0434,-0.1302,4794.0,4951.0,0.0029,0.0314,kis,,,,,,,,,data/raw/price_228670_20260507_20260904.csv,195,False,Broad evaluation pool candidate,158,False,Broad evaluation pool candidate
036190,2026-09-04,2026-09-04,2026-09-04,2026-09-04,HOLD,neutral,45.0,45.0,45.0,49.23,49.23,0,47.19,-2.0,2,2.18,0.0,0.0,0.0,0.0,0,0,45.0,v2_conservative_ranker,43.97,-3.0,1,14.27,0.0,0.0,0.0,56.24,56.24,v3_stability_ranker,neutral,33750.0,-0.0015,-0.0316,0.0385,34110.0,33700.0,0.0467,0.0182,kis,,,,,,,,,data/raw/price_036190_20260507_20260904.csv,196,False,Broad evaluation pool candidate,106,False,Broad evaluation pool candidate
378800,2026-09-04,2026-09-04,2026-09-04,2026-09-04,HOLD,neutral,44.92,44.92,44.92,57.16,57.16,0,56.85,0.0,0,9.78,0.0,2.15,0.0,0.0,0,0,44.92,v2_conservative_ranker,49.0,-5.0,0,5.0,0.0,5.84,0.0,43.16,43.16,v3_stability_ranker,price_momentum,510.0,0.0,0.0079,0.0874,504.4,494.9,0.0,0.0815,kis,,,,,,,,,data/raw/price_378800_20260507_20260904.csv,197,False,Broad evaluation pool candidate,314,False,Broad evaluation pool candidate
064400,2026-09-04,2026-09-04,2026-09-04,2026-09-04,HOLD,neutral,44.92,44.92,44.92,49.69,49.69,0,48.27,-2.0,2,3.35,0.0,0.0,0.0,0.0,0,0,44.92,v2_conservative_ranker,46.5,-3.0,1,12.81,0.0,0.0,0.0,57.31,57.31,v3_stability_ranker,neutral,74400.0,0.0262,-0.0185,0.0319,74880.0,74585.0,0.1224,0.0279,kis,,,,,,,,,data/raw/price_064400_20260507_20260904.csv,198,False,Broad evaluation pool candidate,94,False,Broad evaluation pool candidate
300080,2026-09-04,2026-09-04,2026-09-04,2026-09-04,HOLD,neutral,44.91,44.91,44.91,49.72,49.72,0,48.19,-2.0,2,3.29,0.0,0.0,0.0,0.0,0,0,44.91,v2_conservative_ranker,46.5,-3.0,1,12.89,0.0,0.0,0.0,57.39,57.39,v3_stability_ranker,neutral,8840.0,0.0161,-0.0286,0.0587,8858.0,8638.5,0.0636,0.0274,kis,,,,medium_attention,no_risk_noise,,,,data/raw/price_300080_20260507_20260904.csv,199,False,Broad evaluation pool candidate,93,False,Broad evaluation pool candidate
030720,2026-09-04,2026-09-04,2026-09-04,2026-09-04,HOLD,neutral,44.78,44.78,44.78,47.73,47.73,0,48.58,-2.0,2,3.8,0.0,0.0,0.0,0.0,0,0,44.78,v2_conservative_ranker,45.12,-3.0,1,12.25,0.0,0.0,0.0,55.37,55.37,v3_stability_ranker,neutral,5540.0,0.0018,0.0221,-0.0751,5506.0,5803.5,0.0741,0.0317,kis,,,,,,,,,data/raw/price_030720_20260507_20260904.csv,200,False,Broad evaluation pool candidate,116,False,Broad evaluation pool candidate
035760,2026-09-04,2026-09-04,2026-09-04,2026-09-04,HOLD,neutral,44.7,44.7,44.7,48.22,48.22,0,48.53,-2.0,2,3.83,0.0,0.0,0.0,0.0,0,0,44.7,v2_conservative_ranker,40.5,-3.0,1,12.21,0.0,0.0,0.0,50.72,50.72,v3_stability_ranker,neutral,33050.0,0.0264,0.0061,-0.0308,33050.0,33587.5,0.0565,0.0319,kis,,,,,,,,,data/raw/price_035760_20260507_20260904.csv,201,False,Broad evaluation pool candidate,201,False,Broad evaluation pool candidate
225190,2026-09-04,2026-09-04,2026-09-04,2026-09-04,HOLD,neutral,44.66,44.66,44.66,59.66,59.66,0,60.66,0.0,0,10.0,0.0,6.0,0.0,0.0,0,0,44.66,v2_conservative_ranker,46.79,-5.0,0,2.0,0.0,10.0,0.0,33.79,33.79,v3_stability_ranker,neutral,821.0,0.0,0.0566,0.2689,890.6,929.95,0.0,0.1334,kis,,,,,,,,,data/raw/price_225190_20260507_20260904.csv,202,False,Broad evaluation pool candidate,429,False,Broad evaluation pool candidate
032580,2026-09-04,2026-09-04,2026-09-04,2026-09-04,HOLD,neutral,44.63,44.63,44.63,53.6,53.6,0,52.78,-2.0,2,7.72,0.0,0.43,0.0,0.0,0,0,44.63,v2_conservative_ranker,43.0,-3.0,1,3.36,0.1,3.09,0.0,41.16,41.16,v3_stability_ranker,price_momentum,4705.0,0.0456,0.0011,-0.0095,4667.0,4490.25,0.0662,0.0643,kis,,,,,,,,,data/raw/price_032580_20260507_20260904.csv,203,False,Broad evaluation pool candidate,344,False,Broad evaluation pool candidate
109070,2026-09-04,2026-09-04,2026-09-04,2026-09-04,HOLD,neutral,44.51,44.51,44.51,45.5,45.5,0,48.2,0.0,0,3.7,0.0,0.0,0.0,0.0,0,0,44.51,v2_conservative_ranker,44.0,-5.0,0,12.38,0.0,0.0,0.0,51.38,51.38,v3_stability_ranker,neutral,1550.0,0.0,0.0,0.0915,1550.0,1594.9,0.0,0.0308,kis,,,,,,,,,data/raw/price_109070_20260507_20260904.csv,204,False,Broad evaluation pool candidate,187,False,Broad evaluation pool candidate
141000,2026-09-04,2026-09-04,2026-09-04,2026-09-04,HOLD,neutral,44.51,44.51,44.51,48.4,48.4,0,47.04,-2.0,2,2.53,0.0,0.0,0.0,0.0,0,0,44.51,v2_conservative_ranker,46.5,-3.0,1,13.84,0.0,0.0,0.0,58.34,58.34,v3_stability_ranker,neutral,8750.0,0.0023,-0.0278,0.0234,8896.0,8860.0,0.0193,0.0211,kis,,,,,,,,,data/raw/price_141000_20260507_20260904.csv,205,False,Broad evaluation pool candidate,85,False,Broad evaluation pool candidate
000760,2026-09-04,2026-09-04,2026-09-04,2026-09-04,HOLD,neutral,44.43,44.43,44.43,49.67,49.67,0,46.78,-2.0,2,2.35,0.0,0.0,0.0,0.0,0,0,44.43,v2_conservative_ranker,43.84,-3.0,1,14.06,0.0,0.0,0.0,55.9,55.9,v3_stability_ranker,neutral,13660.0,0.0,-0.0333,0.0317,13812.0,13486.5,0.2284,0.0196,kis,,,,,,,,,data/raw/price_000760_20260507_20260904.csv,206,False,Broad evaluation pool candidate,109,False,Broad evaluation pool candidate
107640,2026-09-04,2026-09-04,2026-09-04,2026-09-04,HOLD,neutral,44.42,44.42,44.42,53.34,53.34,0,51.99,-2.0,2,7.4,0.0,0.17,0.0,0.0,0,0,44.42,v2_conservative_ranker,44.09,-3.0,1,7.75,0.0,2.67,0.0,47.17,47.17,v3_stability_ranker,neutral,40250.0,0.0139,-0.0301,0.2051,40380.0,37370.0,0.0874,0.0617,kis,,,,,,,,,data/raw/price_107640_20260507_20260904.csv,207,False,Broad evaluation pool candidate,256,False,Broad evaluation pool candidate
008040,2026-09-04,2026-09-04,2026-09-04,2026-09-04,HOLD,neutral,44.39,44.39,44.39,79.0,83.0,-4,67.0,-2.0,2,5.21,11.3,0.0,0.0,6.1,0,0,44.39,v2_conservative_ranker,33.3,-3.0,1,3.49,26.18,0.0,9.2,0.0,0.0,v3_stability_ranker,price_momentum,8270.0,0.063,0.2645,0.2882,7380.0,6747.5,0.3892,0.0434,kis,,,,medium_attention,risk_noise_detected,,,,data/raw/price_008040_20260507_20260904.csv,208,False,Broad evaluation pool candidate,518,False,Broad evaluation pool candidate
900110,2026-09-04,2026-09-04,2026-09-04,2026-09-04,HOLD,neutral,44.3,44.3,44.3,44.8,44.8,0,47.33,0.0,0,3.04,0.0,0.0,0.0,0.0,0,0,44.3,v2_conservative_ranker,44.0,-5.0,0,13.21,0.0,0.0,0.0,52.2,52.2,v3_stability_ranker,neutral,1201.0,0.0,0.0,0.0666,1201.0,1202.05,0.0,0.0253,kis,,,,,,,,,data/raw/price_900110_20260507_20260904.csv,209,False,Broad evaluation pool candidate,173,False,Broad evaluation pool candidate
000950,2026-09-04,2026-09-04,2026-09-04,2026-09-04,HOLD,neutral,44.24,44.24,44.24,49.2,49.2,0,48.03,-2.0,2,3.79,0.0,0.0,0.0,0.0,0,0,44.24,v2_conservative_ranker,43.92,-3.0,1,12.26,0.0,0.0,0.0,54.18,54.18,v3_stability_ranker,neutral,33050.0,-0.0222,-0.0322,0.0644,33230.0,33117.5,0.0604,0.0316,kis,,,,,,,,,data/raw/price_000950_20260507_20260904.csv,210,False,Broad evaluation pool candidate,145,False,Broad evaluation pool candidate
092040,2026-09-04,2026-09-04,2026-09-04,2026-09-04,HOLD,neutral,44.08,44.08,44.08,46.15,49.15,-3,49.82,-2.0,2,3.74,0.0,0.0,0.0,0.0,2,0,44.08,v2_conservative_ranker,48.5,-3.0,1,12.32,0.0,0.0,2.0,56.82,56.82,v3_stability_ranker,neutral,994.0,0.0081,0.0247,-0.047,982.8,1002.05,0.0244,0.0312,unknown,아미코젠,아미코젠,disclosure_violation,,,,,,data/raw/price_092040_20260805_20260904.csv,211,False,Broad evaluation pool candidate,100,False,Broad evaluation pool candidate
267850,2026-09-04,2026-09-04,2026-09-04,2026-09-04,HOLD,neutral,44.04,44.04,44.04,45.06,42.06,3,44.3,-2.0,2,1.26,0.0,0.0,0.0,0.0,0,1,44.04,v2_conservative_ranker,38.0,-3.0,1,15.43,0.0,0.0,0.0,51.42,51.42,v3_stability_ranker,neutral,9260.0,0.0043,-0.0022,-0.0138,9274.0,9355.5,0.0026,0.0105,unknown,아시아나IDT,아시아나IDT,supply_contract,,,,,,data/raw/price_267850_20260805_20260904.csv,212,False,Broad evaluation pool candidate,185,False,Broad evaluation pool candidate
053690,2026-09-04,2026-09-04,2026-09-04,2026-09-04,HOLD,neutral,43.73,43.73,43.73,53.04,53.04,0,50.87,-2.0,2,7.14,0.0,0.0,0.0,0.0,0,0,43.73,v2_conservative_ranker,43.2,-3.0,1,5.08,0.31,2.32,0.0,43.65,43.65,v3_stability_ranker,neutral,22050.0,0.0161,-0.0413,0.2142,21750.0,19624.5,0.1864,0.0595,kis,,,,low_attention,no_risk_noise,,,,data/raw/price_053690_20260507_20260904.csv,213,False,Broad evaluation pool candidate,310,False,Broad evaluation pool candidate
263750,2026-09-04,2026-09-04,2026-09-04,2026-09-04,HOLD,neutral,43.72,43.72,43.72,51.85,51.85,0,50.39,-2.0,2,5.18,1.49,0.0,0.0,0.0,0,0,43.72,v2_conservative_ranker,48.5,-3.0,1,6.52,6.36,0.0,0.0,46.66,46.66,v3_stability_ranker,neutral,33500.0,0.0824,0.0308,-0.0483,31610.0,32417.5,0.5849,0.0432,kis,,,,,,,,,data/raw/price_263750_20260507_20260904.csv,214,False,Broad evaluation pool candidate,267,False,Broad evaluation pool candidate
003030,2026-09-04,2026-09-04,2026-09-04,2026-09-04,HOLD,neutral,43.62,43.62,43.62,46.39,46.39,0,46.95,-2.0,2,3.34,0.0,0.0,0.0,0.0,0,0,43.62,v2_conservative_ranker,36.99,-3.0,1,12.83,0.0,0.0,0.0,47.82,47.82,v3_stability_ranker,neutral,104100.0,-0.0019,0.0068,-0.0779,102440.0,104250.0,0.0641,0.0278,kis,,,,,,,,,data/raw/price_003030_20260507_20260904.csv,215,False,Broad evaluation pool candidate,247,False,Broad evaluation pool candidate
179530,2026-09-04,2026-09-04,2026-09-04,2026-09-04,HOLD,neutral,43.61,43.61,43.61,51.69,54.69,-3,52.77,-2.0,2,7.16,0.0,0.0,0.0,0.0,2,0,43.61,v2_conservative_ranker,46.5,-3.0,1,8.04,0.0,2.35,2.0,48.19,48.19,v3_stability_ranker,neutral,2415.0,-0.0398,-0.0223,0.2075,2505.0,2367.8,0.1484,0.0597,unknown,애드바이오텍,애드바이오텍,convertible_bond,,,,,,data/raw/price_179530_20260805_20260904.csv,216,False,Broad evaluation pool candidate,241,False,Broad evaluation pool candidate
005960,2026-09-04,2026-09-04,2026-09-04,2026-09-04,HOLD,neutral,43.58,43.58,43.58,44.97,44.97,0,47.08,-2.0,2,3.5,0.0,0.0,0.0,0.0,0,0,43.58,v2_conservative_ranker,44.0,-3.0,1,12.62,0.0,0.0,0.0,54.62,54.62,v3_stability_ranker,neutral,7550.0,0.0067,-0.0105,0.0895,7458.0,7514.5,0.0776,0.0292,kis,,,,,,,,,data/raw/price_005960_20260507_20260904.csv,217,False,Broad evaluation pool candidate,143,False,Broad evaluation pool candidate
297570,2026-09-04,2026-09-04,2026-09-04,2026-09-04,HOLD,neutral,43.55,43.55,43.55,44.29,44.29,0,47.5,0.0,0,3.95,0.0,0.0,0.0,0.0,0,0,43.55,v2_conservative_ranker,44.0,-5.0,0,12.07,0.0,0.0,0.0,51.06,51.06,v3_stability_ranker,neutral,869.0,0.0,0.0,0.0715,869.0,877.35,0.0,0.0329,kis,,,,,,,,,data/raw/price_297570_20260507_20260904.csv,218,False,Broad evaluation pool candidate,193,False,Broad evaluation pool candidate
216400,2026-09-04,2026-09-04,2026-09-04,2026-09-04,HOLD,neutral,43.5,43.5,43.5,77.08,77.08,0,67.0,0.0,0,7.91,15.0,0.59,0.0,0.0,0,0,43.5,v2_conservative_ranker,39.0,-5.0,0,4.12,23.59,3.34,0.0,11.18,11.18,v3_stability_ranker,price_momentum,1887.0,0.0,0.1367,2.0534,1808.2,1140.05,0.0,0.0659,kis,,,,,,,,,data/raw/price_216400_20260507_20260904.csv,219,False,Broad evaluation pool candidate,507,False,Broad evaluation pool candidate
267270,2026-09-04,2026-09-04,2026-09-04,2026-09-04,HOLD,neutral,43.5,43.5,43.5,47.92,47.92,0,48.87,-2.0,2,5.36,0.0,0.0,0.0,0.0,0,0,43.5,v2_conservative_ranker,40.5,-3.0,1,10.3,0.0,0.0,0.0,48.8,48.8,v3_stability_ranker,neutral,137800.0,0.0185,0.0088,-0.0289,132140.0,134010.0,0.1599,0.0447,kis,,,,,,,,,data/raw/price_267270_20260507_20260904.csv,220,False,Broad evaluation pool candidate,229,False,Broad evaluation pool candidate
012630,2026-09-04,2026-09-04,2026-09-04,2026-09-04,HOLD,neutral,43.48,43.48,43.48,47.02,47.02,0,45.97,-2.0,2,2.48,0.0,0.0,0.0,0.0,0,0,43.48,v2_conservative_ranker,40.5,-3.0,1,13.89,0.0,0.0,0.0,52.39,52.39,v3_stability_ranker,neutral,22550.0,-0.0022,-0.028,-0.0066,22420.0,22302.5,0.0369,0.0207,kis,,,,,,,,,data/raw/price_012630_20260507_20260904.csv,221,False,Broad evaluation pool candidate,168,False,Broad evaluation pool candidate
075180,2026-09-04,2026-09-04,2026-09-04,2026-09-04,HOLD,neutral,43.43,43.43,43.43,43.19,43.19,0,44.19,-2.0,2,0.76,0.0,0.0,0.0,0.0,0,0,43.43,v2_conservative_ranker,38.0,-3.0,1,16.05,0.0,0.0,0.0,52.05,52.05,v3_stability_ranker,neutral,2950.0,0.0017,-0.0034,-0.0134,2948.0,2960.75,0.1384,0.0063,kis,,,,,,,,,data/raw/price_075180_20260507_20260904.csv,222,False,Broad evaluation pool candidate,176,False,Broad evaluation pool candidate
091590,2026-09-04,2026-09-04,2026-09-04,2026-09-04,HOLD,neutral,43.41,43.41,43.41,74.57,74.57,0,67.0,-2.0,2,10.0,8.0,5.59,0.0,0.0,0,0,43.41,v2_conservative_ranker,39.0,-3.0,1,2.0,12.49,10.0,0.0,16.51,16.51,v3_stability_ranker,price_momentum,7290.0,-0.0215,0.1181,0.5952,7218.0,6343.25,0.1263,0.1159,kis,,,,,,,,,data/raw/price_091590_20260507_20260904.csv,223,False,Broad evaluation pool candidate,491,False,Broad evaluation pool candidate
000180,2026-09-04,2026-09-04,2026-09-04,2026-09-04,HOLD,neutral,43.35,43.35,43.35,42.93,42.93,0,44.41,-2.0,2,1.07,0.0,0.0,0.0,0.0,0,0,43.35,v2_conservative_ranker,38.0,-3.0,1,15.66,0.0,0.0,0.0,51.66,51.66,v3_stability_ranker,neutral,5240.0,0.0096,-0.0019,-0.0113,5206.0,5306.5,0.0951,0.0089,kis,,,,,,,,,data/raw/price_000180_20260507_20260904.csv,224,False,Broad evaluation pool candidate,181,False,Broad evaluation pool candidate
013360,2026-09-04,2026-09-04,2026-09-04,2026-09-04,HOLD,neutral,43.34,43.34,43.34,43.89,43.89,0,46.46,-2.0,2,3.12,0.0,0.0,0.0,0.0,0,0,43.34,v2_conservative_ranker,44.0,-3.0,1,13.1,0.0,0.0,0.0,55.1,55.1,v3_stability_ranker,neutral,1503.0,0.0054,-0.0053,0.057,1496.4,1516.4,0.0276,0.026,kis,,,,,,,,,data/raw/price_013360_20260507_20260904.csv,225,False,Broad evaluation pool candidate,118,False,Broad evaluation pool candidate
090430,2026-09-04,2026-09-04,2026-09-04,2026-09-04,HOLD,neutral,43.1,43.1,43.1,48.24,48.24,0,46.56,-2.0,2,2.76,0.0,0.0,0.0,0.7,0,0,43.1,v2_conservative_ranker,43.2,-3.0,1,13.55,0.0,0.0,1.0,53.75,53.75,v3_stability_ranker,neutral,144400.0,0.0133,-0.0412,0.0479,144540.0,140155.0,0.0437,0.023,kis,,,,medium_attention,no_risk_noise,,,,data/raw/price_090430_20260507_20260904.csv,226,False,Broad evaluation pool candidate,149,False,Broad evaluation pool candidate
011420,2026-09-04,2026-09-04,2026-09-04,2026-09-04,HOLD,neutral,43.07,43.07,43.07,45.12,45.12,0,45.55,-2.0,2,2.48,0.0,0.0,0.0,0.0,0,0,43.07,v2_conservative_ranker,44.0,-3.0,1,9.89,1.09,0.0,0.0,50.81,50.81,v3_stability_ranker,neutral,1513.0,0.0514,-0.0092,0.042,1487.2,1488.05,0.3345,0.0207,kis,,,,,,,,,data/raw/price_011420_20260507_20260904.csv,227,False,Broad evaluation pool candidate,198,False,Broad evaluation pool candidate
001420,2026-09-04,2026-09-04,2026-09-04,2026-09-04,HOLD,neutral,43.02,43.02,43.02,74.16,74.16,0,65.85,-2.0,2,9.47,11.47,1.89,0.0,0.0,0,0,43.02,v2_conservative_ranker,39.91,-3.0,1,2.17,20.35,5.42,0.0,14.3,14.3,v3_stability_ranker,price_momentum,2960.0,0.0278,0.2898,0.1385,2712.0,2477.5,0.0207,0.0789,kis,,,,,,,,,data/raw/price_001420_20260507_20260904.csv,228,False,Broad evaluation pool candidate,500,False,Broad evaluation pool candidate
001630,2026-09-04,2026-09-04,2026-09-04,2026-09-04,HOLD,neutral,43.02,43.02,43.02,42.1,42.1,0,44.56,-2.0,2,1.54,0.0,0.0,0.0,0.0,0,0,43.02,v2_conservative_ranker,38.0,-3.0,1,15.08,0.0,0.0,0.0,51.08,51.08,v3_stability_ranker,neutral,39200.0,0.0077,0.0,-0.0126,39180.0,39520.0,0.0022,0.0128,kis,,,,,,,,,data/raw/price_001630_20260507_20260904.csv,229,False,Broad evaluation pool candidate,192,False,Broad evaluation pool candidate
046070,2026-09-04,2026-09-04,2026-09-04,2026-09-04,HOLD,neutral,43.0,43.0,43.0,41.0,44.0,-3,45.0,0.0,0,0.0,0.0,0.0,0.0,0.0,2,0,43.0,v2_conservative_ranker,38.0,-5.0,0,17.0,0.0,0.0,2.0,48.0,48.0,v3_stability_ranker,neutral,10280.0,0.0,0.0,0.0,10280.0,10280.0,0.0,0.0,unknown,코다코,코다코,paid_in_capital_increase,,,,,,data/raw/price_046070_20260805_20260904.csv,230,False,Broad evaluation pool candidate,246,False,Broad evaluation pool candidate
029460,2026-09-04,2026-09-04,2026-09-04,2026-09-04,HOLD,neutral,42.93,42.93,42.93,51.19,51.19,0,47.31,-2.0,2,4.38,0.0,0.0,0.0,0.0,0,0,42.93,v2_conservative_ranker,33.81,-3.0,1,11.53,0.0,0.0,0.0,43.34,43.34,v3_stability_ranker,neutral,37800.0,0.0272,-0.0769,0.2353,38430.0,36127.5,0.0889,0.0365,kis,,,,,,,,,data/raw/price_029460_20260507_20260904.csv,231,False,Broad evaluation pool candidate,313,False,Broad evaluation pool candidate
419540,2026-09-04,2026-09-04,2026-09-04,2026-09-04,HOLD,neutral,42.9,42.9,42.9,48.01,48.01,0,48.05,-2.0,2,5.15,0.0,0.0,0.0,0.0,0,0,42.9,v2_conservative_ranker,43.69,-3.0,1,10.56,0.0,0.0,0.0,52.26,52.26,v3_stability_ranker,neutral,3300.0,-0.003,-0.0351,0.0732,3344.0,3332.75,0.0251,0.0429,kis,,,,,,,,,data/raw/price_419540_20260507_20260904.csv,232,False,Broad evaluation pool candidate,170,False,Broad evaluation pool candidate
002680,2026-09-04,2026-09-04,2026-09-04,2026-09-04,HOLD,neutral,42.8,42.8,42.8,68.5,68.5,0,65.37,-2.0,2,10.0,8.0,4.57,0.0,0.0,0,0,42.8,v2_conservative_ranker,43.0,-3.0,1,2.0,10.0,9.71,0.0,23.29,23.29,v3_stability_ranker,price_momentum,2670.0,-0.0273,0.0637,0.5389,2630.0,2398.1,0.0215,0.1057,kis,,,,,,,,,data/raw/price_002680_20260507_20260904.csv,233,False,Broad evaluation pool candidate,478,False,Broad evaluation pool candidate
375500,2026-09-04,2026-09-04,2026-09-04,2026-09-04,HOLD,neutral,42.74,42.74,42.74,42.81,42.81,0,45.4,-2.0,2,2.65,0.0,0.0,0.0,0.0,0,0,42.74,v2_conservative_ranker,38.0,-3.0,1,13.68,0.0,0.0,0.0,49.69,49.69,v3_stability_ranker,neutral,73200.0,0.0097,-0.0014,0.0153,71840.0,71985.0,0.0651,0.0221,unknown,DL이앤씨,DL이앤씨,major_shareholder_change,,,,,,data/raw/price_375500_20260805_20260904.csv,234,False,Broad evaluation pool candidate,217,False,Broad evaluation pool candidate
002780,2026-09-04,2026-09-04,2026-09-04,2026-09-04,HOLD,neutral,42.62,42.62,42.62,41.55,41.55,0,44.21,0.0,0,1.6,0.0,0.0,0.0,0.0,0,0,42.62,v2_conservative_ranker,38.0,-5.0,0,15.01,0.0,0.0,0.0,48.01,48.01,v3_stability_ranker,neutral,782.0,0.0,0.0,-0.0225,782.0,787.5,0.0,0.0133,kis,,,,,,,,,data/raw/price_002780_20260507_20260904.csv,235,False,Broad evaluation pool candidate,245,False,Broad evaluation pool candidate
032300,2026-09-04,2026-09-04,2026-09-04,2026-09-04,HOLD,neutral,42.57,42.57,42.57,43.07,43.07,0,45.18,-2.0,2,2.6,0.0,0.0,0.0,0.0,0,0,42.57,v2_conservative_ranker,38.0,-3.0,1,13.75,0.0,0.0,0.0,49.75,49.75,v3_stability_ranker,neutral,7940.0,0.0312,-0.005,0.0193,7890.0,7923.5,0.1291,0.0217,kis,,,,,,,,,data/raw/price_032300_20260507_20260904.csv,236,False,Broad evaluation pool candidate,216,False,Broad evaluation pool candidate
950210,2026-09-04,2026-09-04,2026-09-04,2026-09-04,HOLD,neutral,42.54,42.54,42.54,46.08,46.08,0,46.38,-2.0,2,3.84,0.0,0.0,0.0,0.0,0,0,42.54,v2_conservative_ranker,40.5,-3.0,1,12.2,0.0,0.0,0.0,50.7,50.7,v3_stability_ranker,neutral,6350.0,-0.0185,-0.0124,-0.0393,6512.0,6500.5,0.0813,0.032,kis,,,,,,,,,data/raw/price_950210_20260507_20260904.csv,237,False,Broad evaluation pool candidate,202,False,Broad evaluation pool candidate
009150,2026-09-04,2026-09-04,2026-09-04,2026-09-04,HOLD,neutral,42.52,42.52,42.52,48.38,48.38,0,47.95,-2.0,2,5.42,0.0,0.0,0.0,0.0,0,0,42.52,v2_conservative_ranker,42.79,-3.0,1,10.22,0.0,0.03,0.0,50.98,50.98,v3_stability_ranker,neutral,1355000.0,0.0052,-0.0464,0.1025,1398200.0,1377800.0,0.0691,0.0452,kis,,,,,,,,,data/raw/price_009150_20260507_20260904.csv,238,False,Broad evaluation pool candidate,195,False,Broad evaluation pool candidate
229000,2026-09-04,2026-09-04,2026-09-04,2026-09-04,HOLD,neutral,42.43,42.43,42.43,47.77,50.77,-3,50.25,-2.0,2,5.82,0.0,0.0,0.0,0.0,2,0,42.43,v2_conservative_ranker,43.36,-3.0,1,9.72,0.0,0.56,2.0,48.53,48.53,v3_stability_ranker,neutral,1888.0,0.0194,-0.0392,0.1477,1894.0,1836.4,0.0261,0.0485,unknown,젠큐릭스,젠큐릭스,convertible_bond,,,,,,data/raw/price_229000_20260805_20260904.csv,239,False,Broad evaluation pool candidate,234,False,Broad evaluation pool candidate
024900,2026-09-04,2026-09-04,2026-09-04,2026-09-04,HOLD,neutral,42.35,42.35,42.35,41.67,41.67,0,44.12,-2.0,2,1.78,0.0,0.0,0.0,0.0,0,0,42.35,v2_conservative_ranker,38.0,-3.0,1,14.78,0.0,0.0,0.0,50.78,50.78,v3_stability_ranker,neutral,1693.0,0.0042,-0.0035,-0.0151,1697.4,1730.2,0.043,0.0148,kis,,,,,,,,,data/raw/price_024900_20260507_20260904.csv,240,False,Broad evaluation pool candidate,199,False,Broad evaluation pool candidate
279600,2026-09-04,2026-09-04,2026-09-04,2026-09-04,HOLD,neutral,42.35,42.35,42.35,46.12,46.12,0,47.29,-2.0,2,4.93,0.0,0.0,0.0,0.0,0,0,42.35,v2_conservative_ranker,40.5,-3.0,1,10.84,0.0,0.0,0.0,49.34,49.34,v3_stability_ranker,neutral,3890.0,-0.0152,-0.0127,-0.0127,4000.0,3885.5,0.0219,0.0411,kis,,,,,,,,,data/raw/price_279600_20260507_20260904.csv,241,False,Broad evaluation pool candidate,224,False,Broad evaluation pool candidate
007570,2026-09-04,2026-09-04,2026-09-04,2026-09-04,HOLD,neutral,42.32,42.32,42.32,41.86,41.86,0,44.33,-2.0,2,2.0,0.0,0.0,0.0,0.0,0,0,42.32,v2_conservative_ranker,38.0,-3.0,1,14.5,0.0,0.0,0.0,50.5,50.5,v3_stability_ranker,neutral,8450.0,0.0108,-0.0059,-0.0024,8474.0,8534.0,0.0405,0.0167,kis,,,,,,,,,data/raw/price_007570_20260507_20260904.csv,242,False,Broad evaluation pool candidate,207,False,Broad evaluation pool candidate
009290,2026-09-04,2026-09-04,2026-09-04,2026-09-04,HOLD,neutral,42.32,42.32,42.32,45.82,45.82,0,45.41,-2.0,2,3.08,0.0,0.0,0.0,0.0,0,0,42.32,v2_conservative_ranker,37.93,-3.0,1,13.14,0.0,0.0,0.0,49.08,49.08,v3_stability_ranker,neutral,6340.0,0.0,-0.0321,-0.0109,6358.0,6337.5,0.0244,0.0257,kis,,,,,,,,,data/raw/price_009290_20260507_20260904.csv,243,False,Broad evaluation pool candidate,225,False,Broad evaluation pool candidate
320000,2026-09-04,2026-09-04,2026-09-04,2026-09-04,HOLD,neutral,42.26,42.26,42.26,55.24,55.24,0,53.05,-2.0,2,9.16,0.0,1.63,0.0,0.0,0,0,42.26,v2_conservative_ranker,39.42,-3.0,1,5.55,3.07,5.01,0.0,34.9,34.9,v3_stability_ranker,neutral,10290.0,0.0208,0.1523,-0.1129,10246.0,10333.5,0.2523,0.0763,kis,,,,,,,,,data/raw/price_320000_20260507_20260904.csv,244,False,Broad evaluation pool candidate,417,False,Broad evaluation pool candidate
014970,2026-09-04,2026-09-04,2026-09-04,2026-09-04,HOLD,neutral,42.23,42.23,42.23,42.37,42.37,0,44.19,-2.0,2,1.97,0.0,0.0,0.0,0.0,0,0,42.23,v2_conservative_ranker,44.0,-3.0,1,14.54,0.0,0.0,0.0,56.54,56.54,v3_stability_ranker,neutral,4395.0,-0.0045,-0.0179,0.0281,4418.0,4439.25,0.0658,0.0164,kis,,,,,,,,,data/raw/price_014970_20260507_20260904.csv,245,False,Broad evaluation pool candidate,104,False,Broad evaluation pool candidate
440110,2026-09-04,2026-09-04,2026-09-04,2026-09-04,HOLD,neutral,42.11,42.11,42.11,43.36,43.36,0,46.73,-2.0,2,4.62,0.0,0.0,0.0,0.0,0,0,42.11,v2_conservative_ranker,44.0,-3.0,1,11.22,0.0,0.0,0.0,53.23,53.23,v3_stability_ranker,neutral,62600.0,0.0179,-0.0111,0.0812,63140.0,63320.0,0.043,0.0385,kis,,,,,,,,,data/raw/price_440110_20260507_20260904.csv,246,False,Broad evaluation pool candidate,154,False,Broad evaluation pool candidate
030610,2026-09-04,2026-09-04,2026-09-04,2026-09-04,HOLD,neutral,42.05,42.05,42.05,41.92,41.92,0,44.6,-2.0,2,2.54,0.0,0.0,0.0,0.0,0,0,42.05,v2_conservative_ranker,38.0,-3.0,1,13.82,0.0,0.0,0.0,49.82,49.82,v3_stability_ranker,neutral,10160.0,0.0109,-0.0068,0.0079,10146.0,10159.0,0.0536,0.0212,kis,,,,,,,,,data/raw/price_030610_20260507_20260904.csv,247,False,Broad evaluation pool candidate,215,False,Broad evaluation pool candidate
013520,2026-09-04,2026-09-04,2026-09-04,2026-09-04,HOLD,neutral,42.05,42.05,42.05,44.92,44.92,0,44.63,-2.0,2,2.58,0.0,0.0,0.0,0.0,0,0,42.05,v2_conservative_ranker,40.5,-3.0,1,13.78,0.0,0.0,0.0,52.27,52.27,v3_stability_ranker,neutral,2580.0,-0.0039,-0.0282,-0.0444,2630.0,2616.5,0.0176,0.0215,kis,,,,,,,,,data/raw/price_013520_20260507_20260904.csv,248,False,Broad evaluation pool candidate,169,False,Broad evaluation pool candidate
011370,2026-09-04,2026-09-04,2026-09-04,2026-09-04,HOLD,neutral,42.03,42.03,42.03,41.64,41.64,0,43.26,-2.0,2,1.22,0.0,0.0,0.0,0.0,0,0,42.03,v2_conservative_ranker,38.0,-3.0,1,15.47,0.0,0.0,0.0,51.47,51.47,v3_stability_ranker,neutral,3845.0,0.0026,-0.0179,0.0013,3853.0,3887.75,0.0636,0.0102,kis,,,,,,,,,data/raw/price_011370_20260507_20260904.csv,249,False,Broad evaluation pool candidate,184,False,Broad evaluation pool candidate
021320,2026-09-04,2026-09-04,2026-09-04,2026-09-04,HOLD,neutral,41.92,41.92,41.92,41.67,41.67,0,44.31,-2.0,2,2.39,0.0,0.0,0.0,0.0,0,0,41.92,v2_conservative_ranker,38.0,-3.0,1,14.02,0.0,0.0,0.0,50.02,50.02,v3_stability_ranker,neutral,5620.0,-0.0018,-0.0088,0.0054,5568.0,5659.5,0.0442,0.0199,kis,,,,,,,,,data/raw/price_021320_20260507_20260904.csv,250,False,Broad evaluation pool candidate,211,False,Broad evaluation pool candidate
018470,2026-09-04,2026-09-04,2026-09-04,2026-09-04,HOLD,neutral,41.79,41.79,41.79,40.29,40.29,0,43.26,0.0,0,1.46,0.0,0.0,0.0,0.0,0,0,41.79,v2_conservative_ranker,38.0,-5.0,0,15.17,0.0,0.0,0.0,48.17,48.17,v3_stability_ranker,neutral,973.0,0.0,0.0,-0.0498,973.0,995.45,0.0,0.0122,kis,,,,,,,,,data/raw/price_018470_20260507_20260904.csv,251,False,Broad evaluation pool candidate,242,False,Broad evaluation pool candidate
006490,2026-09-04,2026-09-04,2026-09-04,2026-09-04,HOLD,neutral,41.59,41.59,41.59,41.8,41.8,0,46.09,0.0,0,4.5,0.0,0.0,0.0,0.0,0,0,41.59,v2_conservative_ranker,44.0,-5.0,0,11.38,0.0,0.0,0.0,50.38,50.38,v3_stability_ranker,neutral,898.0,0.0,0.0,0.031,898.0,902.55,0.0,0.0375,kis,,,,,,,,,data/raw/price_006490_20260507_20260904.csv,252,False,Broad evaluation pool candidate,208,False,Broad evaluation pool candidate
033540,2026-09-04,2026-09-04,2026-09-04,2026-09-04,HOLD,neutral,41.41,41.41,41.41,42.54,42.54,0,44.16,-2.0,2,2.76,0.0,0.0,0.0,0.0,0,0,41.41,v2_conservative_ranker,34.5,-3.0,1,13.55,0.0,0.0,0.0,46.05,46.05,v3_stability_ranker,neutral,3270.0,-0.0091,0.0108,-0.169,3306.0,3481.5,0.0345,0.023,kis,,,,,,,,,data/raw/price_033540_20260507_20260904.csv,253,False,Broad evaluation pool candidate,275,False,Broad evaluation pool candidate
200230,2026-09-04,2026-09-04,2026-09-04,2026-09-04,HOLD,neutral,41.35,41.35,41.35,41.41,41.41,0,44.45,-2.0,2,3.1,0.0,0.0,0.0,0.0,0,0,41.35,v2_conservative_ranker,44.0,-3.0,1,13.13,0.0,0.0,0.0,55.13,55.13,v3_stability_ranker,neutral,2210.0,-0.0067,-0.0178,0.0351,2242.0,2259.5,0.0029,0.0258,kis,,,,,,,,,data/raw/price_200230_20260507_20260904.csv,254,False,Broad evaluation pool candidate,117,False,Broad evaluation pool candidate
038530,2026-09-04,2026-09-04,2026-09-04,2026-09-04,HOLD,neutral,41.33,41.33,41.33,40.9,40.9,0,44.93,0.0,0,3.6,0.0,0.0,0.0,0.0,0,0,41.33,v2_conservative_ranker,38.0,-5.0,0,12.5,0.0,0.0,0.0,45.5,45.5,v3_stability_ranker,neutral,999.0,0.0,0.0,-0.002,999.0,1020.3,0.0,0.03,kis,,,,,,,,,data/raw/price_038530_20260507_20260904.csv,255,False,Broad evaluation pool candidate,286,False,Broad evaluation pool candidate
368770,2026-09-04,2026-09-04,2026-09-04,2026-09-04,HOLD,neutral,41.31,41.31,41.31,45.41,45.41,0,47.47,-2.0,2,6.16,0.0,0.0,0.0,0.0,0,0,41.31,v2_conservative_ranker,40.5,-3.0,1,9.3,0.0,1.01,0.0,46.8,46.8,v3_stability_ranker,neutral,11830.0,0.0216,0.0008,-0.046,11820.0,12962.0,0.1267,0.0513,kis,,,,,,,,,data/raw/price_368770_20260507_20260904.csv,256,False,Broad evaluation pool candidate,263,False,Broad evaluation pool candidate
002880,2026-09-04,2026-09-04,2026-09-04,2026-09-04,HOLD,neutral,41.29,41.29,41.29,40.36,40.36,0,44.09,0.0,0,2.81,0.0,0.0,0.0,0.0,0,0,41.29,v2_conservative_ranker,38.0,-5.0,0,13.49,0.0,0.0,0.0,46.49,46.49,v3_stability_ranker,neutral,753.0,0.0,0.0,-0.0259,753.0,786.15,0.0,0.0234,unknown,디와이에이,디와이에이,major_shareholder_change,,,,,,data/raw/price_002880_20260805_20260904.csv,257,False,Broad evaluation pool candidate,271,False,Broad evaluation pool candidate
272110,2026-09-04,2026-09-04,2026-09-04,2026-09-04,HOLD,neutral,41.28,41.28,41.28,43.64,43.64,0,45.42,-2.0,2,4.14,0.0,0.0,0.0,0.0,0,0,41.28,v2_conservative_ranker,35.12,-3.0,1,11.82,0.0,0.0,0.0,44.94,44.94,v3_stability_ranker,neutral,24650.0,0.0335,0.0061,-0.1196,24100.0,26002.5,0.0759,0.0345,kis,,,,,,,,,data/raw/price_272110_20260507_20260904.csv,258,False,Broad evaluation pool candidate,293,False,Broad evaluation pool candidate
011930,2026-09-04,2026-09-04,2026-09-04,2026-09-04,HOLD,neutral,41.26,41.26,41.26,45.47,45.47,0,44.86,-2.0,2,3.6,0.0,0.0,0.0,0.0,0,0,41.26,v2_conservative_ranker,36.91,-3.0,1,12.5,0.0,0.0,0.0,47.41,47.41,v3_stability_ranker,neutral,16150.0,0.017,-0.0449,0.01,16470.0,16464.5,0.0762,0.03,kis,,,,,,,,,data/raw/price_011930_20260507_20260904.csv,259,False,Broad evaluation pool candidate,249,False,Broad evaluation pool candidate
296640,2026-09-04,2026-09-04,2026-09-04,2026-09-04,HOLD,neutral,41.25,41.25,41.25,54.38,54.38,0,53.1,-2.0,2,6.92,4.93,0.0,0.0,0.0,0,0,41.25,v2_conservative_ranker,32.5,-3.0,1,8.35,8.97,2.03,0.0,27.84,27.84,v3_stability_ranker,neutral,6210.0,0.0016,-0.019,0.4595,6218.0,5852.75,0.0084,0.0577,kis,,,,,,,,,data/raw/price_296640_20260507_20260904.csv,260,False,Broad evaluation pool candidate,463,False,Broad evaluation pool candidate
247660,2026-09-04,2026-09-04,2026-09-04,2026-09-04,HOLD,neutral,41.22,41.22,41.22,78.49,78.49,0,67.0,-2.0,2,8.03,17.06,0.69,0.0,0.0,0,0,41.22,v2_conservative_ranker,31.79,-3.0,1,3.96,30.15,3.5,0.0,0.1,0.1,v3_stability_ranker,price_momentum,3955.0,0.0064,0.2058,0.6143,3776.0,2958.5,0.0308,0.0669,kis,,,,,,,,,data/raw/price_247660_20260507_20260904.csv,261,False,Broad evaluation pool candidate,517,False,Broad evaluation pool candidate
028260,2026-09-04,2026-09-04,2026-09-04,2026-09-04,HOLD,neutral,41.21,41.21,41.21,47.04,47.04,0,46.05,-2.0,2,4.85,0.0,0.0,0.0,0.0,0,0,41.21,v2_conservative_ranker,42.34,-3.0,1,6.94,0.0,0.0,0.0,47.28,47.28,v3_stability_ranker,neutral,355500.0,-0.0444,-0.052,0.0644,373500.0,366550.0,0.176,0.0404,kis,,,,,,,,,data/raw/price_028260_20260507_20260904.csv,262,False,Broad evaluation pool candidate,253,False,Broad evaluation pool candidate
002460,2026-09-04,2026-09-04,2026-09-04,2026-09-04,HOLD,neutral,41.2,41.2,41.2,41.69,38.69,3,42.77,-2.0,2,2.57,0.0,0.0,0.0,0.0,0,1,41.2,v2_conservative_ranker,35.13,-3.0,1,13.79,0.0,0.0,0.0,46.92,46.92,v3_stability_ranker,neutral,10860.0,-0.0028,0.0,-0.0638,10888.0,11071.0,0.0029,0.0214,unknown,HS화성,HS화성,supply_contract,,,,,,data/raw/price_002460_20260805_20260904.csv,263,False,Broad evaluation pool candidate,262,False,Broad evaluation pool candidate
018700,2026-09-04,2026-09-04,2026-09-04,2026-09-04,HOLD,neutral,41.06,41.06,41.06,40.59,40.59,0,43.04,-2.0,2,1.98,0.0,0.0,0.0,0.0,0,0,41.06,v2_conservative_ranker,38.0,-3.0,1,14.53,0.0,0.0,0.0,50.52,50.52,v3_stability_ranker,neutral,1395.0,0.0043,-0.0211,0.0043,1389.8,1450.35,0.0219,0.0165,kis,,,,,,,,,data/raw/price_018700_20260507_20260904.csv,264,False,Broad evaluation pool candidate,206,False,Broad evaluation pool candidate
101000,2026-09-04,2026-09-04,2026-09-04,2026-09-04,HOLD,neutral,41.02,41.02,41.02,100.07,100.07,0,75.0,0.89,3,10.0,25.0,2.87,0.0,0.0,0,0,41.02,v2_conservative_ranker,31.23,8.0,6,-2.0,38.0,6.99,0.0,0.0,0.0,v3_stability_ranker,strong_price_momentum,1080.0,0.2827,0.3828,0.2706,851.2,799.4,1.1777,0.0887,kis,,,,,,,,,data/raw/price_101000_20260507_20260904.csv,265,False,Broad evaluation pool candidate,519,False,Broad evaluation pool candidate
026960,2026-09-04,2026-09-04,2026-09-04,2026-09-04,HOLD,neutral,41.02,41.02,41.02,40.49,40.49,0,42.55,-2.0,2,1.52,0.0,0.0,0.0,0.0,0,0,41.02,v2_conservative_ranker,38.0,-3.0,1,15.1,0.0,0.0,0.0,51.09,51.09,v3_stability_ranker,neutral,25700.0,0.0,-0.0172,-0.021,25680.0,25992.5,0.0886,0.0127,kis,,,,,,,,,data/raw/price_026960_20260507_20260904.csv,266,False,Broad evaluation pool candidate,191,False,Broad evaluation pool candidate
007980,2026-09-04,2026-09-04,2026-09-04,2026-09-04,HOLD,neutral,40.84,40.84,40.84,40.28,40.28,0,42.81,-2.0,2,1.97,0.0,0.0,0.0,0.0,0,0,40.84,v2_conservative_ranker,38.0,-3.0,1,14.54,0.0,0.0,0.0,50.54,50.54,v3_stability_ranker,neutral,1726.0,-0.0035,-0.0199,-0.0058,1734.6,1796.75,0.0341,0.0164,kis,,,,,,,,,data/raw/price_007980_20260507_20260904.csv,267,False,Broad evaluation pool candidate,205,False,Broad evaluation pool candidate
122640,2026-09-04,2026-09-04,2026-09-04,2026-09-04,HOLD,neutral,40.72,40.72,40.72,50.48,50.48,0,47.38,-2.0,2,6.66,0.0,0.0,0.0,0.0,0,0,40.72,v2_conservative_ranker,31.47,-3.0,1,8.68,1.19,1.68,0.0,35.28,35.28,v3_stability_ranker,neutral,27900.0,0.0391,-0.0762,0.3037,28010.0,27580.0,0.2749,0.0555,kis,,,,,,,,,data/raw/price_122640_20260507_20260904.csv,268,False,Broad evaluation pool candidate,414,False,Broad evaluation pool candidate
302430,2026-09-04,2026-09-04,2026-09-04,2026-09-04,HOLD,neutral,40.69,40.69,40.69,64.04,64.04,0,60.77,-2.0,2,10.0,6.71,3.37,0.0,0.0,0,0,40.69,v2_conservative_ranker,43.0,-3.0,1,2.0,13.26,7.79,0.0,21.94,21.94,v3_stability_ranker,price_momentum,7470.0,0.0361,0.0177,0.488,7656.0,6448.5,0.0448,0.0937,kis,,,,,,,,,data/raw/price_302430_20260507_20260904.csv,269,False,Broad evaluation pool candidate,480,False,Broad evaluation pool candidate
028100,2026-09-04,2026-09-04,2026-09-04,2026-09-04,HOLD,neutral,40.69,40.69,40.69,39.51,39.51,0,41.84,-2.0,2,1.15,0.0,0.0,0.0,0.0,0,0,40.69,v2_conservative_ranker,38.0,-3.0,1,15.56,0.0,0.0,0.0,51.56,51.56,v3_stability_ranker,neutral,17370.0,0.0,-0.0186,-0.0371,17496.0,17655.5,0.031,0.0096,kis,,,,,,,,,data/raw/price_028100_20260507_20260904.csv,270,False,Broad evaluation pool candidate,183,False,Broad evaluation pool candidate
032680,2026-09-04,2026-09-04,2026-09-04,2026-09-04,HOLD,neutral,40.62,40.62,40.62,40.78,40.78,0,43.51,-2.0,2,2.89,0.0,0.0,0.0,0.0,0,0,40.62,v2_conservative_ranker,44.0,-3.0,1,13.38,0.0,0.0,0.0,55.38,55.38,v3_stability_ranker,neutral,916.0,0.0122,-0.0255,0.0304,930.4,934.9,0.0362,0.0241,kis,,,,,,,,,data/raw/price_032680_20260507_20260904.csv,271,False,Broad evaluation pool candidate,115,False,Broad evaluation pool candidate
009620,2026-09-04,2026-09-04,2026-09-04,2026-09-04,HOLD,neutral,40.59,40.59,40.59,40.38,40.38,0,45.08,0.0,0,4.49,0.0,0.0,0.0,0.0,0,0,40.59,v2_conservative_ranker,38.0,-5.0,0,11.39,0.0,0.0,0.0,44.39,44.39,v3_stability_ranker,neutral,870.0,0.0,0.0,0.0023,870.0,882.8,0.0,0.0374,kis,,,,,,,,,data/raw/price_009620_20260507_20260904.csv,272,False,Broad evaluation pool candidate,299,False,Broad evaluation pool candidate
207940,2026-09-04,2026-09-04,2026-09-04,2026-09-04,HOLD,neutral,40.57,40.57,40.57,40.29,40.29,0,43.27,-2.0,2,2.7,0.0,0.0,0.0,0.0,0,0,40.57,v2_conservative_ranker,38.0,-3.0,1,13.62,0.0,0.0,0.0,49.62,49.62,v3_stability_ranker,neutral,1474000.0,-0.002,-0.0081,-0.0264,1498000.0,1546100.0,0.1122,0.0225,kis,,,,,,,,,data/raw/price_207940_20260507_20260904.csv,273,False,Broad evaluation pool candidate,218,False,Broad evaluation pool candidate
018260,2026-09-04,2026-09-04,2026-09-04,2026-09-04,HOLD,neutral,40.55,40.55,40.55,44.74,44.74,0,44.39,-2.0,2,3.84,0.0,0.0,0.0,0.0,0,0,40.55,v2_conservative_ranker,36.88,-3.0,1,12.2,0.0,0.0,0.0,47.08,47.08,v3_stability_ranker,neutral,232000.0,0.0265,-0.0453,-0.0022,235200.0,232425.0,0.0967,0.032,kis,,,,,,,,,data/raw/price_018260_20260507_20260904.csv,274,False,Broad evaluation pool candidate,257,False,Broad evaluation pool candidate
016090,2026-09-04,2026-09-04,2026-09-04,2026-09-04,HOLD,neutral,40.53,40.53,40.53,39.6,39.6,0,42.09,-2.0,2,1.56,0.0,0.0,0.0,0.0,0,0,40.53,v2_conservative_ranker,38.0,-3.0,1,15.05,0.0,0.0,0.0,51.05,51.05,v3_stability_ranker,neutral,1447.0,0.0035,-0.019,-0.0289,1460.2,1477.4,0.04,0.013,kis,,,,,,,,,data/raw/price_016090_20260507_20260904.csv,275,False,Broad evaluation pool candidate,194,False,Broad evaluation pool candidate
004140,2026-09-04,2026-09-04,2026-09-04,2026-09-04,HOLD,neutral,40.46,40.46,40.46,40.38,40.38,0,42.42,-2.0,2,1.96,0.0,0.0,0.0,0.0,0,0,40.46,v2_conservative_ranker,38.0,-3.0,1,14.55,0.0,0.0,0.0,50.55,50.55,v3_stability_ranker,neutral,1816.0,0.0061,-0.0231,-0.0077,1814.4,1848.85,0.117,0.0163,kis,,,,,,,,,data/raw/price_004140_20260507_20260904.csv,276,False,Broad evaluation pool candidate,203,False,Broad evaluation pool candidate
000100,2026-09-04,2026-09-04,2026-09-04,2026-09-04,HOLD,neutral,40.41,40.41,40.41,41.07,41.07,0,43.8,-2.0,2,3.4,0.0,0.0,0.0,0.0,0,0,40.41,v2_conservative_ranker,41.46,-3.0,1,12.75,0.0,0.0,0.0,52.21,52.21,v3_stability_ranker,neutral,82200.0,0.0098,-0.0318,0.0566,82260.0,82780.0,0.0424,0.0283,kis,,,,,,,,,data/raw/price_000100_20260507_20260904.csv,277,False,Broad evaluation pool candidate,172,False,Broad evaluation pool candidate
005940,2026-09-04,2026-09-04,2026-09-04,2026-09-04,HOLD,neutral,40.39,40.39,40.39,39.59,39.59,0,42.71,-2.0,2,2.32,0.0,0.0,0.0,0.0,0,0,40.39,v2_conservative_ranker,35.3,-3.0,1,14.11,0.0,0.0,0.0,47.4,47.4,v3_stability_ranker,neutral,26600.0,0.0114,-0.0019,-0.0601,26400.0,27032.5,0.1191,0.0193,kis,,,,,,,,,data/raw/price_005940_20260507_20260904.csv,278,False,Broad evaluation pool candidate,250,False,Broad evaluation pool candidate
011330,2026-09-04,2026-09-04,2026-09-04,2026-09-04,HOLD,neutral,40.24,40.24,40.24,46.66,46.66,0,51.91,-2.0,2,9.64,0.0,2.03,0.0,0.0,0,0,40.24,v2_conservative_ranker,48.5,-3.0,1,5.0,0.0,5.65,0.0,45.85,45.85,v3_stability_ranker,neutral,4460.0,-0.0111,0.036,-0.0198,4434.0,4857.75,0.0089,0.0803,kis,,,,,,,,,data/raw/price_011330_20260507_20260904.csv,279,False,Broad evaluation pool candidate,280,False,Broad evaluation pool candidate
027410,2026-09-04,2026-09-04,2026-09-04,2026-09-04,HOLD,neutral,40.2,40.2,40.2,39.22,39.22,0,41.81,-2.0,2,1.62,0.0,0.0,0.0,0.0,0,0,40.2,v2_conservative_ranker,38.0,-3.0,1,14.97,0.0,0.0,0.0,50.98,50.98,v3_stability_ranker,neutral,3900.0,0.0104,-0.0189,-0.037,3895.0,4011.75,0.052,0.0135,kis,,,,,,,,,data/raw/price_027410_20260507_20260904.csv,280,False,Broad evaluation pool candidate,196,False,Broad evaluation pool candidate
002420,2026-09-04,2026-09-04,2026-09-04,2026-09-04,HOLD,neutral,40.19,40.19,40.19,40.0,40.0,0,43.67,-2.0,2,3.48,0.0,0.0,0.0,0.0,0,0,40.19,v2_conservative_ranker,38.0,-3.0,1,12.65,0.0,0.0,0.0,48.65,48.65,v3_stability_ranker,neutral,5820.0,-0.0085,-0.0169,0.0104,5802.0,5807.5,0.0123,0.029,kis,,,,,,,,,data/raw/price_002420_20260507_20260904.csv,281,False,Broad evaluation pool candidate,231,False,Broad evaluation pool candidate
382150,2026-09-04,2026-09-04,2026-09-04,2026-09-04,AVOID,negative,39.89,39.89,39.89,44.23,44.23,0,46.21,-2.0,2,6.31,0.0,0.0,0.0,0.0,0,0,39.89,v2_conservative_ranker,40.5,-3.0,1,9.11,0.0,1.22,0.0,46.39,46.39,v3_stability_ranker,neutral,3385.0,-0.0188,-0.0131,-0.0424,3594.0,3585.0,0.1534,0.0526,kis,,,,,,,,,data/raw/price_382150_20260507_20260904.csv,282,False,Broad evaluation pool candidate,272,False,Broad evaluation pool candidate
036530,2026-09-04,2026-09-04,2026-09-04,2026-09-04,AVOID,negative,39.79,39.79,39.79,38.46,38.46,0,41.27,-2.0,2,1.48,0.0,0.0,0.0,0.0,0,0,39.79,v2_conservative_ranker,35.3,-3.0,1,15.15,0.0,0.0,0.0,48.45,48.45,v3_stability_ranker,neutral,45400.0,-0.0066,-0.0163,-0.06,45620.0,46882.5,0.0537,0.0123,kis,,,,medium_attention,no_risk_noise,,,,data/raw/price_036530_20260507_20260904.csv,283,False,Broad evaluation pool candidate,236,False,Broad evaluation pool candidate
291230,2026-09-04,2026-09-04,2026-09-04,2026-09-04,AVOID,negative,39.75,39.75,39.75,42.05,42.05,0,44.2,-2.0,2,4.45,0.0,0.0,0.0,0.0,0,0,39.75,v2_conservative_ranker,34.5,-3.0,1,11.43,0.0,0.0,0.0,43.94,43.94,v3_stability_ranker,neutral,2520.0,-0.0059,0.002,-0.1429,2525.0,2584.25,0.117,0.0371,kis,,,,,,,,,data/raw/price_291230_20260507_20260904.csv,284,False,Broad evaluation pool candidate,303,False,Broad evaluation pool candidate
084870,2026-09-04,2026-09-04,2026-09-04,2026-09-04,AVOID,negative,39.74,39.74,39.74,44.26,44.26,0,43.78,-2.0,2,4.04,0.0,0.0,0.0,0.0,0,0,39.74,v2_conservative_ranker,40.79,-3.0,1,11.95,0.0,0.0,0.0,50.73,50.73,v3_stability_ranker,neutral,2210.0,-0.009,-0.0714,0.0549,2261.0,2249.75,0.0041,0.0337,kis,,,,,,,,,data/raw/price_084870_20260507_20260904.csv,285,False,Broad evaluation pool candidate,200,False,Broad evaluation pool candidate
090470,2026-09-04,2026-09-04,2026-09-04,2026-09-04,AVOID,negative,39.71,39.71,39.71,44.92,44.92,0,45.86,-2.0,2,6.14,0.0,0.0,0.0,0.0,0,0,39.71,v2_conservative_ranker,42.67,-3.0,1,9.32,0.0,0.99,0.0,49.0,49.0,v3_stability_ranker,neutral,4570.0,0.027,-0.0479,0.047,4616.0,4502.25,0.0801,0.0512,kis,,,,medium_attention,no_risk_noise,,,,data/raw/price_090470_20260507_20260904.csv,286,False,Broad evaluation pool candidate,226,False,Broad evaluation pool candidate
065650,2026-09-04,2026-09-04,2026-09-04,2026-09-04,AVOID,negative,39.68,39.68,39.68,43.62,43.62,0,45.88,-2.0,2,6.19,0.0,0.0,0.0,0.0,0,0,39.68,v2_conservative_ranker,35.26,-3.0,1,9.26,0.0,1.06,0.0,41.47,41.47,v3_stability_ranker,neutral,1586.0,-0.0056,0.0095,-0.1164,1698.4,1700.05,0.2745,0.0516,kis,,,,,,,,,data/raw/price_065650_20260507_20260904.csv,287,False,Broad evaluation pool candidate,335,False,Broad evaluation pool candidate
001360,2026-09-04,2026-09-04,2026-09-04,2026-09-04,AVOID,negative,39.67,39.67,39.67,44.21,48.21,-4,47.19,-2.0,2,2.82,0.0,0.0,0.0,4.7,0,0,39.67,v2_conservative_ranker,40.5,-3.0,1,13.47,0.0,0.0,7.2,44.78,44.78,v3_stability_ranker,neutral,1320.0,-0.0075,-0.0208,0.0076,1333.4,1302.8,0.043,0.0235,kis,,,,low_attention,risk_noise_detected,,,,data/raw/price_001360_20260507_20260904.csv,288,False,Broad evaluation pool candidate,295,False,Broad evaluation pool candidate
192820,2026-09-04,2026-09-04,2026-09-04,2026-09-04,AVOID,negative,39.62,39.62,39.62,49.02,49.02,0,47.0,-2.0,2,6.08,1.29,0.0,0.0,0.0,0,0,39.62,v2_conservative_ranker,28.47,-3.0,1,9.39,4.93,0.91,0.0,30.02,30.02,v3_stability_ranker,neutral,278500.0,-0.0124,-0.0809,0.3787,286600.0,263175.0,0.0293,0.0507,kis,,,,,,,,,data/raw/price_192820_20260507_20260904.csv,289,False,Broad evaluation pool candidate,451,False,Broad evaluation pool candidate
100090,2026-09-04,2026-09-04,2026-09-04,2026-09-04,AVOID,negative,39.59,39.59,39.59,42.92,42.92,0,44.43,-2.0,2,4.84,0.0,0.0,0.0,0.0,0,0,39.59,v2_conservative_ranker,38.0,-3.0,1,6.96,3.42,0.0,0.0,39.54,39.54,v3_stability_ranker,neutral,13740.0,0.0651,-0.0065,0.0022,12978.0,13538.0,0.5821,0.0403,kis,,,,,,,,,data/raw/price_100090_20260507_20260904.csv,290,False,Broad evaluation pool candidate,365,False,Broad evaluation pool candidate
003060,2026-09-04,2026-09-04,2026-09-04,2026-09-04,AVOID,negative,39.56,39.56,39.56,65.56,68.56,-3,58.04,1.3,3,8.99,10.31,1.49,0.0,0.0,2,0,39.56,v2_conservative_ranker,43.08,8.0,6,-1.23,22.11,4.78,2.0,26.95,26.95,v3_stability_ranker,neutral,2245.0,0.2999,0.2089,0.0298,1850.4,1970.0,1.2607,0.0749,unknown,에이프로젠바이오로직스,에이프로젠바이오로직스,paid_in_capital_increase,,,,,,data/raw/price_003060_20260805_20260904.csv,291,False,Broad evaluation pool candidate,466,False,Broad evaluation pool candidate
331920,2026-09-04,2026-09-04,2026-09-04,2026-09-04,AVOID,negative,39.51,39.51,39.51,75.39,75.39,0,67.0,-2.0,2,10.0,14.88,2.61,0.0,0.0,0,0,39.51,v2_conservative_ranker,39.0,-3.0,1,2.0,22.78,6.58,0.0,9.64,9.64,v3_stability_ranker,price_momentum,14610.0,0.0217,0.1282,0.5251,14138.0,10827.5,0.0958,0.0861,kis,,,,,,,,,data/raw/price_331920_20260507_20260904.csv,292,False,Broad evaluation pool candidate,511,False,Broad evaluation pool candidate
130660,2026-09-04,2026-09-04,2026-09-04,2026-09-04,AVOID,negative,39.45,39.45,39.45,44.48,44.48,0,44.51,-2.0,2,5.06,0.0,0.0,0.0,0.0,0,0,39.45,v2_conservative_ranker,41.56,-3.0,1,10.67,0.0,0.0,0.0,50.23,50.23,v3_stability_ranker,neutral,12010.0,-0.0033,-0.0617,0.048,12076.0,11873.5,0.0785,0.0422,kis,,,,,,,,,data/raw/price_130660_20260507_20260904.csv,293,False,Broad evaluation pool candidate,209,False,Broad evaluation pool candidate
250060,2026-09-04,2026-09-04,2026-09-04,2026-09-04,AVOID,negative,39.45,39.45,39.45,44.3,44.3,0,43.28,-2.0,2,3.83,0.0,0.0,0.0,0.0,0,0,39.45,v2_conservative_ranker,35.43,-3.0,1,12.21,0.0,0.0,0.0,45.64,45.64,v3_stability_ranker,neutral,2880.0,0.0231,-0.0634,0.0177,2929.0,2917.0,0.1567,0.0319,kis,,,,,,,,,data/raw/price_250060_20260507_20260904.csv,294,False,Broad evaluation pool candidate,283,False,Broad evaluation pool candidate
002790,2026-09-04,2026-09-04,2026-09-04,2026-09-04,AVOID,negative,39.44,39.44,39.44,43.2,43.2,0,42.41,-2.0,2,2.96,0.0,0.0,0.0,0.0,0,0,39.44,v2_conservative_ranker,35.64,-3.0,1,13.29,0.0,0.0,0.0,46.94,46.94,v3_stability_ranker,neutral,26300.0,-0.0019,-0.0607,-0.015,26700.0,26492.5,0.0814,0.0247,kis,,,,medium_attention,no_risk_noise,,,,data/raw/price_002790_20260507_20260904.csv,295,False,Broad evaluation pool candidate,260,False,Broad evaluation pool candidate
004380,2026-09-04,2026-09-04,2026-09-04,2026-09-04,AVOID,negative,39.42,39.42,39.42,38.62,38.62,0,41.86,-2.0,2,2.45,0.0,0.0,0.0,0.0,0,0,39.42,v2_conservative_ranker,35.66,-3.0,1,13.94,0.0,0.0,0.0,47.6,47.6,v3_stability_ranker,neutral,8220.0,0.0392,-0.0132,-0.0519,8118.0,8449.5,0.0957,0.0204,kis,,,,,,,,,data/raw/price_004380_20260507_20260904.csv,296,False,Broad evaluation pool candidate,248,False,Broad evaluation pool candidate
330730,2026-09-04,2026-09-04,2026-09-04,2026-09-04,AVOID,negative,39.42,39.42,39.42,38.52,38.52,0,41.37,-2.0,2,1.96,0.0,0.0,0.0,0.0,0,0,39.42,v2_conservative_ranker,38.0,-3.0,1,14.55,0.0,0.0,0.0,50.55,50.55,v3_stability_ranker,neutral,4760.0,0.0085,-0.0266,-0.0276,4795.0,4906.5,0.0309,0.0163,kis,,,,,,,,,data/raw/price_330730_20260507_20260904.csv,297,False,Broad evaluation pool candidate,204,False,Broad evaluation pool candidate
223310,2026-09-04,2026-09-04,2026-09-04,2026-09-04,AVOID,negative,39.41,39.41,39.41,48.85,48.85,0,53.43,-2.0,2,10.0,0.0,4.02,0.0,0.0,0,0,39.41,v2_conservative_ranker,45.0,-3.0,1,5.0,0.0,8.83,0.0,39.17,39.17,v3_stability_ranker,price_momentum,2980.0,-0.0165,0.0643,-0.2669,3264.0,3230.25,0.0701,0.1002,kis,,,,,,,,,data/raw/price_223310_20260507_20260904.csv,298,False,Broad evaluation pool candidate,371,False,Broad evaluation pool candidate
000050,2026-09-04,2026-09-04,2026-09-04,2026-09-04,AVOID,negative,39.41,39.41,39.41,38.17,38.17,0,41.3,-2.0,2,1.9,0.0,0.0,0.0,0.0,0,0,39.41,v2_conservative_ranker,35.41,-3.0,1,14.63,0.0,0.0,0.0,48.04,48.04,v3_stability_ranker,neutral,8180.0,0.0012,-0.0168,-0.0576,8232.0,8434.5,0.0525,0.0158,kis,,,,,,,,,data/raw/price_000050_20260507_20260904.csv,299,False,Broad evaluation pool candidate,243,False,Broad evaluation pool candidate
049480,2026-09-04,2026-09-04,2026-09-04,2026-09-04,AVOID,negative,39.4,39.4,39.4,39.61,39.61,0,41.67,-2.0,2,2.27,0.0,0.0,0.0,0.0,0,0,39.4,v2_conservative_ranker,38.0,-3.0,1,14.16,0.0,0.0,0.0,50.16,50.16,v3_stability_ranker,neutral,1850.0,0.0054,-0.0248,-0.0243,1857.6,1896.55,0.1999,0.0189,kis,,,,,,,,,data/raw/price_049480_20260507_20260904.csv,300,False,Broad evaluation pool candidate,210,False,Broad evaluation pool candidate
389500,2026-09-04,2026-09-04,2026-09-04,2026-09-04,AVOID,negative,39.39,39.39,39.39,42.86,42.86,0,45.36,-2.0,2,5.7,0.28,0.0,0.0,0.0,0,0,39.39,v2_conservative_ranker,44.0,-3.0,1,5.88,4.64,0.4,0.0,42.83,42.83,v3_stability_ranker,neutral,37100.0,0.0723,-0.0211,0.0707,36380.0,37385.0,0.3637,0.0475,kis,,,,,,,,,data/raw/price_389500_20260507_20260904.csv,301,False,Broad evaluation pool candidate,318,False,Broad evaluation pool candidate
336260,2026-09-04,2026-09-04,2026-09-04,2026-09-04,AVOID,negative,39.38,39.38,39.38,43.52,43.52,0,47.0,-2.0,2,7.43,0.0,0.19,0.0,0.0,0,0,39.38,v2_conservative_ranker,38.5,-3.0,1,7.71,0.0,2.7,0.0,41.51,41.51,v3_stability_ranker,neutral,39550.0,0.0141,-0.1289,0.1985,41350.0,39457.5,0.1118,0.0619,kis,,,,medium_attention,no_risk_noise,,,,data/raw/price_336260_20260507_20260904.csv,302,False,Broad evaluation pool candidate,334,False,Broad evaluation pool candidate
043260,2026-09-04,2026-09-04,2026-09-04,2026-09-04,AVOID,negative,39.37,39.37,39.37,43.66,43.66,0,47.25,-2.0,2,7.57,0.0,0.31,0.0,0.0,0,0,39.37,v2_conservative_ranker,36.7,-3.0,1,4.54,0.0,2.9,0.0,36.34,36.34,v3_stability_ranker,neutral,15930.0,0.0212,0.0121,-0.0845,16316.0,18198.5,0.1642,0.0631,kis,,,,,,,,,data/raw/price_043260_20260507_20260904.csv,303,False,Broad evaluation pool candidate,400,False,Broad evaluation pool candidate
064800,2026-09-04,2026-09-04,2026-09-04,2026-09-04,AVOID,negative,39.34,39.34,39.34,41.9,41.9,0,47.0,-2.0,2,7.45,0.0,0.21,0.0,0.0,0,0,39.34,v2_conservative_ranker,31.19,-3.0,1,7.69,0.0,2.74,0.0,34.14,34.14,v3_stability_ranker,neutral,2590.0,-0.0038,-0.2482,0.2573,2776.0,2636.65,0.1856,0.0621,kis,,,,,,,,,data/raw/price_064800_20260507_20260904.csv,304,False,Broad evaluation pool candidate,426,False,Broad evaluation pool candidate
003070,2026-09-04,2026-09-04,2026-09-04,2026-09-04,AVOID,negative,39.31,39.31,39.31,42.04,39.04,3,42.65,-2.0,2,4.33,0.0,0.0,0.0,0.0,0,1,39.31,v2_conservative_ranker,40.29,-3.0,1,11.59,0.0,0.0,0.0,49.87,49.87,v3_stability_ranker,neutral,9460.0,0.0021,-0.0464,0.0653,9656.0,9774.0,0.0044,0.0361,unknown,코오롱글로벌,코오롱글로벌,supply_contract,,,,,,data/raw/price_003070_20260805_20260904.csv,305,False,Broad evaluation pool candidate,214,False,Broad evaluation pool candidate
101970,2026-09-04,2026-09-04,2026-09-04,2026-09-04,AVOID,negative,39.31,39.31,39.31,40.98,40.98,0,43.46,-2.0,2,4.15,0.0,0.0,0.0,0.0,0,0,39.31,v2_conservative_ranker,38.5,-3.0,1,11.81,0.0,0.0,0.0,48.31,48.31,v3_stability_ranker,neutral,10040.0,0.0162,-0.1115,0.0704,10412.0,10386.0,0.0117,0.0346,kis,,,,,,,,,data/raw/price_101970_20260507_20260904.csv,306,False,Broad evaluation pool candidate,239,False,Broad evaluation pool candidate
026150,2026-09-04,2026-09-04,2026-09-04,2026-09-04,AVOID,negative,39.29,39.29,39.29,39.26,39.26,0,41.65,-2.0,2,2.36,0.0,0.0,0.0,0.0,0,0,39.29,v2_conservative_ranker,35.18,-3.0,1,14.04,0.0,0.0,0.0,47.22,47.22,v3_stability_ranker,neutral,3830.0,0.0052,-0.0353,0.0052,3839.0,3870.75,0.083,0.0197,kis,,,,,,,,,data/raw/price_026150_20260507_20260904.csv,307,False,Broad evaluation pool candidate,254,False,Broad evaluation pool candidate
215480,2026-09-04,2026-09-04,2026-09-04,2026-09-04,AVOID,negative,39.2,39.2,39.2,40.14,40.14,0,43.44,-2.0,2,4.25,0.0,0.0,0.0,0.0,0,0,39.2,v2_conservative_ranker,44.0,-3.0,1,11.69,0.0,0.0,0.0,53.69,53.69,v3_stability_ranker,neutral,1976.0,-0.0005,-0.029,0.0384,1960.4,2064.5,0.1098,0.0354,kis,,,,,,,,,data/raw/price_215480_20260507_20260904.csv,308,False,Broad evaluation pool candidate,151,False,Broad evaluation pool candidate
006060,2026-09-04,2026-09-04,2026-09-04,2026-09-04,AVOID,negative,39.18,39.18,39.18,38.45,38.45,0,41.66,-2.0,2,2.48,0.0,0.0,0.0,0.0,0,0,39.18,v2_conservative_ranker,38.0,-3.0,1,13.89,0.0,0.0,0.0,49.89,49.89,v3_stability_ranker,neutral,2490.0,0.0061,-0.0292,-0.0119,2498.0,2503.0,0.0063,0.0207,kis,,,,,,,,,data/raw/price_006060_20260507_20260904.csv,309,False,Broad evaluation pool candidate,212,False,Broad evaluation pool candidate
297890,2026-09-04,2026-09-04,2026-09-04,2026-09-04,AVOID,negative,39.16,39.16,39.16,38.86,38.86,0,42.07,-2.0,2,2.9,0.0,0.0,0.0,0.0,0,0,39.16,v2_conservative_ranker,35.59,-3.0,1,13.37,0.0,0.0,0.0,46.96,46.96,v3_stability_ranker,neutral,1680.0,0.0176,-0.0106,-0.0535,1685.2,1719.4,0.1688,0.0242,kis,,,,,,,,,data/raw/price_297890_20260507_20260904.csv,310,False,Broad evaluation pool candidate,259,False,Broad evaluation pool candidate
465770,2026-09-04,2026-09-04,2026-09-04,2026-09-04,AVOID,negative,39.14,39.14,39.14,78.64,78.64,0,67.0,-2.0,2,10.0,13.08,4.78,0.0,0.0,0,0,39.14,v2_conservative_ranker,29.25,-3.0,1,2.0,23.27,10.0,0.0,0.0,0.0,v3_stability_ranker,price_momentum,3955.0,0.0353,0.3339,0.3272,3592.0,3292.25,0.2733,0.1078,kis,,,,,,,,,data/raw/price_465770_20260507_20260904.csv,311,False,Broad evaluation pool candidate,520,False,Broad evaluation pool candidate
002020,2026-09-04,2026-09-04,2026-09-04,2026-09-04,AVOID,negative,39.08,39.08,39.08,40.37,37.37,3,41.69,-2.0,2,3.61,0.0,0.0,0.0,0.0,0,1,39.08,v2_conservative_ranker,38.0,-3.0,1,12.48,0.0,0.0,0.0,48.48,48.48,v3_stability_ranker,neutral,25300.0,0.002,-0.025,-0.0232,25570.0,26165.0,0.007,0.0301,unknown,코오롱,코오롱,supply_contract,,,,,,data/raw/price_002020_20260805_20260904.csv,312,False,Broad evaluation pool candidate,235,False,Broad evaluation pool candidate
177830,2026-09-04,2026-09-04,2026-09-04,2026-09-04,AVOID,negative,39.08,39.08,39.08,37.71,37.71,0,40.58,-2.0,2,1.5,0.0,0.0,0.0,0.0,0,0,39.08,v2_conservative_ranker,38.0,-3.0,1,15.12,0.0,0.0,0.0,51.12,51.12,v3_stability_ranker,neutral,2300.0,0.0088,-0.0275,-0.0476,2319.0,2337.0,0.015,0.0125,kis,,,,,,,,,data/raw/price_177830_20260507_20260904.csv,313,False,Broad evaluation pool candidate,190,False,Broad evaluation pool candidate
031820,2026-09-04,2026-09-04,2026-09-04,2026-09-04,AVOID,negative,38.97,38.97,38.97,39.32,39.32,0,42.14,-2.0,2,3.17,0.0,0.0,0.0,0.0,0,0,38.97,v2_conservative_ranker,40.98,-3.0,1,13.04,0.0,0.0,0.0,52.02,52.02,v3_stability_ranker,neutral,5860.0,0.0245,-0.0378,0.0263,5852.0,5983.0,0.0705,0.0264,kis,,,,,,,,,data/raw/price_031820_20260507_20260904.csv,314,False,Broad evaluation pool candidate,178,False,Broad evaluation pool candidate
083650,2026-09-04,2026-09-04,2026-09-04,2026-09-04,AVOID,negative,38.9,38.9,38.9,44.85,44.85,0,45.42,-2.0,2,6.52,0.0,0.0,0.0,0.0,0,0,38.9,v2_conservative_ranker,39.65,-3.0,1,8.86,0.0,1.49,0.0,45.02,45.02,v3_stability_ranker,neutral,59800.0,0.0084,-0.0856,0.1262,60540.0,59350.0,0.0879,0.0543,kis,,,,medium_attention,no_risk_noise,,,,data/raw/price_083650_20260507_20260904.csv,315,False,Broad evaluation pool candidate,292,False,Broad evaluation pool candidate
005710,2026-09-04,2026-09-04,2026-09-04,2026-09-04,AVOID,negative,38.8,38.8,38.8,37.0,37.0,0,40.83,-2.0,2,2.03,0.0,0.0,0.0,0.0,0,0,38.8,v2_conservative_ranker,34.32,-3.0,1,14.46,0.0,0.0,0.0,46.79,46.79,v3_stability_ranker,neutral,10560.0,0.0134,-0.0131,-0.0817,10650.0,11038.0,0.015,0.0169,kis,,,,,,,,,data/raw/price_005710_20260507_20260904.csv,316,False,Broad evaluation pool candidate,264,False,Broad evaluation pool candidate
095570,2026-09-04,2026-09-04,2026-09-04,2026-09-04,AVOID,negative,38.69,38.69,38.69,37.6,37.6,0,40.64,-2.0,2,1.96,0.0,0.0,0.0,0.0,0,0,38.69,v2_conservative_ranker,35.46,-3.0,1,14.55,0.0,0.0,0.0,48.02,48.02,v3_stability_ranker,neutral,4280.0,0.0071,-0.0317,-0.0339,4325.0,4412.75,0.0163,0.0163,kis,,,,,,,,,data/raw/price_095570_20260507_20260904.csv,317,False,Broad evaluation pool candidate,244,False,Broad evaluation pool candidate
066430,2026-09-04,2026-09-04,2026-09-04,2026-09-04,AVOID,negative,38.55,38.55,38.55,39.51,39.51,0,44.11,-2.0,2,5.56,0.0,0.0,0.0,0.0,0,0,38.55,v2_conservative_ranker,38.0,-3.0,1,6.05,0.0,0.21,0.0,41.85,41.85,v3_stability_ranker,neutral,2105.0,0.0421,0.0,-0.0255,2086.0,2168.0,0.2356,0.0463,kis,,,,,,,,,data/raw/price_066430_20260507_20260904.csv,318,False,Broad evaluation pool candidate,329,False,Broad evaluation pool candidate
071050,2026-09-04,2026-09-04,2026-09-04,2026-09-04,AVOID,negative,38.54,38.54,38.54,38.32,38.32,0,42.2,-2.0,2,3.66,0.0,0.0,0.0,0.0,0,0,38.54,v2_conservative_ranker,35.0,-3.0,1,12.43,0.0,0.0,0.0,45.42,45.42,v3_stability_ranker,neutral,190400.0,0.0204,-0.0047,-0.0667,189120.0,191225.0,0.1961,0.0305,kis,,,,,,,,,data/raw/price_071050_20260507_20260904.csv,319,False,Broad evaluation pool candidate,289,False,Broad evaluation pool candidate
445090,2026-09-04,2026-09-04,2026-09-04,2026-09-04,AVOID,negative,38.54,38.54,38.54,39.68,39.68,0,43.78,-2.0,2,5.23,0.0,0.0,0.0,0.0,0,0,38.54,v2_conservative_ranker,40.95,-3.0,1,10.46,0.0,0.0,0.0,49.41,49.41,v3_stability_ranker,neutral,20200.0,0.0238,-0.0381,0.0739,20216.0,20811.5,0.0262,0.0436,kis,,,,,,,,,data/raw/price_445090_20260507_20260904.csv,320,False,Broad evaluation pool candidate,222,False,Broad evaluation pool candidate
900100,2026-09-04,2026-09-04,2026-09-04,2026-09-04,AVOID,negative,38.51,38.51,38.51,58.35,61.35,-3,55.44,-2.0,2,10.0,0.35,4.58,0.0,0.0,2,0,38.51,v2_conservative_ranker,35.29,-3.0,1,1.0,6.12,9.73,2.0,16.45,16.45,v3_stability_ranker,price_momentum,2145.0,-0.0872,0.1844,-0.1588,2131.8,1986.55,0.3814,0.1058,unknown,파이온엑스,파이온엑스,paid_in_capital_increase,,,,,,data/raw/price_900100_20260805_20260904.csv,321,False,Broad evaluation pool candidate,493,False,Broad evaluation pool candidate
219550,2026-09-04,2026-09-04,2026-09-04,2026-09-04,AVOID,negative,38.47,38.47,38.47,40.56,40.56,0,42.78,-2.0,2,4.31,0.0,0.0,0.0,0.0,0,0,38.47,v2_conservative_ranker,34.5,-3.0,1,11.62,0.0,0.0,0.0,44.12,44.12,v3_stability_ranker,neutral,1215.0,0.0117,-0.0138,-0.1383,1215.6,1212.05,0.0747,0.0359,kis,,,,,,,,,data/raw/price_219550_20260507_20260904.csv,322,False,Broad evaluation pool candidate,301,False,Broad evaluation pool candidate
229640,2026-09-04,2026-09-04,2026-09-04,2026-09-04,AVOID,negative,38.44,38.44,38.44,38.95,38.95,0,43.2,-2.0,2,4.76,0.0,0.0,0.0,0.0,0,0,38.44,v2_conservative_ranker,38.0,-3.0,1,11.04,0.0,0.0,0.0,47.05,47.05,v3_stability_ranker,neutral,45200.0,0.0355,-0.0153,-0.0077,45300.0,46012.5,0.1385,0.0397,kis,,,,,,,,,data/raw/price_229640_20260507_20260904.csv,323,False,Broad evaluation pool candidate,258,False,Broad evaluation pool candidate
073490,2026-09-04,2026-09-04,2026-09-04,2026-09-04,AVOID,negative,38.42,38.42,38.42,39.25,36.25,3,40.27,-2.0,2,2.86,0.0,0.0,0.0,0.0,0,1,38.42,v2_conservative_ranker,34.75,-3.0,1,13.43,0.0,0.0,0.0,46.18,46.18,v3_stability_ranker,neutral,28900.0,0.0123,-0.022,-0.0722,29380.0,30717.5,0.0738,0.0238,unknown,LIG아큐버,LIG아큐버,supply_contract,,,,,,data/raw/price_073490_20260805_20260904.csv,324,False,Broad evaluation pool candidate,274,False,Broad evaluation pool candidate
195990,2026-09-04,2026-09-04,2026-09-04,2026-09-04,AVOID,negative,38.27,38.27,38.27,38.72,38.72,0,41.99,-2.0,2,3.72,0.0,0.0,0.0,0.0,0,0,38.27,v2_conservative_ranker,41.0,-3.0,1,12.35,0.0,0.0,0.0,51.35,51.35,v3_stability_ranker,neutral,1308.0,0.0,-0.0375,0.0211,1325.4,1347.2,0.0855,0.031,kis,,,,,,,,,data/raw/price_195990_20260507_20260904.csv,325,False,Broad evaluation pool candidate,188,False,Broad evaluation pool candidate
095190,2026-09-04,2026-09-04,2026-09-04,2026-09-04,AVOID,negative,38.25,38.25,38.25,37.33,37.33,0,40.27,-2.0,2,2.02,0.0,0.0,0.0,0.0,0,0,38.25,v2_conservative_ranker,35.73,-3.0,1,14.48,0.0,0.0,0.0,48.21,48.21,v3_stability_ranker,neutral,1827.0,0.0038,-0.0297,-0.0504,1847.0,1902.55,0.0828,0.0168,kis,,,,,,,,,data/raw/price_095190_20260507_20260904.csv,326,False,Broad evaluation pool candidate,240,False,Broad evaluation pool candidate
024720,2026-09-04,2026-09-04,2026-09-04,2026-09-04,AVOID,negative,38.22,38.22,38.22,38.58,38.58,0,41.96,-2.0,2,3.74,0.0,0.0,0.0,0.0,0,0,38.22,v2_conservative_ranker,40.5,-3.0,1,12.32,0.0,0.0,0.0,50.82,50.82,v3_stability_ranker,neutral,10070.0,0.008,-0.0437,0.0381,10108.0,10129.0,0.0274,0.0312,kis,,,,,,,,,data/raw/price_024720_20260507_20260904.csv,327,False,Broad evaluation pool candidate,197,False,Broad evaluation pool candidate
095270,2026-09-04,2026-09-04,2026-09-04,2026-09-04,AVOID,negative,38.19,38.19,38.19,37.24,37.24,0,41.54,-2.0,2,3.35,0.0,0.0,0.0,0.0,0,0,38.19,v2_conservative_ranker,34.65,-3.0,1,12.81,0.0,0.0,0.0,45.47,45.47,v3_stability_ranker,neutral,4045.0,0.0241,-0.0086,-0.0744,4020.0,4192.5,0.1011,0.0279,kis,,,,,,,,,data/raw/price_095270_20260507_20260904.csv,328,False,Broad evaluation pool candidate,287,False,Broad evaluation pool candidate
332290,2026-09-04,2026-09-04,2026-09-04,2026-09-04,AVOID,negative,38.15,38.15,38.15,35.64,35.64,0,40.54,0.0,0,2.39,0.0,0.0,0.0,0.0,0,0,38.15,v2_conservative_ranker,32.27,-5.0,0,14.02,0.0,0.0,0.0,41.28,41.28,v3_stability_ranker,neutral,897.0,0.0,0.0,-0.1274,897.0,907.4,0.0,0.0199,kis,,,,,,,,,data/raw/price_332290_20260507_20260904.csv,329,False,Broad evaluation pool candidate,340,False,Broad evaluation pool candidate
137400,2026-09-04,2026-09-04,2026-09-04,2026-09-04,AVOID,negative,38.09,38.09,38.09,37.49,37.49,0,42.58,-2.0,2,4.49,0.0,0.0,0.0,0.0,0,0,38.09,v2_conservative_ranker,35.31,-3.0,1,11.39,0.0,0.0,0.0,44.7,44.7,v3_stability_ranker,neutral,29850.0,0.0223,-0.0033,-0.0598,29550.0,30622.5,0.0909,0.0374,kis,,,,,,,,,data/raw/price_137400_20260507_20260904.csv,330,False,Broad evaluation pool candidate,296,False,Broad evaluation pool candidate
474650,2026-09-04,2026-09-04,2026-09-04,2026-09-04,AVOID,negative,38.07,38.07,38.07,38.61,38.61,0,44.55,-2.0,2,6.48,0.0,0.0,0.0,0.0,0,0,38.07,v2_conservative_ranker,38.0,-3.0,1,4.9,0.0,1.44,0.0,39.46,39.46,v3_stability_ranker,neutral,23200.0,0.045,0.0,-0.0128,23450.0,24580.0,0.109,0.054,kis,,,,,,,,,data/raw/price_474650_20260507_20260904.csv,331,False,Broad evaluation pool candidate,369,False,Broad evaluation pool candidate
222420,2026-09-04,2026-09-04,2026-09-04,2026-09-04,AVOID,negative,37.99,37.99,37.99,36.44,36.44,0,40.64,-2.0,2,2.65,0.0,0.0,0.0,0.0,0,0,37.99,v2_conservative_ranker,34.18,-3.0,1,13.68,0.0,0.0,0.0,45.86,45.86,v3_stability_ranker,neutral,851.0,0.0047,-0.0139,-0.0849,847.4,900.75,0.0478,0.0221,kis,,,,,,,,,data/raw/price_222420_20260507_20260904.csv,332,False,Broad evaluation pool candidate,279,False,Broad evaluation pool candidate
010140,2026-09-04,2026-09-04,2026-09-04,2026-09-04,AVOID,negative,37.98,37.98,37.98,38.55,38.55,0,41.68,-2.0,2,3.7,0.0,0.0,0.0,0.0,0,0,37.98,v2_conservative_ranker,35.56,-3.0,1,12.38,0.0,0.0,0.0,45.94,45.94,v3_stability_ranker,neutral,20900.0,-0.0346,-0.0142,-0.0543,20878.0,21157.0,0.2948,0.0308,kis,,,,,,,,,data/raw/price_010140_20260507_20260904.csv,333,False,Broad evaluation pool candidate,276,False,Broad evaluation pool candidate
032350,2026-09-04,2026-09-04,2026-09-04,2026-09-04,AVOID,negative,37.97,37.97,37.97,37.9,37.9,0,41.78,-2.0,2,3.82,0.0,0.0,0.0,0.0,0,0,37.97,v2_conservative_ranker,35.16,-3.0,1,12.23,0.0,0.0,0.0,45.39,45.39,v3_stability_ranker,neutral,12780.0,0.0175,-0.0355,0.0095,13040.0,13137.0,0.0251,0.0318,kis,,,,,,,,,data/raw/price_032350_20260507_20260904.csv,334,False,Broad evaluation pool candidate,290,False,Broad evaluation pool candidate
103840,2026-09-04,2026-09-04,2026-09-04,2026-09-04,AVOID,negative,37.95,37.95,37.95,36.46,36.46,0,40.58,-2.0,2,2.63,0.0,0.0,0.0,0.0,0,0,37.95,v2_conservative_ranker,35.08,-3.0,1,13.71,0.0,0.0,0.0,46.79,46.79,v3_stability_ranker,neutral,1683.0,-0.0006,-0.0215,-0.065,1684.8,1757.55,0.0082,0.0219,kis,,,,,,,,,data/raw/price_103840_20260507_20260904.csv,335,False,Broad evaluation pool candidate,265,False,Broad evaluation pool candidate
083640,2026-09-04,2026-09-04,2026-09-04,2026-09-04,AVOID,negative,37.91,37.91,37.91,36.07,36.07,0,41.6,0.0,0,3.68,0.0,0.0,0.0,0.0,0,0,37.91,v2_conservative_ranker,33.63,-5.0,0,12.39,0.0,0.0,0.0,41.02,41.02,v3_stability_ranker,neutral,1087.0,0.0,0.0,-0.0972,1087.0,1134.1,0.0,0.0307,kis,,,,,,,,,data/raw/price_083640_20260507_20260904.csv,336,False,Broad evaluation pool candidate,347,False,Broad evaluation pool candidate
019680,2026-09-04,2026-09-04,2026-09-04,2026-09-04,AVOID,negative,37.89,37.89,37.89,36.73,36.73,0,42.74,0.0,0,4.85,0.0,0.0,0.0,0.0,0,0,37.89,v2_conservative_ranker,35.1,-5.0,0,10.94,0.0,0.0,0.0,41.04,41.04,v3_stability_ranker,neutral,1000.0,0.0,0.0,-0.0645,1000.0,1016.25,0.0,0.0404,kis,,,,,,,,,data/raw/price_019680_20260507_20260904.csv,337,False,Broad evaluation pool candidate,346,False,Broad evaluation pool candidate
000720,2026-09-04,2026-09-04,2026-09-04,2026-09-04,AVOID,negative,37.85,37.85,37.85,43.7,43.7,0,44.07,-2.0,2,6.22,0.0,0.0,0.0,0.0,0,0,37.85,v2_conservative_ranker,40.79,-3.0,1,9.23,0.0,1.09,0.0,46.93,46.93,v3_stability_ranker,neutral,119700.0,0.0017,-0.0714,0.0631,119160.0,116670.0,0.1445,0.0518,kis,,,,,,,,,data/raw/price_000720_20260507_20260904.csv,338,False,Broad evaluation pool candidate,261,False,Broad evaluation pool candidate
126720,2026-09-04,2026-09-04,2026-09-04,2026-09-04,AVOID,negative,37.81,37.81,37.81,36.84,36.84,0,40.45,-2.0,2,2.64,0.0,0.0,0.0,0.0,0,0,37.81,v2_conservative_ranker,35.68,-3.0,1,13.7,0.0,0.0,0.0,47.38,47.38,v3_stability_ranker,neutral,21200.0,0.0024,-0.0275,-0.0515,21220.0,21837.5,0.0611,0.022,kis,,,,,,,,,data/raw/price_126720_20260507_20260904.csv,339,False,Broad evaluation pool candidate,251,False,Broad evaluation pool candidate
056730,2026-09-04,2026-09-04,2026-09-04,2026-09-04,AVOID,negative,37.73,37.73,37.73,37.49,37.49,0,41.01,-2.0,2,3.28,0.0,0.0,0.0,0.0,0,0,37.73,v2_conservative_ranker,32.87,-3.0,1,12.9,0.0,0.0,0.0,43.77,43.77,v3_stability_ranker,neutral,1275.0,-0.0392,0.0,-0.114,1273.8,1356.5,0.3193,0.0273,kis,,,,,,,,,data/raw/price_056730_20260507_20260904.csv,340,False,Broad evaluation pool candidate,307,False,Broad evaluation pool candidate
322780,2026-09-04,2026-09-04,2026-09-04,2026-09-04,AVOID,negative,37.72,37.72,37.72,36.9,36.9,0,40.94,-2.0,2,3.22,0.0,0.0,0.0,0.0,0,0,37.72,v2_conservative_ranker,38.0,-3.0,1,8.98,2.81,0.0,0.0,42.18,42.18,v3_stability_ranker,neutral,1900.0,0.0615,-0.0231,-0.05,1873.2,1962.25,0.0656,0.0268,kis,,,,,,,,,data/raw/price_322780_20260507_20260904.csv,341,False,Broad evaluation pool candidate,326,False,Broad evaluation pool candidate
161890,2026-09-04,2026-09-04,2026-09-04,2026-09-04,AVOID,negative,37.72,37.72,37.72,49.15,49.15,0,47.95,-2.0,2,7.48,2.52,0.23,0.0,0.0,0,0,37.72,v2_conservative_ranker,28.35,-3.0,1,7.65,6.3,2.77,0.0,24.94,24.94,v3_stability_ranker,neutral,150300.0,-0.002,-0.0705,0.406,154200.0,138875.0,0.071,0.0623,kis,,,,,,,,,data/raw/price_161890_20260507_20260904.csv,342,False,Broad evaluation pool candidate,473,False,Broad evaluation pool candidate
126880,2026-09-04,2026-09-04,2026-09-04,2026-09-04,AVOID,negative,37.63,37.63,37.63,36.49,36.49,0,40.6,-2.0,2,2.96,0.0,0.0,0.0,0.0,0,0,37.63,v2_conservative_ranker,35.36,-3.0,1,13.29,0.0,0.0,0.0,46.66,46.66,v3_stability_ranker,neutral,2490.0,0.0081,-0.0235,-0.0586,2503.0,2631.25,0.0393,0.0247,kis,,,,,,,,,data/raw/price_126880_20260507_20260904.csv,343,False,Broad evaluation pool candidate,268,False,Broad evaluation pool candidate
263600,2026-09-04,2026-09-04,2026-09-04,2026-09-04,AVOID,negative,37.6,37.6,37.6,37.15,37.15,0,41.14,-2.0,2,3.54,0.0,0.0,0.0,0.0,0,0,37.6,v2_conservative_ranker,35.07,-3.0,1,12.57,0.0,0.0,0.0,45.65,45.65,v3_stability_ranker,neutral,3550.0,0.0187,-0.0366,-0.0056,3606.0,3691.5,0.0064,0.0295,kis,,,,,,,,,data/raw/price_263600_20260507_20260904.csv,344,False,Broad evaluation pool candidate,282,False,Broad evaluation pool candidate
210120,2026-09-04,2026-09-04,2026-09-04,2026-09-04,AVOID,negative,37.59,37.59,37.59,49.44,49.44,0,53.59,-2.0,2,10.0,0.0,6.0,0.0,0.0,0,0,37.59,v2_conservative_ranker,45.0,-3.0,1,1.0,0.0,10.0,0.0,34.0,34.0,v3_stability_ranker,price_momentum,1569.0,-0.0491,0.0659,-0.2116,1747.4,1727.25,0.1424,0.1293,kis,,,,,,,,,data/raw/price_210120_20260507_20260904.csv,345,False,Broad evaluation pool candidate,427,False,Broad evaluation pool candidate
095660,2026-09-04,2026-09-04,2026-09-04,2026-09-04,AVOID,negative,37.59,37.59,37.59,36.62,36.62,0,39.84,-2.0,2,2.24,0.0,0.0,0.0,0.0,0,0,37.59,v2_conservative_ranker,34.98,-3.0,1,14.2,0.0,0.0,0.0,47.18,47.18,v3_stability_ranker,neutral,17950.0,0.0228,-0.0282,-0.067,17890.0,18414.5,0.1092,0.0187,kis,,,,,,,,,data/raw/price_095660_20260507_20260904.csv,346,False,Broad evaluation pool candidate,255,False,Broad evaluation pool candidate
032800,2026-09-04,2026-09-04,2026-09-04,2026-09-04,AVOID,negative,37.5,37.5,37.5,36.71,36.71,0,39.44,-2.0,2,1.94,0.0,0.0,0.0,0.0,0,0,37.5,v2_conservative_ranker,32.61,-3.0,1,14.57,0.0,0.0,0.0,45.18,45.18,v3_stability_ranker,neutral,1495.0,0.0054,-0.0361,-0.0556,1503.4,1547.4,0.1199,0.0162,kis,,,,,,,,,data/raw/price_032800_20260507_20260904.csv,347,False,Broad evaluation pool candidate,291,False,Broad evaluation pool candidate
034020,2026-09-04,2026-09-04,2026-09-04,2026-09-04,AVOID,negative,37.42,37.42,37.42,40.77,40.77,0,42.42,-2.0,2,5.0,0.0,0.0,0.0,0.0,0,0,37.42,v2_conservative_ranker,38.61,-3.0,1,10.75,0.0,0.0,0.0,47.36,47.36,v3_stability_ranker,neutral,79500.0,0.0038,-0.0986,0.0406,79840.0,79740.0,0.128,0.0417,kis,,,,,,,,,data/raw/price_034020_20260507_20260904.csv,348,False,Broad evaluation pool candidate,252,False,Broad evaluation pool candidate
460940,2026-09-04,2026-09-04,2026-09-04,2026-09-04,AVOID,negative,37.28,37.28,37.28,36.57,36.57,0,42.36,-2.0,2,5.08,0.0,0.0,0.0,0.0,0,0,37.28,v2_conservative_ranker,34.61,-3.0,1,6.66,2.5,0.0,0.0,36.76,36.76,v3_stability_ranker,neutral,5150.0,0.0597,0.0,-0.0754,5044.0,5310.5,0.0955,0.0423,kis,,,,,,,,,data/raw/price_460940_20260507_20260904.csv,349,False,Broad evaluation pool candidate,397,False,Broad evaluation pool candidate
033790,2026-09-04,2026-09-04,2026-09-04,2026-09-04,AVOID,negative,37.19,37.19,37.19,98.08,98.08,0,75.0,-2.0,2,9.06,27.2,1.55,0.0,0.0,0,0,37.19,v2_conservative_ranker,25.0,-3.0,1,-1.32,43.36,4.88,0.0,0.0,0.0,v3_stability_ranker,strong_price_momentum,9610.0,0.0883,0.4237,0.7601,8484.0,6813.5,0.7718,0.0755,kis,,,,,,,,,data/raw/price_033790_20260507_20260904.csv,350,False,Broad evaluation pool candidate,521,False,Broad evaluation pool candidate
273060,2026-09-04,2026-09-04,2026-09-04,2026-09-04,AVOID,negative,37.12,37.12,37.12,34.78,34.78,0,40.54,0.0,0,3.42,0.0,0.0,0.0,0.0,0,0,37.12,v2_conservative_ranker,32.27,-5.0,0,12.72,0.0,0.0,0.0,40.0,40.0,v3_stability_ranker,neutral,864.0,0.0,0.0,-0.1273,864.0,884.3,0.0,0.0285,kis,,,,,,,,,data/raw/price_273060_20260507_20260904.csv,351,False,Broad evaluation pool candidate,358,False,Broad evaluation pool candidate
025950,2026-09-04,2026-09-04,2026-09-04,2026-09-04,AVOID,negative,37.1,37.1,37.1,36.13,36.13,0,40.21,-2.0,2,3.11,0.0,0.0,0.0,0.0,0,0,37.1,v2_conservative_ranker,35.27,-3.0,1,13.12,0.0,0.0,0.0,46.39,46.39,v3_stability_ranker,neutral,10200.0,0.02,-0.0341,-0.0395,10226.0,10718.0,0.0168,0.0259,kis,,,,,,,,,data/raw/price_025950_20260507_20260904.csv,352,False,Broad evaluation pool candidate,273,False,Broad evaluation pool candidate
224060,2026-09-04,2026-09-04,2026-09-04,2026-09-04,AVOID,negative,37.09,37.09,37.09,42.05,42.05,0,43.74,-2.0,2,6.65,0.0,0.0,0.0,0.0,0,0,37.09,v2_conservative_ranker,40.89,-3.0,1,8.69,0.0,1.66,0.0,45.92,45.92,v3_stability_ranker,neutral,3580.0,-0.0219,-0.0701,0.0499,3758.0,3443.75,0.018,0.0554,kis,,,,,,,,,data/raw/price_224060_20260507_20260904.csv,353,False,Broad evaluation pool candidate,277,False,Broad evaluation pool candidate
333620,2026-09-04,2026-09-04,2026-09-04,2026-09-04,AVOID,negative,37.05,37.05,37.05,36.23,36.23,0,39.45,-2.0,2,2.4,0.0,0.0,0.0,0.0,0,0,37.05,v2_conservative_ranker,34.64,-3.0,1,14.0,0.0,0.0,0.0,46.64,46.64,v3_stability_ranker,neutral,5250.0,0.0096,-0.042,-0.0385,5244.0,5493.0,0.0592,0.02,kis,,,,,,,,,data/raw/price_333620_20260507_20260904.csv,354,False,Broad evaluation pool candidate,270,False,Broad evaluation pool candidate
109740,2026-09-04,2026-09-04,2026-09-04,2026-09-04,AVOID,negative,36.94,36.94,36.94,37.43,37.43,0,44.05,-2.0,2,7.12,0.0,0.0,0.0,0.0,0,0,36.94,v2_conservative_ranker,38.0,-3.0,1,8.11,0.0,2.29,0.0,41.82,41.82,v3_stability_ranker,neutral,4130.0,-0.0048,-0.0155,0.0172,4168.0,4378.0,0.0076,0.0593,kis,,,,,,,,,data/raw/price_109740_20260507_20260904.csv,355,False,Broad evaluation pool candidate,331,False,Broad evaluation pool candidate
008470,2026-09-04,2026-09-04,2026-09-04,2026-09-04,AVOID,negative,36.91,36.91,36.91,35.22,35.22,0,39.39,-2.0,2,2.48,0.0,0.0,0.0,0.0,0,0,36.91,v2_conservative_ranker,32.0,-3.0,1,13.89,0.0,0.0,0.0,43.89,43.89,v3_stability_ranker,neutral,1704.0,0.0143,-0.0006,-0.1585,1696.0,1805.65,0.2125,0.0207,kis,,,,,,,,,data/raw/price_008470_20260507_20260904.csv,356,False,Broad evaluation pool candidate,305,False,Broad evaluation pool candidate
071200,2026-09-04,2026-09-04,2026-09-04,2026-09-04,AVOID,negative,36.83,36.83,36.83,37.1,37.1,0,42.76,-2.0,2,5.93,0.0,0.0,0.0,0.0,0,0,36.83,v2_conservative_ranker,38.0,-3.0,1,9.59,0.0,0.7,0.0,44.89,44.89,v3_stability_ranker,neutral,9700.0,0.0308,-0.0192,-0.0092,9592.0,9745.0,0.0706,0.0494,kis,,,,,,,,,data/raw/price_071200_20260507_20260904.csv,357,False,Broad evaluation pool candidate,294,False,Broad evaluation pool candidate
083660,2026-09-04,2026-09-04,2026-09-04,2026-09-04,AVOID,negative,36.82,36.82,36.82,44.21,44.21,0,46.99,-2.0,2,8.82,0.0,1.35,0.0,0.0,0,0,36.82,v2_conservative_ranker,42.41,-3.0,1,5.98,0.0,4.56,0.0,41.83,41.83,v3_stability_ranker,neutral,1671.0,0.0066,-0.0511,0.0886,1688.6,1557.85,0.0401,0.0735,kis,,,,,,,,,data/raw/price_083660_20260507_20260904.csv,358,False,Broad evaluation pool candidate,330,False,Broad evaluation pool candidate
337840,2026-09-04,2026-09-04,2026-09-04,2026-09-04,AVOID,negative,36.81,36.81,36.81,37.47,41.47,-4,44.15,-2.0,2,1.94,0.0,0.0,0.0,5.4,0,0,36.81,v2_conservative_ranker,38.0,-3.0,1,14.57,0.0,0.0,8.2,42.37,42.37,v3_stability_ranker,neutral,6350.0,0.0193,-0.0063,-0.0063,6262.0,6285.0,0.0057,0.0162,kis,,,,medium_attention,risk_noise_detected,,,,data/raw/price_337840_20260507_20260904.csv,359,False,Broad evaluation pool candidate,325,False,Broad evaluation pool candidate
050090,2026-09-04,2026-09-04,2026-09-04,2026-09-04,AVOID,negative,36.67,36.67,36.67,79.56,82.56,-3,70.28,-2.0,2,10.0,17.76,3.85,0.0,0.0,2,0,36.67,v2_conservative_ranker,43.0,-3.0,1,-2.0,29.9,8.56,2.0,0.0,0.0,v3_stability_ranker,strong_price_momentum,850.0,0.1199,0.0328,0.8519,781.8,700.8,0.2133,0.0985,unknown,비케이홀딩스,비케이홀딩스,paid_in_capital_increase,,,,,,data/raw/price_050090_20260805_20260904.csv,360,False,Broad evaluation pool candidate,522,False,Broad evaluation pool candidate
153460,2026-09-04,2026-09-04,2026-09-04,2026-09-04,AVOID,negative,36.64,36.64,36.64,34.65,34.65,0,40.0,-2.0,2,3.36,0.0,0.0,0.0,0.0,0,0,36.64,v2_conservative_ranker,33.3,-3.0,1,12.8,0.0,0.0,0.0,44.1,44.1,v3_stability_ranker,neutral,5910.0,0.0,-0.0134,-0.1045,5912.0,6168.0,0.0025,0.028,kis,,,,,,,,,data/raw/price_153460_20260507_20260904.csv,361,False,Broad evaluation pool candidate,302,False,Broad evaluation pool candidate
114190,2026-09-04,2026-09-04,2026-09-04,2026-09-04,AVOID,negative,36.6,36.6,36.6,38.5,38.5,0,43.21,-2.0,2,6.61,0.0,0.0,0.0,0.0,0,0,36.6,v2_conservative_ranker,40.57,-3.0,1,8.73,0.0,1.62,0.0,45.69,45.69,v3_stability_ranker,neutral,8700.0,0.0152,-0.0429,0.0714,8786.0,9113.5,0.1223,0.0551,kis,,,,,,,,,data/raw/price_114190_20260507_20260904.csv,362,False,Broad evaluation pool candidate,281,False,Broad evaluation pool candidate
203650,2026-09-04,2026-09-04,2026-09-04,2026-09-04,AVOID,negative,36.6,36.6,36.6,37.34,37.34,0,40.23,-2.0,2,3.64,0.0,0.0,0.0,0.0,0,0,36.6,v2_conservative_ranker,34.05,-3.0,1,12.46,0.0,0.0,0.0,44.5,44.5,v3_stability_ranker,neutral,2020.0,0.0243,-0.0494,0.005,2044.4,2072.45,0.1762,0.0303,kis,,,,,,,,,data/raw/price_203650_20260507_20260904.csv,363,False,Broad evaluation pool candidate,297,False,Broad evaluation pool candidate
082740,2026-09-04,2026-09-04,2026-09-04,2026-09-04,AVOID,negative,36.55,36.55,36.55,37.51,37.51,0,41.24,-2.0,2,4.69,0.0,0.0,0.0,0.0,0,0,36.55,v2_conservative_ranker,39.61,-3.0,1,11.13,0.0,0.0,0.0,48.74,48.74,v3_stability_ranker,neutral,45600.0,0.0,-0.0549,0.0495,46230.0,46412.5,0.0727,0.0391,kis,,,,,,,,,data/raw/price_082740_20260507_20260904.csv,364,False,Broad evaluation pool candidate,230,False,Broad evaluation pool candidate
059270,2026-09-04,2026-09-04,2026-09-04,2026-09-04,AVOID,negative,36.5,36.5,36.5,35.87,35.87,0,39.78,-2.0,2,3.28,0.0,0.0,0.0,0.0,0,0,36.5,v2_conservative_ranker,34.5,-3.0,1,8.9,0.51,0.0,0.0,40.9,40.9,v3_stability_ranker,neutral,5460.0,0.048,-0.025,-0.0777,5444.0,5792.0,0.1637,0.0273,kis,,,,,,,,,data/raw/price_059270_20260507_20260904.csv,365,False,Broad evaluation pool candidate,350,False,Broad evaluation pool candidate
049950,2026-09-04,2026-09-04,2026-09-04,2026-09-04,AVOID,negative,36.5,36.5,36.5,37.22,37.22,0,40.98,-2.0,2,4.48,0.0,0.0,0.0,0.0,0,0,36.5,v2_conservative_ranker,40.03,-3.0,1,11.41,0.0,0.0,0.0,49.44,49.44,v3_stability_ranker,neutral,10340.0,0.0309,-0.0496,0.0268,10462.0,10822.0,0.0956,0.0373,kis,,,,,,,,,data/raw/price_049950_20260507_20260904.csv,366,False,Broad evaluation pool candidate,220,False,Broad evaluation pool candidate
253450,2026-09-04,2026-09-04,2026-09-04,2026-09-04,AVOID,negative,36.48,36.48,36.48,34.58,34.58,0,39.64,-2.0,2,3.16,0.0,0.0,0.0,0.0,0,0,36.48,v2_conservative_ranker,32.86,-3.0,1,13.05,0.0,0.0,0.0,43.91,43.91,v3_stability_ranker,neutral,21700.0,0.0236,-0.0136,-0.1143,21770.0,22582.5,0.0478,0.0263,kis,,,,,,,,,data/raw/price_253450_20260507_20260904.csv,367,False,Broad evaluation pool candidate,304,False,Broad evaluation pool candidate
128940,2026-09-04,2026-09-04,2026-09-04,2026-09-04,AVOID,negative,36.41,36.41,36.41,44.38,44.38,0,47.0,-2.0,2,9.05,0.0,1.54,0.0,0.0,0,0,36.41,v2_conservative_ranker,38.72,-3.0,1,5.69,0.0,4.86,0.0,37.55,37.55,v3_stability_ranker,neutral,459500.0,-0.0022,-0.0972,0.1752,475700.0,448175.0,0.1468,0.0754,kis,,,,,,,,,data/raw/price_128940_20260507_20260904.csv,368,False,Broad evaluation pool candidate,393,False,Broad evaluation pool candidate
089230,2026-09-04,2026-09-04,2026-09-04,2026-09-04,AVOID,negative,36.37,36.37,36.37,38.31,38.31,0,42.13,-2.0,2,5.76,0.0,0.0,0.0,0.0,0,0,36.37,v2_conservative_ranker,37.18,-3.0,1,9.8,0.0,0.48,0.0,44.5,44.5,v3_stability_ranker,neutral,2040.0,0.0205,-0.0852,0.1467,2085.8,2117.0,0.0487,0.048,kis,,,,,,,,,data/raw/price_089230_20260507_20260904.csv,369,False,Broad evaluation pool candidate,298,False,Broad evaluation pool candidate
003520,2026-09-04,2026-09-04,2026-09-04,2026-09-04,AVOID,negative,36.24,36.24,36.24,35.64,35.64,0,38.76,-2.0,2,2.52,0.0,0.0,0.0,0.0,0,0,36.24,v2_conservative_ranker,31.57,-3.0,1,13.85,0.0,0.0,0.0,43.42,43.42,v3_stability_ranker,neutral,1117.0,0.0045,-0.0329,-0.0844,1126.6,1197.95,0.2076,0.021,kis,,,,,,,,,data/raw/price_003520_20260507_20260904.csv,370,False,Broad evaluation pool candidate,312,False,Broad evaluation pool candidate
900300,2026-09-04,2026-09-04,2026-09-04,2026-09-04,AVOID,negative,36.17,36.17,36.17,64.44,64.44,0,61.32,-2.0,2,10.0,9.57,5.58,0.0,0.0,0,0,36.17,v2_conservative_ranker,43.0,-3.0,1,2.0,14.77,10.0,0.0,18.23,18.23,v3_stability_ranker,price_momentum,3750.0,-0.0247,0.0232,0.9531,3990.0,3188.3,0.0206,0.1158,kis,,,,,,,,,data/raw/price_900300_20260507_20260904.csv,371,False,Broad evaluation pool candidate,490,False,Broad evaluation pool candidate
136150,2026-09-04,2026-09-04,2026-09-04,2026-09-04,AVOID,negative,36.15,36.15,36.15,36.72,36.72,0,40.72,-2.0,2,4.57,0.0,0.0,0.0,0.0,0,0,36.15,v2_conservative_ranker,39.08,-3.0,1,11.29,0.0,0.0,0.0,48.36,48.36,v3_stability_ranker,neutral,7480.0,0.0191,-0.0615,0.0535,7462.0,7622.0,0.0015,0.0381,kis,,,,,,,,,data/raw/price_136150_20260507_20260904.csv,372,False,Broad evaluation pool candidate,238,False,Broad evaluation pool candidate
163730,2026-09-04,2026-09-04,2026-09-04,2026-09-04,AVOID,negative,36.12,36.12,36.12,37.97,37.97,0,42.6,-2.0,2,6.46,0.02,0.0,0.0,0.0,0,0,36.12,v2_conservative_ranker,38.0,-3.0,1,4.93,4.28,1.41,0.0,35.24,35.24,v3_stability_ranker,neutral,9760.0,0.0702,-0.0191,-0.0141,9722.0,9839.5,0.3274,0.0538,kis,,,,,,,,,data/raw/price_163730_20260507_20260904.csv,373,False,Broad evaluation pool candidate,415,False,Broad evaluation pool candidate
001210,2026-09-04,2026-09-04,2026-09-04,2026-09-04,AVOID,negative,36.0,36.0,36.0,77.29,77.29,0,67.0,-2.0,2,10.0,15.0,6.0,0.0,0.0,0,0,36.0,v2_conservative_ranker,34.73,-3.0,1,2.0,26.17,10.0,0.0,0.0,0.0,v3_stability_ranker,price_momentum,12430.0,-0.0342,0.1639,2.6398,12830.0,8280.0,0.048,0.1454,unknown,금호전기,금호전기,major_shareholder_change,,,,,,data/raw/price_001210_20260805_20260904.csv,374,False,Broad evaluation pool candidate,523,False,Broad evaluation pool candidate
175140,2026-09-04,2026-09-04,2026-09-04,2026-09-04,AVOID,negative,35.89,35.89,35.89,36.84,36.84,0,40.51,-2.0,2,4.62,0.0,0.0,0.0,0.0,0,0,35.89,v2_conservative_ranker,32.5,-3.0,1,11.22,0.0,0.0,0.0,41.73,41.73,v3_stability_ranker,neutral,2475.0,-0.002,-0.1081,-0.0139,2571.0,2494.75,0.0319,0.0385,kis,,,,,,,,,data/raw/price_175140_20260507_20260904.csv,375,False,Broad evaluation pool candidate,332,False,Broad evaluation pool candidate
216080,2026-09-04,2026-09-04,2026-09-04,2026-09-04,AVOID,negative,35.87,35.87,35.87,78.92,78.92,0,67.0,-2.0,2,8.2,22.11,0.83,0.0,0.0,0,0,35.87,v2_conservative_ranker,25.0,-3.0,1,3.76,35.17,3.73,0.0,0.0,0.0,v3_stability_ranker,price_momentum,6410.0,-0.0016,0.3382,0.4635,5755.0,4870.75,0.1244,0.0683,kis,,,,,,,,,data/raw/price_216080_20260507_20260904.csv,376,False,Broad evaluation pool candidate,524,False,Broad evaluation pool candidate
145720,2026-09-04,2026-09-04,2026-09-04,2026-09-04,AVOID,negative,35.67,35.67,35.67,33.31,36.31,-3,40.63,-2.0,2,2.96,0.0,0.0,0.0,0.0,2,0,35.67,v2_conservative_ranker,34.57,-3.0,1,13.29,0.0,0.0,2.0,43.86,43.86,v3_stability_ranker,neutral,37550.0,0.0081,-0.017,-0.0763,37250.0,38677.5,0.0485,0.0247,unknown,덴티움,덴티움,lawsuit,,,,,,data/raw/price_145720_20260805_20260904.csv,377,False,Broad evaluation pool candidate,306,False,Broad evaluation pool candidate
438700,2026-09-04,2026-09-04,2026-09-04,2026-09-04,AVOID,negative,35.63,35.63,35.63,36.37,36.37,0,40.24,-2.0,2,4.61,0.0,0.0,0.0,0.0,0,0,35.63,v2_conservative_ranker,39.32,-3.0,1,11.24,0.0,0.0,0.0,48.56,48.56,v3_stability_ranker,price_weakness,1723.0,0.0112,-0.0585,0.0311,1796.0,1799.05,0.0846,0.0384,kis,,,,,,,,,data/raw/price_438700_20260507_20260904.csv,378,False,Broad evaluation pool candidate,233,False,Broad evaluation pool candidate
215380,2026-09-04,2026-09-04,2026-09-04,2026-09-04,AVOID,negative,35.53,35.53,35.53,33.85,33.85,0,38.62,-2.0,2,3.1,0.0,0.0,0.0,0.0,0,0,35.53,v2_conservative_ranker,31.36,-3.0,1,13.13,0.0,0.0,0.0,42.49,42.49,v3_stability_ranker,neutral,2110.0,0.0048,-0.0321,-0.0905,2146.0,2226.5,0.028,0.0258,kis,,,,,,,,,data/raw/price_215380_20260507_20260904.csv,379,False,Broad evaluation pool candidate,320,False,Broad evaluation pool candidate
448730,2026-09-04,2026-09-04,2026-09-04,2026-09-04,AVOID,negative,35.52,35.52,35.52,34.06,34.06,0,37.35,-2.0,2,1.84,0.0,0.0,0.0,0.0,0,0,35.52,v2_conservative_ranker,30.98,-3.0,1,14.71,0.0,0.0,0.0,43.69,43.69,v3_stability_ranker,price_weakness,5200.0,0.0078,-0.058,-0.0528,5350.0,5425.5,0.0046,0.0153,kis,,,,,,,,,data/raw/price_448730_20260507_20260904.csv,380,False,Broad evaluation pool candidate,309,False,Broad evaluation pool candidate
196450,2026-09-04,2026-09-04,2026-09-04,2026-09-04,AVOID,negative,35.42,35.42,35.42,31.04,31.04,0,39.0,0.0,0,3.58,0.0,0.0,0.0,0.0,0,0,35.42,v2_conservative_ranker,32.0,-5.0,0,12.53,0.0,0.0,0.0,39.53,39.53,v3_stability_ranker,neutral,790.0,0.0,0.0,-0.1996,790.0,826.05,0.0,0.0298,kis,,,,,,,,,data/raw/price_196450_20260507_20260904.csv,381,False,Broad evaluation pool candidate,366,False,Broad evaluation pool candidate
060230,2026-09-04,2026-09-04,2026-09-04,2026-09-04,AVOID,negative,35.01,35.01,35.01,33.63,33.63,0,40.22,-2.0,2,5.21,0.0,0.0,0.0,0.0,0,0,35.01,v2_conservative_ranker,32.49,-3.0,1,10.49,0.0,0.0,0.0,40.98,40.98,v3_stability_ranker,neutral,1204.0,0.0118,-0.005,-0.1224,1198.4,1294.15,0.0983,0.0434,kis,,,,,,,,,data/raw/price_060230_20260507_20260904.csv,382,False,Broad evaluation pool candidate,349,False,Broad evaluation pool candidate
290720,2026-09-04,2026-09-04,2026-09-04,2026-09-04,AVOID,negative,34.93,34.93,34.93,32.69,32.69,0,38.59,-2.0,2,3.66,0.0,0.0,0.0,0.0,0,0,34.93,v2_conservative_ranker,32.45,-3.0,1,12.43,0.0,0.0,0.0,42.87,42.87,v3_stability_ranker,neutral,2805.0,0.009,-0.0209,-0.1234,2754.0,2908.0,0.0001,0.0305,kis,,,,,,,,,data/raw/price_290720_20260507_20260904.csv,383,False,Broad evaluation pool candidate,317,False,Broad evaluation pool candidate
042660,2026-09-04,2026-09-04,2026-09-04,2026-09-04,AVOID,negative,34.84,34.84,34.84,33.33,36.33,-3,41.27,-2.0,2,4.43,0.0,0.0,0.0,0.0,2,0,34.84,v2_conservative_ranker,38.0,-3.0,1,11.46,0.0,0.0,2.0,45.47,45.47,v3_stability_ranker,neutral,86600.0,0.0012,-0.0215,-0.0452,86200.0,88375.0,0.071,0.0369,unknown,한화오션,한화오션,lawsuit,,,,,,data/raw/price_042660_20260805_20260904.csv,384,False,Broad evaluation pool candidate,288,False,Broad evaluation pool candidate
009540,2026-09-04,2026-09-04,2026-09-04,2026-09-04,AVOID,negative,34.84,34.84,34.84,34.51,31.51,3,37.14,-2.0,2,3.3,0.0,0.0,0.0,0.0,0,1,34.84,v2_conservative_ranker,32.0,-3.0,1,12.88,0.0,0.0,0.0,42.88,42.88,v3_stability_ranker,neutral,344000.0,0.0,-0.0296,-0.14,343900.0,365000.0,0.0361,0.0275,unknown,HD한국조선해양,HD한국조선해양,supply_contract,,,,,,data/raw/price_009540_20260805_20260904.csv,385,False,Broad evaluation pool candidate,316,False,Broad evaluation pool candidate
366030,2026-09-04,2026-09-04,2026-09-04,2026-09-04,AVOID,negative,34.72,34.72,34.72,36.12,36.12,0,40.39,-2.0,2,5.68,0.0,0.0,0.0,0.0,0,0,34.72,v2_conservative_ranker,38.1,-3.0,1,9.9,0.0,0.37,0.0,45.63,45.63,v3_stability_ranker,neutral,4770.0,-0.0255,-0.0738,0.0792,4962.0,4979.5,0.0449,0.0473,kis,,,,,,,,,data/raw/price_366030_20260507_20260904.csv,386,False,Broad evaluation pool candidate,284,False,Broad evaluation pool candidate
006360,2026-09-04,2026-09-04,2026-09-04,2026-09-04,AVOID,negative,34.59,34.59,34.59,36.08,36.08,0,39.91,-2.0,2,5.32,0.0,0.0,0.0,0.0,0,0,34.59,v2_conservative_ranker,38.3,-3.0,1,10.36,0.0,0.0,0.0,46.65,46.65,v3_stability_ranker,neutral,34500.0,0.0268,-0.0713,0.0583,33990.0,34810.0,0.1214,0.0443,kis,,,,,,,,,data/raw/price_006360_20260507_20260904.csv,387,False,Broad evaluation pool candidate,269,False,Broad evaluation pool candidate
003090,2026-09-04,2026-09-04,2026-09-04,2026-09-04,AVOID,negative,34.41,34.41,34.41,39.11,43.11,-4,42.9,-2.0,2,3.1,0.0,0.0,0.0,5.4,0,0,34.41,v2_conservative_ranker,36.76,-3.0,1,13.13,0.0,0.0,8.2,39.69,39.69,v3_stability_ranker,neutral,17150.0,-0.0029,-0.0467,-0.0408,17526.0,17509.0,0.0663,0.0258,kis,,,,medium_attention,risk_noise_detected,,,,data/raw/price_003090_20260507_20260904.csv,388,False,Broad evaluation pool candidate,363,False,Broad evaluation pool candidate
007110,2026-09-04,2026-09-04,2026-09-04,2026-09-04,AVOID,negative,34.39,34.39,34.39,37.25,37.25,0,44.69,0.0,0,8.89,0.0,1.41,0.0,0.0,0,0,34.39,v2_conservative_ranker,42.5,-5.0,0,5.88,0.0,4.66,0.0,38.73,38.73,v3_stability_ranker,neutral,603.0,0.0,0.0169,-0.1807,603.6,626.95,0.0,0.0741,kis,,,,medium_attention,no_risk_noise,,,,data/raw/price_007110_20260507_20260904.csv,389,False,Broad evaluation pool candidate,380,False,Broad evaluation pool candidate
263800,2026-09-04,2026-09-04,2026-09-04,2026-09-04,AVOID,negative,34.38,34.38,34.38,33.63,33.63,0,38.57,-2.0,2,4.19,0.0,0.0,0.0,0.0,0,0,34.38,v2_conservative_ranker,31.63,-3.0,1,11.77,0.0,0.0,0.0,41.39,41.39,v3_stability_ranker,neutral,4685.0,0.0163,-0.039,-0.0723,4700.0,5145.75,0.1054,0.0349,kis,,,,,,,,,data/raw/price_263800_20260507_20260904.csv,390,False,Broad evaluation pool candidate,336,False,Broad evaluation pool candidate
210980,2026-09-04,2026-09-04,2026-09-04,2026-09-04,AVOID,negative,34.29,34.29,34.29,68.97,68.97,0,61.73,-2.0,2,10.0,14.63,2.81,0.0,0.0,0,0,34.29,v2_conservative_ranker,39.0,-3.0,1,2.0,23.11,6.9,0.0,8.99,8.99,v3_stability_ranker,price_momentum,4125.0,0.0012,0.4504,0.0208,3784.8,3361.35,0.1548,0.0881,kis,,,,,,,,,data/raw/price_210980_20260507_20260904.csv,391,False,Broad evaluation pool candidate,513,False,Broad evaluation pool candidate
104460,2026-09-04,2026-09-04,2026-09-04,2026-09-04,AVOID,negative,34.16,34.16,34.16,32.57,32.57,0,37.29,-2.0,2,3.13,0.0,0.0,0.0,0.0,0,0,34.16,v2_conservative_ranker,30.05,-3.0,1,13.09,0.0,0.0,0.0,41.14,41.14,v3_stability_ranker,neutral,7600.0,0.008,-0.0404,-0.1048,7728.0,8094.0,0.0759,0.0261,kis,,,,,,,,,data/raw/price_104460_20260507_20260904.csv,392,False,Broad evaluation pool candidate,345,False,Broad evaluation pool candidate
488900,2026-09-04,2026-09-04,2026-09-04,2026-09-04,AVOID,negative,34.15,34.15,34.15,37.82,37.82,0,44.87,-2.0,2,9.12,0.0,1.6,0.0,0.0,0,0,34.15,v2_conservative_ranker,41.55,-3.0,1,5.6,0.0,4.96,0.0,40.19,40.19,v3_stability_ranker,neutral,9200.0,0.0222,-0.0306,0.0836,9226.0,9985.5,0.0499,0.076,kis,,,,,,,,,data/raw/price_488900_20260507_20260904.csv,393,False,Broad evaluation pool candidate,355,False,Broad evaluation pool candidate
282720,2026-09-04,2026-09-04,2026-09-04,2026-09-04,AVOID,negative,34.03,34.03,34.03,32.52,32.52,0,37.33,-2.0,2,3.3,0.0,0.0,0.0,0.0,0,0,34.03,v2_conservative_ranker,30.51,-3.0,1,12.88,0.0,0.0,0.0,41.39,41.39,v3_stability_ranker,neutral,7400.0,0.0193,-0.0488,-0.0796,7422.0,7609.0,0.0215,0.0275,kis,,,,,,,,,data/raw/price_282720_20260507_20260904.csv,394,False,Broad evaluation pool candidate,337,False,Broad evaluation pool candidate
340570,2026-09-04,2026-09-04,2026-09-04,2026-09-04,AVOID,negative,34.02,34.02,34.02,32.58,32.58,0,37.53,-2.0,2,3.52,0.0,0.0,0.0,0.0,0,0,34.02,v2_conservative_ranker,30.6,-3.0,1,12.61,0.0,0.0,0.0,41.21,41.21,v3_stability_ranker,neutral,29500.0,0.0068,-0.0453,-0.0839,30220.0,31432.5,0.0388,0.0293,kis,,,,,,,,,data/raw/price_340570_20260507_20260904.csv,395,False,Broad evaluation pool candidate,342,False,Broad evaluation pool candidate
001470,2026-09-04,2026-09-04,2026-09-04,2026-09-04,AVOID,negative,34.0,34.0,34.0,93.0,93.0,0,75.0,0.0,0,10.0,25.0,6.0,0.0,0.0,0,0,34.0,v2_conservative_ranker,25.0,-5.0,0,2.0,36.0,10.0,0.0,0.0,0.0,v3_stability_ranker,strong_price_momentum,5820.0,0.0,15.7723,15.7723,4725.4,1441.6,0.0,3.5268,kis,,,,,,,,,data/raw/price_001470_20260507_20260904.csv,396,False,Broad evaluation pool candidate,525,False,Broad evaluation pool candidate
220100,2026-09-04,2026-09-04,2026-09-04,2026-09-04,AVOID,negative,33.99,33.99,33.99,32.83,32.83,0,38.69,-2.0,2,4.69,0.0,0.0,0.0,0.0,0,0,33.99,v2_conservative_ranker,33.65,-3.0,1,11.13,0.0,0.0,0.0,42.78,42.78,v3_stability_ranker,neutral,7940.0,0.0102,-0.0293,-0.0967,7976.0,8293.5,0.0835,0.0391,kis,,,,,,,,,data/raw/price_220100_20260507_20260904.csv,397,False,Broad evaluation pool candidate,319,False,Broad evaluation pool candidate
030530,2026-09-04,2026-09-04,2026-09-04,2026-09-04,AVOID,negative,33.96,33.96,33.96,37.45,37.45,0,39.1,-2.0,2,5.14,0.0,0.0,0.0,0.0,0,0,33.96,v2_conservative_ranker,32.14,-3.0,1,6.58,2.96,0.0,0.0,33.76,33.76,v3_stability_ranker,neutral,18400.0,0.0624,-0.0356,-0.0669,17934.0,19407.0,0.7723,0.0428,kis,,,,,,,,,data/raw/price_030530_20260507_20260904.csv,398,False,Broad evaluation pool candidate,430,False,Broad evaluation pool candidate
036710,2026-09-04,2026-09-04,2026-09-04,2026-09-04,AVOID,negative,33.89,33.89,33.89,35.82,35.82,0,41.68,-2.0,2,7.52,0.0,0.27,0.0,0.0,0,0,33.89,v2_conservative_ranker,39.7,-3.0,1,7.59,0.0,2.83,0.0,42.47,42.47,v3_stability_ranker,neutral,3785.0,-0.0143,-0.0537,0.0587,3971.0,4036.25,0.0869,0.0627,kis,,,,,,,,,data/raw/price_036710_20260507_20260904.csv,399,False,Broad evaluation pool candidate,321,False,Broad evaluation pool candidate
101400,2026-09-04,2026-09-04,2026-09-04,2026-09-04,AVOID,negative,33.82,33.82,33.82,34.52,34.52,0,40.99,-2.0,2,7.18,0.0,0.0,0.0,0.0,0,0,33.82,v2_conservative_ranker,35.12,-3.0,1,8.03,0.0,2.37,0.0,38.78,38.78,v3_stability_ranker,neutral,1793.0,-0.0308,-0.036,-0.0116,1868.6,1878.35,0.1127,0.0598,unknown,엔시트론,엔시트론,major_shareholder_change,,,,,,data/raw/price_101400_20260805_20260904.csv,400,False,Broad evaluation pool candidate,379,False,Broad evaluation pool candidate
069640,2026-09-04,2026-09-04,2026-09-04,2026-09-04,AVOID,negative,33.67,33.67,33.67,32.98,32.98,0,36.92,-2.0,2,3.25,0.0,0.0,0.0,0.0,0,0,33.67,v2_conservative_ranker,30.24,-3.0,1,12.94,0.0,0.0,0.0,41.18,41.18,v3_stability_ranker,price_weakness,1361.0,-0.0388,-0.0542,-0.076,1425.6,1439.25,0.1512,0.0271,kis,,,,,,,,,data/raw/price_069640_20260507_20260904.csv,401,False,Broad evaluation pool candidate,343,False,Broad evaluation pool candidate
097230,2026-09-04,2026-09-04,2026-09-04,2026-09-04,AVOID,negative,33.59,33.59,33.59,33.14,33.14,0,36.54,-2.0,2,2.95,0.0,0.0,0.0,0.0,0,0,33.59,v2_conservative_ranker,32.46,-3.0,1,13.31,0.0,0.0,0.0,43.77,43.77,v3_stability_ranker,price_weakness,15970.0,-0.0062,-0.0693,-0.0437,16256.0,17030.0,0.12,0.0246,kis,,,,,,,,,data/raw/price_097230_20260507_20260904.csv,402,False,Broad evaluation pool candidate,308,False,Broad evaluation pool candidate
007610,2026-09-04,2026-09-04,2026-09-04,2026-09-04,AVOID,negative,33.53,33.53,33.53,31.46,31.46,0,37.49,-2.0,2,3.96,0.0,0.0,0.0,0.0,0,0,33.53,v2_conservative_ranker,32.0,-3.0,1,12.05,0.0,0.0,0.0,42.05,42.05,v3_stability_ranker,neutral,3920.0,0.0129,-0.0273,-0.1366,3968.0,4206.0,0.0535,0.033,kis,,,,,,,,,data/raw/price_007610_20260507_20260904.csv,403,False,Broad evaluation pool candidate,327,False,Broad evaluation pool candidate
006260,2026-09-04,2026-09-04,2026-09-04,2026-09-04,AVOID,negative,33.53,33.53,33.53,32.84,32.84,0,38.03,-2.0,2,4.5,0.0,0.0,0.0,0.0,0,0,33.53,v2_conservative_ranker,30.97,-3.0,1,11.38,0.0,0.0,0.0,40.35,40.35,v3_stability_ranker,neutral,300500.0,0.0291,-0.0399,-0.0852,302100.0,312625.0,0.1401,0.0375,kis,,,,,,,,,data/raw/price_006260_20260507_20260904.csv,404,False,Broad evaluation pool candidate,352,False,Broad evaluation pool candidate
119830,2026-09-04,2026-09-04,2026-09-04,2026-09-04,AVOID,negative,33.38,33.38,33.38,34.53,34.53,0,43.0,-2.0,2,8.52,0.0,1.1,0.0,0.0,0,0,33.38,v2_conservative_ranker,36.0,-3.0,1,6.35,0.0,4.16,0.0,36.19,36.19,v3_stability_ranker,neutral,6090.0,0.015,-0.1374,0.1918,6420.0,6644.5,0.2974,0.071,kis,,,,,,,,,data/raw/price_119830_20260507_20260904.csv,405,False,Broad evaluation pool candidate,402,False,Broad evaluation pool candidate
131760,2026-09-04,2026-09-04,2026-09-04,2026-09-04,AVOID,negative,33.38,33.38,33.38,35.22,35.22,0,35.96,4.39,3,7.02,2.95,0.0,0.0,0.0,0,0,33.38,v2_conservative_ranker,26.5,5.0,6,1.22,8.43,2.16,0.0,28.13,28.13,v3_stability_ranker,neutral,1551.0,0.0946,-0.1557,-0.144,1696.8,1793.15,1.8786,0.0585,kis,,,,,,,,,data/raw/price_131760_20260507_20260904.csv,406,False,Broad evaluation pool candidate,461,False,Broad evaluation pool candidate
012160,2026-09-04,2026-09-04,2026-09-04,2026-09-04,AVOID,negative,33.25,33.25,33.25,31.34,31.34,0,37.15,-2.0,2,3.9,0.0,0.0,0.0,0.0,0,0,33.25,v2_conservative_ranker,30.09,-3.0,1,12.12,0.0,0.0,0.0,40.21,40.21,v3_stability_ranker,price_weakness,2370.0,0.0042,-0.0989,0.0042,2457.0,2500.5,0.0454,0.0325,kis,,,,,,,,,data/raw/price_012160_20260507_20260904.csv,407,False,Broad evaluation pool candidate,354,False,Broad evaluation pool candidate
060900,2026-09-04,2026-09-04,2026-09-04,2026-09-04,AVOID,negative,33.11,33.11,33.11,31.66,31.66,0,36.3,-2.0,2,3.19,0.0,0.0,0.0,0.0,0,0,33.11,v2_conservative_ranker,32.0,-3.0,1,13.01,0.0,0.0,0.0,43.01,43.01,v3_stability_ranker,neutral,3605.0,-0.0123,-0.027,-0.1797,3657.0,3867.5,0.3334,0.0266,kis,,,,,,,,,data/raw/price_060900_20260507_20260904.csv,408,False,Broad evaluation pool candidate,315,False,Broad evaluation pool candidate
214430,2026-09-04,2026-09-04,2026-09-04,2026-09-04,AVOID,negative,33.1,33.1,33.1,32.1,32.1,0,39.04,-2.0,2,5.94,0.0,0.0,0.0,0.0,0,0,33.1,v2_conservative_ranker,33.13,-3.0,1,9.57,0.0,0.72,0.0,39.99,39.99,v3_stability_ranker,neutral,58500.0,0.0317,-0.0217,-0.1082,58640.0,64110.0,0.1056,0.0495,kis,,,,,,,,,data/raw/price_214430_20260507_20260904.csv,409,False,Broad evaluation pool candidate,359,False,Broad evaluation pool candidate
248070,2026-09-04,2026-09-04,2026-09-04,2026-09-04,AVOID,negative,33.06,33.06,33.06,30.89,30.89,0,36.21,-2.0,2,3.16,0.0,0.0,0.0,0.0,0,0,33.06,v2_conservative_ranker,28.94,-3.0,1,13.05,0.0,0.0,0.0,39.99,39.99,v3_stability_ranker,neutral,12790.0,0.0008,-0.0383,-0.1416,13102.0,13777.5,0.0717,0.0263,kis,,,,,,,,,data/raw/price_248070_20260507_20260904.csv,410,False,Broad evaluation pool candidate,360,False,Broad evaluation pool candidate
208640,2026-09-04,2026-09-04,2026-09-04,2026-09-04,AVOID,negative,32.96,32.96,32.96,29.4,29.4,0,37.21,-2.0,2,4.25,0.0,0.0,0.0,0.0,0,0,32.96,v2_conservative_ranker,32.0,-3.0,1,8.69,0.0,0.0,0.0,38.69,38.69,v3_stability_ranker,neutral,660.0,0.0138,-0.0179,-0.3654,661.2,743.05,0.1218,0.0354,kis,,,,,,,,,data/raw/price_208640_20260507_20260904.csv,411,False,Broad evaluation pool candidate,382,False,Broad evaluation pool candidate
017670,2026-09-04,2026-09-04,2026-09-04,2026-09-04,AVOID,negative,32.82,32.82,32.82,33.04,33.04,0,37.11,-2.0,2,4.3,0.0,0.0,0.0,0.0,0,0,32.82,v2_conservative_ranker,31.75,-3.0,1,11.63,0.0,0.0,0.0,41.38,41.38,v3_stability_ranker,neutral,90900.0,0.0213,-0.0781,-0.0022,92020.0,94690.0,0.0908,0.0358,kis,,,,,,,,,data/raw/price_017670_20260507_20260904.csv,412,False,Broad evaluation pool candidate,338,False,Broad evaluation pool candidate
038060,2026-09-04,2026-09-04,2026-09-04,2026-09-04,AVOID,negative,32.8,32.8,32.8,30.06,30.06,0,37.7,-2.0,2,4.9,0.0,0.0,0.0,0.0,0,0,32.8,v2_conservative_ranker,32.0,-3.0,1,10.88,0.0,0.0,0.0,40.88,40.88,v3_stability_ranker,neutral,837.0,0.0158,-0.013,-0.1729,843.0,869.65,0.0139,0.0408,kis,,,,low_attention,no_risk_noise,,,,data/raw/price_038060_20260507_20260904.csv,413,False,Broad evaluation pool candidate,351,False,Broad evaluation pool candidate
252500,2026-09-04,2026-09-04,2026-09-04,2026-09-04,AVOID,negative,32.8,32.8,32.8,31.45,31.45,0,35.1,-2.0,2,2.29,0.0,0.0,0.0,0.0,0,0,32.8,v2_conservative_ranker,28.02,-3.0,1,14.13,0.0,0.0,0.0,40.15,40.15,v3_stability_ranker,price_weakness,2260.0,0.0112,-0.0942,-0.0544,2320.0,2451.25,0.2504,0.0191,kis,,,,,,,,,data/raw/price_252500_20260507_20260904.csv,414,False,Broad evaluation pool candidate,356,False,Broad evaluation pool candidate
214420,2026-09-04,2026-09-04,2026-09-04,2026-09-04,AVOID,negative,32.77,32.77,32.77,32.39,32.39,0,37.45,-2.0,2,4.68,0.0,0.0,0.0,0.0,0,0,32.77,v2_conservative_ranker,32.58,-3.0,1,11.15,0.0,0.0,0.0,41.73,41.73,v3_stability_ranker,price_weakness,5360.0,0.0113,-0.0678,-0.0219,5428.0,5576.0,0.0272,0.039,unknown,토니모리,토니모리,major_shareholder_change,,,,,,data/raw/price_214420_20260805_20260904.csv,415,False,Broad evaluation pool candidate,333,False,Broad evaluation pool candidate
038680,2026-09-04,2026-09-04,2026-09-04,2026-09-04,AVOID,negative,32.73,32.73,32.73,32.32,32.32,0,37.48,-2.0,2,4.75,0.0,0.0,0.0,0.0,0,0,32.73,v2_conservative_ranker,32.99,-3.0,1,11.06,0.0,0.0,0.0,42.05,42.05,v3_stability_ranker,neutral,3895.0,-0.0114,-0.0626,-0.0359,3957.0,3999.75,0.0564,0.0396,kis,,,,,,,,,data/raw/price_038680_20260507_20260904.csv,416,False,Broad evaluation pool candidate,328,False,Broad evaluation pool candidate
381970,2026-09-04,2026-09-04,2026-09-04,2026-09-04,AVOID,negative,32.7,32.7,32.7,29.9,29.9,0,37.28,-2.0,2,4.58,0.0,0.0,0.0,0.0,0,0,32.7,v2_conservative_ranker,32.0,-3.0,1,11.27,0.0,0.0,0.0,41.27,41.27,v3_stability_ranker,neutral,6300.0,0.0032,-0.0172,-0.1797,6322.0,6735.5,0.0705,0.0382,kis,,,,,,,,,data/raw/price_381970_20260507_20260904.csv,417,False,Broad evaluation pool candidate,341,False,Broad evaluation pool candidate
475400,2026-09-04,2026-09-04,2026-09-04,2026-09-04,AVOID,negative,32.66,32.66,32.66,32.79,32.79,0,36.38,-2.0,2,3.72,0.0,0.0,0.0,0.0,0,0,32.66,v2_conservative_ranker,29.34,-3.0,1,8.35,0.0,0.0,0.0,35.69,35.69,v3_stability_ranker,neutral,17700.0,0.0449,-0.0333,-0.1511,17604.0,19096.5,0.4622,0.031,kis,,,,,,,,,data/raw/price_475400_20260507_20260904.csv,418,False,Broad evaluation pool candidate,408,False,Broad evaluation pool candidate
227610,2026-09-04,2026-09-04,2026-09-04,2026-09-04,AVOID,negative,32.61,32.61,32.61,27.2,27.2,0,37.55,-2.0,2,4.94,0.0,0.0,0.0,0.0,0,0,32.61,v2_conservative_ranker,30.0,-3.0,1,7.82,0.0,0.0,0.0,35.82,35.82,v3_stability_ranker,neutral,1097.0,0.0083,-0.1555,0.0157,1130.6,1228.15,0.2552,0.0412,kis,,,,,,,,,data/raw/price_227610_20260507_20260904.csv,419,False,Broad evaluation pool candidate,407,False,Broad evaluation pool candidate
199800,2026-09-04,2026-09-04,2026-09-04,2026-09-04,AVOID,negative,32.6,32.6,32.6,31.59,31.59,0,36.33,-2.0,2,3.73,0.0,0.0,0.0,0.0,0,0,32.6,v2_conservative_ranker,29.16,-3.0,1,12.34,0.0,0.0,0.0,39.5,39.5,v3_stability_ranker,neutral,34100.0,0.021,-0.0475,-0.112,34320.0,36877.5,0.1747,0.0311,kis,,,,,,,,,data/raw/price_199800_20260507_20260904.csv,420,False,Broad evaluation pool candidate,367,False,Broad evaluation pool candidate
085620,2026-09-04,2026-09-04,2026-09-04,2026-09-04,AVOID,negative,32.57,32.57,32.57,37.45,37.45,0,43.0,-2.0,2,8.96,0.0,1.47,0.0,0.0,0,0,32.57,v2_conservative_ranker,29.88,-3.0,1,5.79,0.0,4.75,0.0,28.92,28.92,v3_stability_ranker,neutral,21000.0,0.0,-0.0948,0.2353,21290.0,22387.0,0.0666,0.0747,unknown,미래에셋생명,미래에셋생명,major_shareholder_change,,,,,,data/raw/price_085620_20260805_20260904.csv,421,False,Broad evaluation pool candidate,457,False,Broad evaluation pool candidate
106240,2026-09-04,2026-09-04,2026-09-04,2026-09-04,AVOID,negative,32.55,32.55,32.55,30.77,30.77,0,36.75,-2.0,2,4.2,0.0,0.0,0.0,0.0,0,0,32.55,v2_conservative_ranker,29.61,-3.0,1,11.75,0.0,0.0,0.0,39.36,39.36,v3_stability_ranker,neutral,1130.0,0.0044,-0.0456,-0.1053,1130.0,1212.35,0.015,0.035,kis,,,,,,,,,data/raw/price_106240_20260507_20260904.csv,422,False,Broad evaluation pool candidate,370,False,Broad evaluation pool candidate
012450,2026-09-04,2026-09-04,2026-09-04,2026-09-04,AVOID,negative,32.55,32.55,32.55,31.57,31.57,0,36.93,-2.0,2,4.38,0.0,0.0,0.0,0.0,0,0,32.55,v2_conservative_ranker,30.74,-3.0,1,11.53,0.0,0.0,0.0,40.26,40.26,v3_stability_ranker,price_weakness,1052000.0,0.0048,-0.0908,-0.0019,1056800.0,1115400.0,0.065,0.0365,kis,,,,,,,,,data/raw/price_012450_20260507_20260904.csv,423,False,Broad evaluation pool candidate,353,False,Broad evaluation pool candidate
005690,2026-09-04,2026-09-04,2026-09-04,2026-09-04,AVOID,negative,32.44,32.44,32.44,31.39,31.39,0,36.52,-2.0,2,4.08,0.0,0.0,0.0,0.0,0,0,32.44,v2_conservative_ranker,30.09,-3.0,1,11.9,0.0,0.0,0.0,39.99,39.99,v3_stability_ranker,price_weakness,10530.0,0.0145,-0.0615,-0.0665,10700.0,11212.0,0.0436,0.034,kis,,,,,,,,,data/raw/price_005690_20260507_20260904.csv,424,False,Broad evaluation pool candidate,361,False,Broad evaluation pool candidate
0126Z0,2026-09-04,2026-09-04,2026-09-04,2026-09-04,AVOID,negative,32.32,32.32,32.32,30.79,30.79,0,37.55,-2.0,2,5.23,0.0,0.0,0.0,0.0,0,0,32.32,v2_conservative_ranker,30.24,-3.0,1,10.46,0.0,0.0,0.0,38.7,38.7,v3_stability_ranker,neutral,359500.0,0.0113,-0.0375,-0.1057,368700.0,385425.0,0.0314,0.0436,kis,,,,,,,,,data/raw/price_0126Z0_20260507_20260904.csv,425,False,Broad evaluation pool candidate,381,False,Broad evaluation pool candidate
217330,2026-09-04,2026-09-04,2026-09-04,2026-09-04,AVOID,negative,32.22,32.22,32.22,31.62,31.62,0,35.85,-2.0,2,3.62,0.0,0.0,0.0,0.0,0,0,32.22,v2_conservative_ranker,28.67,-3.0,1,12.47,0.0,0.0,0.0,39.14,39.14,v3_stability_ranker,price_weakness,3025.0,0.0033,-0.0502,-0.1181,3074.0,3328.75,0.2607,0.0302,kis,,,,,,,,,data/raw/price_217330_20260507_20260904.csv,426,False,Broad evaluation pool candidate,372,False,Broad evaluation pool candidate
166090,2026-09-04,2026-09-04,2026-09-04,2026-09-04,AVOID,negative,32.18,32.18,32.18,31.34,31.34,0,37.58,-2.0,2,5.4,0.0,0.0,0.0,0.0,0,0,32.18,v2_conservative_ranker,30.58,-3.0,1,10.25,0.0,0.0,0.0,38.83,38.83,v3_stability_ranker,neutral,50300.0,0.0151,-0.0437,-0.0871,50450.0,54887.5,0.0948,0.045,kis,,,,,,,,,data/raw/price_166090_20260507_20260904.csv,427,False,Broad evaluation pool candidate,377,False,Broad evaluation pool candidate
060370,2026-09-04,2026-09-04,2026-09-04,2026-09-04,AVOID,negative,32.14,32.14,32.14,29.37,29.37,0,36.1,-2.0,2,3.96,0.0,0.0,0.0,0.0,0,0,32.14,v2_conservative_ranker,30.0,-3.0,1,12.05,0.0,0.0,0.0,40.05,40.05,v3_stability_ranker,price_weakness,30300.0,0.0202,-0.1036,-0.0257,31080.0,31945.0,0.0533,0.033,kis,,,,,,,,,data/raw/price_060370_20260507_20260904.csv,428,False,Broad evaluation pool candidate,357,False,Broad evaluation pool candidate
181710,2026-09-04,2026-09-04,2026-09-04,2026-09-04,AVOID,negative,32.0,32.0,32.0,52.24,52.24,0,52.85,-2.0,2,10.0,8.0,2.85,0.0,0.0,0,0,32.0,v2_conservative_ranker,32.5,-3.0,1,5.0,10.0,6.96,0.0,18.54,18.54,v3_stability_ranker,neutral,68200.0,0.0349,-0.0215,0.5824,69360.0,66022.5,0.0652,0.0885,kis,,,,,,,,,data/raw/price_181710_20260507_20260904.csv,429,False,Broad evaluation pool candidate,489,False,Broad evaluation pool candidate
079160,2026-09-04,2026-09-04,2026-09-04,2026-09-04,AVOID,negative,32.0,32.0,32.0,32.27,36.27,-4,39.91,-2.0,2,3.2,0.0,0.0,0.0,4.7,0,0,32.0,v2_conservative_ranker,34.39,-3.0,1,13.0,0.0,0.0,7.2,38.19,38.19,v3_stability_ranker,neutral,5290.0,0.0154,-0.0451,-0.0167,5354.0,5357.0,0.0479,0.0267,kis,,,,low_attention,risk_noise_detected,,,,data/raw/price_079160_20260507_20260904.csv,430,False,Broad evaluation pool candidate,389,False,Broad evaluation pool candidate
086820,2026-09-04,2026-09-04,2026-09-04,2026-09-04,AVOID,negative,31.98,31.98,31.98,30.76,30.76,0,37.71,-2.0,2,5.72,0.0,0.0,0.0,0.0,0,0,31.98,v2_conservative_ranker,36.03,-3.0,1,9.84,0.0,0.43,0.0,43.44,43.44,v3_stability_ranker,neutral,6060.0,-0.0033,-0.0996,0.0202,6306.0,6574.0,0.08,0.0477,kis,,,,,,,,,data/raw/price_086820_20260507_20260904.csv,431,False,Broad evaluation pool candidate,311,False,Broad evaluation pool candidate
009830,2026-09-04,2026-09-04,2026-09-04,2026-09-04,AVOID,negative,31.94,31.94,31.94,30.98,30.98,0,37.23,-2.0,2,5.29,0.0,0.0,0.0,0.0,0,0,31.94,v2_conservative_ranker,30.54,-3.0,1,10.38,0.0,0.0,0.0,38.92,38.92,v3_stability_ranker,neutral,30600.0,0.0234,-0.0933,0.0066,31550.0,33567.5,0.0642,0.0441,kis,,,,,,,,,data/raw/price_009830_20260507_20260904.csv,432,False,Broad evaluation pool candidate,375,False,Broad evaluation pool candidate
376270,2026-09-04,2026-09-04,2026-09-04,2026-09-04,AVOID,negative,31.82,31.82,31.82,29.7,29.7,0,36.18,-2.0,2,4.37,0.0,0.0,0.0,0.0,0,0,31.82,v2_conservative_ranker,28.74,-3.0,1,11.54,0.0,0.0,0.0,38.28,38.28,v3_stability_ranker,neutral,38900.0,0.0197,-0.0407,-0.1356,38750.0,40760.0,0.0311,0.0364,kis,,,,,,,,,data/raw/price_376270_20260507_20260904.csv,433,False,Broad evaluation pool candidate,387,False,Broad evaluation pool candidate
009460,2026-09-04,2026-09-04,2026-09-04,2026-09-04,AVOID,negative,31.76,31.76,31.76,29.59,29.59,0,34.94,-2.0,2,3.18,0.0,0.0,0.0,0.0,0,0,31.76,v2_conservative_ranker,27.82,-3.0,1,10.03,0.0,0.0,0.0,35.84,35.84,v3_stability_ranker,price_weakness,2750.0,0.0,-0.0566,-0.1256,2781.0,3114.25,0.0292,0.0265,kis,,,,,,,,,data/raw/price_009460_20260507_20260904.csv,434,False,Broad evaluation pool candidate,406,False,Broad evaluation pool candidate
094820,2026-09-04,2026-09-04,2026-09-04,2026-09-04,AVOID,negative,31.73,31.73,31.73,31.17,31.17,0,36.43,-2.0,2,4.7,0.0,0.0,0.0,0.0,0,0,31.73,v2_conservative_ranker,32.2,-3.0,1,11.12,0.0,0.0,0.0,41.32,41.32,v3_stability_ranker,neutral,11250.0,0.0063,-0.0725,-0.0376,11360.0,11859.5,0.0374,0.0392,kis,,,,medium_attention,no_risk_noise,,,,data/raw/price_094820_20260507_20260904.csv,435,False,Broad evaluation pool candidate,339,False,Broad evaluation pool candidate
187870,2026-09-04,2026-09-04,2026-09-04,2026-09-04,AVOID,negative,31.65,31.65,31.65,29.63,29.63,0,35.36,-2.0,2,3.71,0.0,0.0,0.0,0.0,0,0,31.65,v2_conservative_ranker,28.69,-3.0,1,12.37,0.0,0.0,0.0,39.05,39.05,v3_stability_ranker,neutral,10410.0,0.0107,-0.0414,-0.1571,10598.0,11501.5,0.1184,0.0309,kis,,,,,,,,,data/raw/price_187870_20260507_20260904.csv,436,False,Broad evaluation pool candidate,373,False,Broad evaluation pool candidate
012200,2026-09-04,2026-09-04,2026-09-04,2026-09-04,AVOID,negative,31.62,31.62,31.62,30.12,30.12,0,35.48,-2.0,2,3.86,0.0,0.0,0.0,0.0,0,0,31.62,v2_conservative_ranker,28.29,-3.0,1,9.17,0.0,0.0,0.0,35.46,35.46,v3_stability_ranker,price_weakness,3555.0,0.0186,-0.052,-0.1233,3598.0,3969.0,0.1179,0.0322,kis,,,,,,,,,data/raw/price_012200_20260507_20260904.csv,437,False,Broad evaluation pool candidate,410,False,Broad evaluation pool candidate
451220,2026-09-04,2026-09-04,2026-09-04,2026-09-04,AVOID,negative,31.61,31.61,31.61,30.05,30.05,0,36.23,-2.0,2,4.62,0.0,0.0,0.0,0.0,0,0,31.61,v2_conservative_ranker,29.21,-3.0,1,11.22,0.0,0.0,0.0,38.44,38.44,v3_stability_ranker,price_weakness,8340.0,0.0347,-0.0512,-0.1042,8542.0,9119.5,0.0377,0.0385,kis,,,,,,,,,data/raw/price_451220_20260507_20260904.csv,438,False,Broad evaluation pool candidate,385,False,Broad evaluation pool candidate
047040,2026-09-04,2026-09-04,2026-09-04,2026-09-04,AVOID,negative,31.38,31.38,31.38,27.35,27.35,0,37.35,-2.0,2,5.98,0.0,0.0,0.0,0.0,0,0,31.38,v2_conservative_ranker,30.0,-3.0,1,9.53,0.0,0.77,0.0,36.76,36.76,v3_stability_ranker,neutral,17040.0,0.0173,-0.1346,0.0101,17016.0,17463.0,0.2144,0.0498,kis,,,,,,,,,data/raw/price_047040_20260507_20260904.csv,439,False,Broad evaluation pool candidate,398,False,Broad evaluation pool candidate
042370,2026-09-04,2026-09-04,2026-09-04,2026-09-04,AVOID,negative,31.23,31.23,31.23,30.78,30.78,0,35.04,-2.0,2,3.8,0.0,0.0,0.0,0.0,0,0,31.23,v2_conservative_ranker,28.66,-3.0,1,12.25,0.0,0.0,0.0,38.9,38.9,v3_stability_ranker,neutral,8070.0,0.0254,-0.0713,-0.0809,8148.0,8531.0,0.1875,0.0317,kis,,,,,,,,,data/raw/price_042370_20260507_20260904.csv,440,False,Broad evaluation pool candidate,376,False,Broad evaluation pool candidate
028050,2026-09-04,2026-09-04,2026-09-04,2026-09-04,AVOID,negative,31.17,31.17,31.17,30.51,30.51,0,34.98,-2.0,2,3.82,0.0,0.0,0.0,0.0,0,0,31.17,v2_conservative_ranker,28.56,-3.0,1,12.23,0.0,0.0,0.0,38.79,38.79,v3_stability_ranker,price_weakness,45300.0,-0.0174,-0.0708,-0.0839,45600.0,47465.0,0.1607,0.0318,kis,,,,,,,,,data/raw/price_028050_20260507_20260904.csv,441,False,Broad evaluation pool candidate,378,False,Broad evaluation pool candidate
217730,2026-09-04,2026-09-04,2026-09-04,2026-09-04,AVOID,negative,31.09,31.09,31.09,31.17,31.17,0,37.44,-2.0,2,6.35,0.0,0.0,0.0,0.0,0,0,31.09,v2_conservative_ranker,32.5,-3.0,1,9.06,0.0,1.26,0.0,38.3,38.3,v3_stability_ranker,price_weakness,2235.0,0.0252,-0.0687,-0.0197,2272.0,2455.75,0.0531,0.0529,kis,,,,,,,,,data/raw/price_217730_20260507_20260904.csv,442,False,Broad evaluation pool candidate,386,False,Broad evaluation pool candidate
348370,2026-09-04,2026-09-04,2026-09-04,2026-09-04,AVOID,negative,31.03,31.03,31.03,36.23,36.23,0,44.23,-2.0,2,10.0,0.0,3.2,0.0,0.0,0,0,31.03,v2_conservative_ranker,38.0,-3.0,1,1.0,0.0,7.52,0.0,29.48,29.48,v3_stability_ranker,neutral,21050.0,0.0447,-0.0094,0.0048,20572.0,21777.5,0.1549,0.092,kis,,,,,,,,,data/raw/price_348370_20260507_20260904.csv,443,False,Broad evaluation pool candidate,453,False,Broad evaluation pool candidate
001740,2026-09-04,2026-09-04,2026-09-04,2026-09-04,AVOID,negative,31.03,31.03,31.03,28.47,28.47,0,34.22,-2.0,2,3.19,0.0,0.0,0.0,0.0,0,0,31.03,v2_conservative_ranker,28.18,-3.0,1,10.01,0.0,0.0,0.0,36.19,36.19,v3_stability_ranker,neutral,6370.0,-0.0031,-0.0478,-0.1759,6442.0,7102.5,0.117,0.0266,kis,,,,,,,,,data/raw/price_001740_20260507_20260904.csv,444,False,Broad evaluation pool candidate,403,False,Broad evaluation pool candidate
002070,2026-09-04,2026-09-04,2026-09-04,2026-09-04,AVOID,negative,31.02,31.02,31.02,28.26,28.26,0,35.81,-2.0,2,4.79,0.0,0.0,0.0,0.0,0,0,31.02,v2_conservative_ranker,29.45,-3.0,1,11.02,0.0,0.0,0.0,38.46,38.46,v3_stability_ranker,neutral,4700.0,0.0097,-0.0319,-0.174,4739.0,5200.5,0.0237,0.0399,kis,,,,,,,,,data/raw/price_002070_20260507_20260904.csv,445,False,Broad evaluation pool candidate,384,False,Broad evaluation pool candidate
189300,2026-09-04,2026-09-04,2026-09-04,2026-09-04,AVOID,negative,30.99,30.99,30.99,28.75,28.75,0,36.65,-2.0,2,5.66,0.0,0.0,0.0,0.0,0,0,30.99,v2_conservative_ranker,32.0,-3.0,1,9.92,0.0,0.35,0.0,39.57,39.57,v3_stability_ranker,neutral,62300.0,0.0264,-0.0235,-0.1748,62380.0,68345.0,0.0931,0.0472,kis,,,,,,,,,data/raw/price_189300_20260507_20260904.csv,446,False,Broad evaluation pool candidate,364,False,Broad evaluation pool candidate
329180,2026-09-04,2026-09-04,2026-09-04,2026-09-04,AVOID,negative,30.98,30.98,30.98,29.12,29.12,0,34.64,-2.0,2,3.66,0.0,0.0,0.0,0.0,0,0,30.98,v2_conservative_ranker,27.8,-3.0,1,12.43,0.0,0.0,0.0,38.22,38.22,v3_stability_ranker,price_weakness,433000.0,-0.0046,-0.0525,-0.146,438500.0,471950.0,0.1206,0.0305,kis,,,,,,,,,data/raw/price_329180_20260507_20260904.csv,447,False,Broad evaluation pool candidate,388,False,Broad evaluation pool candidate
389680,2026-09-04,2026-09-04,2026-09-04,2026-09-04,AVOID,negative,30.92,30.92,30.92,63.79,63.79,0,60.57,-2.0,2,10.0,15.0,4.65,0.0,0.0,0,0,30.92,v2_conservative_ranker,43.0,-3.0,1,-2.0,25.74,9.84,0.0,3.42,3.42,v3_stability_ranker,price_momentum,1943.0,0.067,0.0157,0.6764,1867.8,1367.7,0.0374,0.1065,kis,,,,,,,,,data/raw/price_389680_20260507_20260904.csv,448,False,Broad evaluation pool candidate,515,False,Broad evaluation pool candidate
065770,2026-09-04,2026-09-04,2026-09-04,2026-09-04,AVOID,negative,30.66,30.66,30.66,26.73,26.73,0,35.41,-2.0,2,4.75,0.0,0.0,0.0,0.0,0,0,30.66,v2_conservative_ranker,29.13,-3.0,1,8.06,0.0,0.0,0.0,35.19,35.19,v3_stability_ranker,neutral,1208.0,0.0109,-0.0359,-0.2115,1213.6,1462.5,0.046,0.0396,kis,,,,,,,,,data/raw/price_065770_20260507_20260904.csv,449,False,Broad evaluation pool candidate,416,False,Broad evaluation pool candidate
475580,2026-09-04,2026-09-04,2026-09-04,2026-09-04,AVOID,negative,30.66,30.66,30.66,30.35,30.35,0,36.78,-2.0,2,6.12,0.0,0.0,0.0,0.0,0,0,30.66,v2_conservative_ranker,32.55,-3.0,1,9.35,0.0,0.96,0.0,38.94,38.94,v3_stability_ranker,price_weakness,7120.0,0.0157,-0.0681,-0.0404,7240.0,7562.5,0.0473,0.051,kis,,,,,,,,,data/raw/price_475580_20260507_20260904.csv,450,False,Broad evaluation pool candidate,374,False,Broad evaluation pool candidate
247540,2026-09-04,2026-09-04,2026-09-04,2026-09-04,AVOID,negative,30.65,30.65,30.65,33.02,37.02,-4,41.26,-2.0,2,5.92,0.0,0.0,0.0,4.7,0,0,30.65,v2_conservative_ranker,38.82,-3.0,1,9.61,0.0,0.69,7.2,38.53,38.53,v3_stability_ranker,neutral,108800.0,0.0216,-0.0648,0.0784,110973.4,111060.45,0.0851,0.0493,kis,,,,low_attention,risk_noise_detected,,,,data/raw/price_247540_20260507_20260904.csv,451,False,Broad evaluation pool candidate,383,False,Broad evaluation pool candidate
383310,2026-09-04,2026-09-04,2026-09-04,2026-09-04,AVOID,negative,30.64,30.64,30.64,26.38,26.38,0,36.1,-2.0,2,5.46,0.0,0.0,0.0,0.0,0,0,30.64,v2_conservative_ranker,30.0,-3.0,1,10.18,0.0,0.08,0.0,38.09,38.09,v3_stability_ranker,price_weakness,22650.0,0.0157,-0.1288,-0.0258,23430.0,24190.0,0.1825,0.0455,kis,,,,,,,,,data/raw/price_383310_20260507_20260904.csv,452,False,Broad evaluation pool candidate,390,False,Broad evaluation pool candidate
002990,2026-09-04,2026-09-04,2026-09-04,2026-09-04,AVOID,negative,30.62,30.62,30.62,55.81,52.81,3,53.65,-2.0,2,10.0,8.19,5.84,0.0,0.0,0,1,30.62,v2_conservative_ranker,32.5,-3.0,1,2.0,12.82,10.0,0.0,9.68,9.68,v3_stability_ranker,neutral,16790.0,0.017,-0.0135,0.7381,16672.0,14560.5,0.0269,0.1184,unknown,금호건설,금호건설,supply_contract,,,,,,data/raw/price_002990_20260805_20260904.csv,453,False,Broad evaluation pool candidate,510,False,Broad evaluation pool candidate
214330,2026-09-04,2026-09-04,2026-09-04,2026-09-04,AVOID,negative,30.53,30.53,30.53,36.96,36.96,0,43.04,-2.0,2,10.0,0.0,2.51,0.0,0.0,0,0,30.53,v2_conservative_ranker,37.66,-3.0,1,5.0,0.0,6.42,0.0,34.24,34.24,v3_stability_ranker,neutral,6040.0,0.0325,-0.0793,0.1705,6136.0,6219.5,0.061,0.0851,kis,,,,,,,,,data/raw/price_214330_20260507_20260904.csv,454,False,Broad evaluation pool candidate,424,False,Broad evaluation pool candidate
0009K0,2026-09-04,2026-09-04,2026-09-04,2026-09-04,AVOID,negative,30.3,30.3,30.3,28.26,28.26,0,34.31,-2.0,2,4.01,0.0,0.0,0.0,0.0,0,0,30.3,v2_conservative_ranker,27.21,-3.0,1,8.99,0.0,0.0,0.0,34.2,34.2,v3_stability_ranker,price_weakness,22800.0,0.0179,-0.0916,-0.0769,23330.0,25382.5,0.1012,0.0334,kis,,,,medium_attention,no_risk_noise,,,,data/raw/price_0009K0_20260507_20260904.csv,455,False,Broad evaluation pool candidate,425,False,Broad evaluation pool candidate
051900,2026-09-04,2026-09-04,2026-09-04,2026-09-04,AVOID,negative,30.28,30.28,30.28,28.01,28.01,0,33.43,-2.0,2,3.16,0.0,0.0,0.0,0.0,0,0,30.28,v2_conservative_ranker,26.62,-3.0,1,13.05,0.0,0.0,0.0,37.68,37.68,v3_stability_ranker,price_weakness,291000.0,-0.0017,-0.0849,-0.1019,299700.0,308725.0,0.0368,0.0263,kis,,,,,,,,,data/raw/price_051900_20260507_20260904.csv,456,False,Broad evaluation pool candidate,391,False,Broad evaluation pool candidate
009420,2026-09-04,2026-09-04,2026-09-04,2026-09-04,AVOID,negative,30.28,30.28,30.28,23.03,23.03,0,35.93,-2.0,2,5.65,0.0,0.0,0.0,0.0,0,0,30.28,v2_conservative_ranker,30.0,-3.0,1,9.93,0.0,0.34,0.0,37.6,37.6,v3_stability_ranker,price_weakness,53900.0,0.0,-0.1656,-0.0306,55520.0,58550.0,0.0457,0.0471,kis,,,,,,,,,data/raw/price_009420_20260507_20260904.csv,457,False,Broad evaluation pool candidate,392,False,Broad evaluation pool candidate
071970,2026-09-04,2026-09-04,2026-09-04,2026-09-04,AVOID,negative,30.22,30.22,30.22,28.66,28.66,0,34.31,-2.0,2,4.09,0.0,0.0,0.0,0.0,0,0,30.22,v2_conservative_ranker,27.41,-3.0,1,11.89,0.0,0.0,0.0,37.3,37.3,v3_stability_ranker,price_weakness,49650.0,0.003,-0.065,-0.1197,50500.0,53575.0,0.0926,0.0341,kis,,,,,,,,,data/raw/price_071970_20260507_20260904.csv,458,False,Broad evaluation pool candidate,395,False,Broad evaluation pool candidate
276730,2026-09-04,2026-09-04,2026-09-04,2026-09-04,AVOID,negative,30.21,30.21,30.21,36.04,36.04,0,44.76,-2.0,2,10.0,0.0,4.55,0.0,0.0,0,0,30.21,v2_conservative_ranker,42.5,-3.0,1,2.0,0.0,9.68,0.0,32.82,32.82,v3_stability_ranker,neutral,1329.0,-0.0015,0.0176,-0.4207,1365.6,1749.2,0.0466,0.1055,kis,,,,,,,,,data/raw/price_276730_20260507_20260904.csv,459,False,Broad evaluation pool candidate,434,False,Broad evaluation pool candidate
010780,2026-09-04,2026-09-04,2026-09-04,2026-09-04,AVOID,negative,30.06,30.06,30.06,26.74,26.74,0,35.51,-2.0,2,5.45,0.0,0.0,0.0,0.0,0,0,30.06,v2_conservative_ranker,29.21,-3.0,1,10.19,0.0,0.06,0.0,37.33,37.33,v3_stability_ranker,neutral,15770.0,0.0064,-0.0349,-0.19,15782.0,16692.0,0.0443,0.0454,kis,,,,,,,,,data/raw/price_010780_20260507_20260904.csv,460,False,Broad evaluation pool candidate,394,False,Broad evaluation pool candidate
006340,2026-09-04,2026-09-04,2026-09-04,2026-09-04,AVOID,negative,30.0,30.0,30.0,28.65,28.65,0,35.75,-2.0,2,5.75,0.0,0.0,0.0,0.0,0,0,30.0,v2_conservative_ranker,28.78,-3.0,1,9.82,0.0,0.46,0.0,36.13,36.13,v3_stability_ranker,price_weakness,12860.0,0.0338,-0.0551,-0.1069,12986.0,13883.0,0.0492,0.0479,unknown,대원전선,대원전선,major_shareholder_change,,,,,,data/raw/price_006340_20260805_20260904.csv,461,False,Broad evaluation pool candidate,404,False,Broad evaluation pool candidate
010130,2026-09-04,2026-09-04,2026-09-04,2026-09-04,AVOID,negative,29.95,29.95,29.95,26.73,26.73,0,36.43,-2.0,2,6.48,0.0,0.0,0.0,0.0,0,0,29.95,v2_conservative_ranker,30.0,-3.0,1,8.9,0.0,1.44,0.0,35.46,35.46,v3_stability_ranker,neutral,1214000.0,-0.0082,-0.1171,-0.0162,1236400.0,1256250.0,0.1085,0.054,kis,,,,,,,,,data/raw/price_010130_20260507_20260904.csv,462,False,Broad evaluation pool candidate,411,False,Broad evaluation pool candidate
402490,2026-09-04,2026-09-04,2026-09-04,2026-09-04,AVOID,negative,29.89,29.89,29.89,30.03,30.03,0,34.71,-2.0,2,4.82,0.0,0.0,0.0,0.0,0,0,29.89,v2_conservative_ranker,28.32,-3.0,1,10.97,0.0,0.0,0.0,37.29,37.29,v3_stability_ranker,neutral,6340.0,0.0292,-0.0731,-0.0851,6432.0,6863.5,0.2685,0.0402,kis,,,,,,,,,data/raw/price_402490_20260507_20260904.csv,463,False,Broad evaluation pool candidate,396,False,Broad evaluation pool candidate
453450,2026-09-04,2026-09-04,2026-09-04,2026-09-04,AVOID,negative,29.82,29.82,29.82,26.56,26.56,0,34.33,-2.0,2,4.51,0.0,0.0,0.0,0.0,0,0,29.82,v2_conservative_ranker,26.57,-3.0,1,11.36,0.0,0.0,0.0,35.93,35.93,v3_stability_ranker,price_weakness,12970.0,0.0173,-0.1012,-0.0762,13306.0,14275.5,0.0409,0.0376,kis,,,,,,,,,data/raw/price_453450_20260507_20260904.csv,464,False,Broad evaluation pool candidate,405,False,Broad evaluation pool candidate
468530,2026-09-04,2026-09-04,2026-09-04,2026-09-04,AVOID,negative,29.76,29.76,29.76,28.17,28.17,0,41.71,-2.0,2,9.79,0.0,2.16,0.0,0.0,0,0,29.76,v2_conservative_ranker,36.0,-3.0,1,5.0,0.0,5.86,0.0,33.14,33.14,v3_stability_ranker,neutral,30350.0,-0.013,-0.1546,0.1346,32250.0,33480.0,0.0739,0.0816,kis,,,,,,,,,data/raw/price_468530_20260507_20260904.csv,465,False,Broad evaluation pool candidate,432,False,Broad evaluation pool candidate
001040,2026-09-04,2026-09-04,2026-09-04,2026-09-04,AVOID,negative,29.34,29.34,29.34,28.01,32.01,-4,37.79,-2.0,2,3.74,0.0,0.0,0.0,4.7,0,0,29.34,v2_conservative_ranker,32.17,-3.0,1,12.32,0.0,0.0,7.2,35.29,35.29,v3_stability_ranker,neutral,127000.0,-0.0117,-0.0268,-0.1295,129860.0,131385.0,0.048,0.0312,kis,,,,low_attention,risk_noise_detected,,,,data/raw/price_001040_20260507_20260904.csv,466,False,Broad evaluation pool candidate,413,False,Broad evaluation pool candidate
053060,2026-09-04,2026-09-04,2026-09-04,2026-09-04,AVOID,negative,29.34,29.34,29.34,28.57,32.57,-4,36.5,-2.0,2,2.46,0.0,0.0,0.0,4.7,0,0,29.34,v2_conservative_ranker,29.66,-3.0,1,13.93,0.0,0.0,7.2,34.39,34.39,v3_stability_ranker,price_weakness,1258.0,0.0032,-0.0534,-0.0904,1257.4,1349.8,0.08,0.0205,kis,,,,low_attention,risk_noise_detected,,,,data/raw/price_053060_20260507_20260904.csv,467,False,Broad evaluation pool candidate,422,False,Broad evaluation pool candidate
047810,2026-09-04,2026-09-04,2026-09-04,2026-09-04,AVOID,negative,29.26,29.26,29.26,27.18,27.18,0,34.14,-2.0,2,4.88,0.0,0.0,0.0,0.0,0,0,29.26,v2_conservative_ranker,27.79,-3.0,1,10.89,0.0,0.0,0.0,36.69,36.69,v3_stability_ranker,price_weakness,126100.0,0.0088,-0.0526,-0.1599,126380.0,136110.0,0.0834,0.0407,kis,,,,,,,,,data/raw/price_047810_20260507_20260904.csv,468,False,Broad evaluation pool candidate,399,False,Broad evaluation pool candidate
290560,2026-09-04,2026-09-04,2026-09-04,2026-09-04,AVOID,negative,29.24,29.24,29.24,52.37,52.37,0,50.97,-2.0,2,10.0,6.63,5.1,0.0,0.0,0,0,29.24,v2_conservative_ranker,29.28,-3.0,1,-2.0,15.47,10.0,0.0,0.0,0.0,v3_stability_ranker,neutral,1357.0,0.0796,-0.0403,0.4718,1331.6,1222.8,0.4004,0.111,kis,,,,,,,,,data/raw/price_290560_20260507_20260904.csv,469,False,Broad evaluation pool candidate,526,False,Broad evaluation pool candidate
178320,2026-09-04,2026-09-04,2026-09-04,2026-09-04,AVOID,negative,29.18,29.18,29.18,23.89,23.89,0,35.32,-2.0,2,6.14,0.0,0.0,0.0,0.0,0,0,29.18,v2_conservative_ranker,30.0,-3.0,1,9.32,0.0,0.99,0.0,36.33,36.33,v3_stability_ranker,price_weakness,33800.0,0.0181,-0.1322,-0.0479,35240.0,37080.0,0.1034,0.0512,kis,,,,,,,,,data/raw/price_178320_20260507_20260904.csv,470,False,Broad evaluation pool candidate,401,False,Broad evaluation pool candidate
213420,2026-09-04,2026-09-04,2026-09-04,2026-09-04,AVOID,negative,29.1,29.1,29.1,32.46,36.46,-4,41.28,-2.0,2,4.08,0.0,0.0,0.0,8.1,0,0,29.1,v2_conservative_ranker,35.02,-3.0,1,11.9,0.0,0.0,12.4,32.52,32.52,v3_stability_ranker,neutral,31750.0,0.0225,-0.014,-0.0662,32750.0,33370.0,0.0945,0.034,kis,,,,medium_attention,risk_noise_detected,,,,data/raw/price_213420_20260507_20260904.csv,471,False,Broad evaluation pool candidate,436,False,Broad evaluation pool candidate
064350,2026-09-04,2026-09-04,2026-09-04,2026-09-04,AVOID,negative,28.96,28.96,28.96,26.36,26.36,0,32.73,-2.0,2,3.77,0.0,0.0,0.0,0.0,0,0,28.96,v2_conservative_ranker,25.31,-3.0,1,12.29,0.0,0.0,0.0,35.6,35.6,v3_stability_ranker,price_weakness,126600.0,0.0016,-0.0899,-0.1221,128480.0,137530.0,0.0997,0.0314,kis,,,,,,,,,data/raw/price_064350_20260507_20260904.csv,472,False,Broad evaluation pool candidate,409,False,Broad evaluation pool candidate
288980,2026-09-04,2026-09-04,2026-09-04,2026-09-04,AVOID,negative,28.92,28.92,28.92,36.4,36.4,0,44.92,-2.0,2,10.0,0.0,6.0,0.0,0.0,0,0,28.92,v2_conservative_ranker,42.5,-3.0,1,2.0,0.0,10.0,0.0,32.5,32.5,v3_stability_ranker,neutral,318.0,-0.0124,0.0192,-0.5431,320.4,494.05,0.0805,0.1731,unknown,모아데이타,모아데이타,major_shareholder_change,,,,,,data/raw/price_288980_20260805_20260904.csv,473,False,Broad evaluation pool candidate,437,False,Broad evaluation pool candidate
010060,2026-09-04,2026-09-04,2026-09-04,2026-09-04,AVOID,negative,28.8,28.8,28.8,22.17,22.17,0,35.13,-2.0,2,6.34,0.0,0.0,0.0,0.0,0,0,28.8,v2_conservative_ranker,27.6,-3.0,1,6.08,0.0,1.25,0.0,30.43,30.43,v3_stability_ranker,price_weakness,231000.0,0.0154,-0.1585,-0.0533,248100.0,267950.0,0.186,0.0528,kis,,,,,,,,,data/raw/price_010060_20260507_20260904.csv,474,False,Broad evaluation pool candidate,448,False,Broad evaluation pool candidate
347700,2026-09-04,2026-09-04,2026-09-04,2026-09-04,AVOID,negative,28.59,28.59,28.59,31.27,31.27,0,37.17,-2.0,2,6.84,1.74,0.0,0.0,0.0,0,0,28.59,v2_conservative_ranker,30.45,-3.0,1,1.45,6.72,1.92,0.0,21.26,21.26,v3_stability_ranker,neutral,20150.0,0.0845,-0.0944,0.005,19828.0,23334.5,0.3599,0.057,kis,,,,,,,,,data/raw/price_347700_20260507_20260904.csv,475,False,Broad evaluation pool candidate,481,False,Broad evaluation pool candidate
420770,2026-09-04,2026-09-04,2026-09-04,2026-09-04,AVOID,negative,28.53,28.53,28.53,27.48,27.48,0,34.06,-2.0,2,5.53,0.0,0.0,0.0,0.0,0,0,28.53,v2_conservative_ranker,27.52,-3.0,1,10.09,0.0,0.18,0.0,35.43,35.43,v3_stability_ranker,neutral,101700.0,0.018,-0.0738,-0.1016,104280.0,112025.0,0.0919,0.0461,kis,,,,,,,,,data/raw/price_420770_20260507_20260904.csv,476,False,Broad evaluation pool candidate,412,False,Broad evaluation pool candidate
015590,2026-09-04,2026-09-04,2026-09-04,2026-09-04,AVOID,negative,28.47,28.47,28.47,39.61,40.61,-1,40.03,0.52,3,4.3,1.98,0.0,0.0,8.8,0,0,28.47,v2_conservative_ranker,33.6,8.0,6,7.63,7.05,0.0,13.4,34.77,34.77,v3_stability_ranker,neutral,1457.0,0.0865,-0.0155,-0.0978,1417.6,1522.45,1.1045,0.0358,kis,,,,high_attention,risk_noise_detected,,,,data/raw/price_015590_20260507_20260904.csv,477,False,Broad evaluation pool candidate,418,False,Broad evaluation pool candidate
038880,2026-09-04,2026-09-04,2026-09-04,2026-09-04,AVOID,negative,28.45,28.45,28.45,25.57,25.57,0,35.09,-2.0,2,6.64,0.0,0.0,0.0,0.0,0,0,28.45,v2_conservative_ranker,28.87,-3.0,1,5.71,0.0,1.65,0.0,30.93,30.93,v3_stability_ranker,neutral,2950.0,0.0085,-0.0391,-0.1828,3005.0,3329.75,0.0246,0.0553,kis,,,,,,,,,data/raw/price_038880_20260507_20260904.csv,478,False,Broad evaluation pool candidate,445,False,Broad evaluation pool candidate
196170,2026-09-04,2026-09-04,2026-09-04,2026-09-04,AVOID,negative,28.39,28.39,28.39,31.11,28.11,3,36.23,-2.0,2,6.43,0.0,0.0,0.0,1.4,0,0,28.39,v2_conservative_ranker,30.0,-3.0,1,8.96,0.0,1.38,2.0,33.58,33.58,v3_stability_ranker,price_weakness,287000.0,0.0141,-0.1031,-0.0221,295400.0,311825.0,0.1469,0.0536,kis,,,,high_attention,no_risk_noise,,,,data/raw/price_196170_20260507_20260904.csv,479,False,Broad evaluation pool candidate,431,False,Broad evaluation pool candidate
046120,2026-09-04,2026-09-04,2026-09-04,2026-09-04,AVOID,negative,28.29,28.29,28.29,22.83,22.83,0,33.38,-2.0,2,5.09,0.0,0.0,0.0,0.0,0,0,28.29,v2_conservative_ranker,25.35,-3.0,1,10.64,0.0,0.0,0.0,33.99,33.99,v3_stability_ranker,neutral,4290.0,0.007,-0.12,-0.1034,4388.0,4648.5,0.0397,0.0424,kis,,,,,,,,,data/raw/price_046120_20260507_20260904.csv,480,False,Broad evaluation pool candidate,428,False,Broad evaluation pool candidate
418620,2026-09-04,2026-09-04,2026-09-04,2026-09-04,AVOID,negative,28.07,28.07,28.07,34.42,34.42,0,43.22,-2.0,2,10.0,0.0,5.15,0.0,0.0,0,0,28.07,v2_conservative_ranker,34.5,-3.0,1,-2.0,1.24,10.0,0.0,19.26,19.26,v3_stability_ranker,neutral,463.0,0.0523,0.0022,-0.4026,483.0,562.15,0.033,0.1115,kis,,,,,,,,,data/raw/price_418620_20260507_20260904.csv,481,False,Broad evaluation pool candidate,484,False,Broad evaluation pool candidate
082270,2026-09-04,2026-09-04,2026-09-04,2026-09-04,AVOID,negative,28.07,28.07,28.07,26.58,26.58,0,33.76,-2.0,2,5.69,0.0,0.0,0.0,0.0,0,0,28.07,v2_conservative_ranker,27.12,-3.0,1,9.89,0.0,0.38,0.0,34.62,34.62,v3_stability_ranker,neutral,10610.0,0.0231,-0.0734,-0.1114,10718.0,11118.5,0.0384,0.0474,kis,,,,,,,,,data/raw/price_082270_20260507_20260904.csv,482,False,Broad evaluation pool candidate,420,False,Broad evaluation pool candidate
402030,2026-09-04,2026-09-04,2026-09-04,2026-09-04,AVOID,negative,28.04,28.04,28.04,26.45,26.45,0,34.52,-2.0,2,6.48,0.0,0.0,0.0,0.0,0,0,28.04,v2_conservative_ranker,27.39,-3.0,1,8.9,0.0,1.44,0.0,32.85,32.85,v3_stability_ranker,price_weakness,13550.0,0.018,-0.059,-0.1309,13738.0,14340.0,0.0498,0.054,kis,,,,,,,,,data/raw/price_402030_20260507_20260904.csv,483,False,Broad evaluation pool candidate,433,False,Broad evaluation pool candidate
078350,2026-09-04,2026-09-04,2026-09-04,2026-09-04,AVOID,negative,28.02,28.02,28.02,27.04,27.04,0,34.08,-2.0,2,6.06,0.0,0.0,0.0,0.0,0,0,28.02,v2_conservative_ranker,27.56,-3.0,1,6.42,0.0,0.88,0.0,31.11,31.11,v3_stability_ranker,price_weakness,18880.0,0.0272,-0.0835,-0.0835,19540.0,21577.5,0.1019,0.0505,kis,,,,,,,,,data/raw/price_078350_20260507_20260904.csv,484,False,Broad evaluation pool candidate,443,False,Broad evaluation pool candidate
950220,2026-09-04,2026-09-04,2026-09-04,2026-09-04,AVOID,negative,27.86,27.86,27.86,49.4,49.4,0,50.22,-2.0,2,10.0,8.0,4.36,0.0,0.0,0,0,27.86,v2_conservative_ranker,28.68,-3.0,1,5.0,10.0,9.38,0.0,12.3,12.3,v3_stability_ranker,neutral,2390.0,0.0,-0.0478,0.7509,2442.0,2186.7,0.0292,0.1036,kis,,,,,,,,,data/raw/price_950220_20260507_20260904.csv,485,False,Broad evaluation pool candidate,504,False,Broad evaluation pool candidate
490470,2026-09-04,2026-09-04,2026-09-04,2026-09-04,AVOID,negative,27.79,27.79,27.79,26.52,26.52,0,33.16,-2.0,2,5.36,0.0,0.0,0.0,0.0,0,0,27.79,v2_conservative_ranker,26.42,-3.0,1,10.3,0.0,0.0,0.0,34.72,34.72,v3_stability_ranker,neutral,14290.0,0.0099,-0.0697,-0.1392,14806.0,15865.5,0.1528,0.0447,kis,,,,,,,,,data/raw/price_490470_20260507_20260904.csv,486,False,Broad evaluation pool candidate,419,False,Broad evaluation pool candidate
328130,2026-09-04,2026-09-04,2026-09-04,2026-09-04,AVOID,negative,27.73,27.73,27.73,24.23,24.23,0,32.93,-2.0,2,5.2,0.0,0.0,0.0,0.0,0,0,27.73,v2_conservative_ranker,27.14,-3.0,1,7.5,0.0,0.0,0.0,32.65,32.65,v3_stability_ranker,price_weakness,8670.0,0.0129,-0.0607,-0.1927,8810.0,9683.5,0.0443,0.0433,kis,,,,,,,,,data/raw/price_328130_20260507_20260904.csv,487,False,Broad evaluation pool candidate,435,False,Broad evaluation pool candidate
354200,2026-09-04,2026-09-04,2026-09-04,2026-09-04,AVOID,negative,27.69,27.69,27.69,26.0,26.0,0,34.45,-2.0,2,6.77,0.0,0.0,0.0,0.0,0,0,27.69,v2_conservative_ranker,27.42,-3.0,1,5.54,0.0,1.82,0.0,29.13,29.13,v3_stability_ranker,price_weakness,1630.0,0.0049,-0.0573,-0.1376,1717.2,1838.9,0.041,0.0564,kis,,,,,,,,,data/raw/price_354200_20260507_20260904.csv,488,False,Broad evaluation pool candidate,455,False,Broad evaluation pool candidate
351320,2026-09-04,2026-09-04,2026-09-04,2026-09-04,AVOID,negative,27.47,27.47,27.47,79.69,79.69,0,67.0,-2.0,2,10.0,25.0,4.53,0.0,0.0,0,0,27.47,v2_conservative_ranker,25.0,-3.0,1,-2.0,37.92,9.65,0.0,0.0,0.0,v3_stability_ranker,price_momentum,3380.0,0.0563,0.3177,2.5245,3129.0,1834.15,0.4485,0.1053,kis,,,,,,,,,data/raw/price_351320_20260507_20260904.csv,489,False,Broad evaluation pool candidate,527,False,Broad evaluation pool candidate
127120,2026-09-04,2026-09-04,2026-09-04,2026-09-04,AVOID,negative,27.38,27.38,27.38,20.14,20.14,0,31.0,-2.0,2,3.62,0.0,0.0,0.0,0.0,0,0,27.38,v2_conservative_ranker,24.0,-3.0,1,9.47,0.0,0.0,0.0,31.47,31.47,v3_stability_ranker,price_weakness,30000.0,0.0033,-0.1163,-0.2519,31120.0,35822.5,0.1319,0.0302,kis,,,,,,,,,data/raw/price_127120_20260507_20260904.csv,490,False,Broad evaluation pool candidate,440,False,Broad evaluation pool candidate
138080,2026-09-04,2026-09-04,2026-09-04,2026-09-04,AVOID,negative,27.06,27.06,27.06,23.0,23.0,0,34.34,-2.0,2,7.25,0.0,0.04,0.0,0.0,0,0,27.06,v2_conservative_ranker,26.58,-3.0,1,4.94,0.0,2.46,0.0,27.06,27.06,v3_stability_ranker,price_weakness,20700.0,0.0147,-0.1154,-0.0759,21680.0,23572.5,0.0624,0.0604,kis,,,,,,,,,data/raw/price_138080_20260507_20260904.csv,491,False,Broad evaluation pool candidate,465,False,Broad evaluation pool candidate
141080,2026-09-04,2026-09-04,2026-09-04,2026-09-04,AVOID,negative,26.66,26.66,26.66,22.8,22.8,0,31.0,-2.0,2,4.34,0.0,0.0,0.0,0.0,0,0,26.66,v2_conservative_ranker,24.32,-3.0,1,8.57,0.0,0.0,0.0,30.89,30.89,v3_stability_ranker,price_weakness,91300.0,0.034,-0.096,-0.1767,92360.0,103725.0,0.1425,0.0362,kis,,,,,,,,,data/raw/price_141080_20260507_20260904.csv,492,False,Broad evaluation pool candidate,446,False,Broad evaluation pool candidate
086520,2026-09-04,2026-09-04,2026-09-04,2026-09-04,AVOID,negative,26.59,26.59,26.59,27.34,31.34,-4,36.62,-2.0,2,5.33,0.0,0.0,0.0,4.7,0,0,26.59,v2_conservative_ranker,31.35,-3.0,1,10.34,0.0,0.0,7.2,32.49,32.49,v3_stability_ranker,price_weakness,82700.0,0.0122,-0.0831,-0.0108,84980.0,87855.0,0.1057,0.0444,kis,,,,low_attention,risk_noise_detected,,,,data/raw/price_086520_20260507_20260904.csv,493,False,Broad evaluation pool candidate,438,False,Broad evaluation pool candidate
206400,2026-09-04,2026-09-04,2026-09-04,2026-09-04,AVOID,negative,26.53,26.53,26.53,18.77,18.77,0,33.4,-2.0,2,6.88,0.0,0.0,0.0,0.0,0,0,26.53,v2_conservative_ranker,25.37,-3.0,1,5.41,0.0,1.97,0.0,26.81,26.81,v3_stability_ranker,neutral,759.0,0.0327,-0.1968,-0.1028,818.8,903.75,0.107,0.0573,kis,,,,,,,,,data/raw/price_206400_20260507_20260904.csv,494,False,Broad evaluation pool candidate,468,False,Broad evaluation pool candidate
255220,2026-09-04,2026-09-04,2026-09-04,2026-09-04,AVOID,negative,26.48,26.48,26.48,26.22,26.22,0,31.48,-2.0,2,5.0,0.0,0.0,0.0,0.0,0,0,26.48,v2_conservative_ranker,25.54,-3.0,1,10.75,0.0,0.0,0.0,34.28,34.28,v3_stability_ranker,neutral,1160.0,0.0175,-0.0808,-0.1576,1135.2,1271.2,0.391,0.0417,kis,,,,,,,,,data/raw/price_255220_20260507_20260904.csv,495,False,Broad evaluation pool candidate,423,False,Broad evaluation pool candidate
078860,2026-09-04,2026-09-04,2026-09-04,2026-09-04,AVOID,negative,26.37,26.37,26.37,22.47,22.47,0,31.94,-2.0,2,5.57,0.0,0.0,0.0,0.0,0,0,26.37,v2_conservative_ranker,24.18,-3.0,1,10.04,0.0,0.22,0.0,31.99,31.99,v3_stability_ranker,price_weakness,2630.0,0.0019,-0.0978,-0.1447,2624.0,2822.75,0.0201,0.0464,kis,,,,,,,,,data/raw/price_078860_20260507_20260904.csv,496,False,Broad evaluation pool candidate,439,False,Broad evaluation pool candidate
251370,2026-09-04,2026-09-04,2026-09-04,2026-09-04,AVOID,negative,26.21,26.21,26.21,18.83,18.83,0,31.92,-2.0,2,5.71,0.0,0.0,0.0,0.0,0,0,26.21,v2_conservative_ranker,24.0,-3.0,1,6.86,0.0,0.42,0.0,28.44,28.44,v3_stability_ranker,price_weakness,6890.0,0.0238,-0.1709,-0.1452,7378.0,7982.0,0.3083,0.0476,kis,,,,,,,,,data/raw/price_251370_20260507_20260904.csv,497,False,Broad evaluation pool candidate,459,False,Broad evaluation pool candidate
389260,2026-09-04,2026-09-04,2026-09-04,2026-09-04,AVOID,negative,26.07,26.07,26.07,29.0,33.0,-4,37.61,-2.0,2,3.44,0.0,0.0,0.0,8.1,0,0,26.07,v2_conservative_ranker,30.88,-3.0,1,12.7,0.0,0.0,12.4,29.17,29.17,v3_stability_ranker,neutral,13020.0,0.0276,-0.0489,-0.0713,12980.0,13703.5,0.0544,0.0287,kis,,,,medium_attention,risk_noise_detected,,,,data/raw/price_389260_20260507_20260904.csv,498,False,Broad evaluation pool candidate,454,False,Broad evaluation pool candidate
397030,2026-09-04,2026-09-04,2026-09-04,2026-09-04,AVOID,negative,25.76,25.76,25.76,22.59,22.59,0,32.53,-2.0,2,6.77,0.0,0.0,0.0,0.0,0,0,25.76,v2_conservative_ranker,26.82,-3.0,1,5.54,0.0,1.82,0.0,28.54,28.54,v3_stability_ranker,price_weakness,17350.0,0.0346,-0.0647,-0.3891,17434.0,22571.5,0.1169,0.0564,kis,,,,,,,,,data/raw/price_397030_20260507_20260904.csv,499,False,Broad evaluation pool candidate,458,False,Broad evaluation pool candidate
348340,2026-09-04,2026-09-04,2026-09-04,2026-09-04,AVOID,negative,25.73,25.73,25.73,20.86,20.86,0,31.22,-2.0,2,5.5,0.0,0.0,0.0,0.0,0,0,25.73,v2_conservative_ranker,24.0,-3.0,1,7.13,0.0,0.13,0.0,29.0,29.0,v3_stability_ranker,price_weakness,16590.0,0.0369,-0.1259,-0.1651,17016.0,19424.0,0.3812,0.0458,kis,,,,,,,,,data/raw/price_348340_20260507_20260904.csv,500,False,Broad evaluation pool candidate,456,False,Broad evaluation pool candidate
270520,2026-09-04,2026-09-04,2026-09-04,2026-09-04,AVOID,negative,25.59,25.59,25.59,15.86,15.86,0,31.0,-2.0,2,5.41,0.0,0.0,0.0,0.0,0,0,25.59,v2_conservative_ranker,24.0,-3.0,1,3.23,0.0,0.02,0.0,25.22,25.22,v3_stability_ranker,neutral,2630.0,-0.0505,-0.2592,-0.2882,2874.0,3536.75,0.2275,0.0451,kis,,,,,,,,,data/raw/price_270520_20260507_20260904.csv,501,False,Broad evaluation pool candidate,471,False,Broad evaluation pool candidate
290650,2026-09-04,2026-09-04,2026-09-04,2026-09-04,AVOID,negative,25.3,25.3,25.3,21.98,25.98,-4,34.54,-2.0,2,4.54,0.0,0.0,0.0,4.7,0,0,25.3,v2_conservative_ranker,28.43,-3.0,1,11.33,0.0,0.0,7.2,30.56,30.56,v3_stability_ranker,neutral,48950.0,0.0072,-0.0446,-0.2078,50657.4,52474.9,0.0363,0.0378,kis,,,,low_attention,risk_noise_detected,,,,data/raw/price_290650_20260507_20260904.csv,502,False,Broad evaluation pool candidate,447,False,Broad evaluation pool candidate
006370,2026-09-04,2026-09-04,2026-09-04,2026-09-04,AVOID,negative,25.13,25.13,25.13,21.78,21.78,0,32.95,-2.0,2,7.54,0.0,0.28,0.0,0.0,0,0,25.13,v2_conservative_ranker,27.16,-3.0,1,4.58,0.0,2.85,0.0,26.89,26.89,v3_stability_ranker,neutral,3650.0,-0.0175,-0.0605,-0.2065,3769.0,4290.25,0.0189,0.0628,kis,,,,,,,,,data/raw/price_006370_20260507_20260904.csv,503,False,Broad evaluation pool candidate,467,False,Broad evaluation pool candidate
025560,2026-09-04,2026-09-04,2026-09-04,2026-09-04,AVOID,negative,25.02,25.02,25.02,27.78,27.78,0,37.49,-2.0,2,10.0,0.0,2.47,0.0,0.0,0,0,25.02,v2_conservative_ranker,30.79,-3.0,1,2.0,0.0,6.35,0.0,24.44,24.44,v3_stability_ranker,price_weakness,6210.0,0.0065,-0.0505,-0.0704,6362.0,7566.5,0.0584,0.0847,kis,,,,,,,,,data/raw/price_025560_20260507_20260904.csv,504,False,Broad evaluation pool candidate,475,False,Broad evaluation pool candidate
226340,2026-09-04,2026-09-04,2026-09-04,2026-09-04,AVOID,negative,25.0,25.0,25.0,26.95,29.95,-3,43.0,-2.0,2,10.0,0.0,6.0,0.0,0.0,2,0,25.0,v2_conservative_ranker,36.0,-3.0,1,2.0,0.0,10.0,2.0,24.0,24.0,v3_stability_ranker,neutral,5620.0,-0.014,-0.196,0.177,6136.0,6285.0,0.0163,0.1456,unknown,본느,본느,lawsuit,,,,,,data/raw/price_226340_20260805_20260904.csv,505,False,Broad evaluation pool candidate,476,False,Broad evaluation pool candidate
119850,2026-09-04,2026-09-04,2026-09-04,2026-09-04,AVOID,negative,24.95,24.95,24.95,17.19,17.19,0,31.66,-2.0,2,6.71,0.0,0.0,0.0,0.0,0,0,24.95,v2_conservative_ranker,24.0,-3.0,1,5.62,0.0,1.74,0.0,25.87,25.87,v3_stability_ranker,neutral,43300.0,0.0346,-0.1705,-0.1526,43370.0,49575.0,0.2351,0.0559,kis,,,,,,,,,data/raw/price_119850_20260507_20260904.csv,506,False,Broad evaluation pool candidate,469,False,Broad evaluation pool candidate
086710,2026-09-04,2026-09-04,2026-09-04,2026-09-04,AVOID,negative,24.89,24.89,24.89,25.04,29.04,-4,35.24,-2.0,2,2.95,0.0,0.0,0.0,7.4,0,0,24.89,v2_conservative_ranker,27.74,-3.0,1,13.31,0.0,0.0,11.4,27.65,27.65,v3_stability_ranker,price_weakness,7360.0,0.0208,-0.1002,-0.0503,7616.0,7913.0,0.0063,0.0246,kis,,,,low_attention,risk_noise_detected,,,,data/raw/price_086710_20260507_20260904.csv,507,False,Broad evaluation pool candidate,464,False,Broad evaluation pool candidate
069620,2026-09-04,2026-09-04,2026-09-04,2026-09-04,AVOID,negative,24.8,24.8,24.8,24.71,28.71,-4,33.8,-2.0,2,3.6,0.0,0.0,0.0,5.4,0,0,24.8,v2_conservative_ranker,26.13,-3.0,1,12.5,0.0,0.0,8.2,28.43,28.43,v3_stability_ranker,price_weakness,116300.0,0.0131,-0.097,-0.0914,121800.0,123800.0,0.3292,0.03,kis,,,,medium_attention,risk_noise_detected,,,,data/raw/price_069620_20260507_20260904.csv,508,False,Broad evaluation pool candidate,460,False,Broad evaluation pool candidate
061970,2026-09-04,2026-09-04,2026-09-04,2026-09-04,AVOID,negative,24.68,24.68,24.68,24.07,24.07,0,34.63,-2.0,2,8.7,0.0,1.25,0.0,0.0,0,0,24.68,v2_conservative_ranker,26.98,-3.0,1,3.12,0.0,4.4,0.0,23.71,23.71,v3_stability_ranker,neutral,3930.0,0.0261,-0.0997,-0.0676,3978.0,4422.75,0.1125,0.0725,kis,,,,,,,,,data/raw/price_061970_20260507_20260904.csv,509,False,Broad evaluation pool candidate,477,False,Broad evaluation pool candidate
950160,2026-09-04,2026-09-04,2026-09-04,2026-09-04,AVOID,negative,24.41,24.41,24.41,24.0,24.0,0,35.42,-2.0,2,9.28,0.0,1.73,0.0,0.0,0,0,24.41,v2_conservative_ranker,30.0,-3.0,1,2.41,0.0,5.17,0.0,25.24,25.24,v3_stability_ranker,price_weakness,16775.0,-0.008,-0.1034,-0.0452,17429.0,20578.25,0.0553,0.0773,kis,,,,,,,,,data/raw/price_950160_20260507_20260904.csv,510,False,Broad evaluation pool candidate,470,False,Broad evaluation pool candidate
009190,2026-09-04,2026-09-04,2026-09-04,2026-09-04,AVOID,negative,24.16,24.16,24.16,14.91,17.91,-3,31.0,-2.0,2,4.84,0.0,0.0,0.0,0.0,2,0,24.16,v2_conservative_ranker,24.0,-3.0,1,7.96,0.0,0.0,2.0,27.95,27.95,v3_stability_ranker,price_weakness,1309.0,0.0061,-0.1256,-0.2464,1344.2,1571.3,0.0833,0.0403,unknown,대양금속,대양금속,paid_in_capital_increase,,,,,,data/raw/price_009190_20260805_20260904.csv,511,False,Broad evaluation pool candidate,462,False,Broad evaluation pool candidate
338220,2026-09-04,2026-09-04,2026-09-04,2026-09-04,AVOID,negative,23.94,23.94,23.94,14.85,14.85,0,31.0,-2.0,2,7.06,0.0,0.0,0.0,0.0,0,0,23.94,v2_conservative_ranker,24.0,-3.0,1,5.18,0.0,2.21,0.0,24.97,24.97,v3_stability_ranker,price_weakness,5220.0,0.0,-0.2946,-0.3603,5360.0,7112.5,0.2891,0.0588,kis,,,,,,,,,data/raw/price_338220_20260507_20260904.csv,512,False,Broad evaluation pool candidate,472,False,Broad evaluation pool candidate
189330,2026-09-04,2026-09-04,2026-09-04,2026-09-04,AVOID,negative,23.8,23.8,23.8,29.82,29.82,0,39.73,-2.0,2,10.0,2.22,3.71,0.0,0.0,0,0,23.8,v2_conservative_ranker,36.0,-3.0,1,-2.0,7.39,8.34,0.0,16.27,16.27,v3_stability_ranker,neutral,11320.0,0.0885,-0.1108,0.0781,11246.0,14543.5,0.1656,0.0971,kis,,,,,,,,,data/raw/price_189330_20260507_20260904.csv,513,False,Broad evaluation pool candidate,494,False,Broad evaluation pool candidate
027040,2026-09-04,2026-09-04,2026-09-04,2026-09-04,AVOID,negative,20.96,20.96,20.96,15.11,22.11,-7,33.54,-2.0,2,5.88,0.0,0.0,0.0,4.7,2,0,20.96,v2_conservative_ranker,25.55,-3.0,1,5.65,0.0,0.64,9.2,19.36,19.36,v3_stability_ranker,price_weakness,1777.0,-0.0477,-0.1311,-0.0989,1872.4,1967.45,0.1775,0.049,unknown,서울전자통신,서울전자통신,paid_in_capital_increase,low_attention,risk_noise_detected,,,,data/raw/price_027040_20260805_20260904.csv,514,False,Broad evaluation pool candidate,482,False,Broad evaluation pool candidate
069920,2026-09-04,2026-09-04,2026-09-04,2026-09-04,AVOID,negative,20.65,20.65,20.65,35.27,42.27,-7,45.41,-2.0,2,10.0,0.0,5.36,0.0,7.4,2,0,20.65,v2_conservative_ranker,39.92,-3.0,1,1.0,0.0,10.0,13.4,15.52,15.52,v3_stability_ranker,neutral,1126.0,-0.0417,-0.0823,0.126,1254.0,1045.7,0.034,0.1136,unknown,엑시온그룹,엑시온그룹,paid_in_capital_increase,low_attention,risk_noise_detected,,,,data/raw/price_069920_20260805_20260904.csv,515,False,Broad evaluation pool candidate,496,False,Broad evaluation pool candidate
321370,2026-09-04,2026-09-04,2026-09-04,2026-09-04,AVOID,negative,20.52,20.52,20.52,14.58,14.58,0,31.48,-2.0,2,9.25,0.0,1.71,0.0,0.0,0,0,20.52,v2_conservative_ranker,24.0,-3.0,1,2.44,0.0,5.14,0.0,19.3,19.3,v3_stability_ranker,price_weakness,1089.0,0.0197,-0.1418,-0.1578,1132.8,1305.8,0.0606,0.0771,kis,,,,,,,,,data/raw/price_321370_20260507_20260904.csv,516,False,Broad evaluation pool candidate,483,False,Broad evaluation pool candidate
142760,2026-09-04,2026-09-04,2026-09-04,2026-09-04,AVOID,negative,20.22,20.22,20.22,22.32,22.32,0,35.0,-2.0,2,10.0,0.0,4.78,0.0,0.0,0,0,20.22,v2_conservative_ranker,26.5,-3.0,1,2.0,0.0,10.0,0.0,16.5,16.5,v3_stability_ranker,neutral,533.0,-0.0291,-0.2364,-0.2364,727.6,705.4,0.5538,0.1078,kis,,,,,,,,,data/raw/price_142760_20260507_20260904.csv,517,False,Broad evaluation pool candidate,492,False,Broad evaluation pool candidate
079190,2026-09-04,2026-09-04,2026-09-04,2026-09-04,AVOID,negative,20.12,20.12,20.12,24.97,24.97,0,34.86,-2.0,2,10.0,0.0,4.74,0.0,0.0,0,0,20.12,v2_conservative_ranker,28.75,-3.0,1,2.0,0.0,9.98,0.0,18.76,18.76,v3_stability_ranker,neutral,1112.0,0.0393,-0.0779,-0.0671,1103.6,1277.35,0.019,0.1074,kis,,,,,,,,,data/raw/price_079190_20260507_20260904.csv,518,False,Broad evaluation pool candidate,487,False,Broad evaluation pool candidate
174900,2026-09-04,2026-09-04,2026-09-04,2026-09-04,AVOID,negative,19.93,19.93,19.93,11.81,11.81,0,31.0,-2.0,2,9.31,0.0,1.76,0.0,0.0,0,0,19.93,v2_conservative_ranker,24.0,-3.0,1,2.36,0.0,5.22,0.0,19.14,19.14,v3_stability_ranker,price_weakness,20250.0,-0.0074,-0.2226,-0.2582,22250.0,27972.5,0.095,0.0776,kis,,,,,,,,,data/raw/price_174900_20260507_20260904.csv,519,False,Broad evaluation pool candidate,486,False,Broad evaluation pool candidate
105550,2026-09-04,2026-09-04,2026-09-04,2026-09-04,AVOID,negative,19.81,19.81,19.81,25.54,25.54,0,35.16,-2.0,2,10.0,0.0,5.35,0.0,0.0,0,0,19.81,v2_conservative_ranker,29.15,-3.0,1,2.0,0.0,10.0,0.0,19.15,19.15,v3_stability_ranker,price_weakness,1871.0,-0.0043,-0.0783,-0.0574,1951.4,2197.6,0.0403,0.1135,kis,,,,,,,,,data/raw/price_105550_20260507_20260904.csv,520,False,Broad evaluation pool candidate,485,False,Broad evaluation pool candidate
223220,2026-09-04,2026-09-04,2026-09-04,2026-09-04,AVOID,negative,18.36,18.36,18.36,34.0,37.0,-3,35.0,0.0,3,10.0,0.0,7.64,0.0,0.0,2,0,18.36,v2_conservative_ranker,26.5,-5.36,4,-2.0,0.0,8.22,2.0,12.91,12.91,v3_stability_ranker,price_weakness,105.0,-0.1463,-0.3519,-0.5714,142.0,179.6,4.3147,0.0964,unknown,로지스몬,로지스몬,paid_in_capital_increase,,,,,,data/raw/price_223220_20260805_20260904.csv,521,False,Broad evaluation pool candidate,501,False,Broad evaluation pool candidate
043090,2026-08-07,2026-08-07,2026-08-07,2026-09-04,AVOID,negative,18.0,18.0,18.0,37.0,37.0,0,35.0,0.0,3,10.0,0.0,10.0,0.0,0.0,0,0,18.0,v2_conservative_ranker,26.5,-3.35,4,-2.0,0.0,10.0,0.0,15.15,15.15,v3_stability_ranker,neutral,103.0,-0.5095,-0.6255,-0.9096,226.2,822.7,3.5952,0.2232,kis,,,,,,,,,data/raw/price_043090_20260507_20260904.csv,522,False,Broad evaluation pool candidate,497,False,Broad evaluation pool candidate
012170,2026-09-04,2026-09-04,2026-09-04,2026-09-04,AVOID,negative,17.0,17.0,17.0,42.71,39.71,3,47.0,-2.0,2,10.0,15.0,6.0,0.0,0.0,0,1,17.0,v2_conservative_ranker,24.5,-3.0,1,2.0,22.0,10.0,0.0,0.0,0.0,v3_stability_ranker,neutral,2900.0,-0.0252,-0.2173,2.877,3033.0,1467.1,0.1187,0.8874,unknown,아센디오,아센디오,supply_contract,,,,,,data/raw/price_012170_20260805_20260904.csv,523,False,Broad evaluation pool candidate,528,False,Broad evaluation pool candidate
226330,2026-09-04,2026-09-04,2026-09-04,2026-09-04,AVOID,negative,16.97,16.97,16.97,22.53,29.53,-7,39.62,-2.0,2,10.0,0.0,3.25,0.0,7.4,2,0,16.97,v2_conservative_ranker,33.7,-3.0,1,5.0,0.0,7.6,13.4,15.7,15.7,v3_stability_ranker,neutral,1392.0,-0.03,-0.0204,-0.0955,1352.8,1357.75,0.0576,0.0925,unknown,신테카바이오,신테카바이오,paid_in_capital_increase,low_attention,risk_noise_detected,,,,data/raw/price_226330_20260805_20260904.csv,524,False,Broad evaluation pool candidate,495,False,Broad evaluation pool candidate
175250,2026-09-04,2026-09-04,2026-09-04,2026-09-04,AVOID,negative,15.9,15.9,15.9,14.06,17.06,-3,31.0,-2.0,2,7.1,0.0,0.0,6.0,0.0,2,0,15.9,v2_conservative_ranker,24.0,-3.0,1,5.12,0.0,2.27,15.5,9.35,9.35,v3_stability_ranker,price_weakness,2055.0,-0.0261,-0.284,-0.284,2555.0,2791.25,0.6633,0.0592,unknown,아이큐어,아이큐어,paid_in_capital_increase,,,9,3,3,data/raw/price_175250_20260805_20260904.csv,525,False,Broad evaluation pool candidate,512,False,Broad evaluation pool candidate
305090,2026-09-04,2026-09-04,2026-09-04,2026-09-04,AVOID,negative,15.06,15.06,15.06,11.0,11.0,0,31.0,0.0,0,10.0,0.0,5.94,0.0,0.0,0,0,15.06,v2_conservative_ranker,24.0,-5.0,0,2.0,0.0,10.0,0.0,11.0,11.0,v3_stability_ranker,neutral,538.0,0.0,-0.6759,-0.7205,901.6,1543.9,0.0,0.1194,unknown,마이크로디지탈,마이크로디지탈,major_shareholder_change,,,,,,data/raw/price_305090_20260805_20260904.csv,526,False,Broad evaluation pool candidate,508,False,Broad evaluation pool candidate
084180,2026-09-04,2026-09-04,2026-09-04,2026-09-04,AVOID,negative,14.67,14.67,14.67,8.68,11.68,-3,31.0,-2.0,2,10.0,0.0,4.33,0.0,0.0,2,0,14.67,v2_conservative_ranker,24.0,-3.0,1,2.0,0.0,9.33,2.0,12.67,12.67,v3_stability_ranker,neutral,392.0,0.0182,-0.339,-0.286,506.6,566.75,0.1131,0.1033,unknown,수성웹툰,수성웹툰,disclosure_violation,,,,,,data/raw/price_084180_20260805_20260904.csv,527,False,Broad evaluation pool candidate,503,False,Broad evaluation pool candidate
062970,2026-09-04,2026-09-04,2026-09-04,2026-09-04,AVOID,negative,14.33,14.33,14.33,8.11,12.11,-4,31.0,-2.0,2,9.8,0.0,2.17,0.0,4.7,0,0,14.33,v2_conservative_ranker,24.0,-3.0,1,2.0,0.0,5.87,7.2,10.93,10.93,v3_stability_ranker,price_weakness,1894.0,0.0238,-0.1526,-0.1854,1953.4,2412.6,0.0636,0.0817,kis,,,,low_attention,risk_noise_detected,,,,data/raw/price_062970_20260507_20260904.csv,528,False,Broad evaluation pool candidate,509,False,Broad evaluation pool candidate
011090,2026-09-04,2026-09-04,2026-09-04,2026-09-04,AVOID,negative,7.16,7.16,7.16,13.38,16.38,-3,31.0,-2.0,2,10.0,6.7,5.14,0.0,0.0,2,0,7.16,v2_conservative_ranker,24.0,-3.0,1,-2.0,12.0,10.0,2.0,0.0,0.0,v3_stability_ranker,neutral,1396.0,0.1258,-0.3477,-0.1793,1365.2,1804.15,0.7245,0.1114,unknown,에넥스,에넥스,paid_in_capital_increase,,,,,,data/raw/price_011090_20260805_20260904.csv,529,False,Broad evaluation pool candidate,529,False,Broad evaluation pool candidate
