stock_code,candidate_date,candidate_pool_date,signal_date,prediction_date,candidate_action,prediction_direction,prediction_score,final_price_signal_score,price_candidate_score,price_signal_score_v1,price_score_base,supplementary_score,base_momentum_score,volume_confirmation_score,liquidity_score,volatility_penalty,overextension_penalty,reversal_risk_penalty,news_risk_penalty,attention_noise_penalty,market_regime_penalty,healthy_context_score,final_price_signal_score_v2,score_version,v3_momentum_quality_score,v3_volume_quality_score,v3_liquidity_quality_score,v3_stability_score,v3_overextension_penalty,v3_reversal_penalty,v3_noise_penalty,v3_final_score,final_price_signal_score_v3,experimental_score_version,signal_label,close,return_1d,return_5d,return_20d,ma5,ma20,volume_ratio_20d,volatility_20d,price_source,corp_name,stock_name,event_type,social_attention_label,social_risk_label,news_risk_score,news_negative_keyword_count,news_risk_keyword_count,source_file,candidate_rank,selected_pick,selection_reason,v3_rank,v3_selected_pick,v3_selection_reason
001060,2026-09-01,2026-09-01,2026-09-01,2026-09-01,BUY_CANDIDATE,positive,75.91,75.91,75.91,92.68,92.68,0,70.54,4.53,3,5.16,0.0,0.0,0.0,0.0,0,3,75.91,v2_conservative_ranker,49.57,5.0,6,10.55,0.0,0.0,0.0,71.12,71.12,v3_stability_ranker,price_momentum,29250.0,0.0372,0.0754,0.2608,27850.0,26950.0,1.9063,0.043,kis,,,,low_attention,no_risk_noise,,,,data/raw/price_001060_20260504_20260901.csv,1,True,Top 20 by conservative v2 price signal score,5,True,Experimental Top 20 by stability-first v3 score
090370,2026-09-01,2026-09-01,2026-09-01,2026-09-01,WATCHLIST,neutral_positive,73.54,73.54,73.54,97.15,101.15,-4,71.65,4.6,3,2.62,0.0,0.0,0.0,6.1,0,3,73.54,v2_conservative_ranker,57.0,5.0,6,9.73,0.0,0.0,9.2,68.53,68.53,v3_stability_ranker,strong_price_momentum,1152.0,0.0435,0.0397,0.0766,1111.6,1103.7,1.9209,0.0218,kis,,,,medium_attention,risk_noise_detected,,,,data/raw/price_090370_20260504_20260901.csv,2,True,Top 20 by conservative v2 price signal score,16,True,Experimental Top 20 by stability-first v3 score
023760,2026-09-01,2026-09-01,2026-09-01,2026-09-01,WATCHLIST,neutral_positive,72.9,72.9,72.9,88.95,88.95,0,67.34,0.75,3,1.2,0.0,0.0,0.0,0.0,0,3,72.9,v2_conservative_ranker,57.0,8.0,6,15.5,0.0,0.0,0.0,86.5,86.5,v3_stability_ranker,strong_price_momentum,1403.0,-0.0106,0.047,0.047,1390.8,1352.7,1.1506,0.01,kis,,,,,,,,,data/raw/price_023760_20260504_20260901.csv,3,True,Top 20 by conservative v2 price signal score,1,True,Experimental Top 20 by stability-first v3 score
378340,2026-09-01,2026-09-01,2026-09-01,2026-09-01,WATCHLIST,neutral_positive,71.58,71.58,71.58,110.21,107.21,3,71.0,3.0,3,4.55,0.48,1.39,0.0,0.0,0,1,71.58,v2_conservative_ranker,43.8,-2.05,4,4.31,10.64,10.54,0.0,28.89,28.89,v3_stability_ranker,price_momentum,12040.0,0.074,0.1544,0.3115,11118.0,10653.5,3.1326,0.0379,unknown,필에너지,필에너지,supply_contract,,,,,,data/raw/price_378340_20260802_20260901.csv,4,True,Top 20 by conservative v2 price signal score,358,False,Broad evaluation pool candidate
088390,2026-09-01,2026-09-01,2026-09-01,2026-09-01,WATCHLIST,neutral_positive,69.53,69.53,69.53,92.03,92.03,0,71.13,0.0,2,3.6,0.0,0.0,0.0,0.0,0,0,69.53,v2_conservative_ranker,57.0,2.0,6,12.5,0.0,0.0,0.0,77.5,77.5,v3_stability_ranker,strong_price_momentum,8070.0,0.0373,0.0413,0.1868,7800.0,7588.5,0.9274,0.03,kis,,,,medium_attention,no_risk_noise,,,,data/raw/price_088390_20260504_20260901.csv,5,True,Top 20 by conservative v2 price signal score,2,True,Experimental Top 20 by stability-first v3 score
003490,2026-09-01,2026-09-01,2026-09-01,2026-09-01,WATCHLIST,neutral_positive,68.87,68.87,68.87,87.18,87.18,0,71.66,-2.0,2,2.8,0.0,0.0,0.0,0.0,0,0,68.87,v2_conservative_ranker,57.0,-3.0,1,13.5,0.0,0.0,0.0,68.5,68.5,v3_stability_ranker,strong_price_momentum,28350.0,0.0089,0.0779,0.0821,28300.0,26750.0,0.2698,0.0233,kis,,,,,,,,,data/raw/price_003490_20260504_20260901.csv,6,True,Top 20 by conservative v2 price signal score,17,True,Experimental Top 20 by stability-first v3 score
016610,2026-09-01,2026-09-01,2026-09-01,2026-09-01,WATCHLIST,neutral_positive,66.55,66.55,66.55,84.53,84.53,0,68.98,-2.0,2,2.44,0.0,0.0,0.0,0.0,0,0,66.55,v2_conservative_ranker,57.0,-3.0,1,13.96,0.0,0.0,0.0,68.95,68.95,v3_stability_ranker,strong_price_momentum,9890.0,0.0071,0.0356,0.1264,9812.0,9446.0,0.1141,0.0203,unknown,DB증권,DB증권,major_shareholder_change,,,,,,data/raw/price_016610_20260802_20260901.csv,7,True,Top 20 by conservative v2 price signal score,14,True,Experimental Top 20 by stability-first v3 score
363280,2026-09-01,2026-09-01,2026-09-01,2026-09-01,WATCHLIST,neutral_positive,65.9,65.9,65.9,83.28,83.28,0,67.03,-2.0,2,1.13,0.0,0.0,0.0,0.0,0,0,65.9,v2_conservative_ranker,57.0,-3.0,1,15.59,0.0,0.0,0.0,70.59,70.59,v3_stability_ranker,strong_price_momentum,1966.0,0.0005,0.0202,0.1145,1962.8,1912.6,0.0796,0.0094,kis,,,,,,,,,data/raw/price_363280_20260504_20260901.csv,8,True,Top 20 by conservative v2 price signal score,7,True,Experimental Top 20 by stability-first v3 score
234300,2026-09-01,2026-09-01,2026-09-01,2026-09-01,WATCHLIST,neutral_positive,65.79,65.79,65.79,75.33,75.33,0,63.6,0.94,3,4.75,0.0,0.0,0.0,0.0,0,3,65.79,v2_conservative_ranker,57.0,8.0,6,7.06,2.86,0.0,0.0,75.2,75.2,v3_stability_ranker,price_momentum,2920.0,0.0618,0.0696,0.104,2786.0,2782.0,1.1888,0.0396,kis,,,,,,,,,data/raw/price_234300_20260504_20260901.csv,9,True,Top 20 by conservative v2 price signal score,3,True,Experimental Top 20 by stability-first v3 score
089860,2026-09-01,2026-09-01,2026-09-01,2026-09-01,WATCHLIST,neutral_positive,64.9,64.9,64.9,84.86,84.86,0,67.95,-2.0,2,3.05,0.0,0.0,0.0,0.0,0,0,64.9,v2_conservative_ranker,42.66,-3.0,1,13.19,0.0,0.0,0.0,53.85,53.85,v3_stability_ranker,strong_price_momentum,47900.0,0.0116,0.0095,0.2298,47540.0,44695.0,0.0745,0.0254,kis,,,,,,,,,data/raw/price_089860_20260504_20260901.csv,10,True,Top 20 by conservative v2 price signal score,160,False,Broad evaluation pool candidate
004990,2026-09-01,2026-09-01,2026-09-01,2026-09-01,WATCHLIST,neutral_positive,64.23,64.23,64.23,81.99,81.99,0,66.5,-2.0,2,2.27,0.0,0.0,0.0,0.0,0,0,64.23,v2_conservative_ranker,57.0,-3.0,1,14.16,0.0,0.0,0.0,69.16,69.16,v3_stability_ranker,strong_price_momentum,24000.0,0.0042,0.03,0.0714,23990.0,23485.0,0.2187,0.0189,kis,,,,,,,,,data/raw/price_004990_20260504_20260901.csv,11,True,Top 20 by conservative v2 price signal score,11,True,Experimental Top 20 by stability-first v3 score
403550,2026-09-01,2026-09-01,2026-09-01,2026-09-01,WATCHLIST,neutral_positive,64.01,64.01,64.01,82.13,82.13,0,66.54,-2.0,2,2.53,0.0,0.0,0.0,0.0,0,0,64.01,v2_conservative_ranker,49.0,-3.0,1,13.84,0.0,0.0,0.0,60.84,60.84,v3_stability_ranker,strong_price_momentum,11300.0,-0.0088,0.0107,0.1277,11244.0,10848.0,0.1307,0.0211,kis,,,,,,,,,data/raw/price_403550_20260504_20260901.csv,12,True,Top 20 by conservative v2 price signal score,65,False,Broad evaluation pool candidate
017810,2026-09-01,2026-09-01,2026-09-01,2026-09-01,WATCHLIST,neutral_positive,63.35,63.35,63.35,82.22,82.22,0,66.66,-2.0,2,3.31,0.0,0.0,0.0,0.0,0,0,63.35,v2_conservative_ranker,49.0,-3.0,1,12.86,0.0,0.0,0.0,59.86,59.86,v3_stability_ranker,strong_price_momentum,9840.0,-0.002,0.0144,0.1207,9750.0,9416.5,0.2507,0.0276,kis,,,,,,,,,data/raw/price_017810_20260504_20260901.csv,13,True,Top 20 by conservative v2 price signal score,74,False,Broad evaluation pool candidate
438700,2026-09-01,2026-09-01,2026-09-01,2026-09-01,WATCHLIST,neutral_positive,63.31,63.31,63.31,78.12,75.12,3,66.72,-2.0,2,4.42,0.0,0.0,0.0,0.0,0,1,63.31,v2_conservative_ranker,57.0,-3.0,1,11.48,0.0,0.0,0.0,66.48,66.48,v3_stability_ranker,price_momentum,1879.0,-0.0214,0.0918,0.1635,1848.0,1793.5,0.2413,0.0368,unknown,버넥트,버넥트,supply_contract,,,,,,data/raw/price_438700_20260802_20260901.csv,14,True,Top 20 by conservative v2 price signal score,38,False,Broad evaluation pool candidate
004960,2026-09-01,2026-09-01,2026-09-01,2026-09-01,WATCHLIST,neutral_positive,62.84,62.84,62.84,77.93,74.93,3,65.73,-2.0,2,3.89,0.0,0.0,0.0,0.0,0,1,62.84,v2_conservative_ranker,57.0,-3.0,1,12.14,0.0,0.0,0.0,67.14,67.14,v3_stability_ranker,price_momentum,11730.0,-0.0274,0.0673,0.2018,12054.0,11166.0,0.2404,0.0324,unknown,한신공영,한신공영,supply_contract,medium_attention,no_risk_noise,,,,data/raw/price_004960_20260802_20260901.csv,15,True,Top 20 by conservative v2 price signal score,30,False,Broad evaluation pool candidate
340810,2026-09-01,2026-09-01,2026-09-01,2026-09-01,WATCHLIST,neutral_positive,62.7,62.7,62.7,73.76,73.76,0,65.94,-2.0,2,3.24,0.0,0.0,0.0,0.0,0,0,62.7,v2_conservative_ranker,57.0,-3.0,1,12.95,0.0,0.0,0.0,67.95,67.95,v3_stability_ranker,price_momentum,3740.0,0.0,0.0716,0.1651,3642.0,3533.25,0.1738,0.027,kis,,,,,,,,,data/raw/price_340810_20260504_20260901.csv,16,True,Top 20 by conservative v2 price signal score,23,False,Broad evaluation pool candidate
161000,2026-09-01,2026-09-01,2026-09-01,2026-09-01,WATCHLIST,neutral_positive,62.51,62.51,62.51,80.61,83.61,-3,67.0,0.0,2,4.49,0.0,0.0,0.0,0.0,2,0,62.51,v2_conservative_ranker,42.85,2.0,6,8.39,4.57,0.0,2.0,52.67,52.67,v3_stability_ranker,price_momentum,10950.0,-0.0064,0.1173,0.3386,10522.0,9611.5,0.9366,0.0374,unknown,애경케미칼,애경케미칼,paid_in_capital_increase,,,,,,data/raw/price_161000_20260802_20260901.csv,17,True,Top 20 by conservative v2 price signal score,179,False,Broad evaluation pool candidate
294870,2026-09-01,2026-09-01,2026-09-01,2026-09-01,WATCHLIST,neutral_positive,62.14,62.14,62.14,86.62,86.62,0,70.69,-2.0,2,2.56,0.0,0.0,6.0,0.0,0,0,62.14,v2_conservative_ranker,57.0,-3.0,1,13.8,0.0,0.0,9.0,59.81,59.81,v3_stability_ranker,strong_price_momentum,23300.0,-0.0043,0.0402,0.1621,23170.0,22365.0,0.1036,0.0213,unknown,IPARK현대산업개발,IPARK현대산업개발,investment_decision,,,6,2,2,data/raw/price_294870_20260802_20260901.csv,18,True,Top 20 by conservative v2 price signal score,75,False,Broad evaluation pool candidate
020560,2026-09-01,2026-09-01,2026-09-01,2026-09-01,WATCHLIST,neutral_positive,62.11,62.11,62.11,86.58,86.58,0,70.77,-2.0,2,2.66,0.0,0.0,6.0,0.0,0,0,62.11,v2_conservative_ranker,57.0,-3.0,1,13.67,0.0,0.0,10.6,58.07,58.07,v3_stability_ranker,strong_price_momentum,7600.0,-0.0013,0.0704,0.078,7594.0,7224.5,0.3092,0.0222,kis,,,,,,7,3,2,data/raw/price_020560_20260504_20260901.csv,19,True,Top 20 by conservative v2 price signal score,97,False,Broad evaluation pool candidate
120110,2026-09-01,2026-09-01,2026-09-01,2026-09-01,WATCHLIST,neutral_positive,61.7,61.7,61.7,79.08,79.08,0,67.0,-2.0,2,5.3,0.0,0.0,0.0,0.0,0,0,61.7,v2_conservative_ranker,50.17,-3.0,1,10.37,0.0,0.0,0.0,58.54,58.54,v3_stability_ranker,price_momentum,60500.0,0.0168,0.096,0.2436,56420.0,55287.5,0.6503,0.0442,unknown,코오롱인더,코오롱인더,major_shareholder_change,,,,,,data/raw/price_120110_20260802_20260901.csv,20,True,Top 20 by conservative v2 price signal score,91,False,Broad evaluation pool candidate
005820,2026-09-01,2026-09-01,2026-09-01,2026-09-01,WATCHLIST,neutral_positive,61.36,61.36,61.36,74.32,74.32,0,61.25,0.0,2,1.9,0.0,0.0,0.0,0.0,0,0,61.36,v2_conservative_ranker,57.0,2.0,1,14.63,0.0,0.0,0.0,74.63,74.63,v3_stability_ranker,price_momentum,15410.0,-0.0013,0.0273,0.1578,15152.0,14847.0,0.8803,0.0158,kis,,,,,,,,,data/raw/price_005820_20260504_20260901.csv,21,False,Broad evaluation pool candidate,4,True,Experimental Top 20 by stability-first v3 score
058730,2026-09-01,2026-09-01,2026-09-01,2026-09-01,WATCHLIST,neutral_positive,61.14,61.14,61.14,77.11,77.11,0,67.0,-2.0,2,5.86,0.0,0.0,0.0,0.0,0,0,61.14,v2_conservative_ranker,53.0,-3.0,1,9.68,0.0,0.61,0.0,60.07,60.07,v3_stability_ranker,price_momentum,3550.0,0.0143,0.1129,0.1893,3479.0,3420.75,0.2064,0.0488,kis,,,,medium_attention,no_risk_noise,,,,data/raw/price_058730_20260504_20260901.csv,22,False,Broad evaluation pool candidate,71,False,Broad evaluation pool candidate
019570,2026-09-01,2026-09-01,2026-09-01,2026-09-01,WATCHLIST,neutral_positive,60.96,60.96,60.96,73.04,73.04,0,66.85,-2.0,2,5.89,0.0,0.0,0.0,0.0,0,0,60.96,v2_conservative_ranker,57.0,-3.0,1,9.64,0.0,0.66,0.0,63.98,63.98,v3_stability_ranker,price_momentum,2815.0,-0.0018,0.0785,0.1979,2764.0,2703.0,0.0348,0.0491,kis,,,,,,,,,data/raw/price_019570_20260504_20260901.csv,23,False,Broad evaluation pool candidate,47,False,Broad evaluation pool candidate
277880,2026-09-01,2026-09-01,2026-09-01,2026-09-01,WATCHLIST,neutral_positive,60.82,60.82,60.82,73.57,73.57,0,64.29,-2.0,2,3.47,0.0,0.0,0.0,0.0,0,0,60.82,v2_conservative_ranker,48.6,-3.0,1,12.66,0.42,0.0,0.0,58.84,58.84,v3_stability_ranker,price_momentum,3685.0,0.0236,0.0529,0.2885,3583.0,3407.0,0.1947,0.0289,kis,,,,,,,,,data/raw/price_277880_20260504_20260901.csv,24,False,Broad evaluation pool candidate,85,False,Broad evaluation pool candidate
480370,2026-09-01,2026-09-01,2026-09-01,2026-09-01,WATCHLIST,neutral_positive,60.56,60.56,60.56,74.95,71.95,3,64.38,-2.0,2,4.82,0.0,0.0,0.0,0.0,0,1,60.56,v2_conservative_ranker,57.0,-3.0,1,10.97,0.0,0.0,0.0,65.97,65.97,v3_stability_ranker,price_momentum,1431.0,-0.0232,0.0538,0.1995,1419.0,1400.5,0.1027,0.0402,unknown,씨케이솔루션,씨케이솔루션,supply_contract,,,,,,data/raw/price_480370_20260802_20260901.csv,25,False,Broad evaluation pool candidate,41,False,Broad evaluation pool candidate
030000,2026-09-01,2026-09-01,2026-09-01,2026-09-01,WATCHLIST,neutral_positive,60.47,60.47,60.47,77.01,77.01,0,61.68,-2.0,2,1.21,0.0,0.0,0.0,0.0,0,0,60.47,v2_conservative_ranker,43.0,-3.0,1,15.48,0.0,0.0,0.0,56.48,56.48,v3_stability_ranker,strong_price_momentum,19180.0,-0.0005,0.0026,0.0121,19190.0,18991.0,0.1927,0.0101,kis,,,,low_attention,no_risk_noise,,,,data/raw/price_030000_20260504_20260901.csv,26,False,Broad evaluation pool candidate,120,False,Broad evaluation pool candidate
326030,2026-09-01,2026-09-01,2026-09-01,2026-09-01,WATCHLIST,neutral_positive,60.15,60.15,60.15,72.0,72.0,0,63.68,-2.0,2,3.53,0.0,0.0,0.0,0.0,0,0,60.15,v2_conservative_ranker,57.0,-3.0,1,12.59,0.0,0.0,0.0,67.59,67.59,v3_stability_ranker,price_momentum,89300.0,0.0229,0.0581,0.139,88840.0,86435.0,0.3625,0.0294,unknown,에스케이바이오팜,에스케이바이오팜,major_shareholder_change,,,,,,data/raw/price_326030_20260802_20260901.csv,27,False,Broad evaluation pool candidate,26,False,Broad evaluation pool candidate
100840,2026-09-01,2026-09-01,2026-09-01,2026-09-01,HOLD,neutral,59.84,59.84,59.84,85.86,85.86,0,67.0,1.36,3,5.52,0.0,0.0,6.0,0.0,0,0,59.84,v2_conservative_ranker,53.0,8.0,6,10.1,0.79,0.16,9.0,67.15,67.15,v3_stability_ranker,price_momentum,31650.0,0.036,0.1283,0.2057,31890.0,28790.0,1.2722,0.046,kis,,,,,,6,2,2,data/raw/price_100840_20260504_20260901.csv,28,False,Broad evaluation pool candidate,29,False,Broad evaluation pool candidate
131760,2026-09-01,2026-09-01,2026-09-01,2026-09-01,HOLD,neutral,59.84,59.84,59.84,71.64,71.64,0,63.46,-2.0,2,3.62,0.0,0.0,0.0,0.0,0,0,59.84,v2_conservative_ranker,57.0,-3.0,1,12.47,0.0,0.0,0.0,67.47,67.47,v3_stability_ranker,price_momentum,1852.0,-0.0112,0.0446,0.1887,1834.2,1814.85,0.1273,0.0302,kis,,,,,,,,,data/raw/price_131760_20260504_20260901.csv,29,False,Broad evaluation pool candidate,27,False,Broad evaluation pool candidate
029460,2026-09-01,2026-09-01,2026-09-01,2026-09-01,HOLD,neutral,59.76,59.76,59.76,77.25,77.25,0,67.0,-2.0,2,4.8,2.44,0.0,0.0,0.0,0,0,59.76,v2_conservative_ranker,44.55,-3.0,1,8.0,6.87,0.0,0.0,43.68,43.68,v3_stability_ranker,price_momentum,39600.0,-0.0341,0.1,0.4043,39300.0,35115.0,0.2084,0.04,kis,,,,,,,,,data/raw/price_029460_20260504_20260901.csv,30,False,Broad evaluation pool candidate,277,False,Broad evaluation pool candidate
229000,2026-09-01,2026-09-01,2026-09-01,2026-09-01,HOLD,neutral,59.5,59.5,59.5,72.36,72.36,0,65.43,-2.0,2,5.93,0.0,0.0,0.0,0.0,0,0,59.5,v2_conservative_ranker,50.52,-3.0,1,9.59,0.0,0.7,0.0,57.4,57.4,v3_stability_ranker,price_momentum,1937.0,-0.0217,0.0643,0.2338,1951.4,1808.75,0.1454,0.0494,kis,,,,,,,,,data/raw/price_229000_20260504_20260901.csv,31,False,Broad evaluation pool candidate,105,False,Broad evaluation pool candidate
018260,2026-09-01,2026-09-01,2026-09-01,2026-09-01,HOLD,neutral,59.42,59.42,59.42,70.39,70.39,0,63.58,-2.0,2,4.16,0.0,0.0,0.0,0.0,0,0,59.42,v2_conservative_ranker,57.0,-3.0,1,11.79,0.0,0.0,0.0,66.8,66.8,v3_stability_ranker,price_momentum,237500.0,-0.0104,0.0463,0.17,236500.0,231625.0,0.1216,0.0347,kis,,,,,,,,,data/raw/price_018260_20260504_20260901.csv,32,False,Broad evaluation pool candidate,32,False,Broad evaluation pool candidate
012630,2026-09-01,2026-09-01,2026-09-01,2026-09-01,HOLD,neutral,59.41,59.41,59.41,69.87,69.87,0,62.66,-2.0,2,3.25,0.0,0.0,0.0,0.0,0,0,59.41,v2_conservative_ranker,57.0,-3.0,1,12.94,0.0,0.0,0.0,67.94,67.94,v3_stability_ranker,price_momentum,22550.0,-0.0022,0.0464,0.1435,22910.0,22250.0,0.1275,0.0271,unknown,HDC,HDC,investment_decision,,,,,,data/raw/price_012630_20260802_20260901.csv,33,False,Broad evaluation pool candidate,24,False,Broad evaluation pool candidate
079160,2026-09-01,2026-09-01,2026-09-01,2026-09-01,HOLD,neutral,59.3,59.3,59.3,70.47,70.47,0,62.6,-2.0,2,3.3,0.0,0.0,0.0,0.0,0,0,59.3,v2_conservative_ranker,57.0,-3.0,1,12.88,0.0,0.0,0.0,67.88,67.88,v3_stability_ranker,price_momentum,5530.0,0.0165,0.0574,0.1104,5438.0,5352.5,0.3261,0.0275,kis,,,,,,,,,data/raw/price_079160_20260504_20260901.csv,34,False,Broad evaluation pool candidate,25,False,Broad evaluation pool candidate
065710,2026-09-01,2026-09-01,2026-09-01,2026-09-01,HOLD,neutral,58.56,58.56,58.56,68.0,68.0,0,59.96,-2.0,2,1.4,0.0,0.0,0.0,0.0,0,0,58.56,v2_conservative_ranker,57.0,-3.0,1,15.24,0.0,0.0,0.0,70.25,70.25,v3_stability_ranker,price_momentum,45650.0,-0.0033,0.0506,0.0543,45070.0,44297.5,0.2329,0.0117,kis,,,,medium_attention,no_risk_noise,,,,data/raw/price_065710_20260504_20260901.csv,35,False,Broad evaluation pool candidate,8,True,Experimental Top 20 by stability-first v3 score
004780,2026-09-01,2026-09-01,2026-09-01,2026-09-01,HOLD,neutral,58.47,58.47,58.47,78.09,78.09,0,62.89,-2.0,2,1.43,0.0,0.0,3.0,0.0,0,0,58.47,v2_conservative_ranker,49.0,-3.0,1,15.21,0.0,0.0,4.5,57.72,57.72,v3_stability_ranker,strong_price_momentum,4150.0,0.0012,0.0085,0.0298,4127.0,4070.75,0.1566,0.0119,kis,,,,,,3,1,1,data/raw/price_004780_20260504_20260901.csv,36,False,Broad evaluation pool candidate,99,False,Broad evaluation pool candidate
115450,2026-09-01,2026-09-01,2026-09-01,2026-09-01,HOLD,neutral,58.42,58.42,58.42,72.21,69.21,3,60.75,0.0,2,5.33,0.0,0.0,0.0,0.0,0,1,58.42,v2_conservative_ranker,48.41,2.0,6,10.34,0.0,0.0,0.0,66.75,66.75,v3_stability_ranker,neutral,2115.0,-0.0024,0.0575,0.2225,2120.0,2170.0,0.983,0.0444,unknown,HLB테라퓨틱스,HLB테라퓨틱스,supply_contract,,,,,,data/raw/price_115450_20260802_20260901.csv,37,False,Broad evaluation pool candidate,33,False,Broad evaluation pool candidate
267320,2026-09-01,2026-09-01,2026-09-01,2026-09-01,HOLD,neutral,58.38,58.38,58.38,73.77,77.77,-4,67.0,-2.0,2,3.22,0.0,0.0,0.0,5.4,0,0,58.38,v2_conservative_ranker,50.4,-3.0,1,12.98,0.0,0.0,8.2,53.18,53.18,v3_stability_ranker,price_momentum,2270.0,0.0111,0.081,0.2371,2198.0,2129.5,0.3925,0.0268,kis,,,,medium_attention,risk_noise_detected,,,,data/raw/price_267320_20260504_20260901.csv,38,False,Broad evaluation pool candidate,170,False,Broad evaluation pool candidate
055550,2026-09-01,2026-09-01,2026-09-01,2026-09-01,HOLD,neutral,58.31,58.31,58.31,83.18,83.18,0,66.78,-2.0,2,2.47,0.0,0.0,6.0,0.0,0,0,58.31,v2_conservative_ranker,57.0,-3.0,1,13.91,0.0,0.0,9.0,59.91,59.91,v3_stability_ranker,strong_price_momentum,110000.0,0.0101,0.0329,0.0711,108960.0,106165.0,0.3997,0.0206,kis,,,,,,6,2,2,data/raw/price_055550_20260504_20260901.csv,39,False,Broad evaluation pool candidate,72,False,Broad evaluation pool candidate
252500,2026-09-01,2026-09-01,2026-09-01,2026-09-01,HOLD,neutral,58.17,58.17,58.17,82.07,82.07,0,56.81,0.0,3,1.64,0.0,0.0,0.0,0.0,0,0,58.17,v2_conservative_ranker,49.0,-9.0,4,14.95,0.0,0.0,0.0,58.95,58.95,v3_stability_ranker,price_momentum,2495.0,0.0,0.0,0.1089,2495.0,2476.5,18.4412,0.0137,kis,,,,,,,,,data/raw/price_252500_20260504_20260901.csv,40,False,Broad evaluation pool candidate,84,False,Broad evaluation pool candidate
064400,2026-09-01,2026-09-01,2026-09-01,2026-09-01,HOLD,neutral,58.04,58.04,58.04,70.82,70.82,0,62.42,-2.0,2,4.38,0.0,0.0,0.0,0.0,0,0,58.04,v2_conservative_ranker,57.0,-3.0,1,11.53,0.0,0.0,0.0,66.53,66.53,v3_stability_ranker,price_momentum,75500.0,-0.022,0.0342,0.208,75400.0,74175.0,0.1745,0.0365,kis,,,,,,,,,data/raw/price_064400_20260504_20260901.csv,41,False,Broad evaluation pool candidate,37,False,Broad evaluation pool candidate
341170,2026-09-01,2026-09-01,2026-09-01,2026-09-01,HOLD,neutral,58.04,58.04,58.04,73.87,73.87,0,63.0,0.0,0,4.96,0.0,0.0,0.0,0.0,0,0,58.04,v2_conservative_ranker,40.96,-5.0,0,10.8,0.0,0.0,0.0,46.76,46.76,v3_stability_ranker,price_momentum,496.0,0.0,0.0,0.2784,496.0,475.9,0.0,0.0413,kis,,,,,,,,,data/raw/price_341170_20260504_20260901.csv,42,False,Broad evaluation pool candidate,257,False,Broad evaluation pool candidate
054930,2026-09-01,2026-09-01,2026-09-01,2026-09-01,HOLD,neutral,58.03,58.03,58.03,70.94,67.94,3,59.32,-2.0,2,2.29,0.0,0.0,0.0,0.0,0,1,58.03,v2_conservative_ranker,57.0,-3.0,1,14.13,0.0,0.0,0.0,69.14,69.14,v3_stability_ranker,price_momentum,18380.0,-0.0218,0.0205,0.1221,18642.0,18055.0,0.2831,0.0191,unknown,유신,유신,supply_contract,,,,,,data/raw/price_054930_20260802_20260901.csv,43,False,Broad evaluation pool candidate,12,True,Experimental Top 20 by stability-first v3 score
203650,2026-09-01,2026-09-01,2026-09-01,2026-09-01,HOLD,neutral,57.9,57.9,57.9,70.91,70.91,0,62.15,-2.0,2,4.25,0.0,0.0,0.0,0.0,0,0,57.9,v2_conservative_ranker,57.0,-3.0,1,11.69,0.0,0.0,0.0,66.69,66.69,v3_stability_ranker,price_momentum,2130.0,0.0024,0.0315,0.2089,2120.0,2070.65,0.2171,0.0354,kis,,,,,,,,,data/raw/price_203650_20260504_20260901.csv,44,False,Broad evaluation pool candidate,34,False,Broad evaluation pool candidate
121440,2026-09-01,2026-09-01,2026-09-01,2026-09-01,HOLD,neutral,57.86,57.86,57.86,68.44,71.44,-3,65.0,-2.0,2,5.14,0.0,0.0,0.0,0.0,2,0,57.86,v2_conservative_ranker,57.0,-3.0,1,10.58,0.0,0.0,2.0,63.58,63.58,v3_stability_ranker,price_momentum,7950.0,-0.01,0.06,0.1919,7880.0,7277.0,0.021,0.0428,unknown,골프존홀딩스,골프존홀딩스,disclosure_violation,,,,,,data/raw/price_121440_20260802_20260901.csv,45,False,Broad evaluation pool candidate,50,False,Broad evaluation pool candidate
009150,2026-09-01,2026-09-01,2026-09-01,2026-09-01,HOLD,neutral,57.51,57.51,57.51,72.21,72.21,0,64.51,-2.0,2,7.0,0.0,0.0,0.0,0.0,0,0,57.51,v2_conservative_ranker,57.0,-3.0,1,8.26,0.0,2.13,0.0,61.13,61.13,v3_stability_ranker,price_momentum,1437000.0,-0.0144,0.0551,0.2168,1406200.0,1361500.0,0.4219,0.0583,kis,,,,,,,,,data/raw/price_009150_20260504_20260901.csv,46,False,Broad evaluation pool candidate,62,False,Broad evaluation pool candidate
040910,2026-09-01,2026-09-01,2026-09-01,2026-09-01,HOLD,neutral,57.39,57.39,57.39,67.52,67.52,0,59.78,-2.0,2,2.39,0.0,0.0,0.0,0.0,0,0,57.39,v2_conservative_ranker,57.0,-3.0,1,14.02,0.0,0.0,0.0,69.02,69.02,v3_stability_ranker,price_momentum,4565.0,0.0033,0.0351,0.0934,4522.0,4432.25,0.2221,0.0199,kis,,,,,,,,,data/raw/price_040910_20260504_20260901.csv,47,False,Broad evaluation pool candidate,13,True,Experimental Top 20 by stability-first v3 score
004440,2026-09-01,2026-09-01,2026-09-01,2026-09-01,HOLD,neutral,57.19,57.19,57.19,69.71,69.71,0,61.56,-2.0,2,3.67,0.0,0.0,0.0,0.7,0,0,57.19,v2_conservative_ranker,57.0,-3.0,1,12.41,0.0,0.0,1.0,66.41,66.41,v3_stability_ranker,price_momentum,5370.0,0.0,0.0387,0.1341,5340.0,5071.75,0.3654,0.0306,kis,,,,medium_attention,no_risk_noise,,,,data/raw/price_004440_20260504_20260901.csv,48,False,Broad evaluation pool candidate,39,False,Broad evaluation pool candidate
009830,2026-09-01,2026-09-01,2026-09-01,2026-09-01,HOLD,neutral,57.13,57.13,57.13,70.78,70.78,0,63.64,-2.0,2,5.84,0.67,0.0,0.0,0.0,0,0,57.13,v2_conservative_ranker,45.93,-3.0,1,9.7,4.24,0.59,0.0,48.79,48.79,v3_stability_ranker,price_momentum,33850.0,0.0,0.0464,0.3649,33550.0,33432.5,0.169,0.0487,kis,,,,,,,,,data/raw/price_009830_20260504_20260901.csv,49,False,Broad evaluation pool candidate,231,False,Broad evaluation pool candidate
107640,2026-09-01,2026-09-01,2026-09-01,2026-09-01,HOLD,neutral,56.94,56.94,56.94,82.03,82.03,0,67.0,-2.0,2,7.48,2.36,0.23,0.0,0.0,0,0,56.94,v2_conservative_ranker,36.6,-3.0,1,4.65,12.07,2.77,0.0,24.42,24.42,v3_stability_ranker,price_momentum,41650.0,-0.0036,0.1602,0.4024,40200.0,36375.0,0.5438,0.0623,kis,,,,medium_attention,no_risk_noise,,,,data/raw/price_107640_20260504_20260901.csv,50,False,Broad evaluation pool candidate,378,False,Broad evaluation pool candidate
061040,2026-09-01,2026-09-01,2026-09-01,2026-09-01,HOLD,neutral,56.75,56.75,56.75,74.9,74.9,0,67.0,-2.0,2,4.25,0.0,0.0,6.0,0.0,0,0,56.75,v2_conservative_ranker,57.0,-3.0,1,11.69,0.0,0.0,9.0,57.69,57.69,v3_stability_ranker,price_momentum,7220.0,-0.0055,0.0939,0.1721,7288.0,6616.0,0.074,0.0354,kis,,,,,,6,2,2,data/raw/price_061040_20260504_20260901.csv,51,False,Broad evaluation pool candidate,100,False,Broad evaluation pool candidate
001340,2026-09-01,2026-09-01,2026-09-01,2026-09-01,HOLD,neutral,56.58,56.58,56.58,66.81,66.81,0,59.22,-2.0,2,2.64,0.0,0.0,0.0,0.0,0,0,56.58,v2_conservative_ranker,57.0,-3.0,1,13.7,0.0,0.0,0.0,68.7,68.7,v3_stability_ranker,price_momentum,5170.0,-0.0058,0.0197,0.1215,5136.0,5085.25,0.1603,0.022,kis,,,,,,,,,data/raw/price_001340_20260504_20260901.csv,52,False,Broad evaluation pool candidate,15,True,Experimental Top 20 by stability-first v3 score
011930,2026-09-01,2026-09-01,2026-09-01,2026-09-01,HOLD,neutral,56.37,56.37,56.37,67.52,67.52,0,60.68,-2.0,2,4.31,0.0,0.0,0.0,0.0,0,0,56.37,v2_conservative_ranker,57.0,-3.0,1,11.62,0.0,0.0,0.0,66.61,66.61,v3_stability_ranker,price_momentum,16900.0,-0.01,0.0236,0.152,16870.0,16462.0,0.191,0.0359,kis,,,,,,,,,data/raw/price_011930_20260504_20260901.csv,53,False,Broad evaluation pool candidate,35,False,Broad evaluation pool candidate
407400,2026-09-01,2026-09-01,2026-09-01,2026-09-01,HOLD,neutral,56.28,56.28,56.28,76.29,76.29,0,65.44,-2.0,2,3.16,0.0,0.0,6.0,0.0,0,0,56.28,v2_conservative_ranker,57.0,-3.0,1,13.05,0.0,0.0,14.0,54.06,54.06,v3_stability_ranker,price_momentum,2150.0,0.0165,0.0644,0.2113,2102.0,2013.2,0.4127,0.0263,kis,,,,,,10,4,3,data/raw/price_407400_20260504_20260901.csv,54,False,Broad evaluation pool candidate,157,False,Broad evaluation pool candidate
112610,2026-09-01,2026-09-01,2026-09-01,2026-09-01,HOLD,neutral,56.1,56.1,56.1,68.96,68.96,0,59.83,-2.0,2,3.73,0.0,0.0,0.0,0.0,0,0,56.1,v2_conservative_ranker,41.48,-3.0,1,12.34,0.0,0.0,0.0,51.82,51.82,v3_stability_ranker,price_momentum,48450.0,-0.0092,0.0083,0.2634,49320.0,46137.5,0.2059,0.0311,kis,,,,,,,,,data/raw/price_112610_20260504_20260901.csv,55,False,Broad evaluation pool candidate,186,False,Broad evaluation pool candidate
006220,2026-09-01,2026-09-01,2026-09-01,2026-09-01,HOLD,neutral,56.08,56.08,56.08,73.79,73.79,0,63.85,-2.0,2,1.78,0.0,0.0,6.0,0.0,0,0,56.08,v2_conservative_ranker,57.0,-3.0,1,14.78,0.0,0.0,10.6,59.18,59.18,v3_stability_ranker,price_momentum,10200.0,0.0029,0.0592,0.1409,9972.0,9409.5,0.3837,0.0148,kis,,,,,,7,3,2,data/raw/price_006220_20260504_20260901.csv,56,False,Broad evaluation pool candidate,80,False,Broad evaluation pool candidate
000210,2026-09-01,2026-09-01,2026-09-01,2026-09-01,HOLD,neutral,55.9,55.9,55.9,67.36,67.36,0,60.21,-2.0,2,4.31,0.0,0.0,0.0,0.0,0,0,55.9,v2_conservative_ranker,57.0,-3.0,1,11.62,0.0,0.0,0.0,66.61,66.61,v3_stability_ranker,price_momentum,50100.0,-0.006,0.0405,0.0903,50030.0,50027.5,0.3981,0.0359,kis,,,,,,,,,data/raw/price_000210_20260504_20260901.csv,57,False,Broad evaluation pool candidate,36,False,Broad evaluation pool candidate
419540,2026-09-01,2026-09-01,2026-09-01,2026-09-01,HOLD,neutral,55.88,55.88,55.88,74.1,74.1,0,67.0,-2.0,2,5.12,0.0,0.0,6.0,0.0,0,0,55.88,v2_conservative_ranker,57.0,-3.0,1,10.59,0.0,0.0,9.0,56.59,56.59,v3_stability_ranker,price_momentum,3420.0,-0.0087,0.0806,0.1958,3363.0,3294.5,0.0865,0.0427,kis,,,,,,6,2,2,data/raw/price_419540_20260504_20260901.csv,58,False,Broad evaluation pool candidate,117,False,Broad evaluation pool candidate
013520,2026-09-01,2026-09-01,2026-09-01,2026-09-01,HOLD,neutral,55.79,55.79,55.79,65.6,65.6,0,58.62,-2.0,2,2.83,0.0,0.0,0.0,0.0,0,0,55.79,v2_conservative_ranker,57.0,-3.0,1,13.46,0.0,0.0,0.0,68.46,68.46,v3_stability_ranker,price_momentum,2650.0,-0.0149,0.0474,0.0251,2638.0,2626.0,0.3276,0.0236,kis,,,,,,,,,data/raw/price_013520_20260504_20260901.csv,59,False,Broad evaluation pool candidate,18,True,Experimental Top 20 by stability-first v3 score
028080,2026-09-01,2026-09-01,2026-09-01,2026-09-01,HOLD,neutral,55.61,55.61,55.61,77.54,77.54,0,65.26,-2.0,2,3.65,0.0,0.0,6.0,0.0,0,0,55.61,v2_conservative_ranker,53.0,-3.0,1,9.44,0.0,0.0,10.6,49.84,49.84,v3_stability_ranker,price_momentum,5120.0,0.0261,0.1094,0.1216,4842.0,4643.75,0.5935,0.0304,kis,,,,,,7,3,2,data/raw/price_028080_20260504_20260901.csv,60,False,Broad evaluation pool candidate,220,False,Broad evaluation pool candidate
307870,2026-09-01,2026-09-01,2026-09-01,2026-09-01,HOLD,neutral,55.6,55.6,55.6,80.26,80.26,0,67.0,-2.0,2,8.26,2.26,0.88,0.0,0.0,0,0,55.6,v2_conservative_ranker,40.89,-3.0,1,3.68,10.06,3.81,0.0,28.7,28.7,v3_stability_ranker,price_momentum,1152.0,-0.0344,0.135,0.3947,1091.8,998.15,0.6067,0.0688,kis,,,,,,,,,data/raw/price_307870_20260504_20260901.csv,61,False,Broad evaluation pool candidate,361,False,Broad evaluation pool candidate
375500,2026-09-01,2026-09-01,2026-09-01,2026-09-01,HOLD,neutral,55.46,55.46,55.46,66.93,66.93,0,59.2,-2.0,2,3.74,0.0,0.0,0.0,0.0,0,0,55.46,v2_conservative_ranker,49.0,-3.0,1,12.32,0.0,0.0,0.0,59.32,59.32,v3_stability_ranker,price_momentum,70800.0,-0.0167,0.0071,0.1569,72740.0,71615.0,0.25,0.0312,kis,,,,,,,,,data/raw/price_375500_20260504_20260901.csv,62,False,Broad evaluation pool candidate,78,False,Broad evaluation pool candidate
010400,2026-09-01,2026-09-01,2026-09-01,2026-09-01,HOLD,neutral,55.41,55.41,55.41,101.95,101.95,0,69.95,0.0,3,4.54,8.0,5.0,0.0,0.0,0,0,55.41,v2_conservative_ranker,53.0,-6.65,4,4.33,12.78,20.93,0.0,20.97,20.97,v3_stability_ranker,price_momentum,4760.0,0.1388,0.1266,0.1415,4335.0,4243.25,4.7736,0.0378,kis,,,,,,,,,data/raw/price_010400_20260504_20260901.csv,63,False,Broad evaluation pool candidate,389,False,Broad evaluation pool candidate
000640,2026-09-01,2026-09-01,2026-09-01,2026-09-01,HOLD,neutral,55.33,55.33,55.33,64.96,64.96,0,58.31,-2.0,2,2.98,0.0,0.0,0.0,0.0,0,0,55.33,v2_conservative_ranker,57.0,-3.0,1,13.28,0.0,0.0,0.0,68.28,68.28,v3_stability_ranker,price_momentum,93800.0,-0.0042,0.0218,0.0894,93960.0,91900.0,0.1315,0.0248,kis,,,,medium_attention,no_risk_noise,,,,data/raw/price_000640_20260504_20260901.csv,64,False,Broad evaluation pool candidate,19,True,Experimental Top 20 by stability-first v3 score
200230,2026-09-01,2026-09-01,2026-09-01,2026-09-01,HOLD,neutral,55.27,55.27,55.27,64.0,64.0,0,58.44,-2.0,2,3.17,0.0,0.0,0.0,0.0,0,0,55.27,v2_conservative_ranker,57.0,-3.0,1,13.04,0.0,0.0,0.0,68.04,68.04,v3_stability_ranker,price_momentum,2245.0,-0.0175,0.0346,0.0565,2251.0,2250.0,0.0598,0.0264,kis,,,,,,,,,data/raw/price_200230_20260504_20260901.csv,65,False,Broad evaluation pool candidate,21,False,Broad evaluation pool candidate
431190,2026-09-01,2026-09-01,2026-09-01,2026-09-01,HOLD,neutral,55.14,55.14,55.14,73.53,73.53,0,66.78,-2.0,2,9.62,0.0,2.02,0.0,0.0,0,0,55.14,v2_conservative_ranker,48.73,-3.0,1,5.0,0.24,5.63,0.0,45.86,45.86,v3_stability_ranker,price_momentum,2910.0,0.0104,0.0778,0.2848,2805.0,2733.5,0.6251,0.0802,kis,,,,,,,,,data/raw/price_431190_20260504_20260901.csv,66,False,Broad evaluation pool candidate,261,False,Broad evaluation pool candidate
368970,2026-09-01,2026-09-01,2026-09-01,2026-09-01,HOLD,neutral,55.14,55.14,55.14,64.76,64.76,0,56.86,-2.0,2,1.72,0.0,0.0,0.0,0.0,0,0,55.14,v2_conservative_ranker,57.0,-3.0,1,14.86,0.0,0.0,0.0,69.86,69.86,v3_stability_ranker,price_momentum,2400.0,-0.0021,0.0169,0.0619,2392.0,2341.0,0.2335,0.0143,kis,,,,,,,,,data/raw/price_368970_20260504_20260901.csv,67,False,Broad evaluation pool candidate,9,True,Experimental Top 20 by stability-first v3 score
236810,2026-09-01,2026-09-01,2026-09-01,2026-09-01,HOLD,neutral,54.62,54.62,54.62,71.56,71.56,0,63.98,-2.0,2,3.36,0.0,0.0,6.0,0.0,0,0,54.62,v2_conservative_ranker,57.0,-3.0,1,12.8,0.0,0.0,14.0,53.8,53.8,v3_stability_ranker,price_momentum,1624.0,-0.0092,0.0498,0.176,1613.6,1503.35,0.0961,0.028,kis,,,,,,10,4,3,data/raw/price_236810_20260504_20260901.csv,68,False,Broad evaluation pool candidate,161,False,Broad evaluation pool candidate
034730,2026-09-01,2026-09-01,2026-09-01,2026-09-01,HOLD,neutral,54.48,54.48,54.48,66.34,66.34,0,59.65,-2.0,2,5.17,0.0,0.0,0.0,0.0,0,0,54.48,v2_conservative_ranker,57.0,-3.0,1,6.54,1.39,0.0,0.0,60.14,60.14,v3_stability_ranker,price_momentum,574000.0,0.0532,0.0324,0.0975,554400.0,549450.0,0.4229,0.0431,kis,,,,,,,,,data/raw/price_034730_20260504_20260901.csv,69,False,Broad evaluation pool candidate,69,False,Broad evaluation pool candidate
279600,2026-09-01,2026-09-01,2026-09-01,2026-09-01,HOLD,neutral,54.46,54.46,54.46,66.49,63.49,3,57.91,-2.0,2,4.45,0.0,0.0,0.0,0.0,0,1,54.46,v2_conservative_ranker,49.0,-3.0,1,11.43,0.0,0.0,0.0,58.44,58.44,v3_stability_ranker,price_momentum,3870.0,-0.0102,0.0065,0.1217,3858.0,3827.75,0.0773,0.0371,unknown,미디어젠,미디어젠,supply_contract,,,,,,data/raw/price_279600_20260802_20260901.csv,70,False,Broad evaluation pool candidate,93,False,Broad evaluation pool candidate
383800,2026-09-01,2026-09-01,2026-09-01,2026-09-01,HOLD,neutral,54.35,54.35,54.35,64.65,64.65,0,55.98,-2.0,2,1.63,0.0,0.0,0.0,0.0,0,0,54.35,v2_conservative_ranker,49.0,-3.0,1,14.96,0.0,0.0,0.0,61.96,61.96,v3_stability_ranker,price_momentum,8200.0,0.0024,0.0037,0.0747,8204.0,8067.0,0.3182,0.0136,kis,,,,,,,,,data/raw/price_383800_20260504_20260901.csv,71,False,Broad evaluation pool candidate,55,False,Broad evaluation pool candidate
009410,2026-09-01,2026-09-01,2026-09-01,2026-09-01,HOLD,neutral,54.22,54.22,54.22,64.31,64.31,0,56.02,-2.0,2,1.8,0.0,0.0,0.0,0.0,0,0,54.22,v2_conservative_ranker,57.0,-3.0,1,14.75,0.0,0.0,0.0,69.75,69.75,v3_stability_ranker,price_momentum,1662.0,-0.0275,0.0209,0.0266,1674.2,1634.95,0.3976,0.015,kis,,,,medium_attention,no_risk_noise,,,,data/raw/price_009410_20260504_20260901.csv,72,False,Broad evaluation pool candidate,10,True,Experimental Top 20 by stability-first v3 score
484870,2026-09-01,2026-09-01,2026-09-01,2026-09-01,HOLD,neutral,54.12,54.12,54.12,72.76,72.76,0,62.73,-2.0,2,7.97,0.0,0.64,0.0,0.0,0,0,54.12,v2_conservative_ranker,50.5,-3.0,1,7.04,3.35,3.42,0.0,48.76,48.76,v3_stability_ranker,neutral,17710.0,-0.0322,0.1553,0.1636,16284.0,16520.0,0.7026,0.0664,kis,,,,,,,,,data/raw/price_484870_20260504_20260901.csv,73,False,Broad evaluation pool candidate,233,False,Broad evaluation pool candidate
033530,2026-09-01,2026-09-01,2026-09-01,2026-09-01,HOLD,neutral,54.05,54.05,54.05,64.46,64.46,0,56.81,-2.0,2,2.76,0.0,0.0,0.0,0.0,0,0,54.05,v2_conservative_ranker,49.0,-3.0,1,13.55,0.0,0.0,0.0,60.55,60.55,v3_stability_ranker,price_momentum,6960.0,-0.0071,0.0087,0.0841,6968.0,6905.5,0.2812,0.023,kis,,,,,,,,,data/raw/price_033530_20260504_20260901.csv,74,False,Broad evaluation pool candidate,67,False,Broad evaluation pool candidate
141000,2026-09-01,2026-09-01,2026-09-01,2026-09-01,HOLD,neutral,54.05,54.05,54.05,63.8,63.8,0,56.59,-2.0,2,2.54,0.0,0.0,0.0,0.0,0,0,54.05,v2_conservative_ranker,49.0,-3.0,1,13.82,0.0,0.0,0.0,60.82,60.82,v3_stability_ranker,price_momentum,8990.0,-0.0022,0.0022,0.0963,9006.0,8809.5,0.1468,0.0212,kis,,,,,,,,,data/raw/price_141000_20260504_20260901.csv,75,False,Broad evaluation pool candidate,66,False,Broad evaluation pool candidate
002420,2026-09-01,2026-09-01,2026-09-01,2026-09-01,HOLD,neutral,53.88,53.88,53.88,63.03,63.03,0,57.64,-2.0,2,3.76,0.0,0.0,0.0,0.0,0,0,53.88,v2_conservative_ranker,57.0,-3.0,1,12.3,0.0,0.0,0.0,67.31,67.31,v3_stability_ranker,price_momentum,5750.0,-0.0204,0.0159,0.087,5864.0,5792.5,0.036,0.0313,kis,,,,,,,,,data/raw/price_002420_20260504_20260901.csv,76,False,Broad evaluation pool candidate,28,False,Broad evaluation pool candidate
033920,2026-09-01,2026-09-01,2026-09-01,2026-09-01,HOLD,neutral,53.87,53.87,53.87,64.11,64.11,0,55.55,-2.0,2,1.68,0.0,0.0,0.0,0.0,0,0,53.87,v2_conservative_ranker,49.0,-3.0,1,14.9,0.0,0.0,0.0,61.9,61.9,v3_stability_ranker,price_momentum,7860.0,-0.0101,0.0077,0.0508,7894.0,7748.0,0.3664,0.014,kis,,,,low_attention,no_risk_noise,,,,data/raw/price_033920_20260504_20260901.csv,77,False,Broad evaluation pool candidate,57,False,Broad evaluation pool candidate
003470,2026-09-01,2026-09-01,2026-09-01,2026-09-01,HOLD,neutral,53.82,53.82,53.82,63.02,63.02,0,56.24,-2.0,2,2.42,0.0,0.0,0.0,0.0,0,0,53.82,v2_conservative_ranker,49.0,-3.0,1,13.97,0.0,0.0,0.0,60.97,60.97,v3_stability_ranker,price_momentum,4705.0,-0.0053,0.0021,0.0866,4745.0,4638.5,0.0826,0.0202,unknown,유안타증권,유안타증권,major_shareholder_change,low_attention,no_risk_noise,,,,data/raw/price_003470_20260802_20260901.csv,78,False,Broad evaluation pool candidate,63,False,Broad evaluation pool candidate
028260,2026-09-01,2026-09-01,2026-09-01,2026-09-01,HOLD,neutral,53.59,53.59,53.59,67.49,68.49,-1,62.26,-2.0,2,4.97,0.0,0.0,0.0,4.7,0,1,53.59,v2_conservative_ranker,57.0,-3.0,1,10.79,0.0,0.0,7.2,58.59,58.59,v3_stability_ranker,price_momentum,380750.0,0.0113,0.0375,0.1573,379050.0,361237.5,0.1689,0.0414,unknown,삼성물산,삼성물산,supply_contract,low_attention,risk_noise_detected,,,,data/raw/price_028260_20260802_20260901.csv,79,False,Broad evaluation pool candidate,90,False,Broad evaluation pool candidate
182360,2026-09-01,2026-09-01,2026-09-01,2026-09-01,HOLD,neutral,53.5,53.5,53.5,61.51,64.51,-3,58.15,-2.0,2,2.65,0.0,0.0,0.0,0.0,2,0,53.5,v2_conservative_ranker,54.5,-3.0,1,13.68,0.0,0.0,2.0,64.19,64.19,v3_stability_ranker,neutral,5870.0,0.0173,0.0673,0.0692,5716.0,5742.0,0.7549,0.0221,unknown,큐브엔터,큐브엔터,paid_in_capital_increase,,,,,,data/raw/price_182360_20260802_20260901.csv,80,False,Broad evaluation pool candidate,45,False,Broad evaluation pool candidate
009810,2026-09-01,2026-09-01,2026-09-01,2026-09-01,HOLD,neutral,53.4,53.4,53.4,61.29,61.29,0,58.3,-2.0,2,4.9,0.0,0.0,0.0,0.0,0,0,53.4,v2_conservative_ranker,51.0,-3.0,1,10.88,0.0,0.0,0.0,59.88,59.88,v3_stability_ranker,price_momentum,1907.0,0.0037,0.0589,-0.017,1901.2,1859.15,0.0542,0.0408,kis,,,,,,,,,data/raw/price_009810_20260504_20260901.csv,81,False,Broad evaluation pool candidate,73,False,Broad evaluation pool candidate
290270,2026-09-01,2026-09-01,2026-09-01,2026-09-01,HOLD,neutral,53.03,53.03,53.03,62.54,62.54,0,55.5,-2.0,2,2.47,0.0,0.0,0.0,0.0,0,0,53.03,v2_conservative_ranker,49.0,-3.0,1,13.91,0.0,0.0,0.0,60.91,60.91,v3_stability_ranker,price_momentum,2880.0,0.0035,0.0017,0.0667,2874.0,2787.5,0.1833,0.0206,kis,,,,,,,,,data/raw/price_290270_20260504_20260901.csv,82,False,Broad evaluation pool candidate,64,False,Broad evaluation pool candidate
011000,2026-09-01,2026-09-01,2026-09-01,2026-09-01,HOLD,neutral,53.0,53.0,53.0,60.0,60.0,0,53.0,0.0,0,0.0,0.0,0.0,0.0,0.0,0,0,53.0,v2_conservative_ranker,43.0,-5.0,0,17.0,0.0,0.0,0.0,55.0,55.0,v3_stability_ranker,price_momentum,2670.0,0.0,0.0,0.0,2670.0,2670.0,0.0,0.0,kis,,,,,,,,,data/raw/price_011000_20260504_20260901.csv,83,False,Broad evaluation pool candidate,136,False,Broad evaluation pool candidate
011810,2026-09-01,2026-09-01,2026-09-01,2026-09-01,HOLD,neutral,53.0,53.0,53.0,60.0,60.0,0,53.0,0.0,0,0.0,0.0,0.0,0.0,0.0,0,0,53.0,v2_conservative_ranker,43.0,-5.0,0,17.0,0.0,0.0,0.0,55.0,55.0,v3_stability_ranker,price_momentum,3530.0,0.0,0.0,0.0,3530.0,3530.0,0.0,0.0,kis,,,,,,,,,data/raw/price_011810_20260504_20260901.csv,84,False,Broad evaluation pool candidate,137,False,Broad evaluation pool candidate
017040,2026-09-01,2026-09-01,2026-09-01,2026-09-01,HOLD,neutral,53.0,53.0,53.0,60.0,60.0,0,53.0,0.0,0,0.0,0.0,0.0,0.0,0.0,0,0,53.0,v2_conservative_ranker,43.0,-5.0,0,17.0,0.0,0.0,0.0,55.0,55.0,v3_stability_ranker,price_momentum,932.0,0.0,0.0,0.0,932.0,932.0,0.0,0.0,kis,,,,medium_attention,no_risk_noise,,,,data/raw/price_017040_20260504_20260901.csv,85,False,Broad evaluation pool candidate,138,False,Broad evaluation pool candidate
019490,2026-09-01,2026-09-01,2026-09-01,2026-09-01,HOLD,neutral,53.0,53.0,53.0,60.0,60.0,0,53.0,0.0,0,0.0,0.0,0.0,0.0,0.0,0,0,53.0,v2_conservative_ranker,43.0,-5.0,0,17.0,0.0,0.0,0.0,55.0,55.0,v3_stability_ranker,price_momentum,541.0,0.0,0.0,0.0,541.0,541.0,0.0,0.0,kis,,,,,,,,,data/raw/price_019490_20260504_20260901.csv,86,False,Broad evaluation pool candidate,139,False,Broad evaluation pool candidate
023440,2026-09-01,2026-09-01,2026-09-01,2026-09-01,HOLD,neutral,53.0,53.0,53.0,60.0,60.0,0,53.0,0.0,0,0.0,0.0,0.0,0.0,0.0,0,0,53.0,v2_conservative_ranker,43.0,-5.0,0,17.0,0.0,0.0,0.0,55.0,55.0,v3_stability_ranker,price_momentum,521.0,0.0,0.0,0.0,521.0,521.0,0.0,0.0,kis,,,,,,,,,data/raw/price_023440_20260504_20260901.csv,87,False,Broad evaluation pool candidate,140,False,Broad evaluation pool candidate
031860,2026-09-01,2026-09-01,2026-09-01,2026-09-01,HOLD,neutral,53.0,53.0,53.0,60.0,60.0,0,53.0,0.0,0,0.0,0.0,0.0,0.0,0.0,0,0,53.0,v2_conservative_ranker,43.0,-5.0,0,17.0,0.0,0.0,0.0,55.0,55.0,v3_stability_ranker,price_momentum,6930.0,0.0,0.0,0.0,6930.0,6930.0,0.0,0.0,kis,,,,,,,,,data/raw/price_031860_20260504_20260901.csv,88,False,Broad evaluation pool candidate,141,False,Broad evaluation pool candidate
052770,2026-09-01,2026-09-01,2026-09-01,2026-09-01,HOLD,neutral,53.0,53.0,53.0,60.0,60.0,0,53.0,0.0,0,0.0,0.0,0.0,0.0,0.0,0,0,53.0,v2_conservative_ranker,43.0,-5.0,0,17.0,0.0,0.0,0.0,55.0,55.0,v3_stability_ranker,price_momentum,312.0,0.0,0.0,0.0,312.0,312.0,0.0,0.0,kis,,,,,,,,,data/raw/price_052770_20260504_20260901.csv,89,False,Broad evaluation pool candidate,142,False,Broad evaluation pool candidate
066410,2026-09-01,2026-09-01,2026-09-01,2026-09-01,HOLD,neutral,53.0,53.0,53.0,60.0,60.0,0,53.0,0.0,0,0.0,0.0,0.0,0.0,0.0,0,0,53.0,v2_conservative_ranker,43.0,-5.0,0,17.0,0.0,0.0,0.0,55.0,55.0,v3_stability_ranker,price_momentum,1153.0,0.0,0.0,0.0,1153.0,1153.0,0.0,0.0,kis,,,,,,,,,data/raw/price_066410_20260504_20260901.csv,90,False,Broad evaluation pool candidate,143,False,Broad evaluation pool candidate
068240,2026-09-01,2026-09-01,2026-09-01,2026-09-01,HOLD,neutral,53.0,53.0,53.0,60.0,60.0,0,53.0,0.0,0,0.0,0.0,0.0,0.0,0.0,0,0,53.0,v2_conservative_ranker,43.0,-5.0,0,17.0,0.0,0.0,0.0,55.0,55.0,v3_stability_ranker,price_momentum,2530.0,0.0,0.0,0.0,2530.0,2530.0,0.0,0.0,kis,,,,,,,,,data/raw/price_068240_20260504_20260901.csv,91,False,Broad evaluation pool candidate,144,False,Broad evaluation pool candidate
074610,2026-09-01,2026-09-01,2026-09-01,2026-09-01,HOLD,neutral,53.0,53.0,53.0,60.0,60.0,0,53.0,0.0,0,0.0,0.0,0.0,0.0,0.0,0,0,53.0,v2_conservative_ranker,43.0,-5.0,0,17.0,0.0,0.0,0.0,55.0,55.0,v3_stability_ranker,price_momentum,5110.0,0.0,0.0,0.0,5110.0,5110.0,0.0,0.0,kis,,,,,,,,,data/raw/price_074610_20260504_20260901.csv,92,False,Broad evaluation pool candidate,145,False,Broad evaluation pool candidate
183490,2026-09-01,2026-09-01,2026-09-01,2026-09-01,HOLD,neutral,53.0,53.0,53.0,60.0,60.0,0,53.0,0.0,0,0.0,0.0,0.0,0.0,0.0,0,0,53.0,v2_conservative_ranker,43.0,-5.0,0,17.0,0.0,0.0,0.0,55.0,55.0,v3_stability_ranker,price_momentum,990.0,0.0,0.0,0.0,990.0,990.0,0.0,0.0,kis,,,,,,,,,data/raw/price_183490_20260504_20260901.csv,93,False,Broad evaluation pool candidate,146,False,Broad evaluation pool candidate
276040,2026-09-01,2026-09-01,2026-09-01,2026-09-01,HOLD,neutral,53.0,53.0,53.0,60.0,60.0,0,53.0,0.0,0,0.0,0.0,0.0,0.0,0.0,0,0,53.0,v2_conservative_ranker,43.0,-5.0,0,17.0,0.0,0.0,0.0,55.0,55.0,v3_stability_ranker,price_momentum,327.0,0.0,0.0,0.0,327.0,327.0,0.0,0.0,kis,,,,,,,,,data/raw/price_276040_20260504_20260901.csv,94,False,Broad evaluation pool candidate,147,False,Broad evaluation pool candidate
288330,2026-09-01,2026-09-01,2026-09-01,2026-09-01,HOLD,neutral,53.0,53.0,53.0,60.0,60.0,0,53.0,0.0,0,0.0,0.0,0.0,0.0,0.0,0,0,53.0,v2_conservative_ranker,43.0,-5.0,0,17.0,0.0,0.0,0.0,55.0,55.0,v3_stability_ranker,price_momentum,416.0,0.0,0.0,0.0,416.0,416.0,0.0,0.0,kis,,,,,,,,,data/raw/price_288330_20260504_20260901.csv,95,False,Broad evaluation pool candidate,148,False,Broad evaluation pool candidate
294090,2026-09-01,2026-09-01,2026-09-01,2026-09-01,HOLD,neutral,53.0,53.0,53.0,60.0,60.0,0,53.0,0.0,0,0.0,0.0,0.0,0.0,0.0,0,0,53.0,v2_conservative_ranker,43.0,-5.0,0,17.0,0.0,0.0,0.0,55.0,55.0,v3_stability_ranker,price_momentum,1490.0,0.0,0.0,0.0,1490.0,1490.0,0.0,0.0,kis,,,,,,,,,data/raw/price_294090_20260504_20260901.csv,96,False,Broad evaluation pool candidate,149,False,Broad evaluation pool candidate
348950,2026-09-01,2026-09-01,2026-09-01,2026-09-01,HOLD,neutral,53.0,53.0,53.0,60.0,60.0,0,53.0,0.0,0,0.0,0.0,0.0,0.0,0.0,0,0,53.0,v2_conservative_ranker,43.0,-5.0,0,17.0,0.0,0.0,0.0,55.0,55.0,v3_stability_ranker,price_momentum,1182.0,0.0,0.0,0.0,1182.0,1182.0,0.0,0.0,kis,,,,,,,,,data/raw/price_348950_20260504_20260901.csv,97,False,Broad evaluation pool candidate,150,False,Broad evaluation pool candidate
230360,2026-06-29,2026-06-29,2026-06-29,2026-09-01,HOLD,neutral,52.98,52.98,52.98,59.98,59.98,0,53.0,0.0,0,0.02,0.0,0.0,0.0,0.0,0,0,52.98,v2_conservative_ranker,43.0,-5.0,0,16.97,0.0,0.0,0.0,54.97,54.97,v3_stability_ranker,price_momentum,16000.0,0.0,0.0,0.0,16000.0,16000.5,0.0,0.0002,kis,,,,,,,,,data/raw/price_230360_20260504_20260901.csv,98,False,Broad evaluation pool candidate,151,False,Broad evaluation pool candidate
009160,2026-09-01,2026-09-01,2026-09-01,2026-09-01,HOLD,neutral,52.87,52.87,52.87,70.24,70.24,0,60.93,-2.0,2,2.06,0.0,0.0,6.0,0.0,0,0,52.87,v2_conservative_ranker,57.0,-3.0,1,14.42,0.0,0.0,13.5,55.92,55.92,v3_stability_ranker,price_momentum,5140.0,-0.0228,0.0352,0.126,5188.0,4941.25,0.3563,0.0172,kis,,,,,,9,3,3,data/raw/price_009160_20260504_20260901.csv,99,False,Broad evaluation pool candidate,126,False,Broad evaluation pool candidate
378800,2026-09-01,2026-09-01,2026-09-01,2026-09-01,HOLD,neutral,52.85,52.85,52.85,66.78,66.78,0,65.48,-2.0,2,10.0,0.0,2.63,0.0,0.0,0,0,52.85,v2_conservative_ranker,57.0,-3.0,1,5.0,0.0,6.61,0.0,53.39,53.39,v3_stability_ranker,price_momentum,495.0,-0.0237,0.0784,0.1327,495.0,491.45,0.0502,0.0863,kis,,,,,,,,,data/raw/price_378800_20260504_20260901.csv,100,False,Broad evaluation pool candidate,167,False,Broad evaluation pool candidate
009290,2026-09-01,2026-09-01,2026-09-01,2026-09-01,HOLD,neutral,52.79,52.79,52.79,61.86,61.86,0,55.99,-2.0,2,3.2,0.0,0.0,0.0,0.0,0,0,52.79,v2_conservative_ranker,57.0,-3.0,1,13.0,0.0,0.0,0.0,68.0,68.0,v3_stability_ranker,price_momentum,6320.0,-0.011,0.0161,0.0395,6382.0,6321.5,0.1568,0.0267,kis,,,,low_attention,no_risk_noise,,,,data/raw/price_009290_20260504_20260901.csv,101,False,Broad evaluation pool candidate,22,False,Broad evaluation pool candidate
044380,2026-09-01,2026-09-01,2026-09-01,2026-09-01,HOLD,neutral,52.54,52.54,52.54,82.33,82.33,0,67.0,-2.0,2,6.8,7.65,0.0,0.0,0.0,0,0,52.54,v2_conservative_ranker,34.58,-3.0,1,1.49,18.72,1.87,0.0,13.48,13.48,v3_stability_ranker,price_momentum,1030.0,-0.0762,0.2425,0.2956,960.0,862.5,0.5,0.0567,kis,,,,low_attention,no_risk_noise,,,,data/raw/price_044380_20260504_20260901.csv,102,False,Broad evaluation pool candidate,408,False,Broad evaluation pool candidate
263600,2026-09-01,2026-09-01,2026-09-01,2026-09-01,HOLD,neutral,52.31,52.31,52.31,61.51,64.51,-3,57.94,-2.0,2,3.62,0.0,0.0,0.0,0.0,2,0,52.31,v2_conservative_ranker,49.0,-3.0,1,12.47,0.0,0.0,2.0,57.47,57.47,v3_stability_ranker,price_momentum,3665.0,-0.0014,0.0041,0.1294,3687.0,3682.0,0.1085,0.0302,unknown,덕우전자,덕우전자,convertible_bond,,,,,,data/raw/price_263600_20260802_20260901.csv,103,False,Broad evaluation pool candidate,104,False,Broad evaluation pool candidate
448730,2026-09-01,2026-09-01,2026-09-01,2026-09-01,HOLD,neutral,52.27,52.27,52.27,59.0,62.0,-3,55.75,-2.0,2,1.49,0.0,0.0,0.0,0.0,2,0,52.27,v2_conservative_ranker,57.0,-3.0,1,15.14,0.0,0.0,2.0,68.14,68.14,v3_stability_ranker,price_momentum,5490.0,-0.0018,0.0204,0.0204,5504.0,5465.0,0.0299,0.0124,unknown,삼성FN리츠,삼성FN리츠,paid_in_capital_increase,,,,,,data/raw/price_448730_20260802_20260901.csv,104,False,Broad evaluation pool candidate,20,True,Experimental Top 20 by stability-first v3 score
317400,2026-09-01,2026-09-01,2026-09-01,2026-09-01,HOLD,neutral,52.15,52.15,52.15,77.98,77.98,0,67.0,-2.0,2,6.13,8.72,0.0,0.0,0.0,0,0,52.15,v2_conservative_ranker,39.0,-3.0,1,6.33,13.56,0.98,0.0,28.8,28.8,v3_stability_ranker,price_momentum,11320.0,-0.0216,0.1153,0.6972,11224.0,9742.5,0.2592,0.0511,kis,,,,medium_attention,no_risk_noise,,,,data/raw/price_317400_20260504_20260901.csv,105,False,Broad evaluation pool candidate,359,False,Broad evaluation pool candidate
027040,2026-09-01,2026-09-01,2026-09-01,2026-09-01,HOLD,neutral,52.04,52.04,52.04,66.37,70.37,-4,64.29,-2.0,2,7.39,0.0,0.16,0.0,4.7,0,0,52.04,v2_conservative_ranker,57.0,-3.0,1,7.76,0.0,2.66,7.2,52.9,52.9,v3_stability_ranker,price_momentum,2010.0,0.035,0.0529,0.2065,1991.0,1977.3,0.2069,0.0616,kis,,,,low_attention,risk_noise_detected,,,,data/raw/price_027040_20260504_20260901.csv,106,False,Broad evaluation pool candidate,175,False,Broad evaluation pool candidate
159910,2026-09-01,2026-09-01,2026-09-01,2026-09-01,HOLD,neutral,51.82,51.82,51.82,59.84,59.84,0,54.11,-2.0,2,2.29,0.0,0.0,0.0,0.0,0,0,51.82,v2_conservative_ranker,43.0,-3.0,1,14.13,0.0,0.0,0.0,55.13,55.13,v3_stability_ranker,price_momentum,3195.0,0.0063,0.0095,0.0047,3220.0,3199.5,0.0945,0.0191,kis,,,,,,,,,data/raw/price_159910_20260504_20260901.csv,107,False,Broad evaluation pool candidate,135,False,Broad evaluation pool candidate
028050,2026-09-01,2026-09-01,2026-09-01,2026-09-01,HOLD,neutral,51.82,51.82,51.82,63.36,60.36,3,54.74,-2.0,2,3.92,0.0,0.0,0.0,0.0,0,1,51.82,v2_conservative_ranker,49.0,-3.0,1,12.09,0.0,0.0,0.0,59.09,59.09,v3_stability_ranker,price_momentum,46050.0,-0.0223,0.0044,0.0372,48050.0,48037.5,0.2216,0.0327,unknown,삼성E&A,삼성E&A,supply_contract,,,,,,data/raw/price_028050_20260802_20260901.csv,108,False,Broad evaluation pool candidate,81,False,Broad evaluation pool candidate
011370,2026-09-01,2026-09-01,2026-09-01,2026-09-01,HOLD,neutral,51.8,51.8,51.8,61.68,58.68,3,46.7,3.69,3,2.58,0.0,0.0,0.0,0.0,0,1,51.8,v2_conservative_ranker,43.33,8.0,6,13.78,0.0,0.0,0.0,71.11,71.11,v3_stability_ranker,neutral,3760.0,-0.0396,-0.0396,0.0474,3884.0,3888.5,1.7372,0.0215,unknown,서한,서한,supply_contract,,,,,,data/raw/price_011370_20260802_20260901.csv,109,False,Broad evaluation pool candidate,6,True,Experimental Top 20 by stability-first v3 score
241840,2026-09-01,2026-09-01,2026-09-01,2026-09-01,HOLD,neutral,51.59,51.59,51.59,67.29,67.29,0,57.81,-2.0,2,1.22,0.0,0.0,6.0,0.0,0,1,51.59,v2_conservative_ranker,57.0,-3.0,1,15.47,0.0,0.0,9.0,61.47,61.47,v3_stability_ranker,price_momentum,2435.0,0.0,0.021,0.0774,2408.0,2373.25,0.3906,0.0102,kis,,,,,,6,2,2,data/raw/price_241840_20260504_20260901.csv,110,False,Broad evaluation pool candidate,59,False,Broad evaluation pool candidate
250060,2026-09-01,2026-09-01,2026-09-01,2026-09-01,HOLD,neutral,51.44,51.44,51.44,69.29,69.29,0,60.7,-2.0,2,4.26,0.0,0.0,6.0,0.0,0,1,51.44,v2_conservative_ranker,57.0,-3.0,1,11.68,0.0,0.0,9.0,57.67,57.67,v3_stability_ranker,price_momentum,2995.0,-0.0116,0.017,0.1885,3003.0,2906.0,0.2851,0.0355,kis,,,,,,6,2,2,data/raw/price_250060_20260504_20260901.csv,111,False,Broad evaluation pool candidate,101,False,Broad evaluation pool candidate
003920,2026-09-01,2026-09-01,2026-09-01,2026-09-01,HOLD,neutral,51.43,51.43,51.43,60.69,64.69,-4,57.85,-2.0,2,1.73,0.0,0.0,0.0,4.7,0,0,51.43,v2_conservative_ranker,57.0,-3.0,1,14.84,0.0,0.0,7.2,62.64,62.64,v3_stability_ranker,price_momentum,44500.0,0.0023,0.0409,0.0218,43800.0,43760.0,0.1583,0.0144,kis,,,,low_attention,risk_noise_detected,,,,data/raw/price_003920_20260504_20260901.csv,112,False,Broad evaluation pool candidate,54,False,Broad evaluation pool candidate
101970,2026-09-01,2026-09-01,2026-09-01,2026-09-01,HOLD,neutral,51.29,51.29,51.29,63.44,60.44,3,53.66,-2.0,2,3.37,0.0,0.0,0.0,0.0,0,1,51.29,v2_conservative_ranker,46.5,-3.0,1,12.79,0.0,0.0,0.0,57.28,57.28,v3_stability_ranker,neutral,11030.0,-0.0196,-0.0134,0.1886,11068.0,10292.0,0.5269,0.0281,unknown,우양에이치씨,우양에이치씨,supply_contract,,,,,,data/raw/price_101970_20260802_20260901.csv,113,False,Broad evaluation pool candidate,107,False,Broad evaluation pool candidate
006730,2026-09-01,2026-09-01,2026-09-01,2026-09-01,HOLD,neutral,51.27,51.27,51.27,63.53,63.53,0,57.18,-2.0,2,3.91,0.0,0.0,3.0,0.0,0,1,51.27,v2_conservative_ranker,49.0,-3.0,1,12.11,0.0,0.0,4.5,54.61,54.61,v3_stability_ranker,price_momentum,10870.0,-0.0234,0.0121,0.0848,11042.0,10738.0,0.2228,0.0326,kis,,,,,,3,1,1,data/raw/price_006730_20260504_20260901.csv,114,False,Broad evaluation pool candidate,153,False,Broad evaluation pool candidate
013360,2026-09-01,2026-09-01,2026-09-01,2026-09-01,HOLD,neutral,51.25,51.25,51.25,57.71,57.71,0,54.69,-2.0,2,3.44,0.0,0.0,0.0,0.0,0,0,51.25,v2_conservative_ranker,54.5,-3.0,1,12.7,0.0,0.0,0.0,65.19,65.19,v3_stability_ranker,neutral,1493.0,-0.0047,0.0184,0.11,1501.6,1505.85,0.206,0.0287,kis,,,,medium_attention,no_risk_noise,,,,data/raw/price_013360_20260504_20260901.csv,115,False,Broad evaluation pool candidate,43,False,Broad evaluation pool candidate
001260,2026-09-01,2026-09-01,2026-09-01,2026-09-01,HOLD,neutral,51.1,51.1,51.1,58.37,55.37,3,53.49,-2.0,2,3.4,0.0,0.0,0.0,0.0,0,1,51.1,v2_conservative_ranker,46.5,-3.0,1,12.75,0.0,0.0,0.0,57.25,57.25,v3_stability_ranker,neutral,7730.0,-0.0026,0.0144,0.0872,7770.0,7778.0,0.0667,0.0283,unknown,남광토건,남광토건,supply_contract,,,,,,data/raw/price_001260_20260802_20260901.csv,116,False,Broad evaluation pool candidate,108,False,Broad evaluation pool candidate
038530,2026-09-01,2026-09-01,2026-09-01,2026-09-01,HOLD,neutral,51.07,51.07,51.07,55.46,55.46,0,54.83,0.0,0,3.76,0.0,0.0,0.0,0.0,0,0,51.07,v2_conservative_ranker,54.5,-5.0,0,12.3,0.0,0.0,0.0,61.8,61.8,v3_stability_ranker,neutral,999.0,0.0,0.0406,0.0505,999.0,1019.95,0.0,0.0313,kis,,,,,,,,,data/raw/price_038530_20260504_20260901.csv,117,False,Broad evaluation pool candidate,58,False,Broad evaluation pool candidate
060370,2026-09-01,2026-09-01,2026-09-01,2026-09-01,HOLD,neutral,51.0,51.0,51.0,61.53,58.53,3,54.69,-2.0,2,4.69,0.0,0.0,0.0,0.0,0,1,51.0,v2_conservative_ranker,46.5,-3.0,1,11.13,0.0,0.0,0.0,55.63,55.63,v3_stability_ranker,neutral,31950.0,-0.0318,-0.0031,0.1855,33270.0,32020.0,0.2464,0.0391,unknown,LS마린솔루션,LS마린솔루션,supply_contract,,,,,,data/raw/price_060370_20260802_20260901.csv,118,False,Broad evaluation pool candidate,132,False,Broad evaluation pool candidate
002020,2026-09-01,2026-09-01,2026-09-01,2026-09-01,HOLD,neutral,50.92,50.92,50.92,58.35,55.35,3,53.61,-2.0,2,3.68,0.0,0.0,0.0,0.0,0,1,50.92,v2_conservative_ranker,54.5,-3.0,1,12.39,0.0,0.0,0.0,64.89,64.89,v3_stability_ranker,neutral,25950.0,0.0039,0.0176,0.0813,25890.0,26222.5,0.0999,0.0307,unknown,코오롱,코오롱,supply_contract,,,,,,data/raw/price_002020_20260802_20260901.csv,119,False,Broad evaluation pool candidate,44,False,Broad evaluation pool candidate
082740,2026-09-01,2026-09-01,2026-09-01,2026-09-01,HOLD,neutral,50.74,50.74,50.74,62.24,62.24,0,54.68,0.0,2,5.94,0.0,0.0,0.0,0.0,0,0,50.74,v2_conservative_ranker,39.64,2.0,6,9.57,0.0,0.72,0.0,56.49,56.49,v3_stability_ranker,neutral,47300.0,-0.0032,-0.0032,0.2447,47840.0,46105.0,0.918,0.0495,kis,,,,medium_attention,no_risk_noise,,,,data/raw/price_082740_20260504_20260901.csv,120,False,Broad evaluation pool candidate,119,False,Broad evaluation pool candidate
115530,2026-09-01,2026-09-01,2026-09-01,2026-09-01,HOLD,neutral,50.69,50.69,50.69,69.34,66.34,3,59.82,-2.0,2,5.93,4.2,0.0,0.0,0.0,0,1,50.69,v2_conservative_ranker,35.18,-3.0,1,9.59,8.17,0.7,0.0,33.9,33.9,v3_stability_ranker,price_momentum,3060.0,-0.0033,0.0082,0.4434,3012.0,2797.25,0.0775,0.0494,unknown,씨엔플러스,씨엔플러스,supply_contract,,,,,,data/raw/price_115530_20260802_20260901.csv,121,False,Broad evaluation pool candidate,338,False,Broad evaluation pool candidate
032580,2026-09-01,2026-09-01,2026-09-01,2026-09-01,HOLD,neutral,50.5,50.5,50.5,79.21,79.21,0,67.0,-2.0,2,9.41,5.25,1.84,0.0,0.0,0,0,50.5,v2_conservative_ranker,32.71,-3.0,1,5.24,15.23,5.34,0.0,15.38,15.38,v3_stability_ranker,price_momentum,4800.0,-0.0052,0.2121,0.4097,4557.0,4455.25,0.3415,0.0784,kis,,,,,,,,,data/raw/price_032580_20260504_20260901.csv,122,False,Broad evaluation pool candidate,402,False,Broad evaluation pool candidate
005960,2026-09-01,2026-09-01,2026-09-01,2026-09-01,HOLD,neutral,50.5,50.5,50.5,62.49,62.49,0,54.33,-2.0,2,3.83,0.0,0.0,0.0,0.0,0,0,50.5,v2_conservative_ranker,46.5,-3.0,1,12.21,0.0,0.0,0.0,56.72,56.72,v3_stability_ranker,neutral,7430.0,-0.0013,-0.0067,0.2081,7538.0,7407.5,0.7248,0.0319,kis,,,,,,,,,data/raw/price_005960_20260504_20260901.csv,123,False,Broad evaluation pool candidate,114,False,Broad evaluation pool candidate
115160,2026-09-01,2026-09-01,2026-09-01,2026-09-01,HOLD,neutral,50.48,50.48,50.48,56.02,56.02,0,54.88,-2.0,2,4.4,0.0,0.0,0.0,0.0,0,0,50.48,v2_conservative_ranker,54.5,-3.0,1,11.49,0.0,0.0,0.0,63.99,63.99,v3_stability_ranker,neutral,5440.0,0.0187,0.0482,0.0303,5342.0,5373.0,0.2265,0.0367,kis,,,,,,,,,data/raw/price_115160_20260504_20260901.csv,124,False,Broad evaluation pool candidate,46,False,Broad evaluation pool candidate
006120,2026-09-01,2026-09-01,2026-09-01,2026-09-01,HOLD,neutral,50.45,50.45,50.45,56.18,56.18,0,53.18,-2.0,2,2.74,0.0,0.0,0.0,0.0,0,0,50.45,v2_conservative_ranker,54.5,-3.0,1,13.58,0.0,0.0,0.0,66.08,66.08,v3_stability_ranker,neutral,52700.0,0.0333,0.0273,0.0415,50930.0,52167.5,0.2761,0.0228,kis,,,,medium_attention,no_risk_noise,,,,data/raw/price_006120_20260504_20260901.csv,125,False,Broad evaluation pool candidate,40,False,Broad evaluation pool candidate
066980,2026-09-01,2026-09-01,2026-09-01,2026-09-01,HOLD,neutral,50.45,50.45,50.45,60.33,60.33,0,56.98,-2.0,2,6.53,0.0,0.0,0.0,0.0,0,0,50.45,v2_conservative_ranker,47.34,-3.0,1,8.84,0.0,1.5,0.0,52.68,52.68,v3_stability_ranker,neutral,1599.0,-0.0099,0.0198,0.2531,1582.0,1598.05,0.2984,0.0544,kis,,,,medium_attention,no_risk_noise,,,,data/raw/price_066980_20260504_20260901.csv,126,False,Broad evaluation pool candidate,178,False,Broad evaluation pool candidate
035760,2026-09-01,2026-09-01,2026-09-01,2026-09-01,HOLD,neutral,50.36,50.36,50.36,57.12,57.12,0,55.15,-2.0,2,4.79,0.0,0.0,0.0,0.0,0,0,50.36,v2_conservative_ranker,54.5,-3.0,1,11.02,0.0,0.0,0.0,63.52,63.52,v3_stability_ranker,neutral,33650.0,-0.0074,0.0322,0.0837,33300.0,33710.0,0.285,0.0399,unknown,CJ ENM,CJ ENM,investment_decision,,,,,,data/raw/price_035760_20260802_20260901.csv,127,False,Broad evaluation pool candidate,51,False,Broad evaluation pool candidate
134790,2026-09-01,2026-09-01,2026-09-01,2026-09-01,HOLD,neutral,50.34,50.34,50.34,59.5,59.5,0,53.96,-2.0,2,3.62,0.0,0.0,0.0,0.0,0,0,50.34,v2_conservative_ranker,43.0,-3.0,1,12.47,0.0,0.0,0.0,53.47,53.47,v3_stability_ranker,price_momentum,19800.0,0.0035,0.0046,0.0143,19724.0,19697.5,0.2238,0.0302,kis,,,,,,,,,data/raw/price_134790_20260504_20260901.csv,128,False,Broad evaluation pool candidate,165,False,Broad evaluation pool candidate
006260,2026-09-01,2026-09-01,2026-09-01,2026-09-01,HOLD,neutral,50.26,50.26,50.26,56.6,56.6,0,55.97,-2.0,2,5.71,0.0,0.0,0.0,0.0,0,0,50.26,v2_conservative_ranker,54.5,-3.0,1,9.86,0.0,0.42,0.0,61.94,61.94,v3_stability_ranker,neutral,303500.0,-0.0257,0.0306,0.1117,306900.0,315750.0,0.1192,0.0476,kis,,,,,,,,,data/raw/price_006260_20260504_20260901.csv,129,False,Broad evaluation pool candidate,56,False,Broad evaluation pool candidate
036190,2026-09-01,2026-09-01,2026-09-01,2026-09-01,HOLD,neutral,50.16,50.16,50.16,57.47,54.47,3,51.29,-2.0,2,2.14,0.0,0.0,0.0,0.0,0,1,50.16,v2_conservative_ranker,46.5,-3.0,1,14.33,0.0,0.0,0.0,58.83,58.83,v3_stability_ranker,neutral,34250.0,-0.0115,-0.0058,0.0821,34680.0,33472.5,0.1211,0.0178,unknown,금화피에스시,금화피에스시,supply_contract,,,,,,data/raw/price_036190_20260802_20260901.csv,130,False,Broad evaluation pool candidate,86,False,Broad evaluation pool candidate
185750,2026-09-01,2026-09-01,2026-09-01,2026-09-01,HOLD,neutral,50.13,50.13,50.13,55.95,55.95,0,52.25,-2.0,2,2.12,0.0,0.0,0.0,0.0,0,0,50.13,v2_conservative_ranker,54.5,-3.0,1,14.34,0.0,0.0,0.0,66.84,66.84,v3_stability_ranker,neutral,68800.0,0.0058,0.0193,0.0377,68320.0,68390.0,0.3182,0.0177,kis,,,,,,,,,data/raw/price_185750_20260504_20260901.csv,131,False,Broad evaluation pool candidate,31,False,Broad evaluation pool candidate
115480,2026-09-01,2026-09-01,2026-09-01,2026-09-01,HOLD,neutral,50.03,50.03,50.03,58.13,58.13,0,54.57,-2.0,2,4.54,0.0,0.0,0.0,0.0,0,0,50.03,v2_conservative_ranker,37.29,-3.0,1,8.33,1.59,0.0,0.0,42.03,42.03,v3_stability_ranker,neutral,2335.0,-0.0311,-0.0043,0.3118,2343.0,2119.25,0.0572,0.0378,kis,,,,,,,,,data/raw/price_115480_20260504_20260901.csv,132,False,Broad evaluation pool candidate,290,False,Broad evaluation pool candidate
296160,2026-09-01,2026-09-01,2026-09-01,2026-09-01,HOLD,neutral,49.91,49.91,49.91,57.15,57.15,0,52.36,-2.0,2,2.45,0.0,0.0,0.0,0.0,0,0,49.91,v2_conservative_ranker,43.0,-3.0,1,13.94,0.0,0.0,0.0,54.94,54.94,v3_stability_ranker,price_momentum,2690.0,-0.0271,0.0037,-0.0289,2734.0,2710.75,0.0443,0.0204,kis,,,,,,,,,data/raw/price_296160_20260504_20260901.csv,133,False,Broad evaluation pool candidate,152,False,Broad evaluation pool candidate
229640,2026-09-01,2026-09-01,2026-09-01,2026-09-01,HOLD,neutral,49.88,49.88,49.88,56.66,56.66,0,55.27,-2.0,2,5.39,0.0,0.0,0.0,0.0,0,0,49.88,v2_conservative_ranker,54.5,-3.0,1,10.27,0.0,0.0,0.0,62.77,62.77,v3_stability_ranker,neutral,45650.0,-0.0098,0.0201,0.1216,46060.0,46142.5,0.1768,0.0449,kis,,,,,,,,,data/raw/price_229640_20260504_20260901.csv,134,False,Broad evaluation pool candidate,53,False,Broad evaluation pool candidate
253450,2026-09-01,2026-09-01,2026-09-01,2026-09-01,HOLD,neutral,49.63,49.63,49.63,55.78,55.78,0,54.22,-2.0,2,4.58,0.0,0.0,0.0,0.0,0,0,49.63,v2_conservative_ranker,54.5,-3.0,1,11.27,0.0,0.0,0.0,63.77,63.77,v3_stability_ranker,neutral,22150.0,-0.0112,0.0399,0.035,22030.0,22845.0,0.3107,0.0382,kis,,,,,,,,,data/raw/price_253450_20260504_20260901.csv,135,False,Broad evaluation pool candidate,48,False,Broad evaluation pool candidate
206400,2026-09-01,2026-09-01,2026-09-01,2026-09-01,HOLD,neutral,49.61,49.61,49.61,55.42,55.42,0,52.95,-2.0,2,3.34,0.0,0.0,0.0,0.0,0,0,49.61,v2_conservative_ranker,46.5,-3.0,1,12.83,0.0,0.0,0.0,57.33,57.33,v3_stability_ranker,neutral,954.0,0.0291,-0.0104,0.1425,941.4,919.85,0.0189,0.0278,kis,,,,,,,,,data/raw/price_206400_20260504_20260901.csv,136,False,Broad evaluation pool candidate,106,False,Broad evaluation pool candidate
137400,2026-09-01,2026-09-01,2026-09-01,2026-09-01,HOLD,neutral,49.58,49.58,49.58,57.54,57.54,0,54.26,-2.0,2,4.68,0.0,0.0,0.0,0.0,0,0,49.58,v2_conservative_ranker,54.5,-3.0,1,11.15,0.0,0.0,0.0,63.65,63.65,v3_stability_ranker,neutral,30500.0,0.0049,0.0339,0.0535,30130.0,30980.0,0.562,0.039,kis,,,,,,,,,data/raw/price_137400_20260504_20260901.csv,137,False,Broad evaluation pool candidate,49,False,Broad evaluation pool candidate
036630,2026-09-01,2026-09-01,2026-09-01,2026-09-01,HOLD,neutral,49.57,49.57,49.57,57.76,57.76,0,53.57,-2.0,2,4.0,0.0,0.0,0.0,0.0,0,0,49.57,v2_conservative_ranker,46.5,-3.0,1,12.0,0.0,0.0,0.0,56.5,56.5,v3_stability_ranker,neutral,8270.0,-0.0271,-0.0143,0.1831,8410.0,7657.0,0.2278,0.0333,kis,,,,,,,,,data/raw/price_036630_20260504_20260901.csv,138,False,Broad evaluation pool candidate,118,False,Broad evaluation pool candidate
267250,2026-09-01,2026-09-01,2026-09-01,2026-09-01,HOLD,neutral,49.44,49.44,49.44,55.72,55.72,0,52.3,-2.0,2,2.86,0.0,0.0,0.0,0.0,0,0,49.44,v2_conservative_ranker,46.5,-3.0,1,13.43,0.0,0.0,0.0,57.93,57.93,v3_stability_ranker,neutral,216000.0,-0.0137,0.0023,0.0876,217200.0,221375.0,0.248,0.0238,kis,,,,,,,,,data/raw/price_267250_20260504_20260901.csv,139,False,Broad evaluation pool candidate,98,False,Broad evaluation pool candidate
268280,2026-09-01,2026-09-01,2026-09-01,2026-09-01,HOLD,neutral,49.36,49.36,49.36,55.52,55.52,0,53.17,-2.0,2,3.8,0.0,0.0,0.0,0.0,0,0,49.36,v2_conservative_ranker,46.5,-3.0,1,12.25,0.0,0.0,0.0,56.75,56.75,v3_stability_ranker,neutral,130800.0,-0.0083,-0.0023,0.1256,131900.0,127065.0,0.1063,0.0317,unknown,미원에스씨,미원에스씨,major_shareholder_change,low_attention,no_risk_noise,,,,data/raw/price_268280_20260802_20260901.csv,140,False,Broad evaluation pool candidate,112,False,Broad evaluation pool candidate
014970,2026-09-01,2026-09-01,2026-09-01,2026-09-01,HOLD,neutral,49.36,49.36,49.36,55.11,55.11,0,51.65,-2.0,2,2.29,0.0,0.0,0.0,0.0,0,0,49.36,v2_conservative_ranker,46.5,-3.0,1,14.13,0.0,0.0,0.0,58.63,58.63,v3_stability_ranker,neutral,4385.0,-0.0124,-0.0034,0.0854,4420.0,4415.75,0.1812,0.0191,kis,,,,,,,,,data/raw/price_014970_20260504_20260901.csv,141,False,Broad evaluation pool candidate,88,False,Broad evaluation pool candidate
025980,2026-09-01,2026-09-01,2026-09-01,2026-09-01,HOLD,neutral,49.33,49.33,49.33,65.41,65.41,0,59.39,-2.0,2,6.94,3.12,0.0,0.0,0.0,0,0,49.33,v2_conservative_ranker,36.02,-3.0,1,5.33,6.97,2.05,0.0,30.33,30.33,v3_stability_ranker,price_momentum,5110.0,-0.0078,0.0039,0.4194,5190.0,4599.75,0.134,0.0578,kis,,,,,,,,,data/raw/price_025980_20260504_20260901.csv,142,False,Broad evaluation pool candidate,355,False,Broad evaluation pool candidate
010140,2026-09-01,2026-09-01,2026-09-01,2026-09-01,HOLD,neutral,49.27,49.27,49.27,55.98,52.98,3,50.88,-2.0,2,2.6,0.0,0.0,0.0,0.0,0,1,49.27,v2_conservative_ranker,48.5,-3.0,1,13.75,0.0,0.0,0.0,60.25,60.25,v3_stability_ranker,neutral,20850.0,-0.0024,0.0196,-0.0024,20930.0,21322.5,0.2176,0.0217,unknown,삼성중공업,삼성중공업,supply_contract,,,,,,data/raw/price_010140_20260802_20260901.csv,143,False,Broad evaluation pool candidate,68,False,Broad evaluation pool candidate
130660,2026-09-01,2026-09-01,2026-09-01,2026-09-01,HOLD,neutral,49.1,49.1,49.1,66.34,66.34,0,60.42,-2.0,2,5.32,0.0,0.0,6.0,0.0,0,0,49.1,v2_conservative_ranker,57.0,-3.0,1,10.36,0.0,0.0,9.0,56.36,56.36,v3_stability_ranker,price_momentum,12010.0,-0.0164,0.0204,0.1537,12672.0,11768.0,0.1746,0.0443,kis,,,,,,6,2,2,data/raw/price_130660_20260504_20260901.csv,144,False,Broad evaluation pool candidate,121,False,Broad evaluation pool candidate
002920,2026-09-01,2026-09-01,2026-09-01,2026-09-01,HOLD,neutral,48.81,48.81,48.81,53.85,53.85,0,50.44,-2.0,2,1.63,0.0,0.0,0.0,0.0,0,0,48.81,v2_conservative_ranker,48.5,-3.0,1,14.96,0.0,0.0,0.0,61.46,61.46,v3_stability_ranker,neutral,1779.0,0.0051,0.0242,-0.0279,1752.6,1806.05,0.3634,0.0136,kis,,,,low_attention,no_risk_noise,,,,data/raw/price_002920_20260504_20260901.csv,145,False,Broad evaluation pool candidate,60,False,Broad evaluation pool candidate
001630,2026-09-01,2026-09-01,2026-09-01,2026-09-01,HOLD,neutral,48.72,48.72,48.72,53.59,53.59,0,50.33,-2.0,2,1.61,0.0,0.0,0.0,0.0,0,0,48.72,v2_conservative_ranker,46.5,-3.0,1,14.99,0.0,0.0,0.0,59.49,59.49,v3_stability_ranker,neutral,39300.0,0.0013,0.0051,0.0234,39210.0,39557.5,0.2085,0.0134,kis,,,,,,,,,data/raw/price_001630_20260504_20260901.csv,146,False,Broad evaluation pool candidate,76,False,Broad evaluation pool candidate
071950,2026-09-01,2026-09-01,2026-09-01,2026-09-01,HOLD,neutral,48.7,48.7,48.7,53.6,53.6,0,52.54,-2.0,2,3.84,0.0,0.0,0.0,0.0,0,0,48.7,v2_conservative_ranker,38.76,-3.0,1,12.2,0.0,0.0,0.0,48.96,48.96,v3_stability_ranker,neutral,1780.0,0.0361,0.1029,-0.1275,1669.6,1767.95,0.1479,0.032,kis,,,,,,,,,data/raw/price_071950_20260504_20260901.csv,147,False,Broad evaluation pool candidate,230,False,Broad evaluation pool candidate
0126Z0,2026-09-01,2026-09-01,2026-09-01,2026-09-01,HOLD,neutral,48.69,48.69,48.69,53.63,53.63,0,54.0,-2.0,2,5.32,0.0,0.0,0.0,0.0,0,0,48.69,v2_conservative_ranker,54.5,-3.0,1,10.36,0.0,0.0,0.0,62.86,62.86,v3_stability_ranker,neutral,380500.0,-0.0168,0.0396,0.0298,381400.0,390475.0,0.1022,0.0443,kis,,,,,,,,,data/raw/price_0126Z0_20260504_20260901.csv,148,False,Broad evaluation pool candidate,52,False,Broad evaluation pool candidate
007570,2026-09-01,2026-09-01,2026-09-01,2026-09-01,HOLD,neutral,48.69,48.69,48.69,53.07,53.07,0,50.6,-2.0,2,1.91,0.0,0.0,0.0,0.0,0,0,48.69,v2_conservative_ranker,40.5,-3.0,1,14.62,0.0,0.0,0.0,53.12,53.12,v3_stability_ranker,neutral,8560.0,0.0059,0.0106,0.0154,8500.0,8538.0,0.1378,0.0159,kis,,,,,,,,,data/raw/price_007570_20260504_20260901.csv,149,False,Broad evaluation pool candidate,172,False,Broad evaluation pool candidate
003070,2026-09-01,2026-09-01,2026-09-01,2026-09-01,HOLD,neutral,48.55,48.55,48.55,57.4,54.4,3,52.45,-2.0,2,4.2,0.0,0.0,0.0,0.7,0,1,48.55,v2_conservative_ranker,46.5,-3.0,1,11.75,0.0,0.0,1.0,55.25,55.25,v3_stability_ranker,neutral,9800.0,-0.002,-0.019,0.1529,9888.0,9657.5,0.026,0.035,unknown,코오롱글로벌,코오롱글로벌,supply_contract,medium_attention,no_risk_noise,,,,data/raw/price_003070_20260802_20260901.csv,150,False,Broad evaluation pool candidate,134,False,Broad evaluation pool candidate
000760,2026-09-01,2026-09-01,2026-09-01,2026-09-01,HOLD,neutral,48.53,48.53,48.53,56.77,56.77,0,50.91,-2.0,2,2.39,0.0,0.0,0.0,0.0,0,0,48.53,v2_conservative_ranker,46.5,-3.0,1,14.02,0.0,0.0,0.0,58.52,58.52,v3_stability_ranker,neutral,14080.0,0.0014,0.0,0.0547,14092.0,13410.5,0.6704,0.0199,kis,,,,,,,,,data/raw/price_000760_20260504_20260901.csv,151,False,Broad evaluation pool candidate,92,False,Broad evaluation pool candidate
282720,2026-09-01,2026-09-01,2026-09-01,2026-09-01,HOLD,neutral,48.4,48.4,48.4,56.01,53.01,3,51.59,-2.0,2,4.19,0.0,0.0,0.0,0.0,0,1,48.4,v2_conservative_ranker,46.5,-3.0,1,11.77,0.0,0.0,0.0,56.27,56.27,v3_stability_ranker,neutral,7500.0,-0.0145,0.0067,0.0549,7660.0,7701.0,0.1806,0.0349,unknown,금양그린파워,금양그린파워,supply_contract,,,,,,data/raw/price_282720_20260802_20260901.csv,152,False,Broad evaluation pool candidate,122,False,Broad evaluation pool candidate
210980,2026-09-01,2026-09-01,2026-09-01,2026-09-01,HOLD,neutral,48.38,48.38,48.38,87.1,90.1,-3,66.29,3.0,3,10.0,8.0,3.91,0.0,0.0,2,0,48.38,v2_conservative_ranker,53.0,-0.54,4,1.0,15.56,24.13,2.0,15.77,15.77,v3_stability_ranker,price_momentum,3535.0,0.258,0.1575,0.1511,3094.2,3244.15,2.5915,0.0991,unknown,SK디앤디,SK디앤디,paid_in_capital_increase,medium_attention,no_risk_noise,,,,data/raw/price_210980_20260802_20260901.csv,153,False,Broad evaluation pool candidate,401,False,Broad evaluation pool candidate
348370,2026-09-01,2026-09-01,2026-09-01,2026-09-01,HOLD,neutral,48.37,48.37,48.37,65.02,65.02,0,61.81,-2.0,2,10.0,0.0,3.44,0.0,0.0,0,0,48.37,v2_conservative_ranker,50.5,-3.0,1,1.0,0.0,7.9,0.0,41.6,41.6,v3_stability_ranker,neutral,20700.0,-0.0526,0.1183,0.1374,21134.0,21894.5,0.3864,0.0944,kis,,,,,,,,,data/raw/price_348370_20260504_20260901.csv,154,False,Broad evaluation pool candidate,297,False,Broad evaluation pool candidate
131100,2026-09-01,2026-09-01,2026-09-01,2026-09-01,HOLD,neutral,48.35,48.35,48.35,54.84,54.84,0,47.48,0.0,2,1.13,0.0,0.0,0.0,0.0,0,0,48.35,v2_conservative_ranker,40.5,2.0,1,15.59,0.0,0.0,0.0,59.09,59.09,v3_stability_ranker,neutral,2290.0,-0.0108,-0.0214,0.0178,2288.0,2269.25,0.8378,0.0094,kis,,,,,,,,,data/raw/price_131100_20260504_20260901.csv,155,False,Broad evaluation pool candidate,82,False,Broad evaluation pool candidate
123750,2026-09-01,2026-09-01,2026-09-01,2026-09-01,HOLD,neutral,48.32,48.32,48.32,52.32,52.32,0,50.0,-2.0,2,1.68,0.0,0.0,0.0,0.0,0,0,48.32,v2_conservative_ranker,48.5,-3.0,1,14.9,0.0,0.0,0.0,61.4,61.4,v3_stability_ranker,neutral,1711.0,0.0071,0.0215,-0.0328,1694.8,1726.7,0.2025,0.014,kis,,,,medium_attention,no_risk_noise,,,,data/raw/price_123750_20260504_20260901.csv,156,False,Broad evaluation pool candidate,61,False,Broad evaluation pool candidate
065420,2026-09-01,2026-09-01,2026-09-01,2026-09-01,HOLD,neutral,48.3,48.3,48.3,56.0,60.0,-4,53.0,0.0,0,0.0,0.0,0.0,0.0,4.7,0,0,48.3,v2_conservative_ranker,43.0,-5.0,0,17.0,0.0,0.0,7.2,47.8,47.8,v3_stability_ranker,price_momentum,940.0,0.0,0.0,0.0,940.0,940.0,0.0,0.0,kis,,,,low_attention,risk_noise_detected,,,,data/raw/price_065420_20260504_20260901.csv,157,False,Broad evaluation pool candidate,247,False,Broad evaluation pool candidate
030610,2026-09-01,2026-09-01,2026-09-01,2026-09-01,HOLD,neutral,48.21,48.21,48.21,53.26,53.26,0,50.73,-2.0,2,2.52,0.0,0.0,0.0,0.0,0,0,48.21,v2_conservative_ranker,46.5,-3.0,1,13.85,0.0,0.0,0.0,58.35,58.35,v3_stability_ranker,neutral,10120.0,-0.0069,-0.0059,0.0664,10186.0,10114.0,0.105,0.021,kis,,,,,,,,,data/raw/price_030610_20260504_20260901.csv,158,False,Broad evaluation pool candidate,95,False,Broad evaluation pool candidate
000950,2026-09-01,2026-09-01,2026-09-01,2026-09-01,HOLD,neutral,48.19,48.19,48.19,54.32,54.32,0,51.8,-2.0,2,3.61,0.0,0.0,0.0,0.0,0,0,48.19,v2_conservative_ranker,46.5,-3.0,1,12.48,0.0,0.0,0.0,56.98,56.98,v3_stability_ranker,neutral,32400.0,-0.0152,-0.027,0.1571,33410.0,32680.0,0.0299,0.0301,unknown,전방,전방,major_shareholder_change,,,,,,data/raw/price_000950_20260802_20260901.csv,159,False,Broad evaluation pool candidate,110,False,Broad evaluation pool candidate
005690,2026-09-01,2026-09-01,2026-09-01,2026-09-01,HOLD,neutral,47.95,47.95,47.95,53.38,53.38,0,52.47,-2.0,2,4.52,0.0,0.0,0.0,0.0,0,0,47.95,v2_conservative_ranker,46.5,-3.0,1,11.35,0.0,0.0,0.0,55.84,55.84,v3_stability_ranker,neutral,10940.0,-0.0153,0.013,0.0621,11004.0,11328.5,0.1241,0.0377,kis,,,,,,,,,data/raw/price_005690_20260504_20260901.csv,160,False,Broad evaluation pool candidate,128,False,Broad evaluation pool candidate
025950,2026-09-01,2026-09-01,2026-09-01,2026-09-01,HOLD,neutral,47.81,47.81,47.81,52.29,52.29,0,51.03,-2.0,2,3.22,0.0,0.0,0.0,0.0,0,0,47.81,v2_conservative_ranker,46.5,-3.0,1,12.98,0.0,0.0,0.0,57.48,57.48,v3_stability_ranker,neutral,10380.0,-0.0048,0.0048,0.0443,10500.0,10777.5,0.0459,0.0268,kis,,,,,,,,,data/raw/price_025950_20260504_20260901.csv,161,False,Broad evaluation pool candidate,103,False,Broad evaluation pool candidate
290670,2026-09-01,2026-09-01,2026-09-01,2026-09-01,HOLD,neutral,47.72,47.72,47.72,55.66,59.66,-4,56.88,-2.0,2,4.46,0.0,0.0,0.0,4.7,0,0,47.72,v2_conservative_ranker,54.5,-3.0,1,11.42,0.0,0.0,7.2,56.72,56.72,v3_stability_ranker,neutral,5240.0,0.0254,0.0275,0.1466,5114.0,5209.75,0.2172,0.0372,kis,,,,low_attention,risk_noise_detected,,,,data/raw/price_290670_20260504_20260901.csv,162,False,Broad evaluation pool candidate,115,False,Broad evaluation pool candidate
084180,2026-09-01,2026-09-01,2026-09-01,2026-09-01,HOLD,neutral,47.67,47.67,47.67,61.22,61.22,0,58.37,-2.0,2,9.11,0.0,1.59,0.0,0.0,0,0,47.67,v2_conservative_ranker,57.0,-3.0,1,5.62,0.0,4.94,0.0,55.67,55.67,v3_stability_ranker,price_momentum,618.0,0.03,0.0215,0.0919,600.8,582.7,0.3441,0.0759,kis,,,,,,,,,data/raw/price_084180_20260504_20260901.csv,163,False,Broad evaluation pool candidate,130,False,Broad evaluation pool candidate
053580,2026-09-01,2026-09-01,2026-09-01,2026-09-01,HOLD,neutral,47.67,47.67,47.67,52.5,52.5,0,49.8,-2.0,2,2.14,0.0,0.0,0.0,0.0,0,0,47.67,v2_conservative_ranker,46.5,-3.0,1,14.33,0.0,0.0,0.0,58.83,58.83,v3_stability_ranker,neutral,6940.0,-0.0086,-0.0128,0.0595,7058.0,7039.0,0.0978,0.0178,kis,,,,,,,,,data/raw/price_053580_20260504_20260901.csv,164,False,Broad evaluation pool candidate,87,False,Broad evaluation pool candidate
012160,2026-09-01,2026-09-01,2026-09-01,2026-09-01,HOLD,neutral,47.66,47.66,47.66,53.18,53.18,0,51.5,-2.0,2,3.84,0.0,0.0,0.0,0.0,0,0,47.66,v2_conservative_ranker,46.5,-3.0,1,12.2,0.0,0.0,0.0,56.7,56.7,v3_stability_ranker,neutral,2550.0,-0.002,0.0,0.0714,2597.0,2505.75,0.1348,0.032,kis,,,,,,,,,data/raw/price_012160_20260504_20260901.csv,165,False,Broad evaluation pool candidate,116,False,Broad evaluation pool candidate
045390,2026-09-01,2026-09-01,2026-09-01,2026-09-01,HOLD,neutral,47.64,47.64,47.64,56.23,56.23,0,53.87,-2.0,2,6.23,0.0,0.0,0.0,0.0,0,0,47.64,v2_conservative_ranker,38.74,-3.0,1,9.21,0.0,1.1,0.0,44.85,44.85,v3_stability_ranker,neutral,3055.0,-0.0065,-0.0113,0.2703,3095.0,2884.25,0.0909,0.0519,kis,,,,medium_attention,no_risk_noise,,,,data/raw/price_045390_20260504_20260901.csv,166,False,Broad evaluation pool candidate,271,False,Broad evaluation pool candidate
366030,2026-09-01,2026-09-01,2026-09-01,2026-09-01,HOLD,neutral,47.63,47.63,47.63,54.53,54.53,0,53.32,-2.0,2,5.69,0.0,0.0,0.0,0.0,0,0,47.63,v2_conservative_ranker,46.5,-3.0,1,9.89,0.0,0.38,0.0,54.01,54.01,v3_stability_ranker,neutral,5040.0,-0.0233,-0.0059,0.1403,5210.0,4904.25,0.1404,0.0474,kis,,,,,,,,,data/raw/price_366030_20260504_20260901.csv,167,False,Broad evaluation pool candidate,159,False,Broad evaluation pool candidate
071200,2026-09-01,2026-09-01,2026-09-01,2026-09-01,HOLD,neutral,47.59,47.59,47.59,53.04,56.04,-3,55.81,-2.0,2,6.23,0.0,0.0,0.0,0.0,2,0,47.59,v2_conservative_ranker,54.5,-3.0,1,9.21,0.0,1.1,2.0,58.61,58.61,v3_stability_ranker,neutral,9800.0,-0.0121,0.023,0.129,9728.0,9763.5,0.0808,0.0519,unknown,인피니트헬스케어,인피니트헬스케어,lawsuit,,,,,,data/raw/price_071200_20260802_20260901.csv,168,False,Broad evaluation pool candidate,89,False,Broad evaluation pool candidate
002460,2026-09-01,2026-09-01,2026-09-01,2026-09-01,HOLD,neutral,47.55,47.55,47.55,52.78,49.78,3,49.24,-2.0,2,2.69,0.0,0.0,0.0,0.0,0,1,47.55,v2_conservative_ranker,48.5,-3.0,1,13.64,0.0,0.0,0.0,60.14,60.14,v3_stability_ranker,neutral,10730.0,-0.0156,0.0171,-0.042,10834.0,11158.0,0.068,0.0224,unknown,HS화성,HS화성,supply_contract,,,,,,data/raw/price_002460_20260802_20260901.csv,169,False,Broad evaluation pool candidate,70,False,Broad evaluation pool candidate
196170,2026-09-01,2026-09-01,2026-09-01,2026-09-01,HOLD,neutral,47.51,47.51,47.51,56.73,56.73,0,54.35,-2.0,2,6.84,0.0,0.0,0.0,0.0,0,0,47.51,v2_conservative_ranker,39.72,-3.0,1,8.45,0.0,1.92,0.0,44.25,44.25,v3_stability_ranker,neutral,303500.0,-0.013,-0.0065,0.2423,310800.0,310400.0,0.1794,0.057,unknown,알테오젠,알테오젠,investment_decision,,,,,,data/raw/price_196170_20260802_20260901.csv,170,False,Broad evaluation pool candidate,274,False,Broad evaluation pool candidate
003100,2026-09-01,2026-09-01,2026-09-01,2026-09-01,HOLD,neutral,47.51,47.51,47.51,52.55,52.55,0,50.25,-2.0,2,2.74,0.0,0.0,0.0,0.0,0,0,47.51,v2_conservative_ranker,46.5,-3.0,1,13.58,0.0,0.0,0.0,58.08,58.08,v3_stability_ranker,neutral,20750.0,-0.0048,-0.0119,0.0696,20960.0,20673.0,0.0897,0.0228,kis,,,,,,,,,data/raw/price_003100_20260504_20260901.csv,171,False,Broad evaluation pool candidate,96,False,Broad evaluation pool candidate
000050,2026-09-01,2026-09-01,2026-09-01,2026-09-01,HOLD,neutral,47.48,47.48,47.48,52.45,52.45,0,49.69,-2.0,2,2.21,0.0,0.0,0.0,0.0,0,0,47.48,v2_conservative_ranker,40.5,-3.0,1,14.24,0.0,0.0,0.0,52.74,52.74,v3_stability_ranker,neutral,8220.0,-0.0048,0.0086,-0.0048,8262.0,8498.0,0.2778,0.0184,unknown,경방,경방,major_shareholder_change,,,,,,data/raw/price_000050_20260802_20260901.csv,172,False,Broad evaluation pool candidate,176,False,Broad evaluation pool candidate
297890,2026-09-01,2026-09-01,2026-09-01,2026-09-01,HOLD,neutral,47.32,47.32,47.32,52.71,52.71,0,50.92,-2.0,2,3.6,0.0,0.0,0.0,0.0,0,0,47.32,v2_conservative_ranker,46.5,-3.0,1,12.5,0.0,0.0,0.0,57.0,57.0,v3_stability_ranker,neutral,1706.0,-0.0023,0.0095,0.0277,1703.2,1738.1,0.2285,0.03,kis,,,,,,,,,data/raw/price_297890_20260504_20260901.csv,173,False,Broad evaluation pool candidate,109,False,Broad evaluation pool candidate
047040,2026-09-01,2026-09-01,2026-09-01,2026-09-01,HOLD,neutral,47.22,47.22,47.22,59.02,56.02,3,53.18,-2.0,2,6.96,0.0,0.0,0.0,0.0,0,1,47.22,v2_conservative_ranker,37.67,-3.0,1,4.3,1.04,2.08,0.0,36.85,36.85,v3_stability_ranker,neutral,17300.0,-0.0489,-0.0182,0.3008,18856.0,17398.5,0.2737,0.058,unknown,대우건설,대우건설,supply_contract,medium_attention,no_risk_noise,,,,data/raw/price_047040_20260802_20260901.csv,174,False,Broad evaluation pool candidate,322,False,Broad evaluation pool candidate
036530,2026-09-01,2026-09-01,2026-09-01,2026-09-01,HOLD,neutral,47.12,47.12,47.12,51.91,51.91,0,48.73,-2.0,2,1.61,0.0,0.0,0.0,0.0,0,0,47.12,v2_conservative_ranker,40.5,-3.0,1,14.99,0.0,0.0,0.0,53.49,53.49,v3_stability_ranker,neutral,45750.0,-0.0022,0.0077,-0.0297,46150.0,47307.5,0.3277,0.0134,kis,,,,,,,,,data/raw/price_036530_20260504_20260901.csv,175,False,Broad evaluation pool candidate,164,False,Broad evaluation pool candidate
095570,2026-09-01,2026-09-01,2026-09-01,2026-09-01,HOLD,neutral,47.11,47.11,47.11,52.43,52.43,0,49.61,-2.0,2,2.5,0.0,0.0,0.0,0.0,0,0,47.11,v2_conservative_ranker,46.5,-3.0,1,13.88,0.0,0.0,0.0,58.38,58.38,v3_stability_ranker,neutral,4385.0,-0.0079,-0.0124,0.0528,4428.0,4409.5,0.1851,0.0208,kis,,,,low_attention,no_risk_noise,,,,data/raw/price_095570_20260504_20260901.csv,176,False,Broad evaluation pool candidate,94,False,Broad evaluation pool candidate
011420,2026-09-01,2026-09-01,2026-09-01,2026-09-01,HOLD,neutral,46.89,46.89,46.89,51.3,51.3,0,48.83,-2.0,2,1.93,0.0,0.0,0.0,0.0,0,0,46.89,v2_conservative_ranker,46.5,-3.0,1,14.59,0.0,0.0,0.0,59.09,59.09,v3_stability_ranker,neutral,1498.0,-0.0007,-0.0171,0.0439,1508.2,1485.1,0.0714,0.0161,kis,,,,,,,,,data/raw/price_011420_20260504_20260901.csv,177,False,Broad evaluation pool candidate,83,False,Broad evaluation pool candidate
026150,2026-09-01,2026-09-01,2026-09-01,2026-09-01,HOLD,neutral,46.76,46.76,46.76,51.7,54.7,-3,51.82,-2.0,2,3.06,0.0,0.0,0.0,0.0,2,0,46.76,v2_conservative_ranker,46.5,-3.0,1,13.18,0.0,0.0,2.0,55.67,55.67,v3_stability_ranker,neutral,3830.0,-0.0179,-0.0026,0.0881,3926.0,3868.0,0.1838,0.0255,unknown,특수건설,특수건설,convertible_bond,,,,,,data/raw/price_026150_20260802_20260901.csv,178,False,Broad evaluation pool candidate,131,False,Broad evaluation pool candidate
337840,2026-09-01,2026-09-01,2026-09-01,2026-09-01,HOLD,neutral,46.67,46.67,46.67,50.48,50.48,0,48.41,-2.0,2,1.74,0.0,0.0,0.0,0.0,0,0,46.67,v2_conservative_ranker,46.5,-3.0,1,14.82,0.0,0.0,0.0,59.33,59.33,v3_stability_ranker,neutral,6250.0,-0.0157,-0.0157,0.028,6348.0,6296.0,0.0163,0.0145,kis,,,,,,,,,data/raw/price_337840_20260504_20260901.csv,179,False,Broad evaluation pool candidate,77,False,Broad evaluation pool candidate
126880,2026-09-01,2026-09-01,2026-09-01,2026-09-01,HOLD,neutral,46.61,46.61,46.61,50.3,50.3,0,49.73,-2.0,2,3.12,0.0,0.0,0.0,0.0,0,0,46.61,v2_conservative_ranker,40.5,-3.0,1,13.1,0.0,0.0,0.0,51.6,51.6,v3_stability_ranker,neutral,2545.0,0.002,0.0059,0.0039,2547.0,2656.0,0.0194,0.026,kis,,,,,,,,,data/raw/price_126880_20260504_20260901.csv,180,False,Broad evaluation pool candidate,187,False,Broad evaluation pool candidate
224060,2026-09-01,2026-09-01,2026-09-01,2026-09-01,HOLD,neutral,46.51,46.51,46.51,73.68,76.68,-3,64.92,-2.0,2,6.41,10.0,0.0,0.0,0.0,2,0,46.51,v2_conservative_ranker,39.0,-3.0,1,5.99,14.3,1.34,2.0,25.35,25.35,v3_stability_ranker,price_momentum,3825.0,-0.0116,0.3374,0.1119,3690.0,3404.5,0.2371,0.0534,unknown,더코디,더코디,paid_in_capital_increase,,,,,,data/raw/price_224060_20260802_20260901.csv,181,False,Broad evaluation pool candidate,374,False,Broad evaluation pool candidate
024720,2026-09-01,2026-09-01,2026-09-01,2026-09-01,HOLD,neutral,46.48,46.48,46.48,52.29,52.29,0,50.3,-2.0,2,3.82,0.0,0.0,0.0,0.0,0,0,46.48,v2_conservative_ranker,46.5,-3.0,1,12.23,0.0,0.0,0.0,56.73,56.73,v3_stability_ranker,neutral,10100.0,-0.0223,-0.0242,0.1062,10254.0,10049.0,0.096,0.0318,kis,,,,,,,,,data/raw/price_024720_20260504_20260901.csv,182,False,Broad evaluation pool candidate,113,False,Broad evaluation pool candidate
083660,2026-09-01,2026-09-01,2026-09-01,2026-09-01,HOLD,neutral,46.4,46.4,46.4,62.64,65.64,-3,59.54,-2.0,2,9.35,0.0,1.79,0.0,0.0,2,0,46.4,v2_conservative_ranker,47.0,-3.0,1,1.32,1.82,5.26,2.0,37.23,37.23,v3_stability_ranker,price_momentum,1629.0,-0.054,0.1392,-0.0418,1776.6,1533.85,0.2673,0.0779,unknown,CSA 코스믹,CSA 코스믹,paid_in_capital_increase,,,,,,data/raw/price_083660_20260802_20260901.csv,183,False,Broad evaluation pool candidate,317,False,Broad evaluation pool candidate
199150,2026-09-01,2026-09-01,2026-09-01,2026-09-01,HOLD,neutral,46.4,46.4,46.4,68.44,68.44,0,50.31,3.0,3,4.3,4.42,1.2,0.0,0.0,0,0,46.4,v2_conservative_ranker,46.5,-1.8,4,7.63,10.51,9.36,0.0,36.46,36.46,v3_stability_ranker,neutral,1990.0,0.1068,-0.0035,0.0474,1914.6,1940.3,3.044,0.0358,kis,,,,,,,,,data/raw/price_199150_20260504_20260901.csv,184,False,Broad evaluation pool candidate,326,False,Broad evaluation pool candidate
219550,2026-09-01,2026-09-01,2026-09-01,2026-09-01,HOLD,neutral,46.15,46.15,46.15,49.74,52.74,-3,52.58,-2.0,2,4.43,0.0,0.0,0.0,0.0,2,0,46.15,v2_conservative_ranker,42.82,-3.0,1,11.46,0.0,0.0,2.0,50.28,50.28,v3_stability_ranker,neutral,1211.0,-0.0098,0.09,-0.1263,1170.2,1243.7,0.2912,0.0369,unknown,디와이디,디와이디,convertible_bond,,,,,,data/raw/price_219550_20260802_20260901.csv,185,False,Broad evaluation pool candidate,208,False,Broad evaluation pool candidate
082270,2026-09-01,2026-09-01,2026-09-01,2026-09-01,HOLD,neutral,46.12,46.12,46.12,51.41,51.41,0,52.42,-2.0,2,6.3,0.0,0.0,0.0,0.0,0,0,46.12,v2_conservative_ranker,48.5,-3.0,1,9.12,0.0,1.2,0.0,54.42,54.42,v3_stability_ranker,neutral,10960.0,-0.0335,0.0408,-0.0188,11050.0,11336.0,0.2537,0.0525,kis,,,,,,,,,data/raw/price_082270_20260504_20260901.csv,186,False,Broad evaluation pool candidate,154,False,Broad evaluation pool candidate
001040,2026-09-01,2026-09-01,2026-09-01,2026-09-01,HOLD,neutral,46.04,46.04,46.04,50.98,50.98,0,50.21,-2.0,2,4.18,0.0,0.0,0.0,0.0,0,0,46.04,v2_conservative_ranker,40.5,-3.0,1,11.78,0.0,0.0,0.0,50.28,50.28,v3_stability_ranker,neutral,130100.0,0.0015,0.0148,-0.0076,129580.0,132705.0,0.2272,0.0348,kis,,,,,,,,,data/raw/price_001040_20260504_20260901.csv,187,False,Broad evaluation pool candidate,209,False,Broad evaluation pool candidate
088790,2026-09-01,2026-09-01,2026-09-01,2026-09-01,HOLD,neutral,45.97,45.97,45.97,51.88,51.88,0,48.92,-2.0,2,2.95,0.0,0.0,0.0,0.0,0,0,45.97,v2_conservative_ranker,45.64,-3.0,1,13.31,0.0,0.0,0.0,56.95,56.95,v3_stability_ranker,neutral,2135.0,0.0191,0.0215,-0.0636,2130.0,2210.25,0.5621,0.0246,kis,,,,,,,,,data/raw/price_088790_20260504_20260901.csv,188,False,Broad evaluation pool candidate,111,False,Broad evaluation pool candidate
010060,2026-09-01,2026-09-01,2026-09-01,2026-09-01,HOLD,neutral,45.96,45.96,45.96,57.2,57.2,0,54.82,-2.0,2,6.88,1.98,0.0,0.0,0.0,0,0,45.96,v2_conservative_ranker,34.41,-3.0,1,8.41,5.7,1.97,0.0,33.14,33.14,v3_stability_ranker,neutral,274500.0,-0.0108,-0.0018,0.3941,275600.0,269275.0,0.185,0.0573,kis,,,,,,,,,data/raw/price_010060_20260504_20260901.csv,189,False,Broad evaluation pool candidate,343,False,Broad evaluation pool candidate
006060,2026-09-01,2026-09-01,2026-09-01,2026-09-01,HOLD,neutral,45.95,45.95,45.95,50.98,50.98,0,48.46,-2.0,2,2.51,0.0,0.0,0.0,0.0,0,0,45.95,v2_conservative_ranker,40.5,-3.0,1,13.87,0.0,0.0,0.0,52.37,52.37,v3_stability_ranker,neutral,2510.0,-0.0059,-0.0118,0.0183,2536.0,2508.0,0.2217,0.0209,kis,,,,,,,,,data/raw/price_006060_20260504_20260901.csv,190,False,Broad evaluation pool candidate,181,False,Broad evaluation pool candidate
049950,2026-09-01,2026-09-01,2026-09-01,2026-09-01,HOLD,neutral,45.8,45.8,45.8,52.98,52.98,0,50.22,-2.0,2,4.42,0.0,0.0,0.0,0.0,0,0,45.8,v2_conservative_ranker,43.88,-3.0,1,11.48,0.0,0.0,0.0,53.36,53.36,v3_stability_ranker,neutral,10640.0,-0.0175,-0.0327,0.1283,10802.0,10786.0,0.252,0.0368,kis,,,,,,,,,data/raw/price_049950_20260504_20260901.csv,191,False,Broad evaluation pool candidate,168,False,Broad evaluation pool candidate
000720,2026-09-01,2026-09-01,2026-09-01,2026-09-01,HOLD,neutral,45.76,45.76,45.76,60.3,57.3,3,54.01,-2.0,2,6.25,0.0,0.0,3.0,0.0,0,1,45.76,v2_conservative_ranker,39.23,-3.0,1,9.18,0.0,1.14,4.5,40.78,40.78,v3_stability_ranker,neutral,120100.0,-0.026,-0.0099,0.2563,126400.0,115260.0,0.2502,0.0521,unknown,현대건설,현대건설,supply_contract,,,3,1,1,data/raw/price_000720_20260802_20260901.csv,192,False,Broad evaluation pool candidate,301,False,Broad evaluation pool candidate
032350,2026-09-01,2026-09-01,2026-09-01,2026-09-01,HOLD,neutral,45.67,45.67,45.67,52.38,52.38,0,49.39,-2.0,2,3.72,0.0,0.0,0.0,0.0,0,0,45.67,v2_conservative_ranker,43.8,-3.0,1,12.35,0.0,0.0,0.0,54.15,54.15,v3_stability_ranker,neutral,12900.0,-0.0286,-0.0337,0.1073,13146.0,13043.5,0.2475,0.031,kis,,,,low_attention,no_risk_noise,,,,data/raw/price_032350_20260504_20260901.csv,193,False,Broad evaluation pool candidate,155,False,Broad evaluation pool candidate
181710,2026-09-01,2026-09-01,2026-09-01,2026-09-01,HOLD,neutral,45.64,45.64,45.64,71.66,71.66,0,67.0,-2.0,2,10.0,8.14,3.22,0.0,0.0,0,0,45.64,v2_conservative_ranker,43.0,-3.0,1,2.0,12.76,7.55,0.0,22.69,22.69,v3_stability_ranker,price_momentum,72000.0,-0.031,0.0909,0.9381,70280.0,62477.5,0.0952,0.0922,kis,,,,medium_attention,no_risk_noise,,,,data/raw/price_181710_20260504_20260901.csv,194,False,Broad evaluation pool candidate,385,False,Broad evaluation pool candidate
114190,2026-09-01,2026-09-01,2026-09-01,2026-09-01,HOLD,neutral,45.43,45.43,45.43,54.58,54.58,0,52.09,-2.0,2,6.66,0.0,0.0,0.0,0.0,0,0,45.43,v2_conservative_ranker,40.46,-3.0,1,8.68,0.0,1.68,0.0,45.45,45.45,v3_stability_ranker,neutral,9000.0,-0.0175,-0.0291,0.2212,9170.0,9036.0,0.1737,0.0555,kis,,,,medium_attention,no_risk_noise,,,,data/raw/price_114190_20260504_20260901.csv,195,False,Broad evaluation pool candidate,263,False,Broad evaluation pool candidate
038680,2026-09-01,2026-09-01,2026-09-01,2026-09-01,HOLD,neutral,45.35,45.35,45.35,53.54,53.54,0,51.12,-2.0,2,5.77,0.0,0.0,0.0,0.0,0,0,45.35,v2_conservative_ranker,43.4,-3.0,1,9.79,0.0,0.5,0.0,50.68,50.68,v3_stability_ranker,neutral,3960.0,-0.0198,-0.0388,0.191,4057.0,3990.25,0.1133,0.0481,kis,,,,,,,,,data/raw/price_038680_20260504_20260901.csv,196,False,Broad evaluation pool candidate,204,False,Broad evaluation pool candidate
010960,2026-09-01,2026-09-01,2026-09-01,2026-09-01,HOLD,neutral,45.34,45.34,45.34,48.74,45.74,3,46.73,-2.0,2,2.39,0.0,0.0,0.0,0.0,0,1,45.34,v2_conservative_ranker,44.0,-3.0,1,14.02,0.0,0.0,0.0,56.02,56.02,v3_stability_ranker,neutral,3070.0,-0.0065,-0.0032,0.0586,3115.0,3133.0,0.1873,0.0199,unknown,삼호개발,삼호개발,supply_contract,,,,,,data/raw/price_010960_20260802_20260901.csv,197,False,Broad evaluation pool candidate,125,False,Broad evaluation pool candidate
069640,2026-09-01,2026-09-01,2026-09-01,2026-09-01,HOLD,neutral,45.33,45.33,45.33,48.2,48.2,0,50.38,-2.0,2,5.05,0.0,0.0,0.0,0.0,0,0,45.33,v2_conservative_ranker,44.0,-3.0,1,10.69,0.0,0.0,0.0,52.69,52.69,v3_stability_ranker,neutral,1446.0,0.0,-0.0062,0.1756,1442.8,1444.45,0.041,0.0421,unknown,한세엠케이,한세엠케이,major_shareholder_change,,,,,,data/raw/price_069640_20260802_20260901.csv,198,False,Broad evaluation pool candidate,177,False,Broad evaluation pool candidate
192820,2026-09-01,2026-09-01,2026-09-01,2026-09-01,HOLD,neutral,45.27,45.27,45.27,67.84,67.84,0,60.04,-2.0,2,5.89,8.87,0.0,0.0,0.0,0,0,45.27,v2_conservative_ranker,35.0,-3.0,1,6.64,13.79,0.66,0.0,25.19,25.19,v3_stability_ranker,price_momentum,292000.0,-0.0267,0.0104,0.5741,293200.0,250735.0,0.2851,0.0491,kis,,,,,,,,,data/raw/price_192820_20260504_20260901.csv,199,False,Broad evaluation pool candidate,375,False,Broad evaluation pool candidate
153460,2026-09-01,2026-09-01,2026-09-01,2026-09-01,HOLD,neutral,45.25,45.25,45.25,50.25,47.25,3,47.73,-2.0,2,3.48,0.0,0.0,0.0,0.0,0,1,45.25,v2_conservative_ranker,37.32,-3.0,1,12.65,0.0,0.0,0.0,47.97,47.97,v3_stability_ranker,neutral,5920.0,0.0051,0.012,-0.0706,5994.0,6262.5,0.08,0.029,unknown,네이블,네이블,supply_contract,,,,,,data/raw/price_153460_20260802_20260901.csv,200,False,Broad evaluation pool candidate,244,False,Broad evaluation pool candidate
309930,2026-09-01,2026-09-01,2026-09-01,2026-09-01,HOLD,neutral,45.19,45.19,45.19,49.07,49.07,0,49.44,-2.0,2,4.25,0.0,0.0,0.0,0.0,0,0,45.19,v2_conservative_ranker,45.77,-3.0,1,11.69,0.0,0.0,0.0,55.46,55.46,v3_stability_ranker,neutral,882.0,-0.02,0.0256,-0.0607,884.0,925.9,0.1804,0.0354,kis,,,,,,,,,data/raw/price_309930_20260504_20260901.csv,201,False,Broad evaluation pool candidate,133,False,Broad evaluation pool candidate
028100,2026-09-01,2026-09-01,2026-09-01,2026-09-01,HOLD,neutral,45.14,45.14,45.14,46.73,43.73,3,45.41,-2.0,2,1.27,0.0,0.0,0.0,0.0,0,1,45.14,v2_conservative_ranker,38.0,-3.0,1,15.41,0.0,0.0,0.0,51.41,51.41,v3_stability_ranker,neutral,17640.0,0.0011,-0.0011,0.015,17626.0,17717.0,0.0242,0.0106,unknown,동아지질,동아지질,supply_contract,medium_attention,no_risk_noise,,,,data/raw/price_028100_20260802_20260901.csv,202,False,Broad evaluation pool candidate,190,False,Broad evaluation pool candidate
248070,2026-09-01,2026-09-01,2026-09-01,2026-09-01,HOLD,neutral,44.92,44.92,44.92,49.54,49.54,0,48.48,-2.0,2,3.56,0.0,0.0,0.0,0.0,0,0,44.92,v2_conservative_ranker,40.5,-3.0,1,12.54,0.0,0.0,0.0,51.05,51.05,v3_stability_ranker,neutral,13260.0,-0.0097,0.0038,-0.0257,13264.0,14035.0,0.2355,0.0297,kis,,,,low_attention,no_risk_noise,,,,data/raw/price_248070_20260504_20260901.csv,203,False,Broad evaluation pool candidate,198,False,Broad evaluation pool candidate
261200,2026-09-01,2026-09-01,2026-09-01,2026-09-01,HOLD,neutral,44.91,44.91,44.91,48.81,48.81,0,49.4,-2.0,2,4.49,0.0,0.0,0.0,0.0,0,0,44.91,v2_conservative_ranker,40.5,-3.0,1,11.39,0.0,0.0,0.0,49.89,49.89,v3_stability_ranker,neutral,2510.0,0.008,0.004,0.0,2531.0,2618.0,0.0258,0.0374,kis,,,,,,,,,data/raw/price_261200_20260504_20260901.csv,204,False,Broad evaluation pool candidate,217,False,Broad evaluation pool candidate
136150,2026-09-01,2026-09-01,2026-09-01,2026-09-01,HOLD,neutral,44.85,44.85,44.85,51.64,51.64,0,49.52,-2.0,2,4.67,0.0,0.0,0.0,0.0,0,0,44.85,v2_conservative_ranker,43.31,-3.0,1,11.16,0.0,0.0,0.0,52.47,52.47,v3_stability_ranker,neutral,7450.0,-0.021,-0.0399,0.1288,7742.0,7573.0,0.18,0.0389,kis,,,,medium_attention,no_risk_noise,,,,data/raw/price_136150_20260504_20260901.csv,205,False,Broad evaluation pool candidate,180,False,Broad evaluation pool candidate
900110,2026-09-01,2026-09-01,2026-09-01,2026-09-01,HOLD,neutral,44.79,44.79,44.79,50.62,54.62,-4,52.71,0.0,0,3.22,0.0,0.0,0.0,4.7,0,0,44.79,v2_conservative_ranker,46.5,-5.0,0,12.98,0.0,0.0,7.2,47.28,47.28,v3_stability_ranker,neutral,1201.0,0.0,0.0,0.1059,1201.0,1189.65,0.0,0.0268,kis,,,,low_attention,risk_noise_detected,,,,data/raw/price_900110_20260504_20260901.csv,206,False,Broad evaluation pool candidate,253,False,Broad evaluation pool candidate
445090,2026-09-01,2026-09-01,2026-09-01,2026-09-01,HOLD,neutral,44.79,44.79,44.79,52.12,52.12,0,50.33,-2.0,2,5.54,0.0,0.0,0.0,0.0,0,0,44.79,v2_conservative_ranker,42.76,-3.0,1,10.07,0.0,0.19,0.0,50.64,50.64,v3_stability_ranker,neutral,20400.0,-0.0169,-0.0467,0.1738,20980.0,20617.0,0.1198,0.0462,kis,,,,,,,,,data/raw/price_445090_20260504_20260901.csv,207,False,Broad evaluation pool candidate,206,False,Broad evaluation pool candidate
100090,2026-09-01,2026-09-01,2026-09-01,2026-09-01,HOLD,neutral,44.79,44.79,44.79,54.05,51.05,3,40.88,4.24,3,4.33,0.0,0.0,0.0,0.0,0,1,44.79,v2_conservative_ranker,34.58,5.0,6,7.58,0.0,0.0,0.0,53.16,53.16,v3_stability_ranker,price_weakness,12390.0,-0.1022,-0.074,-0.0206,13476.0,13639.0,1.8482,0.0361,unknown,SK오션플랜트,SK오션플랜트,supply_contract,,,,,,data/raw/price_100090_20260802_20260901.csv,208,False,Broad evaluation pool candidate,171,False,Broad evaluation pool candidate
000180,2026-09-01,2026-09-01,2026-09-01,2026-09-01,HOLD,neutral,44.7,44.7,44.7,47.14,47.14,0,45.84,-2.0,2,1.14,0.0,0.0,0.0,0.0,0,0,44.7,v2_conservative_ranker,44.0,-3.0,1,15.57,0.0,0.0,0.0,57.58,57.58,v3_stability_ranker,neutral,5260.0,0.0038,-0.0019,0.0294,5250.0,5318.5,0.468,0.0095,kis,,,,low_attention,no_risk_noise,,,,data/raw/price_000180_20260504_20260901.csv,209,False,Broad evaluation pool candidate,102,False,Broad evaluation pool candidate
161890,2026-09-01,2026-09-01,2026-09-01,2026-09-01,HOLD,neutral,44.67,44.67,44.67,68.03,68.03,0,61.2,-2.0,2,7.42,8.94,0.18,0.0,0.0,0,0,44.67,v2_conservative_ranker,43.0,-3.0,1,0.73,13.88,2.69,0.0,25.17,25.17,v3_stability_ranker,price_momentum,153300.0,-0.0425,0.022,0.5837,153940.0,131520.0,0.3349,0.0618,kis,,,,low_attention,no_risk_noise,,,,data/raw/price_161890_20260504_20260901.csv,210,False,Broad evaluation pool candidate,376,False,Broad evaluation pool candidate
291230,2026-09-01,2026-09-01,2026-09-01,2026-09-01,HOLD,neutral,44.63,44.63,44.63,46.46,49.46,-3,51.06,-2.0,2,4.43,0.0,0.0,0.0,0.0,2,0,44.63,v2_conservative_ranker,42.5,-3.0,1,11.46,0.0,0.0,2.0,49.97,49.97,v3_stability_ranker,neutral,2500.0,-0.006,0.073,-0.1497,2512.0,2644.75,0.2225,0.0369,unknown,컴투스엔,컴투스엔,convertible_bond,,,,,,data/raw/price_291230_20260802_20260901.csv,211,False,Broad evaluation pool candidate,214,False,Broad evaluation pool candidate
080420,2026-09-01,2026-09-01,2026-09-01,2026-09-01,HOLD,neutral,44.57,44.57,44.57,46.16,46.16,0,49.13,-2.0,2,4.56,0.0,0.0,0.0,0.0,0,0,44.57,v2_conservative_ranker,44.0,-3.0,1,11.3,0.0,0.0,0.0,53.3,53.3,v3_stability_ranker,neutral,1649.0,-0.0072,0.0,0.118,1645.2,1663.45,0.0102,0.038,kis,,,,,,,,,data/raw/price_080420_20260504_20260901.csv,212,False,Broad evaluation pool candidate,169,False,Broad evaluation pool candidate
195990,2026-09-01,2026-09-01,2026-09-01,2026-09-01,HOLD,neutral,44.5,44.5,44.5,52.41,56.41,-4,53.08,-2.0,2,3.88,0.0,0.0,0.0,4.7,0,0,44.5,v2_conservative_ranker,46.5,-3.0,1,12.15,0.0,0.0,7.2,49.45,49.45,v3_stability_ranker,neutral,1350.0,-0.0007,-0.0117,0.1499,1356.6,1339.2,0.219,0.0323,kis,,,,low_attention,risk_noise_detected,,,,data/raw/price_195990_20260504_20260901.csv,213,False,Broad evaluation pool candidate,226,False,Broad evaluation pool candidate
123010,2026-09-01,2026-09-01,2026-09-01,2026-09-01,HOLD,neutral,44.49,44.49,44.49,52.74,56.74,-4,53.29,-2.0,2,3.4,0.0,0.0,0.0,5.4,0,0,44.49,v2_conservative_ranker,46.02,-3.0,1,12.75,0.0,0.0,8.2,48.58,48.58,v3_stability_ranker,price_momentum,2130.0,-0.0207,0.0416,-0.1106,2095.0,2091.95,0.1566,0.0283,kis,,,,medium_attention,risk_noise_detected,,,,data/raw/price_123010_20260504_20260901.csv,214,False,Broad evaluation pool candidate,237,False,Broad evaluation pool candidate
005710,2026-09-01,2026-09-01,2026-09-01,2026-09-01,HOLD,neutral,44.49,44.49,44.49,59.88,63.88,-4,44.99,3.0,3,1.8,0.0,0.0,0.0,4.7,0,0,44.49,v2_conservative_ranker,40.5,-1.99,4,14.75,0.0,0.0,7.2,50.06,50.06,v3_stability_ranker,neutral,10900.0,0.0225,-0.0259,-0.0405,10776.0,11182.0,3.112,0.015,kis,,,,low_attention,risk_noise_detected,,,,data/raw/price_005710_20260504_20260901.csv,215,False,Broad evaluation pool candidate,213,False,Broad evaluation pool candidate
297570,2026-09-01,2026-09-01,2026-09-01,2026-09-01,HOLD,neutral,44.41,44.41,44.41,45.56,45.56,0,48.45,0.0,0,4.04,0.0,0.0,0.0,0.0,0,0,44.41,v2_conservative_ranker,44.0,-5.0,0,11.95,0.0,0.0,0.0,50.95,50.95,v3_stability_ranker,neutral,869.0,0.0,0.0,0.0986,869.0,869.35,0.0,0.0337,kis,,,,,,,,,data/raw/price_297570_20260504_20260901.csv,216,False,Broad evaluation pool candidate,201,False,Broad evaluation pool candidate
253590,2026-09-01,2026-09-01,2026-09-01,2026-09-01,HOLD,neutral,44.4,44.4,44.4,54.09,54.09,0,50.48,-2.0,2,5.38,0.0,0.0,0.0,0.7,0,0,44.4,v2_conservative_ranker,36.2,-3.0,1,10.28,0.0,0.0,1.0,43.48,43.48,v3_stability_ranker,neutral,10560.0,-0.0085,-0.0452,0.2394,10832.0,10443.5,0.1819,0.0448,kis,,,,medium_attention,no_risk_noise,,,,data/raw/price_253590_20260504_20260901.csv,217,False,Broad evaluation pool candidate,279,False,Broad evaluation pool candidate
079950,2026-09-01,2026-09-01,2026-09-01,2026-09-01,HOLD,neutral,44.36,44.36,44.36,51.05,55.05,-4,52.24,-2.0,2,3.18,0.0,0.0,0.0,4.7,0,0,44.36,v2_conservative_ranker,42.5,-3.0,1,9.03,3.18,0.0,7.2,39.15,39.15,v3_stability_ranker,neutral,1036.0,0.0637,0.0894,-0.1359,970.2,1018.95,0.5921,0.0265,kis,,,,low_attention,risk_noise_detected,,,,data/raw/price_079950_20260504_20260901.csv,218,False,Broad evaluation pool candidate,310,False,Broad evaluation pool candidate
122640,2026-09-01,2026-09-01,2026-09-01,2026-09-01,HOLD,neutral,44.27,44.27,44.27,53.61,53.61,0,50.98,-2.0,2,6.71,0.0,0.0,0.0,0.0,0,0,44.27,v2_conservative_ranker,33.67,-3.0,1,8.62,2.16,1.74,0.0,36.37,36.37,v3_stability_ranker,neutral,28650.0,-0.0321,-0.0402,0.3233,28980.0,26742.5,0.2028,0.0559,kis,,,,,,,,,data/raw/price_122640_20260504_20260901.csv,219,False,Broad evaluation pool candidate,327,False,Broad evaluation pool candidate
104460,2026-09-01,2026-09-01,2026-09-01,2026-09-01,HOLD,neutral,44.21,44.21,44.21,47.82,47.82,0,47.33,-2.0,2,3.12,0.0,0.0,0.0,0.0,0,0,44.21,v2_conservative_ranker,37.68,-3.0,1,13.1,0.0,0.0,0.0,48.78,48.78,v3_stability_ranker,neutral,7780.0,-0.0177,0.0052,-0.0627,7856.0,8216.0,0.1727,0.026,kis,,,,,,,,,data/raw/price_104460_20260504_20260901.csv,220,False,Broad evaluation pool candidate,232,False,Broad evaluation pool candidate
032300,2026-09-01,2026-09-01,2026-09-01,2026-09-01,HOLD,neutral,44.17,44.17,44.17,50.56,54.56,-4,51.79,-2.0,2,2.92,0.0,0.0,0.0,4.7,0,0,44.17,v2_conservative_ranker,46.5,-3.0,1,13.36,0.0,0.0,7.2,50.66,50.66,v3_stability_ranker,neutral,7920.0,-0.0038,-0.0013,0.0834,7946.0,7914.5,0.1587,0.0243,kis,,,,low_attention,risk_noise_detected,,,,data/raw/price_032300_20260504_20260901.csv,221,False,Broad evaluation pool candidate,205,False,Broad evaluation pool candidate
006840,2026-09-01,2026-09-01,2026-09-01,2026-09-01,HOLD,neutral,44.12,44.12,44.12,48.01,51.01,-3,48.83,-2.0,2,2.71,0.0,0.0,0.0,0.0,2,0,44.12,v2_conservative_ranker,44.0,-3.0,1,13.61,0.0,0.0,2.0,53.61,53.61,v3_stability_ranker,neutral,7460.0,-0.0053,-0.0312,0.0843,7578.0,7480.5,0.0286,0.0226,unknown,AK홀딩스,AK홀딩스,paid_in_capital_increase,,,,,,data/raw/price_006840_20260802_20260901.csv,222,False,Broad evaluation pool candidate,163,False,Broad evaluation pool candidate
002780,2026-09-01,2026-09-01,2026-09-01,2026-09-01,HOLD,neutral,44.1,44.1,44.1,43.94,43.94,0,46.16,0.0,0,2.05,0.0,0.0,0.0,0.0,0,0,44.1,v2_conservative_ranker,44.0,-5.0,0,14.44,0.0,0.0,0.0,53.44,53.44,v3_stability_ranker,neutral,782.0,0.0,0.0,0.033,782.0,789.9,0.0,0.0171,kis,,,,medium_attention,no_risk_noise,,,,data/raw/price_002780_20260504_20260901.csv,223,False,Broad evaluation pool candidate,166,False,Broad evaluation pool candidate
199290,2026-09-01,2026-09-01,2026-09-01,2026-09-01,HOLD,neutral,43.98,43.98,43.98,48.35,48.35,0,50.82,0.0,0,6.84,0.0,0.0,0.0,0.0,0,0,43.98,v2_conservative_ranker,40.5,-5.0,0,8.45,0.0,1.92,0.0,42.03,42.03,v3_stability_ranker,neutral,395.0,0.0,0.0128,0.0154,390.0,394.85,0.0,0.057,kis,,,,,,,,,data/raw/price_199290_20260504_20260901.csv,224,False,Broad evaluation pool candidate,291,False,Broad evaluation pool candidate
033270,2026-09-01,2026-09-01,2026-09-01,2026-09-01,HOLD,neutral,43.97,43.97,43.97,44.33,44.33,0,45.22,-2.0,2,1.25,0.0,0.0,0.0,0.0,0,0,43.97,v2_conservative_ranker,38.0,-3.0,1,15.44,0.0,0.0,0.0,51.44,51.44,v3_stability_ranker,neutral,17870.0,0.0051,-0.0006,0.0079,17856.0,18061.0,0.1723,0.0104,kis,,,,,,,,,data/raw/price_033270_20260504_20260901.csv,225,False,Broad evaluation pool candidate,188,False,Broad evaluation pool candidate
216080,2026-09-01,2026-09-01,2026-09-01,2026-09-01,HOLD,neutral,43.62,43.62,43.62,52.95,52.95,0,49.33,-2.0,2,5.71,0.0,0.0,0.0,0.0,0,0,43.62,v2_conservative_ranker,42.86,-3.0,1,9.86,0.0,0.42,0.0,50.3,50.3,v3_stability_ranker,neutral,4820.0,0.0288,-0.0455,0.1395,4804.0,4563.75,0.5475,0.0476,kis,,,,,,,,,data/raw/price_216080_20260504_20260901.csv,226,False,Broad evaluation pool candidate,207,False,Broad evaluation pool candidate
073190,2026-09-01,2026-09-01,2026-09-01,2026-09-01,HOLD,neutral,43.57,43.57,43.57,57.81,57.81,0,55.0,0.0,0,5.03,6.4,0.0,0.0,0.0,0,0,43.57,v2_conservative_ranker,32.5,-5.0,0,10.71,10.0,0.0,0.0,28.22,28.22,v3_stability_ranker,neutral,1622.0,0.0,0.0,0.4922,1622.0,1560.25,0.0,0.0419,kis,,,,,,,,,data/raw/price_073190_20260504_20260901.csv,227,False,Broad evaluation pool candidate,362,False,Broad evaluation pool candidate
154040,2026-09-01,2026-09-01,2026-09-01,2026-09-01,HOLD,neutral,43.57,43.57,43.57,53.74,57.74,-4,54.72,-2.0,2,5.05,0.0,0.0,0.0,6.1,0,0,43.57,v2_conservative_ranker,36.92,-3.0,1,10.69,2.11,0.0,9.2,34.3,34.3,v3_stability_ranker,neutral,1067.0,-0.0019,-0.0028,0.3222,1069.6,1021.15,0.0388,0.0421,kis,,,,medium_attention,risk_noise_detected,,,,data/raw/price_154040_20260504_20260901.csv,228,False,Broad evaluation pool candidate,334,False,Broad evaluation pool candidate
006340,2026-09-01,2026-09-01,2026-09-01,2026-09-01,HOLD,neutral,43.55,43.55,43.55,48.39,48.39,0,50.4,-2.0,2,6.85,0.0,0.0,0.0,0.0,0,0,43.55,v2_conservative_ranker,46.5,-3.0,1,8.44,0.0,1.94,0.0,51.0,51.0,v3_stability_ranker,neutral,13410.0,-0.0154,0.006,0.0229,13682.0,14170.0,0.0593,0.0571,unknown,대원전선,대원전선,major_shareholder_change,,,,,,data/raw/price_006340_20260802_20260901.csv,229,False,Broad evaluation pool candidate,200,False,Broad evaluation pool candidate
178320,2026-09-01,2026-09-01,2026-09-01,2026-09-01,HOLD,neutral,43.54,43.54,43.54,52.19,52.19,0,49.96,-2.0,2,6.42,0.0,0.0,0.0,0.0,0,0,43.54,v2_conservative_ranker,43.89,-3.0,1,4.97,0.0,1.36,0.0,45.51,45.51,v3_stability_ranker,neutral,37150.0,-0.0474,-0.0326,0.1207,38730.0,37567.5,0.4604,0.0535,unknown,서진시스템,서진시스템,major_shareholder_change,,,,,,data/raw/price_178320_20260802_20260901.csv,230,False,Broad evaluation pool candidate,262,False,Broad evaluation pool candidate
060230,2026-09-01,2026-09-01,2026-09-01,2026-09-01,HOLD,neutral,43.42,43.42,43.42,47.36,47.36,0,47.23,0.0,2,5.81,0.0,0.0,0.0,0.0,0,0,43.42,v2_conservative_ranker,42.5,2.0,6,5.74,0.0,0.54,0.0,55.7,55.7,v3_stability_ranker,neutral,1232.0,0.0414,0.0423,-0.2082,1225.4,1325.4,0.9953,0.0484,kis,,,,,,,,,data/raw/price_060230_20260504_20260901.csv,231,False,Broad evaluation pool candidate,129,False,Broad evaluation pool candidate
352940,2026-09-01,2026-09-01,2026-09-01,2026-09-01,HOLD,neutral,43.34,43.34,43.34,43.16,43.16,0,44.69,-2.0,2,1.36,0.0,0.0,0.0,0.0,0,0,43.34,v2_conservative_ranker,38.0,-3.0,1,15.3,0.0,0.0,0.0,51.3,51.3,v3_stability_ranker,neutral,2005.0,0.0025,-0.005,0.0055,1991.0,2011.9,0.0864,0.0113,kis,,,,,,,,,data/raw/price_352940_20260504_20260901.csv,232,False,Broad evaluation pool candidate,195,False,Broad evaluation pool candidate
067630,2026-09-01,2026-09-01,2026-09-01,2026-09-01,HOLD,neutral,43.34,43.34,43.34,49.44,52.44,-3,47.95,0.0,2,4.61,0.0,0.0,0.0,0.0,2,0,43.34,v2_conservative_ranker,32.19,2.0,1,11.24,1.81,0.0,2.0,42.61,42.61,v3_stability_ranker,neutral,2705.0,0.0019,-0.0305,0.3163,2687.0,2769.75,0.8881,0.0384,unknown,HLB생명과학,HLB생명과학,convertible_bond,,,,,,data/raw/price_067630_20260802_20260901.csv,233,False,Broad evaluation pool candidate,286,False,Broad evaluation pool candidate
179530,2026-09-01,2026-09-01,2026-09-01,2026-09-01,HOLD,neutral,43.24,43.24,43.24,51.99,51.99,0,52.71,-2.0,2,8.44,0.0,1.03,0.0,0.0,0,0,43.24,v2_conservative_ranker,46.5,-3.0,1,6.46,0.0,4.05,0.0,46.91,46.91,v3_stability_ranker,neutral,2415.0,-0.0378,-0.0183,0.1583,2491.0,2313.05,0.1566,0.0703,kis,,,,,,,,,data/raw/price_179530_20260504_20260901.csv,234,False,Broad evaluation pool candidate,254,False,Broad evaluation pool candidate
007980,2026-09-01,2026-09-01,2026-09-01,2026-09-01,HOLD,neutral,43.22,43.22,43.22,44.39,44.39,0,45.49,-2.0,2,2.27,0.0,0.0,0.0,0.0,0,0,43.22,v2_conservative_ranker,44.0,-3.0,1,14.16,0.0,0.0,0.0,56.16,56.16,v3_stability_ranker,neutral,1730.0,-0.004,-0.0182,0.0659,1751.0,1793.1,0.1345,0.0189,kis,,,,,,,,,data/raw/price_007980_20260504_20260901.csv,235,False,Broad evaluation pool candidate,123,False,Broad evaluation pool candidate
012450,2026-09-01,2026-09-01,2026-09-01,2026-09-01,HOLD,neutral,43.21,43.21,43.21,48.57,45.57,3,47.2,-2.0,2,4.99,0.0,0.0,0.0,0.0,0,1,43.21,v2_conservative_ranker,41.31,-3.0,1,10.76,0.0,0.0,0.0,50.07,50.07,v3_stability_ranker,neutral,1065000.0,-0.0336,-0.0336,0.1589,1112200.0,1112800.0,0.1915,0.0416,unknown,한화에어로스페이스,한화에어로스페이스,supply_contract,,,,,,data/raw/price_012450_20260802_20260901.csv,236,False,Broad evaluation pool candidate,212,False,Broad evaluation pool candidate
475580,2026-09-01,2026-09-01,2026-09-01,2026-09-01,HOLD,neutral,43.19,43.19,43.19,45.33,45.33,0,49.48,-2.0,2,6.29,0.0,0.0,0.0,0.0,0,0,43.19,v2_conservative_ranker,44.0,-3.0,1,9.14,0.0,1.18,0.0,49.96,49.96,v3_stability_ranker,neutral,7410.0,-0.0107,0.0,0.1279,7536.0,7578.5,0.0291,0.0524,kis,,,,,,,,,data/raw/price_475580_20260504_20260901.csv,237,False,Broad evaluation pool candidate,215,False,Broad evaluation pool candidate
084870,2026-09-01,2026-09-01,2026-09-01,2026-09-01,HOLD,neutral,43.09,43.09,43.09,49.16,49.16,0,47.13,-2.0,2,4.04,0.0,0.0,0.0,0.0,0,0,43.09,v2_conservative_ranker,41.36,-3.0,1,11.95,0.0,0.0,0.0,51.3,51.3,v3_stability_ranker,neutral,2255.0,-0.0196,-0.0643,0.1303,2305.0,2219.75,0.0749,0.0337,kis,,,,,,,,,data/raw/price_084870_20260504_20260901.csv,238,False,Broad evaluation pool candidate,196,False,Broad evaluation pool candidate
228670,2026-09-01,2026-09-01,2026-09-01,2026-09-01,HOLD,neutral,43.06,43.06,43.06,44.21,44.21,0,47.91,-2.0,2,4.85,0.0,0.0,0.0,0.0,0,0,43.06,v2_conservative_ranker,42.5,-3.0,1,10.94,0.0,0.0,0.0,51.44,51.44,v3_stability_ranker,neutral,4805.0,0.0278,0.0491,-0.2312,4667.0,5083.5,0.2231,0.0404,kis,,,,,,,,,data/raw/price_228670_20260504_20260901.csv,239,False,Broad evaluation pool candidate,189,False,Broad evaluation pool candidate
069460,2026-09-01,2026-09-01,2026-09-01,2026-09-01,HOLD,neutral,43.0,43.0,43.0,41.0,44.0,-3,45.0,0.0,0,0.0,0.0,0.0,0.0,0.0,2,0,43.0,v2_conservative_ranker,38.0,-5.0,0,17.0,0.0,0.0,2.0,48.0,48.0,v3_stability_ranker,neutral,2660.0,0.0,0.0,0.0,2660.0,2660.0,0.0,0.0,unknown,대호에이엘,대호에이엘,lawsuit,,,,,,data/raw/price_069460_20260802_20260901.csv,240,False,Broad evaluation pool candidate,241,False,Broad evaluation pool candidate
087260,2026-09-01,2026-09-01,2026-09-01,2026-09-01,HOLD,neutral,43.0,43.0,43.0,41.0,44.0,-3,45.0,0.0,0,0.0,0.0,0.0,0.0,0.0,2,0,43.0,v2_conservative_ranker,38.0,-5.0,0,17.0,0.0,0.0,2.0,48.0,48.0,v3_stability_ranker,neutral,247.0,0.0,0.0,0.0,247.0,247.0,0.0,0.0,unknown,모바일어플라이언스,모바일어플라이언스,lawsuit,,,,,,data/raw/price_087260_20260802_20260901.csv,241,False,Broad evaluation pool candidate,242,False,Broad evaluation pool candidate
380540,2026-09-01,2026-09-01,2026-09-01,2026-09-01,HOLD,neutral,43.0,43.0,43.0,41.0,44.0,-3,45.0,0.0,0,0.0,0.0,0.0,0.0,0.0,2,0,43.0,v2_conservative_ranker,38.0,-5.0,0,17.0,0.0,0.0,2.0,48.0,48.0,v3_stability_ranker,neutral,8450.0,0.0,0.0,0.0,8450.0,8450.0,0.0,0.0,unknown,옵티코어,옵티코어,convertible_bond,,,,,,data/raw/price_380540_20260802_20260901.csv,242,False,Broad evaluation pool candidate,243,False,Broad evaluation pool candidate
039200,2026-09-01,2026-09-01,2026-09-01,2026-09-01,HOLD,neutral,42.9,42.9,42.9,48.41,48.41,0,48.32,-2.0,2,5.42,0.0,0.0,0.0,0.0,0,0,42.9,v2_conservative_ranker,44.0,-3.0,1,10.22,0.0,0.03,0.0,52.19,52.19,v3_stability_ranker,neutral,36300.0,0.0357,-0.0268,0.1767,35620.0,36615.0,0.4621,0.0452,kis,,,,,,,,,data/raw/price_039200_20260504_20260901.csv,243,False,Broad evaluation pool candidate,182,False,Broad evaluation pool candidate
332290,2026-09-01,2026-09-01,2026-09-01,2026-09-01,HOLD,neutral,42.74,42.74,42.74,43.12,43.12,0,46.68,0.0,0,3.94,0.0,0.0,0.0,0.0,0,0,42.74,v2_conservative_ranker,44.0,-5.0,0,12.08,0.0,0.0,0.0,51.08,51.08,v3_stability_ranker,neutral,897.0,0.0,0.0,0.0479,897.0,917.1,0.0,0.0328,kis,,,,,,,,,data/raw/price_332290_20260504_20260901.csv,244,False,Broad evaluation pool candidate,197,False,Broad evaluation pool candidate
033310,2026-09-01,2026-09-01,2026-09-01,2026-09-01,HOLD,neutral,42.74,42.74,42.74,48.33,48.33,0,46.71,-2.0,2,3.97,0.0,0.0,0.0,0.0,0,0,42.74,v2_conservative_ranker,42.02,-3.0,1,12.04,0.0,0.0,0.0,52.05,52.05,v3_stability_ranker,neutral,1433.0,-0.009,-0.056,0.0947,1434.8,1380.35,0.0834,0.0331,kis,,,,,,,,,data/raw/price_033310_20260504_20260901.csv,245,False,Broad evaluation pool candidate,184,False,Broad evaluation pool candidate
163730,2026-09-01,2026-09-01,2026-09-01,2026-09-01,HOLD,neutral,42.7,42.7,42.7,55.65,55.65,0,54.32,-2.0,2,9.61,0.0,2.01,0.0,0.0,0,0,42.7,v2_conservative_ranker,36.49,-3.0,1,5.0,2.73,5.62,0.0,31.14,31.14,v3_stability_ranker,neutral,10170.0,0.0201,-0.0068,0.3346,9914.0,9902.0,0.3883,0.0801,kis,,,,,,,,,data/raw/price_163730_20260504_20260901.csv,246,False,Broad evaluation pool candidate,352,False,Broad evaluation pool candidate
109070,2026-09-01,2026-09-01,2026-09-01,2026-09-01,HOLD,neutral,42.68,42.68,42.68,44.09,44.09,0,46.41,0.0,0,3.73,0.0,0.0,0.0,0.0,0,0,42.68,v2_conservative_ranker,44.0,-5.0,0,12.34,0.0,0.0,0.0,51.34,51.34,v3_stability_ranker,neutral,1550.0,0.0,-0.0276,0.1191,1572.0,1575.2,0.0,0.0311,kis,,,,,,,,,data/raw/price_109070_20260504_20260901.csv,247,False,Broad evaluation pool candidate,194,False,Broad evaluation pool candidate
075180,2026-09-01,2026-09-01,2026-09-01,2026-09-01,HOLD,neutral,42.62,42.62,42.62,42.14,42.14,0,43.46,-2.0,2,0.84,0.0,0.0,0.0,0.0,0,0,42.62,v2_conservative_ranker,38.0,-3.0,1,15.95,0.0,0.0,0.0,51.95,51.95,v3_stability_ranker,neutral,2920.0,-0.0085,-0.0118,-0.0102,2949.0,2962.5,0.0881,0.007,unknown,새론오토모티브,새론오토모티브,merger,,,,,,data/raw/price_075180_20260802_20260901.csv,248,False,Broad evaluation pool candidate,185,False,Broad evaluation pool candidate
006360,2026-09-01,2026-09-01,2026-09-01,2026-09-01,HOLD,neutral,42.62,42.62,42.62,54.67,54.67,0,52.14,-2.0,2,7.18,2.34,0.0,0.0,0.0,0,0,42.62,v2_conservative_ranker,34.13,-3.0,1,4.03,6.1,2.37,0.0,27.68,27.68,v3_stability_ranker,neutral,34000.0,-0.0634,-0.0286,0.4021,36430.0,34452.5,0.2518,0.0598,kis,,,,,,,,,data/raw/price_006360_20260504_20260901.csv,249,False,Broad evaluation pool candidate,365,False,Broad evaluation pool candidate
016090,2026-09-01,2026-09-01,2026-09-01,2026-09-01,HOLD,neutral,42.58,42.58,42.58,42.24,42.24,0,44.17,-2.0,2,1.58,0.0,0.0,0.0,0.0,0,0,42.58,v2_conservative_ranker,38.0,-3.0,1,15.02,0.0,0.0,0.0,51.02,51.02,v3_stability_ranker,neutral,1473.0,-0.0014,-0.0067,-0.0047,1472.2,1484.75,0.077,0.0132,unknown,대현,대현,major_shareholder_change,,,,,,data/raw/price_016090_20260802_20260901.csv,250,False,Broad evaluation pool candidate,199,False,Broad evaluation pool candidate
013720,2026-09-01,2026-09-01,2026-09-01,2026-09-01,HOLD,neutral,42.54,42.54,42.54,48.51,48.51,0,45.66,-2.0,2,3.12,0.0,0.0,0.0,0.0,0,0,42.54,v2_conservative_ranker,41.84,-3.0,1,13.1,0.0,0.0,0.0,52.94,52.94,v3_stability_ranker,neutral,2265.0,-0.0066,-0.0582,0.0709,2336.0,2330.0,0.2306,0.026,kis,,,,,,,,,data/raw/price_013720_20260504_20260901.csv,251,False,Broad evaluation pool candidate,174,False,Broad evaluation pool candidate
042370,2026-09-01,2026-09-01,2026-09-01,2026-09-01,HOLD,neutral,42.52,42.52,42.52,44.77,44.77,0,47.33,-2.0,2,4.81,0.0,0.0,0.0,0.0,0,0,42.52,v2_conservative_ranker,44.0,-3.0,1,10.98,0.0,0.0,0.0,52.98,52.98,v3_stability_ranker,neutral,8390.0,-0.0129,-0.0071,0.0868,8540.0,8653.5,0.1915,0.0401,kis,,,,,,,,,data/raw/price_042370_20260504_20260901.csv,252,False,Broad evaluation pool candidate,173,False,Broad evaluation pool candidate
187660,2026-09-01,2026-09-01,2026-09-01,2026-09-01,HOLD,neutral,42.5,42.5,42.5,80.26,80.26,0,66.77,-2.0,2,8.99,13.8,1.49,0.0,0.0,0,0,42.5,v2_conservative_ranker,39.0,-3.0,1,2.77,21.93,4.78,0.0,13.05,13.05,v3_stability_ranker,price_momentum,4980.0,0.0061,0.4269,0.1649,4398.0,4104.5,0.7513,0.0749,kis,,,,,,,,,data/raw/price_187660_20260504_20260901.csv,253,False,Broad evaluation pool candidate,409,False,Broad evaluation pool candidate
330730,2026-09-01,2026-09-01,2026-09-01,2026-09-01,HOLD,neutral,42.5,42.5,42.5,43.18,43.18,0,44.77,-2.0,2,2.27,0.0,0.0,0.0,0.0,0,0,42.5,v2_conservative_ranker,44.0,-3.0,1,14.16,0.0,0.0,0.0,56.16,56.16,v3_stability_ranker,neutral,4840.0,-0.001,-0.0222,0.0568,4874.0,4919.25,0.0752,0.0189,kis,,,,,,,,,data/raw/price_330730_20260504_20260901.csv,254,False,Broad evaluation pool candidate,124,False,Broad evaluation pool candidate
460940,2026-09-01,2026-09-01,2026-09-01,2026-09-01,HOLD,neutral,42.46,42.46,42.46,44.06,44.06,0,48.21,-2.0,2,5.75,0.0,0.0,0.0,0.0,0,0,42.46,v2_conservative_ranker,44.0,-3.0,1,9.82,0.0,0.46,0.0,51.35,51.35,v3_stability_ranker,neutral,5120.0,0.0039,0.0,0.0917,5122.0,5331.5,0.0436,0.0479,kis,,,,,,,,,data/raw/price_460940_20260504_20260901.csv,255,False,Broad evaluation pool candidate,192,False,Broad evaluation pool candidate
215480,2026-09-01,2026-09-01,2026-09-01,2026-09-01,HOLD,neutral,42.4,42.4,42.4,43.65,43.65,0,46.61,-2.0,2,4.21,0.0,0.0,0.0,0.0,0,0,42.4,v2_conservative_ranker,44.0,-3.0,1,11.73,0.0,0.0,0.0,53.73,53.73,v3_stability_ranker,neutral,1973.0,0.0005,-0.01,0.0746,1993.0,2052.9,0.0716,0.0351,kis,,,,,,,,,data/raw/price_215480_20260504_20260901.csv,256,False,Broad evaluation pool candidate,162,False,Broad evaluation pool candidate
247660,2026-09-01,2026-09-01,2026-09-01,2026-09-01,HOLD,neutral,42.38,42.38,42.38,73.67,77.67,-4,67.0,-2.0,2,8.77,9.84,1.31,0.0,4.7,0,0,42.38,v2_conservative_ranker,44.95,-3.0,1,-0.96,22.06,4.5,7.2,8.24,8.24,v3_stability_ranker,price_momentum,3495.0,0.0495,0.2178,0.1748,3402.0,2766.0,0.2073,0.0731,kis,,,,low_attention,risk_noise_detected,,,,data/raw/price_247660_20260504_20260901.csv,257,False,Broad evaluation pool candidate,412,False,Broad evaluation pool candidate
017670,2026-09-01,2026-09-01,2026-09-01,2026-09-01,HOLD,neutral,42.28,42.28,42.28,49.34,49.34,0,47.44,-2.0,2,5.16,0.0,0.0,0.0,0.0,0,0,42.28,v2_conservative_ranker,41.56,-3.0,1,10.55,0.0,0.0,0.0,50.11,50.11,v3_stability_ranker,neutral,92800.0,-0.0149,-0.0617,0.1317,96860.0,94810.0,0.2038,0.043,kis,,,,,,,,,data/raw/price_017670_20260504_20260901.csv,258,False,Broad evaluation pool candidate,211,False,Broad evaluation pool candidate
019680,2026-09-01,2026-09-01,2026-09-01,2026-09-01,HOLD,neutral,42.2,42.2,42.2,43.6,43.6,0,48.25,0.0,0,6.05,0.0,0.0,0.0,0.0,0,0,42.2,v2_conservative_ranker,44.0,-5.0,0,9.44,0.0,0.86,0.0,47.58,47.58,v3_stability_ranker,neutral,1000.0,0.0,0.0,0.0929,1000.0,1013.25,0.0,0.0504,kis,,,,,,,,,data/raw/price_019680_20260504_20260901.csv,259,False,Broad evaluation pool candidate,251,False,Broad evaluation pool candidate
208860,2026-09-01,2026-09-01,2026-09-01,2026-09-01,HOLD,neutral,42.07,42.07,42.07,54.98,58.98,-4,55.0,-2.0,2,4.07,3.47,0.0,0.0,5.4,0,0,42.07,v2_conservative_ranker,33.26,-3.0,1,8.91,8.88,0.0,8.2,23.09,23.09,v3_stability_ranker,neutral,1270.0,-0.032,0.0,0.427,1294.4,1115.95,0.0613,0.0339,kis,,,,medium_attention,risk_noise_detected,,,,data/raw/price_208860_20260504_20260901.csv,260,False,Broad evaluation pool candidate,383,False,Broad evaluation pool candidate
036710,2026-09-01,2026-09-01,2026-09-01,2026-09-01,HOLD,neutral,42.07,42.07,42.07,51.14,51.14,0,49.95,-2.0,2,7.57,0.0,0.31,0.0,0.0,0,0,42.07,v2_conservative_ranker,33.86,-3.0,1,7.54,0.72,2.9,0.0,35.78,35.78,v3_stability_ranker,neutral,4045.0,-0.0265,-0.0505,0.2944,4093.0,3962.75,0.0831,0.0631,unknown,심텍홀딩스,심텍홀딩스,merger,,,,,,data/raw/price_036710_20260802_20260901.csv,261,False,Broad evaluation pool candidate,331,False,Broad evaluation pool candidate
056730,2026-09-01,2026-09-01,2026-09-01,2026-09-01,HOLD,neutral,42.0,42.0,42.0,45.3,42.3,3,38.17,1.95,3,2.12,0.0,0.0,0.0,0.0,0,1,42.0,v2_conservative_ranker,30.91,8.0,6,14.34,0.0,0.0,0.0,59.26,59.26,v3_stability_ranker,neutral,1277.0,0.0016,-0.0348,-0.0956,1292.4,1378.8,1.389,0.0177,unknown,CNT85,CNT85,supply_contract,,,,,,data/raw/price_056730_20260802_20260901.csv,262,False,Broad evaluation pool candidate,79,False,Broad evaluation pool candidate
018470,2026-09-01,2026-09-01,2026-09-01,2026-09-01,HOLD,neutral,41.99,41.99,41.99,40.66,40.66,0,43.62,0.0,0,1.63,0.0,0.0,0.0,0.0,0,0,41.99,v2_conservative_ranker,38.0,-5.0,0,14.96,0.0,0.0,0.0,47.96,47.96,v3_stability_ranker,neutral,973.0,0.0,0.0,-0.0395,973.0,1004.1,0.0,0.0136,kis,,,,,,,,,data/raw/price_018470_20260504_20260901.csv,263,False,Broad evaluation pool candidate,245,False,Broad evaluation pool candidate
031820,2026-09-01,2026-09-01,2026-09-01,2026-09-01,HOLD,neutral,41.95,41.95,41.95,48.31,51.31,-3,43.15,0.88,3,3.07,0.0,0.0,0.0,0.0,2,0,41.95,v2_conservative_ranker,40.57,8.0,6,13.16,0.0,0.0,2.0,65.73,65.73,v3_stability_ranker,neutral,5870.0,-0.0084,-0.0741,0.0445,6060.0,5968.5,1.1758,0.0256,unknown,아이티센씨티에스,아이티센씨티에스,convertible_bond,,,,,,data/raw/price_031820_20260802_20260901.csv,264,False,Broad evaluation pool candidate,42,False,Broad evaluation pool candidate
340360,2026-09-01,2026-09-01,2026-09-01,2026-09-01,HOLD,neutral,41.72,41.72,41.72,47.13,54.13,-7,53.34,-2.0,2,4.92,0.0,0.0,0.0,4.7,2,0,41.72,v2_conservative_ranker,54.5,-3.0,1,10.85,0.0,0.0,9.2,54.15,54.15,v3_stability_ranker,neutral,898.0,-0.0164,0.0193,0.069,900.8,909.85,0.1419,0.041,unknown,다보링크,다보링크,convertible_bond,low_attention,risk_noise_detected,,,,data/raw/price_340360_20260802_20260901.csv,265,False,Broad evaluation pool candidate,156,False,Broad evaluation pool candidate
095270,2026-09-01,2026-09-01,2026-09-01,2026-09-01,HOLD,neutral,41.68,41.68,41.68,43.03,43.03,0,45.67,-2.0,2,3.98,0.0,0.0,0.0,0.0,0,0,41.68,v2_conservative_ranker,44.0,-3.0,1,12.02,0.0,0.0,0.0,54.02,54.02,v3_stability_ranker,neutral,4110.0,0.0186,-0.0084,0.0431,4115.0,4244.5,0.172,0.0332,kis,,,,,,,,,data/raw/price_095270_20260504_20260901.csv,266,False,Broad evaluation pool candidate,158,False,Broad evaluation pool candidate
389500,2026-09-01,2026-09-01,2026-09-01,2026-09-01,HOLD,neutral,41.46,41.46,41.46,48.47,48.47,0,47.81,-2.0,2,6.35,0.0,0.0,0.0,0.0,0,0,41.46,v2_conservative_ranker,42.35,-3.0,1,9.06,0.0,1.26,0.0,48.15,48.15,v3_stability_ranker,neutral,36550.0,-0.0369,-0.0519,0.1143,37740.0,37405.0,0.2055,0.0529,kis,,,,,,,,,data/raw/price_389500_20260504_20260901.csv,267,False,Broad evaluation pool candidate,240,False,Broad evaluation pool candidate
273060,2026-09-01,2026-09-01,2026-09-01,2026-09-01,HOLD,neutral,41.36,41.36,41.36,41.84,44.84,-3,48.72,0.0,0,5.36,0.0,0.0,0.0,0.0,2,0,41.36,v2_conservative_ranker,44.0,-5.0,0,10.3,0.0,0.0,2.0,47.3,47.3,v3_stability_ranker,neutral,864.0,0.0,0.0,0.1063,864.0,892.95,0.0,0.0447,unknown,와이즈버즈,와이즈버즈,convertible_bond,,,,,,data/raw/price_273060_20260802_20260901.csv,268,False,Broad evaluation pool candidate,252,False,Broad evaluation pool candidate
474650,2026-09-01,2026-09-01,2026-09-01,2026-09-01,HOLD,neutral,41.31,41.31,41.31,48.01,45.01,3,47.39,-2.0,2,7.08,0.0,0.0,0.0,0.0,0,1,41.31,v2_conservative_ranker,41.11,-3.0,1,8.15,0.0,2.24,0.0,45.02,45.02,v3_stability_ranker,neutral,24000.0,-0.0381,-0.0361,0.1852,24170.0,24672.5,0.2098,0.059,unknown,링크솔루션,링크솔루션,supply_contract,,,,,,data/raw/price_474650_20260802_20260901.csv,269,False,Broad evaluation pool candidate,269,False,Broad evaluation pool candidate
440110,2026-09-01,2026-09-01,2026-09-01,2026-09-01,HOLD,neutral,41.27,41.27,41.27,46.61,46.61,0,47.44,-2.0,2,6.17,0.0,0.0,0.0,0.0,0,0,41.27,v2_conservative_ranker,40.5,-3.0,1,9.29,0.0,1.02,0.0,46.77,46.77,v3_stability_ranker,neutral,63300.0,-0.0365,-0.0156,0.0,63880.0,63300.0,0.219,0.0514,kis,,,,,,,,,data/raw/price_440110_20260504_20260901.csv,270,False,Broad evaluation pool candidate,256,False,Broad evaluation pool candidate
095660,2026-09-01,2026-09-01,2026-09-01,2026-09-01,HOLD,neutral,41.23,41.23,41.23,42.4,42.4,0,43.82,-2.0,2,2.59,0.0,0.0,0.0,0.0,0,0,41.23,v2_conservative_ranker,38.0,-3.0,1,13.76,0.0,0.0,0.0,49.76,49.76,v3_stability_ranker,neutral,18110.0,-0.0006,-0.0044,-0.0211,18150.0,18617.5,0.3431,0.0216,unknown,네오위즈,네오위즈,merger,,,,,,data/raw/price_095660_20260802_20260901.csv,271,False,Broad evaluation pool candidate,221,False,Broad evaluation pool candidate
024900,2026-09-01,2026-09-01,2026-09-01,2026-09-01,HOLD,neutral,41.22,41.22,41.22,40.79,40.79,0,42.93,-2.0,2,1.72,0.0,0.0,0.0,0.0,0,0,41.22,v2_conservative_ranker,38.0,-3.0,1,14.86,0.0,0.0,0.0,50.86,50.86,v3_stability_ranker,neutral,1698.0,0.0012,-0.0168,-0.0111,1698.8,1733.1,0.076,0.0143,unknown,디와이덕양,디와이덕양,major_shareholder_change,,,,,,data/raw/price_024900_20260802_20260901.csv,272,False,Broad evaluation pool candidate,202,False,Broad evaluation pool candidate
900120,2026-09-01,2026-09-01,2026-09-01,2026-09-01,HOLD,neutral,41.14,41.14,41.14,52.62,56.62,-4,55.0,0.0,0,6.46,0.0,0.0,0.0,7.4,0,0,41.14,v2_conservative_ranker,40.43,-5.0,0,8.93,0.0,1.41,11.4,31.55,31.55,v3_stability_ranker,neutral,1040.0,0.0,0.0,0.2221,1040.0,946.55,0.0,0.0538,kis,,,,low_attention,risk_noise_detected,,,,data/raw/price_900120_20260504_20260901.csv,273,False,Broad evaluation pool candidate,351,False,Broad evaluation pool candidate
002680,2026-09-01,2026-09-01,2026-09-01,2026-09-01,HOLD,neutral,41.12,41.12,41.12,74.43,77.43,-3,67.0,-2.0,2,10.0,9.39,4.49,0.0,0.0,2,0,41.12,v2_conservative_ranker,39.0,-3.0,1,2.0,18.05,9.58,2.0,9.37,9.37,v3_stability_ranker,price_momentum,2650.0,0.0352,0.1572,0.569,2501.0,2258.95,0.071,0.1049,unknown,한탑,한탑,paid_in_capital_increase,,,,,,data/raw/price_002680_20260802_20260901.csv,274,False,Broad evaluation pool candidate,411,False,Broad evaluation pool candidate
008470,2026-09-01,2026-09-01,2026-09-01,2026-09-01,HOLD,neutral,41.12,41.12,41.12,43.1,43.1,0,43.72,-2.0,2,2.6,0.0,0.0,0.0,0.0,0,0,41.12,v2_conservative_ranker,34.5,-3.0,1,13.75,0.0,0.0,0.0,46.25,46.25,v3_stability_ranker,neutral,1710.0,0.0,0.0053,-0.1659,1704.4,1862.65,0.1718,0.0217,kis,,,,,,,,,data/raw/price_008470_20260504_20260901.csv,275,False,Broad evaluation pool candidate,258,False,Broad evaluation pool candidate
302430,2026-09-01,2026-09-01,2026-09-01,2026-09-01,HOLD,neutral,41.06,41.06,41.06,77.67,77.67,0,67.0,0.0,2,10.0,15.0,2.94,0.0,0.0,0,0,41.06,v2_conservative_ranker,39.0,2.0,6,2.0,22.0,7.1,0.0,19.9,19.9,v3_stability_ranker,price_momentum,8480.0,0.0341,0.1013,0.8237,7750.0,6114.75,0.9239,0.0894,kis,,,,,,,,,data/raw/price_302430_20260504_20260901.csv,276,False,Broad evaluation pool candidate,392,False,Broad evaluation pool candidate
047810,2026-09-01,2026-09-01,2026-09-01,2026-09-01,HOLD,neutral,40.9,40.9,40.9,46.65,43.65,3,45.89,-2.0,2,5.99,0.0,0.0,0.0,0.0,0,1,40.9,v2_conservative_ranker,44.0,-3.0,1,9.52,0.0,0.78,0.0,50.73,50.73,v3_stability_ranker,neutral,129800.0,-0.0092,-0.0084,0.0493,132720.0,139260.0,0.5027,0.0499,unknown,한국항공우주,한국항공우주,supply_contract,,,,,,data/raw/price_047810_20260802_20260901.csv,277,False,Broad evaluation pool candidate,203,False,Broad evaluation pool candidate
296640,2026-09-01,2026-09-01,2026-09-01,2026-09-01,HOLD,neutral,40.85,40.85,40.85,56.52,56.52,0,54.68,-2.0,2,6.86,6.97,0.0,0.0,0.0,0,0,40.85,v2_conservative_ranker,32.5,-3.0,1,5.42,10.0,1.95,0.0,23.97,23.97,v3_stability_ranker,neutral,6170.0,0.0033,-0.0032,0.5049,6258.0,5548.0,0.0941,0.0572,kis,,,,,,,,,data/raw/price_296640_20260504_20260901.csv,278,False,Broad evaluation pool candidate,379,False,Broad evaluation pool candidate
071970,2026-09-01,2026-09-01,2026-09-01,2026-09-01,HOLD,neutral,40.71,40.71,40.71,45.21,42.21,3,45.16,-2.0,2,5.45,0.0,0.0,0.0,0.0,0,1,40.71,v2_conservative_ranker,44.0,-3.0,1,10.19,0.0,0.06,0.0,52.13,52.13,v3_stability_ranker,neutral,51600.0,-0.0096,-0.0096,0.032,52660.0,54545.0,0.3521,0.0454,unknown,HD현대마린엔진,HD현대마린엔진,supply_contract,,,,,,data/raw/price_071970_20260802_20260901.csv,279,False,Broad evaluation pool candidate,183,False,Broad evaluation pool candidate
402490,2026-09-01,2026-09-01,2026-09-01,2026-09-01,HOLD,neutral,40.6,40.6,40.6,42.05,42.05,0,46.34,-2.0,2,5.75,0.0,0.0,0.0,0.0,0,0,40.6,v2_conservative_ranker,44.0,-3.0,1,9.82,0.0,0.46,0.0,51.35,51.35,v3_stability_ranker,neutral,6590.0,-0.0164,-0.0015,0.0427,6742.0,6962.5,0.1427,0.0479,kis,,,,,,,,,data/raw/price_402490_20260504_20260901.csv,280,False,Broad evaluation pool candidate,193,False,Broad evaluation pool candidate
101000,2026-09-01,2026-09-01,2026-09-01,2026-09-01,HOLD,neutral,40.57,40.57,40.57,45.39,49.39,-4,52.4,-2.0,2,7.13,0.0,0.0,0.0,4.7,0,0,40.57,v2_conservative_ranker,45.06,-3.0,1,8.09,0.0,2.3,7.2,41.64,41.64,v3_stability_ranker,neutral,785.0,0.0129,0.0608,-0.0765,754.6,792.1,0.1794,0.0594,kis,,,,low_attention,risk_noise_detected,,,,data/raw/price_101000_20260504_20260901.csv,281,False,Broad evaluation pool candidate,295,False,Broad evaluation pool candidate
007610,2026-09-01,2026-09-01,2026-09-01,2026-09-01,HOLD,neutral,40.56,40.56,40.56,43.89,40.89,3,45.73,-2.0,2,6.17,0.0,0.0,0.0,0.0,0,1,40.56,v2_conservative_ranker,44.0,-3.0,1,9.29,0.0,1.02,0.0,50.27,50.27,v3_stability_ranker,neutral,3995.0,-0.0111,-0.005,0.035,4052.0,4276.5,0.1304,0.0514,unknown,선도전기,선도전기,supply_contract,,,,,,data/raw/price_007610_20260802_20260901.csv,282,False,Broad evaluation pool candidate,210,False,Broad evaluation pool candidate
009420,2026-09-01,2026-09-01,2026-09-01,2026-09-01,HOLD,neutral,40.39,40.39,40.39,51.05,51.05,0,47.0,-2.0,2,6.61,0.0,0.0,0.0,0.0,0,0,40.39,v2_conservative_ranker,39.91,-3.0,1,4.73,0.0,1.62,0.0,41.03,41.03,v3_stability_ranker,neutral,55700.0,-0.067,-0.0824,0.2122,61520.0,58475.0,0.4666,0.0551,kis,,,,,,,,,data/raw/price_009420_20260504_20260901.csv,283,False,Broad evaluation pool candidate,299,False,Broad evaluation pool candidate
092040,2026-09-01,2026-09-01,2026-09-01,2026-09-01,HOLD,neutral,40.36,40.36,40.36,44.27,44.27,0,45.38,-2.0,2,5.02,0.0,0.0,0.0,0.0,0,0,40.36,v2_conservative_ranker,34.93,-3.0,1,6.73,0.0,0.0,0.0,39.66,39.66,v3_stability_ranker,neutral,998.0,0.0418,0.0071,-0.1238,968.6,1023.7,0.3223,0.0418,kis,,,,,,,,,data/raw/price_092040_20260504_20260901.csv,284,False,Broad evaluation pool candidate,307,False,Broad evaluation pool candidate
175250,2026-09-01,2026-09-01,2026-09-01,2026-09-01,HOLD,neutral,40.3,40.3,40.3,40.0,44.0,-4,45.0,0.0,0,0.0,0.0,0.0,0.0,4.7,0,0,40.3,v2_conservative_ranker,38.0,-5.0,0,17.0,0.0,0.0,7.2,42.8,42.8,v3_stability_ranker,neutral,2170.0,0.0,0.0,0.0,2170.0,2170.0,0.0,0.0,unknown,아이큐어,아이큐어,major_shareholder_change,low_attention,risk_noise_detected,,,,data/raw/price_175250_20260802_20260901.csv,285,False,Broad evaluation pool candidate,282,False,Broad evaluation pool candidate
217730,2026-09-01,2026-09-01,2026-09-01,2026-09-01,HOLD,neutral,40.28,40.28,40.28,43.42,43.42,0,46.65,-2.0,2,6.37,0.0,0.0,0.0,0.0,0,0,40.28,v2_conservative_ranker,44.0,-3.0,1,9.04,0.0,1.3,0.0,49.74,49.74,v3_stability_ranker,neutral,2300.0,-0.0397,-0.015,0.09,2362.0,2460.75,0.2879,0.0531,kis,,,,,,,,,data/raw/price_217730_20260504_20260901.csv,286,False,Broad evaluation pool candidate,222,False,Broad evaluation pool candidate
078860,2026-09-01,2026-09-01,2026-09-01,2026-09-01,HOLD,neutral,40.14,40.14,40.14,44.99,47.99,-3,47.96,-2.0,2,5.82,0.0,0.0,0.0,0.0,2,0,40.14,v2_conservative_ranker,37.48,-3.0,1,5.72,0.58,0.56,2.0,38.06,38.06,v3_stability_ranker,neutral,2705.0,0.0484,0.0131,-0.0672,2680.0,2893.25,0.4813,0.0485,unknown,아이오케이이엔엠,아이오케이이엔엠,paid_in_capital_increase,,,,,,data/raw/price_078860_20260802_20260901.csv,287,False,Broad evaluation pool candidate,315,False,Broad evaluation pool candidate
064350,2026-09-01,2026-09-01,2026-09-01,2026-09-01,HOLD,neutral,40.14,40.14,40.14,41.96,41.96,0,44.42,-2.0,2,4.28,0.0,0.0,0.0,0.0,0,0,40.14,v2_conservative_ranker,38.0,-3.0,1,11.64,0.0,0.0,0.0,47.64,47.64,v3_stability_ranker,neutral,132000.0,-0.0308,-0.012,0.0177,136460.0,140410.0,0.3068,0.0357,kis,,,,,,,,,data/raw/price_064350_20260504_20260901.csv,288,False,Broad evaluation pool candidate,249,False,Broad evaluation pool candidate
114450,2026-09-01,2026-09-01,2026-09-01,2026-09-01,HOLD,neutral,40.13,40.13,40.13,40.59,40.59,0,43.7,-2.0,2,3.58,0.0,0.0,0.0,0.0,0,0,40.13,v2_conservative_ranker,38.0,-3.0,1,12.53,0.0,0.0,0.0,48.53,48.53,v3_stability_ranker,neutral,2210.0,-0.0067,-0.0178,0.0138,2217.0,2248.25,0.1093,0.0298,kis,,,,,,,,,data/raw/price_114450_20260504_20260901.csv,289,False,Broad evaluation pool candidate,238,False,Broad evaluation pool candidate
083640,2026-09-01,2026-09-01,2026-09-01,2026-09-01,HOLD,neutral,40.1,40.1,40.1,39.49,39.49,0,44.28,0.0,0,4.18,0.0,0.0,0.0,0.0,0,0,40.1,v2_conservative_ranker,38.0,-5.0,0,11.78,0.0,0.0,0.0,44.78,44.78,v3_stability_ranker,neutral,1087.0,0.0,0.0,-0.0207,1087.0,1150.6,0.0,0.0348,kis,,,,,,,,,data/raw/price_083640_20260504_20260901.csv,290,False,Broad evaluation pool candidate,272,False,Broad evaluation pool candidate
002360,2026-09-01,2026-09-01,2026-09-01,2026-09-01,HOLD,neutral,40.09,40.09,40.09,41.87,41.87,0,46.17,-2.0,2,6.07,0.0,0.0,0.0,0.0,0,0,40.09,v2_conservative_ranker,42.5,-3.0,1,9.41,0.0,0.9,0.0,49.01,49.01,v3_stability_ranker,neutral,1615.0,0.0075,0.03,-0.1667,1565.6,1678.45,0.0447,0.0506,kis,,,,low_attention,no_risk_noise,,,,data/raw/price_002360_20260504_20260901.csv,291,False,Broad evaluation pool candidate,229,False,Broad evaluation pool candidate
002070,2026-09-01,2026-09-01,2026-09-01,2026-09-01,HOLD,neutral,40.03,40.03,40.03,39.46,42.46,-3,47.63,-2.0,2,5.6,0.0,0.0,0.0,0.0,2,0,40.03,v2_conservative_ranker,42.5,-3.0,1,7.0,0.0,0.27,2.0,45.22,45.22,v3_stability_ranker,neutral,4750.0,-0.0114,0.0463,-0.2792,4832.0,5416.5,0.0827,0.0467,unknown,비비안,비비안,paid_in_capital_increase,,,,,,data/raw/price_002070_20260802_20260901.csv,292,False,Broad evaluation pool candidate,267,False,Broad evaluation pool candidate
004380,2026-09-01,2026-09-01,2026-09-01,2026-09-01,AVOID,negative,39.89,39.89,39.89,40.23,40.23,0,42.38,-2.0,2,2.5,0.0,0.0,0.0,0.0,0,0,39.89,v2_conservative_ranker,38.0,-3.0,1,13.88,0.0,0.0,0.0,49.88,49.88,v3_stability_ranker,neutral,8090.0,-0.0206,-0.0253,-0.0025,8288.0,8518.5,0.1607,0.0208,kis,,,,,,,,,data/raw/price_004380_20260504_20260901.csv,293,False,Broad evaluation pool candidate,218,False,Broad evaluation pool candidate
900100,2026-09-01,2026-09-01,2026-09-01,2026-09-01,AVOID,negative,39.76,39.76,39.76,88.21,91.21,-3,67.0,7.0,3,10.0,20.03,5.21,0.0,0.0,2,0,39.76,v2_conservative_ranker,39.0,-0.12,4,-2.0,31.43,25.11,2.0,0.0,0.0,v3_stability_ranker,price_momentum,2350.0,0.2991,0.3225,0.1911,1925.6,1985.05,2.4429,0.1121,unknown,파이온엑스,파이온엑스,paid_in_capital_increase,,,,,,data/raw/price_900100_20260802_20260901.csv,294,False,Broad evaluation pool candidate,417,False,Broad evaluation pool candidate
016380,2026-09-01,2026-09-01,2026-09-01,2026-09-01,AVOID,negative,39.7,39.7,39.7,40.02,40.02,0,42.32,-2.0,2,2.62,0.0,0.0,0.0,0.0,0,0,39.7,v2_conservative_ranker,38.0,-3.0,1,13.73,0.0,0.0,0.0,49.73,49.73,v3_stability_ranker,neutral,5540.0,-0.0036,-0.0281,0.0036,5594.0,5609.0,0.1391,0.0218,unknown,KG스틸,KG스틸,merger,,,,,,data/raw/price_016380_20260802_20260901.csv,295,False,Broad evaluation pool candidate,223,False,Broad evaluation pool candidate
119830,2026-09-01,2026-09-01,2026-09-01,2026-09-01,AVOID,negative,39.68,39.68,39.68,51.07,54.07,-3,50.77,-2.0,2,7.72,0.95,0.43,0.0,0.0,2,0,39.68,v2_conservative_ranker,31.83,-3.0,1,3.36,6.96,3.09,2.0,21.13,21.13,v3_stability_ranker,neutral,6800.0,0.0592,-0.0423,0.371,6998.0,6466.5,0.4544,0.0643,unknown,아이텍,아이텍,paid_in_capital_increase,,,,,,data/raw/price_119830_20260802_20260901.csv,296,False,Broad evaluation pool candidate,388,False,Broad evaluation pool candidate
176750,2026-09-01,2026-09-01,2026-09-01,2026-09-01,AVOID,negative,39.56,39.56,39.56,39.69,39.69,0,41.41,-2.0,2,1.85,0.0,0.0,0.0,0.0,0,0,39.56,v2_conservative_ranker,35.04,-3.0,1,14.69,0.0,0.0,0.0,47.73,47.73,v3_stability_ranker,neutral,6110.0,-0.0049,-0.0129,-0.0657,6094.0,6414.5,0.3015,0.0154,kis,,,,,,,,,data/raw/price_176750_20260504_20260901.csv,297,False,Broad evaluation pool candidate,248,False,Broad evaluation pool candidate
003030,2026-09-01,2026-09-01,2026-09-01,2026-09-01,AVOID,negative,39.5,39.5,39.5,40.16,40.16,0,42.92,-2.0,2,3.42,0.0,0.0,0.0,0.0,0,0,39.5,v2_conservative_ranker,38.0,-3.0,1,12.72,0.0,0.0,0.0,48.73,48.73,v3_stability_ranker,neutral,101300.0,0.0,-0.0069,-0.0398,101500.0,105125.0,0.2818,0.0285,kis,,,,low_attention,no_risk_noise,,,,data/raw/price_003030_20260504_20260901.csv,298,False,Broad evaluation pool candidate,234,False,Broad evaluation pool candidate
003520,2026-09-01,2026-09-01,2026-09-01,2026-09-01,AVOID,negative,39.32,39.32,39.32,40.79,40.79,0,41.95,-2.0,2,2.63,0.0,0.0,0.0,0.0,0,0,39.32,v2_conservative_ranker,38.0,-3.0,1,13.71,0.0,0.0,0.0,49.72,49.72,v3_stability_ranker,neutral,1133.0,0.0,-0.0233,-0.0207,1140.8,1210.55,0.3901,0.0219,kis,,,,,,,,,data/raw/price_003520_20260504_20260901.csv,299,False,Broad evaluation pool candidate,224,False,Broad evaluation pool candidate
333620,2026-09-01,2026-09-01,2026-09-01,2026-09-01,AVOID,negative,39.14,39.14,39.14,39.32,39.32,0,41.63,-2.0,2,2.5,0.0,0.0,0.0,0.0,0,0,39.14,v2_conservative_ranker,38.0,-3.0,1,13.88,0.0,0.0,0.0,49.88,49.88,v3_stability_ranker,neutral,5230.0,-0.0019,-0.0297,-0.0113,5366.0,5515.5,0.1551,0.0208,kis,,,,,,,,,data/raw/price_333620_20260504_20260901.csv,300,False,Broad evaluation pool candidate,219,False,Broad evaluation pool candidate
086820,2026-09-01,2026-09-01,2026-09-01,2026-09-01,AVOID,negative,39.11,39.11,39.11,41.95,41.95,0,44.79,-2.0,2,5.68,0.0,0.0,0.0,0.0,0,0,39.11,v2_conservative_ranker,38.5,-3.0,1,9.9,0.0,0.37,0.0,46.04,46.04,v3_stability_ranker,neutral,6450.0,-0.033,-0.1164,0.1082,6734.0,6555.0,0.1522,0.0473,kis,,,,,,,,,data/raw/price_086820_20260504_20260901.csv,301,False,Broad evaluation pool candidate,260,False,Broad evaluation pool candidate
215380,2026-09-01,2026-09-01,2026-09-01,2026-09-01,AVOID,negative,38.98,38.98,38.98,38.22,38.22,0,42.41,-2.0,2,3.43,0.0,0.0,0.0,0.0,0,0,38.98,v2_conservative_ranker,38.0,-3.0,1,12.71,0.0,0.0,0.0,48.71,48.71,v3_stability_ranker,neutral,2185.0,-0.0023,-0.0113,-0.0417,2186.0,2264.0,0.0487,0.0286,kis,,,,,,,,,data/raw/price_215380_20260504_20260901.csv,302,False,Broad evaluation pool candidate,235,False,Broad evaluation pool candidate
054220,2026-09-01,2026-09-01,2026-09-01,2026-09-01,AVOID,negative,38.97,38.97,38.97,43.55,40.55,3,44.06,-2.0,2,6.08,0.0,0.0,0.0,0.0,0,1,38.97,v2_conservative_ranker,40.42,-3.0,1,9.39,0.0,0.91,0.0,46.9,46.9,v3_stability_ranker,neutral,1514.0,-0.0399,-0.0448,0.1011,1576.6,1603.7,0.1742,0.0507,unknown,비츠로시스,비츠로시스,supply_contract,,,,,,data/raw/price_054220_20260802_20260901.csv,303,False,Broad evaluation pool candidate,255,False,Broad evaluation pool candidate
005940,2026-09-01,2026-09-01,2026-09-01,2026-09-01,AVOID,negative,38.88,38.88,38.88,38.61,38.61,0,41.22,-2.0,2,2.34,0.0,0.0,0.0,0.0,0,0,38.88,v2_conservative_ranker,35.56,-3.0,1,14.07,0.0,0.0,0.0,47.63,47.63,v3_stability_ranker,neutral,26100.0,-0.0169,-0.0188,-0.0543,26510.0,27285.0,0.1933,0.0195,kis,,,,,,,,,data/raw/price_005940_20260504_20260901.csv,304,False,Broad evaluation pool candidate,250,False,Broad evaluation pool candidate
128940,2026-09-01,2026-09-01,2026-09-01,2026-09-01,AVOID,negative,38.88,38.88,38.88,53.31,53.31,0,52.5,-2.0,2,9.13,2.88,1.61,0.0,0.0,0,0,38.88,v2_conservative_ranker,33.71,-3.0,1,2.58,6.78,4.98,0.0,22.54,22.54,v3_stability_ranker,neutral,488500.0,-0.0081,-0.025,0.4139,504800.0,435750.0,0.2366,0.0761,kis,,,,low_attention,no_risk_noise,,,,data/raw/price_128940_20260504_20260901.csv,305,False,Broad evaluation pool candidate,386,False,Broad evaluation pool candidate
033790,2026-09-01,2026-09-01,2026-09-01,2026-09-01,AVOID,negative,38.75,38.75,38.75,114.83,118.83,-4,79.0,3.0,3,8.57,29.14,1.14,0.0,7.4,0,0,38.75,v2_conservative_ranker,25.0,-1.2,4,-0.71,46.12,14.77,11.4,0.0,0.0,v3_stability_ranker,strong_price_momentum,8670.0,0.1045,0.4236,0.6641,7194.0,6342.5,2.8286,0.0714,kis,,,,low_attention,risk_noise_detected,,,,data/raw/price_033790_20260504_20260901.csv,306,False,Broad evaluation pool candidate,418,False,Broad evaluation pool candidate
065650,2026-09-01,2026-09-01,2026-09-01,2026-09-01,AVOID,negative,38.75,38.75,38.75,39.9,39.9,0,40.36,0.0,2,3.61,0.0,0.0,0.0,0.0,0,0,38.75,v2_conservative_ranker,34.21,2.0,1,12.48,0.0,0.0,0.0,49.69,49.69,v3_stability_ranker,neutral,1630.0,0.0,-0.0169,-0.0843,1625.6,1707.5,0.8019,0.0301,kis,,,,,,,,,data/raw/price_065650_20260504_20260901.csv,307,False,Broad evaluation pool candidate,225,False,Broad evaluation pool candidate
267270,2026-09-01,2026-09-01,2026-09-01,2026-09-01,AVOID,negative,38.64,38.64,38.64,42.78,45.78,-3,46.3,-2.0,2,5.66,0.0,0.0,0.0,0.0,2,0,38.64,v2_conservative_ranker,43.59,-3.0,1,9.92,0.0,0.35,2.0,49.16,49.16,v3_stability_ranker,neutral,129900.0,-0.0255,-0.0364,0.0269,136040.0,134680.0,0.1322,0.0472,unknown,HD건설기계,HD건설기계,paid_in_capital_increase,,,,,,data/raw/price_267270_20260802_20260901.csv,308,False,Broad evaluation pool candidate,228,False,Broad evaluation pool candidate
066790,2026-09-01,2026-09-01,2026-09-01,2026-09-01,AVOID,negative,38.63,38.63,38.63,62.0,62.0,0,59.0,0.0,0,10.0,5.71,4.66,0.0,0.0,0,0,38.63,v2_conservative_ranker,35.0,-5.0,0,5.0,9.84,9.86,0.0,15.3,15.3,v3_stability_ranker,price_momentum,2205.0,0.0,0.0,0.4769,2205.0,2205.0,0.0,0.1066,kis,,,,,,,,,data/raw/price_066790_20260504_20260901.csv,309,False,Broad evaluation pool candidate,403,False,Broad evaluation pool candidate
089230,2026-09-01,2026-09-01,2026-09-01,2026-09-01,AVOID,negative,38.56,38.56,38.56,45.16,45.16,0,47.0,-2.0,2,6.68,1.76,0.0,0.0,0.0,0,0,38.56,v2_conservative_ranker,26.58,-3.0,1,8.64,5.45,1.71,0.0,26.06,26.06,v3_stability_ranker,neutral,2110.0,-0.0231,-0.1352,0.3891,2256.0,2075.35,0.3751,0.0557,kis,,,,,,,,,data/raw/price_089230_20260504_20260901.csv,310,False,Broad evaluation pool candidate,371,False,Broad evaluation pool candidate
009620,2026-09-01,2026-09-01,2026-09-01,2026-09-01,AVOID,negative,38.37,38.37,38.37,38.63,38.63,0,43.25,0.0,0,4.87,0.0,0.0,0.0,0.0,0,0,38.37,v2_conservative_ranker,44.0,-5.0,0,10.91,0.0,0.0,0.0,49.91,49.91,v3_stability_ranker,neutral,870.0,0.0,-0.0279,0.0296,869.2,878.0,0.0,0.0406,kis,,,,,,,,,data/raw/price_009620_20260504_20260901.csv,311,False,Broad evaluation pool candidate,216,False,Broad evaluation pool candidate
148250,2026-09-01,2026-09-01,2026-09-01,2026-09-01,AVOID,negative,38.27,38.27,38.27,48.3,52.3,-4,54.56,-2.0,2,8.12,0.0,0.77,0.0,7.4,0,0,38.27,v2_conservative_ranker,45.36,-3.0,1,6.85,0.0,3.63,11.4,35.18,35.18,v3_stability_ranker,neutral,1694.0,0.0323,0.0972,-0.0697,1666.4,1680.5,0.139,0.0677,kis,,,,low_attention,risk_noise_detected,,,,data/raw/price_148250_20260504_20260901.csv,312,False,Broad evaluation pool candidate,333,False,Broad evaluation pool candidate
109740,2026-09-01,2026-09-01,2026-09-01,2026-09-01,AVOID,negative,38.24,38.24,38.24,39.86,39.86,0,45.35,-2.0,2,7.12,0.0,0.0,0.0,0.0,0,0,38.24,v2_conservative_ranker,44.0,-3.0,1,8.11,0.0,2.29,0.0,47.82,47.82,v3_stability_ranker,neutral,4190.0,-0.0024,-0.0059,0.027,4244.0,4380.25,0.1715,0.0593,kis,,,,,,,,,data/raw/price_109740_20260504_20260901.csv,313,False,Broad evaluation pool candidate,246,False,Broad evaluation pool candidate
000500,2026-09-01,2026-09-01,2026-09-01,2026-09-01,AVOID,negative,38.11,38.11,38.11,80.25,80.25,0,67.0,-2.0,2,7.99,20.24,0.66,0.0,0.0,0,0,38.11,v2_conservative_ranker,26.59,-3.0,1,4.01,32.73,3.46,0.0,0.0,0.0,v3_stability_ranker,price_momentum,206750.0,-0.0155,0.2802,0.5247,200290.0,169092.5,0.3183,0.0666,kis,,,,,,,,,data/raw/price_000500_20260504_20260901.csv,314,False,Broad evaluation pool candidate,419,False,Broad evaluation pool candidate
488900,2026-09-01,2026-09-01,2026-09-01,2026-09-01,AVOID,negative,38.07,38.07,38.07,44.9,44.9,0,49.12,-2.0,2,9.3,0.0,1.75,0.0,0.0,0,0,38.07,v2_conservative_ranker,44.0,-3.0,1,5.38,0.0,5.2,0.0,42.17,42.17,v3_stability_ranker,neutral,9380.0,-0.0157,-0.0188,0.198,9528.0,9909.0,0.1049,0.0775,kis,,,,,,,,,data/raw/price_488900_20260504_20260901.csv,315,False,Broad evaluation pool candidate,289,False,Broad evaluation pool candidate
059270,2026-09-01,2026-09-01,2026-09-01,2026-09-01,AVOID,negative,38.04,38.04,38.04,38.9,38.9,0,41.49,-2.0,2,3.46,0.0,0.0,0.0,0.0,0,0,38.04,v2_conservative_ranker,35.45,-3.0,1,12.68,0.0,0.0,0.0,46.13,46.13,v3_stability_ranker,neutral,5460.0,-0.025,-0.0319,-0.0091,5588.0,5870.0,0.2375,0.0288,kis,,,,,,,,,data/raw/price_059270_20260504_20260901.csv,316,False,Broad evaluation pool candidate,259,False,Broad evaluation pool candidate
046120,2026-09-01,2026-09-01,2026-09-01,2026-09-01,AVOID,negative,38.01,38.01,38.01,39.61,39.61,0,43.74,-2.0,2,5.72,0.0,0.0,0.0,0.0,0,0,38.01,v2_conservative_ranker,44.0,-3.0,1,9.84,0.0,0.43,0.0,51.41,51.41,v3_stability_ranker,neutral,4490.0,-0.0302,-0.0239,0.0322,4699.0,4725.25,0.1925,0.0477,kis,,,,,,,,,data/raw/price_046120_20260504_20260901.csv,317,False,Broad evaluation pool candidate,191,False,Broad evaluation pool candidate
071050,2026-09-01,2026-09-01,2026-09-01,2026-09-01,AVOID,negative,37.66,37.66,37.66,37.65,37.65,0,41.52,-2.0,2,3.86,0.0,0.0,0.0,0.0,0,0,37.66,v2_conservative_ranker,38.0,-3.0,1,12.17,0.0,0.0,0.0,48.17,48.17,v3_stability_ranker,neutral,187900.0,-0.0224,-0.0188,-0.0457,190800.0,193750.0,0.1719,0.0322,kis,,,,,,,,,data/raw/price_071050_20260504_20260901.csv,318,False,Broad evaluation pool candidate,239,False,Broad evaluation pool candidate
004140,2026-09-01,2026-09-01,2026-09-01,2026-09-01,AVOID,negative,37.59,37.59,37.59,39.41,43.41,-4,44.38,-2.0,2,2.09,0.0,0.0,0.0,4.7,0,0,37.59,v2_conservative_ranker,44.0,-3.0,1,14.39,0.0,0.0,7.2,49.19,49.19,v3_stability_ranker,neutral,1816.0,-0.0141,-0.0173,0.0318,1840.2,1852.5,0.2144,0.0174,kis,,,,low_attention,risk_noise_detected,,,,data/raw/price_004140_20260504_20260901.csv,319,False,Broad evaluation pool candidate,227,False,Broad evaluation pool candidate
008930,2026-09-01,2026-09-01,2026-09-01,2026-09-01,AVOID,negative,37.58,37.58,37.58,45.31,45.31,0,49.27,-2.0,2,9.65,0.0,2.04,0.0,0.0,0,0,37.58,v2_conservative_ranker,36.53,-3.0,1,5.0,0.0,5.66,0.0,33.86,33.86,v3_stability_ranker,neutral,45500.0,0.0156,-0.0173,0.2621,44260.0,44767.5,0.1731,0.0804,kis,,,,,,,,,data/raw/price_008930_20260504_20260901.csv,320,False,Broad evaluation pool candidate,339,False,Broad evaluation pool candidate
010130,2026-09-01,2026-09-01,2026-09-01,2026-09-01,AVOID,negative,37.56,37.56,37.56,41.66,44.66,-3,47.0,-2.0,2,7.33,0.0,0.11,0.0,0.0,2,0,37.56,v2_conservative_ranker,32.34,-3.0,1,7.83,0.0,2.58,2.0,33.6,33.6,v3_stability_ranker,neutral,1249000.0,-0.0219,-0.1247,0.2245,1329000.0,1242100.0,0.2074,0.0611,unknown,고려아연,고려아연,lawsuit,,,,,,data/raw/price_010130_20260802_20260901.csv,321,False,Broad evaluation pool candidate,342,False,Broad evaluation pool candidate
178780,2026-09-01,2026-09-01,2026-09-01,2026-09-01,AVOID,negative,37.51,37.51,37.51,45.24,49.24,-4,46.54,-2.0,2,4.33,0.0,0.0,0.0,4.7,0,0,37.51,v2_conservative_ranker,42.75,-3.0,1,11.59,0.0,0.0,7.2,45.13,45.13,v3_stability_ranker,neutral,2335.0,-0.0291,-0.0469,0.0638,2303.0,2238.5,0.3916,0.0361,kis,,,,low_attention,risk_noise_detected,,,,data/raw/price_178780_20260504_20260901.csv,322,False,Broad evaluation pool candidate,268,False,Broad evaluation pool candidate
091590,2026-09-01,2026-09-01,2026-09-01,2026-09-01,AVOID,negative,37.4,37.4,37.4,64.29,64.29,0,59.78,-2.0,2,10.0,7.81,4.57,0.0,0.0,0,0,37.4,v2_conservative_ranker,35.0,-3.0,1,2.0,10.0,9.71,0.0,15.29,15.29,v3_stability_ranker,price_momentum,6460.0,-0.0329,0.0078,0.5236,6448.0,5868.0,0.2515,0.1057,kis,,,,,,,,,data/raw/price_091590_20260504_20260901.csv,323,False,Broad evaluation pool candidate,404,False,Broad evaluation pool candidate
144510,2026-09-01,2026-09-01,2026-09-01,2026-09-01,AVOID,negative,37.13,37.13,37.13,37.89,37.89,0,40.84,-2.0,2,3.71,0.0,0.0,0.0,0.0,0,0,37.13,v2_conservative_ranker,35.06,-3.0,1,12.37,0.0,0.0,0.0,45.43,45.43,v3_stability_ranker,neutral,13370.0,-0.0096,-0.0367,-0.014,13514.0,14148.0,0.2242,0.0309,kis,,,,,,,,,data/raw/price_144510_20260504_20260901.csv,324,False,Broad evaluation pool candidate,265,False,Broad evaluation pool candidate
215570,2026-09-01,2026-09-01,2026-09-01,2026-09-01,AVOID,negative,36.85,36.85,36.85,34.57,34.57,0,40.44,-2.0,2,3.59,0.0,0.0,0.0,0.0,0,0,36.85,v2_conservative_ranker,32.32,-3.0,1,12.52,0.0,0.0,0.0,42.84,42.84,v3_stability_ranker,neutral,699.0,0.0014,-0.0014,-0.1262,698.6,703.65,0.0021,0.0299,kis,,,,,,,,,data/raw/price_215570_20260504_20260901.csv,325,False,Broad evaluation pool candidate,281,False,Broad evaluation pool candidate
002990,2026-09-01,2026-09-01,2026-09-01,2026-09-01,AVOID,negative,36.75,36.75,36.75,67.69,67.69,0,62.71,-2.0,2,10.0,10.07,5.89,0.0,0.0,0,0,36.75,v2_conservative_ranker,43.0,-3.0,1,2.0,15.49,10.0,0.0,17.51,17.51,v3_stability_ranker,price_momentum,15950.0,-0.031,0.0371,0.7762,16054.0,13465.0,0.3292,0.1189,kis,,,,,,,,,data/raw/price_002990_20260504_20260901.csv,326,False,Broad evaluation pool candidate,396,False,Broad evaluation pool candidate
210120,2026-09-01,2026-09-01,2026-09-01,2026-09-01,AVOID,negative,36.65,36.65,36.65,83.06,83.06,0,59.65,0.0,3,10.0,10.0,6.0,0.0,0.0,0,0,36.65,v2_conservative_ranker,33.0,-7.89,4,5.0,14.0,18.0,0.0,2.11,2.11,v3_stability_ranker,price_momentum,1913.0,0.0,0.7979,-0.0387,1504.8,1780.2,5.2176,0.1271,kis,,,,,,,,,data/raw/price_210120_20260504_20260901.csv,327,False,Broad evaluation pool candidate,416,False,Broad evaluation pool candidate
418620,2026-09-01,2026-09-01,2026-09-01,2026-09-01,AVOID,negative,36.49,36.49,36.49,51.85,48.85,3,51.0,-2.0,2,10.0,0.0,5.51,0.0,0.0,0,1,36.49,v2_conservative_ranker,38.5,-3.0,1,2.0,1.51,10.0,0.0,26.99,26.99,v3_stability_ranker,neutral,510.0,-0.0097,0.1359,-0.2226,476.2,599.7,0.2092,0.1151,unknown,E8,E8,supply_contract,,,,,,data/raw/price_418620_20260802_20260901.csv,328,False,Broad evaluation pool candidate,368,False,Broad evaluation pool candidate
032800,2026-09-01,2026-09-01,2026-09-01,2026-09-01,AVOID,negative,36.47,36.47,36.47,36.86,40.86,-4,43.31,-2.0,2,2.15,0.0,0.0,0.0,4.7,0,0,36.47,v2_conservative_ranker,38.0,-3.0,1,14.31,0.0,0.0,7.2,43.11,43.11,v3_stability_ranker,neutral,1540.0,0.0,-0.0128,-0.0116,1543.6,1567.75,0.0854,0.0179,kis,,,,low_attention,risk_noise_detected,,,,data/raw/price_032800_20260504_20260901.csv,329,False,Broad evaluation pool candidate,280,False,Broad evaluation pool candidate
340570,2026-09-01,2026-09-01,2026-09-01,2026-09-01,AVOID,negative,36.41,36.41,36.41,39.74,39.74,0,40.97,-2.0,2,4.56,0.0,0.0,0.0,0.0,0,0,36.41,v2_conservative_ranker,39.34,-3.0,1,11.3,0.0,0.0,0.0,48.64,48.64,v3_stability_ranker,neutral,30700.0,-0.0331,-0.0583,0.0513,31500.0,31876.85,0.4673,0.038,kis,,,,,,,,,data/raw/price_340570_20260504_20260901.csv,330,False,Broad evaluation pool candidate,236,False,Broad evaluation pool candidate
083470,2026-09-01,2026-09-01,2026-09-01,2026-09-01,AVOID,negative,36.27,36.27,36.27,41.86,41.86,0,48.45,-2.0,2,9.91,0.0,2.26,0.0,0.0,0,0,36.27,v2_conservative_ranker,44.0,-3.0,1,1.0,0.0,6.02,0.0,36.98,36.98,v3_stability_ranker,neutral,954.0,-0.047,-0.0093,0.125,939.4,947.75,0.0903,0.0826,kis,,,,,,,,,data/raw/price_083470_20260504_20260901.csv,331,False,Broad evaluation pool candidate,321,False,Broad evaluation pool candidate
0009K0,2026-09-01,2026-09-01,2026-09-01,2026-09-01,AVOID,negative,36.23,36.23,36.23,40.66,40.66,0,41.83,-2.0,2,5.6,0.0,0.0,0.0,0.0,0,0,36.23,v2_conservative_ranker,37.54,-3.0,1,10.0,0.0,0.27,0.0,45.26,45.26,v3_stability_ranker,neutral,23900.0,-0.0245,-0.0808,0.1381,24920.0,25630.0,0.4173,0.0467,kis,,,,,,,,,data/raw/price_0009K0_20260504_20260901.csv,332,False,Broad evaluation pool candidate,266,False,Broad evaluation pool candidate
223310,2026-09-01,2026-09-01,2026-09-01,2026-09-01,AVOID,negative,36.05,36.05,36.05,69.93,73.93,-4,55.71,0.0,3,10.0,0.0,7.96,0.0,4.7,0,0,36.05,v2_conservative_ranker,41.0,-4.5,4,1.0,0.0,8.74,7.2,25.57,25.57,v3_stability_ranker,price_momentum,3395.0,-0.0673,0.1149,-0.1512,3099.0,3387.0,4.0054,0.0996,kis,,,,low_attention,risk_noise_detected,,,,data/raw/price_223310_20260504_20260901.csv,333,False,Broad evaluation pool candidate,372,False,Broad evaluation pool candidate
490470,2026-09-01,2026-09-01,2026-09-01,2026-09-01,AVOID,negative,36.03,36.03,36.03,36.35,36.35,0,41.5,-2.0,2,5.47,0.0,0.0,0.0,0.0,0,0,36.03,v2_conservative_ranker,33.83,-3.0,1,10.16,0.0,0.1,0.0,41.9,41.9,v3_stability_ranker,neutral,15090.0,-0.0195,-0.0026,-0.0926,15396.0,16254.0,0.3004,0.0456,kis,,,,,,,,,data/raw/price_490470_20260504_20260901.csv,334,False,Broad evaluation pool candidate,294,False,Broad evaluation pool candidate
018700,2026-09-01,2026-09-01,2026-09-01,2026-09-01,AVOID,negative,35.8,35.8,35.8,35.76,35.76,0,37.99,-2.0,2,2.2,0.0,0.0,0.0,0.0,0,0,35.8,v2_conservative_ranker,32.66,-3.0,1,14.25,0.0,0.0,0.0,44.91,44.91,v3_stability_ranker,price_weakness,1369.0,-0.0242,-0.0668,-0.0094,1411.8,1451.1,0.123,0.0183,kis,,,,,,,,,data/raw/price_018700_20260504_20260901.csv,335,False,Broad evaluation pool candidate,270,False,Broad evaluation pool candidate
066430,2026-09-01,2026-09-01,2026-09-01,2026-09-01,AVOID,negative,35.75,35.75,35.75,35.98,35.98,0,41.55,-2.0,2,5.81,0.0,0.0,0.0,0.0,0,0,35.75,v2_conservative_ranker,35.58,-3.0,1,9.74,0.0,0.54,0.0,42.77,42.77,v3_stability_ranker,neutral,2080.0,-0.0119,-0.0303,-0.0119,2111.0,2187.75,0.0738,0.0484,kis,,,,,,,,,data/raw/price_066430_20260504_20260901.csv,336,False,Broad evaluation pool candidate,283,False,Broad evaluation pool candidate
030720,2026-09-01,2026-09-01,2026-09-01,2026-09-01,AVOID,negative,35.73,35.73,35.73,38.02,38.02,0,36.56,1.16,3,4.98,0.0,0.0,0.0,0.0,0,0,35.73,v2_conservative_ranker,31.13,8.0,6,10.77,0.0,0.0,0.0,55.9,55.9,v3_stability_ranker,neutral,5430.0,0.0018,-0.0859,-0.0127,5482.0,5857.0,1.2318,0.0415,kis,,,,low_attention,no_risk_noise,,,,data/raw/price_030720_20260504_20260901.csv,337,False,Broad evaluation pool candidate,127,False,Broad evaluation pool candidate
290720,2026-09-01,2026-09-01,2026-09-01,2026-09-01,AVOID,negative,35.63,35.63,35.63,34.41,34.41,0,38.9,-2.0,2,3.28,0.0,0.0,0.0,0.0,0,0,35.63,v2_conservative_ranker,33.55,-3.0,1,12.9,0.0,0.0,0.0,44.45,44.45,v3_stability_ranker,neutral,2775.0,0.0278,-0.0263,-0.099,2812.0,2963.5,0.1197,0.0273,kis,,,,,,,,,data/raw/price_290720_20260504_20260901.csv,338,False,Broad evaluation pool candidate,273,False,Broad evaluation pool candidate
196450,2026-09-01,2026-09-01,2026-09-01,2026-09-01,AVOID,negative,35.2,35.2,35.2,33.7,33.7,0,41.42,0.0,0,6.22,0.0,0.0,0.0,0.0,0,0,35.2,v2_conservative_ranker,33.4,-5.0,0,9.23,0.0,1.09,0.0,36.54,36.54,v3_stability_ranker,neutral,790.0,0.0,0.0,-0.1023,790.0,854.25,0.0,0.0518,kis,,,,,,,,,data/raw/price_196450_20260504_20260901.csv,339,False,Broad evaluation pool candidate,325,False,Broad evaluation pool candidate
033540,2026-09-01,2026-09-01,2026-09-01,2026-09-01,AVOID,negative,35.07,35.07,35.07,42.74,43.74,-1,43.77,-2.0,2,2.6,0.0,0.0,0.0,6.1,0,0,35.07,v2_conservative_ranker,34.5,-3.0,1,13.75,0.0,0.0,9.2,37.05,37.05,v3_stability_ranker,neutral,3255.0,-0.0106,0.0077,-0.1728,3249.0,3572.5,0.2974,0.0217,kis,,,,high_attention,risk_noise_detected,,,,data/raw/price_033540_20260504_20260901.csv,340,False,Broad evaluation pool candidate,320,False,Broad evaluation pool candidate
064800,2026-09-01,2026-09-01,2026-09-01,2026-09-01,AVOID,negative,35.06,35.06,35.06,57.05,57.05,0,52.13,-2.0,2,7.02,4.05,0.0,6.0,0.0,0,0,35.06,v2_conservative_ranker,32.8,-3.0,1,1.22,8.65,2.16,14.0,7.21,7.21,v3_stability_ranker,neutral,2880.0,-0.0813,-0.0287,0.44,3214.0,2553.9,0.6291,0.0585,kis,,,,,,10,4,3,data/raw/price_064800_20260504_20260901.csv,341,False,Broad evaluation pool candidate,413,False,Broad evaluation pool candidate
103840,2026-09-01,2026-09-01,2026-09-01,2026-09-01,AVOID,negative,34.99,34.99,34.99,34.24,37.24,-3,39.75,-2.0,2,2.76,0.0,0.0,0.0,0.0,2,0,34.99,v2_conservative_ranker,34.57,-3.0,1,13.55,0.0,0.0,2.0,44.12,44.12,v3_stability_ranker,neutral,1697.0,-0.0012,-0.0429,-0.0275,1720.8,1776.2,0.2011,0.023,unknown,우양,우양,convertible_bond,,,,,,data/raw/price_103840_20260802_20260901.csv,342,False,Broad evaluation pool candidate,275,False,Broad evaluation pool candidate
475400,2026-09-01,2026-09-01,2026-09-01,2026-09-01,AVOID,negative,34.9,34.9,34.9,33.57,33.57,0,38.51,-2.0,2,3.61,0.0,0.0,0.0,0.0,0,0,34.9,v2_conservative_ranker,31.15,-3.0,1,12.48,0.0,0.0,0.0,41.63,41.63,v3_stability_ranker,neutral,18000.0,-0.0164,-0.0307,-0.0977,18330.0,19645.5,0.0895,0.0301,kis,,,,,,,,,data/raw/price_475400_20260504_20260901.csv,343,False,Broad evaluation pool candidate,296,False,Broad evaluation pool candidate
009540,2026-09-01,2026-09-01,2026-09-01,2026-09-01,AVOID,negative,34.88,34.88,34.88,34.88,34.88,0,37.94,-2.0,2,3.06,0.0,0.0,0.0,0.0,0,0,34.88,v2_conservative_ranker,31.27,-3.0,1,13.18,0.0,0.0,0.0,42.44,42.44,v3_stability_ranker,neutral,345000.0,-0.01,-0.0483,-0.0638,353800.0,372200.0,0.2422,0.0255,kis,,,,,,,,,data/raw/price_009540_20260504_20260901.csv,344,False,Broad evaluation pool candidate,287,False,Broad evaluation pool candidate
217330,2026-09-01,2026-09-01,2026-09-01,2026-09-01,AVOID,negative,34.62,34.62,34.62,36.37,36.37,0,38.67,-2.0,2,4.06,0.0,0.0,0.0,0.0,0,0,34.62,v2_conservative_ranker,32.76,-3.0,1,11.93,0.0,0.0,0.0,42.69,42.69,v3_stability_ranker,price_weakness,3140.0,-0.0016,-0.0655,0.0064,3194.0,3382.75,0.3295,0.0338,unknown,싸이토젠,싸이토젠,merger,,,,,,data/raw/price_217330_20260802_20260901.csv,345,False,Broad evaluation pool candidate,284,False,Broad evaluation pool candidate
078590,2026-09-01,2026-09-01,2026-09-01,2026-09-01,AVOID,negative,34.55,34.55,34.55,39.78,39.78,0,42.06,-2.0,2,7.37,0.0,0.14,0.0,0.0,0,0,34.55,v2_conservative_ranker,40.58,-3.0,1,7.79,0.0,2.62,0.0,43.75,43.75,v3_stability_ranker,neutral,3140.0,0.0211,-0.0427,0.038,3067.0,3253.25,0.7144,0.0614,kis,,,,,,,,,data/raw/price_078590_20260504_20260901.csv,346,False,Broad evaluation pool candidate,276,False,Broad evaluation pool candidate
004710,2026-09-01,2026-09-01,2026-09-01,2026-09-01,AVOID,negative,34.51,34.51,34.51,35.87,35.87,0,39.56,-2.0,2,5.05,0.0,0.0,0.0,0.0,0,0,34.51,v2_conservative_ranker,34.86,-3.0,1,10.69,0.0,0.0,0.0,43.55,43.55,v3_stability_ranker,neutral,6620.0,-0.0307,-0.0392,-0.0434,6820.0,7305.0,0.3616,0.0421,kis,,,,,,,,,data/raw/price_004710_20260504_20260901.csv,347,False,Broad evaluation pool candidate,278,False,Broad evaluation pool candidate
329180,2026-09-01,2026-09-01,2026-09-01,2026-09-01,AVOID,negative,34.46,34.46,34.46,34.56,34.56,0,38.04,-2.0,2,3.58,0.0,0.0,0.0,0.0,0,0,34.46,v2_conservative_ranker,31.4,-3.0,1,12.53,0.0,0.0,0.0,41.93,41.93,v3_stability_ranker,neutral,442000.0,-0.0167,-0.0484,-0.0606,456600.0,481850.0,0.2346,0.0298,kis,,,,,,,,,data/raw/price_329180_20260504_20260901.csv,348,False,Broad evaluation pool candidate,293,False,Broad evaluation pool candidate
227610,2026-09-01,2026-09-01,2026-09-01,2026-09-01,AVOID,negative,34.37,34.37,34.37,43.93,47.93,-4,45.24,-2.0,2,4.78,0.0,0.0,0.0,6.1,0,0,34.37,v2_conservative_ranker,39.8,-3.0,1,11.03,0.0,0.0,9.2,39.63,39.63,v3_stability_ranker,neutral,1203.0,-0.0147,-0.0838,0.1212,1261.8,1225.8,0.372,0.0398,kis,,,,medium_attention,risk_noise_detected,,,,data/raw/price_227610_20260504_20260901.csv,349,False,Broad evaluation pool candidate,308,False,Broad evaluation pool candidate
191410,2026-09-01,2026-09-01,2026-09-01,2026-09-01,AVOID,negative,34.21,34.21,34.21,80.21,80.21,0,67.0,-2.0,2,7.52,25.0,0.27,0.0,0.0,0,0,34.21,v2_conservative_ranker,25.0,-3.0,1,4.59,36.0,2.83,0.0,0.0,0.0,v3_stability_ranker,price_momentum,1874.0,0.0185,0.3779,0.5348,1694.2,1461.5,0.2473,0.0627,kis,,,,,,,,,data/raw/price_191410_20260504_20260901.csv,350,False,Broad evaluation pool candidate,420,False,Broad evaluation pool candidate
010780,2026-09-01,2026-09-01,2026-09-01,2026-09-01,AVOID,negative,34.13,34.13,34.13,35.27,32.27,3,38.98,-2.0,2,5.86,0.0,0.0,0.0,0.0,0,1,34.13,v2_conservative_ranker,32.73,-3.0,1,9.68,0.0,0.61,0.0,39.81,39.81,v3_stability_ranker,neutral,15850.0,-0.0137,-0.0192,-0.117,16120.0,17250.0,0.1527,0.0488,unknown,아이에스동서,아이에스동서,supply_contract,,,,,,data/raw/price_010780_20260802_20260901.csv,351,False,Broad evaluation pool candidate,304,False,Broad evaluation pool candidate
138080,2026-09-01,2026-09-01,2026-09-01,2026-09-01,AVOID,negative,34.06,34.06,34.06,43.25,43.25,0,47.56,-2.0,2,10.0,0.0,3.5,0.0,0.0,0,0,34.06,v2_conservative_ranker,33.1,-3.0,1,5.0,0.07,8.0,0.0,28.03,28.03,v3_stability_ranker,neutral,22450.0,-0.0365,-0.0344,0.2814,23540.0,23786.0,0.1145,0.095,unknown,오이솔루션,오이솔루션,major_shareholder_change,,,,,,data/raw/price_138080_20260802_20260901.csv,352,False,Broad evaluation pool candidate,364,False,Broad evaluation pool candidate
024850,2026-09-01,2026-09-01,2026-09-01,2026-09-01,AVOID,negative,34.03,34.03,34.03,54.11,58.11,-4,53.41,-2.0,2,6.68,8.0,0.0,0.0,4.7,0,0,34.03,v2_conservative_ranker,32.5,-3.0,1,8.64,10.0,1.71,7.2,20.23,20.23,v3_stability_ranker,neutral,13630.0,-0.0201,-0.0159,0.528,14080.0,13248.0,0.5447,0.0557,kis,,,,low_attention,risk_noise_detected,,,,data/raw/price_024850_20260504_20260901.csv,353,False,Broad evaluation pool candidate,390,False,Broad evaluation pool candidate
078350,2026-09-01,2026-09-01,2026-09-01,2026-09-01,AVOID,negative,33.94,33.94,33.94,35.46,35.46,0,40.2,-2.0,2,6.26,0.0,0.0,0.0,0.0,0,0,33.94,v2_conservative_ranker,36.26,-3.0,1,9.17,0.0,1.15,0.0,42.27,42.27,v3_stability_ranker,neutral,20050.0,-0.0267,-0.0968,0.0915,20990.0,21731.0,0.2983,0.0522,kis,,,,,,,,,data/raw/price_078350_20260504_20260901.csv,354,False,Broad evaluation pool candidate,288,False,Broad evaluation pool candidate
214330,2026-09-01,2026-09-01,2026-09-01,2026-09-01,AVOID,negative,33.91,33.91,33.91,40.52,40.52,0,47.0,-2.0,2,10.0,0.0,2.39,0.0,0.7,0,0,33.91,v2_conservative_ranker,31.89,-3.0,1,5.0,0.0,6.22,1.0,27.67,27.67,v3_stability_ranker,neutral,6310.0,-0.0292,-0.262,0.2373,6644.0,6105.0,0.2533,0.0839,kis,,,,medium_attention,no_risk_noise,,,,data/raw/price_214330_20260504_20260901.csv,355,False,Broad evaluation pool candidate,366,False,Broad evaluation pool candidate
465770,2026-09-01,2026-09-01,2026-09-01,2026-09-01,AVOID,negative,33.88,33.88,33.88,41.42,41.42,0,46.47,-2.0,2,10.0,0.0,2.59,0.0,0.0,0,0,33.88,v2_conservative_ranker,40.97,-3.0,1,5.0,0.0,6.54,0.0,37.42,37.42,v3_stability_ranker,neutral,3175.0,-0.0201,-0.0379,0.1504,3078.0,3139.75,0.2819,0.0859,kis,,,,,,,,,data/raw/price_465770_20260504_20260901.csv,356,False,Broad evaluation pool candidate,316,False,Broad evaluation pool candidate
189300,2026-09-01,2026-09-01,2026-09-01,2026-09-01,AVOID,negative,33.86,33.86,33.86,36.57,33.57,3,39.56,-2.0,2,6.7,0.0,0.0,0.0,0.0,0,1,33.86,v2_conservative_ranker,34.09,-3.0,1,5.63,0.0,1.73,0.0,35.99,35.99,v3_stability_ranker,neutral,62200.0,-0.0127,-0.0489,-0.0158,63800.0,69795.0,0.1384,0.0558,unknown,인텔리안테크,인텔리안테크,supply_contract,,,,,,data/raw/price_189300_20260802_20260901.csv,357,False,Broad evaluation pool candidate,329,False,Broad evaluation pool candidate
060900,2026-09-01,2026-09-01,2026-09-01,2026-09-01,AVOID,negative,33.85,33.85,33.85,33.38,30.38,3,36.15,-2.0,2,3.3,0.0,0.0,0.0,0.0,0,1,33.85,v2_conservative_ranker,28.91,-3.0,1,12.88,0.0,0.0,0.0,39.79,39.79,v3_stability_ranker,neutral,3610.0,-0.0041,-0.0386,-0.1425,3686.0,3972.75,0.0191,0.0275,unknown,에이전트AI,에이전트AI,supply_contract,,,,,,data/raw/price_060900_20260802_20260901.csv,358,False,Broad evaluation pool candidate,305,False,Broad evaluation pool candidate
322780,2026-09-01,2026-09-01,2026-09-01,2026-09-01,AVOID,negative,33.73,33.73,33.73,33.75,33.75,0,36.3,-2.0,2,2.57,0.0,0.0,0.0,0.0,0,0,33.73,v2_conservative_ranker,29.73,-3.0,1,13.79,0.0,0.0,0.0,41.52,41.52,v3_stability_ranker,price_weakness,1860.0,-0.0338,-0.0601,-0.0769,1930.6,1984.2,0.2916,0.0214,kis,,,,,,,,,data/raw/price_322780_20260504_20260901.csv,359,False,Broad evaluation pool candidate,298,False,Broad evaluation pool candidate
402030,2026-09-01,2026-09-01,2026-09-01,2026-09-01,AVOID,negative,33.7,33.7,33.7,37.0,34.0,3,41.27,-2.0,2,7.94,0.0,0.62,0.0,0.0,0,1,33.7,v2_conservative_ranker,35.48,-3.0,1,7.07,0.0,3.39,0.0,37.16,37.16,v3_stability_ranker,neutral,14160.0,0.0007,-0.0315,-0.0167,14278.0,14770.0,0.1013,0.0662,unknown,코난테크놀로지,코난테크놀로지,supply_contract,,,,,,data/raw/price_402030_20260802_20260901.csv,360,False,Broad evaluation pool candidate,319,False,Broad evaluation pool candidate
376270,2026-09-01,2026-09-01,2026-09-01,2026-09-01,AVOID,negative,33.41,33.41,33.41,33.63,33.63,0,38.23,-2.0,2,4.82,0.0,0.0,0.0,0.0,0,0,33.41,v2_conservative_ranker,33.72,-3.0,1,10.97,0.0,0.0,0.0,42.69,42.69,v3_stability_ranker,price_weakness,38950.0,-0.0139,-0.0535,-0.0406,39670.0,41662.5,0.1724,0.0402,kis,,,,,,,,,data/raw/price_376270_20260504_20260901.csv,361,False,Broad evaluation pool candidate,285,False,Broad evaluation pool candidate
127120,2026-09-01,2026-09-01,2026-09-01,2026-09-01,AVOID,negative,33.34,33.34,33.34,37.09,37.09,0,41.06,-2.0,2,7.49,0.0,0.24,0.0,0.0,0,0,33.34,v2_conservative_ranker,36.67,-3.0,1,0.64,0.0,2.78,0.0,32.53,32.53,v3_stability_ranker,neutral,31250.0,-0.053,-0.0916,0.1161,33140.0,36672.5,0.447,0.0624,kis,,,,,,,,,data/raw/price_127120_20260504_20260901.csv,362,False,Broad evaluation pool candidate,346,False,Broad evaluation pool candidate
009730,2026-09-01,2026-09-01,2026-09-01,2026-09-01,AVOID,negative,33.31,33.31,33.31,35.93,39.93,-4,45.21,-2.0,2,7.2,0.0,0.0,0.0,4.7,0,0,33.31,v2_conservative_ranker,44.0,-3.0,1,8.0,0.0,2.4,7.2,40.4,40.4,v3_stability_ranker,neutral,1942.0,-0.0015,-0.0226,0.0706,1950.0,2085.95,0.11,0.06,kis,,,,low_attention,risk_noise_detected,,,,data/raw/price_009730_20260504_20260901.csv,363,False,Broad evaluation pool candidate,302,False,Broad evaluation pool candidate
263800,2026-09-01,2026-09-01,2026-09-01,2026-09-01,AVOID,negative,33.3,33.3,33.3,33.56,33.56,0,38.47,-2.0,2,5.17,0.0,0.0,0.0,0.0,0,0,33.3,v2_conservative_ranker,33.1,-3.0,1,7.54,0.0,0.0,0.0,38.64,38.64,v3_stability_ranker,price_weakness,4680.0,-0.027,-0.0612,-0.0116,4831.0,5220.75,0.0954,0.0431,kis,,,,,,,,,data/raw/price_263800_20260504_20260901.csv,364,False,Broad evaluation pool candidate,312,False,Broad evaluation pool candidate
328130,2026-09-01,2026-09-01,2026-09-01,2026-09-01,AVOID,negative,33.23,33.23,33.23,31.99,34.99,-3,40.78,-2.0,2,5.56,0.0,0.0,0.0,0.0,2,0,33.23,v2_conservative_ranker,33.98,-3.0,1,10.05,0.0,0.21,2.0,39.83,39.83,v3_stability_ranker,neutral,9080.0,-0.0011,-0.0109,-0.0893,9124.0,10002.0,0.1964,0.0463,unknown,루닛,루닛,convertible_bond,,,,,,data/raw/price_328130_20260802_20260901.csv,365,False,Broad evaluation pool candidate,303,False,Broad evaluation pool candidate
255220,2026-09-01,2026-09-01,2026-09-01,2026-09-01,AVOID,negative,33.13,33.13,33.13,34.89,34.89,0,34.07,1.14,3,5.08,0.0,0.0,0.0,0.0,0,0,33.13,v2_conservative_ranker,27.79,8.0,6,3.66,0.0,0.0,0.0,45.45,45.45,v3_stability_ranker,price_weakness,1118.0,-0.0806,-0.0806,-0.0836,1241.0,1308.4,1.2274,0.0423,kis,,,,,,,,,data/raw/price_255220_20260504_20260901.csv,366,False,Broad evaluation pool candidate,264,False,Broad evaluation pool candidate
013700,2026-09-01,2026-09-01,2026-09-01,2026-09-01,AVOID,negative,33.01,33.01,33.01,30.98,33.98,-3,40.5,-2.0,2,5.5,0.0,0.0,0.0,0.0,2,0,33.01,v2_conservative_ranker,36.0,-3.0,1,10.13,0.0,0.13,2.0,42.0,42.0,v3_stability_ranker,neutral,1561.0,0.011,-0.1131,0.1001,1577.8,1615.6,0.144,0.0458,unknown,까뮤이앤씨,까뮤이앤씨,disclosure_violation,,,,,,data/raw/price_013700_20260802_20260901.csv,367,False,Broad evaluation pool candidate,292,False,Broad evaluation pool candidate
347700,2026-09-01,2026-09-01,2026-09-01,2026-09-01,AVOID,negative,32.94,32.94,32.94,35.25,35.25,0,43.0,-2.0,2,8.76,0.0,1.3,0.0,0.0,0,0,32.94,v2_conservative_ranker,27.61,-3.0,1,3.05,0.41,4.48,0.0,23.76,23.76,v3_stability_ranker,neutral,20600.0,-0.019,-0.1253,0.2883,22000.0,23407.0,0.1804,0.073,kis,,,,,,,,,data/raw/price_347700_20260504_20260901.csv,368,False,Broad evaluation pool candidate,380,False,Broad evaluation pool candidate
001740,2026-09-01,2026-09-01,2026-09-01,2026-09-01,AVOID,negative,32.88,32.88,32.88,32.54,32.54,0,36.58,-2.0,2,3.71,0.0,0.0,0.0,0.0,0,0,32.88,v2_conservative_ranker,29.87,-3.0,1,9.37,0.0,0.0,0.0,37.23,37.23,v3_stability_ranker,price_weakness,6480.0,-0.0137,-0.0554,-0.0822,6688.0,7303.0,0.2128,0.0309,kis,,,,,,,,,data/raw/price_001740_20260504_20260901.csv,369,False,Broad evaluation pool candidate,318,False,Broad evaluation pool candidate
368770,2026-09-01,2026-09-01,2026-09-01,2026-09-01,AVOID,negative,32.67,32.67,32.67,32.15,29.15,3,38.8,-2.0,2,7.13,0.0,0.0,0.0,0.0,0,1,32.67,v2_conservative_ranker,36.0,-3.0,1,8.09,0.0,2.3,0.0,39.79,39.79,v3_stability_ranker,neutral,11860.0,-0.0034,-0.1337,0.0514,12310.0,13100.0,0.3145,0.0594,unknown,파이버프로,파이버프로,supply_contract,,,,,,data/raw/price_368770_20260802_20260901.csv,370,False,Broad evaluation pool candidate,306,False,Broad evaluation pool candidate
208640,2026-09-01,2026-09-01,2026-09-01,2026-09-01,AVOID,negative,32.65,32.65,32.65,28.56,28.56,0,37.35,-2.0,2,4.7,0.0,0.0,0.0,0.0,0,0,32.65,v2_conservative_ranker,32.0,-3.0,1,8.12,0.0,0.0,0.0,38.12,38.12,v3_stability_ranker,neutral,655.0,-0.0091,-0.0165,-0.5116,668.6,814.9,0.0218,0.0392,kis,,,,,,,,,data/raw/price_208640_20260504_20260901.csv,371,False,Broad evaluation pool candidate,314,False,Broad evaluation pool candidate
468530,2026-09-01,2026-09-01,2026-09-01,2026-09-01,AVOID,negative,32.53,32.53,32.53,52.72,52.72,0,52.57,-2.0,2,9.84,8.0,2.2,0.0,0.0,0,0,32.53,v2_conservative_ranker,32.5,-3.0,1,5.0,10.0,5.92,0.0,19.58,19.58,v3_stability_ranker,neutral,34100.0,-0.0271,-0.0243,0.6047,36080.0,32670.0,0.1912,0.082,kis,,,,,,,,,data/raw/price_468530_20260504_20260901.csv,372,False,Broad evaluation pool candidate,394,False,Broad evaluation pool candidate
006490,2026-09-01,2026-09-01,2026-09-01,2026-09-01,AVOID,negative,32.41,32.41,32.41,36.33,40.33,-4,45.12,0.0,0,4.61,0.0,0.0,0.0,8.1,0,0,32.41,v2_conservative_ranker,38.0,-5.0,0,11.24,0.0,0.0,12.4,31.84,31.84,v3_stability_ranker,neutral,898.0,0.0,0.0,0.0034,898.0,901.65,0.0,0.0384,kis,,,,medium_attention,risk_noise_detected,,,,data/raw/price_006490_20260504_20260901.csv,373,False,Broad evaluation pool candidate,350,False,Broad evaluation pool candidate
216400,2026-09-01,2026-09-01,2026-09-01,2026-09-01,AVOID,negative,32.4,32.4,32.4,80.58,80.58,0,67.0,-2.0,2,8.51,25.0,1.09,0.0,0.0,0,0,32.4,v2_conservative_ranker,25.0,-3.0,1,-0.64,38.48,4.14,0.0,0.0,0.0,v3_stability_ranker,price_momentum,1759.0,0.0596,0.5457,1.6855,1562.6,953.0,0.4445,0.0709,kis,,,,,,,,,data/raw/price_216400_20260504_20260901.csv,374,False,Broad evaluation pool candidate,421,False,Broad evaluation pool candidate
270520,2026-09-01,2026-09-01,2026-09-01,2026-09-01,AVOID,negative,32.36,32.36,32.36,30.54,30.54,0,37.11,-2.0,2,4.75,0.0,0.0,0.0,0.0,0,0,32.36,v2_conservative_ranker,30.0,-3.0,1,4.06,0.0,0.0,0.0,32.06,32.06,v3_stability_ranker,neutral,3215.0,-0.0502,-0.1119,0.0031,3431.0,3696.25,0.2551,0.0396,kis,,,,,,,,,data/raw/price_270520_20260504_20260901.csv,375,False,Broad evaluation pool candidate,349,False,Broad evaluation pool candidate
089140,2026-09-01,2026-09-01,2026-09-01,2026-09-01,AVOID,negative,32.31,32.31,32.31,34.03,38.03,-4,40.72,-2.0,2,3.71,0.0,0.0,0.0,4.7,0,0,32.31,v2_conservative_ranker,35.42,-3.0,1,12.37,0.0,0.0,7.2,38.58,38.58,v3_stability_ranker,neutral,2095.0,0.0048,-0.0323,-0.0301,2091.0,2248.25,0.3094,0.0309,kis,,,,low_attention,risk_noise_detected,,,,data/raw/price_089140_20260504_20260901.csv,376,False,Broad evaluation pool candidate,313,False,Broad evaluation pool candidate
141080,2026-09-01,2026-09-01,2026-09-01,2026-09-01,AVOID,negative,32.13,32.13,32.13,33.27,33.27,0,38.08,-2.0,2,5.95,0.0,0.0,0.0,0.0,0,0,32.13,v2_conservative_ranker,33.02,-3.0,1,6.56,0.0,0.74,0.0,36.85,36.85,v3_stability_ranker,price_weakness,93500.0,-0.0311,-0.0622,-0.0199,97780.0,106650.0,0.2406,0.0496,kis,,,,,,,,,data/raw/price_141080_20260504_20260901.csv,377,False,Broad evaluation pool candidate,323,False,Broad evaluation pool candidate
451220,2026-09-01,2026-09-01,2026-09-01,2026-09-01,AVOID,negative,32.01,32.01,32.01,33.27,40.27,-7,44.93,-2.0,2,6.22,0.0,0.0,0.0,4.7,2,0,32.01,v2_conservative_ranker,44.0,-3.0,1,9.23,0.0,1.09,9.2,40.94,40.94,v3_stability_ranker,neutral,8720.0,-0.0257,-0.0202,0.0557,8866.0,9273.0,0.1149,0.0518,unknown,아이엠티,아이엠티,bond_with_warrant,low_attention,risk_noise_detected,,,,data/raw/price_451220_20260802_20260901.csv,378,False,Broad evaluation pool candidate,300,False,Broad evaluation pool candidate
263750,2026-09-01,2026-09-01,2026-09-01,2026-09-01,AVOID,negative,31.89,31.89,31.89,31.74,31.74,0,36.78,-2.0,2,4.9,0.0,0.0,0.0,0.0,0,0,31.89,v2_conservative_ranker,30.15,-3.0,1,10.88,0.0,0.0,0.0,39.03,39.03,v3_stability_ranker,neutral,31300.0,-0.0095,-0.0558,-0.0753,31880.0,32932.5,0.1941,0.0408,kis,,,,,,,,,data/raw/price_263750_20260504_20260901.csv,379,False,Broad evaluation pool candidate,311,False,Broad evaluation pool candidate
900300,2026-09-01,2026-09-01,2026-09-01,2026-09-01,AVOID,negative,31.85,31.85,31.85,66.98,66.98,0,62.18,-2.0,2,10.0,15.0,5.33,0.0,0.0,0,0,31.85,v2_conservative_ranker,43.0,-3.0,1,-2.0,22.0,10.0,0.0,7.0,7.0,v3_stability_ranker,price_momentum,4050.0,-0.0403,0.0318,1.1939,3774.0,2886.5,0.3004,0.1133,kis,,,,,,,,,data/raw/price_900300_20260504_20260901.csv,380,False,Broad evaluation pool candidate,414,False,Broad evaluation pool candidate
009460,2026-09-01,2026-09-01,2026-09-01,2026-09-01,AVOID,negative,31.65,31.65,31.65,30.39,30.39,0,35.01,-2.0,2,3.36,0.0,0.0,0.0,0.0,0,0,31.65,v2_conservative_ranker,28.43,-3.0,1,9.8,0.0,0.0,0.0,36.23,36.23,v3_stability_ranker,price_weakness,2835.0,-0.0122,-0.0674,-0.0928,2929.0,3177.0,0.0948,0.028,kis,,,,,,,,,data/raw/price_009460_20260504_20260901.csv,381,False,Broad evaluation pool candidate,328,False,Broad evaluation pool candidate
214430,2026-09-01,2026-09-01,2026-09-01,2026-09-01,AVOID,negative,31.64,31.64,31.64,33.12,33.12,0,38.22,-2.0,2,6.58,0.0,0.0,0.0,0.0,0,0,31.64,v2_conservative_ranker,33.59,-3.0,1,5.78,0.0,1.57,0.0,35.8,35.8,v3_stability_ranker,price_weakness,58300.0,-0.0283,-0.0551,-0.0364,60360.0,65320.0,0.3213,0.0548,kis,,,,medium_attention,no_risk_noise,,,,data/raw/price_214430_20260504_20260901.csv,382,False,Broad evaluation pool candidate,330,False,Broad evaluation pool candidate
043260,2026-09-01,2026-09-01,2026-09-01,2026-09-01,AVOID,negative,31.63,31.63,31.63,34.96,34.96,0,41.47,-2.0,2,8.64,0.0,1.2,0.0,0.0,0,0,31.63,v2_conservative_ranker,39.66,-3.0,1,6.2,0.0,4.32,0.0,39.54,39.54,v3_stability_ranker,neutral,16730.0,-0.0147,-0.0543,0.0542,16584.0,18465.5,0.1468,0.072,kis,,,,,,,,,data/raw/price_043260_20260504_20260901.csv,383,False,Broad evaluation pool candidate,309,False,Broad evaluation pool candidate
061970,2026-09-01,2026-09-01,2026-09-01,2026-09-01,AVOID,negative,31.61,31.61,31.61,33.6,33.6,0,42.7,-2.0,2,9.32,0.0,1.77,0.0,0.0,0,0,31.61,v2_conservative_ranker,36.0,-3.0,1,-1.66,0.0,5.23,0.0,27.11,27.11,v3_stability_ranker,neutral,3995.0,-0.0611,-0.1353,0.163,4286.0,4444.25,0.459,0.0777,kis,,,,,,,,,data/raw/price_061970_20260504_20260901.csv,384,False,Broad evaluation pool candidate,367,False,Broad evaluation pool candidate
187870,2026-09-01,2026-09-01,2026-09-01,2026-09-01,AVOID,negative,31.45,31.45,31.45,31.78,31.78,0,35.6,-2.0,2,4.15,0.0,0.0,0.0,0.0,0,0,31.45,v2_conservative_ranker,29.44,-3.0,1,4.81,0.0,0.0,0.0,32.25,32.25,v3_stability_ranker,neutral,10330.0,-0.0435,-0.0727,-0.0609,10868.0,11672.0,0.2598,0.0346,kis,,,,,,,,,data/raw/price_187870_20260504_20260901.csv,385,False,Broad evaluation pool candidate,348,False,Broad evaluation pool candidate
069920,2026-09-01,2026-09-01,2026-09-01,2026-09-01,AVOID,negative,31.28,31.28,31.28,72.81,72.81,0,63.3,-2.0,2,10.0,16.94,5.07,0.0,0.0,0,0,31.28,v2_conservative_ranker,39.0,-3.0,1,-2.0,29.66,10.0,0.0,0.0,0.0,v3_stability_ranker,price_momentum,1316.0,0.0665,0.3043,0.0656,1166.0,1017.9,0.4214,0.1107,kis,,,,,,,,,data/raw/price_069920_20260504_20260901.csv,386,False,Broad evaluation pool candidate,422,False,Broad evaluation pool candidate
354200,2026-09-01,2026-09-01,2026-09-01,2026-09-01,AVOID,negative,31.2,31.2,31.2,38.97,38.97,0,44.6,-2.0,2,7.31,0.0,0.09,6.0,0.0,0,0,31.2,v2_conservative_ranker,44.0,-3.0,1,3.87,0.0,2.54,13.5,29.82,29.82,v3_stability_ranker,neutral,1717.0,-0.0699,-0.016,0.0343,1777.0,1856.5,0.1578,0.0609,kis,,,,,,9,3,3,data/raw/price_354200_20260504_20260901.csv,387,False,Broad evaluation pool candidate,356,False,Broad evaluation pool candidate
038880,2026-09-01,2026-09-01,2026-09-01,2026-09-01,AVOID,negative,31.18,31.18,31.18,30.74,30.74,0,38.23,-2.0,2,7.04,0.0,0.0,0.0,0.0,0,0,31.18,v2_conservative_ranker,31.27,-3.0,1,5.2,0.0,2.19,0.0,32.27,32.27,v3_stability_ranker,neutral,3055.0,-0.0097,-0.0408,-0.077,3055.0,3428.0,0.0902,0.0587,kis,,,,,,,,,data/raw/price_038880_20260504_20260901.csv,388,False,Broad evaluation pool candidate,347,False,Broad evaluation pool candidate
420770,2026-09-01,2026-09-01,2026-09-01,2026-09-01,AVOID,negative,30.66,30.66,30.66,33.54,33.54,0,36.36,-2.0,2,5.7,0.0,0.0,0.0,0.0,0,0,30.66,v2_conservative_ranker,29.1,-3.0,1,5.88,0.0,0.4,0.0,32.57,32.57,v3_stability_ranker,neutral,102700.0,-0.0887,-0.0455,-0.1169,107580.0,113945.0,0.7811,0.0475,kis,,,,,,,,,data/raw/price_420770_20260504_20260901.csv,389,False,Broad evaluation pool candidate,345,False,Broad evaluation pool candidate
457600,2026-09-01,2026-09-01,2026-09-01,2026-09-01,AVOID,negative,30.4,30.4,30.4,79.89,79.89,0,67.0,-2.0,2,10.0,23.26,3.34,0.0,0.0,0,0,30.4,v2_conservative_ranker,25.0,-3.0,1,2.0,36.0,7.74,0.0,0.0,0.0,v3_stability_ranker,price_momentum,5480.0,0.0018,0.3769,0.4891,4979.0,4325.25,0.4823,0.0934,kis,,,,,,,,,data/raw/price_457600_20260504_20260901.csv,390,False,Broad evaluation pool candidate,423,False,Broad evaluation pool candidate
348340,2026-09-01,2026-09-01,2026-09-01,2026-09-01,AVOID,negative,30.15,30.15,30.15,31.44,31.44,0,36.74,-2.0,2,6.59,0.0,0.0,0.0,0.0,0,0,30.15,v2_conservative_ranker,32.46,-3.0,1,1.77,0.0,1.58,0.0,30.64,30.64,v3_stability_ranker,price_weakness,17760.0,-0.041,-0.0692,-0.0382,18720.0,20102.5,0.2929,0.0549,kis,,,,,,,,,data/raw/price_348340_20260504_20260901.csv,391,False,Broad evaluation pool candidate,354,False,Broad evaluation pool candidate
950160,2026-09-01,2026-09-01,2026-09-01,2026-09-01,AVOID,negative,30.06,30.06,30.06,37.9,37.9,0,43.0,-2.0,2,10.0,0.0,2.94,0.0,0.0,0,0,30.06,v2_conservative_ranker,29.3,-3.0,1,2.0,0.0,7.1,0.0,22.2,22.2,v3_stability_ranker,neutral,17880.0,0.0148,-0.0951,0.2512,18360.0,20603.5,0.2352,0.0894,kis,,,,,,,,,data/raw/price_950160_20260504_20260901.csv,392,False,Broad evaluation pool candidate,387,False,Broad evaluation pool candidate
199800,2026-09-01,2026-09-01,2026-09-01,2026-09-01,AVOID,negative,29.99,29.99,29.99,28.89,28.89,0,35.04,-2.0,2,5.05,0.0,0.0,0.0,0.0,0,0,29.99,v2_conservative_ranker,27.87,-3.0,1,10.69,0.0,0.0,0.0,36.55,36.55,v3_stability_ranker,price_weakness,34400.0,-0.0227,-0.0549,-0.1276,35530.0,37963.25,0.1611,0.0421,kis,,,,,,,,,data/raw/price_199800_20260504_20260901.csv,393,False,Broad evaluation pool candidate,324,False,Broad evaluation pool candidate
207940,2026-09-01,2026-09-01,2026-09-01,2026-09-01,AVOID,negative,29.92,29.92,29.92,36.45,40.45,-4,41.8,-2.0,2,2.88,0.0,0.0,0.0,9.0,0,0,29.92,v2_conservative_ranker,39.86,-3.0,1,13.4,0.0,0.0,17.0,34.26,34.26,v3_stability_ranker,neutral,1503000.0,-0.0099,-0.0517,0.0562,1540000.0,1546700.0,0.2019,0.024,kis,,,,low_attention,high_risk_noise,,,,data/raw/price_207940_20260504_20260901.csv,394,False,Broad evaluation pool candidate,335,False,Broad evaluation pool candidate
272110,2026-09-01,2026-09-01,2026-09-01,2026-09-01,AVOID,negative,29.66,29.66,29.66,28.61,28.61,0,34.01,-2.0,2,4.36,0.0,0.0,0.0,0.0,0,0,29.66,v2_conservative_ranker,27.56,-3.0,1,8.55,0.0,0.0,0.0,34.12,34.12,v3_stability_ranker,price_weakness,23750.0,-0.0104,-0.0759,-0.097,24550.0,26462.5,0.1141,0.0363,kis,,,,,,,,,data/raw/price_272110_20260504_20260901.csv,395,False,Broad evaluation pool candidate,337,False,Broad evaluation pool candidate
351320,2026-09-01,2026-09-01,2026-09-01,2026-09-01,AVOID,negative,29.48,29.48,29.48,81.96,81.96,0,67.0,0.0,2,10.0,25.0,4.52,0.0,0.0,0,0,29.48,v2_conservative_ranker,25.0,2.0,1,-2.0,36.17,9.63,0.0,0.0,0.0,v3_stability_ranker,price_momentum,3070.0,0.046,0.855,2.3736,2616.6,1495.3,0.8265,0.1052,kis,,,,,,,,,data/raw/price_351320_20260504_20260901.csv,396,False,Broad evaluation pool candidate,424,False,Broad evaluation pool candidate
222420,2026-09-01,2026-09-01,2026-09-01,2026-09-01,AVOID,negative,29.16,29.16,29.16,29.72,33.72,-4,37.17,-2.0,2,3.31,0.0,0.0,0.0,4.7,0,0,29.16,v2_conservative_ranker,30.58,-3.0,1,12.86,0.0,0.0,7.2,34.24,34.24,v3_stability_ranker,price_weakness,850.0,0.0059,-0.0545,-0.068,857.6,916.85,0.2209,0.0276,kis,,,,low_attention,risk_noise_detected,,,,data/raw/price_222420_20260504_20260901.csv,397,False,Broad evaluation pool candidate,336,False,Broad evaluation pool candidate
119850,2026-09-01,2026-09-01,2026-09-01,2026-09-01,AVOID,negative,29.09,29.09,29.09,30.12,27.12,3,38.5,-2.0,2,8.95,0.0,1.46,0.0,0.0,0,1,29.09,v2_conservative_ranker,36.0,-3.0,1,-1.19,0.0,4.74,0.0,28.07,28.07,v3_stability_ranker,price_weakness,43800.0,-0.0499,-0.1395,0.0429,48800.0,50842.5,0.3971,0.0746,unknown,지엔씨에너지,지엔씨에너지,supply_contract,,,,,,data/raw/price_119850_20260802_20260901.csv,398,False,Broad evaluation pool candidate,363,False,Broad evaluation pool candidate
166090,2026-09-01,2026-09-01,2026-09-01,2026-09-01,AVOID,negative,28.95,28.95,28.95,27.98,27.98,0,34.41,-2.0,2,5.46,0.0,0.0,0.0,0.0,0,0,28.95,v2_conservative_ranker,27.42,-3.0,1,10.18,0.0,0.08,0.0,35.51,35.51,v3_stability_ranker,price_weakness,50100.0,-0.0328,-0.0907,-0.0739,52280.0,55665.0,0.2152,0.0455,kis,,,,,,,,,data/raw/price_166090_20260504_20260901.csv,399,False,Broad evaluation pool candidate,332,False,Broad evaluation pool candidate
174900,2026-09-01,2026-09-01,2026-09-01,2026-09-01,AVOID,negative,28.9,28.9,28.9,31.11,28.11,3,40.75,-2.0,2,10.0,0.0,2.85,0.0,0.0,0,1,28.9,v2_conservative_ranker,36.0,-3.0,1,2.0,0.0,6.96,0.0,29.04,29.04,v3_stability_ranker,neutral,24300.0,-0.0122,-0.1413,0.1071,26210.0,28855.0,0.148,0.0885,unknown,앱클론,앱클론,supply_contract,,,,,,data/raw/price_174900_20260802_20260901.csv,400,False,Broad evaluation pool candidate,357,False,Broad evaluation pool candidate
189330,2026-09-01,2026-09-01,2026-09-01,2026-09-01,AVOID,negative,28.81,28.81,28.81,32.73,32.73,0,43.0,-2.0,2,10.0,0.0,4.19,0.0,0.0,0,0,28.81,v2_conservative_ranker,36.0,-3.0,1,-2.0,0.0,9.1,0.0,22.9,22.9,v3_stability_ranker,neutral,11260.0,-0.0846,-0.2443,0.1979,13176.0,14535.5,0.306,0.1019,kis,,,,,,,,,data/raw/price_189330_20260504_20260901.csv,401,False,Broad evaluation pool candidate,384,False,Broad evaluation pool candidate
226330,2026-09-01,2026-09-01,2026-09-01,2026-09-01,AVOID,negative,28.36,28.36,28.36,34.22,41.22,-7,47.85,-2.0,2,10.0,0.0,2.79,0.0,4.7,2,0,28.36,v2_conservative_ranker,42.5,-3.0,1,1.0,0.0,6.86,9.2,25.44,25.44,v3_stability_ranker,neutral,1278.0,-0.0568,0.0458,-0.1636,1333.8,1387.6,0.1372,0.0879,unknown,신테카바이오,신테카바이오,paid_in_capital_increase,low_attention,risk_noise_detected,,,,data/raw/price_226330_20260802_20260901.csv,402,False,Broad evaluation pool candidate,373,False,Broad evaluation pool candidate
011330,2026-09-01,2026-09-01,2026-09-01,2026-09-01,AVOID,negative,28.1,28.1,28.1,37.99,37.99,0,43.0,-2.0,2,10.0,0.47,4.43,0.0,0.0,0,0,28.1,v2_conservative_ranker,26.47,-3.0,1,5.0,4.02,9.49,0.0,15.96,15.96,v3_stability_ranker,neutral,4435.0,0.0057,-0.0827,0.3604,4425.0,4766.5,0.0441,0.1043,kis,,,,,,,,,data/raw/price_011330_20260504_20260901.csv,403,False,Broad evaluation pool candidate,400,False,Broad evaluation pool candidate
012170,2026-09-01,2026-09-01,2026-09-01,2026-09-01,AVOID,negative,27.94,27.94,27.94,19.62,19.62,0,31.0,0.0,2,5.06,0.0,0.0,0.0,0.0,0,0,27.94,v2_conservative_ranker,24.0,2.0,1,3.67,0.0,0.0,0.0,30.67,30.67,v3_stability_ranker,price_weakness,2990.0,-0.0432,-0.2005,-0.2898,3460.0,3693.5,0.8067,0.0422,kis,,,,,,,,,data/raw/price_012170_20260504_20260901.csv,404,False,Broad evaluation pool candidate,353,False,Broad evaluation pool candidate
225190,2026-09-01,2026-09-01,2026-09-01,2026-09-01,AVOID,negative,27.84,27.84,27.84,89.41,89.41,0,67.0,5.34,3,10.0,31.5,6.0,0.0,0.0,0,0,27.84,v2_conservative_ranker,25.0,5.0,6,-2.0,46.85,10.17,0.0,0.0,0.0,v3_stability_ranker,price_momentum,1145.0,0.1337,0.3329,1.1165,908.4,917.75,2.0684,0.143,unknown,LK삼양,LK삼양,spin_off,,,,,,data/raw/price_225190_20260802_20260901.csv,405,False,Broad evaluation pool candidate,425,False,Broad evaluation pool candidate
007460,2026-09-01,2026-09-01,2026-09-01,2026-09-01,AVOID,negative,27.84,27.84,27.84,25.2,25.2,0,33.36,-2.0,2,5.52,0.0,0.0,0.0,0.0,0,0,27.84,v2_conservative_ranker,25.32,-3.0,1,3.1,0.0,0.16,0.0,26.26,26.26,v3_stability_ranker,price_weakness,2240.0,-0.0427,-0.104,-0.104,2407.0,2493.25,0.2332,0.046,kis,,,,,,,,,data/raw/price_007460_20260504_20260901.csv,406,False,Broad evaluation pool candidate,370,False,Broad evaluation pool candidate
053060,2026-09-01,2026-09-01,2026-09-01,2026-09-01,AVOID,negative,27.21,27.21,27.21,28.38,32.38,-4,34.37,-2.0,2,2.46,0.0,0.0,0.0,4.7,0,0,27.21,v2_conservative_ranker,27.93,-3.0,1,13.93,0.0,0.0,7.2,32.66,32.66,v3_stability_ranker,price_weakness,1247.0,-0.008,-0.0742,-0.0918,1301.6,1367.9,0.4059,0.0205,kis,,,,low_attention,risk_noise_detected,,,,data/raw/price_053060_20260504_20260901.csv,407,False,Broad evaluation pool candidate,344,False,Broad evaluation pool candidate
288980,2026-09-01,2026-09-01,2026-09-01,2026-09-01,AVOID,negative,27.0,27.0,27.0,54.74,54.74,0,51.0,0.0,2,10.0,10.0,6.0,0.0,0.0,0,0,27.0,v2_conservative_ranker,24.5,2.0,6,-2.0,16.14,10.0,0.0,4.36,4.36,v3_stability_ranker,neutral,349.0,0.0576,0.6699,-0.483,300.4,553.9,0.9569,0.1729,unknown,모아데이타,모아데이타,major_shareholder_change,,,,,,data/raw/price_288980_20260802_20260901.csv,408,False,Broad evaluation pool candidate,415,False,Broad evaluation pool candidate
142760,2026-09-01,2026-09-01,2026-09-01,2026-09-01,AVOID,negative,26.91,26.91,26.91,99.6,99.6,0,69.62,0.0,3,10.0,25.0,10.71,0.0,0.0,0,0,26.91,v2_conservative_ranker,39.0,-9.0,4,-2.0,38.0,28.74,0.0,0.0,0.0,v3_stability_ranker,price_momentum,1046.0,0.1533,0.4986,0.132,809.4,740.85,14.034,0.0871,kis,,,,,,,,,data/raw/price_142760_20260504_20260901.csv,409,False,Broad evaluation pool candidate,426,False,Broad evaluation pool candidate
106240,2026-09-01,2026-09-01,2026-09-01,2026-09-01,AVOID,negative,26.61,26.61,26.61,25.37,28.37,-3,32.96,-2.0,2,4.34,0.0,0.0,0.0,0.0,2,0,26.61,v2_conservative_ranker,26.14,-3.0,1,11.57,0.0,0.0,2.0,33.71,33.71,v3_stability_ranker,price_weakness,1129.0,-0.0174,-0.0746,-0.1309,1164.6,1235.55,0.3333,0.0362,unknown,파인테크닉스,파인테크닉스,convertible_bond,,,,,,data/raw/price_106240_20260802_20260901.csv,410,False,Broad evaluation pool candidate,340,False,Broad evaluation pool candidate
321370,2026-09-01,2026-09-01,2026-09-01,2026-09-01,AVOID,negative,26.26,26.26,26.26,28.9,28.9,0,34.67,0.0,3,9.49,0.0,1.91,0.0,0.0,0,0,26.26,v2_conservative_ranker,27.0,8.0,6,-1.87,0.0,5.46,0.0,33.68,33.68,v3_stability_ranker,price_weakness,1147.0,-0.0954,-0.1025,-0.0667,1247.0,1341.45,1.0664,0.0791,kis,,,,,,,,,data/raw/price_321370_20260504_20260901.csv,411,False,Broad evaluation pool candidate,341,False,Broad evaluation pool candidate
276730,2026-09-01,2026-09-01,2026-09-01,2026-09-01,AVOID,negative,26.03,26.03,26.03,52.0,52.0,0,51.0,-2.0,2,10.0,10.3,4.67,0.0,0.0,0,0,26.03,v2_conservative_ranker,24.5,-3.0,1,-2.0,18.68,9.87,0.0,0.0,0.0,v3_stability_ranker,neutral,1464.0,0.0725,0.3864,-0.3618,1287.4,1893.35,0.5004,0.1067,kis,,,,,,,,,data/raw/price_276730_20260504_20260901.csv,412,False,Broad evaluation pool candidate,427,False,Broad evaluation pool candidate
001470,2026-09-01,2026-09-01,2026-09-01,2026-09-01,AVOID,negative,26.0,26.0,26.0,93.0,93.0,0,75.0,0.0,0,10.0,33.0,6.0,0.0,0.0,0,0,26.0,v2_conservative_ranker,25.0,-5.0,0,-2.0,48.0,10.0,0.0,0.0,0.0,v3_stability_ranker,strong_price_momentum,5820.0,15.7723,15.7723,15.7723,1441.6,620.65,0.0,3.5268,kis,,,,,,,,,data/raw/price_001470_20260504_20260901.csv,413,False,Broad evaluation pool candidate,428,False,Broad evaluation pool candidate
226340,2026-09-01,2026-09-01,2026-09-01,2026-09-01,AVOID,negative,24.9,24.9,24.9,74.35,78.35,-4,67.0,-2.0,2,10.0,18.0,6.0,0.0,8.1,0,0,24.9,v2_conservative_ranker,25.0,-3.0,1,2.0,24.0,10.0,12.4,0.0,0.0,v3_stability_ranker,price_momentum,6660.0,0.0091,0.311,2.055,6730.0,5978.0,0.2242,0.1724,kis,,,,medium_attention,risk_noise_detected,,,,data/raw/price_226340_20260504_20260901.csv,414,False,Broad evaluation pool candidate,429,False,Broad evaluation pool candidate
009190,2026-09-01,2026-09-01,2026-09-01,2026-09-01,AVOID,negative,24.81,24.81,24.81,24.06,31.06,-7,37.77,-2.0,2,6.26,0.0,0.0,0.0,4.7,2,0,24.81,v2_conservative_ranker,30.87,-3.0,1,6.17,0.0,1.15,9.2,24.68,24.68,v3_stability_ranker,neutral,1399.0,-0.0189,-0.0444,-0.0796,1449.0,1637.85,0.1166,0.0522,unknown,대양금속,대양금속,paid_in_capital_increase,low_attention,risk_noise_detected,,,,data/raw/price_009190_20260802_20260901.csv,415,False,Broad evaluation pool candidate,377,False,Broad evaluation pool candidate
389680,2026-09-01,2026-09-01,2026-09-01,2026-09-01,AVOID,negative,24.78,24.78,24.78,73.73,77.73,-4,67.0,-2.0,2,10.0,22.58,4.94,0.0,4.7,0,0,24.78,v2_conservative_ranker,25.0,-3.0,1,2.0,35.7,10.0,7.2,0.0,0.0,v3_stability_ranker,price_momentum,1891.0,-0.0192,0.8183,0.4739,1768.2,1279.2,0.1213,0.1094,kis,,,,medium_attention,risk_noise_detected,,,,data/raw/price_389680_20260504_20260901.csv,416,False,Broad evaluation pool candidate,430,False,Broad evaluation pool candidate
397030,2026-09-01,2026-09-01,2026-09-01,2026-09-01,AVOID,negative,24.35,24.35,24.35,22.57,22.57,0,32.17,-2.0,2,7.54,0.0,0.28,0.0,0.0,0,0,24.35,v2_conservative_ranker,26.54,-3.0,1,4.58,0.0,2.85,0.0,26.27,26.27,v3_stability_ranker,neutral,18140.0,0.0128,-0.0683,-0.241,18612.0,24033.0,0.2801,0.0628,kis,,,,,,,,,data/raw/price_397030_20260504_20260901.csv,417,False,Broad evaluation pool candidate,369,False,Broad evaluation pool candidate
006370,2026-09-01,2026-09-01,2026-09-01,2026-09-01,AVOID,negative,23.57,23.57,23.57,19.44,19.44,0,31.56,-2.0,2,7.63,0.0,0.36,0.0,0.0,0,0,23.57,v2_conservative_ranker,24.0,-3.0,1,4.46,0.0,2.98,0.0,23.48,23.48,v3_stability_ranker,neutral,3915.0,0.0235,-0.1122,-0.1553,3859.0,4443.5,0.1309,0.0636,kis,,,,,,,,,data/raw/price_006370_20260504_20260901.csv,418,False,Broad evaluation pool candidate,382,False,Broad evaluation pool candidate
025560,2026-09-01,2026-09-01,2026-09-01,2026-09-01,AVOID,negative,22.91,22.91,22.91,23.12,23.12,0,35.38,-2.0,2,10.0,0.0,2.47,0.0,0.0,0,0,22.91,v2_conservative_ranker,30.0,-3.0,1,2.0,0.0,6.35,0.0,23.65,23.65,v3_stability_ranker,price_weakness,6400.0,-0.0274,-0.1185,-0.0462,6624.0,7643.0,0.2131,0.0847,kis,,,,medium_attention,no_risk_noise,,,,data/raw/price_025560_20260504_20260901.csv,419,False,Broad evaluation pool candidate,381,False,Broad evaluation pool candidate
011090,2026-09-01,2026-09-01,2026-09-01,2026-09-01,AVOID,negative,22.68,22.68,22.68,22.53,22.53,0,36.47,0.0,0,10.0,0.0,3.79,0.0,0.0,0,0,22.68,v2_conservative_ranker,26.68,-5.0,0,2.0,0.0,8.46,0.0,15.21,15.21,v3_stability_ranker,neutral,1500.0,0.0,-0.3421,-0.1294,1947.0,1870.7,0.0,0.0979,unknown,에넥스,에넥스,major_shareholder_change,,,,,,data/raw/price_011090_20260802_20260901.csv,420,False,Broad evaluation pool candidate,405,False,Broad evaluation pool candidate
290560,2026-09-01,2026-09-01,2026-09-01,2026-09-01,AVOID,negative,22.18,22.18,22.18,43.01,43.01,0,47.0,-2.0,2,10.0,10.08,4.74,0.0,0.0,0,0,22.18,v2_conservative_ranker,24.5,-3.0,1,2.0,15.49,9.98,0.0,0.0,0.0,v3_stability_ranker,neutral,1382.0,0.0214,-0.1141,0.6088,1400.6,1166.65,0.07,0.1074,kis,,,,,,,,,data/raw/price_290560_20260504_20260901.csv,421,False,Broad evaluation pool candidate,431,False,Broad evaluation pool candidate
001420,2026-09-01,2026-09-01,2026-09-01,2026-09-01,AVOID,negative,21.51,21.51,21.51,17.28,17.28,0,31.0,-2.0,2,8.45,0.0,1.04,0.0,0.0,0,0,21.51,v2_conservative_ranker,24.0,-3.0,1,-0.56,0.0,4.06,0.0,17.38,17.38,v3_stability_ranker,neutral,2165.0,-0.0587,-0.127,-0.1891,2346.0,2424.75,0.4122,0.0704,kis,,,,,,,,,data/raw/price_001420_20260504_20260901.csv,422,False,Broad evaluation pool candidate,397,False,Broad evaluation pool candidate
305090,2026-09-01,2026-09-01,2026-09-01,2026-09-01,AVOID,negative,21.46,21.46,21.46,37.0,37.0,0,35.0,0.0,3,10.0,0.0,6.54,0.0,0.0,0,0,21.46,v2_conservative_ranker,26.5,-4.8,4,-2.0,0.0,6.46,0.0,17.24,17.24,v3_stability_ranker,price_weakness,1097.0,-0.2999,-0.3152,-0.4202,1541.6,1739.9,4.1139,0.0854,kis,,,,,,,,,data/raw/price_305090_20260504_20260901.csv,423,False,Broad evaluation pool candidate,398,False,Broad evaluation pool candidate
065770,2026-09-01,2026-09-01,2026-09-01,2026-09-01,AVOID,negative,21.42,21.42,21.42,15.02,19.02,-4,32.11,-2.0,2,5.99,0.0,0.0,0.0,4.7,0,0,21.42,v2_conservative_ranker,24.0,-3.0,1,2.51,0.0,0.78,7.2,16.53,16.53,v3_stability_ranker,neutral,1250.0,0.0417,-0.1841,-0.1397,1305.6,1517.95,0.3328,0.0499,kis,,,,low_attention,risk_noise_detected,,,,data/raw/price_065770_20260504_20260901.csv,424,False,Broad evaluation pool candidate,399,False,Broad evaluation pool candidate
030530,2026-09-01,2026-09-01,2026-09-01,2026-09-01,AVOID,negative,21.12,21.12,21.12,24.18,28.18,-4,33.58,-2.0,2,5.06,0.0,0.0,0.0,7.4,0,0,21.12,v2_conservative_ranker,26.37,-3.0,1,6.67,0.0,0.0,11.4,19.64,19.64,v3_stability_ranker,price_weakness,17920.0,-0.0458,-0.0904,-0.0977,19054.0,19809.5,0.3871,0.0422,kis,,,,low_attention,risk_noise_detected,,,,data/raw/price_030530_20260504_20260901.csv,425,False,Broad evaluation pool candidate,393,False,Broad evaluation pool candidate
338220,2026-09-01,2026-09-01,2026-09-01,2026-09-01,AVOID,negative,21.08,21.08,21.08,17.25,21.25,-4,31.0,1.99,3,7.37,0.0,0.14,0.0,7.4,0,0,21.08,v2_conservative_ranker,24.0,8.0,6,4.79,0.0,2.62,11.4,28.77,28.77,v3_stability_ranker,price_weakness,5520.0,-0.0125,-0.2551,-0.2689,6648.0,7543.5,1.3977,0.0614,kis,,,,low_attention,risk_noise_detected,,,,data/raw/price_338220_20260504_20260901.csv,426,False,Broad evaluation pool candidate,360,False,Broad evaluation pool candidate
062970,2026-09-01,2026-09-01,2026-09-01,2026-09-01,AVOID,negative,20.53,20.53,20.53,18.04,18.04,0,32.26,-2.0,2,9.67,0.0,2.06,0.0,0.0,0,0,20.53,v2_conservative_ranker,24.0,-3.0,1,-2.0,0.0,5.7,0.0,14.3,14.3,v3_stability_ranker,neutral,2010.0,-0.0474,-0.1261,-0.1355,2165.0,2479.0,0.2381,0.0806,unknown,한국첨단소재,한국첨단소재,major_shareholder_change,,,,,,data/raw/price_062970_20260802_20260901.csv,427,False,Broad evaluation pool candidate,407,False,Broad evaluation pool candidate
079190,2026-09-01,2026-09-01,2026-09-01,2026-09-01,AVOID,negative,20.21,20.21,20.21,24.51,24.51,0,35.54,-2.0,2,10.0,0.0,5.33,0.0,0.0,0,0,20.21,v2_conservative_ranker,30.0,-3.0,1,2.0,0.0,10.0,0.0,20.0,20.0,v3_stability_ranker,neutral,1123.0,0.0027,-0.1009,-0.0418,1183.2,1278.35,0.1156,0.1133,kis,,,,,,,,,data/raw/price_079190_20260504_20260901.csv,428,False,Broad evaluation pool candidate,391,False,Broad evaluation pool candidate
950220,2026-09-01,2026-09-01,2026-09-01,2026-09-01,AVOID,negative,18.72,18.72,18.72,45.13,45.13,0,47.0,-2.0,2,10.0,14.33,3.95,0.0,0.0,0,0,18.72,v2_conservative_ranker,24.6,-3.0,1,2.0,21.52,8.72,0.0,0.0,0.0,v3_stability_ranker,neutral,2555.0,0.02,-0.0988,0.9239,2588.0,2035.05,0.1689,0.0995,kis,,,,,,,,,data/raw/price_950220_20260504_20260901.csv,429,False,Broad evaluation pool candidate,432,False,Broad evaluation pool candidate
105550,2026-09-01,2026-09-01,2026-09-01,2026-09-01,AVOID,negative,18.62,18.62,18.62,26.53,30.53,-4,38.61,-2.0,2,10.0,0.0,5.29,0.0,4.7,0,0,18.62,v2_conservative_ranker,32.75,-3.0,1,5.0,0.0,10.0,7.2,18.55,18.55,v3_stability_ranker,price_weakness,1995.0,-0.0316,-0.0656,0.005,2046.0,2210.25,0.1406,0.1129,kis,,,,low_attention,risk_noise_detected,,,,data/raw/price_105550_20260504_20260901.csv,430,False,Broad evaluation pool candidate,395,False,Broad evaluation pool candidate
043090,2026-08-07,2026-08-07,2026-08-07,2026-09-01,AVOID,negative,18.0,18.0,18.0,37.0,37.0,0,35.0,0.0,3,10.0,0.0,10.0,0.0,0.0,0,0,18.0,v2_conservative_ranker,26.5,-3.35,4,-2.0,0.0,10.0,0.0,15.15,15.15,v3_stability_ranker,neutral,103.0,-0.5095,-0.6255,-0.9096,226.2,822.7,3.5952,0.2232,kis,,,,,,,,,data/raw/price_043090_20260504_20260901.csv,431,False,Broad evaluation pool candidate,406,False,Broad evaluation pool candidate
223220,2026-09-01,2026-09-01,2026-09-01,2026-09-01,AVOID,negative,17.46,17.46,17.46,14.29,14.29,0,31.0,-2.0,2,10.0,0.0,3.54,0.0,0.0,0,0,17.46,v2_conservative_ranker,24.0,-3.0,1,-2.0,0.0,8.06,0.0,11.94,11.94,v3_stability_ranker,price_weakness,148.0,-0.1243,-0.1445,-0.5634,165.8,203.5,0.4561,0.0954,kis,,,,,,,,,data/raw/price_223220_20260504_20260901.csv,432,False,Broad evaluation pool candidate,410,False,Broad evaluation pool candidate
