stock_code,candidate_date,candidate_pool_date,signal_date,prediction_date,candidate_action,prediction_direction,prediction_score,final_price_signal_score,price_candidate_score,price_signal_score_v1,price_score_base,supplementary_score,base_momentum_score,volume_confirmation_score,liquidity_score,volatility_penalty,overextension_penalty,reversal_risk_penalty,news_risk_penalty,attention_noise_penalty,market_regime_penalty,healthy_context_score,final_price_signal_score_v2,score_version,v3_momentum_quality_score,v3_volume_quality_score,v3_liquidity_quality_score,v3_stability_score,v3_overextension_penalty,v3_reversal_penalty,v3_noise_penalty,v3_final_score,final_price_signal_score_v3,experimental_score_version,signal_label,close,return_1d,return_5d,return_20d,ma5,ma20,volume_ratio_20d,volatility_20d,price_source,corp_name,stock_name,event_type,social_attention_label,social_risk_label,news_risk_score,news_negative_keyword_count,news_risk_keyword_count,source_file,candidate_rank,selected_pick,selection_reason,v3_rank,v3_selected_pick,v3_selection_reason
007980,2026-08-07,2026-08-07,2026-08-07,2026-08-07,BUY_CANDIDATE,positive,76.76,76.76,76.76,107.12,107.12,0,76.06,3.53,3,2.82,0.0,0.0,6.0,0.0,0,3,76.76,v2_conservative_ranker,53.0,8.0,6,13.47,0.0,0.0,9.0,71.47,71.47,v3_stability_ranker,strong_price_momentum,1805.0,0.0397,0.1087,0.0873,1712.2,1686.7,1.7055,0.0235,pykrx,,,,,,6,2,2,data/raw/price_007980_20260409_20260807.csv,1,True,Top 20 by conservative v2 price signal score,2,True,Experimental Top 20 by stability-first v3 score
488900,2026-08-07,2026-08-07,2026-08-07,2026-08-07,WATCHLIST,neutral_positive,67.24,67.24,67.24,96.26,96.26,0,71.0,3.66,3,8.56,0.73,1.13,0.0,0.0,0,0,67.24,v2_conservative_ranker,46.96,8.0,6,3.3,6.57,4.21,0.0,53.49,53.49,v3_stability_ranker,price_momentum,8740.0,0.0294,0.1891,0.2105,8452.0,7803.0,1.7317,0.0713,pykrx,,,,medium_attention,no_risk_noise,,,,data/raw/price_488900_20260409_20260807.csv,2,True,Top 20 by conservative v2 price signal score,89,False,Broad evaluation pool candidate
005710,2026-08-07,2026-08-07,2026-08-07,2026-08-07,WATCHLIST,neutral_positive,67.15,67.15,67.15,90.97,90.97,0,70.87,0.0,2,2.72,0.0,0.0,3.0,0.0,0,0,67.15,v2_conservative_ranker,57.0,2.0,1,13.59,0.0,0.0,4.5,69.09,69.09,v3_stability_ranker,strong_price_momentum,11780.0,0.0243,0.0453,0.1526,11542.0,10873.5,0.8474,0.0227,pykrx,,,,,,3,1,1,data/raw/price_005710_20260409_20260807.csv,3,True,Top 20 by conservative v2 price signal score,5,True,Experimental Top 20 by stability-first v3 score
024720,2026-08-07,2026-08-07,2026-08-07,2026-08-07,WATCHLIST,neutral_positive,66.09,66.09,66.09,92.58,92.58,0,74.88,-2.0,2,2.8,0.0,0.0,6.0,0.0,0,0,66.09,v2_conservative_ranker,57.0,-3.0,1,10.5,0.0,0.0,10.6,54.91,54.91,v3_stability_ranker,strong_price_momentum,9730.0,0.0031,0.0859,0.1681,9474.0,8776.5,0.3184,0.0233,pykrx,,,,,,7,3,2,data/raw/price_024720_20260409_20260807.csv,4,True,Top 20 by conservative v2 price signal score,75,False,Broad evaluation pool candidate
017810,2026-08-07,2026-08-07,2026-08-07,2026-08-07,WATCHLIST,neutral_positive,64.47,64.47,64.47,81.87,81.87,0,66.29,-2.0,2,1.82,0.0,0.0,0.0,0.0,0,0,64.47,v2_conservative_ranker,51.0,-3.0,1,14.72,0.0,0.0,0.0,63.72,63.72,v3_stability_ranker,strong_price_momentum,9240.0,0.0154,0.0464,0.0187,9008.0,8905.5,0.3027,0.0152,pykrx,,,,,,,,,data/raw/price_017810_20260409_20260807.csv,5,True,Top 20 by conservative v2 price signal score,25,False,Broad evaluation pool candidate
054220,2026-08-07,2026-08-07,2026-08-07,2026-08-07,WATCHLIST,neutral_positive,63.71,63.71,63.71,86.65,86.65,0,66.19,0.0,2,4.48,0.0,0.0,0.0,0.0,0,0,63.71,v2_conservative_ranker,53.0,2.0,6,7.41,5.77,0.0,0.0,62.64,62.64,v3_stability_ranker,price_momentum,1519.0,0.0578,0.1578,0.034,1428.8,1435.4,0.9468,0.0373,pykrx,,,,,,,,,data/raw/price_054220_20260409_20260807.csv,6,True,Top 20 by conservative v2 price signal score,29,False,Broad evaluation pool candidate
033310,2026-08-07,2026-08-07,2026-08-07,2026-08-07,WATCHLIST,neutral_positive,62.91,62.91,62.91,80.24,80.24,0,66.17,-2.0,2,3.26,0.0,0.0,0.0,0.0,0,0,62.91,v2_conservative_ranker,57.0,-3.0,1,12.92,0.0,0.0,0.0,67.92,67.92,v3_stability_ranker,strong_price_momentum,1340.0,0.006,0.0412,0.03,1327.2,1301.45,0.2238,0.0272,pykrx,,,,,,,,,data/raw/price_033310_20260409_20260807.csv,7,True,Top 20 by conservative v2 price signal score,9,True,Experimental Top 20 by stability-first v3 score
234300,2026-08-07,2026-08-07,2026-08-07,2026-08-07,WATCHLIST,neutral_positive,62.59,62.59,62.59,104.28,104.28,0,71.71,0.0,3,4.67,4.96,2.49,0.0,0.0,0,0,62.59,v2_conservative_ranker,53.0,-3.45,4,7.17,11.27,11.69,0.0,37.75,37.75,v3_stability_ranker,strong_price_momentum,2995.0,0.1113,0.1031,0.0773,2750.0,2802.25,3.6325,0.0389,pykrx,,,,,,,,,data/raw/price_234300_20260409_20260807.csv,8,True,Top 20 by conservative v2 price signal score,166,False,Broad evaluation pool candidate
038680,2026-08-07,2026-08-07,2026-08-07,2026-08-07,WATCHLIST,neutral_positive,62.28,62.28,62.28,82.15,82.15,0,67.0,-2.0,2,4.72,0.0,0.0,0.0,0.0,0,0,62.28,v2_conservative_ranker,40.6,-3.0,1,8.11,5.07,0.0,0.0,41.64,41.64,v3_stability_ranker,price_momentum,3915.0,-0.0309,0.1687,0.2711,3767.0,3479.5,0.18,0.0393,pykrx,,,,,,,,,data/raw/price_038680_20260409_20260807.csv,9,True,Top 20 by conservative v2 price signal score,153,False,Broad evaluation pool candidate
340570,2026-08-07,2026-08-07,2026-08-07,2026-08-07,WATCHLIST,neutral_positive,61.49,61.49,61.49,88.27,88.27,0,67.0,1.54,3,5.48,4.57,0.0,0.0,0.0,0,0,61.49,v2_conservative_ranker,36.32,8.0,6,3.15,17.71,0.11,0.0,35.64,35.64,v3_stability_ranker,price_momentum,33950.0,0.0543,0.2065,0.3179,32137.6,28510.7,1.3072,0.0457,pykrx,,,,,,,,,data/raw/price_340570_20260409_20260807.csv,10,True,Top 20 by conservative v2 price signal score,170,False,Broad evaluation pool candidate
001630,2026-08-07,2026-08-07,2026-08-07,2026-08-07,WATCHLIST,neutral_positive,60.83,60.83,60.83,80.34,80.34,0,66.2,-2.0,2,2.36,0.0,0.0,3.0,0.0,0,0,60.83,v2_conservative_ranker,57.0,-3.0,1,14.04,0.0,0.0,4.5,64.55,64.55,v3_stability_ranker,strong_price_momentum,39700.0,0.0,0.0406,0.0325,39240.0,38820.0,0.1045,0.0197,pykrx,,,,,,3,1,1,data/raw/price_001630_20260409_20260807.csv,11,True,Top 20 by conservative v2 price signal score,22,False,Broad evaluation pool candidate
038530,2026-08-07,2026-08-07,2026-08-07,2026-08-07,WATCHLIST,neutral_positive,60.82,60.82,60.82,78.68,78.68,0,67.0,-2.0,2,5.26,0.92,0.0,0.0,0.0,0,0,60.82,v2_conservative_ranker,53.0,-3.0,1,7.43,4.03,0.0,0.0,54.4,54.4,v3_stability_ranker,price_momentum,1004.0,0.003,0.1218,0.2096,989.0,861.55,0.147,0.0438,pykrx,,,,,,,,,data/raw/price_038530_20260409_20260807.csv,12,True,Top 20 by conservative v2 price signal score,79,False,Broad evaluation pool candidate
250060,2026-08-07,2026-08-07,2026-08-07,2026-08-07,WATCHLIST,neutral_positive,60.08,60.08,60.08,79.74,76.74,3,65.02,-2.0,2,5.94,0.0,0.0,0.0,0.0,0,1,60.08,v2_conservative_ranker,53.0,-3.0,1,9.57,1.43,0.72,0.0,58.42,58.42,v3_stability_ranker,price_momentum,2815.0,-0.0053,0.1351,0.1149,2747.0,2570.75,0.4057,0.0495,unknown,모비스,모비스,supply_contract,,,,,,data/raw/price_250060_20260708_20260807.csv,13,True,Top 20 by conservative v2 price signal score,49,False,Broad evaluation pool candidate
282720,2026-08-07,2026-08-07,2026-08-07,2026-08-07,HOLD,neutral,59.76,59.76,59.76,79.71,79.71,0,67.0,-2.0,2,7.22,0.0,0.02,0.0,0.0,0,0,59.76,v2_conservative_ranker,53.0,-3.0,1,4.97,0.82,2.43,0.0,52.72,52.72,v3_stability_ranker,price_momentum,7900.0,-0.0174,0.1286,0.2043,7770.0,7083.5,0.479,0.0602,pykrx,,,,,,,,,data/raw/price_282720_20260409_20260807.csv,14,True,Top 20 by conservative v2 price signal score,93,False,Broad evaluation pool candidate
0126Z0,2026-08-07,2026-08-07,2026-08-07,2026-08-07,HOLD,neutral,59.76,59.76,59.76,69.93,69.93,0,64.1,-2.0,2,4.34,0.0,0.0,0.0,0.0,0,0,59.76,v2_conservative_ranker,57.0,-3.0,1,11.57,0.0,0.0,0.0,66.57,66.57,v3_stability_ranker,price_momentum,404000.0,0.005,0.0773,0.0963,390100.0,381250.0,0.1671,0.0362,pykrx,,,,,,,,,data/raw/price_0126Z0_20260409_20260807.csv,15,True,Top 20 by conservative v2 price signal score,16,True,Experimental Top 20 by stability-first v3 score
107640,2026-08-07,2026-08-07,2026-08-07,2026-08-07,HOLD,neutral,59.74,59.74,59.74,81.43,81.43,0,66.32,0.0,2,7.58,0.67,0.32,0.0,0.0,0,0,59.74,v2_conservative_ranker,47.01,2.0,1,4.52,6.77,2.91,0.0,44.85,44.85,v3_stability_ranker,price_momentum,33750.0,0.0105,0.1884,0.1519,32400.0,30047.5,0.8585,0.0632,pykrx,,,,,,,,,data/raw/price_107640_20260409_20260807.csv,16,True,Top 20 by conservative v2 price signal score,138,False,Broad evaluation pool candidate
340360,2026-08-07,2026-08-07,2026-08-07,2026-08-07,HOLD,neutral,59.64,59.64,59.64,96.24,96.24,0,75.0,-2.0,2,7.6,7.43,0.33,0.0,0.0,0,0,59.64,v2_conservative_ranker,31.93,-3.0,1,4.51,20.2,2.93,0.0,11.3,11.3,v3_stability_ranker,strong_price_momentum,927.0,0.0232,0.2039,0.4691,868.2,804.2,0.2624,0.0633,pykrx,,,,,,,,,data/raw/price_340360_20260409_20260807.csv,17,True,Top 20 by conservative v2 price signal score,223,False,Broad evaluation pool candidate
055550,2026-08-07,2026-08-07,2026-08-07,2026-08-07,HOLD,neutral,59.55,59.55,59.55,71.01,71.01,0,62.47,-2.0,2,2.92,0.0,0.0,0.0,0.0,0,0,59.55,v2_conservative_ranker,57.0,-3.0,1,13.36,0.0,0.0,0.0,68.36,68.36,v3_stability_ranker,price_momentum,109400.0,0.0186,0.0864,0.0419,105080.0,104490.0,0.4513,0.0243,pykrx,,,,,,,,,data/raw/price_055550_20260409_20260807.csv,18,True,Top 20 by conservative v2 price signal score,8,True,Experimental Top 20 by stability-first v3 score
028100,2026-08-07,2026-08-07,2026-08-07,2026-08-07,HOLD,neutral,59.45,59.45,59.45,83.2,83.2,0,68.55,-2.0,2,4.1,0.0,0.0,6.0,0.0,0,1,59.45,v2_conservative_ranker,57.0,-3.0,1,8.87,0.0,0.0,9.0,54.87,54.87,v3_stability_ranker,strong_price_momentum,17910.0,-0.0072,0.0293,0.1321,17748.0,16185.0,0.1801,0.0342,pykrx,,,,,,6,2,2,data/raw/price_028100_20260409_20260807.csv,19,True,Top 20 by conservative v2 price signal score,76,False,Broad evaluation pool candidate
460940,2026-08-07,2026-08-07,2026-08-07,2026-08-07,HOLD,neutral,59.34,59.34,59.34,84.24,84.24,0,67.0,0.0,3,8.29,1.46,0.91,0.0,0.0,0,0,59.34,v2_conservative_ranker,39.03,2.0,6,-0.36,10.17,3.86,0.0,32.63,32.63,v3_stability_ranker,price_momentum,5190.0,-0.0682,0.1876,0.2783,5060.0,4458.25,1.0256,0.0691,pykrx,,,,,,,,,data/raw/price_460940_20260409_20260807.csv,20,True,Top 20 by conservative v2 price signal score,179,False,Broad evaluation pool candidate
018260,2026-08-07,2026-08-07,2026-08-07,2026-08-07,HOLD,neutral,59.16,59.16,59.16,76.82,76.82,0,67.0,-2.0,2,5.84,0.0,0.0,3.0,0.0,0,1,59.16,v2_conservative_ranker,57.0,-3.0,1,9.7,0.0,0.59,4.5,59.6,59.6,v3_stability_ranker,price_momentum,224500.0,-0.0344,0.0898,0.1922,222000.0,205610.0,0.5169,0.0487,pykrx,,,,,,3,1,1,data/raw/price_018260_20260409_20260807.csv,21,False,Broad evaluation pool candidate,47,False,Broad evaluation pool candidate
253450,2026-08-07,2026-08-07,2026-08-07,2026-08-07,HOLD,neutral,59.15,59.15,59.15,82.02,82.02,0,65.56,0.0,2,4.87,0.54,0.0,3.0,0.0,0,0,59.15,v2_conservative_ranker,53.0,2.0,1,7.91,5.55,0.0,4.5,53.86,53.86,v3_stability_ranker,price_momentum,24700.0,0.0082,0.1435,0.1304,23130.0,21310.5,0.8679,0.0406,pykrx,,,,,,3,1,1,data/raw/price_253450_20260409_20260807.csv,22,False,Broad evaluation pool candidate,85,False,Broad evaluation pool candidate
000950,2026-08-07,2026-08-07,2026-08-07,2026-08-07,HOLD,neutral,58.86,58.86,58.86,76.41,76.41,0,66.84,-2.0,2,4.98,0.0,0.0,3.0,0.0,0,0,58.86,v2_conservative_ranker,53.0,-3.0,1,7.77,0.0,0.0,4.5,54.27,54.27,v3_stability_ranker,price_momentum,30400.0,-0.0209,0.1075,0.167,30100.0,27490.0,0.2433,0.0415,pykrx,,,,,,3,1,1,data/raw/price_000950_20260409_20260807.csv,23,False,Broad evaluation pool candidate,82,False,Broad evaluation pool candidate
100840,2026-08-07,2026-08-07,2026-08-07,2026-08-07,HOLD,neutral,58.74,58.74,58.74,73.05,73.05,0,65.92,-2.0,2,7.18,0.0,0.0,0.0,0.0,0,0,58.74,v2_conservative_ranker,53.0,-3.0,1,8.03,0.0,2.37,0.0,56.66,56.66,v3_stability_ranker,price_momentum,27600.0,-0.0108,0.1084,0.1405,27580.0,25645.0,0.1937,0.0598,pykrx,,,,,,,,,data/raw/price_100840_20260409_20260807.csv,24,False,Broad evaluation pool candidate,62,False,Broad evaluation pool candidate
039200,2026-08-07,2026-08-07,2026-08-07,2026-08-07,HOLD,neutral,58.41,58.41,58.41,75.38,75.38,0,64.31,-2.0,2,5.9,0.0,0.0,0.0,0.0,0,0,58.41,v2_conservative_ranker,53.0,-3.0,1,6.62,1.56,0.67,0.0,55.39,55.39,v3_stability_ranker,price_momentum,34150.0,-0.0339,0.1364,0.0946,33710.0,30977.5,0.3211,0.0492,pykrx,,,,,,,,,data/raw/price_039200_20260409_20260807.csv,25,False,Broad evaluation pool candidate,68,False,Broad evaluation pool candidate
297890,2026-08-07,2026-08-07,2026-08-07,2026-08-07,HOLD,neutral,58.37,58.37,58.37,71.38,71.38,0,63.08,0.0,2,6.71,0.0,0.0,0.0,0.0,0,0,58.37,v2_conservative_ranker,57.0,2.0,6,8.62,0.0,1.74,0.0,71.87,71.87,v3_stability_ranker,price_momentum,1719.0,-0.0315,0.0757,0.0717,1752.6,1651.55,0.9687,0.0559,pykrx,,,,,,,,,data/raw/price_297890_20260409_20260807.csv,26,False,Broad evaluation pool candidate,1,True,Experimental Top 20 by stability-first v3 score
020560,2026-08-07,2026-08-07,2026-08-07,2026-08-07,HOLD,neutral,58.33,58.33,58.33,81.03,81.03,0,67.1,-2.0,2,2.77,0.0,0.0,6.0,0.0,0,0,58.33,v2_conservative_ranker,57.0,-3.0,1,13.54,0.0,0.0,12.2,56.33,56.33,v3_stability_ranker,strong_price_momentum,7320.0,-0.0095,0.0517,0.0266,7198.0,7002.0,0.1406,0.0231,pykrx,,,,,,8,4,2,data/raw/price_020560_20260409_20260807.csv,27,False,Broad evaluation pool candidate,64,False,Broad evaluation pool candidate
071200,2026-08-07,2026-08-07,2026-08-07,2026-08-07,HOLD,neutral,58.14,58.14,58.14,80.96,80.96,0,67.0,-2.0,2,5.86,3.01,0.0,0.0,0.0,0,0,58.14,v2_conservative_ranker,38.84,-3.0,1,6.68,9.27,0.61,0.0,33.63,33.63,v3_stability_ranker,price_momentum,9680.0,-0.0112,0.2176,0.2238,9394.0,8663.0,0.1407,0.0488,pykrx,,,,,,,,,data/raw/price_071200_20260409_20260807.csv,28,False,Broad evaluation pool candidate,177,False,Broad evaluation pool candidate
114450,2026-08-07,2026-08-07,2026-08-07,2026-08-07,HOLD,neutral,58.08,58.08,58.08,70.42,70.42,0,63.0,-2.0,2,4.92,0.0,0.0,0.0,0.0,0,0,58.08,v2_conservative_ranker,49.55,-3.0,1,6.85,0.0,0.0,0.0,54.4,54.4,v3_stability_ranker,price_momentum,2210.0,-0.0433,0.04,0.2614,2269.0,2089.3,0.0871,0.041,pykrx,,,,,,,,,data/raw/price_114450_20260409_20260807.csv,29,False,Broad evaluation pool candidate,80,False,Broad evaluation pool candidate
004380,2026-08-07,2026-08-07,2026-08-07,2026-08-07,HOLD,neutral,58.03,58.03,58.03,68.4,68.4,0,63.37,-2.0,2,5.34,0.0,0.0,0.0,0.0,0,0,58.03,v2_conservative_ranker,57.0,-3.0,1,10.32,0.0,0.0,0.0,65.33,65.33,v3_stability_ranker,price_momentum,8460.0,-0.0242,0.0736,0.086,8438.0,7953.0,0.1985,0.0445,pykrx,,,,,,,,,data/raw/price_004380_20260409_20260807.csv,30,False,Broad evaluation pool candidate,20,True,Experimental Top 20 by stability-first v3 score
112610,2026-08-07,2026-08-07,2026-08-07,2026-08-07,HOLD,neutral,57.79,57.79,57.79,75.45,75.45,0,63.5,-2.0,2,5.71,0.0,0.0,0.0,0.0,0,0,57.79,v2_conservative_ranker,53.0,-3.0,1,9.86,0.57,0.42,0.0,59.87,59.87,v3_stability_ranker,price_momentum,42000.0,-0.0059,0.126,0.0714,40690.0,39760.0,0.6738,0.0476,pykrx,,,,,,,,,data/raw/price_112610_20260409_20260807.csv,31,False,Broad evaluation pool candidate,41,False,Broad evaluation pool candidate
009460,2026-08-07,2026-08-07,2026-08-07,2026-08-07,HOLD,neutral,57.58,57.58,57.58,72.09,72.09,0,61.64,-2.0,2,4.06,0.0,0.0,0.0,0.0,0,0,57.58,v2_conservative_ranker,57.0,-3.0,1,11.93,0.0,0.0,0.0,66.93,66.93,v3_stability_ranker,price_momentum,3105.0,-0.0127,0.0264,0.2012,3137.0,2888.5,0.4721,0.0338,pykrx,,,,,,,,,data/raw/price_009460_20260409_20260807.csv,32,False,Broad evaluation pool candidate,12,True,Experimental Top 20 by stability-first v3 score
115530,2026-08-07,2026-08-07,2026-08-07,2026-08-07,HOLD,neutral,57.54,57.54,57.54,76.6,76.6,0,67.0,-2.0,2,7.44,1.82,0.2,0.0,0.0,0,0,57.54,v2_conservative_ranker,42.75,-3.0,1,0.7,8.2,2.72,0.0,30.53,30.53,v3_stability_ranker,price_momentum,2330.0,-0.049,0.1148,0.3414,2334.0,1974.05,0.2201,0.062,pykrx,,,,,,,,,data/raw/price_115530_20260409_20260807.csv,33,False,Broad evaluation pool candidate,187,False,Broad evaluation pool candidate
115480,2026-08-07,2026-08-07,2026-08-07,2026-08-07,HOLD,neutral,57.54,57.54,57.54,66.3,66.3,0,59.83,-2.0,2,2.29,0.0,0.0,0.0,0.0,0,0,57.54,v2_conservative_ranker,57.0,-3.0,1,14.13,0.0,0.0,0.0,69.14,69.14,v3_stability_ranker,price_momentum,1878.0,0.0016,0.0533,0.0428,1852.8,1785.85,0.1227,0.0191,pykrx,,,,,,,,,data/raw/price_115480_20260409_20260807.csv,34,False,Broad evaluation pool candidate,4,True,Experimental Top 20 by stability-first v3 score
337840,2026-08-07,2026-08-07,2026-08-07,2026-08-07,HOLD,neutral,57.45,57.45,57.45,65.53,65.53,0,61.53,-2.0,2,4.08,0.0,0.0,0.0,0.0,0,0,57.45,v2_conservative_ranker,57.0,-3.0,1,11.9,0.0,0.0,0.0,66.9,66.9,v3_stability_ranker,price_momentum,6350.0,-0.0063,0.0763,0.0258,6272.0,6226.5,0.001,0.034,pykrx,,,,,,,,,data/raw/price_337840_20260409_20260807.csv,35,False,Broad evaluation pool candidate,13,True,Experimental Top 20 by stability-first v3 score
229000,2026-08-07,2026-08-07,2026-08-07,2026-08-07,HOLD,neutral,57.14,57.14,57.14,68.91,68.91,0,62.85,-2.0,2,5.71,0.0,0.0,0.0,0.0,0,0,57.14,v2_conservative_ranker,57.0,-3.0,1,9.86,0.0,0.42,0.0,64.44,64.44,v3_stability_ranker,price_momentum,1672.0,0.0164,0.0978,0.0529,1648.4,1576.4,0.2069,0.0476,pykrx,,,,,,,,,data/raw/price_229000_20260409_20260807.csv,36,False,Broad evaluation pool candidate,23,False,Broad evaluation pool candidate
025980,2026-08-07,2026-08-07,2026-08-07,2026-08-07,HOLD,neutral,56.92,56.92,56.92,67.02,67.02,0,61.06,-2.0,2,4.14,0.0,0.0,0.0,0.0,0,0,56.92,v2_conservative_ranker,57.0,-3.0,1,11.82,0.0,0.0,0.0,66.83,66.83,v3_stability_ranker,price_momentum,3835.0,-0.0154,0.0712,0.0268,3800.0,3708.0,0.3352,0.0345,pykrx,,,,,,,,,data/raw/price_025980_20260409_20260807.csv,37,False,Broad evaluation pool candidate,15,True,Experimental Top 20 by stability-first v3 score
019570,2026-08-07,2026-08-07,2026-08-07,2026-08-07,HOLD,neutral,56.92,56.92,56.92,66.13,66.13,0,59.14,-2.0,2,2.22,0.0,0.0,0.0,0.0,0,0,56.92,v2_conservative_ranker,51.0,-3.0,1,14.22,0.0,0.0,0.0,63.23,63.23,v3_stability_ranker,price_momentum,2440.0,-0.0061,0.0563,0.0146,2425.0,2405.25,0.2708,0.0185,pykrx,,,,,,,,,data/raw/price_019570_20260409_20260807.csv,38,False,Broad evaluation pool candidate,26,False,Broad evaluation pool candidate
114190,2026-08-07,2026-08-07,2026-08-07,2026-08-07,HOLD,neutral,56.82,56.82,56.82,94.52,94.52,0,64.84,0.0,3,7.5,0.26,3.26,0.0,0.0,0,0,56.82,v2_conservative_ranker,41.37,-4.11,4,3.62,9.46,17.22,0.0,18.19,18.19,v3_stability_ranker,price_momentum,8650.0,0.0653,0.1833,-0.0046,8048.0,7969.5,3.8678,0.0625,pykrx,,,,,,,,,data/raw/price_114190_20260409_20260807.csv,39,False,Broad evaluation pool candidate,214,False,Broad evaluation pool candidate
083640,2026-08-07,2026-08-07,2026-08-07,2026-08-07,HOLD,neutral,56.8,56.8,56.8,69.25,69.25,0,62.6,-2.0,2,5.8,0.0,0.0,0.0,0.0,0,0,56.8,v2_conservative_ranker,53.0,-3.0,1,9.75,0.0,0.53,0.0,60.23,60.23,v3_stability_ranker,price_momentum,1167.0,-0.0307,0.1009,0.0457,1173.6,1139.0,0.2844,0.0483,pykrx,,,,,,,,,data/raw/price_083640_20260409_20260807.csv,40,False,Broad evaluation pool candidate,38,False,Broad evaluation pool candidate
141000,2026-08-07,2026-08-07,2026-08-07,2026-08-07,HOLD,neutral,56.77,56.77,56.77,68.8,68.8,0,62.49,-2.0,2,5.72,0.0,0.0,0.0,0.0,0,0,56.77,v2_conservative_ranker,53.0,-3.0,1,9.84,0.0,0.43,0.0,60.41,60.41,v3_stability_ranker,price_momentum,8550.0,0.0,0.1032,0.0427,8444.0,8068.0,0.1862,0.0477,pykrx,,,,,,,,,data/raw/price_141000_20260409_20260807.csv,41,False,Broad evaluation pool candidate,36,False,Broad evaluation pool candidate
082270,2026-08-07,2026-08-07,2026-08-07,2026-08-07,HOLD,neutral,56.76,56.76,56.76,73.03,73.03,0,62.98,-2.0,2,6.23,0.0,0.0,0.0,0.0,0,0,56.76,v2_conservative_ranker,53.0,-3.0,1,9.21,1.48,1.1,0.0,57.63,57.63,v3_stability_ranker,price_momentum,11560.0,-0.0318,0.1356,0.0567,11674.0,10527.5,0.3035,0.0519,pykrx,,,,,,,,,data/raw/price_082270_20260409_20260807.csv,42,False,Broad evaluation pool candidate,58,False,Broad evaluation pool candidate
045390,2026-08-07,2026-08-07,2026-08-07,2026-08-07,HOLD,neutral,56.76,56.76,56.76,67.33,67.33,0,61.55,-2.0,2,4.79,0.0,0.0,0.0,0.0,0,0,56.76,v2_conservative_ranker,51.0,-3.0,1,11.02,0.0,0.0,0.0,60.02,60.02,v3_stability_ranker,price_momentum,2580.0,-0.0134,0.0818,0.0157,2557.0,2487.25,0.3927,0.0399,pykrx,,,,,,,,,data/raw/price_045390_20260409_20260807.csv,43,False,Broad evaluation pool candidate,40,False,Broad evaluation pool candidate
006060,2026-08-07,2026-08-07,2026-08-07,2026-08-07,HOLD,neutral,56.72,56.72,56.72,66.91,66.91,0,58.75,-2.0,2,2.03,0.0,0.0,0.0,0.0,0,0,56.72,v2_conservative_ranker,57.0,-3.0,1,14.46,0.0,0.0,0.0,69.47,69.47,v3_stability_ranker,price_momentum,2515.0,-0.002,0.0329,0.0702,2507.0,2441.25,0.3,0.0169,pykrx,,,,,,,,,data/raw/price_006060_20260409_20260807.csv,44,False,Broad evaluation pool candidate,3,True,Experimental Top 20 by stability-first v3 score
475580,2026-08-07,2026-08-07,2026-08-07,2026-08-07,HOLD,neutral,56.69,56.69,56.69,72.67,72.67,0,62.11,-2.0,2,5.42,0.0,0.0,0.0,0.0,0,0,56.69,v2_conservative_ranker,53.0,-3.0,1,10.22,0.36,0.03,0.0,60.83,60.83,v3_stability_ranker,price_momentum,7170.0,-0.0337,0.1238,0.0317,7072.0,6846.0,0.5375,0.0452,pykrx,,,,,,,,,data/raw/price_475580_20260409_20260807.csv,45,False,Broad evaluation pool candidate,33,False,Broad evaluation pool candidate
053580,2026-08-07,2026-08-07,2026-08-07,2026-08-07,HOLD,neutral,56.69,56.69,56.69,75.08,75.08,0,66.37,-2.0,2,3.67,0.0,0.0,6.0,0.0,0,0,56.69,v2_conservative_ranker,57.0,-3.0,1,12.41,0.0,0.0,9.0,58.41,58.41,v3_stability_ranker,price_momentum,6920.0,0.0029,0.0915,0.1533,6778.0,6385.5,0.2206,0.0306,pykrx,,,,,,6,2,2,data/raw/price_053580_20260409_20260807.csv,46,False,Broad evaluation pool candidate,50,False,Broad evaluation pool candidate
403550,2026-08-07,2026-08-07,2026-08-07,2026-08-07,HOLD,neutral,56.59,56.59,56.59,65.4,65.4,0,59.93,-2.0,2,3.34,0.0,0.0,0.0,0.0,0,0,56.59,v2_conservative_ranker,51.0,-3.0,1,12.83,0.0,0.0,0.0,61.83,61.83,v3_stability_ranker,price_momentum,10380.0,-0.0067,0.0624,0.0196,10346.0,9919.5,0.1602,0.0278,pykrx,,,,,,,,,data/raw/price_403550_20260409_20260807.csv,47,False,Broad evaluation pool candidate,31,False,Broad evaluation pool candidate
130660,2026-08-07,2026-08-07,2026-08-07,2026-08-07,HOLD,neutral,56.5,56.5,56.5,68.82,68.82,0,62.85,-2.0,2,6.35,0.0,0.0,0.0,0.0,0,0,56.5,v2_conservative_ranker,57.0,-3.0,1,9.06,0.0,1.26,0.0,62.8,62.8,v3_stability_ranker,price_momentum,11340.0,-0.0105,0.0999,0.0529,11160.0,10684.0,0.2457,0.0529,pykrx,,,,,,,,,data/raw/price_130660_20260409_20260807.csv,48,False,Broad evaluation pool candidate,28,False,Broad evaluation pool candidate
185750,2026-08-07,2026-08-07,2026-08-07,2026-08-07,HOLD,neutral,56.24,56.24,56.24,67.54,67.54,0,58.53,-2.0,2,2.29,0.0,0.0,0.0,0.0,0,0,56.24,v2_conservative_ranker,51.0,-3.0,1,14.13,0.0,0.0,0.0,63.13,63.13,v3_stability_ranker,price_momentum,70400.0,0.0233,0.0523,0.0086,68100.0,67750.0,0.632,0.0191,pykrx,,,,,,,,,data/raw/price_185750_20260409_20260807.csv,49,False,Broad evaluation pool candidate,27,False,Broad evaluation pool candidate
064400,2026-08-07,2026-08-07,2026-08-07,2026-08-07,HOLD,neutral,56.12,56.12,56.12,74.78,74.78,0,62.42,-2.0,2,6.3,0.0,0.0,0.0,0.0,0,0,56.12,v2_conservative_ranker,53.0,-3.0,1,9.12,2.89,1.2,0.0,56.04,56.04,v3_stability_ranker,price_momentum,71900.0,-0.0028,0.1504,0.0405,69580.0,65930.0,0.5005,0.0525,pykrx,,,,,,,,,data/raw/price_064400_20260409_20260807.csv,50,False,Broad evaluation pool candidate,65,False,Broad evaluation pool candidate
006730,2026-08-07,2026-08-07,2026-08-07,2026-08-07,HOLD,neutral,56.11,56.11,56.11,69.37,69.37,0,62.12,-2.0,2,4.01,0.0,0.0,3.0,0.0,0,1,56.11,v2_conservative_ranker,57.0,-3.0,1,11.99,0.0,0.0,4.5,62.49,62.49,v3_stability_ranker,price_momentum,10630.0,-0.0121,0.0936,0.032,10382.0,10064.5,0.2916,0.0334,pykrx,,,,,,3,1,1,data/raw/price_006730_20260409_20260807.csv,51,False,Broad evaluation pool candidate,30,False,Broad evaluation pool candidate
080420,2026-08-07,2026-08-07,2026-08-07,2026-08-07,HOLD,neutral,55.92,55.92,55.92,82.07,82.07,0,67.0,-2.0,2,4.75,6.33,0.0,0.0,0.0,0,0,55.92,v2_conservative_ranker,37.26,-3.0,1,8.06,16.39,0.0,0.0,26.93,26.93,v3_stability_ranker,price_momentum,1730.0,-0.0243,0.2252,0.2536,1674.8,1447.4,0.1717,0.0396,pykrx,,,,,,,,,data/raw/price_080420_20260409_20260807.csv,52,False,Broad evaluation pool candidate,196,False,Broad evaluation pool candidate
008470,2026-08-07,2026-08-07,2026-08-07,2026-08-07,HOLD,neutral,55.71,55.71,55.71,66.73,66.73,0,59.68,-2.0,2,3.97,0.0,0.0,0.0,0.0,0,0,55.71,v2_conservative_ranker,57.0,-3.0,1,9.04,0.0,0.0,0.0,64.03,64.03,v3_stability_ranker,price_momentum,2005.0,-0.0099,0.0405,0.0751,2051.0,1820.3,0.3724,0.0331,pykrx,,,,,,,,,data/raw/price_008470_20260409_20260807.csv,53,False,Broad evaluation pool candidate,24,False,Broad evaluation pool candidate
003100,2026-08-07,2026-08-07,2026-08-07,2026-08-07,HOLD,neutral,55.68,55.68,55.68,64.22,64.22,0,58.4,-2.0,2,2.72,0.0,0.0,0.0,0.0,0,0,55.68,v2_conservative_ranker,57.0,-3.0,1,13.59,0.0,0.0,0.0,68.59,68.59,v3_stability_ranker,price_momentum,19930.0,-0.0035,0.0326,0.0612,19908.0,19659.0,0.0291,0.0227,pykrx,,,,,,,,,data/raw/price_003100_20260409_20260807.csv,54,False,Broad evaluation pool candidate,7,True,Experimental Top 20 by stability-first v3 score
040910,2026-08-07,2026-08-07,2026-08-07,2026-08-07,HOLD,neutral,55.63,55.63,55.63,65.08,65.08,0,59.64,-2.0,2,4.01,0.0,0.0,0.0,0.0,0,0,55.63,v2_conservative_ranker,57.0,-3.0,1,11.99,0.0,0.0,0.0,66.99,66.99,v3_stability_ranker,price_momentum,4180.0,0.006,0.0334,0.0942,4180.0,4016.5,0.0617,0.0334,pykrx,,,,,,,,,data/raw/price_040910_20260409_20260807.csv,55,False,Broad evaluation pool candidate,11,True,Experimental Top 20 by stability-first v3 score
032800,2026-08-07,2026-08-07,2026-08-07,2026-08-07,HOLD,neutral,55.62,55.62,55.62,64.53,64.53,0,60.51,-2.0,2,4.88,0.0,0.0,0.0,0.0,0,0,55.62,v2_conservative_ranker,57.0,-3.0,1,10.89,0.0,0.0,0.0,65.89,65.89,v3_stability_ranker,price_momentum,1588.0,0.0032,0.0587,0.0468,1598.0,1539.3,0.0643,0.0407,pykrx,,,,,,,,,data/raw/price_032800_20260409_20260807.csv,56,False,Broad evaluation pool candidate,18,True,Experimental Top 20 by stability-first v3 score
332290,2026-08-07,2026-08-07,2026-08-07,2026-08-07,HOLD,neutral,55.54,55.54,55.54,78.91,78.91,0,67.0,-2.0,2,5.75,1.71,0.0,4.0,0.0,0,0,55.54,v2_conservative_ranker,43.98,-3.0,1,2.82,6.3,0.46,6.1,31.93,31.93,v3_stability_ranker,price_momentum,985.0,-0.0418,0.118,0.3064,945.2,835.75,0.3174,0.0479,pykrx,,,,,,4,2,1,data/raw/price_332290_20260409_20260807.csv,57,False,Broad evaluation pool candidate,180,False,Broad evaluation pool candidate
255220,2026-08-07,2026-08-07,2026-08-07,2026-08-07,HOLD,neutral,55.38,55.38,55.38,71.4,71.4,0,60.98,-2.0,2,5.59,0.0,0.0,0.0,0.0,0,0,55.38,v2_conservative_ranker,41.85,-3.0,1,7.01,5.36,0.26,0.0,41.25,41.25,v3_stability_ranker,price_momentum,1394.0,0.0123,0.1764,-0.0007,1340.0,1260.0,0.1831,0.0466,pykrx,,,,,,,,,data/raw/price_255220_20260409_20260807.csv,58,False,Broad evaluation pool candidate,154,False,Broad evaluation pool candidate
013720,2026-08-07,2026-08-07,2026-08-07,2026-08-07,HOLD,neutral,55.35,55.35,55.35,70.7,70.7,0,63.08,-2.0,2,7.49,0.0,0.24,0.0,0.0,0,0,55.35,v2_conservative_ranker,53.0,-3.0,1,3.64,0.0,2.78,0.0,51.86,51.86,v3_stability_ranker,price_momentum,2225.0,-0.0512,0.1131,0.0595,2241.0,2082.3,0.4418,0.0624,pykrx,,,,,,,,,data/raw/price_013720_20260409_20260807.csv,59,False,Broad evaluation pool candidate,96,False,Broad evaluation pool candidate
248070,2026-08-07,2026-08-07,2026-08-07,2026-08-07,HOLD,neutral,55.35,55.35,55.35,63.77,63.77,0,60.12,-2.0,2,4.76,0.0,0.0,0.0,0.0,0,0,55.35,v2_conservative_ranker,51.0,-3.0,1,11.04,0.0,0.0,0.0,60.05,60.05,v3_stability_ranker,price_momentum,14710.0,-0.0128,0.0856,-0.0252,14466.0,14232.5,0.0735,0.0397,pykrx,,,,,,,,,data/raw/price_248070_20260409_20260807.csv,60,False,Broad evaluation pool candidate,39,False,Broad evaluation pool candidate
004990,2026-08-07,2026-08-07,2026-08-07,2026-08-07,HOLD,neutral,55.25,55.25,55.25,64.7,64.7,0,57.82,-2.0,2,2.57,0.0,0.0,0.0,0.0,0,0,55.25,v2_conservative_ranker,57.0,-3.0,1,13.79,0.0,0.0,0.0,68.79,68.79,v3_stability_ranker,price_momentum,23500.0,0.0021,0.0398,0.024,22970.0,22790.0,0.2767,0.0214,pykrx,,,,,,,,,data/raw/price_004990_20260409_20260807.csv,61,False,Broad evaluation pool candidate,6,True,Experimental Top 20 by stability-first v3 score
005960,2026-08-07,2026-08-07,2026-08-07,2026-08-07,HOLD,neutral,55.24,55.24,55.24,68.28,68.28,0,60.21,-2.0,2,4.97,0.0,0.0,0.0,0.0,0,0,55.24,v2_conservative_ranker,47.0,-3.0,1,10.79,0.3,0.0,0.0,55.49,55.49,v3_stability_ranker,price_momentum,6930.0,0.0,0.1232,-0.0226,6672.0,6578.0,0.2045,0.0414,pykrx,,,,,,,,,data/raw/price_005960_20260409_20260807.csv,62,False,Broad evaluation pool candidate,67,False,Broad evaluation pool candidate
017670,2026-08-07,2026-08-07,2026-08-07,2026-08-07,HOLD,neutral,55.23,55.23,55.23,67.69,67.69,0,62.33,-2.0,2,7.1,0.0,0.0,0.0,0.0,0,0,55.23,v2_conservative_ranker,53.0,-3.0,1,8.12,0.0,2.27,0.0,56.85,56.85,v3_stability_ranker,price_momentum,90000.0,-0.0121,0.1057,0.0381,89500.0,88110.0,0.1898,0.0592,pykrx,,,,,,,,,data/raw/price_017670_20260409_20260807.csv,63,False,Broad evaluation pool candidate,61,False,Broad evaluation pool candidate
419540,2026-08-07,2026-08-07,2026-08-07,2026-08-07,HOLD,neutral,55.2,55.2,55.2,70.59,70.59,0,61.23,-2.0,2,6.02,0.0,0.0,0.0,0.0,0,0,55.2,v2_conservative_ranker,47.0,-3.0,1,9.47,3.58,0.83,0.0,50.06,50.06,v3_stability_ranker,price_momentum,3120.0,0.0146,0.1577,0.0065,3013.0,2923.0,0.0483,0.0502,pykrx,,,,,,,,,data/raw/price_419540_20260409_20260807.csv,64,False,Broad evaluation pool candidate,101,False,Broad evaluation pool candidate
137400,2026-08-07,2026-08-07,2026-08-07,2026-08-07,HOLD,neutral,55.16,55.16,55.16,68.7,68.7,0,61.75,-2.0,2,6.59,0.0,0.0,0.0,0.0,0,0,55.16,v2_conservative_ranker,53.0,-3.0,1,8.77,0.0,1.58,0.0,58.18,58.18,v3_stability_ranker,price_momentum,31200.0,-0.0173,0.1025,0.0213,30840.0,29370.0,0.4794,0.0549,pykrx,,,,,,,,,data/raw/price_137400_20260409_20260807.csv,65,False,Broad evaluation pool candidate,52,False,Broad evaluation pool candidate
084870,2026-08-07,2026-08-07,2026-08-07,2026-08-07,HOLD,neutral,54.71,54.71,54.71,72.96,72.96,0,63.58,-2.0,2,3.88,0.0,0.0,6.0,0.0,0,1,54.71,v2_conservative_ranker,57.0,-3.0,1,12.15,0.0,0.0,9.0,58.16,58.16,v3_stability_ranker,price_momentum,2145.0,0.0239,0.0567,0.1404,2058.0,1962.6,0.5833,0.0323,pykrx,,,,,,6,2,2,data/raw/price_084870_20260409_20260807.csv,66,False,Broad evaluation pool candidate,53,False,Broad evaluation pool candidate
000720,2026-08-07,2026-08-07,2026-08-07,2026-08-07,HOLD,neutral,54.63,54.63,54.63,72.78,72.78,0,64.01,-2.0,2,8.39,0.0,0.99,0.0,0.0,0,0,54.63,v2_conservative_ranker,53.0,-3.0,1,2.51,1.45,3.98,0.0,48.08,48.08,v3_stability_ranker,price_momentum,107400.0,-0.0462,0.1353,0.0859,105440.0,99580.0,0.3234,0.0699,pykrx,,,,,,,,,data/raw/price_000720_20260409_20260807.csv,67,False,Broad evaluation pool candidate,124,False,Broad evaluation pool candidate
013520,2026-08-07,2026-08-07,2026-08-07,2026-08-07,HOLD,neutral,54.14,54.14,54.14,63.24,63.24,0,58.26,-2.0,2,4.12,0.0,0.0,0.0,0.0,0,0,54.14,v2_conservative_ranker,57.0,-3.0,1,11.86,0.0,0.0,0.0,66.86,66.86,v3_stability_ranker,price_momentum,2695.0,-0.0019,0.0426,0.0286,2656.0,2531.5,0.1626,0.0343,pykrx,,,,,,,,,data/raw/price_013520_20260409_20260807.csv,68,False,Broad evaluation pool candidate,14,True,Experimental Top 20 by stability-first v3 score
330730,2026-08-07,2026-08-07,2026-08-07,2026-08-07,HOLD,neutral,54.02,54.02,54.02,69.62,69.62,0,63.9,-2.0,2,3.88,0.0,0.0,6.0,0.0,0,0,54.02,v2_conservative_ranker,57.0,-3.0,1,12.15,0.0,0.0,9.0,58.16,58.16,v3_stability_ranker,price_momentum,4825.0,-0.0143,0.0734,0.1016,4790.0,4539.25,0.0721,0.0323,pykrx,,,,,,6,2,2,data/raw/price_330730_20260409_20260807.csv,69,False,Broad evaluation pool candidate,54,False,Broad evaluation pool candidate
005690,2026-08-07,2026-08-07,2026-08-07,2026-08-07,HOLD,neutral,53.97,53.97,53.97,67.76,64.76,3,60.72,-2.0,2,7.5,0.0,0.25,0.0,0.0,0,1,53.97,v2_conservative_ranker,51.0,-3.0,1,7.62,0.0,2.8,0.0,53.83,53.83,v3_stability_ranker,price_momentum,11060.0,-0.0195,0.0918,-0.0081,11028.0,10745.5,0.3719,0.0625,unknown,파미셀,파미셀,supply_contract,,,,,,data/raw/price_005690_20260708_20260807.csv,70,False,Broad evaluation pool candidate,86,False,Broad evaluation pool candidate
049950,2026-08-07,2026-08-07,2026-08-07,2026-08-07,HOLD,neutral,53.84,53.84,53.84,63.26,63.26,0,59.78,-2.0,2,5.94,0.0,0.0,0.0,0.0,0,0,53.84,v2_conservative_ranker,51.0,-3.0,1,9.57,0.0,0.72,0.0,57.86,57.86,v3_stability_ranker,price_momentum,9830.0,-0.0238,0.0685,-0.002,9876.0,9654.5,0.2431,0.0495,pykrx,,,,,,,,,data/raw/price_049950_20260409_20260807.csv,71,False,Broad evaluation pool candidate,55,False,Broad evaluation pool candidate
200230,2026-08-07,2026-08-07,2026-08-07,2026-08-07,HOLD,neutral,53.81,53.81,53.81,86.53,86.53,0,62.12,0.0,3,6.13,0.0,5.18,0.0,0.0,0,0,53.81,v2_conservative_ranker,57.0,-6.88,4,5.33,1.9,13.64,0.0,43.91,43.91,v3_stability_ranker,price_momentum,2255.0,0.0562,0.0392,0.0344,2174.0,2089.2,4.8558,0.0511,pykrx,,,,,,,,,data/raw/price_200230_20260409_20260807.csv,72,False,Broad evaluation pool candidate,143,False,Broad evaluation pool candidate
144510,2026-08-07,2026-08-07,2026-08-07,2026-08-07,HOLD,neutral,53.65,53.65,53.65,72.31,72.31,0,63.37,-2.0,2,3.72,0.0,0.0,6.0,0.0,0,0,53.65,v2_conservative_ranker,57.0,-3.0,1,12.35,0.0,0.0,9.0,58.35,58.35,v3_stability_ranker,price_momentum,14480.0,-0.0048,0.0838,0.0678,14252.0,13492.0,0.6071,0.031,pykrx,,,,,,6,2,2,data/raw/price_144510_20260409_20260807.csv,73,False,Broad evaluation pool candidate,51,False,Broad evaluation pool candidate
191410,2026-08-07,2026-08-07,2026-08-07,2026-08-07,HOLD,neutral,53.6,53.6,53.6,77.9,77.9,0,67.0,-2.0,2,10.0,0.03,3.37,0.0,0.0,0,0,53.6,v2_conservative_ranker,40.96,-3.0,1,-2.0,7.64,7.79,0.0,21.53,21.53,v3_stability_ranker,price_momentum,1485.0,0.0562,0.1804,0.2375,1378.2,1344.95,0.15,0.0937,pykrx,,,,,,,,,data/raw/price_191410_20260409_20260807.csv,74,False,Broad evaluation pool candidate,205,False,Broad evaluation pool candidate
368970,2026-08-07,2026-08-07,2026-08-07,2026-08-07,HOLD,neutral,53.5,53.5,53.5,61.84,61.84,0,56.79,-2.0,2,3.29,0.0,0.0,0.0,0.0,0,0,53.5,v2_conservative_ranker,57.0,-3.0,1,12.89,0.0,0.0,0.0,67.89,67.89,v3_stability_ranker,price_momentum,2290.0,-0.0022,0.0269,0.0315,2297.0,2247.0,0.0521,0.0274,pykrx,,,,,,,,,data/raw/price_368970_20260409_20260807.csv,75,False,Broad evaluation pool candidate,10,True,Experimental Top 20 by stability-first v3 score
003470,2026-08-07,2026-08-07,2026-08-07,2026-08-07,HOLD,neutral,53.35,53.35,53.35,63.14,63.14,0,58.49,-2.0,2,5.14,0.0,0.0,0.0,0.0,0,0,53.35,v2_conservative_ranker,57.0,-3.0,1,10.58,0.0,0.0,0.0,65.58,65.58,v3_stability_ranker,price_momentum,4550.0,-0.0055,0.0388,0.046,4502.0,4400.75,0.2065,0.0428,pykrx,,,,low_attention,no_risk_noise,,,,data/raw/price_003470_20260409_20260807.csv,76,False,Broad evaluation pool candidate,19,True,Experimental Top 20 by stability-first v3 score
217730,2026-08-07,2026-08-07,2026-08-07,2026-08-07,HOLD,neutral,53.32,53.32,53.32,64.9,64.9,0,59.0,0.0,2,7.46,0.0,0.22,0.0,0.0,0,0,53.32,v2_conservative_ranker,51.0,2.0,1,3.67,0.0,2.75,0.0,54.92,54.92,v3_stability_ranker,price_momentum,2380.0,0.0439,0.0578,0.0063,2251.0,2235.7,0.8378,0.0622,pykrx,,,,,,,,,data/raw/price_217730_20260409_20260807.csv,77,False,Broad evaluation pool candidate,74,False,Broad evaluation pool candidate
011000,2026-08-07,2026-08-07,2026-08-07,2026-08-07,HOLD,neutral,53.0,53.0,53.0,60.0,60.0,0,53.0,0.0,0,0.0,0.0,0.0,0.0,0.0,0,0,53.0,v2_conservative_ranker,43.0,-5.0,0,17.0,0.0,0.0,0.0,55.0,55.0,v3_stability_ranker,price_momentum,2670.0,0.0,0.0,0.0,2670.0,2670.0,0.0,0.0,pykrx,,,,,,,,,data/raw/price_011000_20260409_20260807.csv,78,False,Broad evaluation pool candidate,71,False,Broad evaluation pool candidate
066790,2026-08-07,2026-08-07,2026-08-07,2026-08-07,HOLD,neutral,53.0,53.0,53.0,60.0,60.0,0,53.0,0.0,0,0.0,0.0,0.0,0.0,0.0,0,0,53.0,v2_conservative_ranker,43.0,-5.0,0,17.0,0.0,0.0,0.0,55.0,55.0,v3_stability_ranker,price_momentum,2205.0,0.0,0.0,0.0,2205.0,2205.0,0.0,0.0,pykrx,,,,,,,,,data/raw/price_066790_20260409_20260807.csv,79,False,Broad evaluation pool candidate,72,False,Broad evaluation pool candidate
230360,2026-06-29,2026-06-29,2026-06-29,2026-08-07,HOLD,neutral,52.98,52.98,52.98,59.98,59.98,0,53.0,0.0,0,0.02,0.0,0.0,0.0,0.0,0,0,52.98,v2_conservative_ranker,43.0,-5.0,0,16.97,0.0,0.0,0.0,54.97,54.97,v3_stability_ranker,price_momentum,16000.0,0.0,0.0,0.0,16000.0,16000.5,0.0,0.0002,pykrx,,,,,,,,,data/raw/price_230360_20260409_20260807.csv,80,False,Broad evaluation pool candidate,73,False,Broad evaluation pool candidate
089140,2026-08-07,2026-08-07,2026-08-07,2026-08-07,HOLD,neutral,52.7,52.7,52.7,61.69,61.69,0,57.57,-2.0,2,4.87,0.0,0.0,0.0,0.0,0,0,52.7,v2_conservative_ranker,57.0,-3.0,1,10.91,0.0,0.0,0.0,65.91,65.91,v3_stability_ranker,price_momentum,2220.0,-0.0155,0.0326,0.0374,2245.0,2191.0,0.1031,0.0406,pykrx,,,,,,,,,data/raw/price_089140_20260409_20260807.csv,81,False,Broad evaluation pool candidate,17,True,Experimental Top 20 by stability-first v3 score
007570,2026-08-07,2026-08-07,2026-08-07,2026-08-07,HOLD,neutral,52.69,52.69,52.69,61.61,61.61,0,55.19,-2.0,2,2.5,0.0,0.0,0.0,0.0,0,0,52.69,v2_conservative_ranker,49.0,-3.0,1,13.88,0.0,0.0,0.0,60.88,60.88,v3_stability_ranker,price_momentum,8500.0,0.0035,0.0143,0.0216,8462.0,8267.5,0.1961,0.0208,pykrx,,,,,,,,,data/raw/price_007570_20260409_20260807.csv,82,False,Broad evaluation pool candidate,32,False,Broad evaluation pool candidate
065770,2026-08-07,2026-08-07,2026-08-07,2026-08-07,HOLD,neutral,52.35,52.35,52.35,65.35,65.35,0,59.39,1.41,3,10.0,0.0,4.45,0.0,0.0,0,3,52.35,v2_conservative_ranker,50.5,8.0,6,1.0,1.34,9.52,0.0,54.64,54.64,v3_stability_ranker,neutral,1613.0,0.0529,0.1025,0.0682,1558.6,1616.65,1.2817,0.1045,pykrx,,,,,,,,,data/raw/price_065770_20260409_20260807.csv,83,False,Broad evaluation pool candidate,78,False,Broad evaluation pool candidate
011930,2026-08-07,2026-08-07,2026-08-07,2026-08-07,HOLD,neutral,52.34,52.34,52.34,68.36,68.36,0,60.89,0.0,2,9.02,0.0,1.52,0.0,0.0,0,0,52.34,v2_conservative_ranker,47.0,2.0,1,5.72,0.0,4.83,0.0,50.89,50.89,v3_stability_ranker,price_momentum,15680.0,-0.0194,0.1121,-0.0032,15736.0,15221.5,0.8051,0.0752,pykrx,,,,,,,,,data/raw/price_011930_20260409_20260807.csv,84,False,Broad evaluation pool candidate,98,False,Broad evaluation pool candidate
010140,2026-08-07,2026-08-07,2026-08-07,2026-08-07,HOLD,neutral,52.29,52.29,52.29,62.21,62.21,0,57.79,-2.0,2,5.51,0.0,0.0,0.0,0.0,0,0,52.29,v2_conservative_ranker,57.0,-3.0,1,10.11,0.0,0.14,0.0,64.97,64.97,v3_stability_ranker,price_momentum,22000.0,-0.0045,0.0304,0.0501,21770.0,21682.5,0.2097,0.0459,pykrx,,,,,,,,,data/raw/price_010140_20260409_20260807.csv,85,False,Broad evaluation pool candidate,21,False,Broad evaluation pool candidate
0009K0,2026-08-07,2026-08-07,2026-08-07,2026-08-07,HOLD,neutral,52.13,52.13,52.13,71.06,71.06,0,61.82,-2.0,2,8.46,0.18,1.05,0.0,0.0,0,0,52.13,v2_conservative_ranker,47.44,-3.0,1,3.43,5.92,4.08,0.0,38.87,38.87,v3_stability_ranker,price_momentum,24000.0,-0.0283,0.1823,0.0235,23640.0,21492.0,0.3233,0.0705,pykrx,,,,,,,,,data/raw/price_0009K0_20260409_20260807.csv,86,False,Broad evaluation pool candidate,161,False,Broad evaluation pool candidate
203650,2026-08-07,2026-08-07,2026-08-07,2026-08-07,HOLD,neutral,51.92,51.92,51.92,69.52,69.52,0,58.88,-2.0,2,6.96,0.0,0.0,0.0,0.0,0,0,51.92,v2_conservative_ranker,44.27,-3.0,1,8.3,1.8,2.08,0.0,46.7,46.7,v3_stability_ranker,price_momentum,1968.0,-0.0209,0.1389,-0.0606,1932.2,1911.8,0.7441,0.058,pykrx,,,,,,,,,data/raw/price_203650_20260409_20260807.csv,87,False,Broad evaluation pool candidate,131,False,Broad evaluation pool candidate
475400,2026-08-07,2026-08-07,2026-08-07,2026-08-07,HOLD,neutral,51.86,51.86,51.86,69.56,69.56,0,64.94,-2.0,2,10.0,0.0,3.08,0.0,0.0,0,0,51.86,v2_conservative_ranker,50.87,-3.0,1,-2.0,2.53,7.33,0.0,37.02,37.02,v3_stability_ranker,price_momentum,19800.0,-0.0504,0.0594,0.2237,20490.0,17221.5,0.2708,0.0908,pykrx,,,,,,,,,data/raw/price_475400_20260409_20260807.csv,88,False,Broad evaluation pool candidate,167,False,Broad evaluation pool candidate
431190,2026-08-07,2026-08-07,2026-08-07,2026-08-07,HOLD,neutral,51.83,51.83,51.83,71.83,71.83,0,63.83,-2.0,2,9.82,0.0,2.18,0.0,0.0,0,0,51.83,v2_conservative_ranker,53.0,-3.0,1,1.0,0.72,5.89,0.0,45.39,45.39,v3_stability_ranker,price_momentum,2475.0,-0.0407,0.1276,0.0808,2551.0,2370.0,0.5054,0.0818,pykrx,,,,,,,,,data/raw/price_431190_20260409_20260807.csv,89,False,Broad evaluation pool candidate,136,False,Broad evaluation pool candidate
010780,2026-08-07,2026-08-07,2026-08-07,2026-08-07,HOLD,neutral,51.82,51.82,51.82,60.21,60.21,0,56.08,-2.0,2,4.26,0.0,0.0,0.0,0.0,0,0,51.82,v2_conservative_ranker,48.18,-3.0,1,11.68,0.0,0.0,0.0,57.85,57.85,v3_stability_ranker,price_momentum,18980.0,-0.0252,0.0527,-0.0627,19016.0,18627.0,0.2703,0.0355,pykrx,,,,,,,,,data/raw/price_010780_20260409_20260807.csv,90,False,Broad evaluation pool candidate,56,False,Broad evaluation pool candidate
009810,2026-08-07,2026-08-07,2026-08-07,2026-08-07,HOLD,neutral,51.82,51.82,51.82,61.23,61.23,0,57.35,-2.0,2,5.53,0.0,0.0,0.0,0.0,0,0,51.82,v2_conservative_ranker,49.0,-3.0,1,10.09,0.0,0.18,0.0,56.91,56.91,v3_stability_ranker,price_momentum,1962.0,0.0119,0.0145,0.0828,1937.2,1920.4,0.0424,0.0461,pykrx,,,,,,,,,data/raw/price_009810_20260409_20260807.csv,91,False,Broad evaluation pool candidate,60,False,Broad evaluation pool candidate
086820,2026-08-07,2026-08-07,2026-08-07,2026-08-07,HOLD,neutral,51.67,51.67,51.67,61.83,61.83,0,55.0,-2.0,2,3.34,0.0,0.0,0.0,0.0,0,0,51.67,v2_conservative_ranker,49.0,-3.0,1,12.83,0.0,0.0,0.0,59.83,59.83,v3_stability_ranker,price_momentum,5860.0,-0.0135,0.0051,0.0427,5942.0,5908.5,0.3267,0.0278,pykrx,,,,,,,,,data/raw/price_086820_20260409_20260807.csv,92,False,Broad evaluation pool candidate,42,False,Broad evaluation pool candidate
236810,2026-08-07,2026-08-07,2026-08-07,2026-08-07,HOLD,neutral,51.5,51.5,51.5,76.4,76.4,0,67.0,-2.0,2,8.54,5.83,1.12,0.0,0.0,0,0,51.5,v2_conservative_ranker,40.26,-3.0,1,3.32,14.67,4.19,0.0,22.72,22.72,v3_stability_ranker,price_momentum,1390.0,-0.0314,0.1328,0.4126,1413.6,1158.05,0.0394,0.0712,pykrx,,,,,,,,,data/raw/price_236810_20260409_20260807.csv,93,False,Broad evaluation pool candidate,203,False,Broad evaluation pool candidate
042370,2026-08-07,2026-08-07,2026-08-07,2026-08-07,HOLD,neutral,51.44,51.44,51.44,69.87,73.87,-4,63.43,-2.0,2,7.25,0.0,0.04,0.0,4.7,0,0,51.44,v2_conservative_ranker,53.0,-3.0,1,7.94,1.63,2.46,7.2,47.64,47.64,v3_stability_ranker,price_momentum,8620.0,-0.0182,0.1372,0.0695,8528.0,7947.5,0.4532,0.0604,pykrx,,,,medium_attention,risk_noise_detected,,,,data/raw/price_042370_20260409_20260807.csv,94,False,Broad evaluation pool candidate,125,False,Broad evaluation pool candidate
003070,2026-08-07,2026-08-07,2026-08-07,2026-08-07,HOLD,neutral,51.38,51.38,51.38,55.31,55.31,0,54.48,-2.0,2,3.1,0.0,0.0,0.0,0.0,0,0,51.38,v2_conservative_ranker,48.5,-3.0,1,13.13,0.0,0.0,0.0,59.63,59.63,v3_stability_ranker,neutral,8890.0,0.0011,0.0647,-0.0284,8744.0,8811.0,0.1401,0.0258,pykrx,,,,,,,,,data/raw/price_003070_20260409_20260807.csv,95,False,Broad evaluation pool candidate,46,False,Broad evaluation pool candidate
121440,2026-08-07,2026-08-07,2026-08-07,2026-08-07,HOLD,neutral,51.2,51.2,51.2,58.64,58.64,0,51.48,-2.0,2,0.29,0.0,0.0,0.0,0.0,0,0,51.2,v2_conservative_ranker,43.0,-3.0,1,16.64,0.0,0.0,0.0,57.64,57.64,v3_stability_ranker,price_momentum,6590.0,0.0,-0.012,-0.009,6624.0,6652.5,0.0879,0.0024,pykrx,,,,,,,,,data/raw/price_121440_20260409_20260807.csv,96,False,Broad evaluation pool candidate,57,False,Broad evaluation pool candidate
009540,2026-08-07,2026-08-07,2026-08-07,2026-08-07,HOLD,neutral,51.07,51.07,51.07,68.79,68.79,0,61.6,-2.0,2,5.53,0.0,0.0,6.0,0.0,0,1,51.07,v2_conservative_ranker,57.0,-3.0,1,10.09,0.0,0.18,9.0,55.91,55.91,v3_stability_ranker,price_momentum,394500.0,-0.0138,0.026,0.2046,386600.0,361800.0,0.1334,0.0461,pykrx,,,,,,6,2,2,data/raw/price_009540_20260409_20260807.csv,97,False,Broad evaluation pool candidate,66,False,Broad evaluation pool candidate
059270,2026-08-07,2026-08-07,2026-08-07,2026-08-07,HOLD,neutral,51.06,51.06,51.06,70.93,70.93,0,62.16,-2.0,2,6.1,0.0,0.0,6.0,0.0,0,1,51.06,v2_conservative_ranker,53.0,-3.0,1,9.38,0.49,0.93,9.0,49.96,49.96,v3_stability_ranker,price_momentum,5930.0,0.0017,0.1252,0.0331,5832.0,5458.75,0.3051,0.0508,pykrx,,,,,,6,2,2,data/raw/price_059270_20260409_20260807.csv,98,False,Broad evaluation pool candidate,117,False,Broad evaluation pool candidate
176750,2026-08-07,2026-08-07,2026-08-07,2026-08-07,HOLD,neutral,50.99,50.99,50.99,71.81,71.81,0,64.05,-2.0,2,10.0,0.0,3.06,0.0,0.0,0,0,50.99,v2_conservative_ranker,53.0,-3.0,1,1.0,2.15,7.3,0.0,42.56,42.56,v3_stability_ranker,price_momentum,6490.0,-0.0414,0.1426,0.0871,6582.0,6156.0,0.1984,0.0906,pykrx,,,,,,,,,data/raw/price_176750_20260409_20260807.csv,99,False,Broad evaluation pool candidate,150,False,Broad evaluation pool candidate
290270,2026-08-07,2026-08-07,2026-08-07,2026-08-07,HOLD,neutral,50.47,50.47,50.47,58.98,58.98,0,54.14,-2.0,2,3.67,0.0,0.0,0.0,0.0,0,0,50.47,v2_conservative_ranker,43.0,-3.0,1,12.41,0.0,0.0,0.0,53.41,53.41,v3_stability_ranker,price_momentum,2655.0,-0.0221,0.0114,0.0,2695.0,2644.5,0.1495,0.0306,pykrx,,,,,,,,,data/raw/price_290270_20260409_20260807.csv,100,False,Broad evaluation pool candidate,90,False,Broad evaluation pool candidate
351320,2026-08-07,2026-08-07,2026-08-07,2026-08-07,HOLD,neutral,50.39,50.39,50.39,55.41,55.41,0,54.66,-2.0,2,4.27,0.0,0.0,0.0,0.0,0,0,50.39,v2_conservative_ranker,45.49,-3.0,1,11.66,0.0,0.0,0.0,55.15,55.15,v3_stability_ranker,neutral,934.0,-0.0261,0.0962,-0.0669,941.4,960.45,0.1161,0.0356,pykrx,,,,,,,,,data/raw/price_351320_20260409_20260807.csv,101,False,Broad evaluation pool candidate,69,False,Broad evaluation pool candidate
329180,2026-08-07,2026-08-07,2026-08-07,2026-08-07,HOLD,neutral,50.15,50.15,50.15,59.08,59.08,0,55.22,-2.0,2,5.06,0.0,0.0,0.0,0.0,0,0,50.15,v2_conservative_ranker,51.0,-3.0,1,10.67,0.0,0.0,0.0,59.67,59.67,v3_stability_ranker,price_momentum,495500.0,-0.0227,0.0301,-0.0227,493000.0,476300.0,0.2367,0.0422,pykrx,,,,,,,,,data/raw/price_329180_20260409_20260807.csv,102,False,Broad evaluation pool candidate,45,False,Broad evaluation pool candidate
104460,2026-08-07,2026-08-07,2026-08-07,2026-08-07,HOLD,neutral,50.07,50.07,50.07,54.7,54.7,0,53.07,-2.0,2,3.0,0.0,0.0,0.0,0.0,0,0,50.07,v2_conservative_ranker,48.5,-3.0,1,13.25,0.0,0.0,0.0,59.75,59.75,v3_stability_ranker,neutral,8580.0,0.0106,0.0502,-0.0272,8452.0,8568.5,0.2567,0.025,pykrx,,,,,,,,,data/raw/price_104460_20260409_20260807.csv,103,False,Broad evaluation pool candidate,44,False,Broad evaluation pool candidate
106240,2026-08-07,2026-08-07,2026-08-07,2026-08-07,HOLD,neutral,49.68,49.68,49.68,57.94,57.94,0,54.02,-2.0,2,4.34,0.0,0.0,0.0,0.0,0,0,49.68,v2_conservative_ranker,51.0,-3.0,1,11.57,0.0,0.0,0.0,60.57,60.57,v3_stability_ranker,price_momentum,1241.0,-0.0174,0.0206,-0.0297,1275.2,1262.9,0.1639,0.0362,pykrx,,,,,,,,,data/raw/price_106240_20260409_20260807.csv,104,False,Broad evaluation pool candidate,34,False,Broad evaluation pool candidate
003490,2026-08-07,2026-08-07,2026-08-07,2026-08-07,HOLD,neutral,49.47,49.47,49.47,65.4,65.4,0,58.67,-2.0,2,3.2,0.0,0.0,6.0,0.0,0,0,49.47,v2_conservative_ranker,51.0,-3.0,1,13.0,0.0,0.0,9.0,53.0,53.0,v3_stability_ranker,price_momentum,27200.0,-0.0109,0.0502,0.0187,26780.0,26000.0,0.3532,0.0267,pykrx,,,,,,6,2,2,data/raw/price_003490_20260409_20260807.csv,105,False,Broad evaluation pool candidate,91,False,Broad evaluation pool candidate
060900,2026-08-07,2026-08-07,2026-08-07,2026-08-07,HOLD,neutral,49.43,49.43,49.43,57.84,57.84,0,53.8,-2.0,2,4.37,0.0,0.0,0.0,0.0,0,0,49.43,v2_conservative_ranker,51.0,-3.0,1,11.54,0.0,0.0,0.0,60.54,60.54,v3_stability_ranker,price_momentum,4390.0,-0.0011,0.0162,-0.0234,4351.0,4320.5,0.1724,0.0364,pykrx,,,,,,,,,data/raw/price_060900_20260409_20260807.csv,106,False,Broad evaluation pool candidate,35,False,Broad evaluation pool candidate
011420,2026-08-07,2026-08-07,2026-08-07,2026-08-07,HOLD,neutral,49.22,49.22,49.22,56.87,56.87,0,53.78,-2.0,2,4.56,0.0,0.0,0.0,0.0,0,0,49.22,v2_conservative_ranker,51.0,-3.0,1,11.3,0.0,0.0,0.0,60.3,60.3,v3_stability_ranker,price_momentum,1447.0,-0.0034,0.0197,-0.034,1452.4,1428.45,0.0667,0.038,pykrx,,,,,,,,,data/raw/price_011420_20260409_20260807.csv,107,False,Broad evaluation pool candidate,37,False,Broad evaluation pool candidate
006220,2026-08-07,2026-08-07,2026-08-07,2026-08-07,HOLD,neutral,48.99,48.99,48.99,53.57,53.57,0,53.85,-2.0,2,4.86,0.0,0.0,0.0,0.0,0,0,48.99,v2_conservative_ranker,48.5,-3.0,1,10.93,0.0,0.0,0.0,57.42,57.42,v3_stability_ranker,neutral,9250.0,0.012,0.0511,-0.0075,9088.0,9244.5,0.1471,0.0405,pykrx,,,,,,,,,data/raw/price_006220_20260409_20260807.csv,108,False,Broad evaluation pool candidate,59,False,Broad evaluation pool candidate
012160,2026-08-07,2026-08-07,2026-08-07,2026-08-07,HOLD,neutral,48.96,48.96,48.96,56.67,56.67,0,54.79,-2.0,2,5.83,0.0,0.0,0.0,0.0,0,0,48.96,v2_conservative_ranker,46.5,-3.0,1,9.71,0.0,0.58,0.0,53.63,53.63,v3_stability_ranker,neutral,2350.0,-0.0042,-0.0021,0.1893,2403.0,2314.2,0.0463,0.0486,pykrx,,,,,,,,,data/raw/price_012160_20260409_20260807.csv,109,False,Broad evaluation pool candidate,88,False,Broad evaluation pool candidate
340810,2026-08-07,2026-08-07,2026-08-07,2026-08-07,HOLD,neutral,48.95,48.95,48.95,68.42,68.42,0,59.94,-2.0,2,5.29,5.7,0.0,0.0,0.0,0,0,48.95,v2_conservative_ranker,35.8,-3.0,1,7.38,13.08,0.0,0.0,28.1,28.1,v3_stability_ranker,price_momentum,3215.0,-0.0046,0.0094,0.4257,3225.0,2705.75,0.315,0.0441,pykrx,,,,,,,,,data/raw/price_340810_20260409_20260807.csv,110,False,Broad evaluation pool candidate,193,False,Broad evaluation pool candidate
229640,2026-08-07,2026-08-07,2026-08-07,2026-08-07,HOLD,neutral,48.78,48.78,48.78,63.57,63.57,0,61.94,-2.0,2,10.0,0.0,3.16,0.0,0.0,0,0,48.78,v2_conservative_ranker,57.0,-3.0,1,5.0,0.0,7.46,0.0,52.54,52.54,v3_stability_ranker,price_momentum,43900.0,-0.0362,0.088,0.0269,44390.0,43107.5,0.2372,0.0916,pykrx,,,,,,,,,data/raw/price_229640_20260409_20260807.csv,111,False,Broad evaluation pool candidate,94,False,Broad evaluation pool candidate
010060,2026-08-07,2026-08-07,2026-08-07,2026-08-07,HOLD,neutral,48.73,48.73,48.73,94.49,94.49,0,71.0,2.91,3,10.0,13.88,4.3,0.0,0.0,0,0,48.73,v2_conservative_ranker,27.94,8.0,6,2.0,25.34,9.28,0.0,9.32,9.32,v3_stability_ranker,price_momentum,250000.0,0.0246,0.3137,0.3646,232380.0,207700.0,1.5814,0.103,pykrx,,,,,,,,,data/raw/price_010060_20260409_20260807.csv,112,False,Broad evaluation pool candidate,226,False,Broad evaluation pool candidate
348340,2026-08-07,2026-08-07,2026-08-07,2026-08-07,HOLD,neutral,48.4,48.4,48.4,62.66,62.66,0,57.85,-2.0,2,8.42,0.0,1.02,0.0,0.0,0,0,48.4,v2_conservative_ranker,42.95,-3.0,1,6.47,0.0,4.03,0.0,43.38,43.38,v3_stability_ranker,price_momentum,19440.0,-0.0216,0.1151,-0.0901,20055.2,19203.45,0.4458,0.0702,pykrx,,,,,,,,,data/raw/price_348340_20260409_20260807.csv,113,False,Broad evaluation pool candidate,145,False,Broad evaluation pool candidate
397030,2026-08-07,2026-08-07,2026-08-07,2026-08-07,HOLD,neutral,48.23,48.23,48.23,71.86,71.86,0,61.92,-2.0,2,8.45,4.2,1.04,0.0,0.0,0,0,48.23,v2_conservative_ranker,43.92,-3.0,1,3.44,10.69,4.06,0.0,30.61,30.61,v3_stability_ranker,price_momentum,27300.0,-0.0387,0.2325,0.0263,26310.0,24699.5,0.4315,0.0704,pykrx,,,,,,,,,data/raw/price_397030_20260409_20260807.csv,114,False,Broad evaluation pool candidate,185,False,Broad evaluation pool candidate
009420,2026-08-07,2026-08-07,2026-08-07,2026-08-07,HOLD,neutral,48.07,48.07,48.07,68.29,68.29,0,59.24,-2.0,2,7.76,2.93,0.47,0.0,0.0,0,0,48.07,v2_conservative_ranker,36.77,-3.0,1,3.3,9.18,3.15,0.0,25.74,25.74,v3_stability_ranker,price_momentum,52800.0,-0.0504,0.2166,-0.0504,51890.0,49400.0,0.3803,0.0647,pykrx,,,,,,,,,data/raw/price_009420_20260409_20260807.csv,115,False,Broad evaluation pool candidate,202,False,Broad evaluation pool candidate
002780,2026-08-07,2026-08-07,2026-08-07,2026-08-07,HOLD,neutral,48.01,48.01,48.01,55.86,55.86,0,52.47,-2.0,2,4.45,0.0,0.0,0.0,0.0,0,0,48.01,v2_conservative_ranker,43.0,-3.0,1,11.43,0.0,0.0,0.0,52.44,52.44,v3_stability_ranker,price_momentum,791.0,-0.0112,0.0115,-0.0481,788.4,779.2,0.1382,0.0371,pykrx,,,,,,,,,data/raw/price_002780_20260409_20260807.csv,116,False,Broad evaluation pool candidate,95,False,Broad evaluation pool candidate
376270,2026-08-07,2026-08-07,2026-08-07,2026-08-07,HOLD,neutral,47.97,47.97,47.97,62.35,66.35,-4,61.92,-2.0,2,6.55,0.0,0.0,0.0,7.4,0,0,47.97,v2_conservative_ranker,57.0,-3.0,1,4.81,0.0,1.54,11.4,46.87,46.87,v3_stability_ranker,price_momentum,40950.0,-0.09,0.0805,0.0263,42980.0,40220.0,0.4071,0.0546,pykrx,,,,low_attention,risk_noise_detected,,,,data/raw/price_376270_20260409_20260807.csv,117,False,Broad evaluation pool candidate,129,False,Broad evaluation pool candidate
018700,2026-08-07,2026-08-07,2026-08-07,2026-08-07,HOLD,neutral,47.91,47.91,47.91,65.18,65.18,0,61.92,-2.0,2,10.0,0.0,4.01,0.0,0.0,0,0,47.91,v2_conservative_ranker,48.76,-3.0,1,5.0,0.19,8.82,0.0,42.75,42.75,v3_stability_ranker,price_momentum,1411.0,0.0158,0.0292,0.2839,1397.0,1355.05,0.0429,0.1001,pykrx,,,,,,,,,data/raw/price_018700_20260409_20260807.csv,118,False,Broad evaluation pool candidate,148,False,Broad evaluation pool candidate
004780,2026-08-07,2026-08-07,2026-08-07,2026-08-07,HOLD,neutral,47.69,47.69,47.69,51.97,51.97,0,49.59,-2.0,2,1.91,0.0,0.0,0.0,0.0,0,0,47.69,v2_conservative_ranker,46.5,-3.0,1,14.62,0.0,0.0,0.0,59.12,59.12,v3_stability_ranker,neutral,4065.0,0.0137,-0.0061,0.0344,4040.0,3998.5,0.0751,0.0159,pykrx,,,,,,,,,data/raw/price_004780_20260409_20260807.csv,119,False,Broad evaluation pool candidate,48,False,Broad evaluation pool candidate
378800,2026-08-07,2026-08-07,2026-08-07,2026-08-07,HOLD,neutral,47.64,47.64,47.64,58.16,58.16,0,54.03,-2.0,2,6.4,0.0,0.0,0.0,0.0,0,0,47.64,v2_conservative_ranker,40.68,-3.0,1,9.0,1.3,1.33,0.0,45.06,45.06,v3_stability_ranker,neutral,475.0,0.0128,0.1337,-0.0848,472.6,491.45,0.3932,0.0533,pykrx,,,,,,,,,data/raw/price_378800_20260409_20260807.csv,120,False,Broad evaluation pool candidate,137,False,Broad evaluation pool candidate
065650,2026-08-07,2026-08-07,2026-08-07,2026-08-07,HOLD,neutral,47.47,47.47,47.47,53.46,53.46,0,54.22,-2.0,2,6.76,0.0,0.0,0.0,0.0,0,0,47.47,v2_conservative_ranker,44.93,-3.0,1,8.55,0.0,1.81,0.0,49.67,49.67,v3_stability_ranker,neutral,1762.0,-0.0184,0.0978,-0.0794,1784.6,1885.1,0.2126,0.0563,pykrx,,,,,,,,,data/raw/price_065650_20260409_20260807.csv,121,False,Broad evaluation pool candidate,120,False,Broad evaluation pool candidate
018470,2026-08-07,2026-08-07,2026-08-07,2026-08-07,HOLD,neutral,47.43,47.43,47.43,55.89,55.89,0,51.27,-2.0,2,3.84,0.0,0.0,0.0,0.0,0,0,47.43,v2_conservative_ranker,43.86,-3.0,1,12.2,0.0,0.0,0.0,54.06,54.06,v3_stability_ranker,neutral,1027.0,0.0029,-0.033,0.1591,1026.4,964.85,0.406,0.032,pykrx,,,,,,,,,data/raw/price_018470_20260409_20260807.csv,122,False,Broad evaluation pool candidate,84,False,Broad evaluation pool candidate
009830,2026-08-07,2026-08-07,2026-08-07,2026-08-07,HOLD,neutral,47.36,47.36,47.36,98.06,98.06,0,67.9,3.0,3,8.5,15.69,2.36,0.0,0.0,0,0,47.36,v2_conservative_ranker,39.0,-1.91,4,-0.62,28.85,15.74,0.0,0.0,0.0,v3_stability_ranker,price_momentum,33350.0,0.097,0.3078,0.0828,29100.0,28007.5,3.0815,0.0708,pykrx,,,,,,,,,data/raw/price_009830_20260409_20260807.csv,123,False,Broad evaluation pool candidate,231,False,Broad evaluation pool candidate
131760,2026-08-07,2026-08-07,2026-08-07,2026-08-07,HOLD,neutral,47.08,47.08,47.08,73.25,73.25,0,64.76,-2.0,2,10.0,2.71,4.96,0.0,0.0,0,0,47.08,v2_conservative_ranker,45.23,-3.0,1,5.0,8.92,10.0,0.0,29.31,29.31,v3_stability_ranker,price_momentum,1765.0,-0.0259,0.2139,0.1073,1703.2,1674.8,0.1474,0.1096,pykrx,,,,,,,,,data/raw/price_131760_20260409_20260807.csv,124,False,Broad evaluation pool candidate,189,False,Broad evaluation pool candidate
241840,2026-08-07,2026-08-07,2026-08-07,2026-08-07,HOLD,neutral,47.01,47.01,47.01,51.64,51.64,0,49.95,-2.0,2,2.94,0.0,0.0,0.0,0.0,0,0,47.01,v2_conservative_ranker,48.5,-3.0,1,13.32,0.0,0.0,0.0,59.83,59.83,v3_stability_ranker,neutral,2285.0,-0.0235,0.027,-0.0499,2299.0,2305.25,0.3142,0.0245,pykrx,,,,,,,,,data/raw/price_241840_20260409_20260807.csv,125,False,Broad evaluation pool candidate,43,False,Broad evaluation pool candidate
078350,2026-08-07,2026-08-07,2026-08-07,2026-08-07,HOLD,neutral,46.81,46.81,46.81,60.31,60.31,0,59.82,-2.0,2,10.0,0.0,3.01,0.0,0.0,0,0,46.81,v2_conservative_ranker,51.0,-3.0,1,1.0,0.0,7.22,0.0,42.78,42.78,v3_stability_ranker,price_momentum,19710.0,-0.0432,0.0908,-0.0338,19640.0,19538.0,0.1533,0.0901,pykrx,,,,,,,,,data/raw/price_078350_20260409_20260807.csv,126,False,Broad evaluation pool candidate,147,False,Broad evaluation pool candidate
061040,2026-08-07,2026-08-07,2026-08-07,2026-08-07,HOLD,neutral,46.64,46.64,46.64,51.77,51.77,0,50.31,-2.0,2,3.67,0.0,0.0,0.0,0.0,0,0,46.64,v2_conservative_ranker,42.5,-3.0,1,12.41,0.0,0.0,0.0,52.91,52.91,v3_stability_ranker,neutral,6410.0,-0.0244,0.0683,-0.1577,6380.0,6463.5,0.648,0.0306,pykrx,,,,,,,,,data/raw/price_061040_20260409_20260807.csv,127,False,Broad evaluation pool candidate,92,False,Broad evaluation pool candidate
252500,2026-08-07,2026-08-07,2026-08-07,2026-08-07,HOLD,neutral,46.46,46.46,46.46,50.38,50.38,0,51.31,-2.0,2,4.85,0.0,0.0,0.0,0.0,0,0,46.46,v2_conservative_ranker,46.2,-3.0,1,10.94,0.0,0.0,0.0,55.14,55.14,v3_stability_ranker,neutral,484.0,0.0126,0.0409,-0.051,471.4,473.15,0.1469,0.0404,pykrx,,,,,,,,,data/raw/price_252500_20260409_20260807.csv,128,False,Broad evaluation pool candidate,70,False,Broad evaluation pool candidate
109070,2026-08-07,2026-08-07,2026-08-07,2026-08-07,HOLD,neutral,46.23,46.23,46.23,56.69,56.69,0,54.53,-2.0,2,7.8,0.0,0.5,0.0,0.0,0,0,46.23,v2_conservative_ranker,49.0,-3.0,1,7.25,0.0,3.2,0.0,51.05,51.05,v3_stability_ranker,price_momentum,1418.0,-0.0014,0.0057,0.0275,1411.8,1403.3,0.2079,0.065,pykrx,,,,,,,,,data/raw/price_109070_20260409_20260807.csv,129,False,Broad evaluation pool candidate,97,False,Broad evaluation pool candidate
199290,2026-08-07,2026-08-07,2026-08-07,2026-08-07,HOLD,neutral,46.15,46.15,46.15,67.0,67.0,0,61.0,0.0,0,10.0,0.0,4.85,0.0,0.0,0,0,46.15,v2_conservative_ranker,42.09,-5.0,0,5.0,5.03,10.0,0.0,27.06,27.06,v3_stability_ranker,price_momentum,400.0,0.0,0.173,0.0,397.8,365.0,0.0,0.1085,pykrx,,,,,,,,,data/raw/price_199290_20260409_20260807.csv,130,False,Broad evaluation pool candidate,195,False,Broad evaluation pool candidate
064800,2026-08-07,2026-08-07,2026-08-07,2026-08-07,HOLD,neutral,45.82,45.82,45.82,54.63,58.63,-4,53.67,-2.0,2,3.14,0.0,0.0,0.0,4.7,0,0,45.82,v2_conservative_ranker,51.0,-3.0,1,13.07,0.0,0.0,7.2,54.87,54.87,v3_stability_ranker,price_momentum,2040.0,-0.0097,0.0175,-0.0309,2050.0,2044.5,0.1736,0.0262,pykrx,,,,low_attention,risk_noise_detected,,,,data/raw/price_064800_20260409_20260807.csv,131,False,Broad evaluation pool candidate,77,False,Broad evaluation pool candidate
088790,2026-08-07,2026-08-07,2026-08-07,2026-08-07,HOLD,neutral,45.76,45.76,45.76,49.56,49.56,0,49.01,-2.0,2,3.25,0.0,0.0,0.0,0.0,0,0,45.76,v2_conservative_ranker,45.67,-3.0,1,12.94,0.0,0.0,0.0,56.61,56.61,v3_stability_ranker,neutral,2315.0,-0.0064,0.0221,-0.0628,2298.0,2369.25,0.2005,0.0271,pykrx,,,,,,,,,data/raw/price_088790_20260409_20260807.csv,132,False,Broad evaluation pool candidate,63,False,Broad evaluation pool candidate
008930,2026-08-07,2026-08-07,2026-08-07,2026-08-07,HOLD,neutral,45.67,45.67,45.67,86.27,86.27,0,67.0,-2.0,2,3.84,14.49,0.0,3.0,0.0,0,0,45.67,v2_conservative_ranker,30.65,-3.0,1,9.2,29.97,0.0,4.5,3.38,3.38,v3_stability_ranker,price_momentum,44950.0,0.0263,0.2538,0.3852,40870.0,35462.5,0.7447,0.032,pykrx,,,,,,3,1,1,data/raw/price_008930_20260409_20260807.csv,133,False,Broad evaluation pool candidate,228,False,Broad evaluation pool candidate
134790,2026-08-07,2026-08-07,2026-08-07,2026-08-07,HOLD,neutral,45.41,45.41,45.41,50.14,50.14,0,46.85,-2.0,2,1.44,0.0,0.0,0.0,0.0,0,0,45.41,v2_conservative_ranker,40.5,-3.0,1,15.2,0.0,0.0,0.0,53.7,53.7,v3_stability_ranker,neutral,19200.0,-0.0083,-0.0149,-0.0189,19426.0,19311.5,0.2965,0.012,pykrx,,,,,,,,,data/raw/price_134790_20260409_20260807.csv,134,False,Broad evaluation pool candidate,87,False,Broad evaluation pool candidate
001470,2026-08-07,2026-08-07,2026-08-07,2026-08-07,HOLD,neutral,45.0,45.0,45.0,44.0,44.0,0,45.0,0.0,0,0.0,0.0,0.0,0.0,0.0,0,0,45.0,v2_conservative_ranker,38.0,-5.0,0,17.0,0.0,0.0,0.0,50.0,50.0,v3_stability_ranker,neutral,347.0,0.0,0.0,0.0,347.0,347.0,0.0,0.0,pykrx,,,,,,,,,data/raw/price_001470_20260409_20260807.csv,135,False,Broad evaluation pool candidate,102,False,Broad evaluation pool candidate
011810,2026-08-07,2026-08-07,2026-08-07,2026-08-07,HOLD,neutral,45.0,45.0,45.0,44.0,44.0,0,45.0,0.0,0,0.0,0.0,0.0,0.0,0.0,0,0,45.0,v2_conservative_ranker,38.0,-5.0,0,17.0,0.0,0.0,0.0,50.0,50.0,v3_stability_ranker,neutral,3530.0,0.0,0.0,0.0,3530.0,3530.0,0.0,0.0,pykrx,,,,,,,,,data/raw/price_011810_20260409_20260807.csv,136,False,Broad evaluation pool candidate,103,False,Broad evaluation pool candidate
023440,2026-08-07,2026-08-07,2026-08-07,2026-08-07,HOLD,neutral,45.0,45.0,45.0,44.0,44.0,0,45.0,0.0,0,0.0,0.0,0.0,0.0,0.0,0,0,45.0,v2_conservative_ranker,38.0,-5.0,0,17.0,0.0,0.0,0.0,50.0,50.0,v3_stability_ranker,neutral,521.0,0.0,0.0,0.0,521.0,521.0,0.0,0.0,pykrx,,,,,,,,,data/raw/price_023440_20260409_20260807.csv,137,False,Broad evaluation pool candidate,104,False,Broad evaluation pool candidate
031860,2026-08-07,2026-08-07,2026-08-07,2026-08-07,HOLD,neutral,45.0,45.0,45.0,44.0,44.0,0,45.0,0.0,0,0.0,0.0,0.0,0.0,0.0,0,0,45.0,v2_conservative_ranker,38.0,-5.0,0,17.0,0.0,0.0,0.0,50.0,50.0,v3_stability_ranker,neutral,693.0,0.0,0.0,0.0,693.0,693.0,0.0,0.0,pykrx,,,,,,,,,data/raw/price_031860_20260409_20260807.csv,138,False,Broad evaluation pool candidate,105,False,Broad evaluation pool candidate
052770,2026-08-07,2026-08-07,2026-08-07,2026-08-07,HOLD,neutral,45.0,45.0,45.0,44.0,44.0,0,45.0,0.0,0,0.0,0.0,0.0,0.0,0.0,0,0,45.0,v2_conservative_ranker,38.0,-5.0,0,17.0,0.0,0.0,0.0,50.0,50.0,v3_stability_ranker,neutral,312.0,0.0,0.0,0.0,312.0,312.0,0.0,0.0,pykrx,,,,,,,,,data/raw/price_052770_20260409_20260807.csv,139,False,Broad evaluation pool candidate,106,False,Broad evaluation pool candidate
066410,2026-08-07,2026-08-07,2026-08-07,2026-08-07,HOLD,neutral,45.0,45.0,45.0,44.0,44.0,0,45.0,0.0,0,0.0,0.0,0.0,0.0,0.0,0,0,45.0,v2_conservative_ranker,38.0,-5.0,0,17.0,0.0,0.0,0.0,50.0,50.0,v3_stability_ranker,neutral,1153.0,0.0,0.0,0.0,1153.0,1153.0,0.0,0.0,pykrx,,,,,,,,,data/raw/price_066410_20260409_20260807.csv,140,False,Broad evaluation pool candidate,107,False,Broad evaluation pool candidate
068240,2026-08-07,2026-08-07,2026-08-07,2026-08-07,HOLD,neutral,45.0,45.0,45.0,44.0,44.0,0,45.0,0.0,0,0.0,0.0,0.0,0.0,0.0,0,0,45.0,v2_conservative_ranker,38.0,-5.0,0,17.0,0.0,0.0,0.0,50.0,50.0,v3_stability_ranker,neutral,2530.0,0.0,0.0,0.0,2530.0,2530.0,0.0,0.0,pykrx,,,,,,,,,data/raw/price_068240_20260409_20260807.csv,141,False,Broad evaluation pool candidate,108,False,Broad evaluation pool candidate
069460,2026-08-07,2026-08-07,2026-08-07,2026-08-07,HOLD,neutral,45.0,45.0,45.0,44.0,44.0,0,45.0,0.0,0,0.0,0.0,0.0,0.0,0.0,0,0,45.0,v2_conservative_ranker,38.0,-5.0,0,17.0,0.0,0.0,0.0,50.0,50.0,v3_stability_ranker,neutral,2660.0,0.0,0.0,0.0,2660.0,2660.0,0.0,0.0,pykrx,,,,,,,,,data/raw/price_069460_20260409_20260807.csv,142,False,Broad evaluation pool candidate,109,False,Broad evaluation pool candidate
183490,2026-08-07,2026-08-07,2026-08-07,2026-08-07,HOLD,neutral,45.0,45.0,45.0,44.0,44.0,0,45.0,0.0,0,0.0,0.0,0.0,0.0,0.0,0,0,45.0,v2_conservative_ranker,38.0,-5.0,0,17.0,0.0,0.0,0.0,50.0,50.0,v3_stability_ranker,neutral,990.0,0.0,0.0,0.0,990.0,990.0,0.0,0.0,pykrx,,,,,,,,,data/raw/price_183490_20260409_20260807.csv,143,False,Broad evaluation pool candidate,110,False,Broad evaluation pool candidate
210120,2026-08-07,2026-08-07,2026-08-07,2026-08-07,HOLD,neutral,45.0,45.0,45.0,44.0,44.0,0,45.0,0.0,0,0.0,0.0,0.0,0.0,0.0,0,0,45.0,v2_conservative_ranker,38.0,-5.0,0,17.0,0.0,0.0,0.0,50.0,50.0,v3_stability_ranker,neutral,930.0,0.0,0.0,0.0,930.0,930.0,0.0,0.0,pykrx,,,,,,,,,data/raw/price_210120_20260409_20260807.csv,144,False,Broad evaluation pool candidate,111,False,Broad evaluation pool candidate
276040,2026-08-07,2026-08-07,2026-08-07,2026-08-07,HOLD,neutral,45.0,45.0,45.0,44.0,44.0,0,45.0,0.0,0,0.0,0.0,0.0,0.0,0.0,0,0,45.0,v2_conservative_ranker,38.0,-5.0,0,17.0,0.0,0.0,0.0,50.0,50.0,v3_stability_ranker,neutral,327.0,0.0,0.0,0.0,327.0,327.0,0.0,0.0,pykrx,,,,,,,,,data/raw/price_276040_20260409_20260807.csv,145,False,Broad evaluation pool candidate,112,False,Broad evaluation pool candidate
288330,2026-08-07,2026-08-07,2026-08-07,2026-08-07,HOLD,neutral,45.0,45.0,45.0,44.0,44.0,0,45.0,0.0,0,0.0,0.0,0.0,0.0,0.0,0,0,45.0,v2_conservative_ranker,38.0,-5.0,0,17.0,0.0,0.0,0.0,50.0,50.0,v3_stability_ranker,neutral,416.0,0.0,0.0,0.0,416.0,416.0,0.0,0.0,pykrx,,,,,,,,,data/raw/price_288330_20260409_20260807.csv,146,False,Broad evaluation pool candidate,113,False,Broad evaluation pool candidate
348950,2026-08-07,2026-08-07,2026-08-07,2026-08-07,HOLD,neutral,45.0,45.0,45.0,44.0,44.0,0,45.0,0.0,0,0.0,0.0,0.0,0.0,0.0,0,0,45.0,v2_conservative_ranker,38.0,-5.0,0,17.0,0.0,0.0,0.0,50.0,50.0,v3_stability_ranker,neutral,1182.0,0.0,0.0,0.0,1182.0,1182.0,0.0,0.0,pykrx,,,,,,,,,data/raw/price_348950_20260409_20260807.csv,147,False,Broad evaluation pool candidate,114,False,Broad evaluation pool candidate
380540,2026-08-07,2026-08-07,2026-08-07,2026-08-07,HOLD,neutral,45.0,45.0,45.0,44.0,44.0,0,45.0,0.0,0,0.0,0.0,0.0,0.0,0.0,0,0,45.0,v2_conservative_ranker,38.0,-5.0,0,17.0,0.0,0.0,0.0,50.0,50.0,v3_stability_ranker,neutral,8450.0,0.0,0.0,0.0,8450.0,8450.0,0.0,0.0,pykrx,,,,,,,,,data/raw/price_380540_20260409_20260807.csv,148,False,Broad evaluation pool candidate,115,False,Broad evaluation pool candidate
009190,2026-08-07,2026-08-07,2026-08-07,2026-08-07,HOLD,neutral,44.93,44.93,44.93,54.7,54.7,0,51.0,-2.0,2,6.07,0.0,0.0,0.0,0.0,0,0,44.93,v2_conservative_ranker,38.5,-3.0,1,9.41,2.33,0.9,0.0,42.69,42.69,v3_stability_ranker,neutral,1727.0,-0.0058,0.1445,-0.1776,1694.8,1754.3,0.3655,0.0506,pykrx,,,,low_attention,no_risk_noise,,,,data/raw/price_009190_20260409_20260807.csv,149,False,Broad evaluation pool candidate,149,False,Broad evaluation pool candidate
354200,2026-08-07,2026-08-07,2026-08-07,2026-08-07,HOLD,neutral,44.56,44.56,44.56,61.77,61.77,0,60.56,-2.0,2,10.0,0.0,6.0,0.0,0.0,0,0,44.56,v2_conservative_ranker,47.0,-3.0,1,1.0,0.0,10.0,0.0,36.0,36.0,v3_stability_ranker,price_momentum,1785.0,-0.0556,0.1012,-0.0127,1764.0,1746.05,0.047,0.1591,pykrx,,,,,,,,,data/raw/price_354200_20260409_20260807.csv,150,False,Broad evaluation pool candidate,169,False,Broad evaluation pool candidate
047040,2026-08-07,2026-08-07,2026-08-07,2026-08-07,HOLD,neutral,44.39,44.39,44.39,70.42,70.42,0,60.87,-2.0,2,9.19,5.63,1.66,0.0,0.0,0,0,44.39,v2_conservative_ranker,36.67,-3.0,1,1.51,12.39,5.06,0.0,18.74,18.74,v3_stability_ranker,price_momentum,15980.0,-0.0528,0.2504,-0.0037,15516.0,14956.0,0.5437,0.0766,pykrx,,,,,,,,,data/raw/price_047040_20260409_20260807.csv,151,False,Broad evaluation pool candidate,209,False,Broad evaluation pool candidate
027040,2026-08-07,2026-08-07,2026-08-07,2026-08-07,HOLD,neutral,44.35,44.35,44.35,103.8,103.8,0,71.0,3.0,3,8.08,22.21,2.36,0.0,0.0,0,0,44.35,v2_conservative_ranker,39.0,-2.36,4,-0.1,34.51,18.78,0.0,0.0,0.0,v3_stability_ranker,price_momentum,2250.0,0.141,0.3314,0.1905,1904.6,1844.05,3.242,0.0673,pykrx,,,,,,,,,data/raw/price_027040_20260409_20260807.csv,152,False,Broad evaluation pool candidate,232,False,Broad evaluation pool candidate
084180,2026-08-07,2026-08-07,2026-08-07,2026-08-07,HOLD,neutral,44.34,44.34,44.34,68.52,68.52,0,65.45,-2.0,2,10.0,6.26,4.85,0.0,0.0,0,0,44.34,v2_conservative_ranker,43.0,-3.0,1,5.0,10.0,10.0,0.0,26.0,26.0,v3_stability_ranker,price_momentum,545.0,-0.0073,0.0645,0.4891,549.0,515.2,0.0117,0.1085,pykrx,,,,low_attention,no_risk_noise,,,,data/raw/price_084180_20260409_20260807.csv,153,False,Broad evaluation pool candidate,200,False,Broad evaluation pool candidate
166090,2026-08-07,2026-08-07,2026-08-07,2026-08-07,HOLD,neutral,44.16,44.16,44.16,56.89,56.89,0,54.57,-2.0,2,8.95,0.0,1.46,0.0,0.0,0,0,44.16,v2_conservative_ranker,49.0,-3.0,1,1.81,0.0,4.74,0.0,44.07,44.07,v3_stability_ranker,price_momentum,52700.0,-0.0436,0.0019,0.0394,54540.0,53187.5,0.365,0.0746,pykrx,,,,,,,,,data/raw/price_166090_20260409_20260807.csv,154,False,Broad evaluation pool candidate,142,False,Broad evaluation pool candidate
302430,2026-08-07,2026-08-07,2026-08-07,2026-08-07,HOLD,neutral,44.1,44.1,44.1,47.44,47.44,0,51.0,-2.0,2,6.9,0.0,0.0,0.0,0.0,0,0,44.1,v2_conservative_ranker,42.5,-3.0,1,8.38,0.0,2.0,0.0,46.88,46.88,v3_stability_ranker,neutral,5030.0,0.002,0.0829,-0.1754,4921.0,5305.0,0.2787,0.0575,pykrx,,,,,,,,,data/raw/price_302430_20260409_20260807.csv,155,False,Broad evaluation pool candidate,128,False,Broad evaluation pool candidate
226330,2026-08-07,2026-08-07,2026-08-07,2026-08-07,HOLD,neutral,44.05,44.05,44.05,60.14,60.14,0,59.58,-2.0,2,10.0,0.0,5.53,0.0,0.0,0,0,44.05,v2_conservative_ranker,57.0,-3.0,1,5.0,0.0,10.0,0.0,50.0,50.0,v3_stability_ranker,price_momentum,1504.0,-0.0227,0.0503,0.0444,1552.0,1535.3,0.1489,0.1153,pykrx,,,,,,,,,data/raw/price_226330_20260409_20260807.csv,156,False,Broad evaluation pool candidate,116,False,Broad evaluation pool candidate
064350,2026-08-07,2026-08-07,2026-08-07,2026-08-07,HOLD,neutral,44.03,44.03,44.03,48.87,48.87,0,53.08,-2.0,2,8.21,0.0,0.84,0.0,0.0,0,0,44.03,v2_conservative_ranker,43.85,-3.0,1,6.74,0.0,3.74,0.0,44.84,44.84,v3_stability_ranker,neutral,144000.0,-0.0014,0.077,-0.1034,141100.0,147845.0,0.1972,0.0684,pykrx,,,,,,,,,data/raw/price_064350_20260409_20260807.csv,157,False,Broad evaluation pool candidate,139,False,Broad evaluation pool candidate
066430,2026-08-07,2026-08-07,2026-08-07,2026-08-07,HOLD,neutral,43.66,43.66,43.66,56.96,56.96,0,57.16,-2.0,2,10.0,0.0,3.5,0.0,0.0,0,0,43.66,v2_conservative_ranker,51.0,-3.0,1,5.0,0.0,8.0,0.0,46.0,46.0,v3_stability_ranker,price_momentum,2090.0,-0.0324,0.0424,-0.0024,2167.0,2060.25,0.1395,0.095,pykrx,,,,,,,,,data/raw/price_066430_20260409_20260807.csv,158,False,Broad evaluation pool candidate,135,False,Broad evaluation pool candidate
223310,2026-08-07,2026-08-07,2026-08-07,2026-08-07,HOLD,neutral,43.52,43.52,43.52,52.17,52.17,0,42.69,2.95,3,5.12,0.0,0.0,0.0,0.0,0,0,43.52,v2_conservative_ranker,33.55,8.0,6,6.59,0.0,0.0,0.0,54.15,54.15,v3_stability_ranker,price_momentum,3890.0,-0.0431,-0.0431,-0.1758,4062.0,4030.25,1.5902,0.0427,pykrx,,,,,,,,,data/raw/price_223310_20260409_20260807.csv,159,False,Broad evaluation pool candidate,83,False,Broad evaluation pool candidate
025950,2026-08-07,2026-08-07,2026-08-07,2026-08-07,HOLD,neutral,43.51,43.51,43.51,44.96,44.96,0,49.38,-2.0,2,5.87,0.0,0.0,0.0,0.0,0,0,43.51,v2_conservative_ranker,42.5,-3.0,1,9.66,0.0,0.62,0.0,49.54,49.54,v3_stability_ranker,neutral,10500.0,-0.0113,0.0638,-0.2021,10390.0,10620.5,0.2451,0.0489,pykrx,,,,,,,,,data/raw/price_025950_20260409_20260807.csv,160,False,Broad evaluation pool candidate,121,False,Broad evaluation pool candidate
215380,2026-08-07,2026-08-07,2026-08-07,2026-08-07,HOLD,neutral,43.47,43.47,43.47,46.66,46.66,0,48.3,-2.0,2,4.82,0.0,0.0,0.0,0.0,0,0,43.47,v2_conservative_ranker,45.35,-3.0,1,10.97,0.0,0.0,0.0,54.32,54.32,v3_stability_ranker,neutral,2320.0,0.0,0.0175,-0.0701,2341.0,2399.0,0.0725,0.0402,pykrx,,,,,,,,,data/raw/price_215380_20260409_20260807.csv,161,False,Broad evaluation pool candidate,81,False,Broad evaluation pool candidate
402490,2026-08-07,2026-08-07,2026-08-07,2026-08-07,HOLD,neutral,43.45,43.45,43.45,55.17,55.17,0,55.23,-2.0,2,9.7,0.0,2.08,0.0,0.0,0,0,43.45,v2_conservative_ranker,45.64,-3.0,1,1.0,0.0,5.73,0.0,38.91,38.91,v3_stability_ranker,price_momentum,6650.0,-0.0404,0.064,-0.1192,6764.0,6737.0,0.4546,0.0808,pykrx,,,,,,,,,data/raw/price_402490_20260409_20260807.csv,162,False,Broad evaluation pool candidate,160,False,Broad evaluation pool candidate
290560,2026-08-07,2026-08-07,2026-08-07,2026-08-07,HOLD,neutral,42.51,42.51,42.51,44.15,44.15,0,49.25,-2.0,2,6.74,0.0,0.0,0.0,0.0,0,0,42.51,v2_conservative_ranker,42.5,-3.0,1,5.57,0.0,1.79,0.0,44.28,44.28,v3_stability_ranker,neutral,901.0,-0.0228,0.0625,-0.1912,912.0,1018.0,0.1792,0.0562,pykrx,,,,,,,,,data/raw/price_290560_20260409_20260807.csv,163,False,Broad evaluation pool candidate,141,False,Broad evaluation pool candidate
061970,2026-08-07,2026-08-07,2026-08-07,2026-08-07,HOLD,neutral,42.48,42.48,42.48,61.84,61.84,0,57.35,-2.0,2,8.4,5.47,1.0,0.0,0.0,0,0,42.48,v2_conservative_ranker,34.31,-3.0,1,2.5,12.2,4.0,0.0,18.61,18.61,v3_stability_ranker,neutral,3995.0,-0.0522,0.2484,0.0101,3900.0,3906.25,0.2219,0.07,pykrx,,,,,,,,,data/raw/price_061970_20260409_20260807.csv,164,False,Broad evaluation pool candidate,211,False,Broad evaluation pool candidate
163730,2026-08-07,2026-08-07,2026-08-07,2026-08-07,HOLD,neutral,42.25,42.25,42.25,73.68,77.68,-4,62.91,1.63,3,10.0,7.82,2.76,0.0,4.7,0,0,42.25,v2_conservative_ranker,41.13,8.0,6,2.0,17.16,6.82,7.2,25.96,25.96,v3_stability_ranker,price_momentum,9670.0,-0.0232,0.2724,0.0545,9402.0,8356.5,1.326,0.0876,pykrx,,,,low_attention,risk_noise_detected,,,,data/raw/price_163730_20260409_20260807.csv,165,False,Broad evaluation pool candidate,201,False,Broad evaluation pool candidate
006360,2026-08-07,2026-08-07,2026-08-07,2026-08-07,HOLD,neutral,42.19,42.19,42.19,77.4,74.4,3,64.59,-2.0,2,10.0,10.0,3.4,0.0,0.0,0,1,42.19,v2_conservative_ranker,39.0,-3.0,1,2.0,16.31,7.84,0.0,14.85,14.85,v3_stability_ranker,price_momentum,32250.0,-0.0107,0.3753,0.1026,29800.0,28112.5,0.3777,0.094,unknown,GS건설,GS건설,supply_contract,,,,,,data/raw/price_006360_20260708_20260807.csv,166,False,Broad evaluation pool candidate,219,False,Broad evaluation pool candidate
141080,2026-08-07,2026-08-07,2026-08-07,2026-08-07,HOLD,neutral,42.16,42.16,42.16,66.7,66.7,0,58.84,-2.0,2,8.56,6.99,1.13,0.0,0.0,0,0,42.16,v2_conservative_ranker,32.7,-3.0,1,3.3,14.0,4.21,0.0,15.8,15.8,v3_stability_ranker,price_momentum,110900.0,0.0,0.2674,-0.0618,107320.0,100405.0,0.3193,0.0713,pykrx,,,,,,,,,data/raw/price_141080_20260409_20260807.csv,167,False,Broad evaluation pool candidate,217,False,Broad evaluation pool candidate
321370,2026-08-07,2026-08-07,2026-08-07,2026-08-07,HOLD,neutral,41.93,41.93,41.93,48.55,48.55,0,51.22,-2.0,2,8.34,0.0,0.95,0.0,0.0,0,0,41.93,v2_conservative_ranker,42.5,-3.0,1,6.57,0.0,3.92,0.0,43.16,43.16,v3_stability_ranker,neutral,1273.0,-0.0155,0.0974,-0.1652,1292.8,1315.95,0.3371,0.0695,pykrx,,,,,,,,,data/raw/price_321370_20260409_20260807.csv,168,False,Broad evaluation pool candidate,146,False,Broad evaluation pool candidate
023760,2026-08-07,2026-08-07,2026-08-07,2026-08-07,HOLD,neutral,41.76,41.76,41.76,40.55,40.55,0,43.74,0.0,0,1.98,0.0,0.0,0.0,0.0,0,0,41.76,v2_conservative_ranker,38.0,-5.0,0,14.53,0.0,0.0,0.0,47.52,47.52,v3_stability_ranker,neutral,670.0,0.0,0.0,-0.036,670.0,689.05,0.0,0.0165,pykrx,,,,,,,,,data/raw/price_023760_20260409_20260807.csv,169,False,Broad evaluation pool candidate,126,False,Broad evaluation pool candidate
288980,2026-08-07,2026-08-07,2026-08-07,2026-08-07,HOLD,neutral,41.71,41.71,41.71,41.85,41.85,0,45.68,-2.0,2,3.97,0.0,0.0,0.0,0.0,0,0,41.71,v2_conservative_ranker,42.5,-3.0,1,9.04,0.0,0.0,0.0,49.53,49.53,v3_stability_ranker,neutral,689.0,-0.0101,0.0268,-0.2755,696.8,767.4,0.0794,0.0331,pykrx,,,,,,,,,data/raw/price_288980_20260409_20260807.csv,170,False,Broad evaluation pool candidate,122,False,Broad evaluation pool candidate
000760,2026-08-07,2026-08-07,2026-08-07,2026-08-07,HOLD,neutral,41.44,41.44,41.44,46.37,46.37,0,47.68,-2.0,2,6.24,0.0,0.0,0.0,0.0,0,0,41.44,v2_conservative_ranker,43.81,-3.0,1,9.2,0.0,1.12,0.0,49.89,49.89,v3_stability_ranker,neutral,13240.0,0.0,-0.0336,0.0584,13198.0,12544.0,0.0024,0.052,pykrx,,,,,,,,,data/raw/price_000760_20260409_20260807.csv,171,False,Broad evaluation pool candidate,119,False,Broad evaluation pool candidate
127120,2026-08-07,2026-08-07,2026-08-07,2026-08-07,HOLD,neutral,41.42,41.42,41.42,70.75,70.75,0,62.41,-2.0,2,9.26,10.0,1.72,0.0,0.0,0,0,41.42,v2_conservative_ranker,39.0,-3.0,1,2.42,15.82,5.15,0.0,18.45,18.45,v3_stability_ranker,price_momentum,38850.0,-0.0312,0.342,0.0402,35040.0,34037.5,0.2435,0.0772,pykrx,,,,,,,,,data/raw/price_127120_20260409_20260807.csv,172,False,Broad evaluation pool candidate,212,False,Broad evaluation pool candidate
290720,2026-08-07,2026-08-07,2026-08-07,2026-08-07,HOLD,neutral,40.87,40.87,40.87,44.73,44.73,0,45.33,-2.0,2,4.46,0.0,0.0,0.0,0.0,0,0,40.87,v2_conservative_ranker,40.5,-3.0,1,11.42,0.0,0.0,0.0,49.92,49.92,v3_stability_ranker,neutral,3075.0,-0.0391,-0.03,-0.0191,3112.0,3096.75,0.0679,0.0372,pykrx,,,,,,,,,data/raw/price_290720_20260409_20260807.csv,173,False,Broad evaluation pool candidate,118,False,Broad evaluation pool candidate
341170,2026-08-07,2026-08-07,2026-08-07,2026-08-07,HOLD,neutral,40.82,40.82,40.82,90.54,90.54,0,74.28,-2.0,2,10.0,19.88,3.58,0.0,0.0,0,0,40.82,v2_conservative_ranker,39.0,-3.0,1,-2.0,31.21,8.13,0.0,0.0,0.0,v3_stability_ranker,strong_price_momentum,458.0,0.1479,0.351,0.1508,399.4,387.7,0.0005,0.0958,pykrx,,,,,,,,,data/raw/price_341170_20260409_20260807.csv,174,False,Broad evaluation pool candidate,233,False,Broad evaluation pool candidate
263800,2026-08-07,2026-08-07,2026-08-07,2026-08-07,HOLD,neutral,40.36,40.36,40.36,42.69,42.69,0,50.71,-2.0,2,8.92,0.0,1.43,0.0,0.0,0,0,40.36,v2_conservative_ranker,42.5,-3.0,1,5.85,0.0,4.69,0.0,41.67,41.67,v3_stability_ranker,neutral,5030.0,-0.004,0.0771,-0.3484,5055.0,5442.25,0.0684,0.0743,pykrx,,,,,,,,,data/raw/price_263800_20260409_20260807.csv,175,False,Broad evaluation pool candidate,152,False,Broad evaluation pool candidate
001260,2026-08-07,2026-08-07,2026-08-07,2026-08-07,HOLD,neutral,40.36,40.36,40.36,40.98,40.98,0,46.32,-2.0,2,5.96,0.0,0.0,0.0,0.0,0,0,40.36,v2_conservative_ranker,42.5,-3.0,1,9.54,0.0,0.75,0.0,49.29,49.29,v3_stability_ranker,neutral,7470.0,0.0013,0.0332,-0.247,7412.0,7655.5,0.1046,0.0497,pykrx,,,,,,,,,data/raw/price_001260_20260409_20260807.csv,176,False,Broad evaluation pool candidate,123,False,Broad evaluation pool candidate
087260,2026-08-07,2026-08-07,2026-08-07,2026-08-07,HOLD,neutral,40.07,40.07,40.07,38.85,38.85,0,43.25,0.0,0,3.18,0.0,0.0,0.0,0.0,0,0,40.07,v2_conservative_ranker,38.0,-5.0,0,13.03,0.0,0.0,0.0,46.02,46.02,v3_stability_ranker,neutral,247.0,0.0,0.0,-0.05,247.0,250.15,0.0,0.0265,pykrx,,,,,,,,,data/raw/price_087260_20260409_20260807.csv,177,False,Broad evaluation pool candidate,134,False,Broad evaluation pool candidate
468530,2026-08-07,2026-08-07,2026-08-07,2026-08-07,HOLD,neutral,40.03,40.03,40.03,73.2,73.2,0,64.22,-2.0,2,10.0,10.22,3.96,0.0,0.0,0,0,40.03,v2_conservative_ranker,39.0,-3.0,1,-2.0,16.87,8.74,0.0,9.4,9.4,v3_stability_ranker,price_momentum,25550.0,-0.0449,0.3796,0.0919,24540.0,22146.0,0.2679,0.0996,pykrx,,,,,,,,,data/raw/price_468530_20260409_20260807.csv,178,False,Broad evaluation pool candidate,225,False,Broad evaluation pool candidate
216080,2026-08-07,2026-08-07,2026-08-07,2026-08-07,AVOID,negative,39.63,39.63,39.63,40.6,40.6,0,42.7,-2.0,2,3.07,0.0,0.0,0.0,0.0,0,0,39.63,v2_conservative_ranker,35.2,-3.0,1,13.16,0.0,0.0,0.0,46.36,46.36,v3_stability_ranker,neutral,4290.0,-0.0205,-0.0012,-0.0623,4330.0,4333.75,0.3999,0.0256,pykrx,,,,,,,,,data/raw/price_216080_20260409_20260807.csv,179,False,Broad evaluation pool candidate,133,False,Broad evaluation pool candidate
071950,2026-08-07,2026-08-07,2026-08-07,2026-08-07,AVOID,negative,39.41,39.41,39.41,56.65,56.65,0,55.41,-2.0,2,10.0,0.0,6.0,0.0,0.0,0,0,39.41,v2_conservative_ranker,49.0,-3.0,1,5.0,0.0,10.0,0.0,42.0,42.0,v3_stability_ranker,price_momentum,1860.0,-0.0267,0.0065,0.0503,1993.2,1877.5,0.2467,0.1325,pykrx,,,,,,,,,data/raw/price_071950_20260409_20260807.csv,180,False,Broad evaluation pool candidate,151,False,Broad evaluation pool candidate
010960,2026-08-07,2026-08-07,2026-08-07,2026-08-07,AVOID,negative,39.32,39.32,39.32,39.51,39.51,0,44.67,-2.0,2,5.35,0.0,0.0,0.0,0.0,0,0,39.32,v2_conservative_ranker,42.5,-3.0,1,10.31,0.0,0.0,0.0,50.81,50.81,v3_stability_ranker,neutral,3050.0,0.0016,0.0167,-0.2317,3013.0,3230.0,0.0495,0.0446,pykrx,,,,,,,,,data/raw/price_010960_20260409_20260807.csv,181,False,Broad evaluation pool candidate,100,False,Broad evaluation pool candidate
179530,2026-08-07,2026-08-07,2026-08-07,2026-08-07,AVOID,negative,39.25,39.25,39.25,52.15,52.15,0,51.27,-2.0,2,7.02,0.0,0.0,6.0,0.0,0,1,39.25,v2_conservative_ranker,39.19,-3.0,1,8.22,0.0,2.16,9.0,34.26,34.26,v3_stability_ranker,price_momentum,2055.0,0.0275,0.0123,-0.0846,2129.0,1945.25,0.1662,0.0585,pykrx,,,,,,6,2,2,data/raw/price_179530_20260409_20260807.csv,182,False,Broad evaluation pool candidate,174,False,Broad evaluation pool candidate
347700,2026-08-07,2026-08-07,2026-08-07,2026-08-07,AVOID,negative,39.13,39.13,39.13,96.54,96.54,0,71.0,4.62,3,10.0,25.0,4.49,0.0,0.0,0,0,39.13,v2_conservative_ranker,31.55,5.0,6,-2.0,38.0,9.58,0.0,0.0,0.0,v3_stability_ranker,price_momentum,23450.0,0.1696,0.5227,0.2614,19686.0,18095.5,1.9234,0.1049,pykrx,,,,,,,,,data/raw/price_347700_20260409_20260807.csv,183,False,Broad evaluation pool candidate,234,False,Broad evaluation pool candidate
058730,2026-08-07,2026-08-07,2026-08-07,2026-08-07,AVOID,negative,38.99,38.99,38.99,42.43,42.43,0,49.05,-2.0,2,8.76,0.0,1.3,0.0,0.0,0,0,38.99,v2_conservative_ranker,42.5,-3.0,1,3.05,0.0,4.48,0.0,39.07,39.07,v3_stability_ranker,neutral,3245.0,-0.0046,0.0605,-0.3458,3181.0,3809.75,0.2803,0.073,pykrx,,,,,,,,,data/raw/price_058730_20260409_20260807.csv,184,False,Broad evaluation pool candidate,159,False,Broad evaluation pool candidate
036530,2026-08-07,2026-08-07,2026-08-07,2026-08-07,AVOID,negative,38.62,38.62,38.62,39.73,39.73,0,41.65,-2.0,2,3.02,0.0,0.0,0.0,0.0,0,0,38.62,v2_conservative_ranker,35.2,-3.0,1,13.22,0.0,0.0,0.0,46.42,46.42,v3_stability_ranker,neutral,48200.0,-0.0021,-0.035,0.0042,48070.0,49362.5,0.256,0.0252,pykrx,,,,,,,,,data/raw/price_036530_20260409_20260807.csv,185,False,Broad evaluation pool candidate,132,False,Broad evaluation pool candidate
109740,2026-08-07,2026-08-07,2026-08-07,2026-08-07,AVOID,negative,38.61,38.61,38.61,40.17,40.17,0,43.37,-2.0,2,4.76,0.0,0.0,0.0,0.0,0,0,38.61,v2_conservative_ranker,34.5,-3.0,1,11.04,0.0,0.0,0.0,43.55,43.55,v3_stability_ranker,neutral,4105.0,0.0111,0.0037,-0.1782,4136.0,4513.5,0.1129,0.0397,pykrx,,,,,,,,,data/raw/price_109740_20260409_20260807.csv,186,False,Broad evaluation pool candidate,144,False,Broad evaluation pool candidate
002020,2026-08-07,2026-08-07,2026-08-07,2026-08-07,AVOID,negative,38.34,38.34,38.34,44.72,44.72,0,51.0,-2.0,2,10.0,0.0,2.66,0.0,0.0,0,0,38.34,v2_conservative_ranker,38.5,-3.0,1,2.0,0.0,6.66,0.0,31.84,31.84,v3_stability_ranker,neutral,25450.0,-0.0174,0.1017,-0.4095,25330.0,28540.0,0.0918,0.0866,pykrx,,,,,,,,,data/raw/price_002020_20260409_20260807.csv,187,False,Broad evaluation pool candidate,181,False,Broad evaluation pool candidate
457600,2026-08-07,2026-08-07,2026-08-07,2026-08-07,AVOID,negative,38.24,38.24,38.24,58.15,58.15,0,54.56,-2.0,2,10.0,2.55,3.07,0.0,0.7,0,0,38.24,v2_conservative_ranker,33.97,-3.0,1,1.0,6.33,7.31,1.0,18.33,18.33,v3_stability_ranker,neutral,3390.0,-0.1067,-0.0044,0.4066,3647.0,3236.5,0.7654,0.0907,pykrx,,,,medium_attention,no_risk_noise,,,,data/raw/price_457600_20260409_20260807.csv,188,False,Broad evaluation pool candidate,213,False,Broad evaluation pool candidate
206400,2026-08-07,2026-08-07,2026-08-07,2026-08-07,AVOID,negative,37.98,37.98,37.98,43.19,43.19,0,42.12,0.0,2,6.14,0.0,0.0,0.0,0.0,0,0,37.98,v2_conservative_ranker,34.5,2.0,6,9.32,0.0,0.99,0.0,50.83,50.83,v3_stability_ranker,neutral,841.0,-0.0059,-0.0164,-0.1496,842.2,832.6,0.9047,0.0512,pykrx,,,,,,,,,data/raw/price_206400_20260409_20260807.csv,189,False,Broad evaluation pool candidate,99,False,Broad evaluation pool candidate
159910,2026-08-07,2026-08-07,2026-08-07,2026-08-07,AVOID,negative,37.62,37.62,37.62,37.89,37.89,0,42.28,-2.0,2,4.67,0.0,0.0,0.0,0.0,0,0,37.62,v2_conservative_ranker,38.0,-3.0,1,11.16,0.0,0.0,0.0,47.16,47.16,v3_stability_ranker,neutral,3115.0,-0.0064,-0.0266,-0.0016,3152.0,3175.25,0.0864,0.0389,pykrx,,,,,,,,,data/raw/price_159910_20260409_20260807.csv,190,False,Broad evaluation pool candidate,127,False,Broad evaluation pool candidate
296160,2026-08-07,2026-08-07,2026-08-07,2026-08-07,AVOID,negative,37.4,37.4,37.4,37.79,37.79,0,40.49,-2.0,2,3.08,0.0,0.0,0.0,0.0,0,0,37.4,v2_conservative_ranker,35.7,-3.0,1,13.14,0.0,0.0,0.0,46.84,46.84,v3_stability_ranker,neutral,2685.0,0.0019,-0.0272,-0.0512,2723.0,2758.0,0.2736,0.0257,pykrx,,,,,,,,,data/raw/price_296160_20260409_20260807.csv,191,False,Broad evaluation pool candidate,130,False,Broad evaluation pool candidate
189330,2026-08-07,2026-08-07,2026-08-07,2026-08-07,AVOID,negative,36.97,36.97,36.97,78.37,78.37,0,60.95,2.63,3,10.0,16.94,2.67,0.0,0.0,0,0,36.97,v2_conservative_ranker,27.79,8.0,6,-2.0,30.64,6.67,0.0,2.48,2.48,v3_stability_ranker,price_momentum,11610.0,0.1057,0.306,-0.1158,10704.0,9721.0,1.5267,0.0867,pykrx,,,,,,,,,data/raw/price_189330_20260409_20260807.csv,192,False,Broad evaluation pool candidate,230,False,Broad evaluation pool candidate
187870,2026-08-07,2026-08-07,2026-08-07,2026-08-07,AVOID,negative,36.87,36.87,36.87,44.77,44.77,0,49.13,-2.0,2,9.96,0.0,2.3,0.0,0.0,0,0,36.87,v2_conservative_ranker,44.31,-3.0,1,5.0,0.0,6.08,0.0,41.23,41.23,v3_stability_ranker,neutral,11890.0,-0.0372,0.0339,-0.0931,11632.0,11960.0,0.3387,0.083,pykrx,,,,,,,,,data/raw/price_187870_20260409_20260807.csv,193,False,Broad evaluation pool candidate,155,False,Broad evaluation pool candidate
210980,2026-08-07,2026-08-07,2026-08-07,2026-08-07,AVOID,negative,36.71,36.71,36.71,74.6,74.6,0,55.0,3.0,3,10.0,4.29,10.0,0.0,0.0,0,0,36.71,v2_conservative_ranker,31.85,-1.49,4,-2.0,10.79,12.33,0.0,9.23,9.23,v3_stability_ranker,price_momentum,5280.0,-0.1111,0.2336,-0.5302,4968.0,5922.25,2.9327,0.131,pykrx,,,,,,,,,data/raw/price_210980_20260409_20260807.csv,194,False,Broad evaluation pool candidate,227,False,Broad evaluation pool candidate
009150,2026-08-07,2026-08-07,2026-08-07,2026-08-07,AVOID,negative,36.01,36.01,36.01,48.91,48.91,0,51.49,-2.0,2,10.0,0.0,5.48,0.0,0.0,0,0,36.01,v2_conservative_ranker,38.5,-3.0,1,5.0,0.0,10.0,0.0,31.5,31.5,v3_stability_ranker,neutral,1258000.0,0.0236,0.1016,-0.1574,1241800.0,1261250.0,0.4366,0.1148,pykrx,,,,,,,,,data/raw/price_009150_20260409_20260807.csv,195,False,Broad evaluation pool candidate,182,False,Broad evaluation pool candidate
322780,2026-08-07,2026-08-07,2026-08-07,2026-08-07,AVOID,negative,35.86,35.86,35.86,41.49,41.49,0,47.7,-2.0,2,9.73,0.0,2.11,0.0,0.0,0,0,35.86,v2_conservative_ranker,41.46,-3.0,1,5.0,0.0,5.78,0.0,38.69,38.69,v3_stability_ranker,neutral,1956.0,-0.022,-0.0317,0.1678,1998.2,2045.95,0.0452,0.0811,pykrx,,,,,,,,,data/raw/price_322780_20260409_20260807.csv,196,False,Broad evaluation pool candidate,162,False,Broad evaluation pool candidate
005940,2026-08-07,2026-08-07,2026-08-07,2026-08-07,AVOID,negative,35.83,35.83,35.83,37.32,37.32,0,40.57,-2.0,2,4.74,0.0,0.0,0.0,0.0,0,0,35.83,v2_conservative_ranker,35.69,-3.0,1,11.07,0.0,0.0,0.0,44.77,44.77,v3_stability_ranker,neutral,27750.0,-0.0194,-0.0263,-0.0513,27950.0,28977.5,0.4113,0.0395,pykrx,,,,,,,,,data/raw/price_005940_20260409_20260807.csv,197,False,Broad evaluation pool candidate,140,False,Broad evaluation pool candidate
000500,2026-08-07,2026-08-07,2026-08-07,2026-08-07,AVOID,negative,35.49,35.49,35.49,44.48,44.48,0,51.0,-2.0,2,10.0,0.0,5.51,0.0,0.0,0,0,35.49,v2_conservative_ranker,42.5,-3.0,1,-2.0,0.0,10.0,0.0,28.5,28.5,v3_stability_ranker,neutral,145800.0,-0.06,0.0864,-0.3729,148380.0,177265.0,0.3072,0.1151,pykrx,,,,,,,,,data/raw/price_000500_20260409_20260807.csv,198,False,Broad evaluation pool candidate,192,False,Broad evaluation pool candidate
033540,2026-08-07,2026-08-07,2026-08-07,2026-08-07,AVOID,negative,35.24,35.24,35.24,32.16,32.16,0,39.0,0.0,0,3.76,0.0,0.0,0.0,0.0,0,0,35.24,v2_conservative_ranker,32.0,-5.0,0,12.3,0.0,0.0,0.0,39.3,39.3,v3_stability_ranker,neutral,787.0,0.0,0.0,-0.1742,787.0,839.05,0.0,0.0313,pykrx,,,,,,,,,data/raw/price_033540_20260409_20260807.csv,199,False,Broad evaluation pool candidate,158,False,Broad evaluation pool candidate
115160,2026-08-07,2026-08-07,2026-08-07,2026-08-07,AVOID,negative,34.75,34.75,34.75,34.76,34.76,0,40.55,-2.0,2,5.81,0.0,0.0,0.0,0.0,0,0,34.75,v2_conservative_ranker,33.7,-3.0,1,9.74,0.0,0.54,0.0,40.89,40.89,v3_stability_ranker,neutral,5390.0,-0.02,-0.011,-0.0956,5454.0,5790.0,0.2462,0.0484,pykrx,,,,,,,,,data/raw/price_115160_20260409_20260807.csv,200,False,Broad evaluation pool candidate,156,False,Broad evaluation pool candidate
420770,2026-08-07,2026-08-07,2026-08-07,2026-08-07,AVOID,negative,33.89,33.89,33.89,40.16,40.16,0,46.86,-2.0,2,10.0,0.0,2.97,0.0,0.0,0,0,33.89,v2_conservative_ranker,42.5,-3.0,1,-2.0,0.0,7.15,0.0,31.35,31.35,v3_stability_ranker,neutral,107500.0,-0.0504,0.0386,-0.2904,113640.0,126805.0,0.384,0.0897,pykrx,,,,,,,,,data/raw/price_420770_20260409_20260807.csv,201,False,Broad evaluation pool candidate,183,False,Broad evaluation pool candidate
445090,2026-08-07,2026-08-07,2026-08-07,2026-08-07,AVOID,negative,33.76,33.76,33.76,41.18,41.18,0,47.57,-2.0,2,10.0,0.0,3.81,0.0,0.0,0,0,33.76,v2_conservative_ranker,42.5,-3.0,1,5.0,0.0,8.5,0.0,37.0,37.0,v3_stability_ranker,neutral,18190.0,-0.033,0.0382,-0.15,18322.0,19420.0,0.1429,0.0981,pykrx,,,,,,,,,data/raw/price_445090_20260409_20260807.csv,202,False,Broad evaluation pool candidate,168,False,Broad evaluation pool candidate
465770,2026-08-07,2026-08-07,2026-08-07,2026-08-07,AVOID,negative,33.74,33.74,33.74,59.41,59.41,0,57.74,-2.0,2,10.0,8.0,6.0,0.0,0.0,0,0,33.74,v2_conservative_ranker,40.5,-3.0,1,1.0,14.05,10.0,0.0,15.45,15.45,v3_stability_ranker,neutral,3185.0,0.0688,0.0274,0.6746,2888.0,3260.95,0.4448,0.1663,pykrx,,,,,,,,,data/raw/price_465770_20260409_20260807.csv,203,False,Broad evaluation pool candidate,218,False,Broad evaluation pool candidate
115450,2026-08-07,2026-08-07,2026-08-07,2026-08-07,AVOID,negative,33.46,33.46,33.46,59.95,63.95,-4,57.78,-2.0,2,10.0,4.72,4.91,0.0,4.7,0,0,33.46,v2_conservative_ranker,34.52,-3.0,1,2.0,14.16,10.0,7.2,3.16,3.16,v3_stability_ranker,price_momentum,2025.0,0.0,0.2221,-0.0919,1930.0,1727.1,0.2578,0.1091,pykrx,,,,low_attention,risk_noise_detected,,,,data/raw/price_115450_20260409_20260807.csv,204,False,Broad evaluation pool candidate,229,False,Broad evaluation pool candidate
208640,2026-08-07,2026-08-07,2026-08-07,2026-08-07,AVOID,negative,33.2,33.2,33.2,56.29,56.29,0,53.84,-2.0,2,10.0,4.64,6.0,0.0,0.0,0,0,33.2,v2_conservative_ranker,32.5,-3.0,1,5.0,8.65,10.0,0.0,16.85,16.85,v3_stability_ranker,neutral,1020.0,-0.0192,-0.0116,0.453,1157.6,999.95,0.5751,0.1523,pykrx,,,,,,,,,data/raw/price_208640_20260409_20260807.csv,205,False,Broad evaluation pool candidate,216,False,Broad evaluation pool candidate
062970,2026-08-07,2026-08-07,2026-08-07,2026-08-07,AVOID,negative,33.19,33.19,33.19,119.0,119.0,0,79.0,0.0,3,10.0,27.74,11.07,0.0,0.0,0,0,33.19,v2_conservative_ranker,26.21,-9.0,4,-2.0,45.09,29.31,0.0,0.0,0.0,v3_stability_ranker,strong_price_momentum,3020.0,0.2989,0.2989,0.4218,2464.0,2344.45,7.1423,0.0907,pykrx,,,,,,,,,data/raw/price_062970_20260409_20260807.csv,206,False,Broad evaluation pool candidate,235,False,Broad evaluation pool candidate
001420,2026-08-07,2026-08-07,2026-08-07,2026-08-07,AVOID,negative,32.56,32.56,32.56,34.04,34.04,0,37.46,-2.0,2,4.9,0.0,0.0,0.0,0.0,0,0,32.56,v2_conservative_ranker,32.0,-3.0,1,10.88,0.0,0.0,0.0,40.88,40.88,v3_stability_ranker,neutral,2560.0,-0.0154,-0.0154,-0.1755,2654.0,2739.5,0.7393,0.0408,pykrx,,,,,,,,,data/raw/price_001420_20260409_20260807.csv,207,False,Broad evaluation pool candidate,157,False,Broad evaluation pool candidate
101970,2026-08-07,2026-08-07,2026-08-07,2026-08-07,AVOID,negative,32.51,32.51,32.51,31.61,31.61,0,38.23,-2.0,2,5.72,0.0,0.0,0.0,0.0,0,0,32.51,v2_conservative_ranker,31.09,-3.0,1,9.84,0.0,0.43,0.0,38.5,38.5,v3_stability_ranker,neutral,9410.0,0.0032,-0.0368,-0.0882,9318.0,9612.0,0.0791,0.0477,pykrx,,,,,,,,,data/raw/price_101970_20260409_20260807.csv,208,False,Broad evaluation pool candidate,163,False,Broad evaluation pool candidate
069640,2026-08-07,2026-08-07,2026-08-07,2026-08-07,AVOID,negative,32.15,32.15,32.15,76.97,80.97,-4,67.0,-2.0,2,5.51,24.64,0.0,0.0,4.7,0,0,32.15,v2_conservative_ranker,25.16,-3.0,1,7.11,36.0,0.14,7.2,0.0,0.0,v3_stability_ranker,price_momentum,1467.0,-0.0041,0.3005,0.6246,1407.4,1096.2,0.0928,0.0459,pykrx,,,,low_attention,risk_noise_detected,,,,data/raw/price_069640_20260409_20260807.csv,209,False,Broad evaluation pool candidate,236,False,Broad evaluation pool candidate
028080,2026-08-07,2026-08-07,2026-08-07,2026-08-07,AVOID,negative,32.08,32.08,32.08,29.73,29.73,0,36.89,-2.0,2,4.81,0.0,0.0,0.0,0.0,0,0,32.08,v2_conservative_ranker,32.0,-3.0,1,7.99,0.0,0.0,0.0,37.98,37.98,v3_stability_ranker,neutral,4630.0,0.0065,-0.0211,-0.1934,4657.0,5259.75,0.2538,0.0401,pykrx,,,,,,,,,data/raw/price_028080_20260409_20260807.csv,210,False,Broad evaluation pool candidate,165,False,Broad evaluation pool candidate
296640,2026-08-07,2026-08-07,2026-08-07,2026-08-07,AVOID,negative,31.54,31.54,31.54,34.63,31.63,3,40.43,-2.0,2,7.74,0.0,0.45,0.0,0.7,0,0,31.54,v2_conservative_ranker,32.86,-3.0,1,7.32,0.0,3.12,1.0,34.06,34.06,v3_stability_ranker,neutral,4340.0,0.02,-0.0057,-0.1143,4223.0,4548.5,0.0601,0.0645,pykrx,,,,high_attention,no_risk_noise,,,,data/raw/price_296640_20260409_20260807.csv,211,False,Broad evaluation pool candidate,176,False,Broad evaluation pool candidate
091590,2026-08-07,2026-08-07,2026-08-07,2026-08-07,AVOID,negative,31.5,31.5,31.5,36.72,36.72,0,44.69,-2.0,2,10.0,0.0,3.19,0.0,0.0,0,0,31.5,v2_conservative_ranker,42.5,-3.0,1,2.0,0.0,7.5,0.0,35.0,35.0,v3_stability_ranker,neutral,4525.0,-0.0098,0.0169,-0.4899,4442.0,5370.25,0.171,0.0919,pykrx,,,,,,,,,data/raw/price_091590_20260409_20260807.csv,212,False,Broad evaluation pool candidate,173,False,Broad evaluation pool candidate
276730,2026-08-07,2026-08-07,2026-08-07,2026-08-07,AVOID,negative,31.47,31.47,31.47,27.85,27.85,0,39.0,0.0,0,7.38,0.0,0.15,0.0,0.0,0,0,31.47,v2_conservative_ranker,32.0,-5.0,0,4.78,0.0,2.64,0.0,29.13,29.13,v3_stability_ranker,neutral,11470.0,0.0,0.0,-0.4254,11470.0,14606.0,0.0,0.0615,pykrx,,,,,,,,,data/raw/price_276730_20260409_20260807.csv,213,False,Broad evaluation pool candidate,190,False,Broad evaluation pool candidate
011330,2026-08-07,2026-08-07,2026-08-07,2026-08-07,AVOID,negative,31.13,31.13,31.13,99.28,99.28,0,75.0,0.0,3,10.0,33.0,3.87,0.0,0.0,0,0,31.13,v2_conservative_ranker,25.0,2.0,6,-2.0,48.0,8.59,0.0,0.0,0.0,v3_stability_ranker,strong_price_momentum,5910.0,0.2989,0.7382,0.7281,4134.0,3870.75,1.0465,0.0987,pykrx,,,,,,,,,data/raw/price_011330_20260409_20260807.csv,214,False,Broad evaluation pool candidate,237,False,Broad evaluation pool candidate
036630,2026-08-07,2026-08-07,2026-08-07,2026-08-07,AVOID,negative,31.03,31.03,31.03,27.58,27.58,0,37.29,-2.0,2,6.26,0.0,0.0,0.0,0.0,0,0,31.03,v2_conservative_ranker,32.0,-3.0,1,9.17,0.0,1.15,0.0,38.02,38.02,v3_stability_ranker,neutral,6890.0,-0.0241,-0.0171,-0.2575,7058.0,7080.0,0.0851,0.0522,pykrx,,,,,,,,,data/raw/price_036630_20260409_20260807.csv,215,False,Broad evaluation pool candidate,164,False,Broad evaluation pool candidate
002990,2026-08-07,2026-08-07,2026-08-07,2026-08-07,AVOID,negative,30.58,30.58,30.58,36.9,36.9,0,44.98,-2.0,2,10.0,0.0,4.4,0.0,0.0,0,0,30.58,v2_conservative_ranker,42.5,-3.0,1,2.0,0.0,9.44,0.0,33.06,33.06,v3_stability_ranker,neutral,9290.0,-0.0383,0.0198,-0.4633,9462.0,10620.5,0.1536,0.104,pykrx,,,,,,,,,data/raw/price_002990_20260409_20260807.csv,216,False,Broad evaluation pool candidate,178,False,Broad evaluation pool candidate
131100,2026-08-07,2026-08-07,2026-08-07,2026-08-07,AVOID,negative,29.8,29.8,29.8,27.09,27.09,0,39.0,0.0,0,8.29,0.0,0.91,0.0,0.0,0,0,29.8,v2_conservative_ranker,32.0,-5.0,0,3.64,0.0,3.86,0.0,26.78,26.78,v3_stability_ranker,neutral,450.0,0.0,0.0,-0.4431,450.0,600.7,0.0,0.0691,pykrx,,,,,,,,,data/raw/price_131100_20260409_20260807.csv,217,False,Broad evaluation pool candidate,198,False,Broad evaluation pool candidate
297570,2026-08-07,2026-08-07,2026-08-07,2026-08-07,AVOID,negative,29.37,29.37,29.37,25.61,25.61,0,34.24,-2.0,2,4.87,0.0,0.0,0.0,0.0,0,0,29.37,v2_conservative_ranker,28.19,-3.0,1,7.91,0.0,0.0,0.0,34.1,34.1,v3_stability_ranker,neutral,780.0,-0.0382,-0.0476,-0.2778,803.6,921.4,0.0711,0.0406,pykrx,,,,,,,,,data/raw/price_297570_20260409_20260807.csv,218,False,Broad evaluation pool candidate,175,False,Broad evaluation pool candidate
006490,2026-08-07,2026-08-07,2026-08-07,2026-08-07,AVOID,negative,28.86,28.86,28.86,27.45,27.45,0,35.87,-2.0,2,7.01,0.0,0.0,0.0,0.0,0,0,28.86,v2_conservative_ranker,29.5,-3.0,1,5.24,0.0,2.14,0.0,30.59,30.59,v3_stability_ranker,neutral,867.0,-0.0046,-0.0313,-0.4406,887.6,1084.85,0.4027,0.0584,pykrx,,,,,,,,,data/raw/price_006490_20260409_20260807.csv,219,False,Broad evaluation pool candidate,186,False,Broad evaluation pool candidate
092040,2026-08-07,2026-08-07,2026-08-07,2026-08-07,AVOID,negative,28.69,28.69,28.69,30.4,30.4,0,34.31,-2.0,2,5.63,0.0,0.0,0.0,0.0,0,0,28.69,v2_conservative_ranker,27.8,-3.0,1,9.96,0.0,0.3,0.0,35.46,35.46,v3_stability_ranker,price_weakness,1043.0,0.0,-0.0729,-0.097,1114.6,1144.3,0.5388,0.0469,pykrx,,,,,,,,,data/raw/price_092040_20260409_20260807.csv,220,False,Broad evaluation pool candidate,172,False,Broad evaluation pool candidate
215570,2026-08-07,2026-08-07,2026-08-07,2026-08-07,AVOID,negative,28.61,28.61,28.61,36.85,37.85,-1,37.4,0.0,2,3.29,0.0,0.0,0.0,7.5,0,0,28.61,v2_conservative_ranker,30.81,2.0,1,12.89,0.0,0.0,11.2,35.5,35.5,v3_stability_ranker,neutral,747.0,0.0095,-0.0532,-0.0651,761.4,777.55,0.8603,0.0274,pykrx,,,,high_attention,risk_noise_detected,,,,data/raw/price_215570_20260409_20260807.csv,221,False,Broad evaluation pool candidate,171,False,Broad evaluation pool candidate
043260,2026-08-07,2026-08-07,2026-08-07,2026-08-07,AVOID,negative,28.56,28.56,28.56,42.05,46.05,-4,50.9,-2.0,2,10.0,0.0,4.94,0.0,7.4,0,0,28.56,v2_conservative_ranker,42.5,-3.0,1,1.0,0.0,10.0,11.4,20.1,20.1,v3_stability_ranker,neutral,16120.0,-0.0736,0.079,-0.1924,17040.0,17169.5,0.629,0.1094,pykrx,,,,low_attention,risk_noise_detected,,,,data/raw/price_043260_20260409_20260807.csv,222,False,Broad evaluation pool candidate,206,False,Broad evaluation pool candidate
389680,2026-08-07,2026-08-07,2026-08-07,2026-08-07,AVOID,negative,28.33,28.33,28.33,37.82,37.82,0,35.0,3.0,3,8.0,0.0,4.67,0.0,0.0,0,0,28.33,v2_conservative_ranker,26.5,-1.3,4,4.0,0.0,3.47,0.0,29.72,29.72,v3_stability_ranker,price_weakness,1143.0,-0.0138,-0.147,-0.2949,1235.2,1516.05,2.8657,0.0667,pykrx,,,,,,,,,data/raw/price_389680_20260409_20260807.csv,223,False,Broad evaluation pool candidate,188,False,Broad evaluation pool candidate
078590,2026-08-07,2026-08-07,2026-08-07,2026-08-07,AVOID,negative,28.18,28.18,28.18,77.62,77.62,0,67.0,-2.0,2,10.0,22.82,6.0,0.0,0.0,0,0,28.18,v2_conservative_ranker,25.0,-3.0,1,2.0,33.37,10.0,0.0,0.0,0.0,v3_stability_ranker,price_momentum,3325.0,-0.0264,0.427,0.6141,3312.0,2702.65,0.1037,0.1384,pykrx,,,,,,,,,data/raw/price_078590_20260409_20260807.csv,224,False,Broad evaluation pool candidate,238,False,Broad evaluation pool candidate
224060,2026-08-07,2026-08-07,2026-08-07,2026-08-07,AVOID,negative,28.08,28.08,28.08,28.33,28.33,0,36.67,-2.0,2,7.96,0.0,0.63,0.0,0.0,0,0,28.08,v2_conservative_ranker,32.0,-3.0,1,4.05,0.0,3.41,0.0,30.65,30.65,v3_stability_ranker,neutral,3360.0,-0.0147,-0.0233,-0.2329,3422.0,4070.0,0.5481,0.0663,pykrx,,,,,,,,,data/raw/price_224060_20260409_20260807.csv,225,False,Broad evaluation pool candidate,184,False,Broad evaluation pool candidate
950160,2026-08-07,2026-08-07,2026-08-07,2026-08-07,AVOID,negative,27.62,27.62,27.62,50.65,50.65,0,51.0,-2.0,2,10.0,7.38,6.0,0.0,0.0,0,0,27.62,v2_conservative_ranker,26.64,-3.0,1,-2.0,14.0,10.0,0.0,0.0,0.0,v3_stability_ranker,neutral,16540.0,-0.0586,0.2723,-0.8105,16596.0,35051.0,0.2742,0.1517,pykrx,,,,,,,,,data/raw/price_950160_20260409_20260807.csv,226,False,Broad evaluation pool candidate,239,False,Broad evaluation pool candidate
199800,2026-08-07,2026-08-07,2026-08-07,2026-08-07,AVOID,negative,27.38,27.38,27.38,40.27,44.27,-4,45.23,-2.0,2,10.0,0.0,2.45,0.0,5.4,0,0,27.38,v2_conservative_ranker,41.65,-3.0,1,1.0,0.0,6.32,8.2,26.13,26.13,v3_stability_ranker,neutral,36350.0,-0.0534,-0.0606,0.0655,39899.8,39712.5,0.5089,0.0845,pykrx,,,,medium_attention,risk_noise_detected,,,,data/raw/price_199800_20260409_20260807.csv,227,False,Broad evaluation pool candidate,199,False,Broad evaluation pool candidate
309930,2026-08-07,2026-08-07,2026-08-07,2026-08-07,AVOID,negative,27.23,27.23,27.23,29.09,29.09,0,39.8,-2.0,2,10.0,0.0,2.57,0.0,0.0,0,0,27.23,v2_conservative_ranker,32.5,-3.0,1,5.0,0.0,6.51,0.0,28.99,28.99,v3_stability_ranker,neutral,900.0,0.0251,-0.184,-0.0343,923.2,868.2,0.3015,0.0857,pykrx,,,,,,,,,data/raw/price_309930_20260409_20260807.csv,228,False,Broad evaluation pool candidate,191,False,Broad evaluation pool candidate
079950,2026-08-07,2026-08-07,2026-08-07,2026-08-07,AVOID,negative,27.05,27.05,27.05,35.88,39.88,-4,47.0,-2.0,2,10.0,0.0,5.25,0.0,4.7,0,0,27.05,v2_conservative_ranker,31.55,-3.0,1,1.0,0.0,10.0,7.2,13.35,13.35,v3_stability_ranker,neutral,1095.0,-0.0519,-0.1512,0.2472,1156.2,1123.35,0.146,0.1125,pykrx,,,,low_attention,risk_noise_detected,,,,data/raw/price_079950_20260409_20260807.csv,229,False,Broad evaluation pool candidate,220,False,Broad evaluation pool candidate
119850,2026-08-07,2026-08-07,2026-08-07,2026-08-07,AVOID,negative,26.02,26.02,26.02,81.13,81.13,0,67.0,-2.0,2,10.0,25.0,5.98,0.0,0.0,0,0,26.02,v2_conservative_ranker,25.0,-3.0,1,-2.0,36.0,10.0,0.0,0.0,0.0,v3_stability_ranker,price_momentum,53400.0,0.045,0.459,1.0227,49540.0,37990.0,0.6888,0.1198,pykrx,,,,,,,,,data/raw/price_119850_20260409_20260807.csv,230,False,Broad evaluation pool candidate,240,False,Broad evaluation pool candidate
142760,2026-08-07,2026-08-07,2026-08-07,2026-08-07,AVOID,negative,25.43,25.43,25.43,28.25,28.25,0,36.77,0.0,0,9.46,0.0,1.88,0.0,0.0,0,0,25.43,v2_conservative_ranker,27.2,-5.0,0,2.18,0.0,5.41,0.0,18.98,18.98,v3_stability_ranker,neutral,349.0,0.0,-0.0982,-0.1209,401.6,389.7,0.0,0.0788,pykrx,,,,,,,,,data/raw/price_142760_20260409_20260807.csv,231,False,Broad evaluation pool candidate,208,False,Broad evaluation pool candidate
900120,2026-08-07,2026-08-07,2026-08-07,2026-08-07,AVOID,negative,24.81,24.81,24.81,19.99,19.99,0,31.0,-2.0,2,6.19,0.0,0.0,0.0,0.0,0,0,24.81,v2_conservative_ranker,24.54,-3.0,1,6.26,0.0,1.06,0.0,27.75,27.75,v3_stability_ranker,neutral,788.0,-0.0138,-0.0932,-0.2559,809.8,995.45,0.0782,0.0516,pykrx,,,,,,,,,data/raw/price_900120_20260409_20260807.csv,232,False,Broad evaluation pool candidate,194,False,Broad evaluation pool candidate
004710,2026-08-07,2026-08-07,2026-08-07,2026-08-07,AVOID,negative,24.01,24.01,24.01,29.18,29.18,0,38.65,-2.0,2,10.0,0.0,4.64,0.0,0.0,0,0,24.01,v2_conservative_ranker,32.0,-3.0,1,-2.0,0.0,9.82,0.0,18.18,18.18,v3_stability_ranker,neutral,6940.0,-0.0647,-0.0072,-0.1608,7334.0,7911.0,0.3229,0.1064,pykrx,,,,,,,,,data/raw/price_004710_20260409_20260807.csv,233,False,Broad evaluation pool candidate,215,False,Broad evaluation pool candidate
028260,2026-08-07,2026-08-07,2026-08-07,2026-08-07,AVOID,negative,23.9,23.9,23.9,24.41,24.41,0,33.46,-2.0,2,8.48,0.0,1.07,0.0,0.0,0,0,23.9,v2_conservative_ranker,26.54,-3.0,1,6.39,0.0,4.11,0.0,26.82,26.82,v3_stability_ranker,neutral,327500.0,-0.0195,-0.0683,-0.1347,332100.0,338625.0,0.1744,0.0707,pykrx,,,,,,,,,data/raw/price_028260_20260409_20260807.csv,234,False,Broad evaluation pool candidate,197,False,Broad evaluation pool candidate
069920,2026-08-07,2026-08-07,2026-08-07,2026-08-07,AVOID,negative,23.24,23.24,23.24,48.61,48.61,0,47.0,0.0,3,10.0,10.76,6.0,0.0,0.0,0,0,23.24,v2_conservative_ranker,24.5,8.0,6,1.0,18.16,10.0,0.0,11.34,11.34,v3_stability_ranker,neutral,1093.0,0.093,-0.1171,0.724,1098.4,1059.1,1.0533,0.1761,pykrx,,,,,,,,,data/raw/price_069920_20260409_20260807.csv,235,False,Broad evaluation pool candidate,222,False,Broad evaluation pool candidate
065420,2026-08-07,2026-08-07,2026-08-07,2026-08-07,AVOID,negative,23.0,23.0,23.0,26.0,26.0,0,39.0,0.0,0,10.0,0.0,6.0,0.0,0.0,0,0,23.0,v2_conservative_ranker,32.0,-5.0,0,2.0,0.0,10.0,0.0,19.0,19.0,v3_stability_ranker,neutral,94.0,0.0,0.0,-0.4719,94.0,129.15,0.0,0.17,pykrx,,,,,,,,,data/raw/price_065420_20260409_20260807.csv,236,False,Broad evaluation pool candidate,207,False,Broad evaluation pool candidate
025560,2026-08-07,2026-08-07,2026-08-07,2026-08-07,AVOID,negative,22.88,22.88,22.88,25.49,25.49,0,37.19,-2.0,2,10.0,0.0,4.31,0.0,0.0,0,0,22.88,v2_conservative_ranker,32.0,-3.0,1,2.0,0.0,9.3,0.0,22.7,22.7,v3_stability_ranker,neutral,6500.0,-0.0269,-0.0181,-0.2216,6714.0,7640.0,0.2163,0.1031,pykrx,,,,,,,,,data/raw/price_025560_20260409_20260807.csv,237,False,Broad evaluation pool candidate,204,False,Broad evaluation pool candidate
034730,2026-08-07,2026-08-07,2026-08-07,2026-08-07,AVOID,negative,19.55,19.55,19.55,17.69,17.69,0,31.0,-2.0,2,9.52,0.0,1.93,0.0,0.0,0,0,19.55,v2_conservative_ranker,24.0,-3.0,1,2.11,0.0,5.49,0.0,18.62,18.62,v3_stability_ranker,neutral,499000.0,-0.0196,-0.1041,-0.182,522200.0,568225.0,0.1878,0.0793,pykrx,,,,,,,,,data/raw/price_034730_20260409_20260807.csv,238,False,Broad evaluation pool candidate,210,False,Broad evaluation pool candidate
223220,2026-08-07,2026-08-07,2026-08-07,2026-08-07,AVOID,negative,19.0,19.0,19.0,22.25,22.25,0,35.0,-2.0,2,10.0,0.0,6.0,0.0,0.0,0,0,19.0,v2_conservative_ranker,26.5,-3.0,1,-2.0,0.0,10.0,0.0,12.5,12.5,v3_stability_ranker,neutral,209.0,-0.1469,-0.3924,-0.5217,283.8,282.7,0.5417,0.1234,pykrx,,,,,,,,,data/raw/price_223220_20260409_20260807.csv,239,False,Broad evaluation pool candidate,221,False,Broad evaluation pool candidate
440110,2026-08-07,2026-08-07,2026-08-07,2026-08-07,AVOID,negative,16.33,16.33,16.33,15.28,15.28,0,31.0,-2.0,2,10.0,0.0,4.67,0.0,0.0,0,0,16.33,v2_conservative_ranker,24.0,-3.0,1,-2.0,0.0,9.87,0.0,10.13,10.13,v3_stability_ranker,neutral,55500.0,-0.0415,-0.1246,-0.227,61020.0,65780.0,0.2893,0.1067,pykrx,,,,,,,,,data/raw/price_440110_20260409_20260807.csv,240,False,Broad evaluation pool candidate,224,False,Broad evaluation pool candidate
