stock_code,candidate_date,candidate_pool_date,signal_date,prediction_date,candidate_action,prediction_direction,prediction_score,final_price_signal_score,price_candidate_score,price_signal_score_v1,price_score_base,supplementary_score,base_momentum_score,volume_confirmation_score,liquidity_score,volatility_penalty,overextension_penalty,reversal_risk_penalty,news_risk_penalty,attention_noise_penalty,market_regime_penalty,healthy_context_score,final_price_signal_score_v2,score_version,v3_momentum_quality_score,v3_volume_quality_score,v3_liquidity_quality_score,v3_stability_score,v3_overextension_penalty,v3_reversal_penalty,v3_noise_penalty,v3_final_score,final_price_signal_score_v3,experimental_score_version,signal_label,close,return_1d,return_5d,return_20d,ma5,ma20,volume_ratio_20d,volatility_20d,price_source,corp_name,stock_name,event_type,social_attention_label,social_risk_label,news_risk_score,news_negative_keyword_count,news_risk_keyword_count,source_file,candidate_rank,selected_pick,selection_reason,v3_rank,v3_selected_pick,v3_selection_reason
200710,2026-10-02,2026-10-02,2026-10-02,2026-10-05,BUY_CANDIDATE,positive,84.36,84.36,84.36,112.72,112.72,0,79.0,3.94,3,3.64,0.94,0.0,0.0,0.0,0,3,84.36,v2_conservative_ranker,45.18,8.0,6,9.46,3.88,0.0,0.0,64.76,64.76,v3_stability_ranker,strong_price_momentum,29700.0,0.0137,0.1103,0.2719,28270.0,25480.0,1.7873,0.0303,kis,,,,,,,,,data/raw/price_200710_20260607_20261005.csv,1,True,Top 20 by conservative v2 price signal score,190,False,Broad evaluation pool candidate
189300,2026-10-02,2026-10-02,2026-10-02,2026-10-05,BUY_CANDIDATE,positive,83.96,83.96,83.96,107.74,107.74,0,76.49,5.59,3,3.58,0.54,0.0,0.0,0.0,0,3,83.96,v2_conservative_ranker,57.0,5.0,6,5.53,5.01,0.0,0.0,68.52,68.52,v3_stability_ranker,strong_price_momentum,73600.0,0.0745,0.056,0.1683,68540.0,66055.0,2.1172,0.0298,kis,,,,,,,,,data/raw/price_189300_20260607_20261005.csv,2,True,Top 20 by conservative v2 price signal score,122,False,Broad evaluation pool candidate
086520,2026-10-02,2026-10-02,2026-10-02,2026-10-05,BUY_CANDIDATE,positive,83.19,83.19,83.19,108.28,108.28,0,76.03,4.76,3,3.6,0.0,0.0,0.0,0.0,0,3,83.19,v2_conservative_ranker,53.0,5.0,6,8.5,0.34,0.0,0.0,72.16,72.16,v3_stability_ranker,strong_price_momentum,89100.0,0.047,0.1124,0.0866,83100.0,82645.0,1.9522,0.03,kis,,,,,,,,,data/raw/price_086520_20260607_20261005.csv,3,True,Top 20 by conservative v2 price signal score,81,False,Broad evaluation pool candidate
272210,2026-10-02,2026-10-02,2026-10-02,2026-10-05,BUY_CANDIDATE,positive,82.52,82.52,82.52,109.9,109.9,0,79.0,2.75,3,5.23,0.0,0.0,0.0,0.0,0,3,82.52,v2_conservative_ranker,46.8,8.0,6,7.46,0.0,0.0,0.0,68.26,68.26,v3_stability_ranker,strong_price_momentum,82000.0,0.0393,0.1096,0.2257,76040.0,73525.0,1.5508,0.0436,kis,,,,,,,,,data/raw/price_272210_20260607_20261005.csv,4,True,Top 20 by conservative v2 price signal score,129,False,Broad evaluation pool candidate
065510,2026-10-02,2026-10-02,2026-10-02,2026-10-05,BUY_CANDIDATE,positive,82.24,82.24,82.24,105.28,105.28,0,73.22,6.9,3,1.87,0.0,0.0,3.0,0.0,0,4,82.24,v2_conservative_ranker,57.0,5.0,4,14.66,0.0,0.0,4.5,76.16,76.16,v3_stability_ranker,strong_price_momentum,7100.0,0.0172,0.0741,0.0231,6832.0,6806.0,2.3797,0.0156,kis,,,,,,3,1,1,data/raw/price_065510_20260607_20261005.csv,5,True,Top 20 by conservative v2 price signal score,56,False,Broad evaluation pool candidate
006120,2026-10-02,2026-10-02,2026-10-02,2026-10-05,BUY_CANDIDATE,positive,82.23,82.23,82.23,113.55,113.55,0,79.0,3.41,3,3.18,0.0,0.0,0.0,0.0,0,0,82.23,v2_conservative_ranker,46.6,8.0,6,10.03,2.59,0.0,0.0,68.04,68.04,v3_stability_ranker,strong_price_momentum,67600.0,0.0196,0.1211,0.2313,65540.0,58820.0,1.6816,0.0265,kis,,,,,,,,,data/raw/price_006120_20260607_20261005.csv,6,True,Top 20 by conservative v2 price signal score,133,False,Broad evaluation pool candidate
215480,2026-10-02,2026-10-02,2026-10-02,2026-10-05,BUY_CANDIDATE,positive,81.73,81.73,81.73,103.37,103.37,0,76.13,2.76,3,3.16,0.0,0.0,0.0,0.0,0,3,81.73,v2_conservative_ranker,57.0,8.0,6,13.05,0.0,0.0,0.0,84.06,84.06,v3_stability_ranker,strong_price_momentum,2150.0,0.019,0.075,0.1037,2054.2,2030.6,1.5518,0.0263,kis,,,,,,,,,data/raw/price_215480_20260607_20261005.csv,7,True,Top 20 by conservative v2 price signal score,17,True,Experimental Top 20 by stability-first v3 score
078130,2026-10-02,2026-10-02,2026-10-02,2026-10-05,BUY_CANDIDATE,positive,81.63,81.63,81.63,102.64,102.64,0,72.4,5.34,3,2.1,0.0,0.0,0.0,0.0,0,3,81.63,v2_conservative_ranker,57.0,5.0,6,10.38,0.0,0.0,0.0,78.38,78.38,v3_stability_ranker,strong_price_momentum,3700.0,0.0437,0.0602,0.0393,3541.0,3492.5,2.067,0.0175,kis,,,,,,,,,data/raw/price_078130_20260607_20261005.csv,8,True,Top 20 by conservative v2 price signal score,43,False,Broad evaluation pool candidate
036710,2026-10-02,2026-10-02,2026-10-02,2026-10-05,BUY_CANDIDATE,positive,81.33,81.33,81.33,112.08,112.08,0,79.0,3.47,3,4.56,2.58,0.0,0.0,0.0,0,3,81.33,v2_conservative_ranker,45.7,8.0,6,8.3,6.21,0.0,0.0,61.79,61.79,v3_stability_ranker,strong_price_momentum,5010.0,0.0298,0.1171,0.2572,4747.0,4199.25,1.6942,0.038,kis,,,,,,,,,data/raw/price_036710_20260607_20261005.csv,9,True,Top 20 by conservative v2 price signal score,234,False,Broad evaluation pool candidate
348370,2026-10-02,2026-10-02,2026-10-02,2026-10-05,BUY_CANDIDATE,positive,80.01,80.01,80.01,111.63,111.63,0,79.0,2.54,3,4.54,0.0,0.0,0.0,0.0,0,0,80.01,v2_conservative_ranker,53.0,8.0,6,7.33,4.29,0.0,0.0,70.04,70.04,v3_stability_ranker,strong_price_momentum,22900.0,0.0626,0.1337,0.1798,21180.0,20950.0,1.509,0.0378,kis,,,,,,,,,data/raw/price_348370_20260607_20261005.csv,10,True,Top 20 by conservative v2 price signal score,100,False,Broad evaluation pool candidate
073490,2026-10-02,2026-10-02,2026-10-02,2026-10-05,BUY_CANDIDATE,positive,80.0,80.0,80.0,118.79,118.79,0,79.0,3.0,3,3.0,0.0,0.0,3.0,0.0,0,1,80.0,v2_conservative_ranker,53.0,-1.27,4,10.25,1.2,4.58,4.5,55.7,55.7,v3_stability_ranker,strong_price_momentum,35200.0,0.0383,0.1017,0.2014,33140.0,31037.5,2.8533,0.025,kis,,,,,,3,1,1,data/raw/price_073490_20260607_20261005.csv,11,True,Top 20 by conservative v2 price signal score,364,False,Broad evaluation pool candidate
378340,2026-10-02,2026-10-02,2026-10-02,2026-10-05,BUY_CANDIDATE,positive,79.34,79.34,79.34,99.44,99.44,0,74.54,1.96,3,3.17,0.0,0.0,0.0,0.0,0,3,79.34,v2_conservative_ranker,57.0,8.0,6,13.04,0.0,0.0,0.0,84.04,84.04,v3_stability_ranker,strong_price_momentum,12870.0,0.0329,0.0981,0.1584,12310.0,11942.5,1.392,0.0264,kis,,,,,,,,,data/raw/price_378340_20260607_20261005.csv,12,True,Top 20 by conservative v2 price signal score,18,True,Experimental Top 20 by stability-first v3 score
142210,2026-10-02,2026-10-02,2026-10-02,2026-10-05,BUY_CANDIDATE,positive,79.34,79.34,79.34,97.2,97.2,0,73.29,2.05,3,2.0,0.0,0.0,0.0,0.0,0,3,79.34,v2_conservative_ranker,57.0,8.0,6,14.5,0.0,0.0,0.0,85.5,85.5,v3_stability_ranker,strong_price_momentum,6680.0,0.0,0.0827,0.1227,6496.0,6111.5,1.4105,0.0167,kis,,,,,,,,,data/raw/price_142210_20260607_20261005.csv,13,True,Top 20 by conservative v2 price signal score,6,True,Experimental Top 20 by stability-first v3 score
095270,2026-10-02,2026-10-02,2026-10-02,2026-10-05,BUY_CANDIDATE,positive,78.86,78.86,78.86,111.61,111.61,0,79.0,2.68,3,2.82,0.0,0.0,6.0,0.0,0,3,78.86,v2_conservative_ranker,53.0,8.0,6,6.47,0.14,0.0,10.6,62.74,62.74,v3_stability_ranker,strong_price_momentum,4735.0,0.0407,0.1141,0.1867,4455.0,4221.5,1.5362,0.0235,kis,,,,,,7,3,2,data/raw/price_095270_20260607_20261005.csv,14,True,Top 20 by conservative v2 price signal score,221,False,Broad evaluation pool candidate
045300,2026-10-02,2026-10-02,2026-10-02,2026-10-05,BUY_CANDIDATE,positive,78.67,78.67,78.67,92.64,92.64,0,67.47,7.0,3,1.8,0.0,0.0,0.0,0.0,0,3,78.67,v2_conservative_ranker,57.0,-0.01,4,10.75,1.24,3.85,0.0,66.65,66.65,v3_stability_ranker,price_momentum,2920.0,0.0523,0.0755,0.0835,2763.0,2701.5,2.4031,0.015,kis,,,,,,,,,data/raw/price_045300_20260607_20261005.csv,15,True,Top 20 by conservative v2 price signal score,159,False,Broad evaluation pool candidate
101360,2026-10-02,2026-10-02,2026-10-02,2026-10-05,BUY_CANDIDATE,positive,78.3,78.3,78.3,109.87,109.87,0,76.25,3.27,3,4.21,0.0,0.0,0.0,0.0,0,0,78.3,v2_conservative_ranker,53.0,8.0,6,4.74,3.94,0.0,0.0,67.8,67.8,v3_stability_ranker,strong_price_momentum,8830.0,0.0524,0.1482,0.0928,8164.0,7963.0,1.6535,0.0351,kis,,,,,,,,,data/raw/price_101360_20260607_20261005.csv,16,True,Top 20 by conservative v2 price signal score,139,False,Broad evaluation pool candidate
145720,2026-10-02,2026-10-02,2026-10-02,2026-10-05,BUY_CANDIDATE,positive,78.16,78.16,78.16,95.49,95.49,0,68.46,5.85,3,2.15,0.0,0.0,0.0,0.0,0,3,78.16,v2_conservative_ranker,57.0,5.0,6,10.31,0.0,0.0,0.0,78.31,78.31,v3_stability_ranker,strong_price_momentum,38650.0,0.0418,0.056,0.0531,37220.0,37410.0,2.1708,0.0179,kis,,,,,,,,,data/raw/price_145720_20260607_20261005.csv,17,True,Top 20 by conservative v2 price signal score,44,False,Broad evaluation pool candidate
498390,2026-10-02,2026-10-02,2026-10-02,2026-10-05,BUY_CANDIDATE,positive,77.7,77.7,77.7,100.51,100.51,0,69.6,6.92,3,1.82,0.0,0.0,0.0,0.0,0,0,77.7,v2_conservative_ranker,53.0,5.0,4,11.72,1.09,3.25,0.0,69.37,69.37,v3_stability_ranker,price_momentum,2805.0,0.0275,0.1315,0.1315,2649.8,2521.7,2.3838,0.0152,kis,,,,,,,,,data/raw/price_498390_20260607_20261005.csv,18,True,Top 20 by conservative v2 price signal score,111,False,Broad evaluation pool candidate
222080,2026-10-02,2026-10-02,2026-10-02,2026-10-05,BUY_CANDIDATE,positive,77.48,77.48,77.48,109.22,109.22,0,76.45,3.76,3,2.74,0.0,0.0,3.0,0.0,0,0,77.48,v2_conservative_ranker,53.0,8.0,6,13.58,0.06,0.0,4.5,76.02,76.02,v3_stability_ranker,strong_price_momentum,8360.0,0.0385,0.1206,0.0986,7870.0,7658.0,1.7521,0.0228,kis,,,,,,3,1,1,data/raw/price_222080_20260607_20261005.csv,19,True,Top 20 by conservative v2 price signal score,58,False,Broad evaluation pool candidate
049950,2026-10-02,2026-10-02,2026-10-02,2026-10-05,BUY_CANDIDATE,positive,77.17,77.17,77.17,92.4,92.4,0,69.06,4.23,3,2.12,0.0,0.0,0.0,0.0,0,3,77.17,v2_conservative_ranker,57.0,5.0,6,14.34,0.0,0.0,0.0,82.34,82.34,v3_stability_ranker,price_momentum,11540.0,0.0194,0.0928,0.1161,11056.0,10634.5,1.847,0.0177,kis,,,,,,,,,data/raw/price_049950_20260607_20261005.csv,20,True,Top 20 by conservative v2 price signal score,23,False,Broad evaluation pool candidate
001340,2026-10-02,2026-10-02,2026-10-02,2026-10-05,BUY_CANDIDATE,positive,77.17,77.17,77.17,98.11,98.11,0,70.15,3.36,3,2.34,0.0,0.0,0.0,0.0,0,3,77.17,v2_conservative_ranker,57.0,8.0,6,14.07,0.0,0.0,0.0,85.08,85.08,v3_stability_ranker,strong_price_momentum,5280.0,0.0252,0.0312,0.0581,5102.0,5016.25,1.6719,0.0195,kis,,,,,,,,,data/raw/price_001340_20260607_20261005.csv,21,False,Broad evaluation pool candidate,11,True,Experimental Top 20 by stability-first v3 score
005880,2026-10-02,2026-10-02,2026-10-02,2026-10-05,BUY_CANDIDATE,positive,76.65,76.65,76.65,93.91,93.91,0,71.52,1.41,3,2.28,0.0,0.0,0.0,0.0,0,3,76.65,v2_conservative_ranker,57.0,8.0,6,14.15,0.0,0.0,0.0,85.15,85.15,v3_stability_ranker,strong_price_momentum,2155.0,0.0262,0.0851,0.0721,2083.0,2068.3,1.2817,0.019,kis,,,,medium_attention,no_risk_noise,,,,data/raw/price_005880_20260607_20261005.csv,22,False,Broad evaluation pool candidate,9,True,Experimental Top 20 by stability-first v3 score
137400,2026-10-02,2026-10-02,2026-10-02,2026-10-05,BUY_CANDIDATE,positive,76.45,76.45,76.45,113.64,113.64,0,78.31,4.17,3,3.02,0.0,0.0,6.0,0.0,0,0,76.45,v2_conservative_ranker,53.0,5.0,6,6.22,2.31,0.0,9.0,58.91,58.91,v3_stability_ranker,strong_price_momentum,32650.0,0.0498,0.1357,0.1517,30220.0,29527.5,1.8336,0.0252,kis,,,,,,6,2,2,data/raw/price_137400_20260607_20261005.csv,23,False,Broad evaluation pool candidate,298,False,Broad evaluation pool candidate
215380,2026-10-02,2026-10-02,2026-10-02,2026-10-05,BUY_CANDIDATE,positive,75.92,75.92,75.92,97.4,97.4,0,70.68,2.58,3,3.34,0.0,0.0,0.0,0.0,0,3,75.92,v2_conservative_ranker,57.0,8.0,6,12.83,0.0,0.0,0.0,83.83,83.83,v3_stability_ranker,strong_price_momentum,2340.0,0.0241,0.0241,0.0935,2274.0,2185.75,1.5157,0.0278,kis,,,,,,,,,data/raw/price_215380_20260607_20261005.csv,24,False,Broad evaluation pool candidate,19,True,Experimental Top 20 by stability-first v3 score
488900,2026-10-02,2026-10-02,2026-10-02,2026-10-05,BUY_CANDIDATE,positive,75.81,75.81,75.81,92.65,92.65,0,70.08,4.89,3,5.16,0.0,0.0,0.0,0.0,0,3,75.81,v2_conservative_ranker,49.07,5.0,6,3.55,1.55,0.0,0.0,62.07,62.07,v3_stability_ranker,price_momentum,11490.0,0.0541,0.0708,0.2752,10830.0,10416.5,1.9785,0.043,kis,,,,,,,,,data/raw/price_488900_20260607_20261005.csv,25,False,Broad evaluation pool candidate,230,False,Broad evaluation pool candidate
121600,2026-10-02,2026-10-02,2026-10-02,2026-10-05,BUY_CANDIDATE,positive,75.58,75.58,75.58,105.49,105.49,0,75.0,1.92,3,3.91,0.42,0.0,0.0,0.0,0,0,75.58,v2_conservative_ranker,45.13,8.0,6,5.11,5.48,0.0,0.0,58.77,58.77,v3_stability_ranker,strong_price_momentum,59400.0,0.0421,0.1445,0.2733,56400.0,51337.5,1.3834,0.0326,kis,,,,,,,,,data/raw/price_121600_20260607_20261005.csv,26,False,Broad evaluation pool candidate,301,False,Broad evaluation pool candidate
214430,2026-10-02,2026-10-02,2026-10-02,2026-10-05,BUY_CANDIDATE,positive,75.4,75.4,75.4,122.79,122.79,0,79.0,3.0,3,3.72,4.26,1.62,0.0,0.0,0,0,75.4,v2_conservative_ranker,42.77,-2.35,4,5.35,16.45,10.5,0.0,22.83,22.83,v3_stability_ranker,strong_price_momentum,77900.0,0.0628,0.1389,0.3408,70900.0,63800.0,3.2383,0.031,kis,,,,medium_attention,no_risk_noise,,,,data/raw/price_214430_20260607_20261005.csv,27,False,Broad evaluation pool candidate,745,False,Broad evaluation pool candidate
450080,2026-10-02,2026-10-02,2026-10-02,2026-10-05,BUY_CANDIDATE,positive,75.4,75.4,75.4,90.6,90.6,0,68.09,4.89,3,3.58,0.0,0.0,0.0,0.0,0,3,75.4,v2_conservative_ranker,57.0,5.0,6,12.53,0.0,0.0,0.0,80.53,80.53,v3_stability_ranker,price_momentum,38200.0,0.0338,0.093,0.0883,36020.0,35782.5,1.978,0.0298,kis,,,,,,,,,data/raw/price_450080_20260607_20261005.csv,28,False,Broad evaluation pool candidate,26,False,Broad evaluation pool candidate
348340,2026-10-02,2026-10-02,2026-10-02,2026-10-05,BUY_CANDIDATE,positive,75.21,75.21,75.21,113.09,113.09,0,79.0,3.33,3,4.36,5.76,0.0,0.0,0.0,0,0,75.21,v2_conservative_ranker,40.9,8.0,6,4.55,18.54,0.0,0.0,40.92,40.92,v3_stability_ranker,strong_price_momentum,22600.0,0.0813,0.1272,0.3942,20770.0,18987.5,1.6662,0.0363,kis,,,,medium_attention,no_risk_noise,,,,data/raw/price_348340_20260607_20261005.csv,29,False,Broad evaluation pool candidate,642,False,Broad evaluation pool candidate
264450,2026-10-02,2026-10-02,2026-10-02,2026-10-05,WATCHLIST,neutral_positive,74.63,74.63,74.63,89.31,89.31,0,65.36,5.98,3,2.71,0.0,0.0,0.0,0.0,0,3,74.63,v2_conservative_ranker,57.0,5.0,6,10.61,0.0,0.0,0.0,78.61,78.61,v3_stability_ranker,price_momentum,11750.0,0.0271,0.0362,0.1353,11442.0,10657.5,2.1967,0.0226,kis,,,,,,,,,data/raw/price_264450_20260607_20261005.csv,30,False,Broad evaluation pool candidate,42,False,Broad evaluation pool candidate
004150,2026-10-02,2026-10-02,2026-10-02,2026-10-05,WATCHLIST,neutral_positive,74.55,74.55,74.55,91.28,91.28,0,68.68,1.77,3,1.91,0.0,0.0,0.0,0.0,0,3,74.55,v2_conservative_ranker,57.0,8.0,6,14.62,0.0,0.0,0.0,85.61,85.61,v3_stability_ranker,strong_price_momentum,3635.0,0.0083,0.0521,0.0707,3600.0,3534.5,1.3539,0.0159,kis,,,,,,,,,data/raw/price_004150_20260607_20261005.csv,31,False,Broad evaluation pool candidate,3,True,Experimental Top 20 by stability-first v3 score
282720,2026-10-02,2026-10-02,2026-10-02,2026-10-05,WATCHLIST,neutral_positive,74.51,74.51,74.51,91.06,91.06,0,69.77,1.1,3,2.36,0.0,0.0,0.0,0.0,0,3,74.51,v2_conservative_ranker,57.0,8.0,6,14.04,0.0,0.0,0.0,85.05,85.05,v3_stability_ranker,strong_price_momentum,7790.0,0.0318,0.0657,0.0628,7568.0,7475.0,1.2205,0.0197,kis,,,,,,,,,data/raw/price_282720_20260607_20261005.csv,32,False,Broad evaluation pool candidate,13,True,Experimental Top 20 by stability-first v3 score
141000,2026-10-02,2026-10-02,2026-10-02,2026-10-05,WATCHLIST,neutral_positive,74.19,74.19,74.19,117.55,117.55,0,79.0,4.17,3,2.94,3.04,0.0,6.0,0.0,0,0,74.19,v2_conservative_ranker,39.82,5.0,6,6.32,14.46,0.0,10.6,32.08,32.08,v3_stability_ranker,strong_price_momentum,11170.0,0.0568,0.1858,0.2593,10270.0,9363.0,1.8341,0.0245,kis,,,,,,7,3,2,data/raw/price_141000_20260607_20261005.csv,33,False,Broad evaluation pool candidate,700,False,Broad evaluation pool candidate
001360,2026-10-02,2026-10-02,2026-10-02,2026-10-05,WATCHLIST,neutral_positive,74.14,74.14,74.14,90.79,90.79,0,68.1,3.98,3,3.95,0.0,0.0,0.0,0.0,0,3,74.14,v2_conservative_ranker,53.0,8.0,6,12.07,0.0,0.0,0.0,79.06,79.06,v3_stability_ranker,price_momentum,1449.0,-0.0102,0.1086,0.0887,1361.6,1349.25,1.7967,0.0329,kis,,,,,,,,,data/raw/price_001360_20260607_20261005.csv,34,False,Broad evaluation pool candidate,38,False,Broad evaluation pool candidate
009830,2026-10-02,2026-10-02,2026-10-02,2026-10-05,WATCHLIST,neutral_positive,74.02,74.02,74.02,115.19,115.19,0,79.0,4.08,3,5.12,6.93,0.0,0.0,0.0,0,0,74.02,v2_conservative_ranker,43.66,5.0,6,3.59,18.57,0.0,0.0,39.69,39.69,v3_stability_ranker,strong_price_momentum,36100.0,0.054,0.2363,0.1914,34020.0,30325.0,1.8155,0.0427,kis,,,,,,,,,data/raw/price_009830_20260607_20261005.csv,35,False,Broad evaluation pool candidate,653,False,Broad evaluation pool candidate
306200,2026-10-02,2026-10-02,2026-10-02,2026-10-05,WATCHLIST,neutral_positive,73.78,73.78,73.78,90.77,90.77,0,68.84,2.58,3,3.64,0.0,0.0,0.0,0.0,0,3,73.78,v2_conservative_ranker,53.0,8.0,6,12.46,0.0,0.0,0.0,79.45,79.45,v3_stability_ranker,price_momentum,153700.0,0.0364,0.1122,0.1097,149780.0,147285.0,1.5152,0.0303,kis,,,,,,,,,data/raw/price_306200_20260607_20261005.csv,36,False,Broad evaluation pool candidate,35,False,Broad evaluation pool candidate
171090,2026-10-02,2026-10-02,2026-10-02,2026-10-05,WATCHLIST,neutral_positive,73.43,73.43,73.43,90.59,90.59,0,67.93,3.54,3,4.03,0.0,0.0,0.0,0.0,0,3,73.43,v2_conservative_ranker,53.0,8.0,6,4.96,0.99,0.0,0.0,70.97,70.97,v3_stability_ranker,price_momentum,76500.0,0.0508,0.1152,0.0836,72060.0,69300.0,1.7077,0.0336,kis,,,,,,,,,data/raw/price_171090_20260607_20261005.csv,37,False,Broad evaluation pool candidate,87,False,Broad evaluation pool candidate
464490,2026-10-02,2026-10-02,2026-10-02,2026-10-05,WATCHLIST,neutral_positive,73.35,73.35,73.35,97.33,97.33,0,67.59,6.37,3,3.61,0.0,0.0,0.0,0.0,0,0,73.35,v2_conservative_ranker,47.84,5.0,4,5.49,5.38,3.46,0.0,53.49,53.49,v3_stability_ranker,price_momentum,5230.0,0.0418,0.1766,0.0739,4813.0,4733.5,2.2746,0.0301,kis,,,,,,,,,data/raw/price_464490_20260607_20261005.csv,38,False,Broad evaluation pool candidate,441,False,Broad evaluation pool candidate
368770,2026-10-02,2026-10-02,2026-10-02,2026-10-05,WATCHLIST,neutral_positive,73.34,73.34,73.34,118.71,118.71,0,79.0,3.0,3,4.48,1.18,0.0,6.0,0.0,0,0,73.34,v2_conservative_ranker,46.04,-1.1,4,4.41,8.47,6.69,9.0,29.18,29.18,v3_stability_ranker,strong_price_momentum,14720.0,0.0768,0.1168,0.2475,13370.0,12733.0,2.7939,0.0373,kis,,,,,,6,2,2,data/raw/price_368770_20260607_20261005.csv,39,False,Broad evaluation pool candidate,720,False,Broad evaluation pool candidate
464080,2026-10-02,2026-10-02,2026-10-02,2026-10-05,WATCHLIST,neutral_positive,73.22,73.22,73.22,90.33,90.33,0,70.15,0.53,3,3.46,0.0,0.0,0.0,0.0,0,3,73.22,v2_conservative_ranker,57.0,8.0,6,12.68,0.0,0.0,0.0,83.68,83.68,v3_stability_ranker,strong_price_momentum,10570.0,0.0134,0.0581,0.0953,10330.0,9992.5,1.1056,0.0288,kis,,,,,,,,,data/raw/price_464080_20260607_20261005.csv,40,False,Broad evaluation pool candidate,20,True,Experimental Top 20 by stability-first v3 score
187870,2026-10-02,2026-10-02,2026-10-02,2026-10-05,WATCHLIST,neutral_positive,73.2,73.2,73.2,92.18,92.18,0,71.0,2.69,3,4.12,2.38,0.0,0.0,0.0,0,3,73.2,v2_conservative_ranker,50.32,8.0,6,8.86,5.93,0.0,0.0,67.25,67.25,v3_stability_ranker,price_momentum,12940.0,-0.0204,0.0838,0.2395,12314.0,10876.5,1.5389,0.0343,kis,,,,,,,,,data/raw/price_187870_20260607_20261005.csv,41,False,Broad evaluation pool candidate,148,False,Broad evaluation pool candidate
251370,2026-10-02,2026-10-02,2026-10-02,2026-10-05,WATCHLIST,neutral_positive,73.17,73.17,73.17,116.83,116.83,0,79.0,4.2,3,3.85,9.18,0.0,0.0,0.0,0,0,73.17,v2_conservative_ranker,35.67,5.0,6,9.19,21.02,0.0,0.0,34.84,34.84,v3_stability_ranker,strong_price_momentum,9360.0,0.0377,0.2283,0.2928,8664.0,7556.5,1.8404,0.0321,kis,,,,,,,,,data/raw/price_251370_20260607_20261005.csv,42,False,Broad evaluation pool candidate,688,False,Broad evaluation pool candidate
126880,2026-10-02,2026-10-02,2026-10-02,2026-10-05,WATCHLIST,neutral_positive,72.75,72.75,72.75,95.26,95.26,0,73.12,0.0,2,2.38,0.0,0.0,0.0,0.0,0,0,72.75,v2_conservative_ranker,53.0,2.0,1,14.03,0.0,0.0,0.0,70.03,70.03,v3_stability_ranker,strong_price_momentum,2800.0,0.009,0.1002,0.1178,2681.0,2559.0,0.888,0.0198,kis,,,,,,,,,data/raw/price_126880_20260607_20261005.csv,43,False,Broad evaluation pool candidate,101,False,Broad evaluation pool candidate
061970,2026-10-02,2026-10-02,2026-10-02,2026-10-05,WATCHLIST,neutral_positive,72.37,72.37,72.37,99.79,99.79,0,75.0,0.0,3,3.18,0.45,0.0,3.0,0.0,0,1,72.37,v2_conservative_ranker,45.67,2.0,6,10.03,3.19,0.0,4.5,56.0,56.0,v3_stability_ranker,strong_price_momentum,4850.0,0.001,0.1023,0.2581,4626.0,4190.0,1.0356,0.0265,kis,,,,,,3,1,1,data/raw/price_061970_20260607_20261005.csv,44,False,Broad evaluation pool candidate,359,False,Broad evaluation pool candidate
347700,2026-10-02,2026-10-02,2026-10-02,2026-10-05,WATCHLIST,neutral_positive,72.34,72.34,72.34,90.08,90.08,0,69.01,4.4,3,6.25,0.82,0.0,0.0,0.0,0,3,72.34,v2_conservative_ranker,48.93,5.0,6,2.18,7.96,1.14,0.0,53.02,53.02,v3_stability_ranker,price_momentum,24700.0,0.0763,0.0601,0.2791,22640.0,21459.5,1.8794,0.0521,kis,,,,,,,,,data/raw/price_347700_20260607_20261005.csv,45,False,Broad evaluation pool candidate,454,False,Broad evaluation pool candidate
217330,2026-10-02,2026-10-02,2026-10-02,2026-10-05,WATCHLIST,neutral_positive,72.29,72.29,72.29,85.43,85.43,0,65.3,3.93,3,2.94,0.0,0.0,0.0,0.0,0,3,72.29,v2_conservative_ranker,57.0,8.0,6,13.32,0.0,0.0,0.0,84.33,84.33,v3_stability_ranker,price_momentum,3215.0,-0.0031,0.0628,0.0576,3139.0,3062.5,1.7869,0.0245,kis,,,,medium_attention,no_risk_noise,,,,data/raw/price_217330_20260607_20261005.csv,46,False,Broad evaluation pool candidate,15,True,Experimental Top 20 by stability-first v3 score
001740,2026-10-02,2026-10-02,2026-10-02,2026-10-05,WATCHLIST,neutral_positive,71.82,71.82,71.82,84.15,84.15,0,65.98,1.72,3,1.88,0.0,0.0,0.0,0.0,0,3,71.82,v2_conservative_ranker,57.0,8.0,6,14.64,0.0,0.0,0.0,85.64,85.64,v3_stability_ranker,price_momentum,6520.0,0.0109,0.0741,0.0449,6300.0,6304.5,1.3441,0.0157,kis,,,,,,,,,data/raw/price_001740_20260607_20261005.csv,47,False,Broad evaluation pool candidate,2,True,Experimental Top 20 by stability-first v3 score
089860,2026-10-02,2026-10-02,2026-10-02,2026-10-05,WATCHLIST,neutral_positive,71.79,71.79,71.79,87.65,87.65,0,65.14,1.92,3,1.27,0.0,0.0,0.0,0.0,0,3,71.79,v2_conservative_ranker,51.0,8.0,6,15.41,0.0,0.0,0.0,80.41,80.41,v3_stability_ranker,strong_price_momentum,51400.0,0.0078,0.0352,0.0178,50490.0,49645.0,1.3839,0.0106,kis,,,,,,,,,data/raw/price_089860_20260607_20261005.csv,48,False,Broad evaluation pool candidate,28,False,Broad evaluation pool candidate
059090,2026-10-02,2026-10-02,2026-10-02,2026-10-05,WATCHLIST,neutral_positive,71.72,71.72,71.72,89.03,89.03,0,69.21,2.8,3,5.45,0.85,0.0,0.0,0.0,0,3,71.72,v2_conservative_ranker,47.59,8.0,6,7.19,5.62,0.06,0.0,63.1,63.1,v3_stability_ranker,price_momentum,23950.0,0.0127,0.0621,0.3174,22880.0,20574.0,1.5601,0.0454,kis,,,,,,,,,data/raw/price_059090_20260607_20261005.csv,49,False,Broad evaluation pool candidate,216,False,Broad evaluation pool candidate
114190,2026-10-02,2026-10-02,2026-10-02,2026-10-05,WATCHLIST,neutral_positive,71.45,71.45,71.45,80.86,80.86,0,62.79,5.45,3,2.78,0.0,0.0,0.0,0.0,0,3,71.45,v2_conservative_ranker,57.0,5.0,6,13.52,0.0,0.0,0.0,81.52,81.52,v3_stability_ranker,price_momentum,8970.0,0.0287,0.0781,0.0565,8500.0,8705.0,2.0903,0.0232,kis,,,,,,,,,data/raw/price_114190_20260607_20261005.csv,50,False,Broad evaluation pool candidate,24,False,Broad evaluation pool candidate
028670,2026-10-02,2026-10-02,2026-10-02,2026-10-05,WATCHLIST,neutral_positive,71.31,71.31,71.31,85.14,85.14,0,65.7,3.12,3,3.52,0.0,0.0,0.0,0.0,0,3,71.31,v2_conservative_ranker,53.0,8.0,6,8.61,3.04,0.0,0.0,72.56,72.56,v3_stability_ranker,price_momentum,6250.0,0.0629,0.1161,0.1343,5860.0,5884.0,1.6249,0.0293,kis,,,,medium_attention,no_risk_noise,,,,data/raw/price_028670_20260607_20261005.csv,51,False,Broad evaluation pool candidate,79,False,Broad evaluation pool candidate
145270,2026-10-02,2026-10-02,2026-10-02,2026-10-05,WATCHLIST,neutral_positive,71.06,71.06,71.06,101.56,101.56,0,66.05,3.0,3,1.0,0.0,0.0,0.0,0.0,0,0,71.06,v2_conservative_ranker,43.0,-1.34,4,15.75,0.0,0.0,0.0,61.42,61.42,v3_stability_ranker,strong_price_momentum,803.0,0.005,0.0088,0.005,796.6,789.55,2.8768,0.0083,kis,,,,,,,,,data/raw/price_145270_20260607_20261005.csv,52,False,Broad evaluation pool candidate,244,False,Broad evaluation pool candidate
317770,2026-10-02,2026-10-02,2026-10-02,2026-10-05,WATCHLIST,neutral_positive,71.05,71.05,71.05,96.37,96.37,0,71.0,3.27,3,5.32,0.9,0.0,0.0,0.0,0,0,71.05,v2_conservative_ranker,45.88,8.0,6,7.36,4.66,0.0,0.0,62.57,62.57,v3_stability_ranker,price_momentum,2980.0,0.0102,0.1288,0.2521,2740.0,2558.0,1.6534,0.0443,kis,,,,,,,,,data/raw/price_317770_20260607_20261005.csv,53,False,Broad evaluation pool candidate,223,False,Broad evaluation pool candidate
045100,2026-10-02,2026-10-02,2026-10-02,2026-10-05,WATCHLIST,neutral_positive,70.94,70.94,70.94,81.99,81.99,0,66.93,2.12,3,4.1,0.0,0.0,0.0,0.0,0,3,70.94,v2_conservative_ranker,57.0,8.0,6,8.87,0.0,0.0,0.0,79.87,79.87,v3_stability_ranker,price_momentum,34850.0,-0.0169,0.084,0.1695,33390.0,31115.0,1.423,0.0342,kis,,,,,,,,,data/raw/price_045100_20260607_20261005.csv,54,False,Broad evaluation pool candidate,30,False,Broad evaluation pool candidate
256940,2026-10-02,2026-10-02,2026-10-02,2026-10-05,WATCHLIST,neutral_positive,70.93,70.93,70.93,99.62,99.62,0,71.0,3.29,3,3.98,2.37,0.0,0.0,0.0,0,0,70.93,v2_conservative_ranker,39.81,8.0,6,5.02,11.21,0.0,0.0,47.62,47.62,v3_stability_ranker,price_momentum,7120.0,0.0425,0.173,0.2852,6462.0,5985.5,1.6572,0.0332,kis,,,,,,,,,data/raw/price_256940_20260607_20261005.csv,55,False,Broad evaluation pool candidate,559,False,Broad evaluation pool candidate
117730,2026-10-02,2026-10-02,2026-10-02,2026-10-05,WATCHLIST,neutral_positive,70.74,70.74,70.74,93.42,93.42,0,72.01,0.0,3,4.27,0.0,0.0,0.0,0.0,0,0,70.74,v2_conservative_ranker,57.0,8.0,6,8.66,0.04,0.0,0.0,79.62,79.62,v3_stability_ranker,strong_price_momentum,15090.0,0.004,0.0501,0.1882,14810.0,13468.0,1.0928,0.0356,kis,,,,,,,,,data/raw/price_117730_20260607_20261005.csv,56,False,Broad evaluation pool candidate,33,False,Broad evaluation pool candidate
011790,2026-10-02,2026-10-02,2026-10-02,2026-10-05,WATCHLIST,neutral_positive,70.68,70.68,70.68,108.16,108.16,0,71.0,3.0,3,3.41,2.92,0.0,0.0,0.0,0,0,70.68,v2_conservative_ranker,38.57,-2.21,4,9.74,12.11,2.97,0.0,35.02,35.02,v3_stability_ranker,price_momentum,106800.0,0.0191,0.1946,0.2775,98900.0,90575.0,3.1875,0.0284,kis,,,,,,,,,data/raw/price_011790_20260607_20261005.csv,57,False,Broad evaluation pool candidate,685,False,Broad evaluation pool candidate
089140,2026-10-02,2026-10-02,2026-10-02,2026-10-05,WATCHLIST,neutral_positive,70.67,70.67,70.67,86.72,86.72,0,64.59,2.03,3,1.96,0.0,0.0,0.0,0.0,0,3,70.67,v2_conservative_ranker,57.0,8.0,6,14.55,0.0,0.0,0.0,85.56,85.56,v3_stability_ranker,strong_price_momentum,2165.0,0.0261,0.0285,0.0212,2105.0,2100.0,1.4063,0.0163,kis,,,,,,,,,data/raw/price_089140_20260607_20261005.csv,58,False,Broad evaluation pool candidate,4,True,Experimental Top 20 by stability-first v3 score
172670,2026-10-02,2026-10-02,2026-10-02,2026-10-05,WATCHLIST,neutral_positive,70.65,70.65,70.65,107.65,107.65,0,78.55,3.44,3,4.84,12.5,0.0,0.0,0.0,0,3,70.65,v2_conservative_ranker,43.0,8.0,6,3.96,18.93,0.0,0.0,42.02,42.02,v3_stability_ranker,strong_price_momentum,14810.0,0.0422,0.0755,0.5492,13584.0,12089.0,1.6877,0.0403,kis,,,,,,,,,data/raw/price_172670_20260607_20261005.csv,59,False,Broad evaluation pool candidate,635,False,Broad evaluation pool candidate
112610,2026-10-02,2026-10-02,2026-10-02,2026-10-05,WATCHLIST,neutral_positive,70.41,70.41,70.41,84.55,84.55,0,67.0,0.9,3,3.49,0.0,0.0,0.0,0.0,0,3,70.41,v2_conservative_ranker,53.0,8.0,6,12.63,0.0,0.0,0.0,79.64,79.64,v3_stability_ranker,price_momentum,55300.0,0.0128,0.1038,0.2141,52820.0,51050.0,1.18,0.0291,kis,,,,,,,,,data/raw/price_112610_20260607_20261005.csv,60,False,Broad evaluation pool candidate,32,False,Broad evaluation pool candidate
016380,2026-10-02,2026-10-02,2026-10-02,2026-10-05,WATCHLIST,neutral_positive,70.39,70.39,70.39,83.22,83.22,0,61.86,4.04,3,1.51,0.0,0.0,0.0,0.0,0,3,70.39,v2_conservative_ranker,57.0,5.0,6,15.11,0.0,0.0,0.0,83.11,83.11,v3_stability_ranker,price_momentum,5720.0,0.0124,0.0306,0.0515,5654.0,5624.5,1.807,0.0126,kis,,,,,,,,,data/raw/price_016380_20260607_20261005.csv,61,False,Broad evaluation pool candidate,22,False,Broad evaluation pool candidate
038620,2026-10-02,2026-10-02,2026-10-02,2026-10-05,WATCHLIST,neutral_positive,70.37,70.37,70.37,91.09,91.09,0,72.46,-2.0,2,2.09,0.0,0.0,0.0,0.0,0,0,70.37,v2_conservative_ranker,57.0,-3.0,1,14.39,0.0,0.0,0.0,69.39,69.39,v3_stability_ranker,strong_price_momentum,2155.0,0.0238,0.0845,0.0989,2054.0,1963.1,0.5725,0.0174,kis,,,,,,,,,data/raw/price_038620_20260607_20261005.csv,62,False,Broad evaluation pool candidate,110,False,Broad evaluation pool candidate
065450,2026-10-02,2026-10-02,2026-10-02,2026-10-05,WATCHLIST,neutral_positive,70.35,70.35,70.35,81.04,81.04,0,65.53,0.59,3,1.78,0.0,0.0,0.0,0.0,0,3,70.35,v2_conservative_ranker,57.0,8.0,6,14.78,0.0,0.0,0.0,85.78,85.78,v3_stability_ranker,price_momentum,3100.0,0.0081,0.0653,0.1855,3053.0,2879.75,1.1189,0.0148,kis,,,,,,,,,data/raw/price_065450_20260607_20261005.csv,63,False,Broad evaluation pool candidate,1,True,Experimental Top 20 by stability-first v3 score
009290,2026-10-02,2026-10-02,2026-10-02,2026-10-05,WATCHLIST,neutral_positive,70.21,70.21,70.21,86.48,86.48,0,65.58,0.96,3,2.34,0.0,0.0,0.0,0.0,0,3,70.21,v2_conservative_ranker,57.0,8.0,6,14.07,0.0,0.0,0.0,85.08,85.08,v3_stability_ranker,strong_price_momentum,6580.0,0.0,0.0297,0.0461,6492.0,6383.5,1.1926,0.0195,kis,,,,,,,,,data/raw/price_009290_20260607_20261005.csv,64,False,Broad evaluation pool candidate,12,True,Experimental Top 20 by stability-first v3 score
011930,2026-10-02,2026-10-02,2026-10-02,2026-10-05,WATCHLIST,neutral_positive,69.75,69.75,69.75,124.53,124.53,0,79.0,0.0,3,2.96,1.98,2.3,6.0,0.0,0,1,69.75,v2_conservative_ranker,48.1,-3.21,4,6.29,13.33,12.32,9.0,20.53,20.53,v3_stability_ranker,strong_price_momentum,19940.0,0.0623,0.1729,0.2159,18330.0,16854.5,3.5469,0.0247,kis,,,,,,6,2,2,data/raw/price_011930_20260607_20261005.csv,65,False,Broad evaluation pool candidate,751,False,Broad evaluation pool candidate
079550,2026-10-02,2026-10-02,2026-10-02,2026-10-05,WATCHLIST,neutral_positive,69.71,69.71,69.71,81.59,81.59,0,66.56,0.93,3,3.78,0.0,0.0,0.0,0.0,0,3,69.71,v2_conservative_ranker,57.0,8.0,6,8.28,0.56,0.0,0.0,78.71,78.71,v3_stability_ranker,price_momentum,759000.0,0.0483,0.0968,0.1588,707200.0,691050.0,1.1864,0.0315,kis,,,,,,,,,data/raw/price_079550_20260607_20261005.csv,66,False,Broad evaluation pool candidate,41,False,Broad evaluation pool candidate
282880,2026-10-02,2026-10-02,2026-10-02,2026-10-05,WATCHLIST,neutral_positive,69.38,69.38,69.38,93.8,93.8,0,65.93,3.0,3,2.54,0.0,0.0,0.0,0.0,0,0,69.38,v2_conservative_ranker,57.0,-1.29,4,13.82,0.0,3.84,0.0,69.7,69.7,v3_stability_ranker,price_momentum,11270.0,0.0255,0.0464,0.1225,10858.0,10532.0,2.8592,0.0212,kis,,,,,,,,,data/raw/price_282880_20260607_20261005.csv,67,False,Broad evaluation pool candidate,106,False,Broad evaluation pool candidate
257370,2026-10-02,2026-10-02,2026-10-02,2026-10-05,WATCHLIST,neutral_positive,69.34,69.34,69.34,80.94,80.94,0,63.35,4.17,3,4.19,0.0,0.0,0.0,0.0,0,3,69.34,v2_conservative_ranker,53.0,5.0,6,11.77,0.0,0.0,0.0,75.77,75.77,v3_stability_ranker,price_momentum,1970.0,0.0077,0.1006,0.0672,1877.0,1886.65,1.8348,0.0349,kis,,,,,,,,,data/raw/price_257370_20260607_20261005.csv,68,False,Broad evaluation pool candidate,59,False,Broad evaluation pool candidate
036830,2026-10-02,2026-10-02,2026-10-02,2026-10-05,WATCHLIST,neutral_positive,68.9,68.9,68.9,120.39,120.39,0,78.03,0.0,3,4.55,4.51,3.07,0.0,0.0,0,0,68.9,v2_conservative_ranker,47.63,-4.18,4,4.31,18.85,16.74,0.0,16.18,16.18,v3_stability_ranker,strong_price_momentum,48950.0,0.1012,0.1795,0.1437,43470.0,42095.0,3.8945,0.0379,kis,,,,low_attention,no_risk_noise,,,,data/raw/price_036830_20260607_20261005.csv,69,False,Broad evaluation pool candidate,759,False,Broad evaluation pool candidate
023150,2026-10-02,2026-10-02,2026-10-02,2026-10-05,WATCHLIST,neutral_positive,68.88,68.88,68.88,100.59,100.59,0,68.86,0.0,3,2.98,0.0,0.0,0.0,0.0,0,0,68.88,v2_conservative_ranker,53.0,-6.4,4,13.28,0.0,10.96,0.0,52.92,52.92,v3_stability_ranker,price_momentum,4535.0,0.0378,0.1156,0.1102,4190.0,4140.5,4.6842,0.0248,kis,,,,low_attention,no_risk_noise,,,,data/raw/price_023150_20260607_20261005.csv,70,False,Broad evaluation pool candidate,456,False,Broad evaluation pool candidate
389500,2026-10-02,2026-10-02,2026-10-02,2026-10-05,WATCHLIST,neutral_positive,68.53,68.53,68.53,91.95,91.95,0,70.84,0.0,2,4.31,0.0,0.0,0.0,0.0,0,0,68.53,v2_conservative_ranker,49.11,2.0,6,4.62,2.23,0.0,0.0,59.5,59.5,v3_stability_ranker,strong_price_momentum,44650.0,0.0581,0.0384,0.2739,42310.0,40437.5,0.95,0.0359,kis,,,,,,,,,data/raw/price_389500_20260607_20261005.csv,71,False,Broad evaluation pool candidate,277,False,Broad evaluation pool candidate
119610,2026-10-02,2026-10-02,2026-10-02,2026-10-05,WATCHLIST,neutral_positive,68.51,68.51,68.51,123.92,123.92,0,79.0,0.0,3,3.7,5.04,4.76,0.0,0.0,0,0,68.51,v2_conservative_ranker,40.56,-6.33,4,5.38,19.54,20.65,0.0,3.42,3.42,v3_stability_ranker,strong_price_momentum,17070.0,0.097,0.1854,0.2388,15520.0,14555.0,4.6616,0.0308,kis,,,,,,,,,data/raw/price_119610_20260607_20261005.csv,72,False,Broad evaluation pool candidate,784,False,Broad evaluation pool candidate
161000,2026-10-02,2026-10-02,2026-10-02,2026-10-05,WATCHLIST,neutral_positive,68.44,68.44,68.44,114.66,114.66,0,75.55,3.0,3,3.4,1.61,2.11,6.0,0.0,0,0,68.44,v2_conservative_ranker,53.0,-2.97,4,8.75,6.53,9.41,9.0,37.85,37.85,v3_stability_ranker,strong_price_momentum,11040.0,0.0834,0.1185,0.0729,10364.0,10297.0,3.4595,0.0283,kis,,,,,,6,2,2,data/raw/price_161000_20260607_20261005.csv,73,False,Broad evaluation pool candidate,671,False,Broad evaluation pool candidate
445090,2026-10-02,2026-10-02,2026-10-02,2026-10-05,WATCHLIST,neutral_positive,68.43,68.43,68.43,78.45,78.45,0,62.5,2.22,3,2.28,0.0,0.0,0.0,0.0,0,3,68.43,v2_conservative_ranker,57.0,8.0,6,14.15,0.0,0.0,0.0,85.15,85.15,v3_stability_ranker,price_momentum,22700.0,0.0,0.0437,0.1465,22140.0,21081.5,1.443,0.019,kis,,,,,,,,,data/raw/price_445090_20260607_20261005.csv,74,False,Broad evaluation pool candidate,10,True,Experimental Top 20 by stability-first v3 score
026960,2026-10-02,2026-10-02,2026-10-02,2026-10-05,WATCHLIST,neutral_positive,68.34,68.34,68.34,112.85,112.85,0,75.81,0.0,3,2.22,0.0,3.25,5.0,0.0,0,0,68.34,v2_conservative_ranker,57.0,-4.42,4,10.22,3.18,10.05,7.7,45.87,45.87,v3_stability_ranker,strong_price_momentum,27550.0,0.0637,0.0868,0.0804,26110.0,25685.0,3.9794,0.0185,kis,,,,,,5,3,1,data/raw/price_026960_20260607_20261005.csv,75,False,Broad evaluation pool candidate,589,False,Broad evaluation pool candidate
474650,2026-10-02,2026-10-02,2026-10-02,2026-10-05,WATCHLIST,neutral_positive,68.27,68.27,68.27,81.82,81.82,0,67.0,1.43,3,6.16,0.0,0.0,0.0,0.0,0,3,68.27,v2_conservative_ranker,48.06,8.0,6,2.31,1.2,1.01,0.0,62.16,62.16,v3_stability_ranker,price_momentum,29600.0,0.0423,0.0923,0.304,27630.0,26690.0,1.2862,0.0513,kis,,,,,,,,,data/raw/price_474650_20260607_20261005.csv,76,False,Broad evaluation pool candidate,229,False,Broad evaluation pool candidate
417500,2026-10-02,2026-10-02,2026-10-02,2026-10-05,WATCHLIST,neutral_positive,68.22,68.22,68.22,81.28,81.28,0,67.0,0.52,3,5.3,0.0,0.0,0.0,0.0,0,3,68.22,v2_conservative_ranker,50.76,8.0,6,10.37,0.0,0.0,0.0,75.12,75.12,v3_stability_ranker,price_momentum,4325.0,-0.0046,0.0908,0.227,4144.0,3948.25,1.1039,0.0442,kis,,,,,,,,,data/raw/price_417500_20260607_20261005.csv,77,False,Broad evaluation pool candidate,64,False,Broad evaluation pool candidate
009150,2026-10-02,2026-10-02,2026-10-02,2026-10-05,WATCHLIST,neutral_positive,68.21,68.21,68.21,88.96,88.96,0,70.06,0.0,2,3.85,0.0,0.0,0.0,0.0,0,0,68.21,v2_conservative_ranker,57.0,2.0,1,9.19,0.0,0.0,0.0,69.19,69.19,v3_stability_ranker,strong_price_momentum,1577000.0,0.0102,0.0464,0.1264,1535600.0,1431500.0,0.8675,0.0321,kis,,,,,,,,,data/raw/price_009150_20260607_20261005.csv,78,False,Broad evaluation pool candidate,113,False,Broad evaluation pool candidate
004140,2026-10-02,2026-10-02,2026-10-02,2026-10-05,WATCHLIST,neutral_positive,67.95,67.95,67.95,79.7,79.7,0,61.73,1.42,3,1.19,0.0,0.0,0.0,0.0,0,3,67.95,v2_conservative_ranker,51.0,8.0,6,15.52,0.0,0.0,0.0,80.52,80.52,v3_stability_ranker,price_momentum,1818.0,0.0139,0.0412,0.0173,1786.6,1789.8,1.2834,0.0099,kis,,,,,,,,,data/raw/price_004140_20260607_20261005.csv,79,False,Broad evaluation pool candidate,27,False,Broad evaluation pool candidate
036810,2026-10-02,2026-10-02,2026-10-02,2026-10-05,WATCHLIST,neutral_positive,67.82,67.82,67.82,102.28,102.28,0,71.0,6.85,3,5.23,6.4,0.0,0.0,1.4,0,0,67.82,v2_conservative_ranker,44.1,5.0,4,7.46,15.05,3.25,2.0,40.26,40.26,v3_stability_ranker,price_momentum,35700.0,0.0288,0.1442,0.3029,32810.0,28410.0,2.3699,0.0436,kis,,,,medium_attention,no_risk_noise,,,,data/raw/price_036810_20260607_20261005.csv,80,False,Broad evaluation pool candidate,646,False,Broad evaluation pool candidate
010060,2026-10-02,2026-10-02,2026-10-02,2026-10-05,WATCHLIST,neutral_positive,67.23,67.23,67.23,92.82,92.82,0,68.28,1.82,3,5.87,0.0,0.0,0.0,0.0,0,0,67.23,v2_conservative_ranker,47.0,8.0,6,2.67,6.33,0.62,0.0,56.72,56.72,v3_stability_ranker,strong_price_momentum,236000.0,0.0679,0.1456,-0.0207,225100.0,214400.0,1.3639,0.0489,kis,,,,,,,,,data/raw/price_010060_20260607_20261005.csv,81,False,Broad evaluation pool candidate,346,False,Broad evaluation pool candidate
272110,2026-10-02,2026-10-02,2026-10-02,2026-10-05,WATCHLIST,neutral_positive,67.14,67.14,67.14,80.87,80.87,0,65.77,1.1,3,3.86,1.87,0.0,0.0,0.0,0,3,67.14,v2_conservative_ranker,47.01,8.0,6,9.17,7.9,0.0,0.0,62.28,62.28,v3_stability_ranker,price_momentum,32350.0,-0.0061,0.0677,0.334,30920.0,27387.5,1.2207,0.0322,kis,,,,,,,,,data/raw/price_272110_20260607_20261005.csv,82,False,Broad evaluation pool candidate,227,False,Broad evaluation pool candidate
451760,2026-10-02,2026-10-02,2026-10-02,2026-10-05,WATCHLIST,neutral_positive,67.05,67.05,67.05,97.74,97.74,0,68.18,0.0,3,4.13,0.0,0.0,0.0,0.0,0,0,67.05,v2_conservative_ranker,49.67,-9.0,4,8.84,0.85,14.0,0.0,38.66,38.66,v3_stability_ranker,price_momentum,8730.0,0.0393,0.0518,0.2579,8342.0,7725.5,5.919,0.0344,kis,,,,,,,,,data/raw/price_451760_20260607_20261005.csv,83,False,Broad evaluation pool candidate,664,False,Broad evaluation pool candidate
109860,2026-10-02,2026-10-02,2026-10-02,2026-10-05,WATCHLIST,neutral_positive,66.93,66.93,66.93,85.71,85.71,0,69.7,-2.0,2,2.77,0.0,0.0,0.0,0.0,0,0,66.93,v2_conservative_ranker,57.0,-3.0,1,13.54,0.0,0.0,0.0,68.53,68.53,v3_stability_ranker,strong_price_momentum,7800.0,0.025,0.0656,0.0612,7504.0,7493.0,0.4003,0.0231,kis,,,,,,,,,data/raw/price_109860_20260607_20261005.csv,84,False,Broad evaluation pool candidate,121,False,Broad evaluation pool candidate
089030,2026-10-02,2026-10-02,2026-10-02,2026-10-05,WATCHLIST,neutral_positive,66.91,66.91,66.91,86.45,86.45,0,67.0,1.95,3,4.84,0.2,0.0,0.0,0.0,0,0,66.91,v2_conservative_ranker,53.0,8.0,6,7.96,4.1,0.0,0.0,70.85,70.85,v3_stability_ranker,price_momentum,55700.0,-0.0279,0.1333,0.1763,53070.0,48292.5,1.39,0.0403,kis,,,,,,,,,data/raw/price_089030_20260607_20261005.csv,85,False,Broad evaluation pool candidate,89,False,Broad evaluation pool candidate
070590,2026-10-02,2026-10-02,2026-10-02,2026-10-05,WATCHLIST,neutral_positive,66.73,66.73,66.73,87.49,87.49,0,69.77,-2.0,2,3.04,0.0,0.0,0.0,0.0,0,0,66.73,v2_conservative_ranker,57.0,-3.0,1,13.21,0.0,0.0,0.0,68.2,68.2,v3_stability_ranker,strong_price_momentum,2190.0,0.0186,0.033,0.1563,2150.0,2095.2,0.4842,0.0253,kis,,,,,,,,,data/raw/price_070590_20260607_20261005.csv,86,False,Broad evaluation pool candidate,130,False,Broad evaluation pool candidate
333050,2026-10-02,2026-10-02,2026-10-02,2026-10-05,WATCHLIST,neutral_positive,66.09,66.09,66.09,86.03,86.03,0,68.09,-2.0,2,2.0,0.0,0.0,0.0,0.0,0,0,66.09,v2_conservative_ranker,49.0,-3.0,1,14.5,0.0,0.0,0.0,61.5,61.5,v3_stability_ranker,strong_price_momentum,5850.0,0.0209,0.0139,0.163,5710.0,5510.25,0.3592,0.0167,kis,,,,,,,,,data/raw/price_333050_20260607_20261005.csv,87,False,Broad evaluation pool candidate,242,False,Broad evaluation pool candidate
0013V0,2026-10-02,2026-10-02,2026-10-02,2026-10-05,WATCHLIST,neutral_positive,65.98,65.98,65.98,83.08,83.08,0,64.04,1.95,3,3.01,0.0,0.0,0.0,0.0,0,0,65.98,v2_conservative_ranker,53.0,8.0,6,13.23,0.86,0.0,0.0,79.37,79.37,v3_stability_ranker,price_momentum,5510.0,0.0204,0.1291,0.0868,5174.0,5123.25,1.3901,0.0251,kis,,,,,,,,,data/raw/price_0013V0_20260607_20261005.csv,88,False,Broad evaluation pool candidate,37,False,Broad evaluation pool candidate
006730,2026-10-02,2026-10-02,2026-10-02,2026-10-05,WATCHLIST,neutral_positive,65.97,65.97,65.97,74.07,74.07,0,60.49,2.84,3,3.36,0.0,0.0,0.0,0.0,0,3,65.97,v2_conservative_ranker,51.0,8.0,6,8.8,0.8,0.0,0.0,73.0,73.0,v3_stability_ranker,price_momentum,11400.0,0.0497,0.0755,-0.0018,10954.0,11050.5,1.5686,0.028,kis,,,,,,,,,data/raw/price_006730_20260607_20261005.csv,89,False,Broad evaluation pool candidate,73,False,Broad evaluation pool candidate
451220,2026-10-02,2026-10-02,2026-10-02,2026-10-05,WATCHLIST,neutral_positive,65.79,65.79,65.79,92.47,92.47,0,68.33,3.56,3,3.11,0.0,0.0,6.0,0.0,0,0,65.79,v2_conservative_ranker,53.0,8.0,6,10.12,0.32,0.0,9.0,67.8,67.8,v3_stability_ranker,price_momentum,9320.0,0.0032,0.1202,0.0952,8836.0,8295.5,1.7128,0.0259,kis,,,,,,6,2,2,data/raw/price_451220_20260607_20261005.csv,90,False,Broad evaluation pool candidate,140,False,Broad evaluation pool candidate
206400,2026-10-02,2026-10-02,2026-10-02,2026-10-05,WATCHLIST,neutral_positive,65.79,65.79,65.79,82.93,82.93,0,64.33,6.61,3,9.36,0.0,1.8,0.0,0.0,0,3,65.79,v2_conservative_ranker,51.0,5.0,4,1.3,0.0,5.28,0.0,56.02,56.02,v3_stability_ranker,price_momentum,721.0,-0.2077,0.0974,-0.019,836.2,726.8,2.3226,0.078,kis,,,,,,,,,data/raw/price_206400_20260607_20261005.csv,91,False,Broad evaluation pool candidate,358,False,Broad evaluation pool candidate
402490,2026-10-02,2026-10-02,2026-10-02,2026-10-05,WATCHLIST,neutral_positive,65.72,65.72,65.72,87.33,87.33,0,67.0,1.7,3,4.49,1.5,0.0,0.0,0.0,0,0,65.72,v2_conservative_ranker,45.63,8.0,6,8.39,5.65,0.0,0.0,62.38,62.38,v3_stability_ranker,price_momentum,8070.0,0.005,0.1303,0.259,7642.0,6868.5,1.3406,0.0374,kis,,,,,,,,,data/raw/price_402490_20260607_20261005.csv,92,False,Broad evaluation pool candidate,226,False,Broad evaluation pool candidate
049830,2026-10-02,2026-10-02,2026-10-02,2026-10-05,WATCHLIST,neutral_positive,65.62,65.62,65.62,82.2,82.2,0,67.3,-2.0,2,1.68,0.0,0.0,0.0,0.0,0,0,65.62,v2_conservative_ranker,57.0,-3.0,1,10.9,1.09,0.0,0.0,64.81,64.81,v3_stability_ranker,strong_price_momentum,6750.0,0.0514,0.0433,0.0563,6456.0,6398.0,0.0764,0.014,kis,,,,,,,,,data/raw/price_049830_20260607_20261005.csv,93,False,Broad evaluation pool candidate,189,False,Broad evaluation pool candidate
261200,2026-10-02,2026-10-02,2026-10-02,2026-10-05,WATCHLIST,neutral_positive,65.61,65.61,65.61,84.88,84.88,0,64.61,0.0,3,1.99,0.0,0.0,0.0,0.0,0,0,65.61,v2_conservative_ranker,57.0,8.0,6,14.51,0.0,0.0,0.0,85.51,85.51,v3_stability_ranker,strong_price_momentum,2660.0,0.0192,0.0231,0.037,2615.0,2578.75,1.0641,0.0166,kis,,,,,,,,,data/raw/price_261200_20260607_20261005.csv,94,False,Broad evaluation pool candidate,5,True,Experimental Top 20 by stability-first v3 score
217730,2026-10-02,2026-10-02,2026-10-02,2026-10-05,WATCHLIST,neutral_positive,65.54,65.54,65.54,77.36,77.36,0,61.62,0.87,3,2.95,0.0,0.0,0.0,0.0,0,3,65.54,v2_conservative_ranker,47.0,8.0,6,13.31,0.0,0.0,0.0,74.31,74.31,v3_stability_ranker,price_momentum,2305.0,0.0132,0.1189,0.0177,2190.0,2165.5,1.1738,0.0246,kis,,,,,,,,,data/raw/price_217730_20260607_20261005.csv,95,False,Broad evaluation pool candidate,68,False,Broad evaluation pool candidate
126600,2026-10-02,2026-10-02,2026-10-02,2026-10-05,WATCHLIST,neutral_positive,65.54,65.54,65.54,74.09,74.09,0,61.88,0.59,3,2.93,0.0,0.0,0.0,0.0,0,3,65.54,v2_conservative_ranker,57.0,8.0,6,13.34,0.0,0.0,0.0,84.34,84.34,v3_stability_ranker,price_momentum,3200.0,0.0143,0.0667,0.0631,3058.0,3031.5,1.1181,0.0244,kis,,,,,,,,,data/raw/price_126600_20260607_20261005.csv,96,False,Broad evaluation pool candidate,14,True,Experimental Top 20 by stability-first v3 score
212710,2026-10-02,2026-10-02,2026-10-02,2026-10-05,WATCHLIST,neutral_positive,65.54,65.54,65.54,83.11,83.11,0,64.34,3.26,3,3.06,0.0,0.0,6.0,0.0,0,4,65.54,v2_conservative_ranker,57.0,8.0,6,13.18,0.0,0.0,9.0,75.17,75.17,v3_stability_ranker,price_momentum,7500.0,0.0027,0.0638,0.0274,7282.0,6995.5,1.6522,0.0255,kis,,,,,,6,2,2,data/raw/price_212710_20260607_20261005.csv,97,False,Broad evaluation pool candidate,63,False,Broad evaluation pool candidate
003030,2026-10-02,2026-10-02,2026-10-02,2026-10-05,WATCHLIST,neutral_positive,65.4,65.4,65.4,84.86,84.86,0,66.31,0.0,3,3.91,0.0,0.0,0.0,0.0,0,0,65.4,v2_conservative_ranker,53.0,2.0,6,12.11,2.15,0.0,0.0,70.96,70.96,v3_stability_ranker,price_momentum,115400.0,0.0387,0.1426,0.1517,112560.0,107225.0,1.0454,0.0326,kis,,,,,,,,,data/raw/price_003030_20260607_20261005.csv,98,False,Broad evaluation pool candidate,88,False,Broad evaluation pool candidate
303360,2026-10-02,2026-10-02,2026-10-02,2026-10-05,WATCHLIST,neutral_positive,65.32,65.32,65.32,83.41,83.41,0,66.38,0.0,2,3.06,0.0,0.0,0.0,0.0,0,0,65.32,v2_conservative_ranker,53.0,2.0,1,10.18,2.46,0.0,0.0,63.72,63.72,v3_stability_ranker,price_momentum,6080.0,0.0083,0.1343,0.1537,5800.0,5366.5,0.8083,0.0255,kis,,,,,,,,,data/raw/price_303360_20260607_20261005.csv,99,False,Broad evaluation pool candidate,209,False,Broad evaluation pool candidate
290670,2026-10-02,2026-10-02,2026-10-02,2026-10-05,WATCHLIST,neutral_positive,65.32,65.32,65.32,73.32,73.32,0,57.2,5.18,3,3.06,0.0,0.0,0.0,0.0,0,3,65.32,v2_conservative_ranker,51.0,5.0,6,9.18,1.65,0.0,0.0,69.53,69.53,v3_stability_ranker,price_momentum,5590.0,0.0547,0.0547,-0.0362,5350.0,5637.5,2.0353,0.0255,kis,,,,,,,,,data/raw/price_290670_20260607_20261005.csv,100,False,Broad evaluation pool candidate,107,False,Broad evaluation pool candidate
399720,2026-10-02,2026-10-02,2026-10-02,2026-10-05,WATCHLIST,neutral_positive,65.32,65.32,65.32,92.73,89.73,3,69.32,0.0,3,4.2,0.0,0.0,0.0,2.8,0,0,65.32,v2_conservative_ranker,57.0,8.0,6,8.75,0.0,0.0,4.0,75.75,75.75,v3_stability_ranker,strong_price_momentum,48500.0,0.0021,0.0232,0.1715,46850.0,43425.0,1.0556,0.035,kis,,,,high_attention,no_risk_noise,,,,data/raw/price_399720_20260607_20261005.csv,101,False,Broad evaluation pool candidate,60,False,Broad evaluation pool candidate
306620,2026-10-02,2026-10-02,2026-10-02,2026-10-05,WATCHLIST,neutral_positive,65.14,65.14,65.14,81.96,81.96,0,67.0,0.0,2,3.86,0.0,0.0,0.0,0.0,0,0,65.14,v2_conservative_ranker,57.0,2.0,6,9.17,1.24,0.0,0.0,72.93,72.93,v3_stability_ranker,price_momentum,2195.0,0.0139,0.092,0.2021,2093.4,1934.65,0.9961,0.0322,kis,,,,,,,,,data/raw/price_306620_20260607_20261005.csv,102,False,Broad evaluation pool candidate,75,False,Broad evaluation pool candidate
053580,2026-10-02,2026-10-02,2026-10-02,2026-10-05,WATCHLIST,neutral_positive,65.08,65.08,65.08,73.38,73.38,0,58.92,2.27,3,2.11,0.0,0.0,0.0,0.0,0,3,65.08,v2_conservative_ranker,57.0,8.0,6,14.36,0.0,0.0,0.0,85.36,85.36,v3_stability_ranker,price_momentum,7250.0,0.0357,0.0477,0.0328,7096.0,7043.0,1.4542,0.0176,kis,,,,,,,,,data/raw/price_053580_20260607_20261005.csv,103,False,Broad evaluation pool candidate,7,True,Experimental Top 20 by stability-first v3 score
290720,2026-10-02,2026-10-02,2026-10-02,2026-10-05,WATCHLIST,neutral_positive,65.04,65.04,65.04,81.91,81.91,0,61.69,4.22,3,3.86,0.0,0.0,0.0,0.0,0,0,65.04,v2_conservative_ranker,49.0,5.0,6,12.17,0.0,0.0,0.0,72.17,72.17,v3_stability_ranker,price_momentum,3095.0,0.0148,0.0148,0.0917,2982.0,2842.5,1.8437,0.0322,kis,,,,,,,,,data/raw/price_290720_20260607_20261005.csv,104,False,Broad evaluation pool candidate,80,False,Broad evaluation pool candidate
086820,2026-10-02,2026-10-02,2026-10-02,2026-10-05,WATCHLIST,neutral_positive,64.94,64.94,64.94,73.82,73.82,0,60.91,1.01,3,2.98,0.0,0.0,0.0,0.0,0,3,64.94,v2_conservative_ranker,57.0,8.0,6,13.28,0.0,0.0,0.0,84.28,84.28,v3_stability_ranker,price_momentum,6720.0,-0.0247,0.0516,0.0787,6748.0,6503.0,1.201,0.0248,kis,,,,,,,,,data/raw/price_086820_20260607_20261005.csv,105,False,Broad evaluation pool candidate,16,True,Experimental Top 20 by stability-first v3 score
047810,2026-10-02,2026-10-02,2026-10-02,2026-10-05,WATCHLIST,neutral_positive,64.88,64.88,64.88,81.24,81.24,0,64.61,0.0,3,2.72,0.0,0.0,0.0,0.0,0,0,64.88,v2_conservative_ranker,57.0,8.0,6,9.59,0.65,0.0,0.0,79.95,79.95,v3_stability_ranker,price_momentum,133300.0,0.0488,0.0455,0.0873,128720.0,128985.0,1.0984,0.0227,kis,,,,,,,,,data/raw/price_047810_20260607_20261005.csv,106,False,Broad evaluation pool candidate,29,False,Broad evaluation pool candidate
016610,2026-10-02,2026-10-02,2026-10-02,2026-10-05,WATCHLIST,neutral_positive,64.82,64.82,64.82,83.84,83.84,0,65.54,-2.0,2,0.72,0.0,0.0,0.0,0.0,0,0,64.82,v2_conservative_ranker,57.0,-3.0,1,16.1,0.0,0.0,0.0,71.1,71.1,v3_stability_ranker,strong_price_momentum,10500.0,0.0116,0.0204,0.0714,10358.0,10192.0,0.4712,0.006,kis,,,,,,,,,data/raw/price_016610_20260607_20261005.csv,107,False,Broad evaluation pool candidate,86,False,Broad evaluation pool candidate
291230,2026-10-02,2026-10-02,2026-10-02,2026-10-05,WATCHLIST,neutral_positive,64.81,64.81,64.81,83.08,83.08,0,63.26,0.0,2,0.44,0.0,0.0,0.0,0.0,0,0,64.81,v2_conservative_ranker,49.0,2.0,1,16.45,0.0,0.0,0.0,68.44,68.44,v3_stability_ranker,strong_price_momentum,2605.0,-0.0019,0.0136,0.0256,2600.0,2555.25,0.8009,0.0037,kis,,,,,,,,,data/raw/price_291230_20260607_20261005.csv,108,False,Broad evaluation pool candidate,123,False,Broad evaluation pool candidate
373220,2026-10-02,2026-10-02,2026-10-02,2026-10-05,WATCHLIST,neutral_positive,64.73,64.73,64.73,85.73,85.73,0,68.15,-2.0,2,3.42,0.0,0.0,0.0,0.0,0,0,64.73,v2_conservative_ranker,57.0,-3.0,1,12.72,0.0,0.0,0.0,67.72,67.72,v3_stability_ranker,strong_price_momentum,369000.0,0.0236,0.0498,0.0619,360600.0,360050.0,0.7506,0.0285,kis,,,,medium_attention,no_risk_noise,,,,data/raw/price_373220_20260607_20261005.csv,109,False,Broad evaluation pool candidate,141,False,Broad evaluation pool candidate
042700,2026-10-02,2026-10-02,2026-10-02,2026-10-05,WATCHLIST,neutral_positive,64.28,64.28,64.28,83.67,83.67,0,67.0,0.0,2,4.72,0.0,0.0,0.0,0.0,0,0,64.28,v2_conservative_ranker,45.11,2.0,6,8.11,1.16,0.0,0.0,60.05,60.05,v3_stability_ranker,price_momentum,272000.0,0.013,0.117,0.274,256700.0,239925.0,0.9835,0.0393,kis,,,,,,,,,data/raw/price_042700_20260607_20261005.csv,110,False,Broad evaluation pool candidate,268,False,Broad evaluation pool candidate
002880,2026-10-02,2026-10-02,2026-10-02,2026-10-05,WATCHLIST,neutral_positive,64.19,64.19,64.19,82.85,82.85,0,61.33,3.0,3,3.13,0.0,0.0,0.0,0.0,0,0,64.19,v2_conservative_ranker,51.0,-0.28,4,9.09,3.3,4.92,0.0,55.59,55.59,v3_stability_ranker,price_momentum,3800.0,0.0644,0.0999,0.0093,3540.0,3563.75,2.5004,0.0261,kis,,,,,,,,,data/raw/price_002880_20260607_20261005.csv,111,False,Broad evaluation pool candidate,369,False,Broad evaluation pool candidate
253590,2026-10-02,2026-10-02,2026-10-02,2026-10-05,WATCHLIST,neutral_positive,64.15,64.15,64.15,105.39,105.39,0,71.0,3.0,3,4.64,6.2,0.0,3.0,0.0,0,1,64.15,v2_conservative_ranker,42.49,-1.39,4,4.2,20.83,8.92,4.5,15.05,15.05,v3_stability_ranker,price_momentum,15580.0,0.0708,0.1389,0.3489,14054.0,12446.5,2.895,0.0387,kis,,,,,,3,1,1,data/raw/price_253590_20260607_20261005.csv,112,False,Broad evaluation pool candidate,761,False,Broad evaluation pool candidate
460470,2026-10-02,2026-10-02,2026-10-02,2026-10-05,WATCHLIST,neutral_positive,64.13,64.13,64.13,83.18,83.18,0,63.46,1.67,3,4.01,0.0,0.0,0.0,0.0,0,0,64.13,v2_conservative_ranker,48.36,8.0,6,7.99,6.78,0.0,0.0,63.56,63.56,v3_stability_ranker,price_momentum,3040.0,0.0574,0.1692,0.0704,2898.0,2779.25,1.3339,0.0334,kis,,,,,,,,,data/raw/price_460470_20260607_20261005.csv,113,False,Broad evaluation pool candidate,211,False,Broad evaluation pool candidate
005940,2026-10-02,2026-10-02,2026-10-02,2026-10-05,WATCHLIST,neutral_positive,63.86,63.86,63.86,84.28,84.28,0,65.34,-2.0,2,1.49,0.0,0.0,0.0,0.0,0,0,63.86,v2_conservative_ranker,57.0,-3.0,1,15.14,0.0,0.0,0.0,70.14,70.14,v3_stability_ranker,strong_price_momentum,26850.0,0.0132,0.0327,0.0307,26330.0,26215.0,0.7851,0.0124,kis,,,,,,,,,data/raw/price_005940_20260607_20261005.csv,114,False,Broad evaluation pool candidate,99,False,Broad evaluation pool candidate
119830,2026-10-02,2026-10-02,2026-10-02,2026-10-05,WATCHLIST,neutral_positive,63.74,63.74,63.74,71.88,71.88,0,60.06,2.06,3,4.38,0.0,0.0,0.0,0.0,0,3,63.74,v2_conservative_ranker,51.0,8.0,6,11.53,0.0,0.0,0.0,76.53,76.53,v3_stability_ranker,price_momentum,6670.0,-0.0361,0.0706,0.0,6556.0,6199.0,1.4122,0.0365,kis,,,,,,,,,data/raw/price_119830_20260607_20261005.csv,115,False,Broad evaluation pool candidate,54,False,Broad evaluation pool candidate
040910,2026-10-02,2026-10-02,2026-10-02,2026-10-05,WATCHLIST,neutral_positive,63.5,63.5,63.5,71.02,71.02,0,52.77,6.26,3,1.54,0.0,0.0,0.0,0.0,0,3,63.5,v2_conservative_ranker,48.06,5.0,4,15.08,0.0,1.71,0.0,70.42,70.42,v3_stability_ranker,price_momentum,4215.0,0.0255,0.0206,-0.0654,4125.0,4217.0,2.252,0.0128,kis,,,,,,,,,data/raw/price_040910_20260607_20261005.csv,116,False,Broad evaluation pool candidate,93,False,Broad evaluation pool candidate
403550,2026-10-02,2026-10-02,2026-10-02,2026-10-05,WATCHLIST,neutral_positive,63.46,63.46,63.46,80.74,80.74,0,59.3,3.0,3,1.84,0.0,0.0,0.0,0.0,0,0,63.46,v2_conservative_ranker,51.0,-0.76,4,14.71,0.0,3.97,0.0,64.97,64.97,v3_stability_ranker,price_momentum,11280.0,0.0387,0.0642,-0.0035,10858.0,10869.5,2.6713,0.0153,kis,,,,,,,,,data/raw/price_403550_20260607_20261005.csv,117,False,Broad evaluation pool candidate,186,False,Broad evaluation pool candidate
389260,2026-10-02,2026-10-02,2026-10-02,2026-10-05,WATCHLIST,neutral_positive,63.22,63.22,63.22,71.47,71.47,0,58.84,0.59,3,2.22,0.0,0.0,0.0,0.0,0,3,63.22,v2_conservative_ranker,57.0,8.0,6,14.22,0.0,0.0,0.0,85.22,85.22,v3_stability_ranker,price_momentum,13350.0,0.0083,0.0405,0.0512,13136.0,13068.5,1.119,0.0185,kis,,,,,,,,,data/raw/price_389260_20260607_20261005.csv,118,False,Broad evaluation pool candidate,8,True,Experimental Top 20 by stability-first v3 score
217190,2026-10-02,2026-10-02,2026-10-02,2026-10-05,WATCHLIST,neutral_positive,63.14,63.14,63.14,81.39,81.39,0,67.0,0.0,2,4.07,1.79,0.0,0.0,0.0,0,0,63.14,v2_conservative_ranker,47.39,2.0,1,8.91,7.25,0.0,0.0,52.05,52.05,v3_stability_ranker,price_momentum,8270.0,0.0024,0.0997,0.3232,8010.0,7009.0,0.8019,0.0339,kis,,,,,,,,,data/raw/price_217190_20260607_20261005.csv,119,False,Broad evaluation pool candidate,474,False,Broad evaluation pool candidate
186230,2026-10-02,2026-10-02,2026-10-02,2026-10-05,WATCHLIST,neutral_positive,63.12,63.12,63.12,70.44,70.44,0,53.43,5.33,3,1.63,0.0,0.0,0.0,0.0,0,3,63.12,v2_conservative_ranker,47.94,5.0,6,14.96,0.0,0.0,0.0,73.9,73.9,v3_stability_ranker,price_momentum,3290.0,0.0346,0.0281,-0.068,3199.0,3305.75,2.0652,0.0136,kis,,,,,,,,,data/raw/price_186230_20260607_20261005.csv,120,False,Broad evaluation pool candidate,69,False,Broad evaluation pool candidate
081180,2026-10-02,2026-10-02,2026-10-02,2026-10-05,WATCHLIST,neutral_positive,62.82,62.82,62.82,84.8,84.8,0,67.0,0.0,3,5.42,1.76,0.0,0.0,0.0,0,0,62.82,v2_conservative_ranker,41.54,2.0,6,7.22,9.38,0.03,0.0,47.35,47.35,v3_stability_ranker,price_momentum,6750.0,0.0227,0.1326,0.3761,6504.0,5820.5,1.0102,0.0452,kis,,,,,,,,,data/raw/price_081180_20260607_20261005.csv,121,False,Broad evaluation pool candidate,563,False,Broad evaluation pool candidate
484870,2026-10-02,2026-10-02,2026-10-02,2026-10-05,WATCHLIST,neutral_positive,62.74,62.74,62.74,72.77,72.77,0,59.85,2.25,3,4.18,1.19,0.0,0.0,0.0,0,3,62.74,v2_conservative_ranker,57.0,8.0,6,7.78,5.93,0.0,0.0,72.85,72.85,v3_stability_ranker,price_momentum,18520.0,0.0799,0.0523,0.0463,17874.0,17860.5,1.4504,0.0348,kis,,,,,,,,,data/raw/price_484870_20260607_20261005.csv,122,False,Broad evaluation pool candidate,76,False,Broad evaluation pool candidate
023760,2026-10-02,2026-10-02,2026-10-02,2026-10-05,WATCHLIST,neutral_positive,62.39,62.39,62.39,81.2,81.2,0,61.23,0.0,2,0.84,0.0,0.0,0.0,0.0,0,0,62.39,v2_conservative_ranker,43.0,2.0,6,15.95,0.0,0.0,0.0,66.95,66.95,v3_stability_ranker,strong_price_momentum,1411.0,0.0064,0.0021,0.0007,1414.4,1411.45,0.9425,0.007,kis,,,,,,,,,data/raw/price_023760_20260607_20261005.csv,123,False,Broad evaluation pool candidate,151,False,Broad evaluation pool candidate
095660,2026-10-02,2026-10-02,2026-10-02,2026-10-05,WATCHLIST,neutral_positive,62.37,62.37,62.37,81.53,81.53,0,62.52,0.0,2,2.15,0.0,0.0,0.0,0.0,0,0,62.37,v2_conservative_ranker,43.0,2.0,6,14.31,0.0,0.0,0.0,65.31,65.31,v3_stability_ranker,strong_price_momentum,18090.0,-0.0006,0.0089,0.018,17976.0,17838.0,0.9209,0.0179,kis,,,,,,,,,data/raw/price_095660_20260607_20261005.csv,124,False,Broad evaluation pool candidate,182,False,Broad evaluation pool candidate
060230,2026-10-02,2026-10-02,2026-10-02,2026-10-05,WATCHLIST,neutral_positive,62.32,62.32,62.32,80.27,80.27,0,66.32,0.0,2,6.0,0.0,0.0,0.0,0.0,0,0,62.32,v2_conservative_ranker,53.0,2.0,6,6.5,0.0,0.8,0.0,66.7,66.7,v3_stability_ranker,price_momentum,1379.0,0.0245,0.1184,0.152,1279.0,1232.8,0.972,0.05,kis,,,,,,,,,data/raw/price_060230_20260607_20261005.csv,125,False,Broad evaluation pool candidate,156,False,Broad evaluation pool candidate
122640,2026-10-02,2026-10-02,2026-10-02,2026-10-05,WATCHLIST,neutral_positive,62.3,62.3,62.3,77.25,77.25,0,64.78,0.0,2,4.48,0.0,0.0,0.0,0.0,0,0,62.3,v2_conservative_ranker,49.82,2.0,1,8.41,0.0,0.0,0.0,61.23,61.23,v3_stability_ranker,price_momentum,33850.0,-0.0188,0.0578,0.2537,33220.0,30465.0,0.8673,0.0373,kis,,,,,,,,,data/raw/price_122640_20260607_20261005.csv,126,False,Broad evaluation pool candidate,246,False,Broad evaluation pool candidate
015360,2026-10-02,2026-10-02,2026-10-02,2026-10-05,WATCHLIST,neutral_positive,62.29,62.29,62.29,82.61,82.61,0,63.51,-2.0,2,1.22,0.0,0.0,0.0,0.0,0,0,62.29,v2_conservative_ranker,49.0,-3.0,1,15.47,0.0,0.0,0.0,62.47,62.47,v3_stability_ranker,strong_price_momentum,14700.0,0.0007,0.0089,0.0463,14692.0,14507.5,0.7367,0.0102,kis,,,,,,,,,data/raw/price_015360_20260607_20261005.csv,127,False,Broad evaluation pool candidate,225,False,Broad evaluation pool candidate
067080,2026-10-02,2026-10-02,2026-10-02,2026-10-05,WATCHLIST,neutral_positive,62.16,62.16,62.16,81.87,81.87,0,64.89,-2.0,2,2.74,0.0,0.0,0.0,0.0,0,0,62.16,v2_conservative_ranker,49.0,-3.0,1,13.58,0.0,0.0,0.0,60.58,60.58,v3_stability_ranker,strong_price_momentum,11620.0,0.0017,0.0148,0.069,11568.0,11155.5,0.5367,0.0228,kis,,,,,,,,,data/raw/price_067080_20260607_20261005.csv,128,False,Broad evaluation pool candidate,260,False,Broad evaluation pool candidate
096870,2026-10-02,2026-10-02,2026-10-02,2026-10-05,WATCHLIST,neutral_positive,62.06,62.06,62.06,71.16,71.16,0,57.68,1.98,3,3.59,0.0,0.0,0.0,0.0,0,3,62.06,v2_conservative_ranker,57.0,8.0,6,12.52,0.0,0.0,0.0,83.52,83.52,v3_stability_ranker,price_momentum,2415.0,0.0147,0.0211,0.0733,2356.0,2342.25,1.395,0.0299,kis,,,,,,,,,data/raw/price_096870_20260607_20261005.csv,129,False,Broad evaluation pool candidate,21,False,Broad evaluation pool candidate
086890,2026-10-02,2026-10-02,2026-10-02,2026-10-05,WATCHLIST,neutral_positive,61.84,61.84,61.84,78.9,78.9,0,64.77,-2.0,2,2.93,0.0,0.0,0.0,0.0,0,0,61.84,v2_conservative_ranker,53.0,-3.0,1,10.34,0.19,0.0,0.0,61.15,61.15,v3_stability_ranker,price_momentum,3955.0,0.0193,0.122,0.1078,3865.0,3592.75,0.6255,0.0244,kis,,,,,,,,,data/raw/price_086890_20260607_20261005.csv,130,False,Broad evaluation pool candidate,248,False,Broad evaluation pool candidate
0009K0,2026-10-02,2026-10-02,2026-10-02,2026-10-05,WATCHLIST,neutral_positive,61.7,61.7,61.7,81.06,81.06,0,63.79,0.0,3,5.09,0.0,0.0,0.0,0.0,0,0,61.7,v2_conservative_ranker,48.26,8.0,6,10.64,4.81,0.0,0.0,68.09,68.09,v3_stability_ranker,price_momentum,25050.0,-0.0157,0.1706,0.0797,23340.0,22822.5,1.0521,0.0424,kis,,,,,,,,,data/raw/price_0009K0_20260607_20261005.csv,131,False,Broad evaluation pool candidate,131,False,Broad evaluation pool candidate
178320,2026-10-02,2026-10-02,2026-10-02,2026-10-05,WATCHLIST,neutral_positive,61.66,61.66,61.66,99.69,99.69,0,71.0,4.18,3,5.18,11.33,0.0,0.0,0.0,0,0,61.66,v2_conservative_ranker,31.93,5.0,6,7.52,18.81,0.0,0.0,31.63,31.63,v3_stability_ranker,price_momentum,41850.0,0.0398,0.3017,0.253,38670.0,35567.5,1.8353,0.0432,kis,,,,,,,,,data/raw/price_178320_20260607_20261005.csv,132,False,Broad evaluation pool candidate,704,False,Broad evaluation pool candidate
024900,2026-10-02,2026-10-02,2026-10-02,2026-10-05,WATCHLIST,neutral_positive,61.64,61.64,61.64,84.98,84.98,0,68.8,-2.0,2,5.65,1.51,0.0,0.0,0.0,0,0,61.64,v2_conservative_ranker,47.12,-3.0,1,6.93,7.24,0.34,0.0,44.47,44.47,v3_stability_ranker,strong_price_momentum,2260.0,0.0112,0.018,0.331,2207.0,1923.05,0.3143,0.0471,kis,,,,,,,,,data/raw/price_024900_20260607_20261005.csv,133,False,Broad evaluation pool candidate,608,False,Broad evaluation pool candidate
033780,2026-10-02,2026-10-02,2026-10-02,2026-10-05,WATCHLIST,neutral_positive,61.58,61.58,61.58,81.02,81.02,0,62.91,-2.0,2,1.33,0.0,0.0,0.0,0.0,0,0,61.58,v2_conservative_ranker,43.0,-3.0,1,15.34,0.0,0.0,0.0,56.34,56.34,v3_stability_ranker,strong_price_momentum,176800.0,0.012,0.0143,0.0138,176060.0,173200.0,0.6676,0.0111,kis,,,,,,,,,data/raw/price_033780_20260607_20261005.csv,134,False,Broad evaluation pool candidate,354,False,Broad evaluation pool candidate
376270,2026-10-02,2026-10-02,2026-10-02,2026-10-05,WATCHLIST,neutral_positive,61.43,61.43,61.43,68.85,68.85,0,53.17,5.04,3,2.78,0.0,0.0,0.0,0.0,0,3,61.43,v2_conservative_ranker,47.84,5.0,6,9.52,3.45,0.0,0.0,64.91,64.91,v3_stability_ranker,price_momentum,35100.0,0.0653,0.0263,-0.0702,33250.0,34815.0,2.0086,0.0232,kis,,,,,,,,,data/raw/price_376270_20260607_20261005.csv,135,False,Broad evaluation pool candidate,187,False,Broad evaluation pool candidate
290650,2026-10-02,2026-10-02,2026-10-02,2026-10-05,WATCHLIST,neutral_positive,61.26,61.26,61.26,79.46,79.46,0,62.14,1.79,3,5.66,0.0,0.0,0.0,0.0,0,0,61.26,v2_conservative_ranker,53.0,8.0,6,2.92,2.29,0.35,0.0,67.28,67.28,v3_stability_ranker,price_momentum,54000.0,-0.0409,0.1441,0.0325,51040.0,48485.0,1.3574,0.0472,kis,,,,,,,,,data/raw/price_290650_20260607_20261005.csv,136,False,Broad evaluation pool candidate,147,False,Broad evaluation pool candidate
247540,2026-10-02,2026-10-02,2026-10-02,2026-10-05,WATCHLIST,neutral_positive,61.25,61.25,61.25,76.3,76.3,0,64.06,0.0,2,4.81,0.0,0.0,0.0,0.0,0,0,61.25,v2_conservative_ranker,53.0,2.0,6,10.98,0.0,0.0,0.0,71.98,71.98,v3_stability_ranker,price_momentum,115600.0,0.0078,0.101,0.0875,111360.0,108000.0,0.9731,0.0401,kis,,,,,,,,,data/raw/price_247540_20260607_20261005.csv,137,False,Broad evaluation pool candidate,82,False,Broad evaluation pool candidate
166090,2026-10-02,2026-10-02,2026-10-02,2026-10-05,WATCHLIST,neutral_positive,61.14,61.14,61.14,79.27,79.27,0,66.84,-2.0,2,3.7,0.0,0.0,3.0,0.0,0,1,61.14,v2_conservative_ranker,49.48,-3.0,1,9.38,2.21,0.0,4.5,50.15,50.15,v3_stability_ranker,price_momentum,63300.0,-0.0031,0.0784,0.2635,60720.0,55237.5,0.7511,0.0308,kis,,,,,,3,1,1,data/raw/price_166090_20260607_20261005.csv,138,False,Broad evaluation pool candidate,519,False,Broad evaluation pool candidate
023410,2026-10-02,2026-10-02,2026-10-02,2026-10-05,WATCHLIST,neutral_positive,61.04,61.04,61.04,76.51,76.51,0,60.18,0.0,2,1.14,0.0,0.0,0.0,0.0,0,0,61.04,v2_conservative_ranker,57.0,2.0,6,15.57,0.0,0.0,0.0,80.58,80.58,v3_stability_ranker,price_momentum,3280.0,0.0061,0.0202,0.0331,3245.0,3245.5,0.9645,0.0095,kis,,,,,,,,,data/raw/price_023410_20260607_20261005.csv,139,False,Broad evaluation pool candidate,25,False,Broad evaluation pool candidate
003160,2026-10-02,2026-10-02,2026-10-02,2026-10-05,WATCHLIST,neutral_positive,61.0,61.0,61.0,102.27,99.27,3,71.0,4.01,3,5.46,8.75,0.0,0.0,2.8,0,0,61.0,v2_conservative_ranker,41.09,5.0,6,7.17,20.91,0.08,4.0,34.27,34.27,v3_stability_ranker,price_momentum,42500.0,0.0241,0.1565,0.3889,38710.0,33412.5,1.8026,0.0455,kis,,,,high_attention,no_risk_noise,,,,data/raw/price_003160_20260607_20261005.csv,140,False,Broad evaluation pool candidate,691,False,Broad evaluation pool candidate
222420,2026-10-02,2026-10-02,2026-10-02,2026-10-05,WATCHLIST,neutral_positive,60.91,60.91,60.91,74.12,74.12,0,65.89,-2.0,2,4.98,0.0,0.0,0.0,0.0,0,0,60.91,v2_conservative_ranker,57.0,-3.0,1,10.77,0.0,0.0,0.0,65.78,65.78,v3_stability_ranker,price_momentum,979.0,-0.0101,0.0758,0.1518,936.4,925.7,0.5164,0.0415,kis,,,,,,,,,data/raw/price_222420_20260607_20261005.csv,141,False,Broad evaluation pool candidate,168,False,Broad evaluation pool candidate
453450,2026-10-02,2026-10-02,2026-10-02,2026-10-05,WATCHLIST,neutral_positive,60.76,60.76,60.76,71.64,71.64,0,60.17,0.0,3,2.41,0.0,0.0,0.0,0.0,0,0,60.76,v2_conservative_ranker,57.0,2.0,6,13.98,0.0,0.0,0.0,78.98,78.98,v3_stability_ranker,price_momentum,13370.0,0.03,0.0645,0.0206,12836.0,12814.0,1.0279,0.0201,kis,,,,,,,,,data/raw/price_453450_20260607_20261005.csv,142,False,Broad evaluation pool candidate,40,False,Broad evaluation pool candidate
009620,2026-10-02,2026-10-02,2026-10-02,2026-10-05,WATCHLIST,neutral_positive,60.68,60.68,60.68,74.6,74.6,0,59.99,2.2,3,4.51,0.0,0.0,0.0,0.0,0,0,60.68,v2_conservative_ranker,49.0,8.0,6,7.36,0.0,0.0,0.0,70.36,70.36,v3_stability_ranker,price_momentum,5110.0,-0.1082,0.0099,0.1747,5518.0,4745.75,1.4398,0.0376,kis,,,,,,,,,data/raw/price_009620_20260607_20261005.csv,143,False,Broad evaluation pool candidate,95,False,Broad evaluation pool candidate
006090,2026-10-02,2026-10-02,2026-10-02,2026-10-05,WATCHLIST,neutral_positive,60.63,60.63,60.63,78.91,78.91,0,62.08,-2.0,2,1.45,0.0,0.0,0.0,0.0,0,0,60.63,v2_conservative_ranker,43.0,-3.0,1,15.19,0.0,0.0,0.0,56.19,56.19,v3_stability_ranker,strong_price_momentum,9030.0,-0.0011,0.0112,-0.0011,8958.0,8919.5,0.5091,0.0121,kis,,,,,,,,,data/raw/price_006090_20260607_20261005.csv,144,False,Broad evaluation pool candidate,355,False,Broad evaluation pool candidate
383310,2026-10-02,2026-10-02,2026-10-02,2026-10-05,WATCHLIST,neutral_positive,60.57,60.57,60.57,100.3,100.3,0,68.15,3.0,3,4.57,0.0,4.0,6.0,0.0,0,1,60.57,v2_conservative_ranker,53.0,-1.14,4,11.29,2.64,2.02,9.0,53.49,53.49,v3_stability_ranker,price_momentum,24850.0,-0.008,0.1478,0.0899,23310.0,22755.0,2.8064,0.0381,kis,,,,,,6,2,2,data/raw/price_383310_20260607_20261005.csv,145,False,Broad evaluation pool candidate,442,False,Broad evaluation pool candidate
250060,2026-10-02,2026-10-02,2026-10-02,2026-10-05,WATCHLIST,neutral_positive,60.52,60.52,60.52,72.42,72.42,0,60.6,0.0,3,3.07,0.0,0.0,0.0,0.0,0,0,60.52,v2_conservative_ranker,57.0,2.0,6,13.16,0.0,0.0,0.0,78.16,78.16,v3_stability_ranker,price_momentum,3180.0,-0.0016,0.0461,0.0853,3119.0,3050.75,1.0173,0.0256,kis,,,,,,,,,data/raw/price_250060_20260607_20261005.csv,146,False,Broad evaluation pool candidate,46,False,Broad evaluation pool candidate
214330,2026-10-02,2026-10-02,2026-10-02,2026-10-05,WATCHLIST,neutral_positive,60.5,60.5,60.5,72.87,72.87,0,66.88,-2.0,2,6.38,0.0,0.0,0.0,0.0,0,0,60.5,v2_conservative_ranker,57.0,-3.0,1,9.02,0.0,1.31,0.0,62.71,62.71,v3_stability_ranker,price_momentum,7120.0,0.0128,0.0788,0.1808,6924.0,6582.0,0.2119,0.0532,kis,,,,,,,,,data/raw/price_214330_20260607_20261005.csv,147,False,Broad evaluation pool candidate,222,False,Broad evaluation pool candidate
327260,2026-10-02,2026-10-02,2026-10-02,2026-10-05,WATCHLIST,neutral_positive,60.27,60.27,60.27,96.27,96.27,0,71.0,4.12,3,6.89,10.96,0.0,0.0,0.0,0,0,60.27,v2_conservative_ranker,39.0,5.0,6,1.39,23.46,1.98,0.0,25.95,25.95,v3_stability_ranker,price_momentum,53200.0,0.0769,0.1307,0.505,49350.0,44237.5,1.8238,0.0574,kis,,,,,,,,,data/raw/price_327260_20260607_20261005.csv,148,False,Broad evaluation pool candidate,734,False,Broad evaluation pool candidate
226950,2026-10-02,2026-10-02,2026-10-02,2026-10-05,WATCHLIST,neutral_positive,60.24,60.24,60.24,81.2,81.2,0,66.8,-2.0,2,6.56,0.0,0.0,0.0,0.0,0,0,60.24,v2_conservative_ranker,53.0,-3.0,1,5.79,1.64,1.55,0.0,53.6,53.6,v3_stability_ranker,price_momentum,116800.0,-0.0009,0.1373,0.1657,108680.0,104615.0,0.7752,0.0547,kis,,,,,,,,,data/raw/price_226950_20260607_20261005.csv,149,False,Broad evaluation pool candidate,439,False,Broad evaluation pool candidate
378800,2026-10-02,2026-10-02,2026-10-02,2026-10-05,WATCHLIST,neutral_positive,60.2,60.2,60.2,83.49,83.49,0,58.74,0.0,3,1.55,0.0,0.0,0.0,0.0,0,0,60.2,v2_conservative_ranker,57.0,-3.27,4,15.06,0.0,7.15,0.0,65.65,65.65,v3_stability_ranker,price_momentum,2635.0,0.0394,0.0333,0.069,2548.0,2549.5,3.5669,0.0129,kis,,,,,,,,,data/raw/price_378800_20260607_20261005.csv,150,False,Broad evaluation pool candidate,173,False,Broad evaluation pool candidate
148780,2026-10-02,2026-10-02,2026-10-02,2026-10-05,WATCHLIST,neutral_positive,60.01,60.01,60.01,71.78,71.78,0,62.93,-2.0,2,2.92,0.0,0.0,0.0,0.0,0,0,60.01,v2_conservative_ranker,57.0,-3.0,1,13.36,0.0,0.0,0.0,68.36,68.36,v3_stability_ranker,price_momentum,3985.0,0.0324,0.0613,0.1085,3878.0,3839.0,0.4432,0.0243,kis,,,,,,,,,data/raw/price_148780_20260607_20261005.csv,151,False,Broad evaluation pool candidate,125,False,Broad evaluation pool candidate
001260,2026-10-02,2026-10-02,2026-10-02,2026-10-05,HOLD,neutral,59.98,59.98,59.98,70.49,70.49,0,60.13,0.0,2,2.15,0.0,0.0,0.0,0.0,0,0,59.98,v2_conservative_ranker,51.0,2.0,1,14.31,0.0,0.0,0.0,68.31,68.31,v3_stability_ranker,price_momentum,8170.0,0.0136,0.0652,0.0174,8058.0,7787.5,0.8145,0.0179,kis,,,,,,,,,data/raw/price_001260_20260607_20261005.csv,152,False,Broad evaluation pool candidate,128,False,Broad evaluation pool candidate
226590,2026-10-02,2026-10-02,2026-10-02,2026-10-05,HOLD,neutral,59.92,59.92,59.92,74.76,74.76,0,61.17,0.0,3,4.25,0.0,0.0,0.0,0.0,0,0,59.92,v2_conservative_ranker,50.81,2.0,6,8.69,0.14,0.0,0.0,67.36,67.36,v3_stability_ranker,price_momentum,15060.0,0.0067,0.0217,0.2254,14582.0,13426.5,1.0215,0.0354,kis,,,,,,,,,data/raw/price_226590_20260607_20261005.csv,153,False,Broad evaluation pool candidate,144,False,Broad evaluation pool candidate
038880,2026-10-02,2026-10-02,2026-10-02,2026-10-05,HOLD,neutral,59.79,59.79,59.79,72.58,72.58,0,65.02,-2.0,2,5.23,0.0,0.0,0.0,0.0,0,0,59.79,v2_conservative_ranker,57.0,-3.0,1,10.46,0.0,0.0,0.0,65.46,65.46,v3_stability_ranker,price_momentum,3395.0,0.0149,0.0761,0.126,3303.0,3247.75,0.5056,0.0436,kis,,,,,,,,,data/raw/price_038880_20260607_20261005.csv,154,False,Broad evaluation pool candidate,178,False,Broad evaluation pool candidate
060370,2026-10-02,2026-10-02,2026-10-02,2026-10-05,HOLD,neutral,59.71,59.71,59.71,72.32,72.32,0,57.58,2.23,3,3.1,0.0,0.0,0.0,0.0,0,0,59.71,v2_conservative_ranker,49.0,8.0,6,13.13,0.0,0.0,0.0,76.13,76.13,v3_stability_ranker,price_momentum,33900.0,0.0367,0.0074,0.1097,32870.0,32287.5,1.4455,0.0258,kis,,,,,,,,,data/raw/price_060370_20260607_20261005.csv,155,False,Broad evaluation pool candidate,57,False,Broad evaluation pool candidate
004440,2026-10-02,2026-10-02,2026-10-02,2026-10-05,HOLD,neutral,59.62,59.62,59.62,69.95,69.95,0,63.11,-2.0,2,3.49,0.0,0.0,0.0,0.0,0,0,59.62,v2_conservative_ranker,57.0,-3.0,1,12.63,0.0,0.0,0.0,67.64,67.64,v3_stability_ranker,price_momentum,5440.0,-0.0018,0.0837,0.0604,5430.0,5233.0,0.2445,0.0291,kis,,,,,,,,,data/raw/price_004440_20260607_20261005.csv,156,False,Broad evaluation pool candidate,142,False,Broad evaluation pool candidate
106240,2026-10-02,2026-10-02,2026-10-02,2026-10-05,HOLD,neutral,59.41,59.41,59.41,72.61,72.61,0,63.24,-2.0,2,3.83,0.0,0.0,0.0,0.0,0,0,59.41,v2_conservative_ranker,57.0,-3.0,1,9.21,0.0,0.0,0.0,64.22,64.22,v3_stability_ranker,price_momentum,1353.0,0.0059,0.0424,0.208,1319.4,1208.45,0.2605,0.0319,kis,,,,,,,,,data/raw/price_106240_20260607_20261005.csv,157,False,Broad evaluation pool candidate,200,False,Broad evaluation pool candidate
008930,2026-10-02,2026-10-02,2026-10-02,2026-10-05,HOLD,neutral,59.23,59.23,59.23,72.72,72.72,0,63.84,-2.0,2,4.61,0.0,0.0,0.0,0.0,0,0,59.23,v2_conservative_ranker,57.0,-3.0,1,7.24,0.0,0.0,0.0,62.24,62.24,v3_stability_ranker,price_momentum,55000.0,0.0436,0.0557,0.1506,53020.0,52405.0,0.5764,0.0384,kis,,,,,,,,,data/raw/price_008930_20260607_20261005.csv,158,False,Broad evaluation pool candidate,228,False,Broad evaluation pool candidate
007460,2026-10-02,2026-10-02,2026-10-02,2026-10-05,HOLD,neutral,59.19,59.19,59.19,64.78,64.78,0,56.49,1.23,3,3.28,1.26,0.0,0.0,0.0,0,3,59.19,v2_conservative_ranker,54.5,8.0,6,8.9,6.04,0.0,0.0,71.37,71.37,v3_stability_ranker,neutral,2135.0,0.0805,0.0622,0.0364,2002.6,2021.65,1.2456,0.0273,kis,,,,,,,,,data/raw/price_007460_20260607_20261005.csv,159,False,Broad evaluation pool candidate,85,False,Broad evaluation pool candidate
220100,2026-10-02,2026-10-02,2026-10-02,2026-10-05,HOLD,neutral,59.08,59.08,59.08,77.89,77.89,0,63.68,-2.0,2,4.6,0.0,0.0,0.0,0.0,0,0,59.08,v2_conservative_ranker,53.0,-3.0,1,11.25,2.63,0.0,0.0,59.62,59.62,v3_stability_ranker,price_momentum,7150.0,0.0113,0.1477,0.0766,6934.0,6618.95,0.5195,0.0383,kis,,,,,,,,,data/raw/price_220100_20260607_20261005.csv,160,False,Broad evaluation pool candidate,273,False,Broad evaluation pool candidate
115180,2026-10-02,2026-10-02,2026-10-02,2026-10-05,HOLD,neutral,58.92,58.92,58.92,75.25,75.25,0,67.0,-2.0,2,7.68,0.0,0.4,0.0,0.0,0,0,58.92,v2_conservative_ranker,57.0,-3.0,1,7.4,0.0,3.04,0.0,59.36,59.36,v3_stability_ranker,price_momentum,24700.0,0.002,0.0929,0.2049,23080.0,22492.5,0.3926,0.064,kis,,,,,,,,,data/raw/price_115180_20260607_20261005.csv,161,False,Broad evaluation pool candidate,282,False,Broad evaluation pool candidate
356890,2026-10-02,2026-10-02,2026-10-02,2026-10-05,HOLD,neutral,58.79,58.79,58.79,70.79,70.79,0,63.36,-2.0,2,4.3,0.28,0.0,0.0,0.0,0,0,58.79,v2_conservative_ranker,57.0,-3.0,1,7.63,4.64,0.0,0.0,57.99,57.99,v3_stability_ranker,price_momentum,2670.0,0.0723,0.0491,0.1558,2565.0,2494.0,0.2778,0.0358,kis,,,,,,,,,data/raw/price_356890_20260607_20261005.csv,162,False,Broad evaluation pool candidate,317,False,Broad evaluation pool candidate
085670,2026-10-02,2026-10-02,2026-10-02,2026-10-05,HOLD,neutral,58.74,58.74,58.74,107.15,107.15,0,71.0,0.0,3,4.62,7.94,2.7,0.0,0.0,0,0,58.74,v2_conservative_ranker,38.34,-3.72,4,4.22,23.27,15.08,0.0,4.51,4.51,v3_stability_ranker,price_momentum,3745.0,0.0902,0.2061,0.2609,3492.0,3102.5,3.7274,0.0385,kis,,,,,,,,,data/raw/price_085670_20260607_20261005.csv,163,False,Broad evaluation pool candidate,782,False,Broad evaluation pool candidate
049480,2026-10-02,2026-10-02,2026-10-02,2026-10-05,HOLD,neutral,58.73,58.73,58.73,70.31,70.31,0,61.18,-2.0,2,2.45,0.0,0.0,0.0,0.0,0,0,58.73,v2_conservative_ranker,57.0,-3.0,1,13.94,0.0,0.0,0.0,68.94,68.94,v3_stability_ranker,price_momentum,1984.0,0.0148,0.0542,0.0788,1932.0,1898.8,0.4979,0.0204,kis,,,,,,,,,data/raw/price_049480_20260607_20261005.csv,164,False,Broad evaluation pool candidate,118,False,Broad evaluation pool candidate
029460,2026-10-02,2026-10-02,2026-10-02,2026-10-05,HOLD,neutral,58.59,58.59,58.59,73.07,73.07,0,60.73,0.0,2,4.14,0.0,0.0,0.0,0.0,0,0,58.59,v2_conservative_ranker,57.0,2.0,6,11.82,0.0,0.0,0.0,76.83,76.83,v3_stability_ranker,price_momentum,44100.0,-0.02,0.0173,0.1791,44610.0,41225.0,0.9733,0.0345,kis,,,,,,,,,data/raw/price_029460_20260607_20261005.csv,165,False,Broad evaluation pool candidate,52,False,Broad evaluation pool candidate
012030,2026-10-02,2026-10-02,2026-10-02,2026-10-05,HOLD,neutral,58.56,58.56,58.56,85.93,85.93,0,67.0,0.0,2,4.9,5.55,0.0,0.0,0.0,0,0,58.56,v2_conservative_ranker,35.2,2.0,1,7.88,19.01,0.0,0.0,27.07,27.07,v3_stability_ranker,price_momentum,2020.0,0.0,0.1939,0.3751,1877.2,1676.2,0.8346,0.0408,kis,,,,,,,,,data/raw/price_012030_20260607_20261005.csv,166,False,Broad evaluation pool candidate,730,False,Broad evaluation pool candidate
102460,2026-10-02,2026-10-02,2026-10-02,2026-10-05,HOLD,neutral,58.41,58.41,58.41,69.23,69.23,0,54.13,2.09,3,0.82,0.0,0.0,0.0,0.0,0,0,58.41,v2_conservative_ranker,43.0,8.0,6,15.98,0.0,0.0,0.0,72.98,72.98,v3_stability_ranker,price_momentum,10130.0,-0.002,0.005,0.0181,10066.0,10034.0,1.4179,0.0068,kis,,,,,,,,,data/raw/price_102460_20260607_20261005.csv,167,False,Broad evaluation pool candidate,74,False,Broad evaluation pool candidate
361610,2026-10-02,2026-10-02,2026-10-02,2026-10-05,HOLD,neutral,58.38,58.38,58.38,71.26,71.26,0,60.66,0.73,3,6.1,2.92,0.0,0.0,0.0,0,3,58.38,v2_conservative_ranker,57.0,8.0,6,5.38,8.38,0.93,0.0,67.07,67.07,v3_stability_ranker,price_momentum,17760.0,0.0943,0.0344,0.1205,17284.0,16633.5,1.1464,0.0508,kis,,,,,,,,,data/raw/price_361610_20260607_20261005.csv,168,False,Broad evaluation pool candidate,150,False,Broad evaluation pool candidate
039200,2026-10-02,2026-10-02,2026-10-02,2026-10-05,HOLD,neutral,58.36,58.36,58.36,66.11,66.11,0,55.42,0.6,3,3.66,0.0,0.0,0.0,0.0,0,3,58.36,v2_conservative_ranker,51.0,8.0,6,12.43,0.0,0.0,0.0,77.42,77.42,v3_stability_ranker,price_momentum,36650.0,-0.0355,0.0237,0.0014,36240.0,35762.5,1.1208,0.0305,kis,,,,,,,,,data/raw/price_039200_20260607_20261005.csv,169,False,Broad evaluation pool candidate,50,False,Broad evaluation pool candidate
227950,2026-10-02,2026-10-02,2026-10-02,2026-10-05,HOLD,neutral,58.34,58.34,58.34,87.71,87.71,0,62.54,0.0,3,3.3,0.0,3.9,0.0,0.0,0,0,58.34,v2_conservative_ranker,53.0,-5.24,4,8.88,0.78,10.23,0.0,49.62,49.62,v3_stability_ranker,price_momentum,1332.0,0.0496,0.1026,0.0439,1246.2,1276.05,4.2724,0.0275,kis,,,,,,,,,data/raw/price_227950_20260607_20261005.csv,170,False,Broad evaluation pool candidate,525,False,Broad evaluation pool candidate
004780,2026-10-02,2026-10-02,2026-10-02,2026-10-05,HOLD,neutral,58.31,58.31,58.31,73.26,73.26,0,59.76,-2.0,2,1.45,0.0,0.0,0.0,0.0,0,0,58.31,v2_conservative_ranker,57.0,-3.0,1,15.19,0.0,0.0,0.0,70.19,70.19,v3_stability_ranker,price_momentum,4250.0,0.0119,0.0192,0.0241,4190.0,4223.25,0.5569,0.0121,kis,,,,,,,,,data/raw/price_004780_20260607_20261005.csv,171,False,Broad evaluation pool candidate,98,False,Broad evaluation pool candidate
019210,2026-10-02,2026-10-02,2026-10-02,2026-10-05,HOLD,neutral,58.26,58.26,58.26,62.21,62.21,0,55.21,1.13,3,4.08,0.0,0.0,0.0,0.0,0,3,58.26,v2_conservative_ranker,48.5,8.0,6,11.9,0.0,0.0,0.0,74.4,74.4,v3_stability_ranker,neutral,12880.0,0.0118,0.061,0.0031,12664.0,13058.5,1.2264,0.034,kis,,,,,,,,,data/raw/price_019210_20260607_20261005.csv,172,False,Broad evaluation pool candidate,66,False,Broad evaluation pool candidate
082270,2026-10-02,2026-10-02,2026-10-02,2026-10-05,HOLD,neutral,58.22,58.22,58.22,71.35,71.35,0,60.6,0.0,2,3.68,0.0,0.0,0.0,0.7,0,0,58.22,v2_conservative_ranker,57.0,2.0,6,12.39,0.0,0.0,1.0,76.39,76.39,v3_stability_ranker,price_momentum,11240.0,0.0027,0.0524,0.0674,10616.0,10401.0,0.9676,0.0307,kis,,,,medium_attention,no_risk_noise,,,,data/raw/price_082270_20260607_20261005.csv,173,False,Broad evaluation pool candidate,55,False,Broad evaluation pool candidate
038290,2026-10-02,2026-10-02,2026-10-02,2026-10-05,HOLD,neutral,58.22,58.22,58.22,69.31,69.31,0,57.01,0.0,3,1.79,0.0,0.0,0.0,0.0,0,0,58.22,v2_conservative_ranker,51.0,8.0,6,14.77,0.0,0.0,0.0,79.77,79.77,v3_stability_ranker,price_momentum,12520.0,-0.0126,0.0356,0.0129,12416.0,12082.0,1.0989,0.0149,kis,,,,,,,,,data/raw/price_038290_20260607_20261005.csv,174,False,Broad evaluation pool candidate,31,False,Broad evaluation pool candidate
018310,2026-10-02,2026-10-02,2026-10-02,2026-10-05,HOLD,neutral,58.16,58.16,58.16,70.32,70.32,0,59.98,-2.0,2,1.82,0.0,0.0,0.0,0.0,0,0,58.16,v2_conservative_ranker,57.0,-3.0,1,14.72,0.0,0.0,0.0,69.72,69.72,v3_stability_ranker,price_momentum,15000.0,-0.0125,0.0366,0.0949,14850.0,14459.5,0.5721,0.0152,kis,,,,,,,,,data/raw/price_018310_20260607_20261005.csv,175,False,Broad evaluation pool candidate,105,False,Broad evaluation pool candidate
048870,2026-10-02,2026-10-02,2026-10-02,2026-10-05,HOLD,neutral,58.06,58.06,58.06,67.81,67.81,0,60.85,-2.0,2,2.78,0.0,0.0,0.0,0.0,0,0,58.06,v2_conservative_ranker,51.0,-3.0,1,13.52,0.0,0.0,0.0,62.52,62.52,v3_stability_ranker,price_momentum,1597.0,0.005,0.082,-0.0044,1598.2,1552.95,0.3588,0.0232,kis,,,,,,,,,data/raw/price_048870_20260607_20261005.csv,176,False,Broad evaluation pool candidate,224,False,Broad evaluation pool candidate
009460,2026-10-02,2026-10-02,2026-10-02,2026-10-05,HOLD,neutral,57.89,57.89,57.89,68.39,68.39,0,57.52,0.0,2,1.63,0.0,0.0,0.0,0.0,0,0,57.89,v2_conservative_ranker,51.0,2.0,1,14.96,0.0,0.0,0.0,68.96,68.96,v3_stability_ranker,price_momentum,2770.0,0.0109,0.0433,0.0054,2745.0,2685.5,0.8578,0.0136,kis,,,,,,,,,data/raw/price_009460_20260607_20261005.csv,177,False,Broad evaluation pool candidate,117,False,Broad evaluation pool candidate
059270,2026-10-02,2026-10-02,2026-10-02,2026-10-05,HOLD,neutral,57.76,57.76,57.76,68.3,68.3,0,61.01,-2.0,2,3.25,0.0,0.0,0.0,0.0,0,0,57.76,v2_conservative_ranker,57.0,-3.0,1,12.94,0.0,0.0,0.0,67.94,67.94,v3_stability_ranker,price_momentum,5490.0,-0.0054,0.0723,0.0223,5370.0,5215.5,0.4449,0.0271,kis,,,,,,,,,data/raw/price_059270_20260607_20261005.csv,178,False,Broad evaluation pool candidate,136,False,Broad evaluation pool candidate
014680,2026-10-02,2026-10-02,2026-10-02,2026-10-05,HOLD,neutral,57.75,57.75,57.75,89.74,89.74,0,67.0,1.32,3,3.41,10.16,0.0,0.0,0.0,0,0,57.75,v2_conservative_ranker,34.65,8.0,6,9.74,24.39,0.0,0.0,34.0,34.0,v3_stability_ranker,price_momentum,277500.0,-0.0054,0.1734,0.4319,259800.0,220605.0,1.2639,0.0284,kis,,,,,,,,,data/raw/price_014680_20260607_20261005.csv,179,False,Broad evaluation pool candidate,693,False,Broad evaluation pool candidate
0126Z0,2026-10-02,2026-10-02,2026-10-02,2026-10-05,HOLD,neutral,57.7,57.7,57.7,73.74,73.74,0,61.34,-2.0,2,2.94,0.0,0.0,0.0,0.7,0,0,57.7,v2_conservative_ranker,47.0,-3.0,1,13.32,0.0,0.0,1.0,57.33,57.33,v3_stability_ranker,price_momentum,367500.0,-0.0161,0.1136,0.0096,351700.0,342800.0,0.7242,0.0245,kis,,,,medium_attention,no_risk_noise,,,,data/raw/price_0126Z0_20260607_20261005.csv,180,False,Broad evaluation pool candidate,329,False,Broad evaluation pool candidate
432720,2026-10-02,2026-10-02,2026-10-02,2026-10-05,HOLD,neutral,57.67,57.67,57.67,85.87,85.87,0,67.0,0.0,3,5.1,7.23,0.0,0.0,0.0,0,0,57.67,v2_conservative_ranker,39.77,2.0,6,7.62,16.99,0.0,0.0,38.4,38.4,v3_stability_ranker,price_momentum,12170.0,0.0184,0.1384,0.4267,11260.0,10033.0,1.0462,0.0425,kis,,,,medium_attention,no_risk_noise,,,,data/raw/price_432720_20260607_20261005.csv,181,False,Broad evaluation pool candidate,667,False,Broad evaluation pool candidate
294630,2026-10-02,2026-10-02,2026-10-02,2026-10-05,HOLD,neutral,57.59,57.59,57.59,69.07,69.07,0,60.94,-2.0,2,3.35,0.0,0.0,0.0,0.0,0,0,57.59,v2_conservative_ranker,57.0,-3.0,1,12.81,0.0,0.0,0.0,67.81,67.81,v3_stability_ranker,price_momentum,3130.0,0.0179,0.0381,0.1179,3050.0,3047.75,0.3594,0.0279,kis,,,,,,,,,data/raw/price_294630_20260607_20261005.csv,182,False,Broad evaluation pool candidate,138,False,Broad evaluation pool candidate
475460,2026-10-02,2026-10-02,2026-10-02,2026-10-05,HOLD,neutral,57.5,57.5,57.5,70.32,70.32,0,61.62,-2.0,2,4.12,0.0,0.0,0.0,0.0,0,0,57.5,v2_conservative_ranker,50.5,-3.0,1,7.86,1.68,0.0,0.0,54.67,54.67,v3_stability_ranker,neutral,2850.0,0.044,0.1377,0.1319,2680.0,2709.7,0.2306,0.0343,kis,,,,,,,,,data/raw/price_475460_20260607_20261005.csv,183,False,Broad evaluation pool candidate,413,False,Broad evaluation pool candidate
383930,2026-10-02,2026-10-02,2026-10-02,2026-10-05,HOLD,neutral,57.49,57.49,57.49,86.87,86.87,0,67.0,1.26,3,6.77,7.0,0.0,0.0,0.0,0,0,57.49,v2_conservative_ranker,35.0,8.0,6,5.54,16.97,1.82,0.0,35.75,35.75,v3_stability_ranker,price_momentum,2015.0,-0.0218,0.2454,0.2777,1972.2,1708.35,1.2517,0.0564,kis,,,,,,,,,data/raw/price_383930_20260607_20261005.csv,184,False,Broad evaluation pool candidate,680,False,Broad evaluation pool candidate
440110,2026-10-02,2026-10-02,2026-10-02,2026-10-05,HOLD,neutral,57.48,57.48,57.48,76.1,76.1,0,65.5,0.61,3,8.56,4.94,1.13,0.0,0.0,0,3,57.48,v2_conservative_ranker,45.27,8.0,6,3.3,12.59,4.21,0.0,45.78,45.78,v3_stability_ranker,price_momentum,86900.0,-0.0312,0.065,0.3838,84560.0,71995.0,1.1211,0.0713,kis,,,,,,,,,data/raw/price_440110_20260607_20261005.csv,185,False,Broad evaluation pool candidate,591,False,Broad evaluation pool candidate
064960,2026-10-02,2026-10-02,2026-10-02,2026-10-05,HOLD,neutral,57.46,57.46,57.46,69.62,69.62,0,60.39,-2.0,2,2.93,0.0,0.0,0.0,0.0,0,0,57.46,v2_conservative_ranker,57.0,-3.0,1,13.34,0.0,0.0,0.0,68.34,68.34,v3_stability_ranker,price_momentum,26950.0,0.0113,0.0569,0.0486,26850.0,26357.5,0.6568,0.0244,kis,,,,,,,,,data/raw/price_064960_20260607_20261005.csv,186,False,Broad evaluation pool candidate,127,False,Broad evaluation pool candidate
088390,2026-10-02,2026-10-02,2026-10-02,2026-10-05,HOLD,neutral,57.44,57.44,57.44,67.83,67.83,0,54.74,0.63,3,0.94,0.0,0.0,0.0,0.0,0,0,57.44,v2_conservative_ranker,43.0,8.0,6,15.83,0.0,0.0,0.0,72.83,72.83,v3_stability_ranker,price_momentum,8220.0,-0.0024,0.0148,0.0074,8158.0,8077.0,1.1266,0.0078,kis,,,,,,,,,data/raw/price_088390_20260607_20261005.csv,187,False,Broad evaluation pool candidate,77,False,Broad evaluation pool candidate
010950,2026-10-02,2026-10-02,2026-10-02,2026-10-05,HOLD,neutral,57.42,57.42,57.42,72.8,72.8,0,62.23,0.53,3,5.35,4.58,0.0,0.0,1.4,0,3,57.42,v2_conservative_ranker,57.0,8.0,6,6.31,10.74,0.0,2.0,64.57,64.57,v3_stability_ranker,price_momentum,164900.0,0.1082,0.0598,0.0928,159080.0,154765.0,1.1062,0.0446,kis,,,,medium_attention,no_risk_noise,,,,data/raw/price_010950_20260607_20261005.csv,188,False,Broad evaluation pool candidate,193,False,Broad evaluation pool candidate
009070,2026-10-02,2026-10-02,2026-10-02,2026-10-05,HOLD,neutral,57.35,57.35,57.35,68.72,68.72,0,57.42,0.0,2,2.06,0.0,0.0,0.0,0.0,0,0,57.35,v2_conservative_ranker,57.0,2.0,6,14.42,0.0,0.0,0.0,79.42,79.42,v3_stability_ranker,price_momentum,4140.0,0.0135,0.0337,0.0299,4048.0,4047.5,0.9293,0.0172,kis,,,,,,,,,data/raw/price_009070_20260607_20261005.csv,189,False,Broad evaluation pool candidate,36,False,Broad evaluation pool candidate
250030,2026-10-02,2026-10-02,2026-10-02,2026-10-05,HOLD,neutral,57.32,57.32,57.32,85.31,85.31,0,67.0,0.0,2,5.44,6.25,0.0,0.0,0.0,0,0,57.32,v2_conservative_ranker,35.7,2.0,1,7.21,18.82,0.05,0.0,27.04,27.04,v3_stability_ranker,price_momentum,28250.0,0.0071,0.1698,0.409,27450.0,23349.5,0.8067,0.0453,kis,,,,,,,,,data/raw/price_250030_20260607_20261005.csv,190,False,Broad evaluation pool candidate,731,False,Broad evaluation pool candidate
489480,2026-10-02,2026-10-02,2026-10-02,2026-10-05,HOLD,neutral,57.3,57.3,57.3,68.83,68.83,0,57.98,0.0,0,0.68,0.0,0.0,0.0,0.0,0,0,57.3,v2_conservative_ranker,49.0,-5.0,0,16.14,0.0,0.0,0.0,60.14,60.14,v3_stability_ranker,price_momentum,2200.0,0.0,0.0,0.028,2200.0,2194.0,0.0,0.0057,kis,,,,,,,,,data/raw/price_489480_20260607_20261005.csv,191,False,Broad evaluation pool candidate,265,False,Broad evaluation pool candidate
302430,2026-10-02,2026-10-02,2026-10-02,2026-10-05,HOLD,neutral,57.18,57.18,57.18,69.06,69.06,0,63.22,-2.0,2,6.04,0.0,0.0,0.0,0.0,0,0,57.18,v2_conservative_ranker,53.0,-3.0,1,9.46,0.0,0.85,0.0,59.61,59.61,v3_stability_ranker,price_momentum,7880.0,0.0025,0.1006,0.0634,7632.0,7603.0,0.1436,0.0503,kis,,,,,,,,,data/raw/price_302430_20260607_20261005.csv,192,False,Broad evaluation pool candidate,274,False,Broad evaluation pool candidate
475400,2026-10-02,2026-10-02,2026-10-02,2026-10-05,HOLD,neutral,57.13,57.13,57.13,70.64,70.64,0,62.16,-2.0,2,5.03,0.0,0.0,0.0,0.0,0,0,57.13,v2_conservative_ranker,57.0,-3.0,1,10.71,0.0,0.0,0.0,65.72,65.72,v3_stability_ranker,price_momentum,19180.0,0.0132,0.0492,0.121,18576.0,18309.5,0.6436,0.0419,kis,,,,,,,,,data/raw/price_475400_20260607_20261005.csv,193,False,Broad evaluation pool candidate,169,False,Broad evaluation pool candidate
048410,2026-10-02,2026-10-02,2026-10-02,2026-10-05,HOLD,neutral,57.07,57.07,57.07,71.98,71.98,0,62.12,-2.0,2,5.05,0.0,0.0,0.0,0.0,0,0,57.07,v2_conservative_ranker,57.0,-3.0,1,10.69,0.0,0.0,0.0,65.69,65.69,v3_stability_ranker,price_momentum,7080.0,0.0043,0.0336,0.1645,6934.0,6730.0,0.7674,0.0421,kis,,,,,,,,,data/raw/price_048410_20260607_20261005.csv,194,False,Broad evaluation pool candidate,171,False,Broad evaluation pool candidate
005960,2026-10-02,2026-10-02,2026-10-02,2026-10-05,HOLD,neutral,57.07,57.07,57.07,69.69,69.69,0,59.99,-2.0,2,2.92,0.0,0.0,0.0,0.0,0,0,57.07,v2_conservative_ranker,57.0,-3.0,1,13.36,0.0,0.0,0.0,68.36,68.36,v3_stability_ranker,price_momentum,8430.0,0.0243,0.0157,0.1548,8310.0,8164.0,0.4686,0.0243,kis,,,,,,,,,data/raw/price_005960_20260607_20261005.csv,195,False,Broad evaluation pool candidate,126,False,Broad evaluation pool candidate
127710,2026-10-02,2026-10-02,2026-10-02,2026-10-05,HOLD,neutral,57.03,57.03,57.03,78.2,78.2,0,66.97,0.0,2,5.75,6.19,0.0,0.0,0.0,0,0,57.03,v2_conservative_ranker,44.03,2.0,1,6.82,13.87,0.46,0.0,39.51,39.51,v3_stability_ranker,price_momentum,1422.0,0.0078,0.0797,0.4192,1397.2,1183.75,0.8363,0.0479,kis,,,,,,,,,data/raw/price_127710_20260607_20261005.csv,196,False,Broad evaluation pool candidate,655,False,Broad evaluation pool candidate
002710,2026-10-02,2026-10-02,2026-10-02,2026-10-05,HOLD,neutral,57.02,57.02,57.02,83.27,83.27,0,67.0,0.0,2,8.3,2.76,0.92,0.0,0.0,0,0,57.02,v2_conservative_ranker,38.05,2.0,1,3.62,11.09,3.87,0.0,29.71,29.71,v3_stability_ranker,price_momentum,13590.0,-0.0258,0.2145,0.2525,12892.0,11870.5,0.8644,0.0692,kis,,,,,,,,,data/raw/price_002710_20260607_20261005.csv,197,False,Broad evaluation pool candidate,717,False,Broad evaluation pool candidate
011200,2026-10-02,2026-10-02,2026-10-02,2026-10-05,HOLD,neutral,56.94,56.94,56.94,68.68,68.68,0,56.89,0.0,2,1.94,0.0,0.0,0.0,0.0,0,0,56.94,v2_conservative_ranker,57.0,2.0,6,14.57,0.0,0.0,0.0,79.57,79.57,v3_stability_ranker,price_momentum,21400.0,0.0118,0.0288,0.0288,21130.0,21005.0,0.9974,0.0162,kis,,,,,,,,,data/raw/price_011200_20260607_20261005.csv,198,False,Broad evaluation pool candidate,34,False,Broad evaluation pool candidate
482520,2026-10-02,2026-10-02,2026-10-02,2026-10-05,HOLD,neutral,56.94,56.94,56.94,68.0,68.0,0,57.08,0.0,0,0.14,0.0,0.0,0.0,0.0,0,0,56.94,v2_conservative_ranker,43.0,-5.0,0,16.82,0.0,0.0,0.0,54.82,54.82,v3_stability_ranker,price_momentum,2065.0,0.0,0.0,0.0024,2065.0,2063.0,0.0,0.0012,kis,,,,,,,,,data/raw/price_482520_20260607_20261005.csv,199,False,Broad evaluation pool candidate,409,False,Broad evaluation pool candidate
103140,2026-10-02,2026-10-02,2026-10-02,2026-10-05,HOLD,neutral,56.9,56.9,56.9,67.98,67.98,0,56.99,0.0,2,2.09,0.0,0.0,0.0,0.0,0,0,56.9,v2_conservative_ranker,57.0,2.0,1,14.39,0.0,0.0,0.0,74.39,74.39,v3_stability_ranker,price_momentum,79100.0,0.0154,0.0313,0.0246,78080.0,78045.0,0.8928,0.0174,kis,,,,,,,,,data/raw/price_103140_20260607_20261005.csv,200,False,Broad evaluation pool candidate,67,False,Broad evaluation pool candidate
092790,2026-10-02,2026-10-02,2026-10-02,2026-10-05,HOLD,neutral,56.89,56.89,56.89,68.02,68.02,0,61.33,-2.0,2,4.44,0.0,0.0,0.0,0.0,0,0,56.89,v2_conservative_ranker,57.0,-3.0,1,11.45,0.0,0.0,0.0,66.45,66.45,v3_stability_ranker,price_momentum,14020.0,0.0014,0.0463,0.1057,13868.0,13808.0,0.3002,0.037,kis,,,,,,,,,data/raw/price_092790_20260607_20261005.csv,201,False,Broad evaluation pool candidate,161,False,Broad evaluation pool candidate
011370,2026-10-02,2026-10-02,2026-10-02,2026-10-05,HOLD,neutral,56.88,56.88,56.88,60.09,60.09,0,51.36,0.94,3,1.42,0.0,0.0,0.0,0.0,0,3,56.88,v2_conservative_ranker,48.5,8.0,6,15.23,0.0,0.0,0.0,77.73,77.73,v3_stability_ranker,neutral,3780.0,0.0189,0.0286,-0.0143,3702.0,3779.25,1.187,0.0118,kis,,,,,,,,,data/raw/price_011370_20260607_20261005.csv,202,False,Broad evaluation pool candidate,48,False,Broad evaluation pool candidate
014530,2026-10-02,2026-10-02,2026-10-02,2026-10-05,HOLD,neutral,56.86,56.86,56.86,65.75,65.75,0,58.61,-2.0,2,1.75,0.0,0.0,0.0,0.0,0,0,56.86,v2_conservative_ranker,57.0,-3.0,1,14.81,0.0,0.0,0.0,69.81,69.81,v3_stability_ranker,price_momentum,3395.0,0.0211,0.0382,0.0511,3358.0,3335.25,0.1389,0.0146,kis,,,,,,,,,data/raw/price_014530_20260607_20261005.csv,203,False,Broad evaluation pool candidate,103,False,Broad evaluation pool candidate
023450,2026-10-02,2026-10-02,2026-10-02,2026-10-05,HOLD,neutral,56.86,56.86,56.86,72.16,72.16,0,57.61,-2.0,2,0.76,0.0,0.0,0.0,0.0,0,0,56.86,v2_conservative_ranker,43.0,-3.0,1,16.05,0.0,0.0,0.0,57.05,57.05,v3_stability_ranker,price_momentum,32000.0,-0.0062,0.0,0.0175,32100.0,31847.5,0.6532,0.0063,kis,,,,,,,,,data/raw/price_023450_20260607_20261005.csv,204,False,Broad evaluation pool candidate,341,False,Broad evaluation pool candidate
003920,2026-10-02,2026-10-02,2026-10-02,2026-10-05,HOLD,neutral,56.83,56.83,56.83,66.97,66.97,0,51.97,2.86,3,1.0,0.0,0.0,0.0,0.0,0,0,56.83,v2_conservative_ranker,43.0,8.0,6,15.75,0.0,0.0,0.0,72.75,72.75,v3_stability_ranker,price_momentum,42250.0,-0.0024,0.0036,-0.0398,42190.0,42782.5,1.5721,0.0083,kis,,,,,,,,,data/raw/price_003920_20260607_20261005.csv,205,False,Broad evaluation pool candidate,78,False,Broad evaluation pool candidate
011560,2026-10-02,2026-10-02,2026-10-02,2026-10-05,HOLD,neutral,56.72,56.72,56.72,68.31,68.31,0,54.58,3.79,3,4.66,0.0,0.0,0.0,0.0,0,0,56.72,v2_conservative_ranker,43.0,8.0,6,7.18,0.0,0.0,0.0,64.18,64.18,v3_stability_ranker,price_momentum,24650.0,-0.0501,0.0144,0.0041,24110.0,24282.5,1.7577,0.0388,kis,,,,,,,,,data/raw/price_011560_20260607_20261005.csv,206,False,Broad evaluation pool candidate,201,False,Broad evaluation pool candidate
420770,2026-10-02,2026-10-02,2026-10-02,2026-10-05,HOLD,neutral,56.7,56.7,56.7,74.84,74.84,0,64.04,-2.0,2,5.77,1.57,0.0,0.0,0.0,0,0,56.7,v2_conservative_ranker,49.46,-3.0,1,6.79,4.77,0.5,0.0,48.98,48.98,v3_stability_ranker,price_momentum,129300.0,-0.0372,0.0504,0.2639,129120.0,109935.0,0.7682,0.0481,kis,,,,,,,,,data/raw/price_420770_20260607_20261005.csv,207,False,Broad evaluation pool candidate,536,False,Broad evaluation pool candidate
424870,2026-10-02,2026-10-02,2026-10-02,2026-10-05,HOLD,neutral,56.53,56.53,56.53,78.6,78.6,0,67.0,0.0,2,10.0,0.0,2.47,0.0,0.0,0,0,56.53,v2_conservative_ranker,53.0,2.0,1,5.0,0.0,6.35,0.0,54.65,54.65,v3_stability_ranker,price_momentum,3435.0,0.0059,0.1153,0.199,3442.0,3159.75,0.8534,0.0847,kis,,,,,,,,,data/raw/price_424870_20260607_20261005.csv,208,False,Broad evaluation pool candidate,414,False,Broad evaluation pool candidate
082210,2026-10-02,2026-10-02,2026-10-02,2026-10-05,HOLD,neutral,56.49,56.49,56.49,68.25,68.25,0,56.86,0.0,2,2.38,0.0,0.0,0.0,0.0,0,0,56.49,v2_conservative_ranker,57.0,2.0,6,14.03,0.0,0.0,0.0,79.03,79.03,v3_stability_ranker,price_momentum,1810.0,0.0296,0.0186,0.0572,1752.2,1727.3,0.9181,0.0198,kis,,,,,,,,,data/raw/price_082210_20260607_20261005.csv,209,False,Broad evaluation pool candidate,39,False,Broad evaluation pool candidate
038870,2026-10-02,2026-10-02,2026-10-02,2026-10-05,HOLD,neutral,56.45,56.45,56.45,67.51,67.51,0,60.05,-2.0,2,3.6,0.0,0.0,0.0,0.0,0,0,56.45,v2_conservative_ranker,57.0,-3.0,1,12.5,0.0,0.0,0.0,67.5,67.5,v3_stability_ranker,price_momentum,2125.0,0.0071,0.0167,0.1536,2149.0,2004.15,0.1941,0.03,kis,,,,,,,,,data/raw/price_038870_20260607_20261005.csv,210,False,Broad evaluation pool candidate,143,False,Broad evaluation pool candidate
002810,2026-10-02,2026-10-02,2026-10-02,2026-10-05,HOLD,neutral,56.39,56.39,56.39,66.56,66.56,0,51.84,3.37,3,1.81,0.0,0.0,0.0,0.0,0,0,56.39,v2_conservative_ranker,40.58,8.0,6,14.73,0.0,0.0,0.0,69.31,69.31,v3_stability_ranker,price_momentum,21100.0,-0.0254,0.0072,-0.0538,21520.0,21635.0,1.6737,0.0151,kis,,,,,,,,,data/raw/price_002810_20260607_20261005.csv,211,False,Broad evaluation pool candidate,112,False,Broad evaluation pool candidate
088790,2026-10-02,2026-10-02,2026-10-02,2026-10-05,HOLD,neutral,56.35,56.35,56.35,66.97,66.97,0,58.99,-2.0,2,2.64,0.0,0.0,0.0,0.0,0,0,56.35,v2_conservative_ranker,57.0,-3.0,1,13.7,0.0,0.0,0.0,68.7,68.7,v3_stability_ranker,price_momentum,2540.0,0.0099,0.041,0.0539,2519.0,2384.5,0.3953,0.022,kis,,,,,,,,,data/raw/price_088790_20260607_20261005.csv,212,False,Broad evaluation pool candidate,120,False,Broad evaluation pool candidate
039020,2026-10-02,2026-10-02,2026-10-02,2026-10-05,HOLD,neutral,56.32,56.32,56.32,67.29,67.29,0,56.07,0.0,2,1.75,0.0,0.0,0.0,0.0,0,0,56.32,v2_conservative_ranker,51.0,2.0,6,14.81,0.0,0.0,0.0,73.81,73.81,v3_stability_ranker,price_momentum,2640.0,0.0096,0.0333,-0.0075,2629.0,2597.5,0.9652,0.0146,kis,,,,,,,,,data/raw/price_039020_20260607_20261005.csv,213,False,Broad evaluation pool candidate,70,False,Broad evaluation pool candidate
017650,2026-10-02,2026-10-02,2026-10-02,2026-10-05,HOLD,neutral,56.26,56.26,56.26,67.3,67.3,0,56.87,0.0,0,0.61,0.0,0.0,0.0,0.0,0,0,56.26,v2_conservative_ranker,43.0,-5.0,0,16.23,0.0,0.0,0.0,54.23,54.23,v3_stability_ranker,price_momentum,10800.0,0.0,0.0,-0.0037,10800.0,10779.0,0.0,0.0051,kis,,,,,,,,,data/raw/price_017650_20260607_20261005.csv,214,False,Broad evaluation pool candidate,426,False,Broad evaluation pool candidate
028100,2026-10-02,2026-10-02,2026-10-02,2026-10-05,HOLD,neutral,56.23,56.23,56.23,66.52,66.52,0,58.67,-2.0,2,2.44,0.0,0.0,0.0,0.0,0,0,56.23,v2_conservative_ranker,49.0,-3.0,1,13.96,0.0,0.0,0.0,60.95,60.95,v3_stability_ranker,price_momentum,19860.0,0.0046,0.0081,0.1388,19730.0,18852.0,0.134,0.0203,kis,,,,,,,,,data/raw/price_028100_20260607_20261005.csv,215,False,Broad evaluation pool candidate,251,False,Broad evaluation pool candidate
077360,2026-10-02,2026-10-02,2026-10-02,2026-10-05,HOLD,neutral,56.22,56.22,56.22,78.44,78.44,0,66.38,0.0,2,4.82,7.33,0.0,0.0,0.0,0,0,56.22,v2_conservative_ranker,44.07,2.0,1,7.97,15.5,0.0,0.0,39.54,39.54,v3_stability_ranker,price_momentum,14110.0,0.0014,0.0738,0.4181,13718.0,11555.0,0.8475,0.0402,kis,,,,,,,,,data/raw/price_077360_20260607_20261005.csv,216,False,Broad evaluation pool candidate,654,False,Broad evaluation pool candidate
159910,2026-10-02,2026-10-02,2026-10-02,2026-10-05,HOLD,neutral,56.21,56.21,56.21,76.56,76.56,0,56.31,3.0,3,2.1,0.0,4.0,0.0,0.0,0,0,56.21,v2_conservative_ranker,51.0,-0.38,4,14.38,0.0,0.0,0.0,69.0,69.0,v3_stability_ranker,price_momentum,3135.0,-0.0016,0.0381,-0.0142,3042.0,3113.25,2.5355,0.0175,kis,,,,,,,,,data/raw/price_159910_20260607_20261005.csv,217,False,Broad evaluation pool candidate,116,False,Broad evaluation pool candidate
092040,2026-10-02,2026-10-02,2026-10-02,2026-10-05,HOLD,neutral,56.09,56.09,56.09,66.56,66.56,0,60.94,-2.0,2,4.85,0.0,0.0,0.0,0.0,0,0,56.09,v2_conservative_ranker,57.0,-3.0,1,10.94,0.0,0.0,0.0,65.94,65.94,v3_stability_ranker,price_momentum,998.0,0.0081,0.0674,0.0342,977.0,942.8,0.3578,0.0404,kis,,,,,,,,,data/raw/price_092040_20260607_20261005.csv,218,False,Broad evaluation pool candidate,164,False,Broad evaluation pool candidate
025950,2026-10-02,2026-10-02,2026-10-02,2026-10-05,HOLD,neutral,56.08,56.08,56.08,59.44,59.44,0,51.03,0.67,3,1.61,0.0,0.0,0.0,0.0,0,3,56.08,v2_conservative_ranker,48.5,8.0,6,14.99,0.0,0.0,0.0,77.49,77.49,v3_stability_ranker,neutral,10090.0,-0.001,0.0213,-0.003,9954.0,10045.5,1.1334,0.0134,kis,,,,,,,,,data/raw/price_025950_20260607_20261005.csv,219,False,Broad evaluation pool candidate,49,False,Broad evaluation pool candidate
032800,2026-10-02,2026-10-02,2026-10-02,2026-10-05,HOLD,neutral,56.01,56.01,56.01,66.81,66.81,0,55.07,0.0,2,1.06,0.0,0.0,0.0,0.0,0,0,56.01,v2_conservative_ranker,51.0,2.0,6,15.68,0.0,0.0,0.0,74.68,74.68,v3_stability_ranker,price_momentum,1486.0,-0.0034,0.0157,0.0143,1484.0,1479.5,0.9012,0.0088,kis,,,,,,,,,data/raw/price_032800_20260607_20261005.csv,220,False,Broad evaluation pool candidate,65,False,Broad evaluation pool candidate
900110,2026-10-02,2026-10-02,2026-10-02,2026-10-05,HOLD,neutral,55.99,55.99,55.99,62.28,62.28,0,55.8,0.0,3,2.64,0.17,0.0,0.0,0.0,0,0,55.99,v2_conservative_ranker,48.5,2.0,6,9.7,4.49,0.0,0.0,61.71,61.71,v3_stability_ranker,neutral,5850.0,0.0714,0.0773,-0.0265,5528.0,5800.45,1.0119,0.022,kis,,,,,,,,,data/raw/price_900110_20260607_20261005.csv,221,False,Broad evaluation pool candidate,236,False,Broad evaluation pool candidate
002680,2026-10-02,2026-10-02,2026-10-02,2026-10-05,HOLD,neutral,55.92,55.92,55.92,82.02,82.02,0,67.0,-2.0,2,6.42,4.66,0.0,0.0,0.0,0,0,55.92,v2_conservative_ranker,36.92,-3.0,1,5.97,15.59,1.36,0.0,23.94,23.94,v3_stability_ranker,price_momentum,3410.0,0.0029,0.2049,0.304,3284.0,2855.0,0.3946,0.0535,kis,,,,,,,,,data/raw/price_002680_20260607_20261005.csv,222,False,Broad evaluation pool candidate,740,False,Broad evaluation pool candidate
229640,2026-10-02,2026-10-02,2026-10-02,2026-10-05,HOLD,neutral,55.91,55.91,55.91,90.92,90.92,0,71.53,0.0,2,6.35,11.27,0.0,0.0,0.0,0,0,55.91,v2_conservative_ranker,43.0,2.0,6,2.06,20.6,1.26,0.0,31.2,31.2,v3_stability_ranker,strong_price_momentum,66900.0,0.0585,0.0453,0.5102,63380.0,54940.0,0.947,0.0529,kis,,,,,,,,,data/raw/price_229640_20260607_20261005.csv,223,False,Broad evaluation pool candidate,707,False,Broad evaluation pool candidate
232140,2026-10-02,2026-10-02,2026-10-02,2026-10-05,HOLD,neutral,55.87,55.87,55.87,88.54,88.54,0,67.0,2.4,3,6.41,10.12,0.0,0.0,0.0,0,0,55.87,v2_conservative_ranker,34.56,8.0,6,1.99,26.95,1.34,0.0,22.26,22.26,v3_stability_ranker,price_momentum,16930.0,0.0581,0.1881,0.405,15136.0,12985.5,1.4801,0.0534,kis,,,,,,,,,data/raw/price_232140_20260607_20261005.csv,224,False,Broad evaluation pool candidate,747,False,Broad evaluation pool candidate
018470,2026-10-02,2026-10-02,2026-10-02,2026-10-05,HOLD,neutral,55.81,55.81,55.81,67.84,67.84,0,57.84,-2.0,2,2.03,0.0,0.0,0.0,0.0,0,0,55.81,v2_conservative_ranker,57.0,-3.0,1,14.46,0.0,0.0,0.0,69.47,69.47,v3_stability_ranker,price_momentum,5240.0,0.0116,0.0214,0.0771,5214.0,5000.5,0.5895,0.0169,kis,,,,,,,,,data/raw/price_018470_20260607_20261005.csv,225,False,Broad evaluation pool candidate,108,False,Broad evaluation pool candidate
096770,2026-10-02,2026-10-02,2026-10-02,2026-10-05,HOLD,neutral,55.81,55.81,55.81,70.94,70.94,0,59.68,0.92,3,6.13,1.66,0.0,0.0,0.0,0,0,55.81,v2_conservative_ranker,49.0,8.0,6,5.33,6.6,0.98,0.0,60.76,60.76,v3_stability_ranker,price_momentum,151300.0,0.0838,0.0141,0.1506,148760.0,143090.0,1.1842,0.0511,kis,,,,,,,,,data/raw/price_096770_20260607_20261005.csv,226,False,Broad evaluation pool candidate,256,False,Broad evaluation pool candidate
429270,2026-10-02,2026-10-02,2026-10-02,2026-10-05,HOLD,neutral,55.8,55.8,55.8,68.44,68.44,0,61.2,-2.0,2,5.4,0.0,0.0,0.0,0.0,0,0,55.8,v2_conservative_ranker,51.0,-3.0,1,10.25,0.0,0.0,0.0,59.25,59.25,v3_stability_ranker,price_momentum,3540.0,0.0057,0.0943,0.0057,3339.0,3264.75,0.5378,0.045,kis,,,,,,,,,data/raw/price_429270_20260607_20261005.csv,227,False,Broad evaluation pool candidate,284,False,Broad evaluation pool candidate
407400,2026-10-02,2026-10-02,2026-10-02,2026-10-05,HOLD,neutral,55.68,55.68,55.68,57.94,57.94,0,50.31,1.31,3,1.93,0.0,0.0,0.0,0.0,0,3,55.68,v2_conservative_ranker,44.52,8.0,6,14.59,0.0,0.0,0.0,73.11,73.11,v3_stability_ranker,neutral,1969.0,0.0202,0.044,-0.0884,1928.8,2006.55,1.2613,0.0161,kis,,,,,,,,,data/raw/price_407400_20260607_20261005.csv,228,False,Broad evaluation pool candidate,72,False,Broad evaluation pool candidate
012750,2026-10-02,2026-10-02,2026-10-02,2026-10-05,HOLD,neutral,55.68,55.68,55.68,66.88,66.88,0,55.66,0.0,2,1.98,0.0,0.0,0.0,0.0,0,0,55.68,v2_conservative_ranker,49.0,2.0,1,14.53,0.0,0.0,0.0,66.53,66.53,v3_stability_ranker,price_momentum,84100.0,0.0108,0.0096,0.0486,83340.0,82430.0,0.8568,0.0165,kis,,,,,,,,,data/raw/price_012750_20260607_20261005.csv,229,False,Broad evaluation pool candidate,160,False,Broad evaluation pool candidate
007980,2026-10-02,2026-10-02,2026-10-02,2026-10-05,HOLD,neutral,55.66,55.66,55.66,66.72,66.72,0,54.33,0.0,3,1.67,0.0,0.0,0.0,0.0,0,0,55.66,v2_conservative_ranker,49.0,8.0,6,14.91,0.0,0.0,0.0,77.91,77.91,v3_stability_ranker,price_momentum,1794.0,0.0107,0.0022,0.0316,1793.6,1740.65,1.0524,0.0139,kis,,,,,,,,,data/raw/price_007980_20260607_20261005.csv,230,False,Broad evaluation pool candidate,47,False,Broad evaluation pool candidate
090080,2026-10-02,2026-10-02,2026-10-02,2026-10-05,HOLD,neutral,55.65,55.65,55.65,67.41,67.41,0,56.89,-2.0,2,1.24,0.0,0.0,0.0,0.0,0,0,55.65,v2_conservative_ranker,57.0,-3.0,1,15.46,0.0,0.0,0.0,70.45,70.45,v3_stability_ranker,price_momentum,1022.0,-0.0049,0.022,0.0482,1026.4,1001.45,0.6377,0.0103,kis,,,,,,,,,data/raw/price_090080_20260607_20261005.csv,231,False,Broad evaluation pool candidate,92,False,Broad evaluation pool candidate
418420,2026-10-02,2026-10-02,2026-10-02,2026-10-05,HOLD,neutral,55.58,55.58,55.58,66.28,66.28,0,57.0,0.0,2,3.42,0.0,0.0,0.0,0.0,0,0,55.58,v2_conservative_ranker,51.0,2.0,1,12.72,0.0,0.0,0.0,66.72,66.72,v3_stability_ranker,price_momentum,4300.0,0.0106,0.0412,-0.0035,4296.0,4098.0,0.8646,0.0285,kis,,,,,,,,,data/raw/price_418420_20260607_20261005.csv,232,False,Broad evaluation pool candidate,155,False,Broad evaluation pool candidate
107640,2026-10-02,2026-10-02,2026-10-02,2026-10-05,HOLD,neutral,55.42,55.42,55.42,63.34,63.34,0,56.48,0.0,2,3.06,0.0,0.0,0.0,0.0,0,0,55.42,v2_conservative_ranker,54.5,2.0,1,13.18,0.0,0.0,0.0,70.67,70.67,v3_stability_ranker,neutral,42300.0,0.0144,0.0509,0.0682,41150.0,41212.5,0.898,0.0255,kis,,,,,,,,,data/raw/price_107640_20260607_20261005.csv,233,False,Broad evaluation pool candidate,91,False,Broad evaluation pool candidate
455180,2026-10-02,2026-10-02,2026-10-02,2026-10-05,HOLD,neutral,55.31,55.31,55.31,66.24,66.24,0,52.31,3.98,3,3.97,0.0,0.0,0.0,0.0,0,0,55.31,v2_conservative_ranker,43.0,8.0,6,12.04,0.0,0.0,0.0,69.03,69.03,v3_stability_ranker,price_momentum,1276.0,0.0192,0.0055,-0.0355,1260.8,1279.5,1.7959,0.0331,kis,,,,,,,,,data/raw/price_455180_20260607_20261005.csv,234,False,Broad evaluation pool candidate,115,False,Broad evaluation pool candidate
309930,2026-10-02,2026-10-02,2026-10-02,2026-10-05,HOLD,neutral,55.24,55.24,55.24,59.48,59.48,0,53.71,0.96,3,5.1,0.34,0.0,0.0,0.0,0,3,55.24,v2_conservative_ranker,48.5,8.0,6,6.62,4.73,0.0,0.0,64.4,64.4,v3_stability_ranker,neutral,899.0,0.0728,0.0502,-0.0088,846.8,887.25,1.192,0.0425,kis,,,,,,,,,data/raw/price_309930_20260607_20261005.csv,235,False,Broad evaluation pool candidate,198,False,Broad evaluation pool candidate
006570,2026-10-02,2026-10-02,2026-10-02,2026-10-05,HOLD,neutral,55.02,55.02,55.02,62.31,62.31,0,54.26,0.0,3,2.23,0.0,0.0,0.0,0.0,0,0,55.02,v2_conservative_ranker,54.5,2.0,6,14.21,0.0,0.0,0.0,76.71,76.71,v3_stability_ranker,neutral,1987.0,0.0301,0.0338,0.0536,1927.2,1938.5,1.0187,0.0186,kis,,,,,,,,,data/raw/price_006570_20260607_20261005.csv,236,False,Broad evaluation pool candidate,53,False,Broad evaluation pool candidate
278650,2026-10-02,2026-10-02,2026-10-02,2026-10-05,HOLD,neutral,54.96,54.96,54.96,79.74,79.74,0,67.0,-2.0,2,9.84,0.0,2.2,0.0,0.0,0,0,54.96,v2_conservative_ranker,53.0,-3.0,1,-2.0,3.23,5.92,0.0,39.85,39.85,v3_stability_ranker,price_momentum,2885.0,-0.0556,0.154,0.1921,3177.0,2622.5,0.522,0.082,kis,,,,,,,,,data/raw/price_278650_20260607_20261005.csv,237,False,Broad evaluation pool candidate,651,False,Broad evaluation pool candidate
297890,2026-10-02,2026-10-02,2026-10-02,2026-10-05,HOLD,neutral,54.96,54.96,54.96,63.06,63.06,0,56.81,-2.0,2,1.85,0.0,0.0,0.0,0.0,0,0,54.96,v2_conservative_ranker,48.5,-3.0,1,14.69,0.0,0.0,0.0,61.19,61.19,v3_stability_ranker,neutral,1666.0,0.0128,0.0832,-0.0054,1612.4,1633.65,0.7586,0.0154,kis,,,,,,,,,data/raw/price_297890_20260607_20261005.csv,238,False,Broad evaluation pool candidate,247,False,Broad evaluation pool candidate
144510,2026-10-02,2026-10-02,2026-10-02,2026-10-05,HOLD,neutral,54.87,54.87,54.87,67.19,67.19,0,58.64,-2.0,2,3.77,0.0,0.0,0.0,0.0,0,0,54.87,v2_conservative_ranker,57.0,-3.0,1,12.29,0.0,0.0,0.0,67.29,67.29,v3_stability_ranker,price_momentum,14540.0,-0.0129,0.0349,0.0613,14406.0,14385.0,0.6294,0.0314,kis,,,,,,,,,data/raw/price_144510_20260607_20261005.csv,239,False,Broad evaluation pool candidate,146,False,Broad evaluation pool candidate
007570,2026-10-02,2026-10-02,2026-10-02,2026-10-05,HOLD,neutral,54.85,54.85,54.85,60.76,60.76,0,53.46,0.0,3,1.61,0.0,0.0,0.0,0.0,0,0,54.85,v2_conservative_ranker,48.5,2.0,6,14.99,0.0,0.0,0.0,71.49,71.49,v3_stability_ranker,neutral,8160.0,0.0062,0.057,-0.0355,8050.0,8074.5,1.0294,0.0134,kis,,,,,,,,,data/raw/price_007570_20260607_20261005.csv,240,False,Broad evaluation pool candidate,84,False,Broad evaluation pool candidate
004380,2026-10-02,2026-10-02,2026-10-02,2026-10-05,HOLD,neutral,54.71,54.71,54.71,60.62,60.62,0,54.68,0.0,2,1.97,0.0,0.0,0.0,0.0,0,0,54.71,v2_conservative_ranker,48.5,2.0,1,14.54,0.0,0.0,0.0,66.04,66.04,v3_stability_ranker,neutral,7840.0,0.0222,0.0638,-0.02,7594.0,7706.5,0.8137,0.0164,kis,,,,,,,,,data/raw/price_004380_20260607_20261005.csv,241,False,Broad evaluation pool candidate,162,False,Broad evaluation pool candidate
041960,2026-10-02,2026-10-02,2026-10-02,2026-10-05,HOLD,neutral,54.68,54.68,54.68,66.63,66.63,0,58.29,-2.0,2,3.61,0.0,0.0,0.0,0.0,0,0,54.68,v2_conservative_ranker,49.0,-3.0,1,12.48,0.0,0.0,0.0,59.48,59.48,v3_stability_ranker,price_momentum,9890.0,0.0071,0.0041,0.1394,9826.0,9678.0,0.3771,0.0301,kis,,,,,,,,,data/raw/price_041960_20260607_20261005.csv,242,False,Broad evaluation pool candidate,278,False,Broad evaluation pool candidate
460940,2026-10-02,2026-10-02,2026-10-02,2026-10-05,HOLD,neutral,54.67,54.67,54.67,66.22,66.22,0,57.86,-2.0,2,3.19,0.0,0.0,0.0,0.0,0,0,54.67,v2_conservative_ranker,57.0,-3.0,1,13.01,0.0,0.0,0.0,68.01,68.01,v3_stability_ranker,price_momentum,5300.0,0.0153,0.0291,0.0558,5152.0,5088.75,0.5292,0.0266,kis,,,,,,,,,data/raw/price_460940_20260607_20261005.csv,243,False,Broad evaluation pool candidate,134,False,Broad evaluation pool candidate
174900,2026-10-02,2026-10-02,2026-10-02,2026-10-05,HOLD,neutral,54.56,54.56,54.56,99.22,99.22,0,71.0,5.44,3,7.57,17.0,0.31,0.0,0.0,0,0,54.56,v2_conservative_ranker,31.36,5.0,6,0.54,26.88,3.12,0.0,12.9,12.9,v3_stability_ranker,price_momentum,28250.0,0.0502,0.4413,0.2668,23712.0,21217.5,2.0881,0.0631,kis,,,,,,,,,data/raw/price_174900_20260607_20261005.csv,244,False,Broad evaluation pool candidate,771,False,Broad evaluation pool candidate
215600,2026-10-02,2026-10-02,2026-10-02,2026-10-05,HOLD,neutral,54.56,54.56,54.56,64.44,64.44,0,56.87,-2.0,2,2.3,0.0,0.0,0.0,0.0,0,0,54.56,v2_conservative_ranker,51.0,-3.0,1,14.12,0.0,0.0,0.0,63.12,63.12,v3_stability_ranker,price_momentum,2360.0,-0.0084,0.0536,-0.0426,2342.0,2296.75,0.5222,0.0192,kis,,,,,,,,,data/raw/price_215600_20260607_20261005.csv,245,False,Broad evaluation pool candidate,215,False,Broad evaluation pool candidate
339770,2026-10-02,2026-10-02,2026-10-02,2026-10-05,HOLD,neutral,54.5,54.5,54.5,66.48,66.48,0,55.03,-2.0,2,0.53,0.0,0.0,0.0,0.0,0,0,54.5,v2_conservative_ranker,51.0,-3.0,1,16.34,0.0,0.0,0.0,65.34,65.34,v3_stability_ranker,price_momentum,3875.0,0.0065,0.0171,0.0091,3841.0,3822.0,0.7929,0.0044,kis,,,,,,,,,data/raw/price_339770_20260607_20261005.csv,246,False,Broad evaluation pool candidate,180,False,Broad evaluation pool candidate
206560,2026-10-02,2026-10-02,2026-10-02,2026-10-05,HOLD,neutral,54.49,54.49,54.49,66.06,66.06,0,54.89,0.0,3,3.4,0.0,0.0,0.0,0.0,0,0,54.49,v2_conservative_ranker,49.0,8.0,6,12.75,0.0,0.0,0.0,75.75,75.75,v3_stability_ranker,price_momentum,931.0,0.0242,0.0076,0.0322,943.4,931.25,1.0859,0.0283,kis,,,,,,,,,data/raw/price_206560_20260607_20261005.csv,247,False,Broad evaluation pool candidate,61,False,Broad evaluation pool candidate
003380,2026-10-02,2026-10-02,2026-10-02,2026-10-05,HOLD,neutral,54.48,54.48,54.48,61.88,61.88,0,53.53,0.0,3,2.05,0.0,0.0,0.0,0.0,0,0,54.48,v2_conservative_ranker,54.5,2.0,6,14.44,0.0,0.0,0.0,76.94,76.94,v3_stability_ranker,neutral,11310.0,0.0338,0.0254,0.057,11010.0,11114.5,1.0336,0.0171,kis,,,,,,,,,data/raw/price_003380_20260607_20261005.csv,248,False,Broad evaluation pool candidate,51,False,Broad evaluation pool candidate
005800,2026-10-02,2026-10-02,2026-10-02,2026-10-05,HOLD,neutral,54.35,54.35,54.35,75.58,79.58,-4,63.25,-2.0,2,0.8,0.0,0.0,0.0,8.1,0,0,54.35,v2_conservative_ranker,57.0,-3.0,1,15.99,0.0,0.0,12.4,58.6,58.6,v3_stability_ranker,strong_price_momentum,13720.0,0.0148,0.0155,0.0201,13548.0,13524.5,0.283,0.0067,kis,,,,medium_attention,risk_noise_detected,,,,data/raw/price_005800_20260607_20261005.csv,249,False,Broad evaluation pool candidate,308,False,Broad evaluation pool candidate
038680,2026-10-02,2026-10-02,2026-10-02,2026-10-05,HOLD,neutral,54.34,54.34,54.34,60.32,60.32,0,54.6,0.0,2,2.27,0.0,0.0,0.0,0.0,0,0,54.34,v2_conservative_ranker,48.5,2.0,1,14.16,0.0,0.0,0.0,65.66,65.66,v3_stability_ranker,neutral,3820.0,0.0119,0.0641,-0.023,3718.0,3772.25,0.8253,0.0189,kis,,,,,,,,,data/raw/price_038680_20260607_20261005.csv,250,False,Broad evaluation pool candidate,172,False,Broad evaluation pool candidate
033290,2026-10-02,2026-10-02,2026-10-02,2026-10-05,HOLD,neutral,53.97,53.97,53.97,63.6,63.6,0,54.5,-2.0,2,0.53,0.0,0.0,0.0,0.0,0,0,53.97,v2_conservative_ranker,43.0,-3.0,1,16.34,0.0,0.0,0.0,57.34,57.34,v3_stability_ranker,price_momentum,1528.0,0.0046,0.0099,0.0146,1522.0,1521.55,0.3862,0.0044,kis,,,,,,,,,data/raw/price_033290_20260607_20261005.csv,251,False,Broad evaluation pool candidate,326,False,Broad evaluation pool candidate
003580,2026-10-02,2026-10-02,2026-10-02,2026-10-05,HOLD,neutral,53.96,53.96,53.96,74.36,74.36,0,64.5,-2.0,2,9.02,0.0,1.52,0.0,0.0,0,0,53.96,v2_conservative_ranker,53.0,-3.0,1,5.72,1.08,4.83,0.0,50.8,50.8,v3_stability_ranker,price_momentum,1791.0,-0.0392,0.1314,0.1001,1940.0,1711.85,0.6218,0.0752,kis,,,,,,,,,data/raw/price_003580_20260607_20261005.csv,252,False,Broad evaluation pool candidate,504,False,Broad evaluation pool candidate
009160,2026-10-02,2026-10-02,2026-10-02,2026-10-05,HOLD,neutral,53.96,53.96,53.96,63.41,63.41,0,55.84,-2.0,2,1.88,0.0,0.0,0.0,0.0,0,0,53.96,v2_conservative_ranker,51.0,-3.0,1,14.64,0.0,0.0,0.0,63.64,63.64,v3_stability_ranker,price_momentum,4930.0,-0.007,0.0401,-0.0333,4873.0,4804.25,0.4397,0.0157,kis,,,,,,,,,data/raw/price_009160_20260607_20261005.csv,253,False,Broad evaluation pool candidate,210,False,Broad evaluation pool candidate
126340,2026-10-02,2026-10-02,2026-10-02,2026-10-05,HOLD,neutral,53.93,53.93,53.93,93.67,93.67,0,75.0,-2.0,2,6.62,14.45,0.0,0.0,0.0,0,0,53.93,v2_conservative_ranker,43.0,-3.0,1,5.72,21.68,1.63,0.0,23.4,23.4,v3_stability_ranker,strong_price_momentum,94900.0,0.0128,0.0933,0.6112,89840.0,75470.0,0.6427,0.0552,kis,,,,,,,,,data/raw/price_126340_20260607_20261005.csv,254,False,Broad evaluation pool candidate,741,False,Broad evaluation pool candidate
012450,2026-10-02,2026-10-02,2026-10-02,2026-10-05,HOLD,neutral,53.9,53.9,53.9,61.24,61.24,0,55.2,0.0,2,3.3,0.0,0.0,0.0,0.0,0,0,53.9,v2_conservative_ranker,54.5,2.0,1,12.88,0.0,0.0,0.0,70.38,70.38,v3_stability_ranker,neutral,1069000.0,0.0338,0.047,0.0429,1031200.0,1054700.0,0.8575,0.0275,kis,,,,,,,,,data/raw/price_012450_20260607_20261005.csv,255,False,Broad evaluation pool candidate,94,False,Broad evaluation pool candidate
008870,2026-10-02,2026-10-02,2026-10-02,2026-10-05,HOLD,neutral,53.86,53.86,53.86,60.77,60.77,0,47.12,5.21,3,1.48,0.0,0.0,0.0,0.0,0,0,53.86,v2_conservative_ranker,40.5,5.0,6,15.15,0.0,0.0,0.0,66.66,66.66,v3_stability_ranker,neutral,39400.0,-0.0063,-0.0101,-0.0248,39730.0,40120.0,2.0421,0.0123,kis,,,,,,,,,data/raw/price_008870_20260607_20261005.csv,256,False,Broad evaluation pool candidate,158,False,Broad evaluation pool candidate
115450,2026-10-02,2026-10-02,2026-10-02,2026-10-05,HOLD,neutral,53.85,53.85,53.85,84.65,84.65,0,67.0,0.75,3,8.7,6.95,1.25,0.0,0.0,0,0,53.85,v2_conservative_ranker,42.3,8.0,6,3.12,16.7,4.4,0.0,38.32,38.32,v3_stability_ranker,price_momentum,2495.0,0.0163,0.2557,0.2024,2526.0,2141.9,1.1492,0.0725,kis,,,,,,,,,data/raw/price_115450_20260607_20261005.csv,257,False,Broad evaluation pool candidate,668,False,Broad evaluation pool candidate
010120,2026-10-02,2026-10-02,2026-10-02,2026-10-05,HOLD,neutral,53.78,53.78,53.78,66.9,66.9,0,57.08,-2.0,2,3.3,0.0,0.0,0.0,0.0,0,0,53.78,v2_conservative_ranker,57.0,-3.0,1,12.88,0.0,0.0,0.0,67.88,67.88,v3_stability_ranker,price_momentum,209000.0,0.0146,0.017,0.068,205900.0,203990.0,0.7585,0.0275,kis,,,,medium_attention,no_risk_noise,,,,data/raw/price_010120_20260607_20261005.csv,258,False,Broad evaluation pool candidate,137,False,Broad evaluation pool candidate
021240,2026-10-02,2026-10-02,2026-10-02,2026-10-05,HOLD,neutral,53.69,53.69,53.69,65.05,65.05,0,56.92,-2.0,2,3.23,0.0,0.0,0.0,0.0,0,0,53.69,v2_conservative_ranker,57.0,-3.0,1,12.96,0.0,0.0,0.0,67.97,67.97,v3_stability_ranker,price_momentum,102400.0,0.0312,0.0261,0.0375,100840.0,100280.0,0.5423,0.0269,kis,,,,,,,,,data/raw/price_021240_20260607_20261005.csv,259,False,Broad evaluation pool candidate,135,False,Broad evaluation pool candidate
099750,2026-10-02,2026-10-02,2026-10-02,2026-10-05,HOLD,neutral,53.61,53.61,53.61,64.42,64.42,0,58.07,-2.0,2,4.46,0.0,0.0,0.0,0.0,0,0,53.61,v2_conservative_ranker,49.0,-3.0,1,11.42,0.0,0.0,0.0,58.42,58.42,v3_stability_ranker,price_momentum,7280.0,-0.0014,0.0069,0.1252,7288.0,7026.0,0.198,0.0372,kis,,,,,,,,,data/raw/price_099750_20260607_20261005.csv,260,False,Broad evaluation pool candidate,311,False,Broad evaluation pool candidate
000250,2026-10-02,2026-10-02,2026-10-02,2026-10-05,HOLD,neutral,53.6,53.6,53.6,101.83,105.83,-4,71.0,3.0,3,4.96,13.75,0.0,0.0,4.7,0,0,53.6,v2_conservative_ranker,31.95,-1.19,4,3.8,29.43,7.45,7.2,0.0,0.0,v3_stability_ranker,price_momentum,210000.0,0.0532,0.2674,0.3208,182160.0,166330.0,2.8267,0.0413,kis,,,,medium_attention,risk_noise_detected,,,,data/raw/price_000250_20260607_20261005.csv,261,False,Broad evaluation pool candidate,787,False,Broad evaluation pool candidate
389020,2026-10-02,2026-10-02,2026-10-02,2026-10-05,HOLD,neutral,53.47,53.47,53.47,59.01,59.01,0,53.11,2.5,3,7.72,0.0,0.43,0.0,0.0,0,3,53.47,v2_conservative_ranker,45.0,8.0,6,3.36,3.54,3.09,0.0,55.73,55.73,v3_stability_ranker,price_momentum,17180.0,0.0658,0.0611,-0.1934,16222.0,18283.5,1.5003,0.0643,kis,,,,,,,,,data/raw/price_389020_20260607_20261005.csv,262,False,Broad evaluation pool candidate,363,False,Broad evaluation pool candidate
382150,2026-10-02,2026-10-02,2026-10-02,2026-10-05,HOLD,neutral,53.47,53.47,53.47,63.39,63.39,0,58.33,-2.0,2,4.86,0.0,0.0,0.0,0.0,0,0,53.47,v2_conservative_ranker,57.0,-3.0,1,10.93,0.0,0.0,0.0,65.92,65.92,v3_stability_ranker,price_momentum,3750.0,0.0,0.0331,0.0578,3790.0,3512.0,0.2062,0.0405,kis,,,,,,,,,data/raw/price_382150_20260607_20261005.csv,263,False,Broad evaluation pool candidate,165,False,Broad evaluation pool candidate
234300,2026-10-02,2026-10-02,2026-10-02,2026-10-05,HOLD,neutral,53.39,53.39,53.39,63.57,63.57,0,57.61,-2.0,2,4.22,0.0,0.0,0.0,0.0,0,0,53.39,v2_conservative_ranker,51.0,-3.0,1,11.72,0.0,0.0,0.0,60.72,60.72,v3_stability_ranker,price_momentum,3245.0,0.0015,0.0434,0.0078,3214.0,3184.75,0.3925,0.0352,kis,,,,,,,,,data/raw/price_234300_20260607_20261005.csv,264,False,Broad evaluation pool candidate,258,False,Broad evaluation pool candidate
069730,2026-10-02,2026-10-02,2026-10-02,2026-10-05,HOLD,neutral,53.33,53.33,53.33,64.07,64.07,0,54.74,-2.0,2,1.42,0.0,0.0,0.0,0.0,0,0,53.33,v2_conservative_ranker,51.0,-3.0,1,15.23,0.0,0.0,0.0,64.23,64.23,v3_stability_ranker,price_momentum,5500.0,0.0018,0.0261,-0.0248,5456.0,5390.0,0.6473,0.0118,kis,,,,,,,,,data/raw/price_069730_20260607_20261005.csv,265,False,Broad evaluation pool candidate,199,False,Broad evaluation pool candidate
469750,2026-10-02,2026-10-02,2026-10-02,2026-10-05,HOLD,neutral,53.32,53.32,53.32,105.09,105.09,0,70.31,0.0,3,4.0,8.0,8.0,0.0,0.0,0,0,53.32,v2_conservative_ranker,53.0,-9.0,4,5.0,16.53,22.0,0.0,14.47,14.47,v3_stability_ranker,price_momentum,5690.0,0.1483,0.1483,0.1518,5102.0,4983.75,18.4625,0.0333,kis,,,,,,,,,data/raw/price_469750_20260607_20261005.csv,266,False,Broad evaluation pool candidate,765,False,Broad evaluation pool candidate
199800,2026-10-02,2026-10-02,2026-10-02,2026-10-05,HOLD,neutral,53.17,53.17,53.17,64.33,64.33,0,55.27,0.0,3,5.1,0.0,0.0,0.0,0.0,0,0,53.17,v2_conservative_ranker,51.0,2.0,6,6.62,0.0,0.0,0.0,65.62,65.62,v3_stability_ranker,price_momentum,34500.0,-0.0496,0.0222,0.0015,35540.0,33817.5,1.047,0.0425,kis,,,,,,,,,data/raw/price_199800_20260607_20261005.csv,267,False,Broad evaluation pool candidate,174,False,Broad evaluation pool candidate
015590,2026-10-02,2026-10-02,2026-10-02,2026-10-05,HOLD,neutral,53.16,53.16,53.16,83.51,83.51,0,67.0,0.0,2,5.15,10.69,0.0,0.0,0.0,0,0,53.16,v2_conservative_ranker,39.0,2.0,1,7.56,17.13,0.0,0.0,32.44,32.44,v3_stability_ranker,price_momentum,2380.0,-0.0124,0.128,0.736,2261.0,1991.8,0.8339,0.0429,kis,,,,,,,,,data/raw/price_015590_20260607_20261005.csv,268,False,Broad evaluation pool candidate,698,False,Broad evaluation pool candidate
051980,2026-10-02,2026-10-02,2026-10-02,2026-10-05,HOLD,neutral,53.11,53.11,53.11,60.52,60.52,0,48.02,4.48,3,2.39,0.0,0.0,0.0,0.0,0,0,53.11,v2_conservative_ranker,40.5,5.0,6,14.02,0.0,0.0,0.0,65.52,65.52,v3_stability_ranker,neutral,10220.0,-0.0126,-0.0126,0.0079,10324.0,10342.0,1.8966,0.0199,kis,,,,,,,,,data/raw/price_051980_20260607_20261005.csv,269,False,Broad evaluation pool candidate,176,False,Broad evaluation pool candidate
011420,2026-10-02,2026-10-02,2026-10-02,2026-10-05,HOLD,neutral,53.08,53.08,53.08,63.91,63.91,0,53.04,0.0,2,1.96,0.0,0.0,0.0,0.0,0,0,53.08,v2_conservative_ranker,43.0,2.0,6,14.55,0.0,0.0,0.0,65.56,65.56,v3_stability_ranker,price_momentum,1444.0,-0.0041,0.0077,-0.021,1444.4,1441.05,0.9699,0.0163,kis,,,,,,,,,data/raw/price_011420_20260607_20261005.csv,270,False,Broad evaluation pool candidate,175,False,Broad evaluation pool candidate
042370,2026-10-02,2026-10-02,2026-10-02,2026-10-05,HOLD,neutral,53.02,53.02,53.02,74.54,74.54,0,65.67,0.0,2,8.71,4.67,1.26,0.0,0.0,0,0,53.02,v2_conservative_ranker,43.69,2.0,1,3.11,11.59,4.42,0.0,33.8,33.8,v3_stability_ranker,price_momentum,11360.0,0.0327,0.0667,0.4289,10914.0,9720.0,0.8548,0.0726,kis,,,,,,,,,data/raw/price_042370_20260607_20261005.csv,271,False,Broad evaluation pool candidate,694,False,Broad evaluation pool candidate
300080,2026-10-02,2026-10-02,2026-10-02,2026-10-05,HOLD,neutral,53.01,53.01,53.01,59.19,59.19,0,57.47,-2.0,2,4.45,0.0,0.0,0.0,0.0,0,0,53.01,v2_conservative_ranker,54.5,-3.0,1,11.43,0.0,0.0,0.0,63.94,63.94,v3_stability_ranker,neutral,9090.0,-0.0076,0.0694,0.0436,8994.0,9024.0,0.2973,0.0371,kis,,,,,,,,,data/raw/price_300080_20260607_20261005.csv,272,False,Broad evaluation pool candidate,205,False,Broad evaluation pool candidate
033530,2026-10-02,2026-10-02,2026-10-02,2026-10-05,HOLD,neutral,53.0,53.0,53.0,64.91,64.91,0,54.54,-2.0,2,1.54,0.0,0.0,0.0,0.0,0,0,53.0,v2_conservative_ranker,51.0,-3.0,1,15.08,0.0,0.0,0.0,64.08,64.08,v3_stability_ranker,price_momentum,6810.0,0.0089,0.0164,-0.0029,6766.0,6762.5,0.7817,0.0128,kis,,,,,,,,,data/raw/price_033530_20260607_20261005.csv,273,False,Broad evaluation pool candidate,202,False,Broad evaluation pool candidate
000300,2026-10-02,2026-10-02,2026-10-02,2026-10-05,HOLD,neutral,53.0,53.0,53.0,60.0,60.0,0,53.0,0.0,0,0.0,0.0,0.0,0.0,0.0,0,0,53.0,v2_conservative_ranker,43.0,-5.0,0,17.0,0.0,0.0,0.0,55.0,55.0,v3_stability_ranker,price_momentum,4200.0,0.0,0.0,0.0,4200.0,4200.0,0.0,0.0,kis,,,,,,,,,data/raw/price_000300_20260607_20261005.csv,274,False,Broad evaluation pool candidate,375,False,Broad evaluation pool candidate
001470,2026-10-02,2026-10-02,2026-10-02,2026-10-05,HOLD,neutral,53.0,53.0,53.0,60.0,60.0,0,53.0,0.0,0,0.0,0.0,0.0,0.0,0.0,0,0,53.0,v2_conservative_ranker,43.0,-5.0,0,17.0,0.0,0.0,0.0,55.0,55.0,v3_stability_ranker,price_momentum,5820.0,0.0,0.0,0.0,5820.0,5820.0,0.0,0.0,kis,,,,,,,,,data/raw/price_001470_20260607_20261005.csv,275,False,Broad evaluation pool candidate,376,False,Broad evaluation pool candidate
011000,2026-10-02,2026-10-02,2026-10-02,2026-10-05,HOLD,neutral,53.0,53.0,53.0,60.0,60.0,0,53.0,0.0,0,0.0,0.0,0.0,0.0,0.0,0,0,53.0,v2_conservative_ranker,43.0,-5.0,0,17.0,0.0,0.0,0.0,55.0,55.0,v3_stability_ranker,price_momentum,2670.0,0.0,0.0,0.0,2670.0,2670.0,0.0,0.0,kis,,,,,,,,,data/raw/price_011000_20260607_20261005.csv,276,False,Broad evaluation pool candidate,377,False,Broad evaluation pool candidate
011810,2026-10-02,2026-10-02,2026-10-02,2026-10-05,HOLD,neutral,53.0,53.0,53.0,60.0,60.0,0,53.0,0.0,0,0.0,0.0,0.0,0.0,0.0,0,0,53.0,v2_conservative_ranker,43.0,-5.0,0,17.0,0.0,0.0,0.0,55.0,55.0,v3_stability_ranker,price_momentum,3530.0,0.0,0.0,0.0,3530.0,3530.0,0.0,0.0,kis,,,,,,,,,data/raw/price_011810_20260607_20261005.csv,277,False,Broad evaluation pool candidate,378,False,Broad evaluation pool candidate
017040,2026-10-02,2026-10-02,2026-10-02,2026-10-05,HOLD,neutral,53.0,53.0,53.0,60.0,60.0,0,53.0,0.0,0,0.0,0.0,0.0,0.0,0.0,0,0,53.0,v2_conservative_ranker,43.0,-5.0,0,17.0,0.0,0.0,0.0,55.0,55.0,v3_stability_ranker,price_momentum,932.0,0.0,0.0,0.0,932.0,932.0,0.0,0.0,kis,,,,,,,,,data/raw/price_017040_20260607_20261005.csv,278,False,Broad evaluation pool candidate,379,False,Broad evaluation pool candidate
019490,2026-10-02,2026-10-02,2026-10-02,2026-10-05,HOLD,neutral,53.0,53.0,53.0,60.0,60.0,0,53.0,0.0,0,0.0,0.0,0.0,0.0,0.0,0,0,53.0,v2_conservative_ranker,43.0,-5.0,0,17.0,0.0,0.0,0.0,55.0,55.0,v3_stability_ranker,price_momentum,541.0,0.0,0.0,0.0,541.0,541.0,0.0,0.0,kis,,,,,,,,,data/raw/price_019490_20260607_20261005.csv,279,False,Broad evaluation pool candidate,380,False,Broad evaluation pool candidate
023440,2026-10-02,2026-10-02,2026-10-02,2026-10-05,HOLD,neutral,53.0,53.0,53.0,60.0,60.0,0,53.0,0.0,0,0.0,0.0,0.0,0.0,0.0,0,0,53.0,v2_conservative_ranker,43.0,-5.0,0,17.0,0.0,0.0,0.0,55.0,55.0,v3_stability_ranker,price_momentum,521.0,0.0,0.0,0.0,521.0,521.0,0.0,0.0,kis,,,,,,,,,data/raw/price_023440_20260607_20261005.csv,280,False,Broad evaluation pool candidate,381,False,Broad evaluation pool candidate
031860,2026-10-02,2026-10-02,2026-10-02,2026-10-05,HOLD,neutral,53.0,53.0,53.0,60.0,60.0,0,53.0,0.0,0,0.0,0.0,0.0,0.0,0.0,0,0,53.0,v2_conservative_ranker,43.0,-5.0,0,17.0,0.0,0.0,0.0,55.0,55.0,v3_stability_ranker,price_momentum,6930.0,0.0,0.0,0.0,6930.0,6930.0,0.0,0.0,kis,,,,,,,,,data/raw/price_031860_20260607_20261005.csv,281,False,Broad evaluation pool candidate,382,False,Broad evaluation pool candidate
043100,2026-10-02,2026-10-02,2026-10-02,2026-10-05,HOLD,neutral,53.0,53.0,53.0,60.0,60.0,0,53.0,0.0,0,0.0,0.0,0.0,0.0,0.0,0,0,53.0,v2_conservative_ranker,43.0,-5.0,0,17.0,0.0,0.0,0.0,55.0,55.0,v3_stability_ranker,price_momentum,520.0,0.0,0.0,0.0,520.0,520.0,0.0,0.0,kis,,,,,,,,,data/raw/price_043100_20260607_20261005.csv,282,False,Broad evaluation pool candidate,383,False,Broad evaluation pool candidate
052770,2026-10-02,2026-10-02,2026-10-02,2026-10-05,HOLD,neutral,53.0,53.0,53.0,60.0,60.0,0,53.0,0.0,0,0.0,0.0,0.0,0.0,0.0,0,0,53.0,v2_conservative_ranker,43.0,-5.0,0,17.0,0.0,0.0,0.0,55.0,55.0,v3_stability_ranker,price_momentum,312.0,0.0,0.0,0.0,312.0,312.0,0.0,0.0,kis,,,,,,,,,data/raw/price_052770_20260607_20261005.csv,283,False,Broad evaluation pool candidate,384,False,Broad evaluation pool candidate
065420,2026-10-02,2026-10-02,2026-10-02,2026-10-05,HOLD,neutral,53.0,53.0,53.0,60.0,60.0,0,53.0,0.0,0,0.0,0.0,0.0,0.0,0.0,0,0,53.0,v2_conservative_ranker,43.0,-5.0,0,17.0,0.0,0.0,0.0,55.0,55.0,v3_stability_ranker,price_momentum,940.0,0.0,0.0,0.0,940.0,940.0,0.0,0.0,kis,,,,,,,,,data/raw/price_065420_20260607_20261005.csv,284,False,Broad evaluation pool candidate,385,False,Broad evaluation pool candidate
068240,2026-10-02,2026-10-02,2026-10-02,2026-10-05,HOLD,neutral,53.0,53.0,53.0,60.0,60.0,0,53.0,0.0,0,0.0,0.0,0.0,0.0,0.0,0,0,53.0,v2_conservative_ranker,43.0,-5.0,0,17.0,0.0,0.0,0.0,55.0,55.0,v3_stability_ranker,price_momentum,2530.0,0.0,0.0,0.0,2530.0,2530.0,0.0,0.0,kis,,,,,,,,,data/raw/price_068240_20260607_20261005.csv,285,False,Broad evaluation pool candidate,386,False,Broad evaluation pool candidate
068940,2026-10-02,2026-10-02,2026-10-02,2026-10-05,HOLD,neutral,53.0,53.0,53.0,60.0,60.0,0,53.0,0.0,0,0.0,0.0,0.0,0.0,0.0,0,0,53.0,v2_conservative_ranker,43.0,-5.0,0,17.0,0.0,0.0,0.0,55.0,55.0,v3_stability_ranker,price_momentum,778.0,0.0,0.0,0.0,778.0,778.0,0.0,0.0,kis,,,,,,,,,data/raw/price_068940_20260607_20261005.csv,286,False,Broad evaluation pool candidate,387,False,Broad evaluation pool candidate
069460,2026-10-02,2026-10-02,2026-10-02,2026-10-05,HOLD,neutral,53.0,53.0,53.0,60.0,60.0,0,53.0,0.0,0,0.0,0.0,0.0,0.0,0.0,0,0,53.0,v2_conservative_ranker,43.0,-5.0,0,17.0,0.0,0.0,0.0,55.0,55.0,v3_stability_ranker,price_momentum,2660.0,0.0,0.0,0.0,2660.0,2660.0,0.0,0.0,kis,,,,,,,,,data/raw/price_069460_20260607_20261005.csv,287,False,Broad evaluation pool candidate,388,False,Broad evaluation pool candidate
073190,2026-10-02,2026-10-02,2026-10-02,2026-10-05,HOLD,neutral,53.0,53.0,53.0,60.0,60.0,0,53.0,0.0,0,0.0,0.0,0.0,0.0,0.0,0,0,53.0,v2_conservative_ranker,43.0,-5.0,0,17.0,0.0,0.0,0.0,55.0,55.0,v3_stability_ranker,price_momentum,1622.0,0.0,0.0,0.0,1622.0,1622.0,0.0,0.0,kis,,,,,,,,,data/raw/price_073190_20260607_20261005.csv,288,False,Broad evaluation pool candidate,389,False,Broad evaluation pool candidate
073640,2026-10-02,2026-10-02,2026-10-02,2026-10-05,HOLD,neutral,53.0,53.0,53.0,60.0,60.0,0,53.0,0.0,0,0.0,0.0,0.0,0.0,0.0,0,0,53.0,v2_conservative_ranker,43.0,-5.0,0,17.0,0.0,0.0,0.0,55.0,55.0,v3_stability_ranker,price_momentum,654.0,0.0,0.0,0.0,654.0,654.0,0.0,0.0,kis,,,,,,,,,data/raw/price_073640_20260607_20261005.csv,289,False,Broad evaluation pool candidate,390,False,Broad evaluation pool candidate
074610,2026-10-02,2026-10-02,2026-10-02,2026-10-05,HOLD,neutral,53.0,53.0,53.0,60.0,60.0,0,53.0,0.0,0,0.0,0.0,0.0,0.0,0.0,0,0,53.0,v2_conservative_ranker,43.0,-5.0,0,17.0,0.0,0.0,0.0,55.0,55.0,v3_stability_ranker,price_momentum,5110.0,0.0,0.0,0.0,5110.0,5110.0,0.0,0.0,kis,,,,,,,,,data/raw/price_074610_20260607_20261005.csv,290,False,Broad evaluation pool candidate,391,False,Broad evaluation pool candidate
079970,2026-10-02,2026-10-02,2026-10-02,2026-10-05,HOLD,neutral,53.0,53.0,53.0,60.0,60.0,0,53.0,0.0,0,0.0,0.0,0.0,0.0,0.0,0,0,53.0,v2_conservative_ranker,43.0,-5.0,0,17.0,0.0,0.0,0.0,55.0,55.0,v3_stability_ranker,price_momentum,596.0,0.0,0.0,0.0,596.0,596.0,0.0,0.0,kis,,,,,,,,,data/raw/price_079970_20260607_20261005.csv,291,False,Broad evaluation pool candidate,392,False,Broad evaluation pool candidate
087260,2026-10-02,2026-10-02,2026-10-02,2026-10-05,HOLD,neutral,53.0,53.0,53.0,60.0,60.0,0,53.0,0.0,0,0.0,0.0,0.0,0.0,0.0,0,0,53.0,v2_conservative_ranker,43.0,-5.0,0,17.0,0.0,0.0,0.0,55.0,55.0,v3_stability_ranker,price_momentum,247.0,0.0,0.0,0.0,247.0,247.0,0.0,0.0,kis,,,,,,,,,data/raw/price_087260_20260607_20261005.csv,292,False,Broad evaluation pool candidate,393,False,Broad evaluation pool candidate
145210,2026-10-02,2026-10-02,2026-10-02,2026-10-05,HOLD,neutral,53.0,53.0,53.0,60.0,60.0,0,53.0,0.0,0,0.0,0.0,0.0,0.0,0.0,0,0,53.0,v2_conservative_ranker,43.0,-5.0,0,17.0,0.0,0.0,0.0,55.0,55.0,v3_stability_ranker,price_momentum,2240.0,0.0,0.0,0.0,2240.0,2240.0,0.0,0.0,kis,,,,,,,,,data/raw/price_145210_20260607_20261005.csv,293,False,Broad evaluation pool candidate,394,False,Broad evaluation pool candidate
183490,2026-10-02,2026-10-02,2026-10-02,2026-10-05,HOLD,neutral,53.0,53.0,53.0,60.0,60.0,0,53.0,0.0,0,0.0,0.0,0.0,0.0,0.0,0,0,53.0,v2_conservative_ranker,43.0,-5.0,0,17.0,0.0,0.0,0.0,55.0,55.0,v3_stability_ranker,price_momentum,990.0,0.0,0.0,0.0,990.0,990.0,0.0,0.0,kis,,,,,,,,,data/raw/price_183490_20260607_20261005.csv,294,False,Broad evaluation pool candidate,395,False,Broad evaluation pool candidate
203400,2026-10-02,2026-10-02,2026-10-02,2026-10-05,HOLD,neutral,53.0,53.0,53.0,60.0,60.0,0,53.0,0.0,0,0.0,0.0,0.0,0.0,0.0,0,0,53.0,v2_conservative_ranker,43.0,-5.0,0,17.0,0.0,0.0,0.0,55.0,55.0,v3_stability_ranker,price_momentum,676.0,0.0,0.0,0.0,676.0,676.0,0.0,0.0,kis,,,,,,,,,data/raw/price_203400_20260607_20261005.csv,295,False,Broad evaluation pool candidate,396,False,Broad evaluation pool candidate
288330,2026-10-02,2026-10-02,2026-10-02,2026-10-05,HOLD,neutral,53.0,53.0,53.0,60.0,60.0,0,53.0,0.0,0,0.0,0.0,0.0,0.0,0.0,0,0,53.0,v2_conservative_ranker,43.0,-5.0,0,17.0,0.0,0.0,0.0,55.0,55.0,v3_stability_ranker,price_momentum,416.0,0.0,0.0,0.0,416.0,416.0,0.0,0.0,kis,,,,,,,,,data/raw/price_288330_20260607_20261005.csv,296,False,Broad evaluation pool candidate,397,False,Broad evaluation pool candidate
294090,2026-10-02,2026-10-02,2026-10-02,2026-10-05,HOLD,neutral,53.0,53.0,53.0,60.0,60.0,0,53.0,0.0,0,0.0,0.0,0.0,0.0,0.0,0,0,53.0,v2_conservative_ranker,43.0,-5.0,0,17.0,0.0,0.0,0.0,55.0,55.0,v3_stability_ranker,price_momentum,1490.0,0.0,0.0,0.0,1490.0,1490.0,0.0,0.0,kis,,,,,,,,,data/raw/price_294090_20260607_20261005.csv,297,False,Broad evaluation pool candidate,398,False,Broad evaluation pool candidate
313760,2026-10-02,2026-10-02,2026-10-02,2026-10-05,HOLD,neutral,53.0,53.0,53.0,60.0,60.0,0,53.0,0.0,0,0.0,0.0,0.0,0.0,0.0,0,0,53.0,v2_conservative_ranker,43.0,-5.0,0,17.0,0.0,0.0,0.0,55.0,55.0,v3_stability_ranker,price_momentum,468.0,0.0,0.0,0.0,468.0,468.0,0.0,0.0,kis,,,,,,,,,data/raw/price_313760_20260607_20261005.csv,298,False,Broad evaluation pool candidate,399,False,Broad evaluation pool candidate
348950,2026-10-02,2026-10-02,2026-10-02,2026-10-05,HOLD,neutral,53.0,53.0,53.0,60.0,60.0,0,53.0,0.0,0,0.0,0.0,0.0,0.0,0.0,0,0,53.0,v2_conservative_ranker,43.0,-5.0,0,17.0,0.0,0.0,0.0,55.0,55.0,v3_stability_ranker,price_momentum,1182.0,0.0,0.0,0.0,1182.0,1182.0,0.0,0.0,kis,,,,,,,,,data/raw/price_348950_20260607_20261005.csv,299,False,Broad evaluation pool candidate,400,False,Broad evaluation pool candidate
377460,2026-10-02,2026-10-02,2026-10-02,2026-10-05,HOLD,neutral,53.0,53.0,53.0,60.0,60.0,0,53.0,0.0,0,0.0,0.0,0.0,0.0,0.0,0,0,53.0,v2_conservative_ranker,43.0,-5.0,0,17.0,0.0,0.0,0.0,55.0,55.0,v3_stability_ranker,price_momentum,4080.0,0.0,0.0,0.0,4080.0,4080.0,0.0,0.0,kis,,,,,,,,,data/raw/price_377460_20260607_20261005.csv,300,False,Broad evaluation pool candidate,401,False,Broad evaluation pool candidate
380540,2026-10-02,2026-10-02,2026-10-02,2026-10-05,HOLD,neutral,53.0,53.0,53.0,60.0,60.0,0,53.0,0.0,0,0.0,0.0,0.0,0.0,0.0,0,0,53.0,v2_conservative_ranker,43.0,-5.0,0,17.0,0.0,0.0,0.0,55.0,55.0,v3_stability_ranker,price_momentum,8450.0,0.0,0.0,0.0,8450.0,8450.0,0.0,0.0,kis,,,,,,,,,data/raw/price_380540_20260607_20261005.csv,301,False,Broad evaluation pool candidate,402,False,Broad evaluation pool candidate
393970,2026-10-02,2026-10-02,2026-10-02,2026-10-05,HOLD,neutral,53.0,53.0,53.0,60.0,60.0,0,53.0,0.0,0,0.0,0.0,0.0,0.0,0.0,0,0,53.0,v2_conservative_ranker,43.0,-5.0,0,17.0,0.0,0.0,0.0,55.0,55.0,v3_stability_ranker,price_momentum,2825.0,0.0,0.0,0.0,2825.0,2825.0,0.0,0.0,kis,,,,low_attention,no_risk_noise,,,,data/raw/price_393970_20260607_20261005.csv,302,False,Broad evaluation pool candidate,403,False,Broad evaluation pool candidate
900120,2026-10-02,2026-10-02,2026-10-02,2026-10-05,HOLD,neutral,53.0,53.0,53.0,60.0,60.0,0,53.0,0.0,0,0.0,0.0,0.0,0.0,0.0,0,0,53.0,v2_conservative_ranker,43.0,-5.0,0,17.0,0.0,0.0,0.0,55.0,55.0,v3_stability_ranker,price_momentum,1040.0,0.0,0.0,0.0,1040.0,1040.0,0.0,0.0,kis,,,,,,,,,data/raw/price_900120_20260607_20261005.csv,303,False,Broad evaluation pool candidate,404,False,Broad evaluation pool candidate
024830,2026-10-02,2026-10-02,2026-10-02,2026-10-05,HOLD,neutral,52.98,52.98,52.98,59.52,59.52,0,46.45,4.8,3,1.27,0.0,0.0,0.0,0.0,0,0,52.98,v2_conservative_ranker,40.5,5.0,6,15.41,0.0,0.0,0.0,66.91,66.91,v3_stability_ranker,neutral,8220.0,0.0012,-0.0108,-0.042,8316.0,8428.5,1.9601,0.0106,kis,,,,,,,,,data/raw/price_024830_20260607_20261005.csv,304,False,Broad evaluation pool candidate,152,False,Broad evaluation pool candidate
011300,2026-10-02,2026-10-02,2026-10-02,2026-10-05,HOLD,neutral,52.97,52.97,52.97,65.39,65.39,0,59.02,-2.0,2,6.05,0.0,0.0,0.0,0.0,0,0,52.97,v2_conservative_ranker,49.0,-3.0,1,6.44,0.44,0.86,0.0,52.13,52.13,v3_stability_ranker,price_momentum,2885.0,0.0087,0.0087,0.1471,2875.0,2564.0,0.3681,0.0504,kis,,,,,,,,,data/raw/price_011300_20260607_20261005.csv,305,False,Broad evaluation pool candidate,470,False,Broad evaluation pool candidate
487570,2026-10-02,2026-10-02,2026-10-02,2026-10-05,HOLD,neutral,52.89,52.89,52.89,65.45,65.45,0,55.32,-2.0,2,2.42,0.0,0.0,0.0,0.0,0,0,52.89,v2_conservative_ranker,49.0,-3.0,1,13.97,0.0,0.0,0.0,60.97,60.97,v3_stability_ranker,price_momentum,49950.0,-0.0109,0.0101,0.0374,51190.0,49195.0,0.7647,0.0202,kis,,,,,,,,,data/raw/price_487570_20260607_20261005.csv,306,False,Broad evaluation pool candidate,250,False,Broad evaluation pool candidate
004410,2026-10-02,2026-10-02,2026-10-02,2026-10-05,HOLD,neutral,52.82,52.82,52.82,62.45,62.45,0,52.75,0.0,2,1.93,0.0,0.0,0.0,0.0,0,0,52.82,v2_conservative_ranker,43.0,2.0,1,14.59,0.0,0.0,0.0,60.59,60.59,v3_stability_ranker,price_momentum,1225.0,0.0074,0.0099,-0.0354,1216.2,1207.25,0.8071,0.0161,kis,,,,,,,,,data/raw/price_004410_20260607_20261005.csv,307,False,Broad evaluation pool candidate,259,False,Broad evaluation pool candidate
094820,2026-10-02,2026-10-02,2026-10-02,2026-10-05,HOLD,neutral,52.81,52.81,52.81,62.59,62.59,0,56.02,-2.0,2,3.22,0.0,0.0,0.0,0.0,0,0,52.81,v2_conservative_ranker,54.5,-3.0,1,12.98,0.0,0.0,0.0,65.48,65.48,v3_stability_ranker,neutral,12220.0,0.0192,0.0356,0.0989,11878.0,11996.0,0.7934,0.0268,kis,,,,,,,,,data/raw/price_094820_20260607_20261005.csv,308,False,Broad evaluation pool candidate,177,False,Broad evaluation pool candidate
002460,2026-10-02,2026-10-02,2026-10-02,2026-10-05,HOLD,neutral,52.81,52.81,52.81,63.84,63.84,0,53.94,-2.0,2,1.13,0.0,0.0,0.0,0.0,0,0,52.81,v2_conservative_ranker,43.0,-3.0,1,15.59,0.0,0.0,0.0,56.59,56.59,v3_stability_ranker,price_momentum,11070.0,0.01,0.0036,0.0165,11060.0,10918.0,0.5991,0.0094,kis,,,,,,,,,data/raw/price_002460_20260607_20261005.csv,309,False,Broad evaluation pool candidate,349,False,Broad evaluation pool candidate
032680,2026-10-02,2026-10-02,2026-10-02,2026-10-05,HOLD,neutral,52.78,52.78,52.78,62.77,62.77,0,56.64,-2.0,2,3.86,0.0,0.0,0.0,0.0,0,0,52.78,v2_conservative_ranker,49.0,-3.0,1,12.17,0.0,0.0,0.0,59.17,59.17,v3_stability_ranker,price_momentum,1006.0,0.0,0.007,0.0841,1009.6,941.65,0.1813,0.0322,kis,,,,,,,,,data/raw/price_032680_20260607_20261005.csv,310,False,Broad evaluation pool candidate,289,False,Broad evaluation pool candidate
459510,2026-10-02,2026-10-02,2026-10-02,2026-10-05,HOLD,neutral,52.59,52.59,52.59,64.56,64.56,0,58.85,-2.0,2,6.26,0.0,0.0,0.0,0.0,0,0,52.59,v2_conservative_ranker,49.0,-3.0,1,9.17,0.0,1.15,0.0,55.02,55.02,v3_stability_ranker,price_momentum,15870.0,0.016,0.0115,0.1344,15590.0,15500.0,0.3187,0.0522,kis,,,,,,,,,data/raw/price_459510_20260607_20261005.csv,311,False,Broad evaluation pool candidate,374,False,Broad evaluation pool candidate
068290,2026-10-02,2026-10-02,2026-10-02,2026-10-05,HOLD,neutral,52.58,52.58,52.58,58.8,58.8,0,47.79,2.82,3,1.03,0.0,0.0,0.0,0.0,0,0,52.58,v2_conservative_ranker,40.5,8.0,6,15.71,0.0,0.0,0.0,70.21,70.21,v3_stability_ranker,neutral,6120.0,0.0049,0.0,-0.0347,6118.0,6203.5,1.565,0.0086,kis,,,,,,,,,data/raw/price_068290_20260607_20261005.csv,312,False,Broad evaluation pool candidate,97,False,Broad evaluation pool candidate
000180,2026-10-02,2026-10-02,2026-10-02,2026-10-05,HOLD,neutral,52.53,52.53,52.53,58.78,58.78,0,45.06,5.3,3,0.83,0.0,0.0,0.0,0.0,0,0,52.53,v2_conservative_ranker,37.66,5.0,6,15.96,0.0,0.0,0.0,64.63,64.63,v3_stability_ranker,neutral,4825.0,0.0021,-0.0173,-0.0631,4854.0,5025.75,2.0595,0.0069,kis,,,,,,,,,data/raw/price_000180_20260607_20261005.csv,313,False,Broad evaluation pool candidate,192,False,Broad evaluation pool candidate
014790,2026-10-02,2026-10-02,2026-10-02,2026-10-05,HOLD,neutral,52.47,52.47,52.47,63.58,63.58,0,54.5,-2.0,2,2.03,0.0,0.0,0.0,0.0,0,0,52.47,v2_conservative_ranker,51.0,-3.0,1,14.46,0.0,0.0,0.0,63.47,63.47,v3_stability_ranker,price_momentum,2510.0,0.004,0.0245,-0.0271,2521.0,2509.75,0.6955,0.0169,kis,,,,,,,,,data/raw/price_014790_20260607_20261005.csv,314,False,Broad evaluation pool candidate,212,False,Broad evaluation pool candidate
114450,2026-10-02,2026-10-02,2026-10-02,2026-10-05,HOLD,neutral,52.32,52.32,52.32,59.04,59.04,0,52.33,0.0,2,2.02,0.0,0.0,0.0,0.0,0,0,52.32,v2_conservative_ranker,48.5,2.0,1,14.48,0.0,0.0,0.0,65.98,65.98,v3_stability_ranker,neutral,2270.0,-0.0044,0.0318,0.0044,2247.0,2252.25,0.887,0.0168,kis,,,,,,,,,data/raw/price_114450_20260607_20261005.csv,315,False,Broad evaluation pool candidate,163,False,Broad evaluation pool candidate
079810,2026-10-02,2026-10-02,2026-10-02,2026-10-05,HOLD,neutral,52.29,52.29,52.29,58.43,58.43,0,52.16,0.0,3,2.87,0.0,0.0,0.0,0.0,0,0,52.29,v2_conservative_ranker,48.5,2.0,6,13.41,0.0,0.0,0.0,69.91,69.91,v3_stability_ranker,neutral,3695.0,0.0235,0.0408,-0.0264,3598.0,3734.75,1.0095,0.0239,kis,,,,,,,,,data/raw/price_079810_20260607_20261005.csv,316,False,Broad evaluation pool candidate,102,False,Broad evaluation pool candidate
019570,2026-10-02,2026-10-02,2026-10-02,2026-10-05,HOLD,neutral,52.28,52.28,52.28,63.1,63.1,0,53.42,0.0,2,3.14,0.0,0.0,0.0,0.0,0,0,52.28,v2_conservative_ranker,43.0,2.0,6,13.07,0.0,0.0,0.0,64.07,64.07,v3_stability_ranker,price_momentum,2780.0,-0.0089,0.0146,-0.0297,2841.0,2828.0,0.9577,0.0262,kis,,,,,,,,,data/raw/price_019570_20260607_20261005.csv,317,False,Broad evaluation pool candidate,203,False,Broad evaluation pool candidate
066980,2026-10-02,2026-10-02,2026-10-02,2026-10-05,HOLD,neutral,52.2,52.2,52.2,58.57,58.57,0,52.42,0.0,2,2.22,0.0,0.0,0.0,0.0,0,0,52.2,v2_conservative_ranker,48.5,2.0,1,14.22,0.0,0.0,0.0,65.72,65.72,v3_stability_ranker,neutral,1520.0,-0.0033,0.0383,-0.0117,1491.4,1498.5,0.8622,0.0185,kis,,,,,,,,,data/raw/price_066980_20260607_20261005.csv,318,False,Broad evaluation pool candidate,170,False,Broad evaluation pool candidate
308430,2026-10-02,2026-10-02,2026-10-02,2026-10-05,HOLD,neutral,52.19,52.19,52.19,61.59,61.59,0,54.13,0.0,2,3.95,0.0,0.0,0.0,0.0,0,0,52.19,v2_conservative_ranker,46.5,2.0,1,12.07,0.0,0.0,0.0,61.56,61.56,v3_stability_ranker,neutral,14600.0,0.0203,-0.0068,0.1661,14526.0,13482.5,0.8762,0.0329,kis,,,,,,,,,data/raw/price_308430_20260607_20261005.csv,319,False,Broad evaluation pool candidate,238,False,Broad evaluation pool candidate
009810,2026-10-02,2026-10-02,2026-10-02,2026-10-05,HOLD,neutral,52.16,52.16,52.16,63.84,63.84,0,54.45,-2.0,2,2.29,0.0,0.0,0.0,0.0,0,0,52.16,v2_conservative_ranker,49.0,-3.0,1,10.13,0.0,0.0,0.0,57.13,57.13,v3_stability_ranker,price_momentum,1950.0,0.0445,0.0072,0.0209,1922.0,1903.7,0.6642,0.0191,kis,,,,,,,,,data/raw/price_009810_20260607_20261005.csv,320,False,Broad evaluation pool candidate,339,False,Broad evaluation pool candidate
203650,2026-10-02,2026-10-02,2026-10-02,2026-10-05,HOLD,neutral,52.15,52.15,52.15,70.79,70.79,0,63.12,-2.0,2,7.36,3.49,0.13,0.0,0.0,0,0,52.15,v2_conservative_ranker,43.74,-3.0,1,0.8,13.22,2.61,0.0,26.72,26.72,v3_stability_ranker,price_momentum,2905.0,0.068,0.0412,0.4275,2780.0,2542.1,0.467,0.0613,kis,,,,,,,,,data/raw/price_203650_20260607_20261005.csv,321,False,Broad evaluation pool candidate,732,False,Broad evaluation pool candidate
475580,2026-10-02,2026-10-02,2026-10-02,2026-10-05,HOLD,neutral,52.15,52.15,52.15,61.92,61.92,0,55.2,-2.0,2,3.05,0.0,0.0,0.0,0.0,0,0,52.15,v2_conservative_ranker,49.0,-3.0,1,13.19,0.0,0.0,0.0,60.19,60.19,v3_stability_ranker,price_momentum,7500.0,0.0149,0.0054,0.0475,7408.0,7368.5,0.2578,0.0254,kis,,,,,,,,,data/raw/price_475580_20260607_20261005.csv,322,False,Broad evaluation pool candidate,264,False,Broad evaluation pool candidate
097230,2026-10-02,2026-10-02,2026-10-02,2026-10-05,HOLD,neutral,52.04,52.04,52.04,58.33,58.33,0,52.27,0.0,2,2.23,0.0,0.0,0.0,0.0,0,0,52.04,v2_conservative_ranker,48.5,2.0,6,14.21,0.0,0.0,0.0,70.71,70.71,v3_stability_ranker,neutral,15330.0,0.0213,0.0457,-0.0371,14898.0,15391.0,0.9131,0.0186,kis,,,,,,,,,data/raw/price_097230_20260607_20261005.csv,323,False,Broad evaluation pool candidate,90,False,Broad evaluation pool candidate
046390,2026-10-02,2026-10-02,2026-10-02,2026-10-05,HOLD,neutral,52.02,52.02,52.02,66.03,66.03,0,48.3,3.0,3,2.28,0.0,0.0,0.0,0.0,0,0,52.02,v2_conservative_ranker,40.5,-0.99,4,14.15,0.0,0.0,0.0,57.66,57.66,v3_stability_ranker,neutral,2095.0,0.022,-0.0095,0.0072,2080.0,2090.95,2.7529,0.019,kis,,,,,,,,,data/raw/price_046390_20260607_20261005.csv,324,False,Broad evaluation pool candidate,319,False,Broad evaluation pool candidate
052400,2026-10-02,2026-10-02,2026-10-02,2026-10-05,HOLD,neutral,52.0,52.0,52.0,63.6,63.6,0,55.63,-2.0,2,3.62,0.0,0.0,0.0,0.0,0,0,52.0,v2_conservative_ranker,51.0,-3.0,1,12.47,0.0,0.0,0.0,61.47,61.47,v3_stability_ranker,price_momentum,37800.0,-0.0118,0.0244,0.0053,38070.0,37262.5,0.6517,0.0302,kis,,,,,,,,,data/raw/price_052400_20260607_20261005.csv,325,False,Broad evaluation pool candidate,243,False,Broad evaluation pool candidate
002720,2026-10-02,2026-10-02,2026-10-02,2026-10-05,HOLD,neutral,52.0,52.0,52.0,58.19,58.19,0,50.03,0.0,3,1.03,0.0,0.0,0.0,0.0,0,0,52.0,v2_conservative_ranker,48.5,8.0,6,15.71,0.0,0.0,0.0,78.21,78.21,v3_stability_ranker,neutral,3305.0,0.0107,0.0216,-0.0322,3258.0,3293.0,1.0839,0.0086,kis,,,,,,,,,data/raw/price_002720_20260607_20261005.csv,326,False,Broad evaluation pool candidate,45,False,Broad evaluation pool candidate
141080,2026-10-02,2026-10-02,2026-10-02,2026-10-05,HOLD,neutral,51.97,51.97,51.97,54.33,54.33,0,48.71,0.52,3,3.26,0.0,0.0,0.0,0.0,0,3,51.97,v2_conservative_ranker,44.63,8.0,6,12.92,0.0,0.0,0.0,71.55,71.55,v3_stability_ranker,neutral,83000.0,-0.0371,0.0272,-0.0859,81660.0,84630.0,1.1036,0.0272,kis,,,,,,,,,data/raw/price_141080_20260607_20261005.csv,327,False,Broad evaluation pool candidate,83,False,Broad evaluation pool candidate
004090,2026-10-02,2026-10-02,2026-10-02,2026-10-05,HOLD,neutral,51.81,51.81,51.81,57.69,57.69,0,55.17,-2.0,2,3.36,0.0,0.0,0.0,0.0,0,0,51.81,v2_conservative_ranker,54.5,-3.0,1,12.8,0.0,0.0,0.0,65.3,65.3,v3_stability_ranker,neutral,11980.0,0.0274,0.039,0.0649,11712.0,11776.5,0.2244,0.028,kis,,,,,,,,,data/raw/price_004090_20260607_20261005.csv,328,False,Broad evaluation pool candidate,183,False,Broad evaluation pool candidate
068270,2026-10-02,2026-10-02,2026-10-02,2026-10-05,HOLD,neutral,51.77,51.77,51.77,57.69,57.69,0,51.23,0.0,2,1.46,0.0,0.0,0.0,0.0,0,0,51.77,v2_conservative_ranker,48.5,2.0,1,15.17,0.0,0.0,0.0,66.67,66.67,v3_stability_ranker,neutral,182600.0,-0.0054,0.0293,-0.0199,180220.0,180915.0,0.829,0.0122,kis,,,,,,,,,data/raw/price_068270_20260607_20261005.csv,329,False,Broad evaluation pool candidate,157,False,Broad evaluation pool candidate
079950,2026-10-02,2026-10-02,2026-10-02,2026-10-05,HOLD,neutral,51.75,51.75,51.75,79.34,79.34,0,67.0,-2.0,2,7.6,7.32,0.33,0.0,0.0,0,0,51.75,v2_conservative_ranker,41.2,-3.0,1,7.51,14.0,2.93,0.0,29.77,29.77,v3_stability_ranker,price_momentum,1480.0,-0.0114,0.2715,0.1831,1415.8,1379.85,0.2529,0.0633,kis,,,,,,,,,data/raw/price_079950_20260607_20261005.csv,330,False,Broad evaluation pool candidate,716,False,Broad evaluation pool candidate
337840,2026-10-02,2026-10-02,2026-10-02,2026-10-05,HOLD,neutral,51.74,51.74,51.74,58.62,58.62,0,49.5,0.92,3,1.68,0.0,0.0,0.0,0.0,0,0,51.74,v2_conservative_ranker,46.5,8.0,6,14.9,0.0,0.0,0.0,75.4,75.4,v3_stability_ranker,neutral,6250.0,0.013,-0.0048,0.028,6228.0,6223.5,1.1831,0.014,kis,,,,,,,,,data/raw/price_337840_20260607_20261005.csv,331,False,Broad evaluation pool candidate,62,False,Broad evaluation pool candidate
138040,2026-10-02,2026-10-02,2026-10-02,2026-10-05,HOLD,neutral,51.73,51.73,51.73,61.9,61.9,0,55.28,-2.0,2,3.55,0.0,0.0,0.0,0.0,0,0,51.73,v2_conservative_ranker,51.0,-3.0,1,12.56,0.0,0.0,0.0,61.56,61.56,v3_stability_ranker,price_momentum,128800.0,0.0126,0.0255,-0.0077,129680.0,129365.0,0.4495,0.0296,kis,,,,,,,,,data/raw/price_138040_20260607_20261005.csv,332,False,Broad evaluation pool candidate,239,False,Broad evaluation pool candidate
219550,2026-10-02,2026-10-02,2026-10-02,2026-10-05,HOLD,neutral,51.7,51.7,51.7,60.68,60.68,0,54.91,-2.0,2,3.22,0.0,0.0,0.0,0.0,0,0,51.7,v2_conservative_ranker,51.0,-3.0,1,12.98,0.0,0.0,0.0,61.98,61.98,v3_stability_ranker,price_momentum,1191.0,-0.0058,0.0294,-0.0293,1193.0,1187.3,0.3137,0.0268,kis,,,,,,,,,data/raw/price_219550_20260607_20261005.csv,333,False,Broad evaluation pool candidate,231,False,Broad evaluation pool candidate
022100,2026-10-02,2026-10-02,2026-10-02,2026-10-05,HOLD,neutral,51.69,51.69,51.69,55.95,55.95,0,53.88,-2.0,2,2.2,0.0,0.0,0.0,0.0,0,0,51.69,v2_conservative_ranker,48.5,-3.0,1,14.25,0.0,0.0,0.0,60.75,60.75,v3_stability_ranker,neutral,20950.0,0.022,0.048,0.0024,20284.0,21068.0,0.1426,0.0183,kis,,,,,,,,,data/raw/price_022100_20260607_20261005.csv,334,False,Broad evaluation pool candidate,257,False,Broad evaluation pool candidate
317690,2026-10-02,2026-10-02,2026-10-02,2026-10-05,HOLD,neutral,51.67,51.67,51.67,59.07,59.07,0,54.66,-2.0,2,2.99,0.0,0.0,0.0,0.0,0,0,51.67,v2_conservative_ranker,48.5,-3.0,1,13.27,0.0,0.0,0.0,59.77,59.77,v3_stability_ranker,neutral,2330.0,0.0108,0.0639,-0.021,2261.0,2303.5,0.7025,0.0249,kis,,,,,,,,,data/raw/price_317690_20260607_20261005.csv,335,False,Broad evaluation pool candidate,271,False,Broad evaluation pool candidate
296640,2026-10-02,2026-10-02,2026-10-02,2026-10-05,HOLD,neutral,51.63,51.63,51.63,58.36,58.36,0,45.65,4.27,3,1.3,0.0,0.0,0.0,0.0,0,0,51.63,v2_conservative_ranker,40.5,5.0,6,15.38,0.0,0.0,0.0,66.88,66.88,v3_stability_ranker,neutral,6090.0,0.0133,-0.0256,-0.0225,6142.0,6151.0,1.8545,0.0108,kis,,,,,,,,,data/raw/price_296640_20260607_20261005.csv,336,False,Broad evaluation pool candidate,153,False,Broad evaluation pool candidate
084110,2026-10-02,2026-10-02,2026-10-02,2026-10-05,HOLD,neutral,51.56,51.56,51.56,56.61,56.61,0,54.22,-2.0,2,2.66,0.0,0.0,0.0,0.0,0,0,51.56,v2_conservative_ranker,45.56,-3.0,1,13.67,0.0,0.0,0.0,57.23,57.23,v3_stability_ranker,neutral,22900.0,-0.0022,0.0751,-0.0653,22220.0,22442.5,0.4312,0.0222,kis,,,,,,,,,data/raw/price_084110_20260607_20261005.csv,337,False,Broad evaluation pool candidate,332,False,Broad evaluation pool candidate
277070,2026-10-02,2026-10-02,2026-10-02,2026-10-05,HOLD,neutral,51.54,51.54,51.54,61.45,61.45,0,55.46,-2.0,2,3.92,0.0,0.0,0.0,0.0,0,0,51.54,v2_conservative_ranker,49.0,-3.0,1,12.09,0.0,0.0,0.0,59.09,59.09,v3_stability_ranker,price_momentum,3435.0,-0.0101,0.0103,0.0409,3389.0,3220.75,0.2737,0.0327,kis,,,,,,,,,data/raw/price_277070_20260607_20261005.csv,338,False,Broad evaluation pool candidate,294,False,Broad evaluation pool candidate
033310,2026-10-02,2026-10-02,2026-10-02,2026-10-05,HOLD,neutral,51.47,51.47,51.47,61.77,61.77,0,53.66,-2.0,2,2.18,0.0,0.0,0.0,0.0,0,0,51.47,v2_conservative_ranker,43.0,-3.0,1,14.27,0.0,0.0,0.0,55.27,55.27,v3_stability_ranker,price_momentum,1470.0,0.0007,0.0082,-0.0047,1478.0,1454.85,0.5009,0.0182,kis,,,,,,,,,data/raw/price_033310_20260607_20261005.csv,339,False,Broad evaluation pool candidate,372,False,Broad evaluation pool candidate
095190,2026-10-02,2026-10-02,2026-10-02,2026-10-05,HOLD,neutral,51.41,51.41,51.41,56.59,56.59,0,53.34,-2.0,2,1.93,0.0,0.0,0.0,0.0,0,0,51.41,v2_conservative_ranker,54.5,-3.0,1,14.59,0.0,0.0,0.0,67.09,67.09,v3_stability_ranker,neutral,1888.0,0.0216,0.0317,0.0334,1850.6,1854.35,0.2273,0.0161,kis,,,,,,,,,data/raw/price_095190_20260607_20261005.csv,340,False,Broad evaluation pool candidate,149,False,Broad evaluation pool candidate
007280,2026-10-02,2026-10-02,2026-10-02,2026-10-05,HOLD,neutral,51.38,51.38,51.38,58.67,58.67,0,53.72,-2.0,2,2.34,0.0,0.0,0.0,0.0,0,0,51.38,v2_conservative_ranker,48.5,-3.0,1,10.07,0.0,0.0,0.0,56.58,56.58,v3_stability_ranker,neutral,2350.0,0.0421,0.0538,-0.0188,2271.0,2321.75,0.6963,0.0195,kis,,,,,,,,,data/raw/price_007280_20260607_20261005.csv,341,False,Broad evaluation pool candidate,350,False,Broad evaluation pool candidate
094280,2026-10-02,2026-10-02,2026-10-02,2026-10-05,HOLD,neutral,51.36,51.36,51.36,60.27,60.27,0,51.82,-2.0,2,0.46,0.0,0.0,0.0,0.0,0,0,51.36,v2_conservative_ranker,43.0,-3.0,1,16.43,0.0,0.0,0.0,57.43,57.43,v3_stability_ranker,price_momentum,11940.0,0.0034,-0.0083,-0.01,11942.0,11998.5,0.3301,0.0038,kis,,,,,,,,,data/raw/price_094280_20260607_20261005.csv,342,False,Broad evaluation pool candidate,325,False,Broad evaluation pool candidate
100090,2026-10-02,2026-10-02,2026-10-02,2026-10-05,HOLD,neutral,51.2,51.2,51.2,56.84,56.84,0,54.99,-2.0,2,3.79,0.0,0.0,0.0,0.0,0,0,51.2,v2_conservative_ranker,48.5,-3.0,1,12.26,0.0,0.0,0.0,58.76,58.76,v3_stability_ranker,neutral,12030.0,0.005,0.059,0.0025,11786.0,12242.5,0.3291,0.0316,kis,,,,,,,,,data/raw/price_100090_20260607_20261005.csv,343,False,Broad evaluation pool candidate,303,False,Broad evaluation pool candidate
476060,2026-10-02,2026-10-02,2026-10-02,2026-10-05,HOLD,neutral,51.17,51.17,51.17,61.26,61.26,0,54.48,-2.0,2,3.31,0.0,0.0,0.0,0.0,0,0,51.17,v2_conservative_ranker,48.05,-3.0,1,12.86,0.0,0.0,0.0,58.91,58.91,v3_stability_ranker,price_momentum,15700.0,-0.0138,0.0377,-0.0655,15656.0,15482.5,0.5881,0.0276,kis,,,,,,,,,data/raw/price_476060_20260607_20261005.csv,344,False,Broad evaluation pool candidate,299,False,Broad evaluation pool candidate
178780,2026-10-02,2026-10-02,2026-10-02,2026-10-05,HOLD,neutral,51.05,51.05,51.05,64.77,64.77,0,47.88,3.0,3,2.83,0.0,0.0,0.0,0.0,0,0,51.05,v2_conservative_ranker,43.99,-0.46,4,13.46,0.0,3.54,0.0,57.45,57.45,v3_stability_ranker,neutral,2470.0,0.0378,-0.0314,0.0578,2438.0,2479.75,2.5636,0.0236,kis,,,,,,,,,data/raw/price_178780_20260607_20261005.csv,345,False,Broad evaluation pool candidate,324,False,Broad evaluation pool candidate
064400,2026-10-02,2026-10-02,2026-10-02,2026-10-05,HOLD,neutral,51.03,51.03,51.03,56.93,56.93,0,51.57,0.0,2,2.54,0.0,0.0,0.0,0.0,0,0,51.03,v2_conservative_ranker,48.5,2.0,1,13.82,0.0,0.0,0.0,65.32,65.32,v3_stability_ranker,neutral,72000.0,0.0184,0.0375,-0.0336,70200.0,71260.0,0.8292,0.0212,kis,,,,,,,,,data/raw/price_064400_20260607_20261005.csv,346,False,Broad evaluation pool candidate,181,False,Broad evaluation pool candidate
003670,2026-10-02,2026-10-02,2026-10-02,2026-10-05,HOLD,neutral,51.01,51.01,51.01,60.34,60.34,0,54.99,-2.0,2,3.98,0.0,0.0,0.0,0.0,0,0,51.01,v2_conservative_ranker,54.5,-3.0,1,12.02,0.0,0.0,0.0,64.52,64.52,v3_stability_ranker,neutral,186800.0,0.0224,0.0384,0.0614,181780.0,183730.0,0.7918,0.0332,kis,,,,,,,,,data/raw/price_003670_20260607_20261005.csv,347,False,Broad evaluation pool candidate,195,False,Broad evaluation pool candidate
004830,2026-10-02,2026-10-02,2026-10-02,2026-10-05,HOLD,neutral,50.98,50.98,50.98,58.92,58.92,0,52.29,-2.0,2,1.31,0.0,0.0,0.0,0.0,0,0,50.98,v2_conservative_ranker,48.5,-3.0,1,15.37,0.0,0.0,0.0,61.87,61.87,v3_stability_ranker,neutral,3345.0,0.0183,0.0292,0.0106,3276.0,3287.0,0.7601,0.0109,kis,,,,,,,,,data/raw/price_004830_20260607_20261005.csv,348,False,Broad evaluation pool candidate,232,False,Broad evaluation pool candidate
108230,2026-10-02,2026-10-02,2026-10-02,2026-10-05,HOLD,neutral,50.94,50.94,50.94,56.93,56.93,0,53.9,-2.0,2,2.96,0.0,0.0,0.0,0.0,0,0,50.94,v2_conservative_ranker,54.5,-3.0,1,13.29,0.0,0.0,0.0,65.8,65.8,v3_stability_ranker,neutral,3255.0,-0.0076,0.0333,0.0449,3233.0,3240.0,0.304,0.0247,kis,,,,,,,,,data/raw/price_108230_20260607_20261005.csv,349,False,Broad evaluation pool candidate,167,False,Broad evaluation pool candidate
0004V0,2026-10-02,2026-10-02,2026-10-02,2026-10-05,HOLD,neutral,50.9,50.9,50.9,60.84,60.84,0,54.36,0.0,2,5.46,0.0,0.0,0.0,0.0,0,0,50.9,v2_conservative_ranker,46.5,2.0,1,10.18,0.0,0.08,0.0,59.59,59.59,v3_stability_ranker,neutral,6210.0,0.0081,-0.0064,0.1761,6062.0,5919.5,0.871,0.0455,kis,,,,,,,,,data/raw/price_0004V0_20260607_20261005.csv,350,False,Broad evaluation pool candidate,276,False,Broad evaluation pool candidate
078860,2026-10-02,2026-10-02,2026-10-02,2026-10-05,HOLD,neutral,50.84,50.84,50.84,65.17,65.17,0,63.94,-2.0,2,10.0,0.0,3.1,0.0,0.0,0,0,50.84,v2_conservative_ranker,57.0,-3.0,1,5.0,0.0,7.36,0.0,52.64,52.64,v3_stability_ranker,price_momentum,2890.0,-0.017,0.0704,0.1115,2903.0,2782.25,0.0928,0.091,kis,,,,,,,,,data/raw/price_078860_20260607_20261005.csv,351,False,Broad evaluation pool candidate,460,False,Broad evaluation pool candidate
079190,2026-10-02,2026-10-02,2026-10-02,2026-10-05,HOLD,neutral,50.82,50.82,50.82,90.01,90.01,0,67.0,3.0,3,10.0,8.0,4.18,0.0,0.0,0,0,50.82,v2_conservative_ranker,43.56,-1.9,4,1.0,13.91,19.52,0.0,13.22,13.22,v3_stability_ranker,price_momentum,1462.0,0.1566,0.1001,0.3183,1321.6,1339.75,3.0779,0.0891,kis,,,,,,,,,data/raw/price_079190_20260607_20261005.csv,352,False,Broad evaluation pool candidate,770,False,Broad evaluation pool candidate
064290,2026-10-02,2026-10-02,2026-10-02,2026-10-05,HOLD,neutral,50.64,50.64,50.64,78.08,78.08,0,66.85,0.0,3,7.49,11.48,0.24,0.0,0.0,0,0,50.64,v2_conservative_ranker,43.0,8.0,6,4.64,17.48,2.78,0.0,41.38,41.38,v3_stability_ranker,price_momentum,59100.0,0.019,0.0785,0.7485,56360.0,48925.0,1.079,0.0624,kis,,,,,,,,,data/raw/price_064290_20260607_20261005.csv,353,False,Broad evaluation pool candidate,640,False,Broad evaluation pool candidate
263800,2026-10-02,2026-10-02,2026-10-02,2026-10-05,HOLD,neutral,50.64,50.64,50.64,57.57,57.57,0,52.82,-2.0,2,2.18,0.0,0.0,0.0,0.0,0,0,50.64,v2_conservative_ranker,48.5,-3.0,1,14.27,0.0,0.0,0.0,60.77,60.77,v3_stability_ranker,neutral,4705.0,0.0195,0.0341,0.0118,4579.0,4689.25,0.5649,0.0182,kis,,,,,,,,,data/raw/price_263800_20260607_20261005.csv,354,False,Broad evaluation pool candidate,255,False,Broad evaluation pool candidate
025560,2026-10-02,2026-10-02,2026-10-02,2026-10-05,HOLD,neutral,50.6,50.6,50.6,87.8,87.8,0,67.0,0.0,3,4.34,15.06,0.0,0.0,0.0,0,0,50.6,v2_conservative_ranker,31.23,8.0,6,8.57,27.75,0.0,0.0,26.05,26.05,v3_stability_ranker,price_momentum,8350.0,-0.006,0.2807,0.315,7926.0,6552.0,1.0693,0.0362,kis,,,,,,,,,data/raw/price_025560_20260607_20261005.csv,355,False,Broad evaluation pool candidate,733,False,Broad evaluation pool candidate
138080,2026-10-02,2026-10-02,2026-10-02,2026-10-05,HOLD,neutral,50.58,50.58,50.58,108.54,105.54,3,71.0,3.0,3,5.52,18.1,0.0,0.0,2.8,0,0,50.58,v2_conservative_ranker,39.0,-1.28,4,3.1,34.24,10.56,4.0,0.0,0.0,v3_stability_ranker,price_momentum,32650.0,0.0993,0.1517,0.5186,29320.0,25650.0,2.8566,0.046,kis,,,,high_attention,no_risk_noise,,,,data/raw/price_138080_20260607_20261005.csv,356,False,Broad evaluation pool candidate,788,False,Broad evaluation pool candidate
004890,2026-10-02,2026-10-02,2026-10-02,2026-10-05,HOLD,neutral,50.54,50.54,50.54,56.28,56.28,0,47.78,0.76,3,1.0,0.0,0.0,0.0,0.0,0,0,50.54,v2_conservative_ranker,40.5,8.0,6,15.75,0.0,0.0,0.0,70.25,70.25,v3_stability_ranker,neutral,34650.0,-0.01,0.0014,-0.0388,34710.0,35340.0,1.151,0.0083,kis,,,,,,,,,data/raw/price_004890_20260607_20261005.csv,357,False,Broad evaluation pool candidate,96,False,Broad evaluation pool candidate
115480,2026-10-02,2026-10-02,2026-10-02,2026-10-05,HOLD,neutral,50.52,50.52,50.52,55.84,55.84,0,53.24,-2.0,2,2.72,0.0,0.0,0.0,0.0,0,0,50.52,v2_conservative_ranker,48.5,-3.0,1,13.59,0.0,0.0,0.0,60.09,60.09,v3_stability_ranker,neutral,2350.0,0.024,0.0468,-0.0126,2289.0,2324.25,0.3435,0.0227,kis,,,,,,,,,data/raw/price_115480_20260607_20261005.csv,358,False,Broad evaluation pool candidate,267,False,Broad evaluation pool candidate
009240,2026-10-02,2026-10-02,2026-10-02,2026-10-05,HOLD,neutral,50.44,50.44,50.44,57.7,57.7,0,50.04,0.0,2,1.6,0.0,0.0,0.0,0.0,0,0,50.44,v2_conservative_ranker,46.5,2.0,1,15.01,0.0,0.0,0.0,64.5,64.5,v3_stability_ranker,neutral,39550.0,0.0141,-0.0063,0.0477,39700.0,39087.5,0.8789,0.0133,kis,,,,,,,,,data/raw/price_009240_20260607_20261005.csv,359,False,Broad evaluation pool candidate,196,False,Broad evaluation pool candidate
0099X0,2026-10-02,2026-10-02,2026-10-02,2026-10-05,HOLD,neutral,50.35,50.35,50.35,56.87,56.87,0,45.18,3.57,3,1.4,0.0,0.0,0.0,0.0,0,0,50.35,v2_conservative_ranker,40.5,8.0,6,15.24,0.0,0.0,0.0,69.75,69.75,v3_stability_ranker,neutral,2235.0,0.009,-0.0283,-0.0283,2224.0,2281.0,1.7145,0.0117,kis,,,,,,,,,data/raw/price_0099X0_20260607_20261005.csv,360,False,Broad evaluation pool candidate,104,False,Broad evaluation pool candidate
005690,2026-10-02,2026-10-02,2026-10-02,2026-10-05,HOLD,neutral,50.18,50.18,50.18,60.4,60.4,0,53.88,-2.0,2,3.7,0.0,0.0,0.0,0.0,0,0,50.18,v2_conservative_ranker,46.5,-3.0,1,12.38,0.0,0.0,0.0,56.88,56.88,v3_stability_ranker,neutral,12400.0,-0.0151,-0.0112,0.1754,12298.0,11575.5,0.6385,0.0308,kis,,,,,,,,,data/raw/price_005690_20260607_20261005.csv,361,False,Broad evaluation pool candidate,342,False,Broad evaluation pool candidate
298000,2026-10-02,2026-10-02,2026-10-02,2026-10-05,HOLD,neutral,50.17,50.17,50.17,56.8,56.8,0,52.15,-2.0,2,1.98,0.0,0.0,0.0,0.0,0,0,50.17,v2_conservative_ranker,48.5,-3.0,1,14.53,0.0,0.0,0.0,61.02,61.02,v3_stability_ranker,neutral,53900.0,0.0113,0.0446,-0.0375,53480.0,54525.0,0.6449,0.0165,kis,,,,,,,,,data/raw/price_298000_20260607_20261005.csv,362,False,Broad evaluation pool candidate,249,False,Broad evaluation pool candidate
020120,2026-10-02,2026-10-02,2026-10-02,2026-10-05,HOLD,neutral,50.15,50.15,50.15,67.36,67.36,0,62.52,-2.0,2,10.0,0.0,2.37,0.0,0.0,0,0,50.15,v2_conservative_ranker,57.0,-3.0,1,5.0,0.0,6.19,0.0,53.81,53.81,v3_stability_ranker,price_momentum,8230.0,-0.0214,0.0352,0.1774,8292.0,8069.5,0.4954,0.0837,kis,,,,,,,,,data/raw/price_020120_20260607_20261005.csv,363,False,Broad evaluation pool candidate,436,False,Broad evaluation pool candidate
196300,2026-10-02,2026-10-02,2026-10-02,2026-10-05,HOLD,neutral,50.12,50.12,50.12,64.26,64.26,0,62.14,-2.0,2,9.83,0.0,2.19,0.0,0.0,0,0,50.12,v2_conservative_ranker,57.0,-3.0,1,5.0,0.0,5.9,0.0,54.1,54.1,v3_stability_ranker,price_momentum,4580.0,-0.0011,0.0651,0.0751,4781.0,4361.5,0.333,0.0819,kis,,,,,,,,,data/raw/price_196300_20260607_20261005.csv,364,False,Broad evaluation pool candidate,428,False,Broad evaluation pool candidate
018700,2026-10-02,2026-10-02,2026-10-02,2026-10-05,HOLD,neutral,50.06,50.06,50.06,56.4,56.4,0,43.87,5.21,3,2.02,0.0,0.0,0.0,0.0,0,0,50.06,v2_conservative_ranker,37.39,5.0,6,14.48,0.0,0.0,0.0,62.87,62.87,v3_stability_ranker,neutral,1291.0,-0.0069,-0.0271,-0.0692,1289.6,1345.85,2.041,0.0168,kis,,,,,,,,,data/raw/price_018700_20260607_20261005.csv,365,False,Broad evaluation pool candidate,219,False,Broad evaluation pool candidate
038500,2026-10-02,2026-10-02,2026-10-02,2026-10-05,HOLD,neutral,50.04,50.04,50.04,56.15,56.15,0,50.16,0.0,2,2.12,0.0,0.0,0.0,0.0,0,0,50.04,v2_conservative_ranker,45.73,2.0,6,14.34,0.0,0.0,0.0,68.07,68.07,v3_stability_ranker,neutral,6850.0,0.0103,0.0332,-0.0616,6674.0,6886.5,0.9463,0.0177,kis,,,,,,,,,data/raw/price_038500_20260607_20261005.csv,366,False,Broad evaluation pool candidate,132,False,Broad evaluation pool candidate
267320,2026-10-02,2026-10-02,2026-10-02,2026-10-05,HOLD,neutral,50.02,50.02,50.02,86.58,86.58,0,67.0,0.0,2,5.24,13.73,0.0,0.0,0.0,0,0,50.02,v2_conservative_ranker,30.69,2.0,6,7.44,23.37,0.0,0.0,22.77,22.77,v3_stability_ranker,price_momentum,2830.0,0.0035,0.2982,0.2952,2652.0,2317.25,0.9922,0.0437,kis,,,,,,,,,data/raw/price_267320_20260607_20261005.csv,367,False,Broad evaluation pool candidate,746,False,Broad evaluation pool candidate
032300,2026-10-02,2026-10-02,2026-10-02,2026-10-05,HOLD,neutral,50.0,50.0,50.0,102.03,102.03,0,68.34,0.0,3,4.49,8.85,8.0,0.0,0.0,0,0,50.0,v2_conservative_ranker,46.86,-9.0,4,4.39,20.44,22.0,0.0,3.8,3.8,v3_stability_ranker,price_momentum,8620.0,0.1493,0.1906,0.0953,7586.0,7558.5,18.6028,0.0374,kis,,,,,,,,,data/raw/price_032300_20260607_20261005.csv,368,False,Broad evaluation pool candidate,783,False,Broad evaluation pool candidate
047050,2026-10-02,2026-10-02,2026-10-02,2026-10-05,HOLD,neutral,49.85,49.85,49.85,55.48,55.48,0,53.59,-2.0,2,3.73,0.0,0.0,0.0,0.0,0,0,49.85,v2_conservative_ranker,54.5,-3.0,1,12.34,0.0,0.0,0.0,64.84,64.84,v3_stability_ranker,neutral,56600.0,0.0235,0.0235,0.0639,56020.0,56175.0,0.1738,0.0311,kis,,,,,,,,,data/raw/price_047050_20260607_20261005.csv,369,False,Broad evaluation pool candidate,188,False,Broad evaluation pool candidate
005250,2026-10-02,2026-10-02,2026-10-02,2026-10-05,HOLD,neutral,49.84,49.84,49.84,54.81,54.81,0,51.22,-2.0,2,1.38,0.0,0.0,0.0,0.0,0,0,49.84,v2_conservative_ranker,48.5,-3.0,1,15.28,0.0,0.0,0.0,61.77,61.77,v3_stability_ranker,neutral,9700.0,-0.0041,0.0275,-0.0152,9610.0,9676.5,0.3281,0.0115,kis,,,,,,,,,data/raw/price_005250_20260607_20261005.csv,370,False,Broad evaluation pool candidate,235,False,Broad evaluation pool candidate
086710,2026-10-02,2026-10-02,2026-10-02,2026-10-05,HOLD,neutral,49.84,49.84,49.84,55.3,55.3,0,48.51,0.0,3,1.67,0.0,0.0,0.0,0.0,0,0,49.84,v2_conservative_ranker,44.66,8.0,6,14.91,0.0,0.0,0.0,73.57,73.57,v3_stability_ranker,neutral,6960.0,0.0161,0.025,-0.0854,6856.0,6889.0,1.0775,0.0139,kis,,,,,,,,,data/raw/price_086710_20260607_20261005.csv,371,False,Broad evaluation pool candidate,71,False,Broad evaluation pool candidate
352700,2026-10-02,2026-10-02,2026-10-02,2026-10-05,HOLD,neutral,49.71,49.71,49.71,55.26,55.26,0,50.55,-2.0,2,0.84,0.0,0.0,0.0,0.0,0,0,49.71,v2_conservative_ranker,40.5,-3.0,1,15.95,0.0,0.0,0.0,54.45,54.45,v3_stability_ranker,neutral,1464.0,0.0055,0.0117,0.011,1456.8,1463.8,0.3726,0.007,kis,,,,,,,,,data/raw/price_352700_20260607_20261005.csv,372,False,Broad evaluation pool candidate,419,False,Broad evaluation pool candidate
120110,2026-10-02,2026-10-02,2026-10-02,2026-10-05,HOLD,neutral,49.67,49.67,49.67,56.02,56.02,0,53.12,-2.0,2,3.46,0.0,0.0,0.0,0.0,0,0,49.67,v2_conservative_ranker,48.5,-3.0,1,12.68,0.0,0.0,0.0,59.18,59.18,v3_stability_ranker,neutral,56400.0,0.0236,0.0406,0.0018,55500.0,55645.0,0.4587,0.0288,kis,,,,,,,,,data/raw/price_120110_20260607_20261005.csv,373,False,Broad evaluation pool candidate,288,False,Broad evaluation pool candidate
148250,2026-10-02,2026-10-02,2026-10-02,2026-10-05,HOLD,neutral,49.66,49.66,49.66,58.18,58.18,0,52.88,-2.0,2,3.22,0.0,0.0,0.0,0.0,0,0,49.66,v2_conservative_ranker,46.5,-3.0,1,12.98,0.0,0.0,0.0,57.48,57.48,v3_stability_ranker,neutral,1991.0,-0.0192,-0.004,0.1223,2018.2,1977.45,0.5234,0.0268,kis,,,,,,,,,data/raw/price_148250_20260607_20261005.csv,374,False,Broad evaluation pool candidate,322,False,Broad evaluation pool candidate
024720,2026-10-02,2026-10-02,2026-10-02,2026-10-05,HOLD,neutral,49.6,49.6,49.6,54.86,54.86,0,47.05,0.68,3,1.14,0.0,0.0,0.0,0.0,0,0,49.6,v2_conservative_ranker,37.3,8.0,6,15.57,0.0,0.0,0.0,66.88,66.88,v3_stability_ranker,neutral,9290.0,-0.0011,0.0054,-0.071,9276.0,9464.0,1.1366,0.0095,kis,,,,,,,,,data/raw/price_024720_20260607_20261005.csv,375,False,Broad evaluation pool candidate,154,False,Broad evaluation pool candidate
082740,2026-10-02,2026-10-02,2026-10-02,2026-10-05,HOLD,neutral,49.59,49.59,49.59,57.68,57.68,0,54.2,-2.0,2,4.61,0.0,0.0,0.0,0.0,0,0,49.59,v2_conservative_ranker,54.5,-3.0,1,11.24,0.0,0.0,0.0,63.74,63.74,v3_stability_ranker,neutral,48600.0,0.0021,0.021,0.0885,48060.0,48417.5,0.4985,0.0384,kis,,,,,,,,,data/raw/price_082740_20260607_20261005.csv,376,False,Broad evaluation pool candidate,208,False,Broad evaluation pool candidate
004080,2026-10-02,2026-10-02,2026-10-02,2026-10-05,HOLD,neutral,49.58,49.58,49.58,56.39,56.39,0,48.62,0.0,2,1.04,0.0,0.0,0.0,0.0,0,0,49.58,v2_conservative_ranker,46.5,2.0,1,15.7,0.0,0.0,0.0,65.19,65.19,v3_stability_ranker,neutral,14460.0,0.0007,-0.013,0.0263,14496.0,14268.0,0.8748,0.0087,kis,,,,,,,,,data/raw/price_004080_20260607_20261005.csv,377,False,Broad evaluation pool candidate,184,False,Broad evaluation pool candidate
277410,2026-10-02,2026-10-02,2026-10-02,2026-10-05,HOLD,neutral,49.57,49.57,49.57,55.7,55.7,0,47.37,0.85,3,1.64,0.0,0.0,0.0,0.0,0,0,49.57,v2_conservative_ranker,40.5,8.0,6,14.95,0.0,0.0,0.0,69.44,69.44,v3_stability_ranker,neutral,5560.0,-0.0036,-0.0089,-0.0211,5552.0,5542.5,1.1692,0.0137,kis,,,,,,,,,data/raw/price_277410_20260607_20261005.csv,378,False,Broad evaluation pool candidate,109,False,Broad evaluation pool candidate
187420,2026-10-02,2026-10-02,2026-10-02,2026-10-05,HOLD,neutral,49.43,49.43,49.43,62.51,62.51,0,60.5,-2.0,2,9.31,0.0,1.76,0.0,0.0,0,0,49.43,v2_conservative_ranker,51.0,-3.0,1,5.36,0.0,5.22,0.0,49.14,49.14,v3_stability_ranker,price_momentum,1921.0,-0.0244,0.075,0.0,2048.2,1884.15,0.4623,0.0776,kis,,,,,,,,,data/raw/price_187420_20260607_20261005.csv,379,False,Broad evaluation pool candidate,531,False,Broad evaluation pool candidate
014710,2026-10-02,2026-10-02,2026-10-02,2026-10-05,HOLD,neutral,49.4,49.4,49.4,54.83,54.83,0,50.49,0.0,2,3.1,0.0,0.0,0.0,0.0,0,0,49.4,v2_conservative_ranker,44.68,2.0,1,13.13,0.0,0.0,0.0,60.81,60.81,v3_stability_ranker,neutral,9610.0,-0.0263,0.0446,-0.0848,9742.0,10095.5,0.8652,0.0258,kis,,,,,,,,,data/raw/price_014710_20260607_20261005.csv,380,False,Broad evaluation pool candidate,254,False,Broad evaluation pool candidate
307950,2026-10-02,2026-10-02,2026-10-02,2026-10-05,HOLD,neutral,49.37,49.37,49.37,55.75,55.75,0,50.41,0.0,2,3.04,0.0,0.0,0.0,0.0,0,0,49.37,v2_conservative_ranker,48.5,2.0,1,13.21,0.0,0.0,0.0,64.7,64.7,v3_stability_ranker,neutral,383500.0,0.0092,0.0159,-0.0052,375800.0,379325.0,0.825,0.0253,kis,,,,,,,,,data/raw/price_307950_20260607_20261005.csv,381,False,Broad evaluation pool candidate,191,False,Broad evaluation pool candidate
046970,2026-10-02,2026-10-02,2026-10-02,2026-10-05,HOLD,neutral,49.36,49.36,49.36,87.78,87.78,0,68.44,5.28,3,9.94,18.14,2.28,0.0,0.0,0,3,49.36,v2_conservative_ranker,43.0,5.0,6,-2.0,29.48,6.05,0.0,16.47,16.47,v3_stability_ranker,price_momentum,8340.0,0.1255,0.0544,0.6848,7632.0,6903.75,2.056,0.0828,kis,,,,,,,,,data/raw/price_046970_20260607_20261005.csv,382,False,Broad evaluation pool candidate,758,False,Broad evaluation pool candidate
205500,2026-10-02,2026-10-02,2026-10-02,2026-10-05,HOLD,neutral,49.33,49.33,49.33,54.84,54.84,0,51.95,-2.0,2,2.62,0.0,0.0,0.0,0.0,0,0,49.33,v2_conservative_ranker,48.5,-3.0,1,13.73,0.0,0.0,0.0,60.23,60.23,v3_stability_ranker,neutral,1832.0,0.0022,0.0327,-0.0092,1783.4,1827.05,0.3677,0.0218,kis,,,,,,,,,data/raw/price_205500_20260607_20261005.csv,383,False,Broad evaluation pool candidate,263,False,Broad evaluation pool candidate
003100,2026-10-02,2026-10-02,2026-10-02,2026-10-05,HOLD,neutral,49.22,49.22,49.22,55.66,55.66,0,50.15,-2.0,2,0.94,0.0,0.0,0.0,0.0,0,0,49.22,v2_conservative_ranker,40.5,-3.0,1,15.83,0.0,0.0,0.0,54.33,54.33,v3_stability_ranker,neutral,20600.0,0.0,0.0098,0.0049,20520.0,20565.0,0.5364,0.0078,kis,,,,,,,,,data/raw/price_003100_20260607_20261005.csv,384,False,Broad evaluation pool candidate,424,False,Broad evaluation pool candidate
003620,2026-10-02,2026-10-02,2026-10-02,2026-10-05,HOLD,neutral,49.19,49.19,49.19,55.55,55.55,0,51.3,-2.0,2,2.11,0.0,0.0,0.0,0.0,0,0,49.19,v2_conservative_ranker,48.5,-3.0,1,14.36,0.0,0.0,0.0,60.86,60.86,v3_stability_ranker,neutral,2545.0,0.0099,0.0304,-0.0212,2515.0,2597.5,0.5558,0.0176,kis,,,,,,,,,data/raw/price_003620_20260607_20261005.csv,385,False,Broad evaluation pool candidate,252,False,Broad evaluation pool candidate
237690,2026-10-02,2026-10-02,2026-10-02,2026-10-05,HOLD,neutral,49.17,49.17,49.17,59.54,59.54,0,52.46,-2.0,2,3.29,0.0,0.0,0.0,0.0,0,0,49.17,v2_conservative_ranker,47.49,-3.0,1,12.89,0.0,0.0,0.0,58.38,58.38,v3_stability_ranker,price_momentum,93300.0,-0.0241,0.0219,-0.0781,93400.0,92490.0,0.6659,0.0274,kis,,,,,,,,,data/raw/price_237690_20260607_20261005.csv,386,False,Broad evaluation pool candidate,313,False,Broad evaluation pool candidate
027410,2026-10-02,2026-10-02,2026-10-02,2026-10-05,HOLD,neutral,49.14,49.14,49.14,54.78,54.78,0,48.17,0.0,2,1.03,0.0,0.0,0.0,0.0,0,0,49.14,v2_conservative_ranker,40.5,2.0,1,15.71,0.0,0.0,0.0,59.21,59.21,v3_stability_ranker,neutral,3725.0,0.0081,0.004,-0.035,3720.0,3776.0,0.8312,0.0086,kis,,,,,,,,,data/raw/price_027410_20260607_20261005.csv,387,False,Broad evaluation pool candidate,286,False,Broad evaluation pool candidate
279600,2026-10-02,2026-10-02,2026-10-02,2026-10-05,HOLD,neutral,49.14,49.14,49.14,55.54,55.54,0,49.08,0.0,2,1.94,0.0,0.0,0.0,0.0,0,0,49.14,v2_conservative_ranker,40.5,2.0,1,14.57,0.0,0.0,0.0,58.07,58.07,v3_stability_ranker,neutral,3945.0,0.0,0.0013,-0.0013,3882.0,3895.75,0.849,0.0162,kis,,,,,,,,,data/raw/price_279600_20260607_20261005.csv,388,False,Broad evaluation pool candidate,316,False,Broad evaluation pool candidate
036460,2026-10-02,2026-10-02,2026-10-02,2026-10-05,HOLD,neutral,49.12,49.12,49.12,55.48,55.48,0,48.61,0.0,3,2.5,0.0,0.0,0.0,0.0,0,0,49.12,v2_conservative_ranker,40.5,8.0,6,13.88,0.0,0.0,0.0,68.38,68.38,v3_stability_ranker,neutral,35850.0,0.017,0.007,-0.0311,35380.0,35922.5,1.0694,0.0208,kis,,,,,,,,,data/raw/price_036460_20260607_20261005.csv,389,False,Broad evaluation pool candidate,124,False,Broad evaluation pool candidate
037370,2026-10-02,2026-10-02,2026-10-02,2026-10-05,HOLD,neutral,49.11,49.11,49.11,58.36,58.36,0,52.84,-2.0,2,3.73,0.0,0.0,0.0,0.0,0,0,49.11,v2_conservative_ranker,46.5,-3.0,1,12.34,0.0,0.0,0.0,56.84,56.84,v3_stability_ranker,neutral,4305.0,0.0177,-0.0216,0.1762,4235.0,4067.0,0.4703,0.0311,kis,,,,,,,,,data/raw/price_037370_20260607_20261005.csv,390,False,Broad evaluation pool candidate,343,False,Broad evaluation pool candidate
161890,2026-10-02,2026-10-02,2026-10-02,2026-10-05,HOLD,neutral,49.09,49.09,49.09,59.16,59.16,0,42.23,6.67,3,2.81,0.0,0.0,0.0,0.0,0,0,49.09,v2_conservative_ranker,32.42,5.0,4,9.49,0.0,0.0,0.0,50.91,50.91,v3_stability_ranker,price_momentum,137100.0,-0.0642,-0.0673,-0.1155,145600.0,145125.0,2.3347,0.0234,kis,,,,,,,,,data/raw/price_161890_20260607_20261005.csv,391,False,Broad evaluation pool candidate,500,False,Broad evaluation pool candidate
391710,2026-10-02,2026-10-02,2026-10-02,2026-10-05,HOLD,neutral,49.07,49.07,49.07,60.36,60.36,0,57.96,-2.0,2,8.12,0.0,0.77,0.0,0.0,0,0,49.07,v2_conservative_ranker,57.0,-3.0,1,6.85,0.0,3.63,0.0,58.21,58.21,v3_stability_ranker,price_momentum,1264.0,-0.0016,0.0218,0.0794,1265.4,1228.45,0.1628,0.0677,kis,,,,,,,,,data/raw/price_391710_20260607_20261005.csv,392,False,Broad evaluation pool candidate,315,False,Broad evaluation pool candidate
302550,2026-10-02,2026-10-02,2026-10-02,2026-10-05,HOLD,neutral,49.06,49.06,49.06,54.5,54.5,0,50.84,-2.0,2,1.78,0.0,0.0,0.0,0.0,0,0,49.06,v2_conservative_ranker,48.5,-3.0,1,14.78,0.0,0.0,0.0,61.28,61.28,v3_stability_ranker,neutral,2670.0,0.021,0.021,-0.0074,2638.0,2651.25,0.3748,0.0148,kis,,,,,,,,,data/raw/price_302550_20260607_20261005.csv,393,False,Broad evaluation pool candidate,245,False,Broad evaluation pool candidate
024850,2026-10-02,2026-10-02,2026-10-02,2026-10-05,HOLD,neutral,49.05,49.05,49.05,65.17,65.17,0,62.69,-2.0,2,10.0,0.0,3.64,0.0,0.0,0,0,49.05,v2_conservative_ranker,57.0,-3.0,1,5.0,0.0,8.22,0.0,51.78,51.78,v3_stability_ranker,price_momentum,16450.0,-0.003,0.0865,0.0484,16994.0,15835.5,0.3493,0.0964,kis,,,,,,,,,data/raw/price_024850_20260607_20261005.csv,394,False,Broad evaluation pool candidate,478,False,Broad evaluation pool candidate
900290,2026-10-02,2026-10-02,2026-10-02,2026-10-05,HOLD,neutral,49.03,49.03,49.03,50.68,50.68,0,45.81,2.07,3,4.86,0.0,0.0,0.0,0.0,0,3,49.03,v2_conservative_ranker,42.5,8.0,6,6.92,0.0,0.0,0.0,63.42,63.42,v3_stability_ranker,neutral,3480.0,-0.0426,0.0281,-0.1714,3411.0,3614.75,1.4149,0.0405,kis,,,,,,,,,data/raw/price_900290_20260607_20261005.csv,395,False,Broad evaluation pool candidate,213,False,Broad evaluation pool candidate
196450,2026-10-02,2026-10-02,2026-10-02,2026-10-05,HOLD,neutral,49.02,49.02,49.02,53.75,53.75,0,50.46,-2.0,2,1.44,0.0,0.0,0.0,0.0,0,0,49.02,v2_conservative_ranker,48.5,-3.0,1,15.2,0.0,0.0,0.0,61.7,61.7,v3_stability_ranker,neutral,3940.0,0.0181,0.0155,-0.0025,3887.0,3906.25,0.2549,0.012,kis,,,,,,,,,data/raw/price_196450_20260607_20261005.csv,396,False,Broad evaluation pool candidate,237,False,Broad evaluation pool candidate
493330,2026-10-02,2026-10-02,2026-10-02,2026-10-05,HOLD,neutral,49.0,49.0,49.0,58.08,58.08,0,53.68,-2.0,2,4.68,0.0,0.0,0.0,0.0,0,0,49.0,v2_conservative_ranker,40.23,-3.0,1,11.15,0.0,0.0,0.0,49.38,49.38,v3_stability_ranker,neutral,12500.0,0.0297,0.1082,-0.0949,12232.0,12671.5,0.6502,0.039,kis,,,,,,,,,data/raw/price_493330_20260607_20261005.csv,397,False,Broad evaluation pool candidate,529,False,Broad evaluation pool candidate
247660,2026-10-02,2026-10-02,2026-10-02,2026-10-05,HOLD,neutral,48.97,48.97,48.97,59.98,59.98,0,55.26,-2.0,2,6.29,0.0,0.0,0.0,0.0,0,0,48.97,v2_conservative_ranker,49.0,-3.0,1,9.14,0.0,1.18,0.0,54.96,54.96,v3_stability_ranker,price_momentum,4125.0,0.0312,0.0024,0.0577,4076.0,3998.5,0.3492,0.0524,kis,,,,,,,,,data/raw/price_247660_20260607_20261005.csv,398,False,Broad evaluation pool candidate,406,False,Broad evaluation pool candidate
031820,2026-10-02,2026-10-02,2026-10-02,2026-10-05,HOLD,neutral,48.92,48.92,48.92,53.47,53.47,0,50.47,-2.0,2,1.55,0.0,0.0,0.0,0.0,0,0,48.92,v2_conservative_ranker,48.5,-3.0,1,15.06,0.0,0.0,0.0,61.56,61.56,v3_stability_ranker,neutral,5760.0,0.0141,0.0195,-0.0137,5694.0,5697.5,0.2498,0.0129,kis,,,,,,,,,data/raw/price_031820_20260607_20261005.csv,399,False,Broad evaluation pool candidate,240,False,Broad evaluation pool candidate
013520,2026-10-02,2026-10-02,2026-10-02,2026-10-05,HOLD,neutral,48.92,48.92,48.92,55.05,55.05,0,47.87,0.0,3,1.96,0.0,0.0,0.0,0.0,0,0,48.92,v2_conservative_ranker,40.5,8.0,6,14.55,0.0,0.0,0.0,69.06,69.06,v3_stability_ranker,neutral,2540.0,0.014,0.002,-0.0379,2513.0,2526.75,1.0618,0.0163,kis,,,,,,,,,data/raw/price_013520_20260607_20261005.csv,400,False,Broad evaluation pool candidate,114,False,Broad evaluation pool candidate
014970,2026-10-02,2026-10-02,2026-10-02,2026-10-05,HOLD,neutral,48.91,48.91,48.91,54.01,54.01,0,50.85,-2.0,2,1.94,0.0,0.0,0.0,0.0,0,0,48.91,v2_conservative_ranker,40.5,-3.0,1,14.57,0.0,0.0,0.0,53.07,53.07,v3_stability_ranker,neutral,4440.0,0.0183,0.0137,0.0137,4356.0,4454.75,0.2632,0.0162,kis,,,,,,,,,data/raw/price_014970_20260607_20261005.csv,401,False,Broad evaluation pool candidate,452,False,Broad evaluation pool candidate
373200,2026-10-02,2026-10-02,2026-10-02,2026-10-05,HOLD,neutral,48.81,48.81,48.81,67.24,71.24,-4,60.34,1.91,3,7.15,4.58,0.0,0.0,4.7,0,0,48.81,v2_conservative_ranker,50.5,8.0,6,4.06,10.88,2.34,7.2,48.15,48.15,v3_stability_ranker,neutral,1884.0,0.1082,0.1214,0.0953,1724.2,1819.9,1.3828,0.0596,kis,,,,low_attention,risk_noise_detected,,,,data/raw/price_373200_20260607_20261005.csv,402,False,Broad evaluation pool candidate,550,False,Broad evaluation pool candidate
010400,2026-10-02,2026-10-02,2026-10-02,2026-10-05,HOLD,neutral,48.74,48.74,48.74,54.2,54.2,0,46.57,1.26,3,2.09,0.0,0.0,0.0,0.0,0,0,48.74,v2_conservative_ranker,37.07,8.0,6,14.39,0.0,0.0,0.0,65.46,65.46,v3_stability_ranker,neutral,4185.0,0.0232,0.0024,-0.0762,4115.0,4177.75,1.252,0.0174,kis,,,,medium_attention,no_risk_noise,,,,data/raw/price_010400_20260607_20261005.csv,403,False,Broad evaluation pool candidate,179,False,Broad evaluation pool candidate
228670,2026-10-02,2026-10-02,2026-10-02,2026-10-05,HOLD,neutral,48.65,48.65,48.65,54.02,54.02,0,45.02,2.68,3,2.04,0.0,0.0,0.0,0.0,0,0,48.65,v2_conservative_ranker,35.97,8.0,6,14.45,0.0,0.0,0.0,64.42,64.42,v3_stability_ranker,neutral,4330.0,-0.0035,-0.0046,-0.1007,4362.0,4511.5,1.5356,0.017,kis,,,,,,,,,data/raw/price_228670_20260607_20261005.csv,404,False,Broad evaluation pool candidate,197,False,Broad evaluation pool candidate
002840,2026-10-02,2026-10-02,2026-10-02,2026-10-05,HOLD,neutral,48.63,48.63,48.63,55.65,55.65,0,50.33,-2.0,2,1.7,0.0,0.0,0.0,0.0,0,0,48.63,v2_conservative_ranker,46.5,-3.0,1,14.87,0.0,0.0,0.0,59.37,59.37,v3_stability_ranker,neutral,135700.0,0.0119,-0.0066,0.0569,136440.0,134105.0,0.4802,0.0142,kis,,,,,,,,,data/raw/price_002840_20260607_20261005.csv,405,False,Broad evaluation pool candidate,281,False,Broad evaluation pool candidate
267850,2026-10-02,2026-10-02,2026-10-02,2026-10-05,HOLD,neutral,48.62,48.62,48.62,52.92,52.92,0,49.5,-2.0,2,0.88,0.0,0.0,0.0,0.0,0,0,48.62,v2_conservative_ranker,40.5,-3.0,1,15.9,0.0,0.0,0.0,54.41,54.41,v3_stability_ranker,neutral,9230.0,-0.0065,0.0065,-0.0043,9194.0,9203.0,0.2023,0.0073,kis,,,,,,,,,data/raw/price_267850_20260607_20261005.csv,406,False,Broad evaluation pool candidate,421,False,Broad evaluation pool candidate
192820,2026-10-02,2026-10-02,2026-10-02,2026-10-05,HOLD,neutral,48.58,48.58,48.58,54.55,54.55,0,46.85,1.44,3,2.71,0.0,0.0,0.0,0.0,0,0,48.58,v2_conservative_ranker,38.21,8.0,6,13.61,0.0,0.0,0.0,65.82,65.82,v3_stability_ranker,neutral,271000.0,-0.0287,-0.0037,-0.0508,273100.0,272775.0,1.2872,0.0226,kis,,,,,,,,,data/raw/price_192820_20260607_20261005.csv,407,False,Broad evaluation pool candidate,166,False,Broad evaluation pool candidate
383800,2026-10-02,2026-10-02,2026-10-02,2026-10-05,HOLD,neutral,48.58,48.58,48.58,54.87,54.87,0,47.72,0.0,2,1.14,0.0,0.0,0.0,0.0,0,0,48.58,v2_conservative_ranker,40.5,2.0,1,15.57,0.0,0.0,0.0,59.08,59.08,v3_stability_ranker,neutral,8040.0,0.0,-0.0111,-0.005,8098.0,8089.0,0.8631,0.0095,kis,,,,,,,,,data/raw/price_383800_20260607_20261005.csv,408,False,Broad evaluation pool candidate,296,False,Broad evaluation pool candidate
358570,2026-10-02,2026-10-02,2026-10-02,2026-10-05,HOLD,neutral,48.57,48.57,48.57,62.03,59.03,3,53.89,0.97,3,7.96,0.0,0.63,0.0,0.7,0,0,48.57,v2_conservative_ranker,46.5,8.0,6,3.05,0.0,3.41,1.0,59.15,59.15,v3_stability_ranker,neutral,8970.0,-0.0597,0.0113,0.1074,8602.0,8668.0,1.1939,0.0663,kis,,,,high_attention,no_risk_noise,,,,data/raw/price_358570_20260607_20261005.csv,409,False,Broad evaluation pool candidate,292,False,Broad evaluation pool candidate
179530,2026-10-02,2026-10-02,2026-10-02,2026-10-05,HOLD,neutral,48.53,48.53,48.53,72.96,72.96,0,55.0,5.24,3,6.24,8.47,0.0,0.0,0.0,0,0,48.53,v2_conservative_ranker,35.19,5.0,6,5.2,18.26,1.24,0.0,31.88,31.88,v3_stability_ranker,price_momentum,2080.0,0.1511,0.1859,-0.1827,1830.6,2048.5,2.0488,0.052,kis,,,,,,,,,data/raw/price_179530_20260607_20261005.csv,410,False,Broad evaluation pool candidate,702,False,Broad evaluation pool candidate
332290,2026-10-02,2026-10-02,2026-10-02,2026-10-05,HOLD,neutral,48.5,48.5,48.5,54.12,54.12,0,49.63,-2.0,2,1.13,0.0,0.0,0.0,0.0,0,0,48.5,v2_conservative_ranker,40.5,-3.0,1,15.59,0.0,0.0,0.0,54.09,54.09,v3_stability_ranker,neutral,4420.0,0.0011,0.0114,-0.0145,4371.0,4419.75,0.4411,0.0094,kis,,,,,,,,,data/raw/price_332290_20260607_20261005.csv,411,False,Broad evaluation pool candidate,429,False,Broad evaluation pool candidate
058110,2026-10-02,2026-10-02,2026-10-02,2026-10-05,HOLD,neutral,48.46,48.46,48.46,53.94,53.94,0,48.21,0.0,3,2.75,0.0,0.0,0.0,0.0,0,0,48.46,v2_conservative_ranker,45.17,2.0,6,9.56,0.9,0.0,0.0,61.83,61.83,v3_stability_ranker,neutral,1524.0,0.0503,0.018,-0.0741,1479.2,1529.85,1.0217,0.0229,kis,,,,,,,,,data/raw/price_058110_20260607_20261005.csv,412,False,Broad evaluation pool candidate,233,False,Broad evaluation pool candidate
004710,2026-10-02,2026-10-02,2026-10-02,2026-10-05,HOLD,neutral,48.45,48.45,48.45,87.38,87.38,0,67.0,0.7,3,5.35,16.89,0.0,0.0,0.0,0,0,48.45,v2_conservative_ranker,30.86,8.0,6,7.31,30.13,0.0,0.0,22.04,22.04,v3_stability_ranker,price_momentum,12070.0,0.0203,0.2192,0.5923,11362.0,9687.5,1.1398,0.0446,kis,,,,,,,,,data/raw/price_004710_20260607_20261005.csv,413,False,Broad evaluation pool candidate,748,False,Broad evaluation pool candidate
126720,2026-10-02,2026-10-02,2026-10-02,2026-10-05,HOLD,neutral,48.45,48.45,48.45,55.67,55.67,0,50.31,-2.0,2,1.86,0.0,0.0,0.0,0.0,0,0,48.45,v2_conservative_ranker,46.5,-3.0,1,14.68,0.0,0.0,0.0,59.17,59.17,v3_stability_ranker,neutral,21450.0,0.0,0.0047,0.0239,21390.0,21635.0,0.5928,0.0155,kis,,,,,,,,,data/raw/price_126720_20260607_20261005.csv,414,False,Broad evaluation pool candidate,290,False,Broad evaluation pool candidate
096240,2026-10-02,2026-10-02,2026-10-02,2026-10-05,HOLD,neutral,48.43,48.43,48.43,55.84,55.84,0,49.79,-2.0,2,1.36,0.0,0.0,0.0,0.0,0,0,48.43,v2_conservative_ranker,40.5,-3.0,1,15.3,0.0,0.0,0.0,53.8,53.8,v3_stability_ranker,neutral,8530.0,0.0059,0.0107,-0.0081,8456.0,8554.0,0.7168,0.0113,kis,,,,,,,,,data/raw/price_096240_20260607_20261005.csv,415,False,Broad evaluation pool candidate,437,False,Broad evaluation pool candidate
090370,2026-10-02,2026-10-02,2026-10-02,2026-10-05,HOLD,neutral,48.4,48.4,48.4,52.89,52.89,0,50.18,-2.0,2,1.79,0.0,0.0,0.0,0.0,0,0,48.4,v2_conservative_ranker,46.5,-3.0,1,14.77,0.0,0.0,0.0,59.27,59.27,v3_stability_ranker,neutral,1188.0,0.0051,0.0034,0.0241,1181.4,1201.55,0.1396,0.0149,kis,,,,,,,,,data/raw/price_090370_20260607_20261005.csv,416,False,Broad evaluation pool candidate,283,False,Broad evaluation pool candidate
010960,2026-10-02,2026-10-02,2026-10-02,2026-10-05,HOLD,neutral,48.37,48.37,48.37,53.9,53.9,0,49.48,-2.0,2,1.1,0.0,0.0,0.0,0.0,0,0,48.37,v2_conservative_ranker,40.5,-3.0,1,15.62,0.0,0.0,0.0,54.12,54.12,v3_stability_ranker,neutral,3095.0,0.0114,0.0114,-0.019,3072.0,3082.25,0.4389,0.0092,kis,,,,,,,,,data/raw/price_010960_20260607_20261005.csv,417,False,Broad evaluation pool candidate,427,False,Broad evaluation pool candidate
096350,2026-10-02,2026-10-02,2026-10-02,2026-10-05,HOLD,neutral,48.36,48.36,48.36,54.23,54.23,0,50.55,-2.0,2,2.18,0.0,0.0,0.0,0.0,0,0,48.36,v2_conservative_ranker,46.5,-3.0,1,14.27,0.0,0.0,0.0,58.77,58.77,v3_stability_ranker,neutral,1901.0,0.0112,0.0058,0.0276,1873.8,1923.4,0.348,0.0182,kis,,,,,,,,,data/raw/price_096350_20260607_20261005.csv,418,False,Broad evaluation pool candidate,302,False,Broad evaluation pool candidate
011330,2026-10-02,2026-10-02,2026-10-02,2026-10-05,HOLD,neutral,48.29,48.29,48.29,54.37,54.37,0,49.52,0.0,2,3.23,0.0,0.0,0.0,0.0,0,0,48.29,v2_conservative_ranker,48.5,2.0,1,8.96,0.0,0.0,0.0,60.47,60.47,v3_stability_ranker,neutral,4165.0,0.0413,0.0208,-0.0447,4034.0,4215.25,0.8696,0.0269,kis,,,,,,,,,data/raw/price_011330_20260607_20261005.csv,419,False,Broad evaluation pool candidate,262,False,Broad evaluation pool candidate
130660,2026-10-02,2026-10-02,2026-10-02,2026-10-05,HOLD,neutral,48.28,48.28,48.28,53.76,53.76,0,51.6,-2.0,2,3.32,0.0,0.0,0.0,0.0,0,0,48.28,v2_conservative_ranker,46.5,-3.0,1,12.84,0.0,0.0,0.0,57.34,57.34,v3_stability_ranker,neutral,12410.0,0.0065,0.0098,0.0464,12290.0,12728.5,0.2043,0.0277,kis,,,,,,,,,data/raw/price_130660_20260607_20261005.csv,420,False,Broad evaluation pool candidate,327,False,Broad evaluation pool candidate
057540,2026-10-02,2026-10-02,2026-10-02,2026-10-05,HOLD,neutral,48.28,48.28,48.28,51.93,51.93,0,49.9,0.0,0,1.62,0.0,0.0,0.0,0.0,0,0,48.28,v2_conservative_ranker,46.5,-5.0,0,14.97,0.0,0.0,0.0,56.48,56.48,v3_stability_ranker,neutral,602.0,0.0,0.0,0.0256,602.0,593.2,0.0,0.0135,kis,,,,,,,,,data/raw/price_057540_20260607_20261005.csv,421,False,Broad evaluation pool candidate,352,False,Broad evaluation pool candidate
005810,2026-10-02,2026-10-02,2026-10-02,2026-10-05,HOLD,neutral,48.26,48.26,48.26,56.13,56.13,0,49.54,-2.0,2,1.28,0.0,0.0,0.0,0.0,0,0,48.26,v2_conservative_ranker,40.5,-3.0,1,15.39,0.0,0.0,0.0,53.89,53.89,v3_stability_ranker,neutral,36950.0,0.0,0.0054,0.0,36840.0,37187.5,0.776,0.0107,kis,,,,,,,,,data/raw/price_005810_20260607_20261005.csv,422,False,Broad evaluation pool candidate,433,False,Broad evaluation pool candidate
032580,2026-10-02,2026-10-02,2026-10-02,2026-10-05,HOLD,neutral,48.21,48.21,48.21,78.78,78.78,0,66.55,0.0,3,6.34,15.0,0.0,0.0,0.0,0,0,48.21,v2_conservative_ranker,43.0,8.0,6,6.08,22.0,1.25,0.0,39.83,39.83,v3_stability_ranker,price_momentum,7550.0,-0.0105,0.0755,0.6431,7556.0,5878.25,1.0856,0.0528,kis,,,,,,,,,data/raw/price_032580_20260607_20261005.csv,423,False,Broad evaluation pool candidate,652,False,Broad evaluation pool candidate
026150,2026-10-02,2026-10-02,2026-10-02,2026-10-05,HOLD,neutral,48.21,48.21,48.21,55.25,55.25,0,50.7,-2.0,2,2.48,0.0,0.0,0.0,0.0,0,0,48.21,v2_conservative_ranker,46.5,-3.0,1,13.89,0.0,0.0,0.0,58.39,58.39,v3_stability_ranker,neutral,3920.0,-0.0013,0.0064,0.0302,3919.0,3929.0,0.5285,0.0207,kis,,,,,,,,,data/raw/price_026150_20260607_20261005.csv,424,False,Broad evaluation pool candidate,312,False,Broad evaluation pool candidate
003520,2026-10-02,2026-10-02,2026-10-02,2026-10-05,HOLD,neutral,48.2,48.2,48.2,54.2,54.2,0,49.73,-2.0,2,1.52,0.0,0.0,0.0,0.0,0,0,48.2,v2_conservative_ranker,45.66,-3.0,1,15.1,0.0,0.0,0.0,58.75,58.75,v3_stability_ranker,neutral,1052.0,-0.0047,0.0294,-0.0632,1038.6,1055.3,0.6151,0.0127,kis,,,,,,,,,data/raw/price_003520_20260607_20261005.csv,425,False,Broad evaluation pool candidate,304,False,Broad evaluation pool candidate
066910,2026-10-02,2026-10-02,2026-10-02,2026-10-05,HOLD,neutral,48.19,48.19,48.19,53.18,53.18,0,45.89,1.15,3,1.85,0.0,0.0,0.0,0.0,0,0,48.19,v2_conservative_ranker,35.85,8.0,6,14.69,0.0,0.0,0.0,64.54,64.54,v3_stability_ranker,neutral,1789.0,-0.0006,0.0051,-0.1033,1777.2,1848.7,1.2295,0.0154,kis,,,,,,,,,data/raw/price_066910_20260607_20261005.csv,426,False,Broad evaluation pool candidate,194,False,Broad evaluation pool candidate
004970,2026-10-02,2026-10-02,2026-10-02,2026-10-05,HOLD,neutral,48.17,48.17,48.17,55.22,55.22,0,49.1,-2.0,2,0.92,0.0,0.0,0.0,0.0,0,0,48.17,v2_conservative_ranker,40.5,-3.0,1,15.85,0.0,0.0,0.0,54.34,54.34,v3_stability_ranker,neutral,9060.0,0.0011,0.0089,-0.0227,9030.0,9142.5,0.7061,0.0077,kis,,,,,,,,,data/raw/price_004970_20260607_20261005.csv,427,False,Broad evaluation pool candidate,423,False,Broad evaluation pool candidate
053060,2026-10-02,2026-10-02,2026-10-02,2026-10-05,HOLD,neutral,48.1,48.1,48.1,53.62,53.62,0,48.99,-2.0,2,0.89,0.0,0.0,0.0,0.0,0,0,48.1,v2_conservative_ranker,40.5,-3.0,1,15.89,0.0,0.0,0.0,54.39,54.39,v3_stability_ranker,neutral,1224.0,0.0008,0.0107,-0.0309,1224.4,1240.05,0.4728,0.0074,kis,,,,,,,,,data/raw/price_053060_20260607_20261005.csv,428,False,Broad evaluation pool candidate,422,False,Broad evaluation pool candidate
182360,2026-10-02,2026-10-02,2026-10-02,2026-10-05,HOLD,neutral,48.06,48.06,48.06,57.15,57.15,0,51.48,-2.0,2,3.42,0.0,0.0,0.0,0.0,0,0,48.06,v2_conservative_ranker,46.5,-3.0,1,12.72,0.0,0.0,0.0,57.23,57.23,v3_stability_ranker,neutral,6410.0,-0.0123,-0.0258,0.1446,6584.0,6290.5,0.5591,0.0285,kis,,,,,,,,,data/raw/price_182360_20260607_20261005.csv,429,False,Broad evaluation pool candidate,333,False,Broad evaluation pool candidate
243070,2026-10-02,2026-10-02,2026-10-02,2026-10-05,HOLD,neutral,48.02,48.02,48.02,53.16,53.16,0,49.44,-2.0,2,1.43,0.0,0.0,0.0,0.0,0,0,48.02,v2_conservative_ranker,45.25,-3.0,1,15.21,0.0,0.0,0.0,58.47,58.47,v3_stability_ranker,neutral,19390.0,0.0047,0.0297,-0.0722,19172.0,19931.5,0.4991,0.0119,kis,,,,,,,,,data/raw/price_243070_20260607_20261005.csv,430,False,Broad evaluation pool candidate,310,False,Broad evaluation pool candidate
047040,2026-10-02,2026-10-02,2026-10-02,2026-10-05,HOLD,neutral,47.98,47.98,47.98,55.5,55.5,0,53.46,-2.0,2,5.48,0.0,0.0,0.0,0.0,0,0,47.98,v2_conservative_ranker,46.5,-3.0,1,10.14,0.0,0.11,0.0,54.53,54.53,v3_stability_ranker,neutral,17690.0,-0.0039,0.0143,0.0866,17848.0,18435.0,0.3852,0.0457,kis,,,,,,,,,data/raw/price_047040_20260607_20261005.csv,431,False,Broad evaluation pool candidate,417,False,Broad evaluation pool candidate
290270,2026-10-02,2026-10-02,2026-10-02,2026-10-05,HOLD,neutral,47.96,47.96,47.96,54.08,54.08,0,50.31,-2.0,2,2.35,0.0,0.0,0.0,0.0,0,0,47.96,v2_conservative_ranker,40.5,-3.0,1,14.06,0.0,0.0,0.0,52.56,52.56,v3_stability_ranker,neutral,2835.0,0.0143,0.0125,0.0018,2778.0,2842.0,0.4508,0.0196,kis,,,,,,,,,data/raw/price_290270_20260607_20261005.csv,432,False,Broad evaluation pool candidate,462,False,Broad evaluation pool candidate
214420,2026-10-02,2026-10-02,2026-10-02,2026-10-05,HOLD,neutral,47.94,47.94,47.94,54.57,54.57,0,49.52,-2.0,2,1.58,0.0,0.0,0.0,0.0,0,0,47.94,v2_conservative_ranker,48.5,-3.0,1,15.02,0.0,0.0,0.0,61.52,61.52,v3_stability_ranker,neutral,5080.0,-0.002,0.0191,-0.0397,5032.0,5112.75,0.6609,0.0132,kis,,,,,,,,,data/raw/price_214420_20260607_20261005.csv,433,False,Broad evaluation pool candidate,241,False,Broad evaluation pool candidate
009320,2026-10-02,2026-10-02,2026-10-02,2026-10-05,HOLD,neutral,47.82,47.82,47.82,54.37,54.37,0,46.24,0.69,3,2.11,0.0,0.0,0.0,0.0,0,0,47.82,v2_conservative_ranker,40.5,8.0,6,14.36,0.0,0.0,0.0,68.86,68.86,v3_stability_ranker,neutral,972.0,0.0093,-0.029,0.0041,968.2,960.9,1.1373,0.0176,kis,,,,,,,,,data/raw/price_009320_20260607_20261005.csv,434,False,Broad evaluation pool candidate,119,False,Broad evaluation pool candidate
229000,2026-10-02,2026-10-02,2026-10-02,2026-10-05,HOLD,neutral,47.81,47.81,47.81,52.21,52.21,0,51.02,0.0,0,3.22,0.0,0.0,0.0,0.0,0,0,47.81,v2_conservative_ranker,46.5,-5.0,0,12.98,0.0,0.0,0.0,54.48,54.48,v3_stability_ranker,neutral,1957.0,0.0,0.0,0.0578,1957.0,1944.0,0.0,0.0268,kis,,,,,,,,,data/raw/price_229000_20260607_20261005.csv,435,False,Broad evaluation pool candidate,418,False,Broad evaluation pool candidate
016740,2026-10-02,2026-10-02,2026-10-02,2026-10-05,HOLD,neutral,47.75,47.75,47.75,53.0,53.0,0,50.16,-2.0,2,2.41,0.0,0.0,0.0,0.0,0,0,47.75,v2_conservative_ranker,46.5,-3.0,1,13.98,0.0,0.0,0.0,58.48,58.48,v3_stability_ranker,neutral,3970.0,-0.0112,-0.0124,0.0686,3988.0,3940.5,0.137,0.0201,kis,,,,,,,,,data/raw/price_016740_20260607_20261005.csv,436,False,Broad evaluation pool candidate,309,False,Broad evaluation pool candidate
095570,2026-10-02,2026-10-02,2026-10-02,2026-10-05,HOLD,neutral,47.74,47.74,47.74,54.86,54.86,0,48.88,-2.0,2,1.14,0.0,0.0,0.0,0.0,0,0,47.74,v2_conservative_ranker,40.5,-3.0,1,15.57,0.0,0.0,0.0,54.08,54.08,v3_stability_ranker,neutral,4280.0,0.0082,-0.0012,0.0,4280.0,4205.0,0.6545,0.0095,kis,,,,,,,,,data/raw/price_095570_20260607_20261005.csv,437,False,Broad evaluation pool candidate,430,False,Broad evaluation pool candidate
028080,2026-10-02,2026-10-02,2026-10-02,2026-10-05,HOLD,neutral,47.71,47.71,47.71,51.59,51.59,0,49.57,0.0,0,1.86,0.0,0.0,0.0,0.0,0,0,47.71,v2_conservative_ranker,46.5,-5.0,0,14.68,0.0,0.0,0.0,56.17,56.17,v3_stability_ranker,neutral,5170.0,0.0,-0.0077,0.0382,5170.0,5141.75,0.0,0.0155,kis,,,,,,,,,data/raw/price_028080_20260607_20261005.csv,438,False,Broad evaluation pool candidate,356,False,Broad evaluation pool candidate
002780,2026-10-02,2026-10-02,2026-10-02,2026-10-05,HOLD,neutral,47.7,47.7,47.7,52.94,52.94,0,42.04,5.38,3,2.72,0.0,0.0,0.0,0.0,0,0,47.7,v2_conservative_ranker,34.5,5.0,6,13.59,0.0,0.0,0.0,59.09,59.09,v3_stability_ranker,neutral,6630.0,0.02,-0.0163,-0.1522,6590.0,6994.0,2.0756,0.0227,kis,,,,,,,,,data/raw/price_002780_20260607_20261005.csv,439,False,Broad evaluation pool candidate,295,False,Broad evaluation pool candidate
046940,2026-10-02,2026-10-02,2026-10-02,2026-10-05,HOLD,neutral,47.68,47.68,47.68,52.39,52.39,0,49.11,-2.0,2,1.43,0.0,0.0,0.0,0.0,0,0,47.68,v2_conservative_ranker,46.03,-3.0,1,15.21,0.0,0.0,0.0,59.25,59.25,v3_stability_ranker,neutral,2760.0,0.0018,0.0203,-0.0548,2731.0,2809.5,0.381,0.0119,kis,,,,,,,,,data/raw/price_046940_20260607_20261005.csv,440,False,Broad evaluation pool candidate,285,False,Broad evaluation pool candidate
448730,2026-10-02,2026-10-02,2026-10-02,2026-10-05,HOLD,neutral,47.65,47.65,47.65,51.81,51.81,0,50.18,-2.0,2,2.53,0.0,0.0,0.0,0.0,0,0,47.65,v2_conservative_ranker,45.65,-3.0,1,13.84,0.0,0.0,0.0,57.48,57.48,v3_stability_ranker,neutral,5020.0,-0.002,0.034,-0.0634,4985.0,5145.75,0.2814,0.0211,kis,,,,,,,,,data/raw/price_448730_20260607_20261005.csv,441,False,Broad evaluation pool candidate,323,False,Broad evaluation pool candidate
093640,2026-10-02,2026-10-02,2026-10-02,2026-10-05,HOLD,neutral,47.62,47.62,47.62,55.79,55.79,0,49.91,-2.0,2,2.29,0.0,0.0,0.0,0.0,0,0,47.62,v2_conservative_ranker,46.5,-3.0,1,14.13,0.0,0.0,0.0,58.63,58.63,v3_stability_ranker,neutral,4665.0,0.0054,-0.021,0.0861,4657.0,4627.0,0.5823,0.0191,kis,,,,,,,,,data/raw/price_093640_20260607_20261005.csv,442,False,Broad evaluation pool candidate,307,False,Broad evaluation pool candidate
039560,2026-10-02,2026-10-02,2026-10-02,2026-10-05,HOLD,neutral,47.6,47.6,47.6,106.25,106.25,0,71.0,0.0,3,5.7,12.7,8.0,0.0,0.0,0,0,47.6,v2_conservative_ranker,38.7,-9.0,4,2.88,26.64,22.4,0.0,0.0,0.0,v3_stability_ranker,price_momentum,3005.0,0.1602,0.1948,0.2733,2625.0,2486.25,9.051,0.0475,kis,,,,,,,,,data/raw/price_039560_20260607_20261005.csv,443,False,Broad evaluation pool candidate,789,False,Broad evaluation pool candidate
056090,2026-10-02,2026-10-02,2026-10-02,2026-10-05,HOLD,neutral,47.53,47.53,47.53,50.79,50.79,0,49.03,0.0,0,1.5,0.0,0.0,0.0,0.0,0,0,47.53,v2_conservative_ranker,40.5,-5.0,0,15.12,0.0,0.0,0.0,50.62,50.62,v3_stability_ranker,neutral,1190.0,0.0,0.0,0.0008,1190.0,1184.8,0.0,0.0125,kis,,,,,,,,,data/raw/price_056090_20260607_20261005.csv,444,False,Broad evaluation pool candidate,509,False,Broad evaluation pool candidate
017670,2026-10-02,2026-10-02,2026-10-02,2026-10-05,HOLD,neutral,47.51,47.51,47.51,54.99,54.99,0,49.65,-2.0,2,2.14,0.0,0.0,0.0,0.0,0,0,47.51,v2_conservative_ranker,48.5,-3.0,1,14.33,0.0,0.0,0.0,60.83,60.83,v3_stability_ranker,neutral,88600.0,0.0267,0.0172,-0.0306,86980.0,88980.0,0.7639,0.0178,kis,,,,,,,,,data/raw/price_017670_20260607_20261005.csv,445,False,Broad evaluation pool candidate,253,False,Broad evaluation pool candidate
016090,2026-10-02,2026-10-02,2026-10-02,2026-10-05,HOLD,neutral,47.5,47.5,47.5,51.58,51.58,0,48.21,-2.0,2,0.71,0.0,0.0,0.0,0.0,0,0,47.5,v2_conservative_ranker,40.5,-3.0,1,16.12,0.0,0.0,0.0,54.62,54.62,v3_stability_ranker,neutral,1410.0,0.0057,0.0057,-0.0389,1403.4,1411.7,0.2567,0.0059,kis,,,,,,,,,data/raw/price_016090_20260607_20261005.csv,446,False,Broad evaluation pool candidate,415,False,Broad evaluation pool candidate
402030,2026-10-02,2026-10-02,2026-10-02,2026-10-05,HOLD,neutral,47.45,47.45,47.45,53.72,53.72,0,48.09,0.0,2,2.64,0.0,0.0,0.0,0.0,0,0,47.45,v2_conservative_ranker,40.5,2.0,1,13.7,0.0,0.0,0.0,57.2,57.2,v3_stability_ranker,neutral,13100.0,0.0242,0.0015,-0.0303,12796.0,13130.5,0.8815,0.022,kis,,,,,,,,,data/raw/price_402030_20260607_20261005.csv,447,False,Broad evaluation pool candidate,335,False,Broad evaluation pool candidate
406820,2026-10-02,2026-10-02,2026-10-02,2026-10-05,HOLD,neutral,47.39,47.39,47.39,63.62,63.62,0,59.41,-2.0,2,9.83,0.0,2.19,0.0,0.0,0,0,47.39,v2_conservative_ranker,41.84,-3.0,1,5.0,0.0,5.9,0.0,38.93,38.93,v3_stability_ranker,price_momentum,2420.0,-0.0301,0.0041,0.2532,2453.0,2206.4,0.2016,0.0819,kis,,,,medium_attention,no_risk_noise,,,,data/raw/price_406820_20260607_20261005.csv,448,False,Broad evaluation pool candidate,661,False,Broad evaluation pool candidate
950210,2026-10-02,2026-10-02,2026-10-02,2026-10-05,HOLD,neutral,47.36,47.36,47.36,52.67,52.67,0,49.49,-2.0,2,2.12,0.0,0.0,0.0,0.0,0,0,47.36,v2_conservative_ranker,44.82,-3.0,1,14.34,0.0,0.0,0.0,57.16,57.16,v3_stability_ranker,neutral,6170.0,0.0033,0.0335,-0.0818,6078.0,6137.5,0.5294,0.0177,kis,,,,,,,,,data/raw/price_950210_20260607_20261005.csv,449,False,Broad evaluation pool candidate,336,False,Broad evaluation pool candidate
006840,2026-10-02,2026-10-02,2026-10-02,2026-10-05,HOLD,neutral,47.35,47.35,47.35,53.18,53.18,0,50.48,-2.0,2,3.13,0.0,0.0,0.0,0.0,0,0,47.35,v2_conservative_ranker,45.7,-3.0,1,13.09,0.0,0.0,0.0,56.78,56.78,v3_stability_ranker,neutral,7080.0,0.0129,0.0366,-0.0623,6884.0,7243.0,0.5401,0.0261,kis,,,,,,,,,data/raw/price_006840_20260607_20261005.csv,450,False,Broad evaluation pool candidate,344,False,Broad evaluation pool candidate
003300,2026-10-02,2026-10-02,2026-10-02,2026-10-05,HOLD,neutral,47.34,47.34,47.34,51.12,51.12,0,48.93,-2.0,2,1.58,0.0,0.0,0.0,0.0,0,0,47.34,v2_conservative_ranker,46.13,-3.0,1,15.02,0.0,0.0,0.0,59.15,59.15,v3_stability_ranker,neutral,17820.0,0.0271,0.0177,-0.0526,17614.0,17935.0,0.2173,0.0132,kis,,,,,,,,,data/raw/price_003300_20260607_20261005.csv,451,False,Broad evaluation pool candidate,293,False,Broad evaluation pool candidate
054220,2026-10-02,2026-10-02,2026-10-02,2026-10-05,HOLD,neutral,47.34,47.34,47.34,54.24,54.24,0,50.81,-2.0,2,3.47,0.0,0.0,0.0,0.0,0,0,47.34,v2_conservative_ranker,46.5,-3.0,1,12.66,0.0,0.0,0.0,57.16,57.16,v3_stability_ranker,neutral,1703.0,0.0137,-0.015,0.0945,1691.8,1675.55,0.3181,0.0289,kis,,,,,,,,,data/raw/price_054220_20260607_20261005.csv,452,False,Broad evaluation pool candidate,337,False,Broad evaluation pool candidate
119850,2026-10-02,2026-10-02,2026-10-02,2026-10-05,HOLD,neutral,47.31,47.31,47.31,58.24,58.24,0,50.19,0.0,2,4.88,0.0,0.0,0.0,0.0,0,0,47.31,v2_conservative_ranker,34.69,2.0,1,10.89,0.0,0.0,0.0,48.59,48.59,v3_stability_ranker,neutral,53400.0,-0.022,-0.0481,0.276,55200.0,50825.0,0.8537,0.0407,kis,,,,,,,,,data/raw/price_119850_20260607_20261005.csv,453,False,Broad evaluation pool candidate,545,False,Broad evaluation pool candidate
003850,2026-10-02,2026-10-02,2026-10-02,2026-10-05,HOLD,neutral,47.3,47.3,47.3,52.02,52.02,0,50.24,-2.0,2,2.94,0.0,0.0,0.0,0.0,0,0,47.3,v2_conservative_ranker,48.5,-3.0,1,13.32,0.0,0.0,0.0,59.83,59.83,v3_stability_ranker,neutral,8500.0,0.0047,0.0266,-0.0406,8372.0,8625.5,0.3059,0.0245,kis,,,,,,,,,data/raw/price_003850_20260607_20261005.csv,454,False,Broad evaluation pool candidate,270,False,Broad evaluation pool candidate
224110,2026-10-02,2026-10-02,2026-10-02,2026-10-05,HOLD,neutral,47.28,47.28,47.28,53.73,53.73,0,39.4,6.46,3,1.57,0.0,0.0,0.0,0.0,0,0,47.28,v2_conservative_ranker,31.57,5.0,4,15.04,0.0,0.0,0.0,55.6,55.6,v3_stability_ranker,price_weakness,7940.0,-0.0075,-0.0703,-0.0735,8132.0,8555.5,2.291,0.0131,kis,,,,,,,,,data/raw/price_224110_20260607_20261005.csv,455,False,Broad evaluation pool candidate,367,False,Broad evaluation pool candidate
004960,2026-10-02,2026-10-02,2026-10-02,2026-10-05,HOLD,neutral,47.27,47.27,47.27,52.93,52.93,0,48.08,0.0,2,2.81,0.0,0.0,0.0,0.0,0,0,47.27,v2_conservative_ranker,38.13,2.0,1,13.49,0.0,0.0,0.0,54.62,54.62,v3_stability_ranker,neutral,10960.0,-0.0126,0.0092,-0.0527,10916.0,11559.5,0.8315,0.0234,kis,,,,,,,,,data/raw/price_004960_20260607_20261005.csv,456,False,Broad evaluation pool candidate,416,False,Broad evaluation pool candidate
000480,2026-10-02,2026-10-02,2026-10-02,2026-10-05,HOLD,neutral,47.24,47.24,47.24,51.14,51.14,0,48.09,-2.0,2,0.85,0.0,0.0,0.0,0.0,0,0,47.24,v2_conservative_ranker,38.13,-3.0,1,15.94,0.0,0.0,0.0,52.07,52.07,v3_stability_ranker,neutral,4320.0,0.0082,0.0093,-0.0526,4294.0,4381.0,0.2591,0.0071,kis,,,,,,,,,data/raw/price_000480_20260607_20261005.csv,457,False,Broad evaluation pool candidate,473,False,Broad evaluation pool candidate
006740,2026-10-02,2026-10-02,2026-10-02,2026-10-05,HOLD,neutral,47.19,47.19,47.19,51.3,51.3,0,48.44,-2.0,2,1.25,0.0,0.0,0.0,0.0,0,0,47.19,v2_conservative_ranker,45.77,-3.0,1,15.44,0.0,0.0,0.0,59.21,59.21,v3_stability_ranker,neutral,4885.0,0.0093,0.0156,-0.0606,4808.0,5002.0,0.3011,0.0104,kis,,,,,,,,,data/raw/price_006740_20260607_20261005.csv,458,False,Broad evaluation pool candidate,287,False,Broad evaluation pool candidate
069620,2026-10-02,2026-10-02,2026-10-02,2026-10-05,HOLD,neutral,47.18,47.18,47.18,51.9,51.9,0,47.74,0.0,2,2.57,0.0,0.0,0.0,0.0,0,0,47.18,v2_conservative_ranker,43.13,2.0,1,13.79,0.0,0.0,0.0,59.92,59.92,v3_stability_ranker,neutral,109300.0,-0.0027,0.0292,-0.1193,108160.0,110850.0,0.8469,0.0214,kis,,,,,,,,,data/raw/price_069620_20260607_20261005.csv,459,False,Broad evaluation pool candidate,269,False,Broad evaluation pool candidate
006220,2026-10-02,2026-10-02,2026-10-02,2026-10-05,HOLD,neutral,47.08,47.08,47.08,52.88,52.88,0,48.82,-2.0,2,1.74,0.0,0.0,0.0,0.0,0,0,47.08,v2_conservative_ranker,40.5,-3.0,1,14.82,0.0,0.0,0.0,53.33,53.33,v3_stability_ranker,neutral,9670.0,0.0126,0.0104,-0.0349,9614.0,9865.0,0.506,0.0145,kis,,,,,,,,,data/raw/price_006220_20260607_20261005.csv,460,False,Broad evaluation pool candidate,445,False,Broad evaluation pool candidate
253450,2026-10-02,2026-10-02,2026-10-02,2026-10-05,HOLD,neutral,47.06,47.06,47.06,54.12,54.12,0,49.0,-2.0,2,1.94,0.0,0.0,0.0,0.0,0,0,47.06,v2_conservative_ranker,40.5,-3.0,1,14.57,0.0,0.0,0.0,53.07,53.07,v3_stability_ranker,neutral,20600.0,0.0024,0.0123,-0.0351,20530.0,21032.5,0.7107,0.0162,kis,,,,,,,,,data/raw/price_253450_20260607_20261005.csv,461,False,Broad evaluation pool candidate,453,False,Broad evaluation pool candidate
290120,2026-10-02,2026-10-02,2026-10-02,2026-10-05,HOLD,neutral,47.06,47.06,47.06,53.11,53.11,0,48.46,-2.0,2,1.39,0.0,0.0,0.0,0.0,0,0,47.06,v2_conservative_ranker,40.5,-3.0,1,15.26,0.0,0.0,0.0,53.76,53.76,v3_stability_ranker,neutral,2160.0,-0.0023,0.0093,-0.0421,2172.0,2176.0,0.5741,0.0116,kis,,,,,,,,,data/raw/price_290120_20260607_20261005.csv,462,False,Broad evaluation pool candidate,438,False,Broad evaluation pool candidate
101970,2026-10-02,2026-10-02,2026-10-02,2026-10-05,HOLD,neutral,46.95,46.95,46.95,54.09,54.09,0,50.57,-2.0,2,3.62,0.0,0.0,0.0,0.0,0,0,46.95,v2_conservative_ranker,48.5,-3.0,1,8.47,0.0,0.0,0.0,54.97,54.97,v3_stability_ranker,neutral,9790.0,0.0415,0.0251,-0.0268,9490.0,9834.5,0.6572,0.0302,kis,,,,,,,,,data/raw/price_101970_20260607_20261005.csv,463,False,Broad evaluation pool candidate,405,False,Broad evaluation pool candidate
033270,2026-10-02,2026-10-02,2026-10-02,2026-10-05,HOLD,neutral,46.92,46.92,46.92,53.31,53.31,0,47.87,-2.0,2,0.95,0.0,0.0,0.0,0.0,0,0,46.92,v2_conservative_ranker,40.5,-3.0,1,15.81,0.0,0.0,0.0,54.31,54.31,v3_stability_ranker,neutral,17640.0,-0.0045,0.0006,-0.034,17676.0,18002.5,0.6237,0.0079,kis,,,,,,,,,data/raw/price_033270_20260607_20261005.csv,464,False,Broad evaluation pool candidate,425,False,Broad evaluation pool candidate
443250,2026-10-02,2026-10-02,2026-10-02,2026-10-05,HOLD,neutral,46.84,46.84,46.84,50.73,50.73,0,49.49,-2.0,2,2.65,0.0,0.0,0.0,0.0,0,0,46.84,v2_conservative_ranker,43.99,-3.0,1,13.68,0.0,0.0,0.0,55.67,55.67,v3_stability_ranker,neutral,5200.0,0.0078,0.04,-0.1003,5109.0,5409.75,0.3257,0.0221,kis,,,,,,,,,data/raw/price_443250_20260607_20261005.csv,465,False,Broad evaluation pool candidate,365,False,Broad evaluation pool candidate
002420,2026-10-02,2026-10-02,2026-10-02,2026-10-05,HOLD,neutral,46.83,46.83,46.83,52.8,52.8,0,49.8,-2.0,2,2.98,0.0,0.0,0.0,0.0,0,0,46.83,v2_conservative_ranker,46.5,-3.0,1,13.28,0.0,0.0,0.0,57.78,57.78,v3_stability_ranker,neutral,6090.0,0.0066,-0.0146,0.0647,6088.0,5869.0,0.2511,0.0248,kis,,,,,,,,,data/raw/price_002420_20260607_20261005.csv,466,False,Broad evaluation pool candidate,318,False,Broad evaluation pool candidate
438700,2026-10-02,2026-10-02,2026-10-02,2026-10-05,HOLD,neutral,46.81,46.81,46.81,54.57,54.57,0,48.94,-2.0,2,2.12,0.0,0.0,0.0,0.0,0,0,46.81,v2_conservative_ranker,46.5,-3.0,1,14.34,0.0,0.0,0.0,58.84,58.84,v3_stability_ranker,neutral,1820.0,0.0066,-0.013,0.0353,1806.4,1787.25,0.6454,0.0177,kis,,,,,,,,,data/raw/price_438700_20260607_20261005.csv,467,False,Broad evaluation pool candidate,300,False,Broad evaluation pool candidate
058820,2026-10-02,2026-10-02,2026-10-02,2026-10-05,HOLD,neutral,46.78,46.78,46.78,49.77,49.77,0,49.8,0.0,0,3.01,0.0,0.0,0.0,0.0,0,0,46.78,v2_conservative_ranker,48.5,-5.0,0,13.23,0.0,0.0,0.0,56.73,56.73,v3_stability_ranker,neutral,562.0,0.0,0.02,-0.0344,557.2,582.3,0.0,0.0251,kis,,,,,,,,,data/raw/price_058820_20260607_20261005.csv,468,False,Broad evaluation pool candidate,345,False,Broad evaluation pool candidate
002210,2026-10-02,2026-10-02,2026-10-02,2026-10-05,HOLD,neutral,46.74,46.74,46.74,50.82,50.82,0,48.88,-2.0,2,2.14,0.0,0.0,0.0,0.0,0,0,46.74,v2_conservative_ranker,44.78,-3.0,1,14.33,0.0,0.0,0.0,57.11,57.11,v3_stability_ranker,neutral,1300.0,0.0023,0.0277,-0.0826,1277.6,1357.85,0.3263,0.0178,kis,,,,,,,,,data/raw/price_002210_20260607_20261005.csv,469,False,Broad evaluation pool candidate,340,False,Broad evaluation pool candidate
006400,2026-10-02,2026-10-02,2026-10-02,2026-10-05,HOLD,neutral,46.7,46.7,46.7,54.26,54.26,0,49.96,-2.0,2,3.25,0.0,0.0,0.0,0.0,0,0,46.7,v2_conservative_ranker,48.5,-3.0,1,12.94,0.0,0.0,0.0,59.44,59.44,v3_stability_ranker,neutral,529000.0,0.0232,0.0154,-0.0167,521000.0,536450.0,0.7103,0.0271,kis,,,,,,,,,data/raw/price_006400_20260607_20261005.csv,470,False,Broad evaluation pool candidate,280,False,Broad evaluation pool candidate
001390,2026-10-02,2026-10-02,2026-10-02,2026-10-05,HOLD,neutral,46.66,46.66,46.66,52.72,52.72,0,48.0,-2.0,2,1.34,0.0,0.0,0.0,0.0,0,0,46.66,v2_conservative_ranker,40.5,-3.0,1,15.32,0.0,0.0,0.0,53.82,53.82,v3_stability_ranker,neutral,4235.0,-0.0012,0.0047,-0.0419,4237.0,4362.75,0.5769,0.0112,kis,,,,,,,,,data/raw/price_001390_20260607_20261005.csv,471,False,Broad evaluation pool candidate,435,False,Broad evaluation pool candidate
091810,2026-10-02,2026-10-02,2026-10-02,2026-10-05,HOLD,neutral,46.63,46.63,46.63,52.0,52.0,0,48.14,-2.0,2,1.51,0.0,0.0,0.0,0.0,0,0,46.63,v2_conservative_ranker,37.9,-3.0,1,15.11,0.0,0.0,0.0,51.01,51.01,v3_stability_ranker,neutral,2615.0,0.0136,0.0116,-0.0577,2608.0,2671.0,0.4973,0.0126,kis,,,,,,,,,data/raw/price_091810_20260607_20261005.csv,472,False,Broad evaluation pool candidate,498,False,Broad evaluation pool candidate
020560,2026-10-02,2026-10-02,2026-10-02,2026-10-05,HOLD,neutral,46.62,46.62,46.62,53.38,53.38,0,49.74,-2.0,2,3.12,0.0,0.0,0.0,0.0,0,0,46.62,v2_conservative_ranker,46.5,-3.0,1,13.1,0.0,0.0,0.0,57.6,57.6,v3_stability_ranker,neutral,8220.0,-0.0249,-0.0167,0.0689,8374.0,8048.5,0.367,0.026,kis,,,,,,,,,data/raw/price_020560_20260607_20261005.csv,473,False,Broad evaluation pool candidate,321,False,Broad evaluation pool candidate
083790,2026-10-02,2026-10-02,2026-10-02,2026-10-05,HOLD,neutral,46.62,46.62,46.62,54.61,54.61,0,50.05,-2.0,2,3.43,0.0,0.0,0.0,0.0,0,0,46.62,v2_conservative_ranker,46.5,-3.0,1,12.71,0.0,0.0,0.0,57.21,57.21,v3_stability_ranker,neutral,937.0,-0.0085,-0.029,0.1128,965.4,955.4,0.4543,0.0286,kis,,,,,,,,,data/raw/price_083790_20260607_20261005.csv,474,False,Broad evaluation pool candidate,334,False,Broad evaluation pool candidate
122830,2026-10-02,2026-10-02,2026-10-02,2026-10-05,HOLD,neutral,46.56,46.56,46.56,53.46,53.46,0,48.61,-2.0,2,2.05,0.0,0.0,0.0,0.0,0,0,46.56,v2_conservative_ranker,40.5,-3.0,1,14.44,0.0,0.0,0.0,52.94,52.94,v3_stability_ranker,neutral,1254.0,0.0097,0.0121,-0.0457,1245.0,1278.75,0.7073,0.0171,kis,,,,,,,,,data/raw/price_122830_20260607_20261005.csv,475,False,Broad evaluation pool candidate,455,False,Broad evaluation pool candidate
047920,2026-10-02,2026-10-02,2026-10-02,2026-10-05,HOLD,neutral,46.52,46.52,46.52,96.29,96.29,0,71.0,4.41,3,10.0,16.94,4.95,0.0,0.0,0,0,46.52,v2_conservative_ranker,28.02,5.0,6,-2.0,29.71,10.0,0.0,0.0,0.0,v3_stability_ranker,price_momentum,10040.0,-0.0996,0.3568,0.3623,10922.0,7991.0,1.8817,0.1095,kis,,,,,,,,,data/raw/price_047920_20260607_20261005.csv,476,False,Broad evaluation pool candidate,790,False,Broad evaluation pool candidate
064260,2026-10-02,2026-10-02,2026-10-02,2026-10-05,HOLD,neutral,46.52,46.52,46.52,52.84,52.84,0,50.41,-2.0,2,3.9,0.0,0.0,0.0,0.0,0,0,46.52,v2_conservative_ranker,44.59,-3.0,1,12.12,0.0,0.0,0.0,54.71,54.71,v3_stability_ranker,neutral,4565.0,0.0213,0.0446,-0.087,4437.0,4695.0,0.6636,0.0325,kis,,,,,,,,,data/raw/price_064260_20260607_20261005.csv,477,False,Broad evaluation pool candidate,412,False,Broad evaluation pool candidate
377480,2026-10-02,2026-10-02,2026-10-02,2026-10-05,HOLD,neutral,46.51,46.51,46.51,53.22,53.22,0,48.48,-2.0,2,1.97,0.0,0.0,0.0,0.0,0,0,46.51,v2_conservative_ranker,46.5,-3.0,1,14.54,0.0,0.0,0.0,59.04,59.04,v3_stability_ranker,neutral,10140.0,-0.001,-0.0203,0.0432,10134.0,10020.5,0.4554,0.0164,kis,,,,,,,,,data/raw/price_377480_20260607_20261005.csv,478,False,Broad evaluation pool candidate,297,False,Broad evaluation pool candidate
012280,2026-10-02,2026-10-02,2026-10-02,2026-10-05,HOLD,neutral,46.47,46.47,46.47,51.37,51.37,0,46.24,0.0,2,1.78,0.0,0.0,0.0,0.0,0,0,46.47,v2_conservative_ranker,35.69,2.0,1,14.78,0.0,0.0,0.0,53.47,53.47,v3_stability_ranker,neutral,3595.0,0.0316,0.0098,-0.1068,3491.0,3691.75,0.8686,0.0148,kis,,,,,,,,,data/raw/price_012280_20260607_20261005.csv,479,False,Broad evaluation pool candidate,443,False,Broad evaluation pool candidate
053620,2026-10-02,2026-10-02,2026-10-02,2026-10-05,HOLD,neutral,46.42,46.42,46.42,64.77,64.77,0,45.14,3.0,3,0.72,0.0,4.0,0.0,0.0,0,0,46.42,v2_conservative_ranker,38.19,-2.39,4,16.1,0.0,0.0,0.0,55.9,55.9,v3_stability_ranker,neutral,6640.0,-0.0134,-0.0206,-0.0514,6742.0,6837.0,3.2539,0.006,kis,,,,,,,,,data/raw/price_053620_20260607_20261005.csv,480,False,Broad evaluation pool candidate,361,False,Broad evaluation pool candidate
259960,2026-10-02,2026-10-02,2026-10-02,2026-10-05,HOLD,neutral,46.37,46.37,46.37,51.82,51.82,0,46.35,0.0,2,1.98,0.0,0.0,0.0,0.0,0,0,46.37,v2_conservative_ranker,36.12,2.0,6,14.53,0.0,0.0,0.0,58.65,58.65,v3_stability_ranker,neutral,199500.0,-0.001,0.0076,-0.0973,198960.0,206215.0,0.9286,0.0165,kis,,,,,,,,,data/raw/price_259960_20260607_20261005.csv,481,False,Broad evaluation pool candidate,306,False,Broad evaluation pool candidate
029480,2026-10-02,2026-10-02,2026-10-02,2026-10-05,HOLD,neutral,46.36,46.36,46.36,51.17,51.17,0,48.9,-2.0,2,2.53,0.0,0.0,0.0,0.0,0,0,46.36,v2_conservative_ranker,40.5,-3.0,1,13.84,0.0,0.0,0.0,52.34,52.34,v3_stability_ranker,neutral,1398.0,0.0116,0.0094,-0.0298,1387.8,1430.05,0.3045,0.0211,kis,,,,,,,,,data/raw/price_029480_20260607_20261005.csv,482,False,Broad evaluation pool candidate,464,False,Broad evaluation pool candidate
185750,2026-10-02,2026-10-02,2026-10-02,2026-10-05,HOLD,neutral,46.35,46.35,46.35,52.81,52.81,0,47.6,-2.0,2,1.25,0.0,0.0,0.0,0.0,0,0,46.35,v2_conservative_ranker,37.9,-3.0,1,15.44,0.0,0.0,0.0,51.34,51.34,v3_stability_ranker,neutral,65300.0,0.0015,0.0062,-0.0577,64900.0,66025.0,0.686,0.0104,kis,,,,,,,,,data/raw/price_185750_20260607_20261005.csv,483,False,Broad evaluation pool candidate,487,False,Broad evaluation pool candidate
084870,2026-10-02,2026-10-02,2026-10-02,2026-10-05,HOLD,neutral,46.33,46.33,46.33,50.7,50.7,0,48.91,-2.0,2,2.58,0.0,0.0,0.0,0.0,0,0,46.33,v2_conservative_ranker,40.5,-3.0,1,13.78,0.0,0.0,0.0,52.27,52.27,v3_stability_ranker,neutral,2235.0,0.0205,0.0068,-0.0219,2200.0,2216.25,0.2114,0.0215,kis,,,,,,,,,data/raw/price_084870_20260607_20261005.csv,484,False,Broad evaluation pool candidate,467,False,Broad evaluation pool candidate
490470,2026-10-02,2026-10-02,2026-10-02,2026-10-05,HOLD,neutral,46.28,46.28,46.28,86.05,86.05,0,67.0,0.0,3,6.41,17.31,0.0,0.0,0.0,0,0,46.28,v2_conservative_ranker,28.25,8.0,6,5.99,32.05,1.34,0.0,14.85,14.85,v3_stability_ranker,price_momentum,20750.0,0.0097,0.2801,0.4011,18954.0,16127.5,1.0648,0.0534,kis,,,,medium_attention,no_risk_noise,,,,data/raw/price_490470_20260607_20261005.csv,485,False,Broad evaluation pool candidate,762,False,Broad evaluation pool candidate
003490,2026-10-02,2026-10-02,2026-10-02,2026-10-05,HOLD,neutral,46.21,46.21,46.21,54.78,54.78,0,49.3,-2.0,2,3.1,0.0,0.0,0.0,0.0,0,0,46.21,v2_conservative_ranker,46.5,-3.0,1,13.13,0.0,0.0,0.0,57.63,57.63,v3_stability_ranker,neutral,30850.0,-0.0112,-0.0206,0.0675,31430.0,30197.5,0.674,0.0258,kis,,,,,,,,,data/raw/price_003490_20260607_20261005.csv,486,False,Broad evaluation pool candidate,320,False,Broad evaluation pool candidate
043260,2026-10-02,2026-10-02,2026-10-02,2026-10-05,HOLD,neutral,46.11,46.11,46.11,96.7,96.7,0,71.0,4.75,3,10.0,20.3,2.34,0.0,0.0,0,0,46.11,v2_conservative_ranker,32.3,5.0,6,-2.0,39.11,6.14,0.0,0.0,0.0,v3_stability_ranker,price_momentum,31400.0,0.1018,0.1985,0.8938,26990.0,21690.0,1.95,0.0834,kis,,,,,,,,,data/raw/price_043260_20260607_20261005.csv,487,False,Broad evaluation pool candidate,791,False,Broad evaluation pool candidate
213420,2026-10-02,2026-10-02,2026-10-02,2026-10-05,HOLD,neutral,46.09,46.09,46.09,52.09,52.09,0,50.14,-2.0,2,4.06,0.0,0.0,0.0,0.0,0,0,46.09,v2_conservative_ranker,44.86,-3.0,1,11.93,0.0,0.0,0.0,54.79,54.79,v3_stability_ranker,neutral,30150.0,-0.0017,0.0397,-0.0808,29570.0,30422.5,0.5906,0.0338,kis,,,,,,,,,data/raw/price_213420_20260607_20261005.csv,488,False,Broad evaluation pool candidate,411,False,Broad evaluation pool candidate
307180,2026-10-02,2026-10-02,2026-10-02,2026-10-05,HOLD,neutral,46.08,46.08,46.08,54.31,54.31,0,49.96,-2.0,2,3.88,0.0,0.0,0.0,0.0,0,0,46.08,v2_conservative_ranker,46.5,-3.0,1,12.15,0.0,0.0,0.0,56.66,56.66,v3_stability_ranker,neutral,5770.0,-0.022,-0.0017,0.0322,5768.0,5637.0,0.683,0.0323,kis,,,,,,,,,data/raw/price_307180_20260607_20261005.csv,489,False,Broad evaluation pool candidate,348,False,Broad evaluation pool candidate
121440,2026-10-02,2026-10-02,2026-10-02,2026-10-05,HOLD,neutral,46.05,46.05,46.05,51.93,51.93,0,51.14,-2.0,2,5.09,0.0,0.0,0.0,0.0,0,0,46.05,v2_conservative_ranker,48.5,-3.0,1,10.64,0.0,0.0,0.0,57.14,57.14,v3_stability_ranker,neutral,7670.0,0.0013,0.0186,0.0079,7678.0,7763.0,0.3184,0.0424,kis,,,,,,,,,data/raw/price_121440_20260607_20261005.csv,490,False,Broad evaluation pool candidate,338,False,Broad evaluation pool candidate
083470,2026-10-02,2026-10-02,2026-10-02,2026-10-05,HOLD,neutral,45.89,45.89,45.89,53.57,53.57,0,49.1,-2.0,2,3.2,0.0,0.0,0.0,0.0,0,0,45.89,v2_conservative_ranker,40.5,-3.0,1,13.0,0.0,0.0,0.0,51.5,51.5,v3_stability_ranker,neutral,916.0,0.0055,-0.0033,0.0122,899.4,890.25,0.6603,0.0267,kis,,,,,,,,,data/raw/price_083470_20260607_20261005.csv,491,False,Broad evaluation pool candidate,482,False,Broad evaluation pool candidate
071970,2026-10-02,2026-10-02,2026-10-02,2026-10-05,HOLD,neutral,45.73,45.73,45.73,52.89,52.89,0,49.17,-2.0,2,3.44,0.0,0.0,0.0,0.0,0,0,45.73,v2_conservative_ranker,40.5,-3.0,1,12.7,0.0,0.0,0.0,51.2,51.2,v3_stability_ranker,neutral,49050.0,0.0176,0.001,0.002,48430.0,50257.5,0.5927,0.0287,kis,,,,,,,,,data/raw/price_071970_20260607_20261005.csv,492,False,Broad evaluation pool candidate,492,False,Broad evaluation pool candidate
196170,2026-10-02,2026-10-02,2026-10-02,2026-10-05,HOLD,neutral,45.69,45.69,45.69,50.58,50.58,0,48.23,-2.0,2,2.53,0.0,0.0,0.0,0.0,0,0,45.69,v2_conservative_ranker,42.62,-3.0,1,13.84,0.0,0.0,0.0,54.45,54.45,v3_stability_ranker,neutral,259500.0,-0.0208,0.038,-0.1307,257000.0,264075.0,0.5716,0.0211,kis,,,,,,,,,data/raw/price_196170_20260607_20261005.csv,493,False,Broad evaluation pool candidate,420,False,Broad evaluation pool candidate
064350,2026-10-02,2026-10-02,2026-10-02,2026-10-05,HOLD,neutral,45.65,45.65,45.65,47.48,47.48,0,42.89,1.8,3,2.04,0.0,0.0,0.0,0.0,0,0,45.65,v2_conservative_ranker,35.4,8.0,6,14.45,0.0,0.0,0.0,63.85,63.85,v3_stability_ranker,neutral,115800.0,0.0293,-0.0009,-0.0578,113580.0,120530.0,1.3604,0.017,kis,,,,,,,,,data/raw/price_064350_20260607_20261005.csv,494,False,Broad evaluation pool candidate,206,False,Broad evaluation pool candidate
070960,2026-10-02,2026-10-02,2026-10-02,2026-10-05,HOLD,neutral,45.62,45.62,45.62,50.06,50.06,0,47.75,-2.0,2,2.12,0.0,0.0,0.0,0.0,0,0,45.62,v2_conservative_ranker,40.5,-3.0,1,14.34,0.0,0.0,0.0,52.84,52.84,v3_stability_ranker,neutral,2020.0,0.0075,-0.0049,-0.0218,2028.0,1987.55,0.2356,0.0177,kis,,,,,,,,,data/raw/price_070960_20260607_20261005.csv,495,False,Broad evaluation pool candidate,459,False,Broad evaluation pool candidate
001420,2026-10-02,2026-10-02,2026-10-02,2026-10-05,HOLD,neutral,45.61,45.61,45.61,52.03,52.03,0,47.43,-2.0,2,1.82,0.0,0.0,0.0,0.0,0,0,45.61,v2_conservative_ranker,40.5,-3.0,1,14.72,0.0,0.0,0.0,53.22,53.22,v3_stability_ranker,neutral,2900.0,-0.0169,-0.0169,0.0035,2960.0,2935.0,0.5102,0.0152,kis,,,,,,,,,data/raw/price_001420_20260607_20261005.csv,496,False,Broad evaluation pool candidate,446,False,Broad evaluation pool candidate
012160,2026-10-02,2026-10-02,2026-10-02,2026-10-05,HOLD,neutral,45.48,45.48,45.48,50.54,50.54,0,50.03,-2.0,2,3.7,0.85,0.0,0.0,0.0,0,0,45.48,v2_conservative_ranker,43.81,-3.0,1,8.38,5.46,0.0,0.0,44.73,44.73,v3_stability_ranker,neutral,2235.0,0.0771,0.0468,-0.1042,2091.0,2190.75,0.3588,0.0308,kis,,,,,,,,,data/raw/price_012160_20260607_20261005.csv,497,False,Broad evaluation pool candidate,605,False,Broad evaluation pool candidate
123750,2026-10-02,2026-10-02,2026-10-02,2026-10-05,HOLD,neutral,45.48,45.48,45.48,51.71,51.71,0,47.72,-2.0,2,2.24,0.0,0.0,0.0,0.0,0,0,45.48,v2_conservative_ranker,46.5,-3.0,1,14.2,0.0,0.0,0.0,58.7,58.7,v3_stability_ranker,neutral,1758.0,0.0034,-0.0222,0.0269,1778.8,1767.85,0.4097,0.0187,kis,,,,,,,,,data/raw/price_123750_20260607_20261005.csv,498,False,Broad evaluation pool candidate,305,False,Broad evaluation pool candidate
187660,2026-10-02,2026-10-02,2026-10-02,2026-10-05,HOLD,neutral,45.44,45.44,45.44,71.18,71.18,0,65.18,-2.0,2,10.0,5.8,3.94,0.0,0.0,0,0,45.44,v2_conservative_ranker,43.0,-3.0,1,1.0,9.95,8.7,0.0,23.35,23.35,v3_stability_ranker,price_momentum,7040.0,-0.0663,0.0618,0.479,7322.0,6971.0,0.4995,0.0994,kis,,,,,,,,,data/raw/price_187660_20260607_20261005.csv,499,False,Broad evaluation pool candidate,742,False,Broad evaluation pool candidate
085620,2026-10-02,2026-10-02,2026-10-02,2026-10-05,HOLD,neutral,45.44,45.44,45.44,50.59,50.59,0,48.17,-2.0,2,2.74,0.0,0.0,0.0,0.0,0,0,45.44,v2_conservative_ranker,40.5,-3.0,1,13.58,0.0,0.0,0.0,52.08,52.08,v3_stability_ranker,neutral,19480.0,-0.0005,0.0083,-0.0474,19320.0,19602.0,0.4016,0.0228,kis,,,,,,,,,data/raw/price_085620_20260607_20261005.csv,500,False,Broad evaluation pool candidate,472,False,Broad evaluation pool candidate
100840,2026-10-02,2026-10-02,2026-10-02,2026-10-05,HOLD,neutral,45.4,45.4,45.4,49.96,49.96,0,50.78,-2.0,2,5.38,0.0,0.0,0.0,0.0,0,0,45.4,v2_conservative_ranker,44.0,-3.0,1,10.28,0.0,0.0,0.0,52.28,52.28,v3_stability_ranker,neutral,36650.0,0.0041,-0.0014,0.1691,36750.0,36777.5,0.3547,0.0448,kis,,,,,,,,,data/raw/price_100840_20260607_20261005.csv,501,False,Broad evaluation pool candidate,466,False,Broad evaluation pool candidate
013700,2026-10-02,2026-10-02,2026-10-02,2026-10-05,HOLD,neutral,45.35,45.35,45.35,50.36,50.36,0,48.05,-2.0,2,2.7,0.0,0.0,0.0,0.0,0,0,45.35,v2_conservative_ranker,45.07,-3.0,1,13.62,0.0,0.0,0.0,56.69,56.69,v3_stability_ranker,neutral,1598.0,0.0146,0.0172,-0.0763,1590.0,1638.2,0.451,0.0225,kis,,,,,,,,,data/raw/price_013700_20260607_20261005.csv,502,False,Broad evaluation pool candidate,347,False,Broad evaluation pool candidate
226340,2026-10-02,2026-10-02,2026-10-02,2026-10-05,HOLD,neutral,45.16,45.16,45.16,70.77,70.77,0,59.56,-2.0,2,7.19,7.22,0.0,0.0,0.0,0,0,45.16,v2_conservative_ranker,35.29,-3.0,1,8.02,14.0,2.38,0.0,24.92,24.92,v3_stability_ranker,price_momentum,5830.0,-0.0135,0.2702,-0.0411,5430.0,5322.75,0.6362,0.0599,kis,,,,,,,,,data/raw/price_226340_20260607_20261005.csv,503,False,Broad evaluation pool candidate,737,False,Broad evaluation pool candidate
334970,2026-10-02,2026-10-02,2026-10-02,2026-10-05,HOLD,neutral,45.08,45.08,45.08,48.95,48.95,0,49.31,-2.0,2,4.24,0.0,0.0,0.0,0.0,0,0,45.08,v2_conservative_ranker,42.5,-3.0,1,11.71,0.0,0.0,0.0,52.2,52.2,v3_stability_ranker,neutral,1450.0,0.0161,0.063,-0.171,1395.6,1505.55,0.4542,0.0353,kis,,,,,,,,,data/raw/price_334970_20260607_20261005.csv,504,False,Broad evaluation pool candidate,468,False,Broad evaluation pool candidate
163730,2026-10-02,2026-10-02,2026-10-02,2026-10-05,HOLD,neutral,45.06,45.06,45.06,82.84,86.84,-4,67.0,0.56,3,5.81,15.0,0.0,0.0,4.7,0,0,45.06,v2_conservative_ranker,33.75,8.0,6,6.74,27.5,0.54,7.2,19.24,19.24,v3_stability_ranker,price_momentum,14900.0,0.0276,0.1779,0.5569,14258.0,10935.0,1.1127,0.0484,kis,,,,low_attention,risk_noise_detected,,,,data/raw/price_163730_20260607_20261005.csv,505,False,Broad evaluation pool candidate,752,False,Broad evaluation pool candidate
002150,2026-10-02,2026-10-02,2026-10-02,2026-10-05,HOLD,neutral,45.05,45.05,45.05,46.76,46.76,0,42.85,0.54,3,1.34,0.0,0.0,0.0,0.0,0,0,45.05,v2_conservative_ranker,38.0,8.0,6,15.32,0.0,0.0,0.0,67.32,67.32,v3_stability_ranker,neutral,4995.0,0.004,-0.007,-0.0413,5018.0,5164.5,1.1071,0.0112,kis,,,,,,,,,data/raw/price_002150_20260607_20261005.csv,506,False,Broad evaluation pool candidate,145,False,Broad evaluation pool candidate
109070,2026-10-02,2026-10-02,2026-10-02,2026-10-05,HOLD,neutral,45.05,45.05,45.05,57.84,57.84,0,42.21,3.0,3,3.16,0.0,0.0,0.0,0.0,0,0,45.05,v2_conservative_ranker,34.21,-0.75,4,13.05,0.0,0.0,0.0,50.51,50.51,v3_stability_ranker,neutral,7360.0,0.0027,-0.0503,-0.0503,7122.0,7593.0,2.6688,0.0263,kis,,,,,,,,,data/raw/price_109070_20260607_20261005.csv,507,False,Broad evaluation pool candidate,511,False,Broad evaluation pool candidate
128940,2026-10-02,2026-10-02,2026-10-02,2026-10-05,HOLD,neutral,45.03,45.03,45.03,52.54,52.54,0,48.14,-2.0,2,3.11,0.0,0.0,0.0,0.0,0,0,45.03,v2_conservative_ranker,44.04,-3.0,1,13.12,0.0,0.0,0.0,55.15,55.15,v3_stability_ranker,neutral,504000.0,0.0131,-0.0308,0.0633,502300.0,492475.0,0.5083,0.0259,kis,,,,,,,,,data/raw/price_128940_20260607_20261005.csv,508,False,Broad evaluation pool candidate,373,False,Broad evaluation pool candidate
468530,2026-10-02,2026-10-02,2026-10-02,2026-10-05,HOLD,neutral,44.86,44.86,44.86,76.52,76.52,0,66.3,0.0,3,8.42,15.0,1.02,0.0,0.0,0,0,44.86,v2_conservative_ranker,43.0,2.0,6,3.47,22.0,4.03,0.0,28.44,28.44,v3_stability_ranker,price_momentum,50700.0,-0.0117,0.073,0.6515,52240.0,37450.0,1.0406,0.0702,kis,,,,,,,,,data/raw/price_468530_20260607_20261005.csv,509,False,Broad evaluation pool candidate,723,False,Broad evaluation pool candidate
001630,2026-10-02,2026-10-02,2026-10-02,2026-10-05,HOLD,neutral,44.82,44.82,44.82,46.49,46.49,0,43.35,0.0,2,0.53,0.0,0.0,0.0,0.0,0,0,44.82,v2_conservative_ranker,38.0,2.0,1,16.34,0.0,0.0,0.0,57.34,57.34,v3_stability_ranker,neutral,37400.0,-0.0013,-0.0013,-0.0435,37410.0,38182.5,0.8724,0.0044,kis,,,,,,,,,data/raw/price_001630_20260607_20261005.csv,510,False,Broad evaluation pool candidate,328,False,Broad evaluation pool candidate
003960,2026-10-02,2026-10-02,2026-10-02,2026-10-05,HOLD,neutral,44.81,44.81,44.81,50.75,50.75,0,46.77,-2.0,2,1.97,0.0,0.0,0.0,0.0,0,0,44.81,v2_conservative_ranker,43.22,-3.0,1,14.54,0.0,0.0,0.0,55.76,55.76,v3_stability_ranker,neutral,27100.0,0.0018,0.0188,-0.1173,27150.0,28197.5,0.7288,0.0164,kis,,,,,,,,,data/raw/price_003960_20260607_20261005.csv,511,False,Broad evaluation pool candidate,362,False,Broad evaluation pool candidate
017810,2026-10-02,2026-10-02,2026-10-02,2026-10-05,HOLD,neutral,44.72,44.72,44.72,50.95,50.95,0,46.21,-2.0,2,1.49,0.0,0.0,0.0,0.0,0,0,44.72,v2_conservative_ranker,36.47,-3.0,1,15.14,0.0,0.0,0.0,49.61,49.61,v3_stability_ranker,neutral,8750.0,0.0104,0.0034,-0.0895,8708.0,9042.5,0.7205,0.0124,kis,,,,,,,,,data/raw/price_017810_20260607_20261005.csv,512,False,Broad evaluation pool candidate,526,False,Broad evaluation pool candidate
006060,2026-10-02,2026-10-02,2026-10-02,2026-10-05,HOLD,neutral,44.68,44.68,44.68,49.86,49.86,0,46.14,-2.0,2,1.46,0.0,0.0,0.0,0.0,0,0,44.68,v2_conservative_ranker,35.95,-3.0,1,15.17,0.0,0.0,0.0,49.12,49.12,v3_stability_ranker,neutral,2225.0,0.016,0.0068,-0.101,2214.0,2332.5,0.5743,0.0122,kis,,,,,,,,,data/raw/price_006060_20260607_20261005.csv,513,False,Broad evaluation pool candidate,532,False,Broad evaluation pool candidate
000100,2026-10-02,2026-10-02,2026-10-02,2026-10-05,HOLD,neutral,44.53,44.53,44.53,50.11,50.11,0,46.07,-2.0,2,1.55,0.0,0.0,0.0,0.0,0,0,44.53,v2_conservative_ranker,36.57,-3.0,1,15.06,0.0,0.0,0.0,49.64,49.64,v3_stability_ranker,neutral,74200.0,-0.008,0.0013,-0.0873,73900.0,77215.0,0.6054,0.0129,kis,,,,,,,,,data/raw/price_000100_20260607_20261005.csv,514,False,Broad evaluation pool candidate,524,False,Broad evaluation pool candidate
175140,2026-10-02,2026-10-02,2026-10-02,2026-10-05,HOLD,neutral,44.52,44.52,44.52,48.97,48.97,0,48.02,-2.0,2,3.5,0.0,0.0,0.0,0.0,0,0,44.52,v2_conservative_ranker,44.73,-3.0,1,12.62,0.0,0.0,0.0,55.35,55.35,v3_stability_ranker,neutral,2355.0,0.0239,0.0195,-0.0837,2311.0,2389.25,0.3545,0.0292,kis,,,,,,,,,data/raw/price_175140_20260607_20261005.csv,515,False,Broad evaluation pool candidate,371,False,Broad evaluation pool candidate
003070,2026-10-02,2026-10-02,2026-10-02,2026-10-05,HOLD,neutral,44.48,44.48,44.48,45.91,45.91,0,42.35,0.77,3,1.63,0.0,0.0,0.0,0.0,0,0,44.48,v2_conservative_ranker,35.01,8.0,6,14.96,0.0,0.0,0.0,63.97,63.97,v3_stability_ranker,neutral,9140.0,-0.014,-0.0033,-0.0664,9172.0,9232.5,1.1538,0.0136,kis,,,,,,,,,data/raw/price_003070_20260607_20261005.csv,516,False,Broad evaluation pool candidate,204,False,Broad evaluation pool candidate
101680,2026-10-02,2026-10-02,2026-10-02,2026-10-05,HOLD,neutral,44.47,44.47,44.47,51.96,51.96,0,46.91,-2.0,2,2.44,0.0,0.0,0.0,0.0,0,0,44.47,v2_conservative_ranker,40.5,-3.0,1,13.96,0.0,0.0,0.0,52.45,52.45,v3_stability_ranker,neutral,2900.0,-0.0169,-0.0252,0.0122,2983.0,2908.75,0.6508,0.0203,kis,,,,,,,,,data/raw/price_101680_20260607_20261005.csv,517,False,Broad evaluation pool candidate,463,False,Broad evaluation pool candidate
006650,2026-10-02,2026-10-02,2026-10-02,2026-10-05,HOLD,neutral,44.46,44.46,44.46,52.61,52.61,0,49.73,-2.0,2,5.27,0.0,0.0,0.0,0.0,0,0,44.46,v2_conservative_ranker,40.5,-3.0,1,10.41,0.0,0.0,0.0,48.91,48.91,v3_stability_ranker,neutral,91600.0,0.0327,0.0088,-0.0043,89920.0,97070.0,0.7221,0.0439,kis,,,,,,,,,data/raw/price_006650_20260607_20261005.csv,518,False,Broad evaluation pool candidate,538,False,Broad evaluation pool candidate
012170,2026-10-02,2026-10-02,2026-10-02,2026-10-05,HOLD,neutral,44.45,44.45,44.45,50.51,50.51,0,49.41,-2.0,2,4.96,0.0,0.0,0.0,0.0,0,0,44.45,v2_conservative_ranker,48.5,-3.0,1,10.8,0.0,0.0,0.0,57.3,57.3,v3_stability_ranker,neutral,2990.0,0.0293,0.0187,-0.0417,2923.0,2958.75,0.4764,0.0413,kis,,,,,,,,,data/raw/price_012170_20260607_20261005.csv,519,False,Broad evaluation pool candidate,331,False,Broad evaluation pool candidate
317400,2026-10-02,2026-10-02,2026-10-02,2026-10-05,HOLD,neutral,44.44,44.44,44.44,51.49,51.49,0,50.6,-2.0,2,6.16,0.0,0.0,0.0,0.0,0,0,44.44,v2_conservative_ranker,48.5,-3.0,1,9.3,0.0,1.01,0.0,54.8,54.8,v3_stability_ranker,neutral,9990.0,0.0352,0.0215,-0.0158,9760.0,10299.5,0.5437,0.0513,kis,,,,,,,,,data/raw/price_317400_20260607_20261005.csv,520,False,Broad evaluation pool candidate,410,False,Broad evaluation pool candidate
950220,2026-10-02,2026-10-02,2026-10-02,2026-10-05,HOLD,neutral,44.33,44.33,44.33,48.12,48.12,0,49.41,-2.0,2,5.09,0.0,0.0,0.0,0.0,0,0,44.33,v2_conservative_ranker,42.5,-3.0,1,10.64,0.0,0.0,0.0,51.14,51.14,v3_stability_ranker,neutral,1991.0,0.0096,0.0557,-0.1473,1954.0,2087.45,0.3585,0.0424,kis,,,,,,,,,data/raw/price_950220_20260607_20261005.csv,521,False,Broad evaluation pool candidate,495,False,Broad evaluation pool candidate
248070,2026-10-02,2026-10-02,2026-10-02,2026-10-05,HOLD,neutral,44.23,44.23,44.23,107.02,107.02,0,71.0,0.0,3,4.78,16.99,8.0,0.0,0.0,0,0,44.23,v2_conservative_ranker,32.24,-9.0,4,4.03,32.46,22.0,0.0,0.0,0.0,v3_stability_ranker,price_momentum,16710.0,0.083,0.2854,0.2765,14328.0,13163.0,6.7316,0.0398,kis,,,,,,,,,data/raw/price_248070_20260607_20261005.csv,522,False,Broad evaluation pool candidate,792,False,Broad evaluation pool candidate
950160,2026-10-02,2026-10-02,2026-10-02,2026-10-05,HOLD,neutral,44.21,44.21,44.21,50.49,50.49,0,48.45,-2.0,2,4.25,0.0,0.0,0.0,0.0,0,0,44.21,v2_conservative_ranker,44.3,-3.0,1,11.69,0.0,0.0,0.0,53.99,53.99,v3_stability_ranker,neutral,16230.0,-0.014,0.0272,-0.0933,15902.0,16335.5,0.6619,0.0354,kis,,,,,,,,,data/raw/price_950160_20260607_20261005.csv,523,False,Broad evaluation pool candidate,431,False,Broad evaluation pool candidate
011780,2026-10-02,2026-10-02,2026-10-02,2026-10-05,HOLD,neutral,44.0,44.0,44.0,48.72,48.72,0,46.84,-2.0,2,2.84,0.0,0.0,0.0,0.0,0,0,44.0,v2_conservative_ranker,37.07,-3.0,1,13.45,0.0,0.0,0.0,48.51,48.51,v3_stability_ranker,neutral,117500.0,0.0147,0.0051,-0.0763,116640.0,121840.0,0.3992,0.0237,kis,,,,,,,,,data/raw/price_011780_20260607_20261005.csv,524,False,Broad evaluation pool candidate,547,False,Broad evaluation pool candidate
033920,2026-10-02,2026-10-02,2026-10-02,2026-10-05,HOLD,neutral,43.95,43.95,43.95,45.78,45.78,0,43.11,0.0,2,1.16,0.0,0.0,0.0,0.0,0,0,43.95,v2_conservative_ranker,38.0,2.0,1,15.54,0.0,0.0,0.0,56.55,56.55,v3_stability_ranker,neutral,7420.0,0.0068,-0.0027,-0.0463,7440.0,7573.0,0.8893,0.0097,kis,,,,,,,,,data/raw/price_033920_20260607_20261005.csv,525,False,Broad evaluation pool candidate,351,False,Broad evaluation pool candidate
225190,2026-10-02,2026-10-02,2026-10-02,2026-10-05,HOLD,neutral,43.92,43.92,43.92,104.0,104.0,0,71.0,0.0,3,8.4,12.68,9.0,0.0,0.0,0,0,43.92,v2_conservative_ranker,46.13,-9.0,4,-0.5,26.49,26.0,0.0,0.0,0.0,v3_stability_ranker,price_momentum,4930.0,0.1573,0.201,0.201,4119.0,4108.5,9.7162,0.07,kis,,,,,,,,,data/raw/price_225190_20260607_20261005.csv,526,False,Broad evaluation pool candidate,793,False,Broad evaluation pool candidate
008040,2026-10-02,2026-10-02,2026-10-02,2026-10-05,HOLD,neutral,43.83,43.83,43.83,49.48,49.48,0,48.76,-2.0,2,4.93,0.0,0.0,0.0,0.0,0,0,43.83,v2_conservative_ranker,40.5,-3.0,1,10.84,0.0,0.0,0.0,49.34,49.34,v3_stability_ranker,neutral,7540.0,-0.0092,0.008,-0.0296,7606.0,7917.5,0.3788,0.0411,kis,,,,,,,,,data/raw/price_008040_20260607_20261005.csv,527,False,Broad evaluation pool candidate,530,False,Broad evaluation pool candidate
056730,2026-10-02,2026-10-02,2026-10-02,2026-10-05,HOLD,neutral,43.79,43.79,43.79,50.1,50.1,0,39.83,4.38,3,3.42,0.0,0.0,0.0,0.0,0,0,43.79,v2_conservative_ranker,33.59,5.0,6,12.72,0.0,0.0,0.0,57.31,57.31,v3_stability_ranker,price_weakness,1185.0,-0.0042,-0.0864,-0.0334,1213.8,1268.45,1.8765,0.0285,kis,,,,,,,,,data/raw/price_056730_20260607_20261005.csv,528,False,Broad evaluation pool candidate,330,False,Broad evaluation pool candidate
326030,2026-10-02,2026-10-02,2026-10-02,2026-10-05,HOLD,neutral,43.75,43.75,43.75,48.84,48.84,0,45.65,-2.0,2,1.9,0.0,0.0,0.0,0.0,0,0,43.75,v2_conservative_ranker,35.34,-3.0,1,14.63,0.0,0.0,0.0,47.97,47.97,v3_stability_ranker,neutral,76400.0,-0.0039,0.0066,-0.1147,75720.0,79455.0,0.5833,0.0158,kis,,,,,,,,,data/raw/price_326030_20260607_20261005.csv,529,False,Broad evaluation pool candidate,554,False,Broad evaluation pool candidate
340440,2026-10-02,2026-10-02,2026-10-02,2026-10-05,HOLD,neutral,43.71,43.71,43.71,42.68,42.68,0,44.59,0.0,0,0.88,0.0,0.0,0.0,0.0,0,0,43.71,v2_conservative_ranker,38.0,-5.0,0,15.9,0.0,0.0,0.0,48.91,48.91,v3_stability_ranker,neutral,756.0,0.0,0.0,-0.0118,756.0,758.9,0.0,0.0073,kis,,,,,,,,,data/raw/price_340440_20260607_20261005.csv,530,False,Broad evaluation pool candidate,539,False,Broad evaluation pool candidate
092870,2026-10-02,2026-10-02,2026-10-02,2026-10-05,HOLD,neutral,43.65,43.65,43.65,85.61,85.61,0,67.0,0.0,3,7.03,19.32,0.0,0.0,0.0,0,0,43.65,v2_conservative_ranker,29.82,8.0,6,5.21,32.83,2.18,0.0,14.02,14.02,v3_stability_ranker,price_momentum,53000.0,-0.0019,0.234,0.7069,50020.0,36792.5,1.0781,0.0586,kis,,,,,,,,,data/raw/price_092870_20260607_20261005.csv,531,False,Broad evaluation pool candidate,766,False,Broad evaluation pool candidate
215570,2026-10-02,2026-10-02,2026-10-02,2026-10-05,HOLD,neutral,43.61,43.61,43.61,46.69,46.69,0,52.04,-2.0,2,7.87,0.0,0.56,0.0,0.0,0,0,43.61,v2_conservative_ranker,42.5,-3.0,1,7.16,0.0,3.3,0.0,44.36,44.36,v3_stability_ranker,neutral,600.0,0.0,0.083,-0.1416,599.8,621.55,0.0052,0.0656,kis,,,,,,,,,data/raw/price_215570_20260607_20261005.csv,532,False,Broad evaluation pool candidate,612,False,Broad evaluation pool candidate
115530,2026-10-02,2026-10-02,2026-10-02,2026-10-05,HOLD,neutral,43.44,43.44,43.44,52.75,52.75,0,50.2,-2.0,2,6.76,0.0,0.0,0.0,0.0,0,0,43.44,v2_conservative_ranker,38.03,-3.0,1,8.55,0.0,1.81,0.0,42.78,42.78,v3_stability_ranker,price_momentum,2860.0,0.007,0.0106,-0.1104,2962.0,2887.5,0.4728,0.0563,kis,,,,,,,,,data/raw/price_115530_20260607_20261005.csv,533,False,Broad evaluation pool candidate,625,False,Broad evaluation pool candidate
950260,2026-10-02,2026-10-02,2026-10-02,2026-10-05,HOLD,neutral,43.41,43.41,43.41,79.9,79.9,0,67.0,-2.0,2,7.96,15.0,0.63,0.0,0.0,0,0,43.41,v2_conservative_ranker,34.15,-3.0,1,4.05,26.95,3.41,0.0,5.85,5.85,v3_stability_ranker,price_momentum,28600.0,-0.0121,0.1721,0.658,26640.0,19788.5,0.2548,0.0663,kis,,,,,,,,,data/raw/price_950260_20260607_20261005.csv,534,False,Broad evaluation pool candidate,780,False,Broad evaluation pool candidate
480370,2026-10-02,2026-10-02,2026-10-02,2026-10-05,HOLD,neutral,43.4,43.4,43.4,110.39,110.39,0,79.0,2.75,3,9.49,29.94,1.91,0.0,0.0,0,0,43.4,v2_conservative_ranker,27.22,8.0,6,-1.87,47.97,5.46,0.0,0.0,0.0,v3_stability_ranker,strong_price_momentum,2250.0,0.1509,0.2712,0.5845,1914.2,1784.6,1.5494,0.0791,kis,,,,medium_attention,no_risk_noise,,,,data/raw/price_480370_20260607_20261005.csv,535,False,Broad evaluation pool candidate,794,False,Broad evaluation pool candidate
030610,2026-10-02,2026-10-02,2026-10-02,2026-10-05,HOLD,neutral,43.36,43.36,43.36,44.3,44.3,0,44.6,-2.0,2,1.24,0.0,0.0,0.0,0.0,0,0,43.36,v2_conservative_ranker,38.0,-3.0,1,15.46,0.0,0.0,0.0,51.45,51.45,v3_stability_ranker,neutral,9970.0,0.0,-0.003,-0.003,9950.0,10113.5,0.2973,0.0103,kis,,,,,,,,,data/raw/price_030610_20260607_20261005.csv,536,False,Broad evaluation pool candidate,484,False,Broad evaluation pool candidate
103840,2026-10-02,2026-10-02,2026-10-02,2026-10-05,HOLD,neutral,43.36,43.36,43.36,45.34,45.34,0,42.34,0.0,2,0.97,0.0,0.0,0.0,0.0,0,0,43.36,v2_conservative_ranker,35.39,2.0,6,15.79,0.0,0.0,0.0,59.17,59.17,v3_stability_ranker,neutral,1572.0,-0.0051,-0.0063,-0.0581,1577.8,1612.15,0.9474,0.0081,kis,,,,,,,,,data/raw/price_103840_20260607_20261005.csv,537,False,Broad evaluation pool candidate,291,False,Broad evaluation pool candidate
028300,2026-10-02,2026-10-02,2026-10-02,2026-10-05,HOLD,neutral,43.3,43.3,43.3,81.4,81.4,0,67.0,-2.0,2,9.14,12.94,1.62,0.0,0.0,0,0,43.3,v2_conservative_ranker,39.0,-3.0,1,2.57,20.71,4.99,0.0,13.87,13.87,v3_stability_ranker,price_momentum,40650.0,0.0025,0.3306,0.2189,40490.0,33905.0,0.6708,0.0762,kis,,,,,,,,,data/raw/price_028300_20260607_20261005.csv,538,False,Broad evaluation pool candidate,768,False,Broad evaluation pool candidate
019170,2026-10-02,2026-10-02,2026-10-02,2026-10-05,HOLD,neutral,43.22,43.22,43.22,47.53,47.53,0,46.04,-2.0,2,2.82,0.0,0.0,0.0,0.0,0,0,43.22,v2_conservative_ranker,35.86,-3.0,1,13.47,0.0,0.0,0.0,47.34,47.34,v3_stability_ranker,neutral,9310.0,-0.0075,0.0065,-0.1031,9194.0,9573.0,0.3968,0.0235,kis,,,,,,,,,data/raw/price_019170_20260607_20261005.csv,539,False,Broad evaluation pool candidate,565,False,Broad evaluation pool candidate
008470,2026-10-02,2026-10-02,2026-10-02,2026-10-05,HOLD,neutral,43.21,43.21,43.21,45.56,45.56,0,44.12,-2.0,2,0.91,0.0,0.0,0.0,0.0,0,0,43.21,v2_conservative_ranker,38.0,-3.0,1,15.86,0.0,0.0,0.0,51.86,51.86,v3_stability_ranker,neutral,1680.0,0.0151,-0.0077,-0.003,1667.0,1680.4,0.5406,0.0076,kis,,,,,,,,,data/raw/price_008470_20260607_20261005.csv,540,False,Broad evaluation pool candidate,477,False,Broad evaluation pool candidate
006340,2026-10-02,2026-10-02,2026-10-02,2026-10-05,HOLD,neutral,43.2,43.2,43.2,48.33,48.33,0,46.48,-2.0,2,3.29,0.0,0.0,0.0,0.0,0,0,43.2,v2_conservative_ranker,44.0,-3.0,1,12.89,0.0,0.0,0.0,54.89,54.89,v3_stability_ranker,neutral,13430.0,0.0252,-0.0044,0.055,13144.0,13178.0,0.7931,0.0274,kis,,,,,,,,,data/raw/price_006340_20260607_20261005.csv,541,False,Broad evaluation pool candidate,407,False,Broad evaluation pool candidate
061040,2026-10-02,2026-10-02,2026-10-02,2026-10-05,HOLD,neutral,43.2,43.2,43.2,45.81,45.81,0,40.71,1.66,3,2.17,0.0,0.0,0.0,0.0,0,0,43.2,v2_conservative_ranker,34.72,8.0,6,14.29,0.0,0.0,0.0,63.0,63.0,v3_stability_ranker,neutral,7260.0,0.0028,-0.041,-0.0055,7270.0,7353.5,1.3329,0.0181,kis,,,,,,,,,data/raw/price_061040_20260607_20261005.csv,542,False,Broad evaluation pool candidate,218,False,Broad evaluation pool candidate
252500,2026-10-02,2026-10-02,2026-10-02,2026-10-05,HOLD,neutral,43.15,43.15,43.15,43.1,43.1,0,44.71,-2.0,2,1.56,0.0,0.0,0.0,0.0,0,0,43.15,v2_conservative_ranker,38.0,-3.0,1,15.05,0.0,0.0,0.0,51.05,51.05,v3_stability_ranker,neutral,2280.0,0.0022,-0.0044,0.0044,2269.0,2275.5,0.1039,0.013,kis,,,,,,,,,data/raw/price_252500_20260607_20261005.csv,543,False,Broad evaluation pool candidate,497,False,Broad evaluation pool candidate
005830,2026-10-02,2026-10-02,2026-10-02,2026-10-05,HOLD,neutral,43.04,43.04,43.04,45.04,45.04,0,42.32,0.77,3,3.05,0.0,0.0,0.0,0.0,0,0,43.04,v2_conservative_ranker,38.0,8.0,6,13.19,0.0,0.0,0.0,65.19,65.19,v3_stability_ranker,neutral,182500.0,-0.0033,-0.0114,-0.044,186620.0,189110.0,1.1541,0.0254,kis,,,,,,,,,data/raw/price_005830_20260607_20261005.csv,544,False,Broad evaluation pool candidate,185,False,Broad evaluation pool candidate
075180,2026-10-02,2026-10-02,2026-10-02,2026-10-05,HOLD,neutral,42.97,42.97,42.97,42.87,42.87,0,44.14,-2.0,2,1.18,0.0,0.0,0.0,0.0,0,0,42.97,v2_conservative_ranker,38.0,-3.0,1,15.53,0.0,0.0,0.0,51.53,51.53,v3_stability_ranker,neutral,2930.0,0.0121,-0.0068,-0.0051,2916.0,2946.5,0.1314,0.0098,kis,,,,,,,,,data/raw/price_075180_20260607_20261005.csv,545,False,Broad evaluation pool candidate,481,False,Broad evaluation pool candidate
050110,2026-10-02,2026-10-02,2026-10-02,2026-10-05,HOLD,neutral,42.95,42.95,42.95,42.21,42.21,0,44.87,0.0,0,1.92,0.0,0.0,0.0,0.0,0,0,42.95,v2_conservative_ranker,38.0,-5.0,0,14.6,0.0,0.0,0.0,47.6,47.6,v3_stability_ranker,neutral,1079.0,0.0,0.0,-0.0037,1079.0,1086.1,0.0,0.016,kis,,,,,,,,,data/raw/price_050110_20260607_20261005.csv,546,False,Broad evaluation pool candidate,560,False,Broad evaluation pool candidate
115160,2026-10-02,2026-10-02,2026-10-02,2026-10-05,HOLD,neutral,42.89,42.89,42.89,46.12,46.12,0,45.55,-2.0,2,2.66,0.0,0.0,0.0,0.0,0,0,42.89,v2_conservative_ranker,44.0,-3.0,1,13.67,0.0,0.0,0.0,55.67,55.67,v3_stability_ranker,neutral,5530.0,0.0184,-0.0036,0.026,5446.0,5486.5,0.5665,0.0222,kis,,,,low_attention,no_risk_noise,,,,data/raw/price_115160_20260607_20261005.csv,547,False,Broad evaluation pool candidate,366,False,Broad evaluation pool candidate
032820,2026-10-02,2026-10-02,2026-10-02,2026-10-05,HOLD,neutral,42.86,42.86,42.86,48.92,48.92,0,49.77,-2.0,2,6.91,0.0,0.0,0.0,0.0,0,0,42.86,v2_conservative_ranker,44.0,-3.0,1,8.36,0.0,2.02,0.0,48.34,48.34,v3_stability_ranker,neutral,12800.0,0.0207,-0.0123,0.2053,12508.0,12816.5,0.3179,0.0576,kis,,,,,,,,,data/raw/price_032820_20260607_20261005.csv,548,False,Broad evaluation pool candidate,548,False,Broad evaluation pool candidate
002020,2026-10-02,2026-10-02,2026-10-02,2026-10-05,HOLD,neutral,42.82,42.82,42.82,44.72,44.72,0,41.93,0.0,3,2.11,0.0,0.0,0.0,0.0,0,0,42.82,v2_conservative_ranker,35.4,8.0,6,14.36,0.0,0.0,0.0,63.76,63.76,v3_stability_ranker,neutral,23650.0,-0.0207,-0.0105,-0.0578,23760.0,24667.5,1.0705,0.0176,kis,,,,,,,,,data/raw/price_002020_20260607_20261005.csv,549,False,Broad evaluation pool candidate,207,False,Broad evaluation pool candidate
044380,2026-10-02,2026-10-02,2026-10-02,2026-10-05,HOLD,neutral,42.81,42.81,42.81,43.36,43.36,0,50.65,0.0,0,7.55,0.0,0.29,0.0,0.0,0,0,42.81,v2_conservative_ranker,42.5,-5.0,0,4.56,0.0,2.86,0.0,39.2,39.2,v3_stability_ranker,neutral,436.0,0.0,0.0765,-0.5967,436.0,597.75,0.0,0.0629,kis,,,,,,,,,data/raw/price_044380_20260607_20261005.csv,550,False,Broad evaluation pool candidate,658,False,Broad evaluation pool candidate
263750,2026-10-02,2026-10-02,2026-10-02,2026-10-05,HOLD,neutral,42.78,42.78,42.78,46.16,46.16,0,46.87,-2.0,2,4.09,0.0,0.0,0.0,0.0,0,0,42.78,v2_conservative_ranker,44.0,-3.0,1,11.89,0.0,0.0,0.0,53.89,53.89,v3_stability_ranker,neutral,33450.0,-0.003,-0.0133,0.0914,33200.0,34185.0,0.3875,0.0341,kis,,,,,,,,,data/raw/price_263750_20260607_20261005.csv,551,False,Broad evaluation pool candidate,434,False,Broad evaluation pool candidate
290560,2026-10-02,2026-10-02,2026-10-02,2026-10-05,HOLD,neutral,42.76,42.76,42.76,49.42,49.42,0,47.03,-2.0,2,4.27,0.0,0.0,0.0,0.0,0,0,42.76,v2_conservative_ranker,40.5,-3.0,1,11.66,0.0,0.0,0.0,50.16,50.16,v3_stability_ranker,neutral,1297.0,0.0078,-0.0263,0.0189,1261.4,1259.7,0.4442,0.0356,kis,,,,,,,,,data/raw/price_290560_20260607_20261005.csv,552,False,Broad evaluation pool candidate,517,False,Broad evaluation pool candidate
025770,2026-10-02,2026-10-02,2026-10-02,2026-10-05,HOLD,neutral,42.75,42.75,42.75,45.98,45.98,0,44.09,-2.0,2,1.34,0.0,0.0,0.0,0.0,0,0,42.75,v2_conservative_ranker,38.0,-3.0,1,15.32,0.0,0.0,0.0,51.32,51.32,v3_stability_ranker,neutral,7820.0,0.0077,-0.0051,-0.0114,7774.0,7965.0,0.6963,0.0112,kis,,,,,,,,,data/raw/price_025770_20260607_20261005.csv,553,False,Broad evaluation pool candidate,488,False,Broad evaluation pool candidate
060980,2026-10-02,2026-10-02,2026-10-02,2026-10-05,HOLD,neutral,42.72,42.72,42.72,44.46,44.46,0,42.18,0.0,2,1.46,0.0,0.0,0.0,0.0,0,0,42.72,v2_conservative_ranker,38.0,2.0,1,15.17,0.0,0.0,0.0,56.17,56.17,v3_stability_ranker,neutral,38350.0,0.0066,-0.0167,-0.0328,38680.0,39512.5,0.8318,0.0122,kis,,,,,,,,,data/raw/price_060980_20260607_20261005.csv,554,False,Broad evaluation pool candidate,357,False,Broad evaluation pool candidate
035760,2026-10-02,2026-10-02,2026-10-02,2026-10-05,HOLD,neutral,42.72,42.72,42.72,49.79,49.79,0,44.21,0.0,2,3.49,0.0,0.0,0.0,0.0,0,0,42.72,v2_conservative_ranker,38.96,2.0,6,12.63,0.0,0.0,0.0,59.6,59.6,v3_stability_ranker,neutral,35100.0,-0.0182,-0.0942,0.0918,37120.0,36162.5,0.9221,0.0291,kis,,,,,,,,,data/raw/price_035760_20260607_20261005.csv,555,False,Broad evaluation pool candidate,275,False,Broad evaluation pool candidate
381970,2026-10-02,2026-10-02,2026-10-02,2026-10-05,HOLD,neutral,42.63,42.63,42.63,43.29,43.29,0,44.43,-2.0,2,1.8,0.0,0.0,0.0,0.0,0,0,42.63,v2_conservative_ranker,38.0,-3.0,1,14.75,0.0,0.0,0.0,50.75,50.75,v3_stability_ranker,neutral,6270.0,0.008,-0.0079,0.0064,6328.0,6396.0,0.2105,0.015,kis,,,,,,,,,data/raw/price_381970_20260607_20261005.csv,556,False,Broad evaluation pool candidate,506,False,Broad evaluation pool candidate
002790,2026-10-02,2026-10-02,2026-10-02,2026-10-05,HOLD,neutral,42.6,42.6,42.6,44.74,44.74,0,39.56,2.09,3,2.05,0.0,0.0,0.0,0.0,0,0,42.6,v2_conservative_ranker,34.82,8.0,6,14.44,0.0,0.0,0.0,63.25,63.25,v3_stability_ranker,neutral,25300.0,-0.0232,-0.0398,-0.0417,26110.0,26192.5,1.4189,0.0171,kis,,,,,,,,,data/raw/price_002790_20260607_20261005.csv,557,False,Broad evaluation pool candidate,214,False,Broad evaluation pool candidate
320000,2026-10-02,2026-10-02,2026-10-02,2026-10-05,HOLD,neutral,42.59,42.59,42.59,48.61,48.61,0,45.84,-2.0,2,3.25,0.0,0.0,0.0,0.0,0,0,42.59,v2_conservative_ranker,40.5,-3.0,1,12.94,0.0,0.0,0.0,51.44,51.44,v3_stability_ranker,neutral,10350.0,-0.0019,-0.0263,-0.0152,10392.0,10355.0,0.452,0.0271,kis,,,,,,,,,data/raw/price_320000_20260607_20261005.csv,558,False,Broad evaluation pool candidate,485,False,Broad evaluation pool candidate
123890,2026-10-02,2026-10-02,2026-10-02,2026-10-05,HOLD,neutral,42.56,42.56,42.56,43.8,43.8,0,41.76,0.0,2,1.2,0.0,0.0,0.0,0.0,0,0,42.56,v2_conservative_ranker,34.63,2.0,1,15.5,0.0,0.0,0.0,53.13,53.13,v3_stability_ranker,neutral,2410.0,-0.0021,-0.0062,-0.0749,2428.0,2488.75,0.8611,0.01,kis,,,,,,,,,data/raw/price_123890_20260607_20261005.csv,559,False,Broad evaluation pool candidate,448,False,Broad evaluation pool candidate
107590,2026-10-02,2026-10-02,2026-10-02,2026-10-05,HOLD,neutral,42.54,42.54,42.54,44.61,44.61,0,41.62,0.0,2,1.08,0.0,0.0,0.0,0.0,0,0,42.54,v2_conservative_ranker,34.72,2.0,6,15.65,0.0,0.0,0.0,58.37,58.37,v3_stability_ranker,neutral,59700.0,-0.0132,-0.0083,-0.073,60620.0,61495.0,0.9977,0.009,kis,,,,,,,,,data/raw/price_107590_20260607_20261005.csv,560,False,Broad evaluation pool candidate,314,False,Broad evaluation pool candidate
071200,2026-10-02,2026-10-02,2026-10-02,2026-10-05,HOLD,neutral,42.51,42.51,42.51,53.79,53.79,0,54.15,-2.0,2,9.62,0.0,2.02,0.0,0.0,0,0,42.51,v2_conservative_ranker,39.19,-3.0,1,5.0,0.0,5.63,0.0,36.56,36.56,v3_stability_ranker,neutral,11720.0,0.0069,-0.0085,0.2575,11860.0,11065.5,0.1065,0.0802,kis,,,,,,,,,data/raw/price_071200_20260607_20261005.csv,561,False,Broad evaluation pool candidate,675,False,Broad evaluation pool candidate
010780,2026-10-02,2026-10-02,2026-10-02,2026-10-05,HOLD,neutral,42.51,42.51,42.51,44.27,44.27,0,40.86,1.2,3,2.54,0.0,0.0,0.0,0.0,0,0,42.51,v2_conservative_ranker,35.26,8.0,6,13.82,0.0,0.0,0.0,63.08,63.08,v3_stability_ranker,neutral,14660.0,-0.0181,-0.0201,-0.0609,14758.0,15280.5,1.24,0.0212,kis,,,,medium_attention,no_risk_noise,,,,data/raw/price_010780_20260607_20261005.csv,562,False,Broad evaluation pool candidate,217,False,Broad evaluation pool candidate
035620,2026-10-02,2026-10-02,2026-10-02,2026-10-05,HOLD,neutral,42.44,42.44,42.44,47.34,47.34,0,40.71,4.55,3,5.82,0.0,0.0,0.0,0.0,0,0,42.44,v2_conservative_ranker,29.48,5.0,6,2.72,0.0,0.56,0.0,42.64,42.64,v3_stability_ranker,price_momentum,608.0,-0.14,-0.1314,-0.1227,707.0,676.2,1.9106,0.0485,kis,,,,,,,,,data/raw/price_035620_20260607_20261005.csv,563,False,Broad evaluation pool candidate,628,False,Broad evaluation pool candidate
122450,2026-10-02,2026-10-02,2026-10-02,2026-10-05,HOLD,neutral,42.39,42.39,42.39,43.61,43.61,0,40.48,0.85,3,1.94,0.0,0.0,0.0,0.0,0,0,42.39,v2_conservative_ranker,34.18,8.0,6,14.57,0.0,0.0,0.0,62.75,62.75,v3_stability_ranker,neutral,2535.0,-0.0059,-0.0155,-0.0848,2532.0,2625.25,1.1707,0.0162,kis,,,,,,,,,data/raw/price_122450_20260607_20261005.csv,564,False,Broad evaluation pool candidate,220,False,Broad evaluation pool candidate
105840,2026-10-02,2026-10-02,2026-10-02,2026-10-05,HOLD,neutral,42.35,42.35,42.35,46.82,46.82,0,47.09,-2.0,2,4.74,0.0,0.0,0.0,0.0,0,0,42.35,v2_conservative_ranker,44.0,-3.0,1,11.07,0.0,0.0,0.0,53.08,53.08,v3_stability_ranker,neutral,13690.0,0.0051,-0.0058,0.0763,13534.0,14202.0,0.5897,0.0395,kis,,,,,,,,,data/raw/price_105840_20260607_20261005.csv,565,False,Broad evaluation pool candidate,451,False,Broad evaluation pool candidate
021320,2026-10-02,2026-10-02,2026-10-02,2026-10-05,HOLD,neutral,42.16,42.16,42.16,43.85,43.85,0,44.92,-2.0,2,2.76,0.0,0.0,0.0,0.0,0,0,42.16,v2_conservative_ranker,44.0,-3.0,1,13.55,0.0,0.0,0.0,55.55,55.55,v3_stability_ranker,neutral,5700.0,0.0018,-0.0155,0.042,5734.0,5787.0,0.2674,0.023,kis,,,,,,,,,data/raw/price_021320_20260607_20261005.csv,566,False,Broad evaluation pool candidate,370,False,Broad evaluation pool candidate
020710,2026-10-02,2026-10-02,2026-10-02,2026-10-05,HOLD,neutral,42.11,42.11,42.11,42.35,42.35,0,43.99,-2.0,2,1.88,0.0,0.0,0.0,0.0,0,0,42.11,v2_conservative_ranker,38.0,-3.0,1,14.64,0.0,0.0,0.0,50.64,50.64,v3_stability_ranker,neutral,3625.0,0.0069,-0.0096,-0.0014,3628.0,3697.25,0.1588,0.0157,kis,,,,,,,,,data/raw/price_020710_20260607_20261005.csv,567,False,Broad evaluation pool candidate,508,False,Broad evaluation pool candidate
001060,2026-10-02,2026-10-02,2026-10-02,2026-10-05,HOLD,neutral,41.98,41.98,41.98,43.85,43.85,0,43.61,-2.0,2,1.63,0.0,0.0,0.0,0.0,0,0,41.98,v2_conservative_ranker,38.0,-3.0,1,14.96,0.0,0.0,0.0,50.96,50.96,v3_stability_ranker,neutral,26800.0,-0.0129,-0.0019,-0.0342,26760.0,27052.5,0.5177,0.0136,kis,,,,,,,,,data/raw/price_001060_20260607_20261005.csv,568,False,Broad evaluation pool candidate,499,False,Broad evaluation pool candidate
030530,2026-10-02,2026-10-02,2026-10-02,2026-10-05,HOLD,neutral,41.97,41.97,41.97,69.66,69.66,0,62.71,-2.0,2,9.18,9.91,1.65,0.0,0.0,0,0,41.97,v2_conservative_ranker,43.0,-3.0,1,-1.47,15.8,5.04,0.0,18.68,18.68,v3_stability_ranker,price_momentum,29350.0,0.0482,0.0371,0.6829,27520.0,24833.5,0.6001,0.0765,kis,,,,,,,,,data/raw/price_030530_20260607_20261005.csv,569,False,Broad evaluation pool candidate,754,False,Broad evaluation pool candidate
036530,2026-10-02,2026-10-02,2026-10-02,2026-10-05,HOLD,neutral,41.97,41.97,41.97,43.95,43.95,0,45.08,-2.0,2,3.11,0.0,0.0,0.0,0.0,0,0,41.97,v2_conservative_ranker,38.0,-3.0,1,13.12,0.0,0.0,0.0,49.12,49.12,v3_stability_ranker,neutral,45500.0,-0.0011,0.0,0.0022,46430.0,46532.5,0.4058,0.0259,kis,,,,,,,,,data/raw/price_036530_20260607_20261005.csv,570,False,Broad evaluation pool candidate,533,False,Broad evaluation pool candidate
042660,2026-10-02,2026-10-02,2026-10-02,2026-10-05,HOLD,neutral,41.93,41.93,41.93,43.58,43.58,0,42.46,0.0,2,2.53,0.0,0.0,0.0,0.0,0,0,41.93,v2_conservative_ranker,38.0,2.0,1,13.84,0.0,0.0,0.0,54.84,54.84,v3_stability_ranker,neutral,78700.0,0.0025,-0.0113,-0.0402,78920.0,82980.0,0.8042,0.0211,kis,,,,,,,,,data/raw/price_042660_20260607_20261005.csv,571,False,Broad evaluation pool candidate,408,False,Broad evaluation pool candidate
005710,2026-10-02,2026-10-02,2026-10-02,2026-10-05,HOLD,neutral,41.91,41.91,41.91,44.61,44.61,0,41.87,0.0,2,1.96,0.0,0.0,0.0,0.0,0,0,41.91,v2_conservative_ranker,38.0,2.0,6,14.55,0.0,0.0,0.0,60.55,60.55,v3_stability_ranker,neutral,10470.0,-0.0029,-0.0251,-0.0178,10632.0,10647.0,0.9396,0.0163,kis,,,,,,,,,data/raw/price_005710_20260607_20261005.csv,572,False,Broad evaluation pool candidate,261,False,Broad evaluation pool candidate
006370,2026-10-02,2026-10-02,2026-10-02,2026-10-05,HOLD,neutral,41.9,41.9,41.9,46.34,46.34,0,45.2,-2.0,2,3.3,0.0,0.0,0.0,0.0,0,0,41.9,v2_conservative_ranker,42.5,-3.0,1,12.88,0.0,0.0,0.0,53.38,53.38,v3_stability_ranker,neutral,3020.0,-0.0098,0.022,-0.1871,2972.0,3219.0,0.7067,0.0275,kis,,,,,,,,,data/raw/price_006370_20260607_20261005.csv,573,False,Broad evaluation pool candidate,444,False,Broad evaluation pool candidate
054800,2026-10-02,2026-10-02,2026-10-02,2026-10-05,HOLD,neutral,41.9,41.9,41.9,43.62,43.62,0,43.13,-2.0,2,1.22,0.0,0.0,0.0,0.0,0,0,41.9,v2_conservative_ranker,38.0,-3.0,1,15.47,0.0,0.0,0.0,51.47,51.47,v3_stability_ranker,neutral,14630.0,-0.0128,-0.0034,-0.0438,14784.0,14965.0,0.5286,0.0102,kis,,,,,,,,,data/raw/price_054800_20260607_20261005.csv,574,False,Broad evaluation pool candidate,483,False,Broad evaluation pool candidate
030210,2026-10-02,2026-10-02,2026-10-02,2026-10-05,HOLD,neutral,41.87,41.87,41.87,44.18,44.18,0,43.72,-2.0,2,1.85,0.0,0.0,0.0,0.0,0,0,41.87,v2_conservative_ranker,38.0,-3.0,1,14.69,0.0,0.0,0.0,50.69,50.69,v3_stability_ranker,neutral,3855.0,0.0039,-0.0128,0.0,3881.0,3910.0,0.4994,0.0154,kis,,,,,,,,,data/raw/price_030210_20260607_20261005.csv,575,False,Broad evaluation pool candidate,507,False,Broad evaluation pool candidate
261780,2026-10-02,2026-10-02,2026-10-02,2026-10-05,HOLD,neutral,41.85,41.85,41.85,54.08,54.08,0,52.16,-2.0,2,8.03,1.59,0.69,0.0,0.0,0,0,41.85,v2_conservative_ranker,34.71,-3.0,1,6.96,5.27,3.5,0.0,30.9,30.9,v3_stability_ranker,neutral,3415.0,-0.0144,-0.0284,0.3854,3555.0,3513.25,0.2683,0.0669,kis,,,,,,,,,data/raw/price_261780_20260607_20261005.csv,576,False,Broad evaluation pool candidate,710,False,Broad evaluation pool candidate
489460,2026-10-02,2026-10-02,2026-10-02,2026-10-05,HOLD,neutral,41.85,41.85,41.85,47.77,47.77,0,45.38,-2.0,2,3.53,0.0,0.0,0.0,0.0,0,0,41.85,v2_conservative_ranker,37.56,-3.0,1,12.59,0.0,0.0,0.0,48.15,48.15,v3_stability_ranker,neutral,11520.0,0.0,-0.0368,0.0017,11568.0,11369.0,0.3848,0.0294,kis,,,,,,,,,data/raw/price_489460_20260607_20261005.csv,577,False,Broad evaluation pool candidate,551,False,Broad evaluation pool candidate
069260,2026-10-02,2026-10-02,2026-10-02,2026-10-05,HOLD,neutral,41.83,41.83,41.83,44.23,44.23,0,43.33,-2.0,2,1.5,0.0,0.0,0.0,0.0,0,0,41.83,v2_conservative_ranker,38.0,-3.0,1,15.12,0.0,0.0,0.0,51.12,51.12,v3_stability_ranker,neutral,15990.0,0.0107,-0.013,-0.0105,16056.0,16281.5,0.5511,0.0125,kis,,,,,,,,,data/raw/price_069260_20260607_20261005.csv,578,False,Broad evaluation pool candidate,496,False,Broad evaluation pool candidate
357120,2026-10-02,2026-10-02,2026-10-02,2026-10-05,HOLD,neutral,41.82,41.82,41.82,47.96,47.96,0,43.34,-2.0,2,1.52,0.0,0.0,0.0,0.0,0,0,41.82,v2_conservative_ranker,36.58,-3.0,1,15.1,0.0,0.0,0.0,49.67,49.67,v3_stability_ranker,neutral,4080.0,-0.0037,-0.049,-0.0216,4189.0,4138.25,0.5343,0.0127,kis,,,,,,,,,data/raw/price_357120_20260607_20261005.csv,579,False,Broad evaluation pool candidate,523,False,Broad evaluation pool candidate
034730,2026-10-02,2026-10-02,2026-10-02,2026-10-05,HOLD,neutral,41.82,41.82,41.82,50.82,50.82,0,45.72,-2.0,2,3.9,0.0,0.0,0.0,0.0,0,0,41.82,v2_conservative_ranker,42.18,-3.0,1,12.12,0.0,0.0,0.0,52.3,52.3,v3_stability_ranker,neutral,578000.0,-0.0153,-0.054,0.0606,583400.0,578850.0,0.7398,0.0325,kis,,,,,,,,,data/raw/price_034730_20260607_20261005.csv,580,False,Broad evaluation pool candidate,465,False,Broad evaluation pool candidate
227610,2026-10-02,2026-10-02,2026-10-02,2026-10-05,HOLD,neutral,41.8,41.8,41.8,43.02,43.02,0,40.91,0.0,2,1.12,0.0,0.0,0.0,0.0,0,0,41.8,v2_conservative_ranker,34.52,2.0,1,15.61,0.0,0.0,0.0,53.13,53.13,v3_stability_ranker,neutral,1003.0,0.0091,-0.0138,-0.0773,1000.8,1040.9,0.8654,0.0093,kis,,,,,,,,,data/raw/price_227610_20260607_20261005.csv,581,False,Broad evaluation pool candidate,449,False,Broad evaluation pool candidate
204270,2026-10-02,2026-10-02,2026-10-02,2026-10-05,HOLD,neutral,41.72,41.72,41.72,52.13,52.13,0,46.61,-2.0,2,4.88,0.0,0.0,0.0,0.0,0,0,41.72,v2_conservative_ranker,39.78,-3.0,1,10.89,0.0,0.0,0.0,48.67,48.67,v3_stability_ranker,neutral,21800.0,-0.0068,-0.084,0.1602,22400.0,22086.5,0.7646,0.0407,kis,,,,,,,,,data/raw/price_204270_20260607_20261005.csv,582,False,Broad evaluation pool candidate,542,False,Broad evaluation pool candidate
131400,2026-10-02,2026-10-02,2026-10-02,2026-10-05,HOLD,neutral,41.69,41.69,41.69,41.08,41.08,0,44.73,0.0,0,3.04,0.0,0.0,0.0,0.0,0,0,41.69,v2_conservative_ranker,38.0,-5.0,0,13.21,0.0,0.0,0.0,46.2,46.2,v3_stability_ranker,neutral,766.0,0.0,0.0,-0.0078,766.0,776.2,0.0,0.0253,kis,,,,,,,,,data/raw/price_131400_20260607_20261005.csv,583,False,Broad evaluation pool candidate,584,False,Broad evaluation pool candidate
028050,2026-10-02,2026-10-02,2026-10-02,2026-10-05,HOLD,neutral,41.53,41.53,41.53,46.76,46.76,0,45.29,-2.0,2,3.06,0.0,0.0,0.0,0.7,0,0,41.53,v2_conservative_ranker,41.57,-3.0,1,13.18,0.0,0.0,1.0,51.74,51.74,v3_stability_ranker,neutral,47850.0,0.0106,-0.0304,0.095,48010.0,49445.0,0.5995,0.0255,kis,,,,medium_attention,no_risk_noise,,,,data/raw/price_028050_20260607_20261005.csv,584,False,Broad evaluation pool candidate,479,False,Broad evaluation pool candidate
037440,2026-10-02,2026-10-02,2026-10-02,2026-10-05,HOLD,neutral,41.52,41.52,41.52,42.87,42.87,0,43.54,-2.0,2,2.02,0.0,0.0,0.0,0.0,0,0,41.52,v2_conservative_ranker,38.0,-3.0,1,14.48,0.0,0.0,0.0,50.48,50.48,v3_stability_ranker,neutral,4150.0,-0.0048,-0.0189,0.0122,4153.0,4212.5,0.3053,0.0168,kis,,,,,,,,,data/raw/price_037440_20260607_20261005.csv,585,False,Broad evaluation pool candidate,512,False,Broad evaluation pool candidate
336260,2026-10-02,2026-10-02,2026-10-02,2026-10-05,HOLD,neutral,41.4,41.4,41.4,47.14,47.14,0,48.35,-2.0,2,6.95,0.0,0.0,0.0,0.0,0,0,41.4,v2_conservative_ranker,44.0,-3.0,1,8.31,0.0,2.06,0.0,48.25,48.25,v3_stability_ranker,neutral,45950.0,0.0257,-0.0265,0.1873,45310.0,47810.0,0.3685,0.0579,kis,,,,,,,,,data/raw/price_336260_20260607_20261005.csv,586,False,Broad evaluation pool candidate,549,False,Broad evaluation pool candidate
071050,2026-10-02,2026-10-02,2026-10-02,2026-10-05,HOLD,neutral,41.37,41.37,41.37,43.28,43.28,0,40.84,0.0,2,1.46,0.0,0.0,0.0,0.0,0,0,41.37,v2_conservative_ranker,35.42,2.0,1,15.17,0.0,0.0,0.0,53.59,53.59,v3_stability_ranker,neutral,180400.0,0.005,-0.0322,-0.027,179560.0,186660.0,0.8448,0.0122,kis,,,,,,,,,data/raw/price_071050_20260607_20261005.csv,587,False,Broad evaluation pool candidate,440,False,Broad evaluation pool candidate
153460,2026-10-02,2026-10-02,2026-10-02,2026-10-05,HOLD,neutral,41.27,41.27,41.27,42.56,42.56,0,38.66,1.7,3,2.09,0.0,0.0,0.0,0.0,0,0,41.27,v2_conservative_ranker,31.34,8.0,6,14.39,0.0,0.0,0.0,59.73,59.73,v3_stability_ranker,neutral,5350.0,0.0113,-0.0308,-0.0932,5348.0,5666.0,1.3402,0.0174,kis,,,,,,,,,data/raw/price_153460_20260607_20261005.csv,588,False,Broad evaluation pool candidate,272,False,Broad evaluation pool candidate
091590,2026-10-02,2026-10-02,2026-10-02,2026-10-05,HOLD,neutral,41.14,41.14,41.14,42.16,42.16,0,44.86,-2.0,2,3.72,0.0,0.0,0.0,0.0,0,0,41.14,v2_conservative_ranker,42.5,-3.0,1,12.35,0.0,0.0,0.0,52.85,52.85,v3_stability_ranker,neutral,6030.0,-0.0131,0.0186,-0.2491,6150.0,6597.5,0.2327,0.031,kis,,,,,,,,,data/raw/price_091590_20260607_20261005.csv,589,False,Broad evaluation pool candidate,457,False,Broad evaluation pool candidate
032080,2026-10-02,2026-10-02,2026-10-02,2026-10-05,HOLD,neutral,41.14,41.14,41.14,39.52,39.52,0,42.88,0.0,0,1.74,0.0,0.0,0.0,0.0,0,0,41.14,v2_conservative_ranker,35.28,-5.0,0,14.82,0.0,0.0,0.0,45.1,45.1,v3_stability_ranker,neutral,1010.0,0.0,0.0,-0.0605,1010.0,1026.45,0.0,0.0145,kis,,,,,,,,,data/raw/price_032080_20260607_20261005.csv,590,False,Broad evaluation pool candidate,601,False,Broad evaluation pool candidate
004990,2026-10-02,2026-10-02,2026-10-02,2026-10-05,HOLD,neutral,41.12,41.12,41.12,42.37,42.37,0,42.88,-2.0,2,1.75,0.0,0.0,0.0,0.0,0,0,41.12,v2_conservative_ranker,38.0,-3.0,1,14.81,0.0,0.0,0.0,50.81,50.81,v3_stability_ranker,neutral,23900.0,0.0084,-0.0205,-0.0021,24050.0,24610.0,0.3303,0.0146,kis,,,,,,,,,data/raw/price_004990_20260607_20261005.csv,591,False,Broad evaluation pool candidate,503,False,Broad evaluation pool candidate
004870,2026-10-02,2026-10-02,2026-10-02,2026-10-05,HOLD,neutral,41.09,41.09,41.09,45.31,45.31,0,46.4,-2.0,2,5.3,0.0,0.0,0.0,0.0,0,0,41.09,v2_conservative_ranker,42.5,-3.0,1,10.37,0.0,0.0,0.0,50.87,50.87,v3_stability_ranker,neutral,985.0,-0.0091,0.0239,-0.1427,986.4,1054.8,0.4127,0.0442,kis,,,,,,,,,data/raw/price_004870_20260607_20261005.csv,592,False,Broad evaluation pool candidate,501,False,Broad evaluation pool candidate
373170,2026-10-02,2026-10-02,2026-10-02,2026-10-05,HOLD,neutral,41.06,41.06,41.06,42.65,42.65,0,45.38,-2.0,2,4.32,0.0,0.0,0.0,0.0,0,0,41.06,v2_conservative_ranker,42.5,-3.0,1,11.6,0.0,0.0,0.0,52.1,52.1,v3_stability_ranker,neutral,1845.0,0.0121,0.0216,-0.1652,1801.6,1938.45,0.0581,0.036,kis,,,,,,,,,data/raw/price_373170_20260607_20261005.csv,593,False,Broad evaluation pool candidate,471,False,Broad evaluation pool candidate
032790,2026-10-02,2026-10-02,2026-10-02,2026-10-05,HOLD,neutral,40.93,40.93,40.93,49.58,53.58,-4,54.13,-2.0,2,7.91,0.0,0.59,0.0,4.7,0,0,40.93,v2_conservative_ranker,54.5,-3.0,1,7.12,0.0,3.34,7.2,49.07,49.07,v3_stability_ranker,neutral,1249.0,-0.0016,0.0238,0.0786,1261.4,1301.6,0.3101,0.0659,kis,,,,low_attention,risk_noise_detected,,,,data/raw/price_032790_20260607_20261005.csv,594,False,Broad evaluation pool candidate,534,False,Broad evaluation pool candidate
123860,2026-10-02,2026-10-02,2026-10-02,2026-10-05,HOLD,neutral,40.91,40.91,40.91,43.22,43.22,0,42.07,-2.0,2,1.16,0.0,0.0,0.0,0.0,0,0,40.91,v2_conservative_ranker,38.0,-3.0,1,15.54,0.0,0.0,0.0,51.55,51.55,v3_stability_ranker,neutral,13060.0,-0.0031,-0.0217,-0.0217,13118.0,13409.5,0.5738,0.0097,kis,,,,,,,,,data/raw/price_123860_20260607_20261005.csv,595,False,Broad evaluation pool candidate,480,False,Broad evaluation pool candidate
000500,2026-10-02,2026-10-02,2026-10-02,2026-10-05,HOLD,neutral,40.9,40.9,40.9,68.97,68.97,0,61.83,-2.0,2,9.05,10.34,1.54,0.0,0.0,0,0,40.9,v2_conservative_ranker,43.0,-3.0,1,2.69,15.87,4.86,0.0,22.95,22.95,v3_stability_ranker,price_momentum,327500.0,0.0299,0.0283,0.6294,315100.0,275425.0,0.6136,0.0754,kis,,,,,,,,,data/raw/price_000500_20260607_20261005.csv,596,False,Broad evaluation pool candidate,744,False,Broad evaluation pool candidate
475230,2026-10-02,2026-10-02,2026-10-02,2026-10-05,HOLD,neutral,40.87,40.87,40.87,44.41,44.41,0,44.37,0.0,2,5.5,0.0,0.0,0.0,0.0,0,0,40.87,v2_conservative_ranker,38.0,2.0,6,6.13,0.85,0.13,0.0,51.15,51.15,v3_stability_ranker,neutral,10080.0,0.05,-0.0098,0.01,9808.0,10197.0,0.9111,0.0458,kis,,,,,,,,,data/raw/price_475230_20260607_20261005.csv,597,False,Broad evaluation pool candidate,494,False,Broad evaluation pool candidate
045660,2026-10-02,2026-10-02,2026-10-02,2026-10-05,HOLD,neutral,40.77,40.77,40.77,42.23,42.23,0,42.16,-2.0,2,1.39,0.0,0.0,0.0,0.0,0,0,40.77,v2_conservative_ranker,34.64,-3.0,1,15.26,0.0,0.0,0.0,47.9,47.9,v3_stability_ranker,neutral,8560.0,-0.0023,-0.0023,-0.0746,8528.0,8868.0,0.5587,0.0116,kis,,,,,,,,,data/raw/price_045660_20260607_20261005.csv,598,False,Broad evaluation pool candidate,556,False,Broad evaluation pool candidate
053950,2026-10-02,2026-10-02,2026-10-02,2026-10-05,HOLD,neutral,40.57,40.57,40.57,43.6,43.6,0,47.48,-2.0,2,6.91,0.0,0.0,0.0,0.0,0,0,40.57,v2_conservative_ranker,44.32,-3.0,1,8.36,0.0,2.02,0.0,48.67,48.67,v3_stability_ranker,neutral,2005.0,-0.0025,0.0173,-0.0928,2018.8,2102.95,0.0449,0.0576,kis,,,,,,,,,data/raw/price_053950_20260607_20261005.csv,599,False,Broad evaluation pool candidate,543,False,Broad evaluation pool candidate
330730,2026-10-02,2026-10-02,2026-10-02,2026-10-05,HOLD,neutral,40.57,40.57,40.57,41.5,41.5,0,42.84,-2.0,2,2.27,0.0,0.0,0.0,0.0,0,0,40.57,v2_conservative_ranker,38.0,-3.0,1,14.16,0.0,0.0,0.0,50.16,50.16,v3_stability_ranker,neutral,4625.0,0.0054,-0.0096,-0.0344,4614.0,4666.0,0.3452,0.0189,kis,,,,,,,,,data/raw/price_330730_20260607_20261005.csv,600,False,Broad evaluation pool candidate,518,False,Broad evaluation pool candidate
137080,2026-10-02,2026-10-02,2026-10-02,2026-10-05,HOLD,neutral,40.54,40.54,40.54,43.61,43.61,0,42.62,-2.0,2,2.09,0.0,0.0,0.0,0.0,0,0,40.54,v2_conservative_ranker,38.0,-3.0,1,14.39,0.0,0.0,0.0,50.39,50.39,v3_stability_ranker,neutral,6150.0,0.0065,-0.0176,-0.0176,6112.0,6247.0,0.6653,0.0174,kis,,,,,,,,,data/raw/price_137080_20260607_20261005.csv,601,False,Broad evaluation pool candidate,513,False,Broad evaluation pool candidate
052690,2026-10-02,2026-10-02,2026-10-02,2026-10-05,HOLD,neutral,40.54,40.54,40.54,46.84,46.84,0,48.16,-2.0,2,7.43,0.0,0.19,0.0,0.0,0,0,40.54,v2_conservative_ranker,44.0,-3.0,1,7.71,0.0,2.7,0.0,47.01,47.01,v3_stability_ranker,neutral,126700.0,0.0072,-0.0284,0.1975,124480.0,131465.0,0.3325,0.0619,kis,,,,,,,,,data/raw/price_052690_20260607_20261005.csv,602,False,Broad evaluation pool candidate,570,False,Broad evaluation pool candidate
066590,2026-10-02,2026-10-02,2026-10-02,2026-10-05,HOLD,neutral,40.34,40.34,40.34,47.66,51.66,-4,46.95,-2.0,2,1.91,0.0,0.0,0.0,4.7,0,0,40.34,v2_conservative_ranker,37.58,-3.0,1,14.62,0.0,0.0,7.2,43.0,43.0,v3_stability_ranker,neutral,2310.0,-0.0043,0.0022,-0.0648,2306.0,2353.75,0.7117,0.0159,kis,,,,medium_attention,risk_noise_detected,,,,data/raw/price_066590_20260607_20261005.csv,603,False,Broad evaluation pool candidate,624,False,Broad evaluation pool candidate
134790,2026-10-02,2026-10-02,2026-10-02,2026-10-05,HOLD,neutral,40.32,40.32,40.32,40.9,40.9,0,41.21,-2.0,2,0.89,0.0,0.0,0.0,0.0,0,0,40.32,v2_conservative_ranker,35.1,-3.0,1,15.89,0.0,0.0,0.0,48.99,48.99,v3_stability_ranker,neutral,18600.0,-0.0096,-0.0154,-0.0644,18612.0,19051.5,0.3996,0.0074,kis,,,,,,,,,data/raw/price_134790_20260607_20261005.csv,604,False,Broad evaluation pool candidate,535,False,Broad evaluation pool candidate
013360,2026-10-02,2026-10-02,2026-10-02,2026-10-05,HOLD,neutral,40.31,40.31,40.31,41.61,41.61,0,42.28,-2.0,2,1.97,0.0,0.0,0.0,0.0,0,0,40.31,v2_conservative_ranker,34.68,-3.0,1,14.54,0.0,0.0,0.0,47.22,47.22,v3_stability_ranker,neutral,1380.0,0.0095,-0.0014,-0.0738,1367.6,1411.95,0.5127,0.0164,kis,,,,,,,,,data/raw/price_013360_20260607_20261005.csv,605,False,Broad evaluation pool candidate,566,False,Broad evaluation pool candidate
033790,2026-10-02,2026-10-02,2026-10-02,2026-10-05,HOLD,neutral,40.2,40.2,40.2,85.2,85.2,0,67.0,1.81,3,9.56,20.07,1.97,0.0,0.0,0,0,40.2,v2_conservative_ranker,30.71,8.0,6,-1.95,34.6,5.55,0.0,2.6,2.6,v3_stability_ranker,price_momentum,10090.0,0.1199,0.3276,0.2854,8910.0,8284.0,1.3612,0.0797,kis,,,,,,,,,data/raw/price_033790_20260607_20261005.csv,606,False,Broad evaluation pool candidate,785,False,Broad evaluation pool candidate
181710,2026-10-02,2026-10-02,2026-10-02,2026-10-05,HOLD,neutral,40.2,40.2,40.2,45.6,45.6,0,45.81,-2.0,2,5.62,0.0,0.0,0.0,0.0,0,0,40.2,v2_conservative_ranker,42.5,-3.0,1,9.98,0.0,0.29,0.0,50.19,50.19,v3_stability_ranker,neutral,57300.0,0.0178,0.0232,-0.1574,55980.0,58460.0,0.6381,0.0468,kis,,,,low_attention,no_risk_noise,,,,data/raw/price_181710_20260607_20261005.csv,607,False,Broad evaluation pool candidate,515,False,Broad evaluation pool candidate
000430,2026-10-02,2026-10-02,2026-10-02,2026-10-05,HOLD,neutral,40.2,40.2,40.2,44.35,44.35,0,41.17,0.0,2,2.96,0.0,0.0,0.0,0.0,0,0,40.2,v2_conservative_ranker,38.81,2.0,6,13.29,0.0,0.0,0.0,60.1,60.1,v3_stability_ranker,neutral,4535.0,-0.0268,-0.0649,0.0759,4622.0,4718.75,0.9199,0.0247,kis,,,,,,,,,data/raw/price_000430_20260607_20261005.csv,608,False,Broad evaluation pool candidate,266,False,Broad evaluation pool candidate
005820,2026-10-02,2026-10-02,2026-10-02,2026-10-05,HOLD,neutral,40.11,40.11,40.11,39.16,39.16,0,41.68,-2.0,2,1.57,0.0,0.0,0.0,0.0,0,0,40.11,v2_conservative_ranker,35.48,-3.0,1,15.04,0.0,0.0,0.0,48.52,48.52,v3_stability_ranker,neutral,14500.0,-0.0102,-0.0136,-0.056,14560.0,14613.5,0.1053,0.0131,kis,,,,,,,,,data/raw/price_005820_20260607_20261005.csv,609,False,Broad evaluation pool candidate,546,False,Broad evaluation pool candidate
002920,2026-10-02,2026-10-02,2026-10-02,2026-10-05,HOLD,neutral,40.09,40.09,40.09,43.88,43.88,0,41.27,-2.0,2,1.19,0.0,0.0,0.0,0.0,0,0,40.09,v2_conservative_ranker,35.39,-3.0,1,15.52,0.0,0.0,0.0,48.91,48.91,v3_stability_ranker,neutral,1783.0,-0.0011,-0.0326,-0.0133,1784.6,1822.4,0.7996,0.0099,kis,,,,,,,,,data/raw/price_002920_20260607_20261005.csv,610,False,Broad evaluation pool candidate,540,False,Broad evaluation pool candidate
065650,2026-10-02,2026-10-02,2026-10-02,2026-10-05,AVOID,negative,39.99,39.99,39.99,50.83,50.83,0,38.98,3.0,3,4.99,0.0,0.0,0.0,0.0,0,0,39.99,v2_conservative_ranker,31.28,-1.22,4,10.76,0.0,0.0,0.0,44.82,44.82,v3_stability_ranker,neutral,1360.0,0.0074,-0.0402,-0.2704,1404.0,1494.95,2.8354,0.0416,kis,,,,,,,,,data/raw/price_065650_20260607_20261005.csv,611,False,Broad evaluation pool candidate,604,False,Broad evaluation pool candidate
003540,2026-10-02,2026-10-02,2026-10-02,2026-10-05,AVOID,negative,39.98,39.98,39.98,40.14,40.14,0,41.44,-2.0,2,1.46,0.0,0.0,0.0,0.0,0,0,39.98,v2_conservative_ranker,38.0,-3.0,1,15.17,0.0,0.0,0.0,51.17,51.17,v3_stability_ranker,neutral,25450.0,0.0039,-0.023,-0.036,25580.0,26402.5,0.2436,0.0122,kis,,,,,,,,,data/raw/price_003540_20260607_20261005.csv,612,False,Broad evaluation pool candidate,493,False,Broad evaluation pool candidate
207490,2026-10-02,2026-10-02,2026-10-02,2026-10-05,AVOID,negative,39.93,39.93,39.93,46.1,50.1,-4,48.73,0.0,0,1.4,0.0,0.0,0.0,7.4,0,0,39.93,v2_conservative_ranker,40.5,-5.0,0,15.24,0.0,0.0,11.4,39.34,39.34,v3_stability_ranker,neutral,6400.0,0.0,0.0079,-0.0303,6390.0,6467.5,0.0,0.0117,kis,,,,low_attention,risk_noise_detected,,,,data/raw/price_207490_20260607_20261005.csv,613,False,Broad evaluation pool candidate,657,False,Broad evaluation pool candidate
066430,2026-10-02,2026-10-02,2026-10-02,2026-10-05,AVOID,negative,39.88,39.88,39.88,41.47,41.47,0,42.14,-2.0,2,2.26,0.0,0.0,0.0,0.0,0,0,39.88,v2_conservative_ranker,38.0,-3.0,1,14.18,0.0,0.0,0.0,50.18,50.18,v3_stability_ranker,neutral,2055.0,0.0,-0.0261,-0.0072,2063.0,2071.5,0.3873,0.0188,kis,,,,,,,,,data/raw/price_066430_20260607_20261005.csv,614,False,Broad evaluation pool candidate,516,False,Broad evaluation pool candidate
007160,2026-10-02,2026-10-02,2026-10-02,2026-10-05,AVOID,negative,39.85,39.85,39.85,43.15,43.15,0,41.28,-2.0,2,1.43,0.0,0.0,0.0,0.0,0,0,39.85,v2_conservative_ranker,38.0,-3.0,1,15.21,0.0,0.0,0.0,51.22,51.22,v3_stability_ranker,neutral,47800.0,0.0138,-0.0205,-0.0478,47900.0,49327.5,0.7969,0.0119,kis,,,,low_attention,no_risk_noise,,,,data/raw/price_007160_20260607_20261005.csv,615,False,Broad evaluation pool candidate,491,False,Broad evaluation pool candidate
064800,2026-10-02,2026-10-02,2026-10-02,2026-10-05,AVOID,negative,39.83,39.83,39.83,41.37,41.37,0,43.97,-2.0,2,4.14,0.0,0.0,0.0,0.0,0,0,39.83,v2_conservative_ranker,34.5,-3.0,1,11.82,0.0,0.0,0.0,44.33,44.33,v3_stability_ranker,neutral,2090.0,0.0048,0.0097,-0.2302,2032.4,2320.35,0.3085,0.0345,kis,,,,,,,,,data/raw/price_064800_20260607_20261005.csv,616,False,Broad evaluation pool candidate,615,False,Broad evaluation pool candidate
210980,2026-10-02,2026-10-02,2026-10-02,2026-10-05,AVOID,negative,39.77,39.77,39.77,41.06,41.06,0,44.65,-2.0,2,4.88,0.0,0.0,0.0,0.0,0,0,39.77,v2_conservative_ranker,42.5,-3.0,1,10.89,0.0,0.0,0.0,51.39,51.39,v3_stability_ranker,neutral,3390.0,-0.0287,0.0165,-0.1967,3489.0,3715.0,0.2194,0.0407,kis,,,,,,,,,data/raw/price_210980_20260607_20261005.csv,617,False,Broad evaluation pool candidate,486,False,Broad evaluation pool candidate
377450,2026-10-02,2026-10-02,2026-10-02,2026-10-05,AVOID,negative,39.77,39.77,39.77,42.45,42.45,0,45.69,-2.0,2,5.92,0.0,0.0,0.0,0.0,0,0,39.77,v2_conservative_ranker,42.5,-3.0,1,9.61,0.0,0.69,0.0,49.42,49.42,v3_stability_ranker,neutral,14470.0,0.0255,0.0154,-0.1387,14534.0,15578.0,0.1296,0.0493,kis,,,,,,,,,data/raw/price_377450_20260607_20261005.csv,618,False,Broad evaluation pool candidate,528,False,Broad evaluation pool candidate
054930,2026-10-02,2026-10-02,2026-10-02,2026-10-05,AVOID,negative,39.75,39.75,39.75,39.65,39.65,0,41.96,-2.0,2,2.21,0.0,0.0,0.0,0.0,0,0,39.75,v2_conservative_ranker,38.0,-3.0,1,14.24,0.0,0.0,0.0,50.24,50.24,v3_stability_ranker,neutral,17760.0,0.0178,-0.0166,-0.0395,17628.0,18160.0,0.1871,0.0184,kis,,,,,,,,,data/raw/price_054930_20260607_20261005.csv,619,False,Broad evaluation pool candidate,514,False,Broad evaluation pool candidate
177830,2026-10-02,2026-10-02,2026-10-02,2026-10-05,AVOID,negative,39.69,39.69,39.69,39.78,39.78,0,40.88,-2.0,2,1.19,0.0,0.0,0.0,0.0,0,0,39.69,v2_conservative_ranker,34.2,-3.0,1,15.52,0.0,0.0,0.0,47.72,47.72,v3_stability_ranker,neutral,2115.0,0.0024,-0.0117,-0.0844,2111.0,2171.5,0.3603,0.0099,kis,,,,,,,,,data/raw/price_177830_20260607_20261005.csv,620,False,Broad evaluation pool candidate,557,False,Broad evaluation pool candidate
013580,2026-10-02,2026-10-02,2026-10-02,2026-10-05,AVOID,negative,39.67,39.67,39.67,42.39,42.39,0,41.48,-2.0,2,1.81,0.0,0.0,0.0,0.0,0,0,39.67,v2_conservative_ranker,34.79,-3.0,1,14.73,0.0,0.0,0.0,47.53,47.53,v3_stability_ranker,neutral,21550.0,0.0047,-0.0401,0.0141,21860.0,22407.5,0.5337,0.0151,kis,,,,,,,,,data/raw/price_013580_20260607_20261005.csv,621,False,Broad evaluation pool candidate,561,False,Broad evaluation pool candidate
009540,2026-10-02,2026-10-02,2026-10-02,2026-10-05,AVOID,negative,39.59,39.59,39.59,42.83,42.83,0,42.88,-2.0,2,3.29,0.0,0.0,0.0,0.0,0,0,39.59,v2_conservative_ranker,38.0,-3.0,1,12.89,0.0,0.0,0.0,48.89,48.89,v3_stability_ranker,neutral,326500.0,0.0031,-0.018,-0.0091,326200.0,341325.0,0.6377,0.0274,kis,,,,,,,,,data/raw/price_009540_20260607_20261005.csv,622,False,Broad evaluation pool candidate,541,False,Broad evaluation pool candidate
340570,2026-10-02,2026-10-02,2026-10-02,2026-10-05,AVOID,negative,39.59,39.59,39.59,40.59,40.59,0,39.49,0.0,2,1.9,0.0,0.0,0.0,0.0,0,0,39.59,v2_conservative_ranker,34.54,2.0,1,14.63,0.0,0.0,0.0,52.17,52.17,v3_stability_ranker,neutral,27600.0,0.0018,-0.0282,-0.0769,27670.0,27940.0,0.8064,0.0158,kis,,,,,,,,,data/raw/price_340570_20260607_20261005.csv,623,False,Broad evaluation pool candidate,469,False,Broad evaluation pool candidate
226330,2026-10-02,2026-10-02,2026-10-02,2026-10-05,AVOID,negative,39.58,39.58,39.58,44.3,44.3,0,45.09,-2.0,2,5.51,0.0,0.0,0.0,0.0,0,0,39.58,v2_conservative_ranker,37.76,-3.0,1,10.11,0.0,0.14,0.0,45.74,45.74,v3_stability_ranker,neutral,1266.0,-0.0306,-0.0178,-0.0608,1306.4,1282.5,0.2842,0.0459,kis,,,,,,,,,data/raw/price_226330_20260607_20261005.csv,624,False,Broad evaluation pool candidate,592,False,Broad evaluation pool candidate
003550,2026-10-02,2026-10-02,2026-10-02,2026-10-05,AVOID,negative,39.57,39.57,39.57,40.55,40.55,0,42.45,-2.0,2,2.88,0.0,0.0,0.0,0.0,0,0,39.57,v2_conservative_ranker,35.3,-3.0,1,13.4,0.0,0.0,0.0,46.7,46.7,v3_stability_ranker,neutral,111400.0,0.0146,-0.0045,-0.0599,111480.0,114645.0,0.3996,0.024,kis,,,,,,,,,data/raw/price_003550_20260607_20261005.csv,625,False,Broad evaluation pool candidate,575,False,Broad evaluation pool candidate
003470,2026-10-02,2026-10-02,2026-10-02,2026-10-05,AVOID,negative,39.53,39.53,39.53,42.05,42.05,0,41.06,-2.0,2,1.52,0.0,0.0,0.0,0.0,0,0,39.53,v2_conservative_ranker,34.82,-3.0,1,15.1,0.0,0.0,0.0,47.92,47.92,v3_stability_ranker,neutral,4345.0,-0.0057,-0.0147,-0.0706,4367.0,4579.5,0.7197,0.0127,kis,,,,,,,,,data/raw/price_003470_20260607_20261005.csv,626,False,Broad evaluation pool candidate,555,False,Broad evaluation pool candidate
200350,2026-10-02,2026-10-02,2026-10-02,2026-10-05,AVOID,negative,39.52,39.52,39.52,98.93,98.93,0,75.0,0.0,2,10.0,24.72,2.76,0.0,0.0,0,0,39.52,v2_conservative_ranker,28.32,2.0,6,-2.0,41.52,6.82,0.0,0.0,0.0,v3_stability_ranker,strong_price_momentum,3330.0,0.1404,0.3084,0.3537,2981.0,2644.5,0.9878,0.0876,kis,,,,,,,,,data/raw/price_200350_20260607_20261005.csv,627,False,Broad evaluation pool candidate,795,False,Broad evaluation pool candidate
048470,2026-10-02,2026-10-02,2026-10-02,2026-10-05,AVOID,negative,39.49,39.49,39.49,41.62,41.62,0,42.04,-2.0,2,2.54,0.0,0.0,0.0,0.0,0,0,39.49,v2_conservative_ranker,38.0,-3.0,1,13.82,0.0,0.0,0.0,49.82,49.82,v3_stability_ranker,neutral,2795.0,-0.0053,-0.0193,-0.0295,2817.0,2818.25,0.5237,0.0212,kis,,,,,,,,,data/raw/price_048470_20260607_20261005.csv,628,False,Broad evaluation pool candidate,522,False,Broad evaluation pool candidate
001230,2026-10-02,2026-10-02,2026-10-02,2026-10-05,AVOID,negative,39.47,39.47,39.47,42.13,42.13,0,41.97,-2.0,2,2.5,0.0,0.0,0.0,0.0,0,0,39.47,v2_conservative_ranker,40.97,-3.0,1,13.88,0.0,0.0,0.0,52.85,52.85,v3_stability_ranker,neutral,2030.0,0.0025,-0.0379,0.0216,2053.0,2077.15,0.4872,0.0208,kis,,,,,,,,,data/raw/price_001230_20260607_20261005.csv,629,False,Broad evaluation pool candidate,458,False,Broad evaluation pool candidate
006980,2026-10-02,2026-10-02,2026-10-02,2026-10-05,AVOID,negative,39.44,39.44,39.44,41.9,41.9,0,43.74,-2.0,2,4.3,0.0,0.0,0.0,0.0,0,0,39.44,v2_conservative_ranker,41.2,-3.0,1,11.63,0.0,0.0,0.0,50.83,50.83,v3_stability_ranker,neutral,16800.0,-0.0018,-0.035,0.064,17128.0,17255.0,0.2963,0.0358,kis,,,,,,,,,data/raw/price_006980_20260607_20261005.csv,630,False,Broad evaluation pool candidate,502,False,Broad evaluation pool candidate
007610,2026-10-02,2026-10-02,2026-10-02,2026-10-05,AVOID,negative,39.41,39.41,39.41,50.78,50.78,0,49.27,-2.0,2,8.65,0.0,1.21,0.0,0.0,0,0,39.41,v2_conservative_ranker,46.5,-3.0,1,6.19,0.0,4.34,0.0,46.35,46.35,v3_stability_ranker,neutral,4305.0,-0.0035,-0.0249,0.0789,4327.0,4175.5,0.7566,0.0721,kis,,,,medium_attention,no_risk_noise,,,,data/raw/price_007610_20260607_20261005.csv,631,False,Broad evaluation pool candidate,581,False,Broad evaluation pool candidate
065710,2026-10-02,2026-10-02,2026-10-02,2026-10-05,AVOID,negative,39.39,39.39,39.39,41.7,41.7,0,40.62,-2.0,2,1.24,0.0,0.0,0.0,0.0,0,0,39.39,v2_conservative_ranker,35.5,-3.0,1,15.46,0.0,0.0,0.0,48.95,48.95,v3_stability_ranker,neutral,43350.0,-0.0023,-0.0313,-0.0356,44110.0,45102.5,0.6066,0.0103,kis,,,,,,,,,data/raw/price_065710_20260607_20261005.csv,632,False,Broad evaluation pool candidate,537,False,Broad evaluation pool candidate
333620,2026-10-02,2026-10-02,2026-10-02,2026-10-05,AVOID,negative,39.38,39.38,39.38,46.76,50.76,-4,48.93,-2.0,2,2.15,0.0,0.0,0.0,7.4,0,0,39.38,v2_conservative_ranker,40.5,-3.0,1,14.31,0.0,0.0,11.4,41.41,41.41,v3_stability_ranker,neutral,5050.0,0.01,0.012,-0.0363,5088.0,5172.5,0.1943,0.0179,kis,,,,medium_attention,risk_noise_detected,,,,data/raw/price_333620_20260607_20261005.csv,633,False,Broad evaluation pool candidate,639,False,Broad evaluation pool candidate
018260,2026-10-02,2026-10-02,2026-10-02,2026-10-05,AVOID,negative,39.37,39.37,39.37,42.56,42.56,0,42.22,-2.0,2,2.84,0.0,0.0,0.0,0.0,0,0,39.37,v2_conservative_ranker,35.3,-3.0,1,13.45,0.0,0.0,0.0,46.74,46.74,v3_stability_ranker,neutral,219000.0,-0.0179,-0.0068,-0.0601,219300.0,223500.0,0.7697,0.0237,kis,,,,,,,,,data/raw/price_018260_20260607_20261005.csv,634,False,Broad evaluation pool candidate,574,False,Broad evaluation pool candidate
012630,2026-10-02,2026-10-02,2026-10-02,2026-10-05,AVOID,negative,39.35,39.35,39.35,43.29,43.29,0,39.73,0.96,3,4.33,0.0,0.0,0.0,0.0,0,0,39.35,v2_conservative_ranker,37.87,8.0,6,7.58,0.0,0.0,0.0,59.46,59.46,v3_stability_ranker,neutral,23500.0,-0.0505,-0.0766,0.0682,24920.0,25507.5,1.191,0.0361,kis,,,,,,,,,data/raw/price_012630_20260607_20261005.csv,635,False,Broad evaluation pool candidate,279,False,Broad evaluation pool candidate
268280,2026-10-02,2026-10-02,2026-10-02,2026-10-05,AVOID,negative,39.28,39.28,39.28,42.54,42.54,0,41.41,-2.0,2,2.14,0.0,0.0,0.0,0.0,0,0,39.28,v2_conservative_ranker,35.3,-3.0,1,14.33,0.0,0.0,0.0,47.63,47.63,v3_stability_ranker,neutral,129100.0,0.0181,-0.0337,-0.0062,129940.0,132815.0,0.6668,0.0178,kis,,,,,,,,,data/raw/price_268280_20260607_20261005.csv,636,False,Broad evaluation pool candidate,558,False,Broad evaluation pool candidate
322780,2026-10-02,2026-10-02,2026-10-02,2026-10-05,AVOID,negative,39.2,39.2,39.2,56.25,56.25,0,39.26,0.0,3,3.06,0.0,0.0,0.0,0.0,0,0,39.2,v2_conservative_ranker,31.05,-3.59,4,13.18,0.0,0.0,0.0,44.64,44.64,v3_stability_ranker,neutral,1686.0,0.0084,-0.0633,-0.0974,1704.0,1808.85,3.6827,0.0255,kis,,,,,,,,,data/raw/price_322780_20260607_20261005.csv,637,False,Broad evaluation pool candidate,606,False,Broad evaluation pool candidate
083650,2026-10-02,2026-10-02,2026-10-02,2026-10-05,AVOID,negative,39.17,39.17,39.17,41.52,41.52,0,44.27,-2.0,2,5.1,0.0,0.0,0.0,0.0,0,0,39.17,v2_conservative_ranker,38.0,-3.0,1,10.62,0.0,0.0,0.0,46.62,46.62,v3_stability_ranker,neutral,59500.0,-0.0133,-0.0067,-0.0017,59680.0,63040.0,0.42,0.0425,kis,,,,,,,,,data/raw/price_083650_20260607_20261005.csv,638,False,Broad evaluation pool candidate,577,False,Broad evaluation pool candidate
047400,2026-10-02,2026-10-02,2026-10-02,2026-10-05,AVOID,negative,39.14,39.14,39.14,44.27,44.27,0,43.29,-2.0,2,4.15,0.0,0.0,0.0,0.0,0,0,39.14,v2_conservative_ranker,36.65,-3.0,1,11.81,0.0,0.0,0.0,46.46,46.46,v3_stability_ranker,neutral,910.0,-0.0098,-0.0481,-0.0257,928.2,921.8,0.3037,0.0346,kis,,,,,,,,,data/raw/price_047400_20260607_20261005.csv,639,False,Broad evaluation pool candidate,579,False,Broad evaluation pool candidate
109740,2026-10-02,2026-10-02,2026-10-02,2026-10-05,AVOID,negative,39.09,39.09,39.09,40.74,40.74,0,42.21,-2.0,2,3.12,0.0,0.0,0.0,0.0,0,0,39.09,v2_conservative_ranker,35.67,-3.0,1,13.1,0.0,0.0,0.0,46.77,46.77,v3_stability_ranker,neutral,4035.0,0.0088,-0.0098,-0.0517,4016.0,4157.75,0.4834,0.026,kis,,,,,,,,,data/raw/price_109740_20260607_20261005.csv,640,False,Broad evaluation pool candidate,573,False,Broad evaluation pool candidate
006800,2026-10-02,2026-10-02,2026-10-02,2026-10-05,AVOID,negative,39.04,39.04,39.04,41.81,41.81,0,41.5,-2.0,2,2.46,0.0,0.0,0.0,0.0,0,0,39.04,v2_conservative_ranker,38.0,-3.0,1,13.93,0.0,0.0,0.0,49.92,49.92,v3_stability_ranker,neutral,31600.0,-0.0171,-0.0202,-0.0424,31530.0,32787.5,0.6669,0.0205,kis,,,,,,,,,data/raw/price_006800_20260607_20261005.csv,641,False,Broad evaluation pool candidate,521,False,Broad evaluation pool candidate
098070,2026-10-02,2026-10-02,2026-10-02,2026-10-05,AVOID,negative,39.03,39.03,39.03,41.52,41.52,0,43.75,-2.0,2,4.73,0.0,0.0,0.0,0.0,0,0,39.03,v2_conservative_ranker,44.0,-3.0,1,11.09,0.0,0.0,0.0,53.09,53.09,v3_stability_ranker,neutral,23400.0,-0.0127,-0.0209,0.0241,23600.0,24595.0,0.3907,0.0394,kis,,,,,,,,,data/raw/price_098070_20260607_20261005.csv,642,False,Broad evaluation pool candidate,450,False,Broad evaluation pool candidate
080420,2026-10-02,2026-10-02,2026-10-02,2026-10-05,AVOID,negative,39.02,39.02,39.02,39.2,39.2,0,40.79,-2.0,2,1.78,0.0,0.0,0.0,0.0,0,0,39.02,v2_conservative_ranker,38.0,-3.0,1,14.78,0.0,0.0,0.0,50.78,50.78,v3_stability_ranker,neutral,1567.0,0.0097,-0.0255,-0.0474,1579.0,1632.05,0.2661,0.0148,kis,,,,,,,,,data/raw/price_080420_20260607_20261005.csv,643,False,Broad evaluation pool candidate,505,False,Broad evaluation pool candidate
000950,2026-10-02,2026-10-02,2026-10-02,2026-10-05,AVOID,negative,38.98,38.98,38.98,40.08,40.08,0,40.32,0.0,2,3.34,0.0,0.0,0.0,0.0,0,0,38.98,v2_conservative_ranker,33.73,2.0,1,12.83,0.0,0.0,0.0,49.56,49.56,v3_stability_ranker,neutral,29100.0,-0.0185,-0.0136,-0.0949,29700.0,30902.5,0.8271,0.0278,kis,,,,,,,,,data/raw/price_000950_20260607_20261005.csv,644,False,Broad evaluation pool candidate,527,False,Broad evaluation pool candidate
049120,2026-10-02,2026-10-02,2026-10-02,2026-10-05,AVOID,negative,38.95,38.95,38.95,41.45,41.45,0,42.61,-2.0,2,3.66,0.0,0.0,0.0,0.0,0,0,38.95,v2_conservative_ranker,35.37,-3.0,1,12.43,0.0,0.0,0.0,45.8,45.8,v3_stability_ranker,neutral,2820.0,-0.0123,-0.0035,-0.0584,2815.0,2943.75,0.6278,0.0305,kis,,,,,,,,,data/raw/price_049120_20260607_20261005.csv,645,False,Broad evaluation pool candidate,590,False,Broad evaluation pool candidate
023590,2026-10-02,2026-10-02,2026-10-02,2026-10-05,AVOID,negative,38.86,38.86,38.86,42.43,42.43,0,41.26,-2.0,2,2.4,0.0,0.0,0.0,0.0,0,0,38.86,v2_conservative_ranker,35.45,-3.0,1,14.0,0.0,0.0,0.0,47.45,47.45,v3_stability_ranker,neutral,37950.0,-0.0143,-0.0319,-0.0156,38300.0,39022.5,0.7337,0.02,kis,,,,,,,,,data/raw/price_023590_20260607_20261005.csv,646,False,Broad evaluation pool candidate,562,False,Broad evaluation pool candidate
067630,2026-10-02,2026-10-02,2026-10-02,2026-10-05,AVOID,negative,38.79,38.79,38.79,80.36,80.36,0,67.0,-2.0,2,9.67,16.48,2.06,0.0,0.0,0,0,38.79,v2_conservative_ranker,28.66,-3.0,1,2.0,28.92,5.7,0.0,0.0,0.0,v3_stability_ranker,price_momentum,3575.0,-0.0377,0.3645,0.344,3651.0,2842.0,0.5607,0.0806,kis,,,,,,,,,data/raw/price_067630_20260607_20261005.csv,647,False,Broad evaluation pool candidate,796,False,Broad evaluation pool candidate
091970,2026-10-02,2026-10-02,2026-10-02,2026-10-05,AVOID,negative,38.71,38.71,38.71,40.33,40.33,0,40.58,-2.0,2,1.87,0.0,0.0,0.0,0.0,0,0,38.71,v2_conservative_ranker,34.26,-3.0,1,14.66,0.0,0.0,0.0,46.92,46.92,v3_stability_ranker,neutral,3585.0,0.0228,-0.0151,-0.0831,3547.0,3769.75,0.5918,0.0156,kis,,,,,,,,,data/raw/price_091970_20260607_20261005.csv,648,False,Broad evaluation pool candidate,571,False,Broad evaluation pool candidate
053690,2026-10-02,2026-10-02,2026-10-02,2026-10-05,AVOID,negative,38.7,38.7,38.7,41.45,41.45,0,42.63,-2.0,2,3.92,0.0,0.0,0.0,0.0,0,0,38.7,v2_conservative_ranker,38.0,-3.0,1,12.09,0.0,0.0,0.0,48.09,48.09,v3_stability_ranker,neutral,20800.0,-0.0235,-0.028,0.0122,21130.0,22265.0,0.4848,0.0327,kis,,,,,,,,,data/raw/price_053690_20260607_20261005.csv,649,False,Broad evaluation pool candidate,552,False,Broad evaluation pool candidate
273060,2026-10-02,2026-10-02,2026-10-02,2026-10-05,AVOID,negative,38.42,38.42,38.42,36.78,36.78,0,40.5,-2.0,2,2.08,0.0,0.0,0.0,0.0,0,0,38.42,v2_conservative_ranker,33.05,-3.0,1,14.41,0.0,0.0,0.0,45.45,45.45,v3_stability_ranker,neutral,3845.0,0.0105,-0.0065,-0.11,3825.0,3972.25,0.1098,0.0173,kis,,,,,,,,,data/raw/price_273060_20260607_20261005.csv,650,False,Broad evaluation pool candidate,595,False,Broad evaluation pool candidate
389680,2026-10-02,2026-10-02,2026-10-02,2026-10-05,AVOID,negative,38.39,38.39,38.39,57.21,57.21,0,53.34,-2.0,2,6.95,8.0,0.0,0.0,0.0,0,0,38.39,v2_conservative_ranker,32.5,-3.0,1,5.31,12.54,2.06,0.0,21.21,21.21,v3_stability_ranker,neutral,2955.0,-0.0101,-0.0166,0.6444,3030.0,2569.75,0.4429,0.0579,kis,,,,,,,,,data/raw/price_389680_20260607_20261005.csv,651,False,Broad evaluation pool candidate,750,False,Broad evaluation pool candidate
457600,2026-10-02,2026-10-02,2026-10-02,2026-10-05,AVOID,negative,38.34,38.34,38.34,41.08,41.08,0,35.0,5.02,3,4.62,0.06,0.0,0.0,0.0,0,0,38.34,v2_conservative_ranker,27.23,5.0,6,4.22,4.33,0.0,0.0,38.12,38.12,v3_stability_ranker,neutral,3950.0,0.0705,-0.0909,-0.2779,3908.0,4457.5,2.0036,0.0385,kis,,,,,,,,,data/raw/price_457600_20260607_20261005.csv,652,False,Broad evaluation pool candidate,670,False,Broad evaluation pool candidate
009730,2026-10-02,2026-10-02,2026-10-02,2026-10-05,AVOID,negative,38.29,38.29,38.29,49.43,49.43,0,50.75,-2.0,2,10.0,0.0,2.46,0.0,0.0,0,0,38.29,v2_conservative_ranker,48.5,-3.0,1,5.0,0.0,6.34,0.0,45.16,45.16,v3_stability_ranker,neutral,1995.0,-0.0244,0.0168,0.002,2031.8,2059.85,0.6088,0.0846,kis,,,,,,,,,data/raw/price_009730_20260607_20261005.csv,653,False,Broad evaluation pool candidate,600,False,Broad evaluation pool candidate
254120,2026-10-02,2026-10-02,2026-10-02,2026-10-05,AVOID,negative,38.28,38.28,38.28,35.52,35.52,0,40.16,0.0,0,1.88,0.0,0.0,0.0,0.0,0,0,38.28,v2_conservative_ranker,32.0,-5.0,0,14.64,0.0,0.0,0.0,41.64,41.64,v3_stability_ranker,neutral,910.0,0.0,0.0,-0.1383,910.0,974.4,0.0,0.0157,kis,,,,,,,,,data/raw/price_254120_20260607_20261005.csv,654,False,Broad evaluation pool candidate,637,False,Broad evaluation pool candidate
000050,2026-10-02,2026-10-02,2026-10-02,2026-10-05,AVOID,negative,38.23,38.23,38.23,42.13,46.13,-4,43.59,-2.0,2,0.66,0.0,0.0,0.0,4.7,0,0,38.23,v2_conservative_ranker,38.0,-3.0,1,16.18,0.0,0.0,7.2,44.97,44.97,v3_stability_ranker,neutral,7960.0,0.0051,-0.0038,-0.0293,7928.0,8076.0,0.7545,0.0055,kis,,,,low_attention,risk_noise_detected,,,,data/raw/price_000050_20260607_20261005.csv,655,False,Broad evaluation pool candidate,602,False,Broad evaluation pool candidate
329180,2026-10-02,2026-10-02,2026-10-02,2026-10-05,AVOID,negative,38.19,38.19,38.19,42.7,42.7,0,41.93,-2.0,2,3.74,0.0,0.0,0.0,0.0,0,0,38.19,v2_conservative_ranker,35.28,-3.0,1,12.32,0.0,0.0,0.0,45.6,45.6,v3_stability_ranker,neutral,426000.0,-0.0127,-0.034,0.0095,432400.0,448625.0,0.7902,0.0312,kis,,,,,,,,,data/raw/price_329180_20260607_20261005.csv,656,False,Broad evaluation pool candidate,593,False,Broad evaluation pool candidate
154040,2026-10-02,2026-10-02,2026-10-02,2026-10-05,AVOID,negative,38.06,38.06,38.06,46.16,46.16,0,36.75,3.0,3,4.69,0.0,0.0,0.0,0.0,0,0,38.06,v2_conservative_ranker,27.04,-0.87,4,7.13,1.43,4.99,0.0,30.89,30.89,v3_stability_ranker,neutral,9270.0,0.0534,-0.1213,-0.1213,8946.0,10149.0,2.711,0.0391,kis,,,,,,,,,data/raw/price_154040_20260607_20261005.csv,657,False,Broad evaluation pool candidate,711,False,Broad evaluation pool candidate
034020,2026-10-02,2026-10-02,2026-10-02,2026-10-05,AVOID,negative,38.02,38.02,38.02,43.24,47.24,-4,46.82,-2.0,2,4.1,0.0,0.0,0.0,4.7,0,0,38.02,v2_conservative_ranker,44.0,-3.0,1,11.87,0.0,0.0,7.2,46.67,46.67,v3_stability_ranker,neutral,81400.0,-0.0085,-0.0037,0.0627,81360.0,84790.0,0.6496,0.0342,kis,,,,medium_attention,risk_noise_detected,,,,data/raw/price_034020_20260607_20261005.csv,658,False,Broad evaluation pool candidate,576,False,Broad evaluation pool candidate
009420,2026-10-02,2026-10-02,2026-10-02,2026-10-05,AVOID,negative,38.02,38.02,38.02,38.83,38.83,0,39.1,0.0,3,4.08,0.0,0.0,0.0,0.0,0,0,38.02,v2_conservative_ranker,32.0,8.0,6,7.9,0.0,0.0,0.0,53.9,53.9,v3_stability_ranker,neutral,46400.0,-0.0433,-0.0043,-0.1564,45130.0,49097.5,1.0803,0.034,kis,,,,,,,,,data/raw/price_009420_20260607_20261005.csv,659,False,Broad evaluation pool candidate,432,False,Broad evaluation pool candidate
419540,2026-10-02,2026-10-02,2026-10-02,2026-10-05,AVOID,negative,37.99,37.99,37.99,39.03,39.03,0,40.09,-2.0,2,2.1,0.0,0.0,0.0,0.0,0,0,37.99,v2_conservative_ranker,33.99,-3.0,1,14.38,0.0,0.0,0.0,46.37,46.37,v3_stability_ranker,neutral,3020.0,0.0168,-0.0179,-0.089,3028.0,3173.0,0.5035,0.0175,kis,,,,,,,,,data/raw/price_419540_20260607_20261005.csv,660,False,Broad evaluation pool candidate,580,False,Broad evaluation pool candidate
357880,2026-10-02,2026-10-02,2026-10-02,2026-10-05,AVOID,negative,37.99,37.99,37.99,38.55,38.55,0,36.62,2.4,3,4.03,0.0,0.0,0.0,0.0,0,0,37.99,v2_conservative_ranker,30.0,8.0,6,11.96,0.0,0.0,0.0,55.96,55.96,v3_stability_ranker,price_weakness,1735.0,-0.035,-0.1043,-0.0108,1815.6,1821.25,1.4798,0.0336,kis,,,,,,,,,data/raw/price_357880_20260607_20261005.csv,661,False,Broad evaluation pool candidate,360,False,Broad evaluation pool candidate
298040,2026-10-02,2026-10-02,2026-10-02,2026-10-05,AVOID,negative,37.98,37.98,37.98,42.07,42.07,0,41.66,-2.0,2,3.67,0.0,0.0,0.0,0.0,0,0,37.98,v2_conservative_ranker,35.07,-3.0,1,12.41,0.0,0.0,0.0,45.48,45.48,v3_stability_ranker,neutral,2790000.0,-0.0113,-0.0366,0.009,2793800.0,2834450.0,0.7237,0.0306,kis,,,,,,,,,data/raw/price_298040_20260607_20261005.csv,662,False,Broad evaluation pool candidate,594,False,Broad evaluation pool candidate
368970,2026-10-02,2026-10-02,2026-10-02,2026-10-05,AVOID,negative,37.98,37.98,37.98,53.39,53.39,0,39.5,3.0,3,3.52,0.0,4.0,0.0,0.0,0,0,37.98,v2_conservative_ranker,32.5,-3.02,4,8.61,0.0,0.0,0.0,42.09,42.09,v3_stability_ranker,neutral,2455.0,-0.0466,-0.1153,-0.0429,2595.0,2618.25,3.4778,0.0293,kis,,,,,,,,,data/raw/price_368970_20260607_20261005.csv,663,False,Broad evaluation pool candidate,632,False,Broad evaluation pool candidate
267260,2026-10-02,2026-10-02,2026-10-02,2026-10-05,AVOID,negative,37.93,37.93,37.93,40.28,40.28,0,39.14,0.0,2,3.2,0.0,0.0,0.0,0.0,0,0,37.93,v2_conservative_ranker,34.61,2.0,6,13.0,0.0,0.0,0.0,55.6,55.6,v3_stability_ranker,neutral,678000.0,0.0074,-0.0424,-0.0464,677400.0,713050.0,0.9188,0.0267,kis,,,,low_attention,no_risk_noise,,,,data/raw/price_267260_20260607_20261005.csv,664,False,Broad evaluation pool candidate,368,False,Broad evaluation pool candidate
413630,2026-10-02,2026-10-02,2026-10-02,2026-10-05,AVOID,negative,37.91,37.91,37.91,38.75,38.75,0,42.67,-2.0,2,4.75,0.0,0.0,0.0,0.0,0,0,37.91,v2_conservative_ranker,38.0,-3.0,1,11.06,0.0,0.0,0.0,47.06,47.06,v3_stability_ranker,neutral,4170.0,0.0072,-0.0246,0.0036,4131.0,4211.75,0.1643,0.0396,kis,,,,,,,,,data/raw/price_413630_20260607_20261005.csv,665,False,Broad evaluation pool candidate,568,False,Broad evaluation pool candidate
000720,2026-10-02,2026-10-02,2026-10-02,2026-10-05,AVOID,negative,37.89,37.89,37.89,41.83,41.83,0,40.37,0.0,2,4.49,0.0,0.0,0.0,0.0,0,0,37.89,v2_conservative_ranker,33.78,2.0,6,11.39,0.0,0.0,0.0,53.17,53.17,v3_stability_ranker,price_weakness,114700.0,-0.0213,-0.0528,0.0187,118200.0,124845.0,0.9862,0.0374,kis,,,,,,,,,data/raw/price_000720_20260607_20261005.csv,666,False,Broad evaluation pool candidate,447,False,Broad evaluation pool candidate
278470,2026-10-02,2026-10-02,2026-10-02,2026-10-05,AVOID,negative,37.88,37.88,37.88,40.09,40.09,0,40.25,-2.0,2,2.36,0.0,0.0,0.0,0.0,0,0,37.88,v2_conservative_ranker,32.42,-3.0,1,14.04,0.0,0.0,0.0,44.46,44.46,v3_stability_ranker,neutral,367000.0,0.0027,-0.0041,-0.1241,366000.0,369600.0,0.7791,0.0197,kis,,,,,,,,,data/raw/price_278470_20260607_20261005.csv,667,False,Broad evaluation pool candidate,609,False,Broad evaluation pool candidate
083640,2026-10-02,2026-10-02,2026-10-02,2026-10-05,AVOID,negative,37.88,37.88,37.88,39.2,39.2,0,41.36,-2.0,2,3.48,0.0,0.0,0.0,0.0,0,0,37.88,v2_conservative_ranker,38.0,-3.0,1,12.65,0.0,0.0,0.0,48.65,48.65,v3_stability_ranker,neutral,5250.0,-0.0057,-0.0242,-0.0349,5288.0,5400.5,0.3767,0.029,kis,,,,,,,,,data/raw/price_083640_20260607_20261005.csv,668,False,Broad evaluation pool candidate,544,False,Broad evaluation pool candidate
023530,2026-10-02,2026-10-02,2026-10-02,2026-10-05,AVOID,negative,37.83,37.83,37.83,39.44,39.44,0,41.82,-2.0,2,3.98,0.0,0.0,0.0,0.0,0,0,37.83,v2_conservative_ranker,38.0,-3.0,1,12.02,0.0,0.0,0.0,48.02,48.02,v3_stability_ranker,neutral,101800.0,0.0049,-0.0202,-0.0332,101820.0,109650.0,0.4067,0.0332,kis,,,,,,,,,data/raw/price_023530_20260607_20261005.csv,669,False,Broad evaluation pool candidate,553,False,Broad evaluation pool candidate
397030,2026-10-02,2026-10-02,2026-10-02,2026-10-05,AVOID,negative,37.8,37.8,37.8,64.74,64.74,0,45.72,0.0,3,6.92,0.0,4.0,0.0,0.0,0,0,37.8,v2_conservative_ranker,37.57,-9.0,4,4.35,0.0,2.03,0.0,34.88,34.88,v3_stability_ranker,price_momentum,16880.0,-0.2075,-0.0679,-0.014,19154.0,18016.5,6.7247,0.0577,kis,,,,,,,,,data/raw/price_397030_20260607_20261005.csv,670,False,Broad evaluation pool candidate,687,False,Broad evaluation pool candidate
131100,2026-10-02,2026-10-02,2026-10-02,2026-10-05,AVOID,negative,37.76,37.76,37.76,70.03,70.03,0,61.24,0.0,2,9.12,14.76,1.6,0.0,0.0,0,0,37.76,v2_conservative_ranker,43.18,2.0,1,-1.4,29.52,4.96,0.0,10.3,10.3,v3_stability_ranker,price_momentum,3190.0,0.1,0.0224,0.4434,2907.0,2520.0,0.8988,0.076,kis,,,,,,,,,data/raw/price_131100_20260607_20261005.csv,671,False,Broad evaluation pool candidate,777,False,Broad evaluation pool candidate
267250,2026-10-02,2026-10-02,2026-10-02,2026-10-05,AVOID,negative,37.76,37.76,37.76,40.41,40.41,0,41.06,0.0,2,5.3,0.0,0.0,0.0,0.0,0,0,37.76,v2_conservative_ranker,38.0,2.0,6,10.37,0.0,0.0,0.0,56.37,56.37,v3_stability_ranker,neutral,200500.0,0.0152,-0.0243,-0.043,202200.0,222200.0,0.9015,0.0442,kis,,,,,,,,,data/raw/price_267250_20260607_20261005.csv,672,False,Broad evaluation pool candidate,353,False,Broad evaluation pool candidate
042940,2026-10-02,2026-10-02,2026-10-02,2026-10-05,AVOID,negative,37.76,37.76,37.76,39.36,39.36,0,39.58,-2.0,2,1.82,0.0,0.0,0.0,0.0,0,0,37.76,v2_conservative_ranker,32.59,-3.0,1,14.72,0.0,0.0,0.0,45.31,45.31,v3_stability_ranker,neutral,5420.0,0.0188,-0.0321,-0.0631,5360.0,5578.85,0.5402,0.0152,kis,,,,,,,,,data/raw/price_042940_20260607_20261005.csv,673,False,Broad evaluation pool candidate,598,False,Broad evaluation pool candidate
079160,2026-10-02,2026-10-02,2026-10-02,2026-10-05,AVOID,negative,37.76,37.76,37.76,40.07,40.07,0,39.87,-2.0,2,2.11,0.0,0.0,0.0,0.0,0,0,37.76,v2_conservative_ranker,33.0,-3.0,1,14.36,0.0,0.0,0.0,45.36,45.36,v3_stability_ranker,neutral,5010.0,-0.002,-0.0328,-0.0529,5092.0,5286.0,0.6258,0.0176,kis,,,,,,,,,data/raw/price_079160_20260607_20261005.csv,674,False,Broad evaluation pool candidate,596,False,Broad evaluation pool candidate
321370,2026-10-02,2026-10-02,2026-10-02,2026-10-05,AVOID,negative,37.74,37.74,37.74,71.41,71.41,0,62.05,0.0,2,8.81,16.16,1.34,0.0,0.0,0,0,37.74,v2_conservative_ranker,43.0,2.0,6,-1.01,27.9,4.54,0.0,17.55,17.55,v3_stability_ranker,price_momentum,1856.0,0.0797,0.0305,0.6796,1756.8,1460.05,0.9503,0.0734,kis,,,,,,,,,data/raw/price_321370_20260607_20261005.csv,675,False,Broad evaluation pool candidate,756,False,Broad evaluation pool candidate
004800,2026-10-02,2026-10-02,2026-10-02,2026-10-05,AVOID,negative,37.72,37.72,37.72,40.44,40.44,0,40.82,-2.0,2,3.11,0.0,0.0,0.0,0.0,0,0,37.72,v2_conservative_ranker,34.98,-3.0,1,13.12,0.0,0.0,0.0,46.09,46.09,v3_stability_ranker,neutral,158000.0,0.0154,-0.0378,-0.0113,157360.0,160590.0,0.5627,0.0259,kis,,,,,,,,,data/raw/price_004800_20260607_20261005.csv,676,False,Broad evaluation pool candidate,585,False,Broad evaluation pool candidate
195990,2026-10-02,2026-10-02,2026-10-02,2026-10-05,AVOID,negative,37.67,37.67,37.67,37.46,37.46,0,39.0,-2.0,2,1.33,0.0,0.0,0.0,0.0,0,0,37.67,v2_conservative_ranker,32.0,-3.0,1,15.34,0.0,0.0,0.0,45.34,45.34,v3_stability_ranker,neutral,1129.0,-0.0053,-0.0096,-0.144,1133.4,1192.85,0.4548,0.0111,kis,,,,,,,,,data/raw/price_195990_20260607_20261005.csv,677,False,Broad evaluation pool candidate,597,False,Broad evaluation pool candidate
431190,2026-10-02,2026-10-02,2026-10-02,2026-10-05,AVOID,negative,37.56,37.56,37.56,68.62,69.62,-1,64.05,-2.0,2,8.4,9.59,1.0,0.0,7.5,0,0,37.56,v2_conservative_ranker,43.0,-3.0,1,3.5,18.24,4.0,11.2,11.06,11.06,v3_stability_ranker,price_momentum,4580.0,0.0,0.0505,0.4517,4410.0,3712.75,0.2619,0.07,kis,,,,high_attention,risk_noise_detected,,,,data/raw/price_431190_20260607_20261005.csv,678,False,Broad evaluation pool candidate,775,False,Broad evaluation pool candidate
055550,2026-10-02,2026-10-02,2026-10-02,2026-10-05,AVOID,negative,37.53,37.53,37.53,40.62,40.62,0,40.43,-2.0,2,2.9,0.0,0.0,0.0,0.0,0,0,37.53,v2_conservative_ranker,35.51,-3.0,1,13.37,0.0,0.0,0.0,46.88,46.88,v3_stability_ranker,neutral,105900.0,0.0202,-0.0311,-0.0416,107520.0,111060.0,0.7049,0.0242,kis,,,,,,,,,data/raw/price_055550_20260607_20261005.csv,679,False,Broad evaluation pool candidate,572,False,Broad evaluation pool candidate
001530,2026-10-02,2026-10-02,2026-10-02,2026-10-05,AVOID,negative,37.45,37.45,37.45,38.21,38.21,0,40.53,-2.0,2,3.08,0.0,0.0,0.0,0.0,0,0,37.45,v2_conservative_ranker,33.03,-3.0,1,13.14,0.0,0.0,0.0,44.17,44.17,v3_stability_ranker,neutral,24950.0,-0.0292,-0.006,-0.1105,25520.0,26492.5,0.4844,0.0257,kis,,,,,,,,,data/raw/price_001530_20260607_20261005.csv,680,False,Broad evaluation pool candidate,616,False,Broad evaluation pool candidate
104460,2026-10-02,2026-10-02,2026-10-02,2026-10-05,AVOID,negative,37.33,37.33,37.33,38.29,38.29,0,39.51,-2.0,2,2.18,0.0,0.0,0.0,0.0,0,0,37.33,v2_conservative_ranker,32.09,-3.0,1,14.27,0.0,0.0,0.0,44.36,44.36,v3_stability_ranker,neutral,6680.0,0.0075,-0.0089,-0.1313,6686.0,6942.5,0.5941,0.0182,kis,,,,,,,,,data/raw/price_104460_20260607_20261005.csv,681,False,Broad evaluation pool candidate,613,False,Broad evaluation pool candidate
046120,2026-10-02,2026-10-02,2026-10-02,2026-10-05,AVOID,negative,37.24,37.24,37.24,45.12,45.12,0,48.31,-2.0,2,9.31,0.0,1.76,0.0,0.0,0,0,37.24,v2_conservative_ranker,36.6,-3.0,1,5.36,0.0,5.22,0.0,34.75,34.75,v3_stability_ranker,neutral,5430.0,0.0093,-0.0269,0.2599,5308.0,5478.75,0.262,0.0776,kis,,,,,,,,,data/raw/price_046120_20260607_20261005.csv,682,False,Broad evaluation pool candidate,689,False,Broad evaluation pool candidate
003090,2026-10-02,2026-10-02,2026-10-02,2026-10-05,AVOID,negative,37.08,37.08,37.08,37.72,37.72,0,37.06,0.0,2,1.98,0.0,0.0,0.0,0.0,0,0,37.08,v2_conservative_ranker,29.56,2.0,1,14.53,0.0,0.0,0.0,47.09,47.09,v3_stability_ranker,neutral,15310.0,-0.018,-0.0365,-0.1226,15512.0,16135.5,0.8587,0.0165,kis,,,,,,,,,data/raw/price_003090_20260607_20261005.csv,683,False,Broad evaluation pool candidate,567,False,Broad evaluation pool candidate
025980,2026-10-02,2026-10-02,2026-10-02,2026-10-05,AVOID,negative,37.07,37.07,37.07,38.36,38.36,0,41.83,-2.0,2,4.75,0.0,0.0,0.0,0.0,0,0,37.07,v2_conservative_ranker,38.0,-3.0,1,11.06,0.0,0.0,0.0,47.06,47.06,v3_stability_ranker,neutral,5120.0,0.0119,-0.0192,-0.0358,4945.0,5187.25,0.339,0.0396,kis,,,,,,,,,data/raw/price_025980_20260607_20261005.csv,684,False,Broad evaluation pool candidate,569,False,Broad evaluation pool candidate
006260,2026-10-02,2026-10-02,2026-10-02,2026-10-05,AVOID,negative,37.01,37.01,37.01,39.88,39.88,0,38.29,0.0,3,4.28,0.0,0.0,0.0,0.0,0,0,37.01,v2_conservative_ranker,32.4,2.0,6,11.64,0.0,0.0,0.0,52.05,52.05,v3_stability_ranker,neutral,299000.0,0.0034,-0.07,0.0084,306800.0,311725.0,1.0042,0.0357,kis,,,,medium_attention,no_risk_noise,,,,data/raw/price_006260_20260607_20261005.csv,685,False,Broad evaluation pool candidate,475,False,Broad evaluation pool candidate
003200,2026-10-02,2026-10-02,2026-10-02,2026-10-05,AVOID,negative,37.0,37.0,37.0,38.41,38.41,0,43.06,-2.0,2,6.06,0.0,0.0,0.0,0.0,0,0,37.0,v2_conservative_ranker,44.0,-3.0,1,9.43,0.0,0.88,0.0,50.54,50.54,v3_stability_ranker,neutral,10800.0,0.0169,-0.027,0.0218,10810.0,10997.0,0.1778,0.0505,kis,,,,,,,,,data/raw/price_003200_20260607_20261005.csv,686,False,Broad evaluation pool candidate,510,False,Broad evaluation pool candidate
038530,2026-10-02,2026-10-02,2026-10-02,2026-10-05,AVOID,negative,36.97,36.97,36.97,36.44,36.44,0,37.4,2.22,3,5.65,0.0,0.0,0.0,0.0,0,0,36.97,v2_conservative_ranker,32.0,8.0,6,6.93,0.0,0.34,0.0,52.6,52.6,v3_stability_ranker,neutral,4005.0,0.0114,-0.016,-0.1982,3853.0,4584.25,1.4438,0.0471,kis,,,,,,,,,data/raw/price_038530_20260607_20261005.csv,687,False,Broad evaluation pool candidate,461,False,Broad evaluation pool candidate
067370,2026-10-02,2026-10-02,2026-10-02,2026-10-05,AVOID,negative,36.97,36.97,36.97,35.52,35.52,0,39.68,-2.0,2,2.71,0.0,0.0,0.0,0.0,0,0,36.97,v2_conservative_ranker,33.22,-3.0,1,13.61,0.0,0.0,0.0,44.83,44.83,v3_stability_ranker,neutral,5550.0,0.0109,-0.016,-0.1063,5472.0,5875.0,0.116,0.0226,kis,,,,,,,,,data/raw/price_067370_20260607_20261005.csv,688,False,Broad evaluation pool candidate,603,False,Broad evaluation pool candidate
223310,2026-10-02,2026-10-02,2026-10-02,2026-10-05,AVOID,negative,36.9,36.9,36.9,37.21,37.21,0,42.34,-2.0,2,5.44,0.0,0.0,0.0,0.0,0,0,36.9,v2_conservative_ranker,35.44,-3.0,1,6.21,1.36,0.05,0.0,38.23,38.23,v3_stability_ranker,neutral,2980.0,0.053,-0.0067,-0.057,2923.0,3087.0,0.2104,0.0453,kis,,,,,,,,,data/raw/price_223310_20260607_20261005.csv,689,False,Broad evaluation pool candidate,669,False,Broad evaluation pool candidate
244920,2026-10-02,2026-10-02,2026-10-02,2026-10-05,AVOID,negative,36.79,36.79,36.79,39.29,39.29,0,39.43,-2.0,2,2.64,0.0,0.0,0.0,0.0,0,0,36.79,v2_conservative_ranker,32.37,-3.0,1,13.7,0.0,0.0,0.0,44.07,44.07,v3_stability_ranker,neutral,12200.0,-0.0057,-0.0317,-0.0687,12490.0,13241.0,0.6829,0.022,kis,,,,,,,,,data/raw/price_244920_20260607_20261005.csv,690,False,Broad evaluation pool candidate,618,False,Broad evaluation pool candidate
351320,2026-10-02,2026-10-02,2026-10-02,2026-10-05,AVOID,negative,36.73,36.73,36.73,82.25,82.25,0,67.0,0.0,2,10.0,19.7,2.57,0.0,0.0,0,0,36.73,v2_conservative_ranker,25.0,2.0,1,2.0,28.96,6.51,0.0,0.0,0.0,v3_stability_ranker,price_momentum,4805.0,0.0333,0.3111,0.5963,4234.0,4077.75,0.8745,0.0857,kis,,,,,,,,,data/raw/price_351320_20260607_20261005.csv,691,False,Broad evaluation pool candidate,797,False,Broad evaluation pool candidate
368600,2026-10-02,2026-10-02,2026-10-02,2026-10-05,AVOID,negative,36.68,36.68,36.68,34.72,34.72,0,41.07,0.0,0,4.39,0.0,0.0,0.0,0.0,0,0,36.68,v2_conservative_ranker,32.95,-5.0,0,11.51,0.0,0.0,0.0,39.46,39.46,v3_stability_ranker,neutral,956.0,0.0,0.0,-0.1123,956.0,975.9,0.0,0.0366,kis,,,,,,,,,data/raw/price_368600_20260607_20261005.csv,692,False,Broad evaluation pool candidate,656,False,Broad evaluation pool candidate
294870,2026-10-02,2026-10-02,2026-10-02,2026-10-05,AVOID,negative,36.64,36.64,36.64,38.39,38.39,0,38.61,-2.0,2,1.97,0.0,0.0,0.0,0.0,0,0,36.64,v2_conservative_ranker,33.44,-3.0,1,14.54,0.0,0.0,0.0,45.98,45.98,v3_stability_ranker,price_weakness,22350.0,-0.0132,-0.057,-0.0197,23030.0,23562.5,0.4521,0.0164,kis,,,,,,,,,data/raw/price_294870_20260607_20261005.csv,693,False,Broad evaluation pool candidate,587,False,Broad evaluation pool candidate
069920,2026-10-02,2026-10-02,2026-10-02,2026-10-05,AVOID,negative,36.6,36.6,36.6,76.14,76.14,0,59.57,0.0,3,10.0,8.0,7.98,0.0,0.0,0,0,36.6,v2_conservative_ranker,51.0,-5.61,4,-2.0,12.49,22.46,0.0,12.44,12.44,v3_stability_ranker,price_momentum,1349.0,0.2996,0.0758,-0.0288,1167.8,1198.35,4.403,0.0979,kis,,,,,,,,,data/raw/price_069920_20260607_20261005.csv,694,False,Broad evaluation pool candidate,772,False,Broad evaluation pool candidate
010130,2026-10-02,2026-10-02,2026-10-02,2026-10-05,AVOID,negative,36.59,36.59,36.59,37.81,37.81,0,38.21,-2.0,2,1.62,0.0,0.0,0.0,0.0,0,0,36.59,v2_conservative_ranker,33.08,-3.0,1,14.97,0.0,0.0,0.0,46.05,46.05,v3_stability_ranker,neutral,1083000.0,0.0131,-0.0296,-0.1094,1077600.0,1146600.0,0.5984,0.0135,kis,,,,,,,,,data/raw/price_010130_20260607_20261005.csv,695,False,Broad evaluation pool candidate,586,False,Broad evaluation pool candidate
000760,2026-10-02,2026-10-02,2026-10-02,2026-10-05,AVOID,negative,36.41,36.41,36.41,36.51,36.51,0,39.33,-2.0,2,2.92,0.0,0.0,0.0,0.0,0,0,36.41,v2_conservative_ranker,32.78,-3.0,1,13.36,0.0,0.0,0.0,44.14,44.14,v3_stability_ranker,neutral,12190.0,-0.0177,-0.0161,-0.116,12120.0,13093.0,0.392,0.0243,kis,,,,,,,,,data/raw/price_000760_20260607_20261005.csv,696,False,Broad evaluation pool candidate,617,False,Broad evaluation pool candidate
142760,2026-10-02,2026-10-02,2026-10-02,2026-10-05,AVOID,negative,36.35,36.35,36.35,38.08,38.08,0,45.57,-2.0,2,8.3,0.0,0.92,0.0,0.0,0,0,36.35,v2_conservative_ranker,42.5,-3.0,1,6.62,0.0,3.87,0.0,43.25,43.25,v3_stability_ranker,neutral,479.0,-0.0062,0.0257,-0.2946,481.4,502.0,0.0722,0.0692,kis,,,,low_attention,no_risk_noise,,,,data/raw/price_142760_20260607_20261005.csv,697,False,Broad evaluation pool candidate,623,False,Broad evaluation pool candidate
369370,2026-10-02,2026-10-02,2026-10-02,2026-10-05,AVOID,negative,36.34,36.34,36.34,35.42,35.42,0,38.35,-2.0,2,2.0,0.0,0.0,0.0,0.0,0,0,36.34,v2_conservative_ranker,32.0,-3.0,1,14.5,0.0,0.0,0.0,44.5,44.5,v3_stability_ranker,neutral,3070.0,0.0233,-0.0081,-0.1669,3038.0,3308.5,0.374,0.0167,kis,,,,,,,,,data/raw/price_369370_20260607_20261005.csv,698,False,Broad evaluation pool candidate,607,False,Broad evaluation pool candidate
236810,2026-10-02,2026-10-02,2026-10-02,2026-10-05,AVOID,negative,36.27,36.27,36.27,39.74,39.74,0,39.03,-2.0,2,2.76,0.0,0.0,0.0,0.0,0,0,36.27,v2_conservative_ranker,33.67,-3.0,1,13.55,0.0,0.0,0.0,45.22,45.22,v3_stability_ranker,neutral,1608.0,-0.0092,-0.0541,-0.0159,1663.0,1710.95,0.7067,0.023,kis,,,,,,,,,data/raw/price_236810_20260607_20261005.csv,699,False,Broad evaluation pool candidate,599,False,Broad evaluation pool candidate
377300,2026-10-02,2026-10-02,2026-10-02,2026-10-05,AVOID,negative,36.1,36.1,36.1,36.51,36.51,0,40.17,-2.0,2,4.07,0.0,0.0,0.0,0.0,0,0,36.1,v2_conservative_ranker,33.37,-3.0,1,11.91,0.0,0.0,0.0,43.29,43.29,v3_stability_ranker,neutral,40150.0,0.0025,-0.0123,-0.1028,40260.0,43160.0,0.3775,0.0339,kis,,,,,,,,,data/raw/price_377300_20260607_20261005.csv,700,False,Broad evaluation pool candidate,622,False,Broad evaluation pool candidate
074430,2026-10-02,2026-10-02,2026-10-02,2026-10-05,AVOID,negative,36.1,36.1,36.1,35.38,35.38,0,38.8,-2.0,2,2.7,0.0,0.0,0.0,0.0,0,0,36.1,v2_conservative_ranker,32.81,-3.0,1,13.62,0.0,0.0,0.0,44.44,44.44,v3_stability_ranker,neutral,1044.0,-0.0029,-0.0216,-0.1153,1053.4,1066.4,0.2596,0.0225,kis,,,,,,,,,data/raw/price_074430_20260607_20261005.csv,701,False,Broad evaluation pool candidate,610,False,Broad evaluation pool candidate
241840,2026-10-02,2026-10-02,2026-10-02,2026-10-05,AVOID,negative,36.03,36.03,36.03,36.49,36.49,0,36.07,0.0,2,2.04,0.0,0.0,0.0,0.0,0,0,36.03,v2_conservative_ranker,28.83,2.0,1,14.45,0.0,0.0,0.0,46.28,46.28,v3_stability_ranker,neutral,2190.0,-0.0045,-0.0478,-0.1187,2214.0,2323.25,0.8177,0.017,kis,,,,,,,,,data/raw/price_241840_20260607_20261005.csv,702,False,Broad evaluation pool candidate,582,False,Broad evaluation pool candidate
089230,2026-10-02,2026-10-02,2026-10-02,2026-10-05,AVOID,negative,35.99,35.99,35.99,35.35,35.35,0,37.24,0.0,3,4.25,0.0,0.0,0.0,0.0,0,0,35.99,v2_conservative_ranker,27.66,2.0,6,11.69,0.0,0.0,0.0,47.35,47.35,v3_stability_ranker,neutral,1843.0,-0.0351,-0.1388,-0.1075,1973.6,1947.9,1.0247,0.0354,kis,,,,,,,,,data/raw/price_089230_20260607_20261005.csv,703,False,Broad evaluation pool candidate,564,False,Broad evaluation pool candidate
267270,2026-10-02,2026-10-02,2026-10-02,2026-10-05,AVOID,negative,35.93,35.93,35.93,37.16,37.16,0,35.12,1.89,3,4.08,0.0,0.0,0.0,0.0,0,0,35.93,v2_conservative_ranker,28.37,8.0,6,8.9,0.0,0.0,0.0,51.27,51.27,v3_stability_ranker,price_weakness,118000.0,-0.0134,-0.0902,-0.0537,122980.0,134460.0,1.3772,0.034,kis,,,,,,,,,data/raw/price_267270_20260607_20261005.csv,704,False,Broad evaluation pool candidate,489,False,Broad evaluation pool candidate
038060,2026-10-02,2026-10-02,2026-10-02,2026-10-05,AVOID,negative,35.84,35.84,35.84,32.23,32.23,0,39.0,0.0,0,3.16,0.0,0.0,0.0,0.0,0,0,35.84,v2_conservative_ranker,32.0,-5.0,0,13.05,0.0,0.0,0.0,40.05,40.05,v3_stability_ranker,neutral,689.0,0.0,0.0,-0.1827,689.0,729.1,0.0,0.0263,kis,,,,,,,,,data/raw/price_038060_20260607_20261005.csv,705,False,Broad evaluation pool candidate,648,False,Broad evaluation pool candidate
019680,2026-10-02,2026-10-02,2026-10-02,2026-10-05,AVOID,negative,35.77,35.77,35.77,36.48,36.48,0,38.21,-2.0,2,2.44,0.0,0.0,0.0,0.0,0,0,35.77,v2_conservative_ranker,32.0,-3.0,1,13.96,0.0,0.0,0.0,43.95,43.95,v3_stability_ranker,neutral,1623.0,-0.0073,-0.0079,-0.1885,1630.6,1752.7,0.7879,0.0203,kis,,,,,,,,,data/raw/price_019680_20260607_20261005.csv,706,False,Broad evaluation pool candidate,619,False,Broad evaluation pool candidate
090430,2026-10-02,2026-10-02,2026-10-02,2026-10-05,AVOID,negative,35.67,35.67,35.67,37.73,37.73,0,35.57,0.0,2,1.9,0.0,0.0,0.0,0.0,0,0,35.67,v2_conservative_ranker,29.28,2.0,6,14.63,0.0,0.0,0.0,51.91,51.91,v3_stability_ranker,price_weakness,132500.0,-0.0236,-0.0702,-0.0689,138400.0,141325.0,0.9626,0.0158,kis,,,,,,,,,data/raw/price_090430_20260607_20261005.csv,707,False,Broad evaluation pool candidate,476,False,Broad evaluation pool candidate
058730,2026-10-02,2026-10-02,2026-10-02,2026-10-05,AVOID,negative,35.6,35.6,35.6,32.75,32.75,0,38.22,-2.0,2,2.62,0.0,0.0,0.0,0.0,0,0,35.6,v2_conservative_ranker,32.0,-3.0,1,13.73,0.0,0.0,0.0,43.73,43.73,v3_stability_ranker,neutral,3175.0,0.0095,-0.0078,-0.1942,3170.0,3318.0,0.236,0.0218,kis,,,,,,,,,data/raw/price_058730_20260607_20261005.csv,708,False,Broad evaluation pool candidate,621,False,Broad evaluation pool candidate
036630,2026-10-02,2026-10-02,2026-10-02,2026-10-05,AVOID,negative,35.59,35.59,35.59,36.57,36.57,0,41.15,-2.0,2,5.56,0.0,0.0,0.0,0.0,0,0,35.59,v2_conservative_ranker,34.2,-3.0,1,10.05,0.0,0.21,0.0,42.05,42.05,v3_stability_ranker,neutral,7700.0,0.0172,-0.009,-0.0844,7726.0,8463.0,0.3867,0.0463,kis,,,,,,,,,data/raw/price_036630_20260607_20261005.csv,709,False,Broad evaluation pool candidate,634,False,Broad evaluation pool candidate
118000,2026-10-02,2026-10-02,2026-10-02,2026-10-05,AVOID,negative,35.59,35.59,35.59,38.62,38.62,0,39.75,-2.0,2,2.76,0.0,0.0,0.0,1.4,0,0,35.59,v2_conservative_ranker,32.78,-3.0,1,13.55,0.0,0.0,2.0,42.33,42.33,v3_stability_ranker,neutral,1233.0,0.0148,-0.0314,-0.0602,1232.0,1283.8,0.511,0.023,kis,,,,medium_attention,no_risk_noise,,,,data/raw/price_118000_20260607_20261005.csv,710,False,Broad evaluation pool candidate,631,False,Broad evaluation pool candidate
307870,2026-10-02,2026-10-02,2026-10-02,2026-10-05,AVOID,negative,35.1,35.1,35.1,36.46,36.46,0,38.84,-2.0,2,3.74,0.0,0.0,0.0,0.0,0,0,35.1,v2_conservative_ranker,31.75,-3.0,1,12.32,0.0,0.0,0.0,42.07,42.07,v3_stability_ranker,neutral,1235.0,0.0073,-0.0344,-0.0777,1224.0,1260.2,0.4839,0.0312,kis,,,,,,,,,data/raw/price_307870_20260607_20261005.csv,711,False,Broad evaluation pool candidate,633,False,Broad evaluation pool candidate
286750,2026-10-02,2026-10-02,2026-10-02,2026-10-05,AVOID,negative,34.86,34.86,34.86,38.16,38.16,0,39.66,-2.0,2,4.8,0.0,0.0,0.0,0.0,0,0,34.86,v2_conservative_ranker,30.94,-3.0,1,11.0,0.0,0.0,0.0,39.94,39.94,v3_stability_ranker,neutral,2540.0,0.004,-0.0505,-0.1226,2621.0,2587.25,0.2228,0.04,kis,,,,,,,,,data/raw/price_286750_20260607_20261005.csv,712,False,Broad evaluation pool candidate,649,False,Broad evaluation pool candidate
051900,2026-10-02,2026-10-02,2026-10-02,2026-10-05,AVOID,negative,34.82,34.82,34.82,36.14,36.14,0,34.81,0.0,2,1.99,0.0,0.0,0.0,0.0,0,0,34.82,v2_conservative_ranker,28.39,2.0,1,14.51,0.0,0.0,0.0,45.9,45.9,v3_stability_ranker,price_weakness,271500.0,0.0,-0.0718,-0.0859,276700.0,290600.0,0.8795,0.0166,kis,,,,,,,,,data/raw/price_051900_20260607_20261005.csv,713,False,Broad evaluation pool candidate,588,False,Broad evaluation pool candidate
002360,2026-10-02,2026-10-02,2026-10-02,2026-10-05,AVOID,negative,34.74,34.74,34.74,84.45,84.45,0,67.0,1.21,3,10.0,22.51,3.95,0.0,0.0,0,0,34.74,v2_conservative_ranker,27.03,8.0,6,-2.0,36.0,8.72,0.0,0.0,0.0,v3_stability_ranker,price_momentum,3325.0,-0.0815,0.2739,1.0627,3316.0,2140.4,1.2413,0.0995,kis,,,,,,,,,data/raw/price_002360_20260607_20261005.csv,714,False,Broad evaluation pool candidate,798,False,Broad evaluation pool candidate
001210,2026-10-02,2026-10-02,2026-10-02,2026-10-05,AVOID,negative,34.74,34.74,34.74,33.74,33.74,0,35.44,1.03,3,4.73,0.0,0.0,0.0,0.0,0,0,34.74,v2_conservative_ranker,29.15,8.0,6,8.09,0.0,0.0,0.0,51.24,51.24,v3_stability_ranker,neutral,9490.0,0.0042,-0.0356,-0.2865,9576.0,10940.0,1.2059,0.0394,kis,,,,,,,,,data/raw/price_001210_20260607_20261005.csv,715,False,Broad evaluation pool candidate,490,False,Broad evaluation pool candidate
0007J0,2026-10-02,2026-10-02,2026-10-02,2026-10-05,AVOID,negative,34.7,34.7,34.7,42.29,42.29,0,47.0,-2.0,2,9.98,0.0,2.32,0.0,0.0,0,0,34.7,v2_conservative_ranker,38.5,-3.0,1,1.0,0.0,6.11,0.0,31.39,31.39,v3_stability_ranker,neutral,9720.0,-0.0983,-0.3155,0.215,11874.0,10426.5,0.5476,0.0832,kis,,,,,,,,,data/raw/price_0007J0_20260607_20261005.csv,716,False,Broad evaluation pool candidate,706,False,Broad evaluation pool candidate
078350,2026-10-02,2026-10-02,2026-10-02,2026-10-05,AVOID,negative,34.52,34.52,34.52,83.89,83.89,0,67.0,0.66,3,9.48,24.76,1.9,0.0,0.0,0,0,34.52,v2_conservative_ranker,25.06,8.0,6,2.15,36.0,5.44,0.0,0.0,0.0,v3_stability_ranker,price_momentum,36000.0,0.0,0.302,0.8377,31880.0,23674.0,1.1317,0.079,kis,,,,,,,,,data/raw/price_078350_20260607_20261005.csv,717,False,Broad evaluation pool candidate,799,False,Broad evaluation pool candidate
011090,2026-10-02,2026-10-02,2026-10-02,2026-10-05,AVOID,negative,34.41,34.41,34.41,32.55,32.55,0,41.35,-2.0,2,6.95,0.0,0.0,0.0,0.0,0,0,34.41,v2_conservative_ranker,36.0,-3.0,1,5.31,0.0,2.06,0.0,37.25,37.25,v3_stability_ranker,neutral,1338.0,-0.0007,-0.205,0.1244,1440.2,1501.65,0.5196,0.0579,kis,,,,,,,,,data/raw/price_011090_20260607_20261005.csv,718,False,Broad evaluation pool candidate,674,False,Broad evaluation pool candidate
051630,2026-10-02,2026-10-02,2026-10-02,2026-10-05,AVOID,negative,34.4,34.4,34.4,46.45,46.45,0,46.81,-2.0,2,10.0,0.0,2.41,0.0,0.0,0,0,34.4,v2_conservative_ranker,42.32,-3.0,1,5.0,0.0,6.26,0.0,39.06,39.06,v3_stability_ranker,neutral,1540.0,0.0033,-0.0523,0.0868,1686.6,1521.15,0.5571,0.0841,kis,,,,,,,,,data/raw/price_051630_20260607_20261005.csv,719,False,Broad evaluation pool candidate,660,False,Broad evaluation pool candidate
027740,2026-10-02,2026-10-02,2026-10-02,2026-10-05,AVOID,negative,34.34,34.34,34.34,31.0,31.0,0,37.65,-2.0,2,3.31,0.0,0.0,0.0,0.0,0,0,34.34,v2_conservative_ranker,32.0,-3.0,1,9.86,0.0,0.0,0.0,39.86,39.86,v3_stability_ranker,neutral,1168.0,0.0246,-0.0135,-0.2234,1146.6,1349.95,0.1853,0.0276,kis,,,,,,,,,data/raw/price_027740_20260607_20261005.csv,720,False,Broad evaluation pool candidate,650,False,Broad evaluation pool candidate
282330,2026-10-02,2026-10-02,2026-10-02,2026-10-05,AVOID,negative,34.24,34.24,34.24,35.91,35.91,0,36.2,-2.0,2,1.96,0.0,0.0,0.0,0.0,0,0,34.24,v2_conservative_ranker,29.05,-3.0,1,14.55,0.0,0.0,0.0,41.6,41.6,v3_stability_ranker,neutral,128000.0,0.0008,-0.0369,-0.1461,130360.0,140195.0,0.7566,0.0163,kis,,,,,,,,,data/raw/price_282330_20260607_20261005.csv,721,False,Broad evaluation pool candidate,638,False,Broad evaluation pool candidate
199290,2026-10-02,2026-10-02,2026-10-02,2026-10-05,AVOID,negative,34.21,34.21,34.21,44.18,44.18,0,47.86,-2.0,2,10.0,0.0,3.65,0.0,0.0,0,0,34.21,v2_conservative_ranker,40.5,-3.0,1,5.0,0.0,8.24,0.0,35.26,35.26,v3_stability_ranker,neutral,394.0,-0.0125,-0.015,0.0103,390.4,381.15,0.194,0.0965,kis,,,,,,,,,data/raw/price_199290_20260607_20261005.csv,722,False,Broad evaluation pool candidate,683,False,Broad evaluation pool candidate
076080,2026-10-02,2026-10-02,2026-10-02,2026-10-05,AVOID,negative,34.15,34.15,34.15,33.26,33.26,0,34.8,0.0,2,2.65,0.0,0.0,0.0,0.0,0,0,34.15,v2_conservative_ranker,27.17,2.0,1,13.68,0.0,0.0,0.0,43.85,43.85,v3_stability_ranker,price_weakness,1013.0,0.012,-0.1035,-0.0629,1046.4,1106.95,0.8277,0.0221,kis,,,,,,,,,data/raw/price_076080_20260607_20261005.csv,723,False,Broad evaluation pool candidate,620,False,Broad evaluation pool candidate
296160,2026-10-02,2026-10-02,2026-10-02,2026-10-05,AVOID,negative,33.65,33.65,33.65,36.06,36.06,0,36.74,-2.0,2,3.08,0.0,0.0,0.0,0.0,0,0,33.65,v2_conservative_ranker,29.77,-3.0,1,13.14,0.0,0.0,0.0,40.91,40.91,v3_stability_ranker,neutral,2320.0,-0.0043,-0.0492,-0.0955,2379.0,2512.0,0.7212,0.0257,kis,,,,,,,,,data/raw/price_296160_20260607_20261005.csv,724,False,Broad evaluation pool candidate,643,False,Broad evaluation pool candidate
275630,2026-10-02,2026-10-02,2026-10-02,2026-10-05,AVOID,negative,33.63,33.63,33.63,36.05,36.05,0,38.15,-2.0,2,4.51,0.0,0.0,0.0,0.0,0,0,33.63,v2_conservative_ranker,30.77,-3.0,1,11.36,0.0,0.0,0.0,40.13,40.13,v3_stability_ranker,neutral,3715.0,-0.0224,-0.0326,-0.1027,3803.0,4063.75,0.7005,0.0376,kis,,,,low_attention,no_risk_noise,,,,data/raw/price_275630_20260607_20261005.csv,725,False,Broad evaluation pool candidate,647,False,Broad evaluation pool candidate
033540,2026-10-02,2026-10-02,2026-10-02,2026-10-05,AVOID,negative,33.61,33.61,33.61,32.81,32.81,0,34.14,0.0,2,2.53,0.0,0.0,0.0,0.0,0,0,33.61,v2_conservative_ranker,28.11,2.0,6,13.84,0.0,0.0,0.0,49.95,49.95,v3_stability_ranker,neutral,2645.0,0.0,-0.0486,-0.1985,2737.0,2881.25,0.9506,0.0211,kis,,,,,,,,,data/raw/price_033540_20260607_20261005.csv,726,False,Broad evaluation pool candidate,520,False,Broad evaluation pool candidate
072770,2026-10-02,2026-10-02,2026-10-02,2026-10-05,AVOID,negative,33.45,33.45,33.45,31.67,35.67,-4,35.0,3.86,3,3.01,0.0,0.0,0.0,5.4,0,0,33.45,v2_conservative_ranker,26.5,8.0,6,10.23,0.0,0.0,8.2,42.53,42.53,v3_stability_ranker,neutral,651.0,-0.0106,-0.1445,-0.3045,691.6,791.65,1.7723,0.0251,kis,,,,medium_attention,risk_noise_detected,,,,data/raw/price_072770_20260607_20261005.csv,727,False,Broad evaluation pool candidate,629,False,Broad evaluation pool candidate
090470,2026-10-02,2026-10-02,2026-10-02,2026-10-05,AVOID,negative,33.41,33.41,33.41,32.8,32.8,0,36.84,-2.0,2,3.43,0.0,0.0,0.0,0.0,0,0,33.41,v2_conservative_ranker,32.0,-3.0,1,12.71,0.0,0.0,0.0,42.71,42.71,v3_stability_ranker,neutral,4130.0,0.0,-0.0236,-0.1657,4093.0,4304.75,0.3834,0.0286,kis,,,,,,,,,data/raw/price_090470_20260607_20261005.csv,728,False,Broad evaluation pool candidate,626,False,Broad evaluation pool candidate
101400,2026-10-02,2026-10-02,2026-10-02,2026-10-05,AVOID,negative,33.37,33.37,33.37,30.86,30.86,0,37.0,-2.0,2,3.62,0.0,0.0,0.0,0.0,0,0,33.37,v2_conservative_ranker,32.0,-3.0,1,12.47,0.0,0.0,0.0,42.47,42.47,v3_stability_ranker,neutral,1634.0,0.0025,-0.0227,-0.1638,1629.8,1685.8,0.0563,0.0302,kis,,,,,,,,,data/raw/price_101400_20260607_20261005.csv,729,False,Broad evaluation pool candidate,630,False,Broad evaluation pool candidate
045390,2026-10-02,2026-10-02,2026-10-02,2026-10-05,AVOID,negative,33.33,33.33,33.33,32.83,32.83,0,36.79,-2.0,2,3.46,0.0,0.0,0.0,0.0,0,0,33.33,v2_conservative_ranker,32.0,-3.0,1,12.68,0.0,0.0,0.0,42.68,42.68,v3_stability_ranker,neutral,3100.0,0.0214,-0.0221,-0.1777,3013.0,3304.5,0.4671,0.0288,kis,,,,,,,,,data/raw/price_045390_20260607_20261005.csv,730,False,Broad evaluation pool candidate,627,False,Broad evaluation pool candidate
013720,2026-10-02,2026-10-02,2026-10-02,2026-10-05,AVOID,negative,33.27,33.27,33.27,36.39,40.39,-4,40.29,-2.0,2,2.33,0.0,0.0,0.0,4.7,0,0,33.27,v2_conservative_ranker,35.52,-3.0,1,14.09,0.0,0.0,7.2,40.41,40.41,v3_stability_ranker,neutral,2185.0,0.0116,-0.031,-0.0459,2180.0,2238.25,0.6211,0.0194,kis,,,,low_attention,risk_noise_detected,,,,data/raw/price_013720_20260607_20261005.csv,731,False,Broad evaluation pool candidate,645,False,Broad evaluation pool candidate
204840,2026-10-02,2026-10-02,2026-10-02,2026-10-05,AVOID,negative,32.46,32.46,32.46,31.52,31.52,0,37.54,-2.0,2,5.08,0.0,0.0,0.0,0.0,0,0,32.46,v2_conservative_ranker,32.0,-3.0,1,10.66,0.0,0.0,0.0,40.66,40.66,v3_stability_ranker,neutral,4240.0,-0.0047,-0.0185,-0.1604,4270.0,4691.0,0.2694,0.0423,kis,,,,,,,,,data/raw/price_204840_20260607_20261005.csv,732,False,Broad evaluation pool candidate,644,False,Broad evaluation pool candidate
012210,2026-10-02,2026-10-02,2026-10-02,2026-10-05,AVOID,negative,32.43,32.43,32.43,51.37,51.37,0,51.22,-2.0,2,10.0,4.46,4.33,0.0,0.0,0,0,32.43,v2_conservative_ranker,29.48,-3.0,1,5.0,8.46,9.33,0.0,14.69,14.69,v3_stability_ranker,neutral,11970.0,0.0059,-0.0378,0.4492,11992.0,11424.0,0.1916,0.1033,kis,,,,,,,,,data/raw/price_012210_20260607_20261005.csv,733,False,Broad evaluation pool candidate,764,False,Broad evaluation pool candidate
900100,2026-10-02,2026-10-02,2026-10-02,2026-10-05,AVOID,negative,32.28,32.28,32.28,39.28,39.28,0,48.28,0.0,0,10.0,0.0,6.0,0.0,0.0,0,0,32.28,v2_conservative_ranker,42.5,-5.0,0,2.0,0.0,10.0,0.0,29.5,29.5,v3_stability_ranker,neutral,1096.0,0.0,0.0528,-0.4534,1096.0,1626.6,0.0,0.1286,kis,,,,,,,,,data/raw/price_900100_20260607_20261005.csv,734,False,Broad evaluation pool candidate,719,False,Broad evaluation pool candidate
032350,2026-10-02,2026-10-02,2026-10-02,2026-10-05,AVOID,negative,32.26,32.26,32.26,51.46,51.46,0,36.01,0.0,3,2.75,0.0,4.0,0.0,0.0,0,0,32.26,v2_conservative_ranker,28.91,-7.1,4,9.56,0.0,0.0,0.0,35.37,35.37,v3_stability_ranker,price_weakness,10910.0,-0.0715,-0.0699,-0.1852,11522.0,11885.0,4.9364,0.0229,kis,,,,,,,,,data/raw/price_032350_20260607_20261005.csv,735,False,Broad evaluation pool candidate,681,False,Broad evaluation pool candidate
012200,2026-10-02,2026-10-02,2026-10-02,2026-10-05,AVOID,negative,32.12,32.12,32.12,34.55,34.55,0,37.54,-2.0,2,5.42,0.0,0.0,0.0,0.0,0,0,32.12,v2_conservative_ranker,30.06,-3.0,1,7.22,0.0,0.03,0.0,35.25,35.25,v3_stability_ranker,neutral,3125.0,0.0016,-0.034,-0.116,3093.0,3483.25,0.7124,0.0452,kis,,,,,,,,,data/raw/price_012200_20260607_20261005.csv,736,False,Broad evaluation pool candidate,684,False,Broad evaluation pool candidate
049470,2026-10-02,2026-10-02,2026-10-02,2026-10-05,AVOID,negative,32.08,32.08,32.08,42.22,42.22,0,44.56,-2.0,2,10.0,0.0,2.48,0.0,0.0,0,0,32.08,v2_conservative_ranker,39.62,-3.0,1,5.0,0.0,6.37,0.0,36.25,36.25,v3_stability_ranker,neutral,2710.0,-0.0018,-0.086,0.1016,2705.0,2506.25,0.2907,0.0848,kis,,,,,,,,,data/raw/price_049470_20260607_20261005.csv,737,False,Broad evaluation pool candidate,678,False,Broad evaluation pool candidate
009190,2026-10-02,2026-10-02,2026-10-02,2026-10-05,AVOID,negative,32.04,32.04,32.04,31.07,31.07,0,35.0,4.71,3,9.1,0.0,1.58,0.0,0.0,0,0,32.04,v2_conservative_ranker,26.5,5.0,6,-1.37,0.0,4.93,0.0,31.2,31.2,v3_stability_ranker,neutral,627.0,-0.0847,-0.3503,-0.5232,742.6,1076.75,1.9425,0.0758,kis,,,,,,,,,data/raw/price_009190_20260607_20261005.csv,738,False,Broad evaluation pool candidate,708,False,Broad evaluation pool candidate
109670,2026-10-02,2026-10-02,2026-10-02,2026-10-05,AVOID,negative,32.0,32.0,32.0,101.56,101.56,0,71.0,3.0,3,10.0,25.0,10.0,0.0,0.0,0,0,32.0,v2_conservative_ranker,25.0,-1.01,4,-2.0,36.0,11.9,0.0,0.0,0.0,v3_stability_ranker,price_momentum,17350.0,-0.0462,0.7525,2.9477,16374.0,8852.0,2.7597,0.1252,kis,,,,,,,,,data/raw/price_109670_20260607_20261005.csv,739,False,Broad evaluation pool candidate,800,False,Broad evaluation pool candidate
208640,2026-10-02,2026-10-02,2026-10-02,2026-10-05,AVOID,negative,31.97,31.97,31.97,37.03,37.03,0,42.58,-2.0,2,9.06,0.0,1.55,0.0,0.0,0,0,31.97,v2_conservative_ranker,38.5,-3.0,1,1.68,0.0,4.88,0.0,33.29,33.29,v3_stability_ranker,neutral,696.0,-0.0926,-0.1311,0.045,793.2,759.4,0.5731,0.0755,kis,,,,,,,,,data/raw/price_208640_20260607_20261005.csv,740,False,Broad evaluation pool candidate,696,False,Broad evaluation pool candidate
043610,2026-10-02,2026-10-02,2026-10-02,2026-10-05,AVOID,negative,31.96,31.96,31.96,28.36,28.36,0,33.51,0.0,0,1.55,0.0,0.0,0.0,0.0,0,0,31.96,v2_conservative_ranker,26.02,-5.0,0,15.06,0.0,0.0,0.0,36.09,36.09,v3_stability_ranker,price_weakness,1055.0,0.0,-0.0936,-0.0998,1095.8,1163.35,0.0,0.0129,kis,,,,,,,,,data/raw/price_043610_20260607_20261005.csv,741,False,Broad evaluation pool candidate,679,False,Broad evaluation pool candidate
127120,2026-10-02,2026-10-02,2026-10-02,2026-10-05,AVOID,negative,31.85,31.85,31.85,35.83,35.83,0,37.26,-2.0,2,5.41,0.0,0.0,0.0,0.0,0,0,31.85,v2_conservative_ranker,32.72,-3.0,1,10.23,0.0,0.02,0.0,40.94,40.94,v3_stability_ranker,price_weakness,29700.0,-0.0214,-0.066,-0.0326,30480.0,31617.5,0.7612,0.0451,kis,,,,,,,,,data/raw/price_127120_20260607_20261005.csv,742,False,Broad evaluation pool candidate,641,False,Broad evaluation pool candidate
079940,2026-10-02,2026-10-02,2026-10-02,2026-10-05,AVOID,negative,31.72,31.72,31.72,29.91,29.91,0,35.37,-2.0,2,3.65,0.0,0.0,0.0,0.0,0,0,31.72,v2_conservative_ranker,28.2,-3.0,1,12.44,0.0,0.0,0.0,38.64,38.64,v3_stability_ranker,neutral,39150.0,0.0077,-0.0532,-0.1232,39660.0,40790.0,0.0721,0.0304,kis,,,,,,,,,data/raw/price_079940_20260607_20261005.csv,743,False,Broad evaluation pool candidate,665,False,Broad evaluation pool candidate
062970,2026-10-02,2026-10-02,2026-10-02,2026-10-05,AVOID,negative,31.49,31.49,31.49,54.23,54.23,0,53.7,-2.0,2,10.0,8.24,3.97,0.0,0.0,0,0,31.49,v2_conservative_ranker,32.5,-3.0,1,-2.0,14.99,8.75,0.0,4.76,4.76,v3_stability_ranker,neutral,3040.0,0.0574,-0.013,0.5883,2955.0,2634.45,0.2548,0.0997,kis,,,,,,,,,data/raw/price_062970_20260607_20261005.csv,744,False,Broad evaluation pool candidate,781,False,Broad evaluation pool candidate
223220,2026-10-02,2026-10-02,2026-10-02,2026-10-05,AVOID,negative,31.48,31.48,31.48,57.92,57.92,0,55.0,-2.0,2,10.0,9.6,3.92,0.0,0.0,0,0,31.48,v2_conservative_ranker,27.2,-3.0,1,-2.0,14.29,8.67,0.0,0.24,0.24,v3_stability_ranker,price_momentum,117.0,-0.041,0.3,-0.1875,111.6,104.15,0.0496,0.0992,kis,,,,,,,,,data/raw/price_223220_20260607_20261005.csv,745,False,Broad evaluation pool candidate,786,False,Broad evaluation pool candidate
007110,2026-10-02,2026-10-02,2026-10-02,2026-10-05,AVOID,negative,31.43,31.43,31.43,44.58,44.58,0,35.49,0.0,3,3.06,0.0,4.0,0.0,0.0,0,0,31.43,v2_conservative_ranker,26.5,-9.0,4,6.18,0.0,0.0,0.0,27.68,27.68,v3_stability_ranker,price_weakness,2540.0,-0.0929,-0.1575,-0.1575,2877.0,2980.5,10.1733,0.0255,kis,,,,,,,,,data/raw/price_007110_20260607_20261005.csv,746,False,Broad evaluation pool candidate,726,False,Broad evaluation pool candidate
002070,2026-10-02,2026-10-02,2026-10-02,2026-10-05,AVOID,negative,31.4,31.4,31.4,28.84,28.84,0,39.0,-2.0,2,7.42,0.0,0.18,0.0,0.0,0,0,31.4,v2_conservative_ranker,32.0,-3.0,1,4.73,0.0,2.69,0.0,32.04,32.04,v3_stability_ranker,neutral,3785.0,-0.0079,0.0,-0.1981,3815.0,4614.75,0.1546,0.0618,kis,,,,,,,,,data/raw/price_002070_20260607_20261005.csv,747,False,Broad evaluation pool candidate,701,False,Broad evaluation pool candidate
366030,2026-10-02,2026-10-02,2026-10-02,2026-10-05,AVOID,negative,31.35,31.35,31.35,32.43,32.43,0,35.19,-2.0,2,3.84,0.0,0.0,0.0,0.0,0,0,31.35,v2_conservative_ranker,28.34,-3.0,1,12.2,0.0,0.0,0.0,38.54,38.54,v3_stability_ranker,neutral,4400.0,-0.0101,-0.0608,-0.1066,4481.0,4539.5,0.5073,0.032,kis,,,,,,,,,data/raw/price_366030_20260607_20261005.csv,748,False,Broad evaluation pool candidate,666,False,Broad evaluation pool candidate
241710,2026-10-02,2026-10-02,2026-10-02,2026-10-05,AVOID,negative,31.35,31.35,31.35,25.6,25.6,0,31.0,2.32,3,4.97,0.0,0.0,0.0,0.0,0,0,31.35,v2_conservative_ranker,24.0,8.0,6,3.79,0.0,0.0,0.0,41.79,41.79,v3_stability_ranker,price_weakness,110700.0,-0.0407,-0.1304,-0.2059,119060.0,126510.0,1.4632,0.0414,kis,,,,,,,,,data/raw/price_241710_20260607_20261005.csv,749,False,Broad evaluation pool candidate,636,False,Broad evaluation pool candidate
065770,2026-10-02,2026-10-02,2026-10-02,2026-10-05,AVOID,negative,31.32,31.32,31.32,26.68,26.68,0,31.0,1.89,3,4.57,0.0,0.0,0.0,0.0,0,0,31.32,v2_conservative_ranker,24.0,8.0,6,8.29,0.0,0.0,0.0,46.28,46.28,v3_stability_ranker,price_weakness,794.0,-0.0376,-0.1178,-0.3481,840.4,992.55,1.3779,0.0381,kis,,,,,,,,,data/raw/price_065770_20260607_20261005.csv,750,False,Broad evaluation pool candidate,583,False,Broad evaluation pool candidate
004770,2026-10-02,2026-10-02,2026-10-02,2026-10-05,AVOID,negative,31.25,31.25,31.25,34.21,34.21,0,37.26,-2.0,2,6.01,0.0,0.0,0.0,0.0,0,0,31.25,v2_conservative_ranker,31.98,-3.0,1,2.49,0.0,0.82,0.0,31.64,31.64,v3_stability_ranker,price_weakness,1854.0,-0.0674,-0.0753,-0.0059,1975.2,2071.7,0.5071,0.0501,kis,,,,,,,,,data/raw/price_004770_20260607_20261005.csv,751,False,Broad evaluation pool candidate,703,False,Broad evaluation pool candidate
201490,2026-10-02,2026-10-02,2026-10-02,2026-10-05,AVOID,negative,31.19,31.19,31.19,46.71,46.71,0,47.17,-2.0,2,10.0,2.1,3.88,0.0,0.0,0,0,31.19,v2_conservative_ranker,28.05,-3.0,1,5.0,5.83,8.61,0.0,16.61,16.61,v3_stability_ranker,neutral,3415.0,-0.0029,-0.0783,0.3967,3474.0,3312.75,0.0898,0.0988,kis,,,,,,,,,data/raw/price_201490_20260607_20261005.csv,752,False,Broad evaluation pool candidate,757,False,Broad evaluation pool candidate
192410,2026-10-02,2026-10-02,2026-10-02,2026-10-05,AVOID,negative,31.13,31.13,31.13,30.18,30.18,0,33.05,0.0,2,3.92,0.0,0.0,0.0,0.0,0,0,31.13,v2_conservative_ranker,27.24,2.0,6,9.09,0.0,0.0,0.0,44.34,44.34,v3_stability_ranker,neutral,3480.0,-0.0238,-0.0595,-0.315,3509.0,4217.25,0.9002,0.0327,kis,,,,,,,,,data/raw/price_192410_20260607_20261005.csv,753,False,Broad evaluation pool candidate,614,False,Broad evaluation pool candidate
078590,2026-10-02,2026-10-02,2026-10-02,2026-10-05,AVOID,negative,31.06,31.06,31.06,31.54,31.54,0,33.48,-2.0,2,2.42,0.0,0.0,0.0,0.0,0,0,31.06,v2_conservative_ranker,26.82,-3.0,1,13.97,0.0,0.0,0.0,38.79,38.79,v3_stability_ranker,price_weakness,2720.0,0.0187,-0.0748,-0.1154,2729.0,2926.5,0.4677,0.0202,kis,,,,,,,,,data/raw/price_078590_20260607_20261005.csv,754,False,Broad evaluation pool candidate,663,False,Broad evaluation pool candidate
092600,2026-10-02,2026-10-02,2026-10-02,2026-10-05,AVOID,negative,31.0,31.0,31.0,41.34,41.34,0,47.0,-2.0,2,10.0,0.0,6.0,0.0,0.0,0,0,31.0,v2_conservative_ranker,31.58,-3.0,1,5.0,0.0,10.0,0.0,24.58,24.58,v3_stability_ranker,neutral,2530.0,-0.0398,-0.1409,0.2463,2811.0,2501.75,0.2389,0.1437,kis,,,,,,,,,data/raw/price_092600_20260607_20261005.csv,755,False,Broad evaluation pool candidate,739,False,Broad evaluation pool candidate
216080,2026-10-02,2026-10-02,2026-10-02,2026-10-05,AVOID,negative,30.8,30.8,30.8,25.75,25.75,0,36.15,-2.0,2,5.35,0.0,0.0,0.0,0.0,0,0,30.8,v2_conservative_ranker,30.0,-3.0,1,7.31,0.0,0.0,0.0,35.31,35.31,v3_stability_ranker,price_weakness,6030.0,0.0084,-0.1613,-0.0243,6402.0,6708.0,0.405,0.0446,kis,,,,,,,,,data/raw/price_216080_20260607_20261005.csv,756,False,Broad evaluation pool candidate,682,False,Broad evaluation pool candidate
026910,2026-10-02,2026-10-02,2026-10-02,2026-10-05,AVOID,negative,30.78,30.78,30.78,30.02,30.02,0,35.0,4.07,3,9.43,0.0,1.86,0.0,0.0,0,0,30.78,v2_conservative_ranker,26.5,5.0,6,-1.79,2.53,5.38,0.0,27.8,27.8,v3_stability_ranker,neutral,2035.0,0.0599,-0.1988,-0.4194,2223.0,3017.75,1.8141,0.0786,kis,,,,,,,,,data/raw/price_026910_20260607_20261005.csv,757,False,Broad evaluation pool candidate,725,False,Broad evaluation pool candidate
290690,2026-10-02,2026-10-02,2026-10-02,2026-10-05,AVOID,negative,30.74,30.74,30.74,22.68,22.68,0,31.0,1.06,3,4.32,0.0,0.0,0.0,0.0,0,0,30.74,v2_conservative_ranker,24.0,8.0,6,8.6,0.0,0.0,0.0,46.6,46.6,v3_stability_ranker,neutral,3070.0,-0.0315,-0.2286,-0.2335,3514.0,3922.75,1.2128,0.036,kis,,,,,,,,,data/raw/price_290690_20260607_20261005.csv,758,False,Broad evaluation pool candidate,578,False,Broad evaluation pool candidate
033340,2026-10-02,2026-10-02,2026-10-02,2026-10-05,AVOID,negative,30.55,30.55,30.55,27.43,27.43,0,39.0,0.0,0,7.88,0.0,0.57,0.0,0.0,0,0,30.55,v2_conservative_ranker,32.0,-5.0,0,7.15,0.0,3.31,0.0,30.83,30.83,v3_stability_ranker,neutral,460.0,0.0,0.0,-0.264,460.0,492.0,0.0,0.0657,kis,,,,,,,,,data/raw/price_033340_20260607_20261005.csv,759,False,Broad evaluation pool candidate,712,False,Broad evaluation pool candidate
900300,2026-10-02,2026-10-02,2026-10-02,2026-10-05,AVOID,negative,30.4,30.4,30.4,65.4,65.4,0,49.39,0.0,3,5.99,8.0,8.0,0.0,0.0,0,0,30.4,v2_conservative_ranker,45.0,-9.0,4,5.51,12.0,14.78,0.0,18.73,18.73,v3_stability_ranker,price_momentum,3000.0,0.1538,0.0239,-0.2611,2788.0,3155.0,7.718,0.0499,kis,,,,,,,,,data/raw/price_900300_20260607_20261005.csv,760,False,Broad evaluation pool candidate,753,False,Broad evaluation pool candidate
018000,2026-10-02,2026-10-02,2026-10-02,2026-10-05,AVOID,negative,30.35,30.35,30.35,28.16,28.16,0,33.6,-2.0,2,3.25,0.0,0.0,0.0,0.0,0,0,30.35,v2_conservative_ranker,25.63,-3.0,1,12.94,0.0,0.0,0.0,36.56,36.56,v3_stability_ranker,neutral,1142.0,0.0187,-0.1147,-0.0972,1150.4,1217.35,0.5334,0.0271,kis,,,,,,,,,data/raw/price_018000_20260607_20261005.csv,761,False,Broad evaluation pool candidate,676,False,Broad evaluation pool candidate
331920,2026-10-02,2026-10-02,2026-10-02,2026-10-05,AVOID,negative,30.33,30.33,30.33,29.15,29.15,0,32.04,0.0,2,3.71,0.0,0.0,0.0,0.0,0,0,30.33,v2_conservative_ranker,26.43,2.0,1,9.37,0.0,0.0,0.0,38.8,38.8,v3_stability_ranker,neutral,10560.0,0.0312,-0.0696,-0.2641,10472.0,12162.0,0.8668,0.0309,kis,,,,,,,,,data/raw/price_331920_20260607_20261005.csv,762,False,Broad evaluation pool candidate,662,False,Broad evaluation pool candidate
305090,2026-10-02,2026-10-02,2026-10-02,2026-10-05,AVOID,negative,30.26,30.26,30.26,27.3,27.3,0,39.0,0.0,0,8.04,0.0,0.7,0.0,0.0,0,0,30.26,v2_conservative_ranker,32.0,-5.0,0,6.95,0.0,3.52,0.0,30.43,30.43,v3_stability_ranker,neutral,538.0,0.0,0.0,-0.2995,538.0,538.0,0.0,0.067,kis,,,,,,,,,data/raw/price_305090_20260607_20261005.csv,763,False,Broad evaluation pool candidate,713,False,Broad evaluation pool candidate
084680,2026-10-02,2026-10-02,2026-10-02,2026-10-05,AVOID,negative,30.17,30.17,30.17,44.78,44.78,0,35.0,0.0,3,3.83,0.0,4.0,0.0,0.0,0,0,30.17,v2_conservative_ranker,26.5,-8.34,4,5.22,0.0,0.0,0.0,27.37,27.37,v3_stability_ranker,price_weakness,2340.0,-0.1203,-0.1203,-0.2054,2596.0,2641.0,5.3802,0.0319,kis,,,,,,,,,data/raw/price_084680_20260607_20261005.csv,764,False,Broad evaluation pool candidate,728,False,Broad evaluation pool candidate
297570,2026-10-02,2026-10-02,2026-10-02,2026-10-05,AVOID,negative,30.11,30.11,30.11,31.68,31.68,0,33.24,-2.0,2,3.13,0.0,0.0,0.0,0.0,0,0,30.11,v2_conservative_ranker,26.44,-3.0,1,13.09,0.0,0.0,0.0,37.52,37.52,v3_stability_ranker,neutral,3795.0,-0.0065,-0.0733,-0.1266,3968.0,4133.5,0.6575,0.0261,kis,,,,,,,,,data/raw/price_297570_20260607_20261005.csv,765,False,Broad evaluation pool candidate,672,False,Broad evaluation pool candidate
310210,2026-10-02,2026-10-02,2026-10-02,2026-10-05,AVOID,negative,29.73,29.73,29.73,32.49,32.49,0,38.29,-2.0,2,7.94,0.0,0.62,0.0,0.0,0,0,29.73,v2_conservative_ranker,32.0,-3.0,1,3.07,0.0,3.39,0.0,29.68,29.68,v3_stability_ranker,neutral,144900.0,-0.0448,-0.0163,-0.1451,140100.0,144855.0,0.6653,0.0662,kis,,,,,,,,,data/raw/price_310210_20260607_20261005.csv,766,False,Broad evaluation pool candidate,718,False,Broad evaluation pool candidate
083660,2026-10-02,2026-10-02,2026-10-02,2026-10-05,AVOID,negative,29.61,29.61,29.61,29.34,29.34,0,31.72,0.0,2,4.1,0.0,0.0,0.0,0.0,0,0,29.61,v2_conservative_ranker,24.54,2.0,6,11.87,0.0,0.0,0.0,44.41,44.41,v3_stability_ranker,neutral,1401.0,-0.0318,-0.0932,-0.1509,1413.0,1512.8,0.9378,0.0342,kis,,,,,,,,,data/raw/price_083660_20260607_20261005.csv,767,False,Broad evaluation pool candidate,611,False,Broad evaluation pool candidate
058450,2026-10-02,2026-10-02,2026-10-02,2026-10-05,AVOID,negative,29.61,29.61,29.61,29.54,29.54,0,35.0,3.78,3,9.91,0.0,2.26,0.0,0.0,0,0,29.61,v2_conservative_ranker,26.5,8.0,6,2.0,0.0,6.02,0.0,36.48,36.48,v3_stability_ranker,neutral,540.0,-0.0018,-0.3757,-0.6717,570.4,1072.5,1.7566,0.0826,kis,,,,,,,,,data/raw/price_058450_20260607_20261005.csv,768,False,Broad evaluation pool candidate,677,False,Broad evaluation pool candidate
028260,2026-10-02,2026-10-02,2026-10-02,2026-10-05,AVOID,negative,29.43,29.43,29.43,32.88,36.88,-4,37.11,-2.0,2,2.98,0.0,0.0,0.0,4.7,0,0,29.43,v2_conservative_ranker,30.5,-3.0,1,13.28,0.0,0.0,7.2,34.58,34.58,v3_stability_ranker,price_weakness,347000.0,0.0,-0.0545,-0.0697,345200.0,361025.0,0.715,0.0248,kis,,,,low_attention,risk_noise_detected,,,,data/raw/price_028260_20260607_20261005.csv,769,False,Broad evaluation pool candidate,690,False,Broad evaluation pool candidate
338220,2026-10-02,2026-10-02,2026-10-02,2026-10-05,AVOID,negative,29.38,29.38,29.38,81.29,81.29,0,67.0,-2.0,2,10.0,25.0,2.62,0.0,0.0,0,0,29.38,v2_conservative_ranker,25.0,-3.0,1,2.0,36.0,6.59,0.0,0.0,0.0,v3_stability_ranker,price_momentum,8390.0,0.0145,0.5063,0.6104,7956.0,5724.0,0.715,0.0862,kis,,,,,,,,,data/raw/price_338220_20260607_20261005.csv,770,False,Broad evaluation pool candidate,801,False,Broad evaluation pool candidate
478340,2026-10-02,2026-10-02,2026-10-02,2026-10-05,AVOID,negative,29.33,29.33,29.33,103.0,103.0,0,71.0,0.0,3,10.0,24.95,9.71,0.0,0.0,0,0,29.33,v2_conservative_ranker,31.89,-9.0,4,-2.0,42.02,28.22,0.0,0.0,0.0,v3_stability_ranker,price_momentum,17090.0,0.2069,0.2044,0.7692,14630.0,12276.5,5.8293,0.0839,kis,,,,,,,,,data/raw/price_478340_20260607_20261005.csv,771,False,Broad evaluation pool candidate,802,False,Broad evaluation pool candidate
010580,2026-10-02,2026-10-02,2026-10-02,2026-10-05,AVOID,negative,29.32,29.32,29.32,31.4,31.4,0,43.0,-2.0,2,10.0,0.0,3.68,0.0,0.0,0,0,29.32,v2_conservative_ranker,27.59,-3.0,1,5.0,0.44,8.29,0.0,21.86,21.86,v3_stability_ranker,neutral,2240.0,-0.0175,-0.1899,0.2888,2395.0,2397.85,0.0663,0.0968,kis,,,,,,,,,data/raw/price_010580_20260607_20261005.csv,772,False,Broad evaluation pool candidate,749,False,Broad evaluation pool candidate
030720,2026-10-02,2026-10-02,2026-10-02,2026-10-05,AVOID,negative,29.22,29.22,29.22,28.72,28.72,0,32.09,-2.0,2,2.87,0.0,0.0,0.0,0.0,0,0,29.22,v2_conservative_ranker,26.05,-3.0,1,13.41,0.0,0.0,0.0,37.46,37.46,v3_stability_ranker,price_weakness,4665.0,-0.0179,-0.0744,-0.1564,4732.0,5111.5,0.3947,0.0239,kis,,,,,,,,,data/raw/price_030720_20260607_20261005.csv,773,False,Broad evaluation pool candidate,673,False,Broad evaluation pool candidate
199150,2026-10-02,2026-10-02,2026-10-02,2026-10-05,AVOID,negative,29.15,29.15,29.15,27.16,27.16,0,35.53,-2.0,2,6.38,0.0,0.0,0.0,0.0,0,0,29.15,v2_conservative_ranker,29.22,-3.0,1,9.02,0.0,1.31,0.0,34.93,34.93,v3_stability_ranker,neutral,1640.0,-0.0209,-0.0347,-0.1759,1682.2,1727.45,0.1243,0.0532,kis,,,,,,,,,data/raw/price_199150_20260607_20261005.csv,774,False,Broad evaluation pool candidate,686,False,Broad evaluation pool candidate
216400,2026-10-02,2026-10-02,2026-10-02,2026-10-05,AVOID,negative,29.14,29.14,29.14,30.59,30.59,0,35.0,4.29,3,10.0,0.0,3.15,0.0,0.0,0,0,29.14,v2_conservative_ranker,26.5,5.0,6,1.0,2.07,7.44,0.0,28.99,28.99,v3_stability_ranker,neutral,1238.0,0.0572,-0.1456,-0.3308,1311.2,1375.15,1.8581,0.0915,kis,,,,,,,,,data/raw/price_216400_20260607_20261005.csv,775,False,Broad evaluation pool candidate,722,False,Broad evaluation pool candidate
340360,2026-10-02,2026-10-02,2026-10-02,2026-10-05,AVOID,negative,29.07,29.07,29.07,32.2,36.2,-4,37.7,-2.0,2,3.92,0.0,0.0,0.0,4.7,0,0,29.07,v2_conservative_ranker,30.71,-3.0,1,12.09,0.0,0.0,7.2,33.61,33.61,v3_stability_ranker,neutral,883.0,-0.0392,-0.0433,-0.085,914.4,947.55,0.6751,0.0327,kis,,,,low_attention,risk_noise_detected,,,,data/raw/price_340360_20260607_20261005.csv,776,False,Broad evaluation pool candidate,695,False,Broad evaluation pool candidate
950250,2026-10-02,2026-10-02,2026-10-02,2026-10-05,AVOID,negative,29.04,29.04,29.04,79.93,79.93,0,67.0,-2.0,2,10.0,22.68,5.28,0.0,0.0,0,0,29.04,v2_conservative_ranker,25.38,-3.0,1,2.0,34.03,10.0,0.0,0.0,0.0,v3_stability_ranker,price_momentum,4100.0,0.0012,0.2975,0.7787,4012.0,3311.75,0.4876,0.1128,kis,,,,,,,,,data/raw/price_950250_20260607_20261005.csv,777,False,Broad evaluation pool candidate,803,False,Broad evaluation pool candidate
002820,2026-10-02,2026-10-02,2026-10-02,2026-10-05,AVOID,negative,28.58,28.58,28.58,20.52,20.52,0,31.0,0.0,3,5.42,0.0,0.0,0.0,0.0,0,0,28.58,v2_conservative_ranker,24.0,2.0,6,7.22,0.0,0.03,0.0,39.19,39.19,v3_stability_ranker,neutral,954.0,-0.0134,-0.2897,-0.4378,1084.4,1414.6,1.0064,0.0452,kis,,,,,,,,,data/raw/price_002820_20260607_20261005.csv,778,False,Broad evaluation pool candidate,659,False,Broad evaluation pool candidate
210120,2026-10-02,2026-10-02,2026-10-02,2026-10-05,AVOID,negative,28.55,28.55,28.55,37.0,37.0,0,41.05,-2.0,2,10.0,0.0,2.5,0.0,0.0,0,0,28.55,v2_conservative_ranker,34.58,-3.0,1,5.0,0.0,6.4,0.0,31.18,31.18,v3_stability_ranker,neutral,1753.0,-0.0261,-0.074,-0.0157,1812.4,1756.1,0.1968,0.085,kis,,,,,,,,,data/raw/price_210120_20260607_20261005.csv,779,False,Broad evaluation pool candidate,709,False,Broad evaluation pool candidate
487400,2026-10-02,2026-10-02,2026-10-02,2026-10-05,AVOID,negative,28.38,28.38,28.38,25.77,25.77,0,33.7,-2.0,2,5.32,0.0,0.0,0.0,0.0,0,0,28.38,v2_conservative_ranker,25.75,-3.0,1,10.36,0.0,0.0,0.0,34.11,34.11,v3_stability_ranker,price_weakness,6620.0,0.0091,-0.1078,-0.0944,6696.0,7187.5,0.2834,0.0443,kis,,,,,,,,,data/raw/price_487400_20260607_20261005.csv,780,False,Broad evaluation pool candidate,692,False,Broad evaluation pool candidate
191410,2026-10-02,2026-10-02,2026-10-02,2026-10-05,AVOID,negative,28.2,28.2,28.2,31.05,31.05,0,37.22,-2.0,2,8.2,0.0,0.83,0.0,0.0,0,0,28.2,v2_conservative_ranker,30.44,-3.0,1,6.76,0.0,3.73,0.0,31.47,31.47,v3_stability_ranker,neutral,1684.0,0.0382,-0.0502,-0.0788,1613.8,1787.75,0.4728,0.0683,kis,,,,,,,,,data/raw/price_191410_20260607_20261005.csv,781,False,Broad evaluation pool candidate,705,False,Broad evaluation pool candidate
465770,2026-10-02,2026-10-02,2026-10-02,2026-10-05,AVOID,negative,28.1,28.1,28.1,19.85,19.85,0,31.0,-2.0,2,2.9,0.0,0.0,0.0,0.0,0,0,28.1,v2_conservative_ranker,24.0,-3.0,1,10.37,0.0,0.0,0.0,32.37,32.37,v3_stability_ranker,price_weakness,2240.0,-0.0044,-0.1216,-0.4293,2324.0,3015.0,0.0721,0.0242,kis,,,,,,,,,data/raw/price_465770_20260607_20261005.csv,782,False,Broad evaluation pool candidate,699,False,Broad evaluation pool candidate
084180,2026-09-30,2026-09-30,2026-09-30,2026-10-05,AVOID,negative,27.7,27.7,27.7,54.88,54.88,0,51.0,0.0,2,10.0,9.3,6.0,0.0,0.0,0,0,27.7,v2_conservative_ranker,24.96,2.0,6,-2.0,14.0,10.0,0.0,6.96,6.96,v3_stability_ranker,neutral,210.0,-0.0411,0.2963,-0.65,212.8,287.85,0.9793,0.1731,kis,,,,,,,,,data/raw/price_084180_20260607_20261005.csv,783,False,Broad evaluation pool candidate,779,False,Broad evaluation pool candidate
175250,2026-10-02,2026-10-02,2026-10-02,2026-10-05,AVOID,negative,27.52,27.52,27.52,25.85,25.85,0,36.88,-2.0,2,8.38,0.0,0.98,0.0,0.0,0,0,27.52,v2_conservative_ranker,32.0,-3.0,1,6.53,0.0,3.97,0.0,32.56,32.56,v3_stability_ranker,neutral,1665.0,-0.0263,-0.0212,-0.4199,1664.8,1763.0,0.1575,0.0698,kis,,,,,,,,,data/raw/price_175250_20260607_20261005.csv,784,False,Broad evaluation pool candidate,697,False,Broad evaluation pool candidate
073570,2026-10-02,2026-10-02,2026-10-02,2026-10-05,AVOID,negative,27.46,27.46,27.46,106.38,106.38,0,71.0,0.0,3,5.54,33.0,8.0,0.0,0.0,0,0,27.46,v2_conservative_ranker,25.0,-9.0,4,3.07,48.0,22.19,0.0,0.0,0.0,v3_stability_ranker,price_momentum,3020.0,0.182,0.4014,0.8149,2581.0,2057.9,7.551,0.0462,kis,,,,,,,,,data/raw/price_073570_20260607_20261005.csv,785,False,Broad evaluation pool candidate,804,False,Broad evaluation pool candidate
050090,2026-10-02,2026-10-02,2026-10-02,2026-10-05,AVOID,negative,27.44,27.44,27.44,32.57,32.57,0,41.72,0.0,0,10.0,0.0,4.28,0.0,0.0,0,0,27.44,v2_conservative_ranker,38.0,-5.0,0,2.0,0.0,9.25,0.0,25.75,25.75,v3_stability_ranker,neutral,696.0,0.0,-0.0293,-0.01,636.8,791.55,0.0,0.1028,kis,,,,,,,,,data/raw/price_050090_20260607_20261005.csv,786,False,Broad evaluation pool candidate,735,False,Broad evaluation pool candidate
071950,2026-10-02,2026-10-02,2026-10-02,2026-10-05,AVOID,negative,27.19,27.19,27.19,28.24,28.24,0,34.39,-2.0,2,7.2,0.0,0.0,0.0,0.0,0,0,27.19,v2_conservative_ranker,27.82,-3.0,1,5.0,0.0,2.4,0.0,28.42,28.42,v3_stability_ranker,price_weakness,1628.0,-0.0067,-0.0854,-0.0745,1742.6,1840.85,0.4168,0.06,kis,,,,,,,,,data/raw/price_071950_20260607_20261005.csv,787,False,Broad evaluation pool candidate,724,False,Broad evaluation pool candidate
900270,2026-10-02,2026-10-02,2026-10-02,2026-10-05,AVOID,negative,26.72,26.72,26.72,24.58,24.58,0,33.58,-2.0,2,6.86,0.0,0.0,0.0,0.0,0,0,26.72,v2_conservative_ranker,27.66,-3.0,1,5.42,0.0,1.95,0.0,29.13,29.13,v3_stability_ranker,neutral,2615.0,0.0116,-0.0542,-0.3045,2631.0,2978.75,0.2871,0.0572,kis,,,,,,,,,data/raw/price_900270_20260607_20261005.csv,788,False,Broad evaluation pool candidate,721,False,Broad evaluation pool candidate
340810,2026-10-02,2026-10-02,2026-10-02,2026-10-05,AVOID,negative,26.61,26.61,26.61,25.75,25.75,0,32.96,-2.0,2,6.35,0.0,0.0,0.0,0.0,0,0,26.61,v2_conservative_ranker,24.81,-3.0,1,6.06,0.0,1.26,0.0,27.61,27.61,v3_stability_ranker,price_weakness,3450.0,-0.024,-0.1016,-0.1154,3638.0,3973.0,0.4957,0.0529,kis,,,,,,,,,data/raw/price_340810_20260607_20261005.csv,789,False,Broad evaluation pool candidate,727,False,Broad evaluation pool candidate
276730,2026-10-02,2026-10-02,2026-10-02,2026-10-05,AVOID,negative,26.27,26.27,26.27,21.17,21.17,0,31.0,-2.0,2,4.73,0.0,0.0,0.0,0.0,0,0,26.27,v2_conservative_ranker,24.0,-3.0,1,8.09,0.0,0.0,0.0,30.09,30.09,v3_stability_ranker,price_weakness,842.0,0.0194,-0.1174,-0.3899,870.6,1050.65,0.4755,0.0394,kis,,,,,,,,,data/raw/price_276730_20260607_20261005.csv,790,False,Broad evaluation pool candidate,714,False,Broad evaluation pool candidate
263600,2026-10-02,2026-10-02,2026-10-02,2026-10-05,AVOID,negative,26.11,26.11,26.11,103.11,103.11,0,71.0,0.0,3,9.47,28.54,9.89,0.0,0.0,0,0,26.11,v2_conservative_ranker,25.7,-9.0,4,-1.83,45.43,27.42,0.0,0.0,0.0,v3_stability_ranker,price_momentum,5200.0,0.1791,0.5453,0.4286,3953.0,3633.0,17.6111,0.0789,kis,,,,,,,,,data/raw/price_263600_20260607_20261005.csv,791,False,Broad evaluation pool candidate,805,False,Broad evaluation pool candidate
131760,2026-10-02,2026-10-02,2026-10-02,2026-10-05,AVOID,negative,26.07,26.07,26.07,24.75,24.75,0,34.24,-2.0,2,7.73,0.0,0.44,0.0,0.0,0,0,26.07,v2_conservative_ranker,28.19,-3.0,1,3.34,1.29,3.1,0.0,25.14,25.14,v3_stability_ranker,neutral,1240.0,0.0526,-0.0476,-0.3142,1219.2,1279.75,0.3254,0.0644,kis,,,,,,,,,data/raw/price_131760_20260607_20261005.csv,792,False,Broad evaluation pool candidate,736,False,Broad evaluation pool candidate
208860,2026-10-02,2026-10-02,2026-10-02,2026-10-05,AVOID,negative,26.03,26.03,26.03,17.73,17.73,0,31.0,-2.0,2,4.97,0.0,0.0,0.0,0.0,0,0,26.03,v2_conservative_ranker,24.0,-3.0,1,7.79,0.0,0.0,0.0,29.79,29.79,v3_stability_ranker,price_weakness,9620.0,-0.0123,-0.2617,-0.2617,10018.0,12277.0,0.4777,0.0414,kis,,,,,,,,,data/raw/price_208860_20260607_20261005.csv,793,False,Broad evaluation pool candidate,715,False,Broad evaluation pool candidate
224060,2026-10-02,2026-10-02,2026-10-02,2026-10-05,AVOID,negative,24.85,24.85,24.85,38.08,42.08,-4,46.95,-2.0,2,10.0,0.0,6.0,0.0,6.1,0,0,24.85,v2_conservative_ranker,44.0,-3.0,1,2.0,0.0,10.0,9.2,24.8,24.8,v3_stability_ranker,neutral,4265.0,-0.0127,-0.0296,0.1404,4687.0,5881.5,0.3369,0.1804,kis,,,,medium_attention,risk_noise_detected,,,,data/raw/price_224060_20260607_20261005.csv,794,False,Broad evaluation pool candidate,738,False,Broad evaluation pool candidate
040350,2026-10-02,2026-10-02,2026-10-02,2026-10-05,AVOID,negative,24.59,24.59,24.59,22.61,22.61,0,31.0,-2.0,2,6.41,0.0,0.0,0.0,0.0,0,0,24.59,v2_conservative_ranker,24.5,-3.0,1,5.99,0.0,1.34,0.0,27.15,27.15,v3_stability_ranker,neutral,3385.0,0.0227,-0.0937,-0.2963,3353.0,3938.0,0.5527,0.0534,kis,,,,,,,,,data/raw/price_040350_20260607_20261005.csv,795,False,Broad evaluation pool candidate,729,False,Broad evaluation pool candidate
060900,2026-10-02,2026-10-02,2026-10-02,2026-10-05,AVOID,negative,23.37,23.37,23.37,33.76,37.76,-4,35.0,0.0,3,8.69,0.0,1.24,0.0,4.7,0,0,23.37,v2_conservative_ranker,26.5,-8.23,4,3.14,0.0,4.38,7.2,13.83,13.83,v3_stability_ranker,neutral,1630.0,0.0219,-0.4168,-0.5659,2044.0,2982.25,5.3383,0.0724,kis,,,,low_attention,risk_noise_detected,,,,data/raw/price_060900_20260607_20261005.csv,796,False,Broad evaluation pool candidate,769,False,Broad evaluation pool candidate
288980,2026-10-02,2026-10-02,2026-10-02,2026-10-05,AVOID,negative,22.81,22.81,22.81,16.11,16.11,0,31.0,-2.0,2,7.74,0.0,0.45,0.0,0.0,0,0,22.81,v2_conservative_ranker,24.0,-3.0,1,4.32,0.0,3.12,0.0,23.2,23.2,v3_stability_ranker,neutral,214.0,-0.036,-0.1301,-0.2867,212.0,268.05,0.261,0.0645,kis,,,,,,,,,data/raw/price_288980_20260607_20261005.csv,797,False,Broad evaluation pool candidate,743,False,Broad evaluation pool candidate
046070,2026-09-18,2026-09-18,2026-09-18,2026-10-05,AVOID,negative,21.0,21.0,21.0,35.0,35.0,0,35.0,3.0,3,10.0,0.0,10.0,0.0,0.0,0,0,21.0,v2_conservative_ranker,26.5,-0.75,4,-2.0,0.0,10.0,0.0,17.75,17.75,v3_stability_ranker,price_weakness,140.0,-0.451,-0.6903,-0.9864,236.0,21188.1,2.6663,1.6078,kis,,,,,,,,,data/raw/price_046070_20260607_20261005.csv,798,False,Broad evaluation pool candidate,755,False,Broad evaluation pool candidate
136150,2026-10-02,2026-10-02,2026-10-02,2026-10-05,AVOID,negative,20.83,20.83,20.83,103.0,103.0,0,71.0,0.0,3,9.91,33.0,10.26,0.0,0.0,0,0,20.83,v2_conservative_ranker,25.0,-9.0,4,-2.0,48.0,28.02,0.0,0.0,0.0,v3_stability_ranker,price_momentum,12850.0,0.1843,0.5633,0.7724,9678.0,8396.0,17.2167,0.0826,kis,,,,,,,,,data/raw/price_136150_20260607_20261005.csv,799,False,Broad evaluation pool candidate,806,False,Broad evaluation pool candidate
418620,2026-10-02,2026-10-02,2026-10-02,2026-10-05,AVOID,negative,18.99,18.99,18.99,19.41,19.41,0,33.16,-2.0,2,10.0,0.0,4.17,0.0,0.0,0,0,18.99,v2_conservative_ranker,25.06,-3.0,1,-2.0,0.0,9.07,0.0,11.99,11.99,v3_stability_ranker,price_weakness,430.0,-0.0851,-0.3534,-0.1097,548.8,618.4,0.6485,0.1017,kis,,,,,,,,,data/raw/price_418620_20260607_20261005.csv,800,False,Broad evaluation pool candidate,773,False,Broad evaluation pool candidate
043090,2026-08-07,2026-08-07,2026-08-07,2026-10-05,AVOID,negative,18.0,18.0,18.0,37.0,37.0,0,35.0,0.0,3,10.0,0.0,10.0,0.0,0.0,0,0,18.0,v2_conservative_ranker,26.5,-3.35,4,-2.0,0.0,10.0,0.0,15.15,15.15,v3_stability_ranker,neutral,103.0,-0.5095,-0.6255,-0.9096,226.2,822.7,3.5952,0.2232,kis,,,,,,,,,data/raw/price_043090_20260607_20261005.csv,801,False,Broad evaluation pool candidate,760,False,Broad evaluation pool candidate
005110,2026-10-02,2026-10-02,2026-10-02,2026-10-05,AVOID,negative,18.0,18.0,18.0,37.0,37.0,0,35.0,0.0,3,10.0,0.0,10.0,0.0,0.0,0,0,18.0,v2_conservative_ranker,26.5,-9.0,4,-2.0,0.0,10.0,0.0,9.5,9.5,v3_stability_ranker,neutral,112.0,-0.9107,-0.9107,-0.9107,1025.6,1196.9,20.0,0.2036,kis,,,,,,,,,data/raw/price_005110_20260607_20261005.csv,802,False,Broad evaluation pool candidate,778,False,Broad evaluation pool candidate
199730,2026-10-02,2026-10-02,2026-10-02,2026-10-05,AVOID,negative,17.51,17.51,17.51,17.44,17.44,0,31.0,0.0,2,9.67,3.76,2.06,0.0,0.0,0,0,17.51,v2_conservative_ranker,24.0,2.0,6,-2.0,9.57,5.7,0.0,14.73,14.73,v3_stability_ranker,neutral,663.0,0.1013,-0.1445,-0.5669,665.2,1020.05,0.9818,0.0806,kis,,,,,,,,,data/raw/price_199730_20260607_20261005.csv,803,False,Broad evaluation pool candidate,763,False,Broad evaluation pool candidate
354200,2026-10-02,2026-10-02,2026-10-02,2026-10-05,AVOID,negative,17.22,17.22,17.22,15.78,15.78,0,31.0,-2.0,2,10.0,0.0,3.78,0.0,0.0,0,0,17.22,v2_conservative_ranker,24.0,-3.0,1,-2.0,0.0,8.45,0.0,11.55,11.55,v3_stability_ranker,price_weakness,764.0,-0.0916,-0.4003,-0.5558,933.0,1294.2,0.7974,0.0978,kis,,,,,,,,,data/raw/price_354200_20260607_20261005.csv,804,False,Broad evaluation pool candidate,774,False,Broad evaluation pool candidate
270520,2026-10-02,2026-10-02,2026-10-02,2026-10-05,AVOID,negative,16.18,16.18,16.18,15.67,15.67,0,31.0,-2.0,2,10.0,0.0,4.82,0.0,0.0,0,0,16.18,v2_conservative_ranker,24.0,-3.0,1,2.0,0.0,10.0,0.0,14.0,14.0,v3_stability_ranker,neutral,818.0,-0.0168,-0.595,-0.6942,973.2,2395.3,0.7777,0.1082,kis,,,,,,,,,data/raw/price_270520_20260607_20261005.csv,805,False,Broad evaluation pool candidate,767,False,Broad evaluation pool candidate
206950,2026-10-02,2026-10-02,2026-10-02,2026-10-05,AVOID,negative,16.08,16.08,16.08,39.73,39.73,0,35.82,3.0,3,10.0,8.0,7.73,0.0,0.0,0,0,16.08,v2_conservative_ranker,26.5,-2.83,4,-2.0,12.0,23.01,0.0,0.0,0.0,v3_stability_ranker,neutral,1490.0,0.1462,-0.1486,-0.1481,1484.4,1669.15,3.4109,0.1173,kis,,,,,,,,,data/raw/price_206950_20260607_20261005.csv,806,False,Broad evaluation pool candidate,807,False,Broad evaluation pool candidate
291810,2026-10-02,2026-10-02,2026-10-02,2026-10-05,AVOID,negative,15.0,15.0,15.0,11.0,11.0,0,31.0,0.0,0,10.0,0.0,6.0,0.0,0.0,0,0,15.0,v2_conservative_ranker,24.0,-5.0,0,2.0,0.0,10.0,0.0,11.0,11.0,v3_stability_ranker,price_weakness,409.0,0.0,-0.656,-0.6667,528.8,1334.4,0.0,0.1417,kis,,,,,,,,,data/raw/price_291810_20260607_20261005.csv,807,False,Broad evaluation pool candidate,776,False,Broad evaluation pool candidate
341170,2026-10-02,2026-10-02,2026-10-02,2026-10-05,AVOID,negative,6.0,6.0,6.0,37.0,37.0,0,35.0,0.0,3,10.0,8.0,14.0,0.0,0.0,0,0,6.0,v2_conservative_ranker,26.5,-9.0,4,-2.0,12.0,24.0,0.0,0.0,0.0,v3_stability_ranker,neutral,29.0,0.7059,-0.9415,-0.9415,306.8,448.7,12.0727,0.2741,kis,,,,,,,,,data/raw/price_341170_20260607_20261005.csv,808,False,Broad evaluation pool candidate,808,False,Broad evaluation pool candidate
