stock_code,candidate_date,candidate_pool_date,signal_date,prediction_date,candidate_action,prediction_direction,prediction_score,final_price_signal_score,price_candidate_score,price_signal_score_v1,price_score_base,supplementary_score,base_momentum_score,volume_confirmation_score,liquidity_score,volatility_penalty,overextension_penalty,reversal_risk_penalty,news_risk_penalty,attention_noise_penalty,market_regime_penalty,healthy_context_score,final_price_signal_score_v2,score_version,v3_momentum_quality_score,v3_volume_quality_score,v3_liquidity_quality_score,v3_stability_score,v3_overextension_penalty,v3_reversal_penalty,v3_noise_penalty,v3_final_score,final_price_signal_score_v3,experimental_score_version,signal_label,close,return_1d,return_5d,return_20d,ma5,ma20,volume_ratio_20d,volatility_20d,price_source,corp_name,stock_name,event_type,social_attention_label,social_risk_label,news_risk_score,news_negative_keyword_count,news_risk_keyword_count,source_file,candidate_rank,selected_pick,selection_reason,v3_rank,v3_selected_pick,v3_selection_reason
089860,2026-08-19,2026-08-19,2026-08-19,2026-08-19,BUY_CANDIDATE,positive,75.0,75.0,75.0,104.19,104.19,0,75.11,2.74,3,3.85,0.0,0.0,6.0,0.0,0,4,75.0,v2_conservative_ranker,49.02,8.0,6,9.19,1.79,0.0,9.0,61.41,61.41,v3_stability_ranker,strong_price_momentum,46850.0,0.0342,0.0411,0.2766,44730.0,41057.5,1.549,0.0321,pykrx,,,,,,6,2,2,data/raw/price_089860_20260421_20260819.csv,1,True,Top 20 by conservative v2 price signal score,25,False,Broad evaluation pool candidate
009460,2026-08-19,2026-08-19,2026-08-19,2026-08-19,WATCHLIST,neutral_positive,74.54,74.54,74.54,94.31,94.31,0,71.92,0.58,3,3.96,0.0,0.0,0.0,0.0,0,3,74.54,v2_conservative_ranker,49.43,8.0,6,12.05,0.0,0.0,0.0,75.48,75.48,v3_stability_ranker,strong_price_momentum,3415.0,0.038,0.0492,0.2648,3296.0,3127.25,1.1154,0.033,pykrx,,,,,,,,,data/raw/price_009460_20260421_20260819.csv,2,True,Top 20 by conservative v2 price signal score,3,True,Experimental Top 20 by stability-first v3 score
206400,2026-08-19,2026-08-19,2026-08-19,2026-08-19,WATCHLIST,neutral_positive,70.94,70.94,70.94,123.64,123.64,0,79.0,0.0,3,4.03,1.03,0.0,6.0,0.0,0,0,70.94,v2_conservative_ranker,40.29,-9.0,4,8.96,8.66,8.0,13.5,14.1,14.1,v3_stability_ranker,strong_price_momentum,1003.0,0.0131,0.169,0.2793,944.8,859.4,6.6036,0.0336,pykrx,,,,,,9,3,3,data/raw/price_206400_20260421_20260819.csv,3,True,Top 20 by conservative v2 price signal score,272,False,Broad evaluation pool candidate
000950,2026-08-19,2026-08-19,2026-08-19,2026-08-19,WATCHLIST,neutral_positive,69.38,69.38,69.38,91.52,91.52,0,73.36,-2.0,2,3.98,0.0,0.0,0.0,0.0,0,0,69.38,v2_conservative_ranker,49.27,-3.0,1,9.02,1.39,0.0,0.0,54.9,54.9,v3_stability_ranker,strong_price_momentum,33450.0,0.0015,0.0636,0.2694,32450.0,29435.0,0.4132,0.0332,pykrx,,,,low_attention,no_risk_noise,,,,data/raw/price_000950_20260421_20260819.csv,4,True,Top 20 by conservative v2 price signal score,68,False,Broad evaluation pool candidate
950220,2026-08-19,2026-08-19,2026-08-19,2026-08-19,WATCHLIST,neutral_positive,69.09,69.09,69.09,91.02,95.02,-4,71.0,5.04,3,5.21,2.34,0.0,0.0,5.4,0,3,69.09,v2_conservative_ranker,48.79,5.0,6,7.49,6.03,0.0,8.2,53.05,53.05,v3_stability_ranker,price_momentum,1690.0,0.0084,0.0931,0.2832,1623.0,1421.3,2.0075,0.0434,pykrx,,,,medium_attention,risk_noise_detected,,,,data/raw/price_950220_20260421_20260819.csv,5,True,Top 20 by conservative v2 price signal score,80,False,Broad evaluation pool candidate
086820,2026-08-19,2026-08-19,2026-08-19,2026-08-19,WATCHLIST,neutral_positive,68.42,68.42,68.42,89.33,89.33,0,69.4,4.4,3,5.39,0.0,0.0,6.0,0.0,0,3,68.42,v2_conservative_ranker,57.0,5.0,6,6.26,0.0,0.0,10.6,63.67,63.67,v3_stability_ranker,price_momentum,6660.0,-0.0814,0.0742,0.1424,6568.0,6159.5,1.88,0.0449,pykrx,,,,,,7,3,2,data/raw/price_086820_20260421_20260819.csv,6,True,Top 20 by conservative v2 price signal score,15,True,Experimental Top 20 by stability-first v3 score
101970,2026-08-19,2026-08-19,2026-08-19,2026-08-19,WATCHLIST,neutral_positive,66.77,66.77,66.77,80.54,80.54,0,63.05,3.05,3,5.33,0.0,0.0,0.0,0.0,0,3,66.77,v2_conservative_ranker,57.0,8.0,6,10.34,0.0,0.0,0.0,81.34,81.34,v3_stability_ranker,price_momentum,10300.0,0.0249,0.031,0.0842,9920.0,9623.0,1.6109,0.0444,pykrx,,,,,,,,,data/raw/price_101970_20260421_20260819.csv,7,True,Top 20 by conservative v2 price signal score,1,True,Experimental Top 20 by stability-first v3 score
115480,2026-08-19,2026-08-19,2026-08-19,2026-08-19,WATCHLIST,neutral_positive,65.47,65.47,65.47,86.74,86.74,0,67.0,1.43,3,4.46,1.5,0.0,0.0,0.0,0,0,65.47,v2_conservative_ranker,45.85,8.0,6,8.42,5.38,0.0,0.0,62.89,62.89,v3_stability_ranker,price_momentum,2195.0,-0.0113,0.1274,0.2529,2036.8,1868.05,1.2865,0.0372,pykrx,,,,,,,,,data/raw/price_115480_20260421_20260819.csv,8,True,Top 20 by conservative v2 price signal score,21,False,Broad evaluation pool candidate
277880,2026-08-19,2026-08-19,2026-08-19,2026-08-19,WATCHLIST,neutral_positive,64.24,64.24,64.24,80.22,77.22,3,66.4,0.0,2,5.16,0.0,0.0,0.0,0.0,0,1,64.24,v2_conservative_ranker,57.0,2.0,6,3.55,0.55,0.0,0.0,68.0,68.0,v3_stability_ranker,price_momentum,3515.0,-0.0435,0.0766,0.1639,3513.0,3120.25,0.9439,0.043,unknown,티에스아이,티에스아이,supply_contract,,,,,,data/raw/price_277880_20260720_20260819.csv,9,True,Top 20 by conservative v2 price signal score,6,True,Experimental Top 20 by stability-first v3 score
121440,2026-08-19,2026-08-19,2026-08-19,2026-08-19,WATCHLIST,neutral_positive,64.14,64.14,64.14,100.67,100.67,0,71.0,4.18,3,4.0,10.04,0.0,0.0,0.0,0,0,64.14,v2_conservative_ranker,46.84,5.0,6,5.0,23.52,0.0,0.0,39.33,39.33,v3_stability_ranker,price_momentum,7990.0,0.1333,0.1908,0.1997,7186.0,6792.0,1.8359,0.0333,pykrx,,,,,,,,,data/raw/price_121440_20260421_20260819.csv,10,True,Top 20 by conservative v2 price signal score,202,False,Broad evaluation pool candidate
363280,2026-08-19,2026-08-19,2026-08-19,2026-08-19,WATCHLIST,neutral_positive,64.01,64.01,64.01,82.18,82.18,0,66.14,-2.0,2,2.12,0.0,0.0,0.0,0.0,0,0,64.01,v2_conservative_ranker,49.0,-3.0,1,14.34,0.0,0.0,0.0,61.34,61.34,v3_stability_ranker,strong_price_momentum,1920.0,-0.001,0.0016,0.1422,1919.2,1831.85,0.1138,0.0177,pykrx,,,,medium_attention,no_risk_noise,,,,data/raw/price_363280_20260421_20260819.csv,11,True,Top 20 by conservative v2 price signal score,26,False,Broad evaluation pool candidate
000720,2026-08-19,2026-08-19,2026-08-19,2026-08-19,WATCHLIST,neutral_positive,63.36,63.36,63.36,76.38,76.38,0,62.74,2.43,3,7.54,0.0,0.28,0.0,0.0,0,3,63.36,v2_conservative_ranker,50.23,8.0,6,0.58,2.23,2.85,0.0,59.73,59.73,v3_stability_ranker,price_momentum,116500.0,0.0581,0.0374,0.242,113980.0,104750.0,1.4866,0.0628,pykrx,,,,,,,,,data/raw/price_000720_20260421_20260819.csv,12,True,Top 20 by conservative v2 price signal score,30,False,Broad evaluation pool candidate
005960,2026-08-19,2026-08-19,2026-08-19,2026-08-19,WATCHLIST,neutral_positive,63.26,63.26,63.26,78.17,78.17,0,66.2,0.0,2,4.94,0.0,0.0,0.0,0.0,0,0,63.26,v2_conservative_ranker,50.5,2.0,1,7.82,0.39,0.0,0.0,60.93,60.93,v3_stability_ranker,price_momentum,7740.0,-0.0373,0.072,0.2344,7808.0,6882.5,0.8478,0.0412,pykrx,,,,,,,,,data/raw/price_005960_20260421_20260819.csv,13,True,Top 20 by conservative v2 price signal score,28,False,Broad evaluation pool candidate
288980,2026-08-19,2026-08-19,2026-08-19,2026-08-19,WATCHLIST,neutral_positive,63.02,63.02,63.02,80.92,84.92,-4,64.71,6.89,3,6.48,0.0,0.0,0.0,8.1,0,3,63.02,v2_conservative_ranker,57.0,5.0,4,8.9,0.0,1.44,12.4,61.06,61.06,v3_stability_ranker,price_momentum,804.0,-0.0183,0.0691,0.0229,782.0,731.75,2.3771,0.054,pykrx,,,,medium_attention,risk_noise_detected,,,,data/raw/price_288980_20260421_20260819.csv,14,True,Top 20 by conservative v2 price signal score,27,False,Broad evaluation pool candidate
307870,2026-08-19,2026-08-19,2026-08-19,2026-08-19,WATCHLIST,neutral_positive,62.84,62.84,62.84,81.89,81.89,0,67.0,0.0,2,6.16,0.0,0.0,0.0,0.0,0,0,62.84,v2_conservative_ranker,53.0,2.0,1,6.31,2.0,1.01,0.0,59.29,59.29,v3_stability_ranker,price_momentum,1011.0,-0.0325,0.1271,0.1838,971.6,890.25,0.8526,0.0513,unknown,비투엔,비투엔,major_shareholder_change,,,,,,data/raw/price_307870_20260720_20260819.csv,15,True,Top 20 by conservative v2 price signal score,34,False,Broad evaluation pool candidate
036630,2026-08-19,2026-08-19,2026-08-19,2026-08-19,WATCHLIST,neutral_positive,61.9,61.9,61.9,101.56,101.56,0,71.0,0.0,3,4.22,0.96,6.91,0.0,0.0,0,0,61.9,v2_conservative_ranker,57.0,-9.0,4,4.72,5.61,14.0,0.0,37.11,37.11,v3_stability_ranker,price_momentum,7740.0,0.078,0.0917,0.1981,7216.0,7013.5,5.6414,0.0352,pykrx,,,,,,,,,data/raw/price_036630_20260421_20260819.csv,16,True,Top 20 by conservative v2 price signal score,210,False,Broad evaluation pool candidate
033310,2026-08-19,2026-08-19,2026-08-19,2026-08-19,WATCHLIST,neutral_positive,61.85,61.85,61.85,89.53,89.53,0,61.77,0.0,3,2.92,0.0,0.0,0.0,0.0,0,0,61.85,v2_conservative_ranker,57.0,-9.0,4,13.36,0.0,14.0,0.0,51.36,51.36,v3_stability_ranker,price_momentum,1386.0,0.0297,0.0199,0.0794,1359.2,1319.4,13.0245,0.0243,pykrx,,,,medium_attention,no_risk_noise,,,,data/raw/price_033310_20260421_20260819.csv,17,True,Top 20 by conservative v2 price signal score,96,False,Broad evaluation pool candidate
009160,2026-08-19,2026-08-19,2026-08-19,2026-08-19,WATCHLIST,neutral_positive,60.43,60.43,60.43,73.38,73.38,0,57.28,2.89,3,2.74,0.0,0.0,0.0,0.0,0,0,60.43,v2_conservative_ranker,49.0,8.0,6,13.58,0.0,0.0,0.0,76.58,76.58,v3_stability_ranker,price_momentum,4890.0,0.001,-0.002,0.128,4917.0,4749.5,1.5771,0.0228,pykrx,,,,,,,,,data/raw/price_009160_20260421_20260819.csv,18,True,Top 20 by conservative v2 price signal score,2,True,Experimental Top 20 by stability-first v3 score
054220,2026-08-19,2026-08-19,2026-08-19,2026-08-19,HOLD,neutral,59.88,59.88,59.88,72.81,72.81,0,66.45,-2.0,2,6.56,0.0,0.0,0.0,0.0,0,0,59.88,v2_conservative_ranker,57.0,-3.0,1,5.79,0.82,1.55,0.0,58.42,58.42,v3_stability_ranker,price_momentum,1713.0,-0.0349,0.0794,0.1574,1741.8,1516.35,0.4111,0.0547,pykrx,,,,,,,,,data/raw/price_054220_20260421_20260819.csv,19,True,Top 20 by conservative v2 price signal score,42,False,Broad evaluation pool candidate
352940,2026-08-19,2026-08-19,2026-08-19,2026-08-19,HOLD,neutral,59.86,59.86,59.86,78.64,81.64,-3,62.54,-2.0,2,0.68,0.0,0.0,0.0,0.0,2,0,59.86,v2_conservative_ranker,43.0,-3.0,1,16.14,0.0,0.0,2.0,55.14,55.14,v3_stability_ranker,strong_price_momentum,2025.0,0.0,0.01,0.0155,2016.0,2007.8,0.7394,0.0057,unknown,인바이오,인바이오,disclosure_violation,,,,,,data/raw/price_352940_20260720_20260819.csv,20,True,Top 20 by conservative v2 price signal score,62,False,Broad evaluation pool candidate
003070,2026-08-19,2026-08-19,2026-08-19,2026-08-19,HOLD,neutral,59.78,59.78,59.78,74.25,71.25,3,63.49,-2.0,2,4.7,0.0,0.0,0.0,0.0,0,1,59.78,v2_conservative_ranker,57.0,-3.0,1,11.12,0.0,0.0,0.0,66.12,66.12,v3_stability_ranker,price_momentum,9780.0,-0.0269,0.0573,0.1359,10130.0,9091.0,0.4402,0.0392,unknown,코오롱글로벌,코오롱글로벌,supply_contract,,,,,,data/raw/price_003070_20260720_20260819.csv,21,False,Broad evaluation pool candidate,8,True,Experimental Top 20 by stability-first v3 score
241840,2026-08-19,2026-08-19,2026-08-19,2026-08-19,HOLD,neutral,59.54,59.54,59.54,84.54,84.54,0,63.85,0.0,2,1.31,0.0,0.0,6.0,0.0,0,1,59.54,v2_conservative_ranker,49.0,2.0,6,15.37,0.0,0.0,9.0,63.36,63.36,v3_stability_ranker,strong_price_momentum,2390.0,0.0127,0.0042,0.0694,2373.0,2313.0,0.9572,0.0109,pykrx,,,,,,6,2,2,data/raw/price_241840_20260421_20260819.csv,22,False,Broad evaluation pool candidate,17,True,Experimental Top 20 by stability-first v3 score
053580,2026-08-19,2026-08-19,2026-08-19,2026-08-19,HOLD,neutral,59.06,59.06,59.06,78.14,78.14,0,62.58,-2.0,2,3.52,0.0,0.0,0.0,0.0,0,0,59.06,v2_conservative_ranker,49.0,-3.0,1,12.61,0.0,0.0,0.0,59.61,59.61,v3_stability_ranker,price_momentum,7160.0,0.0214,-0.0042,0.1738,7158.0,6735.0,0.7994,0.0293,pykrx,,,,,,,,,data/raw/price_053580_20260421_20260819.csv,23,False,Broad evaluation pool candidate,31,False,Broad evaluation pool candidate
017670,2026-08-19,2026-08-19,2026-08-19,2026-08-19,HOLD,neutral,58.78,58.78,58.78,80.16,80.16,0,66.31,-2.0,2,7.38,0.0,0.15,0.0,0.0,0,0,58.78,v2_conservative_ranker,53.0,-3.0,1,7.78,1.85,2.64,0.0,54.28,54.28,v3_stability_ranker,price_momentum,98000.0,-0.018,0.1395,0.1516,95440.0,90290.0,0.7963,0.0615,pykrx,,,,,,,,,data/raw/price_017670_20260421_20260819.csv,24,False,Broad evaluation pool candidate,71,False,Broad evaluation pool candidate
039200,2026-08-19,2026-08-19,2026-08-19,2026-08-19,HOLD,neutral,58.33,58.33,58.33,73.57,73.57,0,60.87,0.0,3,5.54,0.0,0.0,0.0,0.0,0,0,58.33,v2_conservative_ranker,49.47,8.0,6,3.07,0.76,0.19,0.0,65.59,65.59,v3_stability_ranker,price_momentum,38100.0,0.041,0.0187,0.2637,37840.0,33747.5,1.0536,0.0462,pykrx,,,,,,,,,data/raw/price_039200_20260421_20260819.csv,25,False,Broad evaluation pool candidate,9,True,Experimental Top 20 by stability-first v3 score
000760,2026-08-19,2026-08-19,2026-08-19,2026-08-19,HOLD,neutral,57.67,57.67,57.67,70.72,70.72,0,55.54,4.22,3,5.09,0.0,0.0,0.0,0.0,0,0,57.67,v2_conservative_ranker,49.0,5.0,6,10.64,0.0,0.0,0.0,70.64,70.64,v3_stability_ranker,price_momentum,12800.0,0.0047,-0.0062,0.0903,12684.0,12654.5,1.8436,0.0424,pykrx,,,,,,,,,data/raw/price_000760_20260421_20260819.csv,26,False,Broad evaluation pool candidate,5,True,Experimental Top 20 by stability-first v3 score
115530,2026-08-19,2026-08-19,2026-08-19,2026-08-19,HOLD,neutral,57.41,57.41,57.41,98.69,98.69,0,71.0,4.71,3,6.3,15.0,0.0,0.0,0.0,0,0,57.41,v2_conservative_ranker,39.0,5.0,6,6.12,24.18,1.2,0.0,30.75,30.75,v3_stability_ranker,price_momentum,2960.0,-0.0311,0.1429,0.553,2846.0,2298.35,1.9413,0.0525,pykrx,,,,,,,,,data/raw/price_115530_20260421_20260819.csv,27,False,Broad evaluation pool candidate,238,False,Broad evaluation pool candidate
252500,2026-08-19,2026-08-19,2026-08-19,2026-08-19,HOLD,neutral,56.23,56.23,56.23,69.22,69.22,0,60.13,0.0,0,3.9,0.0,0.0,0.0,0.0,0,0,56.23,v2_conservative_ranker,49.0,-5.0,0,12.12,0.0,0.0,0.0,56.12,56.12,v3_stability_ranker,price_momentum,499.0,0.0,0.0,0.0895,499.0,482.25,0.0,0.0325,pykrx,,,,,,,,,data/raw/price_252500_20260421_20260819.csv,28,False,Broad evaluation pool candidate,56,False,Broad evaluation pool candidate
084180,2026-08-19,2026-08-19,2026-08-19,2026-08-19,HOLD,neutral,55.96,55.96,55.96,82.98,82.98,0,67.0,1.03,3,10.0,0.0,5.07,0.0,0.0,0,0,55.96,v2_conservative_ranker,46.94,8.0,6,2.0,1.66,10.0,0.0,51.28,51.28,v3_stability_ranker,price_momentum,612.0,-0.0161,0.1375,0.2216,592.2,548.75,1.2052,0.1107,pykrx,,,,,,,,,data/raw/price_084180_20260421_20260819.csv,29,False,Broad evaluation pool candidate,98,False,Broad evaluation pool candidate
106240,2026-08-19,2026-08-19,2026-08-19,2026-08-19,HOLD,neutral,55.83,55.83,55.83,65.05,65.05,0,61.0,-2.0,2,5.17,0.0,0.0,0.0,0.0,0,0,55.83,v2_conservative_ranker,51.0,-3.0,1,10.54,0.0,0.0,0.0,59.53,59.53,v3_stability_ranker,price_momentum,1307.0,0.0132,0.0811,0.0,1295.4,1249.6,0.2079,0.0431,pykrx,,,,,,,,,data/raw/price_106240_20260421_20260819.csv,30,False,Broad evaluation pool candidate,32,False,Broad evaluation pool candidate
341170,2026-08-19,2026-08-19,2026-08-19,2026-08-19,HOLD,neutral,55.68,55.68,55.68,82.79,82.79,0,70.55,0.0,0,8.11,5.99,0.76,0.0,0.0,0,0,55.68,v2_conservative_ranker,43.0,-5.0,0,3.86,13.05,3.62,0.0,25.2,25.2,v3_stability_ranker,strong_price_momentum,496.0,0.0,0.0355,0.4588,496.0,424.55,0.0,0.0676,pykrx,,,,,,,,,data/raw/price_341170_20260421_20260819.csv,31,False,Broad evaluation pool candidate,258,False,Broad evaluation pool candidate
080420,2026-08-19,2026-08-19,2026-08-19,2026-08-19,HOLD,neutral,55.37,55.37,55.37,69.94,69.94,0,60.21,-2.0,2,4.84,0.0,0.0,0.0,0.0,0,0,55.37,v2_conservative_ranker,49.0,-3.0,1,10.96,0.0,0.0,0.0,57.95,57.95,v3_stability_ranker,price_momentum,1669.0,0.0347,0.0121,0.2191,1655.2,1542.4,0.4606,0.0403,pykrx,,,,,,,,,data/raw/price_080420_20260421_20260819.csv,32,False,Broad evaluation pool candidate,45,False,Broad evaluation pool candidate
112610,2026-08-19,2026-08-19,2026-08-19,2026-08-19,HOLD,neutral,55.36,55.36,55.36,71.23,71.23,0,61.34,-2.0,2,5.98,0.0,0.0,0.0,0.0,0,0,55.36,v2_conservative_ranker,57.0,-3.0,1,9.53,0.0,0.77,0.0,63.76,63.76,v3_stability_ranker,price_momentum,45950.0,0.0055,0.0234,0.1873,45750.0,41862.5,0.7503,0.0498,pykrx,,,,,,,,,data/raw/price_112610_20260421_20260819.csv,33,False,Broad evaluation pool candidate,14,True,Experimental Top 20 by stability-first v3 score
049950,2026-08-19,2026-08-19,2026-08-19,2026-08-19,HOLD,neutral,54.63,54.63,54.63,76.54,76.54,0,66.98,-2.0,2,6.35,0.0,0.0,6.0,0.0,0,0,54.63,v2_conservative_ranker,57.0,-3.0,1,2.06,0.0,1.26,9.0,46.8,46.8,v3_stability_ranker,price_momentum,11170.0,-0.0486,0.0866,0.1709,11404.0,10078.5,0.7706,0.0529,pykrx,,,,,,6,2,2,data/raw/price_049950_20260421_20260819.csv,34,False,Broad evaluation pool candidate,153,False,Broad evaluation pool candidate
457600,2026-08-19,2026-08-19,2026-08-19,2026-08-19,HOLD,neutral,54.51,54.51,54.51,84.28,84.28,0,67.0,0.0,2,7.19,7.3,0.0,0.0,0.0,0,0,54.51,v2_conservative_ranker,36.85,2.0,1,5.02,20.2,2.38,0.0,22.28,22.28,v3_stability_ranker,price_momentum,4585.0,0.0212,0.1652,0.3852,4303.0,3682.0,0.8786,0.0599,pykrx,,,,,,,,,data/raw/price_457600_20260421_20260819.csv,35,False,Broad evaluation pool candidate,263,False,Broad evaluation pool candidate
001630,2026-08-19,2026-08-19,2026-08-19,2026-08-19,HOLD,neutral,54.41,54.41,54.41,65.93,65.93,0,49.23,4.5,3,2.32,0.0,0.0,0.0,0.0,0,0,54.41,v2_conservative_ranker,39.54,5.0,6,14.11,0.0,0.0,0.0,64.65,64.65,v3_stability_ranker,price_momentum,38800.0,-0.0348,-0.0432,0.0157,40080.0,39230.0,1.8991,0.0193,pykrx,,,,,,,,,data/raw/price_001630_20260421_20260819.csv,36,False,Broad evaluation pool candidate,11,True,Experimental Top 20 by stability-first v3 score
340360,2026-08-19,2026-08-19,2026-08-19,2026-08-19,HOLD,neutral,53.58,53.58,53.58,64.19,64.19,0,60.07,-2.0,2,6.49,0.0,0.0,0.0,0.0,0,0,53.58,v2_conservative_ranker,57.0,-3.0,1,8.88,0.0,1.46,0.0,62.43,62.43,v3_stability_ranker,price_momentum,939.0,-0.0269,0.0341,0.1047,930.6,862.8,0.1594,0.0541,pykrx,,,,,,,,,data/raw/price_340360_20260421_20260819.csv,37,False,Broad evaluation pool candidate,22,False,Broad evaluation pool candidate
420770,2026-08-19,2026-08-19,2026-08-19,2026-08-19,HOLD,neutral,53.57,53.57,53.57,65.63,65.63,0,57.59,2.39,3,10.0,0.0,2.41,0.0,0.0,0,3,53.57,v2_conservative_ranker,46.61,8.0,6,2.0,0.44,6.26,0.0,55.91,55.91,v3_stability_ranker,price_momentum,128700.0,0.0047,0.0963,-0.0975,122500.0,114380.0,1.4789,0.0841,pykrx,,,,,,,,,data/raw/price_420770_20260421_20260819.csv,38,False,Broad evaluation pool candidate,58,False,Broad evaluation pool candidate
337840,2026-08-19,2026-08-19,2026-08-19,2026-08-19,HOLD,neutral,53.55,53.55,53.55,81.4,81.4,0,58.0,0.0,3,2.75,0.0,4.7,0.0,0.0,0,0,53.55,v2_conservative_ranker,57.0,-6.26,4,9.56,0.0,11.07,0.0,53.23,53.23,v3_stability_ranker,price_momentum,6390.0,0.0424,0.034,0.0458,6210.0,6211.0,4.6371,0.0229,pykrx,,,,,,,,,data/raw/price_337840_20260421_20260819.csv,39,False,Broad evaluation pool candidate,79,False,Broad evaluation pool candidate
419540,2026-08-19,2026-08-19,2026-08-19,2026-08-19,HOLD,neutral,53.3,53.3,53.3,83.49,83.49,0,67.0,-2.0,2,4.91,2.79,0.0,6.0,0.0,0,0,53.3,v2_conservative_ranker,46.5,-3.0,1,7.87,7.33,0.0,9.0,36.04,36.04,v3_stability_ranker,price_momentum,3555.0,-0.0084,0.1286,0.2344,3373.0,2971.0,0.787,0.0409,pykrx,,,,,,6,2,2,data/raw/price_419540_20260421_20260819.csv,40,False,Broad evaluation pool candidate,216,False,Broad evaluation pool candidate
055550,2026-08-19,2026-08-19,2026-08-19,2026-08-19,HOLD,neutral,53.13,53.13,53.13,63.83,63.83,0,53.58,0.0,2,2.45,0.0,0.0,0.0,0.0,0,0,53.13,v2_conservative_ranker,43.0,2.0,1,13.94,0.0,0.0,0.0,59.94,59.94,v3_stability_ranker,price_momentum,105000.0,-0.0141,0.0048,0.0029,105860.0,104230.0,0.8744,0.0204,pykrx,,,,,,,,,data/raw/price_055550_20260421_20260819.csv,41,False,Broad evaluation pool candidate,29,False,Broad evaluation pool candidate
031860,2026-08-19,2026-08-19,2026-08-19,2026-08-19,HOLD,neutral,53.0,53.0,53.0,60.0,60.0,0,53.0,0.0,0,0.0,0.0,0.0,0.0,0.0,0,0,53.0,v2_conservative_ranker,43.0,-5.0,0,17.0,0.0,0.0,0.0,55.0,55.0,v3_stability_ranker,price_momentum,6930.0,0.0,0.0,0.0,6930.0,6930.0,0.0,0.0,pykrx,,,,,,,,,data/raw/price_031860_20260421_20260819.csv,42,False,Broad evaluation pool candidate,63,False,Broad evaluation pool candidate
066790,2026-08-19,2026-08-19,2026-08-19,2026-08-19,HOLD,neutral,53.0,53.0,53.0,60.0,60.0,0,53.0,0.0,0,0.0,0.0,0.0,0.0,0.0,0,0,53.0,v2_conservative_ranker,43.0,-5.0,0,17.0,0.0,0.0,0.0,55.0,55.0,v3_stability_ranker,price_momentum,2205.0,0.0,0.0,0.0,2205.0,2205.0,0.0,0.0,pykrx,,,,,,,,,data/raw/price_066790_20260421_20260819.csv,43,False,Broad evaluation pool candidate,64,False,Broad evaluation pool candidate
230360,2026-06-29,2026-06-29,2026-06-29,2026-08-19,HOLD,neutral,52.98,52.98,52.98,59.98,59.98,0,53.0,0.0,0,0.02,0.0,0.0,0.0,0.0,0,0,52.98,v2_conservative_ranker,43.0,-5.0,0,16.97,0.0,0.0,0.0,54.97,54.97,v3_stability_ranker,price_momentum,16000.0,0.0,0.0,0.0,16000.0,16000.5,0.0,0.0002,pykrx,,,,,,,,,data/raw/price_230360_20260421_20260819.csv,44,False,Broad evaluation pool candidate,66,False,Broad evaluation pool candidate
084870,2026-08-19,2026-08-19,2026-08-19,2026-08-19,HOLD,neutral,52.39,52.39,52.39,70.83,70.83,0,58.9,0.0,2,2.51,0.0,0.0,6.0,0.0,0,0,52.39,v2_conservative_ranker,49.0,2.0,1,13.87,0.0,0.0,9.0,56.86,56.86,v3_stability_ranker,price_momentum,2190.0,0.0046,0.0139,0.1289,2178.0,2037.85,0.8469,0.0209,pykrx,,,,,,6,2,2,data/raw/price_084870_20260421_20260819.csv,45,False,Broad evaluation pool candidate,50,False,Broad evaluation pool candidate
445090,2026-08-19,2026-08-19,2026-08-19,2026-08-19,HOLD,neutral,52.36,52.36,52.36,74.54,74.54,0,63.54,-2.0,2,9.22,0.28,1.68,0.0,0.0,0,0,52.36,v2_conservative_ranker,53.0,-3.0,1,-1.52,5.1,5.09,0.0,39.29,39.29,v3_stability_ranker,price_momentum,22200.0,-0.0593,0.1426,0.0725,22042.0,19225.5,0.7221,0.0768,pykrx,,,,,,,,,data/raw/price_445090_20260421_20260819.csv,46,False,Broad evaluation pool candidate,203,False,Broad evaluation pool candidate
038530,2026-08-19,2026-08-19,2026-08-19,2026-08-19,HOLD,neutral,52.22,52.22,52.22,80.22,80.22,0,55.38,3.0,3,3.82,1.34,4.0,0.0,0.0,0,0,52.22,v2_conservative_ranker,34.51,-1.22,4,12.23,4.99,0.0,0.0,44.53,44.53,v3_stability_ranker,price_momentum,1039.0,-0.0029,-0.0362,0.3798,1060.8,947.8,2.8371,0.0318,pykrx,,,,,,,,,data/raw/price_038530_20260421_20260819.csv,47,False,Broad evaluation pool candidate,170,False,Broad evaluation pool candidate
009420,2026-08-19,2026-08-19,2026-08-19,2026-08-19,HOLD,neutral,52.13,52.13,52.13,73.59,73.59,0,63.04,0.0,2,6.89,0.02,0.0,6.0,0.0,0,0,52.13,v2_conservative_ranker,50.67,2.0,1,5.39,2.58,1.98,9.0,45.5,45.5,v3_stability_ranker,price_momentum,59200.0,0.0085,0.0404,0.2295,58740.0,51465.0,0.881,0.0574,pykrx,,,,,,6,2,2,data/raw/price_009420_20260421_20260819.csv,48,False,Broad evaluation pool candidate,165,False,Broad evaluation pool candidate
431190,2026-08-19,2026-08-19,2026-08-19,2026-08-19,HOLD,neutral,51.71,51.71,51.71,70.87,70.87,0,63.49,-2.0,2,9.7,0.0,2.08,0.0,0.0,0,0,51.71,v2_conservative_ranker,50.32,-3.0,1,2.0,0.12,5.73,0.0,44.47,44.47,v3_stability_ranker,price_momentum,2795.0,0.0108,0.0449,0.2395,2740.0,2492.5,0.7305,0.0808,pykrx,,,,,,,,,data/raw/price_431190_20260421_20260819.csv,49,False,Broad evaluation pool candidate,171,False,Broad evaluation pool candidate
007980,2026-08-19,2026-08-19,2026-08-19,2026-08-19,HOLD,neutral,51.6,51.6,51.6,59.75,59.75,0,49.6,1.7,3,2.69,0.0,0.0,0.0,0.0,0,0,51.6,v2_conservative_ranker,46.5,8.0,6,13.64,0.0,0.0,0.0,74.14,74.14,v3_stability_ranker,neutral,1825.0,-0.0323,-0.0256,0.0902,1874.4,1744.45,1.3392,0.0224,pykrx,,,,,,,,,data/raw/price_007980_20260421_20260819.csv,50,False,Broad evaluation pool candidate,4,True,Experimental Top 20 by stability-first v3 score
109070,2026-08-19,2026-08-19,2026-08-19,2026-08-19,HOLD,neutral,51.52,51.52,51.52,73.94,73.94,0,61.84,-2.0,2,4.32,0.0,0.0,6.0,0.0,0,0,51.52,v2_conservative_ranker,50.61,-3.0,1,8.6,0.0,0.0,13.5,43.71,43.71,v3_stability_ranker,price_momentum,1630.0,0.0,0.0284,0.2311,1680.6,1469.9,0.784,0.036,pykrx,,,,,,9,3,3,data/raw/price_109070_20260421_20260819.csv,51,False,Broad evaluation pool candidate,174,False,Broad evaluation pool candidate
012160,2026-08-19,2026-08-19,2026-08-19,2026-08-19,HOLD,neutral,51.49,51.49,51.49,61.65,61.65,0,55.89,-2.0,2,4.4,0.0,0.0,0.0,0.0,0,0,51.49,v2_conservative_ranker,49.0,-3.0,1,11.49,0.0,0.0,0.0,58.49,58.49,v3_stability_ranker,price_momentum,2440.0,-0.0375,0.0124,0.0472,2484.0,2416.25,0.2874,0.0367,pykrx,,,,,,,,,data/raw/price_012160_20260421_20260819.csv,52,False,Broad evaluation pool candidate,41,False,Broad evaluation pool candidate
200230,2026-08-19,2026-08-19,2026-08-19,2026-08-19,HOLD,neutral,51.48,51.48,51.48,76.58,76.58,0,54.08,0.0,3,5.6,0.0,0.0,0.0,0.0,0,0,51.48,v2_conservative_ranker,45.82,-7.28,4,10.0,0.0,11.96,0.0,40.58,40.58,v3_stability_ranker,price_momentum,2300.0,0.0314,-0.0397,0.1443,2299.0,2158.95,5.0005,0.0467,pykrx,,,,,,,,,data/raw/price_200230_20260421_20260819.csv,53,False,Broad evaluation pool candidate,190,False,Broad evaluation pool candidate
322780,2026-08-19,2026-08-19,2026-08-19,2026-08-19,HOLD,neutral,51.35,51.35,51.35,56.7,56.7,0,51.25,0.0,3,2.89,0.0,0.0,0.0,0.0,0,0,51.35,v2_conservative_ranker,44.87,2.0,6,13.38,0.0,0.0,0.0,66.25,66.25,v3_stability_ranker,neutral,2050.0,-0.012,0.0507,-0.0807,2019.6,2026.05,1.0118,0.0241,unknown,코퍼스코리아,코퍼스코리아,major_shareholder_change,,,,,,data/raw/price_322780_20260720_20260819.csv,54,False,Broad evaluation pool candidate,7,True,Experimental Top 20 by stability-first v3 score
001060,2026-08-19,2026-08-19,2026-08-19,2026-08-19,HOLD,neutral,51.35,51.35,51.35,70.32,70.32,0,58.08,1.56,3,5.29,0.0,0.0,6.0,0.0,0,0,51.35,v2_conservative_ranker,49.0,8.0,6,10.38,0.0,0.0,9.0,64.39,64.39,v3_stability_ranker,price_momentum,26500.0,-0.0275,0.0095,0.1181,28220.0,25057.5,1.3123,0.0441,pykrx,,,,,,6,2,2,data/raw/price_001060_20260421_20260819.csv,55,False,Broad evaluation pool candidate,13,True,Experimental Top 20 by stability-first v3 score
038680,2026-08-19,2026-08-19,2026-08-19,2026-08-19,HOLD,neutral,51.16,51.16,51.16,100.8,100.8,0,71.0,0.0,3,5.76,9.08,8.0,0.0,0.0,0,0,51.16,v2_conservative_ranker,50.41,-9.0,4,2.8,16.08,14.48,0.0,17.64,17.64,v3_stability_ranker,price_momentum,4280.0,0.1383,0.096,0.237,3891.0,3664.25,9.4101,0.048,pykrx,,,,,,,,,data/raw/price_038680_20260421_20260819.csv,56,False,Broad evaluation pool candidate,267,False,Broad evaluation pool candidate
199150,2026-08-19,2026-08-19,2026-08-19,2026-08-19,HOLD,neutral,50.99,50.99,50.99,58.36,58.36,0,56.89,0.0,0,5.9,0.0,0.0,0.0,0.0,0,0,50.99,v2_conservative_ranker,51.0,-5.0,0,9.62,0.0,0.67,0.0,54.95,54.95,v3_stability_ranker,price_momentum,2000.0,0.0,0.0532,-0.0408,1979.8,1907.3,0.0,0.0492,pykrx,,,,,,,,,data/raw/price_199150_20260421_20260819.csv,57,False,Broad evaluation pool candidate,67,False,Broad evaluation pool candidate
069640,2026-08-19,2026-08-19,2026-08-19,2026-08-19,HOLD,neutral,50.86,50.86,50.86,71.62,71.62,0,61.92,-2.0,2,6.19,4.86,0.0,0.0,0.0,0,0,50.86,v2_conservative_ranker,43.0,-3.0,1,6.26,11.18,1.06,0.0,35.02,35.02,v3_stability_ranker,price_momentum,1445.0,-0.0034,0.0292,0.4581,1449.2,1260.05,0.6429,0.0516,pykrx,,,,,,,,,data/raw/price_069640_20260421_20260819.csv,58,False,Broad evaluation pool candidate,220,False,Broad evaluation pool candidate
009150,2026-08-19,2026-08-19,2026-08-19,2026-08-19,HOLD,neutral,50.44,50.44,50.44,69.69,69.69,0,63.06,0.0,2,10.0,0.0,4.62,0.0,0.0,0,0,50.44,v2_conservative_ranker,57.0,2.0,1,5.0,0.0,9.79,0.0,55.21,55.21,v3_stability_ranker,price_momentum,1387000.0,-0.0368,0.099,0.0588,1444600.0,1279800.0,0.8086,0.1062,pykrx,,,,,,,,,data/raw/price_009150_20260421_20260819.csv,59,False,Broad evaluation pool candidate,60,False,Broad evaluation pool candidate
375500,2026-08-19,2026-08-19,2026-08-19,2026-08-19,HOLD,neutral,50.32,50.32,50.32,61.39,61.39,0,53.36,0.0,3,6.04,0.0,0.0,0.0,0.0,0,0,50.32,v2_conservative_ranker,46.5,2.0,6,9.46,0.0,0.85,0.0,63.11,63.11,v3_stability_ranker,neutral,71800.0,0.017,-0.0164,0.2169,72680.0,66415.0,1.0105,0.0503,pykrx,,,,,,,,,data/raw/price_375500_20260421_20260819.csv,60,False,Broad evaluation pool candidate,19,True,Experimental Top 20 by stability-first v3 score
040910,2026-08-19,2026-08-19,2026-08-19,2026-08-19,HOLD,neutral,49.67,49.67,49.67,69.51,69.51,0,59.18,-2.0,2,3.5,0.0,0.0,6.0,0.0,0,0,49.67,v2_conservative_ranker,57.0,-3.0,1,12.62,0.0,0.0,9.0,58.62,58.62,v3_stability_ranker,price_momentum,4505.0,-0.0249,0.0239,0.1082,4564.0,4201.5,0.7721,0.0292,pykrx,,,,,,6,2,2,data/raw/price_040910_20260421_20260819.csv,61,False,Broad evaluation pool candidate,38,False,Broad evaluation pool candidate
179530,2026-08-19,2026-08-19,2026-08-19,2026-08-19,HOLD,neutral,49.4,49.4,49.4,95.64,95.64,0,71.0,3.15,3,8.57,18.04,1.14,0.0,0.0,0,0,49.4,v2_conservative_ranker,27.68,8.0,6,3.29,32.78,4.22,0.0,7.96,7.96,v3_stability_ranker,price_momentum,2575.0,0.03,0.2811,0.4156,2214.2,2016.25,1.63,0.0714,pykrx,,,,,,,,,data/raw/price_179530_20260421_20260819.csv,62,False,Broad evaluation pool candidate,282,False,Broad evaluation pool candidate
033270,2026-08-19,2026-08-19,2026-08-19,2026-08-19,HOLD,neutral,49.39,49.39,49.39,56.59,56.59,0,48.89,0.0,2,1.5,0.0,0.0,0.0,0.0,0,0,49.39,v2_conservative_ranker,46.5,2.0,1,15.12,0.0,0.0,0.0,64.62,64.62,v3_stability_ranker,neutral,18010.0,-0.0158,-0.0217,0.0588,18248.0,17839.0,0.8455,0.0125,pykrx,,,,,,,,,data/raw/price_033270_20260421_20260819.csv,63,False,Broad evaluation pool candidate,12,True,Experimental Top 20 by stability-first v3 score
028100,2026-08-19,2026-08-19,2026-08-19,2026-08-19,HOLD,neutral,49.16,49.16,49.16,59.25,59.25,0,52.29,-2.0,2,3.13,0.0,0.0,0.0,0.0,0,0,49.16,v2_conservative_ranker,40.2,-3.0,1,13.09,0.0,0.0,0.0,51.29,51.29,v3_stability_ranker,neutral,17580.0,0.0051,-0.0271,0.2285,17776.0,17197.0,0.429,0.0261,pykrx,,,,,,,,,data/raw/price_028100_20260421_20260819.csv,64,False,Broad evaluation pool candidate,97,False,Broad evaluation pool candidate
025560,2026-08-19,2026-08-19,2026-08-19,2026-08-19,HOLD,neutral,49.05,49.05,49.05,74.52,74.52,0,62.05,0.0,3,10.0,0.0,6.0,0.0,0.0,0,0,49.05,v2_conservative_ranker,53.0,2.0,6,1.0,2.82,10.0,0.0,49.18,49.18,v3_stability_ranker,price_momentum,8600.0,-0.1527,0.1497,0.0299,9546.0,7827.5,1.0095,0.1291,pykrx,,,,,,,,,data/raw/price_025560_20260421_20260819.csv,65,False,Broad evaluation pool candidate,127,False,Broad evaluation pool candidate
002990,2026-08-19,2026-08-19,2026-08-19,2026-08-19,HOLD,neutral,48.91,48.91,48.91,73.9,73.9,0,67.0,-2.0,2,10.0,2.09,6.0,0.0,0.0,0,0,48.91,v2_conservative_ranker,50.84,-3.0,1,-2.0,5.51,10.0,0.0,31.33,31.33,v3_stability_ranker,price_momentum,12600.0,-0.0968,0.0966,0.2245,13850.0,10634.0,0.3732,0.1355,pykrx,,,,,,,,,data/raw/price_002990_20260421_20260819.csv,66,False,Broad evaluation pool candidate,234,False,Broad evaluation pool candidate
009620,2026-08-19,2026-08-19,2026-08-19,2026-08-19,HOLD,neutral,48.86,48.86,48.86,64.98,64.98,0,62.14,-2.0,2,10.0,0.0,3.28,0.0,0.0,0,0,48.86,v2_conservative_ranker,57.0,-3.0,1,1.0,0.0,7.65,0.0,48.35,48.35,v3_stability_ranker,price_momentum,890.0,-0.0592,0.0471,0.1266,917.6,872.9,0.324,0.0928,pykrx,,,,,,,,,data/raw/price_009620_20260421_20260819.csv,67,False,Broad evaluation pool candidate,135,False,Broad evaluation pool candidate
122640,2026-08-19,2026-08-19,2026-08-19,2026-08-19,HOLD,neutral,48.76,48.76,48.76,71.53,71.53,0,62.98,0.0,2,10.0,3.34,2.88,0.0,0.0,0,0,48.76,v2_conservative_ranker,53.0,2.0,1,2.0,7.28,7.01,0.0,43.71,43.71,v3_stability_ranker,price_momentum,28000.0,0.0182,0.1155,0.0566,28140.0,23223.0,0.8578,0.0888,pykrx,,,,,,,,,data/raw/price_122640_20260421_20260819.csv,68,False,Broad evaluation pool candidate,175,False,Broad evaluation pool candidate
066430,2026-08-19,2026-08-19,2026-08-19,2026-08-19,HOLD,neutral,48.6,48.6,48.6,67.7,67.7,0,62.2,-2.0,2,10.0,0.0,3.6,0.0,0.0,0,0,48.6,v2_conservative_ranker,57.0,-3.0,1,1.0,0.0,8.16,0.0,47.84,47.84,v3_stability_ranker,price_momentum,2260.0,-0.0464,0.032,0.2105,2317.0,2155.55,0.4172,0.096,pykrx,,,,,,,,,data/raw/price_066430_20260421_20260819.csv,69,False,Broad evaluation pool candidate,144,False,Broad evaluation pool candidate
006370,2026-08-19,2026-08-19,2026-08-19,2026-08-19,HOLD,neutral,48.44,48.44,48.44,51.73,51.73,0,48.36,1.25,3,6.08,1.09,0.0,0.0,0.0,0,3,48.44,v2_conservative_ranker,42.5,8.0,6,5.39,5.8,0.91,0.0,55.19,55.19,v3_stability_ranker,neutral,4845.0,0.0791,0.0419,-0.1379,4658.0,4871.75,1.25,0.0507,pykrx,,,,,,,,,data/raw/price_006370_20260421_20260819.csv,70,False,Broad evaluation pool candidate,61,False,Broad evaluation pool candidate
294870,2026-08-19,2026-08-19,2026-08-19,2026-08-19,HOLD,neutral,48.42,48.42,48.42,59.21,56.21,3,51.18,-2.0,2,3.76,0.0,0.0,0.0,0.0,0,1,48.42,v2_conservative_ranker,46.5,-3.0,1,12.3,0.0,0.0,0.0,56.8,56.8,v3_stability_ranker,neutral,22050.0,-0.02,-0.0178,0.1131,22060.0,21182.5,0.5771,0.0313,unknown,IPARK현대산업개발,IPARK현대산업개발,supply_contract,,,,,,data/raw/price_294870_20260720_20260819.csv,71,False,Broad evaluation pool candidate,51,False,Broad evaluation pool candidate
028050,2026-08-19,2026-08-19,2026-08-19,2026-08-19,HOLD,neutral,48.16,48.16,48.16,58.93,58.93,0,54.08,-2.0,2,5.92,0.0,0.0,0.0,0.0,0,0,48.16,v2_conservative_ranker,46.5,-3.0,1,9.61,0.0,0.69,0.0,53.42,53.42,v3_stability_ranker,neutral,48500.0,0.0125,-0.0092,0.1743,48900.0,46647.5,0.6777,0.0493,pykrx,,,,,,,,,data/raw/price_028050_20260421_20260819.csv,72,False,Broad evaluation pool candidate,74,False,Broad evaluation pool candidate
236810,2026-08-19,2026-08-19,2026-08-19,2026-08-19,HOLD,neutral,48.06,48.06,48.06,72.7,72.7,0,66.86,-2.0,2,8.59,9.05,1.16,0.0,0.0,0,0,48.06,v2_conservative_ranker,43.0,-3.0,1,3.26,14.04,4.26,0.0,25.96,25.96,v3_stability_ranker,price_momentum,1537.0,-0.0266,0.0786,0.5309,1485.4,1316.45,0.334,0.0716,pykrx,,,,,,,,,data/raw/price_236810_20260421_20260819.csv,73,False,Broad evaluation pool candidate,254,False,Broad evaluation pool candidate
008930,2026-08-19,2026-08-19,2026-08-19,2026-08-19,HOLD,neutral,47.93,47.93,47.93,61.05,61.05,0,52.73,-2.0,2,3.98,0.82,0.0,0.0,0.0,0,0,47.93,v2_conservative_ranker,35.31,-3.0,1,9.02,5.89,0.0,0.0,36.44,36.44,v3_stability_ranker,neutral,45150.0,0.0123,-0.0227,0.3682,44430.0,39695.0,0.774,0.0332,pykrx,,,,,,,,,data/raw/price_008930_20260421_20260819.csv,74,False,Broad evaluation pool candidate,212,False,Broad evaluation pool candidate
290720,2026-08-19,2026-08-19,2026-08-19,2026-08-19,HOLD,neutral,47.61,47.61,47.61,54.52,54.52,0,50.53,0.0,2,4.92,0.0,0.0,0.0,0.0,0,0,47.61,v2_conservative_ranker,48.5,2.0,1,10.85,0.0,0.0,0.0,62.35,62.35,v3_stability_ranker,neutral,2985.0,-0.0149,0.0188,-0.01,3056.0,3063.75,0.8735,0.041,pykrx,,,,,,,,,data/raw/price_290720_20260421_20260819.csv,75,False,Broad evaluation pool candidate,23,False,Broad evaluation pool candidate
378800,2026-08-19,2026-08-19,2026-08-19,2026-08-19,HOLD,neutral,47.55,47.55,47.55,65.98,65.98,0,55.08,2.58,3,10.0,0.0,3.1,0.0,0.0,0,0,47.55,v2_conservative_ranker,39.44,8.0,6,5.0,0.0,7.36,0.0,51.08,51.08,v3_stability_ranker,price_momentum,477.0,0.0063,0.0085,-0.0792,520.6,483.8,1.5152,0.091,pykrx,,,,,,,,,data/raw/price_378800_20260421_20260819.csv,76,False,Broad evaluation pool candidate,101,False,Broad evaluation pool candidate
028260,2026-08-19,2026-08-19,2026-08-19,2026-08-19,HOLD,neutral,47.23,47.23,47.23,61.47,58.47,3,54.09,-2.0,2,7.56,0.0,0.3,0.0,0.0,0,1,47.23,v2_conservative_ranker,43.0,-3.0,1,3.55,0.0,2.88,0.0,41.67,41.67,v3_stability_ranker,price_momentum,347000.0,-0.0596,0.0073,0.0102,361500.0,339450.0,0.5878,0.063,unknown,삼성물산,삼성물산,supply_contract,,,,,,data/raw/price_028260_20260720_20260819.csv,77,False,Broad evaluation pool candidate,186,False,Broad evaluation pool candidate
191410,2026-08-19,2026-08-19,2026-08-19,2026-08-19,HOLD,neutral,47.05,47.05,47.05,56.69,56.69,0,51.9,-2.0,2,4.85,0.0,0.0,0.0,0.0,0,0,47.05,v2_conservative_ranker,37.33,-3.0,1,10.94,0.0,0.0,0.0,46.27,46.27,v3_stability_ranker,neutral,1376.0,-0.0086,-0.031,0.2396,1372.4,1315.0,0.3052,0.0404,pykrx,,,,,,,,,data/raw/price_191410_20260421_20260819.csv,78,False,Broad evaluation pool candidate,158,False,Broad evaluation pool candidate
024720,2026-08-19,2026-08-19,2026-08-19,2026-08-19,HOLD,neutral,46.86,46.86,46.86,56.61,56.61,0,50.23,-2.0,2,3.37,0.0,0.0,0.0,0.0,0,0,46.86,v2_conservative_ranker,43.54,-3.0,1,12.79,0.0,0.0,0.0,54.33,54.33,v3_stability_ranker,neutral,9630.0,-0.0213,-0.037,0.141,10146.0,9367.5,0.6788,0.0281,pykrx,,,,,,,,,data/raw/price_024720_20260421_20260819.csv,79,False,Broad evaluation pool candidate,70,False,Broad evaluation pool candidate
104460,2026-08-19,2026-08-19,2026-08-19,2026-08-19,HOLD,neutral,46.85,46.85,46.85,52.46,52.46,0,41.05,6.42,3,3.62,0.0,0.0,0.0,0.0,0,0,46.85,v2_conservative_ranker,29.92,5.0,4,8.47,0.0,0.0,0.0,47.39,47.39,v3_stability_ranker,price_momentum,7780.0,-0.0558,-0.1258,-0.1129,8534.0,8510.0,2.2848,0.0302,pykrx,,,,,,,,,data/raw/price_104460_20260421_20260819.csv,80,False,Broad evaluation pool candidate,150,False,Broad evaluation pool candidate
351320,2026-08-19,2026-08-19,2026-08-19,2026-08-19,HOLD,neutral,46.78,46.78,46.78,92.35,95.35,-3,71.0,2.75,3,7.5,14.22,0.25,6.0,0.0,2,0,46.78,v2_conservative_ranker,44.41,8.0,6,0.62,28.23,2.8,16.0,12.01,12.01,v3_stability_ranker,price_momentum,1168.0,0.144,0.2256,0.1858,1106.4,979.15,1.551,0.0625,unknown,넥사다이내믹스,넥사다이내믹스,convertible_bond,,,12,4,4,data/raw/price_351320_20260720_20260819.csv,81,False,Broad evaluation pool candidate,277,False,Broad evaluation pool candidate
215480,2026-08-19,2026-08-19,2026-08-19,2026-08-19,HOLD,neutral,46.71,46.71,46.71,53.69,53.69,0,50.33,-2.0,2,3.62,0.0,0.0,0.0,0.0,0,0,46.71,v2_conservative_ranker,46.5,-3.0,1,12.47,0.0,0.0,0.0,56.97,56.97,v3_stability_ranker,neutral,2090.0,0.0,-0.0095,0.0652,2135.0,1993.15,0.3994,0.0302,pykrx,,,,,,,,,data/raw/price_215480_20260421_20260819.csv,82,False,Broad evaluation pool candidate,49,False,Broad evaluation pool candidate
005710,2026-08-19,2026-08-19,2026-08-19,2026-08-19,HOLD,neutral,46.48,46.48,46.48,52.13,52.13,0,48.52,-2.0,2,2.04,0.0,0.0,0.0,0.0,0,0,46.48,v2_conservative_ranker,46.5,-3.0,1,14.45,0.0,0.0,0.0,58.95,58.95,v3_stability_ranker,neutral,11210.0,-0.0036,-0.0184,0.0389,11276.0,11184.5,0.2882,0.017,pykrx,,,,,,,,,data/raw/price_005710_20260421_20260819.csv,83,False,Broad evaluation pool candidate,35,False,Broad evaluation pool candidate
159910,2026-08-19,2026-08-19,2026-08-19,2026-08-19,HOLD,neutral,46.38,46.38,46.38,53.41,53.41,0,49.76,-2.0,2,3.38,0.0,0.0,0.0,0.0,0,0,46.38,v2_conservative_ranker,46.5,-3.0,1,12.77,0.0,0.0,0.0,57.27,57.27,v3_stability_ranker,neutral,3195.0,0.0079,-0.0078,0.0441,3205.0,3199.25,0.468,0.0282,pykrx,,,,,,,,,data/raw/price_159910_20260421_20260819.csv,84,False,Broad evaluation pool candidate,47,False,Broad evaluation pool candidate
033530,2026-08-19,2026-08-19,2026-08-19,2026-08-19,HOLD,neutral,46.19,46.19,46.19,55.2,55.2,0,47.79,0.0,3,4.6,0.0,0.0,0.0,0.0,0,0,46.19,v2_conservative_ranker,42.32,8.0,6,7.25,0.0,0.0,0.0,63.57,63.57,v3_stability_ranker,neutral,6700.0,-0.0656,-0.0523,0.1148,7028.0,6534.5,1.0867,0.0383,unknown,SJG세종,SJG세종,merger,,,,,,data/raw/price_033530_20260720_20260819.csv,85,False,Broad evaluation pool candidate,16,True,Experimental Top 20 by stability-first v3 score
003100,2026-08-19,2026-08-19,2026-08-19,2026-08-19,HOLD,neutral,46.16,46.16,46.16,51.4,51.4,0,49.62,-2.0,2,3.46,0.0,0.0,0.0,0.0,0,0,46.16,v2_conservative_ranker,46.5,-3.0,1,12.68,0.0,0.0,0.0,57.18,57.18,v3_stability_ranker,neutral,20800.0,0.0048,-0.0024,0.0246,20780.0,20124.0,0.2158,0.0288,pykrx,,,,,,,,,data/raw/price_003100_20260421_20260819.csv,86,False,Broad evaluation pool candidate,48,False,Broad evaluation pool candidate
468530,2026-08-19,2026-08-19,2026-08-19,2026-08-19,HOLD,neutral,46.07,46.07,46.07,80.0,80.0,0,67.0,2.15,3,10.0,15.0,4.08,0.0,0.0,0,3,46.07,v2_conservative_ranker,43.0,8.0,6,-2.0,25.74,8.93,0.0,20.33,20.33,v3_stability_ranker,price_momentum,34250.0,0.067,0.0942,0.5747,33560.0,25353.5,1.4303,0.1008,pykrx,,,,,,,,,data/raw/price_468530_20260421_20260819.csv,87,False,Broad evaluation pool candidate,264,False,Broad evaluation pool candidate
0009K0,2026-08-19,2026-08-19,2026-08-19,2026-08-19,HOLD,neutral,46.02,46.02,46.02,58.31,58.31,0,52.39,0.0,2,7.84,0.0,0.53,0.0,0.0,0,0,46.02,v2_conservative_ranker,36.26,2.0,6,4.21,3.06,3.25,0.0,42.16,42.16,v3_stability_ranker,neutral,26100.0,0.0116,-0.0261,0.3412,26730.0,23326.5,0.9088,0.0653,pykrx,,,,medium_attention,no_risk_noise,,,,data/raw/price_0009K0_20260421_20260819.csv,88,False,Broad evaluation pool candidate,184,False,Broad evaluation pool candidate
006360,2026-08-19,2026-08-19,2026-08-19,2026-08-19,HOLD,neutral,45.91,45.91,45.91,67.15,67.15,0,59.58,-2.0,2,10.0,0.68,2.99,0.0,0.0,0,0,45.91,v2_conservative_ranker,37.92,-3.0,1,2.0,6.52,7.18,0.0,24.22,24.22,v3_stability_ranker,price_momentum,34950.0,0.0234,0.0058,0.3652,35070.0,30482.5,0.7621,0.0899,pykrx,,,,,,,,,data/raw/price_006360_20260421_20260819.csv,89,False,Broad evaluation pool candidate,260,False,Broad evaluation pool candidate
109740,2026-08-19,2026-08-19,2026-08-19,2026-08-19,HOLD,neutral,45.63,45.63,45.63,58.46,58.46,0,54.11,-2.0,2,7.9,0.0,0.58,0.0,0.0,0,0,45.63,v2_conservative_ranker,51.0,-3.0,1,7.13,0.0,3.33,0.0,52.8,52.8,v3_stability_ranker,price_momentum,4540.0,-0.0152,0.0237,-0.0361,4828.0,4456.25,0.7458,0.0658,pykrx,,,,,,,,,data/raw/price_109740_20260421_20260819.csv,90,False,Broad evaluation pool candidate,83,False,Broad evaluation pool candidate
368970,2026-08-19,2026-08-19,2026-08-19,2026-08-19,HOLD,neutral,45.56,45.56,45.56,49.99,49.99,0,48.65,-2.0,2,3.08,0.0,0.0,0.0,0.0,0,0,45.56,v2_conservative_ranker,46.5,-3.0,1,13.14,0.0,0.0,0.0,57.64,57.64,v3_stability_ranker,neutral,2295.0,0.0022,-0.0129,0.0268,2300.0,2262.25,0.0844,0.0257,pykrx,,,,,,,,,data/raw/price_368970_20260421_20260819.csv,91,False,Broad evaluation pool candidate,46,False,Broad evaluation pool candidate
034730,2026-08-19,2026-08-19,2026-08-19,2026-08-19,HOLD,neutral,45.51,45.51,45.51,57.25,57.25,0,55.51,-2.0,2,8.72,0.0,1.27,0.0,0.0,0,0,45.51,v2_conservative_ranker,47.6,-3.0,1,2.1,0.0,4.43,0.0,43.27,43.27,v3_stability_ranker,price_momentum,551000.0,-0.0661,0.0515,-0.0755,564800.0,553425.0,0.5248,0.0727,pykrx,,,,,,,,,data/raw/price_034730_20260421_20260819.csv,92,False,Broad evaluation pool candidate,177,False,Broad evaluation pool candidate
340570,2026-08-19,2026-08-19,2026-08-19,2026-08-19,HOLD,neutral,45.44,45.44,45.44,53.08,53.08,0,45.62,2.25,3,5.44,0.0,0.0,0.0,0.0,0,0,45.44,v2_conservative_ranker,38.74,8.0,6,10.21,0.0,0.05,0.0,62.9,62.9,v3_stability_ranker,neutral,30250.0,-0.0163,-0.097,0.1321,31760.0,30524.8,1.4501,0.0453,pykrx,,,,,,,,,data/raw/price_340570_20260421_20260819.csv,93,False,Broad evaluation pool candidate,20,True,Experimental Top 20 by stability-first v3 score
383800,2026-08-19,2026-08-19,2026-08-19,2026-08-19,HOLD,neutral,45.08,45.08,45.08,56.2,56.2,0,50.36,-2.0,2,2.28,0.0,0.0,3.0,0.0,0,0,45.08,v2_conservative_ranker,46.5,-3.0,1,14.15,0.0,0.0,4.5,54.15,54.15,v3_stability_ranker,neutral,8050.0,-0.0242,-0.0086,0.0634,8146.0,7856.0,0.6321,0.019,pykrx,,,,,,3,1,1,data/raw/price_383800_20260421_20260819.csv,94,False,Broad evaluation pool candidate,72,False,Broad evaluation pool candidate
115450,2026-08-19,2026-08-19,2026-08-19,2026-08-19,HOLD,neutral,45.04,45.04,45.04,58.76,58.76,0,53.09,-2.0,2,5.6,2.44,0.0,0.0,0.0,0,0,45.04,v2_conservative_ranker,35.25,-3.0,1,7.0,9.23,0.27,0.0,30.74,30.74,v3_stability_ranker,neutral,2310.0,-0.0274,-0.0191,0.3701,2375.0,1964.9,0.5573,0.0467,pykrx,,,,,,,,,data/raw/price_115450_20260421_20260819.csv,95,False,Broad evaluation pool candidate,239,False,Broad evaluation pool candidate
001470,2026-08-19,2026-08-19,2026-08-19,2026-08-19,HOLD,neutral,45.0,45.0,45.0,44.0,44.0,0,45.0,0.0,0,0.0,0.0,0.0,0.0,0.0,0,0,45.0,v2_conservative_ranker,38.0,-5.0,0,17.0,0.0,0.0,0.0,50.0,50.0,v3_stability_ranker,neutral,347.0,0.0,0.0,0.0,347.0,347.0,0.0,0.0,pykrx,,,,,,,,,data/raw/price_001470_20260421_20260819.csv,96,False,Broad evaluation pool candidate,109,False,Broad evaluation pool candidate
011000,2026-08-19,2026-08-19,2026-08-19,2026-08-19,HOLD,neutral,45.0,45.0,45.0,44.0,44.0,0,45.0,0.0,0,0.0,0.0,0.0,0.0,0.0,0,0,45.0,v2_conservative_ranker,38.0,-5.0,0,17.0,0.0,0.0,0.0,50.0,50.0,v3_stability_ranker,neutral,2670.0,0.0,0.0,0.0,2670.0,2670.0,0.0,0.0,pykrx,,,,,,,,,data/raw/price_011000_20260421_20260819.csv,97,False,Broad evaluation pool candidate,110,False,Broad evaluation pool candidate
011810,2026-08-19,2026-08-19,2026-08-19,2026-08-19,HOLD,neutral,45.0,45.0,45.0,44.0,44.0,0,45.0,0.0,0,0.0,0.0,0.0,0.0,0.0,0,0,45.0,v2_conservative_ranker,38.0,-5.0,0,17.0,0.0,0.0,0.0,50.0,50.0,v3_stability_ranker,neutral,3530.0,0.0,0.0,0.0,3530.0,3530.0,0.0,0.0,pykrx,,,,,,,,,data/raw/price_011810_20260421_20260819.csv,98,False,Broad evaluation pool candidate,111,False,Broad evaluation pool candidate
023440,2026-08-19,2026-08-19,2026-08-19,2026-08-19,HOLD,neutral,45.0,45.0,45.0,44.0,44.0,0,45.0,0.0,0,0.0,0.0,0.0,0.0,0.0,0,0,45.0,v2_conservative_ranker,38.0,-5.0,0,17.0,0.0,0.0,0.0,50.0,50.0,v3_stability_ranker,neutral,521.0,0.0,0.0,0.0,521.0,521.0,0.0,0.0,pykrx,,,,,,,,,data/raw/price_023440_20260421_20260819.csv,99,False,Broad evaluation pool candidate,112,False,Broad evaluation pool candidate
052770,2026-08-19,2026-08-19,2026-08-19,2026-08-19,HOLD,neutral,45.0,45.0,45.0,44.0,44.0,0,45.0,0.0,0,0.0,0.0,0.0,0.0,0.0,0,0,45.0,v2_conservative_ranker,38.0,-5.0,0,17.0,0.0,0.0,0.0,50.0,50.0,v3_stability_ranker,neutral,312.0,0.0,0.0,0.0,312.0,312.0,0.0,0.0,pykrx,,,,,,,,,data/raw/price_052770_20260421_20260819.csv,100,False,Broad evaluation pool candidate,113,False,Broad evaluation pool candidate
066410,2026-08-19,2026-08-19,2026-08-19,2026-08-19,HOLD,neutral,45.0,45.0,45.0,44.0,44.0,0,45.0,0.0,0,0.0,0.0,0.0,0.0,0.0,0,0,45.0,v2_conservative_ranker,38.0,-5.0,0,17.0,0.0,0.0,0.0,50.0,50.0,v3_stability_ranker,neutral,1153.0,0.0,0.0,0.0,1153.0,1153.0,0.0,0.0,pykrx,,,,,,,,,data/raw/price_066410_20260421_20260819.csv,101,False,Broad evaluation pool candidate,114,False,Broad evaluation pool candidate
068240,2026-08-19,2026-08-19,2026-08-19,2026-08-19,HOLD,neutral,45.0,45.0,45.0,44.0,44.0,0,45.0,0.0,0,0.0,0.0,0.0,0.0,0.0,0,0,45.0,v2_conservative_ranker,38.0,-5.0,0,17.0,0.0,0.0,0.0,50.0,50.0,v3_stability_ranker,neutral,2530.0,0.0,0.0,0.0,2530.0,2530.0,0.0,0.0,pykrx,,,,,,,,,data/raw/price_068240_20260421_20260819.csv,102,False,Broad evaluation pool candidate,115,False,Broad evaluation pool candidate
069460,2026-08-19,2026-08-19,2026-08-19,2026-08-19,HOLD,neutral,45.0,45.0,45.0,44.0,44.0,0,45.0,0.0,0,0.0,0.0,0.0,0.0,0.0,0,0,45.0,v2_conservative_ranker,38.0,-5.0,0,17.0,0.0,0.0,0.0,50.0,50.0,v3_stability_ranker,neutral,2660.0,0.0,0.0,0.0,2660.0,2660.0,0.0,0.0,pykrx,,,,,,,,,data/raw/price_069460_20260421_20260819.csv,103,False,Broad evaluation pool candidate,116,False,Broad evaluation pool candidate
087260,2026-08-19,2026-08-19,2026-08-19,2026-08-19,HOLD,neutral,45.0,45.0,45.0,44.0,44.0,0,45.0,0.0,0,0.0,0.0,0.0,0.0,0.0,0,0,45.0,v2_conservative_ranker,38.0,-5.0,0,17.0,0.0,0.0,0.0,50.0,50.0,v3_stability_ranker,neutral,247.0,0.0,0.0,0.0,247.0,247.0,0.0,0.0,pykrx,,,,,,,,,data/raw/price_087260_20260421_20260819.csv,104,False,Broad evaluation pool candidate,117,False,Broad evaluation pool candidate
183490,2026-08-19,2026-08-19,2026-08-19,2026-08-19,HOLD,neutral,45.0,45.0,45.0,44.0,44.0,0,45.0,0.0,0,0.0,0.0,0.0,0.0,0.0,0,0,45.0,v2_conservative_ranker,38.0,-5.0,0,17.0,0.0,0.0,0.0,50.0,50.0,v3_stability_ranker,neutral,990.0,0.0,0.0,0.0,990.0,990.0,0.0,0.0,pykrx,,,,,,,,,data/raw/price_183490_20260421_20260819.csv,105,False,Broad evaluation pool candidate,118,False,Broad evaluation pool candidate
276040,2026-08-19,2026-08-19,2026-08-19,2026-08-19,HOLD,neutral,45.0,45.0,45.0,44.0,44.0,0,45.0,0.0,0,0.0,0.0,0.0,0.0,0.0,0,0,45.0,v2_conservative_ranker,38.0,-5.0,0,17.0,0.0,0.0,0.0,50.0,50.0,v3_stability_ranker,neutral,327.0,0.0,0.0,0.0,327.0,327.0,0.0,0.0,pykrx,,,,,,,,,data/raw/price_276040_20260421_20260819.csv,106,False,Broad evaluation pool candidate,119,False,Broad evaluation pool candidate
288330,2026-08-19,2026-08-19,2026-08-19,2026-08-19,HOLD,neutral,45.0,45.0,45.0,44.0,44.0,0,45.0,0.0,0,0.0,0.0,0.0,0.0,0.0,0,0,45.0,v2_conservative_ranker,38.0,-5.0,0,17.0,0.0,0.0,0.0,50.0,50.0,v3_stability_ranker,neutral,416.0,0.0,0.0,0.0,416.0,416.0,0.0,0.0,pykrx,,,,,,,,,data/raw/price_288330_20260421_20260819.csv,107,False,Broad evaluation pool candidate,120,False,Broad evaluation pool candidate
348950,2026-08-19,2026-08-19,2026-08-19,2026-08-19,HOLD,neutral,45.0,45.0,45.0,44.0,44.0,0,45.0,0.0,0,0.0,0.0,0.0,0.0,0.0,0,0,45.0,v2_conservative_ranker,38.0,-5.0,0,17.0,0.0,0.0,0.0,50.0,50.0,v3_stability_ranker,neutral,1182.0,0.0,0.0,0.0,1182.0,1182.0,0.0,0.0,pykrx,,,,,,,,,data/raw/price_348950_20260421_20260819.csv,108,False,Broad evaluation pool candidate,121,False,Broad evaluation pool candidate
380540,2026-08-19,2026-08-19,2026-08-19,2026-08-19,HOLD,neutral,45.0,45.0,45.0,44.0,44.0,0,45.0,0.0,0,0.0,0.0,0.0,0.0,0.0,0,0,45.0,v2_conservative_ranker,38.0,-5.0,0,17.0,0.0,0.0,0.0,50.0,50.0,v3_stability_ranker,neutral,8450.0,0.0,0.0,0.0,8450.0,8450.0,0.0,0.0,pykrx,,,,,,,,,data/raw/price_380540_20260421_20260819.csv,109,False,Broad evaluation pool candidate,122,False,Broad evaluation pool candidate
004380,2026-08-19,2026-08-19,2026-08-19,2026-08-19,HOLD,neutral,44.92,44.92,44.92,52.79,52.79,0,49.59,-2.0,2,4.67,0.0,0.0,0.0,0.0,0,0,44.92,v2_conservative_ranker,46.5,-3.0,1,11.16,0.0,0.0,0.0,55.66,55.66,v3_stability_ranker,neutral,8630.0,-0.0271,-0.0193,0.072,8806.0,8301.0,0.5012,0.0389,pykrx,,,,,,,,,data/raw/price_004380_20260421_20260819.csv,110,False,Broad evaluation pool candidate,59,False,Broad evaluation pool candidate
000210,2026-08-19,2026-08-19,2026-08-19,2026-08-19,HOLD,neutral,44.89,44.89,44.89,52.65,52.65,0,51.13,-2.0,2,6.24,0.0,0.0,0.0,0.0,0,0,44.89,v2_conservative_ranker,46.5,-3.0,1,9.2,0.0,1.12,0.0,52.58,52.58,v3_stability_ranker,neutral,50100.0,-0.0118,-0.0099,0.0891,50740.0,48595.0,0.3967,0.052,pykrx,,,,,,,,,data/raw/price_000210_20260421_20260819.csv,111,False,Broad evaluation pool candidate,85,False,Broad evaluation pool candidate
089140,2026-08-19,2026-08-19,2026-08-19,2026-08-19,HOLD,neutral,44.87,44.87,44.87,59.54,59.54,0,50.88,2.01,3,5.02,0.0,0.0,6.0,0.0,0,0,44.87,v2_conservative_ranker,46.5,8.0,6,6.73,0.0,0.0,9.0,58.23,58.23,v3_stability_ranker,neutral,2355.0,-0.0504,-0.0146,0.0953,2411.0,2275.5,1.4017,0.0418,pykrx,,,,,,6,2,2,data/raw/price_089140_20260421_20260819.csv,112,False,Broad evaluation pool candidate,43,False,Broad evaluation pool candidate
001260,2026-08-19,2026-08-19,2026-08-19,2026-08-19,HOLD,neutral,44.86,44.86,44.86,53.7,53.7,0,49.12,-2.0,2,4.26,0.0,0.0,0.0,0.0,0,0,44.86,v2_conservative_ranker,46.5,-3.0,1,11.68,0.0,0.0,0.0,56.17,56.17,v3_stability_ranker,neutral,8000.0,0.0114,-0.0256,0.0767,7996.0,7514.0,0.6632,0.0355,pykrx,,,,,,,,,data/raw/price_001260_20260421_20260819.csv,113,False,Broad evaluation pool candidate,54,False,Broad evaluation pool candidate
047040,2026-08-19,2026-08-19,2026-08-19,2026-08-19,HOLD,neutral,44.68,44.68,44.68,56.43,56.43,0,53.99,-2.0,2,8.35,0.0,0.96,0.0,0.0,0,0,44.68,v2_conservative_ranker,46.5,-3.0,1,3.56,0.0,3.94,0.0,44.12,44.12,v3_stability_ranker,neutral,17200.0,0.0017,-0.0069,0.1622,17722.0,15624.5,0.6621,0.0696,pykrx,,,,,,,,,data/raw/price_047040_20260421_20260819.csv,114,False,Broad evaluation pool candidate,172,False,Broad evaluation pool candidate
002020,2026-08-19,2026-08-19,2026-08-19,2026-08-19,HOLD,neutral,44.67,44.67,44.67,54.92,51.92,3,49.63,-2.0,2,5.96,0.0,0.0,0.0,0.0,0,1,44.67,v2_conservative_ranker,43.98,-3.0,1,5.54,0.0,0.75,0.0,46.77,46.77,v3_stability_ranker,neutral,26150.0,-0.071,-0.0315,0.1081,27760.0,25577.5,0.4384,0.0497,unknown,코오롱,코오롱,supply_contract,,,,,,data/raw/price_002020_20260720_20260819.csv,115,False,Broad evaluation pool candidate,155,False,Broad evaluation pool candidate
018260,2026-08-19,2026-08-19,2026-08-19,2026-08-19,HOLD,neutral,44.66,44.66,44.66,55.08,55.08,0,50.36,-2.0,2,5.7,0.0,0.0,0.0,0.0,0,0,44.66,v2_conservative_ranker,42.79,-3.0,1,9.88,0.0,0.4,0.0,50.26,50.26,v3_stability_ranker,neutral,226000.0,-0.0109,-0.0464,0.1802,234100.0,219025.0,0.5774,0.0475,pykrx,,,,,,,,,data/raw/price_018260_20260421_20260819.csv,116,False,Broad evaluation pool candidate,108,False,Broad evaluation pool candidate
004990,2026-08-19,2026-08-19,2026-08-19,2026-08-19,HOLD,neutral,44.53,44.53,44.53,51.55,51.55,0,45.48,0.0,2,2.95,0.0,0.0,0.0,0.0,0,0,44.53,v2_conservative_ranker,43.12,2.0,1,13.31,0.0,0.0,0.0,59.43,59.43,v3_stability_ranker,neutral,22650.0,-0.0321,-0.0423,0.0203,23490.0,23085.0,0.87,0.0246,pykrx,,,,,,,,,data/raw/price_004990_20260421_20260819.csv,117,False,Broad evaluation pool candidate,33,False,Broad evaluation pool candidate
030610,2026-08-19,2026-08-19,2026-08-19,2026-08-19,HOLD,neutral,43.97,43.97,43.97,52.38,52.38,0,48.26,-2.0,2,4.28,0.0,0.0,0.0,0.0,0,0,43.97,v2_conservative_ranker,46.5,-3.0,1,11.64,0.0,0.0,0.0,56.14,56.14,v3_stability_ranker,neutral,9870.0,-0.0266,-0.0218,0.0411,10216.0,9745.5,0.6791,0.0357,pykrx,,,,,,,,,data/raw/price_030610_20260421_20260819.csv,118,False,Broad evaluation pool candidate,55,False,Broad evaluation pool candidate
032800,2026-08-19,2026-08-19,2026-08-19,2026-08-19,HOLD,neutral,43.9,43.9,43.9,48.33,48.33,0,47.33,-2.0,2,3.43,0.0,0.0,0.0,0.0,0,0,43.9,v2_conservative_ranker,40.5,-3.0,1,12.71,0.0,0.0,0.0,51.21,51.21,v3_stability_ranker,neutral,1549.0,-0.0032,-0.0165,-0.0006,1561.6,1546.45,0.1455,0.0286,pykrx,,,,,,,,,data/raw/price_032800_20260421_20260819.csv,119,False,Broad evaluation pool candidate,100,False,Broad evaluation pool candidate
017810,2026-08-19,2026-08-19,2026-08-19,2026-08-19,HOLD,neutral,43.8,43.8,43.8,52.4,52.4,0,46.95,-2.0,2,3.14,0.0,0.0,0.0,0.0,0,0,43.8,v2_conservative_ranker,43.93,-3.0,1,13.07,0.0,0.0,0.0,55.0,55.0,v3_stability_ranker,neutral,9060.0,-0.0163,-0.0321,0.0331,9308.0,9043.0,0.7619,0.0262,pykrx,,,,,,,,,data/raw/price_017810_20260421_20260819.csv,120,False,Broad evaluation pool candidate,65,False,Broad evaluation pool candidate
007570,2026-08-19,2026-08-19,2026-08-19,2026-08-19,HOLD,neutral,43.66,43.66,43.66,51.56,51.56,0,44.22,0.0,2,2.56,0.0,0.0,0.0,0.0,0,0,43.66,v2_conservative_ranker,40.89,2.0,6,9.8,0.0,0.0,0.0,58.7,58.7,v3_stability_ranker,neutral,8360.0,-0.0413,-0.0701,0.0636,8654.0,8447.5,0.9194,0.0213,pykrx,,,,,,,,,data/raw/price_007570_20260421_20260819.csv,121,False,Broad evaluation pool candidate,37,False,Broad evaluation pool candidate
018470,2026-08-19,2026-08-19,2026-08-19,2026-08-19,HOLD,neutral,43.63,43.63,43.63,51.76,51.76,0,47.25,-2.0,2,3.61,0.0,0.0,0.0,0.0,0,0,43.63,v2_conservative_ranker,42.36,-3.0,1,12.48,0.0,0.0,0.0,52.85,52.85,v3_stability_ranker,neutral,990.0,-0.0351,-0.0517,0.0976,1027.0,1007.4,0.5106,0.0301,pykrx,,,,,,,,,data/raw/price_018470_20260421_20260819.csv,122,False,Broad evaluation pool candidate,81,False,Broad evaluation pool candidate
0126Z0,2026-08-19,2026-08-19,2026-08-19,2026-08-19,HOLD,neutral,43.6,43.6,43.6,47.68,47.68,0,43.61,2.55,3,5.57,0.0,0.0,0.0,0.0,0,0,43.6,v2_conservative_ranker,35.0,8.0,6,6.04,0.0,0.22,0.0,54.82,54.82,v3_stability_ranker,price_momentum,363500.0,-0.0546,-0.1477,-0.0396,398400.0,388725.0,1.511,0.0464,pykrx,,,,,,,,,data/raw/price_0126Z0_20260421_20260819.csv,123,False,Broad evaluation pool candidate,69,False,Broad evaluation pool candidate
475580,2026-08-19,2026-08-19,2026-08-19,2026-08-19,HOLD,neutral,43.53,43.53,43.53,52.56,52.56,0,49.47,-2.0,2,5.94,0.0,0.0,0.0,0.0,0,0,43.53,v2_conservative_ranker,46.5,-3.0,1,9.57,0.0,0.72,0.0,53.36,53.36,v3_stability_ranker,neutral,7440.0,-0.0375,-0.0211,0.0736,7724.0,7073.5,0.6564,0.0495,pykrx,,,,,,,,,data/raw/price_475580_20260421_20260819.csv,124,False,Broad evaluation pool candidate,77,False,Broad evaluation pool candidate
061970,2026-08-19,2026-08-19,2026-08-19,2026-08-19,HOLD,neutral,43.45,43.45,43.45,98.95,98.95,0,71.0,6.63,3,9.94,24.96,2.28,0.0,0.0,0,0,43.45,v2_conservative_ranker,25.0,5.0,4,-2.0,41.64,11.99,0.0,0.0,0.0,v3_stability_ranker,price_momentum,5930.0,0.0782,0.4446,0.5051,4833.0,4083.5,2.3257,0.0828,pykrx,,,,,,,,,data/raw/price_061970_20260421_20260819.csv,125,False,Broad evaluation pool candidate,285,False,Broad evaluation pool candidate
003520,2026-08-19,2026-08-19,2026-08-19,2026-08-19,HOLD,neutral,43.38,43.38,43.38,50.3,50.3,0,44.03,0.0,2,2.65,0.0,0.0,0.0,0.0,0,0,43.38,v2_conservative_ranker,41.84,2.0,1,13.68,0.0,0.0,0.0,58.52,58.52,v3_stability_ranker,neutral,1211.0,-0.0358,-0.0583,0.0245,1272.0,1217.55,0.8527,0.0221,pykrx,,,,,,,,,data/raw/price_003520_20260421_20260819.csv,126,False,Broad evaluation pool candidate,40,False,Broad evaluation pool candidate
403550,2026-08-19,2026-08-19,2026-08-19,2026-08-19,HOLD,neutral,43.36,43.36,43.36,51.36,51.36,0,44.97,0.0,2,3.61,0.0,0.0,0.0,0.0,0,0,43.36,v2_conservative_ranker,40.84,2.0,1,12.48,0.0,0.0,0.0,56.33,56.33,v3_stability_ranker,neutral,10390.0,-0.0038,-0.0707,0.0868,10622.0,10195.5,0.8492,0.0301,pykrx,,,,,,,,,data/raw/price_403550_20260421_20260819.csv,127,False,Broad evaluation pool candidate,52,False,Broad evaluation pool candidate
002420,2026-08-19,2026-08-19,2026-08-19,2026-08-19,HOLD,neutral,43.22,43.22,43.22,51.36,51.36,0,46.84,-2.0,2,3.62,0.0,0.0,0.0,0.0,0,0,43.22,v2_conservative_ranker,42.37,-3.0,1,12.47,0.0,0.0,0.0,52.84,52.84,v3_stability_ranker,neutral,5700.0,-0.0035,-0.0516,0.0857,5790.0,5547.0,0.543,0.0302,pykrx,,,,,,,,,data/raw/price_002420_20260421_20260819.csv,128,False,Broad evaluation pool candidate,82,False,Broad evaluation pool candidate
074610,2026-08-19,2026-08-19,2026-08-19,2026-08-19,HOLD,neutral,43.0,43.0,43.0,41.0,44.0,-3,45.0,0.0,0,0.0,0.0,0.0,0.0,0.0,2,0,43.0,v2_conservative_ranker,38.0,-5.0,0,17.0,0.0,0.0,2.0,48.0,48.0,v3_stability_ranker,neutral,5110.0,0.0,0.0,0.0,5110.0,5110.0,0.0,0.0,unknown,이엔플러스,이엔플러스,lawsuit,,,,,,data/raw/price_074610_20260720_20260819.csv,129,False,Broad evaluation pool candidate,140,False,Broad evaluation pool candidate
210120,2026-08-19,2026-08-19,2026-08-19,2026-08-19,HOLD,neutral,43.0,43.0,43.0,41.0,44.0,-3,45.0,0.0,0,0.0,0.0,0.0,0.0,0.0,2,0,43.0,v2_conservative_ranker,38.0,-5.0,0,17.0,0.0,0.0,2.0,48.0,48.0,v3_stability_ranker,neutral,930.0,0.0,0.0,0.0,930.0,930.0,0.0,0.0,unknown,캔버스엔,캔버스엔,convertible_bond,,,,,,data/raw/price_210120_20260720_20260819.csv,130,False,Broad evaluation pool candidate,141,False,Broad evaluation pool candidate
005690,2026-08-19,2026-08-19,2026-08-19,2026-08-19,HOLD,neutral,42.92,42.92,42.92,51.32,51.32,0,49.38,-2.0,2,6.46,0.0,0.0,0.0,0.0,0,0,42.92,v2_conservative_ranker,46.5,-3.0,1,4.93,0.0,1.41,0.0,48.02,48.02,v3_stability_ranker,neutral,11380.0,-0.0413,-0.0181,0.0626,11772.0,10912.5,0.5637,0.0538,pykrx,,,,,,,,,data/raw/price_005690_20260421_20260819.csv,131,False,Broad evaluation pool candidate,139,False,Broad evaluation pool candidate
061040,2026-08-19,2026-08-19,2026-08-19,2026-08-19,HOLD,neutral,42.88,42.88,42.88,47.39,47.39,0,45.99,-2.0,2,3.11,0.0,0.0,0.0,0.0,0,0,42.88,v2_conservative_ranker,37.55,-3.0,1,13.12,0.0,0.0,0.0,48.66,48.66,v3_stability_ranker,neutral,6270.0,0.0064,-0.0369,0.0195,6364.0,6301.0,0.1157,0.0259,pykrx,,,,,,,,,data/raw/price_061040_20260421_20260819.csv,132,False,Broad evaluation pool candidate,132,False,Broad evaluation pool candidate
332290,2026-08-19,2026-08-19,2026-08-19,2026-08-19,HOLD,neutral,42.85,42.85,42.85,51.73,51.73,0,46.63,0.0,2,5.78,0.0,0.0,0.0,0.0,0,0,42.85,v2_conservative_ranker,41.4,2.0,1,9.77,0.0,0.51,0.0,53.65,53.65,v3_stability_ranker,neutral,895.0,0.0056,-0.0638,0.1146,897.0,879.8,0.8663,0.0482,pykrx,,,,,,,,,data/raw/price_332290_20260421_20260819.csv,133,False,Broad evaluation pool candidate,73,False,Broad evaluation pool candidate
114450,2026-08-19,2026-08-19,2026-08-19,2026-08-19,HOLD,neutral,42.84,42.84,42.84,53.42,53.42,0,47.33,0.0,2,4.49,0.0,0.0,3.0,0.0,0,1,42.84,v2_conservative_ranker,41.37,2.0,1,7.39,0.0,0.0,4.5,47.26,47.26,v3_stability_ranker,neutral,2190.0,-0.0621,-0.0641,0.1353,2263.0,2226.25,0.8006,0.0374,pykrx,,,,,,3,1,1,data/raw/price_114450_20260421_20260819.csv,134,False,Broad evaluation pool candidate,151,False,Broad evaluation pool candidate
059270,2026-08-19,2026-08-19,2026-08-19,2026-08-19,HOLD,neutral,42.74,42.74,42.74,50.53,50.53,0,48.25,-2.0,2,5.51,0.0,0.0,0.0,0.0,0,0,42.74,v2_conservative_ranker,43.28,-3.0,1,10.11,0.0,0.14,0.0,51.25,51.25,v3_stability_ranker,neutral,5950.0,-0.0116,-0.0403,0.0938,6164.0,5703.25,0.4099,0.0459,pykrx,,,,,,,,,data/raw/price_059270_20260421_20260819.csv,135,False,Broad evaluation pool candidate,99,False,Broad evaluation pool candidate
100840,2026-08-19,2026-08-19,2026-08-19,2026-08-19,HOLD,neutral,42.72,42.72,42.72,51.93,51.93,0,47.29,0.0,2,6.56,0.0,0.0,0.0,0.0,0,0,42.72,v2_conservative_ranker,41.47,2.0,1,8.79,0.0,1.55,0.0,51.71,51.71,v3_stability_ranker,neutral,26800.0,-0.0111,-0.0629,0.1308,27880.0,26687.5,0.8581,0.0547,pykrx,,,,,,,,,data/raw/price_100840_20260421_20260819.csv,136,False,Broad evaluation pool candidate,94,False,Broad evaluation pool candidate
144510,2026-08-19,2026-08-19,2026-08-19,2026-08-19,HOLD,neutral,42.62,42.62,42.62,47.72,47.72,0,43.04,0.0,3,3.42,0.0,0.0,0.0,0.0,0,0,42.62,v2_conservative_ranker,38.5,8.0,6,12.72,0.0,0.0,0.0,65.22,65.22,v3_stability_ranker,neutral,13460.0,-0.0372,-0.1092,0.0582,14248.0,13896.5,1.0965,0.0285,pykrx,,,,,,,,,data/raw/price_144510_20260421_20260819.csv,137,False,Broad evaluation pool candidate,10,True,Experimental Top 20 by stability-first v3 score
010960,2026-08-19,2026-08-19,2026-08-19,2026-08-19,HOLD,neutral,42.61,42.61,42.61,49.82,49.82,0,45.81,-2.0,2,3.2,0.0,0.0,0.0,0.0,0,0,42.61,v2_conservative_ranker,40.5,-3.0,1,13.0,0.0,0.0,0.0,51.5,51.5,v3_stability_ranker,neutral,3130.0,-0.028,-0.0264,-0.0157,3247.0,3095.25,0.6524,0.0267,pykrx,,,,medium_attention,no_risk_noise,,,,data/raw/price_010960_20260421_20260819.csv,138,False,Broad evaluation pool candidate,95,False,Broad evaluation pool candidate
003470,2026-08-19,2026-08-19,2026-08-19,2026-08-19,HOLD,neutral,42.54,42.54,42.54,49.96,49.96,0,44.21,0.0,3,4.67,0.0,0.0,0.0,0.0,0,0,42.54,v2_conservative_ranker,36.32,8.0,6,11.16,0.0,0.0,0.0,61.48,61.48,v3_stability_ranker,neutral,4440.0,-0.022,-0.0523,0.0125,4636.0,4466.0,1.0762,0.0389,unknown,유안타증권,유안타증권,major_shareholder_change,low_attention,no_risk_noise,,,,data/raw/price_003470_20260720_20260819.csv,139,False,Broad evaluation pool candidate,24,False,Broad evaluation pool candidate
107640,2026-08-19,2026-08-19,2026-08-19,2026-08-19,HOLD,neutral,42.54,42.54,42.54,54.75,54.75,0,49.21,0.0,2,8.0,0.0,0.67,0.0,0.0,0,0,42.54,v2_conservative_ranker,41.87,2.0,6,7.0,0.0,3.47,0.0,53.39,53.39,v3_stability_ranker,neutral,34200.0,0.0,-0.0579,0.1896,35990.0,32200.0,0.9546,0.0667,pykrx,,,,,,,,,data/raw/price_107640_20260421_20260819.csv,140,False,Broad evaluation pool candidate,76,False,Broad evaluation pool candidate
011330,2026-08-19,2026-08-19,2026-08-19,2026-08-19,HOLD,neutral,42.51,42.51,42.51,66.38,66.38,0,59.39,-2.0,2,10.0,2.34,4.54,0.0,0.0,0,0,42.51,v2_conservative_ranker,40.26,-3.0,1,-2.0,6.78,9.66,0.0,19.81,19.81,v3_stability_ranker,price_momentum,5200.0,0.0442,0.0039,0.2984,5032.0,4373.5,0.6644,0.1054,pykrx,,,,,,,,,data/raw/price_011330_20260421_20260819.csv,141,False,Broad evaluation pool candidate,265,False,Broad evaluation pool candidate
042370,2026-08-19,2026-08-19,2026-08-19,2026-08-19,HOLD,neutral,42.48,42.48,42.48,52.11,52.11,0,49.09,-2.0,2,6.61,0.0,0.0,0.0,0.0,0,0,42.48,v2_conservative_ranker,43.41,-3.0,1,8.73,0.0,1.62,0.0,48.53,48.53,v3_stability_ranker,neutral,8470.0,-0.0197,-0.0386,0.113,8912.0,8265.5,0.6378,0.0551,pykrx,,,,,,,,,data/raw/price_042370_20260421_20260819.csv,142,False,Broad evaluation pool candidate,133,False,Broad evaluation pool candidate
095270,2026-08-19,2026-08-19,2026-08-19,2026-08-19,HOLD,neutral,42.45,42.45,42.45,46.06,46.06,0,44.0,0.93,3,4.78,0.0,0.0,0.0,0.7,0,0,42.45,v2_conservative_ranker,38.5,8.0,6,7.03,0.0,0.0,1.0,58.53,58.53,v3_stability_ranker,neutral,3990.0,-0.0612,-0.1336,0.0857,4326.0,4107.5,1.1851,0.0398,pykrx,,,,medium_attention,no_risk_noise,,,,data/raw/price_095270_20260421_20260819.csv,143,False,Broad evaluation pool candidate,39,False,Broad evaluation pool candidate
020560,2026-08-19,2026-08-19,2026-08-19,2026-08-19,HOLD,neutral,42.44,42.44,42.44,47.93,50.93,-3,45.29,0.0,2,2.84,0.0,0.0,0.0,0.0,2,0,42.44,v2_conservative_ranker,37.69,2.0,1,13.45,0.0,0.0,2.0,52.14,52.14,v3_stability_ranker,neutral,6870.0,-0.0015,-0.0351,-0.0058,7038.0,7021.5,0.8495,0.0237,unknown,아시아나항공,아시아나항공,lawsuit,,,,,,data/raw/price_020560_20260720_20260819.csv,144,False,Broad evaluation pool candidate,88,False,Broad evaluation pool candidate
023760,2026-08-19,2026-08-19,2026-08-19,2026-08-19,HOLD,neutral,42.13,42.13,42.13,40.77,40.77,0,43.6,0.0,0,1.46,0.0,0.0,0.0,0.0,0,0,42.13,v2_conservative_ranker,38.0,-5.0,0,15.17,0.0,0.0,0.0,48.17,48.17,v3_stability_ranker,neutral,670.0,0.0,0.0,-0.0401,670.0,676.4,0.0,0.0122,pykrx,,,,,,,,,data/raw/price_023760_20260421_20260819.csv,145,False,Broad evaluation pool candidate,138,False,Broad evaluation pool candidate
009810,2026-08-19,2026-08-19,2026-08-19,2026-08-19,HOLD,neutral,41.91,41.91,41.91,47.99,50.99,-3,39.37,6.38,3,4.84,0.0,0.0,0.0,0.0,2,0,41.91,v2_conservative_ranker,33.86,5.0,4,10.96,0.0,0.0,2.0,51.81,51.81,v3_stability_ranker,price_weakness,1735.0,-0.0361,-0.083,-0.0467,1816.8,1890.85,2.2765,0.0403,unknown,플레이그램,플레이그램,paid_in_capital_increase,,,,,,data/raw/price_009810_20260720_20260819.csv,146,False,Broad evaluation pool candidate,92,False,Broad evaluation pool candidate
330730,2026-08-19,2026-08-19,2026-08-19,2026-08-19,HOLD,neutral,41.87,41.87,41.87,49.4,49.4,0,45.67,-2.0,2,3.8,0.0,0.0,0.0,0.0,0,0,41.87,v2_conservative_ranker,41.63,-3.0,1,12.25,0.0,0.0,0.0,51.87,51.87,v3_stability_ranker,neutral,4780.0,-0.0205,-0.0609,0.079,4994.0,4726.5,0.4522,0.0317,pykrx,,,,,,,,,data/raw/price_330730_20260421_20260819.csv,147,False,Broad evaluation pool candidate,90,False,Broad evaluation pool candidate
465770,2026-08-19,2026-08-19,2026-08-19,2026-08-19,HOLD,neutral,41.86,41.86,41.86,78.28,78.28,0,59.86,5.76,3,10.0,10.76,6.0,0.0,0.0,0,0,41.86,v2_conservative_ranker,34.88,5.0,6,-2.0,22.06,10.38,0.0,11.44,11.44,v3_stability_ranker,price_momentum,3860.0,0.0518,0.276,-0.0326,3209.0,3213.25,2.1521,0.1335,pykrx,,,,,,,,,data/raw/price_465770_20260421_20260819.csv,148,False,Broad evaluation pool candidate,278,False,Broad evaluation pool candidate
011420,2026-08-19,2026-08-19,2026-08-19,2026-08-19,HOLD,neutral,41.81,41.81,41.81,47.17,47.17,0,46.31,-2.0,2,4.5,0.0,0.0,0.0,0.0,0,0,41.81,v2_conservative_ranker,43.2,-3.0,1,11.38,0.0,0.0,0.0,52.57,52.57,v3_stability_ranker,neutral,1441.0,-0.0231,-0.0413,0.0412,1486.8,1439.4,0.1642,0.0375,pykrx,,,,,,,,,data/raw/price_011420_20260421_20260819.csv,149,False,Broad evaluation pool candidate,86,False,Broad evaluation pool candidate
009830,2026-08-19,2026-08-19,2026-08-19,2026-08-19,HOLD,neutral,41.8,41.8,41.8,53.69,53.69,0,50.32,-2.0,2,7.92,0.0,0.6,0.0,0.0,0,0,41.8,v2_conservative_ranker,33.87,-3.0,1,4.1,3.6,3.36,0.0,29.0,29.0,v3_stability_ranker,neutral,34650.0,0.0191,-0.0468,0.3026,35260.0,30155.0,0.4942,0.066,pykrx,,,,,,,,,data/raw/price_009830_20260421_20260819.csv,150,False,Broad evaluation pool candidate,247,False,Broad evaluation pool candidate
127120,2026-08-19,2026-08-19,2026-08-19,2026-08-19,HOLD,neutral,41.66,41.66,41.66,49.37,49.37,0,45.4,1.82,3,7.94,0.0,0.62,0.0,0.0,0,0,41.66,v2_conservative_ranker,38.5,8.0,6,7.07,0.0,3.39,0.0,56.18,56.18,v3_stability_ranker,neutral,36700.0,-0.0355,-0.1049,0.1258,39670.0,35435.0,1.3642,0.0662,pykrx,,,,,,,,,data/raw/price_127120_20260421_20260819.csv,151,False,Broad evaluation pool candidate,53,False,Broad evaluation pool candidate
376270,2026-08-19,2026-08-19,2026-08-19,2026-08-19,HOLD,neutral,41.55,41.55,41.55,49.49,49.49,0,45.55,0.0,2,6.0,0.0,0.0,0.0,0.0,0,0,41.55,v2_conservative_ranker,37.24,2.0,6,5.5,0.0,0.8,0.0,49.94,49.94,v3_stability_ranker,neutral,40100.0,-0.0452,-0.0407,0.0178,42810.0,40885.0,0.9458,0.05,pykrx,,,,,,,,,data/raw/price_376270_20260421_20260819.csv,152,False,Broad evaluation pool candidate,123,False,Broad evaluation pool candidate
025950,2026-08-19,2026-08-19,2026-08-19,2026-08-19,HOLD,neutral,41.54,41.54,41.54,47.26,47.26,0,46.19,-2.0,2,4.64,0.0,0.0,0.0,0.0,0,0,41.54,v2_conservative_ranker,42.99,-3.0,1,11.2,0.0,0.0,0.0,52.18,52.18,v3_stability_ranker,neutral,10880.0,-0.0294,-0.0439,0.0451,11450.0,10585.5,0.2116,0.0387,pykrx,,,,,,,,,data/raw/price_025950_20260421_20260819.csv,153,False,Broad evaluation pool candidate,87,False,Broad evaluation pool candidate
064400,2026-08-19,2026-08-19,2026-08-19,2026-08-19,HOLD,neutral,41.46,41.46,41.46,52.13,52.13,0,47.68,-2.0,2,6.22,0.0,0.0,0.0,0.0,0,0,41.46,v2_conservative_ranker,41.64,-3.0,1,9.23,0.0,1.09,0.0,47.78,47.78,v3_stability_ranker,neutral,71000.0,-0.0392,-0.0608,0.136,76100.0,69305.0,0.7647,0.0518,pykrx,,,,,,,,,data/raw/price_064400_20260421_20260819.csv,154,False,Broad evaluation pool candidate,146,False,Broad evaluation pool candidate
006220,2026-08-19,2026-08-19,2026-08-19,2026-08-19,HOLD,neutral,41.44,41.44,41.44,48.5,48.5,0,45.13,-2.0,2,3.7,0.0,0.0,0.0,0.0,0,0,41.44,v2_conservative_ranker,37.92,-3.0,1,12.38,0.0,0.0,0.0,48.3,48.3,v3_stability_ranker,neutral,9010.0,-0.0207,-0.0322,-0.0185,9234.0,9101.0,0.6204,0.0308,pykrx,,,,,,,,,data/raw/price_006220_20260421_20260819.csv,155,False,Broad evaluation pool candidate,136,False,Broad evaluation pool candidate
010060,2026-08-19,2026-08-19,2026-08-19,2026-08-19,HOLD,neutral,41.43,41.43,41.43,67.78,67.78,0,60.46,-2.0,2,10.0,4.86,4.17,0.0,0.0,0,0,41.43,v2_conservative_ranker,35.89,-3.0,1,2.0,11.93,9.07,0.0,14.89,14.89,v3_stability_ranker,price_momentum,277500.0,0.0183,0.0146,0.4231,272600.0,235935.0,0.7193,0.1017,pykrx,,,,,,,,,data/raw/price_010060_20260421_20260819.csv,156,False,Broad evaluation pool candidate,271,False,Broad evaluation pool candidate
006730,2026-08-19,2026-08-19,2026-08-19,2026-08-19,HOLD,neutral,41.42,41.42,41.42,47.8,47.8,0,43.77,0.0,2,4.34,0.0,0.0,0.0,0.0,0,0,41.42,v2_conservative_ranker,38.5,2.0,6,11.57,0.0,0.0,0.0,58.07,58.07,v3_stability_ranker,neutral,10240.0,-0.0312,-0.101,0.079,10648.0,10309.5,0.9279,0.0362,pykrx,,,,,,,,,data/raw/price_006730_20260421_20260819.csv,157,False,Broad evaluation pool candidate,44,False,Broad evaluation pool candidate
004780,2026-08-19,2026-08-19,2026-08-19,2026-08-19,HOLD,neutral,41.22,41.22,41.22,42.7,42.7,0,43.17,-2.0,2,1.94,0.0,0.0,0.0,0.0,0,0,41.22,v2_conservative_ranker,38.0,-3.0,1,14.57,0.0,0.0,0.0,50.57,50.57,v3_stability_ranker,neutral,4000.0,-0.0123,-0.0232,0.0139,4038.0,4051.5,0.3239,0.0162,pykrx,,,,,,,,,data/raw/price_004780_20260421_20260819.csv,158,False,Broad evaluation pool candidate,106,False,Broad evaluation pool candidate
018700,2026-08-19,2026-08-19,2026-08-19,2026-08-19,HOLD,neutral,41.14,41.14,41.14,53.31,53.31,0,53.93,-2.0,2,10.0,0.0,2.79,0.0,0.0,0,0,41.14,v2_conservative_ranker,38.31,-3.0,1,5.0,0.13,6.86,0.0,34.31,34.31,v3_stability_ranker,neutral,1479.0,-0.0054,-0.0107,0.2827,1503.2,1447.45,0.0635,0.0879,pykrx,,,,,,,,,data/raw/price_018700_20260421_20260819.csv,159,False,Broad evaluation pool candidate,225,False,Broad evaluation pool candidate
007460,2026-08-19,2026-08-19,2026-08-19,2026-08-19,HOLD,neutral,41.14,41.14,41.14,46.18,46.18,0,44.3,0.0,2,5.16,0.0,0.0,0.0,0.0,0,0,41.14,v2_conservative_ranker,38.5,2.0,1,10.55,0.0,0.0,0.0,52.05,52.05,v3_stability_ranker,neutral,2380.0,-0.0364,-0.1136,0.0943,2540.0,2433.5,0.8536,0.043,pykrx,,,,,,,,,data/raw/price_007460_20260421_20260819.csv,160,False,Broad evaluation pool candidate,89,False,Broad evaluation pool candidate
011930,2026-08-19,2026-08-19,2026-08-19,2026-08-19,HOLD,neutral,41.1,41.1,41.1,50.55,50.55,0,49.93,-2.0,2,8.09,0.0,0.74,0.0,0.0,0,0,41.1,v2_conservative_ranker,46.5,-3.0,1,6.89,0.0,3.58,0.0,47.81,47.81,v3_stability_ranker,neutral,16380.0,-0.0133,-0.025,0.0979,16714.0,15470.0,0.4825,0.0674,pykrx,,,,,,,,,data/raw/price_011930_20260421_20260819.csv,161,False,Broad evaluation pool candidate,145,False,Broad evaluation pool candidate
002780,2026-08-19,2026-08-19,2026-08-19,2026-08-19,HOLD,neutral,41.07,41.07,41.07,45.31,45.31,0,44.96,0.0,0,3.89,0.0,0.0,0.0,0.0,0,0,41.07,v2_conservative_ranker,42.15,-5.0,0,12.14,0.0,0.0,0.0,49.29,49.29,v3_stability_ranker,neutral,782.0,0.0,-0.0544,0.0399,789.0,781.5,0.0,0.0324,pykrx,,,,,,,,,data/raw/price_002780_20260421_20260819.csv,162,False,Broad evaluation pool candidate,126,False,Broad evaluation pool candidate
199290,2026-08-19,2026-08-19,2026-08-19,2026-08-19,HOLD,neutral,41.0,41.0,41.0,54.02,54.02,0,55.0,-2.0,2,10.0,1.26,2.74,0.0,0.0,0,0,41.0,v2_conservative_ranker,34.97,-3.0,1,5.0,4.9,6.78,0.0,26.28,26.28,v3_stability_ranker,neutral,390.0,0.0,0.0,0.3781,400.0,388.95,0.0029,0.0874,pykrx,,,,,,,,,data/raw/price_199290_20260421_20260819.csv,163,False,Broad evaluation pool candidate,252,False,Broad evaluation pool candidate
282720,2026-08-19,2026-08-19,2026-08-19,2026-08-19,HOLD,neutral,40.92,40.92,40.92,48.82,48.82,0,47.71,-2.0,2,6.79,0.0,0.0,0.0,0.0,0,0,40.92,v2_conservative_ranker,41.35,-3.0,1,8.51,0.0,1.86,0.0,46.0,46.0,v3_stability_ranker,neutral,7410.0,-0.008,-0.0644,0.1471,7786.0,7470.5,0.2612,0.0566,pykrx,,,,,,,,,data/raw/price_282720_20260421_20260819.csv,164,False,Broad evaluation pool candidate,160,False,Broad evaluation pool candidate
296640,2026-08-19,2026-08-19,2026-08-19,2026-08-19,HOLD,neutral,40.9,40.9,40.9,102.69,102.69,0,71.0,3.0,3,9.78,20.17,6.15,0.0,0.0,0,0,40.9,v2_conservative_ranker,25.99,-1.54,4,2.0,33.02,8.21,0.0,0.0,0.0,v3_stability_ranker,price_momentum,6470.0,-0.0015,0.4081,0.4204,5646.0,4672.5,2.9486,0.0815,pykrx,,,,,,,,,data/raw/price_296640_20260421_20260819.csv,165,False,Broad evaluation pool candidate,286,False,Broad evaluation pool candidate
045390,2026-08-19,2026-08-19,2026-08-19,2026-08-19,HOLD,neutral,40.85,40.85,40.85,105.95,105.95,0,71.0,0.0,3,6.06,19.09,8.0,0.0,0.0,0,0,40.85,v2_conservative_ranker,30.28,-9.0,4,2.42,40.03,22.88,0.0,0.0,0.0,v3_stability_ranker,price_momentum,3335.0,0.1061,0.2753,0.3529,2844.0,2569.25,9.6048,0.0505,pykrx,,,,,,,,,data/raw/price_045390_20260421_20260819.csv,166,False,Broad evaluation pool candidate,287,False,Broad evaluation pool candidate
079160,2026-08-19,2026-08-19,2026-08-19,2026-08-19,HOLD,neutral,40.75,40.75,40.75,48.98,48.98,0,46.5,-2.0,2,5.75,0.0,0.0,0.0,0.0,0,0,40.75,v2_conservative_ranker,38.5,-3.0,1,9.82,0.0,0.46,0.0,45.85,45.85,v3_stability_ranker,neutral,5080.0,-0.0305,-0.1041,0.1572,5310.0,5170.75,0.7192,0.0479,pykrx,,,,,,,,,data/raw/price_079160_20260421_20260819.csv,167,False,Broad evaluation pool candidate,164,False,Broad evaluation pool candidate
290270,2026-08-19,2026-08-19,2026-08-19,2026-08-19,HOLD,neutral,40.67,40.67,40.67,47.27,50.27,-3,44.22,0.0,2,3.55,0.0,0.0,0.0,0.0,2,0,40.67,v2_conservative_ranker,41.52,2.0,1,8.56,0.0,0.0,2.0,51.08,51.08,v3_stability_ranker,neutral,2635.0,-0.0453,-0.0623,0.0415,2743.0,2686.75,0.897,0.0296,unknown,휴네시온,휴네시온,disclosure_violation,,,,,,data/raw/price_290270_20260720_20260819.csv,168,False,Broad evaluation pool candidate,102,False,Broad evaluation pool candidate
012630,2026-08-19,2026-08-19,2026-08-19,2026-08-19,HOLD,neutral,40.61,40.61,40.61,50.14,47.14,3,46.04,-2.0,2,6.43,0.0,0.0,0.0,0.0,0,1,40.61,v2_conservative_ranker,41.97,-3.0,1,8.96,0.0,1.38,0.0,47.56,47.56,v3_stability_ranker,neutral,21650.0,-0.0248,-0.0566,0.0771,22190.0,21498.0,0.3847,0.0536,unknown,HDC,HDC,supply_contract,,,,,,data/raw/price_012630_20260720_20260819.csv,169,False,Broad evaluation pool candidate,148,False,Broad evaluation pool candidate
215570,2026-08-19,2026-08-19,2026-08-19,2026-08-19,HOLD,neutral,40.6,40.6,40.6,46.65,46.65,0,44.77,-2.0,2,4.16,0.0,0.0,0.0,0.0,0,0,40.6,v2_conservative_ranker,34.88,-3.0,1,11.79,0.0,0.0,0.0,44.67,44.67,v3_stability_ranker,neutral,700.0,0.0043,0.0014,-0.125,667.2,742.65,0.7053,0.0347,pykrx,,,,,,,,,data/raw/price_215570_20260421_20260819.csv,170,False,Broad evaluation pool candidate,169,False,Broad evaluation pool candidate
009410,2026-08-19,2026-08-19,2026-08-19,2026-08-19,HOLD,neutral,40.58,40.58,40.58,44.45,44.45,0,43.49,-2.0,2,2.92,0.0,0.0,0.0,0.0,0,0,40.58,v2_conservative_ranker,38.0,-3.0,1,13.36,0.0,0.0,0.0,49.36,49.36,v3_stability_ranker,neutral,1605.0,-0.0062,-0.0213,0.0178,1622.6,1631.5,0.6865,0.0243,pykrx,,,,medium_attention,no_risk_noise,,,,data/raw/price_009410_20260421_20260819.csv,171,False,Broad evaluation pool candidate,125,False,Broad evaluation pool candidate
001340,2026-08-19,2026-08-19,2026-08-19,2026-08-19,HOLD,neutral,40.48,40.48,40.48,47.03,47.03,0,42.56,0.0,2,4.08,0.0,0.0,0.0,0.0,0,0,40.48,v2_conservative_ranker,35.55,2.0,1,11.9,0.0,0.0,0.0,50.45,50.45,v3_stability_ranker,neutral,4925.0,-0.0324,-0.0619,-0.0071,5067.0,4902.0,0.8289,0.034,pykrx,,,,,,,,,data/raw/price_001340_20260421_20260819.csv,172,False,Broad evaluation pool candidate,107,False,Broad evaluation pool candidate
475400,2026-08-19,2026-08-19,2026-08-19,2026-08-19,HOLD,neutral,40.35,40.35,40.35,53.66,53.66,0,52.65,-2.0,2,9.98,0.0,2.32,0.0,0.0,0,0,40.35,v2_conservative_ranker,37.19,-3.0,1,5.0,1.73,6.11,0.0,32.34,32.34,v3_stability_ranker,neutral,19970.0,-0.0114,-0.0235,0.3147,20544.0,18959.0,0.3353,0.0832,pykrx,,,,,,,,,data/raw/price_475400_20260421_20260819.csv,173,False,Broad evaluation pool candidate,232,False,Broad evaluation pool candidate
175250,2026-08-19,2026-08-19,2026-08-19,2026-08-19,HOLD,neutral,40.3,40.3,40.3,40.0,44.0,-4,45.0,0.0,0,0.0,0.0,0.0,0.0,4.7,0,0,40.3,v2_conservative_ranker,38.0,-5.0,0,17.0,0.0,0.0,7.2,42.8,42.8,v3_stability_ranker,neutral,2170.0,0.0,0.0,0.0,2170.0,2170.0,0.0,0.0,pykrx,,,,low_attention,risk_noise_detected,,,,data/raw/price_175250_20260421_20260819.csv,174,False,Broad evaluation pool candidate,181,False,Broad evaluation pool candidate
141000,2026-08-19,2026-08-19,2026-08-19,2026-08-19,HOLD,neutral,40.28,40.28,40.28,48.82,48.82,0,43.86,0.0,2,5.58,0.0,0.0,0.0,0.0,0,0,40.28,v2_conservative_ranker,41.04,2.0,6,10.03,0.0,0.24,0.0,58.82,58.82,v3_stability_ranker,neutral,8460.0,-0.0364,-0.0683,0.0483,8878.0,8287.0,0.9811,0.0465,pykrx,,,,,,,,,data/raw/price_141000_20260421_20260819.csv,175,False,Broad evaluation pool candidate,36,False,Broad evaluation pool candidate
250060,2026-08-19,2026-08-19,2026-08-19,2026-08-19,HOLD,neutral,40.26,40.26,40.26,49.72,49.72,0,45.41,-2.0,2,5.15,0.0,0.0,0.0,0.0,0,0,40.26,v2_conservative_ranker,40.47,-3.0,1,10.56,0.0,0.0,0.0,49.03,49.03,v3_stability_ranker,neutral,2760.0,-0.0282,-0.0754,0.1129,2938.0,2708.0,0.6508,0.0429,pykrx,,,,,,,,,data/raw/price_250060_20260421_20260819.csv,176,False,Broad evaluation pool candidate,128,False,Broad evaluation pool candidate
185750,2026-08-19,2026-08-19,2026-08-19,2026-08-19,HOLD,neutral,40.13,40.13,40.13,43.7,43.7,0,40.15,0.0,2,2.02,0.0,0.0,0.0,0.0,0,0,40.13,v2_conservative_ranker,33.61,2.0,6,14.48,0.0,0.0,0.0,56.09,56.09,v3_stability_ranker,price_weakness,67200.0,0.0075,-0.0549,0.0182,67900.0,67990.0,0.9928,0.0168,pykrx,,,,,,,,,data/raw/price_185750_20260421_20260819.csv,177,False,Broad evaluation pool candidate,57,False,Broad evaluation pool candidate
006060,2026-08-19,2026-08-19,2026-08-19,2026-08-19,HOLD,neutral,40.13,40.13,40.13,46.04,46.04,0,40.64,0.0,2,2.51,0.0,0.0,0.0,0.0,0,0,40.13,v2_conservative_ranker,33.72,2.0,1,13.87,0.0,0.0,0.0,50.58,50.58,v3_stability_ranker,price_weakness,2375.0,-0.0125,-0.0848,-0.0104,2480.0,2477.0,0.8543,0.0209,pykrx,,,,,,,,,data/raw/price_006060_20260421_20260819.csv,178,False,Broad evaluation pool candidate,104,False,Broad evaluation pool candidate
255220,2026-08-19,2026-08-19,2026-08-19,2026-08-19,HOLD,neutral,40.02,40.02,40.02,42.73,42.73,0,41.95,0.0,3,4.93,0.0,0.0,0.0,0.0,0,0,40.02,v2_conservative_ranker,38.5,8.0,6,10.84,0.0,0.0,0.0,63.34,63.34,v3_stability_ranker,neutral,1245.0,-0.0181,-0.1306,0.0272,1333.0,1279.4,1.0896,0.0411,pykrx,,,,,,,,,data/raw/price_255220_20260421_20260819.csv,179,False,Broad evaluation pool candidate,18,True,Experimental Top 20 by stability-first v3 score
329180,2026-08-19,2026-08-19,2026-08-19,2026-08-19,AVOID,negative,39.97,39.97,39.97,48.91,48.91,0,44.97,-2.0,2,5.0,0.0,0.0,0.0,0.0,0,0,39.97,v2_conservative_ranker,41.88,-3.0,1,10.75,0.0,0.0,0.0,50.63,50.63,v3_stability_ranker,neutral,474000.0,-0.0317,-0.0577,0.0498,493100.0,486225.0,0.7259,0.0417,pykrx,,,,,,,,,data/raw/price_329180_20260421_20260819.csv,180,False,Broad evaluation pool candidate,103,False,Broad evaluation pool candidate
078350,2026-08-19,2026-08-19,2026-08-19,2026-08-19,AVOID,negative,39.95,39.95,39.95,53.69,53.69,0,52.55,-2.0,2,10.0,0.0,2.59,0.0,0.0,0,0,39.95,v2_conservative_ranker,46.5,-3.0,1,2.0,0.0,6.54,0.0,39.96,39.96,v3_stability_ranker,neutral,22500.0,-0.0153,-0.0153,0.145,23240.0,20330.5,0.6615,0.0859,pykrx,,,,,,,,,data/raw/price_078350_20260421_20260819.csv,181,False,Broad evaluation pool candidate,199,False,Broad evaluation pool candidate
043260,2026-08-19,2026-08-19,2026-08-19,2026-08-19,AVOID,negative,39.86,39.86,39.86,54.86,54.86,0,54.49,-2.0,2,10.0,0.0,4.63,0.0,0.0,0,0,39.86,v2_conservative_ranker,46.5,-3.0,1,-2.0,0.0,9.81,0.0,32.69,32.69,v3_stability_ranker,neutral,19690.0,-0.0821,-0.0005,0.1582,20494.0,17813.0,0.4997,0.1063,pykrx,,,,,,,,,data/raw/price_043260_20260421_20260819.csv,182,False,Broad evaluation pool candidate,231,False,Broad evaluation pool candidate
008470,2026-08-19,2026-08-19,2026-08-19,2026-08-19,AVOID,negative,39.78,39.78,39.78,40.32,40.32,0,42.29,0.0,2,4.51,0.0,0.0,0.0,0.0,0,0,39.78,v2_conservative_ranker,38.5,2.0,1,7.36,0.0,0.0,0.0,48.86,48.86,v3_stability_ranker,neutral,1742.0,-0.0522,-0.1482,0.0369,1918.0,1898.2,0.842,0.0376,pykrx,,,,,,,,,data/raw/price_008470_20260421_20260819.csv,183,False,Broad evaluation pool candidate,130,False,Broad evaluation pool candidate
013720,2026-08-19,2026-08-19,2026-08-19,2026-08-19,AVOID,negative,39.74,39.74,39.74,46.19,46.19,0,47.45,-2.0,2,7.48,0.0,0.23,0.0,0.0,0,0,39.74,v2_conservative_ranker,43.26,-3.0,1,7.65,0.0,2.77,0.0,46.15,46.15,v3_stability_ranker,neutral,2250.0,-0.0022,-0.0405,0.0714,2279.0,2157.8,0.1493,0.0623,pykrx,,,,,,,,,data/raw/price_013720_20260421_20260819.csv,184,False,Broad evaluation pool candidate,159,False,Broad evaluation pool candidate
460940,2026-08-19,2026-08-19,2026-08-19,2026-08-19,AVOID,negative,39.73,39.73,39.73,49.84,49.84,0,48.21,-2.0,2,7.9,0.0,0.58,0.0,0.0,0,0,39.73,v2_conservative_ranker,33.5,-3.0,1,3.13,0.0,3.33,0.0,31.3,31.3,v3_stability_ranker,neutral,5350.0,-0.0429,-0.0679,0.2648,5658.0,4964.75,0.2023,0.0658,pykrx,,,,,,,,,data/raw/price_460940_20260421_20260819.csv,185,False,Broad evaluation pool candidate,235,False,Broad evaluation pool candidate
036530,2026-08-19,2026-08-19,2026-08-19,2026-08-19,AVOID,negative,39.7,39.7,39.7,40.97,40.97,0,40.16,0.0,2,2.46,0.0,0.0,0.0,0.0,0,0,39.7,v2_conservative_ranker,34.92,2.0,1,13.93,0.0,0.0,0.0,51.85,51.85,v3_stability_ranker,neutral,47700.0,0.0032,-0.0245,-0.0684,48060.0,48532.5,0.8143,0.0205,pykrx,,,,,,,,,data/raw/price_036530_20260421_20260819.csv,186,False,Broad evaluation pool candidate,91,False,Broad evaluation pool candidate
253450,2026-08-19,2026-08-19,2026-08-19,2026-08-19,AVOID,negative,39.59,39.59,39.59,42.76,42.76,0,44.62,-2.0,2,5.03,0.0,0.0,0.0,0.0,0,0,39.59,v2_conservative_ranker,38.5,-3.0,1,10.71,0.0,0.0,0.0,47.22,47.22,v3_stability_ranker,neutral,21750.0,-0.0068,-0.1437,0.1035,23080.0,22457.5,0.69,0.0419,pykrx,,,,,,,,,data/raw/price_253450_20260421_20260819.csv,187,False,Broad evaluation pool candidate,152,False,Broad evaluation pool candidate
130660,2026-08-19,2026-08-19,2026-08-19,2026-08-19,AVOID,negative,39.57,39.57,39.57,47.29,47.29,0,45.37,-2.0,2,5.81,0.0,0.0,0.0,0.0,0,0,39.57,v2_conservative_ranker,41.68,-3.0,1,9.74,0.0,0.54,0.0,48.88,48.88,v3_stability_ranker,neutral,11090.0,-0.0168,-0.0602,0.0684,11636.0,11024.5,0.4548,0.0484,pykrx,,,,,,,,,data/raw/price_130660_20260421_20260819.csv,188,False,Broad evaluation pool candidate,129,False,Broad evaluation pool candidate
203650,2026-08-19,2026-08-19,2026-08-19,2026-08-19,AVOID,negative,39.54,39.54,39.54,46.47,46.47,0,45.42,-2.0,2,5.88,0.0,0.0,0.0,0.0,0,0,39.54,v2_conservative_ranker,42.9,-3.0,1,5.65,0.0,0.64,0.0,45.91,45.91,v3_stability_ranker,neutral,1996.0,-0.0427,-0.045,0.0262,2101.2,1920.15,0.4268,0.049,pykrx,,,,,,,,,data/raw/price_203650_20260421_20260819.csv,189,False,Broad evaluation pool candidate,162,False,Broad evaluation pool candidate
013520,2026-08-19,2026-08-19,2026-08-19,2026-08-19,AVOID,negative,39.48,39.48,39.48,46.3,46.3,0,41.63,0.0,2,4.15,0.0,0.0,0.0,0.0,0,0,39.48,v2_conservative_ranker,33.45,2.0,6,11.81,0.0,0.0,0.0,53.26,53.26,v3_stability_ranker,neutral,2535.0,-0.0287,-0.0881,0.0181,2641.0,2591.75,0.9446,0.0346,pykrx,,,,,,,,,data/raw/price_013520_20260421_20260819.csv,190,False,Broad evaluation pool candidate,78,False,Broad evaluation pool candidate
091590,2026-08-19,2026-08-19,2026-08-19,2026-08-19,AVOID,negative,39.36,39.36,39.36,56.66,56.66,0,55.36,-2.0,2,10.0,0.0,6.0,0.0,0.0,0,0,39.36,v2_conservative_ranker,49.0,-3.0,1,-2.0,0.0,10.0,0.0,35.0,35.0,v3_stability_ranker,price_momentum,5700.0,-0.0563,0.0035,0.0575,6400.0,5119.25,0.239,0.13,pykrx,,,,,,,,,data/raw/price_091590_20260421_20260819.csv,191,False,Broad evaluation pool candidate,222,False,Broad evaluation pool candidate
119850,2026-08-19,2026-08-19,2026-08-19,2026-08-19,AVOID,negative,39.35,39.35,39.35,76.15,76.15,0,67.0,-2.0,2,10.0,11.65,6.0,0.0,0.0,0,0,39.35,v2_conservative_ranker,39.0,-3.0,1,2.0,17.72,10.0,0.0,11.28,11.28,v3_stability_ranker,price_momentum,54900.0,0.0186,0.1002,0.5357,53460.0,45342.5,0.6891,0.1235,pykrx,,,,,,,,,data/raw/price_119850_20260421_20260819.csv,192,False,Broad evaluation pool candidate,279,False,Broad evaluation pool candidate
229640,2026-08-19,2026-08-19,2026-08-19,2026-08-19,AVOID,negative,39.15,39.15,39.15,52.83,52.83,0,51.81,-2.0,2,10.0,0.0,2.66,0.0,0.0,0,0,39.15,v2_conservative_ranker,46.5,-3.0,1,5.0,0.0,6.66,0.0,42.84,42.84,v3_stability_ranker,neutral,46600.0,-0.0179,-0.0043,0.0926,47770.0,44682.5,0.7709,0.0866,pykrx,,,,,,,,,data/raw/price_229640_20260421_20260819.csv,193,False,Broad evaluation pool candidate,179,False,Broad evaluation pool candidate
010130,2026-08-19,2026-08-19,2026-08-19,2026-08-19,AVOID,negative,39.05,39.05,39.05,50.35,53.35,-3,48.17,-2.0,2,7.12,0.0,0.0,0.0,0.0,2,0,39.05,v2_conservative_ranker,41.04,-3.0,1,4.11,0.0,2.29,2.0,38.85,38.85,v3_stability_ranker,neutral,1145000.0,-0.0607,-0.0683,0.199,1201600.0,1095450.0,0.6931,0.0593,unknown,고려아연,고려아연,lawsuit,,,,,,data/raw/price_010130_20260720_20260819.csv,194,False,Broad evaluation pool candidate,205,False,Broad evaluation pool candidate
019570,2026-08-19,2026-08-19,2026-08-19,2026-08-19,AVOID,negative,38.85,38.85,38.85,47.58,47.58,0,44.49,-2.0,2,5.64,0.0,0.0,0.0,0.0,0,0,38.85,v2_conservative_ranker,39.97,-3.0,1,9.95,0.0,0.32,0.0,47.6,47.6,v3_stability_ranker,neutral,2645.0,-0.0149,-0.0816,0.0998,2728.0,2543.75,0.5753,0.047,pykrx,,,,,,,,,data/raw/price_019570_20260421_20260819.csv,195,False,Broad evaluation pool candidate,147,False,Broad evaluation pool candidate
128940,2026-08-19,2026-08-19,2026-08-19,2026-08-19,AVOID,negative,38.73,38.73,38.73,46.96,46.96,0,44.58,-2.0,2,5.84,0.0,0.0,0.0,0.0,0,0,38.73,v2_conservative_ranker,41.76,-3.0,1,9.7,0.0,0.59,0.0,48.86,48.86,v3_stability_ranker,neutral,388500.0,-0.0089,-0.0593,0.043,394700.0,378150.0,0.6012,0.0487,pykrx,,,,,,,,,data/raw/price_128940_20260421_20260819.csv,196,False,Broad evaluation pool candidate,131,False,Broad evaluation pool candidate
297890,2026-08-19,2026-08-19,2026-08-19,2026-08-19,AVOID,negative,38.39,38.39,38.39,46.85,46.85,0,44.44,-2.0,2,6.05,0.0,0.0,0.0,0.0,0,0,38.39,v2_conservative_ranker,41.3,-3.0,1,9.44,0.0,0.86,0.0,47.88,47.88,v3_stability_ranker,neutral,1696.0,-0.0242,-0.065,0.0554,1767.4,1696.0,0.6039,0.0504,pykrx,,,,,,,,,data/raw/price_297890_20260421_20260819.csv,197,False,Broad evaluation pool candidate,143,False,Broad evaluation pool candidate
071950,2026-08-19,2026-08-19,2026-08-19,2026-08-19,AVOID,negative,38.16,38.16,38.16,47.19,47.19,0,49.94,-2.0,2,9.7,0.0,2.08,0.0,0.0,0,0,38.16,v2_conservative_ranker,46.5,-3.0,1,5.0,0.0,5.73,0.0,43.77,43.77,v3_stability_ranker,neutral,1800.0,0.021,-0.0006,0.0286,1758.6,1754.2,0.303,0.0808,pykrx,,,,,,,,,data/raw/price_071950_20260421_20260819.csv,198,False,Broad evaluation pool candidate,173,False,Broad evaluation pool candidate
071200,2026-08-19,2026-08-19,2026-08-19,2026-08-19,AVOID,negative,38.06,38.06,38.06,42.51,42.51,0,43.03,0.0,2,6.97,0.0,0.0,0.0,0.0,0,0,38.06,v2_conservative_ranker,38.5,2.0,6,8.29,0.0,2.1,0.0,52.69,52.69,v3_stability_ranker,neutral,9100.0,0.0089,-0.1208,0.0581,9928.0,9088.5,0.9155,0.0581,pykrx,,,,,,,,,data/raw/price_071200_20260421_20260819.csv,199,False,Broad evaluation pool candidate,84,False,Broad evaluation pool candidate
294090,2026-08-19,2026-08-19,2026-08-19,2026-08-19,AVOID,negative,37.6,37.6,37.6,40.0,44.0,-4,45.0,0.0,0,0.0,0.0,0.0,0.0,7.4,0,0,37.6,v2_conservative_ranker,38.0,-5.0,0,17.0,0.0,0.0,11.4,38.6,38.6,v3_stability_ranker,neutral,1490.0,0.0,0.0,0.0,1490.0,1490.0,0.0,0.0,pykrx,,,,low_attention,risk_noise_detected,,,,data/raw/price_294090_20260421_20260819.csv,200,False,Broad evaluation pool candidate,206,False,Broad evaluation pool candidate
003490,2026-08-19,2026-08-19,2026-08-19,2026-08-19,AVOID,negative,37.56,37.56,37.56,39.79,39.79,0,38.59,0.0,2,3.02,0.0,0.0,0.0,0.0,0,0,37.56,v2_conservative_ranker,33.2,2.0,1,13.22,0.0,0.0,0.0,49.42,49.42,v3_stability_ranker,price_weakness,25050.0,-0.0079,-0.06,-0.0118,25840.0,25985.0,0.8162,0.0252,pykrx,,,,,,,,,data/raw/price_003490_20260421_20260819.csv,201,False,Broad evaluation pool candidate,124,False,Broad evaluation pool candidate
083640,2026-08-19,2026-08-19,2026-08-19,2026-08-19,AVOID,negative,37.45,37.45,37.45,43.41,43.41,0,39.97,0.0,3,5.52,0.0,0.0,0.0,0.0,0,0,37.45,v2_conservative_ranker,33.53,2.0,6,6.1,0.0,0.16,0.0,47.47,47.47,v3_stability_ranker,neutral,1090.0,-0.0848,-0.0871,-0.0294,1217.6,1157.15,1.0323,0.046,pykrx,,,,,,,,,data/raw/price_083640_20260421_20260819.csv,202,False,Broad evaluation pool candidate,149,False,Broad evaluation pool candidate
176750,2026-08-19,2026-08-19,2026-08-19,2026-08-19,AVOID,negative,37.39,37.39,37.39,49.77,49.77,0,50.24,-2.0,2,10.0,0.0,2.85,0.0,0.0,0,0,37.39,v2_conservative_ranker,43.98,-3.0,1,5.0,0.0,6.96,0.0,40.02,40.02,v3_stability_ranker,neutral,6460.0,0.0031,-0.0315,0.1254,6528.0,6396.0,0.4423,0.0885,pykrx,,,,,,,,,data/raw/price_176750_20260421_20260819.csv,203,False,Broad evaluation pool candidate,198,False,Broad evaluation pool candidate
009190,2026-08-19,2026-08-19,2026-08-19,2026-08-19,AVOID,negative,37.29,37.29,37.29,43.12,43.12,0,43.07,-2.0,2,5.78,0.0,0.0,0.0,0.0,0,0,37.29,v2_conservative_ranker,36.45,-3.0,1,9.77,0.0,0.51,0.0,43.71,43.71,v3_stability_ranker,neutral,1690.0,-0.018,-0.0506,-0.0248,1776.0,1708.15,0.3737,0.0482,pykrx,,,,,,,,,data/raw/price_009190_20260421_20260819.csv,204,False,Broad evaluation pool candidate,176,False,Broad evaluation pool candidate
296160,2026-08-19,2026-08-19,2026-08-19,2026-08-19,AVOID,negative,37.27,37.27,37.27,39.18,39.18,0,35.43,2.26,3,3.42,0.0,0.0,0.0,0.0,0,0,37.27,v2_conservative_ranker,29.08,8.0,6,8.72,0.0,0.0,0.0,51.8,51.8,v3_stability_ranker,neutral,2605.0,-0.0458,-0.0696,-0.0746,2725.0,2733.75,1.4529,0.0285,pykrx,,,,,,,,,data/raw/price_296160_20260421_20260819.csv,205,False,Broad evaluation pool candidate,93,False,Broad evaluation pool candidate
082270,2026-08-19,2026-08-19,2026-08-19,2026-08-19,AVOID,negative,37.1,37.1,37.1,42.76,42.76,0,44.12,-2.0,2,7.02,0.0,0.0,0.0,0.0,0,0,37.1,v2_conservative_ranker,38.5,-3.0,1,8.22,0.0,2.16,0.0,42.56,42.56,v3_stability_ranker,neutral,10620.0,-0.0319,-0.1172,0.0892,11398.0,11007.0,0.645,0.0585,pykrx,,,,,,,,,data/raw/price_082270_20260421_20260819.csv,206,False,Broad evaluation pool candidate,182,False,Broad evaluation pool candidate
137400,2026-08-19,2026-08-19,2026-08-19,2026-08-19,AVOID,negative,37.09,37.09,37.09,44.66,44.66,0,43.38,-2.0,2,6.29,0.0,0.0,0.0,0.0,0,0,37.09,v2_conservative_ranker,38.97,-3.0,1,9.14,0.0,1.18,0.0,44.93,44.93,v3_stability_ranker,neutral,29850.0,-0.0083,-0.0941,0.068,31770.0,30295.0,0.6515,0.0524,pykrx,,,,,,,,,data/raw/price_137400_20260421_20260819.csv,207,False,Broad evaluation pool candidate,168,False,Broad evaluation pool candidate
131760,2026-08-19,2026-08-19,2026-08-19,2026-08-19,AVOID,negative,37.05,37.05,37.05,49.81,49.81,0,51.32,-2.0,2,10.0,0.0,4.27,0.0,0.0,0,0,37.05,v2_conservative_ranker,46.5,-3.0,1,5.0,0.0,9.23,0.0,40.27,40.27,v3_stability_ranker,neutral,1822.0,-0.0314,-0.0204,0.1247,1888.2,1757.95,0.2692,0.1027,pykrx,,,,,,,,,data/raw/price_131760_20260421_20260819.csv,208,False,Broad evaluation pool candidate,194,False,Broad evaluation pool candidate
038880,2026-08-19,2026-08-19,2026-08-19,2026-08-19,AVOID,negative,36.92,36.92,36.92,52.73,56.73,-4,52.92,-2.0,2,7.58,0.0,0.32,0.0,8.1,0,0,36.92,v2_conservative_ranker,47.58,-3.0,1,3.52,0.0,2.91,12.4,33.79,33.79,v3_stability_ranker,price_momentum,3585.0,-0.07,0.0258,-0.076,3770.0,3570.0,0.7111,0.0632,pykrx,,,,medium_attention,risk_noise_detected,,,,data/raw/price_038880_20260421_20260819.csv,209,False,Broad evaluation pool candidate,226,False,Broad evaluation pool candidate
248070,2026-08-19,2026-08-19,2026-08-19,2026-08-19,AVOID,negative,36.85,36.85,36.85,37.07,37.07,0,38.46,0.0,3,4.61,0.0,0.0,0.0,0.0,0,0,36.85,v2_conservative_ranker,29.24,2.0,6,11.24,0.0,0.0,0.0,48.48,48.48,v3_stability_ranker,neutral,13300.0,-0.0206,-0.1375,-0.0725,14428.0,14309.5,1.0476,0.0384,pykrx,,,,,,,,,data/raw/price_248070_20260421_20260819.csv,210,False,Broad evaluation pool candidate,134,False,Broad evaluation pool candidate
134790,2026-08-19,2026-08-19,2026-08-19,2026-08-19,AVOID,negative,36.83,36.83,36.83,43.02,43.02,0,40.44,-2.0,2,3.61,0.0,0.0,0.0,0.0,0,0,36.83,v2_conservative_ranker,34.51,-3.0,1,12.48,0.0,0.0,0.0,44.99,44.99,v3_stability_ranker,price_weakness,18780.0,0.0102,-0.0749,-0.0305,19984.0,19557.5,0.508,0.0301,pykrx,,,,,,,,,data/raw/price_134790_20260421_20260819.csv,211,False,Broad evaluation pool candidate,166,False,Broad evaluation pool candidate
019680,2026-08-19,2026-08-19,2026-08-19,2026-08-19,AVOID,negative,36.82,36.82,36.82,36.76,36.76,0,43.16,0.0,0,6.34,0.0,0.0,0.0,0.0,0,0,36.82,v2_conservative_ranker,38.5,-5.0,0,9.08,0.0,1.25,0.0,41.33,41.33,v3_stability_ranker,neutral,1000.0,0.0,-0.1304,0.0616,1007.2,971.15,0.0,0.0528,pykrx,,,,,,,,,data/raw/price_019680_20260421_20260819.csv,212,False,Broad evaluation pool candidate,187,False,Broad evaluation pool candidate
141080,2026-08-19,2026-08-19,2026-08-19,2026-08-19,AVOID,negative,36.54,36.54,36.54,44.17,44.17,0,45.04,-2.0,2,7.91,0.0,0.59,0.0,0.0,0,0,36.54,v2_conservative_ranker,38.5,-3.0,1,7.12,0.0,3.34,0.0,40.27,40.27,v3_stability_ranker,neutral,104400.0,-0.0067,-0.1069,0.1154,110580.0,102840.0,0.613,0.0659,pykrx,,,,,,,,,data/raw/price_141080_20260421_20260819.csv,213,False,Broad evaluation pool candidate,195,False,Broad evaluation pool candidate
065770,2026-08-19,2026-08-19,2026-08-19,2026-08-19,AVOID,negative,36.53,36.53,36.53,41.58,41.58,0,42.55,-2.0,2,6.02,0.0,0.0,0.0,0.0,0,0,36.53,v2_conservative_ranker,36.17,-3.0,1,9.47,0.0,0.83,0.0,42.81,42.81,v3_stability_ranker,neutral,1540.0,-0.0116,-0.0541,-0.0296,1592.0,1550.4,0.2484,0.0502,pykrx,,,,,,,,,data/raw/price_065770_20260421_20260819.csv,214,False,Broad evaluation pool candidate,180,False,Broad evaluation pool candidate
071050,2026-08-19,2026-08-19,2026-08-19,2026-08-19,AVOID,negative,36.41,36.41,36.41,41.74,41.74,0,35.69,3.85,3,6.13,0.0,0.0,0.0,0.0,0,0,36.41,v2_conservative_ranker,28.44,8.0,6,5.33,0.0,0.98,0.0,46.8,46.8,v3_stability_ranker,neutral,183100.0,-0.0444,-0.0757,-0.1639,195780.0,199960.0,1.7692,0.0511,pykrx,,,,,,,,,data/raw/price_071050_20260421_20260819.csv,215,False,Broad evaluation pool candidate,154,False,Broad evaluation pool candidate
001740,2026-08-19,2026-08-19,2026-08-19,2026-08-19,AVOID,negative,36.38,36.38,36.38,40.57,40.57,0,38.69,1.3,3,6.6,0.0,0.0,0.0,0.0,0,0,36.38,v2_conservative_ranker,29.53,8.0,6,4.75,0.0,1.6,0.0,46.68,46.68,v3_stability_ranker,neutral,7060.0,-0.0498,-0.1018,-0.0661,7654.0,7541.5,1.2594,0.055,pykrx,,,,low_attention,no_risk_noise,,,,data/raw/price_001740_20260421_20260819.csv,216,False,Broad evaluation pool candidate,157,False,Broad evaluation pool candidate
440110,2026-08-19,2026-08-19,2026-08-19,2026-08-19,AVOID,negative,36.2,36.2,36.2,50.84,50.84,0,50.06,-2.0,2,10.0,0.0,3.86,0.0,0.0,0,0,36.2,v2_conservative_ranker,45.0,-3.0,1,1.0,0.0,8.58,0.0,35.42,35.42,v3_stability_ranker,price_momentum,63900.0,-0.0644,0.0306,-0.1765,65140.0,62405.0,0.7678,0.0986,pykrx,,,,,,,,,data/raw/price_440110_20260421_20260819.csv,217,False,Broad evaluation pool candidate,219,False,Broad evaluation pool candidate
064350,2026-08-19,2026-08-19,2026-08-19,2026-08-19,AVOID,negative,36.09,36.09,36.09,42.75,42.75,0,41.55,0.0,2,7.34,0.0,0.12,0.0,0.0,0,0,36.09,v2_conservative_ranker,32.68,2.0,6,3.82,0.0,2.59,0.0,41.9,41.9,v3_stability_ranker,neutral,136300.0,-0.0482,-0.0361,-0.1097,144100.0,141530.0,0.9942,0.0612,pykrx,,,,,,,,,data/raw/price_064350_20260421_20260819.csv,218,False,Broad evaluation pool candidate,185,False,Broad evaluation pool candidate
397030,2026-08-19,2026-08-19,2026-08-19,2026-08-19,AVOID,negative,36.05,36.05,36.05,43.0,43.0,0,45.17,-2.0,2,8.24,0.0,0.87,0.0,0.0,0,0,36.05,v2_conservative_ranker,38.5,-3.0,1,6.7,0.0,3.79,0.0,39.4,39.4,v3_stability_ranker,neutral,26300.0,-0.0019,-0.1204,0.1191,27720.0,25854.5,0.6586,0.0687,pykrx,,,,,,,,,data/raw/price_397030_20260421_20260819.csv,219,False,Broad evaluation pool candidate,201,False,Broad evaluation pool candidate
217730,2026-08-19,2026-08-19,2026-08-19,2026-08-19,AVOID,negative,35.99,35.99,35.99,39.72,39.72,0,45.66,-2.0,2,8.54,0.0,1.12,0.0,0.0,0,0,35.99,v2_conservative_ranker,38.5,-3.0,1,2.32,0.0,4.19,0.0,34.63,34.63,v3_stability_ranker,neutral,2385.0,-0.0756,-0.1528,0.133,2670.0,2368.2,0.5323,0.0712,pykrx,,,,,,,,,data/raw/price_217730_20260421_20260819.csv,220,False,Broad evaluation pool candidate,224,False,Broad evaluation pool candidate
065650,2026-08-19,2026-08-19,2026-08-19,2026-08-19,AVOID,negative,35.8,35.8,35.8,37.0,37.0,0,39.22,0.55,3,6.97,0.0,0.0,0.0,0.0,0,0,35.8,v2_conservative_ranker,32.0,8.0,6,4.29,0.0,2.1,0.0,48.19,48.19,v3_stability_ranker,neutral,1689.0,-0.0575,-0.0094,-0.1383,1757.6,1785.45,1.111,0.0581,pykrx,,,,,,,,,data/raw/price_065650_20260421_20260819.csv,221,False,Broad evaluation pool candidate,137,False,Broad evaluation pool candidate
001040,2026-08-19,2026-08-19,2026-08-19,2026-08-19,AVOID,negative,35.75,35.75,35.75,36.47,36.47,0,35.04,2.03,3,4.32,0.0,0.0,0.0,0.0,0,0,35.75,v2_conservative_ranker,27.82,8.0,6,11.6,0.0,0.0,0.0,53.42,53.42,v3_stability_ranker,neutral,122800.0,-0.0323,-0.0957,-0.0561,132740.0,133640.0,1.4069,0.036,pykrx,,,,,,,,,data/raw/price_001040_20260421_20260819.csv,222,False,Broad evaluation pool candidate,75,False,Broad evaluation pool candidate
126880,2026-08-19,2026-08-19,2026-08-19,2026-08-19,AVOID,negative,35.59,35.59,35.59,37.38,37.38,0,39.59,-2.0,2,4.0,0.0,0.0,0.0,0.0,0,0,35.59,v2_conservative_ranker,32.5,-3.0,1,8.0,0.0,0.0,0.0,38.5,38.5,v3_stability_ranker,neutral,2610.0,-0.0404,-0.1092,-0.0404,2794.0,2682.25,0.2744,0.0333,pykrx,,,,,,,,,data/raw/price_126880_20260421_20260819.csv,223,False,Broad evaluation pool candidate,207,False,Broad evaluation pool candidate
229000,2026-08-19,2026-08-19,2026-08-19,2026-08-19,AVOID,negative,35.56,35.56,35.56,50.21,50.21,0,46.83,-2.0,2,5.27,0.0,0.0,6.0,0.0,0,0,35.56,v2_conservative_ranker,40.76,-3.0,1,6.42,0.0,0.0,9.0,36.17,36.17,v3_stability_ranker,neutral,1733.0,-0.0468,-0.0718,0.1431,1801.8,1654.65,0.4368,0.0439,pykrx,,,,,,6,2,2,data/raw/price_229000_20260421_20260819.csv,224,False,Broad evaluation pool candidate,215,False,Broad evaluation pool candidate
114190,2026-08-19,2026-08-19,2026-08-19,2026-08-19,AVOID,negative,35.48,35.48,35.48,44.06,44.06,0,44.77,-2.0,2,8.34,0.0,0.95,0.0,0.0,0,0,35.48,v2_conservative_ranker,39.19,-3.0,1,2.57,0.0,3.92,0.0,35.84,35.84,v3_stability_ranker,neutral,8650.0,-0.0453,-0.0914,0.1076,9424.0,8405.0,0.4625,0.0695,pykrx,,,,,,,,,data/raw/price_114190_20260421_20260819.csv,225,False,Broad evaluation pool candidate,217,False,Broad evaluation pool candidate
321370,2026-08-19,2026-08-19,2026-08-19,2026-08-19,AVOID,negative,35.22,35.22,35.22,86.32,86.32,0,63.14,0.0,3,10.0,11.11,9.81,0.0,0.0,0,0,35.22,v2_conservative_ranker,49.0,-9.0,4,-2.0,18.96,20.78,0.0,2.26,2.26,v3_stability_ranker,price_momentum,1558.0,0.1875,0.0104,0.1456,1389.2,1296.35,5.7118,0.0874,pykrx,,,,,,,,,data/raw/price_321370_20260421_20260819.csv,226,False,Broad evaluation pool candidate,284,False,Broad evaluation pool candidate
389680,2026-08-19,2026-08-19,2026-08-19,2026-08-19,AVOID,negative,35.02,35.02,35.02,35.79,38.79,-3,44.62,-2.0,2,7.42,0.0,0.18,0.0,0.0,2,0,35.02,v2_conservative_ranker,42.5,-3.0,1,4.73,0.0,2.69,2.0,40.54,40.54,v3_stability_ranker,neutral,1130.0,0.0153,0.0162,-0.225,1136.8,1312.4,0.2244,0.0618,unknown,유디엠텍,유디엠텍,disclosure_violation,,,,,,data/raw/price_389680_20260720_20260819.csv,227,False,Broad evaluation pool candidate,192,False,Broad evaluation pool candidate
009540,2026-08-19,2026-08-19,2026-08-19,2026-08-19,AVOID,negative,34.8,34.8,34.8,40.09,40.09,0,40.21,-2.0,2,5.41,0.0,0.0,0.0,0.0,0,0,34.8,v2_conservative_ranker,37.77,-3.0,1,10.23,0.0,0.02,0.0,45.99,45.99,v3_stability_ranker,neutral,367000.0,-0.02,-0.0779,0.0858,375900.0,377275.0,0.683,0.0451,pykrx,,,,,,,,,data/raw/price_009540_20260421_20260819.csv,228,False,Broad evaluation pool candidate,161,False,Broad evaluation pool candidate
163730,2026-08-19,2026-08-19,2026-08-19,2026-08-19,AVOID,negative,34.46,34.46,34.46,49.18,49.18,0,47.0,-2.0,2,10.0,0.0,2.54,0.0,0.0,0,0,34.46,v2_conservative_ranker,39.66,-3.0,1,5.0,0.0,6.46,0.0,36.2,36.2,v3_stability_ranker,neutral,9300.0,-0.0211,-0.0855,0.1954,9844.0,8840.5,0.6608,0.0854,pykrx,,,,,,,,,data/raw/price_163730_20260421_20260819.csv,229,False,Broad evaluation pool candidate,214,False,Broad evaluation pool candidate
000500,2026-08-19,2026-08-19,2026-08-19,2026-08-19,AVOID,negative,34.39,34.39,34.39,47.94,47.94,0,48.88,-2.0,2,10.0,0.0,4.49,0.0,0.0,0,0,34.39,v2_conservative_ranker,37.21,-3.0,1,5.0,0.0,9.58,0.0,30.62,30.62,v3_stability_ranker,price_momentum,157800.0,-0.0289,0.0038,-0.1287,163280.0,159395.0,0.3317,0.1049,pykrx,,,,,,,,,data/raw/price_000500_20260421_20260819.csv,230,False,Broad evaluation pool candidate,240,False,Broad evaluation pool candidate
216080,2026-08-19,2026-08-19,2026-08-19,2026-08-19,AVOID,negative,34.28,34.28,34.28,33.59,33.59,0,35.59,0.0,2,3.31,0.0,0.0,0.0,0.0,0,0,34.28,v2_conservative_ranker,30.0,2.0,1,12.86,0.0,0.0,0.0,45.86,45.86,v3_stability_ranker,neutral,4050.0,-0.0357,-0.1079,-0.0403,4219.0,4288.5,0.8594,0.0276,pykrx,,,,,,,,,data/raw/price_216080_20260421_20260819.csv,231,False,Broad evaluation pool candidate,163,False,Broad evaluation pool candidate
148250,2026-08-19,2026-08-19,2026-08-19,2026-08-19,AVOID,negative,34.2,34.2,34.2,30.11,33.11,-3,35.0,4.4,3,6.2,0.0,0.0,0.0,0.0,2,0,34.2,v2_conservative_ranker,26.5,5.0,6,6.24,0.0,1.07,2.0,40.67,40.67,v3_stability_ranker,neutral,1460.0,0.0224,-0.2663,-0.3209,1639.8,1865.8,1.8807,0.0517,unknown,알엔투테크놀로지,알엔투테크놀로지,disclosure_violation,,,,,,data/raw/price_148250_20260720_20260819.csv,232,False,Broad evaluation pool candidate,189,False,Broad evaluation pool candidate
309930,2026-08-19,2026-08-19,2026-08-19,2026-08-19,AVOID,negative,34.06,34.06,34.06,44.45,44.45,0,46.39,-2.0,2,10.0,0.0,2.33,0.0,0.0,0,0,34.06,v2_conservative_ranker,40.06,-3.0,1,5.0,0.0,6.13,0.0,36.93,36.93,v3_stability_ranker,neutral,937.0,-0.0074,-0.0805,0.1539,972.4,916.5,0.1338,0.0833,pykrx,,,,,,,,,data/raw/price_309930_20260421_20260819.csv,233,False,Broad evaluation pool candidate,211,False,Broad evaluation pool candidate
302430,2026-08-19,2026-08-19,2026-08-19,2026-08-19,AVOID,negative,34.04,34.04,34.04,38.68,38.68,0,40.58,-2.0,2,6.54,0.0,0.0,0.0,0.0,0,0,34.04,v2_conservative_ranker,31.93,-3.0,1,8.82,0.0,1.52,0.0,37.23,37.23,v3_stability_ranker,neutral,5130.0,-0.0039,-0.0465,-0.1078,5388.0,5141.5,0.3609,0.0545,pykrx,,,,,,,,,data/raw/price_302430_20260421_20260819.csv,234,False,Broad evaluation pool candidate,209,False,Broad evaluation pool candidate
407400,2026-08-19,2026-08-19,2026-08-19,2026-08-19,AVOID,negative,34.03,34.03,34.03,39.47,39.47,0,38.64,-2.0,2,4.61,0.0,0.0,0.0,0.0,0,0,34.03,v2_conservative_ranker,30.81,-3.0,1,11.24,0.0,0.0,0.0,40.05,40.05,v3_stability_ranker,neutral,1907.0,-0.031,-0.0832,-0.0675,2006.0,1959.85,0.5003,0.0384,pykrx,,,,,,,,,data/raw/price_407400_20260421_20260819.csv,235,False,Broad evaluation pool candidate,197,False,Broad evaluation pool candidate
348340,2026-08-19,2026-08-19,2026-08-19,2026-08-19,AVOID,negative,33.92,33.92,33.92,50.45,50.45,0,49.83,-2.0,2,8.68,0.0,1.23,6.0,0.0,0,0,33.92,v2_conservative_ranker,46.5,-3.0,1,6.15,0.0,4.37,13.5,32.79,32.79,v3_stability_ranker,neutral,20500.0,-0.0376,-0.0097,0.0513,21480.0,19556.45,0.6801,0.0723,pykrx,,,,,,9,3,3,data/raw/price_348340_20260421_20260819.csv,236,False,Broad evaluation pool candidate,230,False,Broad evaluation pool candidate
189330,2026-08-19,2026-08-19,2026-08-19,2026-08-19,AVOID,negative,33.85,33.85,33.85,68.8,68.8,0,62.61,-2.0,2,10.0,15.0,3.76,0.0,0.0,0,0,33.85,v2_conservative_ranker,43.0,-3.0,1,2.0,22.0,8.42,0.0,12.58,12.58,v3_stability_ranker,price_momentum,17490.0,0.0361,0.0361,0.9564,17030.0,12170.5,0.5315,0.0976,pykrx,,,,,,,,,data/raw/price_189330_20260421_20260819.csv,237,False,Broad evaluation pool candidate,275,False,Broad evaluation pool candidate
263750,2026-08-19,2026-08-19,2026-08-19,2026-08-19,AVOID,negative,33.56,33.56,33.56,28.63,28.63,0,34.22,1.78,3,5.44,0.0,0.0,0.0,0.0,0,0,33.56,v2_conservative_ranker,26.42,8.0,6,10.21,0.0,0.05,0.0,50.58,50.58,v3_stability_ranker,price_weakness,30700.0,0.0049,-0.168,-0.0795,31110.0,33527.5,1.3551,0.0453,pykrx,,,,,,,,,data/raw/price_263750_20260421_20260819.csv,238,False,Broad evaluation pool candidate,105,False,Broad evaluation pool candidate
488900,2026-08-19,2026-08-19,2026-08-19,2026-08-19,AVOID,negative,33.55,33.55,33.55,41.56,41.56,0,47.0,-2.0,2,10.0,0.41,3.04,0.0,0.0,0,0,33.55,v2_conservative_ranker,27.63,-3.0,1,-2.0,3.96,7.26,0.0,12.4,12.4,v3_stability_ranker,neutral,9990.0,-0.0431,-0.1425,0.3592,10904.0,9048.5,0.3014,0.0904,pykrx,,,,,,,,,data/raw/price_488900_20260421_20260819.csv,239,False,Broad evaluation pool candidate,276,False,Broad evaluation pool candidate
297570,2026-08-19,2026-08-19,2026-08-19,2026-08-19,AVOID,negative,33.43,33.43,33.43,38.68,38.68,0,39.5,-2.0,2,6.07,0.0,0.0,0.0,0.0,0,0,33.43,v2_conservative_ranker,30.9,-3.0,1,5.41,0.0,0.9,0.0,33.41,33.41,v3_stability_ranker,neutral,870.0,-0.0735,-0.045,-0.1429,919.0,864.45,0.5644,0.0506,pykrx,,,,,,,,,data/raw/price_297570_20260421_20260819.csv,240,False,Broad evaluation pool candidate,229,False,Broad evaluation pool candidate
010140,2026-08-19,2026-08-19,2026-08-19,2026-08-19,AVOID,negative,33.33,33.33,33.33,36.83,36.83,0,38.43,-2.0,2,5.1,0.0,0.0,0.0,0.0,0,0,33.33,v2_conservative_ranker,33.6,-3.0,1,10.62,0.0,0.0,0.0,42.23,42.23,v3_stability_ranker,neutral,20600.0,-0.0306,-0.055,-0.0306,21580.0,21697.5,0.685,0.0425,pykrx,,,,,,,,,data/raw/price_010140_20260421_20260819.csv,241,False,Broad evaluation pool candidate,183,False,Broad evaluation pool candidate
340810,2026-08-19,2026-08-19,2026-08-19,2026-08-19,AVOID,negative,33.32,33.32,33.32,53.71,57.71,-4,53.19,-2.0,2,4.97,6.8,0.0,0.0,8.1,0,0,33.32,v2_conservative_ranker,32.5,-3.0,1,7.79,10.0,0.0,12.4,15.89,15.89,v3_stability_ranker,neutral,3520.0,-0.0276,-0.0181,0.5011,3647.0,3160.25,0.2768,0.0414,pykrx,,,,medium_attention,risk_noise_detected,,,,data/raw/price_340810_20260421_20260819.csv,242,False,Broad evaluation pool candidate,269,False,Broad evaluation pool candidate
006490,2026-08-19,2026-08-19,2026-08-19,2026-08-19,AVOID,negative,33.26,33.26,33.26,30.19,30.19,0,39.0,0.0,0,5.74,0.0,0.0,0.0,0.0,0,0,33.26,v2_conservative_ranker,32.0,-5.0,0,9.83,0.0,0.45,0.0,36.38,36.38,v3_stability_ranker,neutral,898.0,0.0,0.0,-0.1807,898.0,925.8,0.0,0.0478,pykrx,,,,,,,,,data/raw/price_006490_20260421_20260819.csv,243,False,Broad evaluation pool candidate,213,False,Broad evaluation pool candidate
088790,2026-08-19,2026-08-19,2026-08-19,2026-08-19,AVOID,negative,33.07,33.07,33.07,32.65,32.65,0,32.93,0.0,3,2.86,0.0,0.0,0.0,0.0,0,0,33.07,v2_conservative_ranker,25.26,2.0,6,13.43,0.0,0.0,0.0,46.69,46.69,v3_stability_ranker,price_weakness,2125.0,-0.0116,-0.0938,-0.1164,2221.0,2299.5,1.0379,0.0238,pykrx,,,,,,,,,data/raw/price_088790_20260421_20260819.csv,244,False,Broad evaluation pool candidate,156,False,Broad evaluation pool candidate
027040,2026-08-19,2026-08-19,2026-08-19,2026-08-19,AVOID,negative,33.01,33.01,33.01,39.57,39.57,0,41.27,-2.0,2,7.78,0.0,0.48,0.0,0.0,0,0,33.01,v2_conservative_ranker,33.13,-3.0,1,3.28,0.0,3.17,0.0,31.24,31.24,v3_stability_ranker,neutral,1843.0,-0.0899,-0.0921,0.0077,2008.6,1879.3,0.4785,0.0648,pykrx,,,,,,,,,data/raw/price_027040_20260421_20260819.csv,245,False,Broad evaluation pool candidate,236,False,Broad evaluation pool candidate
276730,2026-08-19,2026-08-19,2026-08-19,2026-08-19,AVOID,negative,32.6,32.6,32.6,28.67,28.67,0,39.0,0.0,0,6.4,0.0,0.0,0.0,0.0,0,0,32.6,v2_conservative_ranker,32.0,-5.0,0,9.0,0.0,1.33,0.0,34.68,34.68,v3_stability_ranker,neutral,11470.0,0.0,0.0,-0.3563,11470.0,12006.5,0.0,0.0533,pykrx,,,,,,,,,data/raw/price_276730_20260421_20260819.csv,246,False,Broad evaluation pool candidate,223,False,Broad evaluation pool candidate
005940,2026-08-19,2026-08-19,2026-08-19,2026-08-19,AVOID,negative,32.48,32.48,32.48,33.35,33.35,0,32.65,0.86,3,4.02,0.0,0.0,0.0,0.0,0,0,32.48,v2_conservative_ranker,25.91,8.0,6,7.97,0.0,0.0,0.0,47.89,47.89,v3_stability_ranker,price_weakness,26050.0,-0.0527,-0.0811,-0.1244,27840.0,28075.0,1.1712,0.0335,pykrx,,,,,,,,,data/raw/price_005940_20260421_20260819.csv,247,False,Broad evaluation pool candidate,142,False,Broad evaluation pool candidate
166090,2026-08-19,2026-08-19,2026-08-19,2026-08-19,AVOID,negative,32.41,32.41,32.41,38.59,38.59,0,42.38,-2.0,2,8.71,0.0,1.26,0.0,0.0,0,0,32.41,v2_conservative_ranker,38.5,-3.0,1,6.11,0.0,4.42,0.0,38.19,38.19,v3_stability_ranker,neutral,55400.0,-0.0195,-0.1248,0.0394,58720.0,54942.5,0.7272,0.0726,pykrx,,,,,,,,,data/raw/price_166090_20260421_20260819.csv,248,False,Broad evaluation pool candidate,208,False,Broad evaluation pool candidate
069920,2026-08-19,2026-08-19,2026-08-19,2026-08-19,AVOID,negative,32.35,32.35,32.35,71.0,75.0,-4,55.0,0.0,3,10.0,1.93,8.32,0.0,5.4,0,0,32.35,v2_conservative_ranker,33.91,-3.24,4,1.0,11.73,22.65,8.2,0.0,0.0,v3_stability_ranker,price_momentum,1115.0,0.067,0.2041,-0.304,910.0,1070.9,3.5556,0.136,pykrx,,,,medium_attention,risk_noise_detected,,,,data/raw/price_069920_20260421_20260819.csv,249,False,Broad evaluation pool candidate,288,False,Broad evaluation pool candidate
073190,2026-08-19,2026-08-19,2026-08-19,2026-08-19,AVOID,negative,32.15,32.15,32.15,65.93,65.93,0,60.69,-2.0,2,10.0,15.0,3.54,0.0,0.0,0,0,32.15,v2_conservative_ranker,43.0,-3.0,1,2.0,22.0,8.06,0.0,12.94,12.94,v3_stability_ranker,price_momentum,1622.0,-0.0152,0.0169,1.3576,1605.6,1258.55,0.373,0.0954,unknown,듀오백,듀오백,major_shareholder_change,,,,,,data/raw/price_073190_20260720_20260819.csv,250,False,Broad evaluation pool candidate,274,False,Broad evaluation pool candidate
347700,2026-08-19,2026-08-19,2026-08-19,2026-08-19,AVOID,negative,32.09,32.09,32.09,55.19,55.19,0,54.01,-2.0,2,10.0,8.62,3.3,0.0,0.0,0,0,32.09,v2_conservative_ranker,33.4,-3.0,1,2.0,17.26,7.68,0.0,8.46,8.46,v3_stability_ranker,neutral,25100.0,-0.0252,-0.0099,0.4229,25970.0,20258.0,0.3631,0.093,pykrx,,,,,,,,,data/raw/price_347700_20260421_20260819.csv,251,False,Broad evaluation pool candidate,281,False,Broad evaluation pool candidate
001420,2026-08-19,2026-08-19,2026-08-19,2026-08-19,AVOID,negative,31.93,31.93,31.93,29.55,29.55,0,35.0,2.73,3,8.08,0.0,0.73,0.0,0.0,0,0,31.93,v2_conservative_ranker,26.5,8.0,6,3.9,0.0,3.57,0.0,40.84,40.84,v3_stability_ranker,neutral,2100.0,0.0,-0.2473,-0.258,2278.0,2576.25,1.5466,0.0673,pykrx,,,,,,,,,data/raw/price_001420_20260421_20260819.csv,252,False,Broad evaluation pool candidate,188,False,Broad evaluation pool candidate
402490,2026-08-19,2026-08-19,2026-08-19,2026-08-19,AVOID,negative,31.69,31.69,31.69,41.56,41.56,0,41.89,-2.0,2,8.83,0.0,1.36,0.0,0.0,0,0,31.69,v2_conservative_ranker,39.88,-3.0,1,5.96,0.0,4.58,0.0,39.27,39.27,v3_stability_ranker,neutral,6880.0,-0.0351,-0.0827,0.0253,7408.0,6801.5,0.6534,0.0736,pykrx,,,,,,,,,data/raw/price_402490_20260421_20260819.csv,253,False,Broad evaluation pool candidate,204,False,Broad evaluation pool candidate
224060,2026-08-19,2026-08-19,2026-08-19,2026-08-19,AVOID,negative,31.26,31.26,31.26,23.15,23.15,0,31.0,1.16,3,3.9,0.0,0.0,0.0,0.0,0,0,31.26,v2_conservative_ranker,24.0,8.0,6,5.12,0.0,0.0,0.0,43.12,43.12,v3_stability_ranker,price_weakness,3090.0,-0.0433,-0.158,-0.2797,3329.0,3523.0,1.2327,0.0325,pykrx,,,,,,,,,data/raw/price_224060_20260421_20260819.csv,254,False,Broad evaluation pool candidate,178,False,Broad evaluation pool candidate
064800,2026-08-19,2026-08-19,2026-08-19,2026-08-19,AVOID,negative,31.13,31.13,31.13,106.27,106.27,0,71.0,0.0,3,5.68,23.19,8.0,6.0,0.0,0,0,31.13,v2_conservative_ranker,29.92,-9.0,4,2.9,41.45,22.37,14.0,0.0,0.0,v3_stability_ranker,price_momentum,2725.0,0.1695,0.2824,0.349,2291.0,2077.15,7.9644,0.0473,pykrx,,,,,,10,4,3,data/raw/price_064800_20260421_20260819.csv,255,False,Broad evaluation pool candidate,289,False,Broad evaluation pool candidate
234300,2026-08-19,2026-08-19,2026-08-19,2026-08-19,AVOID,negative,31.05,31.05,31.05,28.18,28.18,0,34.06,0.0,2,5.02,0.0,0.0,0.0,0.0,0,0,31.05,v2_conservative_ranker,26.22,2.0,6,10.73,0.0,0.0,0.0,44.95,44.95,v3_stability_ranker,price_weakness,2620.0,-0.035,-0.131,-0.0839,2754.0,2798.75,0.943,0.0418,pykrx,,,,,,,,,data/raw/price_234300_20260421_20260819.csv,256,False,Broad evaluation pool candidate,167,False,Broad evaluation pool candidate
187870,2026-08-19,2026-08-19,2026-08-19,2026-08-19,AVOID,negative,31.01,31.01,31.01,38.49,38.49,0,38.2,0.0,3,8.83,0.0,1.36,0.0,0.0,0,0,31.01,v2_conservative_ranker,30.38,2.0,6,1.96,0.0,4.58,0.0,35.76,35.76,v3_stability_ranker,neutral,11500.0,-0.0535,-0.0815,-0.08,12508.0,11710.5,1.0008,0.0736,pykrx,,,,,,,,,data/raw/price_187870_20260421_20260819.csv,257,False,Broad evaluation pool candidate,218,False,Broad evaluation pool candidate
199800,2026-08-19,2026-08-19,2026-08-19,2026-08-19,AVOID,negative,30.97,30.97,30.97,29.98,29.98,0,37.89,-2.0,2,6.92,0.0,0.0,0.0,0.0,0,0,30.97,v2_conservative_ranker,36.0,-3.0,1,8.35,0.0,2.03,0.0,40.31,40.31,v3_stability_ranker,neutral,36500.0,-0.0267,-0.1299,0.0255,38140.0,39115.95,0.5767,0.0577,pykrx,,,,,,,,,data/raw/price_199800_20260421_20260819.csv,258,False,Broad evaluation pool candidate,193,False,Broad evaluation pool candidate
228670,2026-08-19,2026-08-19,2026-08-19,2026-08-19,AVOID,negative,30.92,30.92,30.92,39.68,39.68,0,43.64,-2.0,2,10.0,0.0,2.72,0.0,0.0,0,0,30.92,v2_conservative_ranker,38.76,-3.0,1,5.0,0.0,6.75,0.0,35.01,35.01,v3_stability_ranker,neutral,4995.0,-0.0394,-0.0967,0.0753,5225.0,5140.75,0.2643,0.0872,pykrx,,,,,,,,,data/raw/price_228670_20260421_20260819.csv,259,False,Broad evaluation pool candidate,221,False,Broad evaluation pool candidate
348370,2026-08-19,2026-08-19,2026-08-19,2026-08-19,AVOID,negative,30.4,30.4,30.4,37.11,37.11,0,43.8,-2.0,2,10.0,0.0,3.4,0.0,0.0,0,0,30.4,v2_conservative_ranker,38.5,-3.0,1,5.0,0.0,7.84,0.0,33.66,33.66,v3_stability_ranker,neutral,21350.0,-0.0251,-0.1644,0.0799,23130.0,20690.0,0.6859,0.094,pykrx,,,,,,,,,data/raw/price_348370_20260421_20260819.csv,260,False,Broad evaluation pool candidate,227,False,Broad evaluation pool candidate
131100,2026-08-19,2026-08-19,2026-08-19,2026-08-19,AVOID,negative,30.06,30.06,30.06,27.21,27.21,0,39.0,0.0,0,8.15,0.0,0.79,0.0,0.0,0,0,30.06,v2_conservative_ranker,32.0,-5.0,0,6.81,0.0,3.66,0.0,30.15,30.15,v3_stability_ranker,neutral,450.0,0.0,0.0,-0.396,450.0,494.4,0.0,0.0679,pykrx,,,,,,,,,data/raw/price_131100_20260421_20260819.csv,261,False,Broad evaluation pool candidate,241,False,Broad evaluation pool candidate
187660,2026-08-19,2026-08-19,2026-08-19,2026-08-19,AVOID,negative,29.87,29.87,29.87,32.0,32.0,0,38.18,0.0,2,8.89,0.0,1.41,0.0,0.0,0,0,29.87,v2_conservative_ranker,28.87,2.0,1,1.88,0.0,4.66,0.0,29.1,29.1,v3_stability_ranker,price_weakness,3815.0,-0.0661,-0.1349,-0.0807,4300.0,4211.75,0.823,0.0741,pykrx,,,,,,,,,data/raw/price_187660_20260421_20260819.csv,262,False,Broad evaluation pool candidate,246,False,Broad evaluation pool candidate
215380,2026-08-19,2026-08-19,2026-08-19,2026-08-19,AVOID,negative,29.76,29.76,29.76,29.38,29.38,0,31.87,0.0,2,4.12,0.0,0.0,0.0,0.0,0,0,29.76,v2_conservative_ranker,25.05,2.0,1,11.86,0.0,0.0,0.0,39.9,39.9,v3_stability_ranker,price_weakness,2155.0,-0.0379,-0.0869,-0.1465,2292.0,2353.25,0.8042,0.0343,pykrx,,,,,,,,,data/raw/price_215380_20260421_20260819.csv,263,False,Broad evaluation pool candidate,200,False,Broad evaluation pool candidate
025980,2026-08-19,2026-08-19,2026-08-19,2026-08-19,AVOID,negative,29.45,29.45,29.45,105.19,105.19,0,71.0,0.0,3,6.97,29.58,8.0,0.0,0.0,0,0,29.45,v2_conservative_ranker,25.0,-9.0,4,1.29,46.59,24.1,0.0,0.0,0.0,v3_stability_ranker,price_momentum,5350.0,0.1889,0.3325,0.4518,4336.0,3861.75,11.9942,0.0581,pykrx,,,,,,,,,data/raw/price_025980_20260421_20260819.csv,264,False,Broad evaluation pool candidate,290,False,Broad evaluation pool candidate
089230,2026-08-19,2026-08-19,2026-08-19,2026-08-19,AVOID,negative,29.32,29.32,29.32,76.26,80.26,-4,58.51,0.0,3,8.7,12.64,6.15,0.0,4.7,0,0,29.32,v2_conservative_ranker,35.0,-6.52,4,-0.88,23.99,17.35,7.2,0.0,0.0,v3_stability_ranker,price_momentum,2030.0,0.0684,-0.0049,0.5138,2012.0,1640.0,4.7273,0.0725,pykrx,,,,low_attention,risk_noise_detected,,,,data/raw/price_089230_20260421_20260819.csv,265,False,Broad evaluation pool candidate,291,False,Broad evaluation pool candidate
272110,2026-08-19,2026-08-19,2026-08-19,2026-08-19,AVOID,negative,29.24,29.24,29.24,30.79,30.79,0,38.6,0.0,2,9.47,0.0,1.89,0.0,0.0,0,0,29.24,v2_conservative_ranker,29.41,2.0,1,5.17,0.0,5.42,0.0,32.15,32.15,v3_stability_ranker,neutral,25100.0,-0.0328,-0.1743,-0.0686,27210.0,26495.0,0.851,0.0789,pykrx,,,,,,,,,data/raw/price_272110_20260421_20260819.csv,266,False,Broad evaluation pool candidate,233,False,Broad evaluation pool candidate
142760,2026-08-19,2026-08-19,2026-08-19,2026-08-19,AVOID,negative,28.72,28.72,28.72,29.64,33.64,-4,42.57,0.0,0,8.27,0.0,0.89,0.0,4.7,0,0,28.72,v2_conservative_ranker,34.88,-5.0,0,6.66,0.0,3.82,7.2,25.52,25.52,v3_stability_ranker,neutral,349.0,0.0,0.0,-0.0693,349.0,374.1,0.0,0.0689,pykrx,,,,low_attention,risk_noise_detected,,,,data/raw/price_142760_20260421_20260819.csv,267,False,Broad evaluation pool candidate,255,False,Broad evaluation pool candidate
010780,2026-08-19,2026-08-19,2026-08-19,2026-08-19,AVOID,negative,28.71,28.71,28.71,40.84,40.84,0,35.0,0.0,3,5.29,0.0,4.0,0.0,0.0,0,0,28.71,v2_conservative_ranker,26.5,-4.14,4,3.38,0.0,0.0,0.0,29.74,29.74,v3_stability_ranker,neutral,14540.0,-0.0757,-0.2559,-0.1949,16908.0,18182.5,3.8787,0.0441,pykrx,,,,,,,,,data/raw/price_010780_20260421_20260819.csv,268,False,Broad evaluation pool candidate,242,False,Broad evaluation pool candidate
060230,2026-08-19,2026-08-19,2026-08-19,2026-08-19,AVOID,negative,28.64,28.64,28.64,31.39,31.39,0,38.28,-2.0,2,8.53,0.0,1.11,0.0,0.0,0,0,28.64,v2_conservative_ranker,31.59,-3.0,1,2.34,0.0,4.18,0.0,27.75,27.75,v3_stability_ranker,neutral,1310.0,-0.0403,-0.0459,-0.0609,1373.2,1426.7,0.3552,0.0711,pykrx,,,,,,,,,data/raw/price_060230_20260421_20260819.csv,269,False,Broad evaluation pool candidate,250,False,Broad evaluation pool candidate
058730,2026-08-19,2026-08-19,2026-08-19,2026-08-19,AVOID,negative,28.58,28.58,28.58,29.75,29.75,0,35.19,-2.0,2,6.61,0.0,0.0,0.0,0.0,0,0,28.58,v2_conservative_ranker,28.25,-3.0,1,4.73,0.0,1.62,0.0,29.37,29.37,v3_stability_ranker,neutral,3365.0,-0.0521,-0.0781,-0.2264,3614.0,3432.5,0.1786,0.0551,pykrx,,,,,,,,,data/raw/price_058730_20260421_20260819.csv,270,False,Broad evaluation pool candidate,245,False,Broad evaluation pool candidate
115160,2026-08-19,2026-08-19,2026-08-19,2026-08-19,AVOID,negative,28.48,28.48,28.48,29.17,29.17,0,31.42,0.0,2,4.94,0.0,0.0,0.0,0.0,0,0,28.48,v2_conservative_ranker,25.41,2.0,6,6.82,0.0,0.0,0.0,40.23,40.23,v3_stability_ranker,neutral,5120.0,-0.0623,-0.0824,-0.1593,5464.0,5599.0,0.9161,0.0412,pykrx,,,,,,,,,data/raw/price_115160_20260421_20260819.csv,271,False,Broad evaluation pool candidate,196,False,Broad evaluation pool candidate
263800,2026-08-19,2026-08-19,2026-08-19,2026-08-19,AVOID,negative,28.15,28.15,28.15,29.99,29.99,0,36.36,-2.0,2,7.75,0.0,0.46,0.0,0.0,0,0,28.15,v2_conservative_ranker,26.54,-3.0,1,3.31,0.0,3.14,0.0,24.71,24.71,v3_stability_ranker,neutral,5240.0,-0.0473,-0.1058,-0.1325,5620.0,5303.5,0.2751,0.0646,pykrx,,,,,,,,,data/raw/price_263800_20260421_20260819.csv,272,False,Broad evaluation pool candidate,259,False,Broad evaluation pool candidate
060900,2026-08-19,2026-08-19,2026-08-19,2026-08-19,AVOID,negative,28.12,28.12,28.12,23.53,23.53,0,33.16,-2.0,2,5.04,0.0,0.0,0.0,0.0,0,0,28.12,v2_conservative_ranker,25.06,-3.0,1,7.7,0.0,0.0,0.0,30.76,30.76,v3_stability_ranker,price_weakness,3735.0,0.0122,-0.1354,-0.1097,3950.0,4214.25,0.4598,0.042,pykrx,,,,,,,,,data/raw/price_060900_20260421_20260819.csv,273,False,Broad evaluation pool candidate,237,False,Broad evaluation pool candidate
028080,2026-08-19,2026-08-19,2026-08-19,2026-08-19,AVOID,negative,27.86,27.86,27.86,25.48,25.48,0,32.76,-2.0,2,4.9,0.0,0.0,0.0,0.0,0,0,27.86,v2_conservative_ranker,27.01,-3.0,1,3.88,0.0,0.0,0.0,28.89,28.89,v3_stability_ranker,price_weakness,4280.0,-0.0446,-0.0624,-0.2218,4556.0,4859.0,0.2995,0.0408,pykrx,,,,,,,,,data/raw/price_028080_20260421_20260819.csv,274,False,Broad evaluation pool candidate,248,False,Broad evaluation pool candidate
033540,2026-08-19,2026-08-19,2026-08-19,2026-08-19,AVOID,negative,27.66,27.66,27.66,40.12,44.12,-4,35.55,3.0,3,2.5,0.0,4.0,0.0,7.4,0,0,27.66,v2_conservative_ranker,26.5,-0.31,4,10.88,0.0,0.0,11.4,29.67,29.67,v3_stability_ranker,price_weakness,3420.0,-0.0144,-0.1309,-0.1556,3669.0,3871.25,2.5114,0.0208,pykrx,,,,medium_attention,risk_noise_detected,,,,data/raw/price_033540_20260421_20260819.csv,275,False,Broad evaluation pool candidate,244,False,Broad evaluation pool candidate
900120,2026-08-19,2026-08-19,2026-08-19,2026-08-19,AVOID,negative,27.61,27.61,27.61,29.6,29.6,0,36.26,-2.0,2,7.99,0.0,0.66,0.0,0.0,0,0,27.61,v2_conservative_ranker,32.0,-3.0,1,7.01,0.0,3.46,0.0,33.55,33.55,v3_stability_ranker,neutral,923.0,0.0087,-0.0274,-0.1788,941.6,946.15,0.6574,0.0666,pykrx,,,,,,,,,data/raw/price_900120_20260421_20260819.csv,276,False,Broad evaluation pool candidate,228,False,Broad evaluation pool candidate
223310,2026-08-19,2026-08-19,2026-08-19,2026-08-19,AVOID,negative,26.78,26.78,26.78,19.33,19.33,0,31.0,0.0,3,7.21,0.0,0.01,0.0,0.0,0,0,26.78,v2_conservative_ranker,24.0,8.0,6,4.98,0.0,2.42,0.0,40.57,40.57,v3_stability_ranker,neutral,2820.0,-0.0191,-0.2941,-0.2751,3264.0,3827.75,1.0573,0.0601,pykrx,,,,,,,,,data/raw/price_223310_20260421_20260819.csv,277,False,Broad evaluation pool candidate,191,False,Broad evaluation pool candidate
062970,2026-08-19,2026-08-19,2026-08-19,2026-08-19,AVOID,negative,26.5,26.5,26.5,29.74,33.74,-4,40.1,0.0,2,9.22,0.0,1.68,0.0,4.7,0,0,26.5,v2_conservative_ranker,32.5,2.0,6,1.48,0.0,5.09,7.2,29.69,29.69,v3_stability_ranker,price_weakness,2265.0,-0.0922,-0.2646,-0.0258,2652.0,2513.75,0.9516,0.0768,pykrx,,,,low_attention,risk_noise_detected,,,,data/raw/price_062970_20260421_20260819.csv,278,False,Broad evaluation pool candidate,243,False,Broad evaluation pool candidate
092040,2026-08-19,2026-08-19,2026-08-19,2026-08-19,AVOID,negative,25.74,25.74,25.74,25.3,25.3,0,31.61,-2.0,2,5.87,0.0,0.0,0.0,0.0,0,0,25.74,v2_conservative_ranker,24.0,-3.0,1,6.67,0.0,0.62,0.0,28.04,28.04,v3_stability_ranker,price_weakness,972.0,-0.027,-0.1066,-0.154,1014.4,1090.95,0.7583,0.0489,pykrx,,,,,,,,,data/raw/price_092040_20260421_20260819.csv,279,False,Broad evaluation pool candidate,249,False,Broad evaluation pool candidate
354200,2026-08-19,2026-08-19,2026-08-19,2026-08-19,AVOID,negative,25.48,25.48,25.48,30.27,30.27,0,41.48,-2.0,2,10.0,0.0,6.0,0.0,0.0,0,0,25.48,v2_conservative_ranker,32.5,-3.0,1,5.0,0.0,10.0,0.0,25.5,25.5,v3_stability_ranker,neutral,1850.0,-0.04,-0.1868,0.0137,1972.0,1928.8,0.0983,0.1336,pykrx,,,,,,,,,data/raw/price_354200_20260421_20260819.csv,280,False,Broad evaluation pool candidate,256,False,Broad evaluation pool candidate
210980,2026-08-19,2026-08-19,2026-08-19,2026-08-19,AVOID,negative,25.38,25.38,25.38,29.64,29.64,0,39.98,-2.0,2,10.0,0.0,4.6,0.0,0.0,0,0,25.38,v2_conservative_ranker,32.0,-3.0,1,5.0,0.0,9.76,0.0,25.24,25.24,v3_stability_ranker,neutral,4855.0,0.0104,-0.0031,-0.1346,4820.0,4961.75,0.1127,0.106,pykrx,,,,,,,,,data/raw/price_210980_20260421_20260819.csv,281,False,Broad evaluation pool candidate,257,False,Broad evaluation pool candidate
290560,2026-08-19,2026-08-19,2026-08-19,2026-08-19,AVOID,negative,24.32,24.32,24.32,29.47,29.47,0,36.74,-2.0,2,10.0,0.0,2.42,0.0,0.0,0,0,24.32,v2_conservative_ranker,27.02,-3.0,1,5.0,0.0,6.27,0.0,23.75,23.75,v3_stability_ranker,neutral,989.0,-0.003,-0.1066,-0.1217,1028.2,980.85,0.3692,0.0842,pykrx,,,,,,,,,data/raw/price_290560_20260421_20260819.csv,282,False,Broad evaluation pool candidate,261,False,Broad evaluation pool candidate
004710,2026-08-19,2026-08-19,2026-08-19,2026-08-19,AVOID,negative,24.21,24.21,24.21,31.89,31.89,0,36.77,-2.0,2,10.0,0.0,2.56,0.0,0.0,0,0,24.21,v2_conservative_ranker,29.52,-3.0,1,5.0,0.0,6.5,0.0,26.02,26.02,v3_stability_ranker,neutral,7370.0,-0.0341,-0.0623,-0.198,7822.0,7423.0,0.6693,0.0856,pykrx,,,,,,,,,data/raw/price_004710_20260421_20260819.csv,283,False,Broad evaluation pool candidate,253,False,Broad evaluation pool candidate
079950,2026-08-19,2026-08-19,2026-08-19,2026-08-19,AVOID,negative,23.33,23.33,23.33,27.29,27.29,0,36.44,-2.0,2,10.0,0.0,3.11,0.0,0.0,0,0,23.33,v2_conservative_ranker,29.91,-3.0,1,2.0,0.0,7.38,0.0,22.53,22.53,v3_stability_ranker,price_weakness,987.0,0.0071,-0.06,-0.0732,995.8,1164.15,0.1583,0.0911,pykrx,,,,,,,,,data/raw/price_079950_20260421_20260819.csv,284,False,Broad evaluation pool candidate,262,False,Broad evaluation pool candidate
065420,2026-08-19,2026-08-19,2026-08-19,2026-08-19,AVOID,negative,23.0,23.0,23.0,26.0,26.0,0,39.0,0.0,0,10.0,0.0,6.0,0.0,0.0,0,0,23.0,v2_conservative_ranker,32.0,-5.0,0,2.0,0.0,10.0,0.0,19.0,19.0,v3_stability_ranker,neutral,94.0,0.0,0.0,-0.2598,94.0,108.95,0.0,0.1321,pykrx,,,,,,,,,data/raw/price_065420_20260421_20260819.csv,285,False,Broad evaluation pool candidate,266,False,Broad evaluation pool candidate
078590,2026-08-19,2026-08-19,2026-08-19,2026-08-19,AVOID,negative,23.0,23.0,23.0,40.91,40.91,0,47.0,-2.0,2,10.0,8.0,6.0,0.0,0.0,0,0,23.0,v2_conservative_ranker,24.5,-3.0,1,1.0,10.0,10.0,0.0,3.5,3.5,v3_stability_ranker,neutral,3065.0,-0.0569,-0.1378,0.5379,3316.0,3185.75,0.1153,0.138,pykrx,,,,,,,,,data/raw/price_078590_20260421_20260819.csv,286,False,Broad evaluation pool candidate,283,False,Broad evaluation pool candidate
196450,2026-08-19,2026-08-19,2026-08-19,2026-08-19,AVOID,negative,22.7,22.7,22.7,18.42,22.42,-4,32.64,0.0,2,7.22,0.0,0.02,0.0,4.7,0,0,22.7,v2_conservative_ranker,24.39,2.0,6,4.97,0.0,2.43,7.2,27.73,27.73,v3_stability_ranker,price_weakness,780.0,0.0013,-0.1702,-0.1246,836.6,887.9,0.9452,0.0602,pykrx,,,,low_attention,risk_noise_detected,,,,data/raw/price_196450_20260421_20260819.csv,287,False,Broad evaluation pool candidate,251,False,Broad evaluation pool candidate
950160,2026-08-19,2026-08-19,2026-08-19,2026-08-19,AVOID,negative,22.0,22.0,22.0,59.34,59.34,0,55.0,-2.0,2,10.0,17.0,6.0,0.0,0.0,0,0,22.0,v2_conservative_ranker,27.0,-3.0,1,-2.0,26.0,10.0,0.0,0.0,0.0,v3_stability_ranker,price_momentum,25900.0,-0.0616,0.3201,-0.3963,25800.0,19324.5,0.3894,0.1514,pykrx,,,,,,,,,data/raw/price_950160_20260421_20260819.csv,288,False,Broad evaluation pool candidate,292,False,Broad evaluation pool candidate
226330,2026-08-19,2026-08-19,2026-08-19,2026-08-19,AVOID,negative,20.81,20.81,20.81,32.48,35.48,-3,35.0,3.0,3,10.0,0.0,8.19,0.0,0.0,2,0,20.81,v2_conservative_ranker,26.5,-0.97,4,-2.0,0.0,9.1,2.0,16.43,16.43,v3_stability_ranker,neutral,1050.0,-0.0716,-0.3312,-0.2527,1367.8,1484.85,2.7462,0.1019,unknown,신테카바이오,신테카바이오,convertible_bond,,,,,,data/raw/price_226330_20260720_20260819.csv,289,False,Broad evaluation pool candidate,268,False,Broad evaluation pool candidate
247660,2026-08-19,2026-08-19,2026-08-19,2026-08-19,AVOID,negative,15.84,15.84,15.84,17.14,17.14,0,31.0,-2.0,2,10.0,0.0,5.16,0.0,0.0,0,0,15.84,v2_conservative_ranker,24.0,-3.0,1,2.0,0.0,10.0,0.0,14.0,14.0,v3_stability_ranker,price_weakness,2300.0,-0.0254,-0.1068,-0.1771,2453.0,2713.5,0.1119,0.1116,pykrx,,,,,,,,,data/raw/price_247660_20260421_20260819.csv,290,False,Broad evaluation pool candidate,273,False,Broad evaluation pool candidate
208640,2026-08-19,2026-08-19,2026-08-19,2026-08-19,AVOID,negative,15.0,15.0,15.0,11.54,11.54,0,31.0,-2.0,2,10.0,0.0,6.0,0.0,0.0,0,0,15.0,v2_conservative_ranker,24.0,-3.0,1,-2.0,0.0,10.0,0.0,10.0,10.0,v3_stability_ranker,price_weakness,738.0,-0.0587,-0.1773,-0.399,796.4,1005.85,0.0895,0.1222,pykrx,,,,,,,,,data/raw/price_208640_20260421_20260819.csv,291,False,Broad evaluation pool candidate,280,False,Broad evaluation pool candidate
418620,2026-08-19,2026-08-19,2026-08-19,2026-08-19,AVOID,negative,12.21,12.21,12.21,12.66,16.66,-4,31.0,0.0,2,10.0,0.0,5.39,0.0,5.4,0,0,12.21,v2_conservative_ranker,24.0,2.0,6,2.0,0.0,10.0,8.2,15.8,15.8,v3_stability_ranker,neutral,534.0,0.0152,-0.4047,-0.2216,579.4,691.5,0.9439,0.1139,pykrx,,,,medium_attention,risk_noise_detected,,,,data/raw/price_418620_20260421_20260819.csv,292,False,Broad evaluation pool candidate,270,False,Broad evaluation pool candidate
223220,2026-08-19,2026-08-19,2026-08-19,2026-08-19,AVOID,negative,8.02,8.02,8.02,12.27,12.27,0,31.0,-2.0,2,10.0,8.0,4.98,0.0,0.0,0,0,8.02,v2_conservative_ranker,24.0,-3.0,1,-2.0,12.0,10.0,0.0,0.0,0.0,v3_stability_ranker,neutral,185.0,0.142,-0.2292,-0.3248,186.2,251.95,0.212,0.1098,pykrx,,,,,,,,,data/raw/price_223220_20260421_20260819.csv,293,False,Broad evaluation pool candidate,293,False,Broad evaluation pool candidate
