event_date,stock_code,corp_name,event_type,report_nm,prediction_direction,event_score,news_count,news_sentiment_score,news_attention_score,negative_keyword_count,next_open_return,next_close_return,prediction_result,error_category,detailed_error_reason,learning_point,next_rule_adjustment,confidence_adjustment
20260914.0,079190,케스피온,major_shareholder_change,최대주주변경              ,volatile,10,5,-3,5,7,0.0204,-0.095,success,volatility_signal_confirmed,"The prediction direction `volatile` was consistent with the actual next close return of -9.50%. The event type was `major_shareholder_change`, event score was 10.00, news sentiment score was -3.00, and news attention score was 5.00.",This event pattern can be treated as a useful reference case for future predictions.,Maintain current rule weight for this pattern and use it as a positive reference sample.,increase
20260914.0,079190,케스피온,major_shareholder_change,최대주주변경              ,volatile,10,5,-3,5,7,0.0204,-0.095,success,volatility_signal_confirmed,"The prediction direction `volatile` was consistent with the actual next close return of -9.50%. The event type was `major_shareholder_change`, event score was 10.00, news sentiment score was -3.00, and news attention score was 5.00.",This event pattern can be treated as a useful reference case for future predictions.,Maintain current rule weight for this pattern and use it as a positive reference sample.,increase
20260914.0,079190,케스피온,major_shareholder_change,최대주주변경              ,volatile,10,5,-3,5,7,0.0204,-0.095,success,volatility_signal_confirmed,"The prediction direction `volatile` was consistent with the actual next close return of -9.50%. The event type was `major_shareholder_change`, event score was 10.00, news sentiment score was -3.00, and news attention score was 5.00.",This event pattern can be treated as a useful reference case for future predictions.,Maintain current rule weight for this pattern and use it as a positive reference sample.,increase
20260914.0,079190,케스피온,major_shareholder_change,최대주주변경              ,volatile,10,5,-3,5,7,0.0204,-0.095,success,volatility_signal_confirmed,"The prediction direction `volatile` was consistent with the actual next close return of -9.50%. The event type was `major_shareholder_change`, event score was 10.00, news sentiment score was -3.00, and news attention score was 5.00.",This event pattern can be treated as a useful reference case for future predictions.,Maintain current rule weight for this pattern and use it as a positive reference sample.,increase
20260914.0,079190,케스피온,major_shareholder_change,최대주주변경              ,volatile,10,5,-3,5,7,0.0204,-0.095,success,volatility_signal_confirmed,"The prediction direction `volatile` was consistent with the actual next close return of -9.50%. The event type was `major_shareholder_change`, event score was 10.00, news sentiment score was -3.00, and news attention score was 5.00.",This event pattern can be treated as a useful reference case for future predictions.,Maintain current rule weight for this pattern and use it as a positive reference sample.,increase
20260914.0,079190,케스피온,major_shareholder_change,최대주주변경              ,volatile,10,5,-3,5,7,0.0204,-0.095,success,volatility_signal_confirmed,"The prediction direction `volatile` was consistent with the actual next close return of -9.50%. The event type was `major_shareholder_change`, event score was 10.00, news sentiment score was -3.00, and news attention score was 5.00.",This event pattern can be treated as a useful reference case for future predictions.,Maintain current rule weight for this pattern and use it as a positive reference sample.,increase
20260914.0,331920,셀레믹스,paid_in_capital_increase,[기재정정]주요사항보고서(유상증자결정),negative,-70,5,0,5,5,-0.0015,-0.0092,success,negative_signal_confirmed,"The prediction direction `negative` was consistent with the actual next close return of -0.92%. The event type was `paid_in_capital_increase`, event score was -70.00, news sentiment score was 0.00, and news attention score was 5.00.",This event pattern can be treated as a useful reference case for future predictions.,Maintain current rule weight for this pattern and use it as a positive reference sample.,increase
20260914.0,340810,시선AI,convertible_bond,[기재정정]자기전환사채매도결정              (4회차),negative,-60,5,6,5,0,0.0103,0.016,failure,negative_signal_reversed,"The prediction direction was `negative`, but the actual next close return was 1.60%. The event type was `convertible_bond` with event score -60.00. The disclosure title was `[기재정정]자기전환사채매도결정              (4회차)`.",Some negative events can rebound if the market interprets them as already priced in or less severe than expected.,Reduce negative confidence when negative events show positive actual returns repeatedly.,slightly_decrease
20260914.0,032790,엠젠솔루션,lawsuit,소송등의제기ㆍ신청(일정금액이상의청구)              ,negative,-75,5,0,5,5,-0.0614,-0.1142,success,negative_signal_confirmed,"The prediction direction `negative` was consistent with the actual next close return of -11.42%. The event type was `lawsuit`, event score was -75.00, news sentiment score was 0.00, and news attention score was 5.00.",This event pattern can be treated as a useful reference case for future predictions.,Maintain current rule weight for this pattern and use it as a positive reference sample.,increase
20260914.0,002780,진흥기업,supply_contract,[기재정정]단일판매ㆍ공급계약체결              ,positive,70,5,2,5,2,-0.0302,-0.0158,failure,positive_signal_with_negative_noise,"The prediction direction was `positive`, but the actual next close return was -1.58%. The event type was `supply_contract` with event score 70.00. The disclosure title was `[기재정정]단일판매ㆍ공급계약체결              `. The event had 2 negative keyword signals, which may have reduced market confidence.",Positive events with multiple negative keywords should receive lower confidence.,Apply a penalty when negative_keyword_count is greater than or equal to two.,decrease
20260914.0,058110,멕아이씨에스,paid_in_capital_increase,주요사항보고서(유상증자결정),negative,-70,5,-3,5,6,0.0739,-0.0166,success,negative_signal_confirmed,"The prediction direction `negative` was consistent with the actual next close return of -1.66%. The event type was `paid_in_capital_increase`, event score was -70.00, news sentiment score was -3.00, and news attention score was 5.00.",This event pattern can be treated as a useful reference case for future predictions.,Maintain current rule weight for this pattern and use it as a positive reference sample.,increase
20260914.0,058110,멕아이씨에스,paid_in_capital_increase,주요사항보고서(유상증자결정),negative,-70,5,-3,5,6,0.0739,-0.0166,success,negative_signal_confirmed,"The prediction direction `negative` was consistent with the actual next close return of -1.66%. The event type was `paid_in_capital_increase`, event score was -70.00, news sentiment score was -3.00, and news attention score was 5.00.",This event pattern can be treated as a useful reference case for future predictions.,Maintain current rule weight for this pattern and use it as a positive reference sample.,increase
20260914.0,058110,멕아이씨에스,paid_in_capital_increase,주요사항보고서(유상증자결정),negative,-70,5,-3,5,6,0.0739,-0.0166,success,negative_signal_confirmed,"The prediction direction `negative` was consistent with the actual next close return of -1.66%. The event type was `paid_in_capital_increase`, event score was -70.00, news sentiment score was -3.00, and news attention score was 5.00.",This event pattern can be treated as a useful reference case for future predictions.,Maintain current rule weight for this pattern and use it as a positive reference sample.,increase
20260914.0,058110,멕아이씨에스,paid_in_capital_increase,주요사항보고서(유상증자결정),negative,-70,5,-3,5,6,0.0739,-0.0166,success,negative_signal_confirmed,"The prediction direction `negative` was consistent with the actual next close return of -1.66%. The event type was `paid_in_capital_increase`, event score was -70.00, news sentiment score was -3.00, and news attention score was 5.00.",This event pattern can be treated as a useful reference case for future predictions.,Maintain current rule weight for this pattern and use it as a positive reference sample.,increase
20260914.0,389020,자람테크놀로지,supply_contract,단일판매ㆍ공급계약해지              ,positive,70,5,8,5,0,-0.0097,-0.0427,failure,general_prediction_failure,"The prediction direction was `positive`, but the actual next close return was -4.27%. The event type was `supply_contract` with event score 70.00. The disclosure title was `단일판매ㆍ공급계약해지              `.",The current rule set was not sufficient to explain the actual price reaction.,"Add more features such as market index return, trading volume, and sector movement.",slightly_decrease
20260914.0,222080,SFA넥셀,supply_contract,[기재정정]단일판매ㆍ공급계약체결              ,positive,70,5,2,5,4,0.0,0.0247,success,positive_signal_confirmed,"The prediction direction `positive` was consistent with the actual next close return of 2.47%. The event type was `supply_contract`, event score was 70.00, news sentiment score was 2.00, and news attention score was 5.00.",This event pattern can be treated as a useful reference case for future predictions.,Maintain current rule weight for this pattern and use it as a positive reference sample.,increase
20260914.0,027740,마니커,major_shareholder_change,최대주주등소유주식변동신고서              ,volatile,10,5,-1,5,3,-0.046,-0.0138,failure,volatility_overestimated,"The prediction direction was `volatile`, but the actual next close return was -1.38%. The event type was `major_shareholder_change` with event score 10.00. The disclosure title was `최대주주등소유주식변동신고서              `. The event had 3 negative keyword signals, which may have reduced market confidence. The event was treated as volatile, but the actual price movement may have been smaller than expected.",Volatile event classification should require stronger attention or stronger historical movement patterns.,Require higher news_attention_score before classifying an event as a strong volatility candidate.,decrease
20260914.0,027740,마니커,major_shareholder_change,최대주주등소유주식변동신고서              ,volatile,10,5,-1,5,3,-0.046,-0.0138,failure,volatility_overestimated,"The prediction direction was `volatile`, but the actual next close return was -1.38%. The event type was `major_shareholder_change` with event score 10.00. The disclosure title was `최대주주등소유주식변동신고서              `. The event had 3 negative keyword signals, which may have reduced market confidence. The event was treated as volatile, but the actual price movement may have been smaller than expected.",Volatile event classification should require stronger attention or stronger historical movement patterns.,Require higher news_attention_score before classifying an event as a strong volatility candidate.,decrease
20260914.0,027740,마니커,major_shareholder_change,최대주주등소유주식변동신고서              ,volatile,10,5,-1,5,3,-0.046,-0.0138,failure,volatility_overestimated,"The prediction direction was `volatile`, but the actual next close return was -1.38%. The event type was `major_shareholder_change` with event score 10.00. The disclosure title was `최대주주등소유주식변동신고서              `. The event had 3 negative keyword signals, which may have reduced market confidence. The event was treated as volatile, but the actual price movement may have been smaller than expected.",Volatile event classification should require stronger attention or stronger historical movement patterns.,Require higher news_attention_score before classifying an event as a strong volatility candidate.,decrease
20260914.0,038870,에코심플렉스,supply_contract,[기재정정]단일판매ㆍ공급계약체결              ,positive,70,5,4,5,2,-0.0487,-0.0261,failure,positive_signal_with_negative_noise,"The prediction direction was `positive`, but the actual next close return was -2.61%. The event type was `supply_contract` with event score 70.00. The disclosure title was `[기재정정]단일판매ㆍ공급계약체결              `. The event had 2 negative keyword signals, which may have reduced market confidence.",Positive events with multiple negative keywords should receive lower confidence.,Apply a penalty when negative_keyword_count is greater than or equal to two.,decrease
20260914.0,002210,동성제약,lawsuit,소송등의판결ㆍ결정              ,negative,-75,5,3,5,3,0.0116,-0.0196,success,negative_signal_confirmed,"The prediction direction `negative` was consistent with the actual next close return of -1.96%. The event type was `lawsuit`, event score was -75.00, news sentiment score was 3.00, and news attention score was 5.00.",This event pattern can be treated as a useful reference case for future predictions.,Maintain current rule weight for this pattern and use it as a positive reference sample.,increase
20260914.0,003550,LG,major_shareholder_change,최대주주등소유주식변동신고서              ,volatile,10,4,0,4,1,0.0036,0.0269,success,volatility_signal_confirmed,"The prediction direction `volatile` was consistent with the actual next close return of 2.69%. The event type was `major_shareholder_change`, event score was 10.00, news sentiment score was 0.00, and news attention score was 4.00.",This event pattern can be treated as a useful reference case for future predictions.,Maintain current rule weight for this pattern and use it as a positive reference sample.,increase
20260914.0,226330,신테카바이오,convertible_bond,주요사항보고서(자기전환사채만기전취득결정),negative,-60,5,5,5,1,0.0,0.0,failure,negative_signal_reversed,"The prediction direction was `negative`, but the actual next close return was 0.00%. The event type was `convertible_bond` with event score -60.00. The disclosure title was `주요사항보고서(자기전환사채만기전취득결정)`.",Some negative events can rebound if the market interprets them as already priced in or less severe than expected.,Reduce negative confidence when negative events show positive actual returns repeatedly.,slightly_decrease
20260914.0,226330,신테카바이오,convertible_bond,주요사항보고서(자기전환사채만기전취득결정),negative,-60,5,5,5,1,0.0,0.0,failure,negative_signal_reversed,"The prediction direction was `negative`, but the actual next close return was 0.00%. The event type was `convertible_bond` with event score -60.00. The disclosure title was `주요사항보고서(자기전환사채만기전취득결정)`.",Some negative events can rebound if the market interprets them as already priced in or less severe than expected.,Reduce negative confidence when negative events show positive actual returns repeatedly.,slightly_decrease
20260914.0,004800,효성,supply_contract,[기재정정]단일판매ㆍ공급계약체결(자회사의 주요경영사항)              ,positive,70,5,11,5,0,-0.0038,-0.0095,failure,general_prediction_failure,"The prediction direction was `positive`, but the actual next close return was -0.95%. The event type was `supply_contract` with event score 70.00. The disclosure title was `[기재정정]단일판매ㆍ공급계약체결(자회사의 주요경영사항)              `.",The current rule set was not sufficient to explain the actual price reaction.,"Add more features such as market index return, trading volume, and sector movement.",slightly_decrease
20260914.0,005800,신영와코루,disclosure_violation,불성실공시법인지정예고              ,negative,-80,5,0,5,3,-0.0059,-0.0155,success,negative_signal_confirmed,"The prediction direction `negative` was consistent with the actual next close return of -1.55%. The event type was `disclosure_violation`, event score was -80.00, news sentiment score was 0.00, and news attention score was 5.00.",This event pattern can be treated as a useful reference case for future predictions.,Maintain current rule weight for this pattern and use it as a positive reference sample.,increase
20260914.0,005800,신영와코루,disclosure_violation,불성실공시법인지정예고              ,negative,-80,5,0,5,3,-0.0059,-0.0155,success,negative_signal_confirmed,"The prediction direction `negative` was consistent with the actual next close return of -1.55%. The event type was `disclosure_violation`, event score was -80.00, news sentiment score was 0.00, and news attention score was 5.00.",This event pattern can be treated as a useful reference case for future predictions.,Maintain current rule weight for this pattern and use it as a positive reference sample.,increase
20260914.0,298040,효성중공업,supply_contract,[기재정정]단일판매ㆍ공급계약체결              ,positive,70,5,13,5,0,-0.0047,-0.0228,failure,general_prediction_failure,"The prediction direction was `positive`, but the actual next close return was -2.28%. The event type was `supply_contract` with event score 70.00. The disclosure title was `[기재정정]단일판매ㆍ공급계약체결              `.",The current rule set was not sufficient to explain the actual price reaction.,"Add more features such as market index return, trading volume, and sector movement.",slightly_decrease
,024810,이화전기공업,spin_off,[기재정정]주요사항보고서(회사분할결정),volatile,30,5,3,5,1,,,pending,pending_price_data,Actual next-day price reaction is not available yet. The prediction cannot be evaluated until price data is collected.,Do not update model confidence until actual price reaction data becomes available.,Keep this row pending and re-evaluate after next trading day price data is available.,hold
20260914.0,424870,이뮨온시아,investment_decision,투자판단관련주요경영사항(임상시험계획변경승인)              (IMC-002의 제1상 임상시험계획 변경승인),volatile,30,5,8,5,0,0.2121,0.2121,success,volatility_signal_confirmed,"The prediction direction `volatile` was consistent with the actual next close return of 21.21%. The event type was `investment_decision`, event score was 30.00, news sentiment score was 8.00, and news attention score was 5.00.",This event pattern can be treated as a useful reference case for future predictions.,Maintain current rule weight for this pattern and use it as a positive reference sample.,increase
20260914.0,424870,이뮨온시아,investment_decision,투자판단관련주요경영사항(임상시험계획변경승인)              (IMC-002의 제1상 임상시험계획 변경승인),volatile,30,5,8,5,0,0.2121,0.2121,success,volatility_signal_confirmed,"The prediction direction `volatile` was consistent with the actual next close return of 21.21%. The event type was `investment_decision`, event score was 30.00, news sentiment score was 8.00, and news attention score was 5.00.",This event pattern can be treated as a useful reference case for future predictions.,Maintain current rule weight for this pattern and use it as a positive reference sample.,increase
20260914.0,424870,이뮨온시아,investment_decision,투자판단관련주요경영사항(임상시험계획변경승인)              (IMC-002의 제1상 임상시험계획 변경승인),volatile,30,5,8,5,0,0.2121,0.2121,success,volatility_signal_confirmed,"The prediction direction `volatile` was consistent with the actual next close return of 21.21%. The event type was `investment_decision`, event score was 30.00, news sentiment score was 8.00, and news attention score was 5.00.",This event pattern can be treated as a useful reference case for future predictions.,Maintain current rule weight for this pattern and use it as a positive reference sample.,increase
20260914.0,424870,이뮨온시아,investment_decision,투자판단관련주요경영사항(임상시험계획변경승인)              (IMC-002의 제1상 임상시험계획 변경승인),volatile,30,5,8,5,0,0.2121,0.2121,success,volatility_signal_confirmed,"The prediction direction `volatile` was consistent with the actual next close return of 21.21%. The event type was `investment_decision`, event score was 30.00, news sentiment score was 8.00, and news attention score was 5.00.",This event pattern can be treated as a useful reference case for future predictions.,Maintain current rule weight for this pattern and use it as a positive reference sample.,increase
20260914.0,424870,이뮨온시아,investment_decision,투자판단관련주요경영사항(임상시험계획변경승인신청)              (IMC-002의 제1상 임상시험계획 변경승인신청),volatile,30,5,8,5,0,0.2121,0.2121,success,volatility_signal_confirmed,"The prediction direction `volatile` was consistent with the actual next close return of 21.21%. The event type was `investment_decision`, event score was 30.00, news sentiment score was 8.00, and news attention score was 5.00.",This event pattern can be treated as a useful reference case for future predictions.,Maintain current rule weight for this pattern and use it as a positive reference sample.,increase
20260914.0,424870,이뮨온시아,investment_decision,투자판단관련주요경영사항(임상시험계획변경승인신청)              (IMC-002의 제1상 임상시험계획 변경승인신청),volatile,30,5,8,5,0,0.2121,0.2121,success,volatility_signal_confirmed,"The prediction direction `volatile` was consistent with the actual next close return of 21.21%. The event type was `investment_decision`, event score was 30.00, news sentiment score was 8.00, and news attention score was 5.00.",This event pattern can be treated as a useful reference case for future predictions.,Maintain current rule weight for this pattern and use it as a positive reference sample.,increase
20260914.0,424870,이뮨온시아,investment_decision,투자판단관련주요경영사항(임상시험계획변경승인신청)              (IMC-002의 제1상 임상시험계획 변경승인신청),volatile,30,5,8,5,0,0.2121,0.2121,success,volatility_signal_confirmed,"The prediction direction `volatile` was consistent with the actual next close return of 21.21%. The event type was `investment_decision`, event score was 30.00, news sentiment score was 8.00, and news attention score was 5.00.",This event pattern can be treated as a useful reference case for future predictions.,Maintain current rule weight for this pattern and use it as a positive reference sample.,increase
20260914.0,424870,이뮨온시아,investment_decision,투자판단관련주요경영사항(임상시험계획변경승인신청)              (IMC-002의 제1상 임상시험계획 변경승인신청),volatile,30,5,8,5,0,0.2121,0.2121,success,volatility_signal_confirmed,"The prediction direction `volatile` was consistent with the actual next close return of 21.21%. The event type was `investment_decision`, event score was 30.00, news sentiment score was 8.00, and news attention score was 5.00.",This event pattern can be treated as a useful reference case for future predictions.,Maintain current rule weight for this pattern and use it as a positive reference sample.,increase
20260914.0,003580,HLB글로벌,convertible_bond,주요사항보고서(전환사채권발행결정),negative,-60,5,5,5,2,-0.0268,0.0085,failure,negative_signal_reversed,"The prediction direction was `negative`, but the actual next close return was 0.85%. The event type was `convertible_bond` with event score -60.00. The disclosure title was `주요사항보고서(전환사채권발행결정)`. The event had 2 negative keyword signals, which may have reduced market confidence.",Some negative events can rebound if the market interprets them as already priced in or less severe than expected.,Reduce negative confidence when negative events show positive actual returns repeatedly.,slightly_decrease
20260914.0,003470,유안타증권,major_shareholder_change,최대주주등소유주식변동신고서              ,volatile,10,5,10,5,0,-0.0042,-0.001,failure,volatility_overestimated,"The prediction direction was `volatile`, but the actual next close return was -0.10%. The event type was `major_shareholder_change` with event score 10.00. The disclosure title was `최대주주등소유주식변동신고서              `. The event was treated as volatile, but the actual price movement may have been smaller than expected.",Volatile event classification should require stronger attention or stronger historical movement patterns.,Require higher news_attention_score before classifying an event as a strong volatility candidate.,decrease
20260914.0,008870,금비,major_shareholder_change,최대주주등소유주식변동신고서              ,volatile,10,5,0,5,0,-0.0363,-0.0025,failure,volatility_overestimated,"The prediction direction was `volatile`, but the actual next close return was -0.25%. The event type was `major_shareholder_change` with event score 10.00. The disclosure title was `최대주주등소유주식변동신고서              `. The event was treated as volatile, but the actual price movement may have been smaller than expected.",Volatile event classification should require stronger attention or stronger historical movement patterns.,Require higher news_attention_score before classifying an event as a strong volatility candidate.,decrease
20260914.0,008870,금비,major_shareholder_change,최대주주등소유주식변동신고서              ,volatile,10,5,0,5,0,-0.0363,-0.0025,failure,volatility_overestimated,"The prediction direction was `volatile`, but the actual next close return was -0.25%. The event type was `major_shareholder_change` with event score 10.00. The disclosure title was `최대주주등소유주식변동신고서              `. The event was treated as volatile, but the actual price movement may have been smaller than expected.",Volatile event classification should require stronger attention or stronger historical movement patterns.,Require higher news_attention_score before classifying an event as a strong volatility candidate.,decrease
20260914.0,261780,아리바이오LAB,convertible_bond,주요사항보고서(전환사채권발행결정),negative,-60,5,4,5,3,-0.0174,0.0161,failure,negative_signal_reversed,"The prediction direction was `negative`, but the actual next close return was 1.61%. The event type was `convertible_bond` with event score -60.00. The disclosure title was `주요사항보고서(전환사채권발행결정)`. The event had 3 negative keyword signals, which may have reduced market confidence.",Some negative events can rebound if the market interprets them as already priced in or less severe than expected.,Reduce negative confidence when negative events show positive actual returns repeatedly.,slightly_decrease
20260914.0,337840,유엑스엔,disclosure_violation,불성실공시법인지정              (공시번복),negative,-80,5,0,5,3,0.0317,0.0317,failure,negative_signal_reversed,"The prediction direction was `negative`, but the actual next close return was 3.17%. The event type was `disclosure_violation` with event score -80.00. The disclosure title was `불성실공시법인지정              (공시번복)`. The event had 3 negative keyword signals, which may have reduced market confidence.",Some negative events can rebound if the market interprets them as already priced in or less severe than expected.,Reduce negative confidence when negative events show positive actual returns repeatedly.,slightly_decrease
20260914.0,006490,프리티,paid_in_capital_increase,[기재정정]주요사항보고서(유상증자결정),negative,-70,5,0,5,2,-0.0734,-0.0463,success,negative_signal_confirmed,"The prediction direction `negative` was consistent with the actual next close return of -4.63%. The event type was `paid_in_capital_increase`, event score was -70.00, news sentiment score was 0.00, and news attention score was 5.00.",This event pattern can be treated as a useful reference case for future predictions.,Maintain current rule weight for this pattern and use it as a positive reference sample.,increase
20260914.0,009070,케이씨티시,major_shareholder_change,최대주주등소유주식변동신고서              ,volatile,10,5,2,5,0,0.0049,-0.0074,failure,volatility_overestimated,"The prediction direction was `volatile`, but the actual next close return was -0.74%. The event type was `major_shareholder_change` with event score 10.00. The disclosure title was `최대주주등소유주식변동신고서              `. The event was treated as volatile, but the actual price movement may have been smaller than expected.",Volatile event classification should require stronger attention or stronger historical movement patterns.,Require higher news_attention_score before classifying an event as a strong volatility candidate.,decrease
20260914.0,009070,케이씨티시,major_shareholder_change,최대주주등소유주식변동신고서              ,volatile,10,5,2,5,0,0.0049,-0.0074,failure,volatility_overestimated,"The prediction direction was `volatile`, but the actual next close return was -0.74%. The event type was `major_shareholder_change` with event score 10.00. The disclosure title was `최대주주등소유주식변동신고서              `. The event was treated as volatile, but the actual price movement may have been smaller than expected.",Volatile event classification should require stronger attention or stronger historical movement patterns.,Require higher news_attention_score before classifying an event as a strong volatility candidate.,decrease
20260914.0,009070,케이씨티시,major_shareholder_change,최대주주등소유주식변동신고서              ,volatile,10,5,2,5,0,0.0049,-0.0074,failure,volatility_overestimated,"The prediction direction was `volatile`, but the actual next close return was -0.74%. The event type was `major_shareholder_change` with event score 10.00. The disclosure title was `최대주주등소유주식변동신고서              `. The event was treated as volatile, but the actual price movement may have been smaller than expected.",Volatile event classification should require stronger attention or stronger historical movement patterns.,Require higher news_attention_score before classifying an event as a strong volatility candidate.,decrease
20260914.0,009070,케이씨티시,major_shareholder_change,최대주주등소유주식변동신고서              ,volatile,10,5,2,5,0,0.0049,-0.0074,failure,volatility_overestimated,"The prediction direction was `volatile`, but the actual next close return was -0.74%. The event type was `major_shareholder_change` with event score 10.00. The disclosure title was `최대주주등소유주식변동신고서              `. The event was treated as volatile, but the actual price movement may have been smaller than expected.",Volatile event classification should require stronger attention or stronger historical movement patterns.,Require higher news_attention_score before classifying an event as a strong volatility candidate.,decrease
20260914.0,009070,케이씨티시,major_shareholder_change,최대주주등소유주식변동신고서              ,volatile,10,5,2,5,0,0.0049,-0.0074,failure,volatility_overestimated,"The prediction direction was `volatile`, but the actual next close return was -0.74%. The event type was `major_shareholder_change` with event score 10.00. The disclosure title was `최대주주등소유주식변동신고서              `. The event was treated as volatile, but the actual price movement may have been smaller than expected.",Volatile event classification should require stronger attention or stronger historical movement patterns.,Require higher news_attention_score before classifying an event as a strong volatility candidate.,decrease
20260914.0,206400,베노티앤알,supply_contract,단일판매ㆍ공급계약체결              ,positive,70,5,8,5,1,-0.0366,-0.0577,failure,general_prediction_failure,"The prediction direction was `positive`, but the actual next close return was -5.77%. The event type was `supply_contract` with event score 70.00. The disclosure title was `단일판매ㆍ공급계약체결              `.",The current rule set was not sufficient to explain the actual price reaction.,"Add more features such as market index return, trading volume, and sector movement.",slightly_decrease
20260914.0,206400,베노티앤알,supply_contract,단일판매ㆍ공급계약체결              ,positive,70,5,8,5,1,-0.0366,-0.0577,failure,general_prediction_failure,"The prediction direction was `positive`, but the actual next close return was -5.77%. The event type was `supply_contract` with event score 70.00. The disclosure title was `단일판매ㆍ공급계약체결              `.",The current rule set was not sufficient to explain the actual price reaction.,"Add more features such as market index return, trading volume, and sector movement.",slightly_decrease
20260914.0,206400,베노티앤알,supply_contract,단일판매ㆍ공급계약체결              ,positive,70,5,8,5,1,-0.0366,-0.0577,failure,general_prediction_failure,"The prediction direction was `positive`, but the actual next close return was -5.77%. The event type was `supply_contract` with event score 70.00. The disclosure title was `단일판매ㆍ공급계약체결              `.",The current rule set was not sufficient to explain the actual price reaction.,"Add more features such as market index return, trading volume, and sector movement.",slightly_decrease
20260914.0,206400,베노티앤알,supply_contract,단일판매ㆍ공급계약체결              ,positive,70,5,8,5,1,-0.0366,-0.0577,failure,general_prediction_failure,"The prediction direction was `positive`, but the actual next close return was -5.77%. The event type was `supply_contract` with event score 70.00. The disclosure title was `단일판매ㆍ공급계약체결              `.",The current rule set was not sufficient to explain the actual price reaction.,"Add more features such as market index return, trading volume, and sector movement.",slightly_decrease
20260914.0,206400,베노티앤알,supply_contract,단일판매ㆍ공급계약체결              ,positive,70,5,8,5,1,-0.0366,-0.0577,failure,general_prediction_failure,"The prediction direction was `positive`, but the actual next close return was -5.77%. The event type was `supply_contract` with event score 70.00. The disclosure title was `단일판매ㆍ공급계약체결              `.",The current rule set was not sufficient to explain the actual price reaction.,"Add more features such as market index return, trading volume, and sector movement.",slightly_decrease
20260914.0,206400,베노티앤알,supply_contract,단일판매ㆍ공급계약체결              ,positive,70,5,8,5,1,-0.0366,-0.0577,failure,general_prediction_failure,"The prediction direction was `positive`, but the actual next close return was -5.77%. The event type was `supply_contract` with event score 70.00. The disclosure title was `단일판매ㆍ공급계약체결              `.",The current rule set was not sufficient to explain the actual price reaction.,"Add more features such as market index return, trading volume, and sector movement.",slightly_decrease
20260914.0,206400,베노티앤알,supply_contract,단일판매ㆍ공급계약체결              ,positive,70,5,8,5,1,-0.0366,-0.0577,failure,general_prediction_failure,"The prediction direction was `positive`, but the actual next close return was -5.77%. The event type was `supply_contract` with event score 70.00. The disclosure title was `단일판매ㆍ공급계약체결              `.",The current rule set was not sufficient to explain the actual price reaction.,"Add more features such as market index return, trading volume, and sector movement.",slightly_decrease
20260914.0,206400,베노티앤알,supply_contract,단일판매ㆍ공급계약체결              ,positive,70,5,8,5,1,-0.0366,-0.0577,failure,general_prediction_failure,"The prediction direction was `positive`, but the actual next close return was -5.77%. The event type was `supply_contract` with event score 70.00. The disclosure title was `단일판매ㆍ공급계약체결              `.",The current rule set was not sufficient to explain the actual price reaction.,"Add more features such as market index return, trading volume, and sector movement.",slightly_decrease
20260914.0,206400,베노티앤알,supply_contract,단일판매ㆍ공급계약체결              ,positive,70,5,8,5,1,-0.0366,-0.0577,failure,general_prediction_failure,"The prediction direction was `positive`, but the actual next close return was -5.77%. The event type was `supply_contract` with event score 70.00. The disclosure title was `단일판매ㆍ공급계약체결              `.",The current rule set was not sufficient to explain the actual price reaction.,"Add more features such as market index return, trading volume, and sector movement.",slightly_decrease
20260914.0,206400,베노티앤알,supply_contract,단일판매ㆍ공급계약체결              ,positive,70,5,8,5,1,-0.0366,-0.0577,failure,general_prediction_failure,"The prediction direction was `positive`, but the actual next close return was -5.77%. The event type was `supply_contract` with event score 70.00. The disclosure title was `단일판매ㆍ공급계약체결              `.",The current rule set was not sufficient to explain the actual price reaction.,"Add more features such as market index return, trading volume, and sector movement.",slightly_decrease
20260914.0,206400,베노티앤알,major_shareholder_change,[기재정정]최대주주변경을수반하는주식양수도계약체결              ,volatile,10,5,8,5,1,-0.0366,-0.0577,success,volatility_signal_confirmed,"The prediction direction `volatile` was consistent with the actual next close return of -5.77%. The event type was `major_shareholder_change`, event score was 10.00, news sentiment score was 8.00, and news attention score was 5.00.",This event pattern can be treated as a useful reference case for future predictions.,Maintain current rule weight for this pattern and use it as a positive reference sample.,increase
20260914.0,206400,베노티앤알,major_shareholder_change,[기재정정]최대주주변경을수반하는주식양수도계약체결              ,volatile,10,5,8,5,1,-0.0366,-0.0577,success,volatility_signal_confirmed,"The prediction direction `volatile` was consistent with the actual next close return of -5.77%. The event type was `major_shareholder_change`, event score was 10.00, news sentiment score was 8.00, and news attention score was 5.00.",This event pattern can be treated as a useful reference case for future predictions.,Maintain current rule weight for this pattern and use it as a positive reference sample.,increase
20260914.0,206400,베노티앤알,major_shareholder_change,[기재정정]최대주주변경을수반하는주식양수도계약체결              ,volatile,10,5,8,5,1,-0.0366,-0.0577,success,volatility_signal_confirmed,"The prediction direction `volatile` was consistent with the actual next close return of -5.77%. The event type was `major_shareholder_change`, event score was 10.00, news sentiment score was 8.00, and news attention score was 5.00.",This event pattern can be treated as a useful reference case for future predictions.,Maintain current rule weight for this pattern and use it as a positive reference sample.,increase
20260914.0,206400,베노티앤알,major_shareholder_change,[기재정정]최대주주변경을수반하는주식양수도계약체결              ,volatile,10,5,8,5,1,-0.0366,-0.0577,success,volatility_signal_confirmed,"The prediction direction `volatile` was consistent with the actual next close return of -5.77%. The event type was `major_shareholder_change`, event score was 10.00, news sentiment score was 8.00, and news attention score was 5.00.",This event pattern can be treated as a useful reference case for future predictions.,Maintain current rule weight for this pattern and use it as a positive reference sample.,increase
20260914.0,206400,베노티앤알,major_shareholder_change,[기재정정]최대주주변경을수반하는주식양수도계약체결              ,volatile,10,5,8,5,1,-0.0366,-0.0577,success,volatility_signal_confirmed,"The prediction direction `volatile` was consistent with the actual next close return of -5.77%. The event type was `major_shareholder_change`, event score was 10.00, news sentiment score was 8.00, and news attention score was 5.00.",This event pattern can be treated as a useful reference case for future predictions.,Maintain current rule weight for this pattern and use it as a positive reference sample.,increase
20260914.0,206400,베노티앤알,major_shareholder_change,[기재정정]최대주주변경을수반하는주식양수도계약체결              ,volatile,10,5,8,5,1,-0.0366,-0.0577,success,volatility_signal_confirmed,"The prediction direction `volatile` was consistent with the actual next close return of -5.77%. The event type was `major_shareholder_change`, event score was 10.00, news sentiment score was 8.00, and news attention score was 5.00.",This event pattern can be treated as a useful reference case for future predictions.,Maintain current rule weight for this pattern and use it as a positive reference sample.,increase
20260914.0,206400,베노티앤알,major_shareholder_change,[기재정정]최대주주변경을수반하는주식양수도계약체결              ,volatile,10,5,8,5,1,-0.0366,-0.0577,success,volatility_signal_confirmed,"The prediction direction `volatile` was consistent with the actual next close return of -5.77%. The event type was `major_shareholder_change`, event score was 10.00, news sentiment score was 8.00, and news attention score was 5.00.",This event pattern can be treated as a useful reference case for future predictions.,Maintain current rule weight for this pattern and use it as a positive reference sample.,increase
20260914.0,206400,베노티앤알,major_shareholder_change,[기재정정]최대주주변경을수반하는주식양수도계약체결              ,volatile,10,5,8,5,1,-0.0366,-0.0577,success,volatility_signal_confirmed,"The prediction direction `volatile` was consistent with the actual next close return of -5.77%. The event type was `major_shareholder_change`, event score was 10.00, news sentiment score was 8.00, and news attention score was 5.00.",This event pattern can be treated as a useful reference case for future predictions.,Maintain current rule weight for this pattern and use it as a positive reference sample.,increase
20260914.0,206400,베노티앤알,major_shareholder_change,[기재정정]최대주주변경을수반하는주식양수도계약체결              ,volatile,10,5,8,5,1,-0.0366,-0.0577,success,volatility_signal_confirmed,"The prediction direction `volatile` was consistent with the actual next close return of -5.77%. The event type was `major_shareholder_change`, event score was 10.00, news sentiment score was 8.00, and news attention score was 5.00.",This event pattern can be treated as a useful reference case for future predictions.,Maintain current rule weight for this pattern and use it as a positive reference sample.,increase
20260914.0,206400,베노티앤알,major_shareholder_change,[기재정정]최대주주변경을수반하는주식양수도계약체결              ,volatile,10,5,8,5,1,-0.0366,-0.0577,success,volatility_signal_confirmed,"The prediction direction `volatile` was consistent with the actual next close return of -5.77%. The event type was `major_shareholder_change`, event score was 10.00, news sentiment score was 8.00, and news attention score was 5.00.",This event pattern can be treated as a useful reference case for future predictions.,Maintain current rule weight for this pattern and use it as a positive reference sample.,increase
20260914.0,005960,동부건설,supply_contract,[기재정정]단일판매ㆍ공급계약체결              ,positive,70,5,5,5,1,-0.0135,-0.0049,failure,general_prediction_failure,"The prediction direction was `positive`, but the actual next close return was -0.49%. The event type was `supply_contract` with event score 70.00. The disclosure title was `[기재정정]단일판매ㆍ공급계약체결              `.",The current rule set was not sufficient to explain the actual price reaction.,"Add more features such as market index return, trading volume, and sector movement.",slightly_decrease
20260914.0,045390,대아티아이,supply_contract,[기재정정]단일판매ㆍ공급계약체결              ,positive,70,5,5,5,4,0.0047,0.0173,success,positive_signal_confirmed,"The prediction direction `positive` was consistent with the actual next close return of 1.73%. The event type was `supply_contract`, event score was 70.00, news sentiment score was 5.00, and news attention score was 5.00.",This event pattern can be treated as a useful reference case for future predictions.,Maintain current rule weight for this pattern and use it as a positive reference sample.,increase
20260914.0,0004V0,엔비알모션,convertible_bond,증권발행결과(자율공시)              (제5회차 CB),negative,-60,5,6,5,3,-0.0053,0.0461,failure,negative_signal_reversed,"The prediction direction was `negative`, but the actual next close return was 4.61%. The event type was `convertible_bond` with event score -60.00. The disclosure title was `증권발행결과(자율공시)              (제5회차 CB)`. The event had 3 negative keyword signals, which may have reduced market confidence.",Some negative events can rebound if the market interprets them as already priced in or less severe than expected.,Reduce negative confidence when negative events show positive actual returns repeatedly.,slightly_decrease
20260914.0,187420,HLB제넥스,convertible_bond,전환사채(해외전환사채포함)발행후만기전사채취득              ,negative,-60,5,-3,5,3,-0.0135,-0.0017,success,negative_signal_confirmed,"The prediction direction `negative` was consistent with the actual next close return of -0.17%. The event type was `convertible_bond`, event score was -60.00, news sentiment score was -3.00, and news attention score was 5.00.",This event pattern can be treated as a useful reference case for future predictions.,Maintain current rule weight for this pattern and use it as a positive reference sample.,increase
20260914.0,187420,HLB제넥스,convertible_bond,전환사채(해외전환사채포함)발행후만기전사채취득              ,negative,-60,5,-3,5,3,-0.0135,-0.0017,success,negative_signal_confirmed,"The prediction direction `negative` was consistent with the actual next close return of -0.17%. The event type was `convertible_bond`, event score was -60.00, news sentiment score was -3.00, and news attention score was 5.00.",This event pattern can be treated as a useful reference case for future predictions.,Maintain current rule weight for this pattern and use it as a positive reference sample.,increase
20260914.0,310210,보로노이,investment_decision,[기재정정]투자판단관련주요경영사항(임상시험계획변경승인)              (VRN110755의 제 1/2상 임상시험),volatile,30,5,11,5,0,-0.0021,0.0173,failure,volatility_overestimated,"The prediction direction was `volatile`, but the actual next close return was 1.73%. The event type was `investment_decision` with event score 30.00. The disclosure title was `[기재정정]투자판단관련주요경영사항(임상시험계획변경승인)              (VRN110755의 제 1/2상 임상시험)`. The event was treated as volatile, but the actual price movement may have been smaller than expected.",Volatile event classification should require stronger attention or stronger historical movement patterns.,Require higher news_attention_score before classifying an event as a strong volatility candidate.,decrease
20260914.0,131400,이브이첨단소재,paid_in_capital_increase,주요사항보고서(유상증자결정),negative,-70,5,-4,5,5,-1.0,0.0,failure,negative_signal_reversed,"The prediction direction was `negative`, but the actual next close return was 0.00%. The event type was `paid_in_capital_increase` with event score -70.00. The disclosure title was `주요사항보고서(유상증자결정)`. The event had 5 negative keyword signals, which may have reduced market confidence.",Some negative events can rebound if the market interprets them as already priced in or less severe than expected.,Reduce negative confidence when negative events show positive actual returns repeatedly.,slightly_decrease
20260914.0,131400,이브이첨단소재,paid_in_capital_increase,주요사항보고서(유상증자결정),negative,-70,5,-4,5,5,-1.0,0.0,failure,negative_signal_reversed,"The prediction direction was `negative`, but the actual next close return was 0.00%. The event type was `paid_in_capital_increase` with event score -70.00. The disclosure title was `주요사항보고서(유상증자결정)`. The event had 5 negative keyword signals, which may have reduced market confidence.",Some negative events can rebound if the market interprets them as already priced in or less severe than expected.,Reduce negative confidence when negative events show positive actual returns repeatedly.,slightly_decrease
20260914.0,016610,DB증권,major_shareholder_change,최대주주등소유주식변동신고서              ,volatile,10,5,1,5,2,-0.0068,-0.0049,failure,volatility_overestimated,"The prediction direction was `volatile`, but the actual next close return was -0.49%. The event type was `major_shareholder_change` with event score 10.00. The disclosure title was `최대주주등소유주식변동신고서              `. The event had 2 negative keyword signals, which may have reduced market confidence. The event was treated as volatile, but the actual price movement may have been smaller than expected.",Volatile event classification should require stronger attention or stronger historical movement patterns.,Require higher news_attention_score before classifying an event as a strong volatility candidate.,decrease
20260914.0,016610,DB증권,major_shareholder_change,최대주주등소유주식변동신고서              ,volatile,10,5,1,5,2,-0.0068,-0.0049,failure,volatility_overestimated,"The prediction direction was `volatile`, but the actual next close return was -0.49%. The event type was `major_shareholder_change` with event score 10.00. The disclosure title was `최대주주등소유주식변동신고서              `. The event had 2 negative keyword signals, which may have reduced market confidence. The event was treated as volatile, but the actual price movement may have been smaller than expected.",Volatile event classification should require stronger attention or stronger historical movement patterns.,Require higher news_attention_score before classifying an event as a strong volatility candidate.,decrease
20260914.0,016610,DB증권,major_shareholder_change,최대주주등소유주식변동신고서              ,volatile,10,5,1,5,2,-0.0068,-0.0049,failure,volatility_overestimated,"The prediction direction was `volatile`, but the actual next close return was -0.49%. The event type was `major_shareholder_change` with event score 10.00. The disclosure title was `최대주주등소유주식변동신고서              `. The event had 2 negative keyword signals, which may have reduced market confidence. The event was treated as volatile, but the actual price movement may have been smaller than expected.",Volatile event classification should require stronger attention or stronger historical movement patterns.,Require higher news_attention_score before classifying an event as a strong volatility candidate.,decrease
20260914.0,016610,DB증권,major_shareholder_change,최대주주등소유주식변동신고서              ,volatile,10,5,1,5,2,-0.0068,-0.0049,failure,volatility_overestimated,"The prediction direction was `volatile`, but the actual next close return was -0.49%. The event type was `major_shareholder_change` with event score 10.00. The disclosure title was `최대주주등소유주식변동신고서              `. The event had 2 negative keyword signals, which may have reduced market confidence. The event was treated as volatile, but the actual price movement may have been smaller than expected.",Volatile event classification should require stronger attention or stronger historical movement patterns.,Require higher news_attention_score before classifying an event as a strong volatility candidate.,decrease
20260914.0,474650,링크솔루션,convertible_bond,주요사항보고서(전환사채권발행결정),negative,-60,5,3,5,3,0.0372,0.1135,failure,negative_signal_reversed,"The prediction direction was `negative`, but the actual next close return was 11.35%. The event type was `convertible_bond` with event score -60.00. The disclosure title was `주요사항보고서(전환사채권발행결정)`. The event had 3 negative keyword signals, which may have reduced market confidence.",Some negative events can rebound if the market interprets them as already priced in or less severe than expected.,Reduce negative confidence when negative events show positive actual returns repeatedly.,slightly_decrease
20260914.0,047050,포스코인터내셔널,paid_in_capital_increase,유상증자결정(종속회사의주요경영사항)              ,negative,-70,5,-1,5,5,0.0,-0.0144,success,negative_signal_confirmed,"The prediction direction `negative` was consistent with the actual next close return of -1.44%. The event type was `paid_in_capital_increase`, event score was -70.00, news sentiment score was -1.00, and news attention score was 5.00.",This event pattern can be treated as a useful reference case for future predictions.,Maintain current rule weight for this pattern and use it as a positive reference sample.,increase
20260914.0,047050,포스코인터내셔널,paid_in_capital_increase,유상증자결정(종속회사의주요경영사항)              ,negative,-70,5,-1,5,5,0.0,-0.0144,success,negative_signal_confirmed,"The prediction direction `negative` was consistent with the actual next close return of -1.44%. The event type was `paid_in_capital_increase`, event score was -70.00, news sentiment score was -1.00, and news attention score was 5.00.",This event pattern can be treated as a useful reference case for future predictions.,Maintain current rule weight for this pattern and use it as a positive reference sample.,increase
20260914.0,047050,포스코인터내셔널,paid_in_capital_increase,유상증자결정(종속회사의주요경영사항)              ,negative,-70,5,-1,5,5,0.0,-0.0144,success,negative_signal_confirmed,"The prediction direction `negative` was consistent with the actual next close return of -1.44%. The event type was `paid_in_capital_increase`, event score was -70.00, news sentiment score was -1.00, and news attention score was 5.00.",This event pattern can be treated as a useful reference case for future predictions.,Maintain current rule weight for this pattern and use it as a positive reference sample.,increase
20260914.0,047050,포스코인터내셔널,paid_in_capital_increase,유상증자결정(종속회사의주요경영사항)              ,negative,-70,5,-1,5,5,0.0,-0.0144,success,negative_signal_confirmed,"The prediction direction `negative` was consistent with the actual next close return of -1.44%. The event type was `paid_in_capital_increase`, event score was -70.00, news sentiment score was -1.00, and news attention score was 5.00.",This event pattern can be treated as a useful reference case for future predictions.,Maintain current rule weight for this pattern and use it as a positive reference sample.,increase
20260914.0,047050,포스코인터내셔널,paid_in_capital_increase,유상증자결정(종속회사의주요경영사항)              ,negative,-70,5,-1,5,5,0.0,-0.0144,success,negative_signal_confirmed,"The prediction direction `negative` was consistent with the actual next close return of -1.44%. The event type was `paid_in_capital_increase`, event score was -70.00, news sentiment score was -1.00, and news attention score was 5.00.",This event pattern can be treated as a useful reference case for future predictions.,Maintain current rule weight for this pattern and use it as a positive reference sample.,increase
20260914.0,417500,제이아이테크,convertible_bond,전환사채(해외전환사채포함)발행후만기전사채취득              ,negative,-60,5,-1,5,6,0.0,0.0132,failure,negative_signal_reversed,"The prediction direction was `negative`, but the actual next close return was 1.32%. The event type was `convertible_bond` with event score -60.00. The disclosure title was `전환사채(해외전환사채포함)발행후만기전사채취득              `. The event had 6 negative keyword signals, which may have reduced market confidence.",Some negative events can rebound if the market interprets them as already priced in or less severe than expected.,Reduce negative confidence when negative events show positive actual returns repeatedly.,slightly_decrease
20260914.0,223220,로지스몬,lawsuit,주요사항보고서(소송등의제기),negative,-75,5,4,5,1,0.0,0.0481,failure,negative_signal_reversed,"The prediction direction was `negative`, but the actual next close return was 4.81%. The event type was `lawsuit` with event score -75.00. The disclosure title was `주요사항보고서(소송등의제기)`.",Some negative events can rebound if the market interprets them as already priced in or less severe than expected.,Reduce negative confidence when negative events show positive actual returns repeatedly.,slightly_decrease
20260914.0,004960,한신공영,investment_decision,투자판단관련주요경영사항              ,volatile,30,5,2,5,0,-0.0159,-0.0301,success,volatility_signal_confirmed,"The prediction direction `volatile` was consistent with the actual next close return of -3.01%. The event type was `investment_decision`, event score was 30.00, news sentiment score was 2.00, and news attention score was 5.00.",This event pattern can be treated as a useful reference case for future predictions.,Maintain current rule weight for this pattern and use it as a positive reference sample.,increase
20260914.0,013580,계룡건설산업,investment_decision,투자판단관련주요경영사항              ,volatile,30,5,5,5,0,0.0044,-0.0088,failure,volatility_overestimated,"The prediction direction was `volatile`, but the actual next close return was -0.88%. The event type was `investment_decision` with event score 30.00. The disclosure title was `투자판단관련주요경영사항              `. The event was treated as volatile, but the actual price movement may have been smaller than expected.",Volatile event classification should require stronger attention or stronger historical movement patterns.,Require higher news_attention_score before classifying an event as a strong volatility candidate.,decrease
20260914.0,224060,더코디,paid_in_capital_increase,[기재정정]주요사항보고서(유상증자결정),negative,-70,5,-2,5,6,-0.0039,-0.0233,success,negative_signal_confirmed,"The prediction direction `negative` was consistent with the actual next close return of -2.33%. The event type was `paid_in_capital_increase`, event score was -70.00, news sentiment score was -2.00, and news attention score was 5.00.",This event pattern can be treated as a useful reference case for future predictions.,Maintain current rule weight for this pattern and use it as a positive reference sample.,increase
20260914.0,224060,더코디,paid_in_capital_increase,[기재정정]주요사항보고서(유상증자결정),negative,-70,5,-2,5,6,-0.0039,-0.0233,success,negative_signal_confirmed,"The prediction direction `negative` was consistent with the actual next close return of -2.33%. The event type was `paid_in_capital_increase`, event score was -70.00, news sentiment score was -2.00, and news attention score was 5.00.",This event pattern can be treated as a useful reference case for future predictions.,Maintain current rule weight for this pattern and use it as a positive reference sample.,increase
20260914.0,224060,더코디,paid_in_capital_increase,[기재정정]주요사항보고서(유상증자결정),negative,-70,5,-2,5,6,-0.0039,-0.0233,success,negative_signal_confirmed,"The prediction direction `negative` was consistent with the actual next close return of -2.33%. The event type was `paid_in_capital_increase`, event score was -70.00, news sentiment score was -2.00, and news attention score was 5.00.",This event pattern can be treated as a useful reference case for future predictions.,Maintain current rule weight for this pattern and use it as a positive reference sample.,increase
20260914.0,224060,더코디,paid_in_capital_increase,[기재정정]주요사항보고서(유상증자결정),negative,-70,5,-2,5,6,-0.0039,-0.0233,success,negative_signal_confirmed,"The prediction direction `negative` was consistent with the actual next close return of -2.33%. The event type was `paid_in_capital_increase`, event score was -70.00, news sentiment score was -2.00, and news attention score was 5.00.",This event pattern can be treated as a useful reference case for future predictions.,Maintain current rule weight for this pattern and use it as a positive reference sample.,increase
20260914.0,900100,파이온엑스,paid_in_capital_increase,[기재정정]주요사항보고서(유상증자결정),negative,-70,5,-3,5,6,0.0,-0.0123,success,negative_signal_confirmed,"The prediction direction `negative` was consistent with the actual next close return of -1.23%. The event type was `paid_in_capital_increase`, event score was -70.00, news sentiment score was -3.00, and news attention score was 5.00.",This event pattern can be treated as a useful reference case for future predictions.,Maintain current rule weight for this pattern and use it as a positive reference sample.,increase
20260914.0,900100,파이온엑스,paid_in_capital_increase,[기재정정]주요사항보고서(유상증자결정),negative,-70,5,-3,5,6,0.0,-0.0123,success,negative_signal_confirmed,"The prediction direction `negative` was consistent with the actual next close return of -1.23%. The event type was `paid_in_capital_increase`, event score was -70.00, news sentiment score was -3.00, and news attention score was 5.00.",This event pattern can be treated as a useful reference case for future predictions.,Maintain current rule weight for this pattern and use it as a positive reference sample.,increase
20260914.0,464490,쿼드메디슨,investment_decision,투자판단관련주요경영사항(임상시험계획승인신청)              ,volatile,30,5,6,5,0,-0.0238,0.013,failure,volatility_overestimated,"The prediction direction was `volatile`, but the actual next close return was 1.30%. The event type was `investment_decision` with event score 30.00. The disclosure title was `투자판단관련주요경영사항(임상시험계획승인신청)              `. The event was treated as volatile, but the actual price movement may have been smaller than expected.",Volatile event classification should require stronger attention or stronger historical movement patterns.,Require higher news_attention_score before classifying an event as a strong volatility candidate.,decrease
20260914.0,307870,비투엔,major_shareholder_change,[기재정정]최대주주변경을수반하는주식양수도계약체결              ,volatile,10,5,3,5,3,0.0,0.0025,failure,volatility_overestimated,"The prediction direction was `volatile`, but the actual next close return was 0.25%. The event type was `major_shareholder_change` with event score 10.00. The disclosure title was `[기재정정]최대주주변경을수반하는주식양수도계약체결              `. The event had 3 negative keyword signals, which may have reduced market confidence. The event was treated as volatile, but the actual price movement may have been smaller than expected.",Volatile event classification should require stronger attention or stronger historical movement patterns.,Require higher news_attention_score before classifying an event as a strong volatility candidate.,decrease
20260914.0,178320,서진시스템,major_shareholder_change,[기재정정]최대주주변경을수반하는주식담보제공계약체결              ,volatile,10,5,-2,5,4,0.0014,0.0029,failure,volatility_overestimated,"The prediction direction was `volatile`, but the actual next close return was 0.29%. The event type was `major_shareholder_change` with event score 10.00. The disclosure title was `[기재정정]최대주주변경을수반하는주식담보제공계약체결              `. The event had 4 negative keyword signals, which may have reduced market confidence. The event was treated as volatile, but the actual price movement may have been smaller than expected.",Volatile event classification should require stronger attention or stronger historical movement patterns.,Require higher news_attention_score before classifying an event as a strong volatility candidate.,decrease
20260914.0,101000,KS인더스트리,lawsuit,소송등의판결ㆍ결정(일정금액이상의청구)              ,negative,-75,5,-2,5,5,0.1029,0.0557,failure,negative_signal_reversed,"The prediction direction was `negative`, but the actual next close return was 5.57%. The event type was `lawsuit` with event score -75.00. The disclosure title was `소송등의판결ㆍ결정(일정금액이상의청구)              `. The event had 5 negative keyword signals, which may have reduced market confidence.",Some negative events can rebound if the market interprets them as already priced in or less severe than expected.,Reduce negative confidence when negative events show positive actual returns repeatedly.,slightly_decrease
20260914.0,101000,KS인더스트리,lawsuit,소송등의판결ㆍ결정(일정금액이상의청구)              ,negative,-75,5,-2,5,5,0.1029,0.0557,failure,negative_signal_reversed,"The prediction direction was `negative`, but the actual next close return was 5.57%. The event type was `lawsuit` with event score -75.00. The disclosure title was `소송등의판결ㆍ결정(일정금액이상의청구)              `. The event had 5 negative keyword signals, which may have reduced market confidence.",Some negative events can rebound if the market interprets them as already priced in or less severe than expected.,Reduce negative confidence when negative events show positive actual returns repeatedly.,slightly_decrease
20260914.0,101000,KS인더스트리,lawsuit,소송등의판결ㆍ결정(일정금액이상의청구)              ,negative,-75,5,-2,5,5,0.1029,0.0557,failure,negative_signal_reversed,"The prediction direction was `negative`, but the actual next close return was 5.57%. The event type was `lawsuit` with event score -75.00. The disclosure title was `소송등의판결ㆍ결정(일정금액이상의청구)              `. The event had 5 negative keyword signals, which may have reduced market confidence.",Some negative events can rebound if the market interprets them as already priced in or less severe than expected.,Reduce negative confidence when negative events show positive actual returns repeatedly.,slightly_decrease
20260914.0,101000,KS인더스트리,lawsuit,소송등의판결ㆍ결정(일정금액이상의청구)              ,negative,-75,5,-2,5,5,0.1029,0.0557,failure,negative_signal_reversed,"The prediction direction was `negative`, but the actual next close return was 5.57%. The event type was `lawsuit` with event score -75.00. The disclosure title was `소송등의판결ㆍ결정(일정금액이상의청구)              `. The event had 5 negative keyword signals, which may have reduced market confidence.",Some negative events can rebound if the market interprets them as already priced in or less severe than expected.,Reduce negative confidence when negative events show positive actual returns repeatedly.,slightly_decrease
20260914.0,101000,KS인더스트리,lawsuit,소송등의판결ㆍ결정(일정금액이상의청구)              ,negative,-75,5,-2,5,5,0.1029,0.0557,failure,negative_signal_reversed,"The prediction direction was `negative`, but the actual next close return was 5.57%. The event type was `lawsuit` with event score -75.00. The disclosure title was `소송등의판결ㆍ결정(일정금액이상의청구)              `. The event had 5 negative keyword signals, which may have reduced market confidence.",Some negative events can rebound if the market interprets them as already priced in or less severe than expected.,Reduce negative confidence when negative events show positive actual returns repeatedly.,slightly_decrease
20260914.0,101000,KS인더스트리,lawsuit,소송등의판결ㆍ결정(일정금액이상의청구)              ,negative,-75,5,-2,5,5,0.1029,0.0557,failure,negative_signal_reversed,"The prediction direction was `negative`, but the actual next close return was 5.57%. The event type was `lawsuit` with event score -75.00. The disclosure title was `소송등의판결ㆍ결정(일정금액이상의청구)              `. The event had 5 negative keyword signals, which may have reduced market confidence.",Some negative events can rebound if the market interprets them as already priced in or less severe than expected.,Reduce negative confidence when negative events show positive actual returns repeatedly.,slightly_decrease
20260914.0,067080,대화제약,supply_contract,단일판매ㆍ공급계약해지              ,positive,70,5,8,5,1,0.0179,0.0547,success,positive_signal_confirmed,"The prediction direction `positive` was consistent with the actual next close return of 5.47%. The event type was `supply_contract`, event score was 70.00, news sentiment score was 8.00, and news attention score was 5.00.",This event pattern can be treated as a useful reference case for future predictions.,Maintain current rule weight for this pattern and use it as a positive reference sample.,increase
20260914.0,145210,다이나믹디자인,convertible_bond,기타경영사항(자율공시)              (자기사채(8CB) 소각 결정의 건),negative,-60,5,-9,5,9,-1.0,0.0,failure,negative_signal_reversed,"The prediction direction was `negative`, but the actual next close return was 0.00%. The event type was `convertible_bond` with event score -60.00. The disclosure title was `기타경영사항(자율공시)              (자기사채(8CB) 소각 결정의 건)`. The event had 9 negative keyword signals, which may have reduced market confidence.",Some negative events can rebound if the market interprets them as already priced in or less severe than expected.,Reduce negative confidence when negative events show positive actual returns repeatedly.,slightly_decrease
,031990,대선조선,lawsuit,[기재정정]주요사항보고서(소송등의제기),negative,-75,5,2,5,0,,,pending,pending_price_data,Actual next-day price reaction is not available yet. The prediction cannot be evaluated until price data is collected.,Do not update model confidence until actual price reaction data becomes available.,Keep this row pending and re-evaluate after next trading day price data is available.,hold
20260914.0,223310,사토시홀딩스,paid_in_capital_increase,[기재정정]주요사항보고서(유상증자결정),negative,-70,5,0,5,4,-0.0215,-0.0414,success,negative_signal_confirmed,"The prediction direction `negative` was consistent with the actual next close return of -4.14%. The event type was `paid_in_capital_increase`, event score was -70.00, news sentiment score was 0.00, and news attention score was 5.00.",This event pattern can be treated as a useful reference case for future predictions.,Maintain current rule weight for this pattern and use it as a positive reference sample.,increase
20260914.0,223310,사토시홀딩스,paid_in_capital_increase,[기재정정]주요사항보고서(유상증자결정),negative,-70,5,0,5,4,-0.0215,-0.0414,success,negative_signal_confirmed,"The prediction direction `negative` was consistent with the actual next close return of -4.14%. The event type was `paid_in_capital_increase`, event score was -70.00, news sentiment score was 0.00, and news attention score was 5.00.",This event pattern can be treated as a useful reference case for future predictions.,Maintain current rule weight for this pattern and use it as a positive reference sample.,increase
20260914.0,223310,사토시홀딩스,paid_in_capital_increase,[기재정정]주요사항보고서(유상증자결정),negative,-70,5,0,5,4,-0.0215,-0.0414,success,negative_signal_confirmed,"The prediction direction `negative` was consistent with the actual next close return of -4.14%. The event type was `paid_in_capital_increase`, event score was -70.00, news sentiment score was 0.00, and news attention score was 5.00.",This event pattern can be treated as a useful reference case for future predictions.,Maintain current rule weight for this pattern and use it as a positive reference sample.,increase
20260914.0,223310,사토시홀딩스,paid_in_capital_increase,[기재정정]주요사항보고서(유상증자결정),negative,-70,5,0,5,4,-0.0215,-0.0414,success,negative_signal_confirmed,"The prediction direction `negative` was consistent with the actual next close return of -4.14%. The event type was `paid_in_capital_increase`, event score was -70.00, news sentiment score was 0.00, and news attention score was 5.00.",This event pattern can be treated as a useful reference case for future predictions.,Maintain current rule weight for this pattern and use it as a positive reference sample.,increase
20260914.0,223310,사토시홀딩스,paid_in_capital_increase,[기재정정]주요사항보고서(유상증자결정),negative,-70,5,0,5,4,-0.0215,-0.0414,success,negative_signal_confirmed,"The prediction direction `negative` was consistent with the actual next close return of -4.14%. The event type was `paid_in_capital_increase`, event score was -70.00, news sentiment score was 0.00, and news attention score was 5.00.",This event pattern can be treated as a useful reference case for future predictions.,Maintain current rule weight for this pattern and use it as a positive reference sample.,increase
20260914.0,223310,사토시홀딩스,paid_in_capital_increase,[기재정정]주요사항보고서(유상증자결정),negative,-70,5,0,5,4,-0.0215,-0.0414,success,negative_signal_confirmed,"The prediction direction `negative` was consistent with the actual next close return of -4.14%. The event type was `paid_in_capital_increase`, event score was -70.00, news sentiment score was 0.00, and news attention score was 5.00.",This event pattern can be treated as a useful reference case for future predictions.,Maintain current rule weight for this pattern and use it as a positive reference sample.,increase
20260914.0,223310,사토시홀딩스,paid_in_capital_increase,[기재정정]주요사항보고서(유상증자결정),negative,-70,5,0,5,4,-0.0215,-0.0414,success,negative_signal_confirmed,"The prediction direction `negative` was consistent with the actual next close return of -4.14%. The event type was `paid_in_capital_increase`, event score was -70.00, news sentiment score was 0.00, and news attention score was 5.00.",This event pattern can be treated as a useful reference case for future predictions.,Maintain current rule weight for this pattern and use it as a positive reference sample.,increase
20260914.0,223310,사토시홀딩스,paid_in_capital_increase,[기재정정]주요사항보고서(유상증자결정),negative,-70,5,0,5,4,-0.0215,-0.0414,success,negative_signal_confirmed,"The prediction direction `negative` was consistent with the actual next close return of -4.14%. The event type was `paid_in_capital_increase`, event score was -70.00, news sentiment score was 0.00, and news attention score was 5.00.",This event pattern can be treated as a useful reference case for future predictions.,Maintain current rule weight for this pattern and use it as a positive reference sample.,increase
20260914.0,223310,사토시홀딩스,paid_in_capital_increase,증권발행결과(자율공시)              (제3자배정 유상증자),negative,-70,5,0,5,4,-0.0215,-0.0414,success,negative_signal_confirmed,"The prediction direction `negative` was consistent with the actual next close return of -4.14%. The event type was `paid_in_capital_increase`, event score was -70.00, news sentiment score was 0.00, and news attention score was 5.00.",This event pattern can be treated as a useful reference case for future predictions.,Maintain current rule weight for this pattern and use it as a positive reference sample.,increase
20260914.0,223310,사토시홀딩스,paid_in_capital_increase,증권발행결과(자율공시)              (제3자배정 유상증자),negative,-70,5,0,5,4,-0.0215,-0.0414,success,negative_signal_confirmed,"The prediction direction `negative` was consistent with the actual next close return of -4.14%. The event type was `paid_in_capital_increase`, event score was -70.00, news sentiment score was 0.00, and news attention score was 5.00.",This event pattern can be treated as a useful reference case for future predictions.,Maintain current rule weight for this pattern and use it as a positive reference sample.,increase
20260914.0,223310,사토시홀딩스,paid_in_capital_increase,증권발행결과(자율공시)              (제3자배정 유상증자),negative,-70,5,0,5,4,-0.0215,-0.0414,success,negative_signal_confirmed,"The prediction direction `negative` was consistent with the actual next close return of -4.14%. The event type was `paid_in_capital_increase`, event score was -70.00, news sentiment score was 0.00, and news attention score was 5.00.",This event pattern can be treated as a useful reference case for future predictions.,Maintain current rule weight for this pattern and use it as a positive reference sample.,increase
20260914.0,223310,사토시홀딩스,paid_in_capital_increase,증권발행결과(자율공시)              (제3자배정 유상증자),negative,-70,5,0,5,4,-0.0215,-0.0414,success,negative_signal_confirmed,"The prediction direction `negative` was consistent with the actual next close return of -4.14%. The event type was `paid_in_capital_increase`, event score was -70.00, news sentiment score was 0.00, and news attention score was 5.00.",This event pattern can be treated as a useful reference case for future predictions.,Maintain current rule weight for this pattern and use it as a positive reference sample.,increase
20260914.0,223310,사토시홀딩스,paid_in_capital_increase,증권발행결과(자율공시)              (제3자배정 유상증자),negative,-70,5,0,5,4,-0.0215,-0.0414,success,negative_signal_confirmed,"The prediction direction `negative` was consistent with the actual next close return of -4.14%. The event type was `paid_in_capital_increase`, event score was -70.00, news sentiment score was 0.00, and news attention score was 5.00.",This event pattern can be treated as a useful reference case for future predictions.,Maintain current rule weight for this pattern and use it as a positive reference sample.,increase
20260914.0,223310,사토시홀딩스,paid_in_capital_increase,증권발행결과(자율공시)              (제3자배정 유상증자),negative,-70,5,0,5,4,-0.0215,-0.0414,success,negative_signal_confirmed,"The prediction direction `negative` was consistent with the actual next close return of -4.14%. The event type was `paid_in_capital_increase`, event score was -70.00, news sentiment score was 0.00, and news attention score was 5.00.",This event pattern can be treated as a useful reference case for future predictions.,Maintain current rule weight for this pattern and use it as a positive reference sample.,increase
20260914.0,223310,사토시홀딩스,paid_in_capital_increase,증권발행결과(자율공시)              (제3자배정 유상증자),negative,-70,5,0,5,4,-0.0215,-0.0414,success,negative_signal_confirmed,"The prediction direction `negative` was consistent with the actual next close return of -4.14%. The event type was `paid_in_capital_increase`, event score was -70.00, news sentiment score was 0.00, and news attention score was 5.00.",This event pattern can be treated as a useful reference case for future predictions.,Maintain current rule weight for this pattern and use it as a positive reference sample.,increase
20260914.0,223310,사토시홀딩스,paid_in_capital_increase,증권발행결과(자율공시)              (제3자배정 유상증자),negative,-70,5,0,5,4,-0.0215,-0.0414,success,negative_signal_confirmed,"The prediction direction `negative` was consistent with the actual next close return of -4.14%. The event type was `paid_in_capital_increase`, event score was -70.00, news sentiment score was 0.00, and news attention score was 5.00.",This event pattern can be treated as a useful reference case for future predictions.,Maintain current rule weight for this pattern and use it as a positive reference sample.,increase
20260914.0,079190,케스피온,paid_in_capital_increase,[기재정정]주요사항보고서(유상증자결정),negative,-70,5,-3,5,7,0.0204,-0.095,success,negative_signal_confirmed,"The prediction direction `negative` was consistent with the actual next close return of -9.50%. The event type was `paid_in_capital_increase`, event score was -70.00, news sentiment score was -3.00, and news attention score was 5.00.",This event pattern can be treated as a useful reference case for future predictions.,Maintain current rule weight for this pattern and use it as a positive reference sample.,increase
20260914.0,079190,케스피온,paid_in_capital_increase,[기재정정]주요사항보고서(유상증자결정),negative,-70,5,-3,5,7,0.0204,-0.095,success,negative_signal_confirmed,"The prediction direction `negative` was consistent with the actual next close return of -9.50%. The event type was `paid_in_capital_increase`, event score was -70.00, news sentiment score was -3.00, and news attention score was 5.00.",This event pattern can be treated as a useful reference case for future predictions.,Maintain current rule weight for this pattern and use it as a positive reference sample.,increase
20260914.0,079190,케스피온,paid_in_capital_increase,[기재정정]주요사항보고서(유상증자결정),negative,-70,5,-3,5,7,0.0204,-0.095,success,negative_signal_confirmed,"The prediction direction `negative` was consistent with the actual next close return of -9.50%. The event type was `paid_in_capital_increase`, event score was -70.00, news sentiment score was -3.00, and news attention score was 5.00.",This event pattern can be treated as a useful reference case for future predictions.,Maintain current rule weight for this pattern and use it as a positive reference sample.,increase
20260914.0,079190,케스피온,paid_in_capital_increase,[기재정정]주요사항보고서(유상증자결정),negative,-70,5,-3,5,7,0.0204,-0.095,success,negative_signal_confirmed,"The prediction direction `negative` was consistent with the actual next close return of -9.50%. The event type was `paid_in_capital_increase`, event score was -70.00, news sentiment score was -3.00, and news attention score was 5.00.",This event pattern can be treated as a useful reference case for future predictions.,Maintain current rule weight for this pattern and use it as a positive reference sample.,increase
20260914.0,079190,케스피온,paid_in_capital_increase,[기재정정]주요사항보고서(유상증자결정),negative,-70,5,-3,5,7,0.0204,-0.095,success,negative_signal_confirmed,"The prediction direction `negative` was consistent with the actual next close return of -9.50%. The event type was `paid_in_capital_increase`, event score was -70.00, news sentiment score was -3.00, and news attention score was 5.00.",This event pattern can be treated as a useful reference case for future predictions.,Maintain current rule weight for this pattern and use it as a positive reference sample.,increase
20260914.0,079190,케스피온,paid_in_capital_increase,[기재정정]주요사항보고서(유상증자결정),negative,-70,5,-3,5,7,0.0204,-0.095,success,negative_signal_confirmed,"The prediction direction `negative` was consistent with the actual next close return of -9.50%. The event type was `paid_in_capital_increase`, event score was -70.00, news sentiment score was -3.00, and news attention score was 5.00.",This event pattern can be treated as a useful reference case for future predictions.,Maintain current rule weight for this pattern and use it as a positive reference sample.,increase
20260914.0,247660,나노씨엠에스,paid_in_capital_increase,유상증자또는주식관련사채등의청약결과(자율공시)              ,negative,-70,5,-1,5,4,-0.0156,-0.0104,success,negative_signal_confirmed,"The prediction direction `negative` was consistent with the actual next close return of -1.04%. The event type was `paid_in_capital_increase`, event score was -70.00, news sentiment score was -1.00, and news attention score was 5.00.",This event pattern can be treated as a useful reference case for future predictions.,Maintain current rule weight for this pattern and use it as a positive reference sample.,increase
20260914.0,000720,현대건설,supply_contract,[기재정정]단일판매ㆍ공급계약체결              ,positive,70,5,4,5,0,0.0048,0.0052,success,positive_signal_confirmed,"The prediction direction `positive` was consistent with the actual next close return of 0.52%. The event type was `supply_contract`, event score was 70.00, news sentiment score was 4.00, and news attention score was 5.00.",This event pattern can be treated as a useful reference case for future predictions.,Maintain current rule weight for this pattern and use it as a positive reference sample.,increase
20260914.0,000720,현대건설,supply_contract,[기재정정]단일판매ㆍ공급계약체결              ,positive,70,5,4,5,0,0.0048,0.0052,success,positive_signal_confirmed,"The prediction direction `positive` was consistent with the actual next close return of 0.52%. The event type was `supply_contract`, event score was 70.00, news sentiment score was 4.00, and news attention score was 5.00.",This event pattern can be treated as a useful reference case for future predictions.,Maintain current rule weight for this pattern and use it as a positive reference sample.,increase
20260914.0,004090,한국석유공업,major_shareholder_change,최대주주등소유주식변동신고서              ,volatile,10,5,4,5,0,-0.0174,-0.0301,success,volatility_signal_confirmed,"The prediction direction `volatile` was consistent with the actual next close return of -3.01%. The event type was `major_shareholder_change`, event score was 10.00, news sentiment score was 4.00, and news attention score was 5.00.",This event pattern can be treated as a useful reference case for future predictions.,Maintain current rule weight for this pattern and use it as a positive reference sample.,increase
20260914.0,080420,모다이노칩,merger,[기재정정]주요사항보고서(회사합병결정),volatile,30,5,2,5,2,-0.0379,-0.0489,success,volatility_signal_confirmed,"The prediction direction `volatile` was consistent with the actual next close return of -4.89%. The event type was `merger`, event score was 30.00, news sentiment score was 2.00, and news attention score was 5.00.",This event pattern can be treated as a useful reference case for future predictions.,Maintain current rule weight for this pattern and use it as a positive reference sample.,increase
20260914.0,199800,툴젠,paid_in_capital_increase,[기재정정]주요사항보고서(유상증자결정),negative,-70,5,1,5,4,0.0148,0.0361,failure,negative_signal_reversed,"The prediction direction was `negative`, but the actual next close return was 3.61%. The event type was `paid_in_capital_increase` with event score -70.00. The disclosure title was `[기재정정]주요사항보고서(유상증자결정)`. The event had 4 negative keyword signals, which may have reduced market confidence.",Some negative events can rebound if the market interprets them as already priced in or less severe than expected.,Reduce negative confidence when negative events show positive actual returns repeatedly.,slightly_decrease
20260914.0,199800,툴젠,paid_in_capital_increase,[기재정정]주요사항보고서(유상증자결정),negative,-70,5,1,5,4,0.0148,0.0361,failure,negative_signal_reversed,"The prediction direction was `negative`, but the actual next close return was 3.61%. The event type was `paid_in_capital_increase` with event score -70.00. The disclosure title was `[기재정정]주요사항보고서(유상증자결정)`. The event had 4 negative keyword signals, which may have reduced market confidence.",Some negative events can rebound if the market interprets them as already priced in or less severe than expected.,Reduce negative confidence when negative events show positive actual returns repeatedly.,slightly_decrease
20260914.0,199800,툴젠,paid_in_capital_increase,[기재정정]주요사항보고서(유상증자결정),negative,-70,5,1,5,4,0.0148,0.0361,failure,negative_signal_reversed,"The prediction direction was `negative`, but the actual next close return was 3.61%. The event type was `paid_in_capital_increase` with event score -70.00. The disclosure title was `[기재정정]주요사항보고서(유상증자결정)`. The event had 4 negative keyword signals, which may have reduced market confidence.",Some negative events can rebound if the market interprets them as already priced in or less severe than expected.,Reduce negative confidence when negative events show positive actual returns repeatedly.,slightly_decrease
20260914.0,199800,툴젠,paid_in_capital_increase,[기재정정]주요사항보고서(유상증자결정),negative,-70,5,1,5,4,0.0148,0.0361,failure,negative_signal_reversed,"The prediction direction was `negative`, but the actual next close return was 3.61%. The event type was `paid_in_capital_increase` with event score -70.00. The disclosure title was `[기재정정]주요사항보고서(유상증자결정)`. The event had 4 negative keyword signals, which may have reduced market confidence.",Some negative events can rebound if the market interprets them as already priced in or less severe than expected.,Reduce negative confidence when negative events show positive actual returns repeatedly.,slightly_decrease
20260914.0,199800,툴젠,paid_in_capital_increase,[기재정정]주요사항보고서(유상증자결정),negative,-70,5,1,5,4,0.0148,0.0361,failure,negative_signal_reversed,"The prediction direction was `negative`, but the actual next close return was 3.61%. The event type was `paid_in_capital_increase` with event score -70.00. The disclosure title was `[기재정정]주요사항보고서(유상증자결정)`. The event had 4 negative keyword signals, which may have reduced market confidence.",Some negative events can rebound if the market interprets them as already priced in or less severe than expected.,Reduce negative confidence when negative events show positive actual returns repeatedly.,slightly_decrease
20260914.0,199800,툴젠,paid_in_capital_increase,[기재정정]주요사항보고서(유상증자결정),negative,-70,5,1,5,4,0.0148,0.0361,failure,negative_signal_reversed,"The prediction direction was `negative`, but the actual next close return was 3.61%. The event type was `paid_in_capital_increase` with event score -70.00. The disclosure title was `[기재정정]주요사항보고서(유상증자결정)`. The event had 4 negative keyword signals, which may have reduced market confidence.",Some negative events can rebound if the market interprets them as already priced in or less severe than expected.,Reduce negative confidence when negative events show positive actual returns repeatedly.,slightly_decrease
20260914.0,199800,툴젠,paid_in_capital_increase,[기재정정]주요사항보고서(유상증자결정),negative,-70,5,1,5,4,0.0148,0.0361,failure,negative_signal_reversed,"The prediction direction was `negative`, but the actual next close return was 3.61%. The event type was `paid_in_capital_increase` with event score -70.00. The disclosure title was `[기재정정]주요사항보고서(유상증자결정)`. The event had 4 negative keyword signals, which may have reduced market confidence.",Some negative events can rebound if the market interprets them as already priced in or less severe than expected.,Reduce negative confidence when negative events show positive actual returns repeatedly.,slightly_decrease
20260914.0,199800,툴젠,paid_in_capital_increase,[기재정정]주요사항보고서(유상증자결정),negative,-70,5,1,5,4,0.0148,0.0361,failure,negative_signal_reversed,"The prediction direction was `negative`, but the actual next close return was 3.61%. The event type was `paid_in_capital_increase` with event score -70.00. The disclosure title was `[기재정정]주요사항보고서(유상증자결정)`. The event had 4 negative keyword signals, which may have reduced market confidence.",Some negative events can rebound if the market interprets them as already priced in or less severe than expected.,Reduce negative confidence when negative events show positive actual returns repeatedly.,slightly_decrease
20260914.0,046970,우리로,supply_contract,단일판매ㆍ공급계약체결              ,positive,70,5,6,5,0,0.0225,-0.0309,failure,general_prediction_failure,"The prediction direction was `positive`, but the actual next close return was -3.09%. The event type was `supply_contract` with event score 70.00. The disclosure title was `단일판매ㆍ공급계약체결              `.",The current rule set was not sufficient to explain the actual price reaction.,"Add more features such as market index return, trading volume, and sector movement.",slightly_decrease
20260914.0,900300,오가닉티코스메틱,paid_in_capital_increase,증권발행결과(자율공시)              (제3자배정 유상증자),negative,-70,5,2,5,1,-0.0252,-0.0341,success,negative_signal_confirmed,"The prediction direction `negative` was consistent with the actual next close return of -3.41%. The event type was `paid_in_capital_increase`, event score was -70.00, news sentiment score was 2.00, and news attention score was 5.00.",This event pattern can be treated as a useful reference case for future predictions.,Maintain current rule weight for this pattern and use it as a positive reference sample.,increase
20260914.0,469750,아이비젼웍스,supply_contract,단일판매ㆍ공급계약체결              ,positive,70,5,8,5,2,-1.0,0.0,failure,positive_signal_with_negative_noise,"The prediction direction was `positive`, but the actual next close return was 0.00%. The event type was `supply_contract` with event score 70.00. The disclosure title was `단일판매ㆍ공급계약체결              `. The event had 2 negative keyword signals, which may have reduced market confidence.",Positive events with multiple negative keywords should receive lower confidence.,Apply a penalty when negative_keyword_count is greater than or equal to two.,decrease
20260914.0,326030,에스케이바이오팜,supply_contract,단일판매ㆍ공급계약체결              ,positive,70,5,2,5,1,0.0026,0.0013,success,positive_signal_confirmed,"The prediction direction `positive` was consistent with the actual next close return of 0.13%. The event type was `supply_contract`, event score was 70.00, news sentiment score was 2.00, and news attention score was 5.00.",This event pattern can be treated as a useful reference case for future predictions.,Maintain current rule weight for this pattern and use it as a positive reference sample.,increase
20260914.0,172670,에이엘티,convertible_bond,전환사채(해외전환사채포함)발행후만기전사채취득              (제7회차),negative,-60,5,6,5,1,0.0233,-0.0216,success,negative_signal_confirmed,"The prediction direction `negative` was consistent with the actual next close return of -2.16%. The event type was `convertible_bond`, event score was -60.00, news sentiment score was 6.00, and news attention score was 5.00.",This event pattern can be treated as a useful reference case for future predictions.,Maintain current rule weight for this pattern and use it as a positive reference sample.,increase
20260914.0,011560,세보엠이씨,supply_contract,단일판매ㆍ공급계약체결              ,positive,70,5,7,5,0,0.0105,0.0021,success,positive_signal_confirmed,"The prediction direction `positive` was consistent with the actual next close return of 0.21%. The event type was `supply_contract`, event score was 70.00, news sentiment score was 7.00, and news attention score was 5.00.",This event pattern can be treated as a useful reference case for future predictions.,Maintain current rule weight for this pattern and use it as a positive reference sample.,increase
20260914.0,047920,HLB제약,paid_in_capital_increase,유상증자또는주식관련사채등의청약결과(자율공시)              ,negative,-70,5,6,5,2,0.0016,0.0202,failure,negative_signal_reversed,"The prediction direction was `negative`, but the actual next close return was 2.02%. The event type was `paid_in_capital_increase` with event score -70.00. The disclosure title was `유상증자또는주식관련사채등의청약결과(자율공시)              `. The event had 2 negative keyword signals, which may have reduced market confidence.",Some negative events can rebound if the market interprets them as already priced in or less severe than expected.,Reduce negative confidence when negative events show positive actual returns repeatedly.,slightly_decrease
20260914.0,336260,두산퓨얼셀,supply_contract,[기재정정]단일판매ㆍ공급계약체결              ,positive,70,5,-2,5,5,0.0194,0.0776,success,positive_signal_confirmed,"The prediction direction `positive` was consistent with the actual next close return of 7.76%. The event type was `supply_contract`, event score was 70.00, news sentiment score was -2.00, and news attention score was 5.00.",This event pattern can be treated as a useful reference case for future predictions.,Maintain current rule weight for this pattern and use it as a positive reference sample.,increase
20260914.0,011300,우성머티리얼스,paid_in_capital_increase,[기재정정]주요사항보고서(유상증자결정),negative,-70,5,-2,5,6,0.0222,-0.004,success,negative_signal_confirmed,"The prediction direction `negative` was consistent with the actual next close return of -0.40%. The event type was `paid_in_capital_increase`, event score was -70.00, news sentiment score was -2.00, and news attention score was 5.00.",This event pattern can be treated as a useful reference case for future predictions.,Maintain current rule weight for this pattern and use it as a positive reference sample.,increase
20260914.0,011300,우성머티리얼스,paid_in_capital_increase,[기재정정]주요사항보고서(유상증자결정),negative,-70,5,-2,5,6,0.0222,-0.004,success,negative_signal_confirmed,"The prediction direction `negative` was consistent with the actual next close return of -0.40%. The event type was `paid_in_capital_increase`, event score was -70.00, news sentiment score was -2.00, and news attention score was 5.00.",This event pattern can be treated as a useful reference case for future predictions.,Maintain current rule weight for this pattern and use it as a positive reference sample.,increase
20260914.0,123860,아나패스,major_shareholder_change,[기재정정]최대주주변경을수반하는주식담보제공계약체결              ,volatile,10,5,5,5,2,-0.0081,-0.0198,failure,volatility_overestimated,"The prediction direction was `volatile`, but the actual next close return was -1.98%. The event type was `major_shareholder_change` with event score 10.00. The disclosure title was `[기재정정]최대주주변경을수반하는주식담보제공계약체결              `. The event had 2 negative keyword signals, which may have reduced market confidence. The event was treated as volatile, but the actual price movement may have been smaller than expected.",Volatile event classification should require stronger attention or stronger historical movement patterns.,Require higher news_attention_score before classifying an event as a strong volatility candidate.,decrease
20260914.0,123860,아나패스,major_shareholder_change,[기재정정]최대주주변경을수반하는주식담보제공계약체결              ,volatile,10,5,5,5,2,-0.0081,-0.0198,failure,volatility_overestimated,"The prediction direction was `volatile`, but the actual next close return was -1.98%. The event type was `major_shareholder_change` with event score 10.00. The disclosure title was `[기재정정]최대주주변경을수반하는주식담보제공계약체결              `. The event had 2 negative keyword signals, which may have reduced market confidence. The event was treated as volatile, but the actual price movement may have been smaller than expected.",Volatile event classification should require stronger attention or stronger historical movement patterns.,Require higher news_attention_score before classifying an event as a strong volatility candidate.,decrease
20260914.0,115530,씨엔플러스,supply_contract,[기재정정]단일판매ㆍ공급계약체결              ,positive,70,5,5,5,2,-0.0036,-0.0196,failure,positive_signal_with_negative_noise,"The prediction direction was `positive`, but the actual next close return was -1.96%. The event type was `supply_contract` with event score 70.00. The disclosure title was `[기재정정]단일판매ㆍ공급계약체결              `. The event had 2 negative keyword signals, which may have reduced market confidence.",Positive events with multiple negative keywords should receive lower confidence.,Apply a penalty when negative_keyword_count is greater than or equal to two.,decrease
20260914.0,199800,툴젠,paid_in_capital_increase,유상증자최종발행가액확정              ,negative,-70,5,1,5,4,0.0148,0.0361,failure,negative_signal_reversed,"The prediction direction was `negative`, but the actual next close return was 3.61%. The event type was `paid_in_capital_increase` with event score -70.00. The disclosure title was `유상증자최종발행가액확정              `. The event had 4 negative keyword signals, which may have reduced market confidence.",Some negative events can rebound if the market interprets them as already priced in or less severe than expected.,Reduce negative confidence when negative events show positive actual returns repeatedly.,slightly_decrease
20260914.0,199800,툴젠,paid_in_capital_increase,유상증자최종발행가액확정              ,negative,-70,5,1,5,4,0.0148,0.0361,failure,negative_signal_reversed,"The prediction direction was `negative`, but the actual next close return was 3.61%. The event type was `paid_in_capital_increase` with event score -70.00. The disclosure title was `유상증자최종발행가액확정              `. The event had 4 negative keyword signals, which may have reduced market confidence.",Some negative events can rebound if the market interprets them as already priced in or less severe than expected.,Reduce negative confidence when negative events show positive actual returns repeatedly.,slightly_decrease
20260914.0,199800,툴젠,paid_in_capital_increase,유상증자최종발행가액확정              ,negative,-70,5,1,5,4,0.0148,0.0361,failure,negative_signal_reversed,"The prediction direction was `negative`, but the actual next close return was 3.61%. The event type was `paid_in_capital_increase` with event score -70.00. The disclosure title was `유상증자최종발행가액확정              `. The event had 4 negative keyword signals, which may have reduced market confidence.",Some negative events can rebound if the market interprets them as already priced in or less severe than expected.,Reduce negative confidence when negative events show positive actual returns repeatedly.,slightly_decrease
20260914.0,199800,툴젠,paid_in_capital_increase,유상증자최종발행가액확정              ,negative,-70,5,1,5,4,0.0148,0.0361,failure,negative_signal_reversed,"The prediction direction was `negative`, but the actual next close return was 3.61%. The event type was `paid_in_capital_increase` with event score -70.00. The disclosure title was `유상증자최종발행가액확정              `. The event had 4 negative keyword signals, which may have reduced market confidence.",Some negative events can rebound if the market interprets them as already priced in or less severe than expected.,Reduce negative confidence when negative events show positive actual returns repeatedly.,slightly_decrease
20260914.0,199800,툴젠,paid_in_capital_increase,유상증자최종발행가액확정              ,negative,-70,5,1,5,4,0.0148,0.0361,failure,negative_signal_reversed,"The prediction direction was `negative`, but the actual next close return was 3.61%. The event type was `paid_in_capital_increase` with event score -70.00. The disclosure title was `유상증자최종발행가액확정              `. The event had 4 negative keyword signals, which may have reduced market confidence.",Some negative events can rebound if the market interprets them as already priced in or less severe than expected.,Reduce negative confidence when negative events show positive actual returns repeatedly.,slightly_decrease
20260914.0,199800,툴젠,paid_in_capital_increase,유상증자최종발행가액확정              ,negative,-70,5,1,5,4,0.0148,0.0361,failure,negative_signal_reversed,"The prediction direction was `negative`, but the actual next close return was 3.61%. The event type was `paid_in_capital_increase` with event score -70.00. The disclosure title was `유상증자최종발행가액확정              `. The event had 4 negative keyword signals, which may have reduced market confidence.",Some negative events can rebound if the market interprets them as already priced in or less severe than expected.,Reduce negative confidence when negative events show positive actual returns repeatedly.,slightly_decrease
20260914.0,199800,툴젠,paid_in_capital_increase,유상증자최종발행가액확정              ,negative,-70,5,1,5,4,0.0148,0.0361,failure,negative_signal_reversed,"The prediction direction was `negative`, but the actual next close return was 3.61%. The event type was `paid_in_capital_increase` with event score -70.00. The disclosure title was `유상증자최종발행가액확정              `. The event had 4 negative keyword signals, which may have reduced market confidence.",Some negative events can rebound if the market interprets them as already priced in or less severe than expected.,Reduce negative confidence when negative events show positive actual returns repeatedly.,slightly_decrease
20260914.0,199800,툴젠,paid_in_capital_increase,유상증자최종발행가액확정              ,negative,-70,5,1,5,4,0.0148,0.0361,failure,negative_signal_reversed,"The prediction direction was `negative`, but the actual next close return was 3.61%. The event type was `paid_in_capital_increase` with event score -70.00. The disclosure title was `유상증자최종발행가액확정              `. The event had 4 negative keyword signals, which may have reduced market confidence.",Some negative events can rebound if the market interprets them as already priced in or less severe than expected.,Reduce negative confidence when negative events show positive actual returns repeatedly.,slightly_decrease
20260914.0,333050,이노테나,convertible_bond,주요사항보고서(전환사채권발행결정),negative,-60,5,-1,5,6,-0.0422,-0.0088,success,negative_signal_confirmed,"The prediction direction `negative` was consistent with the actual next close return of -0.88%. The event type was `convertible_bond`, event score was -60.00, news sentiment score was -1.00, and news attention score was 5.00.",This event pattern can be treated as a useful reference case for future predictions.,Maintain current rule weight for this pattern and use it as a positive reference sample.,increase
20260914.0,038880,아이에이,paid_in_capital_increase,[기재정정]주요사항보고서(유상증자결정),negative,-70,5,1,5,2,-0.0535,-0.0564,success,negative_signal_confirmed,"The prediction direction `negative` was consistent with the actual next close return of -5.64%. The event type was `paid_in_capital_increase`, event score was -70.00, news sentiment score was 1.00, and news attention score was 5.00.",This event pattern can be treated as a useful reference case for future predictions.,Maintain current rule weight for this pattern and use it as a positive reference sample.,increase
20260914.0,220100,퓨쳐켐,convertible_bond,전환사채(해외전환사채포함)발행후만기전사채취득              ,negative,-60,5,1,5,2,0.0134,0.0024,failure,negative_signal_reversed,"The prediction direction was `negative`, but the actual next close return was 0.24%. The event type was `convertible_bond` with event score -60.00. The disclosure title was `전환사채(해외전환사채포함)발행후만기전사채취득              `. The event had 2 negative keyword signals, which may have reduced market confidence.",Some negative events can rebound if the market interprets them as already priced in or less severe than expected.,Reduce negative confidence when negative events show positive actual returns repeatedly.,slightly_decrease
20260914.0,038060,루멘스바이오스,paid_in_capital_increase,[첨부정정]주요사항보고서(유상증자결정),negative,-70,5,0,5,0,-1.0,-0.0014,success,negative_signal_confirmed,"The prediction direction `negative` was consistent with the actual next close return of -0.14%. The event type was `paid_in_capital_increase`, event score was -70.00, news sentiment score was 0.00, and news attention score was 5.00.",This event pattern can be treated as a useful reference case for future predictions.,Maintain current rule weight for this pattern and use it as a positive reference sample.,increase
20260914.0,038060,루멘스바이오스,paid_in_capital_increase,[첨부정정]주요사항보고서(유상증자결정),negative,-70,5,0,5,0,-1.0,-0.0014,success,negative_signal_confirmed,"The prediction direction `negative` was consistent with the actual next close return of -0.14%. The event type was `paid_in_capital_increase`, event score was -70.00, news sentiment score was 0.00, and news attention score was 5.00.",This event pattern can be treated as a useful reference case for future predictions.,Maintain current rule weight for this pattern and use it as a positive reference sample.,increase
20260914.0,038060,루멘스바이오스,paid_in_capital_increase,[첨부정정]주요사항보고서(유상증자결정),negative,-70,5,0,5,0,-1.0,-0.0014,success,negative_signal_confirmed,"The prediction direction `negative` was consistent with the actual next close return of -0.14%. The event type was `paid_in_capital_increase`, event score was -70.00, news sentiment score was 0.00, and news attention score was 5.00.",This event pattern can be treated as a useful reference case for future predictions.,Maintain current rule weight for this pattern and use it as a positive reference sample.,increase
20260914.0,052400,코나아이,bonus_issue,주권매매거래정지              (무상증자),positive,60,5,3,5,0,0.0174,0.0174,success,positive_signal_confirmed,"The prediction direction `positive` was consistent with the actual next close return of 1.74%. The event type was `bonus_issue`, event score was 60.00, news sentiment score was 3.00, and news attention score was 5.00.",This event pattern can be treated as a useful reference case for future predictions.,Maintain current rule weight for this pattern and use it as a positive reference sample.,increase
20260914.0,052400,코나아이,bonus_issue,주권매매거래정지              (무상증자),positive,60,5,3,5,0,0.0174,0.0174,success,positive_signal_confirmed,"The prediction direction `positive` was consistent with the actual next close return of 1.74%. The event type was `bonus_issue`, event score was 60.00, news sentiment score was 3.00, and news attention score was 5.00.",This event pattern can be treated as a useful reference case for future predictions.,Maintain current rule weight for this pattern and use it as a positive reference sample.,increase
20260914.0,052400,코나아이,bonus_issue,주권매매거래정지              (무상증자),positive,60,5,3,5,0,0.0174,0.0174,success,positive_signal_confirmed,"The prediction direction `positive` was consistent with the actual next close return of 1.74%. The event type was `bonus_issue`, event score was 60.00, news sentiment score was 3.00, and news attention score was 5.00.",This event pattern can be treated as a useful reference case for future predictions.,Maintain current rule weight for this pattern and use it as a positive reference sample.,increase
20260914.0,052400,코나아이,bonus_issue,주권매매거래정지              (무상증자),positive,60,5,3,5,0,0.0174,0.0174,success,positive_signal_confirmed,"The prediction direction `positive` was consistent with the actual next close return of 1.74%. The event type was `bonus_issue`, event score was 60.00, news sentiment score was 3.00, and news attention score was 5.00.",This event pattern can be treated as a useful reference case for future predictions.,Maintain current rule weight for this pattern and use it as a positive reference sample.,increase
20260914.0,052400,코나아이,bonus_issue,주권매매거래정지              (무상증자),positive,60,5,3,5,0,0.0174,0.0174,success,positive_signal_confirmed,"The prediction direction `positive` was consistent with the actual next close return of 1.74%. The event type was `bonus_issue`, event score was 60.00, news sentiment score was 3.00, and news attention score was 5.00.",This event pattern can be treated as a useful reference case for future predictions.,Maintain current rule weight for this pattern and use it as a positive reference sample.,increase
20260914.0,052400,코나아이,bonus_issue,주권매매거래정지              (무상증자),positive,60,5,3,5,0,0.0174,0.0174,success,positive_signal_confirmed,"The prediction direction `positive` was consistent with the actual next close return of 1.74%. The event type was `bonus_issue`, event score was 60.00, news sentiment score was 3.00, and news attention score was 5.00.",This event pattern can be treated as a useful reference case for future predictions.,Maintain current rule weight for this pattern and use it as a positive reference sample.,increase
20260914.0,052400,코나아이,bonus_issue,주권매매거래정지              (무상증자),positive,60,5,3,5,0,0.0174,0.0174,success,positive_signal_confirmed,"The prediction direction `positive` was consistent with the actual next close return of 1.74%. The event type was `bonus_issue`, event score was 60.00, news sentiment score was 3.00, and news attention score was 5.00.",This event pattern can be treated as a useful reference case for future predictions.,Maintain current rule weight for this pattern and use it as a positive reference sample.,increase
20260914.0,052400,코나아이,bonus_issue,주권매매거래정지              (무상증자),positive,60,5,3,5,0,0.0174,0.0174,success,positive_signal_confirmed,"The prediction direction `positive` was consistent with the actual next close return of 1.74%. The event type was `bonus_issue`, event score was 60.00, news sentiment score was 3.00, and news attention score was 5.00.",This event pattern can be treated as a useful reference case for future predictions.,Maintain current rule weight for this pattern and use it as a positive reference sample.,increase
20260914.0,052400,코나아이,bonus_issue,주요사항보고서(무상증자결정),positive,60,5,3,5,0,0.0174,0.0174,success,positive_signal_confirmed,"The prediction direction `positive` was consistent with the actual next close return of 1.74%. The event type was `bonus_issue`, event score was 60.00, news sentiment score was 3.00, and news attention score was 5.00.",This event pattern can be treated as a useful reference case for future predictions.,Maintain current rule weight for this pattern and use it as a positive reference sample.,increase
20260914.0,052400,코나아이,bonus_issue,주요사항보고서(무상증자결정),positive,60,5,3,5,0,0.0174,0.0174,success,positive_signal_confirmed,"The prediction direction `positive` was consistent with the actual next close return of 1.74%. The event type was `bonus_issue`, event score was 60.00, news sentiment score was 3.00, and news attention score was 5.00.",This event pattern can be treated as a useful reference case for future predictions.,Maintain current rule weight for this pattern and use it as a positive reference sample.,increase
20260914.0,052400,코나아이,bonus_issue,주요사항보고서(무상증자결정),positive,60,5,3,5,0,0.0174,0.0174,success,positive_signal_confirmed,"The prediction direction `positive` was consistent with the actual next close return of 1.74%. The event type was `bonus_issue`, event score was 60.00, news sentiment score was 3.00, and news attention score was 5.00.",This event pattern can be treated as a useful reference case for future predictions.,Maintain current rule weight for this pattern and use it as a positive reference sample.,increase
20260914.0,052400,코나아이,bonus_issue,주요사항보고서(무상증자결정),positive,60,5,3,5,0,0.0174,0.0174,success,positive_signal_confirmed,"The prediction direction `positive` was consistent with the actual next close return of 1.74%. The event type was `bonus_issue`, event score was 60.00, news sentiment score was 3.00, and news attention score was 5.00.",This event pattern can be treated as a useful reference case for future predictions.,Maintain current rule weight for this pattern and use it as a positive reference sample.,increase
20260914.0,052400,코나아이,bonus_issue,주요사항보고서(무상증자결정),positive,60,5,3,5,0,0.0174,0.0174,success,positive_signal_confirmed,"The prediction direction `positive` was consistent with the actual next close return of 1.74%. The event type was `bonus_issue`, event score was 60.00, news sentiment score was 3.00, and news attention score was 5.00.",This event pattern can be treated as a useful reference case for future predictions.,Maintain current rule weight for this pattern and use it as a positive reference sample.,increase
20260914.0,052400,코나아이,bonus_issue,주요사항보고서(무상증자결정),positive,60,5,3,5,0,0.0174,0.0174,success,positive_signal_confirmed,"The prediction direction `positive` was consistent with the actual next close return of 1.74%. The event type was `bonus_issue`, event score was 60.00, news sentiment score was 3.00, and news attention score was 5.00.",This event pattern can be treated as a useful reference case for future predictions.,Maintain current rule weight for this pattern and use it as a positive reference sample.,increase
20260914.0,052400,코나아이,bonus_issue,주요사항보고서(무상증자결정),positive,60,5,3,5,0,0.0174,0.0174,success,positive_signal_confirmed,"The prediction direction `positive` was consistent with the actual next close return of 1.74%. The event type was `bonus_issue`, event score was 60.00, news sentiment score was 3.00, and news attention score was 5.00.",This event pattern can be treated as a useful reference case for future predictions.,Maintain current rule weight for this pattern and use it as a positive reference sample.,increase
20260914.0,052400,코나아이,bonus_issue,주요사항보고서(무상증자결정),positive,60,5,3,5,0,0.0174,0.0174,success,positive_signal_confirmed,"The prediction direction `positive` was consistent with the actual next close return of 1.74%. The event type was `bonus_issue`, event score was 60.00, news sentiment score was 3.00, and news attention score was 5.00.",This event pattern can be treated as a useful reference case for future predictions.,Maintain current rule weight for this pattern and use it as a positive reference sample.,increase
20260914.0,010140,삼성중공업,supply_contract,단일판매ㆍ공급계약체결              ,positive,70,5,7,5,0,-0.0113,-0.0385,failure,general_prediction_failure,"The prediction direction was `positive`, but the actual next close return was -3.85%. The event type was `supply_contract` with event score 70.00. The disclosure title was `단일판매ㆍ공급계약체결              `.",The current rule set was not sufficient to explain the actual price reaction.,"Add more features such as market index return, trading volume, and sector movement.",slightly_decrease
20260914.0,101000,KS인더스트리,convertible_bond,주요사항보고서(전환사채권발행결정),negative,-60,5,-2,5,5,0.1029,0.0557,failure,negative_signal_reversed,"The prediction direction was `negative`, but the actual next close return was 5.57%. The event type was `convertible_bond` with event score -60.00. The disclosure title was `주요사항보고서(전환사채권발행결정)`. The event had 5 negative keyword signals, which may have reduced market confidence.",Some negative events can rebound if the market interprets them as already priced in or less severe than expected.,Reduce negative confidence when negative events show positive actual returns repeatedly.,slightly_decrease
20260914.0,101000,KS인더스트리,convertible_bond,주요사항보고서(전환사채권발행결정),negative,-60,5,-2,5,5,0.1029,0.0557,failure,negative_signal_reversed,"The prediction direction was `negative`, but the actual next close return was 5.57%. The event type was `convertible_bond` with event score -60.00. The disclosure title was `주요사항보고서(전환사채권발행결정)`. The event had 5 negative keyword signals, which may have reduced market confidence.",Some negative events can rebound if the market interprets them as already priced in or less severe than expected.,Reduce negative confidence when negative events show positive actual returns repeatedly.,slightly_decrease
20260914.0,101000,KS인더스트리,convertible_bond,주요사항보고서(전환사채권발행결정),negative,-60,5,-2,5,5,0.1029,0.0557,failure,negative_signal_reversed,"The prediction direction was `negative`, but the actual next close return was 5.57%. The event type was `convertible_bond` with event score -60.00. The disclosure title was `주요사항보고서(전환사채권발행결정)`. The event had 5 negative keyword signals, which may have reduced market confidence.",Some negative events can rebound if the market interprets them as already priced in or less severe than expected.,Reduce negative confidence when negative events show positive actual returns repeatedly.,slightly_decrease
20260914.0,101000,KS인더스트리,convertible_bond,주요사항보고서(전환사채권발행결정),negative,-60,5,-2,5,5,0.1029,0.0557,failure,negative_signal_reversed,"The prediction direction was `negative`, but the actual next close return was 5.57%. The event type was `convertible_bond` with event score -60.00. The disclosure title was `주요사항보고서(전환사채권발행결정)`. The event had 5 negative keyword signals, which may have reduced market confidence.",Some negative events can rebound if the market interprets them as already priced in or less severe than expected.,Reduce negative confidence when negative events show positive actual returns repeatedly.,slightly_decrease
20260914.0,101000,KS인더스트리,convertible_bond,주요사항보고서(전환사채권발행결정),negative,-60,5,-2,5,5,0.1029,0.0557,failure,negative_signal_reversed,"The prediction direction was `negative`, but the actual next close return was 5.57%. The event type was `convertible_bond` with event score -60.00. The disclosure title was `주요사항보고서(전환사채권발행결정)`. The event had 5 negative keyword signals, which may have reduced market confidence.",Some negative events can rebound if the market interprets them as already priced in or less severe than expected.,Reduce negative confidence when negative events show positive actual returns repeatedly.,slightly_decrease
20260914.0,101000,KS인더스트리,convertible_bond,주요사항보고서(전환사채권발행결정),negative,-60,5,-2,5,5,0.1029,0.0557,failure,negative_signal_reversed,"The prediction direction was `negative`, but the actual next close return was 5.57%. The event type was `convertible_bond` with event score -60.00. The disclosure title was `주요사항보고서(전환사채권발행결정)`. The event had 5 negative keyword signals, which may have reduced market confidence.",Some negative events can rebound if the market interprets them as already priced in or less severe than expected.,Reduce negative confidence when negative events show positive actual returns repeatedly.,slightly_decrease
