event_date,stock_code,corp_name,event_type,report_nm,prediction_direction,event_score,news_count,news_sentiment_score,news_attention_score,negative_keyword_count,next_open_return,next_close_return,prediction_result,error_category,detailed_error_reason,learning_point,next_rule_adjustment,confidence_adjustment
20260909.0,288980,모아데이타,paid_in_capital_increase,[기재정정]주요사항보고서(유상증자결정),negative,-70,5,-4,5,8,-0.016,-0.0449,success,negative_signal_confirmed,"The prediction direction `negative` was consistent with the actual next close return of -4.49%. The event type was `paid_in_capital_increase`, event score was -70.00, news sentiment score was -4.00, and news attention score was 5.00.",This event pattern can be treated as a useful reference case for future predictions.,Maintain current rule weight for this pattern and use it as a positive reference sample.,increase
20260909.0,288980,모아데이타,paid_in_capital_increase,[기재정정]주요사항보고서(유상증자결정),negative,-70,5,-4,5,8,-0.016,-0.0449,success,negative_signal_confirmed,"The prediction direction `negative` was consistent with the actual next close return of -4.49%. The event type was `paid_in_capital_increase`, event score was -70.00, news sentiment score was -4.00, and news attention score was 5.00.",This event pattern can be treated as a useful reference case for future predictions.,Maintain current rule weight for this pattern and use it as a positive reference sample.,increase
20260909.0,035620,바른손이앤에이,paid_in_capital_increase,주요사항보고서(유상증자결정),negative,-70,5,-2,5,4,0.0996,0.039,failure,negative_signal_reversed,"The prediction direction was `negative`, but the actual next close return was 3.90%. The event type was `paid_in_capital_increase` with event score -70.00. The disclosure title was `주요사항보고서(유상증자결정)`. The event had 4 negative keyword signals, which may have reduced market confidence.",Some negative events can rebound if the market interprets them as already priced in or less severe than expected.,Reduce negative confidence when negative events show positive actual returns repeatedly.,slightly_decrease
20260909.0,006980,우성,merger,[첨부정정]주요사항보고서(회사합병결정),volatile,30,5,1,5,0,0.0006,-0.0202,success,volatility_signal_confirmed,"The prediction direction `volatile` was consistent with the actual next close return of -2.02%. The event type was `merger`, event score was 30.00, news sentiment score was 1.00, and news attention score was 5.00.",This event pattern can be treated as a useful reference case for future predictions.,Maintain current rule weight for this pattern and use it as a positive reference sample.,increase
20260909.0,357880,SKAI,paid_in_capital_increase,주요사항보고서(유상증자결정),negative,-70,5,-2,5,4,0.0005,-0.0241,success,negative_signal_confirmed,"The prediction direction `negative` was consistent with the actual next close return of -2.41%. The event type was `paid_in_capital_increase`, event score was -70.00, news sentiment score was -2.00, and news attention score was 5.00.",This event pattern can be treated as a useful reference case for future predictions.,Maintain current rule weight for this pattern and use it as a positive reference sample.,increase
20260909.0,255220,SG,supply_contract,[기재정정]단일판매ㆍ공급계약체결              ,positive,70,5,2,5,0,-0.0049,-0.0025,failure,general_prediction_failure,"The prediction direction was `positive`, but the actual next close return was -0.25%. The event type was `supply_contract` with event score 70.00. The disclosure title was `[기재정정]단일판매ㆍ공급계약체결              `.",The current rule set was not sufficient to explain the actual price reaction.,"Add more features such as market index return, trading volume, and sector movement.",slightly_decrease
20260909.0,226340,본느,paid_in_capital_increase,[기재정정]주요사항보고서(유상증자결정),negative,-70,5,3,5,3,-0.0267,0.01,failure,negative_signal_reversed,"The prediction direction was `negative`, but the actual next close return was 1.00%. The event type was `paid_in_capital_increase` with event score -70.00. The disclosure title was `[기재정정]주요사항보고서(유상증자결정)`. The event had 3 negative keyword signals, which may have reduced market confidence.",Some negative events can rebound if the market interprets them as already priced in or less severe than expected.,Reduce negative confidence when negative events show positive actual returns repeatedly.,slightly_decrease
20260909.0,294090,이오플로우,convertible_bond,증권발행결과(자율공시)              (제6회차 CB),negative,-60,5,-1,5,5,-1.0,0.0,failure,negative_signal_reversed,"The prediction direction was `negative`, but the actual next close return was 0.00%. The event type was `convertible_bond` with event score -60.00. The disclosure title was `증권발행결과(자율공시)              (제6회차 CB)`. The event had 5 negative keyword signals, which may have reduced market confidence.",Some negative events can rebound if the market interprets them as already priced in or less severe than expected.,Reduce negative confidence when negative events show positive actual returns repeatedly.,slightly_decrease
20260909.0,294090,이오플로우,convertible_bond,증권발행결과(자율공시)              (제6회차 CB),negative,-60,5,-1,5,5,-1.0,0.0,failure,negative_signal_reversed,"The prediction direction was `negative`, but the actual next close return was 0.00%. The event type was `convertible_bond` with event score -60.00. The disclosure title was `증권발행결과(자율공시)              (제6회차 CB)`. The event had 5 negative keyword signals, which may have reduced market confidence.",Some negative events can rebound if the market interprets them as already priced in or less severe than expected.,Reduce negative confidence when negative events show positive actual returns repeatedly.,slightly_decrease
20260909.0,109740,디에스케이,major_shareholder_change,[기재정정]최대주주변경을수반하는주식양수도계약체결              ,volatile,10,5,5,5,4,-0.0173,-0.0162,failure,volatility_overestimated,"The prediction direction was `volatile`, but the actual next close return was -1.62%. The event type was `major_shareholder_change` with event score 10.00. The disclosure title was `[기재정정]최대주주변경을수반하는주식양수도계약체결              `. The event had 4 negative keyword signals, which may have reduced market confidence. The event was treated as volatile, but the actual price movement may have been smaller than expected.",Volatile event classification should require stronger attention or stronger historical movement patterns.,Require higher news_attention_score before classifying an event as a strong volatility candidate.,decrease
20260909.0,261780,아리바이오LAB,convertible_bond,주요사항보고서(전환사채권발행결정),negative,-60,5,4,5,2,-0.0182,0.0289,failure,negative_signal_reversed,"The prediction direction was `negative`, but the actual next close return was 2.89%. The event type was `convertible_bond` with event score -60.00. The disclosure title was `주요사항보고서(전환사채권발행결정)`. The event had 2 negative keyword signals, which may have reduced market confidence.",Some negative events can rebound if the market interprets them as already priced in or less severe than expected.,Reduce negative confidence when negative events show positive actual returns repeatedly.,slightly_decrease
20260909.0,261780,아리바이오LAB,convertible_bond,주요사항보고서(전환사채권발행결정),negative,-60,5,4,5,2,-0.0182,0.0289,failure,negative_signal_reversed,"The prediction direction was `negative`, but the actual next close return was 2.89%. The event type was `convertible_bond` with event score -60.00. The disclosure title was `주요사항보고서(전환사채권발행결정)`. The event had 2 negative keyword signals, which may have reduced market confidence.",Some negative events can rebound if the market interprets them as already priced in or less severe than expected.,Reduce negative confidence when negative events show positive actual returns repeatedly.,slightly_decrease
20260909.0,261780,아리바이오LAB,convertible_bond,주요사항보고서(전환사채권발행결정),negative,-60,5,4,5,2,-0.0182,0.0289,failure,negative_signal_reversed,"The prediction direction was `negative`, but the actual next close return was 2.89%. The event type was `convertible_bond` with event score -60.00. The disclosure title was `주요사항보고서(전환사채권발행결정)`. The event had 2 negative keyword signals, which may have reduced market confidence.",Some negative events can rebound if the market interprets them as already priced in or less severe than expected.,Reduce negative confidence when negative events show positive actual returns repeatedly.,slightly_decrease
20260909.0,261780,아리바이오LAB,convertible_bond,주요사항보고서(전환사채권발행결정),negative,-60,5,4,5,2,-0.0182,0.0289,failure,negative_signal_reversed,"The prediction direction was `negative`, but the actual next close return was 2.89%. The event type was `convertible_bond` with event score -60.00. The disclosure title was `주요사항보고서(전환사채권발행결정)`. The event had 2 negative keyword signals, which may have reduced market confidence.",Some negative events can rebound if the market interprets them as already priced in or less severe than expected.,Reduce negative confidence when negative events show positive actual returns repeatedly.,slightly_decrease
20260909.0,310210,보로노이,investment_decision,[기재정정]투자판단관련주요경영사항(임상시험계획변경승인신청)              (VRN110755의 제 1/2상 임상시험),volatile,30,5,1,5,0,-0.0465,-0.0303,success,volatility_signal_confirmed,"The prediction direction `volatile` was consistent with the actual next close return of -3.03%. The event type was `investment_decision`, event score was 30.00, news sentiment score was 1.00, and news attention score was 5.00.",This event pattern can be treated as a useful reference case for future predictions.,Maintain current rule weight for this pattern and use it as a positive reference sample.,increase
20260909.0,310210,보로노이,investment_decision,[기재정정]투자판단관련주요경영사항(임상시험계획변경승인신청)              (VRN110755의 제 1/2상 임상시험),volatile,30,5,1,5,0,-0.0465,-0.0303,success,volatility_signal_confirmed,"The prediction direction `volatile` was consistent with the actual next close return of -3.03%. The event type was `investment_decision`, event score was 30.00, news sentiment score was 1.00, and news attention score was 5.00.",This event pattern can be treated as a useful reference case for future predictions.,Maintain current rule weight for this pattern and use it as a positive reference sample.,increase
20260909.0,310210,보로노이,investment_decision,[기재정정]투자판단관련주요경영사항(임상시험계획변경승인신청)              (VRN110755의 제 1/2상 임상시험),volatile,30,5,1,5,0,-0.0465,-0.0303,success,volatility_signal_confirmed,"The prediction direction `volatile` was consistent with the actual next close return of -3.03%. The event type was `investment_decision`, event score was 30.00, news sentiment score was 1.00, and news attention score was 5.00.",This event pattern can be treated as a useful reference case for future predictions.,Maintain current rule weight for this pattern and use it as a positive reference sample.,increase
20260909.0,310210,보로노이,investment_decision,[기재정정]투자판단관련주요경영사항(임상시험계획변경승인신청)              (VRN110755의 제 1/2상 임상시험),volatile,30,5,1,5,0,-0.0465,-0.0303,success,volatility_signal_confirmed,"The prediction direction `volatile` was consistent with the actual next close return of -3.03%. The event type was `investment_decision`, event score was 30.00, news sentiment score was 1.00, and news attention score was 5.00.",This event pattern can be treated as a useful reference case for future predictions.,Maintain current rule weight for this pattern and use it as a positive reference sample.,increase
20260909.0,310210,보로노이,investment_decision,[기재정정]투자판단관련주요경영사항(임상시험계획변경승인신청)              (VRN110755의 제 1/2상 임상시험),volatile,30,5,1,5,0,-0.0465,-0.0303,success,volatility_signal_confirmed,"The prediction direction `volatile` was consistent with the actual next close return of -3.03%. The event type was `investment_decision`, event score was 30.00, news sentiment score was 1.00, and news attention score was 5.00.",This event pattern can be treated as a useful reference case for future predictions.,Maintain current rule weight for this pattern and use it as a positive reference sample.,increase
20260909.0,310210,보로노이,investment_decision,[기재정정]투자판단관련주요경영사항(임상시험계획변경승인신청)              (VRN110755의 제 1/2상 임상시험),volatile,30,5,1,5,0,-0.0465,-0.0303,success,volatility_signal_confirmed,"The prediction direction `volatile` was consistent with the actual next close return of -3.03%. The event type was `investment_decision`, event score was 30.00, news sentiment score was 1.00, and news attention score was 5.00.",This event pattern can be treated as a useful reference case for future predictions.,Maintain current rule weight for this pattern and use it as a positive reference sample.,increase
20260909.0,044380,주연테크,major_shareholder_change,최대주주등소유주식변동신고서              ,volatile,10,5,-2,5,6,0.0,-0.0677,success,volatility_signal_confirmed,"The prediction direction `volatile` was consistent with the actual next close return of -6.77%. The event type was `major_shareholder_change`, event score was 10.00, news sentiment score was -2.00, and news attention score was 5.00.",This event pattern can be treated as a useful reference case for future predictions.,Maintain current rule weight for this pattern and use it as a positive reference sample.,increase
20260909.0,044380,주연테크,major_shareholder_change,최대주주등소유주식변동신고서              ,volatile,10,5,-2,5,6,0.0,-0.0677,success,volatility_signal_confirmed,"The prediction direction `volatile` was consistent with the actual next close return of -6.77%. The event type was `major_shareholder_change`, event score was 10.00, news sentiment score was -2.00, and news attention score was 5.00.",This event pattern can be treated as a useful reference case for future predictions.,Maintain current rule weight for this pattern and use it as a positive reference sample.,increase
20260909.0,044380,주연테크,major_shareholder_change,최대주주등소유주식변동신고서              ,volatile,10,5,-2,5,6,0.0,-0.0677,success,volatility_signal_confirmed,"The prediction direction `volatile` was consistent with the actual next close return of -6.77%. The event type was `major_shareholder_change`, event score was 10.00, news sentiment score was -2.00, and news attention score was 5.00.",This event pattern can be treated as a useful reference case for future predictions.,Maintain current rule weight for this pattern and use it as a positive reference sample.,increase
20260909.0,044380,주연테크,major_shareholder_change,최대주주등소유주식변동신고서              ,volatile,10,5,-2,5,6,0.0,-0.0677,success,volatility_signal_confirmed,"The prediction direction `volatile` was consistent with the actual next close return of -6.77%. The event type was `major_shareholder_change`, event score was 10.00, news sentiment score was -2.00, and news attention score was 5.00.",This event pattern can be treated as a useful reference case for future predictions.,Maintain current rule weight for this pattern and use it as a positive reference sample.,increase
20260909.0,003470,유안타증권,major_shareholder_change,최대주주등소유주식변동신고서              ,volatile,10,5,4,5,3,-0.0095,-0.0106,failure,volatility_overestimated,"The prediction direction was `volatile`, but the actual next close return was -1.06%. The event type was `major_shareholder_change` with event score 10.00. The disclosure title was `최대주주등소유주식변동신고서              `. The event had 3 negative keyword signals, which may have reduced market confidence. The event was treated as volatile, but the actual price movement may have been smaller than expected.",Volatile event classification should require stronger attention or stronger historical movement patterns.,Require higher news_attention_score before classifying an event as a strong volatility candidate.,decrease
20260909.0,001570,금양,spin_off,[기재정정]주요사항보고서(회사분할결정),volatile,30,5,0,5,2,-1.0,0.0,failure,volatility_overestimated,"The prediction direction was `volatile`, but the actual next close return was 0.00%. The event type was `spin_off` with event score 30.00. The disclosure title was `[기재정정]주요사항보고서(회사분할결정)`. The event had 2 negative keyword signals, which may have reduced market confidence. The event was treated as volatile, but the actual price movement may have been smaller than expected.",Volatile event classification should require stronger attention or stronger historical movement patterns.,Require higher news_attention_score before classifying an event as a strong volatility candidate.,decrease
20260909.0,001570,금양,spin_off,[기재정정]주요사항보고서(회사분할결정),volatile,30,5,0,5,2,-1.0,0.0,failure,volatility_overestimated,"The prediction direction was `volatile`, but the actual next close return was 0.00%. The event type was `spin_off` with event score 30.00. The disclosure title was `[기재정정]주요사항보고서(회사분할결정)`. The event had 2 negative keyword signals, which may have reduced market confidence. The event was treated as volatile, but the actual price movement may have been smaller than expected.",Volatile event classification should require stronger attention or stronger historical movement patterns.,Require higher news_attention_score before classifying an event as a strong volatility candidate.,decrease
20260909.0,001570,금양,spin_off,[기재정정]주요사항보고서(회사분할결정),volatile,30,5,0,5,2,-1.0,0.0,failure,volatility_overestimated,"The prediction direction was `volatile`, but the actual next close return was 0.00%. The event type was `spin_off` with event score 30.00. The disclosure title was `[기재정정]주요사항보고서(회사분할결정)`. The event had 2 negative keyword signals, which may have reduced market confidence. The event was treated as volatile, but the actual price movement may have been smaller than expected.",Volatile event classification should require stronger attention or stronger historical movement patterns.,Require higher news_attention_score before classifying an event as a strong volatility candidate.,decrease
20260909.0,001570,금양,spin_off,[기재정정]주요사항보고서(회사분할결정),volatile,30,5,0,5,2,-1.0,0.0,failure,volatility_overestimated,"The prediction direction was `volatile`, but the actual next close return was 0.00%. The event type was `spin_off` with event score 30.00. The disclosure title was `[기재정정]주요사항보고서(회사분할결정)`. The event had 2 negative keyword signals, which may have reduced market confidence. The event was treated as volatile, but the actual price movement may have been smaller than expected.",Volatile event classification should require stronger attention or stronger historical movement patterns.,Require higher news_attention_score before classifying an event as a strong volatility candidate.,decrease
20260909.0,001570,금양,spin_off,[기재정정]주요사항보고서(회사분할결정),volatile,30,5,0,5,2,-1.0,0.0,failure,volatility_overestimated,"The prediction direction was `volatile`, but the actual next close return was 0.00%. The event type was `spin_off` with event score 30.00. The disclosure title was `[기재정정]주요사항보고서(회사분할결정)`. The event had 2 negative keyword signals, which may have reduced market confidence. The event was treated as volatile, but the actual price movement may have been smaller than expected.",Volatile event classification should require stronger attention or stronger historical movement patterns.,Require higher news_attention_score before classifying an event as a strong volatility candidate.,decrease
20260909.0,001570,금양,spin_off,[기재정정]주요사항보고서(회사분할결정),volatile,30,5,0,5,2,-1.0,0.0,failure,volatility_overestimated,"The prediction direction was `volatile`, but the actual next close return was 0.00%. The event type was `spin_off` with event score 30.00. The disclosure title was `[기재정정]주요사항보고서(회사분할결정)`. The event had 2 negative keyword signals, which may have reduced market confidence. The event was treated as volatile, but the actual price movement may have been smaller than expected.",Volatile event classification should require stronger attention or stronger historical movement patterns.,Require higher news_attention_score before classifying an event as a strong volatility candidate.,decrease
20260909.0,001570,금양,spin_off,[기재정정]주요사항보고서(회사분할결정),volatile,30,5,0,5,2,-1.0,0.0,failure,volatility_overestimated,"The prediction direction was `volatile`, but the actual next close return was 0.00%. The event type was `spin_off` with event score 30.00. The disclosure title was `[기재정정]주요사항보고서(회사분할결정)`. The event had 2 negative keyword signals, which may have reduced market confidence. The event was treated as volatile, but the actual price movement may have been smaller than expected.",Volatile event classification should require stronger attention or stronger historical movement patterns.,Require higher news_attention_score before classifying an event as a strong volatility candidate.,decrease
20260909.0,001570,금양,spin_off,[기재정정]주요사항보고서(회사분할결정),volatile,30,5,0,5,2,-1.0,0.0,failure,volatility_overestimated,"The prediction direction was `volatile`, but the actual next close return was 0.00%. The event type was `spin_off` with event score 30.00. The disclosure title was `[기재정정]주요사항보고서(회사분할결정)`. The event had 2 negative keyword signals, which may have reduced market confidence. The event was treated as volatile, but the actual price movement may have been smaller than expected.",Volatile event classification should require stronger attention or stronger historical movement patterns.,Require higher news_attention_score before classifying an event as a strong volatility candidate.,decrease
20260909.0,049470,비트플래닛,merger,합병등종료보고서(자산양수도),volatile,30,5,0,5,0,-0.0082,-0.0289,success,volatility_signal_confirmed,"The prediction direction `volatile` was consistent with the actual next close return of -2.89%. The event type was `merger`, event score was 30.00, news sentiment score was 0.00, and news attention score was 5.00.",This event pattern can be treated as a useful reference case for future predictions.,Maintain current rule weight for this pattern and use it as a positive reference sample.,increase
20260909.0,033310,엠투엔,major_shareholder_change,[기재정정]최대주주변경을수반하는주식담보제공계약체결              ,volatile,10,5,2,5,4,0.0,0.0166,failure,volatility_overestimated,"The prediction direction was `volatile`, but the actual next close return was 1.66%. The event type was `major_shareholder_change` with event score 10.00. The disclosure title was `[기재정정]최대주주변경을수반하는주식담보제공계약체결              `. The event had 4 negative keyword signals, which may have reduced market confidence. The event was treated as volatile, but the actual price movement may have been smaller than expected.",Volatile event classification should require stronger attention or stronger historical movement patterns.,Require higher news_attention_score before classifying an event as a strong volatility candidate.,decrease
20260909.0,376270,HEM파마,supply_contract,[기재정정]단일판매ㆍ공급계약체결              ,positive,70,5,4,5,0,0.0234,0.0014,success,positive_signal_confirmed,"The prediction direction `positive` was consistent with the actual next close return of 0.14%. The event type was `supply_contract`, event score was 70.00, news sentiment score was 4.00, and news attention score was 5.00.",This event pattern can be treated as a useful reference case for future predictions.,Maintain current rule weight for this pattern and use it as a positive reference sample.,increase
20260909.0,310210,보로노이,investment_decision,투자판단관련주요경영사항(임상시험계획자진취하등)              (VRN110755의 제 1/2상 임상시험),volatile,30,5,1,5,0,-0.0465,-0.0303,success,volatility_signal_confirmed,"The prediction direction `volatile` was consistent with the actual next close return of -3.03%. The event type was `investment_decision`, event score was 30.00, news sentiment score was 1.00, and news attention score was 5.00.",This event pattern can be treated as a useful reference case for future predictions.,Maintain current rule weight for this pattern and use it as a positive reference sample.,increase
20260909.0,310210,보로노이,investment_decision,투자판단관련주요경영사항(임상시험계획자진취하등)              (VRN110755의 제 1/2상 임상시험),volatile,30,5,1,5,0,-0.0465,-0.0303,success,volatility_signal_confirmed,"The prediction direction `volatile` was consistent with the actual next close return of -3.03%. The event type was `investment_decision`, event score was 30.00, news sentiment score was 1.00, and news attention score was 5.00.",This event pattern can be treated as a useful reference case for future predictions.,Maintain current rule weight for this pattern and use it as a positive reference sample.,increase
20260909.0,310210,보로노이,investment_decision,투자판단관련주요경영사항(임상시험계획자진취하등)              (VRN110755의 제 1/2상 임상시험),volatile,30,5,1,5,0,-0.0465,-0.0303,success,volatility_signal_confirmed,"The prediction direction `volatile` was consistent with the actual next close return of -3.03%. The event type was `investment_decision`, event score was 30.00, news sentiment score was 1.00, and news attention score was 5.00.",This event pattern can be treated as a useful reference case for future predictions.,Maintain current rule weight for this pattern and use it as a positive reference sample.,increase
20260909.0,310210,보로노이,investment_decision,투자판단관련주요경영사항(임상시험계획자진취하등)              (VRN110755의 제 1/2상 임상시험),volatile,30,5,1,5,0,-0.0465,-0.0303,success,volatility_signal_confirmed,"The prediction direction `volatile` was consistent with the actual next close return of -3.03%. The event type was `investment_decision`, event score was 30.00, news sentiment score was 1.00, and news attention score was 5.00.",This event pattern can be treated as a useful reference case for future predictions.,Maintain current rule weight for this pattern and use it as a positive reference sample.,increase
20260909.0,310210,보로노이,investment_decision,투자판단관련주요경영사항(임상시험계획자진취하등)              (VRN110755의 제 1/2상 임상시험),volatile,30,5,1,5,0,-0.0465,-0.0303,success,volatility_signal_confirmed,"The prediction direction `volatile` was consistent with the actual next close return of -3.03%. The event type was `investment_decision`, event score was 30.00, news sentiment score was 1.00, and news attention score was 5.00.",This event pattern can be treated as a useful reference case for future predictions.,Maintain current rule weight for this pattern and use it as a positive reference sample.,increase
20260909.0,310210,보로노이,investment_decision,투자판단관련주요경영사항(임상시험계획자진취하등)              (VRN110755의 제 1/2상 임상시험),volatile,30,5,1,5,0,-0.0465,-0.0303,success,volatility_signal_confirmed,"The prediction direction `volatile` was consistent with the actual next close return of -3.03%. The event type was `investment_decision`, event score was 30.00, news sentiment score was 1.00, and news attention score was 5.00.",This event pattern can be treated as a useful reference case for future predictions.,Maintain current rule weight for this pattern and use it as a positive reference sample.,increase
20260909.0,351320,넥사다이내믹스,investment_decision,[기재정정]투자판단관련주요경영사항              (경영지배인 선임의 건),volatile,30,5,0,5,4,0.05,-0.128,success,volatility_signal_confirmed,"The prediction direction `volatile` was consistent with the actual next close return of -12.80%. The event type was `investment_decision`, event score was 30.00, news sentiment score was 0.00, and news attention score was 5.00.",This event pattern can be treated as a useful reference case for future predictions.,Maintain current rule weight for this pattern and use it as a positive reference sample.,increase
20260909.0,351320,넥사다이내믹스,investment_decision,[기재정정]투자판단관련주요경영사항              (경영지배인 선임의 건),volatile,30,5,0,5,4,0.05,-0.128,success,volatility_signal_confirmed,"The prediction direction `volatile` was consistent with the actual next close return of -12.80%. The event type was `investment_decision`, event score was 30.00, news sentiment score was 0.00, and news attention score was 5.00.",This event pattern can be treated as a useful reference case for future predictions.,Maintain current rule weight for this pattern and use it as a positive reference sample.,increase
20260909.0,351320,넥사다이내믹스,investment_decision,[기재정정]투자판단관련주요경영사항              (경영지배인 선임의 건),volatile,30,5,0,5,4,0.05,-0.128,success,volatility_signal_confirmed,"The prediction direction `volatile` was consistent with the actual next close return of -12.80%. The event type was `investment_decision`, event score was 30.00, news sentiment score was 0.00, and news attention score was 5.00.",This event pattern can be treated as a useful reference case for future predictions.,Maintain current rule weight for this pattern and use it as a positive reference sample.,increase
20260909.0,351320,넥사다이내믹스,investment_decision,[기재정정]투자판단관련주요경영사항              (경영지배인 선임의 건),volatile,30,5,0,5,4,0.05,-0.128,success,volatility_signal_confirmed,"The prediction direction `volatile` was consistent with the actual next close return of -12.80%. The event type was `investment_decision`, event score was 30.00, news sentiment score was 0.00, and news attention score was 5.00.",This event pattern can be treated as a useful reference case for future predictions.,Maintain current rule weight for this pattern and use it as a positive reference sample.,increase
20260909.0,351320,넥사다이내믹스,investment_decision,[기재정정]투자판단관련주요경영사항              (경영지배인 선임의 건),volatile,30,5,0,5,4,0.05,-0.128,success,volatility_signal_confirmed,"The prediction direction `volatile` was consistent with the actual next close return of -12.80%. The event type was `investment_decision`, event score was 30.00, news sentiment score was 0.00, and news attention score was 5.00.",This event pattern can be treated as a useful reference case for future predictions.,Maintain current rule weight for this pattern and use it as a positive reference sample.,increase
20260909.0,351320,넥사다이내믹스,investment_decision,[기재정정]투자판단관련주요경영사항              (경영지배인 선임의 건),volatile,30,5,0,5,4,0.05,-0.128,success,volatility_signal_confirmed,"The prediction direction `volatile` was consistent with the actual next close return of -12.80%. The event type was `investment_decision`, event score was 30.00, news sentiment score was 0.00, and news attention score was 5.00.",This event pattern can be treated as a useful reference case for future predictions.,Maintain current rule weight for this pattern and use it as a positive reference sample.,increase
20260909.0,351320,넥사다이내믹스,investment_decision,[기재정정]투자판단관련주요경영사항              (경영지배인 선임의 건),volatile,30,5,0,5,4,0.05,-0.128,success,volatility_signal_confirmed,"The prediction direction `volatile` was consistent with the actual next close return of -12.80%. The event type was `investment_decision`, event score was 30.00, news sentiment score was 0.00, and news attention score was 5.00.",This event pattern can be treated as a useful reference case for future predictions.,Maintain current rule weight for this pattern and use it as a positive reference sample.,increase
20260909.0,351320,넥사다이내믹스,investment_decision,[기재정정]투자판단관련주요경영사항              (경영지배인 선임의 건),volatile,30,5,0,5,4,0.05,-0.128,success,volatility_signal_confirmed,"The prediction direction `volatile` was consistent with the actual next close return of -12.80%. The event type was `investment_decision`, event score was 30.00, news sentiment score was 0.00, and news attention score was 5.00.",This event pattern can be treated as a useful reference case for future predictions.,Maintain current rule weight for this pattern and use it as a positive reference sample.,increase
20260909.0,351320,넥사다이내믹스,investment_decision,[기재정정]투자판단관련주요경영사항              (경영지배인 선임의 건),volatile,30,5,0,5,4,0.05,-0.128,success,volatility_signal_confirmed,"The prediction direction `volatile` was consistent with the actual next close return of -12.80%. The event type was `investment_decision`, event score was 30.00, news sentiment score was 0.00, and news attention score was 5.00.",This event pattern can be treated as a useful reference case for future predictions.,Maintain current rule weight for this pattern and use it as a positive reference sample.,increase
20260909.0,200710,에이디테크놀로지,supply_contract,[기재정정]단일판매ㆍ공급계약체결              ,positive,70,5,9,5,1,0.0262,0.0181,success,positive_signal_confirmed,"The prediction direction `positive` was consistent with the actual next close return of 1.81%. The event type was `supply_contract`, event score was 70.00, news sentiment score was 9.00, and news attention score was 5.00.",This event pattern can be treated as a useful reference case for future predictions.,Maintain current rule weight for this pattern and use it as a positive reference sample.,increase
20260909.0,090430,아모레퍼시픽,major_shareholder_change,최대주주등소유주식변동신고서              ,volatile,10,5,0,5,0,-0.0087,-0.0058,failure,volatility_overestimated,"The prediction direction was `volatile`, but the actual next close return was -0.58%. The event type was `major_shareholder_change` with event score 10.00. The disclosure title was `최대주주등소유주식변동신고서              `. The event was treated as volatile, but the actual price movement may have been smaller than expected.",Volatile event classification should require stronger attention or stronger historical movement patterns.,Require higher news_attention_score before classifying an event as a strong volatility candidate.,decrease
20260909.0,090430,아모레퍼시픽,major_shareholder_change,최대주주등소유주식변동신고서              ,volatile,10,5,0,5,0,-0.0087,-0.0058,failure,volatility_overestimated,"The prediction direction was `volatile`, but the actual next close return was -0.58%. The event type was `major_shareholder_change` with event score 10.00. The disclosure title was `최대주주등소유주식변동신고서              `. The event was treated as volatile, but the actual price movement may have been smaller than expected.",Volatile event classification should require stronger attention or stronger historical movement patterns.,Require higher news_attention_score before classifying an event as a strong volatility candidate.,decrease
20260909.0,090430,아모레퍼시픽,major_shareholder_change,최대주주등소유주식변동신고서              ,volatile,10,5,0,5,0,-0.0087,-0.0058,failure,volatility_overestimated,"The prediction direction was `volatile`, but the actual next close return was -0.58%. The event type was `major_shareholder_change` with event score 10.00. The disclosure title was `최대주주등소유주식변동신고서              `. The event was treated as volatile, but the actual price movement may have been smaller than expected.",Volatile event classification should require stronger attention or stronger historical movement patterns.,Require higher news_attention_score before classifying an event as a strong volatility candidate.,decrease
20260909.0,090430,아모레퍼시픽,major_shareholder_change,최대주주등소유주식변동신고서              ,volatile,10,5,0,5,0,-0.0087,-0.0058,failure,volatility_overestimated,"The prediction direction was `volatile`, but the actual next close return was -0.58%. The event type was `major_shareholder_change` with event score 10.00. The disclosure title was `최대주주등소유주식변동신고서              `. The event was treated as volatile, but the actual price movement may have been smaller than expected.",Volatile event classification should require stronger attention or stronger historical movement patterns.,Require higher news_attention_score before classifying an event as a strong volatility candidate.,decrease
20260909.0,090430,아모레퍼시픽,major_shareholder_change,최대주주등소유주식변동신고서              ,volatile,10,5,0,5,0,-0.0087,-0.0058,failure,volatility_overestimated,"The prediction direction was `volatile`, but the actual next close return was -0.58%. The event type was `major_shareholder_change` with event score 10.00. The disclosure title was `최대주주등소유주식변동신고서              `. The event was treated as volatile, but the actual price movement may have been smaller than expected.",Volatile event classification should require stronger attention or stronger historical movement patterns.,Require higher news_attention_score before classifying an event as a strong volatility candidate.,decrease
20260909.0,090430,아모레퍼시픽,major_shareholder_change,최대주주등소유주식변동신고서              ,volatile,10,5,0,5,0,-0.0087,-0.0058,failure,volatility_overestimated,"The prediction direction was `volatile`, but the actual next close return was -0.58%. The event type was `major_shareholder_change` with event score 10.00. The disclosure title was `최대주주등소유주식변동신고서              `. The event was treated as volatile, but the actual price movement may have been smaller than expected.",Volatile event classification should require stronger attention or stronger historical movement patterns.,Require higher news_attention_score before classifying an event as a strong volatility candidate.,decrease
20260909.0,090430,아모레퍼시픽,major_shareholder_change,최대주주등소유주식변동신고서              ,volatile,10,5,0,5,0,-0.0087,-0.0058,failure,volatility_overestimated,"The prediction direction was `volatile`, but the actual next close return was -0.58%. The event type was `major_shareholder_change` with event score 10.00. The disclosure title was `최대주주등소유주식변동신고서              `. The event was treated as volatile, but the actual price movement may have been smaller than expected.",Volatile event classification should require stronger attention or stronger historical movement patterns.,Require higher news_attention_score before classifying an event as a strong volatility candidate.,decrease
20260909.0,090430,아모레퍼시픽,major_shareholder_change,최대주주등소유주식변동신고서              ,volatile,10,5,0,5,0,-0.0087,-0.0058,failure,volatility_overestimated,"The prediction direction was `volatile`, but the actual next close return was -0.58%. The event type was `major_shareholder_change` with event score 10.00. The disclosure title was `최대주주등소유주식변동신고서              `. The event was treated as volatile, but the actual price movement may have been smaller than expected.",Volatile event classification should require stronger attention or stronger historical movement patterns.,Require higher news_attention_score before classifying an event as a strong volatility candidate.,decrease
20260909.0,090430,아모레퍼시픽,major_shareholder_change,최대주주등소유주식변동신고서              ,volatile,10,5,0,5,0,-0.0087,-0.0058,failure,volatility_overestimated,"The prediction direction was `volatile`, but the actual next close return was -0.58%. The event type was `major_shareholder_change` with event score 10.00. The disclosure title was `최대주주등소유주식변동신고서              `. The event was treated as volatile, but the actual price movement may have been smaller than expected.",Volatile event classification should require stronger attention or stronger historical movement patterns.,Require higher news_attention_score before classifying an event as a strong volatility candidate.,decrease
20260909.0,009730,이렘,paid_in_capital_increase,[기재정정]주요사항보고서(유상증자결정),negative,-70,5,2,5,2,0.0,-0.035,success,negative_signal_confirmed,"The prediction direction `negative` was consistent with the actual next close return of -3.50%. The event type was `paid_in_capital_increase`, event score was -70.00, news sentiment score was 2.00, and news attention score was 5.00.",This event pattern can be treated as a useful reference case for future predictions.,Maintain current rule weight for this pattern and use it as a positive reference sample.,increase
20260909.0,009730,이렘,paid_in_capital_increase,[기재정정]주요사항보고서(유상증자결정),negative,-70,5,2,5,2,0.0,-0.035,success,negative_signal_confirmed,"The prediction direction `negative` was consistent with the actual next close return of -3.50%. The event type was `paid_in_capital_increase`, event score was -70.00, news sentiment score was 2.00, and news attention score was 5.00.",This event pattern can be treated as a useful reference case for future predictions.,Maintain current rule weight for this pattern and use it as a positive reference sample.,increase
20260909.0,368600,아이씨에이치,spin_off,"주권매매거래정지              (주식의 병합, 분할 등 전자등록 변경, 말소)",volatile,30,5,4,5,1,-0.0209,-0.0447,success,volatility_signal_confirmed,"The prediction direction `volatile` was consistent with the actual next close return of -4.47%. The event type was `spin_off`, event score was 30.00, news sentiment score was 4.00, and news attention score was 5.00.",This event pattern can be treated as a useful reference case for future predictions.,Maintain current rule weight for this pattern and use it as a positive reference sample.,increase
20260909.0,069920,엑시온그룹,paid_in_capital_increase,유상증자또는주식관련사채등의청약결과(자율공시)              ,negative,-70,5,-4,5,5,-0.0238,0.0212,failure,negative_signal_reversed,"The prediction direction was `negative`, but the actual next close return was 2.12%. The event type was `paid_in_capital_increase` with event score -70.00. The disclosure title was `유상증자또는주식관련사채등의청약결과(자율공시)              `. The event had 5 negative keyword signals, which may have reduced market confidence.",Some negative events can rebound if the market interprets them as already priced in or less severe than expected.,Reduce negative confidence when negative events show positive actual returns repeatedly.,slightly_decrease
20260909.0,069920,엑시온그룹,paid_in_capital_increase,유상증자또는주식관련사채등의청약결과(자율공시)              ,negative,-70,5,-4,5,5,-0.0238,0.0212,failure,negative_signal_reversed,"The prediction direction was `negative`, but the actual next close return was 2.12%. The event type was `paid_in_capital_increase` with event score -70.00. The disclosure title was `유상증자또는주식관련사채등의청약결과(자율공시)              `. The event had 5 negative keyword signals, which may have reduced market confidence.",Some negative events can rebound if the market interprets them as already priced in or less severe than expected.,Reduce negative confidence when negative events show positive actual returns repeatedly.,slightly_decrease
20260909.0,069920,엑시온그룹,paid_in_capital_increase,유상증자또는주식관련사채등의청약결과(자율공시)              ,negative,-70,5,-4,5,5,-0.0238,0.0212,failure,negative_signal_reversed,"The prediction direction was `negative`, but the actual next close return was 2.12%. The event type was `paid_in_capital_increase` with event score -70.00. The disclosure title was `유상증자또는주식관련사채등의청약결과(자율공시)              `. The event had 5 negative keyword signals, which may have reduced market confidence.",Some negative events can rebound if the market interprets them as already priced in or less severe than expected.,Reduce negative confidence when negative events show positive actual returns repeatedly.,slightly_decrease
20260909.0,282720,금양그린파워,supply_contract,[기재정정]단일판매ㆍ공급계약체결              ,positive,70,5,9,5,0,-0.0052,0.0026,success,positive_signal_confirmed,"The prediction direction `positive` was consistent with the actual next close return of 0.26%. The event type was `supply_contract`, event score was 70.00, news sentiment score was 9.00, and news attention score was 5.00.",This event pattern can be treated as a useful reference case for future predictions.,Maintain current rule weight for this pattern and use it as a positive reference sample.,increase
20260909.0,137400,피엔티,supply_contract,[기재정정]단일판매ㆍ공급계약체결              ,positive,70,5,8,5,2,-0.0215,-0.0132,failure,positive_signal_with_negative_noise,"The prediction direction was `positive`, but the actual next close return was -1.32%. The event type was `supply_contract` with event score 70.00. The disclosure title was `[기재정정]단일판매ㆍ공급계약체결              `. The event had 2 negative keyword signals, which may have reduced market confidence.",Positive events with multiple negative keywords should receive lower confidence.,Apply a penalty when negative_keyword_count is greater than or equal to two.,decrease
20260909.0,016380,KG스틸,major_shareholder_change,최대주주등소유주식변동신고서              ,volatile,10,5,1,5,3,0.0,-0.0072,failure,volatility_overestimated,"The prediction direction was `volatile`, but the actual next close return was -0.72%. The event type was `major_shareholder_change` with event score 10.00. The disclosure title was `최대주주등소유주식변동신고서              `. The event had 3 negative keyword signals, which may have reduced market confidence. The event was treated as volatile, but the actual price movement may have been smaller than expected.",Volatile event classification should require stronger attention or stronger historical movement patterns.,Require higher news_attention_score before classifying an event as a strong volatility candidate.,decrease
20260909.0,028100,동아지질,lawsuit,소송등의제기ㆍ신청(일정금액이상의청구)              ,negative,-75,5,1,5,0,0.0,-0.0101,success,negative_signal_confirmed,"The prediction direction `negative` was consistent with the actual next close return of -1.01%. The event type was `lawsuit`, event score was -75.00, news sentiment score was 1.00, and news attention score was 5.00.",This event pattern can be treated as a useful reference case for future predictions.,Maintain current rule weight for this pattern and use it as a positive reference sample.,increase
20260909.0,210120,캔버스엔,convertible_bond,[기재정정]주요사항보고서(전환사채권발행결정),negative,-60,5,0,5,0,0.0,-0.0044,success,negative_signal_confirmed,"The prediction direction `negative` was consistent with the actual next close return of -0.44%. The event type was `convertible_bond`, event score was -60.00, news sentiment score was 0.00, and news attention score was 5.00.",This event pattern can be treated as a useful reference case for future predictions.,Maintain current rule weight for this pattern and use it as a positive reference sample.,increase
20260909.0,210120,캔버스엔,convertible_bond,[기재정정]주요사항보고서(전환사채권발행결정),negative,-60,5,0,5,0,0.0,-0.0044,success,negative_signal_confirmed,"The prediction direction `negative` was consistent with the actual next close return of -0.44%. The event type was `convertible_bond`, event score was -60.00, news sentiment score was 0.00, and news attention score was 5.00.",This event pattern can be treated as a useful reference case for future predictions.,Maintain current rule weight for this pattern and use it as a positive reference sample.,increase
20260909.0,210120,캔버스엔,convertible_bond,[기재정정]주요사항보고서(전환사채권발행결정),negative,-60,5,0,5,0,0.0,-0.0044,success,negative_signal_confirmed,"The prediction direction `negative` was consistent with the actual next close return of -0.44%. The event type was `convertible_bond`, event score was -60.00, news sentiment score was 0.00, and news attention score was 5.00.",This event pattern can be treated as a useful reference case for future predictions.,Maintain current rule weight for this pattern and use it as a positive reference sample.,increase
20260909.0,210120,캔버스엔,convertible_bond,[기재정정]주요사항보고서(전환사채권발행결정),negative,-60,5,0,5,0,0.0,-0.0044,success,negative_signal_confirmed,"The prediction direction `negative` was consistent with the actual next close return of -0.44%. The event type was `convertible_bond`, event score was -60.00, news sentiment score was 0.00, and news attention score was 5.00.",This event pattern can be treated as a useful reference case for future predictions.,Maintain current rule weight for this pattern and use it as a positive reference sample.,increase
20260909.0,210120,캔버스엔,convertible_bond,[기재정정]주요사항보고서(전환사채권발행결정),negative,-60,5,0,5,0,0.0,-0.0044,success,negative_signal_confirmed,"The prediction direction `negative` was consistent with the actual next close return of -0.44%. The event type was `convertible_bond`, event score was -60.00, news sentiment score was 0.00, and news attention score was 5.00.",This event pattern can be treated as a useful reference case for future predictions.,Maintain current rule weight for this pattern and use it as a positive reference sample.,increase
20260909.0,210120,캔버스엔,convertible_bond,[기재정정]주요사항보고서(전환사채권발행결정),negative,-60,5,0,5,0,0.0,-0.0044,success,negative_signal_confirmed,"The prediction direction `negative` was consistent with the actual next close return of -0.44%. The event type was `convertible_bond`, event score was -60.00, news sentiment score was 0.00, and news attention score was 5.00.",This event pattern can be treated as a useful reference case for future predictions.,Maintain current rule weight for this pattern and use it as a positive reference sample.,increase
20260909.0,002790,아모레퍼시픽홀딩스,major_shareholder_change,최대주주등소유주식변동신고서              ,volatile,10,5,-1,5,7,-0.0078,-0.0078,failure,volatility_overestimated,"The prediction direction was `volatile`, but the actual next close return was -0.78%. The event type was `major_shareholder_change` with event score 10.00. The disclosure title was `최대주주등소유주식변동신고서              `. The event had 7 negative keyword signals, which may have reduced market confidence. The event was treated as volatile, but the actual price movement may have been smaller than expected.",Volatile event classification should require stronger attention or stronger historical movement patterns.,Require higher news_attention_score before classifying an event as a strong volatility candidate.,decrease
20260909.0,002790,아모레퍼시픽홀딩스,major_shareholder_change,최대주주등소유주식변동신고서              ,volatile,10,5,-1,5,7,-0.0078,-0.0078,failure,volatility_overestimated,"The prediction direction was `volatile`, but the actual next close return was -0.78%. The event type was `major_shareholder_change` with event score 10.00. The disclosure title was `최대주주등소유주식변동신고서              `. The event had 7 negative keyword signals, which may have reduced market confidence. The event was treated as volatile, but the actual price movement may have been smaller than expected.",Volatile event classification should require stronger attention or stronger historical movement patterns.,Require higher news_attention_score before classifying an event as a strong volatility candidate.,decrease
20260909.0,210120,캔버스엔,paid_in_capital_increase,[기재정정]주요사항보고서(유상증자결정),negative,-70,5,0,5,0,0.0,-0.0044,success,negative_signal_confirmed,"The prediction direction `negative` was consistent with the actual next close return of -0.44%. The event type was `paid_in_capital_increase`, event score was -70.00, news sentiment score was 0.00, and news attention score was 5.00.",This event pattern can be treated as a useful reference case for future predictions.,Maintain current rule weight for this pattern and use it as a positive reference sample.,increase
20260909.0,210120,캔버스엔,paid_in_capital_increase,[기재정정]주요사항보고서(유상증자결정),negative,-70,5,0,5,0,0.0,-0.0044,success,negative_signal_confirmed,"The prediction direction `negative` was consistent with the actual next close return of -0.44%. The event type was `paid_in_capital_increase`, event score was -70.00, news sentiment score was 0.00, and news attention score was 5.00.",This event pattern can be treated as a useful reference case for future predictions.,Maintain current rule weight for this pattern and use it as a positive reference sample.,increase
20260909.0,210120,캔버스엔,paid_in_capital_increase,[기재정정]주요사항보고서(유상증자결정),negative,-70,5,0,5,0,0.0,-0.0044,success,negative_signal_confirmed,"The prediction direction `negative` was consistent with the actual next close return of -0.44%. The event type was `paid_in_capital_increase`, event score was -70.00, news sentiment score was 0.00, and news attention score was 5.00.",This event pattern can be treated as a useful reference case for future predictions.,Maintain current rule weight for this pattern and use it as a positive reference sample.,increase
20260909.0,210120,캔버스엔,paid_in_capital_increase,[기재정정]주요사항보고서(유상증자결정),negative,-70,5,0,5,0,0.0,-0.0044,success,negative_signal_confirmed,"The prediction direction `negative` was consistent with the actual next close return of -0.44%. The event type was `paid_in_capital_increase`, event score was -70.00, news sentiment score was 0.00, and news attention score was 5.00.",This event pattern can be treated as a useful reference case for future predictions.,Maintain current rule weight for this pattern and use it as a positive reference sample.,increase
20260909.0,210120,캔버스엔,paid_in_capital_increase,[기재정정]주요사항보고서(유상증자결정),negative,-70,5,0,5,0,0.0,-0.0044,success,negative_signal_confirmed,"The prediction direction `negative` was consistent with the actual next close return of -0.44%. The event type was `paid_in_capital_increase`, event score was -70.00, news sentiment score was 0.00, and news attention score was 5.00.",This event pattern can be treated as a useful reference case for future predictions.,Maintain current rule weight for this pattern and use it as a positive reference sample.,increase
20260909.0,210120,캔버스엔,paid_in_capital_increase,[기재정정]주요사항보고서(유상증자결정),negative,-70,5,0,5,0,0.0,-0.0044,success,negative_signal_confirmed,"The prediction direction `negative` was consistent with the actual next close return of -0.44%. The event type was `paid_in_capital_increase`, event score was -70.00, news sentiment score was 0.00, and news attention score was 5.00.",This event pattern can be treated as a useful reference case for future predictions.,Maintain current rule weight for this pattern and use it as a positive reference sample.,increase
20260909.0,001570,금양,spin_off,주요사항보고서(회사분할결정),volatile,30,5,0,5,2,-1.0,0.0,failure,volatility_overestimated,"The prediction direction was `volatile`, but the actual next close return was 0.00%. The event type was `spin_off` with event score 30.00. The disclosure title was `주요사항보고서(회사분할결정)`. The event had 2 negative keyword signals, which may have reduced market confidence. The event was treated as volatile, but the actual price movement may have been smaller than expected.",Volatile event classification should require stronger attention or stronger historical movement patterns.,Require higher news_attention_score before classifying an event as a strong volatility candidate.,decrease
20260909.0,001570,금양,spin_off,주요사항보고서(회사분할결정),volatile,30,5,0,5,2,-1.0,0.0,failure,volatility_overestimated,"The prediction direction was `volatile`, but the actual next close return was 0.00%. The event type was `spin_off` with event score 30.00. The disclosure title was `주요사항보고서(회사분할결정)`. The event had 2 negative keyword signals, which may have reduced market confidence. The event was treated as volatile, but the actual price movement may have been smaller than expected.",Volatile event classification should require stronger attention or stronger historical movement patterns.,Require higher news_attention_score before classifying an event as a strong volatility candidate.,decrease
20260909.0,001570,금양,spin_off,주요사항보고서(회사분할결정),volatile,30,5,0,5,2,-1.0,0.0,failure,volatility_overestimated,"The prediction direction was `volatile`, but the actual next close return was 0.00%. The event type was `spin_off` with event score 30.00. The disclosure title was `주요사항보고서(회사분할결정)`. The event had 2 negative keyword signals, which may have reduced market confidence. The event was treated as volatile, but the actual price movement may have been smaller than expected.",Volatile event classification should require stronger attention or stronger historical movement patterns.,Require higher news_attention_score before classifying an event as a strong volatility candidate.,decrease
20260909.0,001570,금양,spin_off,주요사항보고서(회사분할결정),volatile,30,5,0,5,2,-1.0,0.0,failure,volatility_overestimated,"The prediction direction was `volatile`, but the actual next close return was 0.00%. The event type was `spin_off` with event score 30.00. The disclosure title was `주요사항보고서(회사분할결정)`. The event had 2 negative keyword signals, which may have reduced market confidence. The event was treated as volatile, but the actual price movement may have been smaller than expected.",Volatile event classification should require stronger attention or stronger historical movement patterns.,Require higher news_attention_score before classifying an event as a strong volatility candidate.,decrease
20260909.0,001570,금양,spin_off,주요사항보고서(회사분할결정),volatile,30,5,0,5,2,-1.0,0.0,failure,volatility_overestimated,"The prediction direction was `volatile`, but the actual next close return was 0.00%. The event type was `spin_off` with event score 30.00. The disclosure title was `주요사항보고서(회사분할결정)`. The event had 2 negative keyword signals, which may have reduced market confidence. The event was treated as volatile, but the actual price movement may have been smaller than expected.",Volatile event classification should require stronger attention or stronger historical movement patterns.,Require higher news_attention_score before classifying an event as a strong volatility candidate.,decrease
20260909.0,001570,금양,spin_off,주요사항보고서(회사분할결정),volatile,30,5,0,5,2,-1.0,0.0,failure,volatility_overestimated,"The prediction direction was `volatile`, but the actual next close return was 0.00%. The event type was `spin_off` with event score 30.00. The disclosure title was `주요사항보고서(회사분할결정)`. The event had 2 negative keyword signals, which may have reduced market confidence. The event was treated as volatile, but the actual price movement may have been smaller than expected.",Volatile event classification should require stronger attention or stronger historical movement patterns.,Require higher news_attention_score before classifying an event as a strong volatility candidate.,decrease
20260909.0,001570,금양,spin_off,주요사항보고서(회사분할결정),volatile,30,5,0,5,2,-1.0,0.0,failure,volatility_overestimated,"The prediction direction was `volatile`, but the actual next close return was 0.00%. The event type was `spin_off` with event score 30.00. The disclosure title was `주요사항보고서(회사분할결정)`. The event had 2 negative keyword signals, which may have reduced market confidence. The event was treated as volatile, but the actual price movement may have been smaller than expected.",Volatile event classification should require stronger attention or stronger historical movement patterns.,Require higher news_attention_score before classifying an event as a strong volatility candidate.,decrease
20260909.0,001570,금양,spin_off,주요사항보고서(회사분할결정),volatile,30,5,0,5,2,-1.0,0.0,failure,volatility_overestimated,"The prediction direction was `volatile`, but the actual next close return was 0.00%. The event type was `spin_off` with event score 30.00. The disclosure title was `주요사항보고서(회사분할결정)`. The event had 2 negative keyword signals, which may have reduced market confidence. The event was treated as volatile, but the actual price movement may have been smaller than expected.",Volatile event classification should require stronger attention or stronger historical movement patterns.,Require higher news_attention_score before classifying an event as a strong volatility candidate.,decrease
20260909.0,083640,인콘,convertible_bond,[기재정정]주요사항보고서(전환사채권발행결정),negative,-60,5,5,5,0,-1.0,0.0,failure,negative_signal_reversed,"The prediction direction was `negative`, but the actual next close return was 0.00%. The event type was `convertible_bond` with event score -60.00. The disclosure title was `[기재정정]주요사항보고서(전환사채권발행결정)`.",Some negative events can rebound if the market interprets them as already priced in or less severe than expected.,Reduce negative confidence when negative events show positive actual returns repeatedly.,slightly_decrease
20260909.0,224060,더코디,paid_in_capital_increase,[기재정정]주요사항보고서(유상증자결정),negative,-70,5,-1,5,4,0.0,0.2996,failure,negative_signal_reversed,"The prediction direction was `negative`, but the actual next close return was 29.96%. The event type was `paid_in_capital_increase` with event score -70.00. The disclosure title was `[기재정정]주요사항보고서(유상증자결정)`. The event had 4 negative keyword signals, which may have reduced market confidence.",Some negative events can rebound if the market interprets them as already priced in or less severe than expected.,Reduce negative confidence when negative events show positive actual returns repeatedly.,slightly_decrease
20260909.0,224060,더코디,paid_in_capital_increase,[기재정정]주요사항보고서(유상증자결정),negative,-70,5,-1,5,4,0.0,0.2996,failure,negative_signal_reversed,"The prediction direction was `negative`, but the actual next close return was 29.96%. The event type was `paid_in_capital_increase` with event score -70.00. The disclosure title was `[기재정정]주요사항보고서(유상증자결정)`. The event had 4 negative keyword signals, which may have reduced market confidence.",Some negative events can rebound if the market interprets them as already priced in or less severe than expected.,Reduce negative confidence when negative events show positive actual returns repeatedly.,slightly_decrease
20260909.0,224060,더코디,paid_in_capital_increase,[기재정정]주요사항보고서(유상증자결정),negative,-70,5,-1,5,4,0.0,0.2996,failure,negative_signal_reversed,"The prediction direction was `negative`, but the actual next close return was 29.96%. The event type was `paid_in_capital_increase` with event score -70.00. The disclosure title was `[기재정정]주요사항보고서(유상증자결정)`. The event had 4 negative keyword signals, which may have reduced market confidence.",Some negative events can rebound if the market interprets them as already priced in or less severe than expected.,Reduce negative confidence when negative events show positive actual returns repeatedly.,slightly_decrease
20260909.0,224060,더코디,paid_in_capital_increase,[기재정정]주요사항보고서(유상증자결정),negative,-70,5,-1,5,4,0.0,0.2996,failure,negative_signal_reversed,"The prediction direction was `negative`, but the actual next close return was 29.96%. The event type was `paid_in_capital_increase` with event score -70.00. The disclosure title was `[기재정정]주요사항보고서(유상증자결정)`. The event had 4 negative keyword signals, which may have reduced market confidence.",Some negative events can rebound if the market interprets them as already priced in or less severe than expected.,Reduce negative confidence when negative events show positive actual returns repeatedly.,slightly_decrease
20260909.0,224060,더코디,paid_in_capital_increase,[기재정정]주요사항보고서(유상증자결정),negative,-70,5,-1,5,4,0.0,0.2996,failure,negative_signal_reversed,"The prediction direction was `negative`, but the actual next close return was 29.96%. The event type was `paid_in_capital_increase` with event score -70.00. The disclosure title was `[기재정정]주요사항보고서(유상증자결정)`. The event had 4 negative keyword signals, which may have reduced market confidence.",Some negative events can rebound if the market interprets them as already priced in or less severe than expected.,Reduce negative confidence when negative events show positive actual returns repeatedly.,slightly_decrease
20260909.0,224060,더코디,paid_in_capital_increase,[기재정정]주요사항보고서(유상증자결정),negative,-70,5,-1,5,4,0.0,0.2996,failure,negative_signal_reversed,"The prediction direction was `negative`, but the actual next close return was 29.96%. The event type was `paid_in_capital_increase` with event score -70.00. The disclosure title was `[기재정정]주요사항보고서(유상증자결정)`. The event had 4 negative keyword signals, which may have reduced market confidence.",Some negative events can rebound if the market interprets them as already priced in or less severe than expected.,Reduce negative confidence when negative events show positive actual returns repeatedly.,slightly_decrease
20260909.0,224060,더코디,paid_in_capital_increase,[기재정정]주요사항보고서(유상증자결정),negative,-70,5,-1,5,4,0.0,0.2996,failure,negative_signal_reversed,"The prediction direction was `negative`, but the actual next close return was 29.96%. The event type was `paid_in_capital_increase` with event score -70.00. The disclosure title was `[기재정정]주요사항보고서(유상증자결정)`. The event had 4 negative keyword signals, which may have reduced market confidence.",Some negative events can rebound if the market interprets them as already priced in or less severe than expected.,Reduce negative confidence when negative events show positive actual returns repeatedly.,slightly_decrease
20260909.0,224060,더코디,paid_in_capital_increase,[기재정정]주요사항보고서(유상증자결정),negative,-70,5,-1,5,4,0.0,0.2996,failure,negative_signal_reversed,"The prediction direction was `negative`, but the actual next close return was 29.96%. The event type was `paid_in_capital_increase` with event score -70.00. The disclosure title was `[기재정정]주요사항보고서(유상증자결정)`. The event had 4 negative keyword signals, which may have reduced market confidence.",Some negative events can rebound if the market interprets them as already priced in or less severe than expected.,Reduce negative confidence when negative events show positive actual returns repeatedly.,slightly_decrease
20260909.0,224060,더코디,paid_in_capital_increase,[기재정정]주요사항보고서(유상증자결정),negative,-70,5,-1,5,4,0.0,0.2996,failure,negative_signal_reversed,"The prediction direction was `negative`, but the actual next close return was 29.96%. The event type was `paid_in_capital_increase` with event score -70.00. The disclosure title was `[기재정정]주요사항보고서(유상증자결정)`. The event had 4 negative keyword signals, which may have reduced market confidence.",Some negative events can rebound if the market interprets them as already priced in or less severe than expected.,Reduce negative confidence when negative events show positive actual returns repeatedly.,slightly_decrease
20260909.0,224060,더코디,paid_in_capital_increase,[기재정정]주요사항보고서(유상증자결정),negative,-70,5,-1,5,4,0.0,0.2996,failure,negative_signal_reversed,"The prediction direction was `negative`, but the actual next close return was 29.96%. The event type was `paid_in_capital_increase` with event score -70.00. The disclosure title was `[기재정정]주요사항보고서(유상증자결정)`. The event had 4 negative keyword signals, which may have reduced market confidence.",Some negative events can rebound if the market interprets them as already priced in or less severe than expected.,Reduce negative confidence when negative events show positive actual returns repeatedly.,slightly_decrease
20260909.0,224060,더코디,paid_in_capital_increase,[기재정정]주요사항보고서(유상증자결정),negative,-70,5,-1,5,4,0.0,0.2996,failure,negative_signal_reversed,"The prediction direction was `negative`, but the actual next close return was 29.96%. The event type was `paid_in_capital_increase` with event score -70.00. The disclosure title was `[기재정정]주요사항보고서(유상증자결정)`. The event had 4 negative keyword signals, which may have reduced market confidence.",Some negative events can rebound if the market interprets them as already priced in or less severe than expected.,Reduce negative confidence when negative events show positive actual returns repeatedly.,slightly_decrease
20260909.0,224060,더코디,paid_in_capital_increase,[기재정정]주요사항보고서(유상증자결정),negative,-70,5,-1,5,4,0.0,0.2996,failure,negative_signal_reversed,"The prediction direction was `negative`, but the actual next close return was 29.96%. The event type was `paid_in_capital_increase` with event score -70.00. The disclosure title was `[기재정정]주요사항보고서(유상증자결정)`. The event had 4 negative keyword signals, which may have reduced market confidence.",Some negative events can rebound if the market interprets them as already priced in or less severe than expected.,Reduce negative confidence when negative events show positive actual returns repeatedly.,slightly_decrease
20260909.0,223220,로지스몬,lawsuit,소송등의판결ㆍ결정              (신주발행금지가처분),negative,-75,5,4,5,1,-0.1441,-0.0991,success,negative_signal_confirmed,"The prediction direction `negative` was consistent with the actual next close return of -9.91%. The event type was `lawsuit`, event score was -75.00, news sentiment score was 4.00, and news attention score was 5.00.",This event pattern can be treated as a useful reference case for future predictions.,Maintain current rule weight for this pattern and use it as a positive reference sample.,increase
20260909.0,223220,로지스몬,lawsuit,소송등의판결ㆍ결정              (신주발행금지가처분),negative,-75,5,4,5,1,-0.1441,-0.0991,success,negative_signal_confirmed,"The prediction direction `negative` was consistent with the actual next close return of -9.91%. The event type was `lawsuit`, event score was -75.00, news sentiment score was 4.00, and news attention score was 5.00.",This event pattern can be treated as a useful reference case for future predictions.,Maintain current rule weight for this pattern and use it as a positive reference sample.,increase
20260909.0,223220,로지스몬,lawsuit,소송등의판결ㆍ결정              (신주발행금지가처분),negative,-75,5,4,5,1,-0.1441,-0.0991,success,negative_signal_confirmed,"The prediction direction `negative` was consistent with the actual next close return of -9.91%. The event type was `lawsuit`, event score was -75.00, news sentiment score was 4.00, and news attention score was 5.00.",This event pattern can be treated as a useful reference case for future predictions.,Maintain current rule weight for this pattern and use it as a positive reference sample.,increase
20260909.0,223220,로지스몬,lawsuit,소송등의판결ㆍ결정              (신주발행금지가처분),negative,-75,5,4,5,1,-0.1441,-0.0991,success,negative_signal_confirmed,"The prediction direction `negative` was consistent with the actual next close return of -9.91%. The event type was `lawsuit`, event score was -75.00, news sentiment score was 4.00, and news attention score was 5.00.",This event pattern can be treated as a useful reference case for future predictions.,Maintain current rule weight for this pattern and use it as a positive reference sample.,increase
20260909.0,223220,로지스몬,lawsuit,소송등의판결ㆍ결정              (신주발행금지가처분),negative,-75,5,4,5,1,-0.1441,-0.0991,success,negative_signal_confirmed,"The prediction direction `negative` was consistent with the actual next close return of -9.91%. The event type was `lawsuit`, event score was -75.00, news sentiment score was 4.00, and news attention score was 5.00.",This event pattern can be treated as a useful reference case for future predictions.,Maintain current rule weight for this pattern and use it as a positive reference sample.,increase
20260909.0,223220,로지스몬,lawsuit,소송등의판결ㆍ결정              (신주발행금지가처분),negative,-75,5,4,5,1,-0.1441,-0.0991,success,negative_signal_confirmed,"The prediction direction `negative` was consistent with the actual next close return of -9.91%. The event type was `lawsuit`, event score was -75.00, news sentiment score was 4.00, and news attention score was 5.00.",This event pattern can be treated as a useful reference case for future predictions.,Maintain current rule weight for this pattern and use it as a positive reference sample.,increase
20260909.0,223220,로지스몬,lawsuit,소송등의판결ㆍ결정              (신주발행금지가처분),negative,-75,5,4,5,1,-0.1441,-0.0991,success,negative_signal_confirmed,"The prediction direction `negative` was consistent with the actual next close return of -9.91%. The event type was `lawsuit`, event score was -75.00, news sentiment score was 4.00, and news attention score was 5.00.",This event pattern can be treated as a useful reference case for future predictions.,Maintain current rule weight for this pattern and use it as a positive reference sample.,increase
20260909.0,223220,로지스몬,lawsuit,소송등의판결ㆍ결정              (신주발행금지가처분),negative,-75,5,4,5,1,-0.1441,-0.0991,success,negative_signal_confirmed,"The prediction direction `negative` was consistent with the actual next close return of -9.91%. The event type was `lawsuit`, event score was -75.00, news sentiment score was 4.00, and news attention score was 5.00.",This event pattern can be treated as a useful reference case for future predictions.,Maintain current rule weight for this pattern and use it as a positive reference sample.,increase
20260909.0,223220,로지스몬,lawsuit,소송등의판결ㆍ결정              (신주발행금지가처분),negative,-75,5,4,5,1,-0.1441,-0.0991,success,negative_signal_confirmed,"The prediction direction `negative` was consistent with the actual next close return of -9.91%. The event type was `lawsuit`, event score was -75.00, news sentiment score was 4.00, and news attention score was 5.00.",This event pattern can be treated as a useful reference case for future predictions.,Maintain current rule weight for this pattern and use it as a positive reference sample.,increase
20260909.0,228670,레이,major_shareholder_change,[기재정정]최대주주변경을수반하는주식양수도계약체결              ,volatile,10,5,0,5,1,0.0174,-0.0022,failure,volatility_overestimated,"The prediction direction was `volatile`, but the actual next close return was -0.22%. The event type was `major_shareholder_change` with event score 10.00. The disclosure title was `[기재정정]최대주주변경을수반하는주식양수도계약체결              `. The event was treated as volatile, but the actual price movement may have been smaller than expected.",Volatile event classification should require stronger attention or stronger historical movement patterns.,Require higher news_attention_score before classifying an event as a strong volatility candidate.,decrease
20260909.0,064290,인텍플러스,supply_contract,단일판매ㆍ공급계약체결(자율공시)              ,positive,70,5,12,5,1,-0.0067,0.0768,success,positive_signal_confirmed,"The prediction direction `positive` was consistent with the actual next close return of 7.68%. The event type was `supply_contract`, event score was 70.00, news sentiment score was 12.00, and news attention score was 5.00.",This event pattern can be treated as a useful reference case for future predictions.,Maintain current rule weight for this pattern and use it as a positive reference sample.,increase
20260909.0,223220,로지스몬,lawsuit,소송등의판결ㆍ결정              (주주총회소집허가),negative,-75,5,4,5,1,-0.1441,-0.0991,success,negative_signal_confirmed,"The prediction direction `negative` was consistent with the actual next close return of -9.91%. The event type was `lawsuit`, event score was -75.00, news sentiment score was 4.00, and news attention score was 5.00.",This event pattern can be treated as a useful reference case for future predictions.,Maintain current rule weight for this pattern and use it as a positive reference sample.,increase
20260909.0,223220,로지스몬,lawsuit,소송등의판결ㆍ결정              (주주총회소집허가),negative,-75,5,4,5,1,-0.1441,-0.0991,success,negative_signal_confirmed,"The prediction direction `negative` was consistent with the actual next close return of -9.91%. The event type was `lawsuit`, event score was -75.00, news sentiment score was 4.00, and news attention score was 5.00.",This event pattern can be treated as a useful reference case for future predictions.,Maintain current rule weight for this pattern and use it as a positive reference sample.,increase
20260909.0,223220,로지스몬,lawsuit,소송등의판결ㆍ결정              (주주총회소집허가),negative,-75,5,4,5,1,-0.1441,-0.0991,success,negative_signal_confirmed,"The prediction direction `negative` was consistent with the actual next close return of -9.91%. The event type was `lawsuit`, event score was -75.00, news sentiment score was 4.00, and news attention score was 5.00.",This event pattern can be treated as a useful reference case for future predictions.,Maintain current rule weight for this pattern and use it as a positive reference sample.,increase
20260909.0,223220,로지스몬,lawsuit,소송등의판결ㆍ결정              (주주총회소집허가),negative,-75,5,4,5,1,-0.1441,-0.0991,success,negative_signal_confirmed,"The prediction direction `negative` was consistent with the actual next close return of -9.91%. The event type was `lawsuit`, event score was -75.00, news sentiment score was 4.00, and news attention score was 5.00.",This event pattern can be treated as a useful reference case for future predictions.,Maintain current rule weight for this pattern and use it as a positive reference sample.,increase
20260909.0,223220,로지스몬,lawsuit,소송등의판결ㆍ결정              (주주총회소집허가),negative,-75,5,4,5,1,-0.1441,-0.0991,success,negative_signal_confirmed,"The prediction direction `negative` was consistent with the actual next close return of -9.91%. The event type was `lawsuit`, event score was -75.00, news sentiment score was 4.00, and news attention score was 5.00.",This event pattern can be treated as a useful reference case for future predictions.,Maintain current rule weight for this pattern and use it as a positive reference sample.,increase
20260909.0,223220,로지스몬,lawsuit,소송등의판결ㆍ결정              (주주총회소집허가),negative,-75,5,4,5,1,-0.1441,-0.0991,success,negative_signal_confirmed,"The prediction direction `negative` was consistent with the actual next close return of -9.91%. The event type was `lawsuit`, event score was -75.00, news sentiment score was 4.00, and news attention score was 5.00.",This event pattern can be treated as a useful reference case for future predictions.,Maintain current rule weight for this pattern and use it as a positive reference sample.,increase
20260909.0,223220,로지스몬,lawsuit,소송등의판결ㆍ결정              (주주총회소집허가),negative,-75,5,4,5,1,-0.1441,-0.0991,success,negative_signal_confirmed,"The prediction direction `negative` was consistent with the actual next close return of -9.91%. The event type was `lawsuit`, event score was -75.00, news sentiment score was 4.00, and news attention score was 5.00.",This event pattern can be treated as a useful reference case for future predictions.,Maintain current rule weight for this pattern and use it as a positive reference sample.,increase
20260909.0,223220,로지스몬,lawsuit,소송등의판결ㆍ결정              (주주총회소집허가),negative,-75,5,4,5,1,-0.1441,-0.0991,success,negative_signal_confirmed,"The prediction direction `negative` was consistent with the actual next close return of -9.91%. The event type was `lawsuit`, event score was -75.00, news sentiment score was 4.00, and news attention score was 5.00.",This event pattern can be treated as a useful reference case for future predictions.,Maintain current rule weight for this pattern and use it as a positive reference sample.,increase
20260909.0,223220,로지스몬,lawsuit,소송등의판결ㆍ결정              (주주총회소집허가),negative,-75,5,4,5,1,-0.1441,-0.0991,success,negative_signal_confirmed,"The prediction direction `negative` was consistent with the actual next close return of -9.91%. The event type was `lawsuit`, event score was -75.00, news sentiment score was 4.00, and news attention score was 5.00.",This event pattern can be treated as a useful reference case for future predictions.,Maintain current rule weight for this pattern and use it as a positive reference sample.,increase
20260909.0,261780,아리바이오LAB,major_shareholder_change,[기재정정]최대주주변경을수반하는주식담보제공계약체결              ,volatile,10,5,4,5,2,-0.0182,0.0289,success,volatility_signal_confirmed,"The prediction direction `volatile` was consistent with the actual next close return of 2.89%. The event type was `major_shareholder_change`, event score was 10.00, news sentiment score was 4.00, and news attention score was 5.00.",This event pattern can be treated as a useful reference case for future predictions.,Maintain current rule weight for this pattern and use it as a positive reference sample.,increase
20260909.0,261780,아리바이오LAB,major_shareholder_change,[기재정정]최대주주변경을수반하는주식담보제공계약체결              ,volatile,10,5,4,5,2,-0.0182,0.0289,success,volatility_signal_confirmed,"The prediction direction `volatile` was consistent with the actual next close return of 2.89%. The event type was `major_shareholder_change`, event score was 10.00, news sentiment score was 4.00, and news attention score was 5.00.",This event pattern can be treated as a useful reference case for future predictions.,Maintain current rule weight for this pattern and use it as a positive reference sample.,increase
20260909.0,261780,아리바이오LAB,major_shareholder_change,[기재정정]최대주주변경을수반하는주식담보제공계약체결              ,volatile,10,5,4,5,2,-0.0182,0.0289,success,volatility_signal_confirmed,"The prediction direction `volatile` was consistent with the actual next close return of 2.89%. The event type was `major_shareholder_change`, event score was 10.00, news sentiment score was 4.00, and news attention score was 5.00.",This event pattern can be treated as a useful reference case for future predictions.,Maintain current rule weight for this pattern and use it as a positive reference sample.,increase
20260909.0,261780,아리바이오LAB,major_shareholder_change,[기재정정]최대주주변경을수반하는주식담보제공계약체결              ,volatile,10,5,4,5,2,-0.0182,0.0289,success,volatility_signal_confirmed,"The prediction direction `volatile` was consistent with the actual next close return of 2.89%. The event type was `major_shareholder_change`, event score was 10.00, news sentiment score was 4.00, and news attention score was 5.00.",This event pattern can be treated as a useful reference case for future predictions.,Maintain current rule weight for this pattern and use it as a positive reference sample.,increase
20260909.0,084680,이월드,major_shareholder_change,최대주주등소유주식변동신고서              ,volatile,10,5,4,5,0,-1.0,0.0,failure,volatility_overestimated,"The prediction direction was `volatile`, but the actual next close return was 0.00%. The event type was `major_shareholder_change` with event score 10.00. The disclosure title was `최대주주등소유주식변동신고서              `. The event was treated as volatile, but the actual price movement may have been smaller than expected.",Volatile event classification should require stronger attention or stronger historical movement patterns.,Require higher news_attention_score before classifying an event as a strong volatility candidate.,decrease
20260909.0,084680,이월드,major_shareholder_change,최대주주등소유주식변동신고서              ,volatile,10,5,4,5,0,-1.0,0.0,failure,volatility_overestimated,"The prediction direction was `volatile`, but the actual next close return was 0.00%. The event type was `major_shareholder_change` with event score 10.00. The disclosure title was `최대주주등소유주식변동신고서              `. The event was treated as volatile, but the actual price movement may have been smaller than expected.",Volatile event classification should require stronger attention or stronger historical movement patterns.,Require higher news_attention_score before classifying an event as a strong volatility candidate.,decrease
20260909.0,013700,까뮤이앤씨,supply_contract,[기재정정]단일판매ㆍ공급계약체결              ,positive,70,5,1,5,1,0.0,-0.0018,failure,general_prediction_failure,"The prediction direction was `positive`, but the actual next close return was -0.18%. The event type was `supply_contract` with event score 70.00. The disclosure title was `[기재정정]단일판매ㆍ공급계약체결              `.",The current rule set was not sufficient to explain the actual price reaction.,"Add more features such as market index return, trading volume, and sector movement.",slightly_decrease
20260909.0,047040,대우건설,supply_contract,[기재정정]단일판매ㆍ공급계약체결              ,positive,70,5,4,5,0,-0.0283,-0.0247,failure,general_prediction_failure,"The prediction direction was `positive`, but the actual next close return was -2.47%. The event type was `supply_contract` with event score 70.00. The disclosure title was `[기재정정]단일판매ㆍ공급계약체결              `.",The current rule set was not sufficient to explain the actual price reaction.,"Add more features such as market index return, trading volume, and sector movement.",slightly_decrease
20260909.0,047040,대우건설,supply_contract,[기재정정]단일판매ㆍ공급계약체결              ,positive,70,5,4,5,0,-0.0283,-0.0247,failure,general_prediction_failure,"The prediction direction was `positive`, but the actual next close return was -2.47%. The event type was `supply_contract` with event score 70.00. The disclosure title was `[기재정정]단일판매ㆍ공급계약체결              `.",The current rule set was not sufficient to explain the actual price reaction.,"Add more features such as market index return, trading volume, and sector movement.",slightly_decrease
20260909.0,047040,대우건설,supply_contract,[기재정정]단일판매ㆍ공급계약체결              ,positive,70,5,4,5,0,-0.0283,-0.0247,failure,general_prediction_failure,"The prediction direction was `positive`, but the actual next close return was -2.47%. The event type was `supply_contract` with event score 70.00. The disclosure title was `[기재정정]단일판매ㆍ공급계약체결              `.",The current rule set was not sufficient to explain the actual price reaction.,"Add more features such as market index return, trading volume, and sector movement.",slightly_decrease
20260909.0,047040,대우건설,supply_contract,[기재정정]단일판매ㆍ공급계약체결              ,positive,70,5,4,5,0,-0.0283,-0.0247,failure,general_prediction_failure,"The prediction direction was `positive`, but the actual next close return was -2.47%. The event type was `supply_contract` with event score 70.00. The disclosure title was `[기재정정]단일판매ㆍ공급계약체결              `.",The current rule set was not sufficient to explain the actual price reaction.,"Add more features such as market index return, trading volume, and sector movement.",slightly_decrease
20260909.0,004830,덕성,paid_in_capital_increase,유상증자결정(종속회사의주요경영사항)              ,negative,-70,5,1,5,1,0.0,-0.003,success,negative_signal_confirmed,"The prediction direction `negative` was consistent with the actual next close return of -0.30%. The event type was `paid_in_capital_increase`, event score was -70.00, news sentiment score was 1.00, and news attention score was 5.00.",This event pattern can be treated as a useful reference case for future predictions.,Maintain current rule weight for this pattern and use it as a positive reference sample.,increase
20260909.0,004830,덕성,paid_in_capital_increase,유상증자결정(종속회사의주요경영사항)              ,negative,-70,5,1,5,1,0.0,-0.003,success,negative_signal_confirmed,"The prediction direction `negative` was consistent with the actual next close return of -0.30%. The event type was `paid_in_capital_increase`, event score was -70.00, news sentiment score was 1.00, and news attention score was 5.00.",This event pattern can be treated as a useful reference case for future predictions.,Maintain current rule weight for this pattern and use it as a positive reference sample.,increase
20260909.0,026150,특수건설,supply_contract,[기재정정]단일판매ㆍ공급계약체결              ,positive,70,5,2,5,1,0.0,-0.019,failure,general_prediction_failure,"The prediction direction was `positive`, but the actual next close return was -1.90%. The event type was `supply_contract` with event score 70.00. The disclosure title was `[기재정정]단일판매ㆍ공급계약체결              `.",The current rule set was not sufficient to explain the actual price reaction.,"Add more features such as market index return, trading volume, and sector movement.",slightly_decrease
20260909.0,000720,현대건설,supply_contract,[기재정정]단일판매ㆍ공급계약체결              ,positive,70,5,2,5,0,-0.0337,-0.0389,failure,general_prediction_failure,"The prediction direction was `positive`, but the actual next close return was -3.89%. The event type was `supply_contract` with event score 70.00. The disclosure title was `[기재정정]단일판매ㆍ공급계약체결              `.",The current rule set was not sufficient to explain the actual price reaction.,"Add more features such as market index return, trading volume, and sector movement.",slightly_decrease
20260909.0,226590,엠디바이스,convertible_bond,주요사항보고서(자기전환사채만기전취득결정),negative,-60,5,2,5,3,-0.0138,-0.0076,success,negative_signal_confirmed,"The prediction direction `negative` was consistent with the actual next close return of -0.76%. The event type was `convertible_bond`, event score was -60.00, news sentiment score was 2.00, and news attention score was 5.00.",This event pattern can be treated as a useful reference case for future predictions.,Maintain current rule weight for this pattern and use it as a positive reference sample.,increase
20260909.0,006570,대림통상,major_shareholder_change,최대주주등소유주식변동신고서              ,volatile,10,5,-2,5,4,0.0,-0.0055,failure,volatility_overestimated,"The prediction direction was `volatile`, but the actual next close return was -0.55%. The event type was `major_shareholder_change` with event score 10.00. The disclosure title was `최대주주등소유주식변동신고서              `. The event had 4 negative keyword signals, which may have reduced market confidence. The event was treated as volatile, but the actual price movement may have been smaller than expected.",Volatile event classification should require stronger attention or stronger historical movement patterns.,Require higher news_attention_score before classifying an event as a strong volatility candidate.,decrease
20260909.0,006570,대림통상,major_shareholder_change,최대주주등소유주식변동신고서              ,volatile,10,5,-2,5,4,0.0,-0.0055,failure,volatility_overestimated,"The prediction direction was `volatile`, but the actual next close return was -0.55%. The event type was `major_shareholder_change` with event score 10.00. The disclosure title was `최대주주등소유주식변동신고서              `. The event had 4 negative keyword signals, which may have reduced market confidence. The event was treated as volatile, but the actual price movement may have been smaller than expected.",Volatile event classification should require stronger attention or stronger historical movement patterns.,Require higher news_attention_score before classifying an event as a strong volatility candidate.,decrease
20260909.0,006570,대림통상,major_shareholder_change,최대주주등소유주식변동신고서              ,volatile,10,5,-2,5,4,0.0,-0.0055,failure,volatility_overestimated,"The prediction direction was `volatile`, but the actual next close return was -0.55%. The event type was `major_shareholder_change` with event score 10.00. The disclosure title was `최대주주등소유주식변동신고서              `. The event had 4 negative keyword signals, which may have reduced market confidence. The event was treated as volatile, but the actual price movement may have been smaller than expected.",Volatile event classification should require stronger attention or stronger historical movement patterns.,Require higher news_attention_score before classifying an event as a strong volatility candidate.,decrease
20260909.0,006570,대림통상,major_shareholder_change,최대주주등소유주식변동신고서              ,volatile,10,5,-2,5,4,0.0,-0.0055,failure,volatility_overestimated,"The prediction direction was `volatile`, but the actual next close return was -0.55%. The event type was `major_shareholder_change` with event score 10.00. The disclosure title was `최대주주등소유주식변동신고서              `. The event had 4 negative keyword signals, which may have reduced market confidence. The event was treated as volatile, but the actual price movement may have been smaller than expected.",Volatile event classification should require stronger attention or stronger historical movement patterns.,Require higher news_attention_score before classifying an event as a strong volatility candidate.,decrease
20260909.0,002460,HS화성,supply_contract,단일판매ㆍ공급계약체결              ,positive,70,5,4,5,0,0.0009,0.0047,success,positive_signal_confirmed,"The prediction direction `positive` was consistent with the actual next close return of 0.47%. The event type was `supply_contract`, event score was 70.00, news sentiment score was 4.00, and news attention score was 5.00.",This event pattern can be treated as a useful reference case for future predictions.,Maintain current rule weight for this pattern and use it as a positive reference sample.,increase
20260909.0,291810,핀텔,paid_in_capital_increase,유상증자또는주식관련사채등의청약결과(자율공시)              ,negative,-70,5,-3,5,4,-0.0007,0.0551,failure,negative_signal_reversed,"The prediction direction was `negative`, but the actual next close return was 5.51%. The event type was `paid_in_capital_increase` with event score -70.00. The disclosure title was `유상증자또는주식관련사채등의청약결과(자율공시)              `. The event had 4 negative keyword signals, which may have reduced market confidence.",Some negative events can rebound if the market interprets them as already priced in or less severe than expected.,Reduce negative confidence when negative events show positive actual returns repeatedly.,slightly_decrease
,031990,대선조선,lawsuit,주요사항보고서(소송등의제기),negative,-75,5,5,5,1,,,pending,pending_price_data,Actual next-day price reaction is not available yet. The prediction cannot be evaluated until price data is collected.,Do not update model confidence until actual price reaction data becomes available.,Keep this row pending and re-evaluate after next trading day price data is available.,hold
20260909.0,014530,극동유화,major_shareholder_change,최대주주등소유주식변동신고서              ,volatile,10,5,1,5,2,0.0061,0.0212,success,volatility_signal_confirmed,"The prediction direction `volatile` was consistent with the actual next close return of 2.12%. The event type was `major_shareholder_change`, event score was 10.00, news sentiment score was 1.00, and news attention score was 5.00.",This event pattern can be treated as a useful reference case for future predictions.,Maintain current rule weight for this pattern and use it as a positive reference sample.,increase
20260909.0,014530,극동유화,major_shareholder_change,최대주주등소유주식변동신고서              ,volatile,10,5,1,5,2,0.0061,0.0212,success,volatility_signal_confirmed,"The prediction direction `volatile` was consistent with the actual next close return of 2.12%. The event type was `major_shareholder_change`, event score was 10.00, news sentiment score was 1.00, and news attention score was 5.00.",This event pattern can be treated as a useful reference case for future predictions.,Maintain current rule weight for this pattern and use it as a positive reference sample.,increase
20260909.0,069730,DSR제강,major_shareholder_change,최대주주등소유주식변동신고서              ,volatile,10,5,0,5,2,0.0,-0.0019,failure,volatility_overestimated,"The prediction direction was `volatile`, but the actual next close return was -0.19%. The event type was `major_shareholder_change` with event score 10.00. The disclosure title was `최대주주등소유주식변동신고서              `. The event had 2 negative keyword signals, which may have reduced market confidence. The event was treated as volatile, but the actual price movement may have been smaller than expected.",Volatile event classification should require stronger attention or stronger historical movement patterns.,Require higher news_attention_score before classifying an event as a strong volatility candidate.,decrease
20260909.0,005960,동부건설,supply_contract,단일판매ㆍ공급계약체결              ,positive,70,5,5,5,0,0.0281,-0.0038,failure,general_prediction_failure,"The prediction direction was `positive`, but the actual next close return was -0.38%. The event type was `supply_contract` with event score 70.00. The disclosure title was `단일판매ㆍ공급계약체결              `.",The current rule set was not sufficient to explain the actual price reaction.,"Add more features such as market index return, trading volume, and sector movement.",slightly_decrease
20260909.0,278470,에이피알,merger,회사합병결정(종속회사의주요경영사항)              ,volatile,30,5,2,5,0,0.0176,-0.019,failure,volatility_overestimated,"The prediction direction was `volatile`, but the actual next close return was -1.90%. The event type was `merger` with event score 30.00. The disclosure title was `회사합병결정(종속회사의주요경영사항)              `. The event was treated as volatile, but the actual price movement may have been smaller than expected.",Volatile event classification should require stronger attention or stronger historical movement patterns.,Require higher news_attention_score before classifying an event as a strong volatility candidate.,decrease
20260909.0,278470,에이피알,merger,회사합병결정(종속회사의주요경영사항)              ,volatile,30,5,2,5,0,0.0176,-0.019,failure,volatility_overestimated,"The prediction direction was `volatile`, but the actual next close return was -1.90%. The event type was `merger` with event score 30.00. The disclosure title was `회사합병결정(종속회사의주요경영사항)              `. The event was treated as volatile, but the actual price movement may have been smaller than expected.",Volatile event classification should require stronger attention or stronger historical movement patterns.,Require higher news_attention_score before classifying an event as a strong volatility candidate.,decrease
20260909.0,278470,에이피알,merger,회사합병결정(종속회사의주요경영사항)              ,volatile,30,5,2,5,0,0.0176,-0.019,failure,volatility_overestimated,"The prediction direction was `volatile`, but the actual next close return was -1.90%. The event type was `merger` with event score 30.00. The disclosure title was `회사합병결정(종속회사의주요경영사항)              `. The event was treated as volatile, but the actual price movement may have been smaller than expected.",Volatile event classification should require stronger attention or stronger historical movement patterns.,Require higher news_attention_score before classifying an event as a strong volatility candidate.,decrease
20260909.0,278470,에이피알,merger,회사합병결정(종속회사의주요경영사항)              ,volatile,30,5,2,5,0,0.0176,-0.019,failure,volatility_overestimated,"The prediction direction was `volatile`, but the actual next close return was -1.90%. The event type was `merger` with event score 30.00. The disclosure title was `회사합병결정(종속회사의주요경영사항)              `. The event was treated as volatile, but the actual price movement may have been smaller than expected.",Volatile event classification should require stronger attention or stronger historical movement patterns.,Require higher news_attention_score before classifying an event as a strong volatility candidate.,decrease
20260909.0,278470,에이피알,merger,회사합병결정(종속회사의주요경영사항)              ,volatile,30,5,2,5,0,0.0176,-0.019,failure,volatility_overestimated,"The prediction direction was `volatile`, but the actual next close return was -1.90%. The event type was `merger` with event score 30.00. The disclosure title was `회사합병결정(종속회사의주요경영사항)              `. The event was treated as volatile, but the actual price movement may have been smaller than expected.",Volatile event classification should require stronger attention or stronger historical movement patterns.,Require higher news_attention_score before classifying an event as a strong volatility candidate.,decrease
20260909.0,278470,에이피알,merger,회사합병결정(종속회사의주요경영사항)              ,volatile,30,5,2,5,0,0.0176,-0.019,failure,volatility_overestimated,"The prediction direction was `volatile`, but the actual next close return was -1.90%. The event type was `merger` with event score 30.00. The disclosure title was `회사합병결정(종속회사의주요경영사항)              `. The event was treated as volatile, but the actual price movement may have been smaller than expected.",Volatile event classification should require stronger attention or stronger historical movement patterns.,Require higher news_attention_score before classifying an event as a strong volatility candidate.,decrease
20260909.0,012630,HDC,supply_contract,[기재정정]단일판매ㆍ공급계약체결(자회사의 주요경영사항)              ,positive,70,5,8,5,0,0.0101,0.0466,success,positive_signal_confirmed,"The prediction direction `positive` was consistent with the actual next close return of 4.66%. The event type was `supply_contract`, event score was 70.00, news sentiment score was 8.00, and news attention score was 5.00.",This event pattern can be treated as a useful reference case for future predictions.,Maintain current rule weight for this pattern and use it as a positive reference sample.,increase
20260909.0,294870,IPARK현대산업개발,supply_contract,[기재정정]단일판매ㆍ공급계약체결              ,positive,70,5,11,5,0,-0.0106,-0.0085,failure,general_prediction_failure,"The prediction direction was `positive`, but the actual next close return was -0.85%. The event type was `supply_contract` with event score 70.00. The disclosure title was `[기재정정]단일판매ㆍ공급계약체결              `.",The current rule set was not sufficient to explain the actual price reaction.,"Add more features such as market index return, trading volume, and sector movement.",slightly_decrease
20260909.0,278470,에이피알,merger,주요사항보고서(회사합병결정),volatile,30,5,2,5,0,0.0176,-0.019,failure,volatility_overestimated,"The prediction direction was `volatile`, but the actual next close return was -1.90%. The event type was `merger` with event score 30.00. The disclosure title was `주요사항보고서(회사합병결정)`. The event was treated as volatile, but the actual price movement may have been smaller than expected.",Volatile event classification should require stronger attention or stronger historical movement patterns.,Require higher news_attention_score before classifying an event as a strong volatility candidate.,decrease
20260909.0,278470,에이피알,merger,주요사항보고서(회사합병결정),volatile,30,5,2,5,0,0.0176,-0.019,failure,volatility_overestimated,"The prediction direction was `volatile`, but the actual next close return was -1.90%. The event type was `merger` with event score 30.00. The disclosure title was `주요사항보고서(회사합병결정)`. The event was treated as volatile, but the actual price movement may have been smaller than expected.",Volatile event classification should require stronger attention or stronger historical movement patterns.,Require higher news_attention_score before classifying an event as a strong volatility candidate.,decrease
20260909.0,278470,에이피알,merger,주요사항보고서(회사합병결정),volatile,30,5,2,5,0,0.0176,-0.019,failure,volatility_overestimated,"The prediction direction was `volatile`, but the actual next close return was -1.90%. The event type was `merger` with event score 30.00. The disclosure title was `주요사항보고서(회사합병결정)`. The event was treated as volatile, but the actual price movement may have been smaller than expected.",Volatile event classification should require stronger attention or stronger historical movement patterns.,Require higher news_attention_score before classifying an event as a strong volatility candidate.,decrease
20260909.0,278470,에이피알,merger,주요사항보고서(회사합병결정),volatile,30,5,2,5,0,0.0176,-0.019,failure,volatility_overestimated,"The prediction direction was `volatile`, but the actual next close return was -1.90%. The event type was `merger` with event score 30.00. The disclosure title was `주요사항보고서(회사합병결정)`. The event was treated as volatile, but the actual price movement may have been smaller than expected.",Volatile event classification should require stronger attention or stronger historical movement patterns.,Require higher news_attention_score before classifying an event as a strong volatility candidate.,decrease
20260909.0,278470,에이피알,merger,주요사항보고서(회사합병결정),volatile,30,5,2,5,0,0.0176,-0.019,failure,volatility_overestimated,"The prediction direction was `volatile`, but the actual next close return was -1.90%. The event type was `merger` with event score 30.00. The disclosure title was `주요사항보고서(회사합병결정)`. The event was treated as volatile, but the actual price movement may have been smaller than expected.",Volatile event classification should require stronger attention or stronger historical movement patterns.,Require higher news_attention_score before classifying an event as a strong volatility candidate.,decrease
20260909.0,278470,에이피알,merger,주요사항보고서(회사합병결정),volatile,30,5,2,5,0,0.0176,-0.019,failure,volatility_overestimated,"The prediction direction was `volatile`, but the actual next close return was -1.90%. The event type was `merger` with event score 30.00. The disclosure title was `주요사항보고서(회사합병결정)`. The event was treated as volatile, but the actual price movement may have been smaller than expected.",Volatile event classification should require stronger attention or stronger historical movement patterns.,Require higher news_attention_score before classifying an event as a strong volatility candidate.,decrease
20260909.0,268280,미원에스씨,major_shareholder_change,최대주주등소유주식변동신고서              ,volatile,10,5,3,5,1,0.0,0.0,failure,volatility_overestimated,"The prediction direction was `volatile`, but the actual next close return was 0.00%. The event type was `major_shareholder_change` with event score 10.00. The disclosure title was `최대주주등소유주식변동신고서              `. The event was treated as volatile, but the actual price movement may have been smaller than expected.",Volatile event classification should require stronger attention or stronger historical movement patterns.,Require higher news_attention_score before classifying an event as a strong volatility candidate.,decrease
20260909.0,047040,대우건설,supply_contract,단일판매ㆍ공급계약체결              ,positive,70,5,4,5,0,-0.0283,-0.0247,failure,general_prediction_failure,"The prediction direction was `positive`, but the actual next close return was -2.47%. The event type was `supply_contract` with event score 70.00. The disclosure title was `단일판매ㆍ공급계약체결              `.",The current rule set was not sufficient to explain the actual price reaction.,"Add more features such as market index return, trading volume, and sector movement.",slightly_decrease
20260909.0,047040,대우건설,supply_contract,단일판매ㆍ공급계약체결              ,positive,70,5,4,5,0,-0.0283,-0.0247,failure,general_prediction_failure,"The prediction direction was `positive`, but the actual next close return was -2.47%. The event type was `supply_contract` with event score 70.00. The disclosure title was `단일판매ㆍ공급계약체결              `.",The current rule set was not sufficient to explain the actual price reaction.,"Add more features such as market index return, trading volume, and sector movement.",slightly_decrease
20260909.0,047040,대우건설,supply_contract,단일판매ㆍ공급계약체결              ,positive,70,5,4,5,0,-0.0283,-0.0247,failure,general_prediction_failure,"The prediction direction was `positive`, but the actual next close return was -2.47%. The event type was `supply_contract` with event score 70.00. The disclosure title was `단일판매ㆍ공급계약체결              `.",The current rule set was not sufficient to explain the actual price reaction.,"Add more features such as market index return, trading volume, and sector movement.",slightly_decrease
20260909.0,047040,대우건설,supply_contract,단일판매ㆍ공급계약체결              ,positive,70,5,4,5,0,-0.0283,-0.0247,failure,general_prediction_failure,"The prediction direction was `positive`, but the actual next close return was -2.47%. The event type was `supply_contract` with event score 70.00. The disclosure title was `단일판매ㆍ공급계약체결              `.",The current rule set was not sufficient to explain the actual price reaction.,"Add more features such as market index return, trading volume, and sector movement.",slightly_decrease
20260909.0,010960,삼호개발,supply_contract,[기재정정]단일판매ㆍ공급계약체결              ,positive,70,5,10,5,2,-0.0016,-0.0064,failure,positive_signal_with_negative_noise,"The prediction direction was `positive`, but the actual next close return was -0.64%. The event type was `supply_contract` with event score 70.00. The disclosure title was `[기재정정]단일판매ㆍ공급계약체결              `. The event had 2 negative keyword signals, which may have reduced market confidence.",Positive events with multiple negative keywords should receive lower confidence.,Apply a penalty when negative_keyword_count is greater than or equal to two.,decrease
20260909.0,007570,일양약품,supply_contract,단일판매ㆍ공급계약해지              ,positive,70,5,8,5,2,0.0097,0.0036,success,positive_signal_confirmed,"The prediction direction `positive` was consistent with the actual next close return of 0.36%. The event type was `supply_contract`, event score was 70.00, news sentiment score was 8.00, and news attention score was 5.00.",This event pattern can be treated as a useful reference case for future predictions.,Maintain current rule weight for this pattern and use it as a positive reference sample.,increase
20260909.0,224060,더코디,convertible_bond,[기재정정]주요사항보고서(자기전환사채매도결정),negative,-60,5,-1,5,4,0.0,0.2996,failure,negative_signal_reversed,"The prediction direction was `negative`, but the actual next close return was 29.96%. The event type was `convertible_bond` with event score -60.00. The disclosure title was `[기재정정]주요사항보고서(자기전환사채매도결정)`. The event had 4 negative keyword signals, which may have reduced market confidence.",Some negative events can rebound if the market interprets them as already priced in or less severe than expected.,Reduce negative confidence when negative events show positive actual returns repeatedly.,slightly_decrease
20260909.0,224060,더코디,convertible_bond,[기재정정]주요사항보고서(자기전환사채매도결정),negative,-60,5,-1,5,4,0.0,0.2996,failure,negative_signal_reversed,"The prediction direction was `negative`, but the actual next close return was 29.96%. The event type was `convertible_bond` with event score -60.00. The disclosure title was `[기재정정]주요사항보고서(자기전환사채매도결정)`. The event had 4 negative keyword signals, which may have reduced market confidence.",Some negative events can rebound if the market interprets them as already priced in or less severe than expected.,Reduce negative confidence when negative events show positive actual returns repeatedly.,slightly_decrease
20260909.0,224060,더코디,convertible_bond,[기재정정]주요사항보고서(자기전환사채매도결정),negative,-60,5,-1,5,4,0.0,0.2996,failure,negative_signal_reversed,"The prediction direction was `negative`, but the actual next close return was 29.96%. The event type was `convertible_bond` with event score -60.00. The disclosure title was `[기재정정]주요사항보고서(자기전환사채매도결정)`. The event had 4 negative keyword signals, which may have reduced market confidence.",Some negative events can rebound if the market interprets them as already priced in or less severe than expected.,Reduce negative confidence when negative events show positive actual returns repeatedly.,slightly_decrease
20260909.0,224060,더코디,convertible_bond,[기재정정]주요사항보고서(자기전환사채매도결정),negative,-60,5,-1,5,4,0.0,0.2996,failure,negative_signal_reversed,"The prediction direction was `negative`, but the actual next close return was 29.96%. The event type was `convertible_bond` with event score -60.00. The disclosure title was `[기재정정]주요사항보고서(자기전환사채매도결정)`. The event had 4 negative keyword signals, which may have reduced market confidence.",Some negative events can rebound if the market interprets them as already priced in or less severe than expected.,Reduce negative confidence when negative events show positive actual returns repeatedly.,slightly_decrease
20260909.0,224060,더코디,convertible_bond,[기재정정]주요사항보고서(자기전환사채매도결정),negative,-60,5,-1,5,4,0.0,0.2996,failure,negative_signal_reversed,"The prediction direction was `negative`, but the actual next close return was 29.96%. The event type was `convertible_bond` with event score -60.00. The disclosure title was `[기재정정]주요사항보고서(자기전환사채매도결정)`. The event had 4 negative keyword signals, which may have reduced market confidence.",Some negative events can rebound if the market interprets them as already priced in or less severe than expected.,Reduce negative confidence when negative events show positive actual returns repeatedly.,slightly_decrease
20260909.0,224060,더코디,convertible_bond,[기재정정]주요사항보고서(자기전환사채매도결정),negative,-60,5,-1,5,4,0.0,0.2996,failure,negative_signal_reversed,"The prediction direction was `negative`, but the actual next close return was 29.96%. The event type was `convertible_bond` with event score -60.00. The disclosure title was `[기재정정]주요사항보고서(자기전환사채매도결정)`. The event had 4 negative keyword signals, which may have reduced market confidence.",Some negative events can rebound if the market interprets them as already priced in or less severe than expected.,Reduce negative confidence when negative events show positive actual returns repeatedly.,slightly_decrease
20260909.0,224060,더코디,convertible_bond,[기재정정]주요사항보고서(자기전환사채매도결정),negative,-60,5,-1,5,4,0.0,0.2996,failure,negative_signal_reversed,"The prediction direction was `negative`, but the actual next close return was 29.96%. The event type was `convertible_bond` with event score -60.00. The disclosure title was `[기재정정]주요사항보고서(자기전환사채매도결정)`. The event had 4 negative keyword signals, which may have reduced market confidence.",Some negative events can rebound if the market interprets them as already priced in or less severe than expected.,Reduce negative confidence when negative events show positive actual returns repeatedly.,slightly_decrease
20260909.0,224060,더코디,convertible_bond,[기재정정]주요사항보고서(자기전환사채매도결정),negative,-60,5,-1,5,4,0.0,0.2996,failure,negative_signal_reversed,"The prediction direction was `negative`, but the actual next close return was 29.96%. The event type was `convertible_bond` with event score -60.00. The disclosure title was `[기재정정]주요사항보고서(자기전환사채매도결정)`. The event had 4 negative keyword signals, which may have reduced market confidence.",Some negative events can rebound if the market interprets them as already priced in or less severe than expected.,Reduce negative confidence when negative events show positive actual returns repeatedly.,slightly_decrease
20260909.0,224060,더코디,convertible_bond,[기재정정]주요사항보고서(자기전환사채매도결정),negative,-60,5,-1,5,4,0.0,0.2996,failure,negative_signal_reversed,"The prediction direction was `negative`, but the actual next close return was 29.96%. The event type was `convertible_bond` with event score -60.00. The disclosure title was `[기재정정]주요사항보고서(자기전환사채매도결정)`. The event had 4 negative keyword signals, which may have reduced market confidence.",Some negative events can rebound if the market interprets them as already priced in or less severe than expected.,Reduce negative confidence when negative events show positive actual returns repeatedly.,slightly_decrease
20260909.0,224060,더코디,convertible_bond,[기재정정]주요사항보고서(자기전환사채매도결정),negative,-60,5,-1,5,4,0.0,0.2996,failure,negative_signal_reversed,"The prediction direction was `negative`, but the actual next close return was 29.96%. The event type was `convertible_bond` with event score -60.00. The disclosure title was `[기재정정]주요사항보고서(자기전환사채매도결정)`. The event had 4 negative keyword signals, which may have reduced market confidence.",Some negative events can rebound if the market interprets them as already priced in or less severe than expected.,Reduce negative confidence when negative events show positive actual returns repeatedly.,slightly_decrease
20260909.0,224060,더코디,convertible_bond,[기재정정]주요사항보고서(자기전환사채매도결정),negative,-60,5,-1,5,4,0.0,0.2996,failure,negative_signal_reversed,"The prediction direction was `negative`, but the actual next close return was 29.96%. The event type was `convertible_bond` with event score -60.00. The disclosure title was `[기재정정]주요사항보고서(자기전환사채매도결정)`. The event had 4 negative keyword signals, which may have reduced market confidence.",Some negative events can rebound if the market interprets them as already priced in or less severe than expected.,Reduce negative confidence when negative events show positive actual returns repeatedly.,slightly_decrease
20260909.0,224060,더코디,convertible_bond,[기재정정]주요사항보고서(자기전환사채매도결정),negative,-60,5,-1,5,4,0.0,0.2996,failure,negative_signal_reversed,"The prediction direction was `negative`, but the actual next close return was 29.96%. The event type was `convertible_bond` with event score -60.00. The disclosure title was `[기재정정]주요사항보고서(자기전환사채매도결정)`. The event had 4 negative keyword signals, which may have reduced market confidence.",Some negative events can rebound if the market interprets them as already priced in or less severe than expected.,Reduce negative confidence when negative events show positive actual returns repeatedly.,slightly_decrease
20260909.0,351320,넥사다이내믹스,investment_decision,투자판단관련주요경영사항              (경영지배인 선임의 건),volatile,30,5,0,5,4,0.05,-0.128,success,volatility_signal_confirmed,"The prediction direction `volatile` was consistent with the actual next close return of -12.80%. The event type was `investment_decision`, event score was 30.00, news sentiment score was 0.00, and news attention score was 5.00.",This event pattern can be treated as a useful reference case for future predictions.,Maintain current rule weight for this pattern and use it as a positive reference sample.,increase
20260909.0,351320,넥사다이내믹스,investment_decision,투자판단관련주요경영사항              (경영지배인 선임의 건),volatile,30,5,0,5,4,0.05,-0.128,success,volatility_signal_confirmed,"The prediction direction `volatile` was consistent with the actual next close return of -12.80%. The event type was `investment_decision`, event score was 30.00, news sentiment score was 0.00, and news attention score was 5.00.",This event pattern can be treated as a useful reference case for future predictions.,Maintain current rule weight for this pattern and use it as a positive reference sample.,increase
20260909.0,351320,넥사다이내믹스,investment_decision,투자판단관련주요경영사항              (경영지배인 선임의 건),volatile,30,5,0,5,4,0.05,-0.128,success,volatility_signal_confirmed,"The prediction direction `volatile` was consistent with the actual next close return of -12.80%. The event type was `investment_decision`, event score was 30.00, news sentiment score was 0.00, and news attention score was 5.00.",This event pattern can be treated as a useful reference case for future predictions.,Maintain current rule weight for this pattern and use it as a positive reference sample.,increase
20260909.0,351320,넥사다이내믹스,investment_decision,투자판단관련주요경영사항              (경영지배인 선임의 건),volatile,30,5,0,5,4,0.05,-0.128,success,volatility_signal_confirmed,"The prediction direction `volatile` was consistent with the actual next close return of -12.80%. The event type was `investment_decision`, event score was 30.00, news sentiment score was 0.00, and news attention score was 5.00.",This event pattern can be treated as a useful reference case for future predictions.,Maintain current rule weight for this pattern and use it as a positive reference sample.,increase
20260909.0,351320,넥사다이내믹스,investment_decision,투자판단관련주요경영사항              (경영지배인 선임의 건),volatile,30,5,0,5,4,0.05,-0.128,success,volatility_signal_confirmed,"The prediction direction `volatile` was consistent with the actual next close return of -12.80%. The event type was `investment_decision`, event score was 30.00, news sentiment score was 0.00, and news attention score was 5.00.",This event pattern can be treated as a useful reference case for future predictions.,Maintain current rule weight for this pattern and use it as a positive reference sample.,increase
20260909.0,351320,넥사다이내믹스,investment_decision,투자판단관련주요경영사항              (경영지배인 선임의 건),volatile,30,5,0,5,4,0.05,-0.128,success,volatility_signal_confirmed,"The prediction direction `volatile` was consistent with the actual next close return of -12.80%. The event type was `investment_decision`, event score was 30.00, news sentiment score was 0.00, and news attention score was 5.00.",This event pattern can be treated as a useful reference case for future predictions.,Maintain current rule weight for this pattern and use it as a positive reference sample.,increase
20260909.0,351320,넥사다이내믹스,investment_decision,투자판단관련주요경영사항              (경영지배인 선임의 건),volatile,30,5,0,5,4,0.05,-0.128,success,volatility_signal_confirmed,"The prediction direction `volatile` was consistent with the actual next close return of -12.80%. The event type was `investment_decision`, event score was 30.00, news sentiment score was 0.00, and news attention score was 5.00.",This event pattern can be treated as a useful reference case for future predictions.,Maintain current rule weight for this pattern and use it as a positive reference sample.,increase
20260909.0,351320,넥사다이내믹스,investment_decision,투자판단관련주요경영사항              (경영지배인 선임의 건),volatile,30,5,0,5,4,0.05,-0.128,success,volatility_signal_confirmed,"The prediction direction `volatile` was consistent with the actual next close return of -12.80%. The event type was `investment_decision`, event score was 30.00, news sentiment score was 0.00, and news attention score was 5.00.",This event pattern can be treated as a useful reference case for future predictions.,Maintain current rule weight for this pattern and use it as a positive reference sample.,increase
20260909.0,351320,넥사다이내믹스,investment_decision,투자판단관련주요경영사항              (경영지배인 선임의 건),volatile,30,5,0,5,4,0.05,-0.128,success,volatility_signal_confirmed,"The prediction direction `volatile` was consistent with the actual next close return of -12.80%. The event type was `investment_decision`, event score was 30.00, news sentiment score was 0.00, and news attention score was 5.00.",This event pattern can be treated as a useful reference case for future predictions.,Maintain current rule weight for this pattern and use it as a positive reference sample.,increase
20260909.0,351320,넥사다이내믹스,paid_in_capital_increase,주요사항보고서(유상증자결정),negative,-70,5,0,5,4,0.05,-0.128,success,negative_signal_confirmed,"The prediction direction `negative` was consistent with the actual next close return of -12.80%. The event type was `paid_in_capital_increase`, event score was -70.00, news sentiment score was 0.00, and news attention score was 5.00.",This event pattern can be treated as a useful reference case for future predictions.,Maintain current rule weight for this pattern and use it as a positive reference sample.,increase
20260909.0,351320,넥사다이내믹스,paid_in_capital_increase,주요사항보고서(유상증자결정),negative,-70,5,0,5,4,0.05,-0.128,success,negative_signal_confirmed,"The prediction direction `negative` was consistent with the actual next close return of -12.80%. The event type was `paid_in_capital_increase`, event score was -70.00, news sentiment score was 0.00, and news attention score was 5.00.",This event pattern can be treated as a useful reference case for future predictions.,Maintain current rule weight for this pattern and use it as a positive reference sample.,increase
20260909.0,351320,넥사다이내믹스,paid_in_capital_increase,주요사항보고서(유상증자결정),negative,-70,5,0,5,4,0.05,-0.128,success,negative_signal_confirmed,"The prediction direction `negative` was consistent with the actual next close return of -12.80%. The event type was `paid_in_capital_increase`, event score was -70.00, news sentiment score was 0.00, and news attention score was 5.00.",This event pattern can be treated as a useful reference case for future predictions.,Maintain current rule weight for this pattern and use it as a positive reference sample.,increase
20260909.0,351320,넥사다이내믹스,paid_in_capital_increase,주요사항보고서(유상증자결정),negative,-70,5,0,5,4,0.05,-0.128,success,negative_signal_confirmed,"The prediction direction `negative` was consistent with the actual next close return of -12.80%. The event type was `paid_in_capital_increase`, event score was -70.00, news sentiment score was 0.00, and news attention score was 5.00.",This event pattern can be treated as a useful reference case for future predictions.,Maintain current rule weight for this pattern and use it as a positive reference sample.,increase
20260909.0,351320,넥사다이내믹스,paid_in_capital_increase,주요사항보고서(유상증자결정),negative,-70,5,0,5,4,0.05,-0.128,success,negative_signal_confirmed,"The prediction direction `negative` was consistent with the actual next close return of -12.80%. The event type was `paid_in_capital_increase`, event score was -70.00, news sentiment score was 0.00, and news attention score was 5.00.",This event pattern can be treated as a useful reference case for future predictions.,Maintain current rule weight for this pattern and use it as a positive reference sample.,increase
20260909.0,351320,넥사다이내믹스,paid_in_capital_increase,주요사항보고서(유상증자결정),negative,-70,5,0,5,4,0.05,-0.128,success,negative_signal_confirmed,"The prediction direction `negative` was consistent with the actual next close return of -12.80%. The event type was `paid_in_capital_increase`, event score was -70.00, news sentiment score was 0.00, and news attention score was 5.00.",This event pattern can be treated as a useful reference case for future predictions.,Maintain current rule weight for this pattern and use it as a positive reference sample.,increase
20260909.0,351320,넥사다이내믹스,paid_in_capital_increase,주요사항보고서(유상증자결정),negative,-70,5,0,5,4,0.05,-0.128,success,negative_signal_confirmed,"The prediction direction `negative` was consistent with the actual next close return of -12.80%. The event type was `paid_in_capital_increase`, event score was -70.00, news sentiment score was 0.00, and news attention score was 5.00.",This event pattern can be treated as a useful reference case for future predictions.,Maintain current rule weight for this pattern and use it as a positive reference sample.,increase
20260909.0,351320,넥사다이내믹스,paid_in_capital_increase,주요사항보고서(유상증자결정),negative,-70,5,0,5,4,0.05,-0.128,success,negative_signal_confirmed,"The prediction direction `negative` was consistent with the actual next close return of -12.80%. The event type was `paid_in_capital_increase`, event score was -70.00, news sentiment score was 0.00, and news attention score was 5.00.",This event pattern can be treated as a useful reference case for future predictions.,Maintain current rule weight for this pattern and use it as a positive reference sample.,increase
20260909.0,351320,넥사다이내믹스,paid_in_capital_increase,주요사항보고서(유상증자결정),negative,-70,5,0,5,4,0.05,-0.128,success,negative_signal_confirmed,"The prediction direction `negative` was consistent with the actual next close return of -12.80%. The event type was `paid_in_capital_increase`, event score was -70.00, news sentiment score was 0.00, and news attention score was 5.00.",This event pattern can be treated as a useful reference case for future predictions.,Maintain current rule weight for this pattern and use it as a positive reference sample.,increase
20260909.0,224060,더코디,convertible_bond,[기재정정]주요사항보고서(전환사채권발행결정),negative,-60,5,-1,5,4,0.0,0.2996,failure,negative_signal_reversed,"The prediction direction was `negative`, but the actual next close return was 29.96%. The event type was `convertible_bond` with event score -60.00. The disclosure title was `[기재정정]주요사항보고서(전환사채권발행결정)`. The event had 4 negative keyword signals, which may have reduced market confidence.",Some negative events can rebound if the market interprets them as already priced in or less severe than expected.,Reduce negative confidence when negative events show positive actual returns repeatedly.,slightly_decrease
20260909.0,224060,더코디,convertible_bond,[기재정정]주요사항보고서(전환사채권발행결정),negative,-60,5,-1,5,4,0.0,0.2996,failure,negative_signal_reversed,"The prediction direction was `negative`, but the actual next close return was 29.96%. The event type was `convertible_bond` with event score -60.00. The disclosure title was `[기재정정]주요사항보고서(전환사채권발행결정)`. The event had 4 negative keyword signals, which may have reduced market confidence.",Some negative events can rebound if the market interprets them as already priced in or less severe than expected.,Reduce negative confidence when negative events show positive actual returns repeatedly.,slightly_decrease
20260909.0,224060,더코디,convertible_bond,[기재정정]주요사항보고서(전환사채권발행결정),negative,-60,5,-1,5,4,0.0,0.2996,failure,negative_signal_reversed,"The prediction direction was `negative`, but the actual next close return was 29.96%. The event type was `convertible_bond` with event score -60.00. The disclosure title was `[기재정정]주요사항보고서(전환사채권발행결정)`. The event had 4 negative keyword signals, which may have reduced market confidence.",Some negative events can rebound if the market interprets them as already priced in or less severe than expected.,Reduce negative confidence when negative events show positive actual returns repeatedly.,slightly_decrease
20260909.0,224060,더코디,convertible_bond,[기재정정]주요사항보고서(전환사채권발행결정),negative,-60,5,-1,5,4,0.0,0.2996,failure,negative_signal_reversed,"The prediction direction was `negative`, but the actual next close return was 29.96%. The event type was `convertible_bond` with event score -60.00. The disclosure title was `[기재정정]주요사항보고서(전환사채권발행결정)`. The event had 4 negative keyword signals, which may have reduced market confidence.",Some negative events can rebound if the market interprets them as already priced in or less severe than expected.,Reduce negative confidence when negative events show positive actual returns repeatedly.,slightly_decrease
20260909.0,224060,더코디,convertible_bond,[기재정정]주요사항보고서(전환사채권발행결정),negative,-60,5,-1,5,4,0.0,0.2996,failure,negative_signal_reversed,"The prediction direction was `negative`, but the actual next close return was 29.96%. The event type was `convertible_bond` with event score -60.00. The disclosure title was `[기재정정]주요사항보고서(전환사채권발행결정)`. The event had 4 negative keyword signals, which may have reduced market confidence.",Some negative events can rebound if the market interprets them as already priced in or less severe than expected.,Reduce negative confidence when negative events show positive actual returns repeatedly.,slightly_decrease
20260909.0,224060,더코디,convertible_bond,[기재정정]주요사항보고서(전환사채권발행결정),negative,-60,5,-1,5,4,0.0,0.2996,failure,negative_signal_reversed,"The prediction direction was `negative`, but the actual next close return was 29.96%. The event type was `convertible_bond` with event score -60.00. The disclosure title was `[기재정정]주요사항보고서(전환사채권발행결정)`. The event had 4 negative keyword signals, which may have reduced market confidence.",Some negative events can rebound if the market interprets them as already priced in or less severe than expected.,Reduce negative confidence when negative events show positive actual returns repeatedly.,slightly_decrease
20260909.0,224060,더코디,convertible_bond,[기재정정]주요사항보고서(전환사채권발행결정),negative,-60,5,-1,5,4,0.0,0.2996,failure,negative_signal_reversed,"The prediction direction was `negative`, but the actual next close return was 29.96%. The event type was `convertible_bond` with event score -60.00. The disclosure title was `[기재정정]주요사항보고서(전환사채권발행결정)`. The event had 4 negative keyword signals, which may have reduced market confidence.",Some negative events can rebound if the market interprets them as already priced in or less severe than expected.,Reduce negative confidence when negative events show positive actual returns repeatedly.,slightly_decrease
20260909.0,224060,더코디,convertible_bond,[기재정정]주요사항보고서(전환사채권발행결정),negative,-60,5,-1,5,4,0.0,0.2996,failure,negative_signal_reversed,"The prediction direction was `negative`, but the actual next close return was 29.96%. The event type was `convertible_bond` with event score -60.00. The disclosure title was `[기재정정]주요사항보고서(전환사채권발행결정)`. The event had 4 negative keyword signals, which may have reduced market confidence.",Some negative events can rebound if the market interprets them as already priced in or less severe than expected.,Reduce negative confidence when negative events show positive actual returns repeatedly.,slightly_decrease
20260909.0,224060,더코디,convertible_bond,[기재정정]주요사항보고서(전환사채권발행결정),negative,-60,5,-1,5,4,0.0,0.2996,failure,negative_signal_reversed,"The prediction direction was `negative`, but the actual next close return was 29.96%. The event type was `convertible_bond` with event score -60.00. The disclosure title was `[기재정정]주요사항보고서(전환사채권발행결정)`. The event had 4 negative keyword signals, which may have reduced market confidence.",Some negative events can rebound if the market interprets them as already priced in or less severe than expected.,Reduce negative confidence when negative events show positive actual returns repeatedly.,slightly_decrease
20260909.0,224060,더코디,convertible_bond,[기재정정]주요사항보고서(전환사채권발행결정),negative,-60,5,-1,5,4,0.0,0.2996,failure,negative_signal_reversed,"The prediction direction was `negative`, but the actual next close return was 29.96%. The event type was `convertible_bond` with event score -60.00. The disclosure title was `[기재정정]주요사항보고서(전환사채권발행결정)`. The event had 4 negative keyword signals, which may have reduced market confidence.",Some negative events can rebound if the market interprets them as already priced in or less severe than expected.,Reduce negative confidence when negative events show positive actual returns repeatedly.,slightly_decrease
20260909.0,224060,더코디,convertible_bond,[기재정정]주요사항보고서(전환사채권발행결정),negative,-60,5,-1,5,4,0.0,0.2996,failure,negative_signal_reversed,"The prediction direction was `negative`, but the actual next close return was 29.96%. The event type was `convertible_bond` with event score -60.00. The disclosure title was `[기재정정]주요사항보고서(전환사채권발행결정)`. The event had 4 negative keyword signals, which may have reduced market confidence.",Some negative events can rebound if the market interprets them as already priced in or less severe than expected.,Reduce negative confidence when negative events show positive actual returns repeatedly.,slightly_decrease
20260909.0,224060,더코디,convertible_bond,[기재정정]주요사항보고서(전환사채권발행결정),negative,-60,5,-1,5,4,0.0,0.2996,failure,negative_signal_reversed,"The prediction direction was `negative`, but the actual next close return was 29.96%. The event type was `convertible_bond` with event score -60.00. The disclosure title was `[기재정정]주요사항보고서(전환사채권발행결정)`. The event had 4 negative keyword signals, which may have reduced market confidence.",Some negative events can rebound if the market interprets them as already priced in or less severe than expected.,Reduce negative confidence when negative events show positive actual returns repeatedly.,slightly_decrease
20260909.0,042660,한화오션,investment_decision,투자판단관련주요경영사항              ,volatile,30,5,5,5,0,-0.0193,-0.017,failure,volatility_overestimated,"The prediction direction was `volatile`, but the actual next close return was -1.70%. The event type was `investment_decision` with event score 30.00. The disclosure title was `투자판단관련주요경영사항              `. The event was treated as volatile, but the actual price movement may have been smaller than expected.",Volatile event classification should require stronger attention or stronger historical movement patterns.,Require higher news_attention_score before classifying an event as a strong volatility candidate.,decrease
20260909.0,348950,제이알글로벌리츠,investment_decision,투자판단관련주요경영사항              ,volatile,30,5,-3,5,5,-1.0,0.0,failure,volatility_overestimated,"The prediction direction was `volatile`, but the actual next close return was 0.00%. The event type was `investment_decision` with event score 30.00. The disclosure title was `투자판단관련주요경영사항              `. The event had 5 negative keyword signals, which may have reduced market confidence. The event was treated as volatile, but the actual price movement may have been smaller than expected.",Volatile event classification should require stronger attention or stronger historical movement patterns.,Require higher news_attention_score before classifying an event as a strong volatility candidate.,decrease
20260909.0,223220,로지스몬,paid_in_capital_increase,[기재정정]주요사항보고서(유상증자결정),negative,-70,5,4,5,1,-0.1441,-0.0991,success,negative_signal_confirmed,"The prediction direction `negative` was consistent with the actual next close return of -9.91%. The event type was `paid_in_capital_increase`, event score was -70.00, news sentiment score was 4.00, and news attention score was 5.00.",This event pattern can be treated as a useful reference case for future predictions.,Maintain current rule weight for this pattern and use it as a positive reference sample.,increase
20260909.0,223220,로지스몬,paid_in_capital_increase,[기재정정]주요사항보고서(유상증자결정),negative,-70,5,4,5,1,-0.1441,-0.0991,success,negative_signal_confirmed,"The prediction direction `negative` was consistent with the actual next close return of -9.91%. The event type was `paid_in_capital_increase`, event score was -70.00, news sentiment score was 4.00, and news attention score was 5.00.",This event pattern can be treated as a useful reference case for future predictions.,Maintain current rule weight for this pattern and use it as a positive reference sample.,increase
20260909.0,223220,로지스몬,paid_in_capital_increase,[기재정정]주요사항보고서(유상증자결정),negative,-70,5,4,5,1,-0.1441,-0.0991,success,negative_signal_confirmed,"The prediction direction `negative` was consistent with the actual next close return of -9.91%. The event type was `paid_in_capital_increase`, event score was -70.00, news sentiment score was 4.00, and news attention score was 5.00.",This event pattern can be treated as a useful reference case for future predictions.,Maintain current rule weight for this pattern and use it as a positive reference sample.,increase
20260909.0,223220,로지스몬,paid_in_capital_increase,[기재정정]주요사항보고서(유상증자결정),negative,-70,5,4,5,1,-0.1441,-0.0991,success,negative_signal_confirmed,"The prediction direction `negative` was consistent with the actual next close return of -9.91%. The event type was `paid_in_capital_increase`, event score was -70.00, news sentiment score was 4.00, and news attention score was 5.00.",This event pattern can be treated as a useful reference case for future predictions.,Maintain current rule weight for this pattern and use it as a positive reference sample.,increase
20260909.0,223220,로지스몬,paid_in_capital_increase,[기재정정]주요사항보고서(유상증자결정),negative,-70,5,4,5,1,-0.1441,-0.0991,success,negative_signal_confirmed,"The prediction direction `negative` was consistent with the actual next close return of -9.91%. The event type was `paid_in_capital_increase`, event score was -70.00, news sentiment score was 4.00, and news attention score was 5.00.",This event pattern can be treated as a useful reference case for future predictions.,Maintain current rule weight for this pattern and use it as a positive reference sample.,increase
20260909.0,223220,로지스몬,paid_in_capital_increase,[기재정정]주요사항보고서(유상증자결정),negative,-70,5,4,5,1,-0.1441,-0.0991,success,negative_signal_confirmed,"The prediction direction `negative` was consistent with the actual next close return of -9.91%. The event type was `paid_in_capital_increase`, event score was -70.00, news sentiment score was 4.00, and news attention score was 5.00.",This event pattern can be treated as a useful reference case for future predictions.,Maintain current rule weight for this pattern and use it as a positive reference sample.,increase
20260909.0,223220,로지스몬,paid_in_capital_increase,[기재정정]주요사항보고서(유상증자결정),negative,-70,5,4,5,1,-0.1441,-0.0991,success,negative_signal_confirmed,"The prediction direction `negative` was consistent with the actual next close return of -9.91%. The event type was `paid_in_capital_increase`, event score was -70.00, news sentiment score was 4.00, and news attention score was 5.00.",This event pattern can be treated as a useful reference case for future predictions.,Maintain current rule weight for this pattern and use it as a positive reference sample.,increase
20260909.0,223220,로지스몬,paid_in_capital_increase,[기재정정]주요사항보고서(유상증자결정),negative,-70,5,4,5,1,-0.1441,-0.0991,success,negative_signal_confirmed,"The prediction direction `negative` was consistent with the actual next close return of -9.91%. The event type was `paid_in_capital_increase`, event score was -70.00, news sentiment score was 4.00, and news attention score was 5.00.",This event pattern can be treated as a useful reference case for future predictions.,Maintain current rule weight for this pattern and use it as a positive reference sample.,increase
20260909.0,223220,로지스몬,paid_in_capital_increase,[기재정정]주요사항보고서(유상증자결정),negative,-70,5,4,5,1,-0.1441,-0.0991,success,negative_signal_confirmed,"The prediction direction `negative` was consistent with the actual next close return of -9.91%. The event type was `paid_in_capital_increase`, event score was -70.00, news sentiment score was 4.00, and news attention score was 5.00.",This event pattern can be treated as a useful reference case for future predictions.,Maintain current rule weight for this pattern and use it as a positive reference sample.,increase
20260909.0,196300,HLB펩,convertible_bond,주요사항보고서(자기전환사채만기전취득결정),negative,-60,5,0,5,3,0.0048,-0.0024,success,negative_signal_confirmed,"The prediction direction `negative` was consistent with the actual next close return of -0.24%. The event type was `convertible_bond`, event score was -60.00, news sentiment score was 0.00, and news attention score was 5.00.",This event pattern can be treated as a useful reference case for future predictions.,Maintain current rule weight for this pattern and use it as a positive reference sample.,increase
