event_date,stock_code,corp_name,event_type,report_nm,prediction_direction,event_score,news_count,news_sentiment_score,news_attention_score,negative_keyword_count,next_open_return,next_close_return,prediction_result,error_category,detailed_error_reason,learning_point,next_rule_adjustment,confidence_adjustment
20260831,153460,네이블,supply_contract,[기재정정]단일판매ㆍ공급계약체결              ,positive,70,5,1,5,2,0.0,0.0051,success,positive_signal_confirmed,"The prediction direction `positive` was consistent with the actual next close return of 0.51%. The event type was `supply_contract`, event score was 70.00, news sentiment score was 1.00, and news attention score was 5.00.",This event pattern can be treated as a useful reference case for future predictions.,Maintain current rule weight for this pattern and use it as a positive reference sample.,increase
20260831,121440,골프존홀딩스,disclosure_violation,[기재정정]불성실공시법인지정예고              (공시불이행),negative,-80,5,1,5,3,-0.0075,-0.01,success,negative_signal_confirmed,"The prediction direction `negative` was consistent with the actual next close return of -1.00%. The event type was `disclosure_violation`, event score was -80.00, news sentiment score was 1.00, and news attention score was 5.00.",This event pattern can be treated as a useful reference case for future predictions.,Maintain current rule weight for this pattern and use it as a positive reference sample.,increase
20260831,226330,신테카바이오,paid_in_capital_increase,주요사항보고서(유상증자결정),negative,-70,5,-1,5,6,0.0007,-0.0568,success,negative_signal_confirmed,"The prediction direction `negative` was consistent with the actual next close return of -5.68%. The event type was `paid_in_capital_increase`, event score was -70.00, news sentiment score was -1.00, and news attention score was 5.00.",This event pattern can be treated as a useful reference case for future predictions.,Maintain current rule weight for this pattern and use it as a positive reference sample.,increase
20260831,226330,신테카바이오,paid_in_capital_increase,주요사항보고서(유상증자결정),negative,-70,5,-1,5,6,0.0007,-0.0568,success,negative_signal_confirmed,"The prediction direction `negative` was consistent with the actual next close return of -5.68%. The event type was `paid_in_capital_increase`, event score was -70.00, news sentiment score was -1.00, and news attention score was 5.00.",This event pattern can be treated as a useful reference case for future predictions.,Maintain current rule weight for this pattern and use it as a positive reference sample.,increase
20260831,226330,신테카바이오,paid_in_capital_increase,주요사항보고서(유상증자결정),negative,-70,5,-1,5,6,0.0007,-0.0568,success,negative_signal_confirmed,"The prediction direction `negative` was consistent with the actual next close return of -5.68%. The event type was `paid_in_capital_increase`, event score was -70.00, news sentiment score was -1.00, and news attention score was 5.00.",This event pattern can be treated as a useful reference case for future predictions.,Maintain current rule weight for this pattern and use it as a positive reference sample.,increase
20260831,226330,신테카바이오,paid_in_capital_increase,주요사항보고서(유상증자결정),negative,-70,5,-1,5,6,0.0007,-0.0568,success,negative_signal_confirmed,"The prediction direction `negative` was consistent with the actual next close return of -5.68%. The event type was `paid_in_capital_increase`, event score was -70.00, news sentiment score was -1.00, and news attention score was 5.00.",This event pattern can be treated as a useful reference case for future predictions.,Maintain current rule weight for this pattern and use it as a positive reference sample.,increase
20260831,340360,다보링크,paid_in_capital_increase,[기재정정]주요사항보고서(유상증자결정),negative,-70,5,-2,5,8,0.0,-0.0164,success,negative_signal_confirmed,"The prediction direction `negative` was consistent with the actual next close return of -1.64%. The event type was `paid_in_capital_increase`, event score was -70.00, news sentiment score was -2.00, and news attention score was 5.00.",This event pattern can be treated as a useful reference case for future predictions.,Maintain current rule weight for this pattern and use it as a positive reference sample.,increase
20260831,340360,다보링크,paid_in_capital_increase,[기재정정]주요사항보고서(유상증자결정),negative,-70,5,-2,5,8,0.0,-0.0164,success,negative_signal_confirmed,"The prediction direction `negative` was consistent with the actual next close return of -1.64%. The event type was `paid_in_capital_increase`, event score was -70.00, news sentiment score was -2.00, and news attention score was 5.00.",This event pattern can be treated as a useful reference case for future predictions.,Maintain current rule weight for this pattern and use it as a positive reference sample.,increase
20260831,340360,다보링크,paid_in_capital_increase,[기재정정]주요사항보고서(유상증자결정),negative,-70,5,-2,5,8,0.0,-0.0164,success,negative_signal_confirmed,"The prediction direction `negative` was consistent with the actual next close return of -1.64%. The event type was `paid_in_capital_increase`, event score was -70.00, news sentiment score was -2.00, and news attention score was 5.00.",This event pattern can be treated as a useful reference case for future predictions.,Maintain current rule weight for this pattern and use it as a positive reference sample.,increase
20260831,340360,다보링크,paid_in_capital_increase,[기재정정]주요사항보고서(유상증자결정),negative,-70,5,-2,5,8,0.0,-0.0164,success,negative_signal_confirmed,"The prediction direction `negative` was consistent with the actual next close return of -1.64%. The event type was `paid_in_capital_increase`, event score was -70.00, news sentiment score was -2.00, and news attention score was 5.00.",This event pattern can be treated as a useful reference case for future predictions.,Maintain current rule weight for this pattern and use it as a positive reference sample.,increase
20260831,340360,다보링크,paid_in_capital_increase,[기재정정]주요사항보고서(유상증자결정),negative,-70,5,-2,5,8,0.0,-0.0164,success,negative_signal_confirmed,"The prediction direction `negative` was consistent with the actual next close return of -1.64%. The event type was `paid_in_capital_increase`, event score was -70.00, news sentiment score was -2.00, and news attention score was 5.00.",This event pattern can be treated as a useful reference case for future predictions.,Maintain current rule weight for this pattern and use it as a positive reference sample.,increase
20260831,340360,다보링크,paid_in_capital_increase,[기재정정]주요사항보고서(유상증자결정),negative,-70,5,-2,5,8,0.0,-0.0164,success,negative_signal_confirmed,"The prediction direction `negative` was consistent with the actual next close return of -1.64%. The event type was `paid_in_capital_increase`, event score was -70.00, news sentiment score was -2.00, and news attention score was 5.00.",This event pattern can be treated as a useful reference case for future predictions.,Maintain current rule weight for this pattern and use it as a positive reference sample.,increase
20260831,340360,다보링크,convertible_bond,[기재정정]주요사항보고서(전환사채권발행결정),negative,-60,5,-2,5,8,0.0,-0.0164,success,negative_signal_confirmed,"The prediction direction `negative` was consistent with the actual next close return of -1.64%. The event type was `convertible_bond`, event score was -60.00, news sentiment score was -2.00, and news attention score was 5.00.",This event pattern can be treated as a useful reference case for future predictions.,Maintain current rule weight for this pattern and use it as a positive reference sample.,increase
20260831,340360,다보링크,convertible_bond,[기재정정]주요사항보고서(전환사채권발행결정),negative,-60,5,-2,5,8,0.0,-0.0164,success,negative_signal_confirmed,"The prediction direction `negative` was consistent with the actual next close return of -1.64%. The event type was `convertible_bond`, event score was -60.00, news sentiment score was -2.00, and news attention score was 5.00.",This event pattern can be treated as a useful reference case for future predictions.,Maintain current rule weight for this pattern and use it as a positive reference sample.,increase
20260831,340360,다보링크,convertible_bond,[기재정정]주요사항보고서(전환사채권발행결정),negative,-60,5,-2,5,8,0.0,-0.0164,success,negative_signal_confirmed,"The prediction direction `negative` was consistent with the actual next close return of -1.64%. The event type was `convertible_bond`, event score was -60.00, news sentiment score was -2.00, and news attention score was 5.00.",This event pattern can be treated as a useful reference case for future predictions.,Maintain current rule weight for this pattern and use it as a positive reference sample.,increase
20260831,340360,다보링크,convertible_bond,[기재정정]주요사항보고서(전환사채권발행결정),negative,-60,5,-2,5,8,0.0,-0.0164,success,negative_signal_confirmed,"The prediction direction `negative` was consistent with the actual next close return of -1.64%. The event type was `convertible_bond`, event score was -60.00, news sentiment score was -2.00, and news attention score was 5.00.",This event pattern can be treated as a useful reference case for future predictions.,Maintain current rule weight for this pattern and use it as a positive reference sample.,increase
20260831,340360,다보링크,convertible_bond,[기재정정]주요사항보고서(전환사채권발행결정),negative,-60,5,-2,5,8,0.0,-0.0164,success,negative_signal_confirmed,"The prediction direction `negative` was consistent with the actual next close return of -1.64%. The event type was `convertible_bond`, event score was -60.00, news sentiment score was -2.00, and news attention score was 5.00.",This event pattern can be treated as a useful reference case for future predictions.,Maintain current rule weight for this pattern and use it as a positive reference sample.,increase
20260831,340360,다보링크,convertible_bond,[기재정정]주요사항보고서(전환사채권발행결정),negative,-60,5,-2,5,8,0.0,-0.0164,success,negative_signal_confirmed,"The prediction direction `negative` was consistent with the actual next close return of -1.64%. The event type was `convertible_bond`, event score was -60.00, news sentiment score was -2.00, and news attention score was 5.00.",This event pattern can be treated as a useful reference case for future predictions.,Maintain current rule weight for this pattern and use it as a positive reference sample.,increase
20260831,062970,한국첨단소재,major_shareholder_change,기타시장안내(최대주주의의무보유관련)              (최대주주의 의무보유 이행 관련),volatile,10,5,2,5,0,0.0,-0.0474,success,volatility_signal_confirmed,"The prediction direction `volatile` was consistent with the actual next close return of -4.74%. The event type was `major_shareholder_change`, event score was 10.00, news sentiment score was 2.00, and news attention score was 5.00.",This event pattern can be treated as a useful reference case for future predictions.,Maintain current rule weight for this pattern and use it as a positive reference sample.,increase
20260831,062970,한국첨단소재,major_shareholder_change,기타시장안내(최대주주의의무보유관련)              (최대주주의 의무보유 이행 관련),volatile,10,5,2,5,0,0.0,-0.0474,success,volatility_signal_confirmed,"The prediction direction `volatile` was consistent with the actual next close return of -4.74%. The event type was `major_shareholder_change`, event score was 10.00, news sentiment score was 2.00, and news attention score was 5.00.",This event pattern can be treated as a useful reference case for future predictions.,Maintain current rule weight for this pattern and use it as a positive reference sample.,increase
20260831,062970,한국첨단소재,major_shareholder_change,기타시장안내(최대주주의의무보유관련)              (최대주주의 의무보유 이행 관련),volatile,10,5,2,5,0,0.0,-0.0474,success,volatility_signal_confirmed,"The prediction direction `volatile` was consistent with the actual next close return of -4.74%. The event type was `major_shareholder_change`, event score was 10.00, news sentiment score was 2.00, and news attention score was 5.00.",This event pattern can be treated as a useful reference case for future predictions.,Maintain current rule weight for this pattern and use it as a positive reference sample.,increase
20260831,062970,한국첨단소재,major_shareholder_change,기타시장안내(최대주주의의무보유관련)              (최대주주의 의무보유 이행 관련),volatile,10,5,2,5,0,0.0,-0.0474,success,volatility_signal_confirmed,"The prediction direction `volatile` was consistent with the actual next close return of -4.74%. The event type was `major_shareholder_change`, event score was 10.00, news sentiment score was 2.00, and news attention score was 5.00.",This event pattern can be treated as a useful reference case for future predictions.,Maintain current rule weight for this pattern and use it as a positive reference sample.,increase
20260831,002020,코오롱,supply_contract,[기재정정]단일판매ㆍ공급계약체결(자회사의 주요경영사항)              ,positive,70,5,4,5,0,0.0135,0.0039,success,positive_signal_confirmed,"The prediction direction `positive` was consistent with the actual next close return of 0.39%. The event type was `supply_contract`, event score was 70.00, news sentiment score was 4.00, and news attention score was 5.00.",This event pattern can be treated as a useful reference case for future predictions.,Maintain current rule weight for this pattern and use it as a positive reference sample.,increase
20260831,002020,코오롱,supply_contract,[기재정정]단일판매ㆍ공급계약체결(자회사의 주요경영사항)              ,positive,70,5,4,5,0,0.0135,0.0039,success,positive_signal_confirmed,"The prediction direction `positive` was consistent with the actual next close return of 0.39%. The event type was `supply_contract`, event score was 70.00, news sentiment score was 4.00, and news attention score was 5.00.",This event pattern can be treated as a useful reference case for future predictions.,Maintain current rule weight for this pattern and use it as a positive reference sample.,increase
20260831,002020,코오롱,supply_contract,[기재정정]단일판매ㆍ공급계약체결(자회사의 주요경영사항)              ,positive,70,5,4,5,0,0.0135,0.0039,success,positive_signal_confirmed,"The prediction direction `positive` was consistent with the actual next close return of 0.39%. The event type was `supply_contract`, event score was 70.00, news sentiment score was 4.00, and news attention score was 5.00.",This event pattern can be treated as a useful reference case for future predictions.,Maintain current rule weight for this pattern and use it as a positive reference sample.,increase
20260831,002020,코오롱,supply_contract,[기재정정]단일판매ㆍ공급계약체결(자회사의 주요경영사항)              ,positive,70,5,4,5,0,0.0135,0.0039,success,positive_signal_confirmed,"The prediction direction `positive` was consistent with the actual next close return of 0.39%. The event type was `supply_contract`, event score was 70.00, news sentiment score was 4.00, and news attention score was 5.00.",This event pattern can be treated as a useful reference case for future predictions.,Maintain current rule weight for this pattern and use it as a positive reference sample.,increase
20260831,062970,한국첨단소재,major_shareholder_change,[기재정정]최대주주변경              ,volatile,10,5,2,5,0,0.0,-0.0474,success,volatility_signal_confirmed,"The prediction direction `volatile` was consistent with the actual next close return of -4.74%. The event type was `major_shareholder_change`, event score was 10.00, news sentiment score was 2.00, and news attention score was 5.00.",This event pattern can be treated as a useful reference case for future predictions.,Maintain current rule weight for this pattern and use it as a positive reference sample.,increase
20260831,062970,한국첨단소재,major_shareholder_change,[기재정정]최대주주변경              ,volatile,10,5,2,5,0,0.0,-0.0474,success,volatility_signal_confirmed,"The prediction direction `volatile` was consistent with the actual next close return of -4.74%. The event type was `major_shareholder_change`, event score was 10.00, news sentiment score was 2.00, and news attention score was 5.00.",This event pattern can be treated as a useful reference case for future predictions.,Maintain current rule weight for this pattern and use it as a positive reference sample.,increase
20260831,062970,한국첨단소재,major_shareholder_change,[기재정정]최대주주변경              ,volatile,10,5,2,5,0,0.0,-0.0474,success,volatility_signal_confirmed,"The prediction direction `volatile` was consistent with the actual next close return of -4.74%. The event type was `major_shareholder_change`, event score was 10.00, news sentiment score was 2.00, and news attention score was 5.00.",This event pattern can be treated as a useful reference case for future predictions.,Maintain current rule weight for this pattern and use it as a positive reference sample.,increase
20260831,062970,한국첨단소재,major_shareholder_change,[기재정정]최대주주변경              ,volatile,10,5,2,5,0,0.0,-0.0474,success,volatility_signal_confirmed,"The prediction direction `volatile` was consistent with the actual next close return of -4.74%. The event type was `major_shareholder_change`, event score was 10.00, news sentiment score was 2.00, and news attention score was 5.00.",This event pattern can be treated as a useful reference case for future predictions.,Maintain current rule weight for this pattern and use it as a positive reference sample.,increase
20260831,115530,씨엔플러스,supply_contract,[기재정정]단일판매ㆍ공급계약체결              ,positive,70,5,7,5,1,-0.0065,-0.0033,failure,general_prediction_failure,"The prediction direction was `positive`, but the actual next close return was -0.33%. The event type was `supply_contract` with event score 70.00. The disclosure title was `[기재정정]단일판매ㆍ공급계약체결              `.",The current rule set was not sufficient to explain the actual price reaction.,"Add more features such as market index return, trading volume, and sector movement.",slightly_decrease
20260831,003070,코오롱글로벌,supply_contract,[기재정정]단일판매ㆍ공급계약체결              ,positive,70,5,5,5,0,-0.002,-0.002,failure,general_prediction_failure,"The prediction direction was `positive`, but the actual next close return was -0.20%. The event type was `supply_contract` with event score 70.00. The disclosure title was `[기재정정]단일판매ㆍ공급계약체결              `.",The current rule set was not sufficient to explain the actual price reaction.,"Add more features such as market index return, trading volume, and sector movement.",slightly_decrease
20260831,003070,코오롱글로벌,supply_contract,[기재정정]단일판매ㆍ공급계약체결              ,positive,70,5,5,5,0,-0.002,-0.002,failure,general_prediction_failure,"The prediction direction was `positive`, but the actual next close return was -0.20%. The event type was `supply_contract` with event score 70.00. The disclosure title was `[기재정정]단일판매ㆍ공급계약체결              `.",The current rule set was not sufficient to explain the actual price reaction.,"Add more features such as market index return, trading volume, and sector movement.",slightly_decrease
20260831,003070,코오롱글로벌,supply_contract,[기재정정]단일판매ㆍ공급계약체결              ,positive,70,5,5,5,0,-0.002,-0.002,failure,general_prediction_failure,"The prediction direction was `positive`, but the actual next close return was -0.20%. The event type was `supply_contract` with event score 70.00. The disclosure title was `[기재정정]단일판매ㆍ공급계약체결              `.",The current rule set was not sufficient to explain the actual price reaction.,"Add more features such as market index return, trading volume, and sector movement.",slightly_decrease
20260831,003070,코오롱글로벌,supply_contract,[기재정정]단일판매ㆍ공급계약체결              ,positive,70,5,5,5,0,-0.002,-0.002,failure,general_prediction_failure,"The prediction direction was `positive`, but the actual next close return was -0.20%. The event type was `supply_contract` with event score 70.00. The disclosure title was `[기재정정]단일판매ㆍ공급계약체결              `.",The current rule set was not sufficient to explain the actual price reaction.,"Add more features such as market index return, trading volume, and sector movement.",slightly_decrease
20260831,288980,모아데이타,investment_decision,투자판단관련주요경영사항              (경영지배인 선임),volatile,30,5,0,5,2,0.0242,0.0576,success,volatility_signal_confirmed,"The prediction direction `volatile` was consistent with the actual next close return of 5.76%. The event type was `investment_decision`, event score was 30.00, news sentiment score was 0.00, and news attention score was 5.00.",This event pattern can be treated as a useful reference case for future predictions.,Maintain current rule weight for this pattern and use it as a positive reference sample.,increase
20260831,288980,모아데이타,investment_decision,투자판단관련주요경영사항              (경영지배인 선임),volatile,30,5,0,5,2,0.0242,0.0576,success,volatility_signal_confirmed,"The prediction direction `volatile` was consistent with the actual next close return of 5.76%. The event type was `investment_decision`, event score was 30.00, news sentiment score was 0.00, and news attention score was 5.00.",This event pattern can be treated as a useful reference case for future predictions.,Maintain current rule weight for this pattern and use it as a positive reference sample.,increase
20260831,288980,모아데이타,investment_decision,투자판단관련주요경영사항              (경영지배인 선임),volatile,30,5,0,5,2,0.0242,0.0576,success,volatility_signal_confirmed,"The prediction direction `volatile` was consistent with the actual next close return of 5.76%. The event type was `investment_decision`, event score was 30.00, news sentiment score was 0.00, and news attention score was 5.00.",This event pattern can be treated as a useful reference case for future predictions.,Maintain current rule weight for this pattern and use it as a positive reference sample.,increase
20260831,288980,모아데이타,investment_decision,투자판단관련주요경영사항              (경영지배인 선임),volatile,30,5,0,5,2,0.0242,0.0576,success,volatility_signal_confirmed,"The prediction direction `volatile` was consistent with the actual next close return of 5.76%. The event type was `investment_decision`, event score was 30.00, news sentiment score was 0.00, and news attention score was 5.00.",This event pattern can be treated as a useful reference case for future predictions.,Maintain current rule weight for this pattern and use it as a positive reference sample.,increase
20260831,291230,컴투스엔,convertible_bond,[기재정정]투자판단관련주요경영사항              (전환사채 인수계약 조건 일부 변경),negative,-60,5,3,5,5,0.0,-0.006,success,negative_signal_confirmed,"The prediction direction `negative` was consistent with the actual next close return of -0.60%. The event type was `convertible_bond`, event score was -60.00, news sentiment score was 3.00, and news attention score was 5.00.",This event pattern can be treated as a useful reference case for future predictions.,Maintain current rule weight for this pattern and use it as a positive reference sample.,increase
20260831,288980,모아데이타,major_shareholder_change,[기재정정]최대주주변경을수반하는주식담보제공계약체결              ,volatile,10,5,0,5,2,0.0242,0.0576,success,volatility_signal_confirmed,"The prediction direction `volatile` was consistent with the actual next close return of 5.76%. The event type was `major_shareholder_change`, event score was 10.00, news sentiment score was 0.00, and news attention score was 5.00.",This event pattern can be treated as a useful reference case for future predictions.,Maintain current rule weight for this pattern and use it as a positive reference sample.,increase
20260831,288980,모아데이타,major_shareholder_change,[기재정정]최대주주변경을수반하는주식담보제공계약체결              ,volatile,10,5,0,5,2,0.0242,0.0576,success,volatility_signal_confirmed,"The prediction direction `volatile` was consistent with the actual next close return of 5.76%. The event type was `major_shareholder_change`, event score was 10.00, news sentiment score was 0.00, and news attention score was 5.00.",This event pattern can be treated as a useful reference case for future predictions.,Maintain current rule weight for this pattern and use it as a positive reference sample.,increase
20260831,288980,모아데이타,major_shareholder_change,[기재정정]최대주주변경을수반하는주식담보제공계약체결              ,volatile,10,5,0,5,2,0.0242,0.0576,success,volatility_signal_confirmed,"The prediction direction `volatile` was consistent with the actual next close return of 5.76%. The event type was `major_shareholder_change`, event score was 10.00, news sentiment score was 0.00, and news attention score was 5.00.",This event pattern can be treated as a useful reference case for future predictions.,Maintain current rule weight for this pattern and use it as a positive reference sample.,increase
20260831,288980,모아데이타,major_shareholder_change,[기재정정]최대주주변경을수반하는주식담보제공계약체결              ,volatile,10,5,0,5,2,0.0242,0.0576,success,volatility_signal_confirmed,"The prediction direction `volatile` was consistent with the actual next close return of 5.76%. The event type was `major_shareholder_change`, event score was 10.00, news sentiment score was 0.00, and news attention score was 5.00.",This event pattern can be treated as a useful reference case for future predictions.,Maintain current rule weight for this pattern and use it as a positive reference sample.,increase
20260831,224060,더코디,paid_in_capital_increase,[기재정정]주요사항보고서(유상증자결정),negative,-70,5,-3,5,6,0.0078,-0.0116,success,negative_signal_confirmed,"The prediction direction `negative` was consistent with the actual next close return of -1.16%. The event type was `paid_in_capital_increase`, event score was -70.00, news sentiment score was -3.00, and news attention score was 5.00.",This event pattern can be treated as a useful reference case for future predictions.,Maintain current rule weight for this pattern and use it as a positive reference sample.,increase
20260831,224060,더코디,paid_in_capital_increase,[기재정정]주요사항보고서(유상증자결정),negative,-70,5,-3,5,6,0.0078,-0.0116,success,negative_signal_confirmed,"The prediction direction `negative` was consistent with the actual next close return of -1.16%. The event type was `paid_in_capital_increase`, event score was -70.00, news sentiment score was -3.00, and news attention score was 5.00.",This event pattern can be treated as a useful reference case for future predictions.,Maintain current rule weight for this pattern and use it as a positive reference sample.,increase
20260831,224060,더코디,paid_in_capital_increase,[기재정정]주요사항보고서(유상증자결정),negative,-70,5,-3,5,6,0.0078,-0.0116,success,negative_signal_confirmed,"The prediction direction `negative` was consistent with the actual next close return of -1.16%. The event type was `paid_in_capital_increase`, event score was -70.00, news sentiment score was -3.00, and news attention score was 5.00.",This event pattern can be treated as a useful reference case for future predictions.,Maintain current rule weight for this pattern and use it as a positive reference sample.,increase
20260831,224060,더코디,paid_in_capital_increase,[기재정정]주요사항보고서(유상증자결정),negative,-70,5,-3,5,6,0.0078,-0.0116,success,negative_signal_confirmed,"The prediction direction `negative` was consistent with the actual next close return of -1.16%. The event type was `paid_in_capital_increase`, event score was -70.00, news sentiment score was -3.00, and news attention score was 5.00.",This event pattern can be treated as a useful reference case for future predictions.,Maintain current rule weight for this pattern and use it as a positive reference sample.,increase
20260831,402030,코난테크놀로지,supply_contract,[기재정정]단일판매ㆍ공급계약체결              ,positive,70,5,3,5,2,0.0035,0.0007,success,positive_signal_confirmed,"The prediction direction `positive` was consistent with the actual next close return of 0.07%. The event type was `supply_contract`, event score was 70.00, news sentiment score was 3.00, and news attention score was 5.00.",This event pattern can be treated as a useful reference case for future predictions.,Maintain current rule weight for this pattern and use it as a positive reference sample.,increase
20260831,282720,금양그린파워,supply_contract,[기재정정]단일판매ㆍ공급계약체결              ,positive,70,5,4,5,4,-0.0092,-0.0145,failure,positive_signal_with_negative_noise,"The prediction direction was `positive`, but the actual next close return was -1.45%. The event type was `supply_contract` with event score 70.00. The disclosure title was `[기재정정]단일판매ㆍ공급계약체결              `. The event had 4 negative keyword signals, which may have reduced market confidence.",Positive events with multiple negative keywords should receive lower confidence.,Apply a penalty when negative_keyword_count is greater than or equal to two.,decrease
20260831,047810,한국항공우주,supply_contract,[기재정정]단일판매ㆍ공급계약체결              ,positive,70,5,4,5,0,0.0237,-0.0092,failure,general_prediction_failure,"The prediction direction was `positive`, but the actual next close return was -0.92%. The event type was `supply_contract` with event score 70.00. The disclosure title was `[기재정정]단일판매ㆍ공급계약체결              `.",The current rule set was not sufficient to explain the actual price reaction.,"Add more features such as market index return, trading volume, and sector movement.",slightly_decrease
20260831,178320,서진시스템,major_shareholder_change,[기재정정]최대주주변경을수반하는주식담보제공계약체결              ,volatile,10,5,6,5,1,0.0026,-0.0474,success,volatility_signal_confirmed,"The prediction direction `volatile` was consistent with the actual next close return of -4.74%. The event type was `major_shareholder_change`, event score was 10.00, news sentiment score was 6.00, and news attention score was 5.00.",This event pattern can be treated as a useful reference case for future predictions.,Maintain current rule weight for this pattern and use it as a positive reference sample.,increase
20260831,056730,CNT85,supply_contract,[기재정정]단일판매ㆍ공급계약체결(자율공시)              ,positive,70,5,0,5,3,0.0141,0.0016,success,positive_signal_confirmed,"The prediction direction `positive` was consistent with the actual next close return of 0.16%. The event type was `supply_contract`, event score was 70.00, news sentiment score was 0.00, and news attention score was 5.00.",This event pattern can be treated as a useful reference case for future predictions.,Maintain current rule weight for this pattern and use it as a positive reference sample.,increase
20260831,028100,동아지질,supply_contract,[기재정정]단일판매ㆍ공급계약체결              ,positive,70,5,0,5,4,0.004,0.0011,success,positive_signal_confirmed,"The prediction direction `positive` was consistent with the actual next close return of 0.11%. The event type was `supply_contract`, event score was 70.00, news sentiment score was 0.00, and news attention score was 5.00.",This event pattern can be treated as a useful reference case for future predictions.,Maintain current rule weight for this pattern and use it as a positive reference sample.,increase
20260831,028100,동아지질,supply_contract,[기재정정]단일판매ㆍ공급계약체결              ,positive,70,5,0,5,4,0.004,0.0011,success,positive_signal_confirmed,"The prediction direction `positive` was consistent with the actual next close return of 0.11%. The event type was `supply_contract`, event score was 70.00, news sentiment score was 0.00, and news attention score was 5.00.",This event pattern can be treated as a useful reference case for future predictions.,Maintain current rule weight for this pattern and use it as a positive reference sample.,increase
20260831,071200,인피니트헬스케어,lawsuit,[기재정정]소송등의제기ㆍ신청(경영권분쟁소송)              (주주총회결의무효확인 등(항소)),negative,-75,5,2,5,2,0.0,-0.0121,success,negative_signal_confirmed,"The prediction direction `negative` was consistent with the actual next close return of -1.21%. The event type was `lawsuit`, event score was -75.00, news sentiment score was 2.00, and news attention score was 5.00.",This event pattern can be treated as a useful reference case for future predictions.,Maintain current rule weight for this pattern and use it as a positive reference sample.,increase
20260831,071200,인피니트헬스케어,lawsuit,[기재정정]소송등의제기ㆍ신청(경영권분쟁소송)              (주주총회결의무효확인 등(항소)),negative,-75,5,2,5,2,0.0,-0.0121,success,negative_signal_confirmed,"The prediction direction `negative` was consistent with the actual next close return of -1.21%. The event type was `lawsuit`, event score was -75.00, news sentiment score was 2.00, and news attention score was 5.00.",This event pattern can be treated as a useful reference case for future predictions.,Maintain current rule weight for this pattern and use it as a positive reference sample.,increase
20260831,071200,인피니트헬스케어,lawsuit,[기재정정]소송등의제기ㆍ신청(경영권분쟁소송)              (주주총회결의무효확인 등(항소)),negative,-75,5,2,5,2,0.0,-0.0121,success,negative_signal_confirmed,"The prediction direction `negative` was consistent with the actual next close return of -1.21%. The event type was `lawsuit`, event score was -75.00, news sentiment score was 2.00, and news attention score was 5.00.",This event pattern can be treated as a useful reference case for future predictions.,Maintain current rule weight for this pattern and use it as a positive reference sample.,increase
20260831,071200,인피니트헬스케어,lawsuit,[기재정정]소송등의제기ㆍ신청(경영권분쟁소송)              (주주총회결의무효확인 등(항소)),negative,-75,5,2,5,2,0.0,-0.0121,success,negative_signal_confirmed,"The prediction direction `negative` was consistent with the actual next close return of -1.21%. The event type was `lawsuit`, event score was -75.00, news sentiment score was 2.00, and news attention score was 5.00.",This event pattern can be treated as a useful reference case for future predictions.,Maintain current rule weight for this pattern and use it as a positive reference sample.,increase
20260831,071200,인피니트헬스케어,lawsuit,소송등의제기ㆍ신청(경영권분쟁소송)              (임시주주총회소집허가신청),negative,-75,5,2,5,2,0.0,-0.0121,success,negative_signal_confirmed,"The prediction direction `negative` was consistent with the actual next close return of -1.21%. The event type was `lawsuit`, event score was -75.00, news sentiment score was 2.00, and news attention score was 5.00.",This event pattern can be treated as a useful reference case for future predictions.,Maintain current rule weight for this pattern and use it as a positive reference sample.,increase
20260831,071200,인피니트헬스케어,lawsuit,소송등의제기ㆍ신청(경영권분쟁소송)              (임시주주총회소집허가신청),negative,-75,5,2,5,2,0.0,-0.0121,success,negative_signal_confirmed,"The prediction direction `negative` was consistent with the actual next close return of -1.21%. The event type was `lawsuit`, event score was -75.00, news sentiment score was 2.00, and news attention score was 5.00.",This event pattern can be treated as a useful reference case for future predictions.,Maintain current rule weight for this pattern and use it as a positive reference sample.,increase
20260831,071200,인피니트헬스케어,lawsuit,소송등의제기ㆍ신청(경영권분쟁소송)              (임시주주총회소집허가신청),negative,-75,5,2,5,2,0.0,-0.0121,success,negative_signal_confirmed,"The prediction direction `negative` was consistent with the actual next close return of -1.21%. The event type was `lawsuit`, event score was -75.00, news sentiment score was 2.00, and news attention score was 5.00.",This event pattern can be treated as a useful reference case for future predictions.,Maintain current rule weight for this pattern and use it as a positive reference sample.,increase
20260831,071200,인피니트헬스케어,lawsuit,소송등의제기ㆍ신청(경영권분쟁소송)              (임시주주총회소집허가신청),negative,-75,5,2,5,2,0.0,-0.0121,success,negative_signal_confirmed,"The prediction direction `negative` was consistent with the actual next close return of -1.21%. The event type was `lawsuit`, event score was -75.00, news sentiment score was 2.00, and news attention score was 5.00.",This event pattern can be treated as a useful reference case for future predictions.,Maintain current rule weight for this pattern and use it as a positive reference sample.,increase
20260831,119830,아이텍,paid_in_capital_increase,[기재정정]주요사항보고서(유상증자결정),negative,-70,5,3,5,2,0.0452,0.0592,failure,negative_signal_reversed,"The prediction direction was `negative`, but the actual next close return was 5.92%. The event type was `paid_in_capital_increase` with event score -70.00. The disclosure title was `[기재정정]주요사항보고서(유상증자결정)`. The event had 2 negative keyword signals, which may have reduced market confidence.",Some negative events can rebound if the market interprets them as already priced in or less severe than expected.,Reduce negative confidence when negative events show positive actual returns repeatedly.,slightly_decrease
20260831,900100,파이온엑스,paid_in_capital_increase,주요사항보고서(유상증자결정),negative,-70,5,2,5,2,0.2991,0.2991,failure,negative_signal_reversed,"The prediction direction was `negative`, but the actual next close return was 29.91%. The event type was `paid_in_capital_increase` with event score -70.00. The disclosure title was `주요사항보고서(유상증자결정)`. The event had 2 negative keyword signals, which may have reduced market confidence.",Some negative events can rebound if the market interprets them as already priced in or less severe than expected.,Reduce negative confidence when negative events show positive actual returns repeatedly.,slightly_decrease
20260831,036190,금화피에스시,supply_contract,[기재정정]단일판매ㆍ공급계약체결              ,positive,70,5,0,5,5,0.0115,-0.0115,failure,weak_positive_signal,"The prediction direction was `positive`, but the actual next close return was -1.15%. The event type was `supply_contract` with event score 70.00. The disclosure title was `[기재정정]단일판매ㆍ공급계약체결              `. Although the event direction was positive, news sentiment was weak or neutral. The event had 5 negative keyword signals, which may have reduced market confidence.",Positive event predictions should be treated more conservatively when news sentiment is weak.,Decrease confidence for positive events when news_sentiment_score is less than or equal to zero.,decrease
20260831,378340,필에너지,supply_contract,[기재정정]단일판매ㆍ공급계약체결              ,positive,70,5,7,5,1,0.1088,0.074,success,positive_signal_confirmed,"The prediction direction `positive` was consistent with the actual next close return of 7.40%. The event type was `supply_contract`, event score was 70.00, news sentiment score was 7.00, and news attention score was 5.00.",This event pattern can be treated as a useful reference case for future predictions.,Maintain current rule weight for this pattern and use it as a positive reference sample.,increase
20260831,016380,KG스틸,merger,합병등종료보고서(자산양수도),volatile,30,5,5,5,1,0.0036,-0.0036,failure,volatility_overestimated,"The prediction direction was `volatile`, but the actual next close return was -0.36%. The event type was `merger` with event score 30.00. The disclosure title was `합병등종료보고서(자산양수도)`. The event was treated as volatile, but the actual price movement may have been smaller than expected.",Volatile event classification should require stronger attention or stronger historical movement patterns.,Require higher news_attention_score before classifying an event as a strong volatility candidate.,decrease
20260831,024900,디와이덕양,major_shareholder_change,최대주주등소유주식변동신고서              ,volatile,10,5,0,5,5,0.0124,0.0012,failure,volatility_overestimated,"The prediction direction was `volatile`, but the actual next close return was 0.12%. The event type was `major_shareholder_change` with event score 10.00. The disclosure title was `최대주주등소유주식변동신고서              `. The event had 5 negative keyword signals, which may have reduced market confidence. The event was treated as volatile, but the actual price movement may have been smaller than expected.",Volatile event classification should require stronger attention or stronger historical movement patterns.,Require higher news_attention_score before classifying an event as a strong volatility candidate.,decrease
20260831,024900,디와이덕양,major_shareholder_change,최대주주등소유주식변동신고서              ,volatile,10,5,0,5,5,0.0124,0.0012,failure,volatility_overestimated,"The prediction direction was `volatile`, but the actual next close return was 0.12%. The event type was `major_shareholder_change` with event score 10.00. The disclosure title was `최대주주등소유주식변동신고서              `. The event had 5 negative keyword signals, which may have reduced market confidence. The event was treated as volatile, but the actual price movement may have been smaller than expected.",Volatile event classification should require stronger attention or stronger historical movement patterns.,Require higher news_attention_score before classifying an event as a strong volatility candidate.,decrease
20260831,115450,HLB테라퓨틱스,supply_contract,[기재정정]단일판매ㆍ공급계약체결              ,positive,70,5,5,5,0,0.0802,-0.0024,failure,general_prediction_failure,"The prediction direction was `positive`, but the actual next close return was -0.24%. The event type was `supply_contract` with event score 70.00. The disclosure title was `[기재정정]단일판매ㆍ공급계약체결              `.",The current rule set was not sufficient to explain the actual price reaction.,"Add more features such as market index return, trading volume, and sector movement.",slightly_decrease
20260831,115450,HLB테라퓨틱스,supply_contract,[기재정정]단일판매ㆍ공급계약체결              ,positive,70,5,5,5,0,0.0802,-0.0024,failure,general_prediction_failure,"The prediction direction was `positive`, but the actual next close return was -0.24%. The event type was `supply_contract` with event score 70.00. The disclosure title was `[기재정정]단일판매ㆍ공급계약체결              `.",The current rule set was not sufficient to explain the actual price reaction.,"Add more features such as market index return, trading volume, and sector movement.",slightly_decrease
20260831,100090,SK오션플랜트,investment_decision,[기재정정]투자판단관련주요경영사항              ,volatile,30,5,2,5,1,-0.0326,-0.1022,success,volatility_signal_confirmed,"The prediction direction `volatile` was consistent with the actual next close return of -10.22%. The event type was `investment_decision`, event score was 30.00, news sentiment score was 2.00, and news attention score was 5.00.",This event pattern can be treated as a useful reference case for future predictions.,Maintain current rule weight for this pattern and use it as a positive reference sample.,increase
20260831,100090,SK오션플랜트,investment_decision,[기재정정]투자판단관련주요경영사항              ,volatile,30,5,2,5,1,-0.0326,-0.1022,success,volatility_signal_confirmed,"The prediction direction `volatile` was consistent with the actual next close return of -10.22%. The event type was `investment_decision`, event score was 30.00, news sentiment score was 2.00, and news attention score was 5.00.",This event pattern can be treated as a useful reference case for future predictions.,Maintain current rule weight for this pattern and use it as a positive reference sample.,increase
20260831,100090,SK오션플랜트,investment_decision,[기재정정]투자판단관련주요경영사항              ,volatile,30,5,2,5,1,-0.0326,-0.1022,success,volatility_signal_confirmed,"The prediction direction `volatile` was consistent with the actual next close return of -10.22%. The event type was `investment_decision`, event score was 30.00, news sentiment score was 2.00, and news attention score was 5.00.",This event pattern can be treated as a useful reference case for future predictions.,Maintain current rule weight for this pattern and use it as a positive reference sample.,increase
20260831,100090,SK오션플랜트,investment_decision,[기재정정]투자판단관련주요경영사항              ,volatile,30,5,2,5,1,-0.0326,-0.1022,success,volatility_signal_confirmed,"The prediction direction `volatile` was consistent with the actual next close return of -10.22%. The event type was `investment_decision`, event score was 30.00, news sentiment score was 2.00, and news attention score was 5.00.",This event pattern can be treated as a useful reference case for future predictions.,Maintain current rule weight for this pattern and use it as a positive reference sample.,increase
20260831,100090,SK오션플랜트,investment_decision,[기재정정]투자판단관련주요경영사항              ,volatile,30,5,2,5,1,-0.0326,-0.1022,success,volatility_signal_confirmed,"The prediction direction `volatile` was consistent with the actual next close return of -10.22%. The event type was `investment_decision`, event score was 30.00, news sentiment score was 2.00, and news attention score was 5.00.",This event pattern can be treated as a useful reference case for future predictions.,Maintain current rule weight for this pattern and use it as a positive reference sample.,increase
20260831,100090,SK오션플랜트,investment_decision,[기재정정]투자판단관련주요경영사항              ,volatile,30,5,2,5,1,-0.0326,-0.1022,success,volatility_signal_confirmed,"The prediction direction `volatile` was consistent with the actual next close return of -10.22%. The event type was `investment_decision`, event score was 30.00, news sentiment score was 2.00, and news attention score was 5.00.",This event pattern can be treated as a useful reference case for future predictions.,Maintain current rule weight for this pattern and use it as a positive reference sample.,increase
20260831,016090,대현,major_shareholder_change,최대주주등소유주식변동신고서              ,volatile,10,5,0,5,1,0.0,-0.0014,failure,volatility_overestimated,"The prediction direction was `volatile`, but the actual next close return was -0.14%. The event type was `major_shareholder_change` with event score 10.00. The disclosure title was `최대주주등소유주식변동신고서              `. The event was treated as volatile, but the actual price movement may have been smaller than expected.",Volatile event classification should require stronger attention or stronger historical movement patterns.,Require higher news_attention_score before classifying an event as a strong volatility candidate.,decrease
20260831,016090,대현,major_shareholder_change,최대주주등소유주식변동신고서              ,volatile,10,5,0,5,1,0.0,-0.0014,failure,volatility_overestimated,"The prediction direction was `volatile`, but the actual next close return was -0.14%. The event type was `major_shareholder_change` with event score 10.00. The disclosure title was `최대주주등소유주식변동신고서              `. The event was treated as volatile, but the actual price movement may have been smaller than expected.",Volatile event classification should require stronger attention or stronger historical movement patterns.,Require higher news_attention_score before classifying an event as a strong volatility candidate.,decrease
20260831,016090,대현,major_shareholder_change,최대주주등소유주식변동신고서              ,volatile,10,5,0,5,1,0.0,-0.0014,failure,volatility_overestimated,"The prediction direction was `volatile`, but the actual next close return was -0.14%. The event type was `major_shareholder_change` with event score 10.00. The disclosure title was `최대주주등소유주식변동신고서              `. The event was treated as volatile, but the actual price movement may have been smaller than expected.",Volatile event classification should require stronger attention or stronger historical movement patterns.,Require higher news_attention_score before classifying an event as a strong volatility candidate.,decrease
20260831,016090,대현,major_shareholder_change,최대주주등소유주식변동신고서              ,volatile,10,5,0,5,1,0.0,-0.0014,failure,volatility_overestimated,"The prediction direction was `volatile`, but the actual next close return was -0.14%. The event type was `major_shareholder_change` with event score 10.00. The disclosure title was `최대주주등소유주식변동신고서              `. The event was treated as volatile, but the actual price movement may have been smaller than expected.",Volatile event classification should require stronger attention or stronger historical movement patterns.,Require higher news_attention_score before classifying an event as a strong volatility candidate.,decrease
20260831,103840,우양,convertible_bond,전환사채(해외전환사채포함)발행후만기전사채취득              ,negative,-60,5,3,5,3,0.03,-0.0012,success,negative_signal_confirmed,"The prediction direction `negative` was consistent with the actual next close return of -0.12%. The event type was `convertible_bond`, event score was -60.00, news sentiment score was 3.00, and news attention score was 5.00.",This event pattern can be treated as a useful reference case for future predictions.,Maintain current rule weight for this pattern and use it as a positive reference sample.,increase
20260831,031820,아이티센씨티에스,convertible_bond,주요사항보고서(전환사채권발행결정),negative,-60,5,-2,5,4,0.0,-0.0084,success,negative_signal_confirmed,"The prediction direction `negative` was consistent with the actual next close return of -0.84%. The event type was `convertible_bond`, event score was -60.00, news sentiment score was -2.00, and news attention score was 5.00.",This event pattern can be treated as a useful reference case for future predictions.,Maintain current rule weight for this pattern and use it as a positive reference sample.,increase
20260831,267270,HD건설기계,paid_in_capital_increase,유상증자결정(종속회사의주요경영사항)              ,negative,-70,5,-2,5,2,-0.0135,-0.0255,success,negative_signal_confirmed,"The prediction direction `negative` was consistent with the actual next close return of -2.55%. The event type was `paid_in_capital_increase`, event score was -70.00, news sentiment score was -2.00, and news attention score was 5.00.",This event pattern can be treated as a useful reference case for future predictions.,Maintain current rule weight for this pattern and use it as a positive reference sample.,increase
20260831,067630,HLB생명과학,convertible_bond,전환사채(해외전환사채포함)발행후만기전사채취득              (제13회차),negative,-60,5,4,5,1,0.1481,0.0019,failure,negative_signal_reversed,"The prediction direction was `negative`, but the actual next close return was 0.19%. The event type was `convertible_bond` with event score -60.00. The disclosure title was `전환사채(해외전환사채포함)발행후만기전사채취득              (제13회차)`.",Some negative events can rebound if the market interprets them as already priced in or less severe than expected.,Reduce negative confidence when negative events show positive actual returns repeatedly.,slightly_decrease
20260831,054930,유신,supply_contract,[기재정정]단일판매ㆍ공급계약체결              ,positive,70,5,1,5,1,-0.0021,-0.0218,failure,general_prediction_failure,"The prediction direction was `positive`, but the actual next close return was -2.18%. The event type was `supply_contract` with event score 70.00. The disclosure title was `[기재정정]단일판매ㆍ공급계약체결              `.",The current rule set was not sufficient to explain the actual price reaction.,"Add more features such as market index return, trading volume, and sector movement.",slightly_decrease
20260831,003470,유안타증권,major_shareholder_change,최대주주등소유주식변동신고서              ,volatile,10,5,-2,5,5,0.0,-0.0053,failure,volatility_overestimated,"The prediction direction was `volatile`, but the actual next close return was -0.53%. The event type was `major_shareholder_change` with event score 10.00. The disclosure title was `최대주주등소유주식변동신고서              `. The event had 5 negative keyword signals, which may have reduced market confidence. The event was treated as volatile, but the actual price movement may have been smaller than expected.",Volatile event classification should require stronger attention or stronger historical movement patterns.,Require higher news_attention_score before classifying an event as a strong volatility candidate.,decrease
20260831,003470,유안타증권,major_shareholder_change,최대주주등소유주식변동신고서              ,volatile,10,5,-2,5,5,0.0,-0.0053,failure,volatility_overestimated,"The prediction direction was `volatile`, but the actual next close return was -0.53%. The event type was `major_shareholder_change` with event score 10.00. The disclosure title was `최대주주등소유주식변동신고서              `. The event had 5 negative keyword signals, which may have reduced market confidence. The event was treated as volatile, but the actual price movement may have been smaller than expected.",Volatile event classification should require stronger attention or stronger historical movement patterns.,Require higher news_attention_score before classifying an event as a strong volatility candidate.,decrease
20260831,225190,LK삼양,spin_off,"주권매매거래정지              (주식의 병합, 분할 등 전자등록 변경, 말소)",volatile,30,5,4,5,1,0.1475,0.1337,success,volatility_signal_confirmed,"The prediction direction `volatile` was consistent with the actual next close return of 13.37%. The event type was `spin_off`, event score was 30.00, news sentiment score was 4.00, and news attention score was 5.00.",This event pattern can be treated as a useful reference case for future predictions.,Maintain current rule weight for this pattern and use it as a positive reference sample.,increase
20260831,016610,DB증권,major_shareholder_change,최대주주등소유주식변동신고서              ,volatile,10,5,9,5,0,0.0,0.0071,failure,volatility_overestimated,"The prediction direction was `volatile`, but the actual next close return was 0.71%. The event type was `major_shareholder_change` with event score 10.00. The disclosure title was `최대주주등소유주식변동신고서              `. The event was treated as volatile, but the actual price movement may have been smaller than expected.",Volatile event classification should require stronger attention or stronger historical movement patterns.,Require higher news_attention_score before classifying an event as a strong volatility candidate.,decrease
20260831,016610,DB증권,major_shareholder_change,최대주주등소유주식변동신고서              ,volatile,10,5,9,5,0,0.0,0.0071,failure,volatility_overestimated,"The prediction direction was `volatile`, but the actual next close return was 0.71%. The event type was `major_shareholder_change` with event score 10.00. The disclosure title was `최대주주등소유주식변동신고서              `. The event was treated as volatile, but the actual price movement may have been smaller than expected.",Volatile event classification should require stronger attention or stronger historical movement patterns.,Require higher news_attention_score before classifying an event as a strong volatility candidate.,decrease
20260831,016610,DB증권,major_shareholder_change,최대주주등소유주식변동신고서              ,volatile,10,5,9,5,0,0.0,0.0071,failure,volatility_overestimated,"The prediction direction was `volatile`, but the actual next close return was 0.71%. The event type was `major_shareholder_change` with event score 10.00. The disclosure title was `최대주주등소유주식변동신고서              `. The event was treated as volatile, but the actual price movement may have been smaller than expected.",Volatile event classification should require stronger attention or stronger historical movement patterns.,Require higher news_attention_score before classifying an event as a strong volatility candidate.,decrease
20260831,016610,DB증권,major_shareholder_change,최대주주등소유주식변동신고서              ,volatile,10,5,9,5,0,0.0,0.0071,failure,volatility_overestimated,"The prediction direction was `volatile`, but the actual next close return was 0.71%. The event type was `major_shareholder_change` with event score 10.00. The disclosure title was `최대주주등소유주식변동신고서              `. The event was treated as volatile, but the actual price movement may have been smaller than expected.",Volatile event classification should require stronger attention or stronger historical movement patterns.,Require higher news_attention_score before classifying an event as a strong volatility candidate.,decrease
20260831,016610,DB증권,major_shareholder_change,최대주주등소유주식변동신고서              ,volatile,10,5,9,5,0,0.0,0.0071,failure,volatility_overestimated,"The prediction direction was `volatile`, but the actual next close return was 0.71%. The event type was `major_shareholder_change` with event score 10.00. The disclosure title was `최대주주등소유주식변동신고서              `. The event was treated as volatile, but the actual price movement may have been smaller than expected.",Volatile event classification should require stronger attention or stronger historical movement patterns.,Require higher news_attention_score before classifying an event as a strong volatility candidate.,decrease
20260831,016610,DB증권,major_shareholder_change,최대주주등소유주식변동신고서              ,volatile,10,5,9,5,0,0.0,0.0071,failure,volatility_overestimated,"The prediction direction was `volatile`, but the actual next close return was 0.71%. The event type was `major_shareholder_change` with event score 10.00. The disclosure title was `최대주주등소유주식변동신고서              `. The event was treated as volatile, but the actual price movement may have been smaller than expected.",Volatile event classification should require stronger attention or stronger historical movement patterns.,Require higher news_attention_score before classifying an event as a strong volatility candidate.,decrease
20260831,016610,DB증권,major_shareholder_change,최대주주등소유주식변동신고서              ,volatile,10,5,9,5,0,0.0,0.0071,failure,volatility_overestimated,"The prediction direction was `volatile`, but the actual next close return was 0.71%. The event type was `major_shareholder_change` with event score 10.00. The disclosure title was `최대주주등소유주식변동신고서              `. The event was treated as volatile, but the actual price movement may have been smaller than expected.",Volatile event classification should require stronger attention or stronger historical movement patterns.,Require higher news_attention_score before classifying an event as a strong volatility candidate.,decrease
20260831,028260,삼성물산,supply_contract,단일판매ㆍ공급계약체결              ,positive,70,5,1,5,2,-0.0066,0.0113,success,positive_signal_confirmed,"The prediction direction `positive` was consistent with the actual next close return of 1.13%. The event type was `supply_contract`, event score was 70.00, news sentiment score was 1.00, and news attention score was 5.00.",This event pattern can be treated as a useful reference case for future predictions.,Maintain current rule weight for this pattern and use it as a positive reference sample.,increase
20260831,028260,삼성물산,supply_contract,단일판매ㆍ공급계약체결              ,positive,70,5,1,5,2,-0.0066,0.0113,success,positive_signal_confirmed,"The prediction direction `positive` was consistent with the actual next close return of 1.13%. The event type was `supply_contract`, event score was 70.00, news sentiment score was 1.00, and news attention score was 5.00.",This event pattern can be treated as a useful reference case for future predictions.,Maintain current rule weight for this pattern and use it as a positive reference sample.,increase
20260831,028260,삼성물산,supply_contract,단일판매ㆍ공급계약체결              ,positive,70,5,1,5,2,-0.0066,0.0113,success,positive_signal_confirmed,"The prediction direction `positive` was consistent with the actual next close return of 1.13%. The event type was `supply_contract`, event score was 70.00, news sentiment score was 1.00, and news attention score was 5.00.",This event pattern can be treated as a useful reference case for future predictions.,Maintain current rule weight for this pattern and use it as a positive reference sample.,increase
20260831,028260,삼성물산,supply_contract,단일판매ㆍ공급계약체결              ,positive,70,5,1,5,2,-0.0066,0.0113,success,positive_signal_confirmed,"The prediction direction `positive` was consistent with the actual next close return of 1.13%. The event type was `supply_contract`, event score was 70.00, news sentiment score was 1.00, and news attention score was 5.00.",This event pattern can be treated as a useful reference case for future predictions.,Maintain current rule weight for this pattern and use it as a positive reference sample.,increase
20260831,028260,삼성물산,supply_contract,단일판매ㆍ공급계약체결              ,positive,70,5,1,5,2,-0.0066,0.0113,success,positive_signal_confirmed,"The prediction direction `positive` was consistent with the actual next close return of 1.13%. The event type was `supply_contract`, event score was 70.00, news sentiment score was 1.00, and news attention score was 5.00.",This event pattern can be treated as a useful reference case for future predictions.,Maintain current rule weight for this pattern and use it as a positive reference sample.,increase
20260831,028260,삼성물산,supply_contract,단일판매ㆍ공급계약체결              ,positive,70,5,1,5,2,-0.0066,0.0113,success,positive_signal_confirmed,"The prediction direction `positive` was consistent with the actual next close return of 1.13%. The event type was `supply_contract`, event score was 70.00, news sentiment score was 1.00, and news attention score was 5.00.",This event pattern can be treated as a useful reference case for future predictions.,Maintain current rule weight for this pattern and use it as a positive reference sample.,increase
20260831,006840,AK홀딩스,paid_in_capital_increase,[기재정정]유상증자결정(종속회사의주요경영사항)              ,negative,-70,5,4,5,2,0.0,-0.0053,success,negative_signal_confirmed,"The prediction direction `negative` was consistent with the actual next close return of -0.53%. The event type was `paid_in_capital_increase`, event score was -70.00, news sentiment score was 4.00, and news attention score was 5.00.",This event pattern can be treated as a useful reference case for future predictions.,Maintain current rule weight for this pattern and use it as a positive reference sample.,increase
20260831,006840,AK홀딩스,paid_in_capital_increase,[기재정정]유상증자결정(종속회사의주요경영사항)              ,negative,-70,5,4,5,2,0.0,-0.0053,success,negative_signal_confirmed,"The prediction direction `negative` was consistent with the actual next close return of -0.53%. The event type was `paid_in_capital_increase`, event score was -70.00, news sentiment score was 4.00, and news attention score was 5.00.",This event pattern can be treated as a useful reference case for future predictions.,Maintain current rule weight for this pattern and use it as a positive reference sample.,increase
20260831,006840,AK홀딩스,paid_in_capital_increase,[기재정정]유상증자결정(종속회사의주요경영사항)              ,negative,-70,5,4,5,2,0.0,-0.0053,success,negative_signal_confirmed,"The prediction direction `negative` was consistent with the actual next close return of -0.53%. The event type was `paid_in_capital_increase`, event score was -70.00, news sentiment score was 4.00, and news attention score was 5.00.",This event pattern can be treated as a useful reference case for future predictions.,Maintain current rule weight for this pattern and use it as a positive reference sample.,increase
20260831,069640,한세엠케이,major_shareholder_change,최대주주등소유주식변동신고서              ,volatile,10,5,3,5,1,0.0,0.0,failure,volatility_overestimated,"The prediction direction was `volatile`, but the actual next close return was 0.00%. The event type was `major_shareholder_change` with event score 10.00. The disclosure title was `최대주주등소유주식변동신고서              `. The event was treated as volatile, but the actual price movement may have been smaller than expected.",Volatile event classification should require stronger attention or stronger historical movement patterns.,Require higher news_attention_score before classifying an event as a strong volatility candidate.,decrease
20260831,069640,한세엠케이,major_shareholder_change,최대주주등소유주식변동신고서              ,volatile,10,5,3,5,1,0.0,0.0,failure,volatility_overestimated,"The prediction direction was `volatile`, but the actual next close return was 0.00%. The event type was `major_shareholder_change` with event score 10.00. The disclosure title was `최대주주등소유주식변동신고서              `. The event was treated as volatile, but the actual price movement may have been smaller than expected.",Volatile event classification should require stronger attention or stronger historical movement patterns.,Require higher news_attention_score before classifying an event as a strong volatility candidate.,decrease
20260831,069640,한세엠케이,major_shareholder_change,최대주주등소유주식변동신고서              ,volatile,10,5,3,5,1,0.0,0.0,failure,volatility_overestimated,"The prediction direction was `volatile`, but the actual next close return was 0.00%. The event type was `major_shareholder_change` with event score 10.00. The disclosure title was `최대주주등소유주식변동신고서              `. The event was treated as volatile, but the actual price movement may have been smaller than expected.",Volatile event classification should require stronger attention or stronger historical movement patterns.,Require higher news_attention_score before classifying an event as a strong volatility candidate.,decrease
20260831,047040,대우건설,supply_contract,[기재정정]단일판매ㆍ공급계약체결              ,positive,70,5,1,5,1,-0.0022,-0.0489,failure,general_prediction_failure,"The prediction direction was `positive`, but the actual next close return was -4.89%. The event type was `supply_contract` with event score 70.00. The disclosure title was `[기재정정]단일판매ㆍ공급계약체결              `.",The current rule set was not sufficient to explain the actual price reaction.,"Add more features such as market index return, trading volume, and sector movement.",slightly_decrease
20260831,119850,지엔씨에너지,supply_contract,[기재정정]단일판매ㆍ공급계약체결              ,positive,70,5,0,5,3,0.0065,-0.0499,failure,weak_positive_signal,"The prediction direction was `positive`, but the actual next close return was -4.99%. The event type was `supply_contract` with event score 70.00. The disclosure title was `[기재정정]단일판매ㆍ공급계약체결              `. Although the event direction was positive, news sentiment was weak or neutral. The event had 3 negative keyword signals, which may have reduced market confidence.",Positive event predictions should be treated more conservatively when news sentiment is weak.,Decrease confidence for positive events when news_sentiment_score is less than or equal to zero.,decrease
20260831,010960,삼호개발,supply_contract,[기재정정]단일판매ㆍ공급계약체결(자율공시)              ,positive,70,5,10,5,2,-0.0016,-0.0065,failure,positive_signal_with_negative_noise,"The prediction direction was `positive`, but the actual next close return was -0.65%. The event type was `supply_contract` with event score 70.00. The disclosure title was `[기재정정]단일판매ㆍ공급계약체결(자율공시)              `. The event had 2 negative keyword signals, which may have reduced market confidence.",Positive events with multiple negative keywords should receive lower confidence.,Apply a penalty when negative_keyword_count is greater than or equal to two.,decrease
20260831,010960,삼호개발,supply_contract,[기재정정]단일판매ㆍ공급계약체결(자율공시)              ,positive,70,5,10,5,2,-0.0016,-0.0065,failure,positive_signal_with_negative_noise,"The prediction direction was `positive`, but the actual next close return was -0.65%. The event type was `supply_contract` with event score 70.00. The disclosure title was `[기재정정]단일판매ㆍ공급계약체결(자율공시)              `. The event had 2 negative keyword signals, which may have reduced market confidence.",Positive events with multiple negative keywords should receive lower confidence.,Apply a penalty when negative_keyword_count is greater than or equal to two.,decrease
20260831,010960,삼호개발,supply_contract,[기재정정]단일판매ㆍ공급계약체결(자율공시)              ,positive,70,5,10,5,2,-0.0016,-0.0065,failure,positive_signal_with_negative_noise,"The prediction direction was `positive`, but the actual next close return was -0.65%. The event type was `supply_contract` with event score 70.00. The disclosure title was `[기재정정]단일판매ㆍ공급계약체결(자율공시)              `. The event had 2 negative keyword signals, which may have reduced market confidence.",Positive events with multiple negative keywords should receive lower confidence.,Apply a penalty when negative_keyword_count is greater than or equal to two.,decrease
20260831,010960,삼호개발,supply_contract,[기재정정]단일판매ㆍ공급계약체결(자율공시)              ,positive,70,5,10,5,2,-0.0016,-0.0065,failure,positive_signal_with_negative_noise,"The prediction direction was `positive`, but the actual next close return was -0.65%. The event type was `supply_contract` with event score 70.00. The disclosure title was `[기재정정]단일판매ㆍ공급계약체결(자율공시)              `. The event had 2 negative keyword signals, which may have reduced market confidence.",Positive events with multiple negative keywords should receive lower confidence.,Apply a penalty when negative_keyword_count is greater than or equal to two.,decrease
20260831,219550,디와이디,convertible_bond,전환사채(해외전환사채포함)발행후만기전사채취득              (제7회차),negative,-60,5,8,5,2,0.0548,-0.0098,success,negative_signal_confirmed,"The prediction direction `negative` was consistent with the actual next close return of -0.98%. The event type was `convertible_bond`, event score was -60.00, news sentiment score was 8.00, and news attention score was 5.00.",This event pattern can be treated as a useful reference case for future predictions.,Maintain current rule weight for this pattern and use it as a positive reference sample.,increase
20260831,219550,디와이디,convertible_bond,전환사채(해외전환사채포함)발행후만기전사채취득              (제7회차),negative,-60,5,8,5,2,0.0548,-0.0098,success,negative_signal_confirmed,"The prediction direction `negative` was consistent with the actual next close return of -0.98%. The event type was `convertible_bond`, event score was -60.00, news sentiment score was 8.00, and news attention score was 5.00.",This event pattern can be treated as a useful reference case for future predictions.,Maintain current rule weight for this pattern and use it as a positive reference sample.,increase
20260831,368770,파이버프로,supply_contract,단일판매ㆍ공급계약체결              ,positive,70,5,8,5,1,0.0193,-0.0034,failure,general_prediction_failure,"The prediction direction was `positive`, but the actual next close return was -0.34%. The event type was `supply_contract` with event score 70.00. The disclosure title was `단일판매ㆍ공급계약체결              `.",The current rule set was not sufficient to explain the actual price reaction.,"Add more features such as market index return, trading volume, and sector movement.",slightly_decrease
20260831,013700,까뮤이앤씨,disclosure_violation,불성실공시법인지정예고              ,negative,-80,5,1,5,3,-0.0136,0.011,failure,negative_signal_reversed,"The prediction direction was `negative`, but the actual next close return was 1.10%. The event type was `disclosure_violation` with event score -80.00. The disclosure title was `불성실공시법인지정예고              `. The event had 3 negative keyword signals, which may have reduced market confidence.",Some negative events can rebound if the market interprets them as already priced in or less severe than expected.,Reduce negative confidence when negative events show positive actual returns repeatedly.,slightly_decrease
20260831,083660,CSA 코스믹,paid_in_capital_increase,증권발행결과(자율공시)              (제3자배정 유상증자),negative,-70,5,2,5,5,-0.0099,-0.054,success,negative_signal_confirmed,"The prediction direction `negative` was consistent with the actual next close return of -5.40%. The event type was `paid_in_capital_increase`, event score was -70.00, news sentiment score was 2.00, and news attention score was 5.00.",This event pattern can be treated as a useful reference case for future predictions.,Maintain current rule weight for this pattern and use it as a positive reference sample.,increase
20260831,028050,삼성E&A,supply_contract,[기재정정]단일판매ㆍ공급계약체결              ,positive,70,5,5,5,1,-0.0074,-0.0223,failure,general_prediction_failure,"The prediction direction was `positive`, but the actual next close return was -2.23%. The event type was `supply_contract` with event score 70.00. The disclosure title was `[기재정정]단일판매ㆍ공급계약체결              `.",The current rule set was not sufficient to explain the actual price reaction.,"Add more features such as market index return, trading volume, and sector movement.",slightly_decrease
20260831,028050,삼성E&A,supply_contract,[기재정정]단일판매ㆍ공급계약체결              ,positive,70,5,5,5,1,-0.0074,-0.0223,failure,general_prediction_failure,"The prediction direction was `positive`, but the actual next close return was -2.23%. The event type was `supply_contract` with event score 70.00. The disclosure title was `[기재정정]단일판매ㆍ공급계약체결              `.",The current rule set was not sufficient to explain the actual price reaction.,"Add more features such as market index return, trading volume, and sector movement.",slightly_decrease
20260831,000950,전방,major_shareholder_change,최대주주등소유주식변동신고서              ,volatile,10,5,7,5,0,-0.0289,-0.0152,failure,volatility_overestimated,"The prediction direction was `volatile`, but the actual next close return was -1.52%. The event type was `major_shareholder_change` with event score 10.00. The disclosure title was `최대주주등소유주식변동신고서              `. The event was treated as volatile, but the actual price movement may have been smaller than expected.",Volatile event classification should require stronger attention or stronger historical movement patterns.,Require higher news_attention_score before classifying an event as a strong volatility candidate.,decrease
20260831,000950,전방,major_shareholder_change,최대주주등소유주식변동신고서              ,volatile,10,5,7,5,0,-0.0289,-0.0152,failure,volatility_overestimated,"The prediction direction was `volatile`, but the actual next close return was -1.52%. The event type was `major_shareholder_change` with event score 10.00. The disclosure title was `최대주주등소유주식변동신고서              `. The event was treated as volatile, but the actual price movement may have been smaller than expected.",Volatile event classification should require stronger attention or stronger historical movement patterns.,Require higher news_attention_score before classifying an event as a strong volatility candidate.,decrease
20260831,028260,삼성물산,supply_contract,[기재정정]단일판매ㆍ공급계약체결              ,positive,70,5,1,5,2,-0.0066,0.0113,success,positive_signal_confirmed,"The prediction direction `positive` was consistent with the actual next close return of 1.13%. The event type was `supply_contract`, event score was 70.00, news sentiment score was 1.00, and news attention score was 5.00.",This event pattern can be treated as a useful reference case for future predictions.,Maintain current rule weight for this pattern and use it as a positive reference sample.,increase
20260831,028260,삼성물산,supply_contract,[기재정정]단일판매ㆍ공급계약체결              ,positive,70,5,1,5,2,-0.0066,0.0113,success,positive_signal_confirmed,"The prediction direction `positive` was consistent with the actual next close return of 1.13%. The event type was `supply_contract`, event score was 70.00, news sentiment score was 1.00, and news attention score was 5.00.",This event pattern can be treated as a useful reference case for future predictions.,Maintain current rule weight for this pattern and use it as a positive reference sample.,increase
20260831,028260,삼성물산,supply_contract,[기재정정]단일판매ㆍ공급계약체결              ,positive,70,5,1,5,2,-0.0066,0.0113,success,positive_signal_confirmed,"The prediction direction `positive` was consistent with the actual next close return of 1.13%. The event type was `supply_contract`, event score was 70.00, news sentiment score was 1.00, and news attention score was 5.00.",This event pattern can be treated as a useful reference case for future predictions.,Maintain current rule weight for this pattern and use it as a positive reference sample.,increase
20260831,028260,삼성물산,supply_contract,[기재정정]단일판매ㆍ공급계약체결              ,positive,70,5,1,5,2,-0.0066,0.0113,success,positive_signal_confirmed,"The prediction direction `positive` was consistent with the actual next close return of 1.13%. The event type was `supply_contract`, event score was 70.00, news sentiment score was 1.00, and news attention score was 5.00.",This event pattern can be treated as a useful reference case for future predictions.,Maintain current rule weight for this pattern and use it as a positive reference sample.,increase
20260831,028260,삼성물산,supply_contract,[기재정정]단일판매ㆍ공급계약체결              ,positive,70,5,1,5,2,-0.0066,0.0113,success,positive_signal_confirmed,"The prediction direction `positive` was consistent with the actual next close return of 1.13%. The event type was `supply_contract`, event score was 70.00, news sentiment score was 1.00, and news attention score was 5.00.",This event pattern can be treated as a useful reference case for future predictions.,Maintain current rule weight for this pattern and use it as a positive reference sample.,increase
20260831,028260,삼성물산,supply_contract,[기재정정]단일판매ㆍ공급계약체결              ,positive,70,5,1,5,2,-0.0066,0.0113,success,positive_signal_confirmed,"The prediction direction `positive` was consistent with the actual next close return of 1.13%. The event type was `supply_contract`, event score was 70.00, news sentiment score was 1.00, and news attention score was 5.00.",This event pattern can be treated as a useful reference case for future predictions.,Maintain current rule weight for this pattern and use it as a positive reference sample.,increase
20260831,106240,파인테크닉스,convertible_bond,전환사채(해외전환사채포함)발행후만기전사채취득              ,negative,-60,5,-2,5,6,0.0078,-0.0174,success,negative_signal_confirmed,"The prediction direction `negative` was consistent with the actual next close return of -1.74%. The event type was `convertible_bond`, event score was -60.00, news sentiment score was -2.00, and news attention score was 5.00.",This event pattern can be treated as a useful reference case for future predictions.,Maintain current rule weight for this pattern and use it as a positive reference sample.,increase
20260831,161000,애경케미칼,paid_in_capital_increase,[기재정정]유상증자결정(종속회사의주요경영사항)              ,negative,-70,5,6,5,4,-0.0327,-0.0064,success,negative_signal_confirmed,"The prediction direction `negative` was consistent with the actual next close return of -0.64%. The event type was `paid_in_capital_increase`, event score was -70.00, news sentiment score was 6.00, and news attention score was 5.00.",This event pattern can be treated as a useful reference case for future predictions.,Maintain current rule weight for this pattern and use it as a positive reference sample.,increase
20260831,161000,애경케미칼,paid_in_capital_increase,[기재정정]유상증자결정(종속회사의주요경영사항)              ,negative,-70,5,6,5,4,-0.0327,-0.0064,success,negative_signal_confirmed,"The prediction direction `negative` was consistent with the actual next close return of -0.64%. The event type was `paid_in_capital_increase`, event score was -70.00, news sentiment score was 6.00, and news attention score was 5.00.",This event pattern can be treated as a useful reference case for future predictions.,Maintain current rule weight for this pattern and use it as a positive reference sample.,increase
20260831,161000,애경케미칼,paid_in_capital_increase,[기재정정]유상증자결정(종속회사의주요경영사항)              ,negative,-70,5,6,5,4,-0.0327,-0.0064,success,negative_signal_confirmed,"The prediction direction `negative` was consistent with the actual next close return of -0.64%. The event type was `paid_in_capital_increase`, event score was -70.00, news sentiment score was 6.00, and news attention score was 5.00.",This event pattern can be treated as a useful reference case for future predictions.,Maintain current rule weight for this pattern and use it as a positive reference sample.,increase
20260831,217330,싸이토젠,merger,기타경영사항(자율공시)              (소규모합병 승인 이사회 결의(주주총회 갈음) 결과 보고),volatile,30,5,5,5,1,0.0,-0.0016,failure,volatility_overestimated,"The prediction direction was `volatile`, but the actual next close return was -0.16%. The event type was `merger` with event score 30.00. The disclosure title was `기타경영사항(자율공시)              (소규모합병 승인 이사회 결의(주주총회 갈음) 결과 보고)`. The event was treated as volatile, but the actual price movement may have been smaller than expected.",Volatile event classification should require stronger attention or stronger historical movement patterns.,Require higher news_attention_score before classifying an event as a strong volatility candidate.,decrease
20260831,175250,아이큐어,major_shareholder_change,[기재정정]최대주주변경              ,volatile,10,5,2,5,3,-1.0,0.0,failure,volatility_overestimated,"The prediction direction was `volatile`, but the actual next close return was 0.00%. The event type was `major_shareholder_change` with event score 10.00. The disclosure title was `[기재정정]최대주주변경              `. The event had 3 negative keyword signals, which may have reduced market confidence. The event was treated as volatile, but the actual price movement may have been smaller than expected.",Volatile event classification should require stronger attention or stronger historical movement patterns.,Require higher news_attention_score before classifying an event as a strong volatility candidate.,decrease
20260831,175250,아이큐어,major_shareholder_change,[기재정정]최대주주변경              ,volatile,10,5,2,5,3,-1.0,0.0,failure,volatility_overestimated,"The prediction direction was `volatile`, but the actual next close return was 0.00%. The event type was `major_shareholder_change` with event score 10.00. The disclosure title was `[기재정정]최대주주변경              `. The event had 3 negative keyword signals, which may have reduced market confidence. The event was treated as volatile, but the actual price movement may have been smaller than expected.",Volatile event classification should require stronger attention or stronger historical movement patterns.,Require higher news_attention_score before classifying an event as a strong volatility candidate.,decrease
20260831,010960,삼호개발,supply_contract,[기재정정]단일판매ㆍ공급계약체결              ,positive,70,5,10,5,2,-0.0016,-0.0065,failure,positive_signal_with_negative_noise,"The prediction direction was `positive`, but the actual next close return was -0.65%. The event type was `supply_contract` with event score 70.00. The disclosure title was `[기재정정]단일판매ㆍ공급계약체결              `. The event had 2 negative keyword signals, which may have reduced market confidence.",Positive events with multiple negative keywords should receive lower confidence.,Apply a penalty when negative_keyword_count is greater than or equal to two.,decrease
20260831,010960,삼호개발,supply_contract,[기재정정]단일판매ㆍ공급계약체결              ,positive,70,5,10,5,2,-0.0016,-0.0065,failure,positive_signal_with_negative_noise,"The prediction direction was `positive`, but the actual next close return was -0.65%. The event type was `supply_contract` with event score 70.00. The disclosure title was `[기재정정]단일판매ㆍ공급계약체결              `. The event had 2 negative keyword signals, which may have reduced market confidence.",Positive events with multiple negative keywords should receive lower confidence.,Apply a penalty when negative_keyword_count is greater than or equal to two.,decrease
20260831,010960,삼호개발,supply_contract,[기재정정]단일판매ㆍ공급계약체결              ,positive,70,5,10,5,2,-0.0016,-0.0065,failure,positive_signal_with_negative_noise,"The prediction direction was `positive`, but the actual next close return was -0.65%. The event type was `supply_contract` with event score 70.00. The disclosure title was `[기재정정]단일판매ㆍ공급계약체결              `. The event had 2 negative keyword signals, which may have reduced market confidence.",Positive events with multiple negative keywords should receive lower confidence.,Apply a penalty when negative_keyword_count is greater than or equal to two.,decrease
20260831,010960,삼호개발,supply_contract,[기재정정]단일판매ㆍ공급계약체결              ,positive,70,5,10,5,2,-0.0016,-0.0065,failure,positive_signal_with_negative_noise,"The prediction direction was `positive`, but the actual next close return was -0.65%. The event type was `supply_contract` with event score 70.00. The disclosure title was `[기재정정]단일판매ㆍ공급계약체결              `. The event had 2 negative keyword signals, which may have reduced market confidence.",Positive events with multiple negative keywords should receive lower confidence.,Apply a penalty when negative_keyword_count is greater than or equal to two.,decrease
20260831,002680,한탑,paid_in_capital_increase,증권발행결과(자율공시)              (제3자배정 유상증자),negative,-70,5,5,5,2,0.0156,0.0352,failure,negative_signal_reversed,"The prediction direction was `negative`, but the actual next close return was 3.52%. The event type was `paid_in_capital_increase` with event score -70.00. The disclosure title was `증권발행결과(자율공시)              (제3자배정 유상증자)`. The event had 2 negative keyword signals, which may have reduced market confidence.",Some negative events can rebound if the market interprets them as already priced in or less severe than expected.,Reduce negative confidence when negative events show positive actual returns repeatedly.,slightly_decrease
20260831,138080,오이솔루션,major_shareholder_change,[기재정정]최대주주변경을수반하는주식담보제공계약체결              ,volatile,10,5,2,5,1,0.0,-0.0365,success,volatility_signal_confirmed,"The prediction direction `volatile` was consistent with the actual next close return of -3.65%. The event type was `major_shareholder_change`, event score was 10.00, news sentiment score was 2.00, and news attention score was 5.00.",This event pattern can be treated as a useful reference case for future predictions.,Maintain current rule weight for this pattern and use it as a positive reference sample.,increase
20260831,138080,오이솔루션,major_shareholder_change,[기재정정]최대주주변경을수반하는주식담보제공계약체결              ,volatile,10,5,2,5,1,0.0,-0.0365,success,volatility_signal_confirmed,"The prediction direction `volatile` was consistent with the actual next close return of -3.65%. The event type was `major_shareholder_change`, event score was 10.00, news sentiment score was 2.00, and news attention score was 5.00.",This event pattern can be treated as a useful reference case for future predictions.,Maintain current rule weight for this pattern and use it as a positive reference sample.,increase
20260831,035760,CJ ENM,investment_decision,[기재정정]투자판단관련주요경영사항              ,volatile,30,5,0,5,0,-0.0147,-0.0074,failure,volatility_overestimated,"The prediction direction was `volatile`, but the actual next close return was -0.74%. The event type was `investment_decision` with event score 30.00. The disclosure title was `[기재정정]투자판단관련주요경영사항              `. The event was treated as volatile, but the actual price movement may have been smaller than expected.",Volatile event classification should require stronger attention or stronger historical movement patterns.,Require higher news_attention_score before classifying an event as a strong volatility candidate.,decrease
20260831,009190,대양금속,paid_in_capital_increase,[기재정정]주요사항보고서(유상증자결정),negative,-70,5,-2,5,3,0.0,-0.0189,success,negative_signal_confirmed,"The prediction direction `negative` was consistent with the actual next close return of -1.89%. The event type was `paid_in_capital_increase`, event score was -70.00, news sentiment score was -2.00, and news attention score was 5.00.",This event pattern can be treated as a useful reference case for future predictions.,Maintain current rule weight for this pattern and use it as a positive reference sample.,increase
20260831,009190,대양금속,paid_in_capital_increase,[기재정정]주요사항보고서(유상증자결정),negative,-70,5,-2,5,3,0.0,-0.0189,success,negative_signal_confirmed,"The prediction direction `negative` was consistent with the actual next close return of -1.89%. The event type was `paid_in_capital_increase`, event score was -70.00, news sentiment score was -2.00, and news attention score was 5.00.",This event pattern can be treated as a useful reference case for future predictions.,Maintain current rule weight for this pattern and use it as a positive reference sample.,increase
20260831,002070,비비안,paid_in_capital_increase,[기재정정]주요사항보고서(유상증자결정),negative,-70,5,-2,5,3,-0.0094,-0.0114,success,negative_signal_confirmed,"The prediction direction `negative` was consistent with the actual next close return of -1.14%. The event type was `paid_in_capital_increase`, event score was -70.00, news sentiment score was -2.00, and news attention score was 5.00.",This event pattern can be treated as a useful reference case for future predictions.,Maintain current rule weight for this pattern and use it as a positive reference sample.,increase
20260831,002070,비비안,paid_in_capital_increase,[기재정정]주요사항보고서(유상증자결정),negative,-70,5,-2,5,3,-0.0094,-0.0114,success,negative_signal_confirmed,"The prediction direction `negative` was consistent with the actual next close return of -1.14%. The event type was `paid_in_capital_increase`, event score was -70.00, news sentiment score was -2.00, and news attention score was 5.00.",This event pattern can be treated as a useful reference case for future predictions.,Maintain current rule weight for this pattern and use it as a positive reference sample.,increase
20260831,078860,아이오케이이엔엠,paid_in_capital_increase,[기재정정]주요사항보고서(유상증자결정),negative,-70,5,2,5,3,0.0,0.0484,failure,negative_signal_reversed,"The prediction direction was `negative`, but the actual next close return was 4.84%. The event type was `paid_in_capital_increase` with event score -70.00. The disclosure title was `[기재정정]주요사항보고서(유상증자결정)`. The event had 3 negative keyword signals, which may have reduced market confidence.",Some negative events can rebound if the market interprets them as already priced in or less severe than expected.,Reduce negative confidence when negative events show positive actual returns repeatedly.,slightly_decrease
20260831,328130,루닛,convertible_bond,전환사채(해외전환사채포함)발행후만기전사채취득              ,negative,-60,5,-1,5,2,-0.0099,-0.0011,success,negative_signal_confirmed,"The prediction direction `negative` was consistent with the actual next close return of -0.11%. The event type was `convertible_bond`, event score was -60.00, news sentiment score was -1.00, and news attention score was 5.00.",This event pattern can be treated as a useful reference case for future predictions.,Maintain current rule weight for this pattern and use it as a positive reference sample.,increase
20260831,054220,비츠로시스,convertible_bond,[기재정정]주요사항보고서(자기전환사채매도결정),negative,-60,5,3,5,2,-0.0025,-0.0399,success,negative_signal_confirmed,"The prediction direction `negative` was consistent with the actual next close return of -3.99%. The event type was `convertible_bond`, event score was -60.00, news sentiment score was 3.00, and news attention score was 5.00.",This event pattern can be treated as a useful reference case for future predictions.,Maintain current rule weight for this pattern and use it as a positive reference sample.,increase
20260831,054220,비츠로시스,convertible_bond,[기재정정]주요사항보고서(자기전환사채매도결정),negative,-60,5,3,5,2,-0.0025,-0.0399,success,negative_signal_confirmed,"The prediction direction `negative` was consistent with the actual next close return of -3.99%. The event type was `convertible_bond`, event score was -60.00, news sentiment score was 3.00, and news attention score was 5.00.",This event pattern can be treated as a useful reference case for future predictions.,Maintain current rule weight for this pattern and use it as a positive reference sample.,increase
20260831,054220,비츠로시스,convertible_bond,[기재정정]주요사항보고서(자기전환사채매도결정),negative,-60,5,3,5,2,-0.0025,-0.0399,success,negative_signal_confirmed,"The prediction direction `negative` was consistent with the actual next close return of -3.99%. The event type was `convertible_bond`, event score was -60.00, news sentiment score was 3.00, and news attention score was 5.00.",This event pattern can be treated as a useful reference case for future predictions.,Maintain current rule weight for this pattern and use it as a positive reference sample.,increase
20260831,054220,비츠로시스,convertible_bond,[기재정정]주요사항보고서(자기전환사채매도결정),negative,-60,5,3,5,2,-0.0025,-0.0399,success,negative_signal_confirmed,"The prediction direction `negative` was consistent with the actual next close return of -3.99%. The event type was `convertible_bond`, event score was -60.00, news sentiment score was 3.00, and news attention score was 5.00.",This event pattern can be treated as a useful reference case for future predictions.,Maintain current rule weight for this pattern and use it as a positive reference sample.,increase
20260831,054220,비츠로시스,convertible_bond,[기재정정]주요사항보고서(자기전환사채매도결정),negative,-60,5,3,5,2,-0.0025,-0.0399,success,negative_signal_confirmed,"The prediction direction `negative` was consistent with the actual next close return of -3.99%. The event type was `convertible_bond`, event score was -60.00, news sentiment score was 3.00, and news attention score was 5.00.",This event pattern can be treated as a useful reference case for future predictions.,Maintain current rule weight for this pattern and use it as a positive reference sample.,increase
20260831,054220,비츠로시스,convertible_bond,[기재정정]주요사항보고서(자기전환사채매도결정),negative,-60,5,3,5,2,-0.0025,-0.0399,success,negative_signal_confirmed,"The prediction direction `negative` was consistent with the actual next close return of -3.99%. The event type was `convertible_bond`, event score was -60.00, news sentiment score was 3.00, and news attention score was 5.00.",This event pattern can be treated as a useful reference case for future predictions.,Maintain current rule weight for this pattern and use it as a positive reference sample.,increase
20260831,054220,비츠로시스,convertible_bond,[기재정정]주요사항보고서(자기전환사채매도결정),negative,-60,5,3,5,2,-0.0025,-0.0399,success,negative_signal_confirmed,"The prediction direction `negative` was consistent with the actual next close return of -3.99%. The event type was `convertible_bond`, event score was -60.00, news sentiment score was 3.00, and news attention score was 5.00.",This event pattern can be treated as a useful reference case for future predictions.,Maintain current rule weight for this pattern and use it as a positive reference sample.,increase
20260831,054220,비츠로시스,convertible_bond,[기재정정]주요사항보고서(자기전환사채매도결정),negative,-60,5,3,5,2,-0.0025,-0.0399,success,negative_signal_confirmed,"The prediction direction `negative` was consistent with the actual next close return of -3.99%. The event type was `convertible_bond`, event score was -60.00, news sentiment score was 3.00, and news attention score was 5.00.",This event pattern can be treated as a useful reference case for future predictions.,Maintain current rule weight for this pattern and use it as a positive reference sample.,increase
20260831,182360,큐브엔터,paid_in_capital_increase,[기재정정]주요사항보고서(유상증자결정),negative,-70,5,2,5,2,0.0,0.0173,failure,negative_signal_reversed,"The prediction direction was `negative`, but the actual next close return was 1.73%. The event type was `paid_in_capital_increase` with event score -70.00. The disclosure title was `[기재정정]주요사항보고서(유상증자결정)`. The event had 2 negative keyword signals, which may have reduced market confidence.",Some negative events can rebound if the market interprets them as already priced in or less severe than expected.,Reduce negative confidence when negative events show positive actual returns repeatedly.,slightly_decrease
20260831,036710,심텍홀딩스,merger,[기재정정]회사합병결정(종속회사의주요경영사항)              ,volatile,30,5,-2,5,5,-0.0096,-0.0265,success,volatility_signal_confirmed,"The prediction direction `volatile` was consistent with the actual next close return of -2.65%. The event type was `merger`, event score was 30.00, news sentiment score was -2.00, and news attention score was 5.00.",This event pattern can be treated as a useful reference case for future predictions.,Maintain current rule weight for this pattern and use it as a positive reference sample.,increase
20260831,069460,대호에이엘,lawsuit,소송등의판결ㆍ결정              ,negative,-75,5,1,5,1,-1.0,0.0,failure,negative_signal_reversed,"The prediction direction was `negative`, but the actual next close return was 0.00%. The event type was `lawsuit` with event score -75.00. The disclosure title was `소송등의판결ㆍ결정              `.",Some negative events can rebound if the market interprets them as already priced in or less severe than expected.,Reduce negative confidence when negative events show positive actual returns repeatedly.,slightly_decrease
20260831,189300,인텔리안테크,supply_contract,[기재정정]단일판매ㆍ공급계약체결              ,positive,70,5,3,5,4,-0.0159,-0.0127,failure,positive_signal_with_negative_noise,"The prediction direction was `positive`, but the actual next close return was -1.27%. The event type was `supply_contract` with event score 70.00. The disclosure title was `[기재정정]단일판매ㆍ공급계약체결              `. The event had 4 negative keyword signals, which may have reduced market confidence.",Positive events with multiple negative keywords should receive lower confidence.,Apply a penalty when negative_keyword_count is greater than or equal to two.,decrease
20260831,054220,비츠로시스,supply_contract,[기재정정]단일판매ㆍ공급계약체결              ,positive,70,5,3,5,2,-0.0025,-0.0399,failure,positive_signal_with_negative_noise,"The prediction direction was `positive`, but the actual next close return was -3.99%. The event type was `supply_contract` with event score 70.00. The disclosure title was `[기재정정]단일판매ㆍ공급계약체결              `. The event had 2 negative keyword signals, which may have reduced market confidence.",Positive events with multiple negative keywords should receive lower confidence.,Apply a penalty when negative_keyword_count is greater than or equal to two.,decrease
20260831,054220,비츠로시스,supply_contract,[기재정정]단일판매ㆍ공급계약체결              ,positive,70,5,3,5,2,-0.0025,-0.0399,failure,positive_signal_with_negative_noise,"The prediction direction was `positive`, but the actual next close return was -3.99%. The event type was `supply_contract` with event score 70.00. The disclosure title was `[기재정정]단일판매ㆍ공급계약체결              `. The event had 2 negative keyword signals, which may have reduced market confidence.",Positive events with multiple negative keywords should receive lower confidence.,Apply a penalty when negative_keyword_count is greater than or equal to two.,decrease
20260831,054220,비츠로시스,supply_contract,[기재정정]단일판매ㆍ공급계약체결              ,positive,70,5,3,5,2,-0.0025,-0.0399,failure,positive_signal_with_negative_noise,"The prediction direction was `positive`, but the actual next close return was -3.99%. The event type was `supply_contract` with event score 70.00. The disclosure title was `[기재정정]단일판매ㆍ공급계약체결              `. The event had 2 negative keyword signals, which may have reduced market confidence.",Positive events with multiple negative keywords should receive lower confidence.,Apply a penalty when negative_keyword_count is greater than or equal to two.,decrease
20260831,054220,비츠로시스,supply_contract,[기재정정]단일판매ㆍ공급계약체결              ,positive,70,5,3,5,2,-0.0025,-0.0399,failure,positive_signal_with_negative_noise,"The prediction direction was `positive`, but the actual next close return was -3.99%. The event type was `supply_contract` with event score 70.00. The disclosure title was `[기재정정]단일판매ㆍ공급계약체결              `. The event had 2 negative keyword signals, which may have reduced market confidence.",Positive events with multiple negative keywords should receive lower confidence.,Apply a penalty when negative_keyword_count is greater than or equal to two.,decrease
20260831,054220,비츠로시스,supply_contract,[기재정정]단일판매ㆍ공급계약체결              ,positive,70,5,3,5,2,-0.0025,-0.0399,failure,positive_signal_with_negative_noise,"The prediction direction was `positive`, but the actual next close return was -3.99%. The event type was `supply_contract` with event score 70.00. The disclosure title was `[기재정정]단일판매ㆍ공급계약체결              `. The event had 2 negative keyword signals, which may have reduced market confidence.",Positive events with multiple negative keywords should receive lower confidence.,Apply a penalty when negative_keyword_count is greater than or equal to two.,decrease
20260831,054220,비츠로시스,supply_contract,[기재정정]단일판매ㆍ공급계약체결              ,positive,70,5,3,5,2,-0.0025,-0.0399,failure,positive_signal_with_negative_noise,"The prediction direction was `positive`, but the actual next close return was -3.99%. The event type was `supply_contract` with event score 70.00. The disclosure title was `[기재정정]단일판매ㆍ공급계약체결              `. The event had 2 negative keyword signals, which may have reduced market confidence.",Positive events with multiple negative keywords should receive lower confidence.,Apply a penalty when negative_keyword_count is greater than or equal to two.,decrease
20260831,054220,비츠로시스,supply_contract,[기재정정]단일판매ㆍ공급계약체결              ,positive,70,5,3,5,2,-0.0025,-0.0399,failure,positive_signal_with_negative_noise,"The prediction direction was `positive`, but the actual next close return was -3.99%. The event type was `supply_contract` with event score 70.00. The disclosure title was `[기재정정]단일판매ㆍ공급계약체결              `. The event had 2 negative keyword signals, which may have reduced market confidence.",Positive events with multiple negative keywords should receive lower confidence.,Apply a penalty when negative_keyword_count is greater than or equal to two.,decrease
20260831,054220,비츠로시스,supply_contract,[기재정정]단일판매ㆍ공급계약체결              ,positive,70,5,3,5,2,-0.0025,-0.0399,failure,positive_signal_with_negative_noise,"The prediction direction was `positive`, but the actual next close return was -3.99%. The event type was `supply_contract` with event score 70.00. The disclosure title was `[기재정정]단일판매ㆍ공급계약체결              `. The event had 2 negative keyword signals, which may have reduced market confidence.",Positive events with multiple negative keywords should receive lower confidence.,Apply a penalty when negative_keyword_count is greater than or equal to two.,decrease
20260831,060900,에이전트AI,paid_in_capital_increase,기타주요경영사항              (유상증자 결정(주주배정후 실권주 일반공모) 철회),negative,-70,5,3,5,0,0.0124,-0.0041,success,negative_signal_confirmed,"The prediction direction `negative` was consistent with the actual next close return of -0.41%. The event type was `paid_in_capital_increase`, event score was -70.00, news sentiment score was 3.00, and news attention score was 5.00.",This event pattern can be treated as a useful reference case for future predictions.,Maintain current rule weight for this pattern and use it as a positive reference sample.,increase
20260831,060900,에이전트AI,paid_in_capital_increase,기타주요경영사항              (유상증자 결정(주주배정후 실권주 일반공모) 철회),negative,-70,5,3,5,0,0.0124,-0.0041,success,negative_signal_confirmed,"The prediction direction `negative` was consistent with the actual next close return of -0.41%. The event type was `paid_in_capital_increase`, event score was -70.00, news sentiment score was 3.00, and news attention score was 5.00.",This event pattern can be treated as a useful reference case for future predictions.,Maintain current rule weight for this pattern and use it as a positive reference sample.,increase
20260831,060900,에이전트AI,paid_in_capital_increase,기타주요경영사항              (유상증자 결정(주주배정후 실권주 일반공모) 철회),negative,-70,5,3,5,0,0.0124,-0.0041,success,negative_signal_confirmed,"The prediction direction `negative` was consistent with the actual next close return of -0.41%. The event type was `paid_in_capital_increase`, event score was -70.00, news sentiment score was 3.00, and news attention score was 5.00.",This event pattern can be treated as a useful reference case for future predictions.,Maintain current rule weight for this pattern and use it as a positive reference sample.,increase
20260831,060900,에이전트AI,paid_in_capital_increase,기타주요경영사항              (유상증자 결정(주주배정후 실권주 일반공모) 철회),negative,-70,5,3,5,0,0.0124,-0.0041,success,negative_signal_confirmed,"The prediction direction `negative` was consistent with the actual next close return of -0.41%. The event type was `paid_in_capital_increase`, event score was -70.00, news sentiment score was 3.00, and news attention score was 5.00.",This event pattern can be treated as a useful reference case for future predictions.,Maintain current rule weight for this pattern and use it as a positive reference sample.,increase
20260831,060900,에이전트AI,paid_in_capital_increase,기타주요경영사항              (유상증자 결정(주주배정후 실권주 일반공모) 철회),negative,-70,5,3,5,0,0.0124,-0.0041,success,negative_signal_confirmed,"The prediction direction `negative` was consistent with the actual next close return of -0.41%. The event type was `paid_in_capital_increase`, event score was -70.00, news sentiment score was 3.00, and news attention score was 5.00.",This event pattern can be treated as a useful reference case for future predictions.,Maintain current rule weight for this pattern and use it as a positive reference sample.,increase
20260831,060900,에이전트AI,paid_in_capital_increase,기타주요경영사항              (유상증자 결정(주주배정후 실권주 일반공모) 철회),negative,-70,5,3,5,0,0.0124,-0.0041,success,negative_signal_confirmed,"The prediction direction `negative` was consistent with the actual next close return of -0.41%. The event type was `paid_in_capital_increase`, event score was -70.00, news sentiment score was 3.00, and news attention score was 5.00.",This event pattern can be treated as a useful reference case for future predictions.,Maintain current rule weight for this pattern and use it as a positive reference sample.,increase
20260831,060900,에이전트AI,paid_in_capital_increase,기타주요경영사항              (유상증자 결정(주주배정후 실권주 일반공모) 철회),negative,-70,5,3,5,0,0.0124,-0.0041,success,negative_signal_confirmed,"The prediction direction `negative` was consistent with the actual next close return of -0.41%. The event type was `paid_in_capital_increase`, event score was -70.00, news sentiment score was 3.00, and news attention score was 5.00.",This event pattern can be treated as a useful reference case for future predictions.,Maintain current rule weight for this pattern and use it as a positive reference sample.,increase
20260831,060900,에이전트AI,paid_in_capital_increase,기타주요경영사항              (유상증자 결정(주주배정후 실권주 일반공모) 철회),negative,-70,5,3,5,0,0.0124,-0.0041,success,negative_signal_confirmed,"The prediction direction `negative` was consistent with the actual next close return of -0.41%. The event type was `paid_in_capital_increase`, event score was -70.00, news sentiment score was 3.00, and news attention score was 5.00.",This event pattern can be treated as a useful reference case for future predictions.,Maintain current rule weight for this pattern and use it as a positive reference sample.,increase
20260831,060900,에이전트AI,paid_in_capital_increase,기타주요경영사항              (유상증자 결정(주주배정후 실권주 일반공모) 철회),negative,-70,5,3,5,0,0.0124,-0.0041,success,negative_signal_confirmed,"The prediction direction `negative` was consistent with the actual next close return of -0.41%. The event type was `paid_in_capital_increase`, event score was -70.00, news sentiment score was 3.00, and news attention score was 5.00.",This event pattern can be treated as a useful reference case for future predictions.,Maintain current rule weight for this pattern and use it as a positive reference sample.,increase
20260831,060900,에이전트AI,paid_in_capital_increase,기타주요경영사항              (유상증자 결정(주주배정후 실권주 일반공모) 철회),negative,-70,5,3,5,0,0.0124,-0.0041,success,negative_signal_confirmed,"The prediction direction `negative` was consistent with the actual next close return of -0.41%. The event type was `paid_in_capital_increase`, event score was -70.00, news sentiment score was 3.00, and news attention score was 5.00.",This event pattern can be treated as a useful reference case for future predictions.,Maintain current rule weight for this pattern and use it as a positive reference sample.,increase
20260831,060900,에이전트AI,paid_in_capital_increase,기타주요경영사항              (유상증자 결정(주주배정후 실권주 일반공모) 철회),negative,-70,5,3,5,0,0.0124,-0.0041,success,negative_signal_confirmed,"The prediction direction `negative` was consistent with the actual next close return of -0.41%. The event type was `paid_in_capital_increase`, event score was -70.00, news sentiment score was 3.00, and news attention score was 5.00.",This event pattern can be treated as a useful reference case for future predictions.,Maintain current rule weight for this pattern and use it as a positive reference sample.,increase
20260831,060900,에이전트AI,paid_in_capital_increase,기타주요경영사항              (유상증자 결정(주주배정후 실권주 일반공모) 철회),negative,-70,5,3,5,0,0.0124,-0.0041,success,negative_signal_confirmed,"The prediction direction `negative` was consistent with the actual next close return of -0.41%. The event type was `paid_in_capital_increase`, event score was -70.00, news sentiment score was 3.00, and news attention score was 5.00.",This event pattern can be treated as a useful reference case for future predictions.,Maintain current rule weight for this pattern and use it as a positive reference sample.,increase
20260831,060900,에이전트AI,paid_in_capital_increase,[기재정정]주요사항보고서(유상증자결정),negative,-70,5,3,5,0,0.0124,-0.0041,success,negative_signal_confirmed,"The prediction direction `negative` was consistent with the actual next close return of -0.41%. The event type was `paid_in_capital_increase`, event score was -70.00, news sentiment score was 3.00, and news attention score was 5.00.",This event pattern can be treated as a useful reference case for future predictions.,Maintain current rule weight for this pattern and use it as a positive reference sample.,increase
20260831,060900,에이전트AI,paid_in_capital_increase,[기재정정]주요사항보고서(유상증자결정),negative,-70,5,3,5,0,0.0124,-0.0041,success,negative_signal_confirmed,"The prediction direction `negative` was consistent with the actual next close return of -0.41%. The event type was `paid_in_capital_increase`, event score was -70.00, news sentiment score was 3.00, and news attention score was 5.00.",This event pattern can be treated as a useful reference case for future predictions.,Maintain current rule weight for this pattern and use it as a positive reference sample.,increase
20260831,060900,에이전트AI,paid_in_capital_increase,[기재정정]주요사항보고서(유상증자결정),negative,-70,5,3,5,0,0.0124,-0.0041,success,negative_signal_confirmed,"The prediction direction `negative` was consistent with the actual next close return of -0.41%. The event type was `paid_in_capital_increase`, event score was -70.00, news sentiment score was 3.00, and news attention score was 5.00.",This event pattern can be treated as a useful reference case for future predictions.,Maintain current rule weight for this pattern and use it as a positive reference sample.,increase
20260831,060900,에이전트AI,paid_in_capital_increase,[기재정정]주요사항보고서(유상증자결정),negative,-70,5,3,5,0,0.0124,-0.0041,success,negative_signal_confirmed,"The prediction direction `negative` was consistent with the actual next close return of -0.41%. The event type was `paid_in_capital_increase`, event score was -70.00, news sentiment score was 3.00, and news attention score was 5.00.",This event pattern can be treated as a useful reference case for future predictions.,Maintain current rule weight for this pattern and use it as a positive reference sample.,increase
20260831,060900,에이전트AI,paid_in_capital_increase,[기재정정]주요사항보고서(유상증자결정),negative,-70,5,3,5,0,0.0124,-0.0041,success,negative_signal_confirmed,"The prediction direction `negative` was consistent with the actual next close return of -0.41%. The event type was `paid_in_capital_increase`, event score was -70.00, news sentiment score was 3.00, and news attention score was 5.00.",This event pattern can be treated as a useful reference case for future predictions.,Maintain current rule weight for this pattern and use it as a positive reference sample.,increase
20260831,060900,에이전트AI,paid_in_capital_increase,[기재정정]주요사항보고서(유상증자결정),negative,-70,5,3,5,0,0.0124,-0.0041,success,negative_signal_confirmed,"The prediction direction `negative` was consistent with the actual next close return of -0.41%. The event type was `paid_in_capital_increase`, event score was -70.00, news sentiment score was 3.00, and news attention score was 5.00.",This event pattern can be treated as a useful reference case for future predictions.,Maintain current rule weight for this pattern and use it as a positive reference sample.,increase
20260831,060900,에이전트AI,paid_in_capital_increase,[기재정정]주요사항보고서(유상증자결정),negative,-70,5,3,5,0,0.0124,-0.0041,success,negative_signal_confirmed,"The prediction direction `negative` was consistent with the actual next close return of -0.41%. The event type was `paid_in_capital_increase`, event score was -70.00, news sentiment score was 3.00, and news attention score was 5.00.",This event pattern can be treated as a useful reference case for future predictions.,Maintain current rule weight for this pattern and use it as a positive reference sample.,increase
20260831,060900,에이전트AI,paid_in_capital_increase,[기재정정]주요사항보고서(유상증자결정),negative,-70,5,3,5,0,0.0124,-0.0041,success,negative_signal_confirmed,"The prediction direction `negative` was consistent with the actual next close return of -0.41%. The event type was `paid_in_capital_increase`, event score was -70.00, news sentiment score was 3.00, and news attention score was 5.00.",This event pattern can be treated as a useful reference case for future predictions.,Maintain current rule weight for this pattern and use it as a positive reference sample.,increase
20260831,060900,에이전트AI,paid_in_capital_increase,[기재정정]주요사항보고서(유상증자결정),negative,-70,5,3,5,0,0.0124,-0.0041,success,negative_signal_confirmed,"The prediction direction `negative` was consistent with the actual next close return of -0.41%. The event type was `paid_in_capital_increase`, event score was -70.00, news sentiment score was 3.00, and news attention score was 5.00.",This event pattern can be treated as a useful reference case for future predictions.,Maintain current rule weight for this pattern and use it as a positive reference sample.,increase
20260831,060900,에이전트AI,paid_in_capital_increase,[기재정정]주요사항보고서(유상증자결정),negative,-70,5,3,5,0,0.0124,-0.0041,success,negative_signal_confirmed,"The prediction direction `negative` was consistent with the actual next close return of -0.41%. The event type was `paid_in_capital_increase`, event score was -70.00, news sentiment score was 3.00, and news attention score was 5.00.",This event pattern can be treated as a useful reference case for future predictions.,Maintain current rule weight for this pattern and use it as a positive reference sample.,increase
20260831,060900,에이전트AI,paid_in_capital_increase,[기재정정]주요사항보고서(유상증자결정),negative,-70,5,3,5,0,0.0124,-0.0041,success,negative_signal_confirmed,"The prediction direction `negative` was consistent with the actual next close return of -0.41%. The event type was `paid_in_capital_increase`, event score was -70.00, news sentiment score was 3.00, and news attention score was 5.00.",This event pattern can be treated as a useful reference case for future predictions.,Maintain current rule weight for this pattern and use it as a positive reference sample.,increase
20260831,060900,에이전트AI,paid_in_capital_increase,[기재정정]주요사항보고서(유상증자결정),negative,-70,5,3,5,0,0.0124,-0.0041,success,negative_signal_confirmed,"The prediction direction `negative` was consistent with the actual next close return of -0.41%. The event type was `paid_in_capital_increase`, event score was -70.00, news sentiment score was 3.00, and news attention score was 5.00.",This event pattern can be treated as a useful reference case for future predictions.,Maintain current rule weight for this pattern and use it as a positive reference sample.,increase
20260831,418620,E8,supply_contract,[기재정정]단일판매ㆍ공급계약체결              ,positive,70,5,4,5,1,0.0427,-0.0097,failure,general_prediction_failure,"The prediction direction was `positive`, but the actual next close return was -0.97%. The event type was `supply_contract` with event score 70.00. The disclosure title was `[기재정정]단일판매ㆍ공급계약체결              `.",The current rule set was not sufficient to explain the actual price reaction.,"Add more features such as market index return, trading volume, and sector movement.",slightly_decrease
20260831,060900,에이전트AI,supply_contract,[기재정정]단일판매ㆍ공급계약체결              ,positive,70,5,3,5,0,0.0124,-0.0041,failure,general_prediction_failure,"The prediction direction was `positive`, but the actual next close return was -0.41%. The event type was `supply_contract` with event score 70.00. The disclosure title was `[기재정정]단일판매ㆍ공급계약체결              `.",The current rule set was not sufficient to explain the actual price reaction.,"Add more features such as market index return, trading volume, and sector movement.",slightly_decrease
20260831,060900,에이전트AI,supply_contract,[기재정정]단일판매ㆍ공급계약체결              ,positive,70,5,3,5,0,0.0124,-0.0041,failure,general_prediction_failure,"The prediction direction was `positive`, but the actual next close return was -0.41%. The event type was `supply_contract` with event score 70.00. The disclosure title was `[기재정정]단일판매ㆍ공급계약체결              `.",The current rule set was not sufficient to explain the actual price reaction.,"Add more features such as market index return, trading volume, and sector movement.",slightly_decrease
20260831,060900,에이전트AI,supply_contract,[기재정정]단일판매ㆍ공급계약체결              ,positive,70,5,3,5,0,0.0124,-0.0041,failure,general_prediction_failure,"The prediction direction was `positive`, but the actual next close return was -0.41%. The event type was `supply_contract` with event score 70.00. The disclosure title was `[기재정정]단일판매ㆍ공급계약체결              `.",The current rule set was not sufficient to explain the actual price reaction.,"Add more features such as market index return, trading volume, and sector movement.",slightly_decrease
20260831,060900,에이전트AI,supply_contract,[기재정정]단일판매ㆍ공급계약체결              ,positive,70,5,3,5,0,0.0124,-0.0041,failure,general_prediction_failure,"The prediction direction was `positive`, but the actual next close return was -0.41%. The event type was `supply_contract` with event score 70.00. The disclosure title was `[기재정정]단일판매ㆍ공급계약체결              `.",The current rule set was not sufficient to explain the actual price reaction.,"Add more features such as market index return, trading volume, and sector movement.",slightly_decrease
20260831,060900,에이전트AI,supply_contract,[기재정정]단일판매ㆍ공급계약체결              ,positive,70,5,3,5,0,0.0124,-0.0041,failure,general_prediction_failure,"The prediction direction was `positive`, but the actual next close return was -0.41%. The event type was `supply_contract` with event score 70.00. The disclosure title was `[기재정정]단일판매ㆍ공급계약체결              `.",The current rule set was not sufficient to explain the actual price reaction.,"Add more features such as market index return, trading volume, and sector movement.",slightly_decrease
20260831,060900,에이전트AI,supply_contract,[기재정정]단일판매ㆍ공급계약체결              ,positive,70,5,3,5,0,0.0124,-0.0041,failure,general_prediction_failure,"The prediction direction was `positive`, but the actual next close return was -0.41%. The event type was `supply_contract` with event score 70.00. The disclosure title was `[기재정정]단일판매ㆍ공급계약체결              `.",The current rule set was not sufficient to explain the actual price reaction.,"Add more features such as market index return, trading volume, and sector movement.",slightly_decrease
20260831,060900,에이전트AI,supply_contract,[기재정정]단일판매ㆍ공급계약체결              ,positive,70,5,3,5,0,0.0124,-0.0041,failure,general_prediction_failure,"The prediction direction was `positive`, but the actual next close return was -0.41%. The event type was `supply_contract` with event score 70.00. The disclosure title was `[기재정정]단일판매ㆍ공급계약체결              `.",The current rule set was not sufficient to explain the actual price reaction.,"Add more features such as market index return, trading volume, and sector movement.",slightly_decrease
20260831,060900,에이전트AI,supply_contract,[기재정정]단일판매ㆍ공급계약체결              ,positive,70,5,3,5,0,0.0124,-0.0041,failure,general_prediction_failure,"The prediction direction was `positive`, but the actual next close return was -0.41%. The event type was `supply_contract` with event score 70.00. The disclosure title was `[기재정정]단일판매ㆍ공급계약체결              `.",The current rule set was not sufficient to explain the actual price reaction.,"Add more features such as market index return, trading volume, and sector movement.",slightly_decrease
20260831,060900,에이전트AI,supply_contract,[기재정정]단일판매ㆍ공급계약체결              ,positive,70,5,3,5,0,0.0124,-0.0041,failure,general_prediction_failure,"The prediction direction was `positive`, but the actual next close return was -0.41%. The event type was `supply_contract` with event score 70.00. The disclosure title was `[기재정정]단일판매ㆍ공급계약체결              `.",The current rule set was not sufficient to explain the actual price reaction.,"Add more features such as market index return, trading volume, and sector movement.",slightly_decrease
20260831,060900,에이전트AI,supply_contract,[기재정정]단일판매ㆍ공급계약체결              ,positive,70,5,3,5,0,0.0124,-0.0041,failure,general_prediction_failure,"The prediction direction was `positive`, but the actual next close return was -0.41%. The event type was `supply_contract` with event score 70.00. The disclosure title was `[기재정정]단일판매ㆍ공급계약체결              `.",The current rule set was not sufficient to explain the actual price reaction.,"Add more features such as market index return, trading volume, and sector movement.",slightly_decrease
20260831,060900,에이전트AI,supply_contract,[기재정정]단일판매ㆍ공급계약체결              ,positive,70,5,3,5,0,0.0124,-0.0041,failure,general_prediction_failure,"The prediction direction was `positive`, but the actual next close return was -0.41%. The event type was `supply_contract` with event score 70.00. The disclosure title was `[기재정정]단일판매ㆍ공급계약체결              `.",The current rule set was not sufficient to explain the actual price reaction.,"Add more features such as market index return, trading volume, and sector movement.",slightly_decrease
20260831,060900,에이전트AI,supply_contract,[기재정정]단일판매ㆍ공급계약체결              ,positive,70,5,3,5,0,0.0124,-0.0041,failure,general_prediction_failure,"The prediction direction was `positive`, but the actual next close return was -0.41%. The event type was `supply_contract` with event score 70.00. The disclosure title was `[기재정정]단일판매ㆍ공급계약체결              `.",The current rule set was not sufficient to explain the actual price reaction.,"Add more features such as market index return, trading volume, and sector movement.",slightly_decrease
20260831,095660,네오위즈,merger,합병등종료보고서(합병),volatile,30,5,10,5,0,-0.0099,-0.0006,failure,volatility_overestimated,"The prediction direction was `volatile`, but the actual next close return was -0.06%. The event type was `merger` with event score 30.00. The disclosure title was `합병등종료보고서(합병)`. The event was treated as volatile, but the actual price movement may have been smaller than expected.",Volatile event classification should require stronger attention or stronger historical movement patterns.,Require higher news_attention_score before classifying an event as a strong volatility candidate.,decrease
20260831,380540,옵티코어,convertible_bond,[기재정정]주요사항보고서(자기전환사채만기전취득결정),negative,-60,5,3,5,1,-1.0,0.0,failure,negative_signal_reversed,"The prediction direction was `negative`, but the actual next close return was 0.00%. The event type was `convertible_bond` with event score -60.00. The disclosure title was `[기재정정]주요사항보고서(자기전환사채만기전취득결정)`.",Some negative events can rebound if the market interprets them as already priced in or less severe than expected.,Reduce negative confidence when negative events show positive actual returns repeatedly.,slightly_decrease
20260831,120110,코오롱인더,major_shareholder_change,최대주주등소유주식변동신고서              ,volatile,10,5,7,5,1,-0.005,0.0168,failure,volatility_overestimated,"The prediction direction was `volatile`, but the actual next close return was 1.68%. The event type was `major_shareholder_change` with event score 10.00. The disclosure title was `최대주주등소유주식변동신고서              `. The event was treated as volatile, but the actual price movement may have been smaller than expected.",Volatile event classification should require stronger attention or stronger historical movement patterns.,Require higher news_attention_score before classifying an event as a strong volatility candidate.,decrease
20260831,120110,코오롱인더,major_shareholder_change,최대주주등소유주식변동신고서              ,volatile,10,5,7,5,1,-0.005,0.0168,failure,volatility_overestimated,"The prediction direction was `volatile`, but the actual next close return was 1.68%. The event type was `major_shareholder_change` with event score 10.00. The disclosure title was `최대주주등소유주식변동신고서              `. The event was treated as volatile, but the actual price movement may have been smaller than expected.",Volatile event classification should require stronger attention or stronger historical movement patterns.,Require higher news_attention_score before classifying an event as a strong volatility candidate.,decrease
20260831,012630,HDC,investment_decision,투자판단관련주요경영사항(자회사의 주요경영사항)              ,volatile,30,5,9,5,0,-0.0111,-0.0022,failure,volatility_overestimated,"The prediction direction was `volatile`, but the actual next close return was -0.22%. The event type was `investment_decision` with event score 30.00. The disclosure title was `투자판단관련주요경영사항(자회사의 주요경영사항)              `. The event was treated as volatile, but the actual price movement may have been smaller than expected.",Volatile event classification should require stronger attention or stronger historical movement patterns.,Require higher news_attention_score before classifying an event as a strong volatility candidate.,decrease
20260831,294870,IPARK현대산업개발,investment_decision,투자판단관련주요경영사항              ,volatile,30,5,7,5,0,-0.0107,-0.0043,failure,volatility_overestimated,"The prediction direction was `volatile`, but the actual next close return was -0.43%. The event type was `investment_decision` with event score 30.00. The disclosure title was `투자판단관련주요경영사항              `. The event was treated as volatile, but the actual price movement may have been smaller than expected.",Volatile event classification should require stronger attention or stronger historical movement patterns.,Require higher news_attention_score before classifying an event as a strong volatility candidate.,decrease
20260831,002460,HS화성,investment_decision,투자판단관련주요경영사항              ,volatile,30,5,8,5,1,0.0009,-0.0156,failure,volatility_overestimated,"The prediction direction was `volatile`, but the actual next close return was -1.56%. The event type was `investment_decision` with event score 30.00. The disclosure title was `투자판단관련주요경영사항              `. The event was treated as volatile, but the actual price movement may have been smaller than expected.",Volatile event classification should require stronger attention or stronger historical movement patterns.,Require higher news_attention_score before classifying an event as a strong volatility candidate.,decrease
20260831,002460,HS화성,investment_decision,투자판단관련주요경영사항              ,volatile,30,5,8,5,1,0.0009,-0.0156,failure,volatility_overestimated,"The prediction direction was `volatile`, but the actual next close return was -1.56%. The event type was `investment_decision` with event score 30.00. The disclosure title was `투자판단관련주요경영사항              `. The event was treated as volatile, but the actual price movement may have been smaller than expected.",Volatile event classification should require stronger attention or stronger historical movement patterns.,Require higher news_attention_score before classifying an event as a strong volatility candidate.,decrease
20260831,002460,HS화성,investment_decision,투자판단관련주요경영사항              ,volatile,30,5,8,5,1,0.0009,-0.0156,failure,volatility_overestimated,"The prediction direction was `volatile`, but the actual next close return was -1.56%. The event type was `investment_decision` with event score 30.00. The disclosure title was `투자판단관련주요경영사항              `. The event was treated as volatile, but the actual price movement may have been smaller than expected.",Volatile event classification should require stronger attention or stronger historical movement patterns.,Require higher news_attention_score before classifying an event as a strong volatility candidate.,decrease
20260831,002460,HS화성,investment_decision,투자판단관련주요경영사항              ,volatile,30,5,8,5,1,0.0009,-0.0156,failure,volatility_overestimated,"The prediction direction was `volatile`, but the actual next close return was -1.56%. The event type was `investment_decision` with event score 30.00. The disclosure title was `투자판단관련주요경영사항              `. The event was treated as volatile, but the actual price movement may have been smaller than expected.",Volatile event classification should require stronger attention or stronger historical movement patterns.,Require higher news_attention_score before classifying an event as a strong volatility candidate.,decrease
20260831,010130,고려아연,lawsuit,소송등의판결ㆍ결정              ,negative,-75,5,8,5,0,-0.0031,-0.0219,success,negative_signal_confirmed,"The prediction direction `negative` was consistent with the actual next close return of -2.19%. The event type was `lawsuit`, event score was -75.00, news sentiment score was 8.00, and news attention score was 5.00.",This event pattern can be treated as a useful reference case for future predictions.,Maintain current rule weight for this pattern and use it as a positive reference sample.,increase
20260831,010130,고려아연,lawsuit,소송등의판결ㆍ결정              ,negative,-75,5,8,5,0,-0.0031,-0.0219,success,negative_signal_confirmed,"The prediction direction `negative` was consistent with the actual next close return of -2.19%. The event type was `lawsuit`, event score was -75.00, news sentiment score was 8.00, and news attention score was 5.00.",This event pattern can be treated as a useful reference case for future predictions.,Maintain current rule weight for this pattern and use it as a positive reference sample.,increase
20260831,263600,덕우전자,convertible_bond,전환사채(해외전환사채포함)발행후만기전사채취득              ,negative,-60,5,4,5,3,-0.0245,-0.0014,success,negative_signal_confirmed,"The prediction direction `negative` was consistent with the actual next close return of -0.14%. The event type was `convertible_bond`, event score was -60.00, news sentiment score was 4.00, and news attention score was 5.00.",This event pattern can be treated as a useful reference case for future predictions.,Maintain current rule weight for this pattern and use it as a positive reference sample.,increase
20260831,087260,모바일어플라이언스,lawsuit,소송등의제기ㆍ신청(경영권분쟁소송)              ,negative,-75,5,-2,5,3,-1.0,0.0,failure,negative_signal_reversed,"The prediction direction was `negative`, but the actual next close return was 0.00%. The event type was `lawsuit` with event score -75.00. The disclosure title was `소송등의제기ㆍ신청(경영권분쟁소송)              `. The event had 3 negative keyword signals, which may have reduced market confidence.",Some negative events can rebound if the market interprets them as already priced in or less severe than expected.,Reduce negative confidence when negative events show positive actual returns repeatedly.,slightly_decrease
20260831,071970,HD현대마린엔진,supply_contract,단일판매ㆍ공급계약체결              ,positive,70,5,7,5,0,-0.0077,-0.0096,failure,general_prediction_failure,"The prediction direction was `positive`, but the actual next close return was -0.96%. The event type was `supply_contract` with event score 70.00. The disclosure title was `단일판매ㆍ공급계약체결              `.",The current rule set was not sufficient to explain the actual price reaction.,"Add more features such as market index return, trading volume, and sector movement.",slightly_decrease
20260831,071970,HD현대마린엔진,supply_contract,단일판매ㆍ공급계약체결              ,positive,70,5,7,5,0,-0.0077,-0.0096,failure,general_prediction_failure,"The prediction direction was `positive`, but the actual next close return was -0.96%. The event type was `supply_contract` with event score 70.00. The disclosure title was `단일판매ㆍ공급계약체결              `.",The current rule set was not sufficient to explain the actual price reaction.,"Add more features such as market index return, trading volume, and sector movement.",slightly_decrease
20260831,174900,앱클론,supply_contract,[기재정정]단일판매ㆍ공급계약체결(자율공시)              ,positive,70,5,5,5,1,0.0041,-0.0122,failure,general_prediction_failure,"The prediction direction was `positive`, but the actual next close return was -1.22%. The event type was `supply_contract` with event score 70.00. The disclosure title was `[기재정정]단일판매ㆍ공급계약체결(자율공시)              `.",The current rule set was not sufficient to explain the actual price reaction.,"Add more features such as market index return, trading volume, and sector movement.",slightly_decrease
20260831,451220,아이엠티,bond_with_warrant,신주인수권부사채(해외신주인수권부사채포함)발행후만기전사채취득              (제4회차),negative,-60,5,0,5,3,0.0,-0.0257,success,negative_signal_confirmed,"The prediction direction `negative` was consistent with the actual next close return of -2.57%. The event type was `bond_with_warrant`, event score was -60.00, news sentiment score was 0.00, and news attention score was 5.00.",This event pattern can be treated as a useful reference case for future predictions.,Maintain current rule weight for this pattern and use it as a positive reference sample.,increase
20260831,075180,새론오토모티브,merger,[기재정정]회사합병결정(종속회사의주요경영사항)              ,volatile,30,5,7,5,2,-0.0017,-0.0085,failure,volatility_overestimated,"The prediction direction was `volatile`, but the actual next close return was -0.85%. The event type was `merger` with event score 30.00. The disclosure title was `[기재정정]회사합병결정(종속회사의주요경영사항)              `. The event had 2 negative keyword signals, which may have reduced market confidence. The event was treated as volatile, but the actual price movement may have been smaller than expected.",Volatile event classification should require stronger attention or stronger historical movement patterns.,Require higher news_attention_score before classifying an event as a strong volatility candidate.,decrease
20260831,075180,새론오토모티브,merger,[기재정정]회사합병결정(종속회사의주요경영사항)              ,volatile,30,5,7,5,2,-0.0017,-0.0085,failure,volatility_overestimated,"The prediction direction was `volatile`, but the actual next close return was -0.85%. The event type was `merger` with event score 30.00. The disclosure title was `[기재정정]회사합병결정(종속회사의주요경영사항)              `. The event had 2 negative keyword signals, which may have reduced market confidence. The event was treated as volatile, but the actual price movement may have been smaller than expected.",Volatile event classification should require stronger attention or stronger historical movement patterns.,Require higher news_attention_score before classifying an event as a strong volatility candidate.,decrease
20260831,000050,경방,major_shareholder_change,최대주주등소유주식변동신고서              ,volatile,10,5,2,5,3,-0.0012,-0.0048,failure,volatility_overestimated,"The prediction direction was `volatile`, but the actual next close return was -0.48%. The event type was `major_shareholder_change` with event score 10.00. The disclosure title was `최대주주등소유주식변동신고서              `. The event had 3 negative keyword signals, which may have reduced market confidence. The event was treated as volatile, but the actual price movement may have been smaller than expected.",Volatile event classification should require stronger attention or stronger historical movement patterns.,Require higher news_attention_score before classifying an event as a strong volatility candidate.,decrease
20260831,000050,경방,major_shareholder_change,최대주주등소유주식변동신고서              ,volatile,10,5,2,5,3,-0.0012,-0.0048,failure,volatility_overestimated,"The prediction direction was `volatile`, but the actual next close return was -0.48%. The event type was `major_shareholder_change` with event score 10.00. The disclosure title was `최대주주등소유주식변동신고서              `. The event had 3 negative keyword signals, which may have reduced market confidence. The event was treated as volatile, but the actual price movement may have been smaller than expected.",Volatile event classification should require stronger attention or stronger historical movement patterns.,Require higher news_attention_score before classifying an event as a strong volatility candidate.,decrease
20260831,326030,에스케이바이오팜,major_shareholder_change,최대주주등소유주식변동신고서              ,volatile,10,5,8,5,0,-0.0046,0.0229,success,volatility_signal_confirmed,"The prediction direction `volatile` was consistent with the actual next close return of 2.29%. The event type was `major_shareholder_change`, event score was 10.00, news sentiment score was 8.00, and news attention score was 5.00.",This event pattern can be treated as a useful reference case for future predictions.,Maintain current rule weight for this pattern and use it as a positive reference sample.,increase
20260831,326030,에스케이바이오팜,major_shareholder_change,최대주주등소유주식변동신고서              ,volatile,10,5,8,5,0,-0.0046,0.0229,success,volatility_signal_confirmed,"The prediction direction `volatile` was consistent with the actual next close return of 2.29%. The event type was `major_shareholder_change`, event score was 10.00, news sentiment score was 8.00, and news attention score was 5.00.",This event pattern can be treated as a useful reference case for future predictions.,Maintain current rule weight for this pattern and use it as a positive reference sample.,increase
20260831,326030,에스케이바이오팜,major_shareholder_change,최대주주등소유주식변동신고서              ,volatile,10,5,8,5,0,-0.0046,0.0229,success,volatility_signal_confirmed,"The prediction direction `volatile` was consistent with the actual next close return of 2.29%. The event type was `major_shareholder_change`, event score was 10.00, news sentiment score was 8.00, and news attention score was 5.00.",This event pattern can be treated as a useful reference case for future predictions.,Maintain current rule weight for this pattern and use it as a positive reference sample.,increase
20260831,002460,HS화성,supply_contract,[기재정정]단일판매ㆍ공급계약체결              ,positive,70,5,8,5,1,0.0009,-0.0156,failure,general_prediction_failure,"The prediction direction was `positive`, but the actual next close return was -1.56%. The event type was `supply_contract` with event score 70.00. The disclosure title was `[기재정정]단일판매ㆍ공급계약체결              `.",The current rule set was not sufficient to explain the actual price reaction.,"Add more features such as market index return, trading volume, and sector movement.",slightly_decrease
20260831,002460,HS화성,supply_contract,[기재정정]단일판매ㆍ공급계약체결              ,positive,70,5,8,5,1,0.0009,-0.0156,failure,general_prediction_failure,"The prediction direction was `positive`, but the actual next close return was -1.56%. The event type was `supply_contract` with event score 70.00. The disclosure title was `[기재정정]단일판매ㆍ공급계약체결              `.",The current rule set was not sufficient to explain the actual price reaction.,"Add more features such as market index return, trading volume, and sector movement.",slightly_decrease
20260831,002460,HS화성,supply_contract,[기재정정]단일판매ㆍ공급계약체결              ,positive,70,5,8,5,1,0.0009,-0.0156,failure,general_prediction_failure,"The prediction direction was `positive`, but the actual next close return was -1.56%. The event type was `supply_contract` with event score 70.00. The disclosure title was `[기재정정]단일판매ㆍ공급계약체결              `.",The current rule set was not sufficient to explain the actual price reaction.,"Add more features such as market index return, trading volume, and sector movement.",slightly_decrease
20260831,002460,HS화성,supply_contract,[기재정정]단일판매ㆍ공급계약체결              ,positive,70,5,8,5,1,0.0009,-0.0156,failure,general_prediction_failure,"The prediction direction was `positive`, but the actual next close return was -1.56%. The event type was `supply_contract` with event score 70.00. The disclosure title was `[기재정정]단일판매ㆍ공급계약체결              `.",The current rule set was not sufficient to explain the actual price reaction.,"Add more features such as market index return, trading volume, and sector movement.",slightly_decrease
20260831,000720,현대건설,supply_contract,[기재정정]단일판매ㆍ공급계약체결              ,positive,70,5,2,5,0,-0.0097,-0.026,failure,general_prediction_failure,"The prediction direction was `positive`, but the actual next close return was -2.60%. The event type was `supply_contract` with event score 70.00. The disclosure title was `[기재정정]단일판매ㆍ공급계약체결              `.",The current rule set was not sufficient to explain the actual price reaction.,"Add more features such as market index return, trading volume, and sector movement.",slightly_decrease
20260831,000720,현대건설,supply_contract,[기재정정]단일판매ㆍ공급계약체결              ,positive,70,5,2,5,0,-0.0097,-0.026,failure,general_prediction_failure,"The prediction direction was `positive`, but the actual next close return was -2.60%. The event type was `supply_contract` with event score 70.00. The disclosure title was `[기재정정]단일판매ㆍ공급계약체결              `.",The current rule set was not sufficient to explain the actual price reaction.,"Add more features such as market index return, trading volume, and sector movement.",slightly_decrease
20260831,000720,현대건설,supply_contract,[기재정정]단일판매ㆍ공급계약체결              ,positive,70,5,2,5,0,-0.0097,-0.026,failure,general_prediction_failure,"The prediction direction was `positive`, but the actual next close return was -2.60%. The event type was `supply_contract` with event score 70.00. The disclosure title was `[기재정정]단일판매ㆍ공급계약체결              `.",The current rule set was not sufficient to explain the actual price reaction.,"Add more features such as market index return, trading volume, and sector movement.",slightly_decrease
20260831,000720,현대건설,supply_contract,[기재정정]단일판매ㆍ공급계약체결              ,positive,70,5,2,5,0,-0.0097,-0.026,failure,general_prediction_failure,"The prediction direction was `positive`, but the actual next close return was -2.60%. The event type was `supply_contract` with event score 70.00. The disclosure title was `[기재정정]단일판매ㆍ공급계약체결              `.",The current rule set was not sufficient to explain the actual price reaction.,"Add more features such as market index return, trading volume, and sector movement.",slightly_decrease
20260831,268280,미원에스씨,major_shareholder_change,최대주주등소유주식변동신고서              ,volatile,10,5,3,5,1,-0.0144,-0.0083,failure,volatility_overestimated,"The prediction direction was `volatile`, but the actual next close return was -0.83%. The event type was `major_shareholder_change` with event score 10.00. The disclosure title was `최대주주등소유주식변동신고서              `. The event was treated as volatile, but the actual price movement may have been smaller than expected.",Volatile event classification should require stronger attention or stronger historical movement patterns.,Require higher news_attention_score before classifying an event as a strong volatility candidate.,decrease
20260831,101970,우양에이치씨,supply_contract,단일판매ㆍ공급계약체결              ,positive,70,5,9,5,2,0.0027,-0.0196,failure,positive_signal_with_negative_noise,"The prediction direction was `positive`, but the actual next close return was -1.96%. The event type was `supply_contract` with event score 70.00. The disclosure title was `단일판매ㆍ공급계약체결              `. The event had 2 negative keyword signals, which may have reduced market confidence.",Positive events with multiple negative keywords should receive lower confidence.,Apply a penalty when negative_keyword_count is greater than or equal to two.,decrease
20260831,438700,버넥트,supply_contract,단일판매ㆍ공급계약체결              ,positive,70,5,8,5,1,0.0094,-0.0214,failure,general_prediction_failure,"The prediction direction was `positive`, but the actual next close return was -2.14%. The event type was `supply_contract` with event score 70.00. The disclosure title was `단일판매ㆍ공급계약체결              `.",The current rule set was not sufficient to explain the actual price reaction.,"Add more features such as market index return, trading volume, and sector movement.",slightly_decrease
20260831,448730,삼성FN리츠,paid_in_capital_increase,특수관계인의유상증자참여,negative,-70,5,1,5,2,0.0,-0.0018,success,negative_signal_confirmed,"The prediction direction `negative` was consistent with the actual next close return of -0.18%. The event type was `paid_in_capital_increase`, event score was -70.00, news sentiment score was 1.00, and news attention score was 5.00.",This event pattern can be treated as a useful reference case for future predictions.,Maintain current rule weight for this pattern and use it as a positive reference sample.,increase
20260831,448730,삼성FN리츠,paid_in_capital_increase,특수관계인의유상증자참여,negative,-70,5,1,5,2,0.0,-0.0018,success,negative_signal_confirmed,"The prediction direction `negative` was consistent with the actual next close return of -0.18%. The event type was `paid_in_capital_increase`, event score was -70.00, news sentiment score was 1.00, and news attention score was 5.00.",This event pattern can be treated as a useful reference case for future predictions.,Maintain current rule weight for this pattern and use it as a positive reference sample.,increase
20260831,011370,서한,supply_contract,단일판매ㆍ공급계약체결              ,positive,70,5,2,5,0,0.0268,-0.0396,failure,general_prediction_failure,"The prediction direction was `positive`, but the actual next close return was -3.96%. The event type was `supply_contract` with event score 70.00. The disclosure title was `단일판매ㆍ공급계약체결              `.",The current rule set was not sufficient to explain the actual price reaction.,"Add more features such as market index return, trading volume, and sector movement.",slightly_decrease
20260831,011370,서한,supply_contract,단일판매ㆍ공급계약체결              ,positive,70,5,2,5,0,0.0268,-0.0396,failure,general_prediction_failure,"The prediction direction was `positive`, but the actual next close return was -3.96%. The event type was `supply_contract` with event score 70.00. The disclosure title was `단일판매ㆍ공급계약체결              `.",The current rule set was not sufficient to explain the actual price reaction.,"Add more features such as market index return, trading volume, and sector movement.",slightly_decrease
20260831,004960,한신공영,supply_contract,단일판매ㆍ공급계약체결              ,positive,70,5,7,5,0,-0.005,-0.0274,failure,general_prediction_failure,"The prediction direction was `positive`, but the actual next close return was -2.74%. The event type was `supply_contract` with event score 70.00. The disclosure title was `단일판매ㆍ공급계약체결              `.",The current rule set was not sufficient to explain the actual price reaction.,"Add more features such as market index return, trading volume, and sector movement.",slightly_decrease
20260831,010140,삼성중공업,supply_contract,[기재정정]단일판매ㆍ공급계약체결              ,positive,70,5,4,5,0,-0.0072,-0.0024,failure,general_prediction_failure,"The prediction direction was `positive`, but the actual next close return was -0.24%. The event type was `supply_contract` with event score 70.00. The disclosure title was `[기재정정]단일판매ㆍ공급계약체결              `.",The current rule set was not sufficient to explain the actual price reaction.,"Add more features such as market index return, trading volume, and sector movement.",slightly_decrease
20260831,010140,삼성중공업,supply_contract,[기재정정]단일판매ㆍ공급계약체결              ,positive,70,5,4,5,0,-0.0072,-0.0024,failure,general_prediction_failure,"The prediction direction was `positive`, but the actual next close return was -0.24%. The event type was `supply_contract` with event score 70.00. The disclosure title was `[기재정정]단일판매ㆍ공급계약체결              `.",The current rule set was not sufficient to explain the actual price reaction.,"Add more features such as market index return, trading volume, and sector movement.",slightly_decrease
20260831,010140,삼성중공업,supply_contract,[기재정정]단일판매ㆍ공급계약체결              ,positive,70,5,4,5,0,-0.0072,-0.0024,failure,general_prediction_failure,"The prediction direction was `positive`, but the actual next close return was -0.24%. The event type was `supply_contract` with event score 70.00. The disclosure title was `[기재정정]단일판매ㆍ공급계약체결              `.",The current rule set was not sufficient to explain the actual price reaction.,"Add more features such as market index return, trading volume, and sector movement.",slightly_decrease
20260831,010140,삼성중공업,supply_contract,[기재정정]단일판매ㆍ공급계약체결              ,positive,70,5,4,5,0,-0.0072,-0.0024,failure,general_prediction_failure,"The prediction direction was `positive`, but the actual next close return was -0.24%. The event type was `supply_contract` with event score 70.00. The disclosure title was `[기재정정]단일판매ㆍ공급계약체결              `.",The current rule set was not sufficient to explain the actual price reaction.,"Add more features such as market index return, trading volume, and sector movement.",slightly_decrease
20260831,010140,삼성중공업,supply_contract,[기재정정]단일판매ㆍ공급계약체결              ,positive,70,5,4,5,0,-0.0072,-0.0024,failure,general_prediction_failure,"The prediction direction was `positive`, but the actual next close return was -0.24%. The event type was `supply_contract` with event score 70.00. The disclosure title was `[기재정정]단일판매ㆍ공급계약체결              `.",The current rule set was not sufficient to explain the actual price reaction.,"Add more features such as market index return, trading volume, and sector movement.",slightly_decrease
20260831,010140,삼성중공업,supply_contract,[기재정정]단일판매ㆍ공급계약체결              ,positive,70,5,4,5,0,-0.0072,-0.0024,failure,general_prediction_failure,"The prediction direction was `positive`, but the actual next close return was -0.24%. The event type was `supply_contract` with event score 70.00. The disclosure title was `[기재정정]단일판매ㆍ공급계약체결              `.",The current rule set was not sufficient to explain the actual price reaction.,"Add more features such as market index return, trading volume, and sector movement.",slightly_decrease
20260831,100090,SK오션플랜트,supply_contract,단일판매ㆍ공급계약체결              ,positive,70,5,2,5,1,-0.0326,-0.1022,failure,general_prediction_failure,"The prediction direction was `positive`, but the actual next close return was -10.22%. The event type was `supply_contract` with event score 70.00. The disclosure title was `단일판매ㆍ공급계약체결              `.",The current rule set was not sufficient to explain the actual price reaction.,"Add more features such as market index return, trading volume, and sector movement.",slightly_decrease
20260831,100090,SK오션플랜트,supply_contract,단일판매ㆍ공급계약체결              ,positive,70,5,2,5,1,-0.0326,-0.1022,failure,general_prediction_failure,"The prediction direction was `positive`, but the actual next close return was -10.22%. The event type was `supply_contract` with event score 70.00. The disclosure title was `단일판매ㆍ공급계약체결              `.",The current rule set was not sufficient to explain the actual price reaction.,"Add more features such as market index return, trading volume, and sector movement.",slightly_decrease
20260831,100090,SK오션플랜트,supply_contract,단일판매ㆍ공급계약체결              ,positive,70,5,2,5,1,-0.0326,-0.1022,failure,general_prediction_failure,"The prediction direction was `positive`, but the actual next close return was -10.22%. The event type was `supply_contract` with event score 70.00. The disclosure title was `단일판매ㆍ공급계약체결              `.",The current rule set was not sufficient to explain the actual price reaction.,"Add more features such as market index return, trading volume, and sector movement.",slightly_decrease
20260831,100090,SK오션플랜트,supply_contract,단일판매ㆍ공급계약체결              ,positive,70,5,2,5,1,-0.0326,-0.1022,failure,general_prediction_failure,"The prediction direction was `positive`, but the actual next close return was -10.22%. The event type was `supply_contract` with event score 70.00. The disclosure title was `단일판매ㆍ공급계약체결              `.",The current rule set was not sufficient to explain the actual price reaction.,"Add more features such as market index return, trading volume, and sector movement.",slightly_decrease
20260831,100090,SK오션플랜트,supply_contract,단일판매ㆍ공급계약체결              ,positive,70,5,2,5,1,-0.0326,-0.1022,failure,general_prediction_failure,"The prediction direction was `positive`, but the actual next close return was -10.22%. The event type was `supply_contract` with event score 70.00. The disclosure title was `단일판매ㆍ공급계약체결              `.",The current rule set was not sufficient to explain the actual price reaction.,"Add more features such as market index return, trading volume, and sector movement.",slightly_decrease
20260831,100090,SK오션플랜트,supply_contract,단일판매ㆍ공급계약체결              ,positive,70,5,2,5,1,-0.0326,-0.1022,failure,general_prediction_failure,"The prediction direction was `positive`, but the actual next close return was -10.22%. The event type was `supply_contract` with event score 70.00. The disclosure title was `단일판매ㆍ공급계약체결              `.",The current rule set was not sufficient to explain the actual price reaction.,"Add more features such as market index return, trading volume, and sector movement.",slightly_decrease
20260831,196170,알테오젠,investment_decision,투자판단관련주요경영사항              (ALT-B4 라이선스 계약 파트너사 MSD로부터 판매 마일스톤 수령 예정),volatile,30,5,-6,5,7,-0.013,-0.013,failure,volatility_overestimated,"The prediction direction was `volatile`, but the actual next close return was -1.30%. The event type was `investment_decision` with event score 30.00. The disclosure title was `투자판단관련주요경영사항              (ALT-B4 라이선스 계약 파트너사 MSD로부터 판매 마일스톤 수령 예정)`. The event had 7 negative keyword signals, which may have reduced market confidence. The event was treated as volatile, but the actual price movement may have been smaller than expected.",Volatile event classification should require stronger attention or stronger historical movement patterns.,Require higher news_attention_score before classifying an event as a strong volatility candidate.,decrease
20260831,279600,미디어젠,supply_contract,[기재정정]단일판매ㆍ공급계약체결              ,positive,70,5,0,5,5,0.0013,-0.0102,failure,weak_positive_signal,"The prediction direction was `positive`, but the actual next close return was -1.02%. The event type was `supply_contract` with event score 70.00. The disclosure title was `[기재정정]단일판매ㆍ공급계약체결              `. Although the event direction was positive, news sentiment was weak or neutral. The event had 5 negative keyword signals, which may have reduced market confidence.",Positive event predictions should be treated more conservatively when news sentiment is weak.,Decrease confidence for positive events when news_sentiment_score is less than or equal to zero.,decrease
20260831,060370,LS마린솔루션,supply_contract,[기재정정]단일판매ㆍ공급계약체결              ,positive,70,5,5,5,3,-0.0136,-0.0318,failure,positive_signal_with_negative_noise,"The prediction direction was `positive`, but the actual next close return was -3.18%. The event type was `supply_contract` with event score 70.00. The disclosure title was `[기재정정]단일판매ㆍ공급계약체결              `. The event had 3 negative keyword signals, which may have reduced market confidence.",Positive events with multiple negative keywords should receive lower confidence.,Apply a penalty when negative_keyword_count is greater than or equal to two.,decrease
20260831,060370,LS마린솔루션,supply_contract,[기재정정]단일판매ㆍ공급계약체결              ,positive,70,5,5,5,3,-0.0136,-0.0318,failure,positive_signal_with_negative_noise,"The prediction direction was `positive`, but the actual next close return was -3.18%. The event type was `supply_contract` with event score 70.00. The disclosure title was `[기재정정]단일판매ㆍ공급계약체결              `. The event had 3 negative keyword signals, which may have reduced market confidence.",Positive events with multiple negative keywords should receive lower confidence.,Apply a penalty when negative_keyword_count is greater than or equal to two.,decrease
20260831,010780,아이에스동서,supply_contract,[기재정정]단일판매ㆍ공급계약체결              ,positive,70,5,2,5,2,0.0093,-0.0137,failure,positive_signal_with_negative_noise,"The prediction direction was `positive`, but the actual next close return was -1.37%. The event type was `supply_contract` with event score 70.00. The disclosure title was `[기재정정]단일판매ㆍ공급계약체결              `. The event had 2 negative keyword signals, which may have reduced market confidence.",Positive events with multiple negative keywords should receive lower confidence.,Apply a penalty when negative_keyword_count is greater than or equal to two.,decrease
20260831,480370,씨케이솔루션,supply_contract,[기재정정]단일판매ㆍ공급계약체결              ,positive,70,5,13,5,1,-0.0239,-0.0232,failure,general_prediction_failure,"The prediction direction was `positive`, but the actual next close return was -2.32%. The event type was `supply_contract` with event score 70.00. The disclosure title was `[기재정정]단일판매ㆍ공급계약체결              `.",The current rule set was not sufficient to explain the actual price reaction.,"Add more features such as market index return, trading volume, and sector movement.",slightly_decrease
20260831,012450,한화에어로스페이스,supply_contract,단일판매ㆍ공급계약체결              ,positive,70,5,5,5,2,0.0082,-0.0336,failure,positive_signal_with_negative_noise,"The prediction direction was `positive`, but the actual next close return was -3.36%. The event type was `supply_contract` with event score 70.00. The disclosure title was `단일판매ㆍ공급계약체결              `. The event had 2 negative keyword signals, which may have reduced market confidence.",Positive events with multiple negative keywords should receive lower confidence.,Apply a penalty when negative_keyword_count is greater than or equal to two.,decrease
20260831,012450,한화에어로스페이스,supply_contract,단일판매ㆍ공급계약체결              ,positive,70,5,5,5,2,0.0082,-0.0336,failure,positive_signal_with_negative_noise,"The prediction direction was `positive`, but the actual next close return was -3.36%. The event type was `supply_contract` with event score 70.00. The disclosure title was `단일판매ㆍ공급계약체결              `. The event had 2 negative keyword signals, which may have reduced market confidence.",Positive events with multiple negative keywords should receive lower confidence.,Apply a penalty when negative_keyword_count is greater than or equal to two.,decrease
20260831,026150,특수건설,convertible_bond,전환사채(해외전환사채포함)발행후만기전사채취득              ,negative,-60,5,0,5,2,0.0,-0.0179,success,negative_signal_confirmed,"The prediction direction `negative` was consistent with the actual next close return of -1.79%. The event type was `convertible_bond`, event score was -60.00, news sentiment score was 0.00, and news attention score was 5.00.",This event pattern can be treated as a useful reference case for future predictions.,Maintain current rule weight for this pattern and use it as a positive reference sample.,increase
20260831,474650,링크솔루션,supply_contract,단일판매ㆍ공급계약체결              ,positive,70,5,1,5,1,-0.008,-0.0381,failure,general_prediction_failure,"The prediction direction was `positive`, but the actual next close return was -3.81%. The event type was `supply_contract` with event score 70.00. The disclosure title was `단일판매ㆍ공급계약체결              `.",The current rule set was not sufficient to explain the actual price reaction.,"Add more features such as market index return, trading volume, and sector movement.",slightly_decrease
20260831,007610,선도전기,supply_contract,[기재정정]단일판매ㆍ공급계약체결              ,positive,70,5,3,5,2,0.0012,-0.0111,failure,positive_signal_with_negative_noise,"The prediction direction was `positive`, but the actual next close return was -1.11%. The event type was `supply_contract` with event score 70.00. The disclosure title was `[기재정정]단일판매ㆍ공급계약체결              `. The event had 2 negative keyword signals, which may have reduced market confidence.",Positive events with multiple negative keywords should receive lower confidence.,Apply a penalty when negative_keyword_count is greater than or equal to two.,decrease
20260831,273060,와이즈버즈,convertible_bond,전환사채(해외전환사채포함)발행후만기전사채취득              ,negative,-60,5,2,5,2,-1.0,0.0,failure,negative_signal_reversed,"The prediction direction was `negative`, but the actual next close return was 0.00%. The event type was `convertible_bond` with event score -60.00. The disclosure title was `전환사채(해외전환사채포함)발행후만기전사채취득              `. The event had 2 negative keyword signals, which may have reduced market confidence.",Some negative events can rebound if the market interprets them as already priced in or less severe than expected.,Reduce negative confidence when negative events show positive actual returns repeatedly.,slightly_decrease
20260831,273060,와이즈버즈,convertible_bond,전환사채(해외전환사채포함)발행후만기전사채취득              ,negative,-60,5,2,5,2,-1.0,0.0,failure,negative_signal_reversed,"The prediction direction was `negative`, but the actual next close return was 0.00%. The event type was `convertible_bond` with event score -60.00. The disclosure title was `전환사채(해외전환사채포함)발행후만기전사채취득              `. The event had 2 negative keyword signals, which may have reduced market confidence.",Some negative events can rebound if the market interprets them as already priced in or less severe than expected.,Reduce negative confidence when negative events show positive actual returns repeatedly.,slightly_decrease
20260831,011090,에넥스,major_shareholder_change,최대주주등소유주식변동신고서              ,volatile,10,5,-4,5,5,-1.0,0.0,failure,volatility_overestimated,"The prediction direction was `volatile`, but the actual next close return was 0.00%. The event type was `major_shareholder_change` with event score 10.00. The disclosure title was `최대주주등소유주식변동신고서              `. The event had 5 negative keyword signals, which may have reduced market confidence. The event was treated as volatile, but the actual price movement may have been smaller than expected.",Volatile event classification should require stronger attention or stronger historical movement patterns.,Require higher news_attention_score before classifying an event as a strong volatility candidate.,decrease
20260831,011090,에넥스,major_shareholder_change,최대주주등소유주식변동신고서              ,volatile,10,5,-4,5,5,-1.0,0.0,failure,volatility_overestimated,"The prediction direction was `volatile`, but the actual next close return was 0.00%. The event type was `major_shareholder_change` with event score 10.00. The disclosure title was `최대주주등소유주식변동신고서              `. The event had 5 negative keyword signals, which may have reduced market confidence. The event was treated as volatile, but the actual price movement may have been smaller than expected.",Volatile event classification should require stronger attention or stronger historical movement patterns.,Require higher news_attention_score before classifying an event as a strong volatility candidate.,decrease
20260831,011090,에넥스,major_shareholder_change,최대주주등소유주식변동신고서              ,volatile,10,5,-4,5,5,-1.0,0.0,failure,volatility_overestimated,"The prediction direction was `volatile`, but the actual next close return was 0.00%. The event type was `major_shareholder_change` with event score 10.00. The disclosure title was `최대주주등소유주식변동신고서              `. The event had 5 negative keyword signals, which may have reduced market confidence. The event was treated as volatile, but the actual price movement may have been smaller than expected.",Volatile event classification should require stronger attention or stronger historical movement patterns.,Require higher news_attention_score before classifying an event as a strong volatility candidate.,decrease
20260831,001260,남광토건,supply_contract,[기재정정]단일판매ㆍ공급계약체결              ,positive,70,5,2,5,3,0.0,-0.0026,failure,positive_signal_with_negative_noise,"The prediction direction was `positive`, but the actual next close return was -0.26%. The event type was `supply_contract` with event score 70.00. The disclosure title was `[기재정정]단일판매ㆍ공급계약체결              `. The event had 3 negative keyword signals, which may have reduced market confidence.",Positive events with multiple negative keywords should receive lower confidence.,Apply a penalty when negative_keyword_count is greater than or equal to two.,decrease
20260831,001260,남광토건,supply_contract,[기재정정]단일판매ㆍ공급계약체결              ,positive,70,5,2,5,3,0.0,-0.0026,failure,positive_signal_with_negative_noise,"The prediction direction was `positive`, but the actual next close return was -0.26%. The event type was `supply_contract` with event score 70.00. The disclosure title was `[기재정정]단일판매ㆍ공급계약체결              `. The event had 3 negative keyword signals, which may have reduced market confidence.",Positive events with multiple negative keywords should receive lower confidence.,Apply a penalty when negative_keyword_count is greater than or equal to two.,decrease
20260831,210980,SK디앤디,paid_in_capital_increase,[기재정정]주요사항보고서(유상증자결정),negative,-70,5,-3,5,5,0.0747,0.258,failure,negative_signal_reversed,"The prediction direction was `negative`, but the actual next close return was 25.80%. The event type was `paid_in_capital_increase` with event score -70.00. The disclosure title was `[기재정정]주요사항보고서(유상증자결정)`. The event had 5 negative keyword signals, which may have reduced market confidence.",Some negative events can rebound if the market interprets them as already priced in or less severe than expected.,Reduce negative confidence when negative events show positive actual returns repeatedly.,slightly_decrease
20260831,210980,SK디앤디,paid_in_capital_increase,[기재정정]주요사항보고서(유상증자결정),negative,-70,5,-3,5,5,0.0747,0.258,failure,negative_signal_reversed,"The prediction direction was `negative`, but the actual next close return was 25.80%. The event type was `paid_in_capital_increase` with event score -70.00. The disclosure title was `[기재정정]주요사항보고서(유상증자결정)`. The event had 5 negative keyword signals, which may have reduced market confidence.",Some negative events can rebound if the market interprets them as already priced in or less severe than expected.,Reduce negative confidence when negative events show positive actual returns repeatedly.,slightly_decrease
20260831,210980,SK디앤디,paid_in_capital_increase,[기재정정]주요사항보고서(유상증자결정),negative,-70,5,-3,5,5,0.0747,0.258,failure,negative_signal_reversed,"The prediction direction was `negative`, but the actual next close return was 25.80%. The event type was `paid_in_capital_increase` with event score -70.00. The disclosure title was `[기재정정]주요사항보고서(유상증자결정)`. The event had 5 negative keyword signals, which may have reduced market confidence.",Some negative events can rebound if the market interprets them as already priced in or less severe than expected.,Reduce negative confidence when negative events show positive actual returns repeatedly.,slightly_decrease
20260831,210980,SK디앤디,paid_in_capital_increase,[기재정정]주요사항보고서(유상증자결정),negative,-70,5,-3,5,5,0.0747,0.258,failure,negative_signal_reversed,"The prediction direction was `negative`, but the actual next close return was 25.80%. The event type was `paid_in_capital_increase` with event score -70.00. The disclosure title was `[기재정정]주요사항보고서(유상증자결정)`. The event had 5 negative keyword signals, which may have reduced market confidence.",Some negative events can rebound if the market interprets them as already priced in or less severe than expected.,Reduce negative confidence when negative events show positive actual returns repeatedly.,slightly_decrease
20260831,210980,SK디앤디,paid_in_capital_increase,[기재정정]주요사항보고서(유상증자결정),negative,-70,5,-3,5,5,0.0747,0.258,failure,negative_signal_reversed,"The prediction direction was `negative`, but the actual next close return was 25.80%. The event type was `paid_in_capital_increase` with event score -70.00. The disclosure title was `[기재정정]주요사항보고서(유상증자결정)`. The event had 5 negative keyword signals, which may have reduced market confidence.",Some negative events can rebound if the market interprets them as already priced in or less severe than expected.,Reduce negative confidence when negative events show positive actual returns repeatedly.,slightly_decrease
20260831,210980,SK디앤디,paid_in_capital_increase,[기재정정]주요사항보고서(유상증자결정),negative,-70,5,-3,5,5,0.0747,0.258,failure,negative_signal_reversed,"The prediction direction was `negative`, but the actual next close return was 25.80%. The event type was `paid_in_capital_increase` with event score -70.00. The disclosure title was `[기재정정]주요사항보고서(유상증자결정)`. The event had 5 negative keyword signals, which may have reduced market confidence.",Some negative events can rebound if the market interprets them as already priced in or less severe than expected.,Reduce negative confidence when negative events show positive actual returns repeatedly.,slightly_decrease
20260831,210980,SK디앤디,paid_in_capital_increase,[기재정정]주요사항보고서(유상증자결정),negative,-70,5,-3,5,5,0.0747,0.258,failure,negative_signal_reversed,"The prediction direction was `negative`, but the actual next close return was 25.80%. The event type was `paid_in_capital_increase` with event score -70.00. The disclosure title was `[기재정정]주요사항보고서(유상증자결정)`. The event had 5 negative keyword signals, which may have reduced market confidence.",Some negative events can rebound if the market interprets them as already priced in or less severe than expected.,Reduce negative confidence when negative events show positive actual returns repeatedly.,slightly_decrease
20260831,210980,SK디앤디,paid_in_capital_increase,[기재정정]주요사항보고서(유상증자결정),negative,-70,5,-3,5,5,0.0747,0.258,failure,negative_signal_reversed,"The prediction direction was `negative`, but the actual next close return was 25.80%. The event type was `paid_in_capital_increase` with event score -70.00. The disclosure title was `[기재정정]주요사항보고서(유상증자결정)`. The event had 5 negative keyword signals, which may have reduced market confidence.",Some negative events can rebound if the market interprets them as already priced in or less severe than expected.,Reduce negative confidence when negative events show positive actual returns repeatedly.,slightly_decrease
20260831,006340,대원전선,major_shareholder_change,최대주주등소유주식변동신고서              ,volatile,10,5,0,5,2,0.0,-0.0154,failure,volatility_overestimated,"The prediction direction was `volatile`, but the actual next close return was -1.54%. The event type was `major_shareholder_change` with event score 10.00. The disclosure title was `최대주주등소유주식변동신고서              `. The event had 2 negative keyword signals, which may have reduced market confidence. The event was treated as volatile, but the actual price movement may have been smaller than expected.",Volatile event classification should require stronger attention or stronger historical movement patterns.,Require higher news_attention_score before classifying an event as a strong volatility candidate.,decrease
20260831,006340,대원전선,major_shareholder_change,최대주주등소유주식변동신고서              ,volatile,10,5,0,5,2,0.0,-0.0154,failure,volatility_overestimated,"The prediction direction was `volatile`, but the actual next close return was -1.54%. The event type was `major_shareholder_change` with event score 10.00. The disclosure title was `최대주주등소유주식변동신고서              `. The event had 2 negative keyword signals, which may have reduced market confidence. The event was treated as volatile, but the actual price movement may have been smaller than expected.",Volatile event classification should require stronger attention or stronger historical movement patterns.,Require higher news_attention_score before classifying an event as a strong volatility candidate.,decrease
20260831,010140,삼성중공업,supply_contract,단일판매ㆍ공급계약체결              ,positive,70,5,4,5,0,-0.0072,-0.0024,failure,general_prediction_failure,"The prediction direction was `positive`, but the actual next close return was -0.24%. The event type was `supply_contract` with event score 70.00. The disclosure title was `단일판매ㆍ공급계약체결              `.",The current rule set was not sufficient to explain the actual price reaction.,"Add more features such as market index return, trading volume, and sector movement.",slightly_decrease
20260831,010140,삼성중공업,supply_contract,단일판매ㆍ공급계약체결              ,positive,70,5,4,5,0,-0.0072,-0.0024,failure,general_prediction_failure,"The prediction direction was `positive`, but the actual next close return was -0.24%. The event type was `supply_contract` with event score 70.00. The disclosure title was `단일판매ㆍ공급계약체결              `.",The current rule set was not sufficient to explain the actual price reaction.,"Add more features such as market index return, trading volume, and sector movement.",slightly_decrease
20260831,010140,삼성중공업,supply_contract,단일판매ㆍ공급계약체결              ,positive,70,5,4,5,0,-0.0072,-0.0024,failure,general_prediction_failure,"The prediction direction was `positive`, but the actual next close return was -0.24%. The event type was `supply_contract` with event score 70.00. The disclosure title was `단일판매ㆍ공급계약체결              `.",The current rule set was not sufficient to explain the actual price reaction.,"Add more features such as market index return, trading volume, and sector movement.",slightly_decrease
20260831,010140,삼성중공업,supply_contract,단일판매ㆍ공급계약체결              ,positive,70,5,4,5,0,-0.0072,-0.0024,failure,general_prediction_failure,"The prediction direction was `positive`, but the actual next close return was -0.24%. The event type was `supply_contract` with event score 70.00. The disclosure title was `단일판매ㆍ공급계약체결              `.",The current rule set was not sufficient to explain the actual price reaction.,"Add more features such as market index return, trading volume, and sector movement.",slightly_decrease
20260831,010140,삼성중공업,supply_contract,단일판매ㆍ공급계약체결              ,positive,70,5,4,5,0,-0.0072,-0.0024,failure,general_prediction_failure,"The prediction direction was `positive`, but the actual next close return was -0.24%. The event type was `supply_contract` with event score 70.00. The disclosure title was `단일판매ㆍ공급계약체결              `.",The current rule set was not sufficient to explain the actual price reaction.,"Add more features such as market index return, trading volume, and sector movement.",slightly_decrease
20260831,010140,삼성중공업,supply_contract,단일판매ㆍ공급계약체결              ,positive,70,5,4,5,0,-0.0072,-0.0024,failure,general_prediction_failure,"The prediction direction was `positive`, but the actual next close return was -0.24%. The event type was `supply_contract` with event score 70.00. The disclosure title was `단일판매ㆍ공급계약체결              `.",The current rule set was not sufficient to explain the actual price reaction.,"Add more features such as market index return, trading volume, and sector movement.",slightly_decrease
20260831,210980,SK디앤디,paid_in_capital_increase,유상증자신주발행가액(안내공시)              ,negative,-70,5,-3,5,5,0.0747,0.258,failure,negative_signal_reversed,"The prediction direction was `negative`, but the actual next close return was 25.80%. The event type was `paid_in_capital_increase` with event score -70.00. The disclosure title was `유상증자신주발행가액(안내공시)              `. The event had 5 negative keyword signals, which may have reduced market confidence.",Some negative events can rebound if the market interprets them as already priced in or less severe than expected.,Reduce negative confidence when negative events show positive actual returns repeatedly.,slightly_decrease
20260831,210980,SK디앤디,paid_in_capital_increase,유상증자신주발행가액(안내공시)              ,negative,-70,5,-3,5,5,0.0747,0.258,failure,negative_signal_reversed,"The prediction direction was `negative`, but the actual next close return was 25.80%. The event type was `paid_in_capital_increase` with event score -70.00. The disclosure title was `유상증자신주발행가액(안내공시)              `. The event had 5 negative keyword signals, which may have reduced market confidence.",Some negative events can rebound if the market interprets them as already priced in or less severe than expected.,Reduce negative confidence when negative events show positive actual returns repeatedly.,slightly_decrease
20260831,210980,SK디앤디,paid_in_capital_increase,유상증자신주발행가액(안내공시)              ,negative,-70,5,-3,5,5,0.0747,0.258,failure,negative_signal_reversed,"The prediction direction was `negative`, but the actual next close return was 25.80%. The event type was `paid_in_capital_increase` with event score -70.00. The disclosure title was `유상증자신주발행가액(안내공시)              `. The event had 5 negative keyword signals, which may have reduced market confidence.",Some negative events can rebound if the market interprets them as already priced in or less severe than expected.,Reduce negative confidence when negative events show positive actual returns repeatedly.,slightly_decrease
20260831,210980,SK디앤디,paid_in_capital_increase,유상증자신주발행가액(안내공시)              ,negative,-70,5,-3,5,5,0.0747,0.258,failure,negative_signal_reversed,"The prediction direction was `negative`, but the actual next close return was 25.80%. The event type was `paid_in_capital_increase` with event score -70.00. The disclosure title was `유상증자신주발행가액(안내공시)              `. The event had 5 negative keyword signals, which may have reduced market confidence.",Some negative events can rebound if the market interprets them as already priced in or less severe than expected.,Reduce negative confidence when negative events show positive actual returns repeatedly.,slightly_decrease
20260831,210980,SK디앤디,paid_in_capital_increase,유상증자신주발행가액(안내공시)              ,negative,-70,5,-3,5,5,0.0747,0.258,failure,negative_signal_reversed,"The prediction direction was `negative`, but the actual next close return was 25.80%. The event type was `paid_in_capital_increase` with event score -70.00. The disclosure title was `유상증자신주발행가액(안내공시)              `. The event had 5 negative keyword signals, which may have reduced market confidence.",Some negative events can rebound if the market interprets them as already priced in or less severe than expected.,Reduce negative confidence when negative events show positive actual returns repeatedly.,slightly_decrease
20260831,210980,SK디앤디,paid_in_capital_increase,유상증자신주발행가액(안내공시)              ,negative,-70,5,-3,5,5,0.0747,0.258,failure,negative_signal_reversed,"The prediction direction was `negative`, but the actual next close return was 25.80%. The event type was `paid_in_capital_increase` with event score -70.00. The disclosure title was `유상증자신주발행가액(안내공시)              `. The event had 5 negative keyword signals, which may have reduced market confidence.",Some negative events can rebound if the market interprets them as already priced in or less severe than expected.,Reduce negative confidence when negative events show positive actual returns repeatedly.,slightly_decrease
20260831,210980,SK디앤디,paid_in_capital_increase,유상증자신주발행가액(안내공시)              ,negative,-70,5,-3,5,5,0.0747,0.258,failure,negative_signal_reversed,"The prediction direction was `negative`, but the actual next close return was 25.80%. The event type was `paid_in_capital_increase` with event score -70.00. The disclosure title was `유상증자신주발행가액(안내공시)              `. The event had 5 negative keyword signals, which may have reduced market confidence.",Some negative events can rebound if the market interprets them as already priced in or less severe than expected.,Reduce negative confidence when negative events show positive actual returns repeatedly.,slightly_decrease
20260831,210980,SK디앤디,paid_in_capital_increase,유상증자신주발행가액(안내공시)              ,negative,-70,5,-3,5,5,0.0747,0.258,failure,negative_signal_reversed,"The prediction direction was `negative`, but the actual next close return was 25.80%. The event type was `paid_in_capital_increase` with event score -70.00. The disclosure title was `유상증자신주발행가액(안내공시)              `. The event had 5 negative keyword signals, which may have reduced market confidence.",Some negative events can rebound if the market interprets them as already priced in or less severe than expected.,Reduce negative confidence when negative events show positive actual returns repeatedly.,slightly_decrease
