event_date,stock_code,corp_name,event_type,report_nm,prediction_direction,event_score,news_count,news_sentiment_score,news_attention_score,negative_keyword_count,next_open_return,next_close_return,prediction_result,error_category,detailed_error_reason,learning_point,next_rule_adjustment,confidence_adjustment
20260911,002990,금호건설,supply_contract,[기재정정]단일판매ㆍ공급계약체결              ,positive,70,5,3,5,2,0.0,-0.0231,failure,positive_signal_with_negative_noise,"The prediction direction was `positive`, but the actual next close return was -2.31%. The event type was `supply_contract` with event score 70.00. The disclosure title was `[기재정정]단일판매ㆍ공급계약체결              `. The event had 2 negative keyword signals, which may have reduced market confidence.",Positive events with multiple negative keywords should receive lower confidence.,Apply a penalty when negative_keyword_count is greater than or equal to two.,decrease
20260911,256940,킵스파마,investment_decision,투자판단관련주요경영사항(임상시험계획승인신청등결정)              (Idtrexed(CT900) 기반 항암 치료제의 제2상 임상시험계획(IND) 승인),volatile,30,5,7,5,0,0.055,0.0142,failure,volatility_overestimated,"The prediction direction was `volatile`, but the actual next close return was 1.42%. The event type was `investment_decision` with event score 30.00. The disclosure title was `투자판단관련주요경영사항(임상시험계획승인신청등결정)              (Idtrexed(CT900) 기반 항암 치료제의 제2상 임상시험계획(IND) 승인)`. The event was treated as volatile, but the actual price movement may have been smaller than expected.",Volatile event classification should require stronger attention or stronger historical movement patterns.,Require higher news_attention_score before classifying an event as a strong volatility candidate.,decrease
20260911,351320,넥사다이내믹스,disclosure_violation,불성실공시법인지정예고              (공시변경),negative,-80,5,-3,5,6,-0.0087,-0.0162,success,negative_signal_confirmed,"The prediction direction `negative` was consistent with the actual next close return of -1.62%. The event type was `disclosure_violation`, event score was -80.00, news sentiment score was -3.00, and news attention score was 5.00.",This event pattern can be treated as a useful reference case for future predictions.,Maintain current rule weight for this pattern and use it as a positive reference sample.,increase
20260911,351320,넥사다이내믹스,disclosure_violation,불성실공시법인지정예고              (공시변경),negative,-80,5,-3,5,6,-0.0087,-0.0162,success,negative_signal_confirmed,"The prediction direction `negative` was consistent with the actual next close return of -1.62%. The event type was `disclosure_violation`, event score was -80.00, news sentiment score was -3.00, and news attention score was 5.00.",This event pattern can be treated as a useful reference case for future predictions.,Maintain current rule weight for this pattern and use it as a positive reference sample.,increase
20260911,351320,넥사다이내믹스,disclosure_violation,불성실공시법인지정예고              (공시변경),negative,-80,5,-3,5,6,-0.0087,-0.0162,success,negative_signal_confirmed,"The prediction direction `negative` was consistent with the actual next close return of -1.62%. The event type was `disclosure_violation`, event score was -80.00, news sentiment score was -3.00, and news attention score was 5.00.",This event pattern can be treated as a useful reference case for future predictions.,Maintain current rule weight for this pattern and use it as a positive reference sample.,increase
20260911,351320,넥사다이내믹스,disclosure_violation,불성실공시법인지정예고              (공시변경),negative,-80,5,-3,5,6,-0.0087,-0.0162,success,negative_signal_confirmed,"The prediction direction `negative` was consistent with the actual next close return of -1.62%. The event type was `disclosure_violation`, event score was -80.00, news sentiment score was -3.00, and news attention score was 5.00.",This event pattern can be treated as a useful reference case for future predictions.,Maintain current rule weight for this pattern and use it as a positive reference sample.,increase
20260911,351320,넥사다이내믹스,disclosure_violation,불성실공시법인지정예고              (공시변경),negative,-80,5,-3,5,6,-0.0087,-0.0162,success,negative_signal_confirmed,"The prediction direction `negative` was consistent with the actual next close return of -1.62%. The event type was `disclosure_violation`, event score was -80.00, news sentiment score was -3.00, and news attention score was 5.00.",This event pattern can be treated as a useful reference case for future predictions.,Maintain current rule weight for this pattern and use it as a positive reference sample.,increase
20260911,351320,넥사다이내믹스,disclosure_violation,불성실공시법인지정예고              (공시변경),negative,-80,5,-3,5,6,-0.0087,-0.0162,success,negative_signal_confirmed,"The prediction direction `negative` was consistent with the actual next close return of -1.62%. The event type was `disclosure_violation`, event score was -80.00, news sentiment score was -3.00, and news attention score was 5.00.",This event pattern can be treated as a useful reference case for future predictions.,Maintain current rule weight for this pattern and use it as a positive reference sample.,increase
20260911,351320,넥사다이내믹스,disclosure_violation,불성실공시법인지정예고              (공시변경),negative,-80,5,-3,5,6,-0.0087,-0.0162,success,negative_signal_confirmed,"The prediction direction `negative` was consistent with the actual next close return of -1.62%. The event type was `disclosure_violation`, event score was -80.00, news sentiment score was -3.00, and news attention score was 5.00.",This event pattern can be treated as a useful reference case for future predictions.,Maintain current rule weight for this pattern and use it as a positive reference sample.,increase
20260911,351320,넥사다이내믹스,disclosure_violation,불성실공시법인지정예고              (공시변경),negative,-80,5,-3,5,6,-0.0087,-0.0162,success,negative_signal_confirmed,"The prediction direction `negative` was consistent with the actual next close return of -1.62%. The event type was `disclosure_violation`, event score was -80.00, news sentiment score was -3.00, and news attention score was 5.00.",This event pattern can be treated as a useful reference case for future predictions.,Maintain current rule weight for this pattern and use it as a positive reference sample.,increase
20260911,203400,에이비온,disclosure_violation,불성실공시법인지정예고              (공시불이행),negative,-80,5,-1,5,2,-1.0,0.0,failure,negative_signal_reversed,"The prediction direction was `negative`, but the actual next close return was 0.00%. The event type was `disclosure_violation` with event score -80.00. The disclosure title was `불성실공시법인지정예고              (공시불이행)`. The event had 2 negative keyword signals, which may have reduced market confidence.",Some negative events can rebound if the market interprets them as already priced in or less severe than expected.,Reduce negative confidence when negative events show positive actual returns repeatedly.,slightly_decrease
20260911,101000,KS인더스트리,paid_in_capital_increase,주요사항보고서(유상증자결정),negative,-70,5,-4,5,4,0.2997,0.299,failure,negative_signal_reversed,"The prediction direction was `negative`, but the actual next close return was 29.90%. The event type was `paid_in_capital_increase` with event score -70.00. The disclosure title was `주요사항보고서(유상증자결정)`. The event had 4 negative keyword signals, which may have reduced market confidence.",Some negative events can rebound if the market interprets them as already priced in or less severe than expected.,Reduce negative confidence when negative events show positive actual returns repeatedly.,slightly_decrease
20260911,183490,엔지켐생명과학,lawsuit,소송등의제기ㆍ신청(경영권분쟁소송)              (직무집행정지가처분),negative,-75,5,-3,5,3,-1.0,0.0,failure,negative_signal_reversed,"The prediction direction was `negative`, but the actual next close return was 0.00%. The event type was `lawsuit` with event score -75.00. The disclosure title was `소송등의제기ㆍ신청(경영권분쟁소송)              (직무집행정지가처분)`. The event had 3 negative keyword signals, which may have reduced market confidence.",Some negative events can rebound if the market interprets them as already priced in or less severe than expected.,Reduce negative confidence when negative events show positive actual returns repeatedly.,slightly_decrease
20260911,288980,모아데이타,convertible_bond,[기재정정]주요사항보고서(자기전환사채만기전취득결정),negative,-60,5,-5,5,7,-0.0246,0.0176,failure,negative_signal_reversed,"The prediction direction was `negative`, but the actual next close return was 1.76%. The event type was `convertible_bond` with event score -60.00. The disclosure title was `[기재정정]주요사항보고서(자기전환사채만기전취득결정)`. The event had 7 negative keyword signals, which may have reduced market confidence.",Some negative events can rebound if the market interprets them as already priced in or less severe than expected.,Reduce negative confidence when negative events show positive actual returns repeatedly.,slightly_decrease
20260911,210120,캔버스엔,disclosure_violation,불성실공시법인지정예고              (공시변경 3건),negative,-80,5,-1,5,5,0.0006,0.0585,failure,negative_signal_reversed,"The prediction direction was `negative`, but the actual next close return was 5.85%. The event type was `disclosure_violation` with event score -80.00. The disclosure title was `불성실공시법인지정예고              (공시변경 3건)`. The event had 5 negative keyword signals, which may have reduced market confidence.",Some negative events can rebound if the market interprets them as already priced in or less severe than expected.,Reduce negative confidence when negative events show positive actual returns repeatedly.,slightly_decrease
20260911,210120,캔버스엔,disclosure_violation,불성실공시법인지정예고              (공시변경 3건),negative,-80,5,-1,5,5,0.0006,0.0585,failure,negative_signal_reversed,"The prediction direction was `negative`, but the actual next close return was 5.85%. The event type was `disclosure_violation` with event score -80.00. The disclosure title was `불성실공시법인지정예고              (공시변경 3건)`. The event had 5 negative keyword signals, which may have reduced market confidence.",Some negative events can rebound if the market interprets them as already priced in or less severe than expected.,Reduce negative confidence when negative events show positive actual returns repeatedly.,slightly_decrease
20260911,210120,캔버스엔,disclosure_violation,불성실공시법인지정예고              (공시변경 3건),negative,-80,5,-1,5,5,0.0006,0.0585,failure,negative_signal_reversed,"The prediction direction was `negative`, but the actual next close return was 5.85%. The event type was `disclosure_violation` with event score -80.00. The disclosure title was `불성실공시법인지정예고              (공시변경 3건)`. The event had 5 negative keyword signals, which may have reduced market confidence.",Some negative events can rebound if the market interprets them as already priced in or less severe than expected.,Reduce negative confidence when negative events show positive actual returns repeatedly.,slightly_decrease
20260911,210120,캔버스엔,disclosure_violation,불성실공시법인지정예고              (공시변경 3건),negative,-80,5,-1,5,5,0.0006,0.0585,failure,negative_signal_reversed,"The prediction direction was `negative`, but the actual next close return was 5.85%. The event type was `disclosure_violation` with event score -80.00. The disclosure title was `불성실공시법인지정예고              (공시변경 3건)`. The event had 5 negative keyword signals, which may have reduced market confidence.",Some negative events can rebound if the market interprets them as already priced in or less severe than expected.,Reduce negative confidence when negative events show positive actual returns repeatedly.,slightly_decrease
20260911,119830,아이텍,paid_in_capital_increase,기타주요경영사항              (제3자배정 유상증자 결정 철회),negative,-70,5,-2,5,3,0.0,0.0256,failure,negative_signal_reversed,"The prediction direction was `negative`, but the actual next close return was 2.56%. The event type was `paid_in_capital_increase` with event score -70.00. The disclosure title was `기타주요경영사항              (제3자배정 유상증자 결정 철회)`. The event had 3 negative keyword signals, which may have reduced market confidence.",Some negative events can rebound if the market interprets them as already priced in or less severe than expected.,Reduce negative confidence when negative events show positive actual returns repeatedly.,slightly_decrease
20260911,119830,아이텍,paid_in_capital_increase,기타주요경영사항              (제3자배정 유상증자 결정 철회),negative,-70,5,-2,5,3,0.0,0.0256,failure,negative_signal_reversed,"The prediction direction was `negative`, but the actual next close return was 2.56%. The event type was `paid_in_capital_increase` with event score -70.00. The disclosure title was `기타주요경영사항              (제3자배정 유상증자 결정 철회)`. The event had 3 negative keyword signals, which may have reduced market confidence.",Some negative events can rebound if the market interprets them as already priced in or less severe than expected.,Reduce negative confidence when negative events show positive actual returns repeatedly.,slightly_decrease
20260911,119830,아이텍,paid_in_capital_increase,기타주요경영사항              (제3자배정 유상증자 결정 철회),negative,-70,5,-2,5,3,0.0,0.0256,failure,negative_signal_reversed,"The prediction direction was `negative`, but the actual next close return was 2.56%. The event type was `paid_in_capital_increase` with event score -70.00. The disclosure title was `기타주요경영사항              (제3자배정 유상증자 결정 철회)`. The event had 3 negative keyword signals, which may have reduced market confidence.",Some negative events can rebound if the market interprets them as already priced in or less severe than expected.,Reduce negative confidence when negative events show positive actual returns repeatedly.,slightly_decrease
20260911,119830,아이텍,paid_in_capital_increase,기타주요경영사항              (제3자배정 유상증자 결정 철회),negative,-70,5,-2,5,3,0.0,0.0256,failure,negative_signal_reversed,"The prediction direction was `negative`, but the actual next close return was 2.56%. The event type was `paid_in_capital_increase` with event score -70.00. The disclosure title was `기타주요경영사항              (제3자배정 유상증자 결정 철회)`. The event had 3 negative keyword signals, which may have reduced market confidence.",Some negative events can rebound if the market interprets them as already priced in or less severe than expected.,Reduce negative confidence when negative events show positive actual returns repeatedly.,slightly_decrease
20260911,259960,크래프톤,major_shareholder_change,최대주주등소유주식변동신고서              ,volatile,10,5,0,5,0,-0.0118,-0.0141,failure,volatility_overestimated,"The prediction direction was `volatile`, but the actual next close return was -1.41%. The event type was `major_shareholder_change` with event score 10.00. The disclosure title was `최대주주등소유주식변동신고서              `. The event was treated as volatile, but the actual price movement may have been smaller than expected.",Volatile event classification should require stronger attention or stronger historical movement patterns.,Require higher news_attention_score before classifying an event as a strong volatility candidate.,decrease
20260911,259960,크래프톤,major_shareholder_change,최대주주등소유주식변동신고서              ,volatile,10,5,0,5,0,-0.0118,-0.0141,failure,volatility_overestimated,"The prediction direction was `volatile`, but the actual next close return was -1.41%. The event type was `major_shareholder_change` with event score 10.00. The disclosure title was `최대주주등소유주식변동신고서              `. The event was treated as volatile, but the actual price movement may have been smaller than expected.",Volatile event classification should require stronger attention or stronger historical movement patterns.,Require higher news_attention_score before classifying an event as a strong volatility candidate.,decrease
20260911,259960,크래프톤,major_shareholder_change,최대주주등소유주식변동신고서              ,volatile,10,5,0,5,0,-0.0118,-0.0141,failure,volatility_overestimated,"The prediction direction was `volatile`, but the actual next close return was -1.41%. The event type was `major_shareholder_change` with event score 10.00. The disclosure title was `최대주주등소유주식변동신고서              `. The event was treated as volatile, but the actual price movement may have been smaller than expected.",Volatile event classification should require stronger attention or stronger historical movement patterns.,Require higher news_attention_score before classifying an event as a strong volatility candidate.,decrease
20260911,001210,금호전기,convertible_bond,[기재정정]주요사항보고서(전환사채권발행결정),negative,-60,5,0,5,4,-0.0394,0.0225,failure,negative_signal_reversed,"The prediction direction was `negative`, but the actual next close return was 2.25%. The event type was `convertible_bond` with event score -60.00. The disclosure title was `[기재정정]주요사항보고서(전환사채권발행결정)`. The event had 4 negative keyword signals, which may have reduced market confidence.",Some negative events can rebound if the market interprets them as already priced in or less severe than expected.,Reduce negative confidence when negative events show positive actual returns repeatedly.,slightly_decrease
20260911,007460,에이프로젠,paid_in_capital_increase,[기재정정]주요사항보고서(유상증자결정)(자회사의 주요경영사항)              ,negative,-70,5,-3,5,4,-0.0074,-0.0148,success,negative_signal_confirmed,"The prediction direction `negative` was consistent with the actual next close return of -1.48%. The event type was `paid_in_capital_increase`, event score was -70.00, news sentiment score was -3.00, and news attention score was 5.00.",This event pattern can be treated as a useful reference case for future predictions.,Maintain current rule weight for this pattern and use it as a positive reference sample.,increase
20260911,007460,에이프로젠,paid_in_capital_increase,[기재정정]주요사항보고서(유상증자결정)(자회사의 주요경영사항)              ,negative,-70,5,-3,5,4,-0.0074,-0.0148,success,negative_signal_confirmed,"The prediction direction `negative` was consistent with the actual next close return of -1.48%. The event type was `paid_in_capital_increase`, event score was -70.00, news sentiment score was -3.00, and news attention score was 5.00.",This event pattern can be treated as a useful reference case for future predictions.,Maintain current rule weight for this pattern and use it as a positive reference sample.,increase
20260911,007460,에이프로젠,paid_in_capital_increase,[기재정정]주요사항보고서(유상증자결정)(자회사의 주요경영사항)              ,negative,-70,5,-3,5,4,-0.0074,-0.0148,success,negative_signal_confirmed,"The prediction direction `negative` was consistent with the actual next close return of -1.48%. The event type was `paid_in_capital_increase`, event score was -70.00, news sentiment score was -3.00, and news attention score was 5.00.",This event pattern can be treated as a useful reference case for future predictions.,Maintain current rule weight for this pattern and use it as a positive reference sample.,increase
20260911,007460,에이프로젠,paid_in_capital_increase,[기재정정]주요사항보고서(유상증자결정)(자회사의 주요경영사항)              ,negative,-70,5,-3,5,4,-0.0074,-0.0148,success,negative_signal_confirmed,"The prediction direction `negative` was consistent with the actual next close return of -1.48%. The event type was `paid_in_capital_increase`, event score was -70.00, news sentiment score was -3.00, and news attention score was 5.00.",This event pattern can be treated as a useful reference case for future predictions.,Maintain current rule weight for this pattern and use it as a positive reference sample.,increase
20260911,192410,오늘이엔엠,paid_in_capital_increase,주요사항보고서(유상증자결정),negative,-70,5,-2,5,4,0.0243,-0.0053,success,negative_signal_confirmed,"The prediction direction `negative` was consistent with the actual next close return of -0.53%. The event type was `paid_in_capital_increase`, event score was -70.00, news sentiment score was -2.00, and news attention score was 5.00.",This event pattern can be treated as a useful reference case for future predictions.,Maintain current rule weight for this pattern and use it as a positive reference sample.,increase
20260911,119830,아이텍,paid_in_capital_increase,[기재정정]주요사항보고서(유상증자결정),negative,-70,5,-2,5,3,0.0,0.0256,failure,negative_signal_reversed,"The prediction direction was `negative`, but the actual next close return was 2.56%. The event type was `paid_in_capital_increase` with event score -70.00. The disclosure title was `[기재정정]주요사항보고서(유상증자결정)`. The event had 3 negative keyword signals, which may have reduced market confidence.",Some negative events can rebound if the market interprets them as already priced in or less severe than expected.,Reduce negative confidence when negative events show positive actual returns repeatedly.,slightly_decrease
20260911,119830,아이텍,paid_in_capital_increase,[기재정정]주요사항보고서(유상증자결정),negative,-70,5,-2,5,3,0.0,0.0256,failure,negative_signal_reversed,"The prediction direction was `negative`, but the actual next close return was 2.56%. The event type was `paid_in_capital_increase` with event score -70.00. The disclosure title was `[기재정정]주요사항보고서(유상증자결정)`. The event had 3 negative keyword signals, which may have reduced market confidence.",Some negative events can rebound if the market interprets them as already priced in or less severe than expected.,Reduce negative confidence when negative events show positive actual returns repeatedly.,slightly_decrease
20260911,119830,아이텍,paid_in_capital_increase,[기재정정]주요사항보고서(유상증자결정),negative,-70,5,-2,5,3,0.0,0.0256,failure,negative_signal_reversed,"The prediction direction was `negative`, but the actual next close return was 2.56%. The event type was `paid_in_capital_increase` with event score -70.00. The disclosure title was `[기재정정]주요사항보고서(유상증자결정)`. The event had 3 negative keyword signals, which may have reduced market confidence.",Some negative events can rebound if the market interprets them as already priced in or less severe than expected.,Reduce negative confidence when negative events show positive actual returns repeatedly.,slightly_decrease
20260911,119830,아이텍,paid_in_capital_increase,[기재정정]주요사항보고서(유상증자결정),negative,-70,5,-2,5,3,0.0,0.0256,failure,negative_signal_reversed,"The prediction direction was `negative`, but the actual next close return was 2.56%. The event type was `paid_in_capital_increase` with event score -70.00. The disclosure title was `[기재정정]주요사항보고서(유상증자결정)`. The event had 3 negative keyword signals, which may have reduced market confidence.",Some negative events can rebound if the market interprets them as already priced in or less severe than expected.,Reduce negative confidence when negative events show positive actual returns repeatedly.,slightly_decrease
20260911,383800,LX홀딩스,major_shareholder_change,최대주주등소유주식변동신고서              ,volatile,10,5,-2,5,5,-0.0062,-0.0062,failure,volatility_overestimated,"The prediction direction was `volatile`, but the actual next close return was -0.62%. The event type was `major_shareholder_change` with event score 10.00. The disclosure title was `최대주주등소유주식변동신고서              `. The event had 5 negative keyword signals, which may have reduced market confidence. The event was treated as volatile, but the actual price movement may have been smaller than expected.",Volatile event classification should require stronger attention or stronger historical movement patterns.,Require higher news_attention_score before classifying an event as a strong volatility candidate.,decrease
20260911,383800,LX홀딩스,major_shareholder_change,최대주주등소유주식변동신고서              ,volatile,10,5,-2,5,5,-0.0062,-0.0062,failure,volatility_overestimated,"The prediction direction was `volatile`, but the actual next close return was -0.62%. The event type was `major_shareholder_change` with event score 10.00. The disclosure title was `최대주주등소유주식변동신고서              `. The event had 5 negative keyword signals, which may have reduced market confidence. The event was treated as volatile, but the actual price movement may have been smaller than expected.",Volatile event classification should require stronger attention or stronger historical movement patterns.,Require higher news_attention_score before classifying an event as a strong volatility candidate.,decrease
20260911,383800,LX홀딩스,major_shareholder_change,최대주주등소유주식변동신고서              ,volatile,10,5,-2,5,5,-0.0062,-0.0062,failure,volatility_overestimated,"The prediction direction was `volatile`, but the actual next close return was -0.62%. The event type was `major_shareholder_change` with event score 10.00. The disclosure title was `최대주주등소유주식변동신고서              `. The event had 5 negative keyword signals, which may have reduced market confidence. The event was treated as volatile, but the actual price movement may have been smaller than expected.",Volatile event classification should require stronger attention or stronger historical movement patterns.,Require higher news_attention_score before classifying an event as a strong volatility candidate.,decrease
20260911,383800,LX홀딩스,major_shareholder_change,최대주주등소유주식변동신고서              ,volatile,10,5,-2,5,5,-0.0062,-0.0062,failure,volatility_overestimated,"The prediction direction was `volatile`, but the actual next close return was -0.62%. The event type was `major_shareholder_change` with event score 10.00. The disclosure title was `최대주주등소유주식변동신고서              `. The event had 5 negative keyword signals, which may have reduced market confidence. The event was treated as volatile, but the actual price movement may have been smaller than expected.",Volatile event classification should require stronger attention or stronger historical movement patterns.,Require higher news_attention_score before classifying an event as a strong volatility candidate.,decrease
20260911,003060,에이프로젠바이오로직스,paid_in_capital_increase,[기재정정]주요사항보고서(유상증자결정),negative,-70,5,-3,5,6,-0.0143,-0.0203,success,negative_signal_confirmed,"The prediction direction `negative` was consistent with the actual next close return of -2.03%. The event type was `paid_in_capital_increase`, event score was -70.00, news sentiment score was -3.00, and news attention score was 5.00.",This event pattern can be treated as a useful reference case for future predictions.,Maintain current rule weight for this pattern and use it as a positive reference sample.,increase
20260911,003060,에이프로젠바이오로직스,paid_in_capital_increase,[기재정정]주요사항보고서(유상증자결정),negative,-70,5,-3,5,6,-0.0143,-0.0203,success,negative_signal_confirmed,"The prediction direction `negative` was consistent with the actual next close return of -2.03%. The event type was `paid_in_capital_increase`, event score was -70.00, news sentiment score was -3.00, and news attention score was 5.00.",This event pattern can be treated as a useful reference case for future predictions.,Maintain current rule weight for this pattern and use it as a positive reference sample.,increase
20260911,056730,CNT85,supply_contract,[기재정정]단일판매ㆍ공급계약체결(자율공시)              ,positive,70,5,4,5,6,-0.0116,-0.0116,failure,positive_signal_with_negative_noise,"The prediction direction was `positive`, but the actual next close return was -1.16%. The event type was `supply_contract` with event score 70.00. The disclosure title was `[기재정정]단일판매ㆍ공급계약체결(자율공시)              `. The event had 6 negative keyword signals, which may have reduced market confidence.",Positive events with multiple negative keywords should receive lower confidence.,Apply a penalty when negative_keyword_count is greater than or equal to two.,decrease
20260911,272210,한화시스템,supply_contract,단일판매ㆍ공급계약체결              ,positive,70,5,6,5,1,-0.0113,0.0183,success,positive_signal_confirmed,"The prediction direction `positive` was consistent with the actual next close return of 1.83%. The event type was `supply_contract`, event score was 70.00, news sentiment score was 6.00, and news attention score was 5.00.",This event pattern can be treated as a useful reference case for future predictions.,Maintain current rule weight for this pattern and use it as a positive reference sample.,increase
20260911,074430,아미노로직스,convertible_bond,주요사항보고서(제3자의전환사채매수선택권행사),negative,-60,5,-1,5,2,0.0197,0.0009,failure,negative_signal_reversed,"The prediction direction was `negative`, but the actual next close return was 0.09%. The event type was `convertible_bond` with event score -60.00. The disclosure title was `주요사항보고서(제3자의전환사채매수선택권행사)`. The event had 2 negative keyword signals, which may have reduced market confidence.",Some negative events can rebound if the market interprets them as already priced in or less severe than expected.,Reduce negative confidence when negative events show positive actual returns repeatedly.,slightly_decrease
20260911,074430,아미노로직스,convertible_bond,주요사항보고서(제3자의전환사채매수선택권행사),negative,-60,5,-1,5,2,0.0197,0.0009,failure,negative_signal_reversed,"The prediction direction was `negative`, but the actual next close return was 0.09%. The event type was `convertible_bond` with event score -60.00. The disclosure title was `주요사항보고서(제3자의전환사채매수선택권행사)`. The event had 2 negative keyword signals, which may have reduced market confidence.",Some negative events can rebound if the market interprets them as already priced in or less severe than expected.,Reduce negative confidence when negative events show positive actual returns repeatedly.,slightly_decrease
20260911,074430,아미노로직스,convertible_bond,주요사항보고서(제3자의전환사채매수선택권행사),negative,-60,5,-1,5,2,0.0197,0.0009,failure,negative_signal_reversed,"The prediction direction was `negative`, but the actual next close return was 0.09%. The event type was `convertible_bond` with event score -60.00. The disclosure title was `주요사항보고서(제3자의전환사채매수선택권행사)`. The event had 2 negative keyword signals, which may have reduced market confidence.",Some negative events can rebound if the market interprets them as already priced in or less severe than expected.,Reduce negative confidence when negative events show positive actual returns repeatedly.,slightly_decrease
20260911,074430,아미노로직스,convertible_bond,주요사항보고서(제3자의전환사채매수선택권행사),negative,-60,5,-1,5,2,0.0197,0.0009,failure,negative_signal_reversed,"The prediction direction was `negative`, but the actual next close return was 0.09%. The event type was `convertible_bond` with event score -60.00. The disclosure title was `주요사항보고서(제3자의전환사채매수선택권행사)`. The event had 2 negative keyword signals, which may have reduced market confidence.",Some negative events can rebound if the market interprets them as already priced in or less severe than expected.,Reduce negative confidence when negative events show positive actual returns repeatedly.,slightly_decrease
20260911,038060,루멘스바이오스,paid_in_capital_increase,주요사항보고서(유상증자결정),negative,-70,5,2,5,0,-0.0887,-0.0874,success,negative_signal_confirmed,"The prediction direction `negative` was consistent with the actual next close return of -8.74%. The event type was `paid_in_capital_increase`, event score was -70.00, news sentiment score was 2.00, and news attention score was 5.00.",This event pattern can be treated as a useful reference case for future predictions.,Maintain current rule weight for this pattern and use it as a positive reference sample.,increase
20260911,038060,루멘스바이오스,paid_in_capital_increase,주요사항보고서(유상증자결정),negative,-70,5,2,5,0,-0.0887,-0.0874,success,negative_signal_confirmed,"The prediction direction `negative` was consistent with the actual next close return of -8.74%. The event type was `paid_in_capital_increase`, event score was -70.00, news sentiment score was 2.00, and news attention score was 5.00.",This event pattern can be treated as a useful reference case for future predictions.,Maintain current rule weight for this pattern and use it as a positive reference sample.,increase
20260911,038060,루멘스바이오스,paid_in_capital_increase,주요사항보고서(유상증자결정),negative,-70,5,2,5,0,-0.0887,-0.0874,success,negative_signal_confirmed,"The prediction direction `negative` was consistent with the actual next close return of -8.74%. The event type was `paid_in_capital_increase`, event score was -70.00, news sentiment score was 2.00, and news attention score was 5.00.",This event pattern can be treated as a useful reference case for future predictions.,Maintain current rule weight for this pattern and use it as a positive reference sample.,increase
20260911,038060,루멘스바이오스,paid_in_capital_increase,주요사항보고서(유상증자결정),negative,-70,5,2,5,0,-0.0887,-0.0874,success,negative_signal_confirmed,"The prediction direction `negative` was consistent with the actual next close return of -8.74%. The event type was `paid_in_capital_increase`, event score was -70.00, news sentiment score was 2.00, and news attention score was 5.00.",This event pattern can be treated as a useful reference case for future predictions.,Maintain current rule weight for this pattern and use it as a positive reference sample.,increase
20260911,038060,루멘스바이오스,paid_in_capital_increase,주요사항보고서(유상증자결정),negative,-70,5,2,5,0,-0.0887,-0.0874,success,negative_signal_confirmed,"The prediction direction `negative` was consistent with the actual next close return of -8.74%. The event type was `paid_in_capital_increase`, event score was -70.00, news sentiment score was 2.00, and news attention score was 5.00.",This event pattern can be treated as a useful reference case for future predictions.,Maintain current rule weight for this pattern and use it as a positive reference sample.,increase
20260911,038060,루멘스바이오스,paid_in_capital_increase,주요사항보고서(유상증자결정),negative,-70,5,2,5,0,-0.0887,-0.0874,success,negative_signal_confirmed,"The prediction direction `negative` was consistent with the actual next close return of -8.74%. The event type was `paid_in_capital_increase`, event score was -70.00, news sentiment score was 2.00, and news attention score was 5.00.",This event pattern can be treated as a useful reference case for future predictions.,Maintain current rule weight for this pattern and use it as a positive reference sample.,increase
20260911,074430,아미노로직스,convertible_bond,주요사항보고서(전환사채매수선택권행사자지정),negative,-60,5,-1,5,2,0.0197,0.0009,failure,negative_signal_reversed,"The prediction direction was `negative`, but the actual next close return was 0.09%. The event type was `convertible_bond` with event score -60.00. The disclosure title was `주요사항보고서(전환사채매수선택권행사자지정)`. The event had 2 negative keyword signals, which may have reduced market confidence.",Some negative events can rebound if the market interprets them as already priced in or less severe than expected.,Reduce negative confidence when negative events show positive actual returns repeatedly.,slightly_decrease
20260911,074430,아미노로직스,convertible_bond,주요사항보고서(전환사채매수선택권행사자지정),negative,-60,5,-1,5,2,0.0197,0.0009,failure,negative_signal_reversed,"The prediction direction was `negative`, but the actual next close return was 0.09%. The event type was `convertible_bond` with event score -60.00. The disclosure title was `주요사항보고서(전환사채매수선택권행사자지정)`. The event had 2 negative keyword signals, which may have reduced market confidence.",Some negative events can rebound if the market interprets them as already priced in or less severe than expected.,Reduce negative confidence when negative events show positive actual returns repeatedly.,slightly_decrease
20260911,074430,아미노로직스,convertible_bond,주요사항보고서(전환사채매수선택권행사자지정),negative,-60,5,-1,5,2,0.0197,0.0009,failure,negative_signal_reversed,"The prediction direction was `negative`, but the actual next close return was 0.09%. The event type was `convertible_bond` with event score -60.00. The disclosure title was `주요사항보고서(전환사채매수선택권행사자지정)`. The event had 2 negative keyword signals, which may have reduced market confidence.",Some negative events can rebound if the market interprets them as already priced in or less severe than expected.,Reduce negative confidence when negative events show positive actual returns repeatedly.,slightly_decrease
20260911,074430,아미노로직스,convertible_bond,주요사항보고서(전환사채매수선택권행사자지정),negative,-60,5,-1,5,2,0.0197,0.0009,failure,negative_signal_reversed,"The prediction direction was `negative`, but the actual next close return was 0.09%. The event type was `convertible_bond` with event score -60.00. The disclosure title was `주요사항보고서(전환사채매수선택권행사자지정)`. The event had 2 negative keyword signals, which may have reduced market confidence.",Some negative events can rebound if the market interprets them as already priced in or less severe than expected.,Reduce negative confidence when negative events show positive actual returns repeatedly.,slightly_decrease
20260911,003470,유안타증권,major_shareholder_change,최대주주등소유주식변동신고서              ,volatile,10,5,4,5,0,-0.0094,-0.0042,failure,volatility_overestimated,"The prediction direction was `volatile`, but the actual next close return was -0.42%. The event type was `major_shareholder_change` with event score 10.00. The disclosure title was `최대주주등소유주식변동신고서              `. The event was treated as volatile, but the actual price movement may have been smaller than expected.",Volatile event classification should require stronger attention or stronger historical movement patterns.,Require higher news_attention_score before classifying an event as a strong volatility candidate.,decrease
20260911,003470,유안타증권,major_shareholder_change,최대주주등소유주식변동신고서              ,volatile,10,5,4,5,0,-0.0094,-0.0042,failure,volatility_overestimated,"The prediction direction was `volatile`, but the actual next close return was -0.42%. The event type was `major_shareholder_change` with event score 10.00. The disclosure title was `최대주주등소유주식변동신고서              `. The event was treated as volatile, but the actual price movement may have been smaller than expected.",Volatile event classification should require stronger attention or stronger historical movement patterns.,Require higher news_attention_score before classifying an event as a strong volatility candidate.,decrease
20260911,003470,유안타증권,major_shareholder_change,최대주주등소유주식변동신고서              ,volatile,10,5,4,5,0,-0.0094,-0.0042,failure,volatility_overestimated,"The prediction direction was `volatile`, but the actual next close return was -0.42%. The event type was `major_shareholder_change` with event score 10.00. The disclosure title was `최대주주등소유주식변동신고서              `. The event was treated as volatile, but the actual price movement may have been smaller than expected.",Volatile event classification should require stronger attention or stronger historical movement patterns.,Require higher news_attention_score before classifying an event as a strong volatility candidate.,decrease
20260911,007460,에이프로젠,convertible_bond,[기재정정]주요사항보고서(전환사채권발행결정),negative,-60,5,-3,5,4,-0.0074,-0.0148,success,negative_signal_confirmed,"The prediction direction `negative` was consistent with the actual next close return of -1.48%. The event type was `convertible_bond`, event score was -60.00, news sentiment score was -3.00, and news attention score was 5.00.",This event pattern can be treated as a useful reference case for future predictions.,Maintain current rule weight for this pattern and use it as a positive reference sample.,increase
20260911,007460,에이프로젠,convertible_bond,[기재정정]주요사항보고서(전환사채권발행결정),negative,-60,5,-3,5,4,-0.0074,-0.0148,success,negative_signal_confirmed,"The prediction direction `negative` was consistent with the actual next close return of -1.48%. The event type was `convertible_bond`, event score was -60.00, news sentiment score was -3.00, and news attention score was 5.00.",This event pattern can be treated as a useful reference case for future predictions.,Maintain current rule weight for this pattern and use it as a positive reference sample.,increase
20260911,007460,에이프로젠,convertible_bond,[기재정정]주요사항보고서(전환사채권발행결정),negative,-60,5,-3,5,4,-0.0074,-0.0148,success,negative_signal_confirmed,"The prediction direction `negative` was consistent with the actual next close return of -1.48%. The event type was `convertible_bond`, event score was -60.00, news sentiment score was -3.00, and news attention score was 5.00.",This event pattern can be treated as a useful reference case for future predictions.,Maintain current rule weight for this pattern and use it as a positive reference sample.,increase
20260911,007460,에이프로젠,convertible_bond,[기재정정]주요사항보고서(전환사채권발행결정),negative,-60,5,-3,5,4,-0.0074,-0.0148,success,negative_signal_confirmed,"The prediction direction `negative` was consistent with the actual next close return of -1.48%. The event type was `convertible_bond`, event score was -60.00, news sentiment score was -3.00, and news attention score was 5.00.",This event pattern can be treated as a useful reference case for future predictions.,Maintain current rule weight for this pattern and use it as a positive reference sample.,increase
20260911,011090,에넥스,paid_in_capital_increase,[기재정정]주요사항보고서(유상증자결정),negative,-70,5,-7,5,8,0.0,0.1615,failure,negative_signal_reversed,"The prediction direction was `negative`, but the actual next close return was 16.15%. The event type was `paid_in_capital_increase` with event score -70.00. The disclosure title was `[기재정정]주요사항보고서(유상증자결정)`. The event had 8 negative keyword signals, which may have reduced market confidence.",Some negative events can rebound if the market interprets them as already priced in or less severe than expected.,Reduce negative confidence when negative events show positive actual returns repeatedly.,slightly_decrease
20260911,011090,에넥스,paid_in_capital_increase,[기재정정]주요사항보고서(유상증자결정),negative,-70,5,-7,5,8,0.0,0.1615,failure,negative_signal_reversed,"The prediction direction was `negative`, but the actual next close return was 16.15%. The event type was `paid_in_capital_increase` with event score -70.00. The disclosure title was `[기재정정]주요사항보고서(유상증자결정)`. The event had 8 negative keyword signals, which may have reduced market confidence.",Some negative events can rebound if the market interprets them as already priced in or less severe than expected.,Reduce negative confidence when negative events show positive actual returns repeatedly.,slightly_decrease
20260911,011090,에넥스,paid_in_capital_increase,[기재정정]주요사항보고서(유상증자결정),negative,-70,5,-7,5,8,0.0,0.1615,failure,negative_signal_reversed,"The prediction direction was `negative`, but the actual next close return was 16.15%. The event type was `paid_in_capital_increase` with event score -70.00. The disclosure title was `[기재정정]주요사항보고서(유상증자결정)`. The event had 8 negative keyword signals, which may have reduced market confidence.",Some negative events can rebound if the market interprets them as already priced in or less severe than expected.,Reduce negative confidence when negative events show positive actual returns repeatedly.,slightly_decrease
20260911,011090,에넥스,paid_in_capital_increase,[기재정정]주요사항보고서(유상증자결정),negative,-70,5,-7,5,8,0.0,0.1615,failure,negative_signal_reversed,"The prediction direction was `negative`, but the actual next close return was 16.15%. The event type was `paid_in_capital_increase` with event score -70.00. The disclosure title was `[기재정정]주요사항보고서(유상증자결정)`. The event had 8 negative keyword signals, which may have reduced market confidence.",Some negative events can rebound if the market interprets them as already priced in or less severe than expected.,Reduce negative confidence when negative events show positive actual returns repeatedly.,slightly_decrease
20260911,011090,에넥스,paid_in_capital_increase,[기재정정]주요사항보고서(유상증자결정),negative,-70,5,-7,5,8,0.0,0.1615,failure,negative_signal_reversed,"The prediction direction was `negative`, but the actual next close return was 16.15%. The event type was `paid_in_capital_increase` with event score -70.00. The disclosure title was `[기재정정]주요사항보고서(유상증자결정)`. The event had 8 negative keyword signals, which may have reduced market confidence.",Some negative events can rebound if the market interprets them as already priced in or less severe than expected.,Reduce negative confidence when negative events show positive actual returns repeatedly.,slightly_decrease
20260911,011090,에넥스,paid_in_capital_increase,[기재정정]주요사항보고서(유상증자결정),negative,-70,5,-7,5,8,0.0,0.1615,failure,negative_signal_reversed,"The prediction direction was `negative`, but the actual next close return was 16.15%. The event type was `paid_in_capital_increase` with event score -70.00. The disclosure title was `[기재정정]주요사항보고서(유상증자결정)`. The event had 8 negative keyword signals, which may have reduced market confidence.",Some negative events can rebound if the market interprets them as already priced in or less severe than expected.,Reduce negative confidence when negative events show positive actual returns repeatedly.,slightly_decrease
20260911,389680,유디엠텍,disclosure_violation,[기재정정]불성실공시법인지정예고              (공시번복),negative,-80,5,3,5,1,0.0135,0.0315,failure,negative_signal_reversed,"The prediction direction was `negative`, but the actual next close return was 3.15%. The event type was `disclosure_violation` with event score -80.00. The disclosure title was `[기재정정]불성실공시법인지정예고              (공시번복)`.",Some negative events can rebound if the market interprets them as already priced in or less severe than expected.,Reduce negative confidence when negative events show positive actual returns repeatedly.,slightly_decrease
20260911,389680,유디엠텍,disclosure_violation,[기재정정]불성실공시법인지정예고              (공시번복),negative,-80,5,3,5,1,0.0135,0.0315,failure,negative_signal_reversed,"The prediction direction was `negative`, but the actual next close return was 3.15%. The event type was `disclosure_violation` with event score -80.00. The disclosure title was `[기재정정]불성실공시법인지정예고              (공시번복)`.",Some negative events can rebound if the market interprets them as already priced in or less severe than expected.,Reduce negative confidence when negative events show positive actual returns repeatedly.,slightly_decrease
20260911,389680,유디엠텍,disclosure_violation,[기재정정]불성실공시법인지정예고              (공시번복),negative,-80,5,3,5,1,0.0135,0.0315,failure,negative_signal_reversed,"The prediction direction was `negative`, but the actual next close return was 3.15%. The event type was `disclosure_violation` with event score -80.00. The disclosure title was `[기재정정]불성실공시법인지정예고              (공시번복)`.",Some negative events can rebound if the market interprets them as already priced in or less severe than expected.,Reduce negative confidence when negative events show positive actual returns repeatedly.,slightly_decrease
20260911,389680,유디엠텍,disclosure_violation,[기재정정]불성실공시법인지정예고              (공시번복),negative,-80,5,3,5,1,0.0135,0.0315,failure,negative_signal_reversed,"The prediction direction was `negative`, but the actual next close return was 3.15%. The event type was `disclosure_violation` with event score -80.00. The disclosure title was `[기재정정]불성실공시법인지정예고              (공시번복)`.",Some negative events can rebound if the market interprets them as already priced in or less severe than expected.,Reduce negative confidence when negative events show positive actual returns repeatedly.,slightly_decrease
20260911,389680,유디엠텍,disclosure_violation,[기재정정]불성실공시법인지정예고              (공시번복),negative,-80,5,3,5,1,0.0135,0.0315,failure,negative_signal_reversed,"The prediction direction was `negative`, but the actual next close return was 3.15%. The event type was `disclosure_violation` with event score -80.00. The disclosure title was `[기재정정]불성실공시법인지정예고              (공시번복)`.",Some negative events can rebound if the market interprets them as already priced in or less severe than expected.,Reduce negative confidence when negative events show positive actual returns repeatedly.,slightly_decrease
20260911,389680,유디엠텍,disclosure_violation,[기재정정]불성실공시법인지정예고              (공시번복),negative,-80,5,3,5,1,0.0135,0.0315,failure,negative_signal_reversed,"The prediction direction was `negative`, but the actual next close return was 3.15%. The event type was `disclosure_violation` with event score -80.00. The disclosure title was `[기재정정]불성실공시법인지정예고              (공시번복)`.",Some negative events can rebound if the market interprets them as already priced in or less severe than expected.,Reduce negative confidence when negative events show positive actual returns repeatedly.,slightly_decrease
20260911,389680,유디엠텍,disclosure_violation,[기재정정]불성실공시법인지정예고              (공시번복),negative,-80,5,3,5,1,0.0135,0.0315,failure,negative_signal_reversed,"The prediction direction was `negative`, but the actual next close return was 3.15%. The event type was `disclosure_violation` with event score -80.00. The disclosure title was `[기재정정]불성실공시법인지정예고              (공시번복)`.",Some negative events can rebound if the market interprets them as already priced in or less severe than expected.,Reduce negative confidence when negative events show positive actual returns repeatedly.,slightly_decrease
20260911,389680,유디엠텍,disclosure_violation,[기재정정]불성실공시법인지정예고              (공시번복),negative,-80,5,3,5,1,0.0135,0.0315,failure,negative_signal_reversed,"The prediction direction was `negative`, but the actual next close return was 3.15%. The event type was `disclosure_violation` with event score -80.00. The disclosure title was `[기재정정]불성실공시법인지정예고              (공시번복)`.",Some negative events can rebound if the market interprets them as already priced in or less severe than expected.,Reduce negative confidence when negative events show positive actual returns repeatedly.,slightly_decrease
20260911,389680,유디엠텍,disclosure_violation,[기재정정]불성실공시법인지정예고              (공시번복),negative,-80,5,3,5,1,0.0135,0.0315,failure,negative_signal_reversed,"The prediction direction was `negative`, but the actual next close return was 3.15%. The event type was `disclosure_violation` with event score -80.00. The disclosure title was `[기재정정]불성실공시법인지정예고              (공시번복)`.",Some negative events can rebound if the market interprets them as already priced in or less severe than expected.,Reduce negative confidence when negative events show positive actual returns repeatedly.,slightly_decrease
20260911,389680,유디엠텍,disclosure_violation,[기재정정]불성실공시법인지정예고              (공시번복),negative,-80,5,3,5,1,0.0135,0.0315,failure,negative_signal_reversed,"The prediction direction was `negative`, but the actual next close return was 3.15%. The event type was `disclosure_violation` with event score -80.00. The disclosure title was `[기재정정]불성실공시법인지정예고              (공시번복)`.",Some negative events can rebound if the market interprets them as already priced in or less severe than expected.,Reduce negative confidence when negative events show positive actual returns repeatedly.,slightly_decrease
20260911,005960,동부건설,supply_contract,단일판매ㆍ공급계약체결              ,positive,70,5,10,5,2,0.0,-0.0049,failure,positive_signal_with_negative_noise,"The prediction direction was `positive`, but the actual next close return was -0.49%. The event type was `supply_contract` with event score 70.00. The disclosure title was `단일판매ㆍ공급계약체결              `. The event had 2 negative keyword signals, which may have reduced market confidence.",Positive events with multiple negative keywords should receive lower confidence.,Apply a penalty when negative_keyword_count is greater than or equal to two.,decrease
20260911,023530,롯데쇼핑,major_shareholder_change,최대주주등소유주식변동신고서              ,volatile,10,5,-1,5,2,-0.0098,0.0268,success,volatility_signal_confirmed,"The prediction direction `volatile` was consistent with the actual next close return of 2.68%. The event type was `major_shareholder_change`, event score was 10.00, news sentiment score was -1.00, and news attention score was 5.00.",This event pattern can be treated as a useful reference case for future predictions.,Maintain current rule weight for this pattern and use it as a positive reference sample.,increase
20260911,023530,롯데쇼핑,major_shareholder_change,최대주주등소유주식변동신고서              ,volatile,10,5,-1,5,2,-0.0098,0.0268,success,volatility_signal_confirmed,"The prediction direction `volatile` was consistent with the actual next close return of 2.68%. The event type was `major_shareholder_change`, event score was 10.00, news sentiment score was -1.00, and news attention score was 5.00.",This event pattern can be treated as a useful reference case for future predictions.,Maintain current rule weight for this pattern and use it as a positive reference sample.,increase
20260911,025560,미래산업,supply_contract,[기재정정]단일판매ㆍ공급계약체결              ,positive,70,5,1,5,0,-0.0067,-0.0319,failure,general_prediction_failure,"The prediction direction was `positive`, but the actual next close return was -3.19%. The event type was `supply_contract` with event score 70.00. The disclosure title was `[기재정정]단일판매ㆍ공급계약체결              `.",The current rule set was not sufficient to explain the actual price reaction.,"Add more features such as market index return, trading volume, and sector movement.",slightly_decrease
20260911,389680,유디엠텍,supply_contract,[기재정정]단일판매ㆍ공급계약체결              ,positive,70,5,3,5,1,0.0135,0.0315,success,positive_signal_confirmed,"The prediction direction `positive` was consistent with the actual next close return of 3.15%. The event type was `supply_contract`, event score was 70.00, news sentiment score was 3.00, and news attention score was 5.00.",This event pattern can be treated as a useful reference case for future predictions.,Maintain current rule weight for this pattern and use it as a positive reference sample.,increase
20260911,389680,유디엠텍,supply_contract,[기재정정]단일판매ㆍ공급계약체결              ,positive,70,5,3,5,1,0.0135,0.0315,success,positive_signal_confirmed,"The prediction direction `positive` was consistent with the actual next close return of 3.15%. The event type was `supply_contract`, event score was 70.00, news sentiment score was 3.00, and news attention score was 5.00.",This event pattern can be treated as a useful reference case for future predictions.,Maintain current rule weight for this pattern and use it as a positive reference sample.,increase
20260911,389680,유디엠텍,supply_contract,[기재정정]단일판매ㆍ공급계약체결              ,positive,70,5,3,5,1,0.0135,0.0315,success,positive_signal_confirmed,"The prediction direction `positive` was consistent with the actual next close return of 3.15%. The event type was `supply_contract`, event score was 70.00, news sentiment score was 3.00, and news attention score was 5.00.",This event pattern can be treated as a useful reference case for future predictions.,Maintain current rule weight for this pattern and use it as a positive reference sample.,increase
20260911,389680,유디엠텍,supply_contract,[기재정정]단일판매ㆍ공급계약체결              ,positive,70,5,3,5,1,0.0135,0.0315,success,positive_signal_confirmed,"The prediction direction `positive` was consistent with the actual next close return of 3.15%. The event type was `supply_contract`, event score was 70.00, news sentiment score was 3.00, and news attention score was 5.00.",This event pattern can be treated as a useful reference case for future predictions.,Maintain current rule weight for this pattern and use it as a positive reference sample.,increase
20260911,389680,유디엠텍,supply_contract,[기재정정]단일판매ㆍ공급계약체결              ,positive,70,5,3,5,1,0.0135,0.0315,success,positive_signal_confirmed,"The prediction direction `positive` was consistent with the actual next close return of 3.15%. The event type was `supply_contract`, event score was 70.00, news sentiment score was 3.00, and news attention score was 5.00.",This event pattern can be treated as a useful reference case for future predictions.,Maintain current rule weight for this pattern and use it as a positive reference sample.,increase
20260911,389680,유디엠텍,supply_contract,[기재정정]단일판매ㆍ공급계약체결              ,positive,70,5,3,5,1,0.0135,0.0315,success,positive_signal_confirmed,"The prediction direction `positive` was consistent with the actual next close return of 3.15%. The event type was `supply_contract`, event score was 70.00, news sentiment score was 3.00, and news attention score was 5.00.",This event pattern can be treated as a useful reference case for future predictions.,Maintain current rule weight for this pattern and use it as a positive reference sample.,increase
20260911,389680,유디엠텍,supply_contract,[기재정정]단일판매ㆍ공급계약체결              ,positive,70,5,3,5,1,0.0135,0.0315,success,positive_signal_confirmed,"The prediction direction `positive` was consistent with the actual next close return of 3.15%. The event type was `supply_contract`, event score was 70.00, news sentiment score was 3.00, and news attention score was 5.00.",This event pattern can be treated as a useful reference case for future predictions.,Maintain current rule weight for this pattern and use it as a positive reference sample.,increase
20260911,389680,유디엠텍,supply_contract,[기재정정]단일판매ㆍ공급계약체결              ,positive,70,5,3,5,1,0.0135,0.0315,success,positive_signal_confirmed,"The prediction direction `positive` was consistent with the actual next close return of 3.15%. The event type was `supply_contract`, event score was 70.00, news sentiment score was 3.00, and news attention score was 5.00.",This event pattern can be treated as a useful reference case for future predictions.,Maintain current rule weight for this pattern and use it as a positive reference sample.,increase
20260911,389680,유디엠텍,supply_contract,[기재정정]단일판매ㆍ공급계약체결              ,positive,70,5,3,5,1,0.0135,0.0315,success,positive_signal_confirmed,"The prediction direction `positive` was consistent with the actual next close return of 3.15%. The event type was `supply_contract`, event score was 70.00, news sentiment score was 3.00, and news attention score was 5.00.",This event pattern can be treated as a useful reference case for future predictions.,Maintain current rule weight for this pattern and use it as a positive reference sample.,increase
20260911,389680,유디엠텍,supply_contract,[기재정정]단일판매ㆍ공급계약체결              ,positive,70,5,3,5,1,0.0135,0.0315,success,positive_signal_confirmed,"The prediction direction `positive` was consistent with the actual next close return of 3.15%. The event type was `supply_contract`, event score was 70.00, news sentiment score was 3.00, and news attention score was 5.00.",This event pattern can be treated as a useful reference case for future predictions.,Maintain current rule weight for this pattern and use it as a positive reference sample.,increase
20260911,012200,계양전기,paid_in_capital_increase,유상증자또는주식관련사채등의발행결과(자율공시)              ,negative,-70,5,-5,5,7,0.0,-0.0014,success,negative_signal_confirmed,"The prediction direction `negative` was consistent with the actual next close return of -0.14%. The event type was `paid_in_capital_increase`, event score was -70.00, news sentiment score was -5.00, and news attention score was 5.00.",This event pattern can be treated as a useful reference case for future predictions.,Maintain current rule weight for this pattern and use it as a positive reference sample.,increase
20260911,012200,계양전기,paid_in_capital_increase,유상증자또는주식관련사채등의발행결과(자율공시)              ,negative,-70,5,-5,5,7,0.0,-0.0014,success,negative_signal_confirmed,"The prediction direction `negative` was consistent with the actual next close return of -0.14%. The event type was `paid_in_capital_increase`, event score was -70.00, news sentiment score was -5.00, and news attention score was 5.00.",This event pattern can be treated as a useful reference case for future predictions.,Maintain current rule weight for this pattern and use it as a positive reference sample.,increase
20260911,227950,엔투텍,convertible_bond,[기재정정]주요사항보고서(전환사채권발행결정),negative,-60,5,-4,5,7,0.0,-0.0238,success,negative_signal_confirmed,"The prediction direction `negative` was consistent with the actual next close return of -2.38%. The event type was `convertible_bond`, event score was -60.00, news sentiment score was -4.00, and news attention score was 5.00.",This event pattern can be treated as a useful reference case for future predictions.,Maintain current rule weight for this pattern and use it as a positive reference sample.,increase
20260911,227950,엔투텍,convertible_bond,[기재정정]주요사항보고서(전환사채권발행결정),negative,-60,5,-4,5,7,0.0,-0.0238,success,negative_signal_confirmed,"The prediction direction `negative` was consistent with the actual next close return of -2.38%. The event type was `convertible_bond`, event score was -60.00, news sentiment score was -4.00, and news attention score was 5.00.",This event pattern can be treated as a useful reference case for future predictions.,Maintain current rule weight for this pattern and use it as a positive reference sample.,increase
20260911,227950,엔투텍,convertible_bond,[기재정정]주요사항보고서(전환사채권발행결정),negative,-60,5,-4,5,7,0.0,-0.0238,success,negative_signal_confirmed,"The prediction direction `negative` was consistent with the actual next close return of -2.38%. The event type was `convertible_bond`, event score was -60.00, news sentiment score was -4.00, and news attention score was 5.00.",This event pattern can be treated as a useful reference case for future predictions.,Maintain current rule weight for this pattern and use it as a positive reference sample.,increase
20260911,227950,엔투텍,convertible_bond,[기재정정]주요사항보고서(전환사채권발행결정),negative,-60,5,-4,5,7,0.0,-0.0238,success,negative_signal_confirmed,"The prediction direction `negative` was consistent with the actual next close return of -2.38%. The event type was `convertible_bond`, event score was -60.00, news sentiment score was -4.00, and news attention score was 5.00.",This event pattern can be treated as a useful reference case for future predictions.,Maintain current rule weight for this pattern and use it as a positive reference sample.,increase
20260911,227950,엔투텍,convertible_bond,[기재정정]주요사항보고서(전환사채권발행결정),negative,-60,5,-4,5,7,0.0,-0.0238,success,negative_signal_confirmed,"The prediction direction `negative` was consistent with the actual next close return of -2.38%. The event type was `convertible_bond`, event score was -60.00, news sentiment score was -4.00, and news attention score was 5.00.",This event pattern can be treated as a useful reference case for future predictions.,Maintain current rule weight for this pattern and use it as a positive reference sample.,increase
20260911,227950,엔투텍,convertible_bond,[기재정정]주요사항보고서(전환사채권발행결정),negative,-60,5,-4,5,7,0.0,-0.0238,success,negative_signal_confirmed,"The prediction direction `negative` was consistent with the actual next close return of -2.38%. The event type was `convertible_bond`, event score was -60.00, news sentiment score was -4.00, and news attention score was 5.00.",This event pattern can be treated as a useful reference case for future predictions.,Maintain current rule weight for this pattern and use it as a positive reference sample.,increase
20260911,317770,엑스페릭스,convertible_bond,[기재정정]주요사항보고서(전환사채권발행결정),negative,-60,5,0,5,3,-0.0431,-0.0449,success,negative_signal_confirmed,"The prediction direction `negative` was consistent with the actual next close return of -4.49%. The event type was `convertible_bond`, event score was -60.00, news sentiment score was 0.00, and news attention score was 5.00.",This event pattern can be treated as a useful reference case for future predictions.,Maintain current rule weight for this pattern and use it as a positive reference sample.,increase
20260911,317770,엑스페릭스,convertible_bond,[기재정정]주요사항보고서(전환사채권발행결정),negative,-60,5,0,5,3,-0.0431,-0.0449,success,negative_signal_confirmed,"The prediction direction `negative` was consistent with the actual next close return of -4.49%. The event type was `convertible_bond`, event score was -60.00, news sentiment score was 0.00, and news attention score was 5.00.",This event pattern can be treated as a useful reference case for future predictions.,Maintain current rule weight for this pattern and use it as a positive reference sample.,increase
20260911,215570,크로넥스,convertible_bond,[기재정정]주요사항보고서(전환사채권발행결정),negative,-60,5,1,5,3,0.1461,-0.0688,success,negative_signal_confirmed,"The prediction direction `negative` was consistent with the actual next close return of -6.88%. The event type was `convertible_bond`, event score was -60.00, news sentiment score was 1.00, and news attention score was 5.00.",This event pattern can be treated as a useful reference case for future predictions.,Maintain current rule weight for this pattern and use it as a positive reference sample.,increase
20260911,049470,비트플래닛,merger,[기재정정]합병등종료보고서(자산양수도),volatile,30,5,1,5,0,0.0,-0.0283,success,volatility_signal_confirmed,"The prediction direction `volatile` was consistent with the actual next close return of -2.83%. The event type was `merger`, event score was 30.00, news sentiment score was 1.00, and news attention score was 5.00.",This event pattern can be treated as a useful reference case for future predictions.,Maintain current rule weight for this pattern and use it as a positive reference sample.,increase
20260911,011090,에넥스,investment_decision,[기재정정]투자판단관련주요경영사항              ,volatile,30,5,-7,5,8,0.0,0.1615,success,volatility_signal_confirmed,"The prediction direction `volatile` was consistent with the actual next close return of 16.15%. The event type was `investment_decision`, event score was 30.00, news sentiment score was -7.00, and news attention score was 5.00.",This event pattern can be treated as a useful reference case for future predictions.,Maintain current rule weight for this pattern and use it as a positive reference sample.,increase
20260911,011090,에넥스,investment_decision,[기재정정]투자판단관련주요경영사항              ,volatile,30,5,-7,5,8,0.0,0.1615,success,volatility_signal_confirmed,"The prediction direction `volatile` was consistent with the actual next close return of 16.15%. The event type was `investment_decision`, event score was 30.00, news sentiment score was -7.00, and news attention score was 5.00.",This event pattern can be treated as a useful reference case for future predictions.,Maintain current rule weight for this pattern and use it as a positive reference sample.,increase
20260911,011090,에넥스,investment_decision,[기재정정]투자판단관련주요경영사항              ,volatile,30,5,-7,5,8,0.0,0.1615,success,volatility_signal_confirmed,"The prediction direction `volatile` was consistent with the actual next close return of 16.15%. The event type was `investment_decision`, event score was 30.00, news sentiment score was -7.00, and news attention score was 5.00.",This event pattern can be treated as a useful reference case for future predictions.,Maintain current rule weight for this pattern and use it as a positive reference sample.,increase
20260911,011090,에넥스,investment_decision,[기재정정]투자판단관련주요경영사항              ,volatile,30,5,-7,5,8,0.0,0.1615,success,volatility_signal_confirmed,"The prediction direction `volatile` was consistent with the actual next close return of 16.15%. The event type was `investment_decision`, event score was 30.00, news sentiment score was -7.00, and news attention score was 5.00.",This event pattern can be treated as a useful reference case for future predictions.,Maintain current rule weight for this pattern and use it as a positive reference sample.,increase
20260911,011090,에넥스,investment_decision,[기재정정]투자판단관련주요경영사항              ,volatile,30,5,-7,5,8,0.0,0.1615,success,volatility_signal_confirmed,"The prediction direction `volatile` was consistent with the actual next close return of 16.15%. The event type was `investment_decision`, event score was 30.00, news sentiment score was -7.00, and news attention score was 5.00.",This event pattern can be treated as a useful reference case for future predictions.,Maintain current rule weight for this pattern and use it as a positive reference sample.,increase
20260911,011090,에넥스,investment_decision,[기재정정]투자판단관련주요경영사항              ,volatile,30,5,-7,5,8,0.0,0.1615,success,volatility_signal_confirmed,"The prediction direction `volatile` was consistent with the actual next close return of 16.15%. The event type was `investment_decision`, event score was 30.00, news sentiment score was -7.00, and news attention score was 5.00.",This event pattern can be treated as a useful reference case for future predictions.,Maintain current rule weight for this pattern and use it as a positive reference sample.,increase
20260911,050090,비케이홀딩스,paid_in_capital_increase,증권발행결과(자율공시)              (제3자배정 유상증자),negative,-70,5,7,5,2,0.0022,0.0134,failure,negative_signal_reversed,"The prediction direction was `negative`, but the actual next close return was 1.34%. The event type was `paid_in_capital_increase` with event score -70.00. The disclosure title was `증권발행결과(자율공시)              (제3자배정 유상증자)`. The event had 2 negative keyword signals, which may have reduced market confidence.",Some negative events can rebound if the market interprets them as already priced in or less severe than expected.,Reduce negative confidence when negative events show positive actual returns repeatedly.,slightly_decrease
20260911,006120,SK디스커버리,supply_contract,[기재정정]단일판매ㆍ공급계약체결(자회사의 주요경영사항)              ,positive,70,5,1,5,2,-0.007,-0.0052,failure,positive_signal_with_negative_noise,"The prediction direction was `positive`, but the actual next close return was -0.52%. The event type was `supply_contract` with event score 70.00. The disclosure title was `[기재정정]단일판매ㆍ공급계약체결(자회사의 주요경영사항)              `. The event had 2 negative keyword signals, which may have reduced market confidence.",Positive events with multiple negative keywords should receive lower confidence.,Apply a penalty when negative_keyword_count is greater than or equal to two.,decrease
20260911,006120,SK디스커버리,supply_contract,[기재정정]단일판매ㆍ공급계약체결(자회사의 주요경영사항)              ,positive,70,5,1,5,2,-0.007,-0.0052,failure,positive_signal_with_negative_noise,"The prediction direction was `positive`, but the actual next close return was -0.52%. The event type was `supply_contract` with event score 70.00. The disclosure title was `[기재정정]단일판매ㆍ공급계약체결(자회사의 주요경영사항)              `. The event had 2 negative keyword signals, which may have reduced market confidence.",Positive events with multiple negative keywords should receive lower confidence.,Apply a penalty when negative_keyword_count is greater than or equal to two.,decrease
20260911,004800,효성,major_shareholder_change,최대주주등소유주식변동신고서              ,volatile,10,5,8,5,0,-0.0312,-0.0293,success,volatility_signal_confirmed,"The prediction direction `volatile` was consistent with the actual next close return of -2.93%. The event type was `major_shareholder_change`, event score was 10.00, news sentiment score was 8.00, and news attention score was 5.00.",This event pattern can be treated as a useful reference case for future predictions.,Maintain current rule weight for this pattern and use it as a positive reference sample.,increase
20260911,004800,효성,major_shareholder_change,최대주주등소유주식변동신고서              ,volatile,10,5,8,5,0,-0.0312,-0.0293,success,volatility_signal_confirmed,"The prediction direction `volatile` was consistent with the actual next close return of -2.93%. The event type was `major_shareholder_change`, event score was 10.00, news sentiment score was 8.00, and news attention score was 5.00.",This event pattern can be treated as a useful reference case for future predictions.,Maintain current rule weight for this pattern and use it as a positive reference sample.,increase
20260911,004800,효성,major_shareholder_change,최대주주등소유주식변동신고서              ,volatile,10,5,8,5,0,-0.0312,-0.0293,success,volatility_signal_confirmed,"The prediction direction `volatile` was consistent with the actual next close return of -2.93%. The event type was `major_shareholder_change`, event score was 10.00, news sentiment score was 8.00, and news attention score was 5.00.",This event pattern can be treated as a useful reference case for future predictions.,Maintain current rule weight for this pattern and use it as a positive reference sample.,increase
20260911,347700,스피어,supply_contract,[기재정정]단일판매ㆍ공급계약체결              ,positive,70,5,3,5,0,0.0175,-0.0025,failure,general_prediction_failure,"The prediction direction was `positive`, but the actual next close return was -0.25%. The event type was `supply_contract` with event score 70.00. The disclosure title was `[기재정정]단일판매ㆍ공급계약체결              `.",The current rule set was not sufficient to explain the actual price reaction.,"Add more features such as market index return, trading volume, and sector movement.",slightly_decrease
20260911,010140,삼성중공업,supply_contract,[기재정정]단일판매ㆍ공급계약체결              ,positive,70,5,2,5,0,-0.014,-0.0093,failure,general_prediction_failure,"The prediction direction was `positive`, but the actual next close return was -0.93%. The event type was `supply_contract` with event score 70.00. The disclosure title was `[기재정정]단일판매ㆍ공급계약체결              `.",The current rule set was not sufficient to explain the actual price reaction.,"Add more features such as market index return, trading volume, and sector movement.",slightly_decrease
20260911,068940,셀피글로벌,lawsuit,소송등의판결ㆍ결정              (직무집행정지 등 가처분),negative,-75,5,-1,5,1,-1.0,0.0,failure,negative_signal_reversed,"The prediction direction was `negative`, but the actual next close return was 0.00%. The event type was `lawsuit` with event score -75.00. The disclosure title was `소송등의판결ㆍ결정              (직무집행정지 등 가처분)`.",Some negative events can rebound if the market interprets them as already priced in or less severe than expected.,Reduce negative confidence when negative events show positive actual returns repeatedly.,slightly_decrease
20260911,039560,다산네트웍스,paid_in_capital_increase,유상증자결정(종속회사의주요경영사항)              ,negative,-70,5,0,5,2,0.0042,0.0084,failure,negative_signal_reversed,"The prediction direction was `negative`, but the actual next close return was 0.84%. The event type was `paid_in_capital_increase` with event score -70.00. The disclosure title was `유상증자결정(종속회사의주요경영사항)              `. The event had 2 negative keyword signals, which may have reduced market confidence.",Some negative events can rebound if the market interprets them as already priced in or less severe than expected.,Reduce negative confidence when negative events show positive actual returns repeatedly.,slightly_decrease
20260911,026910,광진실업,major_shareholder_change,[기재정정]최대주주변경을수반하는주식담보제공계약체결              ,volatile,10,5,-1,5,4,-0.0142,-0.0426,success,volatility_signal_confirmed,"The prediction direction `volatile` was consistent with the actual next close return of -4.26%. The event type was `major_shareholder_change`, event score was 10.00, news sentiment score was -1.00, and news attention score was 5.00.",This event pattern can be treated as a useful reference case for future predictions.,Maintain current rule weight for this pattern and use it as a positive reference sample.,increase
20260911,026910,광진실업,major_shareholder_change,[기재정정]최대주주변경을수반하는주식담보제공계약체결              ,volatile,10,5,-1,5,4,-0.0142,-0.0426,success,volatility_signal_confirmed,"The prediction direction `volatile` was consistent with the actual next close return of -4.26%. The event type was `major_shareholder_change`, event score was 10.00, news sentiment score was -1.00, and news attention score was 5.00.",This event pattern can be treated as a useful reference case for future predictions.,Maintain current rule weight for this pattern and use it as a positive reference sample.,increase
20260911,241710,코스메카코리아,merger,주요사항보고서(회사합병결정),volatile,30,5,8,5,1,0.0215,0.0048,failure,volatility_overestimated,"The prediction direction was `volatile`, but the actual next close return was 0.48%. The event type was `merger` with event score 30.00. The disclosure title was `주요사항보고서(회사합병결정)`. The event was treated as volatile, but the actual price movement may have been smaller than expected.",Volatile event classification should require stronger attention or stronger historical movement patterns.,Require higher news_attention_score before classifying an event as a strong volatility candidate.,decrease
20260911,307870,비투엔,major_shareholder_change,[기재정정]최대주주변경을수반하는주식양수도계약체결              ,volatile,10,5,8,5,1,-0.0167,-0.0235,success,volatility_signal_confirmed,"The prediction direction `volatile` was consistent with the actual next close return of -2.35%. The event type was `major_shareholder_change`, event score was 10.00, news sentiment score was 8.00, and news attention score was 5.00.",This event pattern can be treated as a useful reference case for future predictions.,Maintain current rule weight for this pattern and use it as a positive reference sample.,increase
20260911,391710,코닉오토메이션,supply_contract,단일판매ㆍ공급계약체결              ,positive,70,5,4,5,4,0.0604,0.0808,success,positive_signal_confirmed,"The prediction direction `positive` was consistent with the actual next close return of 8.08%. The event type was `supply_contract`, event score was 70.00, news sentiment score was 4.00, and news attention score was 5.00.",This event pattern can be treated as a useful reference case for future predictions.,Maintain current rule weight for this pattern and use it as a positive reference sample.,increase
20260911,025770,한국정보통신,major_shareholder_change,[기재정정]최대주주변경을수반하는주식담보제공계약체결              ,volatile,10,5,0,5,0,0.0,-0.0012,failure,volatility_overestimated,"The prediction direction was `volatile`, but the actual next close return was -0.12%. The event type was `major_shareholder_change` with event score 10.00. The disclosure title was `[기재정정]최대주주변경을수반하는주식담보제공계약체결              `. The event was treated as volatile, but the actual price movement may have been smaller than expected.",Volatile event classification should require stronger attention or stronger historical movement patterns.,Require higher news_attention_score before classifying an event as a strong volatility candidate.,decrease
20260911,025770,한국정보통신,major_shareholder_change,[기재정정]최대주주변경을수반하는주식담보제공계약체결              ,volatile,10,5,0,5,0,0.0,-0.0012,failure,volatility_overestimated,"The prediction direction was `volatile`, but the actual next close return was -0.12%. The event type was `major_shareholder_change` with event score 10.00. The disclosure title was `[기재정정]최대주주변경을수반하는주식담보제공계약체결              `. The event was treated as volatile, but the actual price movement may have been smaller than expected.",Volatile event classification should require stronger attention or stronger historical movement patterns.,Require higher news_attention_score before classifying an event as a strong volatility candidate.,decrease
20260911,351320,넥사다이내믹스,paid_in_capital_increase,[기재정정]주요사항보고서(유상증자결정),negative,-70,5,-3,5,6,-0.0087,-0.0162,success,negative_signal_confirmed,"The prediction direction `negative` was consistent with the actual next close return of -1.62%. The event type was `paid_in_capital_increase`, event score was -70.00, news sentiment score was -3.00, and news attention score was 5.00.",This event pattern can be treated as a useful reference case for future predictions.,Maintain current rule weight for this pattern and use it as a positive reference sample.,increase
20260911,351320,넥사다이내믹스,paid_in_capital_increase,[기재정정]주요사항보고서(유상증자결정),negative,-70,5,-3,5,6,-0.0087,-0.0162,success,negative_signal_confirmed,"The prediction direction `negative` was consistent with the actual next close return of -1.62%. The event type was `paid_in_capital_increase`, event score was -70.00, news sentiment score was -3.00, and news attention score was 5.00.",This event pattern can be treated as a useful reference case for future predictions.,Maintain current rule weight for this pattern and use it as a positive reference sample.,increase
20260911,351320,넥사다이내믹스,paid_in_capital_increase,[기재정정]주요사항보고서(유상증자결정),negative,-70,5,-3,5,6,-0.0087,-0.0162,success,negative_signal_confirmed,"The prediction direction `negative` was consistent with the actual next close return of -1.62%. The event type was `paid_in_capital_increase`, event score was -70.00, news sentiment score was -3.00, and news attention score was 5.00.",This event pattern can be treated as a useful reference case for future predictions.,Maintain current rule weight for this pattern and use it as a positive reference sample.,increase
20260911,351320,넥사다이내믹스,paid_in_capital_increase,[기재정정]주요사항보고서(유상증자결정),negative,-70,5,-3,5,6,-0.0087,-0.0162,success,negative_signal_confirmed,"The prediction direction `negative` was consistent with the actual next close return of -1.62%. The event type was `paid_in_capital_increase`, event score was -70.00, news sentiment score was -3.00, and news attention score was 5.00.",This event pattern can be treated as a useful reference case for future predictions.,Maintain current rule weight for this pattern and use it as a positive reference sample.,increase
20260911,351320,넥사다이내믹스,paid_in_capital_increase,[기재정정]주요사항보고서(유상증자결정),negative,-70,5,-3,5,6,-0.0087,-0.0162,success,negative_signal_confirmed,"The prediction direction `negative` was consistent with the actual next close return of -1.62%. The event type was `paid_in_capital_increase`, event score was -70.00, news sentiment score was -3.00, and news attention score was 5.00.",This event pattern can be treated as a useful reference case for future predictions.,Maintain current rule weight for this pattern and use it as a positive reference sample.,increase
20260911,351320,넥사다이내믹스,paid_in_capital_increase,[기재정정]주요사항보고서(유상증자결정),negative,-70,5,-3,5,6,-0.0087,-0.0162,success,negative_signal_confirmed,"The prediction direction `negative` was consistent with the actual next close return of -1.62%. The event type was `paid_in_capital_increase`, event score was -70.00, news sentiment score was -3.00, and news attention score was 5.00.",This event pattern can be treated as a useful reference case for future predictions.,Maintain current rule weight for this pattern and use it as a positive reference sample.,increase
20260911,351320,넥사다이내믹스,paid_in_capital_increase,[기재정정]주요사항보고서(유상증자결정),negative,-70,5,-3,5,6,-0.0087,-0.0162,success,negative_signal_confirmed,"The prediction direction `negative` was consistent with the actual next close return of -1.62%. The event type was `paid_in_capital_increase`, event score was -70.00, news sentiment score was -3.00, and news attention score was 5.00.",This event pattern can be treated as a useful reference case for future predictions.,Maintain current rule weight for this pattern and use it as a positive reference sample.,increase
20260911,351320,넥사다이내믹스,paid_in_capital_increase,[기재정정]주요사항보고서(유상증자결정),negative,-70,5,-3,5,6,-0.0087,-0.0162,success,negative_signal_confirmed,"The prediction direction `negative` was consistent with the actual next close return of -1.62%. The event type was `paid_in_capital_increase`, event score was -70.00, news sentiment score was -3.00, and news attention score was 5.00.",This event pattern can be treated as a useful reference case for future predictions.,Maintain current rule weight for this pattern and use it as a positive reference sample.,increase
20260911,440110,파두,supply_contract,[기재정정]단일판매ㆍ공급계약체결              ,positive,70,5,1,5,3,-0.0365,-0.0672,failure,positive_signal_with_negative_noise,"The prediction direction was `positive`, but the actual next close return was -6.72%. The event type was `supply_contract` with event score 70.00. The disclosure title was `[기재정정]단일판매ㆍ공급계약체결              `. The event had 3 negative keyword signals, which may have reduced market confidence.",Positive events with multiple negative keywords should receive lower confidence.,Apply a penalty when negative_keyword_count is greater than or equal to two.,decrease
20260911,004770,써니전자,major_shareholder_change,최대주주등소유주식변동신고서              ,volatile,10,5,1,5,4,-0.0118,0.0141,failure,volatility_overestimated,"The prediction direction was `volatile`, but the actual next close return was 1.41%. The event type was `major_shareholder_change` with event score 10.00. The disclosure title was `최대주주등소유주식변동신고서              `. The event had 4 negative keyword signals, which may have reduced market confidence. The event was treated as volatile, but the actual price movement may have been smaller than expected.",Volatile event classification should require stronger attention or stronger historical movement patterns.,Require higher news_attention_score before classifying an event as a strong volatility candidate.,decrease
20260911,354200,엔젠바이오,paid_in_capital_increase,유상증자또는주식관련사채등의청약결과(자율공시)              ,negative,-70,5,-1,5,3,0.0372,0.053,failure,negative_signal_reversed,"The prediction direction was `negative`, but the actual next close return was 5.30%. The event type was `paid_in_capital_increase` with event score -70.00. The disclosure title was `유상증자또는주식관련사채등의청약결과(자율공시)              `. The event had 3 negative keyword signals, which may have reduced market confidence.",Some negative events can rebound if the market interprets them as already priced in or less severe than expected.,Reduce negative confidence when negative events show positive actual returns repeatedly.,slightly_decrease
20260911,900100,파이온엑스,paid_in_capital_increase,[기재정정]주요사항보고서(유상증자결정),negative,-70,5,1,5,3,-0.0323,-0.0737,success,negative_signal_confirmed,"The prediction direction `negative` was consistent with the actual next close return of -7.37%. The event type was `paid_in_capital_increase`, event score was -70.00, news sentiment score was 1.00, and news attention score was 5.00.",This event pattern can be treated as a useful reference case for future predictions.,Maintain current rule weight for this pattern and use it as a positive reference sample.,increase
20260911,340360,다보링크,convertible_bond,[기재정정]주요사항보고서(전환사채권발행결정),negative,-60,5,-1,5,4,0.0578,-0.0167,success,negative_signal_confirmed,"The prediction direction `negative` was consistent with the actual next close return of -1.67%. The event type was `convertible_bond`, event score was -60.00, news sentiment score was -1.00, and news attention score was 5.00.",This event pattern can be treated as a useful reference case for future predictions.,Maintain current rule weight for this pattern and use it as a positive reference sample.,increase
20260911,189300,인텔리안테크,supply_contract,단일판매ㆍ공급계약체결              ,positive,70,5,17,5,0,0.0189,0.0174,success,positive_signal_confirmed,"The prediction direction `positive` was consistent with the actual next close return of 1.74%. The event type was `supply_contract`, event score was 70.00, news sentiment score was 17.00, and news attention score was 5.00.",This event pattern can be treated as a useful reference case for future predictions.,Maintain current rule weight for this pattern and use it as a positive reference sample.,increase
20260911,282880,코윈테크,supply_contract,[기재정정]단일판매ㆍ공급계약체결              ,positive,70,5,-2,5,6,0.017,-0.011,failure,weak_positive_signal,"The prediction direction was `positive`, but the actual next close return was -1.10%. The event type was `supply_contract` with event score 70.00. The disclosure title was `[기재정정]단일판매ㆍ공급계약체결              `. Although the event direction was positive, news sentiment was weak or neutral. The event had 6 negative keyword signals, which may have reduced market confidence.",Positive event predictions should be treated more conservatively when news sentiment is weak.,Decrease confidence for positive events when news_sentiment_score is less than or equal to zero.,decrease
20260911,064800,포니링크,lawsuit,소송등의판결ㆍ결정              ,negative,-75,5,4,5,1,-0.0021,-0.0206,success,negative_signal_confirmed,"The prediction direction `negative` was consistent with the actual next close return of -2.06%. The event type was `lawsuit`, event score was -75.00, news sentiment score was 4.00, and news attention score was 5.00.",This event pattern can be treated as a useful reference case for future predictions.,Maintain current rule weight for this pattern and use it as a positive reference sample.,increase
20260911,003620,KG모빌리티,paid_in_capital_increase,유상증자또는주식관련사채등의발행결과(자율공시)              ,negative,-70,5,3,5,0,-0.0037,-0.0037,success,negative_signal_confirmed,"The prediction direction `negative` was consistent with the actual next close return of -0.37%. The event type was `paid_in_capital_increase`, event score was -70.00, news sentiment score was 3.00, and news attention score was 5.00.",This event pattern can be treated as a useful reference case for future predictions.,Maintain current rule weight for this pattern and use it as a positive reference sample.,increase
20260911,001360,삼성제약,paid_in_capital_increase,유상증자또는주식관련사채등의발행결과(자율공시)              ,negative,-70,5,1,5,1,0.0,0.0007,failure,negative_signal_reversed,"The prediction direction was `negative`, but the actual next close return was 0.07%. The event type was `paid_in_capital_increase` with event score -70.00. The disclosure title was `유상증자또는주식관련사채등의발행결과(자율공시)              `.",Some negative events can rebound if the market interprets them as already priced in or less severe than expected.,Reduce negative confidence when negative events show positive actual returns repeatedly.,slightly_decrease
20260911,006340,대원전선,major_shareholder_change,최대주주등소유주식변동신고서              ,volatile,10,5,4,5,2,-0.0174,-0.0076,failure,volatility_overestimated,"The prediction direction was `volatile`, but the actual next close return was -0.76%. The event type was `major_shareholder_change` with event score 10.00. The disclosure title was `최대주주등소유주식변동신고서              `. The event had 2 negative keyword signals, which may have reduced market confidence. The event was treated as volatile, but the actual price movement may have been smaller than expected.",Volatile event classification should require stronger attention or stronger historical movement patterns.,Require higher news_attention_score before classifying an event as a strong volatility candidate.,decrease
20260911,006340,대원전선,major_shareholder_change,최대주주등소유주식변동신고서              ,volatile,10,5,4,5,2,-0.0174,-0.0076,failure,volatility_overestimated,"The prediction direction was `volatile`, but the actual next close return was -0.76%. The event type was `major_shareholder_change` with event score 10.00. The disclosure title was `최대주주등소유주식변동신고서              `. The event had 2 negative keyword signals, which may have reduced market confidence. The event was treated as volatile, but the actual price movement may have been smaller than expected.",Volatile event classification should require stronger attention or stronger historical movement patterns.,Require higher news_attention_score before classifying an event as a strong volatility candidate.,decrease
20260911,200350,아티스트스튜디오,paid_in_capital_increase,주요사항보고서(유상증자결정),negative,-70,5,0,5,2,0.0224,0.1256,failure,negative_signal_reversed,"The prediction direction was `negative`, but the actual next close return was 12.56%. The event type was `paid_in_capital_increase` with event score -70.00. The disclosure title was `주요사항보고서(유상증자결정)`. The event had 2 negative keyword signals, which may have reduced market confidence.",Some negative events can rebound if the market interprets them as already priced in or less severe than expected.,Reduce negative confidence when negative events show positive actual returns repeatedly.,slightly_decrease
20260911,200350,아티스트스튜디오,paid_in_capital_increase,주요사항보고서(유상증자결정),negative,-70,5,0,5,2,0.0224,0.1256,failure,negative_signal_reversed,"The prediction direction was `negative`, but the actual next close return was 12.56%. The event type was `paid_in_capital_increase` with event score -70.00. The disclosure title was `주요사항보고서(유상증자결정)`. The event had 2 negative keyword signals, which may have reduced market confidence.",Some negative events can rebound if the market interprets them as already priced in or less severe than expected.,Reduce negative confidence when negative events show positive actual returns repeatedly.,slightly_decrease
20260911,226330,신테카바이오,supply_contract,단일판매ㆍ공급계약체결              ,positive,70,5,11,5,1,0.0,-0.0024,failure,general_prediction_failure,"The prediction direction was `positive`, but the actual next close return was -0.24%. The event type was `supply_contract` with event score 70.00. The disclosure title was `단일판매ㆍ공급계약체결              `.",The current rule set was not sufficient to explain the actual price reaction.,"Add more features such as market index return, trading volume, and sector movement.",slightly_decrease
20260911,226330,신테카바이오,supply_contract,단일판매ㆍ공급계약체결              ,positive,70,5,11,5,1,0.0,-0.0024,failure,general_prediction_failure,"The prediction direction was `positive`, but the actual next close return was -0.24%. The event type was `supply_contract` with event score 70.00. The disclosure title was `단일판매ㆍ공급계약체결              `.",The current rule set was not sufficient to explain the actual price reaction.,"Add more features such as market index return, trading volume, and sector movement.",slightly_decrease
20260911,226330,신테카바이오,supply_contract,단일판매ㆍ공급계약체결              ,positive,70,5,11,5,1,0.0,-0.0024,failure,general_prediction_failure,"The prediction direction was `positive`, but the actual next close return was -0.24%. The event type was `supply_contract` with event score 70.00. The disclosure title was `단일판매ㆍ공급계약체결              `.",The current rule set was not sufficient to explain the actual price reaction.,"Add more features such as market index return, trading volume, and sector movement.",slightly_decrease
20260911,226330,신테카바이오,supply_contract,단일판매ㆍ공급계약체결              ,positive,70,5,11,5,1,0.0,-0.0024,failure,general_prediction_failure,"The prediction direction was `positive`, but the actual next close return was -0.24%. The event type was `supply_contract` with event score 70.00. The disclosure title was `단일판매ㆍ공급계약체결              `.",The current rule set was not sufficient to explain the actual price reaction.,"Add more features such as market index return, trading volume, and sector movement.",slightly_decrease
20260911,013360,일성건설,supply_contract,[기재정정]단일판매ㆍ공급계약체결              ,positive,70,5,11,5,3,0.0,-0.0194,failure,positive_signal_with_negative_noise,"The prediction direction was `positive`, but the actual next close return was -1.94%. The event type was `supply_contract` with event score 70.00. The disclosure title was `[기재정정]단일판매ㆍ공급계약체결              `. The event had 3 negative keyword signals, which may have reduced market confidence.",Positive events with multiple negative keywords should receive lower confidence.,Apply a penalty when negative_keyword_count is greater than or equal to two.,decrease
20260911,383310,에코프로에이치엔,supply_contract,단일판매ㆍ공급계약체결              ,positive,70,5,13,5,1,-0.0087,-0.0281,failure,general_prediction_failure,"The prediction direction was `positive`, but the actual next close return was -2.81%. The event type was `supply_contract` with event score 70.00. The disclosure title was `단일판매ㆍ공급계약체결              `.",The current rule set was not sufficient to explain the actual price reaction.,"Add more features such as market index return, trading volume, and sector movement.",slightly_decrease
20260911,023350,한국종합기술,supply_contract,[기재정정]단일판매ㆍ공급계약체결              ,positive,70,5,2,5,0,0.0012,-0.0209,failure,general_prediction_failure,"The prediction direction was `positive`, but the actual next close return was -2.09%. The event type was `supply_contract` with event score 70.00. The disclosure title was `[기재정정]단일판매ㆍ공급계약체결              `.",The current rule set was not sufficient to explain the actual price reaction.,"Add more features such as market index return, trading volume, and sector movement.",slightly_decrease
20260911,380540,옵티코어,convertible_bond,[기재정정]주요사항보고서(자기전환사채만기전취득결정),negative,-60,5,2,5,3,-1.0,0.0,failure,negative_signal_reversed,"The prediction direction was `negative`, but the actual next close return was 0.00%. The event type was `convertible_bond` with event score -60.00. The disclosure title was `[기재정정]주요사항보고서(자기전환사채만기전취득결정)`. The event had 3 negative keyword signals, which may have reduced market confidence.",Some negative events can rebound if the market interprets them as already priced in or less severe than expected.,Reduce negative confidence when negative events show positive actual returns repeatedly.,slightly_decrease
20260911,079190,케스피온,paid_in_capital_increase,[기재정정]주요사항보고서(유상증자결정),negative,-70,5,0,5,5,0.0,-0.0169,success,negative_signal_confirmed,"The prediction direction `negative` was consistent with the actual next close return of -1.69%. The event type was `paid_in_capital_increase`, event score was -70.00, news sentiment score was 0.00, and news attention score was 5.00.",This event pattern can be treated as a useful reference case for future predictions.,Maintain current rule weight for this pattern and use it as a positive reference sample.,increase
20260911,090430,아모레퍼시픽,earnings_guidance,연결재무제표기준영업실적등에대한전망(공정공시)              ,neutral_positive,50,5,14,5,0,0.0178,0.0214,success,positive_signal_confirmed,"The prediction direction `neutral_positive` was consistent with the actual next close return of 2.14%. The event type was `earnings_guidance`, event score was 50.00, news sentiment score was 14.00, and news attention score was 5.00.",This event pattern can be treated as a useful reference case for future predictions.,Maintain current rule weight for this pattern and use it as a positive reference sample.,increase
20260911,090430,아모레퍼시픽,earnings_guidance,연결재무제표기준영업실적등에대한전망(공정공시)              ,neutral_positive,50,5,14,5,0,0.0178,0.0214,success,positive_signal_confirmed,"The prediction direction `neutral_positive` was consistent with the actual next close return of 2.14%. The event type was `earnings_guidance`, event score was 50.00, news sentiment score was 14.00, and news attention score was 5.00.",This event pattern can be treated as a useful reference case for future predictions.,Maintain current rule weight for this pattern and use it as a positive reference sample.,increase
20260911,070590,인티큐브,supply_contract,단일판매ㆍ공급계약체결              ,positive,70,5,9,5,0,0.0,0.0074,success,positive_signal_confirmed,"The prediction direction `positive` was consistent with the actual next close return of 0.74%. The event type was `supply_contract`, event score was 70.00, news sentiment score was 9.00, and news attention score was 5.00.",This event pattern can be treated as a useful reference case for future predictions.,Maintain current rule weight for this pattern and use it as a positive reference sample.,increase
20260911,097230,HJ중공업,supply_contract,[기재정정]단일판매ㆍ공급계약체결              ,positive,70,5,3,5,3,-0.0031,-0.0144,failure,positive_signal_with_negative_noise,"The prediction direction was `positive`, but the actual next close return was -1.44%. The event type was `supply_contract` with event score 70.00. The disclosure title was `[기재정정]단일판매ㆍ공급계약체결              `. The event had 3 negative keyword signals, which may have reduced market confidence.",Positive events with multiple negative keywords should receive lower confidence.,Apply a penalty when negative_keyword_count is greater than or equal to two.,decrease
20260911,068290,삼성출판사,major_shareholder_change,최대주주등소유주식변동신고서              ,volatile,10,5,1,5,1,0.0,-0.0016,failure,volatility_overestimated,"The prediction direction was `volatile`, but the actual next close return was -0.16%. The event type was `major_shareholder_change` with event score 10.00. The disclosure title was `최대주주등소유주식변동신고서              `. The event was treated as volatile, but the actual price movement may have been smaller than expected.",Volatile event classification should require stronger attention or stronger historical movement patterns.,Require higher news_attention_score before classifying an event as a strong volatility candidate.,decrease
20260911,268280,미원에스씨,major_shareholder_change,최대주주등소유주식변동신고서              ,volatile,10,5,6,5,0,-0.0022,-0.0178,failure,volatility_overestimated,"The prediction direction was `volatile`, but the actual next close return was -1.78%. The event type was `major_shareholder_change` with event score 10.00. The disclosure title was `최대주주등소유주식변동신고서              `. The event was treated as volatile, but the actual price movement may have been smaller than expected.",Volatile event classification should require stronger attention or stronger historical movement patterns.,Require higher news_attention_score before classifying an event as a strong volatility candidate.,decrease
20260911,001570,금양,spin_off,[기재정정]주요사항보고서(회사분할결정),volatile,30,5,0,5,2,-1.0,0.0,failure,volatility_overestimated,"The prediction direction was `volatile`, but the actual next close return was 0.00%. The event type was `spin_off` with event score 30.00. The disclosure title was `[기재정정]주요사항보고서(회사분할결정)`. The event had 2 negative keyword signals, which may have reduced market confidence. The event was treated as volatile, but the actual price movement may have been smaller than expected.",Volatile event classification should require stronger attention or stronger historical movement patterns.,Require higher news_attention_score before classifying an event as a strong volatility candidate.,decrease
20260911,377480,마음AI,supply_contract,단일판매ㆍ공급계약체결              ,positive,70,5,1,5,1,0.0,-0.0049,failure,general_prediction_failure,"The prediction direction was `positive`, but the actual next close return was -0.49%. The event type was `supply_contract` with event score 70.00. The disclosure title was `단일판매ㆍ공급계약체결              `.",The current rule set was not sufficient to explain the actual price reaction.,"Add more features such as market index return, trading volume, and sector movement.",slightly_decrease
20260911,377480,마음AI,supply_contract,단일판매ㆍ공급계약체결              ,positive,70,5,1,5,1,0.0,-0.0049,failure,general_prediction_failure,"The prediction direction was `positive`, but the actual next close return was -0.49%. The event type was `supply_contract` with event score 70.00. The disclosure title was `단일판매ㆍ공급계약체결              `.",The current rule set was not sufficient to explain the actual price reaction.,"Add more features such as market index return, trading volume, and sector movement.",slightly_decrease
20260911,071950,코아스,supply_contract,단일판매ㆍ공급계약체결              ,positive,70,5,9,5,1,-0.041,-0.0887,failure,general_prediction_failure,"The prediction direction was `positive`, but the actual next close return was -8.87%. The event type was `supply_contract` with event score 70.00. The disclosure title was `단일판매ㆍ공급계약체결              `.",The current rule set was not sufficient to explain the actual price reaction.,"Add more features such as market index return, trading volume, and sector movement.",slightly_decrease
20260911,004080,신흥,major_shareholder_change,최대주주등소유주식변동신고서              ,volatile,10,5,6,5,0,0.0,-0.0007,failure,volatility_overestimated,"The prediction direction was `volatile`, but the actual next close return was -0.07%. The event type was `major_shareholder_change` with event score 10.00. The disclosure title was `최대주주등소유주식변동신고서              `. The event was treated as volatile, but the actual price movement may have been smaller than expected.",Volatile event classification should require stronger attention or stronger historical movement patterns.,Require higher news_attention_score before classifying an event as a strong volatility candidate.,decrease
20260911,004080,신흥,major_shareholder_change,최대주주등소유주식변동신고서              ,volatile,10,5,6,5,0,0.0,-0.0007,failure,volatility_overestimated,"The prediction direction was `volatile`, but the actual next close return was -0.07%. The event type was `major_shareholder_change` with event score 10.00. The disclosure title was `최대주주등소유주식변동신고서              `. The event was treated as volatile, but the actual price movement may have been smaller than expected.",Volatile event classification should require stronger attention or stronger historical movement patterns.,Require higher news_attention_score before classifying an event as a strong volatility candidate.,decrease
20260911,119850,지엔씨에너지,supply_contract,단일판매ㆍ공급계약체결              ,positive,70,5,10,5,0,-0.0247,0.0158,success,positive_signal_confirmed,"The prediction direction `positive` was consistent with the actual next close return of 1.58%. The event type was `supply_contract`, event score was 70.00, news sentiment score was 10.00, and news attention score was 5.00.",This event pattern can be treated as a useful reference case for future predictions.,Maintain current rule weight for this pattern and use it as a positive reference sample.,increase
20260911,006650,대한유화,major_shareholder_change,최대주주등소유주식변동신고서              ,volatile,10,5,3,5,1,-0.0147,0.0127,failure,volatility_overestimated,"The prediction direction was `volatile`, but the actual next close return was 1.27%. The event type was `major_shareholder_change` with event score 10.00. The disclosure title was `최대주주등소유주식변동신고서              `. The event was treated as volatile, but the actual price movement may have been smaller than expected.",Volatile event classification should require stronger attention or stronger historical movement patterns.,Require higher news_attention_score before classifying an event as a strong volatility candidate.,decrease
20260911,101680,한국정밀기계,supply_contract,단일판매ㆍ공급계약체결(자율공시)              ,positive,70,5,9,5,1,-0.0208,-0.0174,failure,general_prediction_failure,"The prediction direction was `positive`, but the actual next close return was -1.74%. The event type was `supply_contract` with event score 70.00. The disclosure title was `단일판매ㆍ공급계약체결(자율공시)              `.",The current rule set was not sufficient to explain the actual price reaction.,"Add more features such as market index return, trading volume, and sector movement.",slightly_decrease
20260911,101680,한국정밀기계,supply_contract,단일판매ㆍ공급계약체결(자율공시)              ,positive,70,5,9,5,1,-0.0208,-0.0174,failure,general_prediction_failure,"The prediction direction was `positive`, but the actual next close return was -1.74%. The event type was `supply_contract` with event score 70.00. The disclosure title was `단일판매ㆍ공급계약체결(자율공시)              `.",The current rule set was not sufficient to explain the actual price reaction.,"Add more features such as market index return, trading volume, and sector movement.",slightly_decrease
20260911,101680,한국정밀기계,supply_contract,단일판매ㆍ공급계약체결(자율공시)              ,positive,70,5,9,5,1,-0.0208,-0.0174,failure,general_prediction_failure,"The prediction direction was `positive`, but the actual next close return was -1.74%. The event type was `supply_contract` with event score 70.00. The disclosure title was `단일판매ㆍ공급계약체결(자율공시)              `.",The current rule set was not sufficient to explain the actual price reaction.,"Add more features such as market index return, trading volume, and sector movement.",slightly_decrease
20260911,012450,한화에어로스페이스,supply_contract,단일판매ㆍ공급계약체결(자율공시)              ,positive,70,5,13,5,0,0.0037,0.0194,success,positive_signal_confirmed,"The prediction direction `positive` was consistent with the actual next close return of 1.94%. The event type was `supply_contract`, event score was 70.00, news sentiment score was 13.00, and news attention score was 5.00.",This event pattern can be treated as a useful reference case for future predictions.,Maintain current rule weight for this pattern and use it as a positive reference sample.,increase
20260911,028050,삼성E&A,supply_contract,단일판매ㆍ공급계약체결              ,positive,70,5,15,5,1,-0.0176,-0.0157,failure,general_prediction_failure,"The prediction direction was `positive`, but the actual next close return was -1.57%. The event type was `supply_contract` with event score 70.00. The disclosure title was `단일판매ㆍ공급계약체결              `.",The current rule set was not sufficient to explain the actual price reaction.,"Add more features such as market index return, trading volume, and sector movement.",slightly_decrease
